match_id,date,season,home_team,away_team,home_goals,away_goals,home_pi_home_pre,away_pi_away_pre,pi_expected_gd_pre
7089875,2016-08-13,2016-2017,Hull City,Leicester City,2,1,0.0,0.0,0.20285
7089879,2016-08-13,2016-2017,Southampton,Watford,1,1,0.0,0.0,0.20285
7089876,2016-08-13,2016-2017,Everton,Tottenham Hotspur,1,1,0.0,0.0,0.20285
7089880,2016-08-13,2016-2017,Middlesbrough,Stoke City,1,1,0.0,0.0,0.20285
7089874,2016-08-13,2016-2017,Crystal Palace,West Bromwich Albion,0,1,0.0,0.0,0.20285
7089878,2016-08-13,2016-2017,Burnley,Swansea City,0,1,0.0,0.0,0.20285
7089877,2016-08-13,2016-2017,Manchester City,Sunderland,2,1,0.0,0.0,0.20285
7089873,2016-08-14,2016-2017,Bournemouth,Manchester United,1,3,0.0,0.0,0.20285
7089871,2016-08-14,2016-2017,Arsenal,Liverpool,3,4,0.0,0.0,0.20285
7089872,2016-08-15,2016-2017,Chelsea,West Ham United,2,1,0.0,0.0,0.20285
7090014,2016-08-19,2016-2017,Manchester United,Southampton,2,0,0.04852,-0.00704,0.25841
7090031,2016-08-20,2016-2017,Stoke City,Manchester City,1,4,0.00704,0.02565,0.18424
7090015,2016-08-20,2016-2017,Swansea City,Hull City,0,2,0.03532,0.02565,0.21251
7090016,2016-08-20,2016-2017,West Bromwich Albion,Everton,1,2,0.03532,-0.00704,0.24521
7090382,2016-08-20,2016-2017,Burnley,Liverpool,2,0,-0.03571,0.03571,0.13143
7090030,2016-08-20,2016-2017,Tottenham Hotspur,Crystal Palace,1,0,0.00704,-0.03532,0.24521
7090019,2016-08-20,2016-2017,Watford,Chelsea,1,2,0.00704,0.02565,0.18424
7090013,2016-08-20,2016-2017,Leicester City,Arsenal,0,0,-0.02565,-0.03532,0.21251
7090017,2016-08-21,2016-2017,Sunderland,Middlesbrough,1,2,-0.02565,-0.00704,0.18424
7090018,2016-08-21,2016-2017,West Ham United,Bournemouth,1,0,-0.02565,-0.04852,0.22571
7090025,2016-08-27,2016-2017,Tottenham Hotspur,Liverpool,1,1,0.0318,-0.01029,0.24494
7090026,2016-08-27,2016-2017,Watford,Arsenal,1,3,-0.02828,-0.02786,0.20243
7090021,2016-08-27,2016-2017,Chelsea,Burnley,3,0,0.06088,0.00978,0.25394
7090029,2016-08-27,2016-2017,Everton,Stoke City,1,0,0.02905,-0.04584,0.27773
7090024,2016-08-27,2016-2017,Crystal Palace,Bournemouth,1,1,-0.0602,-0.07382,0.21648
7090022,2016-08-27,2016-2017,Southampton,Sunderland,1,1,-0.05114,-0.06059,0.2123
7090023,2016-08-27,2016-2017,Leicester City,Swansea City,2,1,-0.03311,-0.01327,0.18301
7090027,2016-08-27,2016-2017,Hull City,Manchester United,0,1,0.07453,0.09255,0.18483
7090020,2016-08-28,2016-2017,West Bromwich Albion,Middlesbrough,0,0,-0.00125,0.02828,0.17332
7090028,2016-08-28,2016-2017,Manchester City,West Ham United,3,1,0.07882,-0.00063,0.2823
7090039,2016-09-10,2016-2017,Manchester United,Manchester City,1,2,0.12798,0.12255,0.20828
7090037,2016-09-10,2016-2017,Arsenal,Southampton,2,1,0.02018,-0.05852,0.28154
7090041,2016-09-10,2016-2017,Burnley,Hull City,1,1,-0.04125,0.03958,0.12202
7090032,2016-09-10,2016-2017,West Ham United,Watford,2,4,-0.04407,-0.07679,0.23557
7090035,2016-09-10,2016-2017,Stoke City,Tottenham Hotspur,0,4,-0.07,0.02332,0.10954
7090036,2016-09-10,2016-2017,Bournemouth,West Bromwich Albion,1,0,-0.06658,-0.00727,0.14355
7090034,2016-09-10,2016-2017,Middlesbrough,Crystal Palace,1,2,0.03384,-0.06771,0.3044
7090038,2016-09-10,2016-2017,Liverpool,Leicester City,4,1,-0.00169,-0.00692,0.20808
7090040,2016-09-11,2016-2017,Swansea City,Chelsea,2,2,-0.04,0.11241,0.05044
7090033,2016-09-12,2016-2017,Sunderland,Everton,0,3,-0.05361,0.05262,0.09662
7090047,2016-09-16,2016-2017,Chelsea,Liverpool,1,2,0.11474,0.05002,0.26757
7090045,2016-09-17,2016-2017,West Bromwich Albion,West Ham United,4,2,-0.03458,-0.09284,0.26111
7090046,2016-09-17,2016-2017,Manchester City,Bournemouth,4,0,0.15846,-0.03933,0.40064
7090048,2016-09-17,2016-2017,Hull City,Arsenal,1,4,0.04344,0.04365,0.20264
7090050,2016-09-17,2016-2017,Leicester City,Burnley,3,0,-0.05834,-0.04551,0.19002
7090049,2016-09-17,2016-2017,Everton,Middlesbrough,3,1,0.10554,-0.00345,0.31185
7090051,2016-09-18,2016-2017,Watford,Manchester United,3,1,-0.02858,0.09255,0.08172
7090044,2016-09-18,2016-2017,Crystal Palace,Stoke City,4,1,-0.03049,-0.12415,0.29651
7090042,2016-09-18,2016-2017,Southampton,Swansea City,1,0,-0.08205,-0.04176,0.16256
7090043,2016-09-18,2016-2017,Tottenham Hotspur,Sunderland,1,0,0.07738,-0.10627,0.38651
7090058,2016-09-24,2016-2017,Manchester United,Leicester City,4,1,0.04614,-0.00657,0.25556
7090052,2016-09-24,2016-2017,Stoke City,West Bromwich Albion,1,1,-0.17612,0.0094,0.01733
7090061,2016-09-24,2016-2017,Bournemouth,Everton,1,0,-0.09267,0.14889,-0.03871
7090059,2016-09-24,2016-2017,Swansea City,Manchester City,1,3,-0.06852,0.2121,-0.07777
7090055,2016-09-24,2016-2017,Sunderland,Crystal Palace,2,3,-0.12725,0.02088,0.05472
7090056,2016-09-24,2016-2017,Middlesbrough,Tottenham Hotspur,1,2,-0.04722,0.09778,0.05785
7090054,2016-09-24,2016-2017,Liverpool,Hull City,5,1,0.0872,-0.00948,0.29953
7090060,2016-09-24,2016-2017,Arsenal,Chelsea,3,0,0.09682,0.07814,0.22154
7090053,2016-09-25,2016-2017,West Ham United,Southampton,0,3,-0.13737,-0.05532,0.1208
7090057,2016-09-26,2016-2017,Burnley,Watford,2,0,-0.09732,0.01744,0.08808
7090063,2016-09-30,2016-2017,Everton,Crystal Palace,1,1,0.11763,0.05335,0.26713
7090066,2016-10-01,2016-2017,Swansea City,Liverpool,1,2,-0.11509,0.14096,-0.0532
7090069,2016-10-01,2016-2017,Watford,Bournemouth,2,2,-0.028,-0.06093,0.23578
7090065,2016-10-01,2016-2017,Sunderland,West Bromwich Albion,1,1,-0.15972,0.01002,0.03311
7090068,2016-10-01,2016-2017,Hull City,Chelsea,0,2,-0.06384,0.0259,0.11311
7090062,2016-10-01,2016-2017,West Ham United,Middlesbrough,1,1,-0.19068,-0.07941,0.09158
7090067,2016-10-02,2016-2017,Manchester United,Stoke City,1,1,0.09825,-0.17672,0.47782
7090070,2016-10-02,2016-2017,Leicester City,Southampton,0,0,-0.05751,-0.002,0.14734
7090064,2016-10-02,2016-2017,Tottenham Hotspur,Manchester City,2,0,0.13018,0.25866,0.07437
7090071,2016-10-02,2016-2017,Burnley,Arsenal,0,1,-0.05086,0.14848,0.0035
7090079,2016-10-15,2016-2017,Chelsea,Leicester City,3,0,0.07389,-0.06265,0.33939
7090073,2016-10-15,2016-2017,Manchester City,Everton,1,1,0.21266,0.10838,0.30713
7090081,2016-10-15,2016-2017,Stoke City,Sunderland,2,0,-0.16055,-0.16088,0.20318
7090075,2016-10-15,2016-2017,Arsenal,Swansea City,3,2,0.17998,-0.14463,0.52745
7090072,2016-10-15,2016-2017,West Bromwich Albion,Tottenham Hotspur,1,1,0.01166,0.17627,0.03824
7090078,2016-10-15,2016-2017,Bournemouth,Hull City,6,1,-0.0524,-0.11165,0.2621
7090074,2016-10-15,2016-2017,Crystal Palace,West Ham United,0,1,0.06279,-0.19387,0.45951
7090076,2016-10-16,2016-2017,Middlesbrough,Watford,0,1,-0.07657,-0.03618,0.16246
7090077,2016-10-16,2016-2017,Southampton,Burnley,3,1,0.00284,-0.08179,0.28748
7090080,2016-10-17,2016-2017,Liverpool,Manchester United,0,0,0.17111,0.08206,0.2919
7090122,2016-10-22,2016-2017,Bournemouth,Tottenham Hotspur,0,0,0.00268,0.17762,0.02791
7090102,2016-10-22,2016-2017,Burnley,Everton,2,1,-0.12579,0.11909,-0.04203
7090109,2016-10-22,2016-2017,Swansea City,Watford,0,0,-0.16097,-0.00132,0.04319
7090123,2016-10-22,2016-2017,West Ham United,Sunderland,1,0,-0.1539,-0.20606,0.25501
7090098,2016-10-22,2016-2017,Hull City,Stoke City,0,2,-0.16666,-0.11586,0.15205
7090116,2016-10-22,2016-2017,Arsenal,Middlesbrough,0,0,0.19617,-0.11105,0.51007
7090119,2016-10-22,2016-2017,Leicester City,Crystal Palace,3,1,-0.11387,0.02278,0.06619
7090096,2016-10-22,2016-2017,Liverpool,West Bromwich Albion,2,1,0.16092,0.01032,0.35346
7090088,2016-10-23,2016-2017,Manchester City,Southampton,1,1,0.20196,0.0465,0.3583
7090092,2016-10-23,2016-2017,Chelsea,Manchester United,4,0,0.12563,0.09224,0.23624
7090090,2016-10-29,2016-2017,Sunderland,Arsenal,1,4,-0.22979,0.17896,-0.2059
7090107,2016-10-29,2016-2017,Tottenham Hotspur,Leicester City,1,1,0.17909,-0.06771,0.44965
7090095,2016-10-29,2016-2017,Watford,Hull City,1,0,-0.00027,-0.21478,0.41736
7090087,2016-10-29,2016-2017,Middlesbrough,Bournemouth,2,0,-0.09424,0.0017,0.10691
7090110,2016-10-29,2016-2017,Manchester United,Burnley,0,0,0.03812,-0.09397,0.33493
7090085,2016-10-29,2016-2017,West Bromwich Albion,Manchester City,0,4,-0.01106,0.18966,0.00212
7090097,2016-10-29,2016-2017,Crystal Palace,Liverpool,2,4,-0.02383,0.1823,-0.00328
7090127,2016-10-30,2016-2017,Everton,West Ham United,2,0,0.08705,-0.12968,0.41959
7090100,2016-10-30,2016-2017,Southampton,Chelsea,0,2,0.05928,0.17947,0.08266
7090118,2016-10-31,2016-2017,Stoke City,Swansea City,3,1,-0.06724,-0.16248,0.29809
7090121,2016-11-05,2016-2017,West Ham United,Stoke City,1,1,-0.17129,-0.02371,0.05528
7090130,2016-11-05,2016-2017,Burnley,Crystal Palace,3,2,-0.0821,-0.07062,0.19137
7090084,2016-11-05,2016-2017,Bournemouth,Sunderland,1,2,-0.04405,-0.28152,0.44031
7090083,2016-11-05,2016-2017,Manchester City,Middlesbrough,1,1,0.2436,-0.04848,0.49493
7090106,2016-11-05,2016-2017,Chelsea,Everton,5,0,0.22763,0.12892,0.30156
7090156,2016-11-06,2016-2017,Arsenal,Tottenham Hotspur,1,1,0.23049,0.16381,0.26954
7090113,2016-11-06,2016-2017,Hull City,Southampton,2,1,-0.23477,0.01172,-0.04364
7090108,2016-11-06,2016-2017,Liverpool,Watford,6,1,0.22932,0.01918,0.41298
7090157,2016-11-06,2016-2017,Swansea City,Manchester United,1,3,-0.20602,0.02659,-0.02977
7090126,2016-11-06,2016-2017,Leicester City,West Bromwich Albion,1,2,-0.05191,-0.06514,0.21608
7090112,2016-11-19,2016-2017,Manchester United,Arsenal,1,1,0.073,0.22118,0.05467
7090103,2016-11-19,2016-2017,Everton,Swansea City,1,1,0.07492,-0.25256,0.53033
7090125,2016-11-19,2016-2017,Sunderland,Hull City,3,0,-0.24239,-0.20291,0.16337
7090129,2016-11-19,2016-2017,Crystal Palace,Manchester City,1,2,-0.0971,0.22688,-0.12113
7090099,2016-11-19,2016-2017,Stoke City,Bournemouth,0,1,-0.0213,-0.08375,0.2653
7090082,2016-11-19,2016-2017,Southampton,Liverpool,0,0,-0.02066,0.28374,-0.10155
7090161,2016-11-19,2016-2017,Watford,Leicester City,2,1,-0.03503,-0.0875,0.25532
7090114,2016-11-19,2016-2017,Tottenham Hotspur,West Ham United,3,2,0.17296,-0.17322,0.54903
7090131,2016-11-20,2016-2017,Middlesbrough,Chelsea,0,1,-0.03125,0.28209,-0.11049
7090101,2016-11-21,2016-2017,West Bromwich Albion,Burnley,4,0,-0.03015,-0.05613,0.22883
7090132,2016-11-26,2016-2017,Burnley,Manchester City,1,2,-0.10969,0.25502,-0.16186
7090115,2016-11-26,2016-2017,Hull City,West Bromwich Albion,1,1,-0.25443,0.02371,-0.07529
7090188,2016-11-26,2016-2017,Swansea City,Crystal Palace,5,4,-0.23523,-0.12492,0.09254
7090117,2016-11-26,2016-2017,Leicester City,Middlesbrough,2,2,-0.11209,-0.05935,0.15011
7090128,2016-11-26,2016-2017,Liverpool,Sunderland,2,0,0.2808,-0.1905,0.67416
7090089,2016-11-26,2016-2017,Chelsea,Tottenham Hotspur,2,1,0.3108,0.18828,0.32536
7090135,2016-11-27,2016-2017,Watford,Stoke City,0,1,-0.01055,-0.05786,0.25016
7090111,2016-11-27,2016-2017,Arsenal,Bournemouth,3,1,0.22298,-0.04679,0.47262
7090150,2016-11-27,2016-2017,Southampton,Everton,1,0,-0.01708,0.05707,0.12869
7090104,2016-11-27,2016-2017,Manchester United,West Ham United,1,1,0.07107,-0.18872,0.46264
7090091,2016-12-03,2016-2017,Manchester City,Chelsea,1,3,0.28127,0.33299,0.15113
7090175,2016-12-03,2016-2017,Tottenham Hotspur,Swansea City,5,0,0.16626,-0.20667,0.57577
7090120,2016-12-03,2016-2017,Crystal Palace,Southampton,3,0,-0.15379,0.01054,0.03851
7090166,2016-12-03,2016-2017,West Bromwich Albion,Watford,3,1,0.02167,-0.04682,0.27134
7090105,2016-12-03,2016-2017,Stoke City,Burnley,2,0,-0.022,-0.13646,0.3173
7090094,2016-12-03,2016-2017,Sunderland,Leicester City,2,1,-0.22764,-0.11732,0.09253
7090172,2016-12-03,2016-2017,West Ham United,Arsenal,1,5,-0.17286,0.26406,-0.23407
7090086,2016-12-04,2016-2017,Bournemouth,Liverpool,4,3,-0.08871,0.31849,-0.20435
7090124,2016-12-04,2016-2017,Everton,Manchester United,1,1,0.02926,0.05537,0.17673
7090093,2016-12-05,2016-2017,Middlesbrough,Hull City,1,0,-0.05444,-0.25181,0.40023
7090151,2016-12-10,2016-2017,Watford,Everton,3,2,-0.09108,0.02311,0.08865
7090177,2016-12-10,2016-2017,Arsenal,Stoke City,3,1,0.31836,0.02128,0.49993
7090160,2016-12-10,2016-2017,Burnley,Bournemouth,3,2,-0.18002,-0.05336,0.07619
7090143,2016-12-10,2016-2017,Swansea City,Sunderland,3,0,-0.26071,-0.19909,0.14123
7090181,2016-12-10,2016-2017,Hull City,Crystal Palace,3,3,-0.27175,-0.10151,0.03261
7090180,2016-12-10,2016-2017,Leicester City,Manchester City,4,2,-0.14593,0.23316,-0.17624
7090164,2016-12-11,2016-2017,Chelsea,West Bromwich Albion,1,0,0.38136,0.06553,0.51868
7090149,2016-12-11,2016-2017,Southampton,Middlesbrough,1,0,-0.04143,-0.03446,0.19588
7090138,2016-12-11,2016-2017,Manchester United,Tottenham Hotspur,1,0,0.06134,0.2206,0.04359
7090141,2016-12-11,2016-2017,Liverpool,West Ham United,2,2,0.28357,-0.22671,0.71313
7090159,2016-12-13,2016-2017,Bournemouth,Leicester City,1,0,-0.08194,-0.09762,0.21853
7090167,2016-12-13,2016-2017,Everton,Arsenal,2,1,-0.00561,0.35902,-0.16178
7090137,2016-12-14,2016-2017,Sunderland,Chelsea,0,1,-0.25071,0.39766,-0.44552
7090165,2016-12-14,2016-2017,West Ham United,Burnley,1,0,-0.204,-0.15105,0.14991
7090136,2016-12-14,2016-2017,Middlesbrough,Liverpool,0,3,-0.06009,0.26025,-0.11749
7090187,2016-12-14,2016-2017,Tottenham Hotspur,Hull City,3,0,0.19143,-0.27289,0.66717
7090168,2016-12-14,2016-2017,West Bromwich Albion,Swansea City,3,1,0.04973,-0.20877,0.46134
7090173,2016-12-14,2016-2017,Stoke City,Southampton,0,0,-0.0189,-0.0156,0.19955
7090133,2016-12-14,2016-2017,Manchester City,Watford,2,0,0.1843,-0.06243,0.44958
7090171,2016-12-14,2016-2017,Crystal Palace,Manchester United,1,2,-0.09979,0.09113,0.01194
7090179,2016-12-17,2016-2017,Crystal Palace,Chelsea,0,1,-0.13125,0.41645,-0.34485
7090147,2016-12-17,2016-2017,Middlesbrough,Swansea City,3,0,-0.1127,-0.25047,0.34062
7090158,2016-12-17,2016-2017,Sunderland,Watford,1,0,-0.26951,-0.10432,0.03766
7090163,2016-12-17,2016-2017,West Ham United,Hull City,1,0,-0.17662,-0.32286,0.34909
7090139,2016-12-17,2016-2017,Stoke City,Leicester City,2,2,-0.02591,-0.12313,0.30007
7090193,2016-12-17,2016-2017,West Bromwich Albion,Manchester United,0,2,0.09144,0.12259,0.17169
7090190,2016-12-18,2016-2017,Bournemouth,Southampton,1,3,-0.05643,-0.00859,0.15501
7090214,2016-12-18,2016-2017,Tottenham Hotspur,Burnley,2,1,0.2414,-0.17843,0.62268
7090142,2016-12-18,2016-2017,Manchester City,Arsenal,2,1,0.22619,0.32417,0.10487
7090185,2016-12-19,2016-2017,Everton,Liverpool,0,1,0.02924,0.31287,-0.08077
7090134,2016-12-26,2016-2017,Watford,Crystal Palace,1,1,-0.13346,-0.15288,0.22226
7090169,2016-12-26,2016-2017,Manchester United,Sunderland,3,1,0.17086,-0.23958,0.61328
7090186,2016-12-26,2016-2017,Leicester City,Everton,0,2,-0.11196,0.00038,0.09051
7090170,2016-12-26,2016-2017,Arsenal,West Bromwich Albion,1,0,0.29676,0.04315,0.45646
7090148,2016-12-26,2016-2017,Burnley,Middlesbrough,1,0,-0.19072,-0.06152,0.07365
7090162,2016-12-26,2016-2017,Chelsea,Bournemouth,3,0,0.43805,-0.10459,0.74548
7090230,2016-12-26,2016-2017,Swansea City,West Ham United,1,4,-0.3006,-0.15512,0.05738
7090183,2016-12-26,2016-2017,Hull City,Manchester City,0,3,-0.34382,0.25443,-0.39539
7090182,2016-12-27,2016-2017,Liverpool,Stoke City,4,1,0.34089,-0.03626,0.58
7090144,2016-12-28,2016-2017,Southampton,Tottenham Hotspur,1,4,0.03978,0.25432,-0.01169
7090145,2016-12-30,2016-2017,Hull City,Everton,2,2,-0.39531,0.04853,-0.24099
7090189,2016-12-31,2016-2017,Chelsea,Stoke City,4,2,0.48748,-0.08677,0.7771
7090146,2016-12-31,2016-2017,Leicester City,West Ham United,1,0,-0.16011,-0.10198,0.14472
7090176,2016-12-31,2016-2017,Burnley,Sunderland,4,1,-0.16136,-0.2788,0.32028
7090286,2016-12-31,2016-2017,Manchester United,Middlesbrough,2,1,0.21007,-0.09088,0.5038
7090229,2016-12-31,2016-2017,Southampton,West Bromwich Albion,1,2,-0.01317,0.0247,0.16498
7090285,2016-12-31,2016-2017,Swansea City,Bournemouth,0,3,-0.35375,-0.15402,0.00313
7090140,2016-12-31,2016-2017,Liverpool,Manchester City,1,0,0.3914,0.30592,0.28834
7090174,2017-01-01,2016-2017,Watford,Tottenham Hotspur,1,4,-0.14125,0.30727,-0.24567
7090184,2017-01-01,2016-2017,Arsenal,Crystal Palace,2,0,0.31521,-0.14508,0.66314
7090178,2017-01-02,2016-2017,Middlesbrough,Leicester City,0,0,-0.10676,-0.13289,0.22899
7090228,2017-01-02,2016-2017,Everton,Southampton,3,0,0.03934,-0.0477,0.28989
7090199,2017-01-02,2016-2017,West Bromwich Albion,Hull City,3,1,0.05891,-0.38696,0.64871
7090224,2017-01-02,2016-2017,Sunderland,Liverpool,2,2,-0.32929,0.41466,-0.54111
7090236,2017-01-02,2016-2017,Manchester City,Burnley,2,1,0.2824,-0.11011,0.59536
7090200,2017-01-02,2016-2017,West Ham United,Manchester United,0,2,-0.12953,0.22683,-0.15351
7090213,2017-01-03,2016-2017,Bournemouth,Arsenal,3,3,-0.1016,0.35311,-0.25186
7090220,2017-01-03,2016-2017,Crystal Palace,Swansea City,1,2,-0.18331,-0.40615,0.42569
7090226,2017-01-03,2016-2017,Stoke City,Watford,2,0,-0.12205,-0.19282,0.27362
7090284,2017-01-04,2016-2017,Tottenham Hotspur,Chelsea,2,0,0.3584,0.5232,0.03805
7090219,2017-01-14,2016-2017,Tottenham Hotspur,West Bromwich Albion,4,0,0.40537,0.09707,0.51114
7090208,2017-01-14,2016-2017,Sunderland,Stoke City,1,3,-0.31092,-0.07822,-0.02984
7090283,2017-01-14,2016-2017,Swansea City,Arsenal,0,4,-0.36729,0.34429,-0.50873
7090221,2017-01-14,2016-2017,West Ham United,Crystal Palace,3,0,-0.17528,-0.22277,0.25033
7090204,2017-01-14,2016-2017,Watford,Middlesbrough,0,0,-0.23723,-0.11471,0.08033
7090245,2017-01-14,2016-2017,Burnley,Southampton,1,0,-0.12335,-0.09966,0.17916
7090211,2017-01-14,2016-2017,Hull City,Bournemouth,3,1,-0.42503,-0.09288,-0.1293
7090222,2017-01-14,2016-2017,Leicester City,Chelsea,0,3,-0.12466,0.47623,-0.39804
7090215,2017-01-15,2016-2017,Everton,Manchester City,4,0,0.0913,0.29622,-0.00207
7090210,2017-01-15,2016-2017,Manchester United,Liverpool,1,1,0.27227,0.39629,0.07884
7090218,2017-01-21,2016-2017,Liverpool,Swansea City,2,3,0.39951,-0.42075,1.02311
7090209,2017-01-21,2016-2017,Crystal Palace,Everton,0,1,-0.27475,0.14537,-0.21727
7090207,2017-01-21,2016-2017,Middlesbrough,West Ham United,1,3,-0.11198,-0.12373,0.2146
7090198,2017-01-21,2016-2017,Stoke City,Manchester United,1,1,-0.0312,0.26953,-0.09788
7090216,2017-01-21,2016-2017,West Bromwich Albion,Sunderland,2,0,0.04402,-0.35745,0.60432
7090217,2017-01-21,2016-2017,Bournemouth,Watford,2,2,-0.14073,-0.24003,0.30215
7090197,2017-01-21,2016-2017,Manchester City,Tottenham Hotspur,2,2,0.2423,0.45883,-0.01368
7090241,2017-01-22,2016-2017,Southampton,Leicester City,3,0,-0.12578,-0.17557,0.25265
7090203,2017-01-22,2016-2017,Arsenal,Burnley,2,1,0.39829,-0.09707,0.69821
7090238,2017-01-22,2016-2017,Chelsea,Hull City,2,0,0.52807,-0.37709,1.10801
7090361,2017-01-31,2016-2017,Burnley,Leicester City,1,0,-0.10717,-0.22769,0.32336
7090242,2017-01-31,2016-2017,Bournemouth,Crystal Palace,0,2,-0.15127,-0.30001,0.3516
7090205,2017-01-31,2016-2017,Middlesbrough,West Bromwich Albion,1,1,-0.16113,0.08295,-0.04123
7090192,2017-01-31,2016-2017,Swansea City,Southampton,2,1,-0.37433,-0.07424,-0.09724
7090343,2017-01-31,2016-2017,Arsenal,Watford,1,2,0.40881,-0.2295,0.84116
7090212,2017-01-31,2016-2017,Sunderland,Tottenham Hotspur,0,0,-0.39691,0.45835,-0.6524
7090243,2017-01-31,2016-2017,Liverpool,Chelsea,1,1,0.35195,0.55623,-0.00142
7090202,2017-02-01,2016-2017,West Ham United,Manchester City,0,4,-0.07456,0.24277,-0.11448
7090206,2017-02-01,2016-2017,Stoke City,Everton,1,1,-0.02775,0.17091,0.0042
7090235,2017-02-01,2016-2017,Manchester United,Hull City,0,0,0.26608,-0.40557,0.8745
7090369,2017-02-04,2016-2017,Chelsea,Arsenal,3,1,0.55649,0.36362,0.39572
7090196,2017-02-04,2016-2017,West Bromwich Albion,Stoke City,1,0,0.08196,-0.02789,0.3127
7090194,2017-02-04,2016-2017,Hull City,Liverpool,2,0,-0.377,0.35201,-0.52616
7090386,2017-02-04,2016-2017,Everton,Bournemouth,6,3,0.17138,-0.20081,0.57504
7090195,2017-02-04,2016-2017,Southampton,West Ham United,1,3,-0.10674,-0.12852,0.22464
7090234,2017-02-04,2016-2017,Crystal Palace,Sunderland,0,4,-0.25075,-0.37536,0.32746
7090237,2017-02-04,2016-2017,Watford,Burnley,2,1,-0.18445,-0.08492,0.10332
7090232,2017-02-04,2016-2017,Tottenham Hotspur,Middlesbrough,1,0,0.43741,-0.15968,0.79994
7090246,2017-02-05,2016-2017,Manchester City,Swansea City,2,1,0.29675,-0.34125,0.84085
7090256,2017-02-05,2016-2017,Leicester City,Manchester United,0,3,-0.24993,0.23837,-0.28545
7090362,2017-02-11,2016-2017,Arsenal,Hull City,2,0,0.32091,-0.32647,0.85023
7090244,2017-02-11,2016-2017,West Ham United,West Bromwich Albion,2,2,-0.08045,0.10452,0.01789
7090231,2017-02-11,2016-2017,Sunderland,Southampton,0,4,-0.32082,-0.15542,0.03745
7090191,2017-02-11,2016-2017,Stoke City,Crystal Palace,1,0,-0.05046,-0.30504,0.45743
7090255,2017-02-11,2016-2017,Manchester United,Watford,2,0,0.28947,-0.15616,0.64848
7090240,2017-02-11,2016-2017,Middlesbrough,Everton,0,0,-0.16662,0.22136,-0.18513
7090239,2017-02-11,2016-2017,Liverpool,Tottenham Hotspur,2,0,0.30147,0.44435,0.05997
7090375,2017-02-12,2016-2017,Burnley,Chelsea,1,1,-0.11295,0.5987,-0.5088
7090233,2017-02-12,2016-2017,Swansea City,Leicester City,2,0,-0.34643,-0.30134,0.15777
7090227,2017-02-13,2016-2017,Bournemouth,Manchester City,0,2,-0.25134,0.3023,-0.35079
7090388,2017-02-25,2016-2017,Chelsea,Swansea City,3,1,0.58201,-0.30123,1.08609
7090292,2017-02-25,2016-2017,West Bromwich Albion,Bournemouth,2,1,0.1054,-0.29417,0.60242
7090364,2017-02-25,2016-2017,Everton,Sunderland,2,0,0.21549,-0.37492,0.79326
7090291,2017-02-25,2016-2017,Hull City,Burnley,1,1,-0.36012,-0.0958,-0.06147
7090223,2017-02-25,2016-2017,Crystal Palace,Middlesbrough,1,0,-0.32387,-0.16019,0.03916
7090278,2017-02-25,2016-2017,Watford,West Ham United,1,1,-0.19402,-0.08106,0.08989
7090225,2017-02-26,2016-2017,Tottenham Hotspur,Stoke City,4,0,0.3982,-0.03224,0.63329
7090259,2017-02-27,2016-2017,Leicester City,Liverpool,3,1,-0.34711,0.34769,-0.49196
7090357,2017-03-04,2016-2017,Manchester United,Bournemouth,1,1,0.32806,-0.30791,0.83882
7090270,2017-03-04,2016-2017,Watford,Southampton,3,4,-0.19719,-0.10072,0.10638
7090280,2017-03-04,2016-2017,Stoke City,Middlesbrough,2,0,-0.0853,-0.19041,0.30796
7090376,2017-03-04,2016-2017,Leicester City,Hull City,3,1,-0.29619,-0.35798,0.26464
7090265,2017-03-04,2016-2017,West Bromwich Albion,Crystal Palace,0,2,0.11914,-0.29398,0.61597
7090290,2017-03-04,2016-2017,Swansea City,Burnley,3,2,-0.32944,-0.09796,-0.02863
7090271,2017-03-04,2016-2017,Liverpool,Arsenal,3,1,0.29786,0.35512,0.14558
7090345,2017-03-05,2016-2017,Tottenham Hotspur,Everton,3,2,0.45205,0.25088,0.40402
7090252,2017-03-05,2016-2017,Sunderland,Manchester City,0,2,-0.41093,0.3456,-0.55368
7090289,2017-03-06,2016-2017,West Ham United,Chelsea,1,2,-0.07794,0.61072,-0.48582
7090263,2017-03-08,2016-2017,Manchester City,Stoke City,0,0,0.38498,-0.04191,0.62974
7090281,2017-03-11,2016-2017,Everton,West Bromwich Albion,3,0,0.23142,0.06816,0.36612
7090282,2017-03-11,2016-2017,Hull City,Swansea City,2,1,-0.4019,-0.29794,0.09889
7090266,2017-03-11,2016-2017,Bournemouth,West Ham United,3,2,-0.28146,-0.09528,0.01666
7090012,2017-03-12,2016-2017,Liverpool,Burnley,2,1,0.3437,-0.12983,0.67638
7090251,2017-03-18,2016-2017,West Bromwich Albion,Arsenal,3,1,0.01654,0.30928,-0.0899
7090373,2017-03-18,2016-2017,Everton,Hull City,4,0,0.28305,-0.3735,0.85941
7090272,2017-03-18,2016-2017,Sunderland,Burnley,0,0,-0.45116,-0.14109,-0.10722
7090279,2017-03-18,2016-2017,Stoke City,Chelsea,1,2,-0.02055,0.62825,-0.44594
7090262,2017-03-18,2016-2017,Crystal Palace,Watford,1,0,-0.24267,-0.23046,0.19064
7090301,2017-03-18,2016-2017,West Ham United,Leicester City,2,3,-0.12591,-0.25225,0.3292
7090360,2017-03-18,2016-2017,Bournemouth,Swansea City,2,0,-0.25069,-0.32665,0.27881
7090300,2017-03-19,2016-2017,Middlesbrough,Manchester United,1,3,-0.2334,0.30128,-0.33183
7090257,2017-03-19,2016-2017,Tottenham Hotspur,Southampton,2,1,0.47213,-0.06707,0.74206
7090264,2017-03-19,2016-2017,Manchester City,Liverpool,1,1,0.36387,0.35483,0.21189
7090275,2017-04-01,2016-2017,Liverpool,Everton,3,1,0.36231,0.33582,0.22934
7090276,2017-04-01,2016-2017,Watford,Sunderland,1,0,-0.25682,-0.44742,0.39345
7090277,2017-04-01,2016-2017,Manchester United,West Bromwich Albion,0,0,0.34407,0.06415,0.48277
7090389,2017-04-01,2016-2017,Chelsea,Crystal Palace,1,2,0.64696,-0.21669,1.06649
7090260,2017-04-01,2016-2017,Hull City,West Ham United,2,1,-0.42596,-0.16367,-0.05944
7090254,2017-04-01,2016-2017,Burnley,Tottenham Hotspur,0,2,-0.14413,0.48105,-0.42233
7090294,2017-04-01,2016-2017,Leicester City,Stoke City,2,0,-0.214,-0.03912,0.02798
7090287,2017-04-01,2016-2017,Southampton,Bournemouth,0,0,-0.0775,-0.20692,0.33227
7090299,2017-04-02,2016-2017,Swansea City,Middlesbrough,0,0,-0.36975,-0.2765,0.1096
7090387,2017-04-02,2016-2017,Arsenal,Manchester City,2,2,0.26255,0.35652,0.10888
7090268,2017-04-04,2016-2017,Watford,West Bromwich Albion,2,0,-0.23642,0.08067,-0.11424
7090250,2017-04-04,2016-2017,Burnley,Stoke City,1,0,-0.18642,-0.08619,0.10262
7090258,2017-04-04,2016-2017,Leicester City,Sunderland,2,0,-0.16693,-0.46782,0.50374
7090269,2017-04-04,2016-2017,Manchester United,Everton,1,1,0.32755,0.29095,0.23945
7090348,2017-04-05,2016-2017,Swansea City,Tottenham Hotspur,1,3,-0.37361,0.52335,-0.69411
7090390,2017-04-05,2016-2017,Hull City,Middlesbrough,4,2,-0.39338,-0.27263,0.08211
7090295,2017-04-05,2016-2017,Southampton,Crystal Palace,3,1,-0.08906,-0.16874,0.28254
7090374,2017-04-05,2016-2017,Arsenal,West Ham United,3,0,0.25872,-0.19625,0.65782
7090247,2017-04-05,2016-2017,Chelsea,Manchester City,2,1,0.59901,0.36036,0.44151
7090274,2017-04-05,2016-2017,Liverpool,Bournemouth,2,2,0.40719,-0.19537,0.8054
7090302,2017-04-08,2016-2017,Tottenham Hotspur,Watford,4,0,0.56031,-0.1886,0.95176
7090267,2017-04-08,2016-2017,West Ham United,Swansea City,1,0,-0.24579,-0.41094,0.368
7090311,2017-04-08,2016-2017,Stoke City,Liverpool,1,2,-0.11418,0.3813,-0.29263
7090296,2017-04-08,2016-2017,West Bromwich Albion,Southampton,0,1,0.0332,-0.04533,0.28139
7090333,2017-04-08,2016-2017,Middlesbrough,Burnley,0,0,-0.31916,-0.15812,0.04181
7090310,2017-04-08,2016-2017,Manchester City,Hull City,3,1,0.34152,-0.34737,0.89174
7090365,2017-04-08,2016-2017,Bournemouth,Chelsea,1,3,-0.16912,0.61773,-0.58401
7090261,2017-04-09,2016-2017,Sunderland,Manchester United,0,3,-0.50816,0.31926,-0.62456
7090377,2017-04-09,2016-2017,Everton,Leicester City,4,2,0.30033,-0.12634,0.62952
7090249,2017-04-10,2016-2017,Crystal Palace,Arsenal,3,0,-0.21271,0.3082,-0.31805
7090298,2017-04-15,2016-2017,Tottenham Hotspur,Bournemouth,4,0,0.61343,-0.20841,1.0247
7090304,2017-04-15,2016-2017,Stoke City,Hull City,3,1,-0.13758,-0.38106,0.44633
7090358,2017-04-15,2016-2017,Crystal Palace,Leicester City,2,2,-0.15895,-0.16527,0.20917
7090297,2017-04-15,2016-2017,Everton,Burnley,3,1,0.33926,-0.15664,0.69876
7090338,2017-04-15,2016-2017,Watford,Swansea City,1,0,-0.2406,-0.43211,0.39436
7090307,2017-04-15,2016-2017,Sunderland,West Ham United,2,2,-0.5584,-0.22486,-0.1307
7090326,2017-04-15,2016-2017,Southampton,Manchester City,0,3,-0.00798,0.37484,-0.17997
7090318,2017-04-16,2016-2017,West Bromwich Albion,Liverpool,0,1,-0.00408,0.4047,-0.20593
7090368,2017-04-16,2016-2017,Manchester United,Chelsea,2,0,0.36885,0.65746,-0.08576
7090308,2017-04-17,2016-2017,Middlesbrough,Arsenal,1,2,-0.32063,0.25444,-0.37222
7090335,2017-04-22,2016-2017,Bournemouth,Middlesbrough,4,0,-0.26118,-0.34145,0.28312
7090312,2017-04-22,2016-2017,West Ham United,Everton,0,0,-0.22917,0.3765,-0.40282
7090337,2017-04-22,2016-2017,Swansea City,Stoke City,2,0,-0.45244,-0.0961,-0.15349
7090313,2017-04-22,2016-2017,Hull City,Watford,2,0,-0.42165,-0.22047,0.00167
7090356,2017-04-23,2016-2017,Burnley,Manchester United,0,2,-0.19359,0.41644,-0.40718
7090353,2017-04-23,2016-2017,Liverpool,Crystal Palace,1,2,0.42973,-0.16621,0.7988
7374909,2017-04-25,2016-2017,Chelsea,Southampton,4,2,0.60964,-0.0598,0.87229
7374907,2017-04-26,2016-2017,Middlesbrough,Sunderland,1,0,-0.39546,-0.55384,0.36123
7374903,2017-04-26,2016-2017,Arsenal,Leicester City,1,0,0.27639,-0.15793,0.63717
7374906,2017-04-26,2016-2017,Crystal Palace,Tottenham Hotspur,0,1,-0.12158,0.66576,-0.58448
7374908,2017-04-27,2016-2017,Manchester City,Manchester United,0,0,0.42702,0.45895,0.17092
7090305,2017-04-29,2016-2017,West Bromwich Albion,Leicester City,0,1,-0.02993,-0.17051,0.34343
7090344,2017-04-29,2016-2017,Stoke City,West Ham United,0,0,-0.14378,-0.21541,0.27448
7090354,2017-04-29,2016-2017,Sunderland,Bournemouth,0,1,-0.57494,-0.20739,-0.1647
7090336,2017-04-29,2016-2017,Southampton,Hull City,0,0,-0.09411,-0.37486,0.4836
7090370,2017-04-29,2016-2017,Crystal Palace,Burnley,0,2,-0.13591,-0.23564,0.30258
7090385,2017-04-30,2016-2017,Manchester United,Swansea City,1,1,0.46495,-0.40431,1.07211
7090331,2017-04-30,2016-2017,Everton,Chelsea,0,3,0.36316,0.64338,-0.07737
7090339,2017-04-30,2016-2017,Middlesbrough,Manchester City,2,2,-0.37409,0.42108,-0.59232
7090334,2017-04-30,2016-2017,Tottenham Hotspur,Arsenal,2,0,0.68052,0.28883,0.59454
7090328,2017-05-01,2016-2017,Watford,Liverpool,0,1,-0.26703,0.38503,-0.44921
7090350,2017-05-05,2016-2017,West Ham United,Tottenham Hotspur,1,0,-0.20577,0.71962,-0.72254
7090323,2017-05-06,2016-2017,Manchester City,Crystal Palace,5,0,0.40127,-0.18513,0.78925
7090330,2017-05-06,2016-2017,Hull City,Sunderland,0,2,-0.35796,-0.60162,0.44651
7090371,2017-05-06,2016-2017,Burnley,West Bromwich Albion,2,2,-0.18688,-0.06795,0.08392
7090332,2017-05-06,2016-2017,Leicester City,Watford,3,0,-0.13155,-0.28551,0.35681
7090325,2017-05-06,2016-2017,Bournemouth,Stoke City,2,2,-0.18011,-0.15327,0.17601
7090315,2017-05-06,2016-2017,Swansea City,Everton,1,0,-0.37126,0.31099,-0.4794
7090341,2017-05-07,2016-2017,Liverpool,Southampton,0,0,0.403,-0.11048,0.71633
7090363,2017-05-07,2016-2017,Arsenal,Manchester United,2,0,0.24987,0.43244,0.02028
7090322,2017-05-08,2016-2017,Chelsea,Middlesbrough,3,0,0.69592,-0.35434,1.25312
7389496,2017-05-10,2016-2017,Southampton,Arsenal,0,2,-0.08726,0.29648,-0.18089
7090372,2017-05-12,2016-2017,Everton,Watford,1,0,0.27009,-0.33718,0.81011
7090314,2017-05-12,2016-2017,West Bromwich Albion,Chelsea,0,1,-0.06545,0.74001,-0.60261
7090329,2017-05-13,2016-2017,Manchester City,Leicester City,2,1,0.4561,-0.08046,0.7394
7090342,2017-05-13,2016-2017,Sunderland,Swansea City,0,2,-0.55181,-0.33093,-0.01803
7090352,2017-05-13,2016-2017,Middlesbrough,Southampton,1,2,-0.39821,-0.1322,-0.06316
7090359,2017-05-13,2016-2017,Bournemouth,Burnley,2,1,-0.1863,-0.1898,0.20635
7090316,2017-05-13,2016-2017,Stoke City,Arsenal,1,4,-0.14725,0.34193,-0.28633
7090347,2017-05-14,2016-2017,Crystal Palace,Hull City,4,0,-0.23991,-0.40807,0.37101
7090306,2017-05-14,2016-2017,West Ham United,Liverpool,0,4,-0.1615,0.37961,-0.33825
7090319,2017-05-14,2016-2017,Tottenham Hotspur,Manchester United,2,1,0.67628,0.3853,0.49383
7389498,2017-05-15,2016-2017,Chelsea,Watford,4,3,0.75408,-0.34385,1.30078
7389502,2017-05-16,2016-2017,Arsenal,Sunderland,2,0,0.39335,-0.59845,1.19465
7389503,2017-05-16,2016-2017,Manchester City,West Bromwich Albion,3,1,0.46521,-0.07902,0.74709
7389497,2017-05-17,2016-2017,Southampton,Manchester United,0,0,-0.10341,0.36803,-0.26858
7389501,2017-05-18,2016-2017,Leicester City,Tottenham Hotspur,1,6,-0.08889,0.69335,-0.57939
7090349,2017-05-21,2016-2017,Burnley,West Ham United,1,2,-0.2154,-0.21522,0.20267
7090320,2017-05-21,2016-2017,Liverpool,Middlesbrough,3,0,0.43306,-0.42752,1.06342
7090351,2017-05-21,2016-2017,Hull City,Tottenham Hotspur,1,7,-0.4623,0.7483,-1.00775
7090321,2017-05-21,2016-2017,Swansea City,West Bromwich Albion,2,1,-0.28384,-0.11575,0.03476
7090317,2017-05-21,2016-2017,Watford,Manchester City,0,5,-0.33303,0.50153,-0.63171
7090366,2017-05-21,2016-2017,Chelsea,Sunderland,5,1,0.7436,-0.62461,1.57106
7090309,2017-05-21,2016-2017,Southampton,Stoke City,0,1,-0.09402,-0.19865,0.30748
7090384,2017-05-21,2016-2017,Arsenal,Everton,3,1,0.41952,0.27668,0.34569
7090324,2017-05-21,2016-2017,Leicester City,Bournemouth,1,1,-0.14385,-0.16074,0.21974
7090327,2017-05-21,2016-2017,Manchester United,Crystal Palace,2,0,0.35909,-0.18623,0.74818
7437077,2017-08-11,2017-2018,Arsenal,Leicester City,4,3,0.4629,-0.15146,0.81721
7437084,2017-08-12,2017-2018,Watford,Liverpool,3,3,-0.38795,0.47927,-0.66437
7437079,2017-08-12,2017-2018,Everton,Stoke City,1,0,0.23386,-0.16088,0.59758
7437080,2017-08-12,2017-2018,West Bromwich Albion,Bournemouth,1,0,-0.1455,-0.15303,0.21039
7437076,2017-08-12,2017-2018,Chelsea,Burnley,2,3,0.79416,-0.25072,1.24773
7437085,2017-08-12,2017-2018,Crystal Palace,Huddersfield Town,0,3,-0.22193,0.0,-0.01908
7437082,2017-08-12,2017-2018,Southampton,Swansea City,0,0,-0.13179,-0.25384,0.3249
7437078,2017-08-12,2017-2018,Brighton & Hove Albion,Manchester City,0,2,0.0,0.55645,-0.3536
7437081,2017-08-13,2017-2018,Newcastle United,Tottenham Hotspur,0,2,0.0,0.80345,-0.6006
7437083,2017-08-13,2017-2018,Manchester United,West Ham United,4,0,0.39579,-0.17951,0.77815
7437724,2017-08-19,2017-2018,Swansea City,Manchester United,0,4,-0.24232,0.44875,-0.48823
7437726,2017-08-19,2017-2018,Burnley,West Bromwich Albion,0,1,-0.20226,-0.12005,0.12064
7437729,2017-08-19,2017-2018,Leicester City,Brighton & Hove Albion,2,0,-0.1579,-0.04279,0.08774
7437733,2017-08-19,2017-2018,Liverpool,Crystal Palace,1,0,0.45787,-0.27429,0.93501
7437730,2017-08-19,2017-2018,Bournemouth,Watford,0,2,-0.17828,-0.36605,0.39062
7438040,2017-08-19,2017-2018,Southampton,West Ham United,3,2,-0.1431,-0.23307,0.29282
7437725,2017-08-19,2017-2018,Stoke City,Arsenal,1,0,-0.17561,0.46924,-0.44201
7437727,2017-08-20,2017-2018,Huddersfield Town,Newcastle United,1,0,0.05234,-0.03901,0.2942
7437731,2017-08-20,2017-2018,Tottenham Hotspur,Chelsea,1,2,0.84145,0.74531,0.29899
7437728,2017-08-21,2017-2018,Manchester City,Everton,1,1,0.59905,0.2476,0.5543
7437801,2017-08-26,2017-2018,Bournemouth,Manchester City,1,2,-0.22862,0.58047,-0.60624
7437778,2017-08-26,2017-2018,Newcastle United,West Ham United,3,0,-0.06254,-0.25646,0.39678
7437798,2017-08-26,2017-2018,Huddersfield Town,Southampton,0,0,0.0757,-0.11996,0.39851
7437784,2017-08-26,2017-2018,Watford,Brighton & Hove Albion,0,0,-0.31603,-0.08926,-0.02393
7437746,2017-08-26,2017-2018,Crystal Palace,Swansea City,0,2,-0.27713,-0.29583,0.22156
7437750,2017-08-26,2017-2018,Manchester United,Leicester City,2,0,0.50285,-0.11195,0.81766
7437762,2017-08-27,2017-2018,Chelsea,Everton,2,0,0.78197,0.26639,0.71844
7437793,2017-08-27,2017-2018,West Bromwich Albion,Stoke City,1,1,-0.08618,-0.13588,0.25255
7437780,2017-08-27,2017-2018,Tottenham Hotspur,Burnley,1,1,0.80383,-0.23584,1.24252
7437766,2017-08-27,2017-2018,Liverpool,Arsenal,4,0,0.46017,0.42908,0.23394
7437749,2017-09-09,2017-2018,Manchester City,Liverpool,5,0,0.59372,0.51401,0.28256
7437790,2017-09-09,2017-2018,Brighton & Hove Albion,West Bromwich Albion,3,1,-0.09006,-0.09492,0.20771
7437756,2017-09-09,2017-2018,Everton,Tottenham Hotspur,0,3,0.22947,0.76772,-0.3354
7437760,2017-09-09,2017-2018,Southampton,Watford,0,2,-0.10608,-0.31519,0.41196
7437779,2017-09-09,2017-2018,Leicester City,Chelsea,1,2,-0.14634,0.81885,-0.76234
7437773,2017-09-09,2017-2018,Arsenal,Bournemouth,3,0,0.37575,-0.24207,0.82068
7437737,2017-09-09,2017-2018,Stoke City,Manchester United,2,2,-0.12671,0.53775,-0.46161
7437735,2017-09-10,2017-2018,Burnley,Crystal Palace,1,0,-0.20011,-0.32578,0.32852
7437781,2017-09-10,2017-2018,Swansea City,Newcastle United,0,1,-0.24777,-0.01162,-0.0333
7437757,2017-09-11,2017-2018,West Ham United,Huddersfield Town,2,0,-0.30752,0.06208,-0.16675
7437800,2017-09-15,2017-2018,Bournemouth,Brighton & Hove Albion,2,1,-0.29057,-0.04542,-0.0423
7437742,2017-09-16,2017-2018,Crystal Palace,Southampton,0,1,-0.34843,-0.15599,0.01041
7437803,2017-09-16,2017-2018,West Bromwich Albion,West Ham United,0,0,-0.13965,-0.25928,0.32248
7437802,2017-09-16,2017-2018,Huddersfield Town,Leicester City,1,1,0.01369,-0.15458,0.37112
7437799,2017-09-16,2017-2018,Watford,Manchester City,0,6,-0.26528,0.64819,-0.71062
7437764,2017-09-16,2017-2018,Liverpool,Burnley,1,1,0.46014,-0.178,0.84099
7437771,2017-09-16,2017-2018,Newcastle United,Stoke City,2,1,0.01898,-0.11105,0.33288
7437768,2017-09-16,2017-2018,Tottenham Hotspur,Swansea City,0,0,0.81851,-0.27779,1.29915
7437763,2017-09-17,2017-2018,Chelsea,Arsenal,0,0,0.82749,0.42408,0.60626
7437751,2017-09-17,2017-2018,Manchester United,Everton,4,0,0.52248,0.17827,0.54706
7437752,2017-09-23,2017-2018,West Ham United,Tottenham Hotspur,2,3,-0.24764,0.78132,-0.82611
7437755,2017-09-23,2017-2018,Southampton,Manchester United,0,1,-0.12547,0.57588,-0.4985
7437788,2017-09-23,2017-2018,Swansea City,Watford,1,2,-0.24094,-0.31988,0.28179
7437740,2017-09-23,2017-2018,Burnley,Huddersfield Town,0,0,-0.15093,0.00097,0.05096
7437747,2017-09-23,2017-2018,Manchester City,Crystal Palace,5,0,0.7034,-0.37951,1.28576
7437738,2017-09-23,2017-2018,Stoke City,Chelsea,0,4,-0.13285,0.80731,-0.73731
7437758,2017-09-23,2017-2018,Everton,Bournemouth,2,1,0.12429,-0.25874,0.58589
7437782,2017-09-23,2017-2018,Leicester City,Liverpool,2,3,-0.14194,0.4333,-0.37239
7437789,2017-09-24,2017-2018,Brighton & Hove Albion,Newcastle United,1,0,-0.07675,0.04095,0.08514
7437774,2017-09-25,2017-2018,Arsenal,West Bromwich Albion,2,0,0.4448,-0.15075,0.7984
7437786,2017-09-30,2017-2018,Huddersfield Town,Tottenham Hotspur,0,4,0.00261,0.78743,-0.58197
7437794,2017-09-30,2017-2018,Bournemouth,Leicester City,0,0,-0.27251,-0.16275,0.09309
7437745,2017-09-30,2017-2018,Manchester United,Crystal Palace,4,0,0.59342,-0.43389,1.23016
7437796,2017-09-30,2017-2018,West Bromwich Albion,Watford,2,2,-0.18617,-0.28259,0.29928
7437734,2017-09-30,2017-2018,Stoke City,Southampton,2,1,-0.18649,-0.14239,0.15875
7437753,2017-09-30,2017-2018,West Ham United,Swansea City,1,0,-0.25375,-0.2778,0.2269
7437759,2017-09-30,2017-2018,Chelsea,Manchester City,0,1,0.86015,0.75719,0.30581
7437772,2017-10-01,2017-2018,Arsenal,Brighton & Hove Albion,2,0,0.48048,-0.04802,0.73135
7437754,2017-10-01,2017-2018,Everton,Burnley,0,1,0.13858,-0.1527,0.49413
7437776,2017-10-01,2017-2018,Newcastle United,Liverpool,1,1,0.01246,0.45434,-0.23903
7437765,2017-10-14,2017-2018,Liverpool,Manchester United,0,0,0.44554,0.64504,0.00335
7437736,2017-10-14,2017-2018,Burnley,West Ham United,1,1,-0.11216,-0.22876,0.31945
7437797,2017-10-14,2017-2018,Swansea City,Huddersfield Town,2,0,-0.30321,-0.05075,-0.04962
7437770,2017-10-14,2017-2018,Tottenham Hotspur,Bournemouth,1,0,0.84029,-0.27577,1.31891
7437744,2017-10-14,2017-2018,Manchester City,Stoke City,7,2,0.79511,-0.15965,1.15761
7437743,2017-10-14,2017-2018,Crystal Palace,Chelsea,2,1,-0.48527,0.82283,-1.10525
7437787,2017-10-14,2017-2018,Watford,Arsenal,2,1,-0.2733,0.5171,-0.58755
7437785,2017-10-15,2017-2018,Brighton & Hove Albion,Everton,1,1,-0.08431,0.09801,0.02053
7437761,2017-10-15,2017-2018,Southampton,Newcastle United,2,2,-0.16943,0.02073,0.01269
7437769,2017-10-16,2017-2018,Leicester City,West Bromwich Albion,1,1,-0.15974,-0.19649,0.2396
7437843,2017-10-20,2017-2018,West Ham United,Brighton & Hove Albion,0,3,-0.21748,-0.08504,0.07041
7437863,2017-10-21,2017-2018,Chelsea,Watford,4,2,0.77466,-0.23131,1.20882
7437924,2017-10-21,2017-2018,Huddersfield Town,Manchester United,2,1,-0.09861,0.64516,-0.54091
7438096,2017-10-21,2017-2018,Swansea City,Leicester City,1,2,-0.25542,-0.16804,0.11546
7437847,2017-10-21,2017-2018,Newcastle United,Crystal Palace,1,0,0.02127,-0.43753,0.66166
7437826,2017-10-21,2017-2018,Stoke City,Bournemouth,1,2,-0.21328,-0.26466,0.25423
7437845,2017-10-21,2017-2018,Manchester City,Burnley,3,0,0.84964,-0.12316,1.17565
7437864,2017-10-21,2017-2018,Southampton,West Bromwich Albion,1,0,-0.16987,-0.1881,0.22108
7437880,2017-10-22,2017-2018,Everton,Arsenal,2,5,0.09828,0.47466,-0.17354
7437904,2017-10-22,2017-2018,Tottenham Hotspur,Liverpool,4,1,0.82919,0.44543,0.58661
7437748,2017-10-28,2017-2018,Manchester United,Tottenham Hotspur,1,0,0.60445,0.87911,-0.0718
7437791,2017-10-28,2017-2018,Watford,Stoke City,0,1,-0.25635,-0.24963,0.19613
7437741,2017-10-28,2017-2018,Crystal Palace,West Ham United,2,2,-0.44862,-0.27008,0.02431
7437767,2017-10-28,2017-2018,Liverpool,Huddersfield Town,3,0,0.3955,-0.05732,0.65568
7437775,2017-10-28,2017-2018,Arsenal,Swansea City,2,1,0.52738,-0.2889,1.01913
7437795,2017-10-28,2017-2018,West Bromwich Albion,Manchester City,2,3,-0.21346,0.89463,-0.90524
7437792,2017-10-28,2017-2018,Bournemouth,Chelsea,0,1,-0.22847,0.80015,-0.82577
7437783,2017-10-29,2017-2018,Brighton & Hove Albion,Southampton,1,1,-0.03244,-0.14472,0.31513
7437777,2017-10-29,2017-2018,Leicester City,Everton,2,0,-0.13466,0.04645,0.02175
7437739,2017-10-30,2017-2018,Burnley,Newcastle United,1,0,-0.16828,0.0329,0.00166
7437804,2017-11-04,2017-2018,Stoke City,Leicester City,2,2,-0.21485,-0.08805,0.07605
7437883,2017-11-04,2017-2018,Newcastle United,Bournemouth,0,1,0.00224,-0.23452,0.43961
7437881,2017-11-04,2017-2018,Southampton,Burnley,0,1,-0.13358,-0.13749,0.20676
7437921,2017-11-04,2017-2018,Huddersfield Town,West Bromwich Albion,1,0,-0.10636,-0.21676,0.31326
7437894,2017-11-04,2017-2018,Swansea City,Brighton & Hove Albion,0,1,-0.2886,-0.04329,-0.04246
7437817,2017-11-04,2017-2018,West Ham United,Liverpool,1,4,-0.26981,0.44499,-0.51196
7437832,2017-11-05,2017-2018,Tottenham Hotspur,Crystal Palace,1,0,0.84716,-0.44948,1.49949
7437820,2017-11-05,2017-2018,Manchester City,Arsenal,3,1,0.89845,0.52671,0.57459
7437811,2017-11-05,2017-2018,Everton,Watford,3,2,-0.00074,-0.29154,0.49364
7437866,2017-11-05,2017-2018,Chelsea,Manchester United,1,0,0.80649,0.63694,0.3724
7437887,2017-11-18,2017-2018,Arsenal,Tottenham Hotspur,2,0,0.48726,0.83028,-0.14017
7437839,2017-11-18,2017-2018,Leicester City,Manchester City,0,2,-0.08488,0.93789,-0.81992
7437809,2017-11-18,2017-2018,Burnley,Swansea City,2,0,-0.10175,-0.31841,0.41951
7437816,2017-11-18,2017-2018,Crystal Palace,Everton,2,2,-0.43261,0.01634,-0.2461
7437914,2017-11-18,2017-2018,Liverpool,Southampton,3,0,0.49589,-0.16898,0.86772
7437879,2017-11-18,2017-2018,Bournemouth,Huddersfield Town,4,0,-0.19491,-0.08382,0.09176
7437915,2017-11-18,2017-2018,West Bromwich Albion,Chelsea,0,4,-0.23935,0.8273,-0.8638
7437818,2017-11-18,2017-2018,Manchester United,Newcastle United,4,1,0.61651,-0.03745,0.85681
7438102,2017-11-19,2017-2018,Watford,West Ham United,2,0,-0.30901,-0.32015,0.21399
7437891,2017-11-20,2017-2018,Brighton & Hove Albion,Stoke City,2,2,-0.01361,-0.21749,0.40674
7438079,2017-11-24,2017-2018,West Ham United,Leicester City,1,1,-0.36527,-0.11973,-0.04269
7437830,2017-11-25,2017-2018,Crystal Palace,Stoke City,2,1,-0.424,-0.20345,-0.0177
7437840,2017-11-25,2017-2018,Manchester United,Brighton & Hove Albion,1,0,0.6651,-0.02749,0.89544
7437885,2017-11-25,2017-2018,Swansea City,Bournemouth,0,0,-0.36061,-0.14092,-0.01684
7437870,2017-11-25,2017-2018,Tottenham Hotspur,West Bromwich Albion,1,1,0.78207,-0.29212,1.27704
7437873,2017-11-25,2017-2018,Newcastle United,Watford,0,3,-0.08595,-0.26445,0.38135
7437888,2017-11-25,2017-2018,Liverpool,Chelsea,1,1,0.54439,0.88065,-0.13341
7438083,2017-11-26,2017-2018,Southampton,Everton,4,1,-0.21734,0.00773,-0.02222
7437829,2017-11-26,2017-2018,Burnley,Arsenal,0,1,-0.05941,0.53529,-0.39185
7437909,2017-11-26,2017-2018,Huddersfield Town,Manchester City,1,2,-0.13755,0.97313,-0.90783
7438098,2017-11-28,2017-2018,Leicester City,Tottenham Hotspur,2,1,-0.12161,0.74528,-0.66404
7438097,2017-11-28,2017-2018,Brighton & Hove Albion,Crystal Palace,0,0,-0.03129,-0.39274,0.5643
7437919,2017-11-28,2017-2018,West Bromwich Albion,Newcastle United,2,2,-0.25592,-0.13923,0.08617
7437923,2017-11-28,2017-2018,Watford,Manchester United,2,4,-0.21067,0.66874,-0.67655
7437884,2017-11-29,2017-2018,Arsenal,Huddersfield Town,5,0,0.55605,-0.14077,0.89967
7437874,2017-11-29,2017-2018,Chelsea,Swansea City,1,0,0.87565,-0.36002,1.43853
7437916,2017-11-29,2017-2018,Bournemouth,Burnley,1,2,-0.14091,-0.07964,0.14158
7437868,2017-11-29,2017-2018,Everton,West Ham United,4,0,-0.04445,-0.36378,0.52218
7437834,2017-11-29,2017-2018,Stoke City,Liverpool,0,3,-0.2349,0.54903,-0.58108
7437822,2017-11-29,2017-2018,Manchester City,Southampton,2,1,0.9764,-0.16488,1.34413
7437819,2017-12-02,2017-2018,Chelsea,Newcastle United,3,1,0.86056,-0.1362,1.19961
7437896,2017-12-02,2017-2018,Watford,Tottenham Hotspur,1,1,-0.24874,0.70177,-0.74766
7437806,2017-12-02,2017-2018,Stoke City,Swansea City,2,1,-0.2854,-0.34494,0.26238
7437895,2017-12-02,2017-2018,Leicester City,Burnley,1,0,-0.0781,-0.04523,0.16998
7437886,2017-12-02,2017-2018,Brighton & Hove Albion,Liverpool,1,5,-0.05039,0.59954,-0.44708
7437824,2017-12-02,2017-2018,Everton,Huddersfield Town,2,0,0.00959,-0.19553,0.40797
7438100,2017-12-02,2017-2018,West Bromwich Albion,Crystal Palace,0,0,-0.25896,-0.37364,0.31753
7437892,2017-12-02,2017-2018,Arsenal,Manchester United,1,3,0.61081,0.70681,0.10684
7437902,2017-12-03,2017-2018,Bournemouth,Southampton,1,1,-0.17533,-0.15293,0.18045
7437814,2017-12-03,2017-2018,Manchester City,West Ham United,2,1,0.96444,-0.41783,1.58512
7437823,2017-12-09,2017-2018,West Ham United,Chelsea,1,0,-0.39769,0.88631,-1.08115
7437807,2017-12-09,2017-2018,Burnley,Watford,1,0,-0.07237,-0.22445,0.35493
7437878,2017-12-09,2017-2018,Tottenham Hotspur,Stoke City,5,1,0.67756,-0.26139,1.1418
7437925,2017-12-09,2017-2018,Huddersfield Town,Brighton & Hove Albion,2,0,-0.23698,-0.10396,0.06983
7437815,2017-12-09,2017-2018,Crystal Palace,Bournemouth,2,2,-0.36257,-0.18159,0.02188
7437908,2017-12-09,2017-2018,Swansea City,West Bromwich Albion,1,0,-0.3691,-0.26989,0.10364
7438099,2017-12-09,2017-2018,Newcastle United,Leicester City,2,3,-0.16256,-0.05156,0.09185
7437825,2017-12-10,2017-2018,Southampton,Arsenal,1,1,-0.1462,0.56304,-0.50639
7437844,2017-12-10,2017-2018,Liverpool,Everton,1,1,0.65261,0.05162,0.80383
7437841,2017-12-10,2017-2018,Manchester United,Manchester City,1,2,0.7542,0.94492,0.01213
7437808,2017-12-12,2017-2018,Burnley,Stoke City,1,0,-0.0508,-0.31392,0.46597
7437813,2017-12-12,2017-2018,Crystal Palace,Watford,2,1,-0.36334,-0.24601,0.08553
7438101,2017-12-12,2017-2018,Huddersfield Town,Chelsea,1,3,-0.19034,0.83824,-0.82572
7437905,2017-12-13,2017-2018,Swansea City,Manchester City,0,4,-0.34051,0.97639,-1.11404
7437906,2017-12-13,2017-2018,Newcastle United,Everton,0,1,-0.19588,0.07775,-0.07078
7437875,2017-12-13,2017-2018,Southampton,Leicester City,1,4,-0.12892,-0.01824,0.09217
7437890,2017-12-13,2017-2018,Liverpool,West Bromwich Albion,0,0,0.62648,-0.29848,1.12781
7437833,2017-12-13,2017-2018,Manchester United,Bournemouth,1,0,0.72273,-0.18082,1.1064
7437821,2017-12-13,2017-2018,West Ham United,Arsenal,0,0,-0.34962,0.54576,-0.69253
7437898,2017-12-13,2017-2018,Tottenham Hotspur,Brighton & Hove Albion,2,0,0.73009,-0.15061,1.08355
7437877,2017-12-16,2017-2018,Leicester City,Crystal Palace,0,3,0.03435,-0.3346,0.5718
7437942,2017-12-16,2017-2018,Watford,Huddersfield Town,1,4,-0.27425,-0.22507,0.15367
7437899,2017-12-16,2017-2018,Brighton & Hove Albion,Burnley,0,0,-0.17948,-0.03285,0.05622
7437882,2017-12-16,2017-2018,Arsenal,Newcastle United,1,0,0.52271,-0.22499,0.95055
7437828,2017-12-16,2017-2018,Chelsea,Southampton,1,0,0.87378,-0.18158,1.25821
7437805,2017-12-16,2017-2018,Stoke City,West Ham United,0,3,-0.33103,-0.32691,0.19873
7437869,2017-12-16,2017-2018,Manchester City,Tottenham Hotspur,4,1,1.02786,0.75887,0.47185
7437920,2017-12-17,2017-2018,West Bromwich Albion,Manchester United,1,2,-0.26455,0.71902,-0.78072
7437910,2017-12-17,2017-2018,Bournemouth,Liverpool,0,4,-0.1772,0.59274,-0.56709
7437867,2017-12-18,2017-2018,Everton,Swansea City,3,1,0.10704,-0.39256,0.70244
7437836,2017-12-22,2017-2018,Arsenal,Liverpool,3,3,0.52446,0.64672,0.08059
7437838,2017-12-23,2017-2018,Everton,Chelsea,0,0,0.14463,0.86484,-0.51737
7438075,2017-12-23,2017-2018,Manchester City,Bournemouth,4,0,1.07898,-0.23057,1.5124
7437918,2017-12-23,2017-2018,Brighton & Hove Albion,Watford,1,0,-0.18146,-0.32707,0.34845
7437889,2017-12-23,2017-2018,West Ham United,Newcastle United,2,3,-0.27374,-0.22673,0.15585
7437871,2017-12-23,2017-2018,Swansea City,Crystal Palace,1,1,-0.4303,-0.28041,0.05296
7437835,2017-12-23,2017-2018,Southampton,Huddersfield Town,1,1,-0.17323,-0.17167,0.20129
7437827,2017-12-23,2017-2018,Stoke City,West Bromwich Albion,3,1,-0.38454,-0.27215,0.09046
7437810,2017-12-23,2017-2018,Burnley,Tottenham Hotspur,0,3,-0.03069,0.70776,-0.53559
7437911,2017-12-23,2017-2018,Leicester City,Manchester United,2,2,-0.01985,0.72671,-0.54371
7437897,2017-12-26,2017-2018,Tottenham Hotspur,Southampton,5,2,0.75885,-0.18021,1.14192
7438089,2017-12-26,2017-2018,Chelsea,Brighton & Hove Albion,2,0,0.84732,-0.15994,1.21011
7437903,2017-12-26,2017-2018,Huddersfield Town,Stoke City,1,1,-0.16566,-0.33861,0.3758
7437913,2017-12-26,2017-2018,Bournemouth,West Ham United,3,3,-0.2815,-0.30807,0.22942
7437812,2017-12-26,2017-2018,Manchester United,Burnley,2,2,0.70833,-0.08089,0.99207
7437926,2017-12-26,2017-2018,West Bromwich Albion,Everton,0,0,-0.31816,0.16205,-0.27736
7437922,2017-12-26,2017-2018,Watford,Leicester City,2,1,-0.34916,-0.00159,-0.14473
7437907,2017-12-26,2017-2018,Liverpool,Swansea City,5,0,0.64855,-0.43215,1.28355
7437837,2017-12-27,2017-2018,Newcastle United,Manchester City,0,1,-0.1927,1.1293,-1.11915
7437865,2017-12-28,2017-2018,Crystal Palace,Arsenal,2,3,-0.27884,0.52165,-0.59763
7437893,2017-12-30,2017-2018,Liverpool,Leicester City,2,1,0.70294,-0.03607,0.94186
7437912,2017-12-30,2017-2018,Huddersfield Town,Burnley,0,0,-0.17867,-0.04991,0.07409
7437872,2017-12-30,2017-2018,Chelsea,Stoke City,5,0,0.87306,-0.32559,1.4015
7437917,2017-12-30,2017-2018,Watford,Swansea City,1,2,-0.31468,-0.48654,0.37471
7437900,2017-12-30,2017-2018,Bournemouth,Everton,2,1,-0.28954,0.15237,-0.23906
7437842,2017-12-30,2017-2018,Newcastle United,Brighton & Hove Albion,0,0,-0.1885,-0.18568,0.20003
7437831,2017-12-30,2017-2018,Manchester United,Southampton,0,0,0.67734,-0.22609,1.10628
7438087,2017-12-31,2017-2018,Crystal Palace,Manchester City,0,0,-0.29274,1.12511,-1.21499
7437901,2017-12-31,2017-2018,West Bromwich Albion,Arsenal,1,1,-0.30847,0.53554,-0.64116
7438002,2018-01-01,2017-2018,Brighton & Hove Albion,Bournemouth,2,2,-0.17821,-0.2535,0.27813
7437928,2018-01-01,2017-2018,Stoke City,Newcastle United,0,1,-0.37886,-0.19545,0.01943
7437974,2018-01-01,2017-2018,Leicester City,Huddersfield Town,3,0,-0.03752,-0.18125,0.34658
7437935,2018-01-01,2017-2018,Burnley,Liverpool,1,2,-0.04822,0.70496,-0.55033
7437954,2018-01-01,2017-2018,Everton,Manchester United,0,2,0.11663,0.64407,-0.3246
7437986,2018-01-02,2017-2018,Swansea City,Tottenham Hotspur,0,2,-0.44738,0.80423,-1.04876
7438103,2018-01-02,2017-2018,Southampton,Crystal Palace,1,2,-0.1924,-0.25717,0.26762
7437957,2018-01-02,2017-2018,West Ham United,West Bromwich Albion,2,1,-0.30051,-0.28726,0.1896
7437936,2018-01-02,2017-2018,Manchester City,Watford,3,1,1.09016,-0.35326,1.64626
7437976,2018-01-03,2017-2018,Arsenal,Chelsea,2,2,0.51415,0.92669,-0.20969
7437876,2018-01-04,2017-2018,Tottenham Hotspur,West Ham United,1,1,0.83439,-0.27449,1.31173
7438109,2018-01-13,2017-2018,West Bromwich Albion,Brighton & Hove Albion,2,0,-0.31304,-0.18783,0.07764
7437989,2018-01-13,2017-2018,Newcastle United,Swansea City,1,1,-0.16423,-0.47704,0.51566
7437946,2018-01-13,2017-2018,Crystal Palace,Burnley,1,0,-0.22017,-0.06349,0.04617
7437971,2018-01-13,2017-2018,Chelsea,Leicester City,0,0,0.92001,0.01361,1.10925
7438001,2018-01-13,2017-2018,Watford,Southampton,2,2,-0.36583,-0.229,0.06603
7437999,2018-01-13,2017-2018,Huddersfield Town,West Ham United,1,4,-0.23243,-0.23663,0.20705
7437978,2018-01-13,2017-2018,Tottenham Hotspur,Everton,4,0,0.79654,0.07344,0.92595
7438013,2018-01-14,2017-2018,Bournemouth,Arsenal,2,1,-0.24349,0.52142,-0.56206
7437991,2018-01-14,2017-2018,Liverpool,Manchester City,4,3,0.72027,1.10229,-0.17917
7437963,2018-01-15,2017-2018,Manchester United,Stoke City,3,0,0.68688,-0.41017,1.2999
7438004,2018-01-20,2017-2018,Brighton & Hove Albion,Chelsea,0,4,-0.23398,0.88667,-0.9178
7438104,2018-01-20,2017-2018,Leicester City,Watford,2,0,0.04753,-0.36813,0.61851
7437970,2018-01-20,2017-2018,Arsenal,Crystal Palace,4,1,0.47991,-0.19046,0.87321
7437929,2018-01-20,2017-2018,Stoke City,Huddersfield Town,2,0,-0.45401,-0.28537,0.03421
7437964,2018-01-20,2017-2018,West Ham United,Bournemouth,1,1,-0.18383,-0.20189,0.22091
7437940,2018-01-20,2017-2018,Burnley,Manchester United,0,1,-0.09339,0.73039,-0.62093
7437948,2018-01-20,2017-2018,Everton,West Bromwich Albion,1,1,0.02036,-0.26699,0.49019
7437945,2018-01-20,2017-2018,Manchester City,Newcastle United,3,1,1.0676,-0.1816,1.45205
7437953,2018-01-21,2017-2018,Southampton,Tottenham Hotspur,1,1,-0.22711,0.84915,-0.87341
7437977,2018-01-22,2017-2018,Swansea City,Liverpool,1,0,-0.45999,0.7551,-1.01224
7438105,2018-01-30,2017-2018,West Ham United,Crystal Palace,1,1,-0.19158,-0.23891,0.25018
7437984,2018-01-30,2017-2018,Swansea City,Arsenal,3,1,-0.41254,0.52782,-0.73751
7437993,2018-01-30,2017-2018,Huddersfield Town,Liverpool,0,3,-0.33244,0.70765,-0.83724
7437947,2018-01-31,2017-2018,Southampton,Brighton & Hove Albion,1,1,-0.19912,-0.28662,0.29035
7437950,2018-01-31,2017-2018,Everton,Leicester City,2,1,0.0036,0.08622,0.12023
7437968,2018-01-31,2017-2018,Chelsea,Bournemouth,0,3,0.93893,-0.19415,1.33593
7437965,2018-01-31,2017-2018,Newcastle United,Burnley,1,1,-0.20019,-0.10637,0.10904
7437943,2018-01-31,2017-2018,Manchester City,West Bromwich Albion,3,0,1.08619,-0.25023,1.53927
7437933,2018-01-31,2017-2018,Stoke City,Watford,0,0,-0.40701,-0.40725,0.2031
7437980,2018-01-31,2017-2018,Tottenham Hotspur,Manchester United,2,0,0.82205,0.74351,0.28138
7437934,2018-02-03,2017-2018,Burnley,Manchester City,1,1,-0.10271,1.12622,-1.02608
7437997,2018-02-03,2017-2018,West Bromwich Albion,Southampton,2,3,-0.28992,-0.20914,0.12207
7438006,2018-02-03,2017-2018,Brighton & Hove Albion,West Ham United,3,1,-0.27718,-0.20024,0.12591
7438108,2018-02-03,2017-2018,Bournemouth,Stoke City,2,1,-0.13946,-0.41406,0.47745
7437988,2018-02-03,2017-2018,Leicester City,Swansea City,1,1,0.05881,-0.36104,0.6227
7437956,2018-02-03,2017-2018,Manchester United,Huddersfield Town,2,0,0.70011,-0.38065,1.28361
7438107,2018-02-03,2017-2018,Arsenal,Everton,5,1,0.47686,0.03145,0.64827
7437941,2018-02-04,2017-2018,Crystal Palace,Newcastle United,1,1,-0.22939,-0.20399,0.17745
7437981,2018-02-04,2017-2018,Liverpool,Tottenham Hotspur,2,2,0.75677,0.86577,0.09385
7437995,2018-02-05,2017-2018,Watford,Chelsea,4,1,-0.3998,0.88464,-1.08159
7437982,2018-02-10,2017-2018,Tottenham Hotspur,Arsenal,1,0,0.86954,0.53008,0.54231
7437962,2018-02-10,2017-2018,Everton,Crystal Palace,3,1,-0.02148,-0.23556,0.41694
7437927,2018-02-10,2017-2018,Stoke City,Brighton & Hove Albion,1,1,-0.43173,-0.23162,0.00274
7437961,2018-02-10,2017-2018,West Ham United,Watford,2,0,-0.24589,-0.34567,0.30263
7438106,2018-02-10,2017-2018,Swansea City,Burnley,1,0,-0.3398,-0.07126,-0.06569
7437944,2018-02-10,2017-2018,Manchester City,Leicester City,5,1,1.09522,0.03814,1.25993
7437992,2018-02-11,2017-2018,Huddersfield Town,Bournemouth,4,1,-0.40459,-0.12187,-0.07987
7437973,2018-02-11,2017-2018,Newcastle United,Manchester United,1,0,-0.19786,0.7235,-0.71851
7437958,2018-02-11,2017-2018,Southampton,Liverpool,0,2,-0.17563,0.7535,-0.72628
7437966,2018-02-12,2017-2018,Chelsea,West Bromwich Albion,3,0,0.82989,-0.32355,1.35628
7437985,2018-02-24,2017-2018,Leicester City,Stoke City,1,1,-0.0136,-0.43183,0.62108
7438005,2018-02-24,2017-2018,West Bromwich Albion,Huddersfield Town,1,2,-0.36667,-0.35196,0.18814
7438008,2018-02-24,2017-2018,Brighton & Hove Albion,Swansea City,4,1,-0.23102,-0.30744,0.27927
7437983,2018-02-24,2017-2018,Liverpool,West Ham United,4,1,0.79018,-0.20242,1.19546
7438007,2018-02-24,2017-2018,Bournemouth,Newcastle United,2,2,-0.1743,-0.15412,0.18268
7437930,2018-02-24,2017-2018,Burnley,Southampton,1,1,-0.10328,-0.21235,0.31192
7438009,2018-02-24,2017-2018,Watford,Everton,1,0,-0.38853,0.02042,-0.2061
7437939,2018-02-25,2017-2018,Crystal Palace,Tottenham Hotspur,0,1,-0.27753,0.88508,-0.95976
7437955,2018-02-25,2017-2018,Manchester United,Chelsea,2,1,0.68003,0.87264,0.01024
7437969,2018-03-01,2017-2018,Arsenal,Manchester City,0,3,0.51515,1.14672,-0.42872
7437932,2018-03-03,2017-2018,Burnley,Everton,2,1,-0.11414,-0.01536,0.10407
7438000,2018-03-03,2017-2018,Watford,West Bromwich Albion,1,0,-0.35275,-0.40169,0.25179
7437951,2018-03-03,2017-2018,Southampton,Stoke City,0,0,-0.20201,-0.41098,0.41182
7437975,2018-03-03,2017-2018,Swansea City,West Ham United,4,1,-0.35851,-0.2477,0.09204
7437987,2018-03-03,2017-2018,Leicester City,Bournemouth,1,1,-0.03444,-0.18065,0.34906
7437979,2018-03-03,2017-2018,Tottenham Hotspur,Huddersfield Town,2,0,0.88666,-0.31656,1.40607
7437967,2018-03-03,2017-2018,Liverpool,Newcastle United,2,0,0.83546,-0.1477,1.18601
7438003,2018-03-04,2017-2018,Brighton & Hove Albion,Arsenal,2,1,-0.17902,0.46438,-0.44055
7437937,2018-03-04,2017-2018,Manchester City,Chelsea,1,0,1.19806,0.84171,0.5592
7437938,2018-03-05,2017-2018,Crystal Palace,Manchester United,2,3,-0.27895,0.71062,-0.78672
7437960,2018-03-10,2017-2018,Manchester United,Liverpool,2,1,0.71836,0.86156,0.05965
7437949,2018-03-10,2017-2018,Everton,Brighton & Hove Albion,2,0,-0.04275,-0.13933,0.29942
7437990,2018-03-10,2017-2018,Newcastle United,Southampton,3,0,-0.1734,-0.21606,0.24551
7437994,2018-03-10,2017-2018,West Bromwich Albion,Leicester City,1,4,-0.42638,-0.04643,-0.1771
7437959,2018-03-10,2017-2018,West Ham United,Burnley,0,3,-0.29883,-0.08588,-0.0101
7437998,2018-03-10,2017-2018,Huddersfield Town,Swansea City,0,0,-0.33616,-0.3064,0.17309
7437952,2018-03-10,2017-2018,Chelsea,Crystal Palace,2,1,0.82753,-0.28635,1.31673
7437972,2018-03-11,2017-2018,Arsenal,Watford,3,0,0.42412,-0.32845,0.95542
7437996,2018-03-11,2017-2018,Bournemouth,Tottenham Hotspur,1,4,-0.16873,0.90645,-0.87233
7437931,2018-03-12,2017-2018,Stoke City,Manchester City,0,2,-0.39716,1.21306,-1.40737
7438014,2018-03-17,2017-2018,Stoke City,Everton,1,2,-0.41713,0.00074,-0.21503
7438016,2018-03-17,2017-2018,Bournemouth,West Bromwich Albion,2,1,-0.21719,-0.4782,0.46386
7438020,2018-03-17,2017-2018,Huddersfield Town,Crystal Palace,0,2,-0.34224,-0.27532,0.13593
7438018,2018-03-17,2017-2018,Liverpool,Watford,5,0,0.83247,-0.3762,1.41152
7438035,2018-03-31,2017-2018,Crystal Palace,Liverpool,1,2,-0.22753,0.88609,-0.91076
7437732,2018-03-31,2017-2018,West Ham United,Southampton,3,0,-0.35178,-0.2682,0.11927
7438077,2018-03-31,2017-2018,Watford,Bournemouth,2,2,-0.42902,-0.19917,-0.027
7438090,2018-03-31,2017-2018,Brighton & Hove Albion,Leicester City,0,2,-0.18239,0.00598,0.01449
7438031,2018-03-31,2017-2018,Manchester United,Swansea City,2,0,0.74808,-0.30032,1.25124
7438092,2018-03-31,2017-2018,West Bromwich Albion,Burnley,1,2,-0.4968,-0.03292,-0.26103
7438059,2018-03-31,2017-2018,Newcastle United,Huddersfield Town,1,0,-0.12126,-0.39024,0.47183
7438045,2018-03-31,2017-2018,Everton,Manchester City,1,3,0.02656,1.23303,-1.00362
7438050,2018-04-01,2017-2018,Arsenal,Stoke City,3,0,0.47187,-0.44245,1.11717
7438061,2018-04-01,2017-2018,Chelsea,Tottenham Hotspur,1,3,0.8165,0.95492,0.06444
7438047,2018-04-07,2017-2018,Everton,Liverpool,0,0,-0.00453,0.88923,-0.69092
7438082,2018-04-07,2017-2018,Watford,Burnley,1,2,-0.42807,-0.00861,-0.2166
7438086,2018-04-07,2017-2018,West Bromwich Albion,Swansea City,1,1,-0.52111,-0.32491,0.00665
7438053,2018-04-07,2017-2018,Leicester City,Newcastle United,1,2,0.05221,-0.10349,0.35855
7438073,2018-04-07,2017-2018,Bournemouth,Crystal Palace,2,2,-0.19991,-0.23063,0.23357
7438070,2018-04-07,2017-2018,Brighton & Hove Albion,Huddersfield Town,1,1,-0.22986,-0.40821,0.3812
7438025,2018-04-07,2017-2018,Stoke City,Tottenham Hotspur,1,2,-0.48838,1.00284,-1.28837
7438032,2018-04-07,2017-2018,Manchester City,Manchester United,2,3,1.26373,0.77239,0.69419
7438052,2018-04-08,2017-2018,Arsenal,Southampton,3,2,0.51802,-0.32081,1.04168
7438049,2018-04-08,2017-2018,Chelsea,West Ham United,1,1,0.76858,-0.29975,1.27118
7438046,2018-04-14,2017-2018,Southampton,Chelsea,2,3,-0.31836,0.73191,-0.84743
7438085,2018-04-14,2017-2018,Swansea City,Everton,1,1,-0.32388,0.01814,-0.13917
7438021,2018-04-14,2017-2018,Crystal Palace,Brighton & Hove Albion,3,2,-0.22258,-0.2429,0.22317
7438030,2018-04-14,2017-2018,Burnley,Leicester City,2,1,0.01613,0.01394,0.20504
7438074,2018-04-14,2017-2018,Huddersfield Town,Watford,1,0,-0.3955,-0.45334,0.2607
7438054,2018-04-14,2017-2018,Liverpool,Bournemouth,3,0,0.86713,-0.20801,1.27799
7438063,2018-04-14,2017-2018,Tottenham Hotspur,Manchester City,1,3,0.99205,1.22031,-0.02541
7438064,2018-04-15,2017-2018,Newcastle United,Arsenal,2,1,-0.065,0.51656,-0.37871
7438034,2018-04-15,2017-2018,Manchester United,West Bromwich Albion,0,1,0.81609,-0.52134,1.54028
7438039,2018-04-16,2017-2018,West Ham United,Stoke City,1,1,-0.2625,-0.47843,0.41877
7759900,2018-04-17,2017-2018,Brighton & Hove Albion,Tottenham Hotspur,1,1,-0.26815,0.94548,-1.01078
7759901,2018-04-18,2017-2018,Bournemouth,Manchester United,0,2,-0.25188,0.76548,-0.81451
7759902,2018-04-19,2017-2018,Burnley,Chelsea,1,2,0.04201,0.73728,-0.49242
7759903,2018-04-19,2017-2018,Leicester City,Southampton,0,0,-0.0121,-0.32368,0.51444
7438072,2018-04-21,2017-2018,West Bromwich Albion,Liverpool,2,2,-0.47073,0.9109,-1.17879
7438094,2018-04-21,2017-2018,Watford,Crystal Palace,0,0,-0.47768,-0.19748,-0.07734
7438022,2018-04-22,2017-2018,Stoke City,Burnley,1,1,-0.46403,0.02488,-0.28606
7438051,2018-04-22,2017-2018,Arsenal,West Ham United,4,1,0.4779,-0.27679,0.95754
7438036,2018-04-22,2017-2018,Manchester City,Swansea City,5,0,1.26639,-0.31904,1.78829
7438042,2018-04-23,2017-2018,Everton,Newcastle United,1,0,0.01355,-0.02635,0.24274
7438066,2018-04-28,2017-2018,Liverpool,Stoke City,0,0,0.87658,-0.45416,1.53359
7438048,2018-04-28,2017-2018,Southampton,Bournemouth,2,1,-0.30639,-0.28684,0.1833
7438091,2018-04-28,2017-2018,Huddersfield Town,Everton,0,2,-0.37118,0.0381,-0.20642
7438056,2018-04-28,2017-2018,Newcastle United,West Bromwich Albion,0,1,-0.05048,-0.4359,0.58828
7438027,2018-04-28,2017-2018,Burnley,Brighton & Hove Albion,0,0,0.01481,-0.23706,0.45472
7438028,2018-04-28,2017-2018,Crystal Palace,Leicester City,5,0,-0.1999,-0.02944,0.03239
7438093,2018-04-28,2017-2018,Swansea City,Chelsea,0,1,-0.37192,0.7546,-0.92367
7438038,2018-04-29,2017-2018,West Ham United,Manchester City,1,4,-0.32415,1.31935,-1.44065
7438037,2018-04-29,2017-2018,Manchester United,Arsenal,2,1,0.79988,0.5251,0.47763
7438078,2018-04-30,2017-2018,Tottenham Hotspur,Watford,2,0,0.91386,-0.47498,1.59169
7438071,2018-05-04,2017-2018,Brighton & Hove Albion,Manchester United,1,0,-0.22127,0.81748,-0.8359
7438026,2018-05-05,2017-2018,Stoke City,Crystal Palace,1,2,-0.41287,-0.14536,-0.06466
7438095,2018-05-05,2017-2018,Watford,Newcastle United,2,1,-0.48889,-0.09246,-0.19357
7438084,2018-05-05,2017-2018,West Bromwich Albion,Tottenham Hotspur,1,0,-0.39354,0.9278,-1.1185
7438081,2018-05-05,2017-2018,Bournemouth,Swansea City,1,0,-0.31341,-0.37459,0.26403
7438065,2018-05-05,2017-2018,Leicester City,West Ham United,0,2,-0.08417,-0.36571,0.48439
7438044,2018-05-05,2017-2018,Everton,Southampton,1,1,0.08302,-0.28021,0.56608
7438029,2018-05-06,2017-2018,Manchester City,Huddersfield Town,0,0,1.36149,-0.41583,1.98016
7438062,2018-05-06,2017-2018,Arsenal,Burnley,5,0,0.50804,-0.00063,0.71152
7438057,2018-05-06,2017-2018,Chelsea,Liverpool,1,0,0.75659,0.8354,0.12405
7769665,2018-05-08,2017-2018,Swansea City,Southampton,0,1,-0.39857,-0.26105,0.06533
7769669,2018-05-09,2017-2018,Chelsea,Huddersfield Town,1,1,0.78465,-0.36868,1.35618
7769666,2018-05-09,2017-2018,Leicester City,Arsenal,3,1,-0.13505,0.56231,-0.49451
7769670,2018-05-09,2017-2018,Manchester City,Brighton & Hove Albion,3,1,1.31434,-0.17614,1.69333
7769667,2018-05-09,2017-2018,Tottenham Hotspur,Newcastle United,1,0,0.8801,-0.12798,1.21094
7769668,2018-05-10,2017-2018,West Ham United,Manchester United,0,0,-0.31585,0.77184,-0.88485
7438076,2018-05-13,2017-2018,Huddersfield Town,Arsenal,0,1,-0.33145,0.51138,-0.63998
7438023,2018-05-13,2017-2018,Crystal Palace,West Bromwich Albion,2,0,-0.11549,-0.34569,0.43304
7438033,2018-05-13,2017-2018,Manchester United,Watford,1,0,0.74455,-0.45376,1.40116
7438043,2018-05-13,2017-2018,West Ham United,Everton,3,1,-0.28756,0.06408,-0.14879
7438067,2018-05-13,2017-2018,Tottenham Hotspur,Leicester City,5,4,0.8727,-0.08467,1.16023
7438041,2018-05-13,2017-2018,Southampton,Manchester City,0,1,-0.22862,1.32492,-1.35068
7438055,2018-05-13,2017-2018,Liverpool,Brighton & Hove Albion,4,0,0.8072,-0.18683,1.19688
7438024,2018-05-13,2017-2018,Burnley,Bournemouth,1,2,-0.05508,-0.28945,0.43723
7438058,2018-05-13,2017-2018,Newcastle United,Chelsea,3,0,-0.12073,0.7464,-0.66428
7438080,2018-05-13,2017-2018,Swansea City,Stoke City,1,2,-0.43129,-0.44213,0.21369
7827864,2018-08-11,2019-2020,Huddersfield Town,Chelsea,0,3,-0.34394,0.69208,-0.83317
7827867,2018-08-11,2019-2020,Watford,Brighton & Hove Albion,2,0,-0.43966,-0.23916,0.00235
7827869,2018-08-12,2019-2020,Southampton,Burnley,0,0,-0.21644,-0.09473,0.08114
7827903,2018-08-18,2019-2020,Tottenham Hotspur,Fulham,3,1,0.86707,0.0,1.06992
7827909,2018-08-18,2019-2020,West Ham United,Bournemouth,1,2,-0.23892,-0.24937,0.21329
7827902,2018-08-19,2019-2020,Manchester City,Huddersfield Town,6,1,1.31299,-0.39218,1.90802
7827896,2018-08-19,2019-2020,Brighton & Hove Albion,Manchester United,3,2,-0.28475,0.73084,-0.81274
7827911,2018-08-25,2019-2020,Huddersfield Town,Cardiff City,0,0,-0.44537,0.0,-0.24252
7827912,2018-08-25,2019-2020,Southampton,Leicester City,1,2,-0.2193,-0.07904,0.06259
7827908,2018-08-25,2019-2020,Liverpool,Brighton & Hove Albion,1,0,0.85953,-0.2399,1.30228
7827913,2018-08-26,2019-2020,Watford,Crystal Palace,2,1,-0.39235,-0.07382,-0.11567
7827910,2018-08-26,2019-2020,Fulham,Burnley,4,2,-0.02913,-0.09186,0.26559
7827906,2018-08-26,2019-2020,Newcastle United,Chelsea,1,2,-0.06641,0.74086,-0.60442
7827919,2018-09-01,2019-2020,Leicester City,Liverpool,1,2,-0.04625,0.8491,-0.6925
7827918,2018-09-01,2019-2020,Chelsea,Bournemouth,2,0,0.75402,-0.21344,1.17031
7827916,2018-09-01,2019-2020,Crystal Palace,Southampton,0,2,-0.10684,-0.2516,0.34761
7827926,2018-09-01,2019-2020,West Ham United,Wolverhampton Wanderers,0,1,-0.27485,0.0,-0.072
7827915,2018-09-01,2019-2020,Everton,Huddersfield Town,1,1,0.01577,-0.43697,0.65559
7827922,2018-09-01,2019-2020,Manchester City,Newcastle United,2,1,1.36623,-0.07994,1.64902
7827921,2018-09-02,2019-2020,Cardiff City,Arsenal,2,3,-0.0084,0.52387,-0.32942
7827923,2018-09-02,2019-2020,Watford,Tottenham Hotspur,2,1,-0.3585,0.8962,-1.05184
7827942,2018-09-15,2019-2020,Tottenham Hotspur,Liverpool,1,2,0.84923,0.85981,0.19227
7827932,2018-09-15,2019-2020,Newcastle United,Arsenal,1,2,-0.05864,0.54619,-0.40198
7827925,2018-09-15,2019-2020,Chelsea,Cardiff City,4,1,0.78085,-0.03048,1.01418
7827939,2018-09-15,2019-2020,Manchester City,Fulham,3,0,1.34454,0.0148,1.53259
7827940,2018-09-15,2019-2020,Huddersfield Town,Crystal Palace,0,1,-0.41524,-0.15636,-0.05603
7827946,2018-09-16,2019-2020,Wolverhampton Wanderers,Burnley,1,0,0.02908,-0.13629,0.36822
7827962,2018-09-22,2019-2020,Liverpool,Southampton,3,0,0.89469,-0.20153,1.29907
7827955,2018-09-22,2019-2020,Burnley,Bournemouth,4,0,-0.1572,-0.24027,0.28592
7827963,2018-09-22,2019-2020,Manchester United,Wolverhampton Wanderers,1,1,0.68582,0.05001,0.83866
7827947,2018-09-22,2019-2020,Cardiff City,Manchester City,0,5,-0.0774,1.38468,-1.25924
7827961,2018-09-22,2019-2020,Crystal Palace,Newcastle United,0,0,-0.12743,-0.07856,0.15398
7827949,2018-09-22,2019-2020,Brighton & Hove Albion,Tottenham Hotspur,1,2,-0.22896,0.81412,-0.84023
7827966,2018-09-23,2019-2020,West Ham United,Chelsea,0,0,-0.30425,0.82753,-0.92893
7827971,2018-09-29,2019-2020,Everton,Fulham,3,0,-0.00611,-0.02578,0.22252
7827982,2018-09-29,2019-2020,Newcastle United,Leicester City,0,2,-0.07342,-0.05685,0.18628
7827977,2018-09-29,2019-2020,Manchester City,Brighton & Hove Albion,2,0,1.43894,-0.23452,1.87632
7827984,2018-09-29,2019-2020,Wolverhampton Wanderers,Southampton,2,0,0.07701,-0.24553,0.52539
7827969,2018-09-29,2019-2020,Chelsea,Liverpool,1,1,0.79895,0.93821,0.06359
7827970,2018-09-30,2019-2020,Cardiff City,Burnley,1,2,-0.13182,-0.10342,0.17445
7827965,2018-10-01,2019-2020,Bournemouth,Crystal Palace,2,1,-0.29433,-0.13278,0.0413
7827987,2018-10-05,2019-2020,Brighton & Hove Albion,West Ham United,1,0,-0.23889,-0.27515,0.23911
7827985,2018-10-06,2019-2020,Burnley,Huddersfield Town,1,1,-0.06809,-0.44471,0.57948
7827990,2018-10-06,2019-2020,Crystal Palace,Wolverhampton Wanderers,0,1,-0.16268,0.11727,-0.0771
7828003,2018-10-07,2019-2020,Southampton,Chelsea,0,3,-0.28621,0.79672,-0.88008
7827991,2018-10-07,2019-2020,Liverpool,Manchester City,0,0,0.9409,1.44325,-0.2995
7828010,2018-10-20,2019-2020,Cardiff City,Fulham,4,2,-0.16694,-0.07801,0.11393
7828014,2018-10-20,2019-2020,Newcastle United,Brighton & Hove Albion,0,1,-0.12236,-0.21423,0.29473
7828013,2018-10-20,2019-2020,West Ham United,Tottenham Hotspur,0,1,-0.29948,0.81974,-0.91637
7828009,2018-10-20,2019-2020,Manchester City,Burnley,5,0,1.43297,-0.08744,1.72327
7828005,2018-10-20,2019-2020,Bournemouth,Southampton,0,0,-0.26416,-0.33407,0.27276
7828024,2018-10-20,2019-2020,Wolverhampton Wanderers,Watford,0,2,0.14666,-0.31122,0.66073
7828008,2018-10-20,2019-2020,Huddersfield Town,Liverpool,0,1,-0.42569,0.95123,-1.17407
7827934,2018-10-27,2019-2020,Southampton,Newcastle United,0,0,-0.32518,-0.15947,0.03714
7827927,2018-10-27,2019-2020,Liverpool,Cardiff City,4,1,0.9453,-0.12126,1.2694
7827928,2018-10-27,2019-2020,Brighton & Hove Albion,Wolverhampton Wanderers,1,0,-0.17684,0.09548,-0.06947
7827951,2018-11-03,2019-2020,Arsenal,Liverpool,1,1,0.5669,0.98918,-0.21943
7827948,2018-11-05,2019-2020,Huddersfield Town,Fulham,1,0,-0.41957,-0.1242,-0.09252
7827968,2018-11-10,2019-2020,Cardiff City,Brighton & Hove Albion,2,1,-0.16464,-0.14438,0.1826
7827973,2018-11-10,2019-2020,Huddersfield Town,West Ham United,1,1,-0.38623,-0.30241,0.11902
7827978,2018-11-10,2019-2020,Leicester City,Burnley,0,0,-0.00858,-0.14112,0.33539
7827979,2018-11-10,2019-2020,Southampton,Watford,1,1,-0.32649,-0.25947,0.13583
7827972,2018-11-10,2019-2020,Crystal Palace,Tottenham Hotspur,0,1,-0.19195,0.82269,-0.81179
7827976,2018-11-11,2019-2020,Liverpool,Fulham,2,0,0.98206,-0.15753,1.34245
7827974,2018-11-11,2019-2020,Chelsea,Everton,0,0,0.84457,0.04554,1.00188
7827981,2018-11-11,2019-2020,Manchester City,Manchester United,3,1,1.48665,0.65905,1.03045
7827980,2018-11-11,2019-2020,Arsenal,Wolverhampton Wanderers,1,1,0.5746,0.06267,0.71477
7828002,2018-11-24,2019-2020,West Ham United,Manchester City,0,4,-0.29828,1.51674,-1.61218
7827996,2018-11-24,2019-2020,Manchester United,Crystal Palace,0,0,0.62865,-0.19849,1.02999
7827994,2018-11-24,2019-2020,Brighton & Hove Albion,Leicester City,1,1,-0.17023,-0.0201,0.05272
7827993,2018-11-25,2019-2020,Bournemouth,Arsenal,1,2,-0.27369,0.55124,-0.62208
7827999,2018-11-25,2019-2020,Wolverhampton Wanderers,Huddersfield Town,0,2,0.08582,-0.39038,0.67906
7827995,2018-11-26,2019-2020,Burnley,Newcastle United,1,2,-0.12921,-0.15816,0.2318
7828015,2018-11-30,2019-2020,Cardiff City,Wolverhampton Wanderers,2,1,-0.13815,0.03457,0.03014
7828021,2018-12-01,2019-2020,Manchester City,Bournemouth,3,1,1.56685,-0.28663,2.05633
7828011,2018-12-01,2019-2020,Crystal Palace,Burnley,2,0,-0.16702,-0.16511,0.20094
7828023,2018-12-01,2019-2020,Southampton,Manchester United,2,2,-0.33127,0.59711,-0.72553
7828035,2018-12-04,2019-2020,Brighton & Hove Albion,Crystal Palace,3,1,-0.17209,-0.12231,0.15307
7828037,2018-12-04,2019-2020,Bournemouth,Huddersfield Town,2,1,-0.28481,-0.33856,0.25659
7828033,2018-12-05,2019-2020,Fulham,Leicester City,1,1,-0.17684,-0.01824,0.04425
7828044,2018-12-05,2019-2020,Manchester United,Arsenal,2,2,0.5731,0.56433,0.21162
7828041,2018-12-05,2019-2020,Tottenham Hotspur,Southampton,3,1,0.82875,-0.30761,1.33921
7828058,2018-12-08,2019-2020,Bournemouth,Liverpool,0,4,-0.26038,1.00375,-1.06128
7828056,2018-12-08,2019-2020,Cardiff City,Southampton,1,0,-0.1077,-0.32965,0.4248
7828062,2018-12-08,2019-2020,West Ham United,Crystal Palace,3,2,-0.3486,-0.16806,0.02231
7828060,2018-12-08,2019-2020,Burnley,Brighton & Hove Albion,1,0,-0.21022,-0.12683,0.11946
7828064,2018-12-08,2019-2020,Arsenal,Huddersfield Town,1,0,0.57127,-0.36299,1.13711
7828061,2018-12-08,2019-2020,Chelsea,Manchester City,2,0,0.81335,1.56489,-0.54869
7828063,2018-12-09,2019-2020,Newcastle United,Wolverhampton Wanderers,1,2,-0.12269,0.00412,0.07604
7828057,2018-12-10,2019-2020,Everton,Watford,2,2,0.077,-0.25469,0.53453
7828070,2018-12-15,2019-2020,Huddersfield Town,Newcastle United,0,1,-0.35856,-0.15528,-0.00043
7828068,2018-12-15,2019-2020,Crystal Palace,Leicester City,1,0,-0.19737,-0.01668,0.02216
7828067,2018-12-15,2019-2020,Watford,Cardiff City,3,2,-0.23681,-0.08848,0.05452
7828080,2018-12-21,2019-2020,Wolverhampton Wanderers,Liverpool,0,2,0.03648,1.05655,-0.81722
7828081,2018-12-22,2019-2020,Newcastle United,Fulham,0,0,-0.12483,-0.17841,0.25644
7828077,2018-12-22,2019-2020,Chelsea,Leicester City,0,1,0.86456,-0.04732,1.11473
7828075,2018-12-22,2019-2020,Manchester City,Crystal Palace,2,3,1.51421,-0.16708,1.88414
7828076,2018-12-22,2019-2020,Bournemouth,Brighton & Hove Albion,2,0,-0.31317,-0.15501,0.04469
7828089,2018-12-26,2019-2020,Fulham,Wolverhampton Wanderers,1,1,-0.16953,0.00158,0.03174
7828096,2018-12-26,2019-2020,Manchester United,Huddersfield Town,3,1,0.56567,-0.38938,1.1579
7828093,2018-12-26,2019-2020,Liverpool,Newcastle United,4,0,1.09112,-0.13369,1.42767
7828094,2018-12-26,2019-2020,Crystal Palace,Cardiff City,0,0,-0.11469,-0.11832,0.20648
7828102,2018-12-29,2019-2020,Fulham,Huddersfield Town,1,0,-0.17065,-0.41654,0.44875
7828109,2018-12-29,2019-2020,Leicester City,Cardiff City,0,1,0.00067,-0.11107,0.31459
7828106,2018-12-29,2019-2020,Tottenham Hotspur,Wolverhampton Wanderers,1,3,0.85079,0.0027,1.05094
7828110,2018-12-30,2019-2020,Crystal Palace,Chelsea,0,1,-0.12193,0.81673,-0.73582
7828027,2019-01-01,2019-2020,Everton,Leicester City,0,1,0.05883,-0.03682,0.2985
7828032,2019-01-01,2019-2020,Cardiff City,Tottenham Hotspur,0,3,-0.07311,0.79824,-0.66851
7828031,2019-01-02,2019-2020,Chelsea,Southampton,0,0,0.82534,-0.34908,1.37728
7828030,2019-01-02,2019-2020,West Ham United,Brighton & Hove Albion,2,2,-0.31797,-0.20191,0.0868
7828025,2019-01-02,2019-2020,Bournemouth,Watford,3,3,-0.26627,-0.20729,0.14387
7828028,2019-01-02,2019-2020,Wolverhampton Wanderers,Crystal Palace,0,2,0.05484,-0.13107,0.38876
7828034,2019-01-02,2019-2020,Newcastle United,Manchester United,0,2,-0.18457,0.59253,-0.57425
7828036,2019-01-03,2019-2020,Manchester City,Liverpool,2,1,1.46159,1.1419,0.52254
7828052,2019-01-12,2019-2020,West Ham United,Arsenal,1,0,-0.32103,0.5665,-0.68467
7828047,2019-01-12,2019-2020,Brighton & Hove Albion,Liverpool,0,1,-0.19756,1.12555,-1.12025
7828049,2019-01-12,2019-2020,Cardiff City,Huddersfield Town,0,0,-0.12308,-0.43524,0.51501
7828050,2019-01-12,2019-2020,Crystal Palace,Watford,1,2,-0.0814,-0.20223,0.32368
7828054,2019-01-12,2019-2020,Burnley,Fulham,2,1,-0.18204,-0.15216,0.17297
7828051,2019-01-13,2019-2020,Tottenham Hotspur,Manchester United,0,1,0.84707,0.63243,0.41749
7828101,2019-01-19,2019-2020,Newcastle United,Cardiff City,3,0,-0.22446,-0.14043,0.11882
7828086,2019-01-19,2019-2020,Watford,Burnley,0,0,-0.1643,-0.15559,0.19414
7828087,2019-01-19,2019-2020,Southampton,Everton,2,1,-0.30974,0.02164,-0.12853
7828130,2019-01-29,2019-2020,Arsenal,Cardiff City,2,1,0.52314,-0.19304,0.91902
7828131,2019-01-29,2019-2020,Fulham,Brighton & Hove Albion,4,2,-0.17842,-0.19338,0.21781
7828134,2019-01-29,2019-2020,Newcastle United,Manchester City,2,1,-0.17185,1.47777,-1.44677
7828127,2019-01-30,2019-2020,Tottenham Hotspur,Watford,2,1,0.80732,-0.17104,1.18121
7828125,2019-01-30,2019-2020,Liverpool,Leicester City,1,1,1.1221,0.00079,1.32416
7828147,2019-02-02,2019-2020,Tottenham Hotspur,Newcastle United,1,0,0.80095,-0.12175,1.12555
7828146,2019-02-02,2019-2020,Chelsea,Huddersfield Town,5,0,0.78629,-0.41769,1.40683
7828151,2019-02-02,2019-2020,Crystal Palace,Fulham,2,0,-0.11948,-0.13391,0.21728
7828150,2019-02-02,2019-2020,Brighton & Hove Albion,Watford,0,0,-0.23783,-0.16467,0.12969
7828152,2019-02-03,2019-2020,Manchester City,Arsenal,3,1,1.42783,0.52596,1.10473
7828169,2019-02-09,2019-2020,Huddersfield Town,Arsenal,1,2,-0.47135,0.49739,-0.76589
7828168,2019-02-09,2019-2020,Southampton,Cardiff City,1,2,-0.27561,-0.19589,0.12313
7828184,2019-02-23,2019-2020,Burnley,Tottenham Hotspur,2,1,-0.14854,0.79658,-0.74227
7828182,2019-02-23,2019-2020,Leicester City,Crystal Palace,1,4,0.03762,-0.07495,0.31542
7828189,2019-02-24,2019-2020,Manchester United,Liverpool,0,0,0.6716,1.08442,-0.20997
7828187,2019-02-24,2019-2020,Arsenal,Southampton,2,0,0.50586,-0.30925,1.01796
7828206,2019-02-26,2019-2020,Huddersfield Town,Wolverhampton Wanderers,1,0,-0.47955,0.00508,-0.28178
7828202,2019-02-26,2019-2020,Leicester City,Brighton & Hove Albion,2,1,-0.01614,-0.24236,0.42907
7828204,2019-02-26,2019-2020,Cardiff City,Everton,0,3,-0.16184,-0.01249,0.0535
7828205,2019-02-26,2019-2020,Newcastle United,Burnley,2,0,-0.11681,-0.10451,0.19055
7828209,2019-02-27,2019-2020,Crystal Palace,Manchester United,1,3,-0.0213,0.67889,-0.49734
7828203,2019-02-27,2019-2020,Manchester City,West Ham United,1,0,1.4564,-0.27772,1.93697
7828207,2019-02-27,2019-2020,Chelsea,Tottenham Hotspur,2,0,0.84052,0.75206,0.29131
7828219,2019-03-02,2019-2020,Wolverhampton Wanderers,Cardiff City,2,0,-0.03236,-0.21439,0.38488
7828223,2019-03-02,2019-2020,Burnley,Crystal Palace,1,3,-0.14885,-0.062,0.11599
7828225,2019-03-02,2019-2020,Manchester United,Southampton,3,2,0.71966,-0.34,1.26251
7828221,2019-03-02,2019-2020,Brighton & Hove Albion,Huddersfield Town,1,0,-0.26149,-0.44268,0.38403
7828227,2019-03-02,2019-2020,Bournemouth,Manchester City,0,1,-0.27134,1.42709,-1.49558
7828226,2019-03-03,2019-2020,Everton,Liverpool,0,0,0.04002,1.07705,-0.83419
7828245,2019-03-09,2019-2020,Crystal Palace,Brighton & Hove Albion,1,2,-0.01462,-0.24104,0.42927
7828114,2019-03-16,2019-2020,Bournemouth,Newcastle United,2,2,-0.2544,-0.07198,0.02043
7828118,2019-03-17,2019-2020,Fulham,Liverpool,1,2,-0.17793,1.05011,-1.02518
7828142,2019-03-30,2019-2020,Fulham,Manchester City,0,2,-0.17704,1.41016,-1.38435
7828140,2019-03-30,2019-2020,Brighton & Hove Albion,Southampton,0,1,-0.20129,-0.33082,0.33237
7828141,2019-03-30,2019-2020,Burnley,Wolverhampton Wanderers,2,0,-0.19722,0.01,-0.00437
7828124,2019-03-30,2019-2020,Crystal Palace,Huddersfield Town,2,0,-0.05457,-0.46336,0.61165
7828138,2019-03-30,2019-2020,West Ham United,Everton,0,2,-0.24794,0.06668,-0.11177
7828262,2019-03-31,2019-2020,Cardiff City,Chelsea,1,2,-0.25734,0.88412,-0.93861
7828137,2019-03-31,2019-2020,Liverpool,Tottenham Hotspur,2,1,1.04919,0.70796,0.54409
7828159,2019-04-03,2019-2020,Manchester City,Cardiff City,2,0,1.43047,-0.25948,1.8928
8167494,2019-04-03,2019-2020,Tottenham Hotspur,Crystal Palace,2,0,0.6934,-0.01575,0.912
8170431,2019-04-03,2019-2020,Chelsea,Brighton & Hove Albion,3,0,0.88675,-0.23911,1.32871
7828156,2019-04-06,2019-2020,Huddersfield Town,Leicester City,1,4,-0.50154,0.00296,-0.30165
7828155,2019-04-06,2019-2020,Bournemouth,Burnley,1,3,-0.25513,-0.15036,0.09809
7828157,2019-04-06,2019-2020,Newcastle United,Crystal Palace,0,1,-0.07077,-0.04898,0.18107
7828153,2019-04-07,2019-2020,Everton,Arsenal,1,0,0.11267,0.53626,-0.22074
7828176,2019-04-12,2019-2020,Leicester City,Newcastle United,0,1,0.05451,-0.10564,0.363
7828180,2019-04-14,2019-2020,Crystal Palace,Manchester City,1,3,-0.01332,1.43421,-1.24468
7828178,2019-04-15,2019-2020,Watford,Arsenal,0,1,-0.1603,0.50018,-0.45764
8170432,2019-04-16,2019-2020,Brighton & Hove Albion,Cardiff City,0,2,-0.28266,-0.26326,0.18345
7828193,2019-04-20,2019-2020,Huddersfield Town,Watford,1,2,-0.55345,-0.17851,-0.17209
7828192,2019-04-20,2019-2020,West Ham United,Leicester City,2,2,-0.29415,0.01614,-0.10744
7828260,2019-04-20,2019-2020,Wolverhampton Wanderers,Brighton & Hove Albion,0,0,-0.03638,-0.33103,0.4975
8167491,2019-04-23,2019-2020,Tottenham Hotspur,Brighton & Hove Albion,1,0,0.72664,-0.31404,1.24352
8170438,2019-04-24,2019-2020,Wolverhampton Wanderers,Arsenal,3,1,-0.05338,0.5186,-0.36912
8151144,2019-04-24,2019-2020,Manchester United,Manchester City,0,2,0.71048,1.45899,-0.54565
7828213,2019-04-26,2019-2020,Liverpool,Huddersfield Town,5,0,1.06485,-0.57993,1.84763
7828218,2019-04-27,2019-2020,Fulham,Cardiff City,1,0,-0.19772,-0.21435,0.21948
7828211,2019-04-27,2019-2020,Crystal Palace,Everton,0,0,-0.03809,0.14835,0.01641
7828263,2019-04-27,2019-2020,Watford,Wolverhampton Wanderers,1,2,-0.15223,-0.00372,0.05434
7828216,2019-04-27,2019-2020,Southampton,Bournemouth,3,3,-0.29313,-0.30281,0.21253
7828217,2019-04-28,2019-2020,Burnley,Manchester City,0,1,-0.10216,1.49936,-1.39867
7828232,2019-05-04,2019-2020,West Ham United,Southampton,3,0,-0.29036,-0.3005,0.21299
7828258,2019-05-04,2019-2020,Wolverhampton Wanderers,Fulham,1,0,0.02893,-0.17251,0.4043
7828236,2019-05-04,2019-2020,Cardiff City,Crystal Palace,2,3,-0.24007,-0.03866,0.00144
7828228,2019-05-05,2019-2020,Huddersfield Town,Manchester United,1,1,-0.63304,0.67056,-1.10074
7828231,2019-05-06,2019-2020,Manchester City,Leicester City,1,0,1.48505,0.01236,1.67555
7828255,2019-05-12,2019-2020,Crystal Palace,Bournemouth,5,3,-0.0078,-0.29535,0.4904
7828252,2019-05-12,2019-2020,Fulham,Newcastle United,0,4,-0.19209,-0.06685,0.07761
7828248,2019-05-12,2019-2020,Manchester United,Cardiff City,0,2,0.63696,-0.27094,1.11075
7828250,2019-05-12,2019-2020,Leicester City,Chelsea,0,0,0.03419,0.92988,-0.69283
7828254,2019-05-12,2019-2020,Tottenham Hotspur,Everton,2,2,0.71811,0.14893,0.77203
7828251,2019-05-12,2019-2020,Brighton & Hove Albion,Manchester City,1,4,-0.30633,1.46284,-1.56631
8243388,2019-08-09,2019-2020,Liverpool,Norwich City,4,1,1.11824,0.0,1.32109
8243390,2019-08-10,2019-2020,West Ham United,Manchester City,0,5,-0.2381,1.50286,-1.53811
8243396,2019-08-10,2019-2020,Watford,Brighton & Hove Albion,0,3,-0.1847,-0.3459,0.36406
8243391,2019-08-10,2019-2020,Crystal Palace,Everton,0,0,0.03346,0.17417,0.06214
8243395,2019-08-10,2019-2020,Burnley,Southampton,3,0,-0.08838,-0.35277,0.46724
8243397,2019-08-10,2019-2020,Bournemouth,Sheffield United,1,1,-0.33677,0.0,-0.13392
8243393,2019-08-10,2019-2020,Tottenham Hotspur,Aston Villa,3,1,0.69287,0.0,0.89572
8243389,2019-08-11,2019-2020,Leicester City,Wolverhampton Wanderers,0,0,0.05717,0.04878,0.21124
8243392,2019-08-11,2019-2020,Newcastle United,Arsenal,0,1,-0.01352,0.46839,-0.27907
8243394,2019-08-11,2019-2020,Manchester United,Chelsea,4,0,0.58367,0.9069,-0.12037
8243414,2019-08-17,2019-2020,Arsenal,Burnley,2,1,0.49302,-0.03781,0.73368
8243415,2019-08-17,2019-2020,Everton,Watford,1,0,0.17645,-0.23795,0.61725
8243422,2019-08-17,2019-2020,Southampton,Liverpool,1,2,-0.40285,1.16146,-1.36146
8243412,2019-08-17,2019-2020,Aston Villa,Bournemouth,1,2,-0.03323,-0.33211,0.50173
8243411,2019-08-17,2019-2020,Brighton & Hove Albion,West Ham United,1,1,-0.2931,-0.29153,0.20128
8243421,2019-08-17,2019-2020,Norwich City,Newcastle United,3,1,-0.04323,-0.03704,0.19666
8243413,2019-08-17,2019-2020,Manchester City,Tottenham Hotspur,2,2,1.55559,0.7261,1.03235
8243417,2019-08-18,2019-2020,Sheffield United,Crystal Palace,1,0,-0.00466,0.03129,0.1669
8243416,2019-08-18,2019-2020,Chelsea,Leicester City,1,1,0.85347,0.04984,1.00648
8243418,2019-08-19,2019-2020,Wolverhampton Wanderers,Manchester United,1,1,0.05633,0.63785,-0.37866
8243420,2019-08-23,2019-2020,Aston Villa,Everton,2,0,-0.07436,0.18955,-0.06106
8243423,2019-08-24,2019-2020,Norwich City,Chelsea,2,3,0.00203,0.82246,-0.61758
8243419,2019-08-24,2019-2020,Manchester United,Crystal Palace,1,2,0.62548,0.00437,0.82396
8243432,2019-08-24,2019-2020,Sheffield United,Leicester City,1,2,0.02226,0.08117,0.14393
8243429,2019-08-24,2019-2020,Watford,West Ham United,1,3,-0.25165,-0.28446,0.23567
8243426,2019-08-24,2019-2020,Liverpool,Arsenal,3,1,1.14955,0.50221,0.85019
8243425,2019-08-25,2019-2020,Bournemouth,Manchester City,1,3,-0.29137,1.52401,-1.61253
8243435,2019-08-25,2019-2020,Wolverhampton Wanderers,Burnley,1,1,0.06944,-0.04712,0.31942
8243433,2019-08-25,2019-2020,Tottenham Hotspur,Newcastle United,0,1,0.75806,-0.0823,1.04321
8243437,2019-08-31,2019-2020,Southampton,Manchester United,1,1,-0.39032,0.58047,-0.76793
8243431,2019-08-31,2019-2020,Crystal Palace,Aston Villa,1,0,0.04964,-0.02699,0.27948
8243439,2019-08-31,2019-2020,West Ham United,Norwich City,2,0,-0.23637,-0.01106,-0.02246
8243430,2019-08-31,2019-2020,Chelsea,Sheffield United,2,2,0.83522,-0.01184,1.04991
8243428,2019-08-31,2019-2020,Leicester City,Bournemouth,3,1,0.11484,-0.30463,0.62231
8243440,2019-08-31,2019-2020,Manchester City,Brighton & Hove Albion,4,0,1.5369,-0.30008,2.03983
8243438,2019-08-31,2019-2020,Newcastle United,Watford,1,1,-0.03487,-0.3004,0.46839
8243434,2019-08-31,2019-2020,Burnley,Liverpool,0,3,-0.03546,1.18376,-1.01636
8243436,2019-09-01,2019-2020,Everton,Wolverhampton Wanderers,3,2,0.14233,0.05844,0.28674
8243427,2019-09-01,2019-2020,Arsenal,Tottenham Hotspur,2,2,0.46811,0.71085,-0.03989
8243442,2019-09-14,2019-2020,Liverpool,Newcastle United,3,1,1.2308,-0.05074,1.4844
8243452,2019-09-14,2019-2020,Wolverhampton Wanderers,Chelsea,2,5,0.03501,0.80323,-0.56536
8243456,2019-09-14,2019-2020,Sheffield United,Southampton,0,1,0.01979,-0.36547,0.58811
8243444,2019-09-14,2019-2020,Manchester United,Leicester City,1,0,0.55513,0.15347,0.6045
8243454,2019-09-14,2019-2020,Tottenham Hotspur,Crystal Palace,4,0,0.70894,0.07316,0.83862
8243445,2019-09-14,2019-2020,Brighton & Hove Albion,Burnley,1,1,-0.3466,-0.08212,-0.06162
8243446,2019-09-14,2019-2020,Norwich City,Manchester City,3,2,-0.05823,1.58334,-1.43871
8243443,2019-09-15,2019-2020,Bournemouth,Everton,3,1,-0.34341,0.16564,-0.30619
8243453,2019-09-15,2019-2020,Watford,Arsenal,2,2,-0.28507,0.4695,-0.55172
8243441,2019-09-16,2019-2020,Aston Villa,West Ham United,0,0,-0.04999,-0.18934,0.3422
8243465,2019-09-20,2019-2020,Southampton,Bournemouth,1,3,-0.32321,-0.29416,0.17381
8243450,2019-09-21,2019-2020,Leicester City,Tottenham Hotspur,2,1,0.14038,0.76177,-0.41854
8243459,2019-09-21,2019-2020,Manchester City,Watford,8,0,1.53379,-0.26656,2.0032
8243451,2019-09-21,2019-2020,Everton,Sheffield United,0,2,0.11666,-0.02218,0.34168
8243447,2019-09-21,2019-2020,Burnley,Norwich City,2,0,-0.08479,-0.00817,0.12623
8243462,2019-09-21,2019-2020,Newcastle United,Brighton & Hove Albion,0,0,-0.0683,-0.34445,0.479
8243455,2019-09-22,2019-2020,Crystal Palace,Wolverhampton Wanderers,1,1,0.0206,-0.01503,0.23848
8243464,2019-09-22,2019-2020,West Ham United,Manchester United,2,0,-0.17707,0.56865,-0.54287
8243449,2019-09-22,2019-2020,Arsenal,Aston Villa,3,2,0.45102,-0.06176,0.71562
8243448,2019-09-22,2019-2020,Chelsea,Liverpool,1,2,0.8529,1.24818,-0.19243
8243470,2019-09-28,2019-2020,Sheffield United,Liverpool,0,1,0.02682,1.27441,-1.04473
8243457,2019-09-28,2019-2020,Crystal Palace,Norwich City,2,0,0.01224,-0.05422,0.26931
8243461,2019-09-28,2019-2020,Aston Villa,Burnley,2,2,-0.0717,-0.03924,0.17039
8243458,2019-09-28,2019-2020,Chelsea,Brighton & Hove Albion,2,0,0.82668,-0.32805,1.35758
8243474,2019-09-28,2019-2020,Wolverhampton Wanderers,Watford,2,0,-0.00733,-0.32185,0.51737
8243463,2019-09-28,2019-2020,Bournemouth,West Ham United,2,2,-0.24532,-0.12645,0.08398
8243466,2019-09-28,2019-2020,Everton,Manchester City,1,3,0.06663,1.58846,-1.31898
8243468,2019-09-30,2019-2020,Manchester United,Arsenal,1,1,0.51817,0.46083,0.26019
8243475,2019-10-05,2019-2020,Brighton & Hove Albion,Tottenham Hotspur,3,0,-0.34945,0.722,-0.8686
8243467,2019-10-05,2019-2020,Burnley,Everton,1,0,-0.03281,0.04425,0.12579
8243473,2019-10-05,2019-2020,Liverpool,Leicester City,2,1,1.27275,0.1797,1.2959
8243484,2019-10-05,2019-2020,Watford,Sheffield United,0,0,-0.36142,0.0284,-0.18697
8243485,2019-10-05,2019-2020,Norwich City,Aston Villa,1,5,-0.09704,-0.07762,0.18343
8243482,2019-10-05,2019-2020,West Ham United,Crystal Palace,1,2,-0.12295,0.05613,0.02377
8243480,2019-10-06,2019-2020,Southampton,Chelsea,1,4,-0.37204,0.84793,-1.01712
8243469,2019-10-06,2019-2020,Manchester City,Wolverhampton Wanderers,0,2,1.61146,0.03306,1.78125
8243471,2019-10-06,2019-2020,Arsenal,Bournemouth,1,0,0.46995,-0.24825,0.92104
8243476,2019-10-06,2019-2020,Newcastle United,Manchester United,1,0,-0.0847,0.50917,-0.39102
8243479,2019-10-19,2019-2020,Everton,West Ham United,2,0,0.01629,-0.15436,0.3735
8243493,2019-10-19,2019-2020,Wolverhampton Wanderers,Southampton,1,1,0.08737,-0.41869,0.70891
8243494,2019-10-19,2019-2020,Tottenham Hotspur,Watford,1,1,0.66907,-0.35494,1.22686
8243486,2019-10-19,2019-2020,Chelsea,Newcastle United,1,0,0.89482,-0.04584,1.14351
8243477,2019-10-19,2019-2020,Bournemouth,Norwich City,0,0,-0.25103,-0.15127,0.10308
8243483,2019-10-19,2019-2020,Leicester City,Burnley,2,1,0.19035,-0.00511,0.39831
8243481,2019-10-19,2019-2020,Crystal Palace,Manchester City,0,2,0.08802,1.5576,-1.26673
8243489,2019-10-20,2019-2020,Manchester United,Liverpool,1,1,0.47021,1.26254,-0.58948
8243488,2019-10-21,2019-2020,Sheffield United,Arsenal,1,0,0.02191,0.4727,-0.24794
8243497,2019-10-25,2019-2020,Southampton,Leicester City,0,9,-0.39603,0.21038,-0.40356
8243490,2019-10-26,2019-2020,Manchester City,Aston Villa,3,0,1.58088,-0.02281,1.80654
8243506,2019-10-26,2019-2020,Watford,Bournemouth,0,0,-0.31905,-0.25463,0.13842
8243498,2019-10-26,2019-2020,West Ham United,Sheffield United,1,1,-0.19722,0.05813,-0.05249
8243487,2019-10-26,2019-2020,Brighton & Hove Albion,Everton,3,2,-0.2949,0.05881,-0.15086
8243491,2019-10-26,2019-2020,Burnley,Chelsea,2,4,-0.02483,0.88982,-0.7118
8243492,2019-10-27,2019-2020,Arsenal,Crystal Palace,2,2,0.43651,0.06414,0.57523
8243504,2019-10-27,2019-2020,Norwich City,Manchester United,1,3,-0.14826,0.48987,-0.43528
8243495,2019-10-27,2019-2020,Liverpool,Tottenham Hotspur,2,1,1.24277,0.63325,0.81237
8243499,2019-11-02,2019-2020,Bournemouth,Manchester United,1,0,-0.24985,0.53197,-0.57897
8243510,2019-11-02,2019-2020,Manchester City,Southampton,2,1,1.6164,-0.45075,2.27
8243505,2019-11-02,2019-2020,Brighton & Hove Albion,Norwich City,2,0,-0.26028,-0.18989,0.13246
8243507,2019-11-02,2019-2020,Sheffield United,Burnley,3,0,0.0567,-0.06183,0.32138
8243515,2019-11-02,2019-2020,West Ham United,Newcastle United,2,3,-0.19537,-0.04079,0.04827
8243503,2019-11-02,2019-2020,Aston Villa,Liverpool,1,2,-0.05861,1.24929,-1.10504
8243502,2019-11-02,2019-2020,Arsenal,Wolverhampton Wanderers,1,1,0.41707,0.06418,0.55574
8243516,2019-11-02,2019-2020,Watford,Chelsea,1,2,-0.32393,0.92723,-1.04831
8243500,2019-11-03,2019-2020,Crystal Palace,Leicester City,0,2,0.0831,0.26572,0.02023
8243501,2019-11-03,2019-2020,Everton,Tottenham Hotspur,1,1,0.02505,0.62666,-0.39876
8243518,2019-11-08,2019-2020,Norwich City,Watford,0,2,-0.23584,-0.32224,0.28925
8243513,2019-11-09,2019-2020,Chelsea,Crystal Palace,2,0,0.92508,0.0361,1.09183
8243509,2019-11-09,2019-2020,Newcastle United,Bournemouth,2,1,-0.00845,-0.208,0.4024
8243520,2019-11-09,2019-2020,Southampton,Everton,1,2,-0.41472,0.03867,-0.25054
8243508,2019-11-09,2019-2020,Burnley,West Ham United,3,0,-0.11349,-0.22733,0.31669
8243524,2019-11-09,2019-2020,Tottenham Hotspur,Sheffield United,1,1,0.61272,0.10795,0.70762
8243512,2019-11-09,2019-2020,Leicester City,Arsenal,2,0,0.31234,0.39845,0.11674
8243514,2019-11-10,2019-2020,Manchester United,Brighton & Hove Albion,3,1,0.48988,-0.21481,0.90754
8243526,2019-11-10,2019-2020,Wolverhampton Wanderers,Aston Villa,2,1,0.08255,-0.05494,0.34034
8243511,2019-11-10,2019-2020,Liverpool,Manchester City,3,1,1.2457,1.57975,-0.1312
8243536,2019-11-23,2019-2020,West Ham United,Tottenham Hotspur,2,3,-0.27897,0.58957,-0.66569
8243535,2019-11-23,2019-2020,Watford,Burnley,0,3,-0.27309,-0.06222,-0.00802
8243525,2019-11-23,2019-2020,Brighton & Hove Albion,Leicester City,0,2,-0.24726,0.358,-0.40241
8243522,2019-11-23,2019-2020,Arsenal,Southampton,2,2,0.35259,-0.43905,0.99449
8243517,2019-11-23,2019-2020,Everton,Norwich City,0,2,0.06316,-0.28497,0.55099
8243521,2019-11-23,2019-2020,Crystal Palace,Liverpool,1,2,0.007,1.29366,-1.08381
8243529,2019-11-23,2019-2020,Manchester City,Chelsea,2,1,1.53138,0.95366,0.78058
8243530,2019-11-24,2019-2020,Sheffield United,Manchester United,3,3,0.13168,0.52285,-0.18832
8243519,2019-11-25,2019-2020,Aston Villa,Newcastle United,2,0,-0.07666,0.01146,0.11473
8243532,2019-11-30,2019-2020,Newcastle United,Manchester City,2,2,-0.03399,1.53899,-1.37013
8243546,2019-11-30,2019-2020,Tottenham Hotspur,Bournemouth,3,2,0.60081,-0.22813,1.03178
8243533,2019-11-30,2019-2020,Burnley,Crystal Palace,0,2,-0.00927,0.00992,0.18366
8243534,2019-11-30,2019-2020,Liverpool,Brighton & Hove Albion,2,1,1.29127,-0.28939,1.7835
8243531,2019-11-30,2019-2020,Chelsea,West Ham United,0,1,0.94636,-0.29046,1.43968
8243537,2019-11-30,2019-2020,Southampton,Watford,2,1,-0.40862,-0.32546,0.11969
8243540,2019-12-01,2019-2020,Norwich City,Arsenal,2,2,-0.23486,0.32188,-0.35389
8243542,2019-12-01,2019-2020,Wolverhampton Wanderers,Sheffield United,1,1,0.10455,0.13821,0.16918
8243527,2019-12-01,2019-2020,Leicester City,Everton,2,1,0.40061,0.0125,0.59096
8243528,2019-12-01,2019-2020,Manchester United,Aston Villa,2,2,0.51667,-0.031,0.75052
8243556,2019-12-03,2019-2020,Crystal Palace,Bournemouth,1,0,0.05832,-0.22701,0.48818
8243539,2019-12-03,2019-2020,Burnley,Manchester City,1,4,-0.05818,1.50007,-1.35539
8243553,2019-12-04,2019-2020,Chelsea,Aston Villa,2,1,0.89573,-0.00636,1.10494
8243548,2019-12-04,2019-2020,Southampton,Norwich City,2,1,-0.38045,-0.2227,0.0451
8243541,2019-12-04,2019-2020,Manchester United,Tottenham Hotspur,2,1,0.49204,0.5997,0.09518
8243538,2019-12-04,2019-2020,Leicester City,Watford,2,0,0.41473,-0.35363,0.97121
8243543,2019-12-04,2019-2020,Wolverhampton Wanderers,West Ham United,2,0,0.0986,-0.23984,0.54129
8243555,2019-12-04,2019-2020,Liverpool,Everton,5,2,1.26571,-0.00162,1.47017
8243544,2019-12-05,2019-2020,Sheffield United,Newcastle United,0,2,0.14417,0.0045,0.34252
8243545,2019-12-05,2019-2020,Arsenal,Brighton & Hove Albion,1,2,0.3094,-0.26382,0.77607
8243554,2019-12-07,2019-2020,Everton,Chelsea,3,1,-0.04314,0.89208,-0.73238
8243558,2019-12-07,2019-2020,Tottenham Hotspur,Burnley,5,0,0.57119,-0.10094,0.87498
8243550,2019-12-07,2019-2020,Bournemouth,Liverpool,0,3,-0.24359,1.30682,-1.34756
8243566,2019-12-07,2019-2020,Watford,Crystal Palace,0,0,-0.38543,0.07559,-0.25816
8243547,2019-12-07,2019-2020,Manchester City,Manchester United,1,2,1.54335,0.52053,1.22567
8243552,2019-12-08,2019-2020,Newcastle United,Southampton,2,1,0.05442,-0.35071,0.60798
8243551,2019-12-08,2019-2020,Aston Villa,Leicester City,1,4,-0.00246,0.44624,-0.24585
8243560,2019-12-08,2019-2020,Norwich City,Sheffield United,1,2,-0.25232,0.09469,-0.14416
8243549,2019-12-08,2019-2020,Brighton & Hove Albion,Wolverhampton Wanderers,2,2,-0.22012,0.1386,-0.15587
8243564,2019-12-09,2019-2020,West Ham United,Arsenal,1,3,-0.28052,0.26496,-0.34262
8243565,2019-12-14,2019-2020,Liverpool,Watford,2,0,1.35015,-0.3765,1.9295
8243562,2019-12-14,2019-2020,Burnley,Newcastle United,1,0,-0.15559,0.06783,-0.02057
8243557,2019-12-14,2019-2020,Chelsea,Bournemouth,0,1,0.84056,-0.28647,1.32988
8243559,2019-12-14,2019-2020,Leicester City,Norwich City,1,1,0.49816,-0.27955,0.98056
8243567,2019-12-14,2019-2020,Sheffield United,Aston Villa,2,0,0.12136,-0.05403,0.37824
8243572,2019-12-14,2019-2020,Southampton,West Ham United,0,1,-0.36378,-0.32346,0.16252
8243571,2019-12-15,2019-2020,Wolverhampton Wanderers,Tottenham Hotspur,1,2,0.13362,0.62536,-0.28889
8243575,2019-12-15,2019-2020,Manchester United,Everton,1,1,0.56953,0.00833,0.76405
8243563,2019-12-15,2019-2020,Arsenal,Manchester City,0,3,0.3074,1.49466,-0.98442
8243561,2019-12-16,2019-2020,Crystal Palace,Brighton & Hove Albion,1,1,0.06684,-0.21469,0.48438
8243573,2019-12-21,2019-2020,Everton,Arsenal,0,0,0.03365,0.26045,-0.02395
8243574,2019-12-21,2019-2020,Norwich City,Wolverhampton Wanderers,1,2,-0.24948,0.11036,-0.15699
8243576,2019-12-21,2019-2020,Bournemouth,Burnley,0,1,-0.23754,-0.12427,0.08958
8243569,2019-12-21,2019-2020,Newcastle United,Crystal Palace,1,0,0.03665,0.05045,0.18906
8243570,2019-12-21,2019-2020,Brighton & Hove Albion,Sheffield United,0,1,-0.19825,0.16383,-0.15923
8243577,2019-12-21,2019-2020,Aston Villa,Southampton,1,3,-0.09705,-0.39827,0.50407
8243568,2019-12-21,2019-2020,Manchester City,Leicester City,3,1,1.54108,0.46779,1.27614
8243579,2019-12-22,2019-2020,Watford,Manchester United,2,0,-0.37886,0.54479,-0.7208
8243578,2019-12-22,2019-2020,Tottenham Hotspur,Chelsea,0,2,0.64922,0.79115,0.06092
8243594,2019-12-26,2019-2020,Tottenham Hotspur,Brighton & Hove Albion,2,1,0.60132,-0.22507,1.02925
8243587,2019-12-26,2019-2020,Sheffield United,Watford,1,1,0.19112,-0.32743,0.72139
8243582,2019-12-26,2019-2020,Everton,Burnley,1,0,0.0345,-0.091,0.32835
8243585,2019-12-26,2019-2020,Crystal Palace,West Ham United,2,1,0.02424,-0.28859,0.51568
8243580,2019-12-26,2019-2020,Bournemouth,Arsenal,1,1,-0.27081,0.25961,-0.32756
8243586,2019-12-26,2019-2020,Aston Villa,Norwich City,1,0,-0.14804,-0.27635,0.33117
8243581,2019-12-26,2019-2020,Chelsea,Southampton,0,2,0.83797,-0.34729,1.38811
8243598,2019-12-26,2019-2020,Manchester United,Newcastle United,4,1,0.49308,0.06268,0.63325
8243583,2019-12-26,2019-2020,Leicester City,Liverpool,0,4,0.44384,1.35261,-0.70592
8243588,2019-12-28,2019-2020,Brighton & Hove Albion,Bournemouth,2,0,-0.22435,-0.25953,0.23803
8243596,2019-12-28,2019-2020,Watford,Aston Villa,3,0,-0.30331,-0.126,0.02555
8243600,2019-12-28,2019-2020,Southampton,Crystal Palace,1,1,-0.29493,0.04063,-0.1327
8243591,2019-12-28,2019-2020,Newcastle United,Everton,1,2,0.01334,0.05661,0.15958
8243602,2019-12-28,2019-2020,Norwich City,Tottenham Hotspur,2,2,-0.29869,0.60031,-0.69615
8243605,2019-12-28,2019-2020,West Ham United,Leicester City,1,2,-0.30584,0.39072,-0.49371
8243597,2019-12-28,2019-2020,Burnley,Manchester United,0,2,-0.11313,0.54271,-0.45299
8243589,2019-12-29,2019-2020,Arsenal,Chelsea,1,2,0.24781,0.78468,-0.33402
8243592,2019-12-29,2019-2020,Liverpool,Wolverhampton Wanderers,1,0,1.40576,0.13755,1.47106
8243595,2019-12-29,2019-2020,Manchester City,Sheffield United,2,0,1.56496,0.16757,1.60024
8243603,2020-01-01,2019-2020,Burnley,Aston Villa,1,2,-0.15496,-0.17891,0.2268
8243590,2020-01-01,2019-2020,Brighton & Hove Albion,Chelsea,1,1,-0.17959,0.80687,-0.78361
8243593,2020-01-01,2019-2020,Newcastle United,Leicester City,0,3,-0.02147,0.40799,-0.22661
8243601,2020-01-01,2019-2020,Southampton,Tottenham Hotspur,1,0,-0.29025,0.57723,-0.66464
8243615,2020-01-01,2019-2020,West Ham United,Bournemouth,4,0,-0.32312,-0.3043,0.18403
8243606,2020-01-01,2019-2020,Manchester City,Everton,2,1,1.57877,0.09141,1.69021
8243604,2020-01-01,2019-2020,Arsenal,Manchester United,2,0,0.22562,0.58455,-0.15608
8243607,2020-01-02,2019-2020,Liverpool,Sheffield United,2,0,1.38962,0.15376,1.43871
8243620,2020-01-10,2019-2020,Sheffield United,West Ham United,1,0,0.13485,-0.26922,0.60692
8243618,2020-01-11,2019-2020,Crystal Palace,Arsenal,1,1,0.03619,0.27378,-0.03474
8243617,2020-01-11,2019-2020,Chelsea,Burnley,3,0,0.78074,-0.19076,1.17435
8243625,2020-01-11,2019-2020,Wolverhampton Wanderers,Newcastle United,1,1,0.15296,-0.0731,0.42892
8243608,2020-01-11,2019-2020,Everton,Brighton & Hove Albion,1,0,0.11392,-0.15431,0.47108
8243614,2020-01-11,2019-2020,Leicester City,Southampton,1,2,0.45885,-0.24722,0.90892
8243622,2020-01-11,2019-2020,Manchester United,Norwich City,4,0,0.53649,-0.27587,1.0152
8243613,2020-01-11,2019-2020,Tottenham Hotspur,Liverpool,0,1,0.53443,1.40842,-0.67113
8243609,2020-01-12,2019-2020,Bournemouth,Watford,0,3,-0.35758,-0.25098,0.09625
8243616,2020-01-12,2019-2020,Aston Villa,Manchester City,1,6,-0.14229,1.55612,-1.49556
8243635,2020-01-18,2019-2020,Watford,Tottenham Hotspur,0,0,-0.19773,0.52311,-0.51799
8243629,2020-01-18,2019-2020,Brighton & Hove Albion,Aston Villa,1,1,-0.17182,-0.19579,0.22682
8243621,2020-01-18,2019-2020,Manchester City,Crystal Palace,2,2,1.60936,0.0374,1.77481
8243631,2020-01-18,2019-2020,Southampton,Wolverhampton Wanderers,2,3,-0.20082,0.13836,-0.13633
8243634,2020-01-18,2019-2020,West Ham United,Everton,1,1,-0.28206,0.13172,-0.21093
8243610,2020-01-18,2019-2020,Arsenal,Sheffield United,1,1,0.2731,0.14829,0.32766
8243611,2020-01-18,2019-2020,Newcastle United,Chelsea,1,0,-0.05907,0.82576,-0.68198
8243624,2020-01-19,2019-2020,Burnley,Leicester City,2,1,-0.23618,0.41295,-0.44628
8243623,2020-01-19,2019-2020,Liverpool,Manchester United,2,0,1.41994,0.58883,1.03395
8243643,2020-01-21,2019-2020,Crystal Palace,Southampton,0,2,0.08184,-0.22825,0.51294
8243627,2020-01-21,2019-2020,Everton,Newcastle United,2,2,0.1246,-0.0158,0.34325
8243626,2020-01-21,2019-2020,Bournemouth,Brighton & Hove Albion,3,1,-0.41083,-0.17968,-0.0283
8243641,2020-01-21,2019-2020,Aston Villa,Watford,2,1,-0.18852,-0.18028,0.19462
8243633,2020-01-21,2019-2020,Sheffield United,Manchester City,0,1,0.15972,1.56495,-1.20238
8243628,2020-01-22,2019-2020,Tottenham Hotspur,Norwich City,2,1,0.50554,-0.32881,1.0372
8243640,2020-01-22,2019-2020,Leicester City,West Ham United,4,1,0.37263,-0.27475,0.85023
8243636,2020-01-22,2019-2020,Manchester United,Burnley,0,2,0.55941,-0.19639,0.95864
8243630,2020-01-23,2019-2020,Wolverhampton Wanderers,Liverpool,1,2,0.16562,1.44995,-1.08149
8532930,2020-01-29,2019-2020,West Ham United,Liverpool,0,2,-0.32277,1.44708,-1.567
8243648,2020-02-01,2019-2020,Leicester City,Chelsea,2,2,0.42127,0.78201,-0.15789
8243644,2020-02-01,2019-2020,Crystal Palace,Sheffield United,0,1,0.03081,0.16674,0.06692
8243647,2020-02-01,2019-2020,Watford,Everton,2,3,-0.20596,0.1128,-0.11591
8243650,2020-02-01,2019-2020,West Ham United,Brighton & Hove Albion,3,3,-0.33767,-0.22728,0.09246
8243655,2020-02-01,2019-2020,Liverpool,Southampton,4,0,1.46219,-0.17722,1.84226
8243637,2020-02-01,2019-2020,Bournemouth,Aston Villa,2,1,-0.36323,-0.16263,0.00225
8243642,2020-02-01,2019-2020,Newcastle United,Norwich City,0,0,-0.00353,-0.32749,0.52681
8243645,2020-02-01,2019-2020,Manchester United,Wolverhampton Wanderers,0,0,0.50655,0.16847,0.54093
8243646,2020-02-02,2019-2020,Burnley,Arsenal,0,0,-0.14367,0.26182,-0.20264
8243639,2020-02-02,2019-2020,Tottenham Hotspur,Manchester City,2,0,0.50423,1.55784,-0.85077
8243663,2020-02-08,2019-2020,Everton,Crystal Palace,3,1,0.14063,-0.00157,0.34506
8243659,2020-02-08,2019-2020,Brighton & Hove Albion,Watford,1,1,-0.22362,-0.23393,0.21316
8243654,2020-02-09,2019-2020,Sheffield United,Bournemouth,2,1,0.19922,-0.33246,0.73452
8243729,2020-02-14,2019-2020,Wolverhampton Wanderers,Leicester City,0,0,0.18666,0.42676,-0.03725
8243652,2020-02-15,2019-2020,Southampton,Burnley,1,2,-0.22626,-0.13663,0.11322
8243651,2020-02-15,2019-2020,Norwich City,Liverpool,0,1,-0.30894,1.51036,-1.61645
8243649,2020-02-16,2019-2020,Aston Villa,Tottenham Hotspur,2,3,-0.19313,0.55615,-0.54644
8243653,2020-02-16,2019-2020,Arsenal,Newcastle United,4,0,0.25467,-0.02126,0.47878
8243660,2020-02-17,2019-2020,Chelsea,Manchester United,0,2,0.7775,0.48839,0.49196
8578694,2020-02-19,2019-2020,Manchester City,West Ham United,2,0,1.50549,-0.3409,2.04924
8243730,2020-02-22,2019-2020,Chelsea,Tottenham Hotspur,2,1,0.72658,0.57173,0.3577
8243731,2020-02-22,2019-2020,Southampton,Aston Villa,2,0,-0.26005,-0.20855,0.15134
8243734,2020-02-22,2019-2020,Sheffield United,Brighton & Hove Albion,1,1,0.2085,-0.23102,0.64237
8243722,2020-02-22,2019-2020,Burnley,Bournemouth,3,0,-0.10313,-0.34174,0.44146
8243733,2020-02-22,2019-2020,Crystal Palace,Newcastle United,1,0,-0.04485,-0.07538,0.23338
8243696,2020-02-22,2019-2020,Leicester City,Manchester City,0,1,0.42553,1.50377,-0.8754
8243703,2020-02-23,2019-2020,Wolverhampton Wanderers,Norwich City,3,0,0.18797,-0.28848,0.6793
8243721,2020-02-23,2019-2020,Manchester United,Watford,3,0,0.53854,-0.22645,0.96784
8243732,2020-02-23,2019-2020,Arsenal,Everton,3,2,0.30879,0.18354,0.32809
8243724,2020-02-24,2019-2020,Liverpool,West Ham United,3,2,1.49042,-0.33916,2.03243
8243697,2020-02-28,2019-2020,Norwich City,Leicester City,1,0,-0.33758,0.42119,-0.55592
8243704,2020-02-29,2019-2020,Brighton & Hove Albion,Crystal Palace,0,1,-0.20985,-0.02004,0.01304
8243680,2020-02-29,2019-2020,West Ham United,Southampton,3,1,-0.30761,-0.21478,0.11001
8243695,2020-02-29,2019-2020,Bournemouth,Chelsea,2,2,-0.39199,0.74783,-0.93697
8243700,2020-02-29,2019-2020,Newcastle United,Burnley,0,0,-0.09979,-0.05242,0.15548
8243705,2020-02-29,2019-2020,Watford,Liverpool,3,0,-0.27395,1.45881,-1.52991
8243707,2020-03-01,2019-2020,Everton,Manchester United,1,1,0.1619,0.58565,-0.2209
8243712,2020-03-01,2019-2020,Tottenham Hotspur,Wolverhampton Wanderers,2,3,0.55089,0.23732,0.51642
8243674,2020-03-07,2019-2020,Liverpool,Bournemouth,2,1,1.40407,-0.3627,1.96962
8243683,2020-03-07,2019-2020,Southampton,Newcastle United,0,1,-0.26,-0.10521,0.04806
8243687,2020-03-07,2019-2020,Arsenal,West Ham United,1,0,0.33115,-0.26189,0.79589
8243685,2020-03-07,2019-2020,Sheffield United,Norwich City,1,0,0.18701,-0.29608,0.68595
8243686,2020-03-07,2019-2020,Crystal Palace,Watford,1,0,0.01139,-0.21956,0.43379
8243664,2020-03-07,2019-2020,Wolverhampton Wanderers,Brighton & Hove Albion,0,0,0.27878,-0.24099,0.72262
8243672,2020-03-07,2019-2020,Burnley,Tottenham Hotspur,1,1,-0.04645,0.50997,-0.35357
8243682,2020-03-08,2019-2020,Chelsea,Everton,4,0,0.71876,0.16955,0.75206
8243670,2020-03-08,2019-2020,Manchester United,Manchester City,2,0,0.57851,1.50816,-0.7268
8243661,2020-03-09,2019-2020,Leicester City,Aston Villa,4,0,0.37963,-0.25432,0.8368
8674007,2020-06-17,2019-2020,Aston Villa,Sheffield United,0,0,-0.30682,0.19783,-0.3018
8684143,2020-06-19,2019-2020,Norwich City,Southampton,0,3,-0.30643,-0.29197,0.18839
8684147,2020-06-19,2019-2020,Tottenham Hotspur,Manchester United,1,1,0.49739,0.62996,0.07028
8684146,2020-06-20,2019-2020,Watford,Leicester City,1,1,-0.2379,0.43246,-0.4675
8684149,2020-06-20,2019-2020,Brighton & Hove Albion,Arsenal,2,1,-0.21776,0.33823,-0.35314
8684148,2020-06-20,2019-2020,West Ham United,Wolverhampton Wanderers,0,2,-0.26847,0.2552,-0.32082
8684151,2020-06-20,2019-2020,Bournemouth,Crystal Palace,0,2,-0.33226,0.03034,-0.15974
8684155,2020-06-21,2019-2020,Aston Villa,Chelsea,1,2,-0.29629,0.77178,-0.86522
8684156,2020-06-21,2019-2020,Everton,Liverpool,0,0,0.11662,1.37397,-1.05449
8684152,2020-06-22,2019-2020,Manchester City,Burnley,5,0,1.45664,-0.03432,1.69381
8684166,2020-06-23,2019-2020,Leicester City,Brighton & Hove Albion,0,0,0.4172,-0.17956,0.79961
8684165,2020-06-23,2019-2020,Tottenham Hotspur,West Ham United,2,0,0.49491,-0.31171,1.00946
8684159,2020-06-24,2019-2020,Norwich City,Everton,0,1,-0.35991,0.14872,-0.30578
8684160,2020-06-24,2019-2020,Wolverhampton Wanderers,Bournemouth,1,0,0.29816,-0.37744,0.87845
8684158,2020-06-24,2019-2020,Manchester United,Sheffield United,3,0,0.63299,0.18731,0.64853
8684157,2020-06-24,2019-2020,Newcastle United,Aston Villa,1,1,-0.0733,-0.30099,0.43054
8684161,2020-06-24,2019-2020,Liverpool,Crystal Palace,4,0,1.34152,0.07602,1.46835
8684162,2020-06-25,2019-2020,Burnley,Watford,1,0,-0.08732,-0.22205,0.33758
8684167,2020-06-27,2019-2020,Aston Villa,Wolverhampton Wanderers,0,1,-0.28638,0.30241,-0.38593
8684169,2020-06-28,2019-2020,Watford,Southampton,1,3,-0.24371,-0.23849,0.19763
8684168,2020-06-29,2019-2020,Crystal Palace,Burnley,0,1,0.02516,-0.06549,0.2935
8684177,2020-06-30,2019-2020,Brighton & Hove Albion,Manchester United,0,3,-0.15342,0.68252,-0.6331
8684171,2020-07-01,2019-2020,Arsenal,Norwich City,4,0,0.30012,-0.38267,0.88564
8684172,2020-07-01,2019-2020,Bournemouth,Newcastle United,1,4,-0.38218,-0.08796,-0.09137
8684170,2020-07-01,2019-2020,Everton,Leicester City,2,1,0.17185,0.39147,-0.01676
8684176,2020-07-01,2019-2020,West Ham United,Chelsea,3,2,-0.34279,0.77652,-0.91646
8684175,2020-07-02,2019-2020,Sheffield United,Tottenham Hotspur,3,1,0.138,0.52552,-0.18466
8684174,2020-07-02,2019-2020,Manchester City,Liverpool,4,0,1.51038,1.39209,0.32114
8692237,2020-07-04,2019-2020,Norwich City,Brighton & Hove Albion,0,1,-0.43564,-0.20306,-0.02973
8692233,2020-07-04,2019-2020,Manchester United,Bournemouth,5,2,0.73272,-0.43429,1.36986
8692232,2020-07-04,2019-2020,Leicester City,Crystal Palace,3,0,0.35996,-0.01194,0.57475
8692236,2020-07-04,2019-2020,Wolverhampton Wanderers,Arsenal,0,2,0.32285,0.35283,0.17287
8692229,2020-07-04,2019-2020,Chelsea,Watford,3,0,0.73107,-0.29219,1.22611
8692234,2020-07-05,2019-2020,Burnley,Sheffield United,1,1,-0.02814,0.18638,-0.01167
8692235,2020-07-05,2019-2020,Newcastle United,West Ham United,2,2,-0.03601,-0.2968,0.46364
8692230,2020-07-05,2019-2020,Liverpool,Aston Villa,2,0,1.33891,-0.30678,1.84854
8692231,2020-07-05,2019-2020,Southampton,Manchester City,1,0,-0.19094,1.56411,-1.5522
8692238,2020-07-06,2019-2020,Tottenham Hotspur,Everton,1,0,0.47748,0.20309,0.47724
8692245,2020-07-07,2019-2020,Crystal Palace,Chelsea,2,3,-0.06233,0.77548,-0.63496
8692246,2020-07-07,2019-2020,Watford,Norwich City,2,1,-0.33714,-0.46577,0.33147
8692241,2020-07-08,2019-2020,West Ham United,Burnley,0,1,-0.28056,-0.02773,-0.04997
8692239,2020-07-08,2019-2020,Sheffield United,Wolverhampton Wanderers,1,0,0.18652,0.27456,0.1148
8692240,2020-07-08,2019-2020,Manchester City,Newcastle United,5,0,1.51405,-0.05173,1.76862
8692244,2020-07-08,2019-2020,Brighton & Hove Albion,Liverpool,1,3,-0.17349,1.34417,-1.31481
8692247,2020-07-09,2019-2020,Bournemouth,Tottenham Hotspur,0,0,-0.47745,0.49507,-0.76966
8692248,2020-07-09,2019-2020,Everton,Southampton,1,1,0.18583,-0.14026,0.52894
8692242,2020-07-09,2019-2020,Aston Villa,Manchester United,0,3,-0.31228,0.77529,-0.88472
8692260,2020-07-11,2019-2020,Norwich City,West Ham United,0,4,-0.48812,-0.31018,0.02492
8692256,2020-07-11,2019-2020,Watford,Newcastle United,2,1,-0.31488,-0.10531,-0.00672
8692257,2020-07-11,2019-2020,Liverpool,Burnley,1,1,1.36675,0.00222,1.56738
8692251,2020-07-11,2019-2020,Sheffield United,Chelsea,3,0,0.21482,0.78813,-0.37047
8692255,2020-07-11,2019-2020,Brighton & Hove Albion,Manchester City,0,5,-0.19624,1.56702,-1.56042
8692252,2020-07-12,2019-2020,Wolverhampton Wanderers,Everton,3,0,0.24603,0.16803,0.28085
8692253,2020-07-12,2019-2020,Aston Villa,Crystal Palace,2,0,-0.36064,-0.07485,-0.08294
8692254,2020-07-12,2019-2020,Tottenham Hotspur,Arsenal,2,1,0.47038,0.40165,0.27157
8692259,2020-07-13,2019-2020,Manchester United,Southampton,2,2,0.82359,-0.12227,1.14871
8692270,2020-07-14,2019-2020,Chelsea,Norwich City,1,0,0.73523,-0.54221,1.48029
8692269,2020-07-15,2019-2020,Burnley,Wolverhampton Wanderers,1,1,0.04357,0.29746,-0.05104
8692265,2020-07-15,2019-2020,Newcastle United,Tottenham Hotspur,1,3,-0.1359,0.49412,-0.42716
8692263,2020-07-15,2019-2020,Manchester City,Bournemouth,2,1,1.62101,-0.45254,2.27641
8692267,2020-07-15,2019-2020,Arsenal,Liverpool,2,1,0.37796,1.32507,-0.74426
8692266,2020-07-16,2019-2020,Everton,Aston Villa,1,1,0.11642,-0.31308,0.63234
8692268,2020-07-16,2019-2020,Leicester City,Sheffield United,2,0,0.4105,0.26808,0.34527
8692264,2020-07-16,2019-2020,Crystal Palace,Manchester United,0,2,-0.12255,0.7894,-0.7091
8692262,2020-07-16,2019-2020,Southampton,Brighton & Hove Albion,1,1,-0.08773,-0.24963,0.36476
8692271,2020-07-17,2019-2020,West Ham United,Watford,3,1,-0.25642,-0.28388,0.23032
8692272,2020-07-18,2019-2020,Norwich City,Burnley,0,2,-0.52655,0.04536,-0.36906
8692275,2020-07-19,2019-2020,Bournemouth,Southampton,0,2,-0.4155,-0.10023,-0.11241
8692273,2020-07-19,2019-2020,Tottenham Hotspur,Leicester City,3,0,0.53614,0.4534,0.28559
8692280,2020-07-20,2019-2020,Sheffield United,Everton,0,1,0.22577,0.09546,0.33316
8692276,2020-07-20,2019-2020,Brighton & Hove Albion,Newcastle United,0,0,-0.23772,-0.17766,0.14279
8692278,2020-07-20,2019-2020,Wolverhampton Wanderers,Crystal Palace,2,0,0.29625,-0.1596,0.6587
8692277,2020-07-21,2019-2020,Watford,Manchester City,0,4,-0.3279,1.58424,-1.70929
8692281,2020-07-21,2019-2020,Aston Villa,Arsenal,1,0,-0.2916,0.42202,-0.51077
8692279,2020-07-22,2019-2020,Manchester United,West Ham United,1,1,0.82607,-0.21204,1.24096
8692274,2020-07-22,2019-2020,Liverpool,Chelsea,5,3,1.28055,0.71896,0.76444
8692285,2020-07-26,2019-2020,Everton,Bournemouth,1,3,0.13307,-0.46119,0.7971
8692284,2020-07-26,2019-2020,Manchester City,Norwich City,5,0,1.63297,-0.56912,2.40495
8692286,2020-07-26,2019-2020,Newcastle United,Liverpool,1,3,-0.17315,1.31652,-1.28682
8692287,2020-07-26,2019-2020,Arsenal,Watford,3,2,0.38169,-0.37705,0.96159
8692282,2020-07-26,2019-2020,Crystal Palace,Tottenham Hotspur,1,1,-0.19799,0.58755,-0.58269
8692290,2020-07-26,2019-2020,Chelsea,Wolverhampton Wanderers,2,0,0.68281,0.33423,0.55144
8692288,2020-07-26,2019-2020,Leicester City,Manchester United,0,2,0.40248,0.78999,-0.18467
8692291,2020-07-26,2019-2020,Southampton,Sheffield United,3,1,-0.05468,0.18793,-0.03976
8692283,2020-07-26,2019-2020,Burnley,Brighton & Hove Albion,1,2,0.08795,-0.24268,0.53349
8692289,2020-07-26,2019-2020,West Ham United,Aston Villa,1,1,-0.17548,-0.25078,0.27816
8896967,2020-09-12,2020-2021,Fulham,Arsenal,0,3,-0.24682,0.38302,-0.42699
8896988,2020-09-12,2020-2021,Crystal Palace,Southampton,1,0,-0.17832,-0.00749,0.03203
8896944,2020-09-12,2020-2021,Liverpool,Leeds United,4,3,1.34024,0.0,1.54309
8896949,2020-09-12,2020-2021,West Ham United,Newcastle United,0,2,-0.18519,-0.19645,0.21411
8896963,2020-09-13,2020-2021,West Bromwich Albion,Leicester City,0,3,-0.38683,0.35757,-0.54154
8896992,2020-09-13,2020-2021,Tottenham Hotspur,Everton,0,1,0.56867,0.08134,0.69018
8896986,2020-09-14,2020-2021,Sheffield United,Wolverhampton Wanderers,0,2,0.14034,0.29395,0.04924
8896998,2020-09-14,2020-2021,Brighton & Hove Albion,Chelsea,1,3,-0.20158,0.72264,-0.72137
8896970,2020-09-19,2020-2021,Everton,West Bromwich Albion,5,2,0.12413,-0.43701,0.76399
8896915,2020-09-19,2020-2021,Leeds United,Fulham,4,3,0.01823,-0.29759,0.51867
8896928,2020-09-19,2020-2021,Manchester United,Crystal Palace,1,3,0.83448,-0.14826,1.18559
8896947,2020-09-19,2020-2021,Arsenal,West Ham United,2,1,0.43382,-0.23379,0.87046
8896924,2020-09-20,2020-2021,Southampton,Tottenham Hotspur,2,5,-0.03704,0.52529,-0.35947
8896922,2020-09-20,2020-2021,Newcastle United,Brighton & Hove Albion,0,3,-0.14812,-0.23838,0.29312
8897016,2020-09-20,2020-2021,Chelsea,Liverpool,0,2,0.7599,1.322,-0.35924
8896919,2020-09-20,2020-2021,Leicester City,Burnley,4,2,0.40725,0.04678,0.56332
8896950,2020-09-21,2020-2021,Aston Villa,Sheffield United,1,0,-0.24071,0.09308,-0.13094
8896925,2020-09-21,2020-2021,Wolverhampton Wanderers,Manchester City,1,3,0.34209,1.68386,-1.13893
8896929,2020-09-26,2020-2021,Brighton & Hove Albion,Manchester United,2,3,-0.18568,0.78161,-0.76444
8896933,2020-09-26,2020-2021,Crystal Palace,Everton,1,2,-0.09504,0.1729,-0.06509
8896983,2020-09-26,2020-2021,West Bromwich Albion,Chelsea,3,3,-0.48632,0.71719,-1.00066
8896923,2020-09-26,2020-2021,Burnley,Southampton,0,1,0.00669,-0.08814,0.29767
8896946,2020-09-27,2020-2021,Sheffield United,Leeds United,0,1,0.05874,0.03453,0.22706
8896939,2020-09-27,2020-2021,Tottenham Hotspur,Newcastle United,1,1,0.5759,-0.20122,0.97997
8896934,2020-09-27,2020-2021,Manchester City,Leicester City,2,5,1.71178,0.4469,1.46773
8896960,2020-09-27,2020-2021,West Ham United,Wolverhampton Wanderers,4,0,-0.23885,0.31472,-0.35072
8896937,2020-09-28,2020-2021,Fulham,Aston Villa,0,3,-0.31445,-0.20691,0.0953
8896930,2020-09-28,2020-2021,Liverpool,Arsenal,3,1,1.36451,0.43833,1.12903
8897005,2020-10-03,2020-2021,Chelsea,Crystal Palace,4,0,0.68586,-0.12428,1.01299
8896893,2020-10-03,2020-2021,Everton,Brighton & Hove Albion,4,2,0.20268,-0.19383,0.59937
8896898,2020-10-03,2020-2021,Leeds United,Manchester City,1,1,0.07052,1.65741,-1.38404
8896897,2020-10-03,2020-2021,Newcastle United,Burnley,3,1,-0.17147,-0.03049,0.06187
8896905,2020-10-04,2020-2021,Southampton,West Bromwich Albion,2,0,-0.05152,-0.45547,0.6068
8896896,2020-10-04,2020-2021,Leicester City,West Ham United,0,3,0.5017,-0.18453,0.88908
8896910,2020-10-04,2020-2021,Wolverhampton Wanderers,Fulham,1,0,0.26011,-0.36711,0.83007
8896901,2020-10-04,2020-2021,Arsenal,Sheffield United,2,1,0.41076,0.02294,0.59067
8896904,2020-10-04,2020-2021,Manchester United,Tottenham Hotspur,1,6,0.78917,0.54555,0.44647
8896884,2020-10-04,2020-2021,Aston Villa,Liverpool,7,2,-0.15387,1.39214,-1.34316
8897007,2020-10-17,2020-2021,Everton,Liverpool,2,2,0.24215,1.33683,-0.89183
8896911,2020-10-17,2020-2021,Chelsea,Southampton,3,3,0.73881,-0.01261,0.95427
8896916,2020-10-17,2020-2021,Manchester City,Arsenal,1,0,1.61807,0.42473,1.39619
8897001,2020-10-17,2020-2021,Newcastle United,Manchester United,1,4,-0.12474,0.73455,-0.65644
8896879,2020-10-18,2020-2021,Sheffield United,Fulham,1,1,0.00856,-0.37309,0.5845
8896907,2020-10-18,2020-2021,Crystal Palace,Brighton & Hove Albion,1,1,-0.17697,-0.23329,0.25917
8896878,2020-10-18,2020-2021,Tottenham Hotspur,West Ham United,3,3,0.59983,-0.12996,0.93264
8896913,2020-10-18,2020-2021,Leicester City,Aston Villa,0,1,0.44712,-0.09916,0.74914
8896881,2020-10-19,2020-2021,West Bromwich Albion,Burnley,0,0,-0.49402,-0.07722,-0.21395
8896918,2020-10-19,2020-2021,Leeds United,Wolverhampton Wanderers,0,1,0.10969,0.26602,0.04652
8896882,2020-10-23,2020-2021,Aston Villa,Leeds United,0,3,-0.05444,0.07776,0.07066
8896890,2020-10-24,2020-2021,West Ham United,Manchester City,1,1,-0.10077,1.60453,-1.50244
8896887,2020-10-24,2020-2021,Fulham,Crystal Palace,1,2,-0.3541,-0.18594,0.03469
8897003,2020-10-24,2020-2021,Manchester United,Chelsea,0,0,0.78342,0.70907,0.2772
8896880,2020-10-24,2020-2021,Liverpool,Sheffield United,2,1,1.30958,-0.01094,1.52337
8896891,2020-10-25,2020-2021,Southampton,Everton,2,0,0.01754,0.2703,-0.04991
8896892,2020-10-25,2020-2021,Wolverhampton Wanderers,Newcastle United,1,1,0.29801,-0.17424,0.6751
8896875,2020-10-25,2020-2021,Arsenal,Leicester City,0,1,0.43843,0.40301,0.23827
8896886,2020-10-26,2020-2021,Brighton & Hove Albion,West Bromwich Albion,1,1,-0.224,-0.48661,0.46546
8896877,2020-10-26,2020-2021,Burnley,Tottenham Hotspur,0,1,-0.08454,0.57065,-0.45234
8896874,2020-10-30,2020-2021,Wolverhampton Wanderers,Crystal Palace,2,0,0.27555,-0.15394,0.63234
8896861,2020-10-31,2020-2021,Sheffield United,Manchester City,0,1,0.00646,1.56338,-1.35407
8896888,2020-10-31,2020-2021,Burnley,Chelsea,0,3,-0.10312,0.71875,-0.61903
8896865,2020-10-31,2020-2021,Liverpool,West Ham United,2,1,1.29176,-0.06007,1.55468
8896885,2020-11-01,2020-2021,Aston Villa,Southampton,3,4,-0.10762,0.06481,0.03042
8896867,2020-11-01,2020-2021,Newcastle United,Everton,2,1,-0.15257,0.2225,-0.17223
8896859,2020-11-01,2020-2021,Manchester United,Arsenal,0,1,0.77374,0.4024,0.57419
8897002,2020-11-01,2020-2021,Tottenham Hotspur,Brighton & Hove Albion,2,1,0.58869,-0.23979,1.03133
8896858,2020-11-02,2020-2021,Fulham,West Bromwich Albion,2,0,-0.38611,-0.47064,0.28739
8896863,2020-11-02,2020-2021,Leeds United,Leicester City,1,4,0.13,0.43944,-0.10659
8896871,2020-11-06,2020-2021,Brighton & Hove Albion,Burnley,0,0,-0.23887,-0.15284,0.11683
8896876,2020-11-06,2020-2021,Southampton,Newcastle United,2,0,0.09689,-0.11788,0.41761
8896866,2020-11-07,2020-2021,Everton,Manchester United,1,3,0.18866,0.73196,-0.34045
8896869,2020-11-07,2020-2021,Crystal Palace,Leeds United,4,1,-0.19284,0.07794,-0.06793
8896868,2020-11-07,2020-2021,Chelsea,Sheffield United,4,1,0.76805,0.01862,0.95228
8896847,2020-11-07,2020-2021,West Ham United,Fulham,1,0,-0.04103,-0.34244,0.50427
8896851,2020-11-08,2020-2021,West Bromwich Albion,Tottenham Hotspur,0,1,-0.51439,0.58761,-0.89915
8896870,2020-11-08,2020-2021,Leicester City,Wolverhampton Wanderers,1,0,0.49061,0.31401,0.37946
8896883,2020-11-08,2020-2021,Manchester City,Liverpool,1,1,1.55152,1.27317,0.4812
8896873,2020-11-08,2020-2021,Arsenal,Aston Villa,0,3,0.44378,-0.13917,0.7858
8896848,2020-11-21,2020-2021,Newcastle United,Chelsea,0,2,-0.15939,0.81531,-0.77185
8896994,2020-11-21,2020-2021,Aston Villa,Brighton & Hove Albion,1,2,-0.08566,-0.24293,0.36012
8896862,2020-11-21,2020-2021,Tottenham Hotspur,Manchester City,2,0,0.5911,1.53523,-0.74128
8896854,2020-11-21,2020-2021,Manchester United,West Bromwich Albion,1,0,0.77447,-0.51791,1.49523
8896850,2020-11-22,2020-2021,Fulham,Everton,2,3,-0.35871,0.14568,-0.30154
8896852,2020-11-22,2020-2021,Sheffield United,West Ham United,0,1,-0.0285,-0.02428,0.19862
8896855,2020-11-22,2020-2021,Leeds United,Arsenal,0,0,0.02476,0.38992,-0.16231
8896849,2020-11-22,2020-2021,Liverpool,Leicester City,3,0,1.28925,0.51123,0.98088
8896853,2020-11-23,2020-2021,Burnley,Crystal Palace,1,0,-0.14933,-0.14025,0.19377
8896856,2020-11-23,2020-2021,Wolverhampton Wanderers,Southampton,1,1,0.29384,0.13878,0.35791
8896999,2020-11-27,2020-2021,Crystal Palace,Newcastle United,0,2,-0.16556,-0.19523,0.23252
8896860,2020-11-28,2020-2021,Brighton & Hove Albion,Liverpool,1,1,-0.20466,1.33625,-1.33806
8896975,2020-11-28,2020-2021,Manchester City,Burnley,5,0,1.48354,-0.12342,1.80981
8896979,2020-11-28,2020-2021,Everton,Leeds United,0,1,0.1681,0.03041,0.34054
8896996,2020-11-28,2020-2021,West Bromwich Albion,Sheffield United,1,0,-0.50121,-0.06374,-0.23462
8896981,2020-11-29,2020-2021,Southampton,Manchester United,2,3,0.15153,0.75774,-0.40336
8896864,2020-11-29,2020-2021,Chelsea,Tottenham Hotspur,0,0,0.85165,0.64262,0.41188
8896857,2020-11-29,2020-2021,Arsenal,Wolverhampton Wanderers,1,2,0.38366,0.28155,0.30497
8896962,2020-11-30,2020-2021,Leicester City,Fulham,1,2,0.46445,-0.38161,1.04891
8896995,2020-11-30,2020-2021,West Ham United,Aston Villa,2,1,0.01114,-0.12397,0.33796
8896961,2020-12-05,2020-2021,Burnley,Everton,1,1,-0.17603,0.13014,-0.10333
8896966,2020-12-05,2020-2021,Manchester City,Fulham,2,0,1.53702,-0.33382,2.07369
8897000,2020-12-05,2020-2021,West Ham United,Manchester United,1,3,0.03322,0.77784,-0.54178
8896957,2020-12-05,2020-2021,Chelsea,Leeds United,3,1,0.83744,0.0688,0.97149
8897014,2020-12-06,2020-2021,West Bromwich Albion,Crystal Palace,1,5,-0.46485,-0.21431,-0.0477
8896976,2020-12-06,2020-2021,Sheffield United,Leicester City,1,2,-0.10008,0.41718,-0.31442
8896985,2020-12-06,2020-2021,Tottenham Hotspur,Arsenal,2,0,0.65725,0.34636,0.51374
8896977,2020-12-06,2020-2021,Liverpool,Wolverhampton Wanderers,4,0,1.29885,0.31928,1.18242
8897009,2020-12-07,2020-2021,Brighton & Hove Albion,Southampton,1,2,-0.16632,0.13165,-0.09512
8896956,2020-12-11,2020-2021,Leeds United,West Ham United,1,2,0.03693,-0.00678,0.24656
8896980,2020-12-12,2020-2021,Wolverhampton Wanderers,Aston Villa,0,1,0.26692,-0.14604,0.61582
8897011,2020-12-12,2020-2021,Newcastle United,West Bromwich Albion,2,1,-0.14689,-0.51889,0.57485
8896973,2020-12-12,2020-2021,Manchester United,Manchester City,0,0,0.81741,1.53445,-0.51418
8896941,2020-12-12,2020-2021,Everton,Chelsea,1,0,0.12611,0.86895,-0.53999
8896974,2020-12-13,2020-2021,Southampton,Sheffield United,3,0,0.15992,-0.1226,0.48538
8896997,2020-12-13,2020-2021,Crystal Palace,Tottenham Hotspur,1,1,-0.16081,0.69768,-0.65564
8896952,2020-12-13,2020-2021,Fulham,Liverpool,1,1,-0.33202,1.35064,-1.47981
8896991,2020-12-13,2020-2021,Arsenal,Burnley,0,1,0.3055,-0.17244,0.68079
8896948,2020-12-13,2020-2021,Leicester City,Brighton & Hove Albion,3,0,0.43918,-0.19482,0.83685
8896989,2020-12-15,2020-2021,Wolverhampton Wanderers,Chelsea,2,1,0.22408,0.82722,-0.40029
8896943,2020-12-15,2020-2021,Manchester City,West Bromwich Albion,1,1,1.51709,-0.53354,2.25348
8896993,2020-12-16,2020-2021,Arsenal,Southampton,1,1,0.26176,0.21041,0.25421
8896954,2020-12-16,2020-2021,Leicester City,Everton,0,2,0.48793,0.16739,0.52339
8896953,2020-12-16,2020-2021,Leeds United,Newcastle United,5,2,0.00033,-0.13239,0.33557
8896938,2020-12-16,2020-2021,Fulham,Brighton & Hove Albion,0,0,-0.29124,-0.24357,0.15518
8896987,2020-12-16,2020-2021,West Ham United,Crystal Palace,1,1,0.02897,-0.13916,0.37098
8897012,2020-12-16,2020-2021,Liverpool,Tottenham Hotspur,2,1,1.31089,0.6758,0.83794
8896990,2020-12-17,2020-2021,Aston Villa,Burnley,0,0,-0.10386,-0.12871,0.22769
8896958,2020-12-17,2020-2021,Sheffield United,Manchester United,2,3,-0.17333,0.83475,-0.80523
8896984,2020-12-19,2020-2021,Crystal Palace,Liverpool,0,7,-0.12621,1.31652,-1.23988
8896972,2020-12-19,2020-2021,Southampton,Manchester City,0,1,0.21976,1.4682,-1.04559
8896964,2020-12-19,2020-2021,Everton,Arsenal,2,1,0.21836,0.25297,0.16824
8896982,2020-12-19,2020-2021,Newcastle United,Fulham,1,1,-0.18343,-0.29664,0.31606
8896968,2020-12-20,2020-2021,Brighton & Hove Albion,Sheffield United,1,1,-0.23794,-0.1801,0.145
8896959,2020-12-20,2020-2021,Tottenham Hotspur,Leicester City,0,2,0.67086,0.4374,0.43631
8896951,2020-12-20,2020-2021,Manchester United,Leeds United,6,2,0.8417,0.05153,0.99302
8897010,2020-12-20,2020-2021,West Bromwich Albion,Aston Villa,0,3,-0.48509,-0.11175,-0.17049
8896969,2020-12-21,2020-2021,Burnley,Wolverhampton Wanderers,2,1,-0.12125,0.26311,-0.1815
8896945,2020-12-21,2020-2021,Chelsea,West Ham United,3,0,0.78901,0.01627,0.97559
8897006,2020-12-26,2020-2021,Leicester City,Manchester United,2,2,0.48689,0.89412,-0.20438
8896912,2020-12-26,2020-2021,Fulham,Southampton,0,0,-0.28581,0.22135,-0.30431
8896971,2020-12-26,2020-2021,Aston Villa,Crystal Palace,3,0,-0.06,-0.18088,0.32373
8896978,2020-12-26,2020-2021,Arsenal,Chelsea,3,1,0.22628,0.83603,-0.4069
8896920,2020-12-26,2020-2021,Sheffield United,Everton,0,1,-0.17512,0.24495,-0.21722
8896921,2020-12-26,2020-2021,Manchester City,Newcastle United,2,0,1.46607,-0.19432,1.86325
8896914,2020-12-27,2020-2021,Leeds United,Burnley,1,0,-0.00032,-0.08636,0.28889
8896936,2020-12-27,2020-2021,West Ham United,Brighton & Hove Albion,2,2,-0.03092,-0.24299,0.41492
8896927,2020-12-27,2020-2021,Liverpool,West Bromwich Albion,1,1,1.37126,-0.53693,2.11103
8896926,2020-12-27,2020-2021,Wolverhampton Wanderers,Tottenham Hotspur,1,1,0.22866,0.6208,-0.18929
8896931,2020-12-28,2020-2021,Crystal Palace,Leicester City,1,1,-0.23273,0.494,-0.52388
8896932,2020-12-28,2020-2021,Chelsea,Aston Villa,1,1,0.78669,-0.00874,0.99829
8896965,2020-12-29,2020-2021,Southampton,West Ham United,0,0,0.21088,-0.04508,0.45881
8896889,2020-12-29,2020-2021,West Bromwich Albion,Leeds United,0,5,-0.48972,0.02292,-0.30979
8897008,2020-12-29,2020-2021,Burnley,Sheffield United,1,0,-0.10923,-0.20038,0.294
8896935,2020-12-29,2020-2021,Brighton & Hove Albion,Arsenal,0,1,-0.22889,0.27616,-0.3022
8896942,2020-12-29,2020-2021,Manchester United,Wolverhampton Wanderers,1,0,0.88761,0.23522,0.85524
8897013,2020-12-30,2020-2021,Newcastle United,Liverpool,0,0,-0.1992,1.32347,-1.31982
8897004,2021-01-01,2020-2021,Everton,West Ham United,0,1,0.27051,-0.02933,0.50269
8896909,2021-01-01,2020-2021,Manchester United,Aston Villa,2,1,0.89271,0.0224,1.07316
8896917,2021-01-02,2020-2021,Tottenham Hotspur,Leeds United,3,0,0.61368,0.07798,0.73855
8896899,2021-01-02,2020-2021,Crystal Palace,Sheffield United,2,0,-0.2149,-0.22374,0.21169
8896894,2021-01-02,2020-2021,Brighton & Hove Albion,Wolverhampton Wanderers,3,3,-0.25202,0.23013,-0.27929
8896902,2021-01-02,2020-2021,West Bromwich Albion,Arsenal,0,4,-0.54479,0.29928,-0.64122
8896906,2021-01-03,2020-2021,Newcastle United,Leicester City,1,2,-0.16119,0.47617,-0.43451
8896903,2021-01-03,2020-2021,Chelsea,Manchester City,1,3,0.75555,1.47084,-0.51243
8896908,2021-01-04,2020-2021,Southampton,Liverpool,1,0,0.19513,1.28546,-0.88748
8897056,2021-01-12,2020-2021,Sheffield United,Newcastle United,1,0,-0.26835,-0.18012,0.11462
8897047,2021-01-12,2020-2021,Wolverhampton Wanderers,Everton,1,2,0.22062,0.22981,0.19366
9258868,2021-01-12,2020-2021,Burnley,Manchester United,0,1,-0.08587,0.89015,-0.77317
8897049,2021-01-13,2020-2021,Manchester City,Brighton & Hove Albion,1,0,1.51135,-0.24236,1.95656
9277342,2021-01-13,2020-2021,Tottenham Hotspur,Fulham,1,1,0.66316,-0.27532,1.14133
8897071,2021-01-14,2020-2021,Arsenal,Crystal Palace,0,0,0.35283,-0.17032,0.726
8897068,2021-01-16,2020-2021,Wolverhampton Wanderers,West Bromwich Albion,2,3,0.1851,-0.59803,0.98597
8897059,2021-01-16,2020-2021,West Ham United,Burnley,1,0,0.01104,-0.09373,0.30762
8897061,2021-01-16,2020-2021,Leeds United,Brighton & Hove Albion,0,1,0.02871,-0.21225,0.4438
8897062,2021-01-16,2020-2021,Fulham,Chelsea,0,1,-0.24117,0.7151,-0.75342
8897065,2021-01-16,2020-2021,Leicester City,Southampton,2,0,0.49536,0.24083,0.45738
8897052,2021-01-17,2020-2021,Sheffield United,Tottenham Hotspur,1,3,-0.24005,0.62912,-0.66632
8897066,2021-01-17,2020-2021,Liverpool,Manchester United,0,0,1.23965,0.89811,0.54439
8897057,2021-01-17,2020-2021,Manchester City,Crystal Palace,4,0,1.48123,-0.14638,1.83046
8897048,2021-01-18,2020-2021,Arsenal,Newcastle United,3,0,0.32889,-0.20843,0.74017
8897046,2021-01-19,2020-2021,West Ham United,West Bromwich Albion,2,1,0.034,-0.55082,0.78768
8897055,2021-01-19,2020-2021,Leicester City,Chelsea,2,0,0.53713,0.72373,0.01625
9258869,2021-01-20,2020-2021,Manchester City,Aston Villa,2,0,1.53003,0.02498,1.7079
8897060,2021-01-20,2020-2021,Fulham,Manchester United,1,2,-0.2498,0.91658,-0.96354
8897041,2021-01-21,2020-2021,Liverpool,Burnley,0,1,1.22117,-0.1167,1.54072
9282832,2021-01-23,2020-2021,Aston Villa,Newcastle United,2,0,0.01509,-0.2579,0.47584
8897037,2021-01-26,2020-2021,Crystal Palace,West Ham United,2,3,-0.1944,0.04137,-0.03292
8897044,2021-01-26,2020-2021,Newcastle United,Leeds United,1,2,-0.29828,-0.01105,-0.08438
8897031,2021-01-26,2020-2021,West Bromwich Albion,Manchester City,0,5,-0.55931,1.5401,-1.89657
8897045,2021-01-26,2020-2021,Southampton,Arsenal,1,3,0.20002,0.37783,0.02505
8897040,2021-01-27,2020-2021,Chelsea,Wolverhampton Wanderers,0,0,0.67652,0.13842,0.74095
8897025,2021-01-27,2020-2021,Burnley,Aston Villa,3,2,-0.06592,0.05611,0.08082
8897020,2021-01-27,2020-2021,Brighton & Hove Albion,Fulham,0,0,-0.17272,-0.25107,0.2812
8897042,2021-01-27,2020-2021,Everton,Leicester City,1,1,0.26449,0.58378,-0.11644
8897038,2021-01-27,2020-2021,Manchester United,Sheffield United,1,2,0.91754,-0.27789,1.39828
8897033,2021-01-28,2020-2021,Tottenham Hotspur,Liverpool,1,3,0.66659,1.17056,-0.30112
8897054,2021-01-30,2020-2021,Everton,Newcastle United,0,2,0.26859,-0.32706,0.7985
8897021,2021-01-30,2020-2021,Manchester City,Sheffield United,1,0,1.59291,-0.22751,2.02327
8897018,2021-01-30,2020-2021,West Bromwich Albion,Fulham,2,2,-0.61258,-0.24125,-0.16848
8897043,2021-01-30,2020-2021,Crystal Palace,Wolverhampton Wanderers,1,0,-0.22478,0.16279,-0.18472
8897030,2021-01-30,2020-2021,Arsenal,Manchester United,0,0,0.42541,0.86771,-0.23945
8897023,2021-01-30,2020-2021,Southampton,Aston Villa,0,1,0.15245,0.02694,0.32837
8897050,2021-01-31,2020-2021,Chelsea,Burnley,2,0,0.65215,-0.03706,0.89207
8897051,2021-01-31,2020-2021,Leicester City,Leeds United,1,3,0.58025,0.01804,0.76506
8897027,2021-01-31,2020-2021,West Ham United,Liverpool,1,3,0.07149,1.21453,-0.94019
8897039,2021-01-31,2020-2021,Brighton & Hove Albion,Tottenham Hotspur,1,0,-0.18254,0.62312,-0.60281
8897028,2021-02-02,2020-2021,Wolverhampton Wanderers,Arsenal,2,1,0.12705,0.43371,-0.10381
8897019,2021-02-02,2020-2021,Sheffield United,West Bromwich Albion,2,1,-0.1971,-0.60672,0.61247
8897029,2021-02-02,2020-2021,Manchester United,Southampton,9,0,0.85886,0.11471,0.947
8897034,2021-02-02,2020-2021,Newcastle United,Crystal Palace,1,2,-0.27563,-0.18983,0.11705
8897024,2021-02-03,2020-2021,Burnley,Manchester City,0,2,-0.07005,1.56152,-1.42873
8897015,2021-02-03,2020-2021,Fulham,Leicester City,0,2,-0.24724,0.52863,-0.57302
8897022,2021-02-03,2020-2021,Leeds United,Everton,1,2,0.06888,0.21685,0.05488
8897036,2021-02-03,2020-2021,Liverpool,Brighton & Hove Albion,0,1,1.24571,-0.14035,1.58892
8897017,2021-02-03,2020-2021,Aston Villa,West Ham United,1,3,0.06546,0.03927,0.22905
8897035,2021-02-04,2020-2021,Tottenham Hotspur,Chelsea,0,1,0.58043,0.68547,0.09782
8897032,2021-02-06,2020-2021,Aston Villa,Arsenal,1,0,0.01621,0.40012,-0.18106
8897130,2021-02-06,2020-2021,Newcastle United,Southampton,3,2,-0.30951,0.05937,-0.16604
8897026,2021-02-06,2020-2021,Burnley,Brighton & Hove Albion,1,1,-0.08937,-0.08894,0.20242
8897144,2021-02-06,2020-2021,Fulham,West Ham United,0,0,-0.28715,0.08852,-0.17282
8897150,2021-02-06,2020-2021,Manchester United,Everton,3,3,0.9142,0.24933,0.86772
8897161,2021-02-07,2020-2021,Tottenham Hotspur,West Bromwich Albion,2,0,0.54698,-0.62012,1.36996
8897104,2021-02-07,2020-2021,Wolverhampton Wanderers,Leicester City,0,0,0.16064,0.56855,-0.20506
8897173,2021-02-07,2020-2021,Liverpool,Manchester City,1,4,1.1943,1.58084,-0.1837
8897118,2021-02-07,2020-2021,Sheffield United,Chelsea,1,2,-0.18369,0.71892,-0.69976
8897151,2021-02-08,2020-2021,Leeds United,Crystal Palace,2,0,0.03641,-0.15595,0.39521
8897201,2021-02-13,2020-2021,Leicester City,Liverpool,3,1,0.56042,1.1425,-0.37923
8897225,2021-02-13,2020-2021,Crystal Palace,Burnley,0,3,-0.19815,-0.09639,0.10109
8897202,2021-02-13,2020-2021,Manchester City,Tottenham Hotspur,3,0,1.63207,0.56787,1.26706
8897111,2021-02-13,2020-2021,Brighton & Hove Albion,Aston Villa,0,0,-0.08201,0.05109,0.06975
8897165,2021-02-14,2020-2021,Southampton,Wolverhampton Wanderers,1,2,0.025,0.16775,0.0601
8897096,2021-02-14,2020-2021,West Bromwich Albion,Manchester United,1,1,-0.6408,0.88666,-1.32461
8897124,2021-02-14,2020-2021,Arsenal,Leeds United,4,2,0.36571,0.07863,0.48994
8897177,2021-02-14,2020-2021,Everton,Fulham,0,2,0.27593,-0.28113,0.75992
8897107,2021-02-15,2020-2021,West Ham United,Sheffield United,3,0,0.08161,-0.19405,0.4785
8897182,2021-02-15,2020-2021,Chelsea,Newcastle United,2,0,0.72927,-0.27495,1.20708
9326482,2021-02-17,2020-2021,Burnley,Fulham,1,1,-0.0438,-0.22897,0.38803
9326472,2021-02-17,2020-2021,Everton,Manchester City,1,3,0.22377,1.676,-1.24939
8897178,2021-02-19,2020-2021,Wolverhampton Wanderers,Leeds United,1,0,0.20007,0.03736,0.36556
8897137,2021-02-20,2020-2021,Southampton,Chelsea,1,1,-0.0076,0.75481,-0.55956
8897117,2021-02-20,2020-2021,Burnley,West Bromwich Albion,0,0,-0.05722,-0.60313,0.74876
8897136,2021-02-20,2020-2021,Liverpool,Everton,0,2,1.09221,0.19941,1.09565
8897125,2021-02-20,2020-2021,Fulham,Sheffield United,1,0,-0.21621,-0.24512,0.23177
8897140,2021-02-21,2020-2021,West Ham United,Tottenham Hotspur,2,1,0.13268,0.52346,-0.18793
8897102,2021-02-21,2020-2021,Aston Villa,Leicester City,1,2,0.0539,0.61014,-0.35339
8897093,2021-02-21,2020-2021,Arsenal,Manchester City,0,1,0.40698,1.70064,-1.09082
8897145,2021-02-21,2020-2021,Manchester United,Newcastle United,3,1,0.84868,-0.30078,1.35231
8897100,2021-02-22,2020-2021,Brighton & Hove Albion,Crystal Palace,1,2,-0.08447,-0.25084,0.36922
9326456,2021-02-23,2020-2021,Leeds United,Southampton,3,0,0.01727,0.01115,0.20897
8897092,2021-02-27,2020-2021,Manchester City,West Ham United,2,1,1.69768,0.16769,1.73284
8897098,2021-02-27,2020-2021,West Bromwich Albion,Brighton & Hove Albion,1,0,-0.57839,-0.12295,-0.25259
8897163,2021-02-27,2020-2021,Leeds United,Aston Villa,0,1,0.06955,0.03253,0.23988
8897089,2021-02-27,2020-2021,Newcastle United,Wolverhampton Wanderers,1,1,-0.32152,0.22109,-0.33975
8897153,2021-02-28,2020-2021,Crystal Palace,Fulham,0,0,-0.21294,-0.19134,0.18125
8897080,2021-02-28,2020-2021,Leicester City,Arsenal,1,3,0.63206,0.41014,0.42477
8897088,2021-02-28,2020-2021,Tottenham Hotspur,Burnley,4,0,0.48917,-0.08153,0.77355
8897114,2021-02-28,2020-2021,Chelsea,Manchester United,0,0,0.73635,0.87009,0.06912
8897094,2021-02-28,2020-2021,Sheffield United,Liverpool,0,2,-0.26954,1.03954,-1.10623
8897122,2021-03-01,2020-2021,Everton,Southampton,1,0,0.25179,-0.04113,0.49577
8897077,2021-03-02,2020-2021,Manchester City,Wolverhampton Wanderers,4,1,1.67355,0.20928,1.66712
8897191,2021-03-03,2020-2021,Sheffield United,Aston Villa,1,0,-0.29806,0.06899,-0.1642
8897085,2021-03-03,2020-2021,Burnley,Leicester City,1,1,-0.13478,0.58207,-0.51401
8897074,2021-03-03,2020-2021,Crystal Palace,Manchester United,0,0,-0.21931,0.87253,-0.88898
8897142,2021-03-04,2020-2021,West Bromwich Albion,Everton,0,1,-0.54167,0.26882,-0.60764
8897121,2021-03-04,2020-2021,Fulham,Tottenham Hotspur,0,1,-0.18477,0.54213,-0.52405
8897072,2021-03-04,2020-2021,Liverpool,Chelsea,0,1,1.06716,0.73394,0.53608
8897091,2021-03-06,2020-2021,Burnley,Arsenal,1,1,-0.11726,0.46068,-0.37509
8897101,2021-03-06,2020-2021,Sheffield United,Southampton,0,2,-0.26316,-0.05834,-0.00197
8897087,2021-03-06,2020-2021,Aston Villa,Wolverhampton Wanderers,0,0,0.03383,0.17103,0.06566
8897097,2021-03-06,2020-2021,Brighton & Hove Albion,Leicester City,1,2,-0.15969,0.56455,-0.52139
8897095,2021-03-07,2020-2021,West Bromwich Albion,Newcastle United,0,0,-0.55524,-0.30985,-0.04254
8897090,2021-03-07,2020-2021,Liverpool,Fulham,0,1,1.02549,-0.2009,1.42924
8897099,2021-03-07,2020-2021,Manchester City,Manchester United,0,2,1.7118,0.84413,1.07052
8897106,2021-03-07,2020-2021,Tottenham Hotspur,Crystal Palace,4,1,0.55886,-0.19122,0.95293
8897082,2021-03-08,2020-2021,Chelsea,Everton,2,0,0.77513,0.28239,0.69559
8897105,2021-03-08,2020-2021,West Ham United,Leeds United,2,0,0.19195,0.03348,0.36132
8897185,2021-03-10,2020-2021,Manchester City,Southampton,5,2,1.65861,-0.01102,1.87249
8897079,2021-03-12,2020-2021,Newcastle United,Aston Villa,1,1,-0.31119,0.03155,-0.13989
8897063,2021-03-13,2020-2021,Leeds United,Chelsea,0,0,-0.0096,0.81243,-0.61918
8897078,2021-03-13,2020-2021,Crystal Palace,West Bromwich Albion,1,0,-0.23815,-0.55375,0.51845
8897069,2021-03-13,2020-2021,Everton,Burnley,1,2,0.24512,-0.10442,0.55238
8897067,2021-03-13,2020-2021,Fulham,Manchester City,0,3,-0.15107,1.69236,-1.64057
8897081,2021-03-14,2020-2021,Southampton,Brighton & Hove Albion,1,2,-0.04431,-0.1759,0.33444
8897064,2021-03-14,2020-2021,Leicester City,Sheffield United,5,0,0.5804,-0.30996,1.09321
8897076,2021-03-14,2020-2021,Arsenal,Tottenham Hotspur,2,1,0.44731,0.60609,0.04407
8897073,2021-03-14,2020-2021,Manchester United,West Ham United,1,0,0.89725,0.23464,0.86546
8897083,2021-03-15,2020-2021,Wolverhampton Wanderers,Liverpool,0,1,0.1741,0.97549,-0.59854
8897086,2021-03-19,2020-2021,Fulham,Leeds United,1,2,-0.1898,0.01096,0.00209
8897075,2021-03-20,2020-2021,Brighton & Hove Albion,Newcastle United,3,0,-0.13822,-0.30632,0.37095
8897203,2021-03-21,2020-2021,West Ham United,Arsenal,3,3,0.23043,0.47709,-0.04381
9356100,2021-03-21,2020-2021,Aston Villa,Tottenham Hotspur,0,2,0.02665,0.57599,-0.34649
8897167,2021-04-03,2020-2021,Chelsea,West Bromwich Albion,2,5,0.79229,-0.57023,1.56537
8897210,2021-04-03,2020-2021,Leeds United,Sheffield United,2,1,0.04207,-0.36455,0.60947
8897181,2021-04-03,2020-2021,Leicester City,Manchester City,0,2,0.63499,1.73109,-0.89325
8897146,2021-04-03,2020-2021,Arsenal,Liverpool,0,3,0.47589,0.98936,-0.31062
8897159,2021-04-04,2020-2021,Southampton,Burnley,3,2,-0.08259,-0.0625,0.18276
8897195,2021-04-04,2020-2021,Newcastle United,Tottenham Hotspur,2,2,-0.35731,0.61936,-0.77381
8897171,2021-04-04,2020-2021,Aston Villa,Fulham,3,1,-0.01672,-0.22068,0.40681
8897164,2021-04-04,2020-2021,Manchester United,Brighton & Hove Albion,2,1,0.90199,-0.08718,1.19201
8897189,2021-04-05,2020-2021,Everton,Crystal Palace,1,1,0.2032,-0.22186,0.62791
8897148,2021-04-05,2020-2021,Wolverhampton Wanderers,West Ham United,2,3,0.16023,0.23195,0.13113
8897128,2021-04-09,2020-2021,Fulham,Wolverhampton Wanderers,0,1,-0.26308,0.12642,-0.18665
8897120,2021-04-10,2020-2021,Manchester City,Leeds United,1,2,1.76431,0.05543,1.91173
8897154,2021-04-10,2020-2021,Liverpool,Aston Villa,2,1,1.03995,0.02534,1.21746
8897172,2021-04-10,2020-2021,Crystal Palace,Chelsea,1,4,-0.20085,0.73787,-0.73587
8897175,2021-04-11,2020-2021,Burnley,Newcastle United,1,2,-0.08901,-0.3323,0.44613
8897180,2021-04-11,2020-2021,West Ham United,Leicester City,3,2,0.26579,0.6017,-0.13306
8897188,2021-04-11,2020-2021,Tottenham Hotspur,Manchester United,1,3,0.59473,0.89532,-0.09774
8897206,2021-04-11,2020-2021,Sheffield United,Arsenal,0,3,-0.37782,0.42458,-0.59955
8897170,2021-04-12,2020-2021,West Bromwich Albion,Southampton,3,0,-0.51563,-0.05638,-0.25639
8897179,2021-04-12,2020-2021,Brighton & Hove Albion,Everton,0,0,-0.07995,0.18239,-0.05948
8897119,2021-04-16,2020-2021,Everton,Tottenham Hotspur,2,2,0.18007,0.54888,-0.16595
8897127,2021-04-17,2020-2021,Newcastle United,West Ham United,3,2,-0.29222,0.29965,-0.38902
8897113,2021-04-17,2020-2021,Wolverhampton Wanderers,Sheffield United,1,0,0.15214,-0.42766,0.78265
8897211,2021-04-18,2020-2021,Arsenal,Fulham,1,1,0.47385,-0.28917,0.96588
8897194,2021-04-18,2020-2021,Manchester United,Burnley,3,1,0.94109,-0.1288,1.27275
8897214,2021-04-19,2020-2021,Leeds United,Liverpool,1,1,0.10771,1.03242,-0.72186
8897187,2021-04-20,2020-2021,Chelsea,Brighton & Hove Albion,0,0,0.78623,-0.07788,1.06695
9437903,2021-04-21,2020-2021,Tottenham Hotspur,Southampton,2,1,0.5426,-0.11002,0.85547
8897196,2021-04-21,2020-2021,Aston Villa,Manchester City,1,2,0.03334,1.71219,-1.47599
8897126,2021-04-22,2020-2021,Leicester City,West Bromwich Albion,3,0,0.56748,-0.46258,1.23291
8897132,2021-04-23,2020-2021,Arsenal,Everton,0,1,0.44351,0.18585,0.46051
8897149,2021-04-24,2020-2021,Liverpool,Newcastle United,1,1,1.00876,-0.25339,1.46501
8897186,2021-04-24,2020-2021,West Ham United,Chelsea,0,1,0.2612,0.75385,-0.2898
8897209,2021-04-24,2020-2021,Sheffield United,Brighton & Hove Albion,1,0,-0.43575,-0.04512,-0.18778
8897205,2021-04-25,2020-2021,Wolverhampton Wanderers,Burnley,0,4,0.15976,-0.15278,0.51539
8897213,2021-04-25,2020-2021,Leeds United,Manchester United,0,0,0.13153,0.96481,-0.63043
8897183,2021-04-25,2020-2021,Aston Villa,West Bromwich Albion,2,2,0.04965,-0.50741,0.75991
8897169,2021-04-26,2020-2021,Leicester City,Crystal Palace,2,1,0.61231,-0.24981,1.06497
8897115,2021-04-30,2020-2021,Southampton,Leicester City,1,1,-0.11417,0.61004,-0.52136
8897139,2021-05-01,2020-2021,Crystal Palace,Manchester City,0,2,-0.24809,1.69589,-1.74113
8897116,2021-05-01,2020-2021,Brighton & Hove Albion,Leeds United,2,0,-0.08046,0.15242,-0.03003
8897109,2021-05-01,2020-2021,Chelsea,Fulham,2,0,0.7767,-0.25883,1.23838
8897190,2021-05-01,2020-2021,Everton,Aston Villa,1,2,0.22594,0.02502,0.40377
8897166,2021-05-02,2020-2021,Newcastle United,Arsenal,0,2,-0.21286,0.40348,-0.4135
8897134,2021-05-02,2020-2021,Tottenham Hotspur,Sheffield United,4,0,0.54769,-0.40074,1.15128
8897129,2021-05-03,2020-2021,West Bromwich Albion,Wolverhampton Wanderers,1,1,-0.4817,0.10537,-0.38422
8897212,2021-05-03,2020-2021,Burnley,West Ham United,1,2,-0.09857,0.23796,-0.13368
8897123,2021-05-07,2020-2021,Leicester City,Newcastle United,2,4,0.59246,-0.25482,1.05013
8897204,2021-05-08,2020-2021,Leeds United,Tottenham Hotspur,3,1,0.10556,0.5996,-0.29119
8897112,2021-05-08,2020-2021,Sheffield United,Crystal Palace,0,2,-0.45227,-0.25704,0.00762
8897219,2021-05-08,2020-2021,Manchester City,Chelsea,1,2,1.70444,0.80138,1.1059
8897193,2021-05-08,2020-2021,Liverpool,Southampton,2,0,0.96822,-0.09662,1.26769
8897143,2021-05-09,2020-2021,Wolverhampton Wanderers,Brighton & Hove Albion,2,1,0.09161,-0.03337,0.32784
8897208,2021-05-09,2020-2021,Aston Villa,Manchester United,1,3,0.06382,0.94368,-0.67701
8897162,2021-05-09,2020-2021,West Ham United,Everton,0,1,0.26521,0.18686,0.2812
8897110,2021-05-09,2020-2021,Arsenal,West Bromwich Albion,3,1,0.44499,-0.46856,1.1164
8897103,2021-05-10,2020-2021,Fulham,Burnley,0,2,-0.28413,-0.12606,0.04478
8897133,2021-05-11,2020-2021,Manchester United,Leicester City,1,2,0.98182,0.53992,0.64475
9502921,2021-05-11,2020-2021,Southampton,Crystal Palace,3,1,-0.12027,-0.20963,0.29221
8897155,2021-05-12,2020-2021,Chelsea,Arsenal,0,1,0.8494,0.47295,0.5793
9501660,2021-05-13,2020-2021,Aston Villa,Everton,0,0,0.02576,0.22413,0.00448
9507199,2021-05-13,2020-2021,Manchester United,Liverpool,2,4,0.93857,0.99207,0.14935
8897157,2021-05-14,2020-2021,Newcastle United,Manchester City,3,4,-0.20274,1.65669,-1.65658
8897141,2021-05-15,2020-2021,Burnley,Leeds United,0,4,-0.07915,0.1547,-0.031
8897156,2021-05-15,2020-2021,Southampton,Fulham,3,1,-0.07618,-0.33135,0.45801
8897138,2021-05-15,2020-2021,Brighton & Hove Albion,West Ham United,1,1,-0.05497,0.22836,-0.08048
8897192,2021-05-16,2020-2021,Crystal Palace,Aston Villa,3,2,-0.25386,0.02561,-0.07662
8897184,2021-05-16,2020-2021,Tottenham Hotspur,Wolverhampton Wanderers,2,0,0.55104,0.11374,0.64014
8897197,2021-05-16,2020-2021,West Bromwich Albion,Liverpool,1,2,-0.49635,1.04072,-1.33422
8897215,2021-05-16,2020-2021,Everton,Sheffield United,0,1,0.22344,-0.49917,0.92546
8897160,2021-05-18,2020-2021,Southampton,Leeds United,0,2,-0.03442,0.20935,-0.04092
8897200,2021-05-18,2020-2021,Manchester United,Fulham,1,1,0.88993,-0.37311,1.46589
8897108,2021-05-18,2020-2021,Brighton & Hove Albion,Manchester City,3,2,-0.05213,1.63478,-1.48407
8897174,2021-05-18,2020-2021,Chelsea,Leicester City,2,1,0.80708,0.58316,0.42677
8897207,2021-05-19,2020-2021,Everton,Wolverhampton Wanderers,1,0,0.17684,0.075,0.30469
8897158,2021-05-19,2020-2021,Newcastle United,Sheffield United,1,0,-0.18083,-0.45257,0.47458
8897198,2021-05-19,2020-2021,Tottenham Hotspur,Aston Villa,1,2,0.58978,-0.00737,0.79999
8897168,2021-05-19,2020-2021,Crystal Palace,Arsenal,1,3,-0.22089,0.51526,-0.5333
8897152,2021-05-19,2020-2021,Burnley,Liverpool,0,3,-0.1338,1.02909,-0.96004
8897199,2021-05-19,2020-2021,West Bromwich Albion,West Ham United,1,3,-0.48473,0.22552,-0.5074
8897223,2021-05-23,2020-2021,West Ham United,Southampton,3,0,0.26567,-0.08085,0.54937
8897221,2021-05-23,2020-2021,Fulham,Newcastle United,0,2,-0.33306,-0.16315,0.03294
8897227,2021-05-23,2020-2021,Liverpool,Crystal Palace,2,0,1.07613,-0.26102,1.53999
8897222,2021-05-23,2020-2021,Manchester City,Everton,5,0,1.58417,0.19964,1.58738
8897229,2021-05-23,2020-2021,Arsenal,Brighton & Hove Albion,2,0,0.55523,-0.00182,0.7599
8897228,2021-05-23,2020-2021,Leicester City,Tottenham Hotspur,2,4,0.56294,0.54505,0.22074
8897226,2021-05-23,2020-2021,Sheffield United,Burnley,1,0,-0.47128,-0.18097,-0.08745
8897220,2021-05-23,2020-2021,Leeds United,West Bromwich Albion,3,1,0.25572,-0.52527,0.98385
8897224,2021-05-23,2020-2021,Wolverhampton Wanderers,Manchester United,1,2,0.05287,0.84983,-0.5941
8897218,2021-05-23,2020-2021,Aston Villa,Chelsea,2,1,0.03771,0.82625,-0.58569
9576151,2021-08-13,2021-2022,Brentford,Arsenal,2,0,0.0,0.5913,-0.38845
9576081,2021-08-14,2021-2022,Manchester United,Leeds United,5,1,0.86323,0.28695,0.77913
9576160,2021-08-14,2021-2022,Watford,Aston Villa,3,2,-0.37893,0.07966,-0.25574
9576149,2021-08-14,2021-2022,Everton,Southampton,3,1,0.14655,-0.13154,0.48094
9576162,2021-08-14,2021-2022,Burnley,Brighton & Hove Albion,1,2,-0.21436,-0.03829,0.02678
9576259,2021-08-14,2021-2022,Chelsea,Crystal Palace,3,0,0.78452,-0.2768,1.26417
9576403,2021-08-14,2021-2022,Leicester City,Wolverhampton Wanderers,1,0,0.51375,0.039,0.6776
9576193,2021-08-14,2021-2022,Norwich City,Liverpool,0,3,-0.62048,1.09175,-1.50938
9576414,2021-08-15,2021-2022,Newcastle United,West Ham United,2,4,-0.11584,0.31581,-0.2288
9576188,2021-08-15,2021-2022,Tottenham Hotspur,Manchester City,1,0,0.59321,1.63751,-0.84145
9576069,2021-08-21,2021-2022,Liverpool,Burnley,2,0,1.13242,-0.24583,1.5811
9576143,2021-08-21,2021-2022,Crystal Palace,Brentford,0,0,-0.32103,0.04977,-0.16794
9576187,2021-08-21,2021-2022,Manchester City,Norwich City,5,0,1.59291,-0.66099,2.45676
9576170,2021-08-21,2021-2022,Leeds United,Everton,2,2,0.23433,0.18749,0.24969
9576209,2021-08-21,2021-2022,Aston Villa,Newcastle United,2,0,0.04375,-0.16022,0.40682
9576184,2021-08-21,2021-2022,Brighton & Hove Albion,Watford,2,0,-0.00586,-0.34255,0.53955
9576150,2021-08-22,2021-2022,Wolverhampton Wanderers,Tottenham Hotspur,0,1,0.02776,0.63841,-0.4078
9576076,2021-08-22,2021-2022,Southampton,Manchester United,1,1,-0.17245,0.9162,-0.8858
9576412,2021-08-22,2021-2022,Arsenal,Chelsea,0,2,0.54192,0.82846,-0.08369
9576389,2021-08-23,2021-2022,West Ham United,Leicester City,4,1,0.36074,0.52485,0.03874
9576260,2021-08-28,2021-2022,Manchester City,Arsenal,5,0,1.6441,0.49592,1.35103
9576152,2021-08-28,2021-2022,Aston Villa,Brentford,1,1,0.08627,0.04386,0.24526
9576147,2021-08-28,2021-2022,Brighton & Hove Albion,Everton,0,2,0.03461,0.19623,0.04124
9576240,2021-08-28,2021-2022,Norwich City,Leicester City,1,2,-0.71207,0.47199,-0.9812
9576386,2021-08-28,2021-2022,West Ham United,Crystal Palace,2,2,0.41361,-0.31519,0.93165
9576383,2021-08-28,2021-2022,Newcastle United,Southampton,2,2,-0.20276,-0.14445,0.14453
9576148,2021-08-28,2021-2022,Liverpool,Chelsea,1,1,1.14687,0.87497,0.47475
9576190,2021-08-29,2021-2022,Burnley,Leeds United,1,1,-0.26046,0.22567,-0.28329
9576132,2021-08-29,2021-2022,Tottenham Hotspur,Watford,1,0,0.65865,-0.38302,1.24452
9576382,2021-08-29,2021-2022,Wolverhampton Wanderers,Manchester United,0,1,0.0078,0.88789,-0.67724
9576085,2021-09-11,2021-2022,Crystal Palace,Tottenham Hotspur,3,0,-0.28595,0.65017,-0.73328
9576408,2021-09-11,2021-2022,Arsenal,Norwich City,1,0,0.44172,-0.71273,1.35729
9576087,2021-09-11,2021-2022,Brentford,Brighton & Hove Albion,0,1,0.05297,-0.01258,0.26841
9576135,2021-09-11,2021-2022,Manchester United,Newcastle United,4,1,0.89989,-0.2078,1.31054
9576165,2021-09-11,2021-2022,Leicester City,Manchester City,0,1,0.47334,1.6978,-1.02161
9576166,2021-09-11,2021-2022,Watford,Wolverhampton Wanderers,0,2,-0.37371,-0.00331,-0.16755
9576173,2021-09-11,2021-2022,Southampton,West Ham United,0,0,-0.1391,0.38444,-0.32069
9576168,2021-09-11,2021-2022,Chelsea,Aston Villa,3,0,0.89104,0.07777,1.01612
9576077,2021-09-12,2021-2022,Leeds United,Liverpool,0,3,0.21581,1.13078,-0.71213
9576114,2021-09-13,2021-2022,Everton,Burnley,3,1,0.24379,-0.25068,0.69732
9576075,2021-09-17,2021-2022,Newcastle United,Leeds United,1,1,-0.25122,0.16668,-0.21505
9576397,2021-09-18,2021-2022,Wolverhampton Wanderers,Brentford,0,2,0.04166,0.01635,0.22816
9576156,2021-09-18,2021-2022,Liverpool,Crystal Palace,3,0,1.17973,-0.23214,1.61472
9576080,2021-09-18,2021-2022,Manchester City,Southampton,0,0,1.69765,-0.12806,2.02856
9576189,2021-09-18,2021-2022,Norwich City,Watford,1,3,-0.70047,-0.41881,-0.07881
9576406,2021-09-18,2021-2022,Burnley,Arsenal,0,1,-0.28784,0.42946,-0.51445
9576229,2021-09-18,2021-2022,Aston Villa,Everton,3,0,0.03102,0.28106,-0.04719
9576251,2021-09-19,2021-2022,West Ham United,Manchester United,1,2,0.37308,0.94325,-0.36732
9576398,2021-09-19,2021-2022,Brighton & Hove Albion,Leicester City,2,1,0.02352,0.47409,-0.24772
9576161,2021-09-19,2021-2022,Tottenham Hotspur,Chelsea,0,3,0.59628,0.9377,-0.13857
9576159,2021-09-25,2021-2022,Manchester United,Aston Villa,0,1,0.9647,0.08355,1.084
9576243,2021-09-25,2021-2022,Chelsea,Manchester City,0,1,0.99018,1.65056,-0.45753
9576417,2021-09-25,2021-2022,Everton,Norwich City,2,0,0.22894,-0.74651,1.1783
9576145,2021-09-25,2021-2022,Leeds United,West Ham United,1,2,0.15867,0.35212,0.0094
9576195,2021-09-25,2021-2022,Leicester City,Burnley,2,2,0.43789,-0.30427,0.94501
9576154,2021-09-25,2021-2022,Watford,Newcastle United,1,1,-0.37326,-0.24376,0.07335
9576163,2021-09-25,2021-2022,Brentford,Liverpool,3,3,0.06465,1.2185,-0.95099
9576116,2021-09-26,2021-2022,Southampton,Wolverhampton Wanderers,0,1,-0.08086,-0.00704,0.12903
9576157,2021-09-26,2021-2022,Arsenal,Tottenham Hotspur,3,1,0.44575,0.54431,0.10429
9576384,2021-09-27,2021-2022,Crystal Palace,Brighton & Hove Albion,1,1,-0.27031,0.05974,-0.1272
9576409,2021-10-02,2021-2022,Manchester United,Everton,1,1,0.91661,0.25525,0.86421
9576371,2021-10-02,2021-2022,Leeds United,Watford,1,0,0.12727,-0.37581,0.70593
9576411,2021-10-02,2021-2022,Burnley,Norwich City,0,0,-0.27495,-0.77312,0.70102
9576478,2021-10-02,2021-2022,Wolverhampton Wanderers,Newcastle United,2,1,0.02618,-0.24117,0.4702
9576127,2021-10-02,2021-2022,Chelsea,Southampton,3,1,0.97176,-0.11462,1.28923
9576124,2021-10-02,2021-2022,Brighton & Hove Albion,Arsenal,0,0,0.0557,0.49153,-0.23298
9576376,2021-10-03,2021-2022,West Ham United,Brentford,1,2,0.38294,0.09431,0.49148
9576442,2021-10-03,2021-2022,Tottenham Hotspur,Aston Villa,2,1,0.49796,0.13165,0.56916
9576219,2021-10-03,2021-2022,Crystal Palace,Leicester City,2,2,-0.26583,0.40838,-0.47136
9576109,2021-10-03,2021-2022,Liverpool,Manchester City,2,2,1.18927,1.66898,-0.27686
9576185,2021-10-16,2021-2022,Watford,Liverpool,0,5,-0.386,1.19883,-1.38198
9576177,2021-10-16,2021-2022,Norwich City,Brighton & Hove Albion,0,0,-0.75038,0.06377,-0.6113
9576136,2021-10-16,2021-2022,Southampton,Leeds United,1,0,-0.13824,0.13742,-0.07281
9576230,2021-10-16,2021-2022,Manchester City,Burnley,2,0,1.6587,-0.29791,2.15945
9576368,2021-10-16,2021-2022,Leicester City,Manchester United,4,2,0.39208,0.88917,-0.29423
9576394,2021-10-16,2021-2022,Aston Villa,Wolverhampton Wanderers,2,3,0.11703,0.04401,0.27587
9576374,2021-10-16,2021-2022,Brentford,Chelsea,0,1,0.13515,0.995,-0.657
9576391,2021-10-17,2021-2022,Everton,West Ham United,0,1,0.28299,0.34243,0.14342
9576480,2021-10-17,2021-2022,Newcastle United,Tottenham Hotspur,2,3,-0.25894,0.51263,-0.56872
9576126,2021-10-18,2021-2022,Arsenal,Crystal Palace,2,2,0.48396,-0.24985,0.93667
9576120,2021-10-22,2021-2022,Arsenal,Aston Villa,3,1,0.45434,0.08027,0.57692
9576385,2021-10-23,2021-2022,Chelsea,Norwich City,7,0,1.00705,-0.73006,1.93995
9576479,2021-10-23,2021-2022,Crystal Palace,Newcastle United,1,1,-0.22038,-0.27362,0.25609
9576422,2021-10-23,2021-2022,Everton,Watford,2,5,0.24854,-0.43966,0.89105
9576115,2021-10-23,2021-2022,Southampton,Burnley,2,2,-0.10535,-0.2923,0.38979
9576121,2021-10-23,2021-2022,Leeds United,Wolverhampton Wanderers,1,1,0.105,0.08118,0.22667
9576113,2021-10-23,2021-2022,Brighton & Hove Albion,Manchester City,1,4,0.04355,1.65316,-1.40676
9576373,2021-10-24,2021-2022,Brentford,Leicester City,1,2,0.12324,0.44125,-0.11517
9576232,2021-10-24,2021-2022,West Ham United,Tottenham Hotspur,1,0,0.37605,0.52748,0.05142
9576117,2021-10-24,2021-2022,Manchester United,Liverpool,0,5,0.83969,1.25309,-0.21055
9576470,2021-10-30,2021-2022,Leicester City,Arsenal,0,2,0.46978,0.49376,0.17887
9576186,2021-10-30,2021-2022,Liverpool,Brighton & Hove Albion,2,2,1.3071,0.00149,1.50845
9576098,2021-10-30,2021-2022,Burnley,Brentford,3,1,-0.27929,0.09526,-0.1717
9576072,2021-10-30,2021-2022,Newcastle United,Chelsea,0,3,-0.26492,1.06161,-1.12368
9576183,2021-10-30,2021-2022,Watford,Southampton,0,1,-0.38628,-0.11869,-0.06474
9576423,2021-10-30,2021-2022,Manchester City,Crystal Palace,0,2,1.69514,-0.22924,2.12723
9576169,2021-10-30,2021-2022,Tottenham Hotspur,Manchester United,0,3,0.49789,0.7852,-0.08445
9576140,2021-10-31,2021-2022,Norwich City,Leeds United,1,2,-0.7844,0.09714,-0.67869
9576070,2021-10-31,2021-2022,Aston Villa,West Ham United,1,4,0.04046,0.40565,-0.16234
9576134,2021-11-01,2021-2022,Wolverhampton Wanderers,Everton,2,1,0.08882,0.19457,0.0971
9576130,2021-11-05,2021-2022,Southampton,Aston Villa,1,0,-0.08958,-0.01142,0.12469
9576129,2021-11-06,2021-2022,Manchester United,Manchester City,0,2,0.83673,1.64097,-0.60139
9576401,2021-11-06,2021-2022,Crystal Palace,Wolverhampton Wanderers,2,0,-0.17517,0.11726,-0.08958
9576216,2021-11-06,2021-2022,Brentford,Norwich City,1,2,0.04666,-0.79547,1.04498
9576137,2021-11-06,2021-2022,Chelsea,Burnley,1,1,1.10779,-0.231,1.54164
9576153,2021-11-06,2021-2022,Brighton & Hove Albion,Newcastle United,1,1,0.04181,-0.3105,0.55516
9576180,2021-11-07,2021-2022,Arsenal,Watford,1,0,0.54253,-0.41553,1.1609
9576125,2021-11-07,2021-2022,Leeds United,Leicester City,1,1,0.10812,0.42144,-0.11047
9576141,2021-11-07,2021-2022,Everton,Tottenham Hotspur,0,0,0.16552,0.44575,-0.07738
9576419,2021-11-07,2021-2022,West Ham United,Liverpool,3,2,0.45784,1.26632,-0.60563
9576217,2021-11-20,2021-2022,Leicester City,Chelsea,0,3,0.41705,1.0665,-0.44659
9576068,2021-11-20,2021-2022,Aston Villa,Brighton & Hove Albion,2,0,-0.03973,0.02322,0.1399
9576399,2021-11-20,2021-2022,Burnley,Crystal Palace,3,3,-0.18918,-0.12755,0.14122
9576214,2021-11-20,2021-2022,Watford,Manchester United,4,1,-0.41027,0.79775,-1.00517
9576067,2021-11-20,2021-2022,Norwich City,Southampton,2,1,-0.74836,-0.06184,-0.48367
9576264,2021-11-20,2021-2022,Wolverhampton Wanderers,West Ham United,1,0,0.06996,0.50007,-0.22726
9576133,2021-11-20,2021-2022,Newcastle United,Brentford,3,3,-0.2924,-0.00056,-0.08898
9576276,2021-11-20,2021-2022,Liverpool,Arsenal,4,0,1.22363,0.53693,0.88955
9576142,2021-11-21,2021-2022,Manchester City,Everton,3,0,1.67936,0.16822,1.71398
9576106,2021-11-21,2021-2022,Tottenham Hotspur,Leeds United,2,1,0.44247,0.11197,0.53335
9576128,2021-11-27,2021-2022,Arsenal,Newcastle United,2,0,0.48416,-0.28929,0.9763
9576084,2021-11-27,2021-2022,Norwich City,Wolverhampton Wanderers,0,0,-0.70751,0.10576,-0.61042
9576082,2021-11-27,2021-2022,Crystal Palace,Aston Villa,1,2,-0.12211,0.00567,0.07507
9576204,2021-11-27,2021-2022,Liverpool,Southampton,4,0,1.27691,-0.10269,1.58245
9576090,2021-11-27,2021-2022,Brighton & Hove Albion,Leeds United,0,0,-0.0224,0.09597,0.08448
9576167,2021-11-28,2021-2022,Leicester City,Watford,4,2,0.36581,-0.35619,0.92485
9576071,2021-11-28,2021-2022,Brentford,Everton,1,0,-0.00419,0.13086,0.06781
9576424,2021-11-28,2021-2022,Manchester City,West Ham United,2,1,1.71672,0.46386,1.45571
9576155,2021-11-28,2021-2022,Chelsea,Manchester United,1,1,1.11671,0.74308,0.57649
9576099,2021-11-30,2021-2022,Newcastle United,Norwich City,1,1,-0.32066,-0.68722,0.56942
9576178,2021-11-30,2021-2022,Leeds United,Crystal Palace,1,0,0.09913,-0.15469,0.45667
9576088,2021-12-01,2021-2022,Watford,Chelsea,1,2,-0.38817,1.09746,-1.28278
9576175,2021-12-01,2021-2022,Wolverhampton Wanderers,Burnley,0,0,0.08588,-0.19409,0.48282
9576206,2021-12-01,2021-2022,West Ham United,Brighton & Hove Albion,1,1,0.48021,-0.02535,0.70841
9576402,2021-12-01,2021-2022,Southampton,Leicester City,2,2,-0.15188,0.3984,-0.34742
9576400,2021-12-01,2021-2022,Aston Villa,Manchester City,1,2,0.03875,1.70124,-1.45965
9576367,2021-12-01,2021-2022,Everton,Liverpool,1,4,0.10211,1.32685,-1.02189
9576207,2021-12-02,2021-2022,Tottenham Hotspur,Brentford,2,0,0.45847,0.025,0.63633
9576372,2021-12-02,2021-2022,Manchester United,Arsenal,3,2,0.76249,0.51556,0.44979
9576375,2021-12-04,2021-2022,West Ham United,Chelsea,3,2,0.45677,1.08759,-0.42796
9576369,2021-12-04,2021-2022,Wolverhampton Wanderers,Liverpool,0,1,0.06936,1.37397,-1.10177
9576095,2021-12-04,2021-2022,Newcastle United,Burnley,1,0,-0.33992,-0.17757,0.0405
9576079,2021-12-04,2021-2022,Southampton,Brighton & Hove Albion,1,1,-0.13981,-0.00192,0.06496
9576089,2021-12-04,2021-2022,Watford,Manchester City,1,3,-0.37829,1.68547,-1.86091
9576255,2021-12-05,2021-2022,Tottenham Hotspur,Norwich City,3,0,0.49728,-0.66796,1.36809
9576122,2021-12-05,2021-2022,Leeds United,Brentford,2,2,0.11758,-0.01381,0.33424
9576379,2021-12-05,2021-2022,Manchester United,Crystal Palace,1,0,0.78116,-0.17314,1.15714
9576270,2021-12-05,2021-2022,Aston Villa,Leicester City,2,1,0.05452,0.38633,-0.12896
9576078,2021-12-06,2021-2022,Everton,Arsenal,2,1,0.05499,0.49689,-0.23906
9576380,2021-12-10,2021-2022,Brentford,Watford,2,1,-0.00157,-0.38314,0.58442
9576111,2021-12-11,2021-2022,Manchester City,Wolverhampton Wanderers,1,0,1.69032,0.07291,1.82026
9576086,2021-12-11,2021-2022,Arsenal,Southampton,3,0,0.46141,-0.14208,0.80634
9576139,2021-12-11,2021-2022,Chelsea,Leeds United,3,2,1.04798,0.10608,1.14475
9576107,2021-12-11,2021-2022,Liverpool,Aston Villa,1,0,1.37047,0.08829,1.48503
9576179,2021-12-11,2021-2022,Norwich City,Manchester United,0,1,-0.71054,0.77569,-1.28337
9576203,2021-12-12,2021-2022,Burnley,West Ham United,0,0,-0.20766,0.49627,-0.50108
9576469,2021-12-12,2021-2022,Leicester City,Newcastle United,4,0,0.35305,-0.31006,0.86596
9576405,2021-12-12,2021-2022,Crystal Palace,Everton,3,1,-0.16782,0.09104,-0.05601
9576413,2021-12-14,2021-2022,Norwich City,Aston Villa,0,2,-0.70064,0.10488,-0.60267
9576407,2021-12-14,2021-2022,Manchester City,Leeds United,7,0,1.66375,0.11118,1.75542
9576105,2021-12-15,2021-2022,Crystal Palace,Southampton,2,2,-0.11997,-0.19107,0.27394
9576104,2021-12-15,2021-2022,Brighton & Hove Albion,Wolverhampton Wanderers,0,1,6e-05,0.09948,0.10343
9576377,2021-12-15,2021-2022,Arsenal,West Ham United,2,0,0.5104,0.47916,0.23409
9576237,2021-12-16,2021-2022,Chelsea,Everton,1,1,1.04288,0.04319,1.20255
9576393,2021-12-16,2021-2022,Liverpool,Newcastle United,3,1,1.35388,-0.3634,1.92013
9576378,2021-12-18,2021-2022,Leeds United,Arsenal,1,4,0.0564,0.55471,-0.29547
9576254,2021-12-19,2021-2022,Wolverhampton Wanderers,Chelsea,0,0,0.13243,1.00757,-0.67229
9576096,2021-12-19,2021-2022,Newcastle United,Manchester City,0,4,-0.36527,1.71835,-1.88077
9576093,2021-12-19,2021-2022,Tottenham Hotspur,Liverpool,2,2,0.54035,1.35666,-0.61346
9576366,2021-12-26,2021-2022,Manchester City,Leicester City,6,3,1.76681,0.40581,1.56386
9576092,2021-12-26,2021-2022,West Ham United,Southampton,2,3,0.43546,-0.18149,0.81981
9576387,2021-12-26,2021-2022,Tottenham Hotspur,Crystal Palace,3,0,0.56096,-0.12945,0.89326
9576286,2021-12-26,2021-2022,Norwich City,Arsenal,0,5,-0.74005,0.60665,-1.14385
9576381,2021-12-26,2021-2022,Aston Villa,Chelsea,1,3,0.14405,0.9852,-0.6383
9576390,2021-12-26,2021-2022,Brighton & Hove Albion,Brentford,2,0,-0.03352,0.0126,0.15673
9576182,2021-12-27,2021-2022,Newcastle United,Manchester United,1,1,-0.41367,0.76579,-0.97661
9576191,2021-12-28,2021-2022,Southampton,Tottenham Hotspur,1,1,-0.13613,0.60872,-0.542
9576225,2021-12-28,2021-2022,Watford,West Ham United,1,4,-0.39737,0.3905,-0.58502
9576221,2021-12-28,2021-2022,Crystal Palace,Norwich City,3,0,-0.1773,-0.79398,0.81953
9576144,2021-12-28,2021-2022,Leicester City,Liverpool,1,0,0.36678,1.33605,-0.76642
9576395,2021-12-29,2021-2022,Chelsea,Brighton & Hove Albion,1,1,1.0234,0.0117,1.21455
9576192,2021-12-29,2021-2022,Brentford,Manchester City,0,1,-0.03245,1.80644,-1.63604
9576112,2021-12-30,2021-2022,Manchester United,Burnley,3,1,0.73557,-0.19074,1.12916
9576271,2022-01-01,2021-2022,Arsenal,Manchester City,1,2,0.66052,1.78514,-0.92178
9576171,2022-01-01,2021-2022,Watford,Tottenham Hotspur,0,1,-0.44785,0.59031,-0.83531
9576415,2022-01-01,2021-2022,Crystal Palace,West Ham United,2,3,-0.12842,0.44098,-0.36655
9576446,2022-01-02,2021-2022,Everton,Brighton & Hove Albion,2,3,0.07942,0.04765,0.23462
9576174,2022-01-02,2021-2022,Leeds United,Burnley,3,1,0.00446,-0.21867,0.42598
9576103,2022-01-02,2021-2022,Brentford,Aston Villa,2,1,-0.01115,0.1057,0.08599
9576392,2022-01-02,2021-2022,Chelsea,Liverpool,2,2,0.98744,1.29123,-0.10094
9576123,2022-01-03,2021-2022,Manchester United,Wolverhampton Wanderers,0,1,0.76349,0.15457,0.81177
10045752,2022-01-11,2021-2022,Southampton,Brentford,4,1,-0.11773,0.01757,0.06755
10045754,2022-01-12,2021-2022,West Ham United,Norwich City,2,0,0.46092,-0.84287,1.50664
9576268,2022-01-14,2021-2022,Brighton & Hove Albion,Crystal Palace,1,1,0.08371,-0.14941,0.43597
9576278,2022-01-15,2021-2022,Manchester City,Chelsea,1,0,1.78855,0.99097,1.00043
9576316,2022-01-15,2021-2022,Wolverhampton Wanderers,Southampton,3,1,0.19967,-0.06554,0.46805
9576350,2022-01-15,2021-2022,Norwich City,Everton,2,1,-0.85961,0.04346,-0.70022
9576349,2022-01-15,2021-2022,Newcastle United,Watford,1,1,-0.38306,-0.45357,0.27337
9576274,2022-01-15,2021-2022,Aston Villa,Manchester United,2,2,0.07655,0.71863,-0.43923
9576361,2022-01-16,2021-2022,West Ham United,Leeds United,2,3,0.47778,0.04624,0.6344
9576342,2022-01-16,2021-2022,Liverpool,Brentford,3,0,1.28846,-0.03521,1.52652
9576438,2022-01-18,2021-2022,Brighton & Hove Albion,Chelsea,1,1,0.06871,0.99098,-0.71942
10065225,2022-01-19,2021-2022,Leicester City,Tottenham Hotspur,2,3,0.4116,0.59611,0.01834
10054009,2022-01-19,2021-2022,Brentford,Manchester United,1,3,-0.07454,0.70352,-0.57521
9576363,2022-01-21,2021-2022,Watford,Norwich City,0,3,-0.44419,-0.81611,0.57476
9576324,2022-01-22,2021-2022,Everton,Aston Villa,0,1,-0.00044,0.09149,0.11092
9576440,2022-01-22,2021-2022,Leeds United,Newcastle United,0,1,0.08933,-0.39251,0.68468
9576333,2022-01-22,2021-2022,Manchester United,West Ham United,1,0,0.74263,0.43515,0.51032
9576451,2022-01-22,2021-2022,Brentford,Wolverhampton Wanderers,1,2,-0.11442,0.24082,-0.15238
9576439,2022-01-22,2021-2022,Southampton,Manchester City,1,1,-0.1061,1.78853,-1.69178
9576297,2022-01-23,2021-2022,Arsenal,Burnley,0,0,0.65776,-0.26091,1.12152
9576332,2022-01-23,2021-2022,Crystal Palace,Liverpool,1,3,-0.1348,1.32869,-1.26064
9576339,2022-01-23,2021-2022,Leicester City,Brighton & Hove Albion,1,1,0.37998,0.0922,0.49063
9576334,2022-01-23,2021-2022,Chelsea,Tottenham Hotspur,2,0,0.96753,0.62772,0.54265
10085333,2022-02-05,2021-2022,Burnley,Watford,0,0,-0.22634,-0.49779,0.4743
9576323,2022-02-08,2021-2022,Newcastle United,Everton,3,1,-0.34931,-0.03381,-0.11264
9576351,2022-02-08,2021-2022,West Ham United,Watford,1,0,0.41812,-0.48154,1.10252
9576359,2022-02-08,2021-2022,Burnley,Manchester United,1,1,-0.24259,0.75919,-0.79893
9576317,2022-02-09,2021-2022,Tottenham Hotspur,Southampton,2,3,0.58808,-0.06272,0.85364
9576345,2022-02-09,2021-2022,Norwich City,Crystal Palace,1,1,-0.76202,-0.15884,-0.40033
9576326,2022-02-09,2021-2022,Manchester City,Brentford,2,0,1.74514,-0.14142,2.08941
9576341,2022-02-09,2021-2022,Aston Villa,Leeds United,3,3,0.12503,0.04602,0.28186
9576290,2022-02-10,2021-2022,Wolverhampton Wanderers,Arsenal,0,1,0.26828,0.62415,-0.15302
9576289,2022-02-10,2021-2022,Liverpool,Leicester City,2,0,1.3532,0.36339,1.19266
9576432,2022-02-12,2021-2022,Manchester United,Southampton,1,1,0.73367,-0.01688,0.9534
9576314,2022-02-12,2021-2022,Brentford,Crystal Palace,0,0,-0.13861,-0.17268,0.23692
9576449,2022-02-12,2021-2022,Watford,Brighton & Hove Albion,0,2,-0.47875,0.10897,-0.38487
9576319,2022-02-12,2021-2022,Everton,Leeds United,3,0,-0.08199,0.05587,0.06499
9576309,2022-02-12,2021-2022,Norwich City,Manchester City,0,4,-0.74819,1.74202,-2.28736
9576463,2022-02-13,2021-2022,Newcastle United,Aston Villa,1,0,-0.30097,0.1153,-0.21342
9576300,2022-02-13,2021-2022,Burnley,Liverpool,0,1,-0.2166,1.37913,-1.39288
9576295,2022-02-13,2021-2022,Tottenham Hotspur,Wolverhampton Wanderers,0,2,0.54224,0.24129,0.50381
9576305,2022-02-13,2021-2022,Leicester City,West Ham United,2,2,0.33727,0.41455,0.12557
10098608,2022-02-15,2021-2022,Manchester United,Brighton & Hove Albion,2,0,0.70363,0.1518,0.75467
9576222,2022-02-19,2021-2022,West Ham United,Newcastle United,1,1,0.41888,-0.26544,0.88717
9576211,2022-02-19,2021-2022,Crystal Palace,Chelsea,0,1,-0.16459,1.0075,-0.96924
9576226,2022-02-19,2021-2022,Southampton,Everton,2,0,0.01281,-0.02979,0.24545
9576420,2022-02-19,2021-2022,Aston Villa,Watford,0,1,0.07966,-0.5211,0.80361
9576421,2022-02-19,2021-2022,Liverpool,Norwich City,3,1,1.36598,-0.79185,2.36069
9576227,2022-02-19,2021-2022,Arsenal,Brentford,2,1,0.65077,-0.14681,1.00043
9576210,2022-02-19,2021-2022,Brighton & Hove Albion,Burnley,0,3,0.11524,-0.20317,0.52126
9576459,2022-02-19,2021-2022,Manchester City,Tottenham Hotspur,2,3,1.78565,0.49183,1.49667
9576301,2022-02-20,2021-2022,Leeds United,Manchester United,2,4,0.00307,0.7398,-0.53388
9576223,2022-02-20,2021-2022,Wolverhampton Wanderers,Leicester City,2,1,0.29141,0.3329,0.16136
10114688,2022-02-23,2021-2022,Watford,Crystal Palace,1,4,-0.47682,-0.16566,-0.10831
10114687,2022-02-23,2021-2022,Burnley,Tottenham Hotspur,1,0,-0.14949,0.54277,-0.48941
10114693,2022-02-23,2021-2022,Liverpool,Leeds United,6,0,1.35347,-0.03704,1.59337
10114694,2022-02-24,2021-2022,Arsenal,Wolverhampton Wanderers,2,1,0.65075,0.31819,0.53542
9576208,2022-02-25,2021-2022,Southampton,Norwich City,2,0,0.05749,-0.77934,1.03968
9576445,2022-02-26,2021-2022,Leeds United,Tottenham Hotspur,0,4,-0.09183,0.50183,-0.39081
9576228,2022-02-26,2021-2022,Crystal Palace,Burnley,1,1,-0.11361,-0.109,0.19824
9576307,2022-02-26,2021-2022,Brentford,Newcastle United,0,2,-0.14689,-0.23709,0.29305
9576199,2022-02-26,2021-2022,Manchester United,Watford,0,0,0.78032,-0.52887,1.51204
9576460,2022-02-26,2021-2022,Brighton & Hove Albion,Aston Villa,0,2,0.06112,0.03489,0.22908
9576231,2022-02-26,2021-2022,Everton,Manchester City,0,1,-0.07339,1.73527,-1.60581
9576201,2022-02-27,2021-2022,West Ham United,Wolverhampton Wanderers,1,0,0.39053,0.30225,0.29113
10131311,2022-03-01,2021-2022,Burnley,Leicester City,0,2,-0.10167,0.30583,-0.20465
9576287,2022-03-05,2021-2022,Leicester City,Leeds United,1,0,0.35075,-0.14548,0.69908
9576213,2022-03-05,2021-2022,Newcastle United,Brighton & Hove Albion,2,1,-0.18784,0.01242,0.00259
9576200,2022-03-05,2021-2022,Aston Villa,Southampton,4,0,0.08311,0.08736,0.1986
9576418,2022-03-05,2021-2022,Burnley,Chelsea,0,4,-0.14684,1.00859,-0.95257
9576288,2022-03-05,2021-2022,Wolverhampton Wanderers,Crystal Palace,0,2,0.27953,-0.12049,0.60287
9576202,2022-03-05,2021-2022,Norwich City,Brentford,1,3,-0.80984,-0.19605,-0.41094
9576292,2022-03-05,2021-2022,Liverpool,West Ham United,1,0,1.40842,0.41372,1.19755
9576302,2022-03-06,2021-2022,Watford,Arsenal,2,3,-0.48862,0.66651,-0.95228
9576215,2022-03-06,2021-2022,Manchester City,Manchester United,4,1,1.71455,0.73947,1.17793
9576205,2022-03-07,2021-2022,Tottenham Hotspur,Everton,5,0,0.5548,-0.05325,0.8109
9576461,2022-03-10,2021-2022,Norwich City,Chelsea,1,3,-0.8523,1.06171,-1.71116
10144893,2022-03-10,2021-2022,Wolverhampton Wanderers,Watford,4,0,0.22805,-0.49027,0.92117
10144889,2022-03-10,2021-2022,Southampton,Newcastle United,1,2,0.03381,-0.15706,0.39373
10144887,2022-03-10,2021-2022,Leeds United,Aston Villa,0,3,-0.15645,0.137,-0.0906
9576337,2022-03-12,2021-2022,Brighton & Hove Albion,Liverpool,0,2,-0.01891,1.40155,-1.21761
9576448,2022-03-12,2021-2022,Brentford,Burnley,2,0,-0.15461,-0.19937,0.24761
9576426,2022-03-12,2021-2022,Manchester United,Tottenham Hotspur,3,2,0.69404,0.60903,0.28786
9576325,2022-03-13,2021-2022,Southampton,Watford,1,2,-0.00553,-0.54348,0.7408
9576252,2022-03-13,2021-2022,Everton,Wolverhampton Wanderers,0,1,-0.10722,0.28067,-0.18505
9576444,2022-03-13,2021-2022,West Ham United,Aston Villa,2,1,0.42084,0.1897,0.43398
9576253,2022-03-13,2021-2022,Chelsea,Newcastle United,1,0,1.07153,-0.11772,1.3921
9576249,2022-03-13,2021-2022,Leeds United,Norwich City,2,1,-0.20916,-0.86227,0.85596
9576212,2022-03-13,2021-2022,Arsenal,Leicester City,2,0,0.66835,0.36113,0.51007
9576250,2022-03-14,2021-2022,Crystal Palace,Manchester City,0,0,-0.06966,1.75953,-1.62633
10144879,2022-03-16,2021-2022,Brighton & Hove Albion,Tottenham Hotspur,0,2,-0.04444,0.58549,-0.42708
10144875,2022-03-16,2021-2022,Arsenal,Liverpool,0,2,0.7093,1.42708,-0.51493
10144888,2022-03-17,2021-2022,Everton,Newcastle United,1,0,-0.13365,-0.10416,0.17336
9576425,2022-03-18,2021-2022,Wolverhampton Wanderers,Leeds United,2,3,0.30739,-0.20414,0.71438
9576257,2022-03-19,2021-2022,Aston Villa,Arsenal,0,1,0.17077,0.66888,-0.29526
9576248,2022-03-20,2021-2022,Leicester City,Brentford,2,1,0.32075,-0.11044,0.63403
9576338,2022-03-20,2021-2022,Tottenham Hotspur,West Ham United,3,1,0.6281,0.43978,0.39117
9576236,2022-04-02,2021-2022,Liverpool,Watford,2,0,1.46715,-0.49897,2.16897
9576306,2022-04-02,2021-2022,Burnley,Manchester City,0,2,-0.24411,1.71654,-1.7578
9576238,2022-04-02,2021-2022,Chelsea,Brentford,1,4,1.05797,-0.12313,1.38395
9576447,2022-04-02,2021-2022,Wolverhampton Wanderers,Aston Villa,2,1,0.26322,0.1477,0.31837
9576234,2022-04-02,2021-2022,Leeds United,Southampton,1,1,-0.1604,-0.04954,0.09198
9576320,2022-04-02,2021-2022,Brighton & Hove Albion,Norwich City,0,0,-0.08666,-0.86734,0.98353
9576327,2022-04-02,2021-2022,Manchester United,Leicester City,1,1,0.71758,0.33329,0.58715
9576239,2022-04-03,2021-2022,West Ham United,Everton,2,1,0.39772,-0.1072,0.70776
9576315,2022-04-03,2021-2022,Tottenham Hotspur,Newcastle United,5,1,0.67084,-0.13091,1.0046
9576241,2022-04-04,2021-2022,Crystal Palace,Arsenal,3,0,-0.02666,0.6922,-0.51602
10196719,2022-04-06,2021-2022,Burnley,Everton,3,2,-0.25259,-0.11739,0.06765
9576280,2022-04-08,2021-2022,Newcastle United,Wolverhampton Wanderers,1,0,-0.18324,0.28563,-0.26602
9576242,2022-04-09,2021-2022,Everton,Manchester United,1,0,-0.14618,0.69799,-0.64132
9576284,2022-04-09,2021-2022,Southampton,Chelsea,0,6,-0.04682,1.00364,-0.84762
9576245,2022-04-09,2021-2022,Arsenal,Brighton & Hove Albion,1,2,0.63799,-0.1171,0.95793
9576285,2022-04-09,2021-2022,Watford,Leeds United,0,3,-0.49303,-0.1636,-0.12658
9576431,2022-04-09,2021-2022,Aston Villa,Tottenham Hotspur,0,4,0.12504,0.72322,-0.39533
9576281,2022-04-10,2021-2022,Norwich City,Burnley,2,0,-0.83696,-0.22341,-0.4107
9576244,2022-04-10,2021-2022,Brentford,West Ham United,2,0,-0.06818,0.40779,-0.27312
9576452,2022-04-10,2021-2022,Leicester City,Crystal Palace,2,1,0.35302,0.02684,0.52903
9576282,2022-04-10,2021-2022,Manchester City,Liverpool,2,2,1.7259,1.46129,0.46746
9576304,2022-04-16,2021-2022,Tottenham Hotspur,Brighton & Hove Albion,0,1,0.77745,-0.07017,1.05047
9576435,2022-04-16,2021-2022,Southampton,Arsenal,1,0,-0.10201,0.59158,-0.49074
9576291,2022-04-16,2021-2022,Manchester United,Norwich City,3,2,0.65505,-0.78705,1.64495
9576296,2022-04-16,2021-2022,Watford,Brentford,1,2,-0.54561,-0.01916,-0.3236
9576303,2022-04-17,2021-2022,West Ham United,Burnley,1,1,0.35889,-0.27387,0.83561
9576279,2022-04-17,2021-2022,Newcastle United,Leicester City,2,1,-0.14626,0.36899,-0.3124
10196718,2022-04-19,2021-2022,Liverpool,Manchester United,4,0,1.47706,0.63372,1.04619
10196711,2022-04-20,2021-2022,Everton,Leicester City,1,1,-0.10298,0.33112,-0.23125
10196717,2022-04-20,2021-2022,Newcastle United,Crystal Palace,1,0,-0.1084,0.0107,0.08375
10196712,2022-04-20,2021-2022,Chelsea,Arsenal,2,4,1.05762,0.55062,0.70985
10196714,2022-04-20,2021-2022,Manchester City,Brighton & Hove Albion,3,0,1.70987,-0.02237,1.93509
10196713,2022-04-21,2021-2022,Burnley,Southampton,2,0,-0.2463,-0.0615,0.01805
9576258,2022-04-23,2021-2022,Arsenal,Manchester United,3,1,0.60194,0.58088,0.22391
9576277,2022-04-23,2021-2022,Manchester City,Watford,5,1,1.74258,-0.56785,2.51328
9576267,2022-04-23,2021-2022,Leicester City,Aston Villa,0,0,0.3237,0.0714,0.45515
9576273,2022-04-23,2021-2022,Norwich City,Newcastle United,0,3,-0.76517,-0.07962,-0.4827
9576263,2022-04-23,2021-2022,Brentford,Tottenham Hotspur,0,0,0.00364,0.73018,-0.52369
9576428,2022-04-24,2021-2022,Brighton & Hove Albion,Southampton,2,2,-0.0561,-0.10866,0.25541
9576262,2022-04-24,2021-2022,Burnley,Wolverhampton Wanderers,1,0,-0.19913,0.24865,-0.24493
9576443,2022-04-24,2021-2022,Chelsea,West Ham United,1,0,1.00566,0.3322,0.87631
9576266,2022-04-24,2021-2022,Liverpool,Everton,2,0,1.52991,-0.09497,1.82772
9576265,2022-04-25,2021-2022,Crystal Palace,Leeds United,0,0,-0.0173,-0.11102,0.29657
9576293,2022-04-28,2021-2022,Manchester United,Chelsea,1,1,0.53679,1.00997,-0.27034
9576434,2022-04-30,2021-2022,Newcastle United,Liverpool,0,1,-0.0288,1.53589,-1.36184
9576275,2022-04-30,2021-2022,Southampton,Crystal Palace,1,2,-0.09886,-0.02754,0.13154
9576318,2022-04-30,2021-2022,Wolverhampton Wanderers,Brighton & Hove Albion,0,3,0.21314,-0.06493,0.48092
9576269,2022-04-30,2021-2022,Aston Villa,Norwich City,2,0,0.08626,-0.81567,1.10478
9576358,2022-04-30,2021-2022,Watford,Burnley,1,2,-0.60855,-0.16298,-0.24273
9576272,2022-04-30,2021-2022,Leeds United,Manchester City,0,4,-0.10141,1.78302,-1.68158
9576360,2022-05-01,2021-2022,Tottenham Hotspur,Leicester City,3,1,0.71202,0.30823,0.60664
9576335,2022-05-01,2021-2022,Everton,Chelsea,1,0,-0.10086,1.00052,-0.89854
9576429,2022-05-01,2021-2022,West Ham United,Arsenal,1,2,0.3276,0.64639,-0.11594
9576283,2022-05-02,2021-2022,Manchester United,Brentford,3,0,0.54623,0.02127,0.72782
9576336,2022-05-07,2021-2022,Crystal Palace,Watford,1,0,0.00618,-0.63311,0.84214
9576321,2022-05-07,2021-2022,Burnley,Aston Villa,1,3,-0.13801,0.11451,-0.04968
9576343,2022-05-07,2021-2022,Chelsea,Wolverhampton Wanderers,2,2,0.95486,0.15967,0.99804
9576330,2022-05-07,2021-2022,Brentford,Southampton,3,0,-0.02755,-0.13269,0.30799
9576322,2022-05-07,2021-2022,Brighton & Hove Albion,Manchester United,4,0,-0.01158,0.59525,-0.40398
9576357,2022-05-07,2021-2022,Liverpool,Tottenham Hotspur,1,1,1.52355,0.75093,0.97547
9576454,2022-05-08,2021-2022,Arsenal,Leeds United,2,1,0.67483,-0.15073,1.02841
9576344,2022-05-08,2021-2022,Norwich City,West Ham United,0,4,-0.84447,0.29964,-0.94126
9576331,2022-05-08,2021-2022,Leicester City,Everton,1,2,0.26917,-0.05506,0.52707
9576340,2022-05-08,2021-2022,Manchester City,Newcastle United,5,0,1.8328,-0.01639,2.05204
10236821,2022-05-10,2021-2022,Aston Villa,Liverpool,1,2,0.16115,1.4933,-1.1293
10236820,2022-05-11,2021-2022,Leeds United,Chelsea,0,3,-0.1503,0.92406,-0.87151
10236824,2022-05-11,2021-2022,Leicester City,Norwich City,3,0,0.22764,-0.89704,1.32752
10236818,2022-05-11,2021-2022,Watford,Everton,0,0,-0.63887,-0.01352,-0.4225
10277713,2022-05-11,2021-2022,Wolverhampton Wanderers,Manchester City,1,5,0.18987,1.88505,-1.49232
10236815,2022-05-12,2021-2022,Tottenham Hotspur,Arsenal,3,0,0.7816,0.67384,0.31062
9576298,2022-05-15,2021-2022,Tottenham Hotspur,Burnley,1,0,0.83348,-0.18435,1.22068
9576310,2022-05-15,2021-2022,West Ham United,Manchester City,2,2,0.35189,1.93605,-1.38131
9576462,2022-05-15,2021-2022,Wolverhampton Wanderers,Norwich City,1,1,0.13887,-0.94066,1.28238
9576362,2022-05-15,2021-2022,Aston Villa,Crystal Palace,1,1,0.16571,0.01168,0.35688
9576453,2022-05-15,2021-2022,Leeds United,Brighton & Hove Albion,1,1,-0.19877,0.04276,-0.03868
9576433,2022-05-15,2021-2022,Watford,Leicester City,1,5,-0.62431,0.27078,-0.69225
9576464,2022-05-15,2021-2022,Everton,Brentford,2,3,-0.02787,0.02375,0.15122
9576356,2022-05-16,2021-2022,Newcastle United,Arsenal,2,0,-0.0685,0.62197,-0.48761
9576430,2022-05-17,2021-2022,Southampton,Liverpool,1,2,-0.18437,1.48875,-1.47027
10236819,2022-05-19,2021-2022,Everton,Crystal Palace,3,2,-0.0625,0.02406,0.11629
10236816,2022-05-19,2021-2022,Chelsea,Leicester City,1,1,0.97167,0.32452,0.84999
10236823,2022-05-19,2021-2022,Aston Villa,Burnley,1,1,0.15332,-0.17661,0.53279
9576220,2022-05-22,2021-2022,Manchester City,Aston Villa,3,2,1.89738,0.13541,1.96482
9576308,2022-05-22,2021-2022,Chelsea,Watford,2,1,0.94429,-0.67746,1.82461
9576355,2022-05-22,2021-2022,Leicester City,Southampton,4,1,0.35148,-0.16843,0.72276
9576352,2022-05-22,2021-2022,Crystal Palace,Manchester United,1,0,-0.00397,0.54031,-0.34143
9576312,2022-05-22,2021-2022,Brentford,Leeds United,1,2,0.05858,-0.19741,0.45884
9576353,2022-05-22,2021-2022,Burnley,Newcastle United,1,2,-0.1593,-0.01817,0.06172
9576311,2022-05-22,2021-2022,Arsenal,Everton,5,1,0.57219,-0.03454,0.80959
9576299,2022-05-22,2021-2022,Liverpool,Wolverhampton Wanderers,3,1,1.47252,0.10199,1.57338
9576218,2022-05-22,2021-2022,Norwich City,Tottenham Hotspur,0,5,-0.90388,0.82582,-1.52685
9576354,2022-05-22,2021-2022,Brighton & Hove Albion,West Ham United,3,1,0.04201,0.39059,-0.14573
10385741,2022-08-05,2022-2023,Crystal Palace,Arsenal,0,2,0.03443,0.62508,-0.38779
10385502,2022-08-06,2022-2023,Fulham,Liverpool,2,2,-0.3807,1.48706,-1.66491
10385501,2022-08-06,2022-2023,Leeds United,Wolverhampton Wanderers,2,1,-0.1574,0.08729,-0.04185
10385498,2022-08-06,2022-2023,Newcastle United,Nottingham Forest,2,0,0.01467,0.0,0.21752
10385518,2022-08-06,2022-2023,Tottenham Hotspur,Southampton,4,1,0.87918,-0.21803,1.30006
10385483,2022-08-06,2022-2023,Bournemouth,Aston Villa,2,0,-0.40997,0.16573,-0.37285
10385509,2022-08-06,2022-2023,Everton,Chelsea,0,1,-0.08713,0.9179,-0.80218
10385491,2022-08-07,2022-2023,Leicester City,Brentford,2,2,0.40107,0.01858,0.58535
10385511,2022-08-07,2022-2023,Manchester United,Brighton & Hove Albion,1,2,0.50348,0.09008,0.61624
10385514,2022-08-07,2022-2023,West Ham United,Manchester City,0,2,0.34294,1.86738,-1.3216
10385503,2022-08-13,2022-2023,Aston Villa,Everton,2,1,0.11552,-0.09401,0.41238
10385743,2022-08-13,2022-2023,Brighton & Hove Albion,Newcastle United,0,0,0.133,0.05919,0.27666
10385737,2022-08-13,2022-2023,Southampton,Leeds United,2,2,-0.2608,-0.12558,0.06763
10385500,2022-08-13,2022-2023,Arsenal,Leicester City,4,2,0.668,0.38153,0.48932
10385527,2022-08-13,2022-2023,Wolverhampton Wanderers,Fulham,0,0,0.05522,-0.33766,0.59573
10385530,2022-08-13,2022-2023,Manchester City,Bournemouth,4,0,1.88936,-0.36028,2.4525
10385510,2022-08-13,2022-2023,Brentford,Manchester United,4,0,0.03767,0.46108,-0.22056
10385528,2022-08-14,2022-2023,Nottingham Forest,West Ham United,1,0,-0.04452,0.32062,-0.16229
10385525,2022-08-14,2022-2023,Chelsea,Tottenham Hotspur,2,2,0.92447,0.92269,0.20463
10385740,2022-08-15,2022-2023,Liverpool,Crystal Palace,1,1,1.44418,-0.00789,1.65492
10385739,2022-08-20,2022-2023,Tottenham Hotspur,Wolverhampton Wanderers,1,0,0.93027,0.03537,1.09775
10385738,2022-08-20,2022-2023,Leicester City,Southampton,1,2,0.3405,-0.26317,0.80652
10385520,2022-08-20,2022-2023,Crystal Palace,Aston Villa,3,1,0.03455,0.13513,0.10227
10385539,2022-08-20,2022-2023,Fulham,Brentford,3,2,-0.31733,0.09191,-0.20639
10385537,2022-08-20,2022-2023,Everton,Nottingham Forest,1,1,-0.11368,-0.01004,0.09922
10385519,2022-08-20,2022-2023,Bournemouth,Arsenal,0,3,-0.40113,0.70882,-0.90709
10385543,2022-08-21,2022-2023,Leeds United,Chelsea,3,0,-0.12287,0.91737,-0.8374
10385538,2022-08-21,2022-2023,West Ham United,Brighton & Hove Albion,0,2,0.2859,0.12344,0.36531
10385532,2022-08-21,2022-2023,Newcastle United,Manchester City,3,3,0.06924,1.93075,-1.65866
10385531,2022-08-22,2022-2023,Manchester United,Liverpool,2,1,0.40639,1.40127,-0.79202
10385567,2022-08-27,2022-2023,Southampton,Manchester United,0,1,-0.21839,0.45102,-0.46656
10385557,2022-08-27,2022-2023,Brighton & Hove Albion,Leeds United,1,0,0.17296,-0.06895,0.44477
10385556,2022-08-27,2022-2023,Brentford,Everton,1,1,0.05711,-0.11714,0.37711
10385552,2022-08-27,2022-2023,Chelsea,Leicester City,2,1,0.86337,0.2957,0.77052
10385547,2022-08-27,2022-2023,Liverpool,Bournemouth,9,0,1.35616,-0.44878,2.00779
10385554,2022-08-27,2022-2023,Manchester City,Crystal Palace,4,2,1.88825,0.08036,2.01074
10385742,2022-08-27,2022-2023,Arsenal,Fulham,2,1,0.75692,-0.28195,1.24171
10385568,2022-08-28,2022-2023,Wolverhampton Wanderers,Newcastle United,1,1,0.03856,0.1122,0.12921
10385563,2022-08-28,2022-2023,Aston Villa,West Ham United,0,1,0.08955,0.23628,0.05612
10385551,2022-08-28,2022-2023,Nottingham Forest,Tottenham Hotspur,0,2,-0.0062,0.92686,-0.73021
10385588,2022-08-30,2022-2023,Crystal Palace,Brentford,1,1,0.08124,0.04419,0.2399
10385559,2022-08-30,2022-2023,Fulham,Brighton & Hove Albion,2,1,-0.27318,0.19158,-0.26191
10385585,2022-08-30,2022-2023,Southampton,Chelsea,2,1,-0.23652,0.87132,-0.90499
10385758,2022-08-30,2022-2023,Leeds United,Everton,1,1,-0.08696,-0.10408,0.21997
10385759,2022-08-31,2022-2023,Bournemouth,Wolverhampton Wanderers,0,0,-0.50402,0.03406,-0.33523
10385574,2022-08-31,2022-2023,Arsenal,Aston Villa,2,1,0.74845,0.05739,0.89391
10385590,2022-08-31,2022-2023,Manchester City,Nottingham Forest,6,0,1.88787,-0.04285,2.13356
10385564,2022-08-31,2022-2023,West Ham United,Tottenham Hotspur,1,1,0.26787,0.96391,-0.49319
10385582,2022-08-31,2022-2023,Liverpool,Newcastle United,2,1,1.41149,0.11675,1.4976
10385573,2022-09-01,2022-2023,Leicester City,Manchester United,0,1,0.28725,0.46916,0.02094
10385599,2022-09-03,2022-2023,Everton,Liverpool,0,0,-0.09663,1.39468,-1.28846
10385744,2022-09-03,2022-2023,Tottenham Hotspur,Fulham,2,1,0.9468,-0.23669,1.38634
10385608,2022-09-03,2022-2023,Newcastle United,Crystal Palace,0,0,0.13399,0.07292,0.26392
10385757,2022-09-03,2022-2023,Chelsea,West Ham United,2,1,0.82554,0.28455,0.74383
10385595,2022-09-03,2022-2023,Wolverhampton Wanderers,Southampton,1,0,0.02248,-0.19064,0.41597
10385577,2022-09-03,2022-2023,Brentford,Leeds United,5,2,0.05236,-0.0946,0.34981
10385600,2022-09-03,2022-2023,Nottingham Forest,Bournemouth,2,3,-0.0972,-0.49249,0.59814
10385569,2022-09-03,2022-2023,Aston Villa,Manchester City,1,1,0.05334,1.94182,-1.68563
10385576,2022-09-04,2022-2023,Brighton & Hove Albion,Leicester City,5,2,0.15529,0.25592,0.10222
10385750,2022-09-04,2022-2023,Manchester United,Arsenal,3,1,0.50079,0.75215,-0.04851
10385745,2022-09-16,2022-2023,Aston Villa,Southampton,1,0,0.09714,-0.21036,0.51035
10385627,2022-09-16,2022-2023,Nottingham Forest,Fulham,2,3,-0.13979,-0.22332,0.28638
10385639,2022-09-17,2022-2023,Wolverhampton Wanderers,Manchester City,0,3,0.04219,1.89802,-1.65298
10385624,2022-09-17,2022-2023,Newcastle United,Bournemouth,1,1,0.12476,-0.4499,0.77751
10385641,2022-09-17,2022-2023,Tottenham Hotspur,Leicester City,6,2,0.93343,0.20326,0.93303
10385635,2022-09-18,2022-2023,Brentford,Arsenal,0,3,0.10407,0.70437,-0.39745
10385623,2022-09-18,2022-2023,Everton,West Ham United,1,0,-0.05922,0.27559,-0.13196
10385648,2022-10-01,2022-2023,Arsenal,Tottenham Hotspur,3,1,0.75585,0.98602,-0.02733
10385629,2022-10-01,2022-2023,Crystal Palace,Chelsea,1,2,0.08196,0.83439,-0.54958
10385659,2022-10-01,2022-2023,Liverpool,Brighton & Hove Albion,3,3,1.3575,0.20736,1.35298
10385749,2022-10-01,2022-2023,Fulham,Newcastle United,1,4,-0.1861,0.09965,-0.08289
10385748,2022-10-01,2022-2023,Bournemouth,Brentford,0,0,-0.42512,0.05315,-0.27542
10385657,2022-10-01,2022-2023,Southampton,Everton,1,2,-0.22619,-0.02539,0.00205
10385661,2022-10-01,2022-2023,West Ham United,Wolverhampton Wanderers,2,0,0.24203,0.0041,0.44078
10385656,2022-10-02,2022-2023,Manchester City,Manchester United,6,3,1.93719,0.54804,1.592
10385642,2022-10-02,2022-2023,Leeds United,Aston Villa,0,0,-0.14581,0.11369,-0.05665
10385631,2022-10-03,2022-2023,Leicester City,Nottingham Forest,4,0,0.1509,-0.17675,0.53049
10385695,2022-10-08,2022-2023,Manchester City,Southampton,4,0,1.97678,-0.25708,2.43671
10385689,2022-10-08,2022-2023,Newcastle United,Brentford,5,1,0.15151,0.04352,0.31084
10385760,2022-10-08,2022-2023,Chelsea,Wolverhampton Wanderers,3,0,0.8498,-0.03792,1.09057
10385649,2022-10-08,2022-2023,Bournemouth,Leicester City,2,1,-0.4155,0.20433,-0.41698
10385653,2022-10-08,2022-2023,Brighton & Hove Albion,Tottenham Hotspur,0,1,0.24614,0.93843,-0.48944
10385686,2022-10-09,2022-2023,Crystal Palace,Leeds United,2,1,0.06649,-0.14383,0.41317
10385687,2022-10-09,2022-2023,West Ham United,Fulham,3,1,0.28405,-0.23824,0.72514
10385644,2022-10-09,2022-2023,Arsenal,Liverpool,3,2,0.80344,1.3193,-0.31301
10385762,2022-10-09,2022-2023,Everton,Manchester United,1,2,0.00587,0.50845,-0.29973
10385761,2022-10-10,2022-2023,Nottingham Forest,Aston Villa,1,1,-0.2306,0.11169,-0.13945
10385682,2022-10-14,2022-2023,Brentford,Brighton & Hove Albion,2,0,-0.01068,0.22892,-0.03676
10385704,2022-10-15,2022-2023,Leicester City,Crystal Palace,0,0,0.16563,0.08607,0.28241
10385696,2022-10-15,2022-2023,Fulham,Bournemouth,2,2,-0.27557,-0.3762,0.30348
10385705,2022-10-15,2022-2023,Wolverhampton Wanderers,Nottingham Forest,1,0,-0.0838,-0.22575,0.3448
10385753,2022-10-15,2022-2023,Tottenham Hotspur,Everton,2,0,0.95676,-0.01707,1.17668
10385692,2022-10-16,2022-2023,Southampton,West Ham United,1,1,-0.29903,0.32079,-0.41697
10385700,2022-10-16,2022-2023,Leeds United,Arsenal,0,1,-0.16339,0.84089,-0.80143
10385693,2022-10-16,2022-2023,Manchester United,Newcastle United,0,0,0.53236,0.20528,0.52993
10385680,2022-10-16,2022-2023,Aston Villa,Chelsea,0,2,0.10705,0.89573,-0.58583
10385752,2022-10-16,2022-2023,Liverpool,Manchester City,1,0,1.28142,2.01839,-0.53412
10385713,2022-10-18,2022-2023,Brighton & Hove Albion,Nottingham Forest,0,0,0.18158,-0.24762,0.63205
10385707,2022-10-18,2022-2023,Crystal Palace,Wolverhampton Wanderers,2,1,0.09604,-0.06218,0.36106
10385729,2022-10-19,2022-2023,Liverpool,West Ham United,1,0,1.32306,0.30641,1.2195
10385755,2022-10-19,2022-2023,Bournemouth,Southampton,0,1,-0.3653,-0.28481,0.12237
10385718,2022-10-19,2022-2023,Brentford,Chelsea,0,0,0.03699,0.93542,-0.69558
10385715,2022-10-19,2022-2023,Newcastle United,Everton,1,0,0.22369,-0.04372,0.47026
10385725,2022-10-19,2022-2023,Manchester United,Tottenham Hotspur,2,0,0.51433,0.98311,-0.26593
10385708,2022-10-20,2022-2023,Fulham,Aston Villa,3,0,-0.28615,0.06779,-0.15109
10385706,2022-10-20,2022-2023,Leicester City,Leeds United,2,0,0.15577,-0.17028,0.5289
10385728,2022-10-22,2022-2023,Nottingham Forest,Liverpool,1,0,-0.22638,1.31544,-1.33897
10385721,2022-10-22,2022-2023,Everton,Crystal Palace,3,0,-0.0615,0.11718,0.02417
10385730,2022-10-22,2022-2023,Manchester City,Brighton & Hove Albion,3,1,1.97768,0.16063,2.01989
10385751,2022-10-22,2022-2023,Chelsea,Manchester United,1,1,0.91269,0.56331,0.55223
10385732,2022-10-23,2022-2023,Aston Villa,Brentford,4,0,0.01455,0.05979,0.15761
10385361,2022-10-23,2022-2023,Wolverhampton Wanderers,Leicester City,0,4,-0.08307,0.19596,-0.07619
10385368,2022-10-23,2022-2023,Southampton,Arsenal,1,1,-0.25103,0.84787,-0.89605
10385754,2022-10-23,2022-2023,Leeds United,Fulham,2,3,-0.21056,-0.23334,0.22564
10385365,2022-10-23,2022-2023,Tottenham Hotspur,Newcastle United,1,2,0.93444,0.24151,0.89579
10385359,2022-10-24,2022-2023,West Ham United,Bournemouth,2,0,0.31459,-0.39892,0.91637
10385380,2022-10-29,2022-2023,Leicester City,Manchester City,0,1,0.25042,1.97697,-1.52371
10385367,2022-10-29,2022-2023,Brentford,Wolverhampton Wanderers,1,1,0.00612,-0.13708,0.34606
10385366,2022-10-29,2022-2023,Bournemouth,Tottenham Hotspur,2,3,-0.43206,0.88865,-1.11787
10385363,2022-10-29,2022-2023,Brighton & Hove Albion,Chelsea,4,1,0.1611,0.89417,-0.53022
10385377,2022-10-29,2022-2023,Crystal Palace,Southampton,1,0,0.06509,-0.22276,0.4907
10385362,2022-10-29,2022-2023,Newcastle United,Aston Villa,4,0,0.28749,0.06848,0.42186
10385378,2022-10-29,2022-2023,Fulham,Everton,0,0,-0.19698,-0.00917,0.01505
10385373,2022-10-29,2022-2023,Liverpool,Leeds United,1,2,1.2659,-0.24634,1.71509
10385364,2022-10-30,2022-2023,Arsenal,Nottingham Forest,5,0,0.81995,-0.17692,1.19972
10385360,2022-10-30,2022-2023,Manchester United,West Ham United,1,0,0.58237,0.34736,0.43786
10385388,2022-11-05,2022-2023,Nottingham Forest,Brentford,2,2,-0.23025,-0.00577,-0.02163
10385385,2022-11-05,2022-2023,Manchester City,Fulham,2,1,1.95934,-0.19751,2.3597
10385374,2022-11-05,2022-2023,Wolverhampton Wanderers,Brighton & Hove Albion,2,3,-0.12579,0.21464,-0.13758
10385384,2022-11-05,2022-2023,Leeds United,Bournemouth,4,3,-0.19532,-0.42796,0.43548
10385390,2022-11-05,2022-2023,Everton,Leicester City,0,2,-0.00806,0.26805,-0.07326
10385376,2022-11-06,2022-2023,Chelsea,Arsenal,0,1,0.84043,0.87382,0.16946
10385379,2022-11-06,2022-2023,Aston Villa,Manchester United,3,1,0.01548,0.60119,-0.38286
10385371,2022-11-06,2022-2023,Southampton,Newcastle United,1,4,-0.23963,0.3411,-0.37787
10385372,2022-11-06,2022-2023,West Ham United,Crystal Palace,1,2,0.32891,0.08226,0.4495
10385375,2022-11-06,2022-2023,Tottenham Hotspur,Liverpool,1,2,0.88405,1.21449,-0.12759
10385383,2022-11-12,2022-2023,Manchester City,Brentford,1,2,1.92061,-0.00654,2.12999
10385386,2022-11-12,2022-2023,Bournemouth,Everton,3,0,-0.44681,-0.05417,-0.18979
10385387,2022-11-12,2022-2023,Tottenham Hotspur,Leeds United,4,3,0.85608,-0.17642,1.23535
10385382,2022-11-12,2022-2023,Nottingham Forest,Crystal Palace,1,0,-0.22949,0.12255,-0.14919
10385400,2022-11-12,2022-2023,Liverpool,Southampton,3,1,1.24158,-0.29064,1.73506
10385395,2022-11-12,2022-2023,West Ham United,Leicester City,0,2,0.28862,0.31466,0.1768
10385381,2022-11-12,2022-2023,Newcastle United,Chelsea,1,0,0.3927,0.8058,-0.21025
10385393,2022-11-12,2022-2023,Wolverhampton Wanderers,Arsenal,0,2,-0.1535,0.90883,-0.85948
10385389,2022-11-13,2022-2023,Brighton & Hove Albion,Aston Villa,1,2,0.24263,0.0652,0.38028
10385399,2022-11-13,2022-2023,Fulham,Manchester United,1,2,-0.1592,0.5509,-0.50725
10385397,2022-12-26,2022-2023,Brentford,Tottenham Hotspur,2,2,0.0461,0.84793,-0.59898
10385394,2022-12-26,2022-2023,Crystal Palace,Fulham,0,3,0.0881,-0.17585,0.4668
10385404,2022-12-26,2022-2023,Southampton,Brighton & Hove Albion,1,3,-0.30036,0.20395,-0.30146
10385406,2022-12-26,2022-2023,Leicester City,Newcastle United,0,3,0.36266,0.42816,0.13735
10385391,2022-12-26,2022-2023,Everton,Wolverhampton Wanderers,1,2,-0.10757,-0.18751,0.28279
10385398,2022-12-26,2022-2023,Aston Villa,Liverpool,1,3,0.10444,1.25075,-0.94346
10385396,2022-12-26,2022-2023,Arsenal,West Ham United,3,1,0.94307,0.2403,0.90562
10385392,2022-12-27,2022-2023,Chelsea,Bournemouth,2,0,0.76995,-0.39392,1.36671
10385401,2022-12-27,2022-2023,Manchester United,Nottingham Forest,3,0,0.56832,-0.19529,0.96646
10385403,2022-12-28,2022-2023,Leeds United,Manchester City,1,3,-0.16806,1.86786,-1.83307
10385402,2022-12-30,2022-2023,West Ham United,Brentford,0,2,0.20675,0.06606,0.34354
10385405,2022-12-30,2022-2023,Liverpool,Leicester City,2,1,1.28299,0.3099,1.17594
10385408,2022-12-31,2022-2023,Wolverhampton Wanderers,Manchester United,0,1,-0.151,0.61544,-0.56359
10385418,2022-12-31,2022-2023,Manchester City,Everton,1,1,1.87307,-0.14447,2.22039
10385413,2022-12-31,2022-2023,Newcastle United,Leeds United,0,0,0.48133,-0.17387,0.85805
10385407,2022-12-31,2022-2023,Fulham,Southampton,2,1,-0.1226,-0.34384,0.42408
10385410,2022-12-31,2022-2023,Bournemouth,Crystal Palace,0,2,-0.4143,0.03467,-0.24612
10385409,2022-12-31,2022-2023,Brighton & Hove Albion,Arsenal,2,4,0.247,0.97608,-0.52623
10385414,2023-01-01,2022-2023,Tottenham Hotspur,Aston Villa,0,2,0.82789,0.07228,0.95846
10385412,2023-01-01,2022-2023,Nottingham Forest,Chelsea,1,1,-0.24203,0.79093,-0.8301
10385428,2023-01-02,2022-2023,Brentford,Liverpool,3,1,0.11576,1.27688,-0.95827
10385416,2023-01-03,2022-2023,Arsenal,Newcastle United,0,0,1.01669,0.45405,0.76549
10385419,2023-01-03,2022-2023,Leicester City,Fulham,0,1,0.31542,-0.10335,0.62162
10385421,2023-01-03,2022-2023,Everton,Brighton & Hove Albion,1,4,-0.09623,0.20677,-0.10015
10385415,2023-01-03,2022-2023,Manchester United,Bournemouth,3,0,0.63082,-0.45849,1.29216
10385411,2023-01-04,2022-2023,Southampton,Nottingham Forest,0,1,-0.36357,-0.2155,0.05477
10385417,2023-01-04,2022-2023,Leeds United,West Ham United,2,2,-0.14665,0.15726,-0.10106
10385424,2023-01-04,2022-2023,Crystal Palace,Tottenham Hotspur,0,4,0.07825,0.77561,-0.49451
10385420,2023-01-04,2022-2023,Aston Villa,Wolverhampton Wanderers,1,1,0.1242,-0.16584,0.49289
10385429,2023-01-05,2022-2023,Chelsea,Manchester City,0,1,0.76462,1.82443,-0.85697
10913240,2023-01-12,2022-2023,Fulham,Chelsea,2,1,-0.06069,0.75963,-0.61747
10385423,2023-01-13,2022-2023,Aston Villa,Leeds United,2,1,0.10735,-0.14312,0.45333
10385426,2023-01-14,2022-2023,Manchester United,Manchester City,2,1,0.67491,1.82947,-0.95171
10385438,2023-01-14,2022-2023,Wolverhampton Wanderers,West Ham United,1,0,-0.14935,0.1537,-0.1002
10385425,2023-01-14,2022-2023,Nottingham Forest,Leicester City,2,0,-0.18307,0.27298,-0.2532
10385436,2023-01-14,2022-2023,Brighton & Hove Albion,Liverpool,3,0,0.25841,1.22402,-0.76277
10385422,2023-01-14,2022-2023,Everton,Southampton,1,2,-0.1489,-0.39569,0.44964
10385439,2023-01-14,2022-2023,Brentford,Bournemouth,2,0,0.16862,-0.50257,0.87404
10385435,2023-01-15,2022-2023,Chelsea,Crystal Palace,1,0,0.71719,0.02476,0.89527
10385427,2023-01-15,2022-2023,Newcastle United,Fulham,1,0,0.47852,-0.0183,0.69967
10385433,2023-01-15,2022-2023,Tottenham Hotspur,Arsenal,0,2,0.82852,0.99191,0.03947
10979293,2023-01-18,2022-2023,Crystal Palace,Manchester United,1,1,0.02051,0.72125,-0.4979
10913242,2023-01-19,2022-2023,Manchester City,Tottenham Hotspur,4,2,1.78252,0.78136,1.204
10385443,2023-01-21,2022-2023,Liverpool,Chelsea,0,0,1.17069,0.72083,0.65271
10385444,2023-01-21,2022-2023,West Ham United,Everton,2,0,0.12005,-0.18874,0.51164
10385449,2023-01-21,2022-2023,Southampton,Aston Villa,0,1,-0.3562,0.1257,-0.27905
10385434,2023-01-21,2022-2023,Leicester City,Brighton & Hove Albion,2,2,0.22361,0.31226,0.11421
10385431,2023-01-21,2022-2023,Bournemouth,Nottingham Forest,1,1,-0.53627,-0.13419,-0.19923
10385430,2023-01-21,2022-2023,Crystal Palace,Newcastle United,0,0,0.03751,0.48889,-0.24853
10385432,2023-01-22,2022-2023,Leeds United,Brentford,0,0,-0.16143,0.20231,-0.1609
10385445,2023-01-22,2022-2023,Manchester City,Wolverhampton Wanderers,3,0,1.80842,-0.11621,2.12749
10652685,2023-01-22,2022-2023,Arsenal,Manchester United,3,2,1.03881,0.70425,0.53741
10385437,2023-01-23,2022-2023,Fulham,Tottenham Hotspur,0,1,-0.02818,0.75545,-0.58079
10385441,2023-02-03,2022-2023,Chelsea,Fulham,0,0,0.74243,-0.04248,0.98777
10385450,2023-02-04,2022-2023,Everton,Arsenal,1,0,-0.22966,1.05451,-1.08132
10385440,2023-02-04,2022-2023,Brighton & Hove Albion,Bournemouth,1,0,0.31683,-0.52936,1.04903
10385446,2023-02-04,2022-2023,Brentford,Southampton,3,0,0.1971,-0.37972,0.77967
10385448,2023-02-04,2022-2023,Aston Villa,Leicester City,2,4,0.14943,0.21963,0.13265
10688772,2023-02-04,2022-2023,Manchester United,Crystal Palace,2,1,0.68926,0.04611,0.846
10385454,2023-02-04,2022-2023,Wolverhampton Wanderers,Liverpool,3,0,-0.14351,1.14913,-1.08978
10385458,2023-02-04,2022-2023,Newcastle United,West Ham United,1,1,0.48039,0.16052,0.52272
10385459,2023-02-05,2022-2023,Nottingham Forest,Leeds United,1,0,-0.14056,-0.15584,0.21812
10385442,2023-02-05,2022-2023,Tottenham Hotspur,Manchester City,1,0,0.7695,1.83608,-0.86373
11007089,2023-02-08,2022-2023,Manchester United,Leeds United,2,2,0.69468,-0.18136,1.07889
10385467,2023-02-11,2022-2023,West Ham United,Chelsea,1,1,0.17857,0.71189,-0.33047
10385468,2023-02-11,2022-2023,Crystal Palace,Brighton & Hove Albion,1,1,0.04085,0.31511,-0.07141
10385466,2023-02-11,2022-2023,Leicester City,Tottenham Hotspur,4,1,0.26756,0.81494,-0.34453
10385451,2023-02-11,2022-2023,Arsenal,Brentford,1,1,1.00713,0.24574,0.96424
10385461,2023-02-11,2022-2023,Fulham,Nottingham Forest,2,0,-0.01209,-0.11534,0.30609
10385457,2023-02-11,2022-2023,Southampton,Wolverhampton Wanderers,1,2,-0.42864,-0.08937,-0.13642
10385460,2023-02-11,2022-2023,Bournemouth,Newcastle United,1,1,-0.52757,0.46279,-0.78751
10385464,2023-02-12,2022-2023,Leeds United,Manchester United,0,2,-0.14835,0.66202,-0.60751
10385452,2023-02-12,2022-2023,Manchester City,Aston Villa,3,1,1.79095,0.10146,1.89234
10385456,2023-02-13,2022-2023,Liverpool,Everton,2,0,1.09476,-0.18212,1.47973
10913239,2023-02-15,2022-2023,Arsenal,Manchester City,1,3,0.97683,1.7947,-0.61502
10385462,2023-02-18,2022-2023,Aston Villa,Arsenal,2,4,0.09718,0.93807,-0.63805
10385474,2023-02-18,2022-2023,Brentford,Crystal Palace,1,1,0.27626,0.04334,0.43577
10385465,2023-02-18,2022-2023,Nottingham Forest,Manchester City,1,1,-0.15847,1.83388,-1.7895
10385475,2023-02-18,2022-2023,Brighton & Hove Albion,Fulham,0,1,0.3126,0.03133,0.48412
10385463,2023-02-18,2022-2023,Everton,Leeds United,1,0,-0.19911,-0.18723,0.19097
10385479,2023-02-18,2022-2023,Wolverhampton Wanderers,Bournemouth,0,1,-0.06133,-0.50218,0.64369
10385472,2023-02-18,2022-2023,Chelsea,Southampton,0,1,0.70018,-0.45607,1.3591
10385470,2023-02-18,2022-2023,Newcastle United,Liverpool,0,2,0.43721,1.11228,-0.47222
10652688,2023-02-19,2022-2023,Manchester United,Leicester City,3,0,0.70054,0.32078,0.5826
10385477,2023-02-19,2022-2023,Tottenham Hotspur,West Ham United,2,0,0.76222,0.18994,0.77514
10385473,2023-02-24,2022-2023,Fulham,Wolverhampton Wanderers,1,1,0.07222,-0.10409,0.37916
10385482,2023-02-25,2022-2023,West Ham United,Nottingham Forest,4,0,0.1543,-0.11388,0.47103
10385471,2023-02-25,2022-2023,Everton,Aston Villa,0,2,-0.17285,0.05883,-0.02883
10385478,2023-02-25,2022-2023,Leeds United,Southampton,1,0,-0.21364,-0.40593,0.39514
10385480,2023-02-25,2022-2023,Leicester City,Arsenal,0,1,0.27143,0.97685,-0.50257
10385476,2023-02-25,2022-2023,Bournemouth,Manchester City,1,4,-0.45914,1.78879,-2.04507
10385486,2023-02-25,2022-2023,Crystal Palace,Liverpool,0,0,0.0582,1.15382,-0.89276
10385488,2023-02-26,2022-2023,Tottenham Hotspur,Chelsea,2,0,0.79838,0.6506,0.35064
11047751,2023-03-01,2022-2023,Arsenal,Everton,4,0,0.99279,-0.21939,1.41503
11047752,2023-03-01,2022-2023,Liverpool,Wolverhampton Wanderers,2,0,1.12538,-0.09096,1.41919
10517280,2023-03-04,2022-2023,Manchester City,Newcastle United,2,0,1.81865,0.39612,1.62538
10385487,2023-03-04,2022-2023,Brighton & Hove Albion,West Ham United,4,0,0.27175,0.20783,0.26677
10385492,2023-03-04,2022-2023,Wolverhampton Wanderers,Tottenham Hotspur,1,0,-0.11098,0.84121,-0.74934
10385495,2023-03-04,2022-2023,Chelsea,Leeds United,1,0,0.60721,-0.19351,1.00357
10385490,2023-03-04,2022-2023,Arsenal,Bournemouth,3,2,1.04419,-0.48888,1.73592
10385485,2023-03-04,2022-2023,Aston Villa,Crystal Palace,1,0,0.10494,0.08639,0.2214
10385496,2023-03-04,2022-2023,Southampton,Leicester City,1,0,-0.42691,0.25461,-0.47867
10385507,2023-03-05,2022-2023,Nottingham Forest,Everton,2,2,-0.16691,-0.27079,0.30673
10652686,2023-03-05,2022-2023,Liverpool,Manchester United,7,0,1.14499,0.75049,0.59735
11014934,2023-03-06,2022-2023,Brentford,Fulham,3,2,0.26126,0.05923,0.40488
10385494,2023-03-11,2022-2023,Bournemouth,Liverpool,1,0,-0.46526,1.19969,-1.4621
10385513,2023-03-11,2022-2023,Leicester City,Chelsea,1,3,0.21412,0.60708,-0.19011
10385504,2023-03-11,2022-2023,Tottenham Hotspur,Nottingham Forest,3,1,0.79757,-0.17749,1.17791
10385515,2023-03-11,2022-2023,Leeds United,Brighton & Hove Albion,2,2,-0.19317,0.32556,-0.31588
10385516,2023-03-11,2022-2023,Everton,Brentford,1,0,-0.26016,0.2811,-0.33841
10385499,2023-03-11,2022-2023,Crystal Palace,Manchester City,0,1,0.06155,1.83148,-1.56708
10652679,2023-03-12,2022-2023,Manchester United,Southampton,0,0,0.69633,-0.38658,1.28577
10385517,2023-03-12,2022-2023,West Ham United,Aston Villa,1,1,0.15463,0.1301,0.22738
10385512,2023-03-12,2022-2023,Fulham,Arsenal,0,3,0.03926,1.02023,-0.77812
10385505,2023-03-12,2022-2023,Newcastle United,Wolverhampton Wanderers,2,1,0.38283,-0.06685,0.65253
11055513,2023-03-15,2022-2023,Southampton,Brentford,0,2,-0.34919,0.24275,-0.38909
11055512,2023-03-15,2022-2023,Brighton & Hove Albion,Crystal Palace,1,0,0.31528,0.08052,0.4376
10385521,2023-03-17,2022-2023,Nottingham Forest,Newcastle United,1,2,-0.20392,0.39477,-0.39584
10385536,2023-03-18,2022-2023,Aston Villa,Bournemouth,3,0,0.13825,-0.41506,0.75615
10385529,2023-03-18,2022-2023,Brentford,Leicester City,1,1,0.28569,0.16928,0.31926
10385544,2023-03-18,2022-2023,Southampton,Tottenham Hotspur,3,3,-0.39196,0.82389,-1.013
10385540,2023-03-18,2022-2023,Wolverhampton Wanderers,Leeds United,2,4,-0.0783,-0.18229,0.30684
10385526,2023-03-18,2022-2023,Chelsea,Everton,2,2,0.65192,-0.22224,1.077
10385522,2023-03-19,2022-2023,Arsenal,Crystal Palace,4,1,1.06862,0.06148,1.20999
10385561,2023-04-01,2022-2023,Manchester City,Liverpool,4,1,1.81265,1.14894,0.86656
10385560,2023-04-01,2022-2023,Nottingham Forest,Wolverhampton Wanderers,1,1,-0.22425,-0.12756,0.10616
10385534,2023-04-01,2022-2023,Brighton & Hove Albion,Brentford,3,3,0.33432,0.27469,0.26247
10385545,2023-04-01,2022-2023,Crystal Palace,Leicester City,2,1,0.0173,0.1804,0.03976
10385553,2023-04-01,2022-2023,Arsenal,Leeds United,4,1,1.11373,-0.13249,1.44907
10385541,2023-04-01,2022-2023,Bournemouth,Fulham,2,1,-0.46332,-0.0094,-0.25107
10385535,2023-04-01,2022-2023,Chelsea,Aston Villa,0,2,0.61894,0.18706,0.63472
10385555,2023-04-02,2022-2023,West Ham United,Southampton,1,0,0.14666,-0.36081,0.71032
10385558,2023-04-02,2022-2023,Newcastle United,Manchester United,2,0,0.415,0.65937,-0.04152
10385542,2023-04-03,2022-2023,Everton,Tottenham Hotspur,1,1,-0.18919,0.7924,-0.77874
11077466,2023-04-04,2022-2023,Leicester City,Aston Villa,1,2,0.1499,0.23869,0.11406
11077408,2023-04-04,2022-2023,Bournemouth,Brighton & Hove Albion,0,2,-0.42664,0.32524,-0.54902
11077461,2023-04-04,2022-2023,Leeds United,Nottingham Forest,2,1,-0.17435,-0.22795,0.25645
11077468,2023-04-04,2022-2023,Chelsea,Liverpool,0,0,0.5673,1.10042,-0.33027
11077467,2023-04-05,2022-2023,West Ham United,Newcastle United,1,5,0.15677,0.4622,-0.10258
11077474,2023-04-05,2022-2023,Manchester United,Brentford,1,0,0.61178,0.28387,0.53075
10385578,2023-04-08,2022-2023,Manchester United,Everton,2,0,0.62786,-0.16404,0.99476
10385571,2023-04-08,2022-2023,Wolverhampton Wanderers,Chelsea,1,0,-0.1244,0.57867,-0.50022
10385548,2023-04-08,2022-2023,Brentford,Newcastle United,1,2,0.26774,0.51678,-0.04619
10385549,2023-04-08,2022-2023,Aston Villa,Nottingham Forest,2,0,0.27211,-0.25239,0.72735
10385570,2023-04-08,2022-2023,Leicester City,Bournemouth,0,1,0.11609,-0.46651,0.78545
10385562,2023-04-08,2022-2023,Tottenham Hotspur,Brighton & Hove Albion,2,1,0.7679,0.36555,0.6052
10385550,2023-04-08,2022-2023,Fulham,West Ham United,0,1,-0.04622,0.10278,0.05384
10385580,2023-04-08,2022-2023,Southampton,Manchester City,1,4,-0.37047,1.86062,-2.02824
10385546,2023-04-09,2022-2023,Leeds United,Crystal Palace,1,5,-0.14991,0.04717,0.00577
10385572,2023-04-09,2022-2023,Liverpool,Arsenal,2,2,1.09077,1.15516,0.13846
10385566,2023-04-15,2022-2023,Aston Villa,Newcastle United,3,0,0.30922,0.54683,-0.03476
10385581,2023-04-15,2022-2023,Southampton,Crystal Palace,0,2,-0.40096,0.10185,-0.29996
10385583,2023-04-15,2022-2023,Everton,Fulham,1,3,-0.19472,-0.07832,0.08644
10385589,2023-04-15,2022-2023,Wolverhampton Wanderers,Brentford,2,0,-0.08329,0.23803,-0.11846
10385565,2023-04-15,2022-2023,Chelsea,Brighton & Hove Albion,1,2,0.53813,0.3519,0.38908
10385575,2023-04-15,2022-2023,Tottenham Hotspur,Bournemouth,2,3,0.78155,-0.42146,1.40586
10385586,2023-04-15,2022-2023,Manchester City,Leicester City,3,1,1.89132,0.07154,2.02263
10385579,2023-04-16,2022-2023,West Ham United,Arsenal,2,2,0.13428,1.16003,-0.8229
10385587,2023-04-16,2022-2023,Nottingham Forest,Manchester United,0,2,-0.28886,0.65882,-0.74484
10385584,2023-04-17,2022-2023,Leeds United,Liverpool,1,6,-0.20459,1.08593,-1.08767
10385607,2023-04-21,2022-2023,Arsenal,Southampton,3,3,1.13409,-0.44446,1.7814
10385592,2023-04-22,2022-2023,Fulham,Leeds United,2,1,-0.03109,-0.25858,0.43034
10385601,2023-04-22,2022-2023,Brentford,Aston Villa,1,1,0.18984,0.36172,0.03097
10385597,2023-04-22,2022-2023,Liverpool,Nottingham Forest,3,2,1.13989,-0.32523,1.66797
10385594,2023-04-22,2022-2023,Crystal Palace,Everton,0,0,0.14509,-0.24232,0.59026
10385593,2023-04-22,2022-2023,Leicester City,Wolverhampton Wanderers,2,1,0.07183,-0.03544,0.31012
10385596,2023-04-23,2022-2023,Bournemouth,West Ham United,0,4,-0.37252,0.16064,-0.33031
10385610,2023-04-23,2022-2023,Newcastle United,Tottenham Hotspur,6,1,0.49392,0.73167,-0.0349
10385613,2023-04-25,2022-2023,Wolverhampton Wanderers,Crystal Palace,2,0,-0.05754,0.12541,0.0199
10385630,2023-04-25,2022-2023,Aston Villa,Fulham,1,0,0.36339,-0.01202,0.57826
10385621,2023-04-25,2022-2023,Leeds United,Leicester City,1,1,-0.27824,0.09447,-0.16986
10385602,2023-04-26,2022-2023,Nottingham Forest,Brighton & Hove Albion,3,1,-0.30363,0.39116,-0.49194
10385633,2023-04-26,2022-2023,Chelsea,Brentford,0,2,0.49887,0.18876,0.51297
10385616,2023-04-26,2022-2023,West Ham United,Liverpool,1,2,0.21465,1.11789,-0.70039
10385636,2023-04-26,2022-2023,Manchester City,Arsenal,4,1,1.89052,1.08958,1.00379
10385612,2023-04-27,2022-2023,Everton,Newcastle United,1,4,-0.22316,0.54848,-0.56878
10385628,2023-04-27,2022-2023,Southampton,Bournemouth,0,1,-0.40044,-0.42624,0.22864
10385604,2023-04-27,2022-2023,Tottenham Hotspur,Manchester United,2,2,0.67656,0.69559,0.18383
10385640,2023-04-29,2022-2023,Crystal Palace,West Ham United,4,3,0.07856,0.20432,0.07709
10385622,2023-04-29,2022-2023,Brighton & Hove Albion,Wolverhampton Wanderers,6,0,0.33998,-0.01092,0.55375
10385619,2023-04-29,2022-2023,Brentford,Nottingham Forest,2,1,0.23922,-0.25326,0.69533
10385625,2023-04-30,2022-2023,Bournemouth,Leeds United,4,1,-0.39101,-0.27233,0.08417
10385632,2023-04-30,2022-2023,Manchester United,Aston Villa,1,0,0.70192,0.37776,0.52701
10385645,2023-04-30,2022-2023,Newcastle United,Southampton,3,1,0.59911,-0.43627,1.23823
10385638,2023-04-30,2022-2023,Fulham,Manchester City,1,2,-0.0262,1.9373,-1.76065
10385647,2023-04-30,2022-2023,Liverpool,Tottenham Hotspur,4,3,1.12797,0.67017,0.66065
10385652,2023-05-01,2022-2023,Leicester City,Everton,2,2,0.08881,-0.27317,0.56483
11205391,2023-05-02,2022-2023,Arsenal,Chelsea,3,1,1.04231,0.44841,0.79676
11157124,2023-05-03,2022-2023,Liverpool,Fulham,1,0,1.13977,-0.00155,1.34417
11157238,2023-05-03,2022-2023,Manchester City,West Ham United,3,0,1.91317,0.17505,1.94097
11157237,2023-05-04,2022-2023,Brighton & Hove Albion,Manchester United,1,0,0.39522,0.71795,-0.11988
10385655,2023-05-06,2022-2023,Manchester City,Leeds United,2,1,1.94574,-0.32505,2.47364
10385637,2023-05-06,2022-2023,Bournemouth,Chelsea,1,3,-0.33829,0.41269,-0.54813
10385662,2023-05-06,2022-2023,Wolverhampton Wanderers,Aston Villa,1,0,-0.06502,0.36155,-0.22372
10385651,2023-05-06,2022-2023,Tottenham Hotspur,Crystal Palace,1,0,0.65844,0.10751,0.75378
10385654,2023-05-06,2022-2023,Liverpool,Brentford,1,0,1.12781,0.24973,1.08094
10385658,2023-05-07,2022-2023,Newcastle United,Arsenal,0,2,0.62406,1.07764,-0.25073
10385646,2023-05-07,2022-2023,West Ham United,Manchester United,1,0,0.14304,0.684,-0.33811
10385660,2023-05-08,2022-2023,Fulham,Leicester City,5,3,0.01055,0.0699,0.1435
11155330,2023-05-08,2022-2023,Brighton & Hove Albion,Everton,1,5,0.42916,-0.25405,0.88606
10385650,2023-05-08,2022-2023,Nottingham Forest,Southampton,4,3,-0.26321,-0.46123,0.40086
10385683,2023-05-13,2022-2023,Leeds United,Newcastle United,2,2,-0.28417,0.57994,-0.66126
10385694,2023-05-13,2022-2023,Aston Villa,Tottenham Hotspur,2,1,0.32616,0.66696,-0.13796
10385681,2023-05-13,2022-2023,Crystal Palace,Bournemouth,2,0,0.09931,-0.37818,0.68034
10385702,2023-05-13,2022-2023,Manchester United,Wolverhampton Wanderers,2,0,0.64663,-0.0293,0.87878
10385698,2023-05-13,2022-2023,Southampton,Fulham,0,2,-0.48131,0.05591,-0.33437
10385697,2023-05-13,2022-2023,Chelsea,Nottingham Forest,2,2,0.4524,-0.24327,0.89852
10385685,2023-05-14,2022-2023,Everton,Manchester City,0,3,-0.20031,1.9055,-1.90296
10385688,2023-05-14,2022-2023,Brentford,West Ham United,2,0,0.25266,0.18096,0.27455
10385684,2023-05-14,2022-2023,Arsenal,Brighton & Hove Albion,0,3,1.12215,0.37464,0.95037
11196472,2023-05-15,2022-2023,Leicester City,Liverpool,0,3,0.02434,1.12499,-0.8978
11227333,2023-05-18,2022-2023,Newcastle United,Brighton & Hove Albion,4,1,0.55765,0.42927,0.33123
10385723,2023-05-20,2022-2023,Tottenham Hotspur,Brentford,1,3,0.6331,0.29648,0.53947
10385690,2023-05-20,2022-2023,Liverpool,Aston Villa,1,1,1.17268,0.36011,1.01542
10385703,2023-05-20,2022-2023,Bournemouth,Manchester United,0,1,-0.41621,0.68022,-0.89357
10385691,2023-05-20,2022-2023,Fulham,Crystal Palace,2,2,0.09946,0.13689,0.16543
10385716,2023-05-20,2022-2023,Wolverhampton Wanderers,Everton,1,1,-0.06249,-0.23336,0.37373
10385719,2023-05-20,2022-2023,Nottingham Forest,Arsenal,1,0,-0.21471,1.06812,-1.07998
10385722,2023-05-21,2022-2023,West Ham United,Leeds United,3,1,0.13756,-0.26237,0.60278
10385714,2023-05-21,2022-2023,Brighton & Hove Albion,Southampton,3,1,0.37685,-0.52437,1.10407
10385699,2023-05-21,2022-2023,Manchester City,Chelsea,1,0,1.93812,0.42408,1.7169
11227334,2023-05-22,2022-2023,Newcastle United,Leicester City,0,0,0.60943,-0.02339,0.83567
11230172,2023-05-24,2022-2023,Brighton & Hove Albion,Manchester City,1,1,0.40543,1.91472,-1.30644
11230171,2023-05-25,2022-2023,Manchester United,Chelsea,4,1,0.68431,0.44775,0.43941
10385727,2023-05-28,2022-2023,Crystal Palace,Nottingham Forest,1,1,0.14306,-0.16718,0.51309
10385724,2023-05-28,2022-2023,Everton,Bournemouth,1,0,-0.22094,-0.41991,0.40182
10385726,2023-05-28,2022-2023,Leeds United,Tottenham Hotspur,1,4,-0.30109,0.58249,-0.68073
10385717,2023-05-28,2022-2023,Manchester United,Fulham,2,1,0.73559,0.09371,0.84473
10385731,2023-05-28,2022-2023,Southampton,Liverpool,4,4,-0.55311,1.14148,-1.49174
10385711,2023-05-28,2022-2023,Brentford,Manchester City,1,0,0.34758,1.87696,-1.32653
10385733,2023-05-28,2022-2023,Leicester City,West Ham United,2,1,0.00278,0.17652,0.02911
10385709,2023-05-28,2022-2023,Chelsea,Newcastle United,1,1,0.39646,0.58273,0.01658
10385710,2023-05-28,2022-2023,Aston Villa,Brighton & Hove Albion,2,1,0.3917,0.44277,0.15178
10385712,2023-05-28,2022-2023,Arsenal,Wolverhampton Wanderers,5,0,1.01999,-0.0753,1.29814
11352303,2023-08-11,23/24,Burnley,Manchester City,0,3,-0.19193,1.82703,-1.81611
11352251,2023-08-12,23/24,Arsenal,Nottingham Forest,2,1,1.07436,-0.14968,1.42689
11352254,2023-08-12,23/24,Sheffield United,Crystal Palace,0,1,-0.43806,0.12576,-0.36097
11352253,2023-08-12,23/24,Everton,Fulham,0,1,-0.2008,0.08825,-0.08619
11352250,2023-08-12,23/24,Bournemouth,West Ham United,1,1,-0.43988,0.14605,-0.38308
11352252,2023-08-12,23/24,Brighton & Hove Albion,Luton Town,4,1,0.41616,0.0,0.61901
11352255,2023-08-12,23/24,Newcastle United,Aston Villa,5,1,0.58302,0.41872,0.36715
11352309,2023-08-13,23/24,Brentford,Tottenham Hotspur,2,2,0.39751,0.63237,-0.03201
11352316,2023-08-13,23/24,Chelsea,Liverpool,1,1,0.39588,1.1005,-0.50178
11352327,2023-08-14,23/24,Manchester United,Wolverhampton Wanderers,1,0,0.74105,-0.12967,1.07357
11352399,2023-08-18,23/24,Nottingham Forest,Sheffield United,2,1,-0.1348,-0.45921,0.52725
11352428,2023-08-19,23/24,Wolverhampton Wanderers,Brighton & Hove Albion,1,4,-0.12663,0.46588,-0.38966
11352358,2023-08-19,23/24,Fulham,Brentford,0,3,0.11696,0.39862,-0.0788
11352367,2023-08-19,23/24,Liverpool,Bournemouth,3,1,1.08366,-0.42677,1.71328
11352407,2023-08-19,23/24,Tottenham Hotspur,Manchester United,2,0,0.63014,0.73849,0.09451
11352389,2023-08-19,23/24,Manchester City,Newcastle United,1,0,1.86266,0.6367,1.4288
11352337,2023-08-20,23/24,Aston Villa,Everton,4,0,0.36534,-0.22952,0.79771
11352418,2023-08-20,23/24,West Ham United,Chelsea,3,1,0.13372,0.41282,-0.07625
11352346,2023-08-21,23/24,Crystal Palace,Arsenal,0,1,0.14672,1.05981,-0.71023
11352484,2023-08-25,23/24,Chelsea,Luton Town,3,0,0.36551,-0.05028,0.61863
11352437,2023-08-26,23/24,Bournemouth,Tottenham Hotspur,0,2,-0.43652,0.67604,-0.90971
11352504,2023-08-26,23/24,Manchester United,Nottingham Forest,3,2,0.69258,-0.11879,1.01421
11352447,2023-08-26,23/24,Arsenal,Fulham,2,2,1.06965,0.06481,1.2077
11352495,2023-08-26,23/24,Everton,Wolverhampton Wanderers,0,1,-0.28276,-0.17759,0.09768
11352456,2023-08-26,23/24,Brentford,Crystal Palace,1,1,0.4508,0.13673,0.51692
11352466,2023-08-26,23/24,Brighton & Hove Albion,West Ham United,1,3,0.51739,0.1812,0.53903
11352524,2023-08-27,23/24,Sheffield United,Manchester City,1,2,-0.47546,1.84805,-2.12066
11352475,2023-08-27,23/24,Burnley,Aston Villa,1,3,-0.22725,0.41825,-0.44265
11352515,2023-08-27,23/24,Newcastle United,Liverpool,1,2,0.65191,1.09356,-0.2388
11352590,2023-09-01,23/24,Luton Town,West Ham United,1,2,-0.09945,0.23237,-0.12897
11352597,2023-09-02,23/24,Sheffield United,Everton,2,2,-0.4415,-0.31584,0.07719
11352561,2023-09-02,23/24,Burnley,Tottenham Hotspur,2,5,-0.26924,0.70932,-0.77572
11352543,2023-09-02,23/24,Brentford,Bournemouth,2,2,0.43318,-0.46944,1.10547
11352594,2023-09-02,23/24,Manchester City,Fulham,5,1,1.8143,0.10062,1.91653
11352570,2023-09-02,23/24,Chelsea,Nottingham Forest,0,1,0.41579,-0.11828,0.73692
11352551,2023-09-02,23/24,Brighton & Hove Albion,Newcastle United,3,1,0.46622,0.62724,0.04184
11352578,2023-09-03,23/24,Crystal Palace,Wolverhampton Wanderers,3,2,0.15403,-0.14414,0.50102
11352584,2023-09-03,23/24,Liverpool,Aston Villa,3,0,1.11833,0.46024,0.86094
11352534,2023-09-03,23/24,Arsenal,Manchester United,3,1,1.03384,0.69208,0.54462
11352626,2023-09-16,23/24,Wolverhampton Wanderers,Liverpool,1,3,-0.16192,1.16636,-1.12543
11352608,2023-09-16,23/24,Fulham,Luton Town,1,0,0.05208,-0.12708,0.38201
11352621,2023-09-16,23/24,Tottenham Hotspur,Sheffield United,2,1,0.75813,-0.4442,1.40518
11352611,2023-09-16,23/24,Manchester United,Brighton & Hove Albion,1,3,0.65213,0.51264,0.34234
11352602,2023-09-16,23/24,Aston Villa,Crystal Palace,3,1,0.41236,0.17089,0.44432
11352625,2023-09-16,23/24,West Ham United,Manchester City,1,3,0.25997,1.86186,-1.39904
11352615,2023-09-16,23/24,Newcastle United,Brentford,1,0,0.58055,0.39993,0.38347
11352600,2023-09-17,23/24,Bournemouth,Chelsea,0,0,-0.43655,0.37181,-0.60551
11352605,2023-09-17,23/24,Everton,Arsenal,0,1,-0.31351,1.07379,-1.18445
11352618,2023-09-18,23/24,Nottingham Forest,Burnley,1,1,-0.07414,-0.31791,0.44662
11352635,2023-09-23,23/24,Manchester City,Nottingham Forest,2,0,1.8824,-0.08932,2.17457
11352632,2023-09-23,23/24,Crystal Palace,Fulham,0,0,0.12957,0.0726,0.25981
11352634,2023-09-23,23/24,Luton Town,Wolverhampton Wanderers,1,1,-0.1479,-0.18963,0.24458
11352628,2023-09-23,23/24,Brentford,Everton,1,3,0.37908,-0.3071,0.88903
11352630,2023-09-23,23/24,Burnley,Manchester United,0,1,-0.30328,0.60265,-0.70307
11352633,2023-09-24,23/24,Liverpool,West Ham United,3,1,1.1946,0.23996,1.15749
11352627,2023-09-24,23/24,Arsenal,Tottenham Hotspur,2,2,1.06782,0.7443,0.52637
11352631,2023-09-24,23/24,Chelsea,Aston Villa,0,1,0.35118,0.45386,0.10018
11352629,2023-09-24,23/24,Brighton & Hove Albion,Bournemouth,3,1,0.56263,-0.4164,1.18188
11352636,2023-09-24,23/24,Sheffield United,Newcastle United,0,8,-0.43038,0.60103,-0.82856
11352638,2023-09-30,23/24,Aston Villa,Brighton & Hove Albion,6,1,0.48746,0.58885,0.10146
11352646,2023-09-30,23/24,Wolverhampton Wanderers,Manchester City,2,1,-0.18148,1.87633,-1.85495
11352645,2023-09-30,23/24,West Ham United,Sheffield United,2,0,0.21287,-0.48511,0.90082
11352641,2023-09-30,23/24,Manchester United,Crystal Palace,0,1,0.61234,0.12057,0.69462
11352639,2023-09-30,23/24,Everton,Luton Town,1,2,-0.25498,-0.15637,0.10424
11352642,2023-09-30,23/24,Newcastle United,Burnley,2,0,0.65598,-0.31351,1.17234
11352637,2023-09-30,23/24,Bournemouth,Arsenal,0,4,-0.4424,1.0501,-1.28965
11352644,2023-09-30,23/24,Tottenham Hotspur,Liverpool,2,1,0.76185,1.22147,-0.25677
11352643,2023-10-01,23/24,Nottingham Forest,Brentford,1,1,-0.08343,0.32703,-0.2076
11352640,2023-10-02,23/24,Fulham,Chelsea,0,2,0.08182,0.31805,-0.03338
11626262,2023-10-03,23/24,Luton Town,Burnley,1,2,-0.12323,-0.34029,0.4199
11352653,2023-10-07,23/24,Luton Town,Tottenham Hotspur,0,1,-0.16303,0.79825,-0.75843
11352652,2023-10-07,23/24,Fulham,Sheffield United,3,1,0.0348,-0.51859,0.75624
11352654,2023-10-07,23/24,Manchester United,Brentford,2,1,0.56843,0.31974,0.45153
11352649,2023-10-07,23/24,Burnley,Chelsea,1,4,-0.30076,0.36506,-0.46297
11352651,2023-10-07,23/24,Everton,Bournemouth,3,0,-0.28858,-0.4938,0.40807
11352650,2023-10-07,23/24,Crystal Palace,Nottingham Forest,0,0,0.16391,-0.07622,0.44298
11352648,2023-10-08,23/24,Brighton & Hove Albion,Liverpool,2,2,0.53462,1.18468,-0.4472
11352656,2023-10-08,23/24,Wolverhampton Wanderers,Aston Villa,1,1,-0.12896,0.54199,-0.46809
11352655,2023-10-08,23/24,West Ham United,Newcastle United,2,2,0.24635,0.68246,-0.23326
11352647,2023-10-08,23/24,Arsenal,Manchester City,1,0,1.1013,1.82381,-0.51966
11352662,2023-10-21,23/24,Liverpool,Everton,2,0,1.17018,-0.23771,1.61074
11352664,2023-10-21,23/24,Newcastle United,Crystal Palace,4,0,0.67467,0.14885,0.72867
11352657,2023-10-21,23/24,Bournemouth,Wolverhampton Wanderers,1,2,-0.54523,-0.11309,-0.22928
11352663,2023-10-21,23/24,Manchester City,Brighton & Hove Albion,2,1,1.78336,0.54981,1.4364
11352660,2023-10-21,23/24,Brentford,Burnley,3,0,0.30084,-0.35135,0.85504
11352665,2023-10-21,23/24,Nottingham Forest,Luton Town,2,2,-0.06108,-0.17139,0.31316
11352661,2023-10-21,23/24,Chelsea,Arsenal,2,2,0.41477,1.14227,-0.52465
11352666,2023-10-21,23/24,Sheffield United,Manchester United,1,2,-0.55497,0.58683,-0.93895
11352658,2023-10-22,23/24,Aston Villa,West Ham United,4,1,0.52672,0.25443,0.47514
11352667,2023-10-23,23/24,Tottenham Hotspur,Fulham,2,0,0.80702,0.07095,0.93892
11352673,2023-10-27,23/24,Crystal Palace,Tottenham Hotspur,1,2,0.0956,0.83927,-0.54082
11352672,2023-10-28,23/24,Chelsea,Brentford,0,2,0.43262,0.34891,0.28656
11352669,2023-10-28,23/24,Arsenal,Sheffield United,5,0,1.12505,-0.5571,1.88501
11352668,2023-10-28,23/24,Bournemouth,Burnley,2,1,-0.57043,-0.39995,0.03237
11352677,2023-10-28,23/24,Wolverhampton Wanderers,Newcastle United,2,2,-0.08798,0.72774,-0.61287
11352676,2023-10-29,23/24,West Ham United,Everton,0,1,0.20399,-0.25117,0.65802
11352671,2023-10-29,23/24,Brighton & Hove Albion,Fulham,1,1,0.56485,0.03833,0.72937
11352670,2023-10-29,23/24,Aston Villa,Luton Town,3,1,0.57782,-0.16048,0.94115
11352674,2023-10-29,23/24,Liverpool,Nottingham Forest,3,0,1.18365,-0.07186,1.45836
11352675,2023-10-29,23/24,Manchester United,Manchester City,0,3,0.58916,1.7685,-0.97649
11352307,2023-11-04,23/24,Fulham,Manchester United,0,1,0.06285,0.54213,-0.27643
11352312,2023-11-04,23/24,Manchester City,Bournemouth,6,1,1.81538,-0.54037,2.5586
11352306,2023-11-04,23/24,Everton,Brighton & Hove Albion,1,1,-0.20751,0.54108,-0.54574
11352305,2023-11-04,23/24,Burnley,Crystal Palace,0,2,-0.43004,0.08001,-0.3072
11352304,2023-11-04,23/24,Brentford,West Ham United,3,2,0.39856,0.16104,0.44037
11352320,2023-11-04,23/24,Sheffield United,Wolverhampton Wanderers,2,1,-0.60984,-0.06761,-0.33937
11352314,2023-11-04,23/24,Newcastle United,Arsenal,1,0,0.70797,1.17776,-0.26694
11352317,2023-11-05,23/24,Nottingham Forest,Aston Villa,2,0,-0.11328,0.61002,-0.52045
11352310,2023-11-05,23/24,Luton Town,Liverpool,1,1,-0.19291,1.22494,-1.215
11352323,2023-11-06,23/24,Tottenham Hotspur,Chelsea,1,4,0.85522,0.38351,0.67457
11352349,2023-11-11,23/24,Wolverhampton Wanderers,Tottenham Hotspur,2,1,-0.10533,0.80149,-0.70397
11352335,2023-11-11,23/24,Crystal Palace,Everton,2,3,0.12325,-0.1892,0.5153
11352341,2023-11-11,23/24,Manchester United,Luton Town,1,0,0.56521,-0.15734,0.92541
11352353,2023-11-11,23/24,Arsenal,Burnley,3,1,1.14176,-0.47345,1.81807
11352350,2023-11-11,23/24,Bournemouth,Newcastle United,2,0,-0.59012,0.74455,-1.13182
11352329,2023-11-12,23/24,Brighton & Hove Albion,Sheffield United,1,1,0.52249,-0.5719,1.29724
11352345,2023-11-12,23/24,West Ham United,Nottingham Forest,3,2,0.14182,-0.06277,0.40744
11352339,2023-11-12,23/24,Liverpool,Brentford,3,0,1.18984,0.41731,0.97538
11352326,2023-11-12,23/24,Aston Villa,Fulham,3,1,0.55988,0.03924,0.72348
11352332,2023-11-12,23/24,Chelsea,Manchester City,4,4,0.4367,1.86546,-1.22592
11352373,2023-11-25,23/24,Manchester City,Liverpool,1,1,1.83023,1.23687,0.79621
11352360,2023-11-25,23/24,Burnley,West Ham United,1,2,-0.48025,0.16157,-0.43898
11352382,2023-11-25,23/24,Sheffield United,Bournemouth,1,3,-0.5343,-0.53738,0.20592
11352375,2023-11-25,23/24,Newcastle United,Chelsea,4,1,0.69221,0.47249,0.42257
11352370,2023-11-25,23/24,Luton Town,Crystal Palace,2,1,-0.15955,0.08237,-0.03906
11352379,2023-11-25,23/24,Nottingham Forest,Brighton & Hove Albion,2,3,-0.08196,0.48533,-0.36444
11352356,2023-11-25,23/24,Brentford,Arsenal,0,1,0.37047,1.14808,-0.57475
11352385,2023-11-26,23/24,Tottenham Hotspur,Aston Villa,1,2,0.75734,0.59664,0.36355
11352363,2023-11-26,23/24,Everton,Manchester United,0,3,-0.1481,0.56783,-0.51307
11352366,2023-11-27,23/24,Fulham,Wolverhampton Wanderers,3,2,0.00221,-0.06179,0.26685
11352396,2023-12-02,23/24,Burnley,Sheffield United,5,0,-0.49925,-0.58284,0.28644
11352393,2023-12-02,23/24,Brentford,Luton Town,3,1,0.35582,-0.1278,0.68647
11352391,2023-12-02,23/24,Arsenal,Wolverhampton Wanderers,2,1,1.16265,-0.08593,1.45143
11352411,2023-12-02,23/24,Nottingham Forest,Everton,0,1,-0.10324,-0.19843,0.29804
11352408,2023-12-02,23/24,Newcastle United,Manchester United,1,0,0.74357,0.61872,0.3277
11352400,2023-12-03,23/24,Chelsea,Brighton & Hove Albion,3,2,0.42208,0.50661,0.11833
11352388,2023-12-03,23/24,Bournemouth,Aston Villa,2,2,-0.48824,0.63545,-0.92083
11352414,2023-12-03,23/24,West Ham United,Crystal Palace,1,1,0.18058,0.05026,0.33317
11352404,2023-12-03,23/24,Liverpool,Fulham,4,3,1.26303,0.02609,1.43979
11352405,2023-12-03,23/24,Manchester City,Tottenham Hotspur,3,3,1.80432,0.71896,1.28821
11352440,2023-12-05,23/24,Wolverhampton Wanderers,Burnley,1,0,-0.06984,-0.44478,0.5778
11352430,2023-12-05,23/24,Luton Town,Arsenal,3,4,-0.16491,1.14731,-1.10937
11352426,2023-12-06,23/24,Fulham,Nottingham Forest,5,0,0.04132,-0.14042,0.38459
11352433,2023-12-06,23/24,Sheffield United,Liverpool,0,2,-0.63785,1.24807,-1.68306
11352421,2023-12-06,23/24,Brighton & Hove Albion,Brentford,2,1,0.47806,0.39329,0.28762
11352442,2023-12-06,23/24,Crystal Palace,Bournemouth,0,2,0.06161,-0.45934,0.7238
11352445,2023-12-06,23/24,Manchester United,Chelsea,2,1,0.59605,0.44997,0.34893
11352417,2023-12-06,23/24,Aston Villa,Manchester City,1,0,0.60654,1.76732,-0.95793
11352424,2023-12-07,23/24,Everton,Newcastle United,3,0,-0.16181,0.76569,-0.72465
11777279,2023-12-07,23/24,Tottenham Hotspur,West Ham United,1,2,0.75553,0.16912,0.78926
11352455,2023-12-09,23/24,Crystal Palace,Liverpool,1,2,0.00959,1.2591,-1.04666
11352471,2023-12-09,23/24,Sheffield United,Brentford,1,0,-0.64889,0.36975,-0.81578
11352452,2023-12-09,23/24,Brighton & Hove Albion,Burnley,1,1,0.50161,-0.45934,1.16379
11352477,2023-12-09,23/24,Wolverhampton Wanderers,Nottingham Forest,1,1,-0.05529,-0.19546,0.34302
11352468,2023-12-09,23/24,Manchester United,Bournemouth,0,3,0.61779,-0.40732,1.22797
11352449,2023-12-09,23/24,Aston Villa,Arsenal,1,0,0.65347,1.14346,-0.28714
11352459,2023-12-10,23/24,Everton,Chelsea,2,0,-0.10741,0.42823,-0.33279
11352464,2023-12-10,23/24,Luton Town,Manchester City,1,2,-0.16106,1.72039,-1.6786
11352461,2023-12-10,23/24,Fulham,West Ham United,5,0,0.09635,0.21422,0.08499
11352473,2023-12-10,23/24,Tottenham Hotspur,Newcastle United,4,1,0.71043,0.7113,0.20199
11352505,2023-12-15,23/24,Nottingham Forest,Tottenham Hotspur,0,2,-0.18348,0.76217,-0.74281
11352501,2023-12-16,23/24,Newcastle United,Fulham,3,0,0.66041,0.15087,0.71239
11352492,2023-12-16,23/24,Chelsea,Sheffield United,2,0,0.37937,-0.60398,1.1862
11352498,2023-12-16,23/24,Manchester City,Crystal Palace,2,2,1.69818,0.01122,1.88981
11352489,2023-12-16,23/24,Burnley,Everton,0,2,-0.42406,-0.058,-0.16321
11352508,2023-12-17,23/24,West Ham United,Wolverhampton Wanderers,3,0,0.15906,-0.06707,0.42899
11352487,2023-12-17,23/24,Brentford,Aston Villa,1,2,0.32552,0.69044,-0.16207
11352483,2023-12-17,23/24,Arsenal,Brighton & Hove Albion,2,0,1.10635,0.4671,0.84211
11352496,2023-12-17,23/24,Liverpool,Manchester United,0,0,1.25719,0.56355,0.89649
11352514,2023-12-21,23/24,Crystal Palace,Brighton & Hove Albion,1,1,0.05695,0.43233,-0.17252
11352511,2023-12-22,23/24,Aston Villa,Sheffield United,1,1,0.71761,-0.63038,1.55084
11352535,2023-12-23,23/24,West Ham United,Manchester United,2,0,0.21039,0.59214,-0.1789
11352531,2023-12-23,23/24,Tottenham Hotspur,Everton,2,1,0.79914,-0.01235,1.01435
11352517,2023-12-23,23/24,Fulham,Burnley,0,2,0.10237,-0.46921,0.77442
11352528,2023-12-23,23/24,Nottingham Forest,Bournemouth,2,3,-0.22029,-0.35248,0.33504
11352522,2023-12-23,23/24,Luton Town,Newcastle United,1,0,-0.1385,0.70952,-0.64517
11352520,2023-12-23,23/24,Liverpool,Arsenal,1,1,1.2286,1.14073,0.29071
11352538,2023-12-24,23/24,Wolverhampton Wanderers,Chelsea,2,1,-0.11797,0.40546,-0.32058
11352566,2023-12-26,23/24,Newcastle United,Nottingham Forest,1,3,0.66731,-0.25815,1.12831
11352569,2023-12-26,23/24,Sheffield United,Luton Town,2,3,-0.58815,-0.09572,-0.28958
11352541,2023-12-26,23/24,Bournemouth,Fulham,3,0,-0.31547,0.05071,-0.16333
11352554,2023-12-26,23/24,Burnley,Liverpool,0,2,-0.41806,1.21857,-1.43378
11352563,2023-12-26,23/24,Manchester United,Aston Villa,3,2,0.54289,0.67618,0.06957
11352547,2023-12-27,23/24,Brentford,Wolverhampton Wanderers,1,4,0.29847,-0.08037,0.58169
11352557,2023-12-27,23/24,Chelsea,Crystal Palace,2,1,0.36816,0.06296,0.50805
11352559,2023-12-27,23/24,Everton,Manchester City,1,3,-0.0118,1.65246,-1.46141
11777280,2023-12-28,23/24,Brighton & Hove Albion,Tottenham Hotspur,4,2,0.42633,0.79864,-0.16946
11777281,2023-12-28,23/24,Arsenal,West Ham United,0,2,1.15115,0.25872,1.09528
11352582,2023-12-30,23/24,Luton Town,Chelsea,2,3,-0.07201,0.38478,-0.25395
11352573,2023-12-30,23/24,Aston Villa,Burnley,3,2,0.64658,-0.437,1.28643
11352592,2023-12-30,23/24,Wolverhampton Wanderers,Everton,3,0,-0.02633,-0.0299,0.20641
11352576,2023-12-30,23/24,Crystal Palace,Brentford,3,1,0.04639,0.24486,0.00438
11352583,2023-12-30,23/24,Manchester City,Sheffield United,2,0,1.67005,-0.61139,2.48429
11352586,2023-12-30,23/24,Nottingham Forest,Manchester United,2,1,-0.20583,0.57203,-0.57502
11352577,2023-12-31,23/24,Fulham,Arsenal,2,1,-0.00268,1.09849,-0.89832
11352587,2023-12-31,23/24,Tottenham Hotspur,Bournemouth,3,1,0.75038,-0.26262,1.21585
11352580,2024-01-01,23/24,Liverpool,Newcastle United,4,2,1.2374,0.61455,0.8257
11352589,2024-01-02,23/24,West Ham United,Brighton & Hove Albion,0,0,0.31193,0.47459,0.04019
11352318,2024-01-12,23/24,Burnley,Luton Town,1,1,-0.42733,-0.09626,-0.12823
11352321,2024-01-13,23/24,Chelsea,Fulham,1,0,0.40922,0.04312,0.56895
11352331,2024-01-13,23/24,Newcastle United,Manchester City,2,3,0.57924,1.65367,-0.87158
11352324,2024-01-14,23/24,Everton,Aston Villa,0,0,-0.08181,0.63669,-0.51565
11352328,2024-01-14,23/24,Manchester United,Tottenham Hotspur,2,2,0.53057,0.77567,-0.04225
11352311,2024-01-20,23/24,Arsenal,Crystal Palace,5,0,1.0521,0.09316,1.16179
11352313,2024-01-20,23/24,Brentford,Nottingham Forest,3,2,0.19749,-0.16403,0.56437
11352334,2024-01-21,23/24,Sheffield United,West Ham United,2,2,-0.59526,0.31053,-0.70293
11352308,2024-01-21,23/24,Bournemouth,Liverpool,0,4,-0.28735,1.27213,-1.35663
11352315,2024-01-22,23/24,Brighton & Hove Albion,Wolverhampton Wanderers,0,0,0.47653,0.02538,0.654
11352348,2024-01-30,23/24,Nottingham Forest,Arsenal,1,2,-0.17841,1.10602,-1.08158
11352344,2024-01-30,23/24,Luton Town,Brighton & Hove Albion,4,0,-0.10099,0.45493,-0.35308
11352342,2024-01-30,23/24,Fulham,Everton,0,0,0.02895,-0.06444,0.29624
11352361,2024-01-30,23/24,Crystal Palace,Sheffield United,3,2,0.03976,-0.57224,0.81484
11352338,2024-01-30,23/24,Aston Villa,Newcastle United,1,3,0.6192,0.57477,0.24728
11352369,2024-01-31,23/24,Manchester City,Burnley,3,1,1.65796,-0.42286,2.28367
11352351,2024-01-31,23/24,Tottenham Hotspur,Brentford,3,2,0.77448,0.21232,0.76501
11352365,2024-01-31,23/24,Liverpool,Chelsea,4,1,1.32362,0.4239,1.10257
11352354,2024-02-01,23/24,West Ham United,Bournemouth,1,1,0.28749,-0.33846,0.8288
11896302,2024-02-01,23/24,Wolverhampton Wanderers,Manchester United,3,4,0.04755,0.53203,-0.28163
11352395,2024-02-03,23/24,Everton,Tottenham Hotspur,2,2,-0.05402,0.78262,-0.63379
11352383,2024-02-03,23/24,Brighton & Hove Albion,Crystal Palace,4,1,0.40039,0.04618,0.55706
11352402,2024-02-03,23/24,Newcastle United,Luton Town,4,4,0.62356,-0.04668,0.87309
11352386,2024-02-03,23/24,Burnley,Fulham,2,2,-0.41302,0.01873,-0.2289
11352409,2024-02-03,23/24,Sheffield United,Aston Villa,0,5,-0.57842,0.57036,-0.94593
11352392,2024-02-04,23/24,Chelsea,Wolverhampton Wanderers,2,4,0.37826,0.02409,0.55703
11352372,2024-02-04,23/24,Bournemouth,Nottingham Forest,1,1,-0.31251,-0.17557,0.06591
11352398,2024-02-04,23/24,Manchester United,West Ham United,3,0,0.55552,0.26098,0.49738
11352376,2024-02-04,23/24,Arsenal,Liverpool,3,1,1.10378,1.36942,-0.06279
11352380,2024-02-05,23/24,Brentford,Manchester City,1,3,0.20434,1.64816,-1.24097
11352431,2024-02-10,23/24,Manchester City,Everton,2,0,1.67265,-0.03303,1.90853
11352419,2024-02-10,23/24,Fulham,Bournemouth,3,1,0.01069,-0.3148,0.52834
11352427,2024-02-10,23/24,Luton Town,Sheffield United,1,3,-0.0184,-0.63254,0.81699
11352439,2024-02-10,23/24,Tottenham Hotspur,Brighton & Hove Albion,2,1,0.76172,0.45047,0.5141
11352423,2024-02-10,23/24,Liverpool,Burnley,3,1,1.32254,-0.40509,1.93048
11352446,2024-02-10,23/24,Wolverhampton Wanderers,Brentford,0,2,0.07452,0.17973,0.09764
11352435,2024-02-10,23/24,Nottingham Forest,Newcastle United,2,3,-0.17323,0.59589,-0.56627
11352443,2024-02-11,23/24,West Ham United,Arsenal,0,6,0.21028,1.15115,-0.73802
11352412,2024-02-11,23/24,Aston Villa,Manchester United,1,2,0.62393,0.60593,0.22085
11352415,2024-02-12,23/24,Crystal Palace,Chelsea,1,3,-0.00382,0.32756,-0.12854
11352450,2024-02-17,23/24,Brentford,Liverpool,1,4,0.22714,1.32496,-0.89496
11352474,2024-02-17,23/24,Newcastle United,Bournemouth,2,2,0.61034,-0.35545,1.16865
11352486,2024-02-17,23/24,Tottenham Hotspur,Wolverhampton Wanderers,1,2,0.77834,0.02685,0.95434
11352453,2024-02-17,23/24,Burnley,Arsenal,0,5,-0.40742,1.20636,-1.41093
11352478,2024-02-17,23/24,Nottingham Forest,West Ham United,2,0,-0.18816,0.15567,-0.14098
11352462,2024-02-17,23/24,Fulham,Aston Villa,1,2,0.05134,0.58826,-0.33407
11352469,2024-02-17,23/24,Manchester City,Chelsea,1,1,1.67588,0.37359,1.50514
11352481,2024-02-18,23/24,Sheffield United,Brighton & Hove Albion,0,5,-0.58133,0.43385,-0.81233
11352465,2024-02-18,23/24,Luton Town,Manchester United,1,2,-0.07078,0.64201,-0.50994
11352458,2024-02-19,23/24,Everton,Crystal Palace,1,1,-0.03598,-0.04935,0.21622
11971437,2024-02-20,23/24,Manchester City,Brentford,1,0,1.63469,0.17941,1.65813
11352512,2024-02-21,23/24,Liverpool,Luton Town,4,1,1.37274,-0.08734,1.66293
11352509,2024-02-24,23/24,Crystal Palace,Burnley,3,0,-0.04235,-0.46105,0.62155
11352502,2024-02-24,23/24,Brighton & Hove Albion,Everton,1,1,0.48881,-0.04349,0.73514
11352518,2024-02-24,23/24,Manchester United,Fulham,1,2,0.65874,0.02939,0.8322
11352499,2024-02-24,23/24,Aston Villa,Nottingham Forest,4,2,0.60979,-0.14012,0.95276
11352490,2024-02-24,23/24,Bournemouth,Manchester City,0,1,-0.32043,1.61298,-1.73056
11352493,2024-02-24,23/24,Arsenal,Newcastle United,4,1,1.25991,0.57574,0.88702
11352525,2024-02-25,23/24,Wolverhampton Wanderers,Sheffield United,1,0,0.07269,-0.63553,0.91107
11352521,2024-02-26,23/24,West Ham United,Brentford,4,2,0.10703,0.20136,0.10852
11352556,2024-03-02,23/24,Nottingham Forest,Liverpool,0,1,-0.17153,1.41065,-1.37933
11352540,2024-03-02,23/24,Fulham,Brighton & Hove Albion,3,0,0.07424,0.46487,-0.18778
11352537,2024-03-02,23/24,Everton,West Ham United,1,3,-0.01963,0.15277,0.03045
11352564,2024-03-02,23/24,Tottenham Hotspur,Crystal Palace,3,1,0.73145,0.00736,0.92694
11352530,2024-03-02,23/24,Brentford,Chelsea,2,2,0.15485,0.41478,-0.05708
11352553,2024-03-02,23/24,Newcastle United,Wolverhampton Wanderers,3,0,0.52754,0.0758,0.65459
11352545,2024-03-02,23/24,Luton Town,Aston Villa,2,3,-0.12544,0.64174,-0.56433
11352533,2024-03-03,23/24,Burnley,Bournemouth,0,2,-0.51135,-0.29663,-0.01187
11352548,2024-03-03,23/24,Manchester City,Manchester United,3,1,1.58893,0.61365,1.17812
11352560,2024-03-04,23/24,Sheffield United,Arsenal,0,6,-0.63925,1.30773,-1.74413
11352591,2024-03-09,23/24,Manchester United,Everton,2,0,0.58683,-0.06672,0.8564
11352567,2024-03-09,23/24,Bournemouth,Sheffield United,2,2,-0.24966,-0.6935,0.64669
11352585,2024-03-09,23/24,Crystal Palace,Luton Town,1,1,-0.02462,-0.14027,0.3185
11352595,2024-03-09,23/24,Wolverhampton Wanderers,Fulham,2,1,0.02632,0.12714,0.10203
11352572,2024-03-09,23/24,Arsenal,Brentford,2,1,1.36251,0.15684,1.40852
11352575,2024-03-10,23/24,Aston Villa,Tottenham Hotspur,0,4,0.65692,0.76399,0.09578
11352579,2024-03-10,23/24,Brighton & Hove Albion,Nottingham Forest,1,0,0.41172,-0.15855,0.77312
11352593,2024-03-10,23/24,West Ham United,Burnley,2,2,0.20037,-0.55805,0.96127
11352588,2024-03-10,23/24,Liverpool,Manchester City,1,1,1.39807,1.61525,-0.01433
11352581,2024-03-11,23/24,Chelsea,Newcastle United,3,2,0.41127,0.57704,0.03708
11977248,2024-03-13,23/24,Bournemouth,Luton Town,4,3,-0.27127,-0.12918,0.06076
11352606,2024-03-16,23/24,Luton Town,Nottingham Forest,1,1,-0.15882,-0.1665,0.21053
11352599,2024-03-16,23/24,Burnley,Brentford,2,1,-0.52867,0.17094,-0.49676
11352604,2024-03-16,23/24,Fulham,Tottenham Hotspur,3,0,0.0994,0.81874,-0.51648
11352609,2024-03-17,23/24,West Ham United,Aston Villa,1,1,0.17013,0.60277,-0.22979
11352620,2024-03-30,23/24,Newcastle United,West Ham United,4,3,0.54765,0.1781,0.5724
11352616,2024-03-30,23/24,Chelsea,Burnley,2,2,0.44155,-0.48806,1.13245
11352622,2024-03-30,23/24,Nottingham Forest,Crystal Palace,1,1,-0.15896,-0.0356,0.07949
11352624,2024-03-30,23/24,Tottenham Hotspur,Luton Town,2,1,0.76498,-0.16613,1.13396
11352612,2024-03-30,23/24,Bournemouth,Everton,2,1,-0.24159,-0.10119,0.06245
11352623,2024-03-30,23/24,Sheffield United,Fulham,3,3,-0.67273,0.15291,-0.62279
11352613,2024-03-30,23/24,Aston Villa,Wolverhampton Wanderers,2,0,0.59421,0.05463,0.74242
11352614,2024-03-30,23/24,Brentford,Manchester United,1,1,0.1302,0.62091,-0.28786
11352617,2024-03-31,23/24,Liverpool,Brighton & Hove Albion,2,1,1.39858,0.41958,1.18185
11352619,2024-03-31,23/24,Manchester City,Arsenal,0,0,1.61504,1.34856,0.46933
11352333,2024-04-02,23/24,Nottingham Forest,Fulham,3,1,-0.16176,0.13201,-0.09092
11352343,2024-04-02,23/24,Newcastle United,Everton,1,1,0.56238,-0.13083,0.89606
11352330,2024-04-02,23/24,Burnley,Wolverhampton Wanderers,1,1,-0.45377,0.01782,-0.26874
11352319,2024-04-02,23/24,Bournemouth,Crystal Palace,1,0,-0.21195,-0.0328,0.0237
11352336,2024-04-02,23/24,West Ham United,Tottenham Hotspur,1,1,0.16362,0.76031,-0.39384
11352325,2024-04-03,23/24,Brentford,Brighton & Hove Albion,0,0,0.14025,0.42597,-0.08287
11352322,2024-04-03,23/24,Arsenal,Luton Town,2,0,1.36432,-0.16141,1.72858
11352352,2024-04-03,23/24,Manchester City,Aston Villa,4,1,1.59896,0.63062,1.17119
11352347,2024-04-04,23/24,Liverpool,Sheffield United,3,1,1.39219,-0.65206,2.2471
11352340,2024-04-04,23/24,Chelsea,Manchester United,4,3,0.40733,0.61087,-0.00069
11352362,2024-04-06,23/24,Crystal Palace,Manchester City,2,4,-0.06321,1.64401,-1.50437
11352368,2024-04-06,23/24,Fulham,Newcastle United,0,1,0.08522,0.53411,-0.24603
11352355,2024-04-06,23/24,Aston Villa,Brentford,3,3,0.58597,0.14314,0.64568
11352384,2024-04-06,23/24,Wolverhampton Wanderers,West Ham United,1,2,0.00925,0.17708,0.03502
11352371,2024-04-06,23/24,Luton Town,Bournemouth,2,1,-0.17093,-0.18168,0.21361
11352364,2024-04-06,23/24,Everton,Burnley,1,0,-0.10238,-0.44448,0.54495
11352359,2024-04-06,23/24,Brighton & Hove Albion,Arsenal,0,3,0.4231,1.3737,-0.74775
11352374,2024-04-07,23/24,Manchester United,Liverpool,2,2,0.5805,1.38364,-0.60028
11352378,2024-04-07,23/24,Sheffield United,Chelsea,2,2,-0.64328,0.43818,-0.87862
11352381,2024-04-07,23/24,Tottenham Hotspur,Nottingham Forest,3,1,0.7468,-0.11413,1.06378
11352410,2024-04-13,23/24,Newcastle United,Tottenham Hotspur,4,0,0.55826,0.77608,-0.01497
11352394,2024-04-13,23/24,Brentford,Sheffield United,2,0,0.16452,-0.61547,0.98284
11352406,2024-04-13,23/24,Manchester City,Luton Town,5,1,1.66126,-0.14557,2.00967
11352397,2024-04-13,23/24,Burnley,Brighton & Hove Albion,1,1,-0.45983,0.37422,-0.6312
11352413,2024-04-13,23/24,Nottingham Forest,Wolverhampton Wanderers,2,2,-0.14289,-0.02242,0.08238
11352387,2024-04-13,23/24,Bournemouth,Manchester United,2,2,-0.2067,0.60048,-0.60433
11352403,2024-04-14,23/24,Liverpool,Crystal Palace,0,1,1.36355,-0.07996,1.64636
11352416,2024-04-14,23/24,West Ham United,Fulham,0,2,0.2089,0.06075,0.351
11352390,2024-04-14,23/24,Arsenal,Aston Villa,0,2,1.42268,0.56461,1.06092
11352401,2024-04-15,23/24,Chelsea,Everton,6,0,0.4107,-0.08693,0.70048
11352434,2024-04-20,23/24,Luton Town,Brentford,1,5,-0.19201,0.19576,-0.18492
11352441,2024-04-20,23/24,Sheffield United,Burnley,1,4,-0.6464,-0.43892,-0.00463
11352448,2024-04-20,23/24,Wolverhampton Wanderers,Arsenal,0,2,-0.01989,1.37011,-1.18715
11352429,2024-04-21,23/24,Everton,Nottingham Forest,2,0,-0.14136,-0.14577,0.20725
11352425,2024-04-21,23/24,Crystal Palace,West Ham United,5,2,-0.02903,0.15936,0.01446
11352420,2024-04-21,23/24,Aston Villa,Bournemouth,3,1,0.61695,-0.1866,1.0064
11352432,2024-04-21,23/24,Fulham,Liverpool,1,3,0.11003,1.31244,-0.99956
12190322,2024-04-23,23/24,Arsenal,Chelsea,5,0,1.3956,0.4653,1.13315
12190332,2024-04-24,23/24,Wolverhampton Wanderers,Bournemouth,0,1,-0.04626,-0.21762,0.37422
12190336,2024-04-24,23/24,Manchester United,Sheffield United,4,2,0.5806,-0.69879,1.48224
12190339,2024-04-24,23/24,Everton,Liverpool,2,0,-0.09623,1.34363,-1.237
12190340,2024-04-24,23/24,Crystal Palace,Newcastle United,2,0,0.02392,0.61235,-0.38559
12190341,2024-04-25,23/24,Brighton & Hove Albion,Manchester City,0,4,0.35276,1.70798,-1.15236
11352476,2024-04-27,23/24,West Ham United,Liverpool,2,2,0.10645,1.29004,-0.98074
11352460,2024-04-27,23/24,Fulham,Crystal Palace,1,1,0.07884,0.07366,0.20803
11352479,2024-04-27,23/24,Wolverhampton Wanderers,Luton Town,2,1,-0.08525,-0.24591,0.36351
11352463,2024-04-27,23/24,Manchester United,Burnley,1,1,0.59824,-0.38595,1.18704
11352467,2024-04-27,23/24,Newcastle United,Sheffield United,5,1,0.5632,-0.71643,1.48248
11352457,2024-04-27,23/24,Everton,Brentford,1,0,-0.04264,0.25026,-0.09005
11352454,2024-04-27,23/24,Aston Villa,Chelsea,2,2,0.64798,0.41075,0.44008
11352472,2024-04-28,23/24,Tottenham Hotspur,Arsenal,2,3,0.72232,1.44956,-0.52439
11352451,2024-04-28,23/24,Bournemouth,Brighton & Hove Albion,3,0,-0.17848,0.30085,-0.27649
11352470,2024-04-28,23/24,Nottingham Forest,Manchester City,0,2,-0.19043,1.76047,-1.74805
12226774,2024-05-02,23/24,Chelsea,Tottenham Hotspur,2,0,0.42694,0.7062,-0.07641
11352503,2024-05-03,23/24,Luton Town,Everton,1,1,-0.26758,-0.00973,-0.055
11352482,2024-05-04,23/24,Arsenal,Bournemouth,3,0,1.46626,-0.1254,1.79452
11352491,2024-05-04,23/24,Burnley,Newcastle United,1,4,-0.3513,0.61368,-0.76213
11352485,2024-05-04,23/24,Brentford,Fulham,0,0,0.21709,0.07162,0.34832
11352510,2024-05-04,23/24,Sheffield United,Nottingham Forest,1,3,-0.76731,-0.19915,-0.3653
11352507,2024-05-04,23/24,Manchester City,Wolverhampton Wanderers,5,1,1.76913,-0.06417,2.03616
11352488,2024-05-05,23/24,Brighton & Hove Albion,Aston Villa,1,0,0.24719,0.63301,-0.18297
11352494,2024-05-05,23/24,Chelsea,West Ham United,5,0,0.47497,0.13682,0.541
11352500,2024-05-05,23/24,Liverpool,Tottenham Hotspur,4,2,1.25934,0.65817,0.80402
12226495,2024-05-06,23/24,Crystal Palace,Manchester United,4,0,0.08144,0.56324,-0.27895
11352529,2024-05-11,23/24,Fulham,Manchester City,0,4,0.0835,1.8156,-1.52925
11352519,2024-05-11,23/24,Bournemouth,Brentford,1,2,-0.16018,0.20513,-0.16246
11352527,2024-05-11,23/24,Everton,Sheffield United,1,0,-0.01128,-0.80994,1.00151
11352516,2024-05-11,23/24,Wolverhampton Wanderers,Crystal Palace,1,3,-0.11041,0.1357,-0.04327
11352536,2024-05-11,23/24,Newcastle United,Brighton & Hove Albion,1,1,0.66303,0.2821,0.58378
11352513,2024-05-11,23/24,West Ham United,Luton Town,3,1,0.0828,-0.26565,0.5513
11352542,2024-05-11,23/24,Tottenham Hotspur,Burnley,2,1,0.62335,-0.40007,1.22627
11352539,2024-05-11,23/24,Nottingham Forest,Chelsea,2,3,-0.15661,0.52933,-0.48309
11352532,2024-05-12,23/24,Manchester United,Arsenal,0,1,0.50859,1.50163,-0.79019
11352523,2024-05-13,23/24,Aston Villa,Liverpool,3,3,0.59793,1.29452,-0.49374
12240634,2024-05-14,23/24,Tottenham Hotspur,Manchester City,0,2,0.61542,1.86641,-1.04814
12240570,2024-05-15,23/24,Brighton & Hove Albion,Chelsea,1,2,0.30197,0.54694,-0.04212
12240571,2024-05-15,23/24,Manchester United,Newcastle United,3,2,0.50122,0.64354,0.06054
11352571,2024-05-19,23/24,Manchester City,West Ham United,3,1,1.89603,0.12262,1.97626
11352546,2024-05-19,23/24,Arsenal,Everton,2,1,1.50931,-0.01133,1.7235
11352549,2024-05-19,23/24,Brentford,Newcastle United,2,4,0.23174,0.61385,-0.17926
11352558,2024-05-19,23/24,Chelsea,Bournemouth,2,1,0.57718,-0.18693,0.96696
11352562,2024-05-19,23/24,Crystal Palace,Aston Villa,5,0,0.18271,0.61462,-0.22905
11352568,2024-05-19,23/24,Luton Town,Fulham,2,4,-0.30547,0.03326,-0.13588
11352555,2024-05-19,23/24,Burnley,Nottingham Forest,1,2,-0.39277,-0.17402,-0.0159
11352565,2024-05-19,23/24,Liverpool,Wolverhampton Wanderers,2,0,1.27822,-0.15682,1.63789
11352552,2024-05-19,23/24,Brighton & Hove Albion,Manchester United,0,2,0.27182,0.53059,-0.05591
11352574,2024-05-19,23/24,Sheffield United,Tottenham Hotspur,0,3,-0.81036,0.58575,-1.19326
12436870,2024-08-16,2024-2025,Manchester United,Fulham,1,0,0.57719,0.07921,0.70083
12436871,2024-08-17,2024-2025,Ipswich Town,Liverpool,0,2,0.0,1.29064,-1.08779
12436873,2024-08-17,2024-2025,Everton,Brighton & Hove Albion,0,3,0.01227,0.22555,-0.01043
12436872,2024-08-17,2024-2025,Arsenal,Wolverhampton Wanderers,2,0,1.48544,-0.16938,1.85767
12436874,2024-08-17,2024-2025,Newcastle United,Southampton,1,0,0.65892,-0.51258,1.37435
12436875,2024-08-17,2024-2025,Nottingham Forest,Bournemouth,1,1,-0.14377,-0.1881,0.24718
12436877,2024-08-17,2024-2025,West Ham United,Aston Villa,1,2,0.12225,0.55941,-0.23432
12436879,2024-08-18,2024-2025,Brentford,Crystal Palace,2,1,0.18628,0.23731,0.15182
12436880,2024-08-18,2024-2025,Chelsea,Manchester City,0,2,0.57834,1.89687,-1.11567
12436881,2024-08-19,2024-2025,Leicester City,Tottenham Hotspur,1,1,0.03325,0.63105,-0.39495
12436888,2024-08-24,2024-2025,Brighton & Hove Albion,Manchester United,2,1,0.2774,0.58751,-0.10725
12436902,2024-08-24,2024-2025,Tottenham Hotspur,Everton,4,0,0.61672,-0.04009,0.85966
12436894,2024-08-24,2024-2025,Fulham,Leicester City,2,1,0.06782,0.04675,0.22392
12436892,2024-08-24,2024-2025,Crystal Palace,West Ham United,0,2,0.21089,0.09745,0.31629
12436900,2024-08-24,2024-2025,Southampton,Nottingham Forest,0,1,-0.49931,-0.15232,-0.14413
12436898,2024-08-24,2024-2025,Manchester City,Ipswich Town,4,1,1.92484,-0.02868,2.15637
12436886,2024-08-24,2024-2025,Aston Villa,Arsenal,0,2,0.585,1.4904,-0.70255
12436904,2024-08-25,2024-2025,Wolverhampton Wanderers,Chelsea,2,6,-0.1747,0.55038,-0.52223
12436884,2024-08-25,2024-2025,Bournemouth,Newcastle United,1,1,-0.17982,0.6461,-0.62306
12436896,2024-08-25,2024-2025,Liverpool,Brentford,2,0,1.31946,0.21331,1.30901
12436906,2024-08-31,2024-2025,Arsenal,Brighton & Hove Albion,1,1,1.52762,0.31071,1.41976
12436926,2024-08-31,2024-2025,Nottingham Forest,Wolverhampton Wanderers,1,1,-0.1252,-0.22815,0.30581
12436912,2024-08-31,2024-2025,Everton,Bournemouth,2,3,-0.09346,-0.15914,0.26853
12436915,2024-08-31,2024-2025,Ipswich Town,Fulham,1,1,-0.0559,0.09291,0.05404
12436908,2024-08-31,2024-2025,Brentford,Southampton,3,1,0.19093,-0.52654,0.92031
12436918,2024-08-31,2024-2025,Leicester City,Aston Villa,1,2,0.02182,0.54782,-0.32315
12436927,2024-08-31,2024-2025,West Ham United,Manchester City,1,3,0.14649,1.95174,-1.6024
12436923,2024-09-01,2024-2025,Newcastle United,Tottenham Hotspur,2,1,0.62528,0.6695,0.15863
12436910,2024-09-01,2024-2025,Chelsea,Crystal Palace,1,1,0.60352,0.16157,0.6448
12436920,2024-09-01,2024-2025,Manchester United,Liverpool,0,3,0.55433,1.34213,-0.58496
12436949,2024-09-14,2024-2025,Southampton,Manchester United,0,3,-0.55952,0.5044,-0.86106
12436946,2024-09-14,2024-2025,Manchester City,Brentford,2,1,1.96563,0.2236,1.94487
12436938,2024-09-14,2024-2025,Crystal Palace,Leicester City,2,2,0.18235,-0.00044,0.38564
12436944,2024-09-14,2024-2025,Liverpool,Nottingham Forest,0,1,1.39231,-0.13574,1.7309
12436941,2024-09-14,2024-2025,Fulham,West Ham United,1,1,0.09506,0.13291,0.165
12436936,2024-09-14,2024-2025,Brighton & Hove Albion,Ipswich Town,0,0,0.35042,-0.05779,0.61106
12436933,2024-09-14,2024-2025,Aston Villa,Everton,3,2,0.56968,-0.13008,0.9026
12436931,2024-09-14,2024-2025,Bournemouth,Chelsea,0,1,-0.12229,0.58221,-0.50165
12436951,2024-09-15,2024-2025,Tottenham Hotspur,Arsenal,0,1,0.64324,1.48828,-0.64219
12436954,2024-09-15,2024-2025,Wolverhampton Wanderers,Newcastle United,1,2,-0.21821,0.65212,-0.66748
12436980,2024-09-21,2024-2025,West Ham United,Chelsea,0,3,0.13849,0.59923,-0.25789
12436969,2024-09-21,2024-2025,Liverpool,Bournemouth,3,0,1.34027,-0.13912,1.68224
12436957,2024-09-21,2024-2025,Aston Villa,Wolverhampton Wanderers,3,1,0.57311,-0.22964,1.0056
12436973,2024-09-21,2024-2025,Southampton,Ipswich Town,1,1,-0.60807,-0.03725,-0.36797
12436977,2024-09-21,2024-2025,Tottenham Hotspur,Brentford,3,1,0.63082,0.25343,0.58024
12436967,2024-09-21,2024-2025,Leicester City,Everton,1,1,0.01251,-0.13351,0.34887
12436964,2024-09-21,2024-2025,Fulham,Newcastle United,3,1,0.08926,0.66368,-0.37157
12436962,2024-09-21,2024-2025,Crystal Palace,Manchester United,0,0,0.16901,0.55295,-0.18109
12436959,2024-09-22,2024-2025,Brighton & Hove Albion,Nottingham Forest,2,2,0.32988,-0.08369,0.61642
12436971,2024-09-22,2024-2025,Manchester City,Arsenal,2,2,1.9358,1.50069,0.63796
12436999,2024-09-28,2024-2025,Newcastle United,Manchester City,1,1,0.61419,1.91469,-1.09765
12436987,2024-09-28,2024-2025,Brentford,West Ham United,1,1,0.21412,0.08698,0.32999
12436985,2024-09-28,2024-2025,Arsenal,Leicester City,4,2,1.52123,0.00053,1.72355
12436992,2024-09-28,2024-2025,Everton,Crystal Palace,2,1,-0.1219,0.1753,-0.09435
12436989,2024-09-28,2024-2025,Chelsea,Brighton & Hove Albion,4,2,0.65031,0.30941,0.54375
12437001,2024-09-28,2024-2025,Nottingham Forest,Fulham,0,1,-0.06391,0.13893,1e-05
12437002,2024-09-28,2024-2025,Wolverhampton Wanderers,Liverpool,1,2,-0.26048,1.37782,-1.43545
12436993,2024-09-29,2024-2025,Ipswich Town,Aston Villa,2,2,-0.05011,0.60381,-0.45107
12436995,2024-09-29,2024-2025,Manchester United,Tottenham Hotspur,0,3,0.54557,0.67018,0.07825
12436982,2024-09-30,2024-2025,Bournemouth,Southampton,3,1,-0.17686,-0.59545,0.62144
12437015,2024-10-05,2024-2025,Crystal Palace,Liverpool,0,1,0.14236,1.36283,-1.01762
12437008,2024-10-05,2024-2025,Brentford,Wolverhampton Wanderers,5,3,0.20264,-0.24566,0.65115
12437020,2024-10-05,2024-2025,Leicester City,Bournemouth,1,0,-0.00915,-0.13822,0.33192
12437022,2024-10-05,2024-2025,Manchester City,Fulham,3,2,1.88137,0.17011,1.91411
12437024,2024-10-05,2024-2025,West Ham United,Ipswich Town,4,1,0.09775,-0.03478,0.33539
12437004,2024-10-05,2024-2025,Arsenal,Southampton,3,1,1.53089,-0.63453,2.36826
12437018,2024-10-05,2024-2025,Everton,Newcastle United,0,0,-0.08852,0.64727,-0.53294
12437006,2024-10-06,2024-2025,Aston Villa,Manchester United,0,0,0.58883,0.49297,0.29871
12437013,2024-10-06,2024-2025,Chelsea,Nottingham Forest,1,1,0.69071,-0.09474,0.9883
12437011,2024-10-06,2024-2025,Brighton & Hove Albion,Tottenham Hotspur,3,2,0.26922,0.72338,-0.25131
12437038,2024-10-19,2024-2025,Tottenham Hotspur,West Ham United,4,1,0.68694,0.14896,0.74084
12437037,2024-10-19,2024-2025,Southampton,Leicester City,2,3,-0.62134,0.01285,-0.43134
12437028,2024-10-19,2024-2025,Fulham,Aston Villa,1,3,0.19904,0.57852,-0.17663
12437035,2024-10-19,2024-2025,Newcastle United,Brighton & Hove Albion,0,1,0.62972,0.30551,0.52707
12437034,2024-10-19,2024-2025,Manchester United,Brentford,2,1,0.50267,0.24076,0.46476
12437030,2024-10-19,2024-2025,Ipswich Town,Everton,0,2,-0.08581,-0.07061,0.18765
12437026,2024-10-19,2024-2025,Bournemouth,Arsenal,2,0,-0.15979,1.51826,-1.47521
12437039,2024-10-20,2024-2025,Wolverhampton Wanderers,Manchester City,1,2,-0.28361,1.85264,-1.9334
12437032,2024-10-20,2024-2025,Liverpool,Chelsea,2,1,1.3628,0.66015,0.90549
12437036,2024-10-21,2024-2025,Nottingham Forest,Crystal Palace,1,0,-0.06453,0.14297,-0.00466
12437048,2024-10-25,2024-2025,Leicester City,Nottingham Forest,1,3,0.03212,-0.03358,0.26855
12437041,2024-10-26,2024-2025,Aston Villa,Bournemouth,1,1,0.6234,-0.10635,0.9326
12437049,2024-10-26,2024-2025,Manchester City,Southampton,1,0,1.82311,-0.64037,2.66633
12437044,2024-10-26,2024-2025,Brighton & Hove Albion,Wolverhampton Wanderers,2,2,0.34699,-0.2544,0.80424
12437043,2024-10-26,2024-2025,Brentford,Ipswich Town,4,3,0.22319,-0.13422,0.56026
12437047,2024-10-26,2024-2025,Everton,Fulham,1,1,-0.022,0.15405,0.0268
12437046,2024-10-27,2024-2025,Crystal Palace,Tottenham Hotspur,1,0,0.11204,0.73587,-0.42098
12437050,2024-10-27,2024-2025,West Ham United,Manchester United,2,1,0.10059,0.52067,-0.21723
12437045,2024-10-27,2024-2025,Chelsea,Newcastle United,2,1,0.65652,0.58864,0.27073
12437040,2024-10-27,2024-2025,Arsenal,Liverpool,2,2,1.46467,1.36609,0.30144
12437056,2024-11-02,2024-2025,Newcastle United,Arsenal,1,0,0.56442,1.45427,-0.687
12437057,2024-11-02,2024-2025,Nottingham Forest,West Ham United,3,0,0.01575,0.13619,0.08241
12437053,2024-11-02,2024-2025,Ipswich Town,Leicester City,1,1,-0.14971,-0.01687,0.07001
12437051,2024-11-02,2024-2025,Bournemouth,Manchester City,2,1,-0.07656,1.78005,-1.65376
12437058,2024-11-02,2024-2025,Southampton,Everton,1,0,-0.59751,-0.02293,-0.37173
12437054,2024-11-02,2024-2025,Liverpool,Brighton & Hove Albion,2,1,1.37652,0.32114,1.25823
12437060,2024-11-02,2024-2025,Wolverhampton Wanderers,Crystal Palace,2,2,-0.22822,0.15141,-0.17678
12437059,2024-11-03,2024-2025,Tottenham Hotspur,Aston Villa,4,1,0.69704,0.59422,0.30568
12437055,2024-11-03,2024-2025,Manchester United,Chelsea,1,1,0.48525,0.68029,0.00781
12437052,2024-11-04,2024-2025,Fulham,Brentford,2,1,0.15449,0.23814,0.11919
12436485,2024-11-09,2024-2025,Wolverhampton Wanderers,Southampton,2,0,-0.22201,-0.55898,0.53982
12436483,2024-11-09,2024-2025,Crystal Palace,Fulham,0,2,0.1457,0.18237,0.16619
12436486,2024-11-09,2024-2025,West Ham United,Everton,0,0,0.08445,-0.06189,0.34919
12436876,2024-11-09,2024-2025,Brentford,Bournemouth,3,2,0.21044,-0.02541,0.43871
12436882,2024-11-09,2024-2025,Brighton & Hove Albion,Manchester City,2,1,0.32979,1.72833,-1.1957
12436484,2024-11-09,2024-2025,Liverpool,Aston Villa,2,0,1.36749,0.54232,1.02802
12436492,2024-11-10,2024-2025,Tottenham Hotspur,Ipswich Town,1,2,0.74894,-0.15215,1.10394
12436487,2024-11-10,2024-2025,Nottingham Forest,Newcastle United,1,3,0.06848,0.60776,-0.33643
12436494,2024-11-10,2024-2025,Manchester United,Leicester City,3,0,0.48498,-0.0144,0.70223
12436890,2024-11-10,2024-2025,Chelsea,Arsenal,1,1,0.68083,1.41046,-0.52678
12436495,2024-11-23,2024-2025,Leicester City,Chelsea,1,2,-0.06416,0.69855,-0.55987
12436491,2024-11-23,2024-2025,Bournemouth,Brighton & Hove Albion,1,2,-0.04364,0.37825,-0.21904
12436490,2024-11-23,2024-2025,Fulham,Wolverhampton Wanderers,1,4,0.23091,-0.18199,0.61575
12436489,2024-11-23,2024-2025,Arsenal,Nottingham Forest,3,0,1.3931,0.02545,1.57051
12436493,2024-11-23,2024-2025,Aston Villa,Crystal Palace,2,2,0.5124,0.09746,0.61779
12436488,2024-11-23,2024-2025,Everton,Brentford,0,0,-0.04948,0.22923,-0.07586
12436499,2024-11-23,2024-2025,Manchester City,Tottenham Hotspur,0,4,1.67996,0.7012,1.18161
12436506,2024-11-24,2024-2025,Southampton,Liverpool,2,3,-0.59858,1.39765,-1.79338
12436497,2024-11-24,2024-2025,Ipswich Town,Manchester United,1,1,-0.10444,0.53417,-0.43576
12436496,2024-11-25,2024-2025,Newcastle United,West Ham United,0,2,0.65126,0.07245,0.78166
12436501,2024-11-29,2024-2025,Brighton & Hove Albion,Southampton,1,1,0.404,-0.57304,1.17989
12436922,2024-11-30,2024-2025,Wolverhampton Wanderers,Bournemouth,2,4,-0.12789,-0.06886,0.14382
12436500,2024-11-30,2024-2025,Brentford,Leicester City,4,1,0.2268,-0.07914,0.50879
12436502,2024-11-30,2024-2025,Crystal Palace,Newcastle United,1,1,0.11744,0.59959,-0.27929
12436503,2024-11-30,2024-2025,Nottingham Forest,Ipswich Town,1,0,-0.01454,-0.08961,0.27792
12436914,2024-11-30,2024-2025,West Ham United,Arsenal,2,5,0.124,1.43261,-1.10577
12436507,2024-12-01,2024-2025,Tottenham Hotspur,Fulham,1,1,0.75526,0.17725,0.78086
12436505,2024-12-01,2024-2025,Manchester United,Everton,4,0,0.51988,-0.04684,0.76957
12436498,2024-12-01,2024-2025,Chelsea,Aston Villa,3,0,0.71372,0.49188,0.4247
12436504,2024-12-01,2024-2025,Liverpool,Manchester City,2,0,1.37244,1.62537,-0.05008
12436961,2024-12-03,2024-2025,Ipswich Town,Crystal Palace,0,1,-0.11301,0.1271,-0.03726
12436966,2024-12-03,2024-2025,Leicester City,West Ham United,3,1,-0.12966,0.07824,-0.00505
12436978,2024-12-04,2024-2025,Newcastle United,Liverpool,3,3,0.58937,1.4197,-0.62748
12436947,2024-12-04,2024-2025,Everton,Wolverhampton Wanderers,4,0,-0.09979,-0.17594,0.27901
12436972,2024-12-04,2024-2025,Manchester City,Nottingham Forest,3,0,1.57749,0.00902,1.77132
12436984,2024-12-04,2024-2025,Southampton,Chelsea,1,5,-0.5379,0.76451,-1.09956
12436935,2024-12-04,2024-2025,Arsenal,Manchester United,2,0,1.47882,0.57286,1.10881
12436942,2024-12-04,2024-2025,Aston Villa,Brentford,3,1,0.44087,0.27715,0.36657
12436955,2024-12-05,2024-2025,Fulham,Brighton & Hove Albion,3,1,0.20186,0.36915,0.03556
13015216,2024-12-05,2024-2025,Bournemouth,Tottenham Hotspur,1,0,-0.02107,0.73006,-0.54828
12436450,2024-12-07,2024-2025,Brentford,Newcastle United,4,2,0.2351,0.61018,-0.17222
12436990,2024-12-07,2024-2025,Aston Villa,Southampton,1,0,0.48396,-0.58999,1.2768
12436445,2024-12-07,2024-2025,Crystal Palace,Manchester City,2,2,0.15714,1.61333,-1.25335
12436449,2024-12-07,2024-2025,Manchester United,Nottingham Forest,2,3,0.54532,-0.02721,0.77538
12436459,2024-12-08,2024-2025,Fulham,Arsenal,1,1,0.24885,1.50697,-1.05526
12436444,2024-12-08,2024-2025,Leicester City,Brighton & Hove Albion,2,2,-0.08227,0.32216,-0.20158
12436462,2024-12-08,2024-2025,Ipswich Town,Bournemouth,1,2,-0.14328,0.02033,0.03923
12436441,2024-12-08,2024-2025,Tottenham Hotspur,Chelsea,3,4,0.68837,0.81718,0.07404
12436454,2024-12-09,2024-2025,West Ham United,Wolverhampton Wanderers,2,1,0.03086,-0.23034,0.46405
12436438,2024-12-14,2024-2025,Arsenal,Everton,0,0,1.47515,-0.046,1.72401
12436456,2024-12-14,2024-2025,Wolverhampton Wanderers,Ipswich Town,1,2,-0.24829,-0.17504,0.1296
12436460,2024-12-14,2024-2025,Newcastle United,Leicester City,4,0,0.56212,-0.07528,0.84025
12436446,2024-12-14,2024-2025,Liverpool,Fulham,2,2,1.39943,0.28097,1.32131
12436447,2024-12-14,2024-2025,Nottingham Forest,Aston Villa,2,1,0.01788,0.47439,-0.25366
12436457,2024-12-15,2024-2025,Brighton & Hove Albion,Crystal Palace,1,3,0.31529,0.19346,0.32468
12436451,2024-12-15,2024-2025,Manchester City,Manchester United,1,2,1.57741,0.50087,1.27938
12436458,2024-12-15,2024-2025,Southampton,Tottenham Hotspur,0,5,-0.58101,0.65582,-1.03398
12436461,2024-12-15,2024-2025,Chelsea,Brentford,2,1,0.84972,0.28338,0.76919
12436465,2024-12-16,2024-2025,Bournemouth,West Ham United,1,1,0.05254,0.04888,0.20652
12436453,2024-12-21,2024-2025,Aston Villa,Manchester City,2,1,0.43796,1.52833,-0.88752
12436463,2024-12-21,2024-2025,Brentford,Nottingham Forest,0,2,0.27593,0.05421,0.42456
12436478,2024-12-21,2024-2025,West Ham United,Brighton & Hove Albion,1,1,0.05624,0.26592,-0.00683
12436467,2024-12-21,2024-2025,Ipswich Town,Newcastle United,0,4,-0.14161,0.61493,-0.5537
12436464,2024-12-21,2024-2025,Crystal Palace,Arsenal,1,5,0.24323,1.43134,-0.98525
12436469,2024-12-22,2024-2025,Leicester City,Wolverhampton Wanderers,0,3,-0.12802,-0.28207,0.3569
12436470,2024-12-22,2024-2025,Manchester United,Bournemouth,0,3,0.54945,0.04537,0.70693
12436466,2024-12-22,2024-2025,Everton,Chelsea,0,0,-0.00159,0.85772,-0.65647
12436468,2024-12-22,2024-2025,Fulham,Southampton,0,0,0.31895,-0.63504,1.15685
12436471,2024-12-22,2024-2025,Tottenham Hotspur,Liverpool,3,6,0.7095,1.36181,-0.44945
12436481,2024-12-26,2024-2025,Manchester City,Everton,1,1,1.4821,0.02007,1.66488
12436476,2024-12-26,2024-2025,Bournemouth,Crystal Palace,0,0,0.09907,0.19079,0.11113
12436480,2024-12-26,2024-2025,Southampton,West Ham United,0,1,-0.60129,0.05648,-0.45492
12436479,2024-12-26,2024-2025,Nottingham Forest,Tottenham Hotspur,1,0,0.1046,0.65885,-0.3514
12436477,2024-12-26,2024-2025,Newcastle United,Aston Villa,3,0,0.66893,0.48365,0.38813
12436473,2024-12-26,2024-2025,Chelsea,Fulham,1,2,0.83614,0.28459,0.7544
12436482,2024-12-26,2024-2025,Wolverhampton Wanderers,Manchester United,2,0,-0.2292,0.49569,-0.52204
12436474,2024-12-26,2024-2025,Liverpool,Leicester City,3,1,1.41206,-0.18127,1.79618
12436475,2024-12-27,2024-2025,Brighton & Hove Albion,Brentford,0,0,0.26514,0.22594,0.24205
12436472,2024-12-27,2024-2025,Arsenal,Ipswich Town,1,0,1.4833,-0.19501,1.88116
12436512,2024-12-29,2024-2025,Leicester City,Manchester City,0,2,-0.18893,1.43906,-1.42514
12436515,2024-12-29,2024-2025,Fulham,Bournemouth,2,2,0.32839,0.09521,0.43603
12436532,2024-12-29,2024-2025,Crystal Palace,Southampton,2,1,0.19408,-0.61958,1.01651
12436521,2024-12-29,2024-2025,Tottenham Hotspur,Wolverhampton Wanderers,2,2,0.62011,-0.17867,1.00164
12436517,2024-12-29,2024-2025,Everton,Nottingham Forest,0,2,0.06335,0.14276,0.12344
12436513,2024-12-29,2024-2025,West Ham United,Liverpool,0,5,0.07478,1.41914,-1.14151
12436530,2024-12-30,2024-2025,Aston Villa,Brighton & Hove Albion,2,2,0.43321,0.25676,0.3793
12436510,2024-12-30,2024-2025,Ipswich Town,Chelsea,2,0,-0.16772,0.79196,-0.75683
12436522,2024-12-30,2024-2025,Manchester United,Newcastle United,0,2,0.44456,0.71989,-0.07248
12436410,2025-01-01,2024-2025,Brentford,Arsenal,1,3,0.23377,1.45543,-1.01881
12436519,2025-01-04,2024-2025,Tottenham Hotspur,Newcastle United,1,2,0.58889,0.76651,0.02523
12436520,2025-01-04,2024-2025,Southampton,Brentford,0,5,-0.61921,0.20339,-0.61975
12436508,2025-01-04,2024-2025,Manchester City,West Ham United,4,1,1.4578,0.02084,1.6398
12436523,2025-01-04,2024-2025,Aston Villa,Leicester City,2,1,0.42007,-0.20814,0.83106
12436518,2025-01-04,2024-2025,Bournemouth,Everton,1,0,0.11,0.01546,0.29738
12436419,2025-01-04,2024-2025,Crystal Palace,Chelsea,1,1,0.1935,0.73981,-0.34346
12436528,2025-01-04,2024-2025,Brighton & Hove Albion,Arsenal,1,1,0.26965,1.48615,-1.01365
12436525,2025-01-05,2024-2025,Fulham,Ipswich Town,2,2,0.31338,-0.11614,0.63237
12436514,2025-01-05,2024-2025,Liverpool,Manchester United,2,2,1.47315,0.39846,1.27755
12436437,2025-01-06,2024-2025,Wolverhampton Wanderers,Nottingham Forest,0,3,-0.14725,0.19119,-0.13559
12436436,2025-01-14,2024-2025,Brentford,Manchester City,2,2,0.25737,1.49612,-1.0359
12436509,2025-01-14,2024-2025,West Ham United,Fulham,3,2,-0.01808,0.29243,-0.10766
12436531,2025-01-14,2024-2025,Chelsea,Bournemouth,2,2,0.72809,0.13301,0.79794
12436526,2025-01-14,2024-2025,Nottingham Forest,Liverpool,1,1,0.24305,1.43636,-0.99046
12436434,2025-01-15,2024-2025,Everton,Aston Villa,0,1,-0.00808,0.42595,-0.23118
12436527,2025-01-15,2024-2025,Leicester City,Crystal Palace,0,2,-0.21423,0.2053,-0.21668
12436529,2025-01-15,2024-2025,Newcastle United,Wolverhampton Wanderers,3,0,0.798,-0.19922,1.20007
12436511,2025-01-15,2024-2025,Arsenal,Tottenham Hotspur,2,1,1.45433,0.55747,1.09972
12436524,2025-01-16,2024-2025,Ipswich Town,Brighton & Hove Albion,0,2,-0.09462,0.30081,-0.19258
12436516,2025-01-16,2024-2025,Manchester United,Southampton,3,1,0.43474,-0.67354,1.31112
12436885,2025-01-18,2024-2025,Newcastle United,Bournemouth,1,4,0.84322,0.15897,0.8871
12436440,2025-01-18,2024-2025,Brentford,Liverpool,0,2,0.28941,1.40542,-0.91316
12436889,2025-01-18,2024-2025,West Ham United,Crystal Palace,0,2,0.01559,0.25032,-0.03188
12436442,2025-01-18,2024-2025,Leicester City,Fulham,0,2,-0.25926,0.25876,-0.31517
12436443,2025-01-18,2024-2025,Arsenal,Aston Villa,2,2,1.45082,0.4511,1.20257
12436887,2025-01-19,2024-2025,Nottingham Forest,Southampton,3,2,0.274,-0.6964,1.17325
12436883,2025-01-19,2024-2025,Manchester United,Brighton & Hove Albion,1,3,0.4576,0.34612,0.31433
12436448,2025-01-19,2024-2025,Everton,Tottenham Hotspur,3,2,-0.03324,0.56098,-0.39137
12436439,2025-01-19,2024-2025,Ipswich Town,Manchester City,0,6,-0.13993,1.46409,-1.40117
12436455,2025-01-20,2024-2025,Chelsea,Wolverhampton Wanderers,3,1,0.70213,-0.24444,1.14942
12436901,2025-01-25,2024-2025,Liverpool,Ipswich Town,4,1,1.43818,-0.19435,1.83538
12436909,2025-01-25,2024-2025,Wolverhampton Wanderers,Arsenal,0,1,-0.2716,1.41551,-1.48426
12436905,2025-01-25,2024-2025,Southampton,Newcastle United,1,3,-0.69073,0.78924,-1.27712
12436895,2025-01-25,2024-2025,Brighton & Hove Albion,Everton,0,1,0.39526,0.00563,0.59248
12436891,2025-01-25,2024-2025,Bournemouth,Nottingham Forest,5,0,0.21291,0.26798,0.14778
12436903,2025-01-25,2024-2025,Manchester City,Chelsea,3,1,1.51929,0.72922,0.99292
12436907,2025-01-26,2024-2025,Tottenham Hotspur,Leicester City,1,2,0.52172,-0.30256,1.02713
12436897,2025-01-26,2024-2025,Crystal Palace,Brentford,1,2,0.29647,0.25656,0.24276
12436893,2025-01-26,2024-2025,Aston Villa,West Ham United,1,1,0.4862,-0.03092,0.71997
12436899,2025-01-26,2024-2025,Fulham,Manchester United,0,1,0.3022,0.4083,0.09675
12436930,2025-02-01,2024-2025,Nottingham Forest,Brighton & Hove Albion,7,0,0.2134,0.35323,0.06302
12436911,2025-02-01,2024-2025,Bournemouth,Liverpool,0,2,0.26802,1.47271,-1.00184
12436921,2025-02-01,2024-2025,Everton,Leicester City,4,0,0.0481,-0.25497,0.50592
12436928,2025-02-01,2024-2025,Newcastle United,Fulham,1,2,0.81223,0.26914,0.74594
12436924,2025-02-01,2024-2025,Ipswich Town,Southampton,1,2,-0.22949,-0.71431,0.68768
12436932,2025-02-01,2024-2025,Wolverhampton Wanderers,Aston Villa,2,0,-0.25504,0.4627,-0.51489
12436925,2025-02-02,2024-2025,Manchester United,Crystal Palace,0,2,0.44081,0.26036,0.3833
12436916,2025-02-02,2024-2025,Brentford,Tottenham Hotspur,0,2,0.29232,0.47466,0.02051
12436913,2025-02-02,2024-2025,Arsenal,Manchester City,5,1,1.39872,1.55029,0.05129
12436919,2025-02-03,2024-2025,Chelsea,West Ham United,2,1,0.69851,-0.00716,0.90852
13344418,2025-02-12,2024-2025,Everton,Liverpool,2,2,0.10218,1.50385,-1.19882
12436937,2025-02-14,2024-2025,Brighton & Hove Albion,Chelsea,3,0,0.29804,0.7017,-0.20081
12436943,2025-02-15,2024-2025,Leicester City,Arsenal,0,2,-0.30946,1.45275,-1.55936
12436940,2025-02-15,2024-2025,Fulham,Nottingham Forest,2,1,0.31285,0.26811,0.24758
12436948,2025-02-15,2024-2025,Manchester City,Newcastle United,4,0,1.49661,0.76816,0.9313
12436950,2025-02-15,2024-2025,Southampton,Bournemouth,1,3,-0.67124,0.23722,-0.70561
12436956,2025-02-15,2024-2025,West Ham United,Brentford,0,1,-0.01112,0.24532,-0.05359
12436934,2025-02-15,2024-2025,Aston Villa,Ipswich Town,1,1,0.41196,-0.27283,0.88763
12436939,2025-02-15,2024-2025,Crystal Palace,Everton,1,2,0.30968,0.13741,0.37513
12436945,2025-02-16,2024-2025,Liverpool,Wolverhampton Wanderers,2,1,1.46865,-0.20456,1.87606
12436952,2025-02-16,2024-2025,Tottenham Hotspur,Manchester United,1,0,0.52114,0.39108,0.3329
12437019,2025-02-19,2024-2025,Aston Villa,Liverpool,2,2,0.38359,1.44089,-0.85445
12436623,2025-02-21,2024-2025,Leicester City,Brentford,0,4,-0.32462,0.27518,-0.39695
12436625,2025-02-22,2024-2025,Everton,Manchester United,2,2,0.17639,0.36886,0.01038
12436960,2025-02-22,2024-2025,Arsenal,West Ham United,0,1,1.46834,-0.04065,1.71184
12436624,2025-02-22,2024-2025,Fulham,Crystal Palace,0,2,0.33754,0.27111,0.26928
12436958,2025-02-22,2024-2025,Bournemouth,Wolverhampton Wanderers,0,1,0.274,-0.1765,0.65335
12436965,2025-02-22,2024-2025,Southampton,Brighton & Hove Albion,0,4,-0.70877,0.35095,-0.85687
12436629,2025-02-22,2024-2025,Ipswich Town,Tottenham Hotspur,1,4,-0.24526,0.54313,-0.58554
12436621,2025-02-22,2024-2025,Aston Villa,Chelsea,2,1,0.41108,0.64819,-0.03425
12436963,2025-02-23,2024-2025,Newcastle United,Nottingham Forest,4,3,0.71507,0.24342,0.6745
12436627,2025-02-23,2024-2025,Manchester City,Liverpool,0,2,1.54979,1.4134,0.33923
12436970,2025-02-25,2024-2025,Brighton & Hove Albion,Bournemouth,2,1,0.40433,0.23112,0.37606
12436983,2025-02-25,2024-2025,Crystal Palace,Aston Villa,4,1,0.31967,0.44272,0.0798
12436981,2025-02-25,2024-2025,Wolverhampton Wanderers,Fulham,1,2,-0.13336,0.28854,-0.21904
12436986,2025-02-25,2024-2025,Chelsea,Southampton,4,0,0.61718,-0.76155,1.58157
12436991,2025-02-26,2024-2025,Manchester United,Ipswich Town,3,2,0.36891,-0.29518,0.86693
12436968,2025-02-26,2024-2025,Brentford,Everton,1,1,0.32796,0.17603,0.35478
12436975,2025-02-26,2024-2025,Tottenham Hotspur,Manchester City,0,1,0.59328,1.50032,-0.70419
12436974,2025-02-26,2024-2025,Nottingham Forest,Arsenal,0,0,0.23311,1.41694,-0.98098
12436988,2025-02-26,2024-2025,Liverpool,Newcastle United,2,0,1.46286,0.72627,0.93944
13365051,2025-02-27,2024-2025,West Ham United,Leicester City,2,0,0.01041,-0.37825,0.59151
12437007,2025-03-08,2024-2025,Nottingham Forest,Manchester City,1,0,0.26383,1.51064,-1.04396
12437000,2025-03-08,2024-2025,Crystal Palace,Ipswich Town,1,0,0.3724,-0.29986,0.87512
12436996,2025-03-08,2024-2025,Brighton & Hove Albion,Fulham,2,1,0.42526,0.31403,0.31408
12437003,2025-03-08,2024-2025,Liverpool,Southampton,3,1,1.49547,-0.81205,2.51037
12436994,2025-03-08,2024-2025,Brentford,Aston Villa,0,1,0.31565,0.38998,0.12852
12437012,2025-03-08,2024-2025,Wolverhampton Wanderers,Everton,1,1,-0.15885,0.18834,-0.14434
12436998,2025-03-09,2024-2025,Chelsea,Leicester City,1,0,0.66768,-0.41785,1.28838
12437009,2025-03-09,2024-2025,Tottenham Hotspur,Bournemouth,2,2,0.58296,0.21019,0.57562
12437005,2025-03-09,2024-2025,Manchester United,Arsenal,1,1,0.37359,1.38622,-0.80978
12437010,2025-03-10,2024-2025,West Ham United,Newcastle United,0,1,0.05001,0.69366,-0.44081
12437021,2025-03-15,2024-2025,Everton,West Ham United,1,1,0.18318,0.03127,0.35476
12436578,2025-03-15,2024-2025,Southampton,Wolverhampton Wanderers,1,2,-0.79487,-0.15382,-0.4382
12437029,2025-03-15,2024-2025,Manchester City,Brighton & Hove Albion,2,2,1.46276,0.44778,1.21783
12437025,2025-03-15,2024-2025,Ipswich Town,Nottingham Forest,2,4,-0.30473,0.31104,-0.41291
12437014,2025-03-15,2024-2025,Bournemouth,Brentford,1,2,0.22917,0.28189,0.15013
12437017,2025-03-16,2024-2025,Arsenal,Chelsea,1,0,1.36,0.65772,0.90513
12437023,2025-03-16,2024-2025,Fulham,Tottenham Hotspur,2,0,0.29068,0.56373,-0.07019
12437027,2025-03-16,2024-2025,Leicester City,Manchester United,0,3,-0.40806,0.39959,-0.6048
12436599,2025-04-01,2024-2025,Wolverhampton Wanderers,West Ham United,1,0,-0.13495,0.04358,0.02431
12436580,2025-04-01,2024-2025,Arsenal,Fulham,2,1,1.36334,0.33813,1.22806
12436591,2025-04-01,2024-2025,Nottingham Forest,Manchester United,1,0,0.35353,0.44995,0.10643
12436594,2025-04-02,2024-2025,Manchester City,Leicester City,2,0,1.42674,-0.45786,2.08746
12436576,2025-04-02,2024-2025,Bournemouth,Ipswich Town,1,2,0.19457,-0.34668,0.74411
12436600,2025-04-02,2024-2025,Newcastle United,Brentford,2,1,0.71288,0.3165,0.59924
12436588,2025-04-02,2024-2025,Southampton,Crystal Palace,1,1,-0.81389,0.37675,-0.98779
12436584,2025-04-02,2024-2025,Brighton & Hove Albion,Aston Villa,0,3,0.48366,0.42412,0.26239
12436593,2025-04-02,2024-2025,Liverpool,Everton,1,0,1.47807,0.171,1.50991
12436587,2025-04-03,2024-2025,Chelsea,Tottenham Hotspur,1,0,0.65431,0.51575,0.34141
12436596,2025-04-05,2024-2025,Everton,Arsenal,1,1,0.18806,1.35544,-0.96452
12436595,2025-04-05,2024-2025,Crystal Palace,Brighton & Hove Albion,2,1,0.34626,0.4306,0.11851
12436604,2025-04-05,2024-2025,West Ham United,Bournemouth,2,2,0.01299,0.15052,0.06532
12436601,2025-04-05,2024-2025,Ipswich Town,Wolverhampton Wanderers,1,2,-0.3031,-0.1047,0.00445
12436597,2025-04-05,2024-2025,Aston Villa,Nottingham Forest,2,1,0.47773,0.38174,0.29885
12436589,2025-04-06,2024-2025,Brentford,Chelsea,0,0,0.30204,0.67603,-0.17114
12436606,2025-04-06,2024-2025,Tottenham Hotspur,Southampton,3,1,0.49434,-0.78335,1.48054
12436598,2025-04-06,2024-2025,Fulham,Liverpool,3,2,0.34656,1.46087,-0.91146
12436602,2025-04-06,2024-2025,Manchester United,Manchester City,0,0,0.42148,1.4237,-0.79937
13560219,2025-04-07,2024-2025,Leicester City,Newcastle United,0,3,-0.45537,0.72657,-0.97909
12436610,2025-04-12,2024-2025,Manchester City,Crystal Palace,5,2,1.39795,0.37415,1.22665
12436607,2025-04-12,2024-2025,Brighton & Hove Albion,Leicester City,2,2,0.40212,-0.50237,1.10734
12436614,2025-04-12,2024-2025,Southampton,Aston Villa,0,3,-0.80051,0.5007,-1.09836
12436613,2025-04-12,2024-2025,Nottingham Forest,Everton,0,1,0.35909,0.21805,0.34389
12436608,2025-04-12,2024-2025,Arsenal,Brentford,1,1,1.32537,0.308,1.22022
12436617,2025-04-13,2024-2025,Wolverhampton Wanderers,Tottenham Hotspur,4,2,-0.07342,0.51183,-0.3824
12436609,2025-04-13,2024-2025,Chelsea,Ipswich Town,2,2,0.67033,-0.33403,1.20721
12436612,2025-04-13,2024-2025,Liverpool,West Ham United,2,1,1.41473,0.01071,1.60687
12436611,2025-04-13,2024-2025,Newcastle United,Manchester United,4,1,0.77374,0.4472,0.52939
13560222,2025-04-14,2024-2025,Bournemouth,Fulham,1,0,0.15231,0.3925,-0.03735
12437031,2025-04-16,2024-2025,Newcastle United,Crystal Palace,5,0,0.82454,0.32924,0.69814
12436616,2025-04-19,2024-2025,Crystal Palace,Bournemouth,0,0,0.27577,0.18403,0.2946
12436619,2025-04-19,2024-2025,Brentford,Brighton & Hove Albion,4,2,0.34373,0.36883,0.17776
12436554,2025-04-19,2024-2025,West Ham United,Southampton,1,1,0.03087,-0.84636,1.08008
12436628,2025-04-19,2024-2025,Everton,Manchester City,0,2,0.25641,1.44235,-0.9831
12436615,2025-04-19,2024-2025,Aston Villa,Newcastle United,4,1,0.5468,0.87881,-0.12917
12436620,2025-04-20,2024-2025,Ipswich Town,Arsenal,0,4,-0.29898,1.2897,-1.38583
12436618,2025-04-20,2024-2025,Fulham,Chelsea,1,2,0.3613,0.63492,-0.07076
12436622,2025-04-20,2024-2025,Manchester United,Wolverhampton Wanderers,0,1,0.39724,-0.02369,0.62378
12436626,2025-04-20,2024-2025,Leicester City,Liverpool,0,1,-0.46961,1.39454,-1.6613
12436537,2025-04-21,2024-2025,Tottenham Hotspur,Nottingham Forest,1,2,0.4623,0.32105,0.3441
12436551,2025-04-22,2024-2025,Manchester City,Aston Villa,2,1,1.47409,0.59955,1.07739
12436547,2025-04-23,2024-2025,Arsenal,Crystal Palace,2,2,1.34027,0.26559,1.27753
12436550,2025-04-26,2024-2025,Chelsea,Everton,1,0,0.66363,0.22517,0.64131
12436545,2025-04-26,2024-2025,Newcastle United,Ipswich Town,3,0,0.82668,-0.34994,1.37947
12436546,2025-04-26,2024-2025,Brighton & Hove Albion,West Ham United,3,2,0.32347,-0.00181,0.52814
12436539,2025-04-26,2024-2025,Southampton,Fulham,1,2,-0.81417,0.33219,-0.94351
12436558,2025-04-26,2024-2025,Wolverhampton Wanderers,Leicester City,3,0,0.01935,-0.44779,0.66999
12436535,2025-04-27,2024-2025,Bournemouth,Manchester United,1,1,0.19454,0.35475,0.04264
12436544,2025-04-27,2024-2025,Liverpool,Tottenham Hotspur,5,1,1.37251,0.42426,1.15111
12436552,2025-05-01,2024-2025,Nottingham Forest,Brentford,0,2,0.35867,0.38871,0.1728
12436562,2025-05-02,2024-2025,Manchester City,Wolverhampton Wanderers,1,0,1.47136,0.06875,1.60546
12436553,2025-05-03,2024-2025,Aston Villa,Fulham,1,0,0.60283,0.33418,0.4715
12436572,2025-05-03,2024-2025,Everton,Ipswich Town,2,2,0.21251,-0.39285,0.80821
12436571,2025-05-03,2024-2025,Leicester City,Southampton,2,0,-0.49696,-0.81613,0.52202
12436543,2025-05-03,2024-2025,Arsenal,Bournemouth,1,2,1.30307,0.19305,1.31287
12436565,2025-05-04,2024-2025,West Ham United,Tottenham Hotspur,1,1,-0.01817,0.37176,-0.18709
12436560,2025-05-04,2024-2025,Brentford,Manchester United,4,3,0.4375,0.35626,0.28409
12436567,2025-05-04,2024-2025,Brighton & Hove Albion,Newcastle United,1,1,0.33964,0.8691,-0.3266
12436563,2025-05-04,2024-2025,Chelsea,Liverpool,3,1,0.67608,1.42443,-0.54551
12436561,2025-05-05,2024-2025,Crystal Palace,Nottingham Forest,1,1,0.30229,0.31039,0.19475
12436581,2025-05-10,2024-2025,Wolverhampton Wanderers,Brighton & Hove Albion,0,2,0.08944,0.35088,-0.05859
12436575,2025-05-10,2024-2025,Southampton,Manchester City,0,0,-0.85647,1.45121,-2.10484
12436566,2025-05-10,2024-2025,Fulham,Everton,1,3,0.31606,0.18656,0.33235
12436564,2025-05-10,2024-2025,Ipswich Town,Brentford,0,1,-0.367,0.46089,-0.62504
12436570,2025-05-10,2024-2025,Bournemouth,Aston Villa,0,1,0.24232,0.62061,-0.17543
12436573,2025-05-11,2024-2025,Newcastle United,Chelsea,2,0,0.85835,0.72671,0.33449
12436574,2025-05-11,2024-2025,Nottingham Forest,Leicester City,2,2,0.3166,-0.45666,0.97612
12436583,2025-05-11,2024-2025,Tottenham Hotspur,Crystal Palace,0,2,0.36543,0.29553,0.27275
12436569,2025-05-11,2024-2025,Manchester United,West Ham United,0,2,0.33239,-0.01167,0.54691
12436568,2025-05-11,2024-2025,Liverpool,Arsenal,2,2,1.37437,1.25378,0.32344
12436577,2025-05-16,2024-2025,Aston Villa,Tottenham Hotspur,2,0,0.6472,0.3164,0.53365
12436582,2025-05-16,2024-2025,Chelsea,Manchester United,1,0,0.68423,0.28175,0.60533
12436579,2025-05-18,2024-2025,Everton,Southampton,2,0,0.23569,-0.80873,1.24727
12436533,2025-05-18,2024-2025,West Ham United,Nottingham Forest,1,2,0.03904,0.28635,-0.04445
12436534,2025-05-18,2024-2025,Leicester City,Ipswich Town,2,0,-0.42594,-0.37984,0.15675
12436586,2025-05-18,2024-2025,Brentford,Fulham,2,3,0.47399,0.26665,0.4102
12436585,2025-05-18,2024-2025,Arsenal,Newcastle United,1,0,1.26436,0.90139,0.56582
12436590,2025-05-19,2024-2025,Brighton & Hove Albion,Liverpool,3,2,0.39726,1.36323,-0.76312
13854588,2025-05-20,2024-2025,Manchester City,Bournemouth,3,1,1.40325,0.21593,1.39016
12436592,2025-05-20,2024-2025,Crystal Palace,Wolverhampton Wanderers,4,2,0.34447,0.04319,0.50413
12436559,2025-05-25,2024-2025,Fulham,Manchester City,0,2,0.30528,1.42352,-0.91539
12436557,2025-05-25,2024-2025,Tottenham Hotspur,Brighton & Hove Albion,1,4,0.27574,0.44155,0.03704
12436556,2025-05-25,2024-2025,Nottingham Forest,Chelsea,0,1,0.31576,0.69771,-0.17909
12436541,2025-05-25,2024-2025,Newcastle United,Everton,0,1,0.88709,0.26013,0.82982
12436538,2025-05-25,2024-2025,Ipswich Town,West Ham United,1,3,-0.4252,0.00929,-0.23164
12436549,2025-05-25,2024-2025,Southampton,Arsenal,1,2,-0.83263,1.27915,-1.90892
12436540,2025-05-25,2024-2025,Manchester United,Aston Villa,2,0,0.26769,0.68733,-0.21679
12436542,2025-05-25,2024-2025,Wolverhampton Wanderers,Brentford,1,1,0.00209,0.4348,-0.22986
12436548,2025-05-25,2024-2025,Liverpool,Crystal Palace,1,1,1.31883,0.38506,1.13662
12436536,2025-05-25,2024-2025,Bournemouth,Leicester City,2,0,0.19536,-0.38073,0.77894
14025013,2025-08-15,2025-2026,Liverpool,Bournemouth,4,2,1.28452,0.23105,1.25632
14025016,2025-08-16,2025-2026,Aston Villa,Newcastle United,0,0,0.63915,0.84202,-2e-05
14025047,2025-08-16,2025-2026,Tottenham Hotspur,Burnley,3,0,0.22265,-0.42322,0.84872
14025038,2025-08-16,2025-2026,Sunderland,West Ham United,3,0,-0.67486,0.05413,-0.52614
14025020,2025-08-16,2025-2026,Brighton & Hove Albion,Fulham,1,1,0.49454,0.2725,0.42489
14025050,2025-08-16,2025-2026,Wolverhampton Wanderers,Manchester City,0,4,0.01014,1.45668,-1.24368
14025028,2025-08-17,2025-2026,Nottingham Forest,Brentford,3,1,0.28917,0.42675,0.06528
14025053,2025-08-17,2025-2026,Chelsea,Crystal Palace,0,0,0.72417,0.41937,0.50764
14025056,2025-08-17,2025-2026,Manchester United,Arsenal,0,1,0.31685,1.25023,-0.73054
14025059,2025-08-18,2025-2026,Leeds United,Everton,1,0,-0.35097,0.30569,-0.45381
14025088,2025-08-22,2025-2026,West Ham United,Chelsea,1,5,-0.00023,0.70704,-0.50442
14025083,2025-08-23,2025-2026,Manchester City,Tottenham Hotspur,0,2,1.50811,0.27077,1.44019
14025062,2025-08-23,2025-2026,Bournemouth,Wolverhampton Wanderers,1,0,0.20727,-0.04143,0.45155
14025068,2025-08-23,2025-2026,Brentford,Aston Villa,1,0,0.38022,0.63914,-0.05607
14025071,2025-08-23,2025-2026,Burnley,Sunderland,2,0,-0.47169,-0.62133,0.35249
14025065,2025-08-23,2025-2026,Arsenal,Leeds United,5,0,1.26003,-0.31105,1.77393
14025077,2025-08-24,2025-2026,Everton,Brighton & Hove Albion,2,0,0.26553,0.48006,-0.01168
14025074,2025-08-24,2025-2026,Crystal Palace,Nottingham Forest,1,1,0.43657,0.33536,0.30406
14025080,2025-08-24,2025-2026,Fulham,Manchester United,1,1,0.28661,0.30753,0.18193
14147154,2025-08-25,2025-2026,Newcastle United,Liverpool,2,3,0.84153,1.3087,-0.26432
14025097,2025-08-30,2025-2026,Chelsea,Fulham,2,0,0.76033,0.28029,0.68289
14025106,2025-08-30,2025-2026,Manchester United,Burnley,3,2,0.31375,-0.42888,0.94549
14025112,2025-08-30,2025-2026,Sunderland,Brentford,2,1,-0.66354,0.41236,-0.87305
14025115,2025-08-30,2025-2026,Tottenham Hotspur,Bournemouth,0,1,0.3247,0.22566,0.30188
14025118,2025-08-30,2025-2026,Wolverhampton Wanderers,Everton,2,3,-0.06041,0.31245,-0.17001
14025100,2025-08-30,2025-2026,Leeds United,Newcastle United,0,0,-0.36359,0.81758,-0.97832
14025094,2025-08-31,2025-2026,Brighton & Hove Albion,Manchester City,2,1,0.43298,1.45473,-0.8189
14025109,2025-08-31,2025-2026,Nottingham Forest,West Ham United,0,3,0.34635,-0.05371,0.60291
14025103,2025-08-31,2025-2026,Liverpool,Arsenal,1,0,1.33291,1.313,0.22277
14025091,2025-08-31,2025-2026,Aston Villa,Crystal Palace,0,3,0.60701,0.42609,0.38377
14025124,2025-09-13,2025-2026,Arsenal,Nottingham Forest,3,0,1.28848,0.29271,1.19863
14025121,2025-09-13,2025-2026,Bournemouth,Brighton & Hove Albion,2,1,0.26313,0.47791,-0.01194
14025133,2025-09-13,2025-2026,Crystal Palace,Sunderland,0,0,0.47926,-0.61801,1.30012
14025145,2025-09-13,2025-2026,Newcastle United,Wolverhampton Wanderers,1,0,0.787,-0.08694,1.07679
14025139,2025-09-13,2025-2026,Fulham,Leeds United,1,0,0.24268,-0.33328,0.77881
14025136,2025-09-13,2025-2026,Everton,Aston Villa,0,0,0.33952,0.55371,-0.01134
14025148,2025-09-13,2025-2026,West Ham United,Tottenham Hotspur,0,3,-0.00067,0.28744,-0.08526
14025127,2025-09-13,2025-2026,Brentford,Chelsea,2,2,0.36718,0.79788,-0.22784
14025130,2025-09-14,2025-2026,Burnley,Liverpool,0,1,-0.43031,1.35802,-1.58548
14025142,2025-09-14,2025-2026,Manchester City,Manchester United,3,0,1.40919,0.31566,1.29638
14025166,2025-09-20,2025-2026,Liverpool,Everton,2,1,1.33876,0.33991,1.2017
14025178,2025-09-20,2025-2026,Wolverhampton Wanderers,Leeds United,1,3,-0.08456,-0.34104,0.45933
14025160,2025-09-20,2025-2026,Burnley,Nottingham Forest,1,1,-0.41055,0.24747,-0.45517
14025175,2025-09-20,2025-2026,West Ham United,Crystal Palace,1,2,-0.05338,0.44205,-0.29258
14025157,2025-09-20,2025-2026,Brighton & Hove Albion,Tottenham Hotspur,2,2,0.4473,0.34016,0.30999
14025169,2025-09-20,2025-2026,Manchester United,Chelsea,2,1,0.27213,0.78989,-0.31491
14025163,2025-09-20,2025-2026,Fulham,Brentford,3,1,0.25043,0.37507,0.07821
14025151,2025-09-21,2025-2026,Bournemouth,Newcastle United,0,0,0.2946,0.78432,-0.28687
14025172,2025-09-21,2025-2026,Sunderland,Aston Villa,1,1,-0.58027,0.55331,-0.93073
14025154,2025-09-21,2025-2026,Arsenal,Manchester City,1,1,1.33372,1.45274,0.08383
14025184,2025-09-27,2025-2026,Brentford,Manchester United,3,1,0.32912,0.30962,0.22235
14025190,2025-09-27,2025-2026,Crystal Palace,Liverpool,2,1,0.46477,1.33175,-0.66414
14025199,2025-09-27,2025-2026,Manchester City,Burnley,5,1,1.45614,-0.3951,2.05409
14025187,2025-09-27,2025-2026,Chelsea,Brighton & Hove Albion,1,3,0.75289,0.43661,0.51913
14025196,2025-09-27,2025-2026,Leeds United,Bournemouth,2,2,-0.29042,0.3045,-0.39207
14025205,2025-09-27,2025-2026,Nottingham Forest,Sunderland,0,1,0.23192,-0.55113,0.9859
14025208,2025-09-27,2025-2026,Tottenham Hotspur,Wolverhampton Wanderers,1,1,0.34985,-0.13474,0.68744
14025181,2025-09-28,2025-2026,Aston Villa,Fulham,3,1,0.52358,0.29648,0.42995
14025202,2025-09-28,2025-2026,Newcastle United,Arsenal,1,2,0.77438,1.33079,-0.35356
14311407,2025-09-29,2025-2026,Everton,West Ham United,1,1,0.34692,-0.07652,0.6263
14025211,2025-10-03,2025-2026,Bournemouth,Fulham,3,1,0.2912,0.2543,0.23975
14025225,2025-10-04,2025-2026,Leeds United,Tottenham Hotspur,1,2,-0.27687,0.32729,-0.40131
14025227,2025-10-04,2025-2026,Manchester United,Sunderland,2,0,0.26558,-0.50393,0.97236
14025214,2025-10-04,2025-2026,Arsenal,West Ham United,2,0,1.35213,-0.05552,1.61051
14025221,2025-10-04,2025-2026,Chelsea,Liverpool,2,1,0.70183,1.28824,-0.38357
14025217,2025-10-05,2025-2026,Aston Villa,Burnley,2,1,0.56576,-0.4419,1.21051
14025223,2025-10-05,2025-2026,Everton,Crystal Palace,2,1,0.32592,0.50781,0.02096
14025231,2025-10-05,2025-2026,Wolverhampton Wanderers,Brighton & Hove Albion,1,1,-0.11273,0.48767,-0.39755
14025229,2025-10-05,2025-2026,Newcastle United,Nottingham Forest,2,0,0.75278,0.18524,0.77039
14025219,2025-10-05,2025-2026,Brentford,Manchester City,0,1,0.37408,1.50243,-0.9255
14025245,2025-10-18,2025-2026,Nottingham Forest,Chelsea,0,3,0.14886,0.74057,-0.38886
14025243,2025-10-18,2025-2026,Manchester City,Everton,2,0,1.50555,0.35626,1.35214
14025235,2025-10-18,2025-2026,Burnley,Leeds United,2,0,-0.43391,-0.29681,0.06575
14025233,2025-10-18,2025-2026,Brighton & Hove Albion,Newcastle United,2,1,0.47341,0.78864,-0.11238
14025247,2025-10-18,2025-2026,Sunderland,Wolverhampton Wanderers,2,0,-0.53561,-0.09913,-0.23363
14025237,2025-10-18,2025-2026,Crystal Palace,Bournemouth,3,3,0.47795,0.33545,0.34535
14025239,2025-10-18,2025-2026,Fulham,Arsenal,0,1,0.21103,1.36546,-0.95158
14025249,2025-10-19,2025-2026,Tottenham Hotspur,Aston Villa,1,2,0.34697,0.55845,-0.00863
14025241,2025-10-19,2025-2026,Liverpool,Manchester United,1,2,1.24992,0.29706,1.15571
14504827,2025-10-20,2025-2026,West Ham United,Brentford,0,2,-0.06934,0.37147,-0.23796
14025265,2025-10-24,2025-2026,Leeds United,West Ham United,2,1,-0.3432,-0.11361,-0.02674
14025269,2025-10-25,2025-2026,Newcastle United,Fulham,2,1,0.75563,0.20932,0.74916
14025261,2025-10-25,2025-2026,Chelsea,Sunderland,1,2,0.79194,-0.48687,1.48166
14025267,2025-10-25,2025-2026,Manchester United,Brighton & Hove Albion,4,2,0.34558,0.50682,0.0416
14025259,2025-10-25,2025-2026,Brentford,Liverpool,3,2,0.41572,1.20176,-0.58318
14025253,2025-10-26,2025-2026,Bournemouth,Nottingham Forest,2,0,0.34781,0.09791,0.45275
14025255,2025-10-26,2025-2026,Arsenal,Crystal Palace,1,0,1.36729,0.46607,1.10407
14025257,2025-10-26,2025-2026,Aston Villa,Manchester City,1,0,0.589,1.52696,-0.7351
14025271,2025-10-26,2025-2026,Wolverhampton Wanderers,Burnley,2,3,-0.14774,-0.38774,0.44285
14025263,2025-10-26,2025-2026,Everton,Tottenham Hotspur,0,3,0.33518,0.31634,0.22169
14025275,2025-11-01,2025-2026,Burnley,Arsenal,0,2,-0.34748,1.36367,-1.5083
14025277,2025-11-01,2025-2026,Crystal Palace,Brentford,2,0,0.46958,0.45764,0.21479
14025285,2025-11-01,2025-2026,Nottingham Forest,Manchester United,2,2,0.05596,0.39199,-0.13318
14025279,2025-11-01,2025-2026,Fulham,Wolverhampton Wanderers,3,0,0.20063,-0.18748,0.59097
14025273,2025-11-01,2025-2026,Brighton & Hove Albion,Leeds United,3,0,0.46077,-0.31174,0.97536
14025289,2025-11-01,2025-2026,Tottenham Hotspur,Chelsea,0,1,0.36896,0.74164,-0.16983
14025281,2025-11-01,2025-2026,Liverpool,Aston Villa,2,0,1.15932,0.63295,0.72922
14025291,2025-11-02,2025-2026,West Ham United,Newcastle United,3,1,-0.14558,0.7643,-0.70703
14025283,2025-11-02,2025-2026,Manchester City,Bournemouth,3,1,1.48326,0.38918,1.29692
14723615,2025-11-03,2025-2026,Sunderland,Everton,1,1,-0.43602,0.28221,-0.51538
14025057,2025-11-08,2025-2026,Tottenham Hotspur,Manchester United,2,2,0.34212,0.3873,0.15767
14025043,2025-11-08,2025-2026,Everton,Fulham,2,0,0.26426,0.25053,0.21658
14025060,2025-11-08,2025-2026,West Ham United,Burnley,3,2,-0.09363,-0.36411,0.47333
14025054,2025-11-08,2025-2026,Sunderland,Arsenal,2,2,-0.41846,1.38047,-1.59608
14025023,2025-11-08,2025-2026,Chelsea,Wolverhampton Wanderers,3,0,0.76763,-0.23793,1.2084
14025017,2025-11-09,2025-2026,Brentford,Newcastle United,3,1,0.41355,0.71235,-0.09596
14025014,2025-11-09,2025-2026,Aston Villa,Bournemouth,4,0,0.59677,0.36591,0.43372
14025033,2025-11-09,2025-2026,Crystal Palace,Brighton & Hove Albion,0,0,0.51462,0.50781,0.20967
14025051,2025-11-09,2025-2026,Nottingham Forest,Leeds United,3,1,0.06065,-0.35931,0.62281
14025048,2025-11-09,2025-2026,Manchester City,Liverpool,3,0,1.50653,1.19599,0.5134
14025072,2025-11-22,2025-2026,Burnley,Chelsea,0,2,-0.38201,0.81226,-0.99142
14025081,2025-11-22,2025-2026,Liverpool,Nottingham Forest,0,3,1.14607,0.09927,1.24965
14025075,2025-11-22,2025-2026,Fulham,Sunderland,1,0,0.20655,-0.37637,0.78577
14025069,2025-11-22,2025-2026,Brighton & Hove Albion,Brentford,2,1,0.51562,0.4612,0.25726
14025063,2025-11-22,2025-2026,Bournemouth,West Ham United,2,2,0.31304,-0.07591,0.5918
14025090,2025-11-22,2025-2026,Wolverhampton Wanderers,Crystal Palace,0,2,-0.28243,0.50734,-0.58692
14025087,2025-11-22,2025-2026,Newcastle United,Manchester City,2,1,0.66536,1.55686,-0.68864
14025078,2025-11-23,2025-2026,Leeds United,Aston Villa,1,2,-0.39705,0.65035,-0.84455
14025066,2025-11-23,2025-2026,Arsenal,Tottenham Hotspur,4,1,1.33816,0.33664,1.20437
14723574,2025-11-24,2025-2026,Manchester United,Everton,0,1,0.39336,0.30879,0.28742
14025108,2025-11-29,2025-2026,Manchester City,Leeds United,3,2,1.51407,-0.40247,2.11939
14025096,2025-11-29,2025-2026,Brentford,Burnley,3,1,0.4376,-0.41305,1.0535
14025114,2025-11-29,2025-2026,Sunderland,Bournemouth,3,2,-0.38333,0.2933,-0.47378
14025105,2025-11-29,2025-2026,Everton,Newcastle United,1,4,0.34626,0.70871,-0.15959
14025117,2025-11-29,2025-2026,Tottenham Hotspur,Fulham,1,2,0.2919,0.21397,0.28078
14025102,2025-11-30,2025-2026,Crystal Palace,Manchester United,1,2,0.54651,0.35637,0.39299
14025120,2025-11-30,2025-2026,West Ham United,Liverpool,0,2,-0.05598,1.0918,-0.94493
14025093,2025-11-30,2025-2026,Aston Villa,Wolverhampton Wanderers,1,0,0.65637,-0.32168,1.1809
14025111,2025-11-30,2025-2026,Nottingham Forest,Brighton & Hove Albion,0,2,0.15395,0.53976,-0.18296
14025099,2025-11-30,2025-2026,Chelsea,Arsenal,1,1,0.84379,1.38283,-0.33619
14025135,2025-12-02,2025-2026,Fulham,Manchester City,4,5,0.25092,1.4805,-1.02673
14025123,2025-12-02,2025-2026,Bournemouth,Everton,0,1,0.25285,0.29437,0.16133
14025141,2025-12-02,2025-2026,Newcastle United,Tottenham Hotspur,2,2,0.76109,0.25504,0.7089
14025144,2025-12-03,2025-2026,Wolverhampton Wanderers,Nottingham Forest,0,1,-0.31582,0.10903,-0.222
14025126,2025-12-03,2025-2026,Arsenal,Brentford,2,0,1.37177,0.46713,1.10749
14025132,2025-12-03,2025-2026,Burnley,Crystal Palace,0,1,-0.44294,0.50762,-0.7477
14025129,2025-12-03,2025-2026,Brighton & Hove Albion,Aston Villa,3,4,0.58495,0.65008,0.13773
14025147,2025-12-03,2025-2026,Liverpool,Sunderland,1,1,1.12333,-0.3431,1.66928
14025138,2025-12-03,2025-2026,Leeds United,Chelsea,3,1,-0.36896,0.85535,-1.02145
14025150,2025-12-04,2025-2026,Manchester United,West Ham United,1,1,0.39486,-0.0881,0.68581
14025156,2025-12-06,2025-2026,Aston Villa,Arsenal,2,1,0.68397,1.39994,-0.51312
14025153,2025-12-06,2025-2026,Bournemouth,Chelsea,0,0,0.21801,0.8023,-0.38144
14025162,2025-12-06,2025-2026,Everton,Nottingham Forest,3,0,0.32825,0.13444,0.39666
14025174,2025-12-06,2025-2026,Newcastle United,Burnley,2,1,0.73764,-0.45167,1.39216
14025171,2025-12-06,2025-2026,Manchester City,Sunderland,3,0,1.4792,-0.29952,1.98157
14025177,2025-12-06,2025-2026,Tottenham Hotspur,Brentford,2,0,0.27782,0.43864,0.04204
14025168,2025-12-06,2025-2026,Leeds United,Liverpool,3,3,-0.31591,1.08024,-1.1933
14025159,2025-12-07,2025-2026,Brighton & Hove Albion,West Ham United,1,1,0.55062,-0.06533,0.81879
14025165,2025-12-07,2025-2026,Fulham,Crystal Palace,1,2,0.25187,0.51645,-0.06173
14912436,2025-12-08,2025-2026,Wolverhampton Wanderers,Manchester United,1,4,-0.34123,0.37234,-0.51072
14025198,2025-12-13,2025-2026,Liverpool,Brighton & Hove Albion,2,0,1.04463,0.52438,0.7231
14025192,2025-12-13,2025-2026,Chelsea,Everton,2,0,0.78995,0.37918,0.61362
14025189,2025-12-13,2025-2026,Burnley,Fulham,2,3,-0.43835,0.22253,-0.45804
14025183,2025-12-13,2025-2026,Arsenal,Wolverhampton Wanderers,2,1,1.3594,-0.39157,1.95382
14025210,2025-12-14,2025-2026,West Ham United,Aston Villa,2,3,-0.0397,0.72483,-0.56168
14025195,2025-12-14,2025-2026,Crystal Palace,Manchester City,0,3,0.54524,1.51048,-0.76239
14025204,2025-12-14,2025-2026,Nottingham Forest,Tottenham Hotspur,3,0,0.08274,0.32424,-0.03865
14025207,2025-12-14,2025-2026,Sunderland,Newcastle United,1,0,-0.33081,0.72423,-0.8522
14025186,2025-12-14,2025-2026,Brentford,Leeds United,1,1,0.39288,-0.28079,0.87652
15035359,2025-12-15,2025-2026,Manchester United,Bournemouth,4,4,0.42243,0.23107,0.39421
14025228,2025-12-20,2025-2026,Newcastle United,Chelsea,2,2,0.67877,0.82873,0.05289
14025226,2025-12-20,2025-2026,Manchester City,West Ham United,3,0,1.5596,-0.0546,1.81705
14025232,2025-12-20,2025-2026,Wolverhampton Wanderers,Brentford,0,2,-0.36242,0.3651,-0.52467
14025218,2025-12-20,2025-2026,Brighton & Hove Albion,Sunderland,0,0,0.4873,-0.28551,0.97566
14025213,2025-12-20,2025-2026,Bournemouth,Burnley,1,1,0.24469,-0.45655,0.90409
14025230,2025-12-20,2025-2026,Tottenham Hotspur,Liverpool,1,2,0.27224,1.08141,-0.60632
14025220,2025-12-20,2025-2026,Everton,Arsenal,0,1,0.34096,1.32967,-0.78586
14025224,2025-12-20,2025-2026,Leeds United,Crystal Palace,4,1,-0.25263,0.49648,-0.54626
14025216,2025-12-21,2025-2026,Aston Villa,Manchester United,2,1,0.7402,0.40896,0.53409
14907281,2025-12-22,2025-2026,Fulham,Nottingham Forest,1,0,0.24041,0.13526,0.308
14025246,2025-12-26,2025-2026,Manchester United,Newcastle United,1,0,0.393,0.67692,-0.08107
14025248,2025-12-27,2025-2026,Nottingham Forest,Manchester City,1,2,0.11314,1.59451,-1.27852
14025236,2025-12-27,2025-2026,Brentford,Bournemouth,4,1,0.40507,0.21622,0.3917
14025252,2025-12-27,2025-2026,West Ham United,Fulham,0,1,-0.08969,0.26311,-0.14995
14025244,2025-12-27,2025-2026,Liverpool,Wolverhampton Wanderers,2,1,1.09528,-0.40267,1.7008
14025234,2025-12-27,2025-2026,Arsenal,Brighton & Hove Albion,2,1,1.33678,0.45705,1.08258
14025238,2025-12-27,2025-2026,Burnley,Everton,0,0,-0.42828,0.33352,-0.55895
14025240,2025-12-27,2025-2026,Chelsea,Aston Villa,1,2,0.83101,0.756,0.27787
14025250,2025-12-28,2025-2026,Sunderland,Leeds United,1,1,-0.25475,-0.19907,0.14718
14025242,2025-12-28,2025-2026,Crystal Palace,Tottenham Hotspur,0,1,0.44237,0.25877,0.38645
14025272,2025-12-30,2025-2026,West Ham United,Brighton & Hove Albion,2,2,-0.11706,0.45996,-0.37417
14025258,2025-12-30,2025-2026,Burnley,Newcastle United,1,3,-0.40935,0.64384,-0.85034
14025260,2025-12-30,2025-2026,Chelsea,Bournemouth,2,2,0.7938,0.16471,0.83194
14025268,2025-12-30,2025-2026,Nottingham Forest,Everton,0,2,0.12287,0.31458,0.01113
14025254,2025-12-30,2025-2026,Arsenal,Aston Villa,4,1,1.33387,0.79321,0.74351
14025266,2025-12-30,2025-2026,Manchester United,Wolverhampton Wanderers,1,1,0.42607,-0.37946,1.00839
14025262,2026-01-01,2025-2026,Crystal Palace,Fulham,1,1,0.40316,0.29049,0.31552
14025264,2026-01-01,2025-2026,Liverpool,Leeds United,0,0,1.07207,-0.19389,1.46881
14025270,2026-01-01,2025-2026,Sunderland,Manchester City,0,0,-0.25993,1.58478,-1.64186
14025256,2026-01-01,2025-2026,Brentford,Tottenham Hotspur,0,0,0.45658,0.29798,0.36144
14025276,2026-01-03,2025-2026,Aston Villa,Nottingham Forest,3,1,0.74407,0.07595,0.87097
14025292,2026-01-03,2025-2026,Wolverhampton Wanderers,West Ham United,3,0,-0.34914,-0.10424,-0.04205
14025278,2026-01-03,2025-2026,Brighton & Hove Albion,Burnley,2,0,0.44678,-0.44356,1.09319
14025274,2026-01-03,2025-2026,Bournemouth,Arsenal,2,3,0.19155,1.38277,-0.98837
14025284,2026-01-04,2025-2026,Leeds United,Manchester United,1,1,-0.15319,0.39503,-0.34538
14025290,2026-01-04,2025-2026,Tottenham Hotspur,Sunderland,1,1,0.30981,-0.2172,0.72986
14025288,2026-01-04,2025-2026,Newcastle United,Crystal Palace,2,0,0.6784,0.39229,0.48896
14025280,2026-01-04,2025-2026,Everton,Brentford,2,4,0.36164,0.44417,0.12032
14025282,2026-01-04,2025-2026,Fulham,Liverpool,2,2,0.3013,1.03191,-0.52776
14025286,2026-01-04,2025-2026,Manchester City,Chelsea,1,1,1.54254,0.76722,0.97818
14025055,2026-01-06,2025-2026,West Ham United,Nottingham Forest,1,2,-0.15662,0.0418,0.00443
14025058,2026-01-07,2025-2026,Crystal Palace,Aston Villa,0,0,0.35134,0.77783,-0.22364
14025061,2026-01-07,2025-2026,Manchester City,Brighton & Hove Albion,1,1,1.51189,0.47532,1.23942
14025046,2026-01-07,2025-2026,Everton,Wolverhampton Wanderers,1,1,0.31324,-0.29661,0.81269
14025027,2026-01-07,2025-2026,Brentford,Sunderland,3,0,0.49191,-0.19315,0.88791
14025015,2026-01-07,2025-2026,Bournemouth,Tottenham Hotspur,3,2,0.19114,0.28603,0.10796
14025049,2026-01-07,2025-2026,Fulham,Chelsea,2,1,0.31926,0.79787,-0.27576
14025052,2026-01-07,2025-2026,Newcastle United,Leeds United,4,3,0.71969,-0.14133,1.06386
14025037,2026-01-07,2025-2026,Burnley,Manchester United,2,2,-0.47248,0.38304,-0.65267
14025019,2026-01-08,2025-2026,Arsenal,Liverpool,0,0,1.38372,1.01396,0.57262
14025079,2026-01-17,2025-2026,Manchester United,Manchester City,2,0,0.36128,1.47584,-0.91172
14025073,2026-01-17,2025-2026,Leeds United,Fulham,1,0,-0.13897,0.35601,-0.29213
14025076,2026-01-17,2025-2026,Liverpool,Burnley,1,1,1.03285,-0.45093,1.68663
14025070,2026-01-17,2025-2026,Chelsea,Brentford,2,0,0.76047,0.53972,0.4236
14025089,2026-01-17,2025-2026,Tottenham Hotspur,West Ham United,1,2,0.2576,-0.18757,0.64801
14025085,2026-01-17,2025-2026,Sunderland,Crystal Palace,2,1,-0.24074,0.35909,-0.39698
14025082,2026-01-17,2025-2026,Nottingham Forest,Arsenal,0,0,0.0726,1.36457,-1.08912
14025092,2026-01-18,2025-2026,Wolverhampton Wanderers,Newcastle United,0,0,-0.26996,0.71745,-0.78456
14025064,2026-01-18,2025-2026,Aston Villa,Everton,0,1,0.77046,0.28717,0.68614
15129445,2026-01-19,2025-2026,Brighton & Hove Albion,Bournemouth,1,1,0.51169,0.21931,0.49523
14025122,2026-01-24,2025-2026,West Ham United,Sunderland,3,1,-0.14509,-0.20178,0.25954
14025113,2026-01-24,2025-2026,Fulham,Brighton & Hove Albion,2,1,0.31935,0.49495,0.02725
14025116,2026-01-24,2025-2026,Manchester City,Wolverhampton Wanderers,2,0,1.42331,-0.24465,1.87081
14025104,2026-01-24,2025-2026,Burnley,Tottenham Hotspur,2,2,-0.40736,0.21478,-0.41929
14025095,2026-01-24,2025-2026,Bournemouth,Liverpool,3,2,0.23636,0.98953,-0.55032
14025107,2026-01-25,2025-2026,Crystal Palace,Chelsea,1,3,0.32022,0.80228,-0.27921
14025119,2026-01-25,2025-2026,Newcastle United,Aston Villa,0,2,0.69212,0.72713,0.16784
14025101,2026-01-25,2025-2026,Brentford,Nottingham Forest,0,2,0.49844,0.1055,0.59579
14025098,2026-01-25,2025-2026,Arsenal,Manchester United,2,3,1.33147,0.4134,1.12092
15129439,2026-01-26,2025-2026,Everton,Leeds United,1,1,0.33019,-0.1019,0.63494
14025134,2026-01-31,2025-2026,Leeds United,Arsenal,0,4,-0.08046,1.2836,-1.1612
14025152,2026-01-31,2025-2026,Wolverhampton Wanderers,Bournemouth,0,2,-0.24887,0.27778,-0.32379
14025128,2026-01-31,2025-2026,Brighton & Hove Albion,Everton,1,1,0.46459,0.30917,0.35827
14025131,2026-01-31,2025-2026,Chelsea,West Ham United,3,2,0.84651,-0.10107,1.15043
14025137,2026-01-31,2025-2026,Liverpool,Newcastle United,4,1,0.94762,0.64387,0.5066
14025140,2026-02-01,2025-2026,Manchester United,Fulham,3,2,0.46186,0.34953,0.31518
14025143,2026-02-01,2025-2026,Nottingham Forest,Crystal Palace,1,1,0.15674,0.27645,0.08315
14025125,2026-02-01,2025-2026,Aston Villa,Brentford,0,1,0.7749,0.44754,0.53021
14025149,2026-02-01,2025-2026,Tottenham Hotspur,Manchester City,2,2,0.20001,1.42781,-1.02495
15129444,2026-02-02,2025-2026,Sunderland,Burnley,3,0,-0.24535,-0.39306,0.35056
14025170,2026-02-06,2025-2026,Leeds United,Nottingham Forest,3,1,-0.13292,0.15384,-0.08391
14025176,2026-02-07,2025-2026,Manchester United,Tottenham Hotspur,2,0,0.4846,0.23144,0.45602
14025155,2026-02-07,2025-2026,Bournemouth,Aston Villa,1,1,0.32143,0.73379,-0.20951
14025167,2026-02-07,2025-2026,Fulham,Everton,1,2,0.32738,0.3216,0.20863
14025158,2026-02-07,2025-2026,Arsenal,Sunderland,3,0,1.33495,-0.19423,1.73203
14025182,2026-02-07,2025-2026,Wolverhampton Wanderers,Chelsea,1,3,-0.29254,0.84127,-0.93096
14025164,2026-02-07,2025-2026,Burnley,West Ham United,0,2,-0.44403,-0.09578,-0.14541
14025179,2026-02-07,2025-2026,Newcastle United,Brentford,2,3,0.59297,0.48912,0.3067
14025161,2026-02-08,2025-2026,Brighton & Hove Albion,Crystal Palace,0,1,0.45216,0.27938,0.37563
14025173,2026-02-08,2025-2026,Liverpool,Manchester City,1,2,0.99854,1.39603,-0.19464
14025200,2026-02-10,2025-2026,Tottenham Hotspur,Newcastle United,1,2,0.19045,0.55562,-0.16232
14025191,2026-02-10,2025-2026,Everton,Bournemouth,1,2,0.35666,0.3287,0.23081
14025188,2026-02-10,2025-2026,Chelsea,Leeds United,2,2,0.87365,-0.08534,1.16185
14025203,2026-02-10,2025-2026,West Ham United,Manchester United,1,1,-0.05002,0.52593,-0.3731
14025212,2026-02-11,2025-2026,Manchester City,Fulham,3,0,1.42231,0.29194,1.33323
14025209,2026-02-11,2025-2026,Crystal Palace,Burnley,2,3,0.31746,-0.48938,1.00969
14025206,2026-02-11,2025-2026,Aston Villa,Brighton & Hove Albion,1,0,0.72605,0.41357,0.51534
14025194,2026-02-11,2025-2026,Nottingham Forest,Wolverhampton Wanderers,0,0,0.10624,-0.32497,0.63407
14025197,2026-02-11,2025-2026,Sunderland,Liverpool,0,1,-0.23026,0.97266,-1.00007
14025185,2026-02-12,2025-2026,Brentford,Arsenal,1,1,0.52545,1.37157,-0.64326
14025018,2026-02-18,2025-2026,Wolverhampton Wanderers,Arsenal,2,2,-0.30434,1.35006,-1.45155
14025215,2026-02-21,2025-2026,Aston Villa,Leeds United,1,1,0.74264,-0.05049,0.99598
14024007,2026-02-21,2025-2026,Chelsea,Burnley,1,1,0.8388,-0.44195,1.48361
14024006,2026-02-21,2025-2026,Brentford,Brighton & Hove Albion,0,2,0.54697,0.39698,0.35283
14023969,2026-02-21,2025-2026,West Ham United,Bournemouth,0,0,-0.03709,0.36498,-0.19922
14024010,2026-02-21,2025-2026,Manchester City,Newcastle United,2,1,1.46586,0.58267,1.08604
14024013,2026-02-22,2025-2026,Nottingham Forest,Liverpool,0,1,0.08501,0.97266,-0.6848
14024011,2026-02-22,2025-2026,Sunderland,Fulham,1,3,-0.23026,0.24839,-0.2758
14024008,2026-02-22,2025-2026,Crystal Palace,Wolverhampton Wanderers,1,0,0.27003,-0.26445,0.73733
14024012,2026-02-22,2025-2026,Tottenham Hotspur,Arsenal,1,4,0.16341,1.30973,-0.94347
15238290,2026-02-23,2025-2026,Everton,Manchester United,0,1,0.32038,0.513,0.01022
14023979,2026-02-27,2025-2026,Wolverhampton Wanderers,Aston Villa,2,0,-0.2731,0.71189,-0.78214
14023970,2026-02-28,2025-2026,Bournemouth,Sunderland,1,1,0.35775,-0.27407,0.83467
14023977,2026-02-28,2025-2026,Newcastle United,Everton,2,3,0.58495,0.2893,0.4985
14023976,2026-02-28,2025-2026,Liverpool,West Ham United,5,2,0.98323,-0.03017,1.21626
14023975,2026-02-28,2025-2026,Burnley,Brentford,3,4,-0.40258,0.49741,-0.69714
14023974,2026-02-28,2025-2026,Leeds United,Manchester City,0,1,-0.01961,1.46285,-1.27961
14023972,2026-03-01,2025-2026,Brighton & Hove Albion,Nottingham Forest,2,1,0.44628,0.07415,0.57498
14023973,2026-03-01,2025-2026,Fulham,Tottenham Hotspur,2,1,0.29229,0.11609,0.37905
14023978,2026-03-01,2025-2026,Manchester United,Crystal Palace,2,1,0.54469,0.27912,0.46842
14023971,2026-03-01,2025-2026,Arsenal,Chelsea,2,1,1.35814,0.79841,0.76258
14023982,2026-03-03,2025-2026,Leeds United,Sunderland,0,1,-0.00985,-0.24711,0.44011
14023980,2026-03-03,2025-2026,Bournemouth,Brentford,0,0,0.33079,0.50797,0.02566
14023941,2026-03-03,2025-2026,Everton,Burnley,2,0,0.32958,-0.413,0.94544
14023985,2026-03-03,2025-2026,Wolverhampton Wanderers,Liverpool,2,1,-0.22085,1.02777,-1.04577
14023947,2026-03-04,2025-2026,Fulham,West Ham United,0,1,0.31313,-0.0752,0.59118
14023984,2026-03-04,2025-2026,Manchester City,Nottingham Forest,2,2,1.45316,0.05951,1.59651
14023933,2026-03-04,2025-2026,Brighton & Hove Albion,Arsenal,0,1,0.46093,1.36636,-0.70258
14023986,2026-03-04,2025-2026,Aston Villa,Chelsea,1,4,0.65988,0.79009,0.07264
14023983,2026-03-04,2025-2026,Newcastle United,Manchester United,2,1,0.54387,0.56256,0.18416
14023981,2026-03-05,2025-2026,Tottenham Hotspur,Crystal Palace,1,3,0.09495,0.26104,0.03675
14023996,2026-03-14,2025-2026,Sunderland,Brighton & Hove Albion,0,1,-0.2082,0.45067,-0.45602
14023988,2026-03-14,2025-2026,Burnley,Bournemouth,0,0,-0.44525,0.32989,-0.57229
14023987,2026-03-14,2025-2026,Arsenal,Everton,2,0,1.37671,0.3617,1.21786
14023990,2026-03-14,2025-2026,Chelsea,Newcastle United,0,1,0.84233,0.57003,0.47515
14023993,2026-03-14,2025-2026,West Ham United,Manchester City,1,1,-0.03261,1.41107,-1.24082
14023994,2026-03-15,2025-2026,Manchester United,Aston Villa,3,1,0.5366,0.60727,0.13218
14023991,2026-03-15,2025-2026,Crystal Palace,Leeds United,0,0,0.30849,-0.04954,0.56088
14023995,2026-03-15,2025-2026,Nottingham Forest,Fulham,0,0,0.10164,0.2711,0.03339
14023992,2026-03-15,2025-2026,Liverpool,Tottenham Hotspur,1,1,0.98103,0.0478,1.13608
15408501,2026-03-16,2025-2026,Brentford,Wolverhampton Wanderers,2,2,0.5082,-0.17362,0.88468
14023997,2026-03-20,2025-2026,Bournemouth,Manchester United,2,2,0.31075,0.58208,-0.06849
14024015,2026-03-21,2025-2026,Brighton & Hove Albion,Liverpool,2,1,0.46882,0.9471,-0.27543
14024016,2026-03-21,2025-2026,Fulham,Burnley,3,1,0.2718,-0.42611,0.90077
14024017,2026-03-21,2025-2026,Everton,Chelsea,3,0,0.33681,0.80208,-0.26242
14024018,2026-03-21,2025-2026,Leeds United,Brentford,0,0,-0.03119,0.48024,-0.30858
14024014,2026-03-22,2025-2026,Aston Villa,West Ham United,2,0,0.56121,0.00347,0.76059
14024020,2026-03-22,2025-2026,Tottenham Hotspur,Nottingham Forest,0,3,0.08119,0.10048,0.18356
