Date,HomeTeam,AwayTeam,B365H,B365D,B365A,BWH,BWD,BWA,LBH,LBD,LBA,PSH,PSD,PSA,PSCH,PSCD,PSCA,source_file,IWH,IWD,IWA,WHH,WHD,WHA,VCH,VCD,VCA,BbMxH,BbAvH,BbMxD,BbAvD,BbMxA,BbAvA,BbMx>2.5,BbAv>2.5,BbMx<2.5,BbAv<2.5,SJH,SJD,SJA
2015-08-08,Bournemouth,Aston Villa,2.0,3.6,4.0,2.0,3.3,3.7,2.05,3.3,4.0,1.95,3.65,4.27,1.82,3.88,4.7,E0 (11).csv,2.1,3.3,3.3,1.91,3.5,4.0,2.0,3.5,4.2,2.1,1.96,3.65,3.48,4.33,3.98,2.11,2.02,1.88,1.79,,,
2015-08-08,Norwich,Crystal Palace,2.55,3.3,3.0,2.6,3.2,2.7,2.62,3.2,2.9,2.52,3.35,3.08,2.46,3.39,3.14,E0 (11).csv,2.4,3.2,2.85,2.6,3.1,2.88,2.6,3.25,3.0,2.63,2.53,3.42,3.21,3.11,2.92,2.25,2.18,1.75,1.67,,,
2015-08-08,Man United,Tottenham,1.65,4.0,6.0,1.65,4.0,5.5,1.67,4.0,5.5,1.65,4.09,5.9,1.64,4.07,6.04,E0 (11).csv,1.65,3.6,5.1,1.62,3.6,6.0,1.67,4.0,5.75,1.71,1.63,4.2,3.9,6.5,5.65,1.86,1.79,2.13,2.01,,,
2015-08-08,Chelsea,Swansea,1.36,5.0,11.0,1.4,4.75,9.0,1.4,4.5,10.0,1.39,4.92,10.39,1.37,5.04,10.88,E0 (11).csv,1.33,4.8,8.3,1.4,4.0,10.0,1.4,5.0,9.5,1.43,1.37,5.0,4.66,11.26,9.57,1.88,1.8,2.07,1.99,,,
2015-08-08,Everton,Watford,1.7,3.9,5.5,1.7,3.5,5.0,1.75,3.8,5.0,1.7,3.95,5.62,1.75,3.76,5.44,E0 (11).csv,1.7,3.6,4.7,1.73,3.5,5.0,1.73,3.9,5.4,1.75,1.69,4.0,3.76,5.77,5.25,1.93,1.84,2.03,1.96,,,
2015-08-08,Leicester,Sunderland,1.95,3.5,4.33,2.0,3.3,3.75,2.0,3.4,4.2,1.99,3.48,4.34,1.79,3.74,5.1,E0 (11).csv,2.0,3.3,3.6,2.0,3.1,2.7,2.0,3.4,4.33,2.03,1.96,3.5,3.37,4.52,4.06,2.27,2.18,1.73,1.67,,,
2015-08-09,Arsenal,West Ham,1.29,6.0,12.0,1.28,5.75,10.5,1.29,5.5,12.0,1.31,5.75,12.0,1.24,6.75,15.0,E0 (11).csv,1.33,4.8,8.3,1.3,5.0,11.0,1.3,5.75,12.0,1.33,1.29,6.16,5.53,12.0,10.75,1.71,1.64,2.3,2.22,,,
2015-08-09,Newcastle,Southampton,2.88,3.3,2.7,2.8,3.1,2.75,2.88,3.3,2.6,2.88,3.33,2.69,3.09,3.28,2.55,E0 (11).csv,2.65,3.3,2.5,2.7,3.1,2.7,2.88,3.25,2.7,2.88,2.79,3.47,3.23,2.76,2.63,2.23,2.14,1.8,1.7,,,
2015-08-09,Stoke,Liverpool,3.4,3.4,2.3,3.2,3.4,2.3,3.4,3.3,2.3,3.48,3.46,2.25,3.89,3.51,2.09,E0 (11).csv,2.9,3.3,2.3,3.3,3.1,2.3,3.4,3.4,2.3,3.51,3.33,3.51,3.33,2.35,2.24,2.15,2.06,1.82,1.75,,,
2015-08-10,West Brom,Man City,5.75,4.0,1.67,4.75,4.0,1.65,5.5,3.75,1.67,5.75,3.98,1.68,6.46,4.08,1.61,E0 (11).csv,5.1,3.6,1.65,5.5,3.5,1.7,5.5,4.0,1.7,6.5,5.46,4.1,3.85,1.72,1.66,1.84,1.77,2.15,2.04,,,
2015-08-14,Aston Villa,Man United,5.5,3.8,1.73,5.0,3.75,1.75,5.5,3.6,1.73,5.66,3.83,1.72,5.06,3.76,1.8,E0 (11).csv,5.0,3.6,1.67,5.5,3.6,1.75,5.5,3.8,1.75,6.0,5.37,4.0,3.67,1.76,1.71,2.19,2.11,1.79,1.71,,,
2015-08-15,Southampton,Everton,1.95,3.6,4.33,1.95,3.5,4.1,2.0,3.3,4.33,1.98,3.6,4.21,2.03,3.54,4.08,E0 (11).csv,2.1,3.2,3.4,2.0,3.25,4.0,2.0,3.5,4.33,2.1,1.95,3.68,3.45,4.5,4.09,2.23,2.16,1.76,1.68,,,
2015-08-15,Sunderland,Norwich,2.5,3.3,3.1,2.5,3.1,3.2,2.4,3.3,3.1,2.52,3.35,3.08,2.86,3.39,2.66,E0 (11).csv,2.3,3.3,2.9,2.5,3.0,3.0,2.55,3.2,3.13,2.6,2.47,3.4,3.2,3.2,3.01,2.37,2.26,1.69,1.63,,,
2015-08-15,Swansea,Newcastle,1.95,3.6,4.33,1.95,3.5,3.7,1.95,3.5,4.2,1.94,3.66,4.3,1.85,3.86,4.49,E0 (11).csv,1.9,3.45,3.8,1.95,3.2,4.33,1.95,3.6,4.33,2.01,1.92,3.7,3.51,4.33,4.11,2.01,1.94,1.96,1.86,,,
2015-08-15,Tottenham,Stoke,1.8,3.75,5.0,1.8,3.7,4.1,1.8,3.75,4.75,1.79,3.75,5.09,1.74,3.76,5.55,E0 (11).csv,1.7,3.6,4.7,1.8,3.3,5.0,1.8,3.7,5.0,1.84,1.77,3.93,3.66,5.1,4.8,2.0,1.93,1.94,1.87,,,
2015-08-15,Watford,West Brom,2.3,3.4,3.4,2.3,3.2,3.1,2.3,3.4,3.2,2.25,3.41,3.54,2.09,3.62,3.76,E0 (11).csv,2.4,3.2,2.85,2.3,3.2,3.2,2.3,3.3,3.5,2.4,2.25,3.51,3.3,3.54,3.33,2.22,2.12,1.78,1.71,,,
2015-08-15,West Ham,Leicester,2.25,3.5,3.4,2.25,3.2,3.5,2.25,3.4,3.3,2.25,3.52,3.42,2.38,3.54,3.15,E0 (11).csv,2.2,3.3,3.1,2.3,3.2,3.2,2.25,3.5,3.4,2.35,2.25,3.52,3.36,3.5,3.27,1.97,1.9,2.0,1.9,,,
2015-08-16,Man City,Chelsea,2.1,3.5,3.75,2.1,3.4,3.7,2.1,3.4,3.75,2.08,3.56,3.87,2.01,3.69,3.97,E0 (11).csv,2.1,3.3,3.3,2.15,3.2,3.6,2.1,3.5,3.9,2.17,2.09,3.56,3.4,3.9,3.66,2.05,1.98,1.88,1.82,,,
2015-08-16,Crystal Palace,Arsenal,5.25,3.9,1.73,5.0,3.75,1.75,5.0,3.75,1.75,5.34,3.97,1.72,5.4,4.08,1.69,E0 (11).csv,4.7,3.6,1.7,5.0,3.5,1.75,5.2,3.8,1.75,5.5,5.0,4.2,3.78,1.8,1.71,1.9,1.84,2.03,1.96,,,
2015-08-17,Liverpool,Bournemouth,1.45,4.75,8.0,1.48,4.75,7.25,1.45,4.5,7.5,1.44,4.74,8.6,1.54,4.37,7.07,E0 (11).csv,1.4,4.4,7.3,1.5,4.2,6.5,1.45,4.75,8.5,1.5,1.44,5.0,4.46,8.6,7.71,1.83,1.75,2.2,2.05,,,
2015-08-22,Crystal Palace,Aston Villa,1.85,3.6,4.75,1.85,3.5,4.1,1.85,3.5,4.5,1.85,3.63,4.89,1.81,3.79,4.93,E0 (11).csv,1.9,3.4,3.9,1.85,3.4,4.5,1.85,3.6,4.8,1.9,1.83,3.7,3.52,4.89,4.52,2.16,2.08,1.81,1.73,,,
2015-08-22,Leicester,Tottenham,2.63,3.6,2.75,2.65,3.3,2.65,2.7,3.4,2.7,2.69,3.52,2.75,2.61,3.5,2.85,E0 (11).csv,2.6,3.2,2.6,2.7,3.1,2.7,2.7,3.5,2.7,2.8,2.63,3.6,3.38,2.8,2.67,1.88,1.78,2.09,1.97,,,
2015-08-22,Man United,Newcastle,1.36,5.25,10.0,1.36,5.0,9.25,1.36,5.0,9.5,1.39,5.15,9.62,1.34,5.44,11.12,E0 (11).csv,1.35,4.8,7.6,1.36,5.0,8.0,1.36,5.0,10.5,1.4,1.36,5.25,4.91,10.5,8.9,1.81,1.74,2.15,2.06,,,
2015-08-22,Norwich,Stoke,2.3,3.3,3.5,2.35,3.2,3.0,2.4,3.3,3.2,2.34,3.39,3.37,2.15,3.42,3.82,E0 (11).csv,2.4,3.2,2.85,2.3,3.2,3.1,2.38,3.3,3.4,2.4,2.3,3.4,3.27,3.5,3.22,2.22,2.14,1.76,1.69,,,
2015-08-22,Sunderland,Swansea,4.0,3.4,2.1,3.5,3.25,2.1,4.0,3.25,2.1,3.79,3.45,2.14,3.91,3.55,2.07,E0 (11).csv,3.3,3.3,2.1,3.75,3.2,2.1,4.0,3.3,2.1,4.1,3.74,3.6,3.33,2.14,2.07,2.25,2.18,1.74,1.67,,,
2015-08-22,West Ham,Bournemouth,2.38,3.4,3.2,2.35,3.4,3.1,2.38,3.4,3.2,2.43,3.44,3.15,2.64,3.51,2.81,E0 (11).csv,2.2,3.2,3.2,2.4,3.1,3.1,2.38,3.4,3.2,2.41,2.34,3.5,3.35,3.3,3.09,1.98,1.9,1.96,1.89,,,
2015-08-23,Everton,Man City,5.0,4.0,1.73,4.4,3.75,1.73,5.0,4.0,1.73,4.85,4.08,1.76,5.47,4.1,1.68,E0 (11).csv,4.7,3.6,1.7,5.0,3.5,1.75,5.0,4.0,1.75,5.0,4.72,4.2,3.92,1.77,1.73,1.73,1.66,2.3,2.2,,,
2015-08-23,Watford,Southampton,2.8,3.3,2.75,2.65,3.25,2.6,2.75,3.3,2.7,2.76,3.36,2.78,2.76,3.34,2.79,E0 (11).csv,2.6,3.2,2.6,2.7,3.1,2.7,2.8,3.3,2.75,2.8,2.7,3.5,3.25,2.8,2.7,2.2,2.13,1.78,1.7,,,
2015-08-23,West Brom,Chelsea,6.5,4.0,1.62,5.25,3.8,1.62,6.0,3.75,1.67,6.25,3.93,1.65,7.25,4.12,1.56,E0 (11).csv,5.1,3.6,1.65,6.0,3.4,1.67,6.25,3.9,1.65,6.5,5.93,4.2,3.79,1.67,1.62,2.15,2.07,1.8,1.74,,,
2015-08-24,Arsenal,Liverpool,1.75,4.0,5.0,1.75,3.75,5.0,1.75,3.75,5.0,1.74,4.0,5.12,1.8,4.05,4.6,E0 (11).csv,1.8,3.5,4.2,1.73,3.5,5.0,1.73,4.0,5.2,1.8,1.72,4.0,3.82,5.2,4.9,1.84,1.77,2.15,2.02,,,
2015-08-29,Tottenham,Everton,2.0,3.5,4.2,1.95,3.4,3.75,2.0,3.5,4.0,1.97,3.72,4.09,2.1,3.55,3.81,E0 (11).csv,2.0,3.3,3.6,2.0,3.25,4.0,1.93,3.7,4.2,2.0,1.94,3.72,3.53,4.33,3.98,1.89,1.83,2.05,1.96,,,
2015-08-29,Newcastle,Arsenal,6.0,4.2,1.62,5.5,3.75,1.62,5.5,4.0,1.67,6.13,4.21,1.61,5.81,4.48,1.6,E0 (11).csv,5.0,3.9,1.6,6.0,3.6,1.62,6.25,4.2,1.6,6.25,5.7,4.21,3.99,1.7,1.61,1.87,1.8,2.1,2.0,,,
2015-08-29,Stoke,West Brom,1.95,3.4,4.5,1.95,3.3,4.0,2.0,3.4,4.0,1.95,3.5,4.5,2.16,3.27,3.98,E0 (11).csv,2.0,3.3,3.6,1.95,3.25,4.2,1.93,3.5,4.6,2.0,1.93,3.5,3.39,4.6,4.22,2.31,2.23,1.71,1.64,,,
2015-08-29,Man City,Watford,1.2,8.0,15.0,1.2,7.0,10.5,1.22,7.0,13.0,1.19,8.0,17.75,1.22,7.05,16.5,E0 (11).csv,1.2,5.8,13.0,1.22,6.0,13.0,1.2,8.0,15.0,1.25,1.19,8.0,7.15,17.75,14.45,1.4,1.37,3.15,2.98,,,
2015-08-29,Chelsea,Crystal Palace,1.36,5.0,11.0,1.36,4.75,7.75,1.36,5.0,10.0,1.37,5.26,10.17,1.37,5.1,10.31,E0 (11).csv,1.33,4.8,8.3,1.36,4.5,9.5,1.36,5.0,10.5,1.4,1.35,5.26,4.94,11.0,9.38,1.75,1.68,2.25,2.15,,,
2015-08-29,Bournemouth,Leicester,2.2,3.6,3.4,2.2,3.3,3.2,2.2,3.4,3.4,2.15,3.63,3.57,2.06,3.65,3.82,E0 (11).csv,2.2,3.2,3.2,2.2,3.2,3.4,2.15,3.5,3.6,2.25,2.14,3.63,3.48,3.6,3.38,1.91,1.86,2.03,1.94,,,
2015-08-29,Aston Villa,Sunderland,1.91,3.5,4.75,1.91,3.6,4.4,1.95,3.5,4.2,1.93,3.51,4.62,2.12,3.31,4.07,E0 (11).csv,1.9,3.45,3.8,1.91,3.2,4.5,1.95,3.4,4.6,1.95,1.89,3.7,3.42,4.75,4.38,2.34,2.22,1.7,1.64,,,
2015-08-29,Liverpool,West Ham,1.36,5.5,9.0,1.36,5.0,7.25,1.4,5.0,9.0,1.36,5.28,10.21,1.37,5.28,9.74,E0 (11).csv,1.4,4.4,7.3,1.36,4.5,9.5,1.36,5.4,9.5,1.4,1.36,5.5,4.99,10.21,9.06,1.74,1.68,2.3,2.17,,,
2015-08-30,Southampton,Norwich,2.05,3.5,4.0,2.05,3.4,3.5,2.05,3.4,3.8,2.05,3.54,4.0,2.11,3.4,3.95,E0 (11).csv,1.9,3.45,3.8,2.05,3.25,3.8,2.05,3.5,4.0,2.07,2.01,3.6,3.44,4.1,3.82,2.1,2.01,1.85,1.79,,,
2015-08-30,Swansea,Man United,3.6,3.3,2.25,3.2,3.2,2.25,3.4,3.3,2.25,3.55,3.45,2.23,3.82,3.41,2.15,E0 (11).csv,3.2,3.2,2.2,3.5,3.0,2.25,3.6,3.4,2.2,3.7,3.42,3.5,3.31,2.27,2.19,2.2,2.08,1.83,1.74,,,
2015-09-12,West Brom,Southampton,3.2,3.2,2.5,2.8,3.2,2.5,3.2,3.1,2.5,3.21,3.26,2.49,3.25,3.38,2.4,E0 (11).csv,2.65,3.3,2.5,3.1,3.0,2.5,3.3,3.2,2.45,3.24,3.09,3.3,3.16,2.5,2.45,2.49,2.35,1.65,1.58,,,
2015-09-12,Watford,Swansea,2.75,3.4,2.75,2.7,3.2,2.7,2.75,3.25,2.75,2.75,3.34,2.8,2.62,3.39,2.92,E0 (11).csv,2.6,3.2,2.6,2.75,3.0,2.75,2.7,3.3,2.88,2.77,2.68,3.4,3.23,2.9,2.74,2.24,2.13,1.76,1.7,,,
2015-09-12,Norwich,Bournemouth,2.4,3.4,3.2,2.4,3.4,2.75,2.4,3.4,3.1,2.36,3.48,3.23,2.42,3.48,3.13,E0 (11).csv,2.3,3.3,2.9,2.4,3.1,3.1,2.4,3.4,3.2,2.41,2.33,3.51,3.36,3.23,3.11,1.98,1.91,1.99,1.89,,,
2015-09-12,Man United,Liverpool,2.0,3.4,4.33,2.0,3.2,4.33,2.0,3.4,4.2,1.94,3.49,4.56,1.94,3.41,4.7,E0 (11).csv,1.85,3.45,4.0,1.95,3.4,4.5,1.95,3.5,4.33,2.0,1.93,3.55,3.41,4.59,4.27,2.22,2.13,1.77,1.7,,,
2015-09-12,Everton,Chelsea,4.0,3.6,2.0,3.75,3.5,2.0,4.0,3.4,2.0,4.11,3.57,2.01,3.56,3.51,2.2,E0 (11).csv,3.6,3.3,2.0,4.0,3.1,2.05,4.1,3.6,2.0,4.11,3.91,3.7,3.45,2.05,1.99,2.05,1.99,1.89,1.82,,,
2015-09-12,Crystal Palace,Man City,5.5,4.2,1.67,5.25,3.9,1.67,5.25,4.0,1.67,5.75,4.16,1.65,4.95,3.89,1.78,E0 (11).csv,5.4,3.7,1.6,5.5,3.8,1.62,5.5,4.2,1.65,6.0,5.44,4.25,4.05,1.67,1.62,1.67,1.63,2.35,2.27,,,
2015-09-12,Arsenal,Stoke,1.29,6.0,12.0,1.3,5.5,9.75,1.3,5.5,12.0,1.28,6.12,13.0,1.3,6.3,11.0,E0 (11).csv,1.3,5.0,9.0,1.3,5.0,11.0,1.3,5.75,12.0,1.3,1.27,6.13,5.71,13.0,11.27,1.68,1.63,2.33,2.25,,,
2015-09-13,Leicester,Aston Villa,1.91,3.75,4.33,1.91,3.4,4.0,1.85,3.6,4.5,1.86,3.74,4.62,1.88,3.78,4.47,E0 (11).csv,1.85,3.45,4.0,1.91,3.3,4.33,1.87,3.7,4.6,1.95,1.86,3.8,3.58,4.62,4.32,2.0,1.91,1.95,1.89,,,
2015-09-13,Sunderland,Tottenham,4.33,3.6,1.95,3.75,3.4,1.95,4.0,3.6,1.95,4.32,3.65,1.94,4.26,3.69,1.94,E0 (11).csv,3.6,3.3,2.0,4.2,3.25,1.95,4.4,3.6,1.93,4.41,4.14,3.65,3.49,2.0,1.92,2.01,1.95,1.92,1.85,,,
2015-09-14,West Ham,Newcastle,2.25,3.5,3.4,2.25,3.4,3.0,2.25,3.4,3.4,2.23,3.53,3.48,2.09,3.63,3.77,E0 (11).csv,2.1,3.3,3.3,2.25,3.1,3.4,2.25,3.5,3.4,2.27,2.19,3.6,3.41,3.48,3.33,1.95,1.89,1.97,1.91,,,
2015-09-19,Swansea,Everton,2.3,3.4,3.4,2.3,3.2,3.1,2.25,3.4,3.4,2.3,3.44,3.4,2.21,3.45,3.61,E0 (11).csv,2.3,3.2,3.0,2.3,3.2,3.2,2.25,3.4,3.4,2.34,2.26,3.47,3.33,3.41,3.27,2.08,2.03,1.87,1.78,,,
2015-09-19,Stoke,Leicester,2.5,3.4,3.0,2.5,3.2,2.8,2.5,3.4,3.0,2.47,3.41,3.1,2.99,3.45,2.53,E0 (11).csv,2.4,3.2,2.85,2.5,3.0,3.0,2.45,3.4,3.13,2.5,2.43,3.42,3.3,3.13,2.98,2.09,2.03,1.84,1.77,,,
2015-09-19,Newcastle,Watford,2.5,3.3,3.1,2.5,3.2,2.8,2.45,3.4,3.1,2.54,3.36,3.04,2.16,3.47,3.73,E0 (11).csv,2.4,3.3,2.75,2.5,3.2,2.9,2.5,3.3,3.13,2.55,2.47,3.48,3.25,3.13,2.97,2.25,2.17,1.74,1.68,,,
2015-09-19,Aston Villa,West Brom,2.3,3.25,3.5,2.3,3.1,3.25,2.3,3.25,3.3,2.32,3.23,3.57,2.4,3.18,3.46,E0 (11).csv,2.3,3.2,3.0,2.3,3.2,3.2,2.3,3.2,3.6,2.33,2.28,3.27,3.2,3.6,3.36,2.48,2.37,1.61,1.57,,,
2015-09-19,Chelsea,Arsenal,2.45,3.5,3.0,2.4,3.5,3.0,2.5,3.4,3.0,2.45,3.51,3.06,2.65,3.46,2.82,E0 (11).csv,2.3,3.2,3.0,2.4,3.1,3.1,2.4,3.5,3.1,2.5,2.41,3.52,3.38,3.24,2.97,1.86,1.78,2.12,2.02,,,
2015-09-19,Bournemouth,Sunderland,1.7,4.0,5.5,1.72,3.7,4.6,1.73,3.75,5.25,1.71,3.99,5.35,1.57,4.75,5.75,E0 (11).csv,1.75,3.5,4.5,1.73,3.6,5.0,1.7,3.9,5.5,1.75,1.7,4.0,3.79,5.5,5.14,1.93,1.87,2.03,1.93,,,
2015-09-19,Man City,West Ham,1.29,6.5,11.0,1.28,6.0,10.5,1.25,6.5,12.0,1.27,6.45,12.78,1.29,6.2,11.5,E0 (11).csv,1.25,5.5,10.3,1.29,5.0,12.0,1.25,6.5,13.0,1.29,1.26,6.57,6.08,13.0,11.33,1.461,1.44,2.88,2.71,,,
2015-09-20,Liverpool,Norwich,1.67,4.0,5.75,1.67,3.8,5.5,1.67,3.8,5.5,1.68,3.94,5.81,1.59,4.23,6.5,E0 (11).csv,1.55,3.9,5.6,1.67,3.6,5.5,1.67,4.0,5.75,1.68,1.64,4.1,3.86,6.0,5.54,1.92,1.86,2.03,1.93,,,
2015-09-20,Southampton,Man United,3.1,3.3,2.5,3.2,3.2,2.4,3.1,3.2,2.5,3.22,3.3,2.46,3.45,3.28,2.35,E0 (11).csv,3.0,3.2,2.3,3.0,3.0,2.5,3.2,3.2,2.5,3.25,3.06,3.32,3.19,2.5,2.44,2.36,2.28,1.67,1.62,,,
2015-09-20,Tottenham,Crystal Palace,2.0,3.6,4.0,2.0,3.4,3.6,2.0,3.5,4.0,1.99,3.61,4.15,1.94,3.78,4.15,E0 (11).csv,1.85,3.45,4.0,1.95,3.5,3.8,2.0,3.6,4.0,2.02,1.97,3.72,3.48,4.33,3.95,1.97,1.91,1.96,1.89,,,
2015-09-26,Leicester,Arsenal,4.5,4.0,1.8,4.0,3.8,1.85,4.33,3.75,1.83,4.55,3.97,1.83,4.76,4.03,1.78,E0 (11).csv,3.8,3.45,1.9,4.0,3.75,1.85,4.4,3.9,1.85,4.56,4.26,4.01,3.81,1.9,1.82,1.75,1.67,2.3,2.18,,,
2015-09-26,Liverpool,Aston Villa,1.53,4.33,7.0,1.53,4.2,6.5,1.53,4.0,7.0,1.53,4.28,7.48,1.5,4.42,7.79,E0 (11).csv,1.5,4.0,6.1,1.53,3.8,7.0,1.55,4.1,7.5,1.56,1.52,4.4,4.13,7.5,6.81,2.05,1.95,1.95,1.84,,,
2015-09-26,Man United,Sunderland,1.2,7.5,16.0,1.22,6.5,13.0,1.22,6.5,13.0,1.23,6.9,16.7,1.22,7.7,13.75,E0 (11).csv,1.2,5.8,13.0,1.22,6.0,13.0,1.22,7.0,15.0,1.24,1.21,7.5,6.57,16.7,13.85,1.61,1.56,2.55,2.38,,,
2015-09-26,Newcastle,Chelsea,6.0,4.2,1.62,5.75,3.9,1.62,6.0,4.0,1.62,5.98,4.16,1.63,5.8,4.24,1.63,E0 (11).csv,5.4,3.7,1.6,6.0,3.6,1.62,6.0,4.0,1.65,6.1,5.62,4.2,3.94,1.67,1.62,1.88,1.81,2.09,1.99,,,
2015-09-26,Southampton,Swansea,2.05,3.4,4.2,2.05,3.25,3.6,2.05,3.4,3.8,2.04,3.51,4.07,1.85,3.71,4.79,E0 (11).csv,2.2,3.2,3.2,2.05,3.1,4.0,2.1,3.3,4.1,2.2,2.03,3.51,3.37,4.2,3.86,2.25,2.16,1.79,1.68,,,
2015-09-26,Stoke,Bournemouth,2.55,3.3,3.0,2.5,3.3,2.75,2.5,3.3,2.88,2.47,3.46,3.06,2.43,3.49,3.1,E0 (11).csv,2.5,3.2,2.75,2.5,3.1,3.0,2.55,3.3,3.0,2.6,2.48,3.53,3.31,3.06,2.9,2.1,2.02,1.86,1.78,,,
2015-09-26,West Ham,Norwich,2.25,3.5,3.4,2.25,3.25,3.1,2.2,3.4,3.4,2.22,3.54,3.49,2.25,3.49,3.45,E0 (11).csv,2.1,3.3,3.3,2.3,3.2,3.2,2.25,3.5,3.4,2.3,2.22,3.54,3.4,3.52,3.28,1.96,1.9,1.96,1.89,,,
2015-09-26,Tottenham,Man City,4.2,3.8,1.91,4.0,3.6,1.91,4.2,3.75,1.9,4.03,3.82,1.96,3.49,3.51,2.23,E0 (11).csv,3.6,3.3,2.0,4.0,3.4,1.95,4.0,3.8,1.95,4.3,3.94,3.82,3.62,2.0,1.93,1.78,1.72,2.19,2.11,,,
2015-09-27,Watford,Crystal Palace,2.5,3.3,3.1,2.5,3.2,2.8,2.5,3.3,2.9,2.49,3.36,3.12,2.61,3.38,2.93,E0 (11).csv,2.5,3.2,2.75,2.5,3.1,3.0,2.7,3.13,3.0,2.7,2.48,3.4,3.25,3.12,2.96,2.2,2.13,1.76,1.71,,,
2015-09-28,West Brom,Everton,3.1,3.3,2.5,2.8,3.25,2.45,3.0,3.25,2.5,3.06,3.39,2.51,3.02,3.36,2.55,E0 (11).csv,2.85,3.2,2.4,3.1,3.0,2.5,3.1,3.3,2.5,3.1,2.98,3.4,3.25,2.55,2.47,2.34,2.23,1.71,1.64,,,
2015-10-03,Aston Villa,Stoke,2.5,3.3,3.1,2.5,3.25,2.95,2.5,3.3,3.0,2.5,3.34,3.11,2.71,3.25,2.91,E0 (11).csv,2.4,3.3,2.75,2.5,3.2,2.9,2.5,3.3,3.13,2.55,2.47,3.4,3.23,3.13,2.99,2.28,2.19,1.73,1.67,,,
2015-10-03,Bournemouth,Watford,2.1,3.5,3.8,2.1,3.25,3.5,2.15,3.4,3.6,2.13,3.54,3.72,2.21,3.34,3.72,E0 (11).csv,2.1,3.3,3.3,2.15,3.0,3.75,2.1,3.5,3.8,2.15,2.1,3.6,3.39,3.8,3.62,2.07,2.0,1.91,1.8,,,
2015-10-03,Chelsea,Southampton,1.83,3.7,4.8,1.83,3.6,4.5,1.8,3.75,4.5,1.83,3.76,4.84,1.79,3.9,4.89,E0 (11).csv,1.7,3.6,4.7,1.83,3.2,4.8,1.83,3.75,4.75,1.87,1.8,3.8,3.63,5.25,4.61,1.95,1.88,2.0,1.91,,,
2015-10-03,Crystal Palace,West Brom,1.83,3.6,5.0,1.8,3.4,4.5,1.85,3.5,4.75,1.84,3.65,4.93,1.83,3.64,5.0,E0 (11).csv,1.8,3.5,4.2,1.85,3.1,5.0,1.85,3.5,5.0,1.87,1.81,3.7,3.49,5.05,4.74,2.25,2.14,1.77,1.7,,,
2015-10-03,Man City,Newcastle,1.25,7.0,13.0,1.25,6.25,11.5,1.25,6.5,13.0,1.24,6.9,13.8,1.22,7.3,14.85,E0 (11).csv,1.25,5.5,10.3,1.25,6.0,13.0,1.22,7.0,15.0,1.26,1.23,7.25,6.59,15.0,12.3,1.47,1.41,3.0,2.85,,,
2015-10-03,Norwich,Leicester,2.3,3.5,3.3,2.3,3.1,3.2,2.25,3.4,3.3,2.26,3.63,3.31,2.33,3.44,3.34,E0 (11).csv,2.3,3.3,2.9,2.25,3.4,3.1,2.3,3.6,3.2,2.3,2.25,3.63,3.46,3.31,3.15,1.86,1.74,2.18,2.08,,,
2015-10-03,Sunderland,West Ham,3.2,3.4,2.4,3.1,3.2,2.3,3.1,3.4,2.4,3.13,3.46,2.43,3.03,3.55,2.45,E0 (11).csv,2.9,3.3,2.3,2.9,3.4,2.38,3.13,3.5,2.4,3.2,3.05,3.5,3.34,2.45,2.37,2.0,1.94,1.92,1.86,,,
2015-10-04,Arsenal,Man United,2.0,3.8,3.8,2.0,3.5,3.75,2.05,3.4,3.8,2.06,3.67,3.81,2.01,3.81,3.84,E0 (11).csv,2.1,3.3,3.3,1.95,3.6,3.75,2.05,3.7,3.8,2.1,2.01,3.8,3.59,3.9,3.69,1.9,1.83,2.08,1.97,,,
2015-10-04,Everton,Liverpool,2.7,3.4,2.8,2.7,3.2,2.75,2.7,3.25,2.8,2.75,3.42,2.75,3.16,3.44,2.42,E0 (11).csv,2.6,3.2,2.6,2.75,2.8,2.9,2.7,3.4,2.8,2.8,2.66,3.47,3.27,2.9,2.74,2.05,1.98,1.88,1.82,,,
2015-10-04,Swansea,Tottenham,2.75,3.25,2.8,2.65,3.2,2.65,2.7,3.2,2.75,2.72,3.33,2.84,2.68,3.46,2.79,E0 (11).csv,2.6,3.2,2.6,2.62,3.25,2.7,2.7,3.4,2.8,2.88,2.66,3.4,3.28,2.85,2.7,2.1,1.98,1.88,1.81,,,
2015-10-17,Chelsea,Aston Villa,1.33,5.75,10.0,1.33,5.0,8.5,1.36,5.0,10.0,1.34,5.41,11.0,1.33,5.83,10.2,E0 (11).csv,1.35,4.8,7.6,1.36,4.8,8.5,1.33,5.5,10.5,1.37,1.34,5.75,5.13,11.0,9.41,1.69,1.64,2.34,2.24,,,
2015-10-17,Everton,Man United,3.25,3.4,2.38,3.0,3.3,2.4,3.25,3.25,2.38,3.23,3.4,2.4,3.29,3.48,2.33,E0 (11).csv,2.9,3.3,2.3,3.2,3.0,2.4,3.2,3.3,2.45,3.3,3.15,3.44,3.29,2.45,2.35,2.11,2.02,1.85,1.78,,,
2015-10-17,Man City,Bournemouth,1.33,5.75,10.0,1.33,5.25,8.0,1.33,5.5,10.0,1.34,5.58,10.6,1.34,5.38,10.93,E0 (11).csv,1.3,5.0,9.0,1.36,4.8,8.5,1.33,5.5,10.5,1.36,1.33,5.75,5.23,11.0,9.31,1.59,1.53,2.6,2.46,,,
2015-10-17,Southampton,Leicester,1.75,4.0,5.0,1.75,3.7,4.4,1.75,3.75,5.0,1.76,3.88,5.1,1.73,3.94,5.32,E0 (11).csv,1.8,3.5,4.2,1.8,3.25,5.0,1.75,3.9,5.0,1.8,1.75,4.0,3.75,5.12,4.71,1.82,1.75,2.17,2.06,,,
2015-10-17,Tottenham,Liverpool,2.5,3.5,3.0,2.5,3.2,2.95,2.4,3.4,2.88,2.48,3.54,2.99,2.28,3.52,3.36,E0 (11).csv,2.5,3.2,2.75,2.5,3.3,3.0,2.45,3.5,3.0,2.5,2.43,3.58,3.4,3.1,2.91,1.87,1.79,2.14,2.01,,,
2015-10-17,Watford,Arsenal,6.0,4.2,1.62,5.0,4.1,1.6,6.0,4.0,1.62,6.29,4.31,1.59,6.75,4.54,1.53,E0 (11).csv,5.0,3.9,1.6,6.0,3.6,1.62,6.25,4.2,1.6,6.5,5.76,4.33,4.06,1.62,1.59,1.79,1.72,2.23,2.1,,,
2015-10-17,West Brom,Sunderland,2.05,3.4,4.2,2.05,3.25,3.6,2.05,3.25,4.2,2.08,3.42,4.07,2.15,3.35,3.91,E0 (11).csv,1.85,3.45,4.0,2.1,3.0,4.0,2.05,3.3,4.2,2.1,2.03,3.45,3.28,4.2,3.95,2.35,2.27,1.68,1.62,,,
2015-10-17,Crystal Palace,West Ham,2.0,3.6,4.0,2.0,3.5,3.5,2.0,3.6,3.75,2.01,3.67,3.99,1.96,3.77,4.08,E0 (11).csv,1.9,3.45,3.8,2.05,3.3,3.75,2.05,3.5,4.0,2.05,1.98,3.75,3.54,4.0,3.8,1.96,1.9,2.0,1.9,,,
2015-10-18,Newcastle,Norwich,2.6,3.4,2.88,2.6,3.3,2.6,2.62,3.4,2.8,2.58,3.44,2.93,2.48,3.54,2.99,E0 (11).csv,2.5,3.3,2.65,2.62,3.1,2.8,2.6,3.4,2.88,2.62,2.54,3.51,3.33,2.93,2.8,1.97,1.89,1.98,1.91,,,
2015-10-19,Swansea,Stoke,2.05,3.4,4.2,2.05,3.2,3.75,2.05,3.4,4.0,2.08,3.41,4.06,1.88,3.66,4.62,E0 (11).csv,2.0,3.3,3.6,2.05,3.1,4.0,2.05,3.4,4.1,2.1,2.03,3.5,3.33,4.2,3.88,2.28,2.17,1.72,1.67,,,
2015-10-24,Leicester,Crystal Palace,2.2,3.6,3.4,2.25,3.3,3.1,2.25,3.4,3.3,2.21,3.56,3.48,2.17,3.57,3.58,E0 (11).csv,2.2,3.2,3.2,2.3,2.9,3.5,2.2,3.6,3.4,2.3,2.21,3.6,3.41,3.52,3.31,1.79,1.74,2.16,2.08,,,
2015-10-24,West Ham,Chelsea,4.0,3.8,1.95,3.6,3.7,2.0,3.75,3.6,2.0,3.91,3.74,2.01,4.21,3.86,1.91,E0 (11).csv,3.8,3.45,1.9,4.0,3.2,2.0,3.9,3.7,2.0,4.01,3.81,3.8,3.61,2.05,1.97,1.79,1.72,2.21,2.1,,,
2015-10-24,Aston Villa,Swansea,3.0,3.3,2.6,2.7,3.2,2.6,2.9,3.1,2.62,3.09,3.22,2.59,3.01,3.25,2.63,E0 (11).csv,2.75,3.2,2.5,3.0,2.9,2.62,3.0,3.25,2.63,3.11,2.94,3.3,3.15,2.65,2.56,2.49,2.34,1.65,1.59,,,
2015-10-24,Norwich,West Brom,2.0,3.5,4.2,2.0,3.3,3.7,2.0,3.4,4.0,2.02,3.49,4.18,1.98,3.74,4.03,E0 (11).csv,2.1,3.3,3.3,2.05,3.1,4.0,1.98,3.5,4.33,2.1,2.0,3.5,3.39,4.31,3.97,2.2,2.11,1.8,1.71,,,
2015-10-24,Stoke,Watford,2.1,3.3,4.0,2.1,3.25,3.5,2.1,3.2,4.0,2.1,3.38,4.03,2.1,3.49,3.89,E0 (11).csv,2.0,3.3,3.6,2.15,3.1,3.6,2.1,3.3,4.1,2.2,2.09,3.4,3.26,4.1,3.79,2.4,2.31,1.67,1.61,,,
2015-10-24,Arsenal,Everton,1.44,4.75,8.0,1.44,4.6,7.25,1.44,4.5,8.0,1.43,5.07,8.2,1.39,5.3,8.8,E0 (11).csv,1.45,4.0,7.0,1.44,4.0,8.0,1.44,4.8,8.0,1.45,1.42,5.2,4.75,8.2,7.55,1.58,1.53,2.65,2.47,,,
2015-10-25,Bournemouth,Tottenham,3.4,3.5,2.25,3.3,3.3,2.25,3.4,3.3,2.25,3.58,3.42,2.23,3.52,3.55,2.2,E0 (11).csv,3.2,3.2,2.2,3.5,3.0,2.25,3.5,3.4,2.25,3.59,3.38,3.5,3.32,2.25,2.22,2.05,1.97,1.91,1.83,,,
2015-10-25,Liverpool,Southampton,2.05,3.6,3.8,2.05,3.5,3.6,2.1,3.4,3.75,2.08,3.56,3.87,2.09,3.53,3.87,E0 (11).csv,1.85,3.45,4.0,2.1,3.3,3.9,2.1,3.5,3.8,2.1,2.05,3.62,3.43,4.0,3.74,2.06,1.95,1.91,1.84,,,
2015-10-25,Man United,Man City,2.6,3.5,2.8,2.65,3.3,2.85,2.5,3.3,2.75,2.59,3.41,2.93,2.63,3.32,2.95,E0 (11).csv,2.6,3.2,2.6,2.7,3.2,2.88,2.63,3.5,2.8,2.7,2.57,3.55,3.35,2.96,2.8,1.91,1.82,2.05,1.97,,,
2015-10-25,Sunderland,Newcastle,2.6,3.4,2.9,2.55,3.3,2.65,2.62,3.3,2.88,2.57,3.41,2.96,2.63,3.38,2.91,E0 (11).csv,2.3,3.3,2.9,2.62,3.1,3.0,2.63,3.3,2.9,2.63,2.53,3.45,3.31,3.0,2.86,2.04,1.95,1.91,1.85,,,
2015-10-31,West Brom,Leicester,2.9,3.4,2.6,2.6,3.3,2.6,2.88,3.3,2.6,2.84,3.36,2.7,2.97,3.38,2.58,E0 (11).csv,2.65,3.3,2.5,2.9,3.0,2.62,2.9,3.3,2.63,2.9,2.82,3.4,3.25,2.7,2.58,2.14,2.04,1.84,1.77,,,
2015-10-31,Watford,West Ham,2.6,3.4,2.9,2.6,3.2,2.7,2.5,3.4,2.9,2.6,3.38,2.94,2.5,3.42,3.05,E0 (11).csv,2.6,3.2,2.6,2.62,3.1,2.8,2.55,3.3,3.0,2.7,2.52,3.45,3.28,3.0,2.87,2.12,2.01,1.85,1.79,,,
2015-10-31,Swansea,Arsenal,5.0,4.0,1.75,4.5,3.6,1.75,4.75,3.8,1.73,5.05,3.93,1.76,4.73,4.01,1.79,E0 (11).csv,4.7,3.6,1.7,5.0,3.5,1.75,5.0,4.0,1.73,5.3,4.8,4.0,3.82,1.77,1.73,1.83,1.76,2.16,2.05,,,
2015-10-31,Man City,Norwich,1.29,6.0,12.0,1.28,5.75,9.0,1.29,6.0,11.0,1.3,6.22,11.03,1.27,6.59,12.5,E0 (11).csv,1.22,5.5,12.0,1.29,5.0,12.0,1.29,6.25,11.5,1.31,1.28,6.36,5.81,12.56,10.45,1.52,1.45,2.83,2.68,,,
2015-10-31,Crystal Palace,Man United,3.8,3.5,2.1,3.4,3.4,2.1,3.8,3.4,2.05,4.02,3.46,2.08,4.46,3.56,1.94,E0 (11).csv,3.4,3.2,2.1,4.0,3.0,2.1,4.0,3.4,2.1,4.07,3.77,3.5,3.35,2.1,2.06,2.28,2.15,1.8,1.7,,,
2015-10-31,Chelsea,Liverpool,2.1,3.5,3.75,2.1,3.3,3.4,2.1,3.4,3.75,2.07,3.54,3.92,2.12,3.47,3.84,E0 (11).csv,2.1,3.2,3.4,2.1,3.2,3.75,2.1,3.4,3.9,2.13,2.07,3.56,3.36,4.0,3.73,2.13,2.04,1.92,1.77,,,
2015-10-31,Newcastle,Stoke,2.4,3.4,3.2,2.4,3.3,3.0,2.4,3.4,3.1,2.39,3.43,3.24,2.37,3.39,3.29,E0 (11).csv,2.5,3.3,2.65,2.4,3.1,3.1,2.38,3.4,3.25,2.5,2.35,3.43,3.31,3.28,3.12,2.1,2.04,1.85,1.77,,,
2015-11-01,Everton,Sunderland,1.5,4.5,7.5,1.5,4.0,6.5,1.5,4.2,7.0,1.49,4.61,7.5,1.48,4.7,7.5,E0 (11).csv,1.5,4.0,6.1,1.53,3.8,7.0,1.5,4.6,7.5,1.53,1.49,4.61,4.31,8.0,7.06,1.8,1.73,2.17,2.09,,,
2015-11-01,Southampton,Bournemouth,1.55,4.33,6.5,1.55,4.0,5.75,1.57,4.2,6.0,1.55,4.37,6.88,1.53,4.41,7.22,E0 (11).csv,1.55,4.0,5.5,1.57,3.8,6.0,1.53,4.33,7.0,1.58,1.54,4.38,4.17,7.0,6.29,1.83,1.76,2.15,2.05,,,
2015-11-02,Tottenham,Aston Villa,1.44,4.75,8.0,1.42,4.33,7.25,1.44,4.5,7.5,1.43,4.8,9.0,1.4,5.09,9.32,E0 (11).csv,1.4,4.4,7.3,1.44,4.2,8.0,1.4,4.8,9.0,1.45,1.42,4.84,4.52,9.0,8.11,1.82,1.77,2.12,2.02,,,
2015-11-07,West Ham,Everton,2.6,3.5,2.8,2.55,3.3,2.7,2.6,3.4,2.8,2.58,3.49,2.89,2.45,3.59,2.99,E0 (11).csv,2.5,3.3,2.65,2.62,3.1,2.8,2.55,3.5,2.88,2.62,2.53,3.55,3.4,2.89,2.78,1.8,1.75,2.14,2.07,,,
2015-11-07,Stoke,Chelsea,3.8,3.6,2.05,3.6,3.25,2.05,3.8,3.4,2.05,3.96,3.51,2.07,4.53,3.66,1.9,E0 (11).csv,3.3,3.3,2.1,3.75,3.1,2.1,3.9,3.5,2.1,4.0,3.74,3.6,3.38,2.1,2.06,2.16,2.08,1.8,1.74,,,
2015-11-07,Sunderland,Southampton,4.75,3.8,1.8,4.75,3.6,1.75,4.75,3.6,1.8,4.79,3.81,1.82,4.7,4.0,1.79,E0 (11).csv,4.0,3.45,1.85,5.0,3.2,1.8,5.0,3.7,1.8,5.05,4.63,3.85,3.66,1.85,1.78,2.04,1.97,1.88,1.84,,,
2015-11-07,Man United,West Brom,1.33,5.25,12.0,1.33,5.0,8.75,1.36,4.5,11.0,1.34,5.25,12.05,1.36,5.1,11.15,E0 (11).csv,1.35,4.8,7.6,1.36,4.0,12.0,1.33,5.25,11.5,1.36,1.33,5.3,4.91,12.05,10.69,2.01,1.93,1.95,1.87,,,
2015-11-07,Leicester,Watford,1.85,3.8,4.5,1.85,3.6,4.0,1.85,3.75,4.33,1.88,3.79,4.43,1.93,3.71,4.34,E0 (11).csv,1.85,3.45,4.0,1.83,3.2,4.33,1.85,3.8,4.5,1.88,1.84,3.9,3.67,4.6,4.3,1.87,1.8,2.07,2.0,,,
2015-11-07,Norwich,Swansea,2.45,3.4,3.1,2.55,3.2,2.85,2.4,3.4,3.0,2.46,3.47,3.06,2.54,3.43,2.99,E0 (11).csv,2.5,3.3,2.65,2.5,3.1,2.9,2.5,3.4,3.0,2.55,2.45,3.49,3.31,3.12,2.94,2.03,1.96,1.92,1.84,,,
2015-11-07,Bournemouth,Newcastle,2.25,3.5,3.4,2.25,3.4,3.1,2.2,3.5,3.4,2.18,3.56,3.57,2.22,3.62,3.4,E0 (11).csv,2.2,3.3,3.1,2.25,3.1,3.4,2.2,3.6,3.5,2.25,2.2,3.6,3.44,3.57,3.3,1.9,1.83,2.07,1.98,,,
2015-11-08,Arsenal,Tottenham,1.73,4.0,5.0,1.72,3.8,4.4,1.7,4.0,5.0,1.7,4.18,5.21,1.8,3.96,4.72,E0 (11).csv,1.6,3.9,5.0,1.75,3.4,5.0,1.73,4.1,5.0,1.75,1.69,4.25,3.95,5.21,4.85,1.63,1.59,2.5,2.33,,,
2015-11-08,Aston Villa,Man City,7.5,5.0,1.44,7.0,4.33,1.44,7.5,4.75,1.44,8.15,4.93,1.44,8.55,5.05,1.42,E0 (11).csv,6.1,4.0,1.5,8.0,4.0,1.44,8.0,4.8,1.44,8.15,7.29,5.0,4.58,1.5,1.44,1.77,1.69,2.28,2.15,,,
2015-11-08,Liverpool,Crystal Palace,1.67,3.8,6.0,1.67,3.7,5.0,1.7,3.75,5.5,1.68,3.99,5.73,1.64,3.92,6.51,E0 (11).csv,1.6,3.7,5.4,1.7,3.2,6.0,1.67,4.0,5.75,1.7,1.66,4.0,3.8,6.0,5.39,2.0,1.92,1.94,1.87,,,
2015-11-21,Watford,Man United,4.33,3.4,2.0,3.9,3.4,2.0,4.0,3.4,2.05,4.14,3.38,2.07,4.02,3.38,2.1,E0 (11).csv,3.8,3.45,1.9,4.0,3.1,2.05,4.33,3.25,2.05,4.6,4.07,3.45,3.29,2.07,2.01,2.46,2.34,1.69,1.59,,,
2015-11-21,Swansea,Bournemouth,1.91,3.6,4.5,1.85,3.6,4.5,1.91,3.5,4.33,1.91,3.59,4.6,2.24,3.37,3.61,E0 (11).csv,1.9,3.45,3.8,1.95,3.1,4.5,1.9,3.6,4.6,1.95,1.89,3.8,3.47,4.6,4.34,2.06,1.98,1.9,1.82,,,
2015-11-21,West Brom,Arsenal,7.0,4.33,1.53,6.0,4.33,1.53,6.5,4.33,1.53,6.68,4.29,1.57,6.11,4.28,1.6,E0 (11).csv,5.6,3.9,1.55,6.5,4.0,1.53,7.0,4.33,1.53,7.0,6.4,4.4,4.18,1.59,1.54,1.89,1.79,2.12,2.02,,,
2015-11-21,Newcastle,Leicester,2.88,3.6,2.5,2.65,3.4,2.5,2.8,3.5,2.5,2.85,3.55,2.58,2.94,3.57,2.5,E0 (11).csv,2.65,3.3,2.5,2.75,3.25,2.6,2.8,3.6,2.55,2.9,2.79,3.65,3.44,2.6,2.51,1.76,1.68,2.25,2.17,,,
2015-11-21,Man City,Liverpool,1.7,4.0,5.5,1.7,3.75,5.5,1.7,3.8,5.5,1.67,4.15,5.56,1.89,3.72,4.48,E0 (11).csv,1.7,3.6,4.7,1.7,3.5,5.5,1.65,4.1,5.75,1.7,1.66,4.2,3.94,5.75,5.28,1.79,1.73,2.25,2.09,,,
2015-11-21,Everton,Aston Villa,1.57,4.2,6.5,1.57,3.9,5.75,1.6,4.0,6.0,1.57,4.2,6.8,1.72,4.01,5.31,E0 (11).csv,1.55,3.9,5.6,1.57,3.8,6.0,1.55,4.2,7.0,1.62,1.57,4.27,4.0,7.0,6.21,1.99,1.91,2.0,1.89,,,
2015-11-21,Southampton,Stoke,1.57,4.0,7.0,1.57,3.9,5.75,1.62,3.8,6.5,1.61,4.06,6.5,1.68,3.87,5.98,E0 (11).csv,1.65,3.6,5.1,1.62,3.5,6.5,1.62,4.0,6.5,1.65,1.59,4.1,3.88,7.0,6.23,2.09,2.03,1.86,1.78,,,
2015-11-21,Chelsea,Norwich,1.4,5.0,9.0,1.4,4.75,8.0,1.44,4.5,8.5,1.43,4.86,8.78,1.41,5.03,8.82,E0 (11).csv,1.4,4.4,7.3,1.4,4.5,8.0,1.44,4.8,8.5,1.45,1.42,5.0,4.62,9.0,8.04,1.78,1.71,2.3,2.12,,,
2015-11-22,Tottenham,West Ham,1.57,4.2,6.5,1.57,4.1,5.25,1.57,4.0,6.5,1.55,4.43,6.78,1.58,4.32,6.44,E0 (11).csv,1.6,3.7,5.4,1.6,3.75,6.0,1.55,4.4,6.5,1.6,1.55,4.5,4.15,6.8,6.22,1.78,1.7,2.34,2.14,,,
2015-11-23,Crystal Palace,Sunderland,1.57,4.0,7.0,1.57,3.8,5.75,1.57,4.0,6.5,1.56,4.31,6.77,1.55,4.52,6.6,E0 (11).csv,1.65,3.6,5.1,1.6,3.4,7.0,1.55,4.2,7.0,1.65,1.55,4.31,3.99,7.0,6.5,1.95,1.88,2.01,1.93,,,
2015-11-28,Aston Villa,Watford,2.75,3.3,2.8,2.75,3.0,2.75,2.7,3.25,2.8,2.77,3.25,2.85,2.76,3.27,2.84,E0 (11).csv,2.5,3.3,2.65,2.7,3.1,2.7,2.8,3.13,2.88,2.8,2.69,3.3,3.13,2.9,2.79,2.42,2.34,1.64,1.58,,,
2015-11-28,Bournemouth,Everton,2.9,3.6,2.5,2.65,3.4,2.5,2.9,3.5,2.5,2.95,3.53,2.51,2.65,3.66,2.7,E0 (11).csv,2.75,3.3,2.4,2.9,3.2,2.5,3.0,3.6,2.4,3.0,2.87,3.6,3.41,2.51,2.45,1.85,1.78,2.12,2.03,,,
2015-11-28,Crystal Palace,Newcastle,1.7,3.9,5.5,1.72,3.8,4.4,1.7,3.8,5.5,1.69,4.04,5.53,1.71,4.1,5.17,E0 (11).csv,1.75,3.5,4.5,1.73,3.5,5.0,1.7,4.0,5.5,1.75,1.69,4.04,3.83,5.53,5.09,1.87,1.78,2.16,2.02,,,
2015-11-28,Leicester,Man United,3.1,3.5,2.4,2.95,3.4,2.4,3.0,3.4,2.38,3.26,3.45,2.36,3.26,3.49,2.34,E0 (11).csv,2.9,3.3,2.3,3.1,3.1,2.4,3.3,3.4,2.38,3.3,3.13,3.53,3.35,2.4,2.34,2.11,2.02,1.87,1.78,,,
2015-11-28,Man City,Southampton,1.6,4.33,6.0,1.6,4.2,5.25,1.57,4.33,6.0,1.58,4.4,6.28,1.57,4.4,6.37,E0 (11).csv,1.5,4.0,6.1,1.57,3.8,6.0,1.57,4.4,6.25,1.6,1.57,4.4,4.19,6.58,5.9,1.71,1.65,2.32,2.23,,,
2015-11-28,Sunderland,Stoke,3.2,3.3,2.45,3.0,3.1,2.4,3.2,3.25,2.4,3.16,3.28,2.51,3.05,3.26,2.59,E0 (11).csv,2.75,3.3,2.4,3.1,3.1,2.4,3.2,3.3,2.45,3.25,3.1,3.3,3.19,2.51,2.41,2.37,2.26,1.71,1.63,,,
2015-11-29,West Ham,West Brom,2.05,3.5,4.0,2.05,3.25,3.6,2.05,3.4,3.8,2.1,3.41,3.98,2.13,3.35,3.96,E0 (11).csv,2.0,3.3,3.6,2.05,3.3,3.75,2.1,3.4,4.0,2.1,2.05,3.5,3.33,4.05,3.83,2.28,2.16,1.82,1.69,,,
2015-11-29,Norwich,Arsenal,6.0,4.2,1.62,5.25,4.1,1.62,5.5,4.2,1.62,5.62,4.34,1.63,6.5,4.41,1.56,E0 (11).csv,6.1,4.0,1.5,5.5,4.0,1.57,5.75,4.33,1.62,6.1,5.51,4.35,4.15,1.65,1.6,1.68,1.63,2.4,2.25,,,
2015-11-29,Tottenham,Chelsea,2.6,3.4,2.9,2.6,3.1,2.9,2.6,3.4,2.8,2.58,3.49,2.89,2.66,3.39,2.86,E0 (11).csv,2.6,3.2,2.6,2.5,3.2,2.9,2.55,3.5,2.88,2.6,2.54,3.5,3.34,2.94,2.81,1.96,1.88,1.99,1.92,,,
2015-11-29,Liverpool,Swansea,1.44,4.75,8.0,1.45,4.4,7.5,1.5,4.33,7.0,1.48,4.55,7.95,1.48,4.55,7.95,E0 (11).csv,1.5,4.0,6.1,1.5,4.0,7.0,1.45,4.75,8.0,1.5,1.46,4.75,4.37,8.0,7.36,1.87,1.79,2.08,2.01,,,
2015-12-05,Arsenal,Sunderland,1.29,6.0,13.0,1.26,6.25,10.5,1.25,5.5,12.0,1.28,6.14,13.53,1.29,6.53,11.18,E0 (11).csv,1.22,5.5,12.0,1.29,5.0,12.0,1.29,5.75,13.0,1.29,1.27,6.25,5.76,13.53,12.07,1.65,1.6,2.47,2.3,,,
2015-12-05,West Brom,Tottenham,4.75,3.6,1.85,3.9,3.4,1.91,4.33,3.5,1.83,4.75,3.69,1.85,4.8,3.86,1.81,E0 (11).csv,3.8,3.45,1.9,4.5,3.1,1.91,4.8,3.4,1.9,4.8,4.45,3.69,3.5,1.91,1.86,2.21,2.15,1.76,1.69,,,
2015-12-05,Watford,Norwich,2.15,3.5,3.6,2.15,3.2,3.4,2.15,3.3,3.4,2.16,3.48,3.7,2.35,3.43,3.3,E0 (11).csv,2.0,3.3,3.6,2.15,3.1,3.6,2.15,3.5,3.7,2.21,2.13,3.5,3.36,3.75,3.52,2.09,1.99,1.85,1.8,,,
2015-12-05,Man United,West Ham,1.44,4.5,9.0,1.44,4.33,8.0,1.4,4.33,8.5,1.43,4.7,9.06,1.46,4.68,8.18,E0 (11).csv,1.4,4.4,7.3,1.44,3.8,9.0,1.44,4.5,9.0,1.46,1.43,4.8,4.38,9.23,8.4,2.06,1.97,1.91,1.83,,,
2015-12-05,Stoke,Man City,5.25,4.0,1.7,5.0,3.7,1.72,4.75,3.8,1.67,5.25,4.06,1.71,5.21,3.94,1.74,E0 (11).csv,4.7,3.6,1.7,5.5,3.4,1.7,5.4,4.0,1.7,5.5,5.07,4.1,3.87,1.75,1.69,1.87,1.79,2.14,2.01,,,
2015-12-05,Southampton,Aston Villa,1.5,4.5,7.5,1.5,4.25,6.0,1.5,4.0,7.0,1.52,4.37,7.57,1.5,4.55,7.4,E0 (11).csv,1.45,4.0,7.0,1.53,3.6,7.5,1.53,4.2,7.5,1.53,1.49,4.5,4.17,7.57,7.13,2.0,1.93,1.95,1.87,,,
2015-12-05,Chelsea,Bournemouth,1.36,5.25,9.5,1.38,5.0,8.0,1.36,4.75,9.0,1.38,5.23,9.75,1.43,4.79,9.04,E0 (11).csv,1.35,4.8,7.6,1.36,4.5,9.0,1.36,5.25,10.0,1.39,1.37,5.25,4.91,10.0,8.83,1.69,1.64,2.36,2.24,,,
2015-12-05,Swansea,Leicester,2.7,3.4,2.75,2.75,3.25,2.65,2.5,3.3,2.62,2.68,3.44,2.8,2.55,3.33,3.06,E0 (11).csv,2.65,3.3,2.5,2.8,3.1,2.62,2.7,3.5,2.75,2.8,2.66,3.5,3.35,2.8,2.68,1.92,1.81,2.05,1.98,,,
2015-12-06,Newcastle,Liverpool,5.75,4.33,1.62,5.5,4.0,1.62,5.25,4.0,1.57,5.75,4.35,1.62,6.4,4.48,1.56,E0 (11).csv,5.4,3.7,1.6,5.5,3.75,1.62,6.0,4.2,1.62,6.0,5.58,4.43,4.1,1.65,1.6,1.8,1.73,2.2,2.08,,,
2015-12-07,Everton,Crystal Palace,2.1,3.6,3.75,2.1,3.3,3.4,2.0,3.4,3.6,2.06,3.63,3.88,2.14,3.43,3.83,E0 (11).csv,2.0,3.3,3.6,2.0,3.3,3.75,2.05,3.6,3.8,2.1,2.03,3.63,3.49,3.88,3.68,1.84,1.78,2.12,2.02,,,
2015-12-12,Crystal Palace,Southampton,2.6,3.3,3.0,2.6,3.25,2.65,2.5,3.2,2.9,2.55,3.32,3.06,2.45,3.41,3.14,E0 (11).csv,2.5,3.2,2.75,2.5,3.1,3.0,2.55,3.3,3.0,2.6,2.52,3.4,3.22,3.06,2.92,2.22,2.11,1.79,1.72,,,
2015-12-12,Man City,Swansea,1.3,6.0,11.0,1.3,5.25,11.0,1.3,5.5,10.0,1.32,5.9,10.9,1.35,5.6,9.65,E0 (11).csv,1.3,5.0,9.0,1.33,4.8,10.0,1.3,6.0,11.5,1.33,1.3,6.0,5.56,11.5,10.18,1.56,1.53,2.6,2.46,,,
2015-12-12,Norwich,Everton,2.9,3.5,2.55,2.8,3.3,2.55,2.9,3.4,2.5,2.92,3.56,2.52,3.16,3.48,2.4,E0 (11).csv,2.65,3.3,2.5,2.9,3.2,2.5,2.9,3.5,2.55,3.0,2.85,3.6,3.4,2.55,2.48,1.91,1.83,2.05,1.96,,,
2015-12-12,Sunderland,Watford,2.9,3.3,2.63,2.9,3.1,2.65,2.8,3.1,2.6,2.86,3.31,2.71,2.81,3.31,2.76,E0 (11).csv,2.6,3.2,2.6,2.75,3.0,2.75,2.88,3.3,2.7,2.9,2.8,3.31,3.2,2.75,2.64,2.23,2.13,1.76,1.69,,,
2015-12-12,West Ham,Stoke,2.63,3.3,2.9,2.65,3.1,2.9,2.5,3.1,2.8,2.63,3.33,2.94,2.59,3.25,3.07,E0 (11).csv,2.5,3.3,2.65,2.62,3.1,2.8,2.6,3.25,3.0,2.66,2.55,3.4,3.19,3.0,2.89,2.26,2.18,1.77,1.67,,,
2015-12-12,Bournemouth,Man United,3.4,3.4,2.3,3.2,3.3,2.3,3.3,3.4,2.3,3.46,3.39,2.29,3.3,3.27,2.43,E0 (11).csv,3.0,3.2,2.3,3.2,3.2,2.3,3.5,3.3,2.3,3.5,3.33,3.4,3.28,2.3,2.26,2.23,2.14,1.76,1.69,,,
2015-12-13,Aston Villa,Arsenal,6.5,4.2,1.57,6.5,3.9,1.57,6.0,4.0,1.53,6.24,4.24,1.6,6.5,4.39,1.56,E0 (11).csv,5.5,4.0,1.55,6.5,3.75,1.57,7.0,4.2,1.55,7.0,6.1,4.24,4.06,1.61,1.57,1.94,1.87,2.0,1.93,,,
2015-12-13,Liverpool,West Brom,1.4,4.75,10.0,1.4,4.5,8.5,1.4,4.33,9.0,1.45,4.59,9.0,1.44,4.7,8.95,E0 (11).csv,1.4,4.4,7.3,1.4,4.33,9.0,1.44,4.6,9.5,1.45,1.41,4.8,4.42,10.0,8.84,2.1,2.02,1.87,1.78,,,
2015-12-13,Tottenham,Newcastle,1.36,5.5,9.0,,,,1.36,5.0,8.0,1.39,5.32,9.0,1.37,5.54,9.01,E0 (11).csv,1.4,4.4,7.3,1.4,4.33,9.0,1.36,5.4,9.5,1.4,1.37,5.5,4.96,9.5,8.4,1.62,1.57,2.46,2.35,,,
2015-12-14,Leicester,Chelsea,3.2,3.5,2.35,3.0,3.3,2.4,3.0,3.4,2.3,3.11,3.59,2.38,3.52,3.52,2.21,E0 (11).csv,3.0,3.2,2.3,3.2,3.2,2.3,3.13,3.5,2.4,3.4,3.07,3.6,3.4,2.43,2.33,1.99,1.9,1.98,1.89,,,
2015-12-19,Chelsea,Sunderland,1.33,5.25,12.0,1.33,5.25,10.0,1.29,5.25,12.0,1.32,5.69,11.8,1.32,5.99,10.8,E0 (11).csv,1.33,4.8,8.3,1.3,5.0,11.0,1.3,5.75,12.0,1.33,1.31,5.75,5.32,13.0,10.91,1.85,1.76,2.17,2.05,,,
2015-12-19,Everton,Leicester,2.1,3.75,3.6,2.1,3.4,3.3,2.05,3.6,3.4,2.07,3.8,3.65,2.05,3.78,3.73,E0 (11).csv,2.1,3.3,3.3,2.1,3.3,3.5,2.1,3.7,3.6,2.1,2.05,3.8,3.61,3.7,3.51,1.67,1.62,2.4,2.27,,,
2015-12-19,Man United,Norwich,1.45,4.5,8.5,1.45,4.5,7.75,1.44,4.2,7.5,1.47,4.5,8.45,1.43,4.85,8.75,E0 (11).csv,1.5,4.0,6.1,1.44,4.2,8.0,1.45,4.6,8.5,1.5,1.45,4.61,4.35,8.83,7.74,2.0,1.9,1.98,1.89,,,
2015-12-19,Newcastle,Aston Villa,2.05,3.5,4.0,2.05,3.3,3.6,1.95,3.4,4.0,2.03,3.58,4.02,2.01,3.55,4.15,E0 (11).csv,2.0,3.3,3.6,2.0,3.2,4.0,2.0,3.5,4.1,2.05,2.0,3.6,3.41,4.1,3.91,2.11,2.01,1.85,1.79,,,
2015-12-19,Southampton,Tottenham,2.7,3.4,2.8,2.6,3.3,2.6,2.5,3.3,2.75,2.66,3.44,2.83,2.72,3.33,2.85,E0 (11).csv,2.6,3.2,2.6,2.7,3.1,2.7,2.63,3.4,2.88,2.71,2.62,3.48,3.27,2.88,2.77,2.12,2.0,1.89,1.8,,,
2015-12-19,Stoke,Crystal Palace,2.5,3.2,3.2,2.5,3.2,2.8,2.4,3.2,3.0,2.51,3.3,3.14,2.46,3.3,3.21,E0 (11).csv,2.4,3.2,2.85,2.4,3.1,3.1,2.5,3.25,3.2,2.51,2.44,3.32,3.19,3.2,3.07,2.35,2.24,1.7,1.63,,,
2015-12-19,West Brom,Bournemouth,2.55,3.3,3.0,2.5,3.25,2.75,2.4,3.2,2.9,2.64,3.27,2.98,2.86,3.33,2.7,E0 (11).csv,2.5,3.2,2.75,2.6,3.1,2.8,2.55,3.25,3.1,2.64,2.53,3.36,3.22,3.09,2.91,2.24,2.15,1.76,1.69,,,
2015-12-20,Swansea,West Ham,2.1,3.4,3.9,2.1,3.25,3.5,2.05,3.25,3.75,2.1,3.46,3.92,2.07,3.44,4.08,E0 (11).csv,2.1,3.3,3.3,2.15,3.25,3.5,2.15,3.3,3.9,2.15,2.07,3.5,3.35,4.0,3.74,2.24,2.13,1.77,1.7,,,
2015-12-20,Watford,Liverpool,4.2,3.6,1.95,4.0,3.3,2.0,3.8,3.4,1.95,4.14,3.55,2.01,3.68,3.58,2.13,E0 (11).csv,3.6,3.3,2.0,4.0,3.2,2.0,4.33,3.4,2.0,4.3,4.02,3.6,3.43,2.01,1.96,2.15,2.08,1.81,1.74,,,
2015-12-21,Arsenal,Man City,2.45,3.5,3.0,2.45,3.4,3.0,2.3,3.4,3.0,2.38,3.58,3.12,2.49,3.49,3.01,E0 (11).csv,2.5,3.3,2.65,2.4,3.1,3.1,2.38,3.7,3.0,2.5,2.37,3.7,3.45,3.15,2.99,1.75,1.69,2.3,2.15,,,
2015-12-26,Tottenham,Norwich,1.4,4.75,8.0,1.42,4.4,7.0,1.4,4.5,7.5,1.46,4.77,8.0,1.47,4.54,8.4,E0 (11).csv,1.45,4.0,7.0,1.44,4.2,8.0,1.44,4.8,8.5,1.48,1.43,4.86,4.55,8.5,7.7,1.75,1.68,2.3,2.15,,,
2015-12-26,Swansea,West Brom,1.91,3.4,4.5,1.91,3.4,4.4,1.91,3.25,4.2,1.96,3.42,4.58,1.92,3.42,4.86,E0 (11).csv,2.0,3.3,3.6,2.05,3.1,4.0,2.0,3.3,4.5,2.05,1.96,3.42,3.3,4.58,4.23,2.55,2.42,1.6,1.54,,,
2015-12-26,Stoke,Man United,3.25,3.2,2.3,3.1,3.25,2.4,3.2,3.1,2.3,3.33,3.31,2.4,3.79,3.25,2.23,E0 (11).csv,2.75,3.3,2.4,3.1,3.1,2.4,3.4,3.2,2.4,3.4,3.21,3.31,3.17,2.4,2.36,2.48,2.37,1.61,1.57,,,
2015-12-26,Southampton,Arsenal,3.6,3.5,2.05,3.5,3.5,2.1,3.4,3.4,2.1,3.6,3.53,2.18,3.64,3.43,2.2,E0 (11).csv,3.3,3.3,2.1,3.6,3.3,2.1,3.6,3.5,2.15,3.8,3.51,3.57,3.41,2.2,2.11,2.01,1.93,1.95,1.86,,,
2015-12-26,Newcastle,Everton,3.2,3.5,2.2,3.1,3.5,2.25,3.1,3.5,2.15,3.37,3.58,2.25,3.62,3.61,2.14,E0 (11).csv,2.9,3.3,2.3,3.25,3.3,2.25,3.3,3.5,2.3,3.4,3.24,3.65,3.45,2.3,2.22,1.81,1.74,2.13,2.07,,,
2015-12-26,Bournemouth,Crystal Palace,2.4,3.3,3.0,2.45,3.4,2.9,2.3,3.3,3.0,2.48,3.45,3.06,2.14,3.48,3.77,E0 (11).csv,2.4,3.3,2.75,2.5,3.2,2.9,2.45,3.4,3.1,2.5,2.42,3.46,3.33,3.1,2.98,2.03,1.95,1.92,1.84,,,
2015-12-26,Liverpool,Leicester,1.91,3.8,3.8,1.95,3.7,3.75,1.91,3.75,3.75,1.95,3.87,4.0,1.99,3.79,3.94,E0 (11).csv,1.9,3.45,3.8,1.95,3.5,3.8,1.95,3.8,4.0,2.0,1.93,3.91,3.72,4.0,3.81,1.7,1.65,2.3,2.21,,,
2015-12-26,Chelsea,Watford,1.44,4.5,7.5,1.45,4.6,7.0,1.48,4.2,7.0,1.52,4.52,7.14,1.5,4.52,7.55,E0 (11).csv,1.4,4.4,7.3,1.44,4.2,8.0,1.5,4.5,7.5,1.54,1.49,4.6,4.29,8.0,7.03,1.84,1.76,2.13,2.04,,,
2015-12-26,Aston Villa,West Ham,2.63,3.25,2.75,2.65,3.25,2.75,2.6,3.1,2.8,2.66,3.29,2.94,2.53,3.23,3.17,E0 (11).csv,2.65,3.3,2.5,2.7,3.1,2.7,2.7,3.2,2.9,2.7,2.63,3.3,3.15,2.94,2.83,2.36,2.28,1.67,1.62,,,
2015-12-26,Man City,Sunderland,1.2,7.0,13.0,1.22,6.25,14.5,1.2,7.0,15.0,1.21,7.65,16.0,1.21,7.95,14.78,E0 (11).csv,1.2,5.8,13.0,1.22,6.0,13.0,1.22,7.0,15.0,1.23,1.21,7.65,6.91,17.0,13.59,1.45,1.4,3.1,2.86,,,
2015-12-28,West Brom,Newcastle,2.2,3.25,3.75,2.2,3.25,3.2,2.1,3.2,3.6,2.18,3.35,3.8,2.16,3.34,3.87,E0 (11).csv,2.1,3.3,3.3,2.25,3.2,3.3,2.2,3.3,3.8,2.25,2.16,3.4,3.26,3.85,3.58,2.3,2.2,1.75,1.66,,,
2015-12-28,West Ham,Southampton,3.6,3.4,2.2,3.25,3.3,2.2,3.3,3.25,2.2,3.57,3.41,2.24,3.64,3.41,2.21,E0 (11).csv,2.9,3.3,2.3,3.4,3.2,2.2,3.6,3.3,2.25,3.6,3.44,3.41,3.26,2.3,2.22,2.3,2.18,1.74,1.67,,,
2015-12-28,Watford,Tottenham,3.75,3.5,2.1,3.5,3.3,2.15,3.6,3.3,2.05,3.92,3.55,2.07,3.28,3.32,2.42,E0 (11).csv,3.3,3.3,2.1,3.5,3.25,2.15,3.9,3.4,2.1,3.92,3.65,3.55,3.42,2.15,2.08,2.11,2.03,1.83,1.77,,,
2015-12-28,Crystal Palace,Swansea,2.1,3.4,4.0,2.05,3.3,4.0,2.05,3.25,3.75,2.09,3.41,4.03,2.04,3.34,4.35,E0 (11).csv,2.0,3.3,3.6,1.91,3.5,4.0,2.1,3.3,4.0,2.14,2.07,3.5,3.31,4.0,3.8,2.33,2.23,1.7,1.64,,,
2015-12-28,Man United,Chelsea,2.6,3.3,3.0,2.6,3.25,2.9,2.5,3.1,2.8,2.6,3.38,2.95,2.48,3.26,3.22,E0 (11).csv,2.6,3.2,2.6,2.62,3.1,3.0,2.6,3.25,3.0,2.65,2.55,3.38,3.22,3.03,2.91,2.3,2.19,1.72,1.66,,,
2015-12-28,Everton,Stoke,1.95,3.6,4.2,1.95,3.3,3.9,1.91,3.4,4.0,1.95,3.63,4.3,1.83,3.72,4.85,E0 (11).csv,1.9,3.45,3.8,1.95,3.5,3.8,1.95,3.6,4.33,2.0,1.93,3.63,3.51,4.33,4.11,2.1,2.01,1.88,1.79,,,
2015-12-28,Arsenal,Bournemouth,1.44,4.75,8.0,1.44,4.5,8.0,1.4,4.5,7.5,1.45,4.86,8.07,1.54,4.35,7.15,E0 (11).csv,1.42,4.3,7.0,1.36,4.8,8.5,1.44,4.8,8.0,1.47,1.43,4.89,4.58,8.75,7.76,1.68,1.63,2.45,2.26,,,
2015-12-28,Norwich,Aston Villa,2.05,3.6,3.8,2.0,3.3,3.7,2.0,3.3,3.8,2.05,3.53,4.02,1.93,3.7,4.36,E0 (11).csv,2.0,3.3,3.6,2.05,3.4,3.6,2.05,3.5,4.0,2.1,2.04,3.6,3.42,4.05,3.78,2.19,2.1,1.8,1.72,,,
2015-12-29,Leicester,Man City,4.33,4.0,1.85,4.0,4.0,1.85,4.0,3.8,1.8,4.25,4.1,1.85,4.17,3.88,1.91,E0 (11).csv,3.8,3.45,1.9,3.75,3.75,1.91,4.4,4.1,1.8,4.4,4.12,4.1,3.87,1.91,1.83,1.65,1.55,2.6,2.38,,,
2015-12-30,Sunderland,Liverpool,5.5,3.9,1.7,5.0,3.75,1.72,5.0,3.6,1.67,5.51,3.91,1.71,5.77,4.09,1.66,E0 (11).csv,4.5,3.5,1.75,4.75,3.6,1.75,5.5,3.75,1.73,5.6,5.22,4.0,3.74,1.75,1.7,2.07,1.99,1.92,1.81,,,
2016-01-02,West Ham,Liverpool,4.0,3.5,2.05,3.8,3.4,2.05,3.8,3.4,2.0,3.97,3.62,2.03,4.28,3.55,1.98,E0 (11).csv,3.3,3.3,2.1,3.8,3.4,2.0,4.1,3.4,2.05,4.1,3.86,3.62,3.42,2.1,2.01,2.13,2.06,1.81,1.75,,,
2016-01-02,West Brom,Stoke,2.8,3.2,2.8,2.8,3.1,2.7,2.7,3.0,2.75,2.81,3.2,2.84,2.88,3.16,2.81,E0 (11).csv,2.55,3.1,2.75,2.8,3.1,2.62,2.8,3.1,2.88,2.85,2.74,3.2,3.09,2.88,2.77,2.55,2.45,1.57,1.53,,,
2016-01-02,Watford,Man City,5.0,4.0,1.75,4.75,3.75,1.75,4.75,3.8,1.7,5.14,4.11,1.72,4.99,3.99,1.76,E0 (11).csv,4.7,3.6,1.7,5.0,3.6,1.73,5.2,4.1,1.7,5.2,4.87,4.11,3.88,1.75,1.71,1.74,1.69,2.25,2.14,,,
2016-01-02,Man United,Swansea,1.55,4.2,7.0,1.55,3.8,7.0,1.53,3.8,7.0,1.52,4.28,7.66,1.49,4.3,8.55,E0 (11).csv,1.5,4.0,6.1,1.57,3.6,7.0,1.55,4.1,7.5,1.57,1.53,4.27,4.0,7.55,6.89,2.31,2.2,1.75,1.66,,,
2016-01-02,Norwich,Southampton,3.2,3.4,2.4,2.9,3.25,2.4,3.0,3.3,2.3,3.13,3.49,2.42,3.14,3.18,2.58,E0 (11).csv,2.9,3.3,2.3,3.1,3.2,2.38,3.25,3.4,2.38,3.25,3.07,3.49,3.34,2.45,2.36,2.06,1.96,1.91,1.83,,,
2016-01-02,Sunderland,Aston Villa,2.5,3.25,3.2,2.5,3.1,2.9,2.4,3.1,2.9,2.49,3.34,3.14,2.49,3.32,3.15,E0 (11).csv,2.3,3.3,2.9,2.4,3.1,3.1,2.5,3.2,3.2,2.51,2.45,3.34,3.18,3.23,3.04,2.4,2.29,1.67,1.61,,,
2016-01-02,Leicester,Bournemouth,1.91,3.75,4.33,1.95,3.4,3.8,1.85,3.6,4.0,1.94,3.75,4.18,1.94,3.7,4.25,E0 (11).csv,1.9,3.45,3.8,1.95,3.4,4.0,1.93,3.75,4.2,2.0,1.92,3.75,3.58,4.33,4.02,1.84,1.77,2.13,2.03,,,
2016-01-02,Arsenal,Newcastle,1.29,6.5,11.0,1.28,5.5,11.0,1.25,5.75,12.0,1.27,6.47,12.81,1.24,7.25,12.75,E0 (11).csv,1.3,5.0,9.0,1.3,5.0,11.0,1.29,6.0,12.0,1.3,1.27,6.5,5.87,12.81,11.2,1.53,1.49,2.74,2.56,,,
2016-01-03,Crystal Palace,Chelsea,3.8,3.5,2.1,3.8,3.2,2.1,3.8,3.3,2.0,3.98,3.49,2.07,4.16,3.51,2.02,E0 (11).csv,3.1,3.3,2.2,3.75,3.2,2.1,3.8,3.5,2.1,3.98,3.79,3.5,3.35,2.2,2.06,2.3,2.21,1.71,1.66,,,
2016-01-03,Everton,Tottenham,2.8,3.5,2.63,2.7,3.4,2.6,2.62,3.4,2.6,2.78,3.59,2.62,2.59,3.46,2.9,E0 (11).csv,2.6,3.2,2.6,2.7,3.1,2.7,2.75,3.6,2.6,2.82,2.71,3.6,3.4,2.7,2.59,1.8,1.73,2.19,2.08,,,
2016-01-12,Aston Villa,Crystal Palace,3.2,3.25,2.45,3.0,3.2,2.45,3.0,3.1,2.4,3.2,3.25,2.5,3.32,3.21,2.45,E0 (11).csv,2.6,3.2,2.6,3.1,3.0,2.5,3.25,3.13,2.5,3.25,3.11,3.3,3.15,2.6,2.45,2.43,2.33,1.67,1.59,,,
2016-01-12,Bournemouth,West Ham,2.0,3.6,4.0,2.0,3.4,3.9,1.95,3.4,3.8,2.01,3.65,4.02,2.03,3.62,3.98,E0 (11).csv,2.1,3.3,3.3,2.0,3.4,3.8,1.95,3.75,4.1,2.1,1.98,3.75,3.51,4.15,3.9,2.11,2.02,1.85,1.79,,,
2016-01-12,Newcastle,Man United,5.0,3.7,1.8,5.0,3.6,1.75,5.0,3.5,1.8,5.05,3.8,1.79,4.88,3.64,1.85,E0 (11).csv,4.2,3.5,1.8,5.0,3.3,1.8,5.0,3.7,1.8,5.25,4.87,3.83,3.62,1.8,1.78,2.2,2.12,1.79,1.72,,,
2016-01-13,Swansea,Sunderland,1.8,3.6,5.25,1.78,3.7,4.6,1.73,3.6,5.0,1.78,3.71,5.32,1.83,3.66,4.95,E0 (11).csv,1.75,3.5,4.5,1.8,3.4,4.8,1.8,3.6,5.2,1.83,1.76,3.71,3.57,5.45,4.97,2.2,2.14,1.77,1.7,,,
2016-01-13,Stoke,Norwich,2.05,3.3,4.2,2.05,3.4,3.8,1.95,3.3,4.0,2.01,3.44,4.31,2.04,3.39,4.24,E0 (11).csv,2.0,3.3,3.6,2.05,3.1,4.0,2.0,3.4,4.2,2.05,2.0,3.44,3.32,4.37,4.03,2.28,2.18,1.73,1.67,,,
2016-01-13,Tottenham,Leicester,1.75,3.8,5.25,1.75,3.8,4.6,1.73,3.6,4.75,1.75,3.95,5.09,1.86,3.68,4.72,E0 (11).csv,1.75,3.5,4.5,1.8,3.5,4.5,1.75,3.9,5.0,1.8,1.75,4.02,3.75,5.25,4.78,1.9,1.82,2.07,1.99,,,
2016-01-13,Man City,Everton,1.53,4.75,6.0,1.53,4.75,5.75,1.48,4.5,6.0,1.52,4.88,6.44,1.55,4.46,6.59,E0 (11).csv,1.45,4.0,7.0,1.53,4.0,6.5,1.53,4.6,6.25,1.53,1.5,4.9,4.56,7.0,6.19,1.55,1.48,2.76,2.59,,,
2016-01-13,Southampton,Watford,1.95,3.5,4.33,2.0,3.4,4.1,1.95,3.3,4.0,2.0,3.51,4.25,2.06,3.45,4.09,E0 (11).csv,2.0,3.3,3.6,2.0,3.2,4.0,2.0,3.5,4.2,2.05,1.98,3.51,3.38,4.35,4.03,2.18,2.07,1.83,1.74,,,
2016-01-13,Liverpool,Arsenal,2.88,3.4,2.6,2.9,3.25,2.6,2.75,3.3,2.5,2.84,3.58,2.57,2.58,3.39,2.96,E0 (11).csv,2.75,3.3,2.4,2.9,3.2,2.5,2.88,3.5,2.55,2.95,2.83,3.58,3.37,2.6,2.51,1.96,1.87,2.05,1.93,,,
2016-01-13,Chelsea,West Brom,1.44,4.5,9.0,1.44,4.4,8.5,1.44,4.2,8.0,1.46,4.58,8.54,1.46,4.39,9.32,E0 (11).csv,1.4,4.4,7.3,1.44,4.2,8.0,1.44,4.5,9.0,1.49,1.44,4.75,4.32,9.0,8.24,2.06,1.99,1.87,1.81,,,
2016-01-16,Aston Villa,Leicester,3.6,3.4,2.2,3.5,3.3,2.15,3.5,3.25,2.1,3.75,3.44,2.16,3.59,3.48,2.2,E0 (11).csv,2.9,3.3,2.3,3.4,3.1,2.25,3.7,3.3,2.2,3.75,3.52,3.5,3.31,2.3,2.16,2.29,2.2,1.71,1.66,,,
2016-01-16,Bournemouth,Norwich,1.91,3.6,4.5,1.9,3.5,4.25,1.85,3.5,4.33,1.89,3.68,4.54,1.9,3.6,4.62,E0 (11).csv,1.9,3.45,3.8,1.95,3.1,4.33,1.87,3.6,4.75,1.95,1.88,3.68,3.49,4.75,4.35,2.12,2.07,1.83,1.75,,,
2016-01-16,Chelsea,Everton,1.83,3.75,4.75,1.83,3.8,4.4,1.75,3.6,4.5,1.81,3.97,4.65,1.71,3.97,5.47,E0 (11).csv,1.75,3.5,4.5,1.75,3.5,4.8,1.8,3.9,4.75,1.83,1.79,3.98,3.77,4.8,4.49,1.86,1.78,2.12,2.03,,,
2016-01-16,Man City,Crystal Palace,1.4,5.25,8.5,1.4,5.0,8.25,1.36,4.75,8.0,1.39,5.34,8.88,1.4,5.1,9.19,E0 (11).csv,1.4,4.4,7.3,1.4,4.2,9.0,1.33,5.25,10.0,1.41,1.38,5.5,5.01,10.0,8.13,1.68,1.61,2.41,2.28,,,
2016-01-16,Newcastle,West Ham,2.5,3.4,3.0,2.55,3.2,2.9,2.4,3.3,2.88,2.55,3.5,2.92,2.39,3.38,3.27,E0 (11).csv,2.6,3.2,2.6,2.62,3.1,2.75,2.55,3.4,3.0,2.62,2.5,3.55,3.34,3.0,2.86,2.02,1.95,1.94,1.85,,,
2016-01-16,Tottenham,Sunderland,1.36,5.25,9.5,1.36,5.0,8.5,1.35,4.75,9.0,1.35,5.48,10.2,1.36,5.49,9.45,E0 (11).csv,1.37,4.6,7.5,1.4,4.0,10.0,1.36,5.4,10.0,1.4,1.35,5.5,5.0,10.62,9.24,1.73,1.66,2.33,2.2,,,
2016-01-16,Southampton,West Brom,1.73,3.75,5.5,1.72,3.5,5.5,1.67,3.5,5.5,1.71,3.73,5.95,1.71,3.67,6.18,E0 (11).csv,1.8,3.5,4.2,1.75,3.25,5.5,1.73,3.6,6.0,1.8,1.71,3.8,3.6,6.0,5.46,2.36,2.27,1.67,1.63,,,
2016-01-17,Liverpool,Man United,2.3,3.25,3.5,2.3,3.1,3.5,2.2,3.25,3.3,2.34,3.37,3.37,2.63,3.12,3.13,E0 (11).csv,2.5,3.2,2.75,2.4,3.1,3.1,2.38,3.3,3.2,2.5,2.29,3.37,3.24,3.5,3.29,2.33,2.24,1.69,1.63,,,
2016-01-17,Stoke,Arsenal,4.33,3.6,1.95,4.0,3.6,1.95,4.0,3.5,1.91,4.29,3.61,1.96,3.28,3.24,2.46,E0 (11).csv,3.8,3.45,1.9,4.33,3.1,1.95,4.3,3.6,1.95,4.33,4.11,3.61,3.47,2.0,1.93,2.08,2.0,1.88,1.81,,,
2016-01-18,Swansea,Watford,2.38,3.25,3.4,2.4,3.25,3.1,2.3,3.1,3.2,2.42,3.31,3.28,2.28,3.3,3.59,E0 (11).csv,2.3,3.3,2.9,2.5,3.1,2.9,2.4,3.2,3.4,2.5,2.39,3.31,3.2,3.4,3.15,2.5,2.39,1.62,1.57,,,
2016-01-23,Crystal Palace,Tottenham,3.6,3.5,2.15,3.4,3.2,2.15,3.5,3.2,2.15,3.63,3.4,2.22,3.65,3.51,2.17,E0 (11).csv,3.2,3.2,2.2,3.3,3.3,2.2,3.6,3.4,2.2,3.63,3.48,3.5,3.3,2.25,2.18,2.29,2.17,1.8,1.69,,,
2016-01-23,Leicester,Stoke,2.1,3.5,3.8,2.1,3.25,3.5,1.95,3.3,3.8,2.07,3.48,4.0,1.9,3.71,4.45,E0 (11).csv,2.0,3.3,3.6,2.05,3.25,3.8,2.1,3.4,4.0,2.1,2.04,3.5,3.36,4.0,3.83,2.28,2.16,1.75,1.68,,,
2016-01-23,Man United,Southampton,1.91,3.5,4.75,1.9,3.4,4.4,1.85,3.3,4.5,1.91,3.45,4.84,2.09,3.3,4.2,E0 (11).csv,1.8,3.5,4.2,1.91,3.2,4.5,1.9,3.4,4.8,1.95,1.88,3.54,3.37,4.84,4.55,2.48,2.36,1.62,1.58,,,
2016-01-23,Norwich,Liverpool,4.33,3.5,1.95,4.0,3.5,1.95,3.8,3.4,1.95,4.35,3.5,1.98,4.28,3.52,1.99,E0 (11).csv,3.6,3.3,2.0,4.33,3.25,1.91,4.2,3.5,2.0,4.35,4.08,3.6,3.42,2.05,1.96,2.22,2.12,1.8,1.71,,,
2016-01-23,Watford,Newcastle,2.05,3.5,4.0,2.1,3.4,3.3,2.0,3.4,3.6,2.07,3.54,3.93,2.02,3.66,3.98,E0 (11).csv,2.0,3.3,3.6,2.1,3.2,3.75,2.1,3.5,3.8,2.1,2.05,3.54,3.39,4.0,3.75,2.15,2.07,1.8,1.74,,,
2016-01-23,West Brom,Aston Villa,2.1,3.3,4.0,2.1,3.2,3.5,2.1,3.1,3.8,2.17,3.28,3.92,2.36,3.17,3.57,E0 (11).csv,2.15,3.25,3.25,2.1,3.0,4.0,2.2,3.1,4.0,2.2,2.13,3.4,3.17,4.0,3.82,2.68,2.53,1.56,1.5,,,
2016-01-23,West Ham,Man City,5.0,4.0,1.73,4.6,4.0,1.72,4.75,3.8,1.67,5.19,4.09,1.71,5.0,4.22,1.71,E0 (11).csv,4.7,3.6,1.7,5.0,3.6,1.73,5.4,3.8,1.73,5.4,4.98,4.1,3.87,1.74,1.7,1.77,1.71,2.21,2.12,,,
2016-01-23,Sunderland,Bournemouth,3.0,3.4,2.5,2.8,3.2,2.5,2.9,3.1,2.4,3.06,3.34,2.54,2.82,3.45,2.66,E0 (11).csv,2.65,3.3,2.5,3.0,3.0,2.5,3.0,3.3,2.55,3.07,2.94,3.4,3.26,2.55,2.48,2.2,2.12,1.77,1.71,,,
2016-01-24,Arsenal,Chelsea,2.1,3.5,3.9,2.05,3.3,4.0,2.0,3.4,3.6,2.06,3.62,3.87,2.32,3.33,3.46,E0 (11).csv,2.2,3.25,3.3,2.1,3.2,3.75,2.05,3.5,4.0,2.2,2.04,3.62,3.43,4.0,3.76,2.02,1.94,1.96,1.87,,,
2016-01-24,Everton,Swansea,1.73,3.8,5.5,1.72,3.6,4.75,1.67,3.6,5.25,1.69,3.92,5.77,1.75,3.81,5.35,E0 (11).csv,1.7,3.6,4.7,1.67,3.6,5.5,1.7,3.9,5.5,1.75,1.68,4.0,3.75,5.77,5.31,2.04,1.95,1.91,1.86,,,
2016-02-02,West Ham,Aston Villa,1.91,3.5,4.75,1.85,3.5,4.1,1.85,3.4,4.33,1.89,3.57,4.69,1.86,3.54,4.95,E0 (11).csv,1.9,3.45,3.8,1.91,3.2,4.33,1.9,3.5,4.75,1.95,1.88,3.57,3.46,4.87,4.42,2.26,2.16,1.74,1.68,,,
2016-02-02,West Brom,Swansea,2.63,3.1,3.1,2.5,3.1,2.9,2.6,2.9,3.0,2.68,3.04,3.14,2.59,3.09,3.22,E0 (11).csv,2.5,3.05,2.85,2.62,3.0,2.9,2.7,3.0,3.1,2.7,2.61,3.1,3.01,3.25,3.01,2.91,2.71,1.5,1.45,,,
2016-02-02,Sunderland,Man City,8.0,4.75,1.45,6.75,4.5,1.48,6.5,4.5,1.44,7.5,4.73,1.48,7.28,4.89,1.47,E0 (11).csv,6.1,4.0,1.5,7.0,4.0,1.5,8.0,4.75,1.45,8.0,7.06,4.8,4.49,1.5,1.47,1.71,1.66,2.32,2.21,,,
2016-02-02,Norwich,Tottenham,4.5,3.75,1.85,4.25,3.4,1.85,4.2,3.6,1.83,4.57,3.79,1.85,5.08,3.98,1.75,E0 (11).csv,3.8,3.45,1.9,4.5,3.4,1.83,4.75,3.75,1.83,4.8,4.37,3.88,3.64,1.9,1.84,1.97,1.89,1.97,1.91,,,
2016-02-02,Man United,Stoke,1.7,3.75,5.75,1.67,3.7,5.5,1.65,3.6,5.75,1.68,3.82,6.17,1.62,3.92,6.75,E0 (11).csv,1.75,3.5,4.5,1.67,3.5,6.0,1.7,3.6,6.25,1.75,1.67,3.83,3.67,6.26,5.73,2.34,2.25,1.67,1.63,,,
2016-02-02,Leicester,Liverpool,2.63,3.4,2.88,2.6,3.2,2.8,2.5,3.3,2.7,2.62,3.44,2.88,2.92,3.31,2.67,E0 (11).csv,2.6,3.2,2.6,2.62,3.1,2.8,2.63,3.3,2.9,2.65,2.58,3.51,3.28,2.9,2.81,2.15,2.06,1.83,1.76,,,
2016-02-02,Crystal Palace,Bournemouth,2.45,3.3,3.2,2.4,3.2,2.9,2.4,3.1,3.1,2.48,3.25,3.23,2.64,3.28,2.97,E0 (11).csv,2.3,3.2,3.0,2.5,3.1,3.0,2.45,3.25,3.25,2.5,2.42,3.32,3.19,3.33,3.12,2.37,2.24,1.68,1.63,,,
2016-02-02,Arsenal,Southampton,1.75,3.75,5.25,1.8,3.5,4.75,1.73,3.5,5.0,1.76,3.72,5.39,1.83,3.65,4.97,E0 (11).csv,1.75,3.5,4.5,1.8,3.2,5.0,1.75,3.75,5.2,1.83,1.76,3.75,3.58,5.62,5.0,2.14,2.07,1.81,1.74,,,
2016-02-03,Everton,Newcastle,1.65,4.2,5.5,1.67,3.5,5.25,1.65,4.0,4.75,1.68,4.27,5.23,1.74,4.08,4.98,E0 (11).csv,1.65,3.7,4.9,1.67,3.8,5.0,1.65,4.2,5.5,1.72,1.65,4.36,4.03,5.5,5.12,1.67,1.63,2.36,2.26,,,
2016-02-03,Watford,Chelsea,4.33,3.5,1.95,4.1,3.4,1.95,4.0,3.3,1.91,4.32,3.43,2.01,5.0,3.75,1.81,E0 (11).csv,3.6,3.3,2.0,4.0,3.25,2.0,4.4,3.4,2.0,4.4,4.1,3.51,3.36,2.05,1.98,2.31,2.23,1.71,1.65,,,
2016-02-06,Tottenham,Watford,1.5,4.33,8.0,1.5,4.0,6.5,1.48,4.0,7.0,1.51,4.39,7.73,1.52,4.4,7.38,E0 (11).csv,1.5,4.0,6.1,1.5,4.0,7.0,1.5,4.33,8.0,1.54,1.49,4.4,4.22,8.0,7.19,1.96,1.87,1.97,1.91,,,
2016-02-06,Swansea,Crystal Palace,2.25,3.3,3.6,2.25,3.2,3.2,2.2,3.1,3.5,2.26,3.28,3.67,2.39,3.22,3.44,E0 (11).csv,2.1,3.3,3.3,2.25,3.1,3.4,2.2,3.25,3.7,2.3,2.23,3.3,3.2,3.72,3.49,2.48,2.36,1.63,1.57,,,
2016-02-06,Stoke,Everton,2.7,3.4,2.8,2.6,3.3,2.75,2.5,3.2,2.8,2.66,3.36,2.88,2.94,3.38,2.6,E0 (11).csv,2.55,3.3,2.6,2.62,3.1,2.8,2.6,3.4,2.9,2.75,2.6,3.47,3.28,2.92,2.79,2.1,1.98,1.9,1.81,,,
2016-02-06,Liverpool,Sunderland,1.44,4.75,8.5,1.44,4.33,8.0,1.4,4.33,7.5,1.45,4.71,8.42,1.43,4.86,8.6,E0 (11).csv,1.4,4.4,7.3,1.44,4.2,8.0,1.44,4.6,8.5,1.5,1.44,4.75,4.46,9.0,7.82,1.82,1.76,2.12,2.04,,,
2016-02-06,Newcastle,West Brom,2.15,3.4,3.8,2.15,3.2,3.4,2.15,3.1,3.6,2.22,3.33,3.71,2.29,3.31,3.55,E0 (11).csv,2.1,3.3,3.3,2.2,3.3,3.3,2.15,3.3,3.9,2.25,2.14,3.4,3.28,3.9,3.63,2.36,2.25,1.69,1.63,,,
2016-02-06,Man City,Leicester,1.62,4.2,6.0,1.62,4.0,5.5,1.57,4.0,5.75,1.61,4.26,6.14,1.6,4.29,6.21,E0 (11).csv,1.6,4.0,5.0,1.62,3.6,6.0,1.62,4.2,6.0,1.63,1.6,4.3,4.06,6.28,5.75,1.76,1.7,2.25,2.12,,,
2016-02-06,Aston Villa,Norwich,2.45,3.2,3.3,2.4,3.2,2.9,2.3,3.2,3.2,2.44,3.27,3.28,2.56,3.21,3.15,E0 (11).csv,2.4,3.2,2.85,2.4,3.1,3.1,2.45,3.25,3.25,2.45,2.38,3.32,3.18,3.31,3.18,2.35,2.27,1.68,1.62,,,
2016-02-06,Southampton,West Ham,1.73,3.8,5.5,1.72,3.5,5.0,1.67,3.6,5.25,1.77,3.74,5.33,1.71,3.98,5.42,E0 (11).csv,1.7,3.6,4.7,1.75,3.5,5.0,1.75,3.7,5.5,1.8,1.73,3.8,3.64,5.5,5.14,2.21,2.12,1.8,1.71,,,
2016-02-07,Bournemouth,Arsenal,3.8,3.5,2.1,3.7,3.4,2.05,3.6,3.4,2.05,3.84,3.58,2.08,4.53,3.66,1.9,E0 (11).csv,3.6,3.3,2.0,4.0,3.2,2.0,4.0,3.5,2.05,4.0,3.72,3.66,3.41,2.13,2.05,2.1,2.02,1.85,1.77,,,
2016-02-07,Chelsea,Man United,2.15,3.3,3.9,2.1,3.2,3.9,2.05,3.2,3.8,2.1,3.37,4.04,2.14,3.35,3.94,E0 (11).csv,2.2,3.3,3.1,2.1,3.1,3.8,2.15,3.25,4.0,2.2,2.09,3.4,3.26,4.2,3.83,2.49,2.34,1.64,1.58,,,
2016-02-13,Bournemouth,Stoke,2.05,3.4,4.1,2.05,3.3,3.6,2.0,3.25,3.8,2.07,3.44,4.06,1.95,3.57,4.38,E0 (11).csv,2.1,3.3,3.3,2.05,3.1,4.0,2.05,3.4,4.1,2.15,2.05,3.52,3.35,4.2,3.82,2.25,2.14,1.8,1.7,,,
2016-02-13,Chelsea,Newcastle,1.44,4.75,8.0,1.45,4.5,7.0,1.44,4.5,7.0,1.46,4.79,7.95,1.39,5.2,9.1,E0 (11).csv,1.5,4.0,6.1,1.44,4.2,8.0,1.44,4.8,8.0,1.5,1.44,4.8,4.55,8.1,7.42,1.7,1.65,2.4,2.22,,,
2016-02-13,Crystal Palace,Watford,2.25,3.3,3.6,2.25,3.2,3.2,2.2,3.1,3.5,2.24,3.28,3.71,2.23,3.25,3.78,E0 (11).csv,2.2,3.3,3.1,2.3,3.1,3.3,2.25,3.2,3.75,2.3,2.23,3.33,3.2,3.77,3.51,2.44,2.34,1.65,1.59,,,
2016-02-13,Everton,West Brom,1.53,4.2,7.5,1.53,3.9,6.25,1.5,4.0,6.5,1.52,4.33,7.65,1.5,4.49,7.6,E0 (11).csv,1.6,3.7,5.4,1.53,3.75,7.0,1.53,4.2,7.5,1.6,1.52,4.35,4.13,7.71,6.82,2.02,1.92,1.95,1.88,,,
2016-02-13,Norwich,West Ham,2.38,3.4,3.25,2.4,3.3,3.0,2.4,3.25,2.9,2.43,3.42,3.16,2.5,3.33,3.12,E0 (11).csv,2.6,3.2,2.6,2.5,3.2,2.9,2.45,3.4,3.13,2.6,2.41,3.53,3.33,3.25,3.02,2.08,1.99,1.9,1.8,,,
2016-02-13,Sunderland,Man United,5.25,3.75,1.75,4.75,3.5,1.8,4.75,3.5,1.75,5.1,3.74,1.79,5.27,3.69,1.79,E0 (11).csv,4.5,3.5,1.75,5.0,3.3,1.8,5.5,3.7,1.75,5.5,5.0,3.78,3.6,1.83,1.76,2.25,2.15,1.75,1.69,,,
2016-02-13,Swansea,Southampton,3.2,3.25,2.5,2.9,3.2,2.4,3.1,3.1,2.3,3.24,3.26,2.47,3.2,3.25,2.51,E0 (11).csv,2.6,3.2,2.6,3.0,3.1,2.5,3.25,3.2,2.45,3.25,3.11,3.33,3.18,2.6,2.43,2.5,2.4,1.6,1.55,,,
2016-02-14,Man City,Tottenham,2.1,3.75,3.6,2.1,3.5,3.6,2.05,3.4,3.5,2.06,3.66,3.82,2.15,3.44,3.78,E0 (11).csv,1.9,3.45,3.8,2.1,3.3,3.6,2.05,3.6,3.9,2.1,2.06,3.79,3.53,3.9,3.61,1.78,1.72,2.2,2.11,,,
2016-02-14,Arsenal,Leicester,1.75,4.0,5.0,1.75,4.0,4.33,1.7,3.8,4.5,1.71,4.16,5.08,1.68,4.23,5.32,E0 (11).csv,1.8,3.5,4.2,1.75,3.8,4.5,1.75,4.1,4.75,1.8,1.72,4.2,3.95,5.11,4.71,1.81,1.76,2.16,2.05,,,
2016-02-14,Aston Villa,Liverpool,4.75,3.6,1.85,4.5,3.5,1.85,4.5,3.4,1.8,4.89,3.59,1.86,5.81,3.87,1.69,E0 (11).csv,3.6,3.3,2.0,4.5,3.4,1.85,5.0,3.6,1.83,5.04,4.59,3.62,3.49,2.0,1.84,2.32,2.23,1.7,1.65,,,
2016-02-27,Leicester,Norwich,1.5,4.33,6.0,1.5,4.2,6.0,1.5,4.2,6.0,1.57,4.42,6.32,1.57,4.19,6.95,E0 (11).csv,1.5,4.0,6.1,1.5,4.2,6.5,1.55,4.4,6.5,1.59,1.54,4.5,4.24,6.5,6.11,1.81,1.74,2.2,2.08,,,
2016-02-27,Southampton,Chelsea,2.8,3.25,2.5,2.9,3.2,2.55,2.8,3.1,2.5,2.9,3.37,2.65,3.23,3.3,2.45,E0 (11).csv,2.85,3.2,2.5,2.75,3.2,2.62,2.9,3.3,2.63,2.96,2.83,3.37,3.22,2.65,2.58,2.25,2.16,1.74,1.68,,,
2016-02-27,Stoke,Aston Villa,1.62,3.75,5.5,1.65,3.6,5.5,1.67,3.6,5.5,1.69,3.74,6.16,1.92,3.45,4.78,E0 (11).csv,1.65,3.6,5.1,1.67,3.4,6.0,1.7,3.75,6.0,1.71,1.67,3.8,3.63,6.16,5.67,2.35,2.27,1.69,1.62,,,
2016-02-27,Watford,Bournemouth,2.38,3.25,3.0,2.35,3.1,3.1,2.38,3.2,3.0,2.45,3.31,3.22,2.64,3.36,2.91,E0 (11).csv,2.2,3.2,3.2,2.38,3.25,3.0,2.45,3.3,3.2,2.45,2.37,3.35,3.22,3.25,3.1,2.29,2.16,1.75,1.69,,,
2016-02-27,West Brom,Crystal Palace,2.6,3.1,2.8,2.6,3.1,2.9,2.75,3.0,2.75,2.84,3.13,2.87,2.96,3.23,2.68,E0 (11).csv,2.5,3.2,2.75,2.6,3.0,2.9,2.8,3.1,2.88,2.85,2.7,3.2,3.07,2.9,2.81,2.6,2.45,1.59,1.54,,,
2016-02-27,West Ham,Sunderland,1.8,3.5,4.5,1.83,3.4,4.33,1.8,3.6,4.33,1.85,3.75,4.7,1.86,3.7,4.69,E0 (11).csv,1.85,3.45,4.0,1.83,3.6,4.2,1.83,3.7,4.75,1.89,1.84,3.75,3.58,4.75,4.39,2.0,1.93,1.93,1.86,,,
2016-02-28,Tottenham,Swansea,1.4,4.2,9.0,1.45,3.9,8.0,1.44,4.0,8.0,1.48,4.5,8.27,1.5,4.22,8.62,E0 (11).csv,1.45,4.0,7.0,1.44,4.2,7.5,1.45,4.5,8.0,1.5,1.45,4.6,4.27,9.0,7.83,2.06,1.96,1.88,1.83,,,
2016-02-28,Man United,Arsenal,3.0,3.25,2.38,2.95,3.2,2.5,2.9,3.1,2.4,3.32,3.32,2.39,3.46,3.4,2.29,E0 (11).csv,2.7,3.1,2.6,3.3,3.2,2.25,3.4,3.25,2.38,3.4,3.17,3.32,3.21,2.6,2.37,2.42,2.27,1.67,1.62,,,
2016-03-01,Aston Villa,Everton,4.5,3.6,1.91,4.33,3.6,1.85,4.5,3.5,1.9,4.44,3.69,1.91,5.48,4.14,1.68,E0 (11).csv,3.8,3.45,1.9,4.5,3.4,1.85,4.6,3.6,1.9,4.7,4.4,3.7,3.53,1.93,1.87,2.08,2.0,1.9,1.81,,,
2016-03-01,Bournemouth,Southampton,2.9,3.25,2.7,2.75,3.3,2.6,2.9,3.2,2.62,2.91,3.3,2.68,2.86,3.26,2.74,E0 (11).csv,2.75,3.2,2.5,2.88,3.1,2.62,2.9,3.2,2.7,2.97,2.87,3.3,3.17,2.71,2.63,2.4,2.29,1.68,1.62,,,
2016-03-01,Leicester,West Brom,1.73,3.8,5.5,1.7,3.75,5.25,1.67,3.75,6.0,1.73,3.84,5.5,1.68,3.95,5.87,E0 (11).csv,1.7,3.6,4.7,1.7,3.5,5.5,1.7,3.75,6.0,1.77,1.7,3.85,3.67,6.0,5.44,2.21,2.13,1.77,1.71,,,
2016-03-01,Norwich,Chelsea,5.25,4.0,1.7,5.25,3.8,1.67,5.5,4.0,1.67,5.31,4.08,1.7,5.56,3.86,1.72,E0 (11).csv,5.1,3.6,1.65,5.5,3.6,1.67,5.4,4.0,1.7,5.7,5.26,4.08,3.89,1.71,1.68,1.91,1.83,2.05,1.97,,,
2016-03-01,Sunderland,Crystal Palace,2.5,3.3,3.1,2.45,3.2,3.0,2.45,3.2,3.2,2.48,3.36,3.13,2.49,3.27,3.19,E0 (11).csv,2.5,3.3,2.65,2.5,3.1,3.0,2.5,3.3,3.13,2.55,2.46,3.4,3.24,3.2,3.03,2.28,2.18,1.72,1.68,,,
2016-03-02,West Ham,Tottenham,4.0,3.6,2.0,3.7,3.3,2.0,3.8,3.5,2.05,4.03,3.64,2.01,3.6,3.38,2.24,E0 (11).csv,3.6,3.3,2.0,4.0,3.2,2.0,4.0,3.5,2.05,4.1,3.89,3.64,3.47,2.06,1.99,2.05,1.97,1.88,1.82,,,
2016-03-02,Stoke,Newcastle,2.0,3.5,4.2,1.83,3.4,4.33,1.95,3.4,4.33,2.03,3.53,4.1,2.06,3.51,4.0,E0 (11).csv,1.9,3.45,3.8,1.95,3.4,4.0,2.0,3.5,4.2,2.05,1.97,3.57,3.39,4.33,4.07,2.12,2.05,1.83,1.76,,,
2016-03-02,Arsenal,Swansea,1.36,5.25,10.0,1.36,4.6,8.25,1.36,5.0,10.0,1.37,5.21,10.28,1.29,5.95,12.55,E0 (11).csv,1.35,4.8,7.6,1.36,4.8,8.5,1.36,5.2,10.0,1.4,1.36,5.25,4.9,10.28,9.25,1.83,1.76,2.17,2.04,,,
2016-03-02,Liverpool,Man City,2.63,3.4,2.88,2.55,3.2,2.75,2.62,3.4,2.8,2.64,3.5,2.81,2.79,3.53,2.64,E0 (11).csv,2.6,3.2,2.6,2.62,3.2,2.8,2.7,3.4,2.8,2.7,2.57,3.51,3.33,2.88,2.79,2.0,1.93,1.95,1.87,,,
2016-03-02,Man United,Watford,1.67,3.8,6.0,1.65,3.5,5.5,1.67,3.75,6.0,1.66,3.92,6.21,1.64,3.99,6.3,E0 (11).csv,1.65,3.6,5.1,1.67,3.4,6.0,1.67,3.9,6.0,1.69,1.65,4.0,3.71,6.5,5.87,2.22,2.12,1.77,1.71,,,
2016-03-05,Chelsea,Stoke,1.5,4.5,7.5,1.5,3.9,6.75,1.48,4.2,7.0,1.52,4.44,7.28,1.52,4.32,7.63,E0 (11).csv,1.5,4.0,6.1,1.53,3.75,7.0,1.53,4.3,7.0,1.53,1.5,4.5,4.23,7.5,6.89,1.88,1.82,2.07,1.98,,,
2016-03-05,Everton,West Ham,1.73,4.0,5.0,1.7,3.6,5.0,1.67,3.8,5.0,1.71,4.11,5.17,1.67,4.27,5.39,E0 (11).csv,1.8,3.5,4.2,1.75,3.5,5.0,1.7,4.1,5.2,1.8,1.7,4.2,3.91,5.25,4.93,1.77,1.72,2.2,2.1,,,
2016-03-05,Man City,Aston Villa,1.22,7.0,15.0,1.19,6.5,13.0,1.2,6.5,15.0,1.22,7.08,16.27,1.19,7.99,18.14,E0 (11).csv,1.2,5.8,13.0,1.22,5.5,17.0,1.22,7.0,15.0,1.24,1.21,7.5,6.67,17.0,14.95,1.58,1.53,2.6,2.46,,,
2016-03-05,Newcastle,Bournemouth,2.63,3.4,2.88,2.5,3.4,2.65,2.5,3.25,2.75,2.74,3.4,2.77,2.59,3.4,2.94,E0 (11).csv,2.6,3.1,2.7,2.62,3.1,2.8,2.7,3.4,2.75,2.74,2.63,3.49,3.3,2.88,2.74,2.02,1.93,1.97,1.87,,,
2016-03-05,Southampton,Sunderland,1.6,4.0,6.5,1.5,3.9,6.75,1.57,3.8,6.0,1.63,4.04,6.29,1.62,4.2,6.07,E0 (11).csv,1.6,3.7,5.4,1.62,3.6,6.0,1.6,4.1,6.5,1.65,1.59,4.1,3.88,6.75,6.19,2.05,1.97,1.89,1.83,,,
2016-03-05,Swansea,Norwich,2.05,3.5,4.0,1.91,3.3,4.1,1.95,3.3,3.8,2.04,3.47,4.13,2.16,3.33,3.89,E0 (11).csv,1.9,3.45,3.8,2.05,3.1,4.0,2.0,3.5,4.2,2.05,2.0,3.5,3.38,4.2,3.99,2.19,2.11,1.79,1.72,,,
2016-03-05,Tottenham,Arsenal,2.38,3.4,3.25,2.35,3.4,2.85,2.3,3.3,3.0,2.39,3.54,3.13,2.31,3.51,3.29,E0 (11).csv,2.5,3.2,2.75,2.4,3.1,3.1,2.38,3.6,3.1,2.5,2.36,3.62,3.38,3.25,3.08,1.86,1.8,2.11,2.0,,,
2016-03-05,Watford,Leicester,3.0,3.4,2.55,2.7,3.4,2.45,2.9,3.2,2.4,3.01,3.33,2.58,2.99,3.39,2.56,E0 (11).csv,3.0,3.2,2.3,2.8,3.1,2.62,3.0,3.3,2.55,3.01,2.94,3.4,3.25,2.62,2.5,2.24,2.11,1.8,1.71,,,
2016-03-06,West Brom,Man United,4.33,3.4,2.0,4.2,3.25,1.91,4.0,3.25,1.95,4.24,3.42,2.03,4.45,3.61,1.93,E0 (11).csv,3.8,3.45,1.9,4.0,3.2,2.0,4.33,3.3,2.05,4.33,4.1,3.5,3.32,2.06,1.99,2.36,2.29,1.65,1.61,,,
2016-03-06,Crystal Palace,Liverpool,3.8,3.5,2.1,3.5,3.2,2.1,3.5,3.3,2.05,3.71,3.5,2.15,3.78,3.51,2.13,E0 (11).csv,3.3,3.3,2.1,3.75,3.1,2.15,3.75,3.4,2.15,3.8,3.63,3.5,3.39,2.19,2.1,2.12,2.07,1.81,1.74,,,
2016-03-12,Stoke,Southampton,2.7,3.2,2.9,2.7,3.2,2.6,2.7,3.1,2.75,2.73,3.22,2.91,2.72,3.25,2.9,E0 (11).csv,2.65,3.1,2.65,2.7,3.1,2.7,2.75,3.2,2.88,2.75,2.68,3.22,3.14,2.93,2.8,2.5,2.37,1.65,1.57,,,
2016-03-12,Bournemouth,Swansea,1.95,3.5,4.33,1.91,3.3,4.1,1.91,3.3,4.2,1.96,3.49,4.47,2.02,3.54,4.12,E0 (11).csv,2.0,3.3,3.6,2.0,3.2,4.0,1.95,3.4,4.5,2.0,1.95,3.5,3.34,4.5,4.26,2.36,2.25,1.7,1.63,,,
2016-03-12,Norwich,Man City,6.0,4.2,1.6,6.0,3.75,1.57,5.75,4.0,1.57,6.0,4.2,1.63,6.85,4.31,1.56,E0 (11).csv,5.4,3.7,1.6,6.0,3.6,1.62,6.25,4.2,1.6,6.75,5.86,4.33,4.0,1.65,1.6,1.86,1.79,2.15,2.01,,,
2016-03-13,Aston Villa,Tottenham,7.5,4.5,1.5,7.0,4.2,1.45,7.0,4.2,1.48,7.27,4.41,1.52,7.45,4.5,1.51,E0 (11).csv,6.1,4.0,1.5,7.0,4.0,1.5,7.0,4.4,1.5,7.75,6.97,4.5,4.26,1.53,1.49,1.98,1.9,1.97,1.89,,,
2016-03-14,Leicester,Newcastle,1.57,4.33,6.25,1.53,4.0,6.0,1.55,4.0,6.0,1.62,4.29,5.92,1.58,4.36,6.35,E0 (11).csv,1.65,3.6,5.1,1.62,3.6,6.0,1.62,4.2,6.0,1.67,1.59,4.33,4.08,6.5,5.76,1.81,1.74,2.2,2.07,,,
2016-03-19,Chelsea,West Ham,1.75,3.8,5.25,1.7,3.8,4.6,1.7,3.75,5.0,1.76,3.9,5.1,1.83,3.76,4.78,E0 (11).csv,1.7,3.7,4.5,1.73,3.6,5.0,1.73,3.9,5.2,1.78,1.72,3.96,3.78,5.25,4.89,1.92,1.83,2.07,1.97,,,
2016-03-19,Crystal Palace,Leicester,3.0,3.4,2.5,2.95,3.2,2.4,2.9,3.25,2.4,2.96,3.35,2.6,2.89,3.35,2.66,E0 (11).csv,3.0,3.2,2.3,3.0,3.1,2.5,3.0,3.3,2.55,3.1,2.93,3.5,3.26,2.6,2.48,2.2,2.14,1.76,1.7,,,
2016-03-19,Everton,Arsenal,2.7,3.5,2.7,2.6,3.4,2.55,2.62,3.5,2.5,2.67,3.64,2.69,2.7,3.66,2.65,E0 (11).csv,2.6,3.2,2.6,2.5,3.6,2.6,2.7,3.6,2.7,2.77,2.62,3.7,3.48,2.75,2.63,1.75,1.7,2.23,2.14,,,
2016-03-19,Swansea,Aston Villa,1.67,3.8,6.0,1.6,3.75,5.75,1.62,3.6,5.75,1.73,3.81,5.55,1.68,4.05,5.55,E0 (11).csv,1.55,4.0,5.5,1.67,3.4,6.0,1.7,3.8,5.75,1.73,1.66,4.0,3.73,6.0,5.58,2.29,2.15,1.82,1.69,,,
2016-03-19,Watford,Stoke,2.4,3.25,3.3,2.4,3.1,3.0,2.3,3.1,3.2,2.4,3.27,3.36,2.22,3.27,3.79,E0 (11).csv,2.4,3.2,2.85,2.5,3.0,3.1,2.45,3.2,3.3,2.5,2.39,3.27,3.16,3.36,3.17,2.51,2.37,1.63,1.58,,,
2016-03-19,West Brom,Norwich,2.25,3.3,3.6,2.2,3.1,3.4,2.2,3.1,3.4,2.31,3.24,3.6,2.44,3.25,3.3,E0 (11).csv,2.1,3.3,3.3,2.25,3.2,3.3,2.25,3.2,3.7,2.33,2.23,3.3,3.2,3.7,3.45,2.51,2.35,1.65,1.58,,,
2016-03-20,Man City,Man United,1.83,3.75,4.75,1.83,3.6,4.0,1.8,3.6,4.5,1.86,3.75,4.61,2.01,3.61,4.09,E0 (11).csv,1.8,3.5,4.2,1.85,3.4,4.5,1.85,3.75,4.6,1.87,1.83,3.8,3.62,4.75,4.42,2.0,1.93,1.94,1.86,,,
2016-03-20,Newcastle,Sunderland,2.1,3.5,3.8,2.1,3.2,3.5,2.05,3.3,3.6,2.13,3.43,3.85,2.24,3.22,3.79,E0 (11).csv,2.1,3.3,3.3,2.2,3.1,3.5,2.1,3.5,3.8,2.2,2.11,3.53,3.34,3.85,3.61,2.12,2.01,1.85,1.79,,,
2016-03-20,Southampton,Liverpool,2.63,3.4,2.88,2.4,3.3,2.85,2.5,3.1,2.8,2.71,3.29,2.88,2.94,3.3,2.65,E0 (11).csv,2.6,3.2,2.6,2.75,3.0,2.75,2.7,3.25,2.9,2.75,2.61,3.4,3.21,2.9,2.81,2.35,2.22,1.7,1.65,,,
2016-03-20,Tottenham,Bournemouth,1.53,4.33,7.0,1.5,4.33,5.75,1.53,4.0,6.0,1.56,4.41,6.57,1.52,4.31,7.55,E0 (11).csv,1.5,4.0,6.1,1.57,3.75,6.5,1.53,4.4,7.0,1.57,1.53,4.5,4.24,7.0,6.2,1.8,1.73,2.23,2.09,,,
2016-04-02,Sunderland,West Brom,2.1,3.3,4.0,2.0,3.3,3.7,2.15,3.2,3.8,2.11,3.36,4.0,2.0,3.4,4.39,E0 (11).csv,2.1,3.3,3.3,2.05,3.1,4.0,2.1,3.25,4.1,2.15,2.08,3.4,3.27,4.1,3.81,2.49,2.39,1.63,1.57,,,
2016-04-02,Stoke,Swansea,2.2,3.4,3.6,2.1,3.25,3.5,2.2,3.25,3.6,2.17,3.39,3.8,2.13,3.37,3.96,E0 (11).csv,2.2,3.2,3.2,2.2,3.3,3.3,2.25,3.2,3.75,2.25,2.16,3.4,3.28,3.87,3.58,2.38,2.29,1.68,1.61,,,
2016-04-02,Norwich,Newcastle,2.2,3.4,3.6,2.15,3.2,3.4,2.2,3.25,3.6,2.19,3.41,3.7,2.31,3.35,3.45,E0 (11).csv,2.2,3.2,3.2,2.25,3.25,3.2,2.25,3.3,3.6,2.25,2.18,3.44,3.29,3.7,3.48,2.22,2.13,1.77,1.71,,,
2016-04-02,West Ham,Crystal Palace,1.95,3.6,4.2,1.91,3.4,3.9,1.95,3.4,4.2,1.95,3.65,4.29,1.85,3.74,4.65,E0 (11).csv,2.0,3.3,3.6,2.0,3.2,4.0,1.95,3.6,4.3,2.0,1.95,3.66,3.51,4.33,4.01,2.02,1.96,1.92,1.84,,,
2016-04-02,Bournemouth,Man City,3.75,3.6,2.1,3.6,3.4,2.0,3.75,3.5,2.05,3.7,3.65,2.1,3.94,3.72,2.01,E0 (11).csv,3.6,3.3,2.0,3.75,3.3,2.05,3.7,3.6,2.1,3.75,3.62,3.71,3.5,2.13,2.05,1.9,1.81,2.06,1.99,,,
2016-04-02,Aston Villa,Chelsea,6.5,4.33,1.57,6.0,3.9,1.55,6.0,4.0,1.62,6.46,4.12,1.6,4.93,3.63,1.85,E0 (11).csv,6.1,4.0,1.5,6.5,3.75,1.57,6.5,4.0,1.6,6.6,6.14,4.33,3.98,1.68,1.58,2.06,1.98,1.9,1.82,,,
2016-04-02,Liverpool,Tottenham,2.5,3.4,3.0,2.45,3.3,2.8,2.6,3.3,2.9,2.49,3.5,3.01,2.15,3.56,3.66,E0 (11).csv,2.4,3.3,2.75,2.6,3.0,2.9,2.5,3.4,3.0,2.6,2.47,3.5,3.34,3.03,2.91,2.02,1.93,1.95,1.87,,,
2016-04-02,Arsenal,Watford,1.36,5.25,10.0,1.33,4.75,9.5,1.36,5.0,9.0,1.36,5.4,9.82,1.35,5.55,9.9,E0 (11).csv,1.33,4.8,8.3,1.36,4.8,8.5,1.36,5.4,9.5,1.38,1.35,5.4,5.03,10.0,9.07,1.75,1.69,2.25,2.16,,,
2016-04-03,Leicester,Southampton,2.25,3.4,3.5,2.15,3.3,3.3,2.25,3.25,3.5,2.27,3.35,3.56,2.39,3.32,3.32,E0 (11).csv,2.2,3.3,3.1,2.3,3.2,3.2,2.3,3.3,3.5,2.3,2.21,3.4,3.29,3.6,3.42,2.35,2.24,1.7,1.64,,,
2016-04-03,Man United,Everton,2.1,3.5,3.75,2.0,3.4,3.6,2.1,3.4,3.8,2.11,3.47,3.89,1.97,3.65,4.19,E0 (11).csv,1.9,3.45,3.8,2.1,3.1,3.8,2.1,3.4,3.9,2.13,2.06,3.51,3.38,4.0,3.76,2.13,2.05,1.83,1.76,,,
2016-04-09,Aston Villa,Bournemouth,3.4,3.2,2.2,3.5,3.4,2.05,3.4,3.3,2.15,3.64,3.47,2.19,3.78,3.58,2.1,E0 (11).csv,3.3,3.3,2.1,3.5,3.25,2.15,3.5,3.4,2.2,3.64,3.47,3.47,3.35,2.22,2.15,2.24,2.12,1.76,1.71,,,
2016-04-09,Watford,Everton,3.4,3.3,2.15,3.4,3.25,2.15,3.3,3.3,2.15,3.47,3.41,2.28,3.55,3.55,2.19,E0 (11).csv,2.95,3.1,2.4,3.5,3.25,2.15,3.5,3.4,2.25,3.5,3.35,3.41,3.32,2.4,2.21,2.16,2.08,1.83,1.74,,,
2016-04-09,Swansea,Chelsea,3.75,3.4,2.0,3.75,3.4,1.95,3.6,3.3,2.05,3.96,3.5,2.08,3.08,3.4,2.49,E0 (11).csv,3.5,3.3,2.05,3.8,3.3,2.0,4.0,3.4,2.1,4.0,3.77,3.5,3.36,2.1,2.05,2.19,2.11,1.78,1.72,,,
2016-04-09,West Ham,Arsenal,3.6,3.5,2.0,3.75,3.6,1.9,3.6,3.6,1.95,3.9,3.77,2.01,3.89,3.87,1.98,E0 (11).csv,3.6,3.3,2.0,3.5,3.6,2.0,3.9,3.75,2.0,3.93,3.72,3.83,3.61,2.05,1.98,1.81,1.74,2.19,2.08,,,
2016-04-09,Man City,West Brom,1.33,5.0,9.0,1.33,5.0,8.75,1.33,5.0,10.0,1.35,5.42,10.72,1.36,5.25,10.75,E0 (11).csv,1.37,4.6,7.5,1.33,4.8,10.0,1.33,5.2,10.5,1.37,1.33,5.42,5.08,11.5,9.94,1.77,1.71,2.21,2.12,,,
2016-04-09,Crystal Palace,Norwich,2.05,3.4,3.6,1.95,3.3,3.9,2.05,3.25,3.75,2.13,3.36,3.95,1.93,3.53,4.62,E0 (11).csv,2.05,3.3,3.5,2.0,3.4,3.8,2.1,3.4,3.9,2.15,2.07,3.41,3.33,3.95,3.73,2.25,2.14,1.77,1.7,,,
2016-04-09,Southampton,Newcastle,1.53,4.0,6.0,1.55,3.9,6.0,1.53,4.0,6.5,1.58,4.23,6.56,1.63,4.24,5.88,E0 (11).csv,1.6,3.9,5.0,1.57,3.75,6.5,1.57,4.1,7.0,1.6,1.56,4.23,4.0,7.0,6.14,2.01,1.95,1.92,1.84,,,
2016-04-10,Liverpool,Stoke,1.55,4.0,5.75,1.57,3.75,6.0,1.57,3.8,5.75,1.61,4.28,6.11,1.65,3.98,6.15,E0 (11).csv,1.65,3.6,5.1,1.6,3.75,6.0,1.62,4.1,6.25,1.65,1.59,4.28,3.99,6.25,5.8,2.05,1.89,1.99,1.9,,,
2016-04-10,Tottenham,Man United,1.91,3.5,4.0,1.91,3.3,4.1,1.91,3.4,4.0,1.92,3.65,4.44,2.0,3.54,4.2,E0 (11).csv,2.1,3.3,3.3,1.95,3.5,3.8,1.93,3.6,4.2,2.1,1.91,3.65,3.5,4.44,4.13,2.17,2.1,1.8,1.72,,,
2016-04-10,Sunderland,Leicester,3.4,3.4,2.1,3.3,3.4,2.1,3.4,3.3,2.15,3.51,3.5,2.23,3.3,3.33,2.4,E0 (11).csv,3.3,3.3,2.1,3.5,3.25,2.15,3.6,3.4,2.2,3.6,3.41,3.5,3.37,2.25,2.17,2.18,2.11,1.82,1.72,,,
2016-04-13,Crystal Palace,Everton,2.9,3.4,2.6,2.95,3.2,2.4,2.9,3.3,2.4,2.89,3.48,2.59,2.68,3.38,2.85,E0 (11).csv,2.95,3.1,2.4,2.8,3.1,2.6,2.9,3.4,2.6,2.95,2.85,3.49,3.3,2.63,2.52,2.04,1.97,1.91,1.83,,,
2016-04-16,West Brom,Watford,2.4,3.2,3.4,2.3,3.1,3.2,2.4,3.1,3.3,2.36,3.23,3.49,2.4,3.26,3.37,E0 (11).csv,2.3,3.1,3.1,2.4,3.1,3.1,2.38,3.13,3.5,2.4,2.34,3.26,3.14,3.5,3.31,2.6,2.46,1.6,1.53,,,
2016-04-16,Chelsea,Man City,2.75,3.4,2.7,2.4,3.4,2.75,2.75,3.3,2.75,2.72,3.54,2.7,2.61,3.55,2.81,E0 (11).csv,2.6,3.2,2.6,2.7,3.1,2.7,2.7,3.5,2.7,2.75,2.67,3.55,3.36,2.75,2.65,1.91,1.84,2.06,1.96,,,
2016-04-16,Everton,Southampton,2.7,3.4,2.8,2.5,3.25,2.75,2.6,3.3,2.88,2.66,3.39,2.85,3.0,3.52,2.48,E0 (11).csv,2.5,3.3,2.65,2.7,3.1,2.7,2.75,3.3,2.8,2.75,2.59,3.41,3.29,2.95,2.79,2.04,1.98,1.9,1.82,,,
2016-04-16,Man United,Aston Villa,1.22,7.0,17.0,1.2,6.0,15.0,1.22,6.0,17.0,1.26,6.35,14.88,1.25,6.4,15.0,E0 (11).csv,1.2,5.8,13.0,1.25,5.5,13.0,1.22,6.5,17.0,1.26,1.23,7.0,6.04,17.0,14.93,1.83,1.75,2.16,2.06,,,
2016-04-16,Newcastle,Swansea,2.3,3.4,3.4,2.25,3.2,3.2,2.3,3.3,3.3,2.28,3.47,3.4,2.43,3.46,3.13,E0 (11).csv,2.3,3.3,2.9,2.3,3.2,3.2,2.3,3.4,3.3,2.38,2.27,3.5,3.33,3.42,3.25,2.15,2.06,1.83,1.75,,,
2016-04-16,Norwich,Sunderland,2.4,3.3,3.25,2.25,3.25,3.1,2.4,3.25,3.2,2.33,3.41,3.35,2.35,3.36,3.36,E0 (11).csv,2.3,3.2,3.0,2.4,3.1,3.1,2.38,3.3,3.3,2.4,2.34,3.41,3.27,3.4,3.18,2.25,2.13,1.76,1.7,,,
2016-04-17,Leicester,West Ham,1.95,3.6,4.2,1.95,3.4,3.75,1.95,3.5,4.2,1.92,3.75,4.3,1.95,3.71,4.19,E0 (11).csv,2.0,3.3,3.6,1.91,3.3,4.2,1.91,3.7,4.3,2.0,1.91,3.8,3.57,4.3,4.08,2.0,1.91,1.95,1.89,,,
2016-04-17,Arsenal,Crystal Palace,1.33,5.75,9.5,1.33,5.0,8.75,1.36,5.25,9.0,1.36,5.52,9.56,1.34,5.85,9.7,E0 (11).csv,1.3,5.0,9.0,1.35,4.8,9.0,1.33,5.5,10.0,1.37,1.34,5.75,5.2,10.0,9.06,1.66,1.6,2.45,2.31,,,
2016-04-17,Bournemouth,Liverpool,3.6,3.5,2.15,3.3,3.4,2.1,3.5,3.4,2.2,3.71,3.52,2.14,2.69,3.48,2.77,E0 (11).csv,3.3,3.3,2.1,3.5,3.25,2.15,3.6,3.5,2.15,3.71,3.46,3.52,3.42,2.2,2.13,2.04,1.96,1.91,1.84,,,
2016-04-18,Stoke,Tottenham,4.5,3.75,1.85,4.1,3.5,1.85,4.5,3.6,1.85,4.81,3.74,1.83,5.02,4.0,1.75,E0 (11).csv,4.0,3.45,1.85,4.5,3.4,1.85,5.0,3.7,1.8,5.0,4.46,3.8,3.62,1.88,1.82,2.04,1.96,1.9,1.83,,,
2016-04-19,Newcastle,Man City,6.0,4.5,1.57,5.25,4.25,1.55,6.0,4.33,1.57,6.29,4.44,1.57,6.5,4.63,1.54,E0 (11).csv,5.4,3.7,1.6,6.0,3.8,1.57,6.25,4.4,1.57,6.29,5.86,4.5,4.24,1.65,1.57,1.72,1.66,2.33,2.21,,,
2016-04-20,Liverpool,Everton,1.73,4.0,5.0,1.7,3.75,4.75,1.67,3.8,4.75,1.7,4.13,5.22,1.7,4.07,5.31,E0 (11).csv,1.75,3.5,4.5,1.7,3.6,5.0,1.7,4.1,5.25,1.75,1.69,4.3,4.0,5.25,4.85,1.77,1.72,2.21,2.12,,,
2016-04-20,Man United,Crystal Palace,1.53,4.33,7.0,1.53,4.0,6.0,1.53,4.0,6.5,1.54,4.25,7.45,1.46,4.65,8.25,E0 (11).csv,1.55,4.0,5.5,1.53,3.8,7.0,1.55,4.2,7.0,1.57,1.53,4.33,4.09,7.45,6.68,2.08,1.97,1.88,1.83,,,
2016-04-20,West Ham,Watford,1.57,4.33,6.5,1.53,4.0,6.0,1.5,4.2,6.0,1.56,4.37,6.74,1.45,4.82,8.03,E0 (11).csv,1.65,3.6,5.1,1.53,4.0,6.5,1.57,4.3,6.5,1.65,1.54,4.37,4.16,6.83,6.3,1.86,1.81,2.08,2.0,,,
2016-04-21,Arsenal,West Brom,1.29,6.0,13.0,1.22,5.75,13.5,1.25,5.75,13.0,1.25,6.45,14.75,1.25,6.57,13.99,E0 (11).csv,1.25,5.5,10.3,1.29,5.0,12.0,1.25,6.25,15.0,1.29,1.25,6.45,5.87,15.0,12.76,1.66,1.62,2.45,2.28,,,
2016-04-23,Liverpool,Newcastle,1.57,4.5,6.0,1.57,4.2,5.25,1.57,4.33,6.0,1.57,4.58,6.05,1.52,4.67,6.69,E0 (11).csv,1.5,4.0,6.1,1.6,4.0,5.5,1.53,4.6,6.5,1.62,1.55,4.6,4.27,6.5,5.8,1.64,1.6,2.5,2.3,,,
2016-04-23,Man City,Stoke,1.3,6.0,11.0,1.3,5.5,8.5,1.33,5.5,10.0,1.31,5.91,11.67,1.31,6.0,11.35,E0 (11).csv,1.3,5.0,9.0,1.33,5.0,9.0,1.33,5.4,11.0,1.33,1.3,6.0,5.5,11.67,10.42,1.69,1.62,2.45,2.26,,,
2016-04-23,Aston Villa,Southampton,7.5,4.2,1.53,6.0,4.0,1.53,6.5,4.0,1.57,6.61,4.2,1.58,6.95,4.35,1.55,E0 (11).csv,6.1,4.0,1.5,7.0,3.6,1.57,7.5,4.1,1.55,7.5,6.65,4.26,3.99,1.6,1.54,2.11,2.03,1.83,1.77,,,
2016-04-23,Bournemouth,Chelsea,3.1,3.5,2.4,2.9,3.3,2.35,3.0,3.5,2.4,3.09,3.6,2.39,3.55,3.68,2.14,E0 (11).csv,2.65,3.3,2.5,3.1,3.1,2.4,3.1,3.6,2.38,3.1,2.99,3.61,3.43,2.5,2.35,1.85,1.77,2.12,2.03,,,
2016-04-24,Sunderland,Arsenal,4.5,4.0,1.8,4.5,3.8,1.72,4.5,3.8,1.8,4.89,4.02,1.76,5.48,4.32,1.65,E0 (11).csv,4.3,3.65,1.75,4.5,3.5,1.8,5.0,4.0,1.75,5.0,4.64,4.02,3.8,1.81,1.76,1.8,1.73,2.2,2.09,,,
2016-04-24,Leicester,Swansea,1.75,3.7,5.5,1.7,3.5,5.0,1.75,3.6,5.5,1.74,3.79,5.54,1.71,3.87,5.64,E0 (11).csv,1.7,3.6,4.7,1.75,3.5,5.0,1.75,3.7,5.5,1.8,1.73,3.8,3.6,5.75,5.17,2.25,2.16,1.74,1.68,,,
2016-04-25,Tottenham,West Brom,1.22,7.0,15.0,1.25,5.5,12.0,1.25,6.0,15.0,1.24,6.82,15.4,1.24,6.9,15.25,E0 (11).csv,1.25,5.5,10.3,1.25,5.5,13.0,1.25,6.25,15.0,1.25,1.22,7.0,6.19,17.0,14.03,1.74,1.67,2.3,2.17,,,
2016-04-30,Arsenal,Norwich,1.29,6.5,11.0,1.25,6.0,12.5,1.25,5.75,12.0,1.27,6.28,13.26,1.25,6.7,13.65,E0 (11).csv,1.22,5.5,12.0,1.29,5.0,12.0,1.25,6.5,13.0,1.29,1.26,6.55,5.99,13.26,11.81,1.56,1.51,2.75,2.52,,,
2016-04-30,Everton,Bournemouth,2.0,3.8,3.8,2.0,3.6,3.7,1.95,3.6,3.6,2.0,3.8,3.89,2.42,3.73,2.95,E0 (11).csv,1.9,3.45,3.8,2.05,3.1,4.0,2.0,3.8,3.8,2.05,1.98,3.81,3.67,4.0,3.69,1.69,1.62,2.4,2.27,,,
2016-04-30,Newcastle,Crystal Palace,2.0,3.6,4.0,1.95,3.5,4.0,2.0,3.3,3.75,2.03,3.54,4.08,2.15,3.57,3.63,E0 (11).csv,1.9,3.45,3.8,2.05,3.1,4.0,1.95,3.6,4.2,2.05,1.99,3.61,3.47,4.2,3.87,2.1,2.01,1.85,1.8,,,
2016-04-30,Stoke,Sunderland,2.75,3.3,2.8,2.65,3.2,2.75,2.62,3.1,2.7,2.75,3.3,2.83,2.95,3.51,2.52,E0 (11).csv,2.6,3.2,2.6,2.62,3.1,2.8,2.75,3.3,2.8,2.75,2.68,3.35,3.2,2.83,2.74,2.15,2.07,1.8,1.75,,,
2016-04-30,Watford,Aston Villa,1.7,3.8,5.75,1.67,3.8,5.25,1.7,3.6,5.0,1.74,3.95,5.23,1.77,3.78,5.26,E0 (11).csv,1.6,3.9,5.0,1.7,3.5,5.5,1.7,3.8,5.5,1.75,1.7,3.95,3.74,5.75,5.16,2.06,2.0,1.9,1.81,,,
2016-04-30,West Brom,West Ham,4.0,3.4,2.1,3.8,3.5,2.0,3.8,3.3,1.95,4.06,3.49,2.05,3.94,3.68,2.02,E0 (11).csv,3.1,3.3,2.2,3.7,3.2,2.1,3.8,3.5,2.05,4.1,3.82,3.56,3.38,2.2,2.04,2.2,2.13,1.76,1.7,,,
2016-05-01,Swansea,Liverpool,3.1,3.5,2.4,3.1,3.4,2.3,3.0,3.4,2.3,3.15,3.56,2.37,3.57,3.63,2.15,E0 (11).csv,3.1,3.3,2.2,3.1,3.1,2.4,3.13,3.5,2.38,3.15,3.05,3.56,3.39,2.5,2.34,1.98,1.91,1.95,1.89,,,
2016-05-01,Southampton,Man City,2.8,3.4,2.7,2.7,3.4,2.6,2.62,3.3,2.62,2.73,3.44,2.75,2.42,3.56,3.06,E0 (11).csv,2.65,3.3,2.5,2.75,3.1,2.7,2.7,3.5,2.7,2.8,2.68,3.5,3.34,2.75,2.65,1.93,1.87,2.0,1.93,,,
2016-05-01,Man United,Leicester,2.1,3.4,3.9,2.1,3.4,3.6,2.0,3.3,3.8,2.07,3.45,4.04,2.0,3.49,4.28,E0 (11).csv,1.9,3.45,3.8,2.15,3.1,3.6,2.1,3.3,4.1,2.15,2.05,3.46,3.34,4.1,3.8,2.3,2.18,1.73,1.68,,,
2016-05-02,Chelsea,Tottenham,2.75,3.6,2.63,2.65,3.5,2.6,2.62,3.4,2.6,2.72,3.56,2.69,2.58,3.56,2.85,E0 (11).csv,2.6,3.2,2.6,2.75,3.1,2.7,2.75,3.6,2.63,2.75,2.68,3.6,3.43,2.7,2.59,1.85,1.78,2.09,2.01,,,
2016-05-07,Aston Villa,Newcastle,5.75,4.2,1.65,5.25,3.9,1.6,5.5,4.0,1.65,5.39,4.17,1.68,5.05,4.13,1.72,E0 (11).csv,5.0,3.9,1.6,6.0,3.6,1.62,5.75,4.0,1.65,6.0,5.45,4.33,3.98,1.73,1.63,1.93,1.86,2.03,1.94,,,
2016-05-07,Bournemouth,West Brom,1.95,3.6,4.2,1.9,3.4,4.0,1.95,3.5,4.33,1.96,3.54,4.38,1.93,3.65,4.38,E0 (11).csv,1.9,3.15,4.2,1.91,3.2,4.33,1.93,3.6,4.4,1.96,1.92,3.61,3.47,4.45,4.19,2.01,1.92,1.95,1.88,,,
2016-05-07,Crystal Palace,Stoke,2.05,3.5,3.9,2.05,3.2,3.7,2.1,3.4,3.8,2.07,3.53,3.93,2.02,3.54,4.12,E0 (11).csv,1.85,3.45,4.0,2.1,3.25,3.6,2.05,3.5,3.9,2.11,2.03,3.6,3.42,4.0,3.78,2.13,2.07,1.85,1.75,,,
2016-05-07,Leicester,Everton,1.91,4.0,4.0,1.83,3.5,4.25,1.9,3.75,4.2,1.91,3.98,4.07,1.83,4.21,4.21,E0 (11).csv,1.9,3.45,3.8,1.91,3.2,4.33,1.87,3.9,4.2,1.93,1.87,4.0,3.74,4.33,4.06,1.67,1.62,2.35,2.26,,,
2016-05-07,Norwich,Man United,4.5,3.6,1.91,4.1,3.4,1.87,4.33,3.6,1.91,4.59,3.68,1.88,3.82,3.53,2.11,E0 (11).csv,3.7,3.5,1.9,4.5,3.1,1.91,4.75,3.6,1.87,4.75,4.39,3.68,3.52,1.92,1.87,2.06,1.99,1.88,1.82,,,
2016-05-07,Sunderland,Chelsea,3.0,3.5,2.45,2.95,3.3,2.35,3.0,3.5,2.45,3.02,3.55,2.45,3.29,3.63,2.27,E0 (11).csv,2.6,3.2,2.6,3.0,3.2,2.38,3.0,3.5,2.45,3.02,2.89,3.6,3.44,2.6,2.43,1.86,1.79,2.08,2.01,,,
2016-05-07,West Ham,Swansea,1.44,4.75,8.0,1.45,4.25,6.75,1.44,4.75,8.0,1.43,4.96,8.34,1.35,5.73,9.76,E0 (11).csv,1.47,4.0,6.6,1.44,4.33,7.0,1.44,4.8,8.0,1.47,1.43,4.96,4.62,8.34,7.48,1.7,1.64,2.35,2.24,,,
2016-05-08,Tottenham,Southampton,2.05,3.6,3.9,1.91,3.6,3.7,2.0,3.6,4.0,2.03,3.71,3.88,2.25,3.44,3.49,E0 (11).csv,1.9,3.45,3.8,1.91,3.4,4.0,2.0,3.7,3.9,2.05,1.98,3.75,3.58,4.0,3.78,1.83,1.77,2.12,2.04,,,
2016-05-08,Man City,Arsenal,2.5,3.6,2.9,2.55,3.4,2.6,2.5,3.5,2.9,2.54,3.53,2.92,2.22,3.61,3.41,E0 (11).csv,2.4,3.2,2.85,2.5,3.1,2.9,2.55,3.5,2.88,2.56,2.48,3.6,3.43,2.95,2.81,1.77,1.7,2.25,2.14,,,
2016-05-08,Liverpool,Watford,1.5,4.5,7.5,1.44,4.4,6.75,1.53,4.5,6.5,1.54,4.65,6.48,1.55,4.48,6.55,E0 (11).csv,1.4,4.4,7.3,1.5,4.0,7.0,1.5,4.5,7.0,1.54,1.49,4.65,4.42,7.5,6.55,1.65,1.61,2.45,2.29,,,
2016-05-10,West Ham,Man United,3.0,3.5,2.45,2.85,3.5,2.4,3.0,3.4,2.45,3.01,3.56,2.46,3.15,3.47,2.41,E0 (11).csv,3.0,3.2,2.3,3.0,3.25,2.4,2.9,3.5,2.5,3.1,2.96,3.56,3.41,2.55,2.43,1.91,1.86,2.04,1.95,,,
2016-05-11,Liverpool,Chelsea,2.0,3.8,3.8,1.95,3.5,3.7,1.91,3.6,3.6,2.02,3.86,3.76,1.71,4.36,4.81,E0 (11).csv,1.9,3.45,3.8,1.95,3.5,3.75,2.0,3.8,3.8,2.05,1.97,3.9,3.69,3.9,3.71,1.69,1.64,2.35,2.24,,,
2016-05-11,Norwich,Watford,1.83,3.75,4.75,1.75,3.75,4.33,1.8,3.6,4.33,1.85,3.82,4.6,1.88,3.98,4.19,E0 (11).csv,1.8,3.6,4.0,1.8,3.3,5.0,1.83,3.75,4.75,1.87,1.82,3.81,3.66,5.0,4.43,1.94,1.89,1.98,1.9,,,
2016-05-11,Sunderland,Everton,1.75,4.0,5.0,1.72,3.5,5.0,1.7,3.8,4.75,1.75,4.0,5.05,1.86,3.98,4.31,E0 (11).csv,1.55,4.0,5.4,1.73,3.5,5.0,1.75,4.0,4.8,1.8,1.73,4.01,3.83,5.4,4.82,1.76,1.71,2.25,2.11,,,
2016-05-15,Arsenal,Aston Villa,1.17,9.0,17.0,1.16,7.0,16.0,1.15,9.0,19.0,1.17,9.35,18.0,1.12,12.03,23.6,E0 (11).csv,1.17,6.5,14.0,1.14,7.5,19.0,1.15,9.0,21.0,1.2,1.15,9.51,8.01,21.0,17.22,1.4,1.35,3.25,3.08,,,
2016-05-15,Newcastle,Tottenham,4.5,4.0,1.8,4.1,3.7,1.8,4.33,4.0,1.8,4.54,4.16,1.79,5.3,4.18,1.69,E0 (11).csv,4.5,3.5,1.75,4.5,3.4,1.83,4.6,4.0,1.75,4.6,4.38,4.16,3.84,1.85,1.78,1.7,1.65,2.34,2.21,,,
2016-05-15,Everton,Norwich,1.8,4.0,4.5,1.75,3.8,4.33,1.8,4.2,4.2,1.75,4.33,4.58,1.74,4.38,4.6,E0 (11).csv,1.85,3.45,4.0,1.75,3.75,4.5,1.8,3.9,4.6,1.85,1.75,4.33,4.0,4.6,4.36,1.63,1.58,2.45,2.34,,,
2016-05-15,Southampton,Crystal Palace,1.36,5.5,9.0,1.33,4.75,9.25,1.33,5.5,9.5,1.34,5.69,9.9,1.29,6.8,10.0,E0 (11).csv,1.4,4.4,7.3,1.36,4.8,8.0,1.33,5.5,10.0,1.4,1.33,5.69,5.29,10.0,9.03,1.67,1.62,2.42,2.26,,,
2016-05-15,Chelsea,Leicester,2.3,3.75,3.1,2.25,3.6,2.9,2.3,3.75,3.0,2.33,3.76,3.07,2.01,3.99,3.68,E0 (11).csv,2.1,3.3,3.3,2.3,3.3,3.1,2.3,3.75,3.1,2.35,2.28,3.8,3.58,3.3,3.02,1.68,1.63,2.36,2.25,,,
2016-05-15,Swansea,Man City,6.0,4.75,1.53,5.75,4.5,1.48,6.5,4.33,1.53,6.46,4.79,1.52,7.05,5.0,1.47,E0 (11).csv,7.0,4.0,1.45,5.5,4.33,1.53,5.2,4.75,1.53,7.0,6.04,4.8,4.5,1.59,1.51,1.58,1.53,2.6,2.45,,,
2016-05-15,Watford,Sunderland,2.05,3.75,3.7,2.05,3.3,3.6,2.05,3.75,3.6,2.03,3.8,3.78,1.64,4.52,5.27,E0 (11).csv,2.2,3.3,3.1,1.95,3.75,3.6,2.05,3.75,3.7,2.2,2.02,3.8,3.62,3.78,3.58,1.77,1.71,2.21,2.1,,,
2016-05-15,West Brom,Liverpool,2.4,3.6,3.0,2.35,3.5,2.75,2.4,3.6,2.9,2.42,3.7,2.97,2.61,3.75,2.7,E0 (11).csv,2.5,3.4,2.6,2.4,3.1,3.1,2.38,3.6,3.0,2.5,2.38,3.7,3.49,3.1,2.91,1.79,1.72,2.19,2.09,,,
2016-05-15,Stoke,West Ham,3.5,3.6,2.15,3.3,3.4,2.1,3.4,3.75,2.1,3.48,3.82,2.12,3.05,4.0,2.26,E0 (11).csv,2.9,3.3,2.3,3.5,3.1,2.2,3.5,3.8,2.1,3.5,3.37,3.83,3.59,2.3,2.1,1.67,1.6,2.39,2.27,,,
2016-05-17,Man United,Bournemouth,1.67,4.2,5.25,1.67,4.0,5.0,1.65,3.8,5.25,1.67,4.13,5.61,1.5,4.6,7.03,E0 (11).csv,1.7,3.7,4.5,1.67,4.0,4.75,1.67,4.1,5.2,1.72,1.66,4.33,4.03,5.61,5.08,1.74,1.66,2.3,2.2,,,
2017-08-11,Arsenal,Leicester,1.53,4.5,6.5,1.5,4.6,6.75,1.44,4.4,6.5,1.53,4.55,6.85,1.49,4.73,7.25,E0 (9).csv,1.47,4.5,6.5,1.53,4.2,6.0,1.53,4.5,6.5,1.55,1.51,4.6,4.43,6.89,6.44,1.65,1.61,2.43,2.32,,,
2017-08-12,West Brom,Bournemouth,2.4,3.3,3.3,2.4,3.2,3.1,2.4,3.1,3.0,2.46,3.25,3.26,2.65,3.21,3.02,E0 (9).csv,2.3,3.3,3.15,2.5,3.1,3.0,2.5,3.3,3.13,2.5,2.43,3.3,3.19,3.3,3.11,2.25,2.16,1.75,1.7,,,
2017-08-12,Brighton,Man City,11.0,5.5,1.33,11.0,5.25,1.3,10.0,5.0,1.3,10.95,5.55,1.34,11.75,6.15,1.29,E0 (9).csv,8.0,5.3,1.35,10.0,4.8,1.33,10.0,5.5,1.33,11.5,10.1,5.6,5.25,1.36,1.32,1.7,1.63,2.4,2.27,,,
2017-08-12,Chelsea,Burnley,1.25,6.5,15.0,1.22,6.5,12.5,1.25,5.75,15.0,1.26,6.3,15.25,1.33,5.4,12.25,E0 (9).csv,1.22,6.2,13.5,1.25,5.5,13.0,1.25,6.25,15.0,1.27,1.24,6.55,6.06,15.5,13.67,1.71,1.66,2.33,2.23,,,
2017-08-12,Crystal Palace,Huddersfield,1.83,3.6,5.0,1.8,3.5,4.75,1.8,3.4,4.6,1.83,3.58,5.11,1.79,3.56,5.51,E0 (9).csv,1.85,3.5,4.3,1.8,3.3,5.0,1.83,3.6,5.0,1.86,1.81,3.65,3.5,5.11,4.82,2.19,2.11,1.79,1.72,,,
2017-08-12,Everton,Stoke,1.7,3.8,5.75,1.7,3.6,5.5,1.67,3.6,5.25,1.7,3.83,5.81,1.82,3.49,5.42,E0 (9).csv,1.7,3.7,5.0,1.7,3.5,5.5,1.7,3.8,5.75,1.71,1.69,3.85,3.69,6.0,5.5,2.17,2.08,1.8,1.76,,,
2017-08-12,Southampton,Swansea,1.62,4.0,6.5,1.57,4.0,6.0,1.6,3.7,6.0,1.64,3.94,6.35,1.56,4.25,6.85,E0 (9).csv,1.65,3.8,5.3,1.62,3.6,6.0,1.65,4.0,5.5,1.66,1.61,4.05,3.84,6.5,5.98,2.17,2.08,1.8,1.75,,,
2017-08-12,Watford,Liverpool,6.0,4.2,1.62,6.0,4.2,1.55,5.8,4.0,1.57,5.74,4.29,1.63,6.88,4.27,1.56,E0 (9).csv,5.5,4.0,1.6,5.5,3.8,1.62,6.0,4.0,1.65,6.5,5.75,4.3,4.06,1.65,1.6,1.89,1.82,2.08,1.99,,,
2017-08-13,Newcastle,Tottenham,5.5,4.0,1.7,5.25,3.8,1.67,5.0,3.8,1.67,5.35,4.0,1.71,4.82,3.9,1.8,E0 (9).csv,4.8,3.6,1.75,5.0,3.75,1.7,5.5,4.0,1.7,5.5,5.16,4.0,3.87,1.75,1.69,1.88,1.81,2.07,2.01,,,
2017-08-13,Man United,West Ham,1.3,5.75,12.0,1.28,5.5,11.0,1.33,5.0,10.0,1.33,5.68,10.85,1.31,5.79,12.01,E0 (9).csv,1.33,5.3,8.7,1.3,5.0,11.0,1.3,5.5,11.5,1.35,1.31,5.75,5.29,13.0,10.74,1.76,1.7,2.25,2.16,,,
2017-08-19,Burnley,West Brom,2.63,3.2,3.0,2.55,3.0,3.1,2.55,3.0,3.0,2.64,3.17,3.07,2.75,3.01,3.09,E0 (9).csv,2.4,3.2,3.05,2.4,3.0,3.0,2.6,3.13,3.13,2.72,2.56,3.2,3.1,3.13,3.02,2.57,2.46,1.58,1.54,,,
2017-08-19,Liverpool,Crystal Palace,1.36,5.25,9.5,1.34,5.25,9.0,1.36,4.8,8.0,1.39,5.24,9.27,1.39,5.31,9.0,E0 (9).csv,1.35,5.3,8.0,1.33,4.5,9.0,1.36,5.25,9.0,1.4,1.37,5.4,5.02,10.0,8.86,1.6,1.57,2.52,2.4,,,
2017-08-19,Southampton,West Ham,1.75,3.8,5.25,1.7,3.8,5.0,1.67,3.6,4.75,1.71,3.96,5.43,1.7,4.02,5.45,E0 (9).csv,1.75,3.6,4.8,1.7,3.6,4.5,1.73,3.8,5.25,1.78,1.73,3.96,3.74,5.43,4.96,1.9,1.84,2.07,1.98,,,
2017-08-19,Stoke,Arsenal,4.5,3.8,1.85,4.5,3.75,1.78,4.2,3.6,1.8,4.39,3.85,1.88,4.37,3.92,1.86,E0 (9).csv,4.8,3.6,1.75,4.5,3.5,1.8,4.6,3.8,1.83,4.8,4.41,3.85,3.69,1.89,1.83,1.87,1.8,2.1,2.03,,,
2017-08-19,Swansea,Man United,11.0,5.0,1.36,9.25,4.75,1.36,11.0,4.75,1.33,12.01,5.33,1.33,11.55,5.25,1.34,E0 (9).csv,7.5,4.8,1.4,10.0,4.5,1.36,12.0,5.0,1.33,12.01,10.48,5.33,4.89,1.4,1.35,1.97,1.9,2.0,1.93,,,
2017-08-19,Leicester,Brighton,1.73,3.8,5.5,1.75,3.6,5.0,1.73,3.6,5.0,1.74,3.85,5.43,1.76,3.73,5.45,E0 (9).csv,1.75,3.6,4.8,1.73,3.3,5.5,1.73,3.8,5.4,1.78,1.73,3.85,3.7,5.5,5.06,2.02,1.96,1.91,1.86,,,
2017-08-19,Bournemouth,Watford,2.0,3.6,4.0,1.95,3.5,4.0,1.95,3.5,3.8,1.98,3.63,4.16,2.1,3.52,3.84,E0 (9).csv,1.9,3.5,4.1,1.95,3.4,4.0,2.0,3.6,4.0,2.01,1.96,3.7,3.56,4.16,3.9,1.9,1.82,2.07,2.01,,,
2017-08-20,Huddersfield,Newcastle,2.5,3.25,3.2,2.4,3.25,3.1,2.4,3.1,3.1,2.51,3.31,3.13,2.83,3.21,2.81,E0 (9).csv,2.3,3.3,3.15,2.5,3.1,3.0,2.38,3.25,3.25,2.51,2.42,3.31,3.2,3.25,3.12,2.26,2.22,1.72,1.67,,,
2017-08-20,Tottenham,Chelsea,2.1,3.6,3.75,2.0,3.5,3.75,2.05,3.4,3.6,2.08,3.58,3.85,2.16,3.36,3.84,E0 (9).csv,2.1,3.4,3.5,2.1,3.3,3.6,2.05,3.4,3.5,2.12,2.07,3.65,3.46,3.85,3.65,1.98,1.9,1.99,1.92,,,
2017-08-21,Man City,Everton,1.33,5.75,10.0,1.33,5.25,9.25,1.28,5.25,11.0,1.31,5.88,11.27,1.3,6.15,11.1,E0 (9).csv,1.35,5.3,8.0,1.33,5.0,9.0,1.3,5.75,9.5,1.36,1.31,5.88,5.48,11.27,10.04,1.66,1.61,2.5,2.33,,,
2017-08-26,Newcastle,West Ham,2.3,3.4,3.4,2.25,3.25,3.4,2.25,3.3,3.1,2.34,3.42,3.33,2.36,3.45,3.26,E0 (9).csv,2.3,3.3,3.15,2.3,3.2,3.2,2.3,3.4,3.4,2.45,2.3,3.45,3.34,3.4,3.26,2.0,1.94,1.93,1.88,,,
2017-08-26,Bournemouth,Man City,11.0,6.0,1.3,9.25,5.25,1.33,10.0,5.25,1.3,11.14,5.79,1.32,12.0,6.75,1.27,E0 (9).csv,9.0,6.0,1.3,9.0,5.0,1.33,11.0,6.0,1.3,11.14,9.8,6.0,5.58,1.35,1.32,1.53,1.49,2.7,2.59,,,
2017-08-26,Crystal Palace,Swansea,1.95,3.5,4.33,1.9,3.5,4.2,1.95,3.25,4.2,1.99,3.43,4.41,2.12,3.3,4.09,E0 (9).csv,1.9,3.5,4.1,1.95,3.25,4.2,1.95,3.5,4.4,2.02,1.95,3.51,3.42,4.41,4.22,2.22,2.15,1.75,1.71,,,
2017-08-26,Huddersfield,Southampton,3.9,3.4,2.1,3.9,3.2,2.1,3.75,3.2,2.05,4.01,3.45,2.08,4.21,3.48,2.02,E0 (9).csv,3.15,3.3,2.3,3.8,3.1,2.1,4.0,3.3,2.1,4.01,3.8,3.45,3.32,2.3,2.09,2.27,2.19,1.72,1.68,,,
2017-08-26,Man United,Leicester,1.33,5.5,11.0,1.34,5.0,9.75,1.33,5.0,9.5,1.33,5.56,11.31,1.33,5.6,11.25,E0 (9).csv,1.25,6.0,11.0,1.33,5.0,9.0,1.33,5.5,10.5,1.35,1.33,6.0,5.32,11.31,9.97,1.71,1.65,2.33,2.25,,,
2017-08-26,Watford,Brighton,1.91,3.4,4.0,1.9,3.5,4.25,1.95,3.25,4.2,1.99,3.37,4.5,2.23,3.23,3.81,E0 (9).csv,1.85,3.5,4.3,1.95,3.25,4.2,2.0,3.4,4.33,2.01,1.95,3.5,3.37,4.55,4.26,2.31,2.21,1.72,1.67,,,
2017-08-27,Chelsea,Everton,1.45,4.5,8.5,1.42,4.6,8.0,1.44,4.2,7.5,1.47,4.55,8.45,1.53,4.35,7.4,E0 (9).csv,1.45,4.5,7.0,1.44,4.2,8.0,1.45,4.5,8.0,1.48,1.45,4.6,4.44,8.5,7.91,1.98,1.92,1.98,1.9,,,
2017-08-27,Liverpool,Arsenal,2.15,3.7,3.5,2.15,3.4,3.4,2.1,3.6,3.2,2.16,3.72,3.46,2.21,3.67,3.25,E0 (9).csv,2.1,3.4,3.5,2.2,3.25,3.4,2.2,3.7,3.3,2.21,2.14,3.8,3.6,3.55,3.36,1.62,1.58,2.53,2.38,,,
2017-08-27,Tottenham,Burnley,1.25,6.5,15.0,1.22,6.5,12.5,1.22,5.8,15.0,1.26,6.45,14.0,1.22,7.25,16.0,E0 (9).csv,1.27,6.0,10.0,1.25,5.5,13.0,1.25,6.0,15.0,1.27,1.24,6.55,6.16,15.0,13.33,1.7,1.66,2.32,2.23,,,
2017-08-27,West Brom,Stoke,2.4,3.1,3.5,2.35,3.1,3.3,2.35,3.0,3.3,2.39,3.12,3.55,2.66,3.15,3.06,E0 (9).csv,2.3,3.3,3.15,2.4,3.0,3.2,2.45,3.1,3.4,2.45,2.37,3.3,3.08,3.56,3.36,2.71,2.59,1.53,1.5,,,
2017-09-09,Brighton,West Brom,2.7,3.1,3.0,2.6,3.0,3.0,2.55,2.9,3.0,2.76,3.0,3.08,2.71,3.05,3.09,E0 (9).csv,2.65,3.3,2.65,2.62,2.9,3.0,2.7,3.0,3.13,2.76,2.63,3.3,3.01,3.2,3.01,2.75,2.6,1.53,1.49,,,
2017-09-09,Everton,Tottenham,3.8,3.5,2.1,3.6,3.4,2.1,3.7,3.3,2.05,3.94,3.5,2.08,3.98,3.55,2.05,E0 (9).csv,3.5,3.4,2.1,3.5,3.25,2.15,3.8,3.5,2.1,3.94,3.69,3.5,3.4,2.15,2.09,2.1,2.04,1.86,1.79,,,
2017-09-09,Leicester,Chelsea,4.75,3.9,1.8,4.6,3.8,1.75,4.4,3.6,1.8,4.73,3.83,1.83,5.0,3.83,1.79,E0 (9).csv,4.5,3.6,1.8,4.33,3.6,1.8,4.6,3.8,1.83,4.75,4.51,3.93,3.73,1.84,1.8,1.92,1.86,2.01,1.96,,,
2017-09-09,Arsenal,Bournemouth,1.36,5.5,9.0,1.36,5.25,8.0,1.36,5.0,8.0,1.39,5.59,8.29,1.31,6.4,10.0,E0 (9).csv,1.33,5.5,8.5,1.36,5.0,8.0,1.36,5.5,9.0,1.39,1.36,5.8,5.36,9.0,8.22,1.45,1.4,3.0,2.89,,,
2017-09-09,Man City,Liverpool,1.85,4.0,4.2,1.85,3.8,4.0,1.85,3.8,3.8,1.89,3.94,4.2,1.89,3.98,4.14,E0 (9).csv,2.0,3.4,3.8,1.85,3.75,4.0,1.83,4.0,4.33,2.0,1.87,4.0,3.82,4.33,4.03,1.56,1.53,2.63,2.51,,,
2017-09-09,Southampton,Watford,1.65,4.0,6.0,1.65,3.8,5.5,1.61,3.7,5.5,1.67,3.96,5.95,1.69,3.99,5.58,E0 (9).csv,1.65,3.8,5.3,1.67,3.6,5.5,1.65,4.0,6.0,1.72,1.66,4.05,3.86,6.0,5.56,2.03,1.97,1.92,1.85,,,
2017-09-09,Stoke,Man United,7.5,4.5,1.5,6.5,4.33,1.5,7.0,4.2,1.5,7.42,4.43,1.52,7.4,4.45,1.51,E0 (9).csv,6.2,4.0,1.55,7.0,4.0,1.5,7.5,4.4,1.5,7.51,7.02,4.65,4.27,1.55,1.5,1.95,1.88,2.0,1.94,,,
2017-09-10,Burnley,Crystal Palace,2.3,3.25,3.5,2.3,3.2,3.3,2.3,3.1,3.3,2.36,3.23,3.48,2.2,3.36,3.73,E0 (9).csv,2.5,3.3,2.85,2.38,3.1,3.2,2.38,3.2,3.4,2.5,2.33,3.3,3.19,3.51,3.32,2.42,2.35,1.65,1.59,,,
2017-09-10,Swansea,Newcastle,2.4,3.25,3.3,2.4,3.1,3.2,2.35,3.1,3.1,2.41,3.28,3.32,2.52,3.26,3.16,E0 (9).csv,2.2,3.35,3.3,2.38,3.1,3.2,2.38,3.25,3.3,2.5,2.38,3.35,3.2,3.35,3.21,2.28,2.17,1.75,1.7,,,
2017-09-11,West Ham,Huddersfield,1.95,3.5,4.5,1.83,3.5,4.5,1.91,3.4,4.0,1.97,3.46,4.46,2.08,3.36,4.14,E0 (9).csv,2.0,3.4,3.8,1.85,3.5,4.33,1.93,3.5,4.4,2.0,1.92,3.6,3.46,4.65,4.27,2.05,1.99,1.88,1.83,,,
2017-09-15,Bournemouth,Brighton,2.15,3.4,3.8,2.1,3.3,3.7,2.15,3.2,3.4,2.17,3.44,3.74,2.17,3.41,3.76,E0 (9).csv,2.2,3.35,3.3,2.1,3.3,3.8,2.15,3.4,3.75,2.2,2.14,3.44,3.34,3.95,3.66,2.14,2.06,1.86,1.77,,,
2017-09-16,West Brom,West Ham,2.38,3.25,3.4,2.3,3.2,3.25,2.35,3.1,3.2,2.36,3.27,3.43,2.34,3.27,3.49,E0 (9).csv,2.3,3.3,3.15,2.3,3.1,3.3,2.38,3.25,3.4,2.45,2.33,3.35,3.22,3.5,3.29,2.25,2.2,1.78,1.68,,,
2017-09-16,Tottenham,Swansea,1.22,7.0,15.0,1.22,6.5,12.5,1.22,6.0,15.0,1.25,6.7,14.0,1.21,7.95,14.25,E0 (9).csv,1.27,5.8,10.5,1.22,6.0,13.0,1.22,7.0,15.0,1.27,1.23,7.0,6.38,15.0,13.26,1.6,1.54,2.51,2.46,,,
2017-09-16,Newcastle,Stoke,2.38,3.25,3.4,2.35,3.25,3.2,2.3,3.1,3.2,2.37,3.23,3.46,2.17,3.45,3.71,E0 (9).csv,2.3,3.3,3.15,2.3,3.1,3.3,2.38,3.25,3.4,2.43,2.34,3.3,3.21,3.5,3.28,2.26,2.17,1.75,1.69,,,
2017-09-16,Watford,Man City,9.0,6.0,1.33,9.25,5.25,1.33,8.5,5.0,1.36,9.83,5.64,1.35,9.35,6.1,1.33,E0 (9).csv,8.0,5.3,1.35,8.0,5.5,1.33,9.5,5.5,1.33,10.0,8.75,6.0,5.36,1.37,1.34,1.53,1.5,2.74,2.57,,,
2017-09-16,Huddersfield,Leicester,3.5,3.4,2.25,3.2,3.25,2.3,3.25,3.2,2.25,3.46,3.42,2.28,3.62,3.39,2.23,E0 (9).csv,2.85,3.3,2.5,3.3,3.3,2.2,3.5,3.4,2.25,3.5,3.31,3.45,3.33,2.5,2.27,2.12,2.05,1.83,1.77,,,
2017-09-16,Crystal Palace,Southampton,3.0,3.3,2.6,2.95,3.25,2.5,3.0,3.1,2.45,2.99,3.32,2.6,2.89,3.26,2.72,E0 (9).csv,2.85,3.3,2.5,2.8,3.1,2.6,3.0,3.25,2.6,3.05,2.95,3.35,3.21,2.67,2.54,2.45,2.3,1.67,1.62,,,
2017-09-16,Liverpool,Burnley,1.29,6.0,13.0,1.26,5.75,12.0,1.25,5.75,12.0,1.27,6.3,13.45,1.26,6.6,13.0,E0 (9).csv,1.3,5.5,9.5,1.29,5.0,12.0,1.25,6.0,13.0,1.3,1.26,6.4,5.89,13.45,11.99,1.62,1.55,2.62,2.44,,,
2017-09-17,Chelsea,Arsenal,1.8,4.0,4.5,1.75,4.0,4.4,1.75,3.8,4.25,1.81,4.02,4.57,1.77,3.99,4.88,E0 (9).csv,1.85,3.5,4.3,1.8,3.5,4.5,1.8,4.0,4.5,1.85,1.8,4.02,3.85,4.85,4.37,1.68,1.62,2.4,2.3,,,
2017-09-17,Man United,Everton,1.36,5.25,10.0,1.34,5.0,10.0,1.33,4.8,10.0,1.35,5.3,10.93,1.35,5.33,10.31,E0 (9).csv,1.35,5.3,8.0,1.33,4.5,11.0,1.33,5.25,12.0,1.36,1.34,5.5,5.09,12.0,10.03,1.82,1.76,2.12,2.07,,,
2017-09-23,Southampton,Man United,5.5,3.8,1.73,5.25,3.7,1.7,4.8,3.5,1.73,5.35,3.82,1.75,4.77,3.74,1.84,E0 (9).csv,4.8,3.6,1.75,5.0,3.6,1.73,5.4,3.8,1.73,5.5,5.08,3.85,3.69,1.77,1.73,2.13,2.03,1.85,1.78,,,
2017-09-23,Man City,Crystal Palace,1.14,10.0,21.0,1.15,8.5,15.0,1.13,8.5,21.0,1.15,10.0,18.5,1.13,11.0,21.0,E0 (9).csv,1.15,7.5,18.0,1.14,7.5,21.0,1.13,10.0,22.0,1.16,1.14,10.0,8.84,23.0,19.23,1.38,1.36,3.4,3.13,,,
2017-09-23,Burnley,Huddersfield,2.15,3.25,3.9,2.15,3.1,3.75,2.15,3.1,3.6,2.21,3.23,3.89,2.41,3.16,3.46,E0 (9).csv,2.2,3.25,3.4,2.1,3.1,3.8,2.2,3.25,3.8,2.22,2.17,3.35,3.19,3.9,3.71,2.5,2.4,1.62,1.57,,,
2017-09-23,Everton,Bournemouth,1.65,4.0,5.75,1.65,3.75,5.5,1.67,3.75,5.2,1.72,3.92,5.43,1.74,3.85,5.37,E0 (9).csv,1.65,3.8,5.3,1.67,3.6,5.5,1.67,4.0,5.75,1.72,1.68,4.0,3.83,5.75,5.34,1.93,1.85,2.04,1.96,,,
2017-09-23,Stoke,Chelsea,6.0,4.1,1.62,5.75,4.0,1.6,5.5,3.9,1.6,5.69,4.25,1.64,6.65,4.6,1.53,E0 (9).csv,5.7,3.9,1.6,6.0,3.6,1.62,5.75,4.1,1.62,6.1,5.66,4.25,4.04,1.67,1.61,1.83,1.78,2.14,2.05,,,
2017-09-23,Swansea,Watford,2.4,3.3,3.25,2.35,3.2,3.2,2.3,3.2,3.1,2.43,3.29,3.28,2.42,3.24,3.35,E0 (9).csv,2.2,3.35,3.3,2.3,3.2,3.2,2.38,3.3,3.3,2.45,2.36,3.4,3.26,3.3,3.17,2.19,2.09,1.8,1.75,,,
2017-09-23,West Ham,Tottenham,6.0,4.33,1.6,5.5,4.1,1.6,5.5,4.0,1.57,5.95,4.36,1.61,5.85,4.37,1.61,E0 (9).csv,4.9,3.8,1.7,5.5,4.0,1.6,6.0,4.3,1.6,6.0,5.6,4.36,4.15,1.7,1.6,1.75,1.69,2.26,2.18,,,
2017-09-23,Leicester,Liverpool,4.1,3.9,1.91,4.0,3.75,1.87,4.0,3.7,1.85,4.27,3.87,1.89,4.4,4.18,1.81,E0 (9).csv,3.8,3.4,2.0,4.0,3.5,1.91,4.3,3.9,1.87,4.3,4.07,4.0,3.74,2.0,1.89,1.75,1.69,2.31,2.18,,,
2017-09-24,Brighton,Newcastle,2.8,3.1,2.9,2.7,3.1,2.8,2.65,3.0,2.8,2.78,3.1,2.96,2.89,3.15,2.8,E0 (9).csv,2.65,3.3,2.65,2.7,3.1,2.7,2.75,3.13,2.9,2.85,2.7,3.3,3.1,2.96,2.83,2.55,2.4,1.62,1.57,,,
2017-09-25,Arsenal,West Brom,1.33,5.5,11.0,1.34,5.25,8.75,1.33,5.0,9.5,1.36,5.45,10.0,1.34,5.56,10.78,E0 (9).csv,1.33,5.3,8.7,1.33,5.0,9.0,1.33,5.4,10.5,1.38,1.34,5.65,5.22,11.0,9.49,1.73,1.64,2.35,2.25,,,
2017-09-30,Stoke,Southampton,2.88,3.2,2.45,2.8,3.2,2.5,3.0,3.1,2.45,3.06,3.38,2.52,2.95,3.32,2.63,E0 (9).csv,2.7,3.15,2.7,2.9,3.2,2.5,2.88,3.3,2.6,3.06,2.9,3.38,3.22,2.73,2.51,2.25,2.17,1.78,1.69,,,
2017-09-30,Bournemouth,Leicester,2.8,3.25,2.5,2.7,3.3,2.5,2.75,3.4,2.5,2.9,3.48,2.58,2.64,3.55,2.78,E0 (9).csv,2.65,3.3,2.65,2.75,3.4,2.5,2.8,3.5,2.6,2.9,2.78,3.5,3.36,2.68,2.53,1.88,1.81,2.07,2.01,,,
2017-09-30,West Ham,Swansea,1.8,3.5,4.5,1.8,3.4,4.5,1.85,3.4,4.25,1.9,3.49,4.84,1.84,3.64,4.94,E0 (9).csv,1.9,3.5,4.1,1.83,3.5,4.33,1.9,3.5,4.6,1.91,1.86,3.6,3.46,4.9,4.47,2.08,2.01,1.86,1.81,,,
2017-09-30,West Brom,Watford,2.15,3.2,3.5,2.15,3.1,3.5,2.25,3.0,3.5,2.33,3.13,3.69,2.17,3.32,3.87,E0 (9).csv,2.25,3.35,3.2,2.25,3.1,3.4,2.25,3.2,3.7,2.35,2.24,3.35,3.14,3.7,3.49,2.55,2.44,1.58,1.55,,,
2017-09-30,Man United,Crystal Palace,1.17,7.0,15.0,1.15,7.0,16.5,1.17,7.0,21.0,1.19,7.9,19.0,1.2,7.8,17.0,E0 (9).csv,1.17,7.5,15.0,1.17,7.0,17.0,1.18,7.5,22.0,1.19,1.17,8.03,7.29,23.0,17.9,1.62,1.58,2.45,2.36,,,
2017-09-30,Huddersfield,Tottenham,8.5,4.75,1.36,8.0,4.75,1.36,8.0,4.6,1.4,9.54,5.0,1.4,9.0,4.92,1.42,E0 (9).csv,7.0,4.5,1.45,8.0,4.5,1.4,9.0,4.8,1.4,9.54,8.47,5.05,4.7,1.45,1.39,1.79,1.74,2.2,2.1,,,
2017-09-30,Chelsea,Man City,2.75,3.3,2.5,2.75,3.5,2.5,2.75,3.4,2.45,2.84,3.63,2.54,2.77,3.48,2.69,E0 (9).csv,2.65,3.3,2.65,2.8,3.3,2.5,2.8,3.5,2.45,2.91,2.78,3.63,3.44,2.69,2.49,1.75,1.7,2.25,2.15,,,
2017-10-01,Everton,Burnley,1.67,3.6,5.75,1.62,3.7,5.5,1.67,3.6,5.5,1.68,3.81,6.2,1.71,3.77,5.75,E0 (9).csv,1.7,3.7,5.0,1.62,3.6,6.0,1.67,3.75,6.0,1.7,1.65,3.9,3.71,6.2,5.74,2.18,2.08,1.8,1.75,,,
2017-10-01,Arsenal,Brighton,1.2,6.5,13.0,1.22,6.0,12.0,1.25,5.8,13.0,1.27,6.65,12.35,1.26,6.65,13.5,E0 (9).csv,1.25,6.5,10.0,1.22,6.0,13.0,1.25,6.5,12.0,1.27,1.24,6.65,6.16,14.0,12.23,1.63,1.55,2.62,2.43,,,
2017-10-01,Newcastle,Liverpool,5.0,3.8,1.67,5.0,4.0,1.67,4.6,3.9,1.7,5.09,4.17,1.71,5.02,4.14,1.72,E0 (9).csv,4.6,3.75,1.75,5.0,3.75,1.7,5.2,4.0,1.7,5.2,4.82,4.17,3.9,1.77,1.71,1.73,1.68,2.3,2.18,,,
2017-10-14,Liverpool,Man United,2.8,3.25,2.8,2.7,3.3,2.65,2.62,3.3,2.62,2.77,3.32,2.79,2.75,3.29,2.82,E0 (9).csv,2.65,3.3,2.65,2.75,3.2,2.75,2.75,3.4,2.7,2.87,2.71,3.4,3.26,2.8,2.7,1.99,1.9,1.98,1.91,,,
2017-10-14,Crystal Palace,Chelsea,9.0,5.0,1.4,9.0,5.0,1.36,8.5,4.5,1.4,8.5,4.92,1.43,7.65,4.62,1.49,E0 (9).csv,7.5,4.8,1.4,9.5,4.8,1.36,8.5,4.6,1.44,9.5,8.46,5.0,4.67,1.45,1.4,1.87,1.81,2.05,1.99,,,
2017-10-14,Man City,Stoke,1.14,9.5,21.0,1.14,9.0,16.0,1.13,8.5,15.0,1.16,9.0,19.9,1.14,10.5,20.0,E0 (9).csv,1.17,7.5,15.0,1.14,8.5,21.0,1.14,9.5,17.0,1.17,1.14,9.5,8.69,23.0,18.5,1.36,1.31,3.6,3.39,,,
2017-10-14,Swansea,Huddersfield,2.2,3.25,3.75,2.15,3.1,3.8,2.1,3.1,3.75,2.21,3.16,3.98,2.09,3.32,4.16,E0 (9).csv,2.1,3.4,3.5,2.15,3.2,3.8,2.2,3.2,3.9,2.21,2.15,3.4,3.13,4.1,3.78,2.69,2.52,1.55,1.51,,,
2017-10-14,Tottenham,Bournemouth,1.2,8.0,15.0,1.19,7.25,14.0,1.2,6.5,15.0,1.21,7.92,14.37,1.27,7.25,11.5,E0 (9).csv,1.25,6.0,11.0,1.2,7.5,13.0,1.22,7.5,13.0,1.25,1.2,8.0,7.1,16.0,13.4,1.44,1.38,3.1,2.96,,,
2017-10-14,Watford,Arsenal,5.25,4.33,1.65,5.25,4.1,1.62,5.0,4.0,1.6,5.49,4.37,1.64,5.0,4.2,1.72,E0 (9).csv,4.6,3.7,1.75,5.5,4.2,1.62,5.5,4.4,1.62,5.65,5.17,4.4,4.18,1.75,1.63,1.61,1.55,2.55,2.41,,,
2017-10-14,Burnley,West Ham,2.75,3.25,2.8,2.65,3.25,2.75,2.65,3.1,2.7,2.8,3.23,2.83,3.08,3.3,2.51,E0 (9).csv,2.6,3.3,2.7,2.6,3.2,2.88,2.75,3.25,2.8,2.81,2.67,3.3,3.18,2.89,2.78,2.34,2.22,1.71,1.65,,,
2017-10-15,Southampton,Newcastle,1.91,3.6,4.5,1.85,3.5,4.5,1.83,3.4,4.5,1.87,3.58,4.85,1.86,3.57,4.92,E0 (9).csv,1.8,3.6,4.5,1.85,3.6,4.5,1.87,3.5,4.75,1.91,1.85,3.6,3.49,4.9,4.5,2.21,2.11,1.78,1.72,,,
2017-10-15,Brighton,Everton,3.25,3.3,2.4,3.2,3.2,2.35,3.2,3.0,2.4,3.22,3.18,2.53,3.24,3.15,2.57,E0 (9).csv,2.95,3.3,2.4,3.25,3.2,2.38,3.3,3.1,2.5,3.3,3.19,3.3,3.14,2.53,2.41,2.6,2.43,1.61,1.55,,,
2017-10-16,Leicester,West Brom,2.05,3.4,4.2,2.0,3.3,4.1,2.0,3.25,3.9,2.03,3.4,4.28,2.0,3.38,4.45,E0 (9).csv,1.9,3.5,4.1,2.0,3.4,4.0,2.05,3.4,4.0,2.13,2.01,3.5,3.32,4.3,3.99,2.18,2.1,1.82,1.73,,,
2017-10-20,West Ham,Brighton,1.83,3.5,5.25,1.8,3.5,4.75,1.8,3.3,4.75,1.82,3.53,5.34,1.79,3.57,5.54,E0 (9).csv,1.85,3.5,4.3,1.83,3.3,5.0,1.83,3.5,5.2,1.87,1.82,3.55,3.42,5.43,4.96,2.36,2.24,1.71,1.65,,,
2017-10-21,Chelsea,Watford,1.36,5.25,10.0,1.35,5.0,9.25,1.36,4.8,9.0,1.4,5.08,8.95,1.37,5.35,9.6,E0 (9).csv,1.35,5.3,8.0,1.36,5.0,9.0,1.36,5.25,9.5,1.4,1.36,5.5,5.02,10.0,8.7,1.67,1.6,2.45,2.32,,,
2017-10-21,Stoke,Bournemouth,2.14,3.5,3.6,2.2,3.3,3.4,2.1,3.3,3.4,2.21,3.44,3.61,2.16,3.55,3.62,E0 (9).csv,2.0,3.4,3.8,2.2,3.3,3.5,2.15,3.5,3.6,2.23,2.15,3.5,3.38,3.8,3.48,2.02,1.94,1.97,1.87,,,
2017-10-21,Huddersfield,Man United,11.0,5.0,1.36,9.5,5.25,1.33,10.0,4.6,1.33,11.73,5.12,1.35,9.75,4.9,1.4,E0 (9).csv,8.0,5.3,1.35,11.0,5.0,1.33,10.0,5.0,1.36,11.73,10.29,5.3,4.87,1.37,1.34,2.07,1.95,1.92,1.86,,,
2017-10-21,Man City,Burnley,1.11,12.0,26.0,1.09,11.0,26.0,1.1,11.0,26.0,1.12,12.2,23.0,1.12,11.5,24.0,E0 (9).csv,1.15,7.5,18.0,1.11,9.0,26.0,1.11,11.5,22.0,1.15,1.1,12.4,10.5,31.0,23.54,1.3,1.27,3.9,3.66,,,
2017-10-21,Swansea,Leicester,2.79,3.25,2.75,2.75,3.25,2.65,2.8,3.2,2.55,2.83,3.31,2.74,2.89,3.27,2.71,E0 (9).csv,2.4,3.3,2.95,2.9,3.1,2.62,2.88,3.3,2.7,2.9,2.77,3.31,3.21,2.95,2.65,2.21,2.11,1.79,1.72,,,
2017-10-21,Southampton,West Brom,1.85,3.39,5.25,1.8,3.4,5.0,1.8,3.3,5.0,1.82,3.47,5.49,1.9,3.31,5.19,E0 (9).csv,1.9,3.5,4.1,1.83,3.4,5.0,1.83,3.4,5.5,1.9,1.81,3.6,3.37,5.5,5.04,2.48,2.37,1.62,1.58,,,
2017-10-21,Newcastle,Crystal Palace,2.0,3.5,4.2,1.95,3.4,4.1,1.95,3.3,4.0,1.98,3.58,4.24,1.88,3.65,4.64,E0 (9).csv,1.9,3.5,4.1,2.05,3.1,4.2,1.95,3.5,4.33,2.06,1.97,3.6,3.41,4.33,4.05,2.12,2.05,1.86,1.77,,,
2017-10-22,Tottenham,Liverpool,2.25,3.5,3.39,2.15,3.4,3.4,2.15,3.5,3.2,2.22,3.62,3.4,2.24,3.62,3.36,E0 (9).csv,2.2,3.35,3.3,2.15,3.4,3.5,2.2,3.6,3.4,2.25,2.18,3.62,3.48,3.5,3.32,1.7,1.66,2.33,2.23,,,
2017-10-22,Everton,Arsenal,3.79,3.6,2.04,3.9,3.6,1.95,3.6,3.5,2.0,3.84,3.71,2.04,4.7,3.88,1.82,E0 (9).csv,3.8,3.4,2.0,4.0,3.3,2.05,4.0,3.6,2.0,4.0,3.77,3.75,3.52,2.1,2.01,1.87,1.81,2.13,2.01,,,
2017-10-28,Liverpool,Huddersfield,1.25,6.75,13.0,1.22,6.5,12.5,1.25,5.8,12.0,1.25,6.7,14.0,1.25,6.7,14.0,E0 (9).csv,1.25,6.0,11.0,1.25,6.5,12.0,1.25,6.5,13.0,1.29,1.24,6.9,6.33,14.0,12.15,1.53,1.48,2.75,2.61,,,
2017-10-28,Arsenal,Swansea,1.25,7.0,12.0,1.25,6.5,10.5,1.22,6.5,13.0,1.24,7.35,13.5,1.2,8.3,15.0,E0 (9).csv,1.25,6.0,11.0,1.22,7.0,13.0,1.25,7.0,13.0,1.25,1.22,7.35,6.7,15.0,12.66,1.48,1.41,3.0,2.83,,,
2017-10-28,Bournemouth,Chelsea,6.0,4.2,1.61,5.25,4.2,1.62,5.0,4.0,1.61,5.59,4.29,1.65,6.2,4.4,1.58,E0 (9).csv,5.7,3.9,1.6,5.5,4.2,1.62,5.4,4.3,1.65,6.0,5.35,4.3,4.14,1.68,1.62,1.7,1.63,2.38,2.26,,,
2017-10-28,Crystal Palace,West Ham,2.39,3.29,3.29,2.35,3.3,3.1,2.3,3.2,3.2,2.36,3.34,3.37,2.56,3.19,3.16,E0 (9).csv,2.4,3.3,2.95,2.4,3.3,3.1,2.4,3.3,3.3,2.41,2.34,3.4,3.27,3.37,3.2,2.17,2.08,1.8,1.75,,,
2017-10-28,Man United,Tottenham,2.14,3.39,3.79,2.05,3.4,3.8,2.15,3.2,3.5,2.23,3.38,3.62,2.1,3.43,3.96,E0 (9).csv,2.2,3.35,3.3,2.15,3.4,3.6,2.25,3.3,3.6,2.25,2.16,3.5,3.3,3.8,3.6,2.25,2.15,1.77,1.7,,,
2017-10-28,Watford,Stoke,2.04,3.6,3.79,2.05,3.4,3.75,2.0,3.4,3.7,2.04,3.69,3.86,2.02,3.57,4.07,E0 (9).csv,2.1,3.4,3.5,2.05,3.5,3.75,2.05,3.6,3.9,2.13,2.03,3.69,3.52,3.9,3.71,1.98,1.91,1.98,1.91,,,
2017-10-28,West Brom,Man City,11.0,6.5,1.28,11.5,6.25,1.25,13.0,5.8,1.25,12.41,6.83,1.26,11.0,6.4,1.29,E0 (9).csv,11.0,6.0,1.25,12.0,6.5,1.25,13.0,6.5,1.25,13.0,11.86,6.83,6.18,1.29,1.25,1.57,1.53,2.6,2.48,,,
2017-10-29,Leicester,Everton,2.14,3.39,3.75,2.15,3.3,3.6,2.1,3.3,3.4,2.16,3.47,3.71,2.08,3.45,4.0,E0 (9).csv,2.2,3.35,3.3,2.15,3.4,3.5,2.2,3.4,3.6,2.22,2.13,3.5,3.37,3.75,3.53,2.02,1.94,1.93,1.86,,,
2017-10-29,Brighton,Southampton,3.29,3.2,2.45,3.1,3.1,2.45,3.2,3.0,2.37,3.35,3.23,2.43,3.42,3.29,2.36,E0 (9).csv,2.85,3.3,2.5,3.25,3.2,2.38,3.3,3.13,2.45,3.35,3.21,3.3,3.13,2.5,2.4,2.55,2.44,1.6,1.54,,,
2017-10-30,Burnley,Newcastle,2.89,3.2,2.7,2.85,3.2,2.6,2.9,3.0,2.55,3.05,3.13,2.69,3.22,3.13,2.56,E0 (9).csv,2.65,3.3,2.65,2.88,3.1,2.7,3.0,3.2,2.63,3.05,2.9,3.3,3.12,2.7,2.6,2.41,2.3,1.67,1.6,,,
2017-11-04,Huddersfield,West Brom,2.79,3.0,3.0,2.65,3.0,2.95,2.75,2.9,2.8,2.78,3.01,3.04,2.99,2.92,2.91,E0 (9).csv,2.5,3.1,3.0,2.7,3.0,3.0,2.75,3.0,3.0,2.85,2.73,3.1,2.96,3.04,2.93,2.96,2.75,1.49,1.44,,,
2017-11-04,Newcastle,Bournemouth,2.0,3.5,4.2,1.95,3.5,4.0,1.95,3.4,3.9,1.99,3.47,4.36,1.83,3.63,5.0,E0 (9).csv,1.9,3.5,4.1,2.0,3.4,4.0,2.0,3.5,4.2,2.06,1.98,3.5,3.42,4.36,4.05,2.1,2.01,1.89,1.8,,,
2017-11-04,Southampton,Burnley,1.66,3.75,6.5,1.62,3.6,6.5,1.61,3.5,6.0,1.64,3.76,6.91,1.67,3.7,6.58,E0 (9).csv,1.75,3.6,4.8,1.67,3.5,6.5,1.65,3.75,6.5,1.75,1.64,3.8,3.64,7.0,6.2,2.4,2.28,1.67,1.63,,,
2017-11-04,Stoke,Leicester,2.7,3.29,2.87,2.55,3.3,2.8,2.62,3.2,2.65,2.74,3.33,2.82,2.65,3.26,2.97,E0 (9).csv,2.4,3.3,2.95,2.7,3.2,2.8,2.75,3.3,2.8,2.75,2.65,3.35,3.25,2.95,2.77,2.07,2.0,1.85,1.81,,,
2017-11-04,Swansea,Brighton,2.39,3.2,3.39,2.35,3.1,3.3,2.35,3.0,3.2,2.47,3.13,3.38,2.72,2.99,3.14,E0 (9).csv,2.2,3.35,3.3,2.4,3.1,3.3,2.4,3.2,3.4,2.47,2.38,3.35,3.1,3.44,3.29,2.55,2.42,1.61,1.56,,,
2017-11-04,West Ham,Liverpool,5.25,4.33,1.66,5.0,4.1,1.65,5.2,4.0,1.61,5.53,4.29,1.65,6.29,4.68,1.54,E0 (9).csv,4.8,3.6,1.75,5.0,4.2,1.67,5.5,4.3,1.65,5.55,5.17,4.33,4.13,1.75,1.64,1.68,1.63,2.38,2.28,,,
2017-11-05,Tottenham,Crystal Palace,1.28,6.0,12.0,1.26,6.0,11.0,1.28,5.5,11.0,1.31,6.11,10.98,1.34,5.5,10.6,E0 (9).csv,1.27,6.0,10.0,1.29,5.5,12.0,1.3,6.0,11.5,1.31,1.28,6.5,5.87,12.0,10.96,1.5,1.47,2.75,2.63,,,
2017-11-05,Man City,Arsenal,1.39,5.5,7.5,1.4,5.0,7.5,1.4,4.8,6.5,1.43,5.2,7.69,1.41,5.65,7.5,E0 (9).csv,1.55,4.5,5.3,1.44,4.8,7.0,1.4,5.5,7.5,1.55,1.42,5.5,5.02,7.7,7.0,1.42,1.36,3.65,3.1,,,
2017-11-05,Everton,Watford,2.2,3.39,3.6,2.1,3.4,3.6,2.15,3.25,3.4,2.21,3.38,3.67,2.27,3.3,3.61,E0 (9).csv,2.1,3.4,3.5,2.15,3.3,3.6,2.15,3.4,3.7,2.25,2.16,3.45,3.34,3.8,3.52,2.1,2.02,1.87,1.8,,,
2017-11-05,Chelsea,Man United,2.5,3.2,3.2,2.45,3.2,3.0,2.45,3.1,3.0,2.54,3.22,3.17,2.62,3.1,3.16,E0 (9).csv,2.5,3.1,3.0,2.5,3.2,3.1,2.5,3.2,3.13,2.6,2.47,3.25,3.15,3.2,3.07,2.41,2.28,1.67,1.62,,,
2017-11-18,Arsenal,Tottenham,2.5,3.6,2.89,2.45,3.4,2.85,2.35,3.5,2.8,2.5,3.62,2.92,2.49,3.5,3.0,E0 (9).csv,2.5,3.5,2.7,2.5,3.5,2.8,2.5,3.6,2.9,2.54,2.43,3.62,3.51,2.95,2.85,1.69,1.62,2.35,2.27,,,
2017-11-18,West Brom,Chelsea,6.5,4.0,1.61,5.75,4.0,1.6,6.0,3.75,1.53,6.46,4.09,1.61,6.92,4.36,1.55,E0 (9).csv,6.2,4.0,1.55,6.5,3.75,1.62,6.25,4.1,1.62,6.5,6.13,4.1,3.89,1.65,1.6,2.13,2.05,1.83,1.77,,,
2017-11-18,Man United,Newcastle,1.28,5.75,13.0,1.26,5.75,11.5,1.28,5.2,13.0,1.29,5.7,15.0,1.27,6.0,15.0,E0 (9).csv,1.27,5.8,10.5,1.3,5.0,13.0,1.3,5.75,12.0,1.3,1.28,5.8,5.43,15.0,12.54,1.91,1.84,2.05,1.98,,,
2017-11-18,Liverpool,Southampton,1.39,5.0,9.0,1.4,4.75,8.25,1.4,4.6,8.0,1.41,5.14,8.67,1.42,5.07,8.47,E0 (9).csv,1.45,4.4,7.2,1.4,4.8,8.5,1.4,5.0,9.5,1.45,1.39,5.17,4.87,9.5,8.29,1.7,1.65,2.35,2.24,,,
2017-11-18,Crystal Palace,Everton,2.39,3.25,3.29,2.4,3.25,3.1,2.3,3.1,3.2,2.37,3.3,3.4,2.24,3.25,3.75,E0 (9).csv,2.6,3.25,2.75,2.4,3.2,3.2,2.38,3.25,3.4,2.6,2.36,3.3,3.21,3.4,3.2,2.26,2.18,1.74,1.68,,,
2017-11-18,Bournemouth,Huddersfield,1.83,3.5,5.25,1.83,3.4,4.75,1.8,3.4,4.75,1.84,3.49,5.23,1.81,3.66,5.16,E0 (9).csv,2.0,3.4,3.8,1.85,3.3,5.0,1.83,3.6,5.0,2.0,1.82,3.6,3.42,5.25,4.85,2.25,2.16,1.75,1.69,,,
2017-11-18,Leicester,Man City,9.5,5.75,1.33,8.0,5.75,1.33,8.5,5.2,1.33,9.06,5.89,1.35,8.26,5.65,1.38,E0 (9).csv,8.0,5.3,1.35,9.5,5.0,1.35,9.5,5.75,1.33,9.5,8.54,5.89,5.49,1.37,1.34,1.45,1.41,3.0,2.82,,,
2017-11-18,Burnley,Swansea,2.14,3.2,4.0,2.1,3.2,3.9,2.1,3.1,3.9,2.13,3.17,4.24,2.41,2.98,3.71,E0 (9).csv,1.9,3.3,4.4,2.1,3.2,4.0,2.15,3.13,4.2,2.22,2.11,3.3,3.12,4.4,3.96,2.69,2.55,1.55,1.5,,,
2017-11-19,Watford,West Ham,2.1,3.5,3.75,2.1,3.25,3.7,2.05,3.4,3.5,2.13,3.5,3.79,2.32,3.26,3.54,E0 (9).csv,2.2,3.35,3.3,2.1,3.5,3.6,2.1,3.5,3.7,2.2,2.1,3.52,3.42,3.8,3.61,1.95,1.89,1.98,1.91,,,
2017-11-20,Brighton,Stoke,2.39,3.2,3.39,2.4,3.1,3.2,2.35,3.0,3.25,2.38,3.16,3.52,2.41,3.19,3.42,E0 (9).csv,2.4,3.3,2.95,2.4,3.1,3.3,2.4,3.13,3.4,2.45,2.38,3.3,3.11,3.52,3.27,2.51,2.39,1.62,1.57,,,
2017-11-24,West Ham,Leicester,2.7,3.39,2.75,2.75,3.3,2.6,2.7,3.3,2.7,2.74,3.32,2.82,2.89,3.27,2.71,E0 (9).csv,2.5,3.3,2.85,2.75,3.2,2.75,2.7,3.4,2.75,2.87,2.71,3.4,3.29,2.85,2.7,2.05,1.98,1.9,1.83,,,
2017-11-25,Crystal Palace,Stoke,2.04,3.5,4.0,2.0,3.4,3.9,2.0,3.3,3.75,2.08,3.44,4.03,1.95,3.63,4.29,E0 (9).csv,2.1,3.4,3.5,2.1,3.1,4.0,2.05,3.5,4.0,2.13,2.04,3.5,3.35,4.03,3.85,2.1,2.03,1.85,1.79,,,
2017-11-25,Liverpool,Chelsea,2.14,3.6,3.5,2.15,3.5,3.3,2.05,3.6,3.3,2.12,3.68,3.62,2.21,3.59,3.45,E0 (9).csv,2.2,3.3,3.4,2.15,3.3,3.6,2.15,3.6,3.5,2.2,2.12,3.68,3.5,3.7,3.46,1.75,1.69,2.3,2.17,,,
2017-11-25,Man United,Brighton,1.19,7.0,19.0,1.18,7.25,15.5,1.18,6.5,19.0,1.19,7.42,20.97,1.2,7.45,19.0,E0 (9).csv,1.2,6.5,15.0,1.22,5.5,21.0,1.18,7.5,22.0,1.22,1.19,7.5,6.72,22.0,18.1,1.75,1.67,2.3,2.2,,,
2017-11-25,Newcastle,Watford,2.2,3.5,3.5,2.2,3.3,3.4,2.15,3.3,3.4,2.18,3.48,3.59,2.4,3.37,3.26,E0 (9).csv,2.1,3.4,3.5,2.25,3.2,3.5,2.2,3.4,3.6,2.33,2.2,3.5,3.34,3.6,3.42,2.1,2.01,1.89,1.81,,,
2017-11-25,Swansea,Bournemouth,2.79,3.25,2.79,2.8,3.1,2.7,2.75,3.1,2.65,2.83,3.27,2.77,3.01,3.3,2.6,E0 (9).csv,2.5,3.3,2.85,2.8,3.2,2.7,2.8,3.25,2.75,2.9,2.75,3.33,3.18,2.85,2.71,2.26,2.18,1.75,1.68,,,
2017-11-25,Tottenham,West Brom,1.25,6.0,16.0,1.22,6.25,13.5,1.25,5.5,13.0,1.27,6.2,14.35,1.26,6.6,13.65,E0 (9).csv,1.3,5.5,9.5,1.25,5.5,15.0,1.25,6.25,13.0,1.3,1.25,6.25,5.83,17.0,13.89,1.76,1.69,2.26,2.16,,,
2017-11-26,Burnley,Arsenal,6.5,4.5,1.53,5.75,4.4,1.55,5.75,4.0,1.57,5.89,4.47,1.6,6.25,4.2,1.61,E0 (9).csv,5.7,3.9,1.6,6.0,4.2,1.57,6.25,4.33,1.57,6.5,5.83,4.52,4.24,1.63,1.57,1.79,1.72,2.2,2.12,,,
2017-11-26,Huddersfield,Man City,17.0,8.0,1.18,15.0,7.25,1.18,17.0,7.0,1.18,15.5,8.24,1.2,17.0,8.3,1.19,E0 (9).csv,15.0,6.5,1.2,17.0,6.5,1.2,18.0,8.0,1.18,19.0,15.71,8.24,7.29,1.21,1.18,1.51,1.46,2.88,2.65,,,
2017-11-26,Southampton,Everton,1.9,3.39,4.75,1.83,3.5,4.6,1.83,3.3,4.6,1.88,3.49,4.98,1.81,3.72,5.0,E0 (9).csv,2.0,3.4,3.8,1.91,3.3,4.5,1.83,3.5,5.2,2.0,1.87,3.5,3.39,5.2,4.64,2.33,2.25,1.7,1.64,,,
2017-11-28,West Brom,Newcastle,2.37,3.1,3.5,2.35,3.1,3.3,2.35,3.1,3.4,2.37,3.21,3.49,2.47,3.1,3.41,E0 (9).csv,2.4,3.1,3.15,2.38,3.1,3.4,2.38,3.2,3.4,2.41,2.35,3.21,3.12,3.6,3.35,2.55,2.41,1.62,1.56,,,
2017-11-28,Leicester,Tottenham,5.0,3.89,1.75,4.75,3.75,1.75,4.75,3.9,1.75,4.86,3.98,1.78,5.05,3.7,1.81,E0 (9).csv,4.7,3.7,1.75,4.8,3.75,1.75,5.0,3.9,1.75,5.0,4.75,4.0,3.82,1.8,1.75,1.85,1.77,2.14,2.05,,,
2017-11-28,Brighton,Crystal Palace,2.7,3.1,3.0,2.6,3.1,2.9,2.65,3.1,2.9,2.68,3.17,3.01,2.77,3.1,2.97,E0 (9).csv,2.5,3.15,2.95,2.62,3.1,2.9,2.7,3.1,3.0,2.75,2.64,3.17,3.07,3.05,2.93,2.6,2.44,1.6,1.55,,,
2017-11-28,Watford,Man United,5.25,3.89,1.72,5.0,3.75,1.7,5.2,3.9,1.7,5.34,4.05,1.71,5.25,3.75,1.78,E0 (9).csv,5.0,3.7,1.7,5.0,3.8,1.7,5.25,3.9,1.73,5.55,5.09,4.1,3.88,1.75,1.7,1.89,1.81,2.1,2.01,,,
2017-11-29,Arsenal,Huddersfield,1.19,7.5,17.0,1.18,7.0,17.0,1.2,6.5,15.0,1.23,7.23,14.43,1.18,8.3,18.5,E0 (9).csv,1.2,6.5,15.0,1.2,7.0,15.0,1.2,7.0,19.0,1.23,1.2,7.5,6.88,19.0,14.72,1.54,1.49,2.65,2.56,,,
2017-11-29,Bournemouth,Burnley,2.0,3.39,4.33,2.0,3.3,4.1,1.95,3.25,4.0,2.0,3.39,4.47,2.21,3.22,3.88,E0 (9).csv,2.1,3.3,3.6,1.95,3.4,4.2,2.0,3.4,4.33,2.1,1.98,3.5,3.34,4.6,4.13,2.28,2.19,1.72,1.67,,,
2017-11-29,Chelsea,Swansea,1.18,8.0,17.0,1.19,6.75,16.5,1.18,6.5,19.0,1.2,7.85,17.11,1.21,7.55,17.0,E0 (9).csv,1.2,6.5,15.0,1.2,7.0,17.0,1.18,7.5,21.0,1.2,1.19,8.0,7.16,21.0,16.0,1.59,1.53,2.6,2.45,,,
2017-11-29,Everton,West Ham,2.37,3.29,3.29,2.3,3.3,3.2,2.25,3.25,3.1,2.33,3.38,3.39,2.6,3.24,3.06,E0 (9).csv,2.2,3.35,3.3,2.3,3.3,3.3,2.38,3.3,3.4,2.4,2.31,3.4,3.27,3.4,3.25,2.1,2.02,1.88,1.79,,,
2017-11-29,Man City,Southampton,1.19,8.0,15.0,1.17,7.5,17.0,1.18,7.0,17.0,1.2,8.2,15.02,1.25,6.7,13.57,E0 (9).csv,1.17,7.5,15.0,1.2,7.0,17.0,1.2,8.0,15.0,1.21,1.19,8.5,7.39,19.0,14.99,1.44,1.41,3.15,2.87,,,
2017-11-29,Stoke,Liverpool,6.5,4.5,1.55,6.0,4.4,1.53,6.0,4.25,1.5,6.45,4.69,1.53,6.21,4.58,1.56,E0 (9).csv,6.2,4.0,1.55,6.0,4.5,1.53,6.5,4.6,1.53,6.5,6.01,4.69,4.41,1.57,1.53,1.64,1.57,2.5,2.38,,,
2017-12-02,Watford,Tottenham,5.0,4.0,1.72,4.75,3.9,1.72,4.75,3.9,1.67,5.14,4.18,1.7,5.26,4.44,1.65,E0 (9).csv,4.5,3.6,1.8,5.0,3.8,1.73,5.0,4.1,1.73,5.3,4.9,4.2,3.93,1.8,1.7,1.75,1.69,2.26,2.18,,,
2017-12-02,West Brom,Crystal Palace,2.5,3.2,3.2,2.5,3.1,3.1,2.4,3.0,3.1,2.52,3.17,3.25,2.73,3.1,3.02,E0 (9).csv,2.5,3.1,3.0,2.5,3.1,3.1,2.5,3.2,3.2,2.57,2.47,3.2,3.1,3.35,3.12,2.51,2.39,1.62,1.57,,,
2017-12-02,Stoke,Swansea,1.95,3.39,4.5,1.95,3.3,4.25,1.91,3.3,4.25,1.96,3.41,4.61,1.81,3.68,5.13,E0 (9).csv,1.9,3.5,4.1,1.95,3.4,4.2,1.95,3.4,4.6,1.98,1.93,3.5,3.34,4.61,4.36,2.3,2.19,1.74,1.68,,,
2017-12-02,Chelsea,Newcastle,1.25,6.5,15.0,1.25,6.25,11.5,1.25,5.5,13.0,1.26,6.45,14.0,1.24,6.65,16.5,E0 (9).csv,1.25,6.0,11.0,1.25,6.0,13.0,1.25,6.25,15.0,1.27,1.25,6.55,6.04,15.0,12.95,1.66,1.61,2.42,2.32,,,
2017-12-02,Everton,Huddersfield,1.72,3.79,5.5,1.7,3.7,5.25,1.7,3.5,5.2,1.72,3.82,5.63,1.86,3.52,5.01,E0 (9).csv,1.7,3.7,5.0,1.73,3.5,5.5,1.67,3.8,6.0,1.75,1.71,3.85,3.68,6.0,5.3,2.12,2.04,1.85,1.79,,,
2017-12-02,Arsenal,Man United,2.5,3.39,3.0,2.45,3.25,3.0,2.37,3.3,2.9,2.44,3.42,3.14,2.32,3.43,3.36,E0 (9).csv,2.5,3.2,2.95,2.5,3.2,3.0,2.45,3.4,3.1,2.52,2.44,3.5,3.31,3.2,2.99,2.01,1.93,1.95,1.89,,,
2017-12-02,Leicester,Burnley,1.83,3.6,5.0,1.83,3.5,4.6,1.8,3.4,4.8,1.83,3.64,5.05,2.1,3.27,4.2,E0 (9).csv,1.9,3.5,4.1,1.75,3.6,5.0,1.83,3.6,5.0,1.9,1.8,3.7,3.54,5.25,4.77,2.27,2.16,1.76,1.7,,,
2017-12-02,Brighton,Liverpool,7.5,4.5,1.5,6.25,4.5,1.5,7.0,4.2,1.5,7.58,4.55,1.5,7.25,4.39,1.53,E0 (9).csv,6.5,4.2,1.5,6.5,4.5,1.5,7.5,4.5,1.5,7.58,6.92,4.55,4.34,1.54,1.49,1.85,1.77,2.12,2.05,,,
2017-12-03,Man City,West Ham,1.08,11.0,21.0,1.1,10.5,21.0,1.09,11.0,29.0,1.12,13.0,19.5,1.11,12.5,26.0,E0 (9).csv,1.12,9.0,20.0,1.11,10.0,23.0,1.07,12.0,26.0,1.13,1.1,13.0,10.73,29.0,22.34,1.25,1.24,4.33,3.88,,,
2017-12-03,Bournemouth,Southampton,2.89,3.25,2.39,2.95,3.1,2.55,3.0,3.1,2.45,3.16,3.22,2.54,3.62,3.29,2.27,E0 (9).csv,2.7,3.2,2.7,3.0,3.1,2.6,3.1,3.25,2.5,3.16,2.98,3.3,3.17,2.7,2.51,2.25,2.16,1.74,1.69,,,
2017-12-09,Burnley,Watford,2.6,3.25,3.0,2.45,3.2,3.0,2.5,3.1,3.0,2.62,3.26,3.03,2.85,3.23,2.78,E0 (9).csv,2.4,3.2,3.05,2.5,3.2,2.88,2.6,3.2,3.1,2.63,2.53,3.3,3.18,3.1,2.98,2.38,2.27,1.69,1.64,,,
2017-12-09,Tottenham,Stoke,1.28,6.5,11.0,1.26,6.0,11.5,1.28,5.5,11.0,1.3,6.24,10.68,1.28,6.45,11.7,E0 (9).csv,1.3,5.5,9.5,1.25,6.0,11.0,1.29,6.25,11.0,1.31,1.28,6.5,5.93,12.0,10.61,1.57,1.51,2.65,2.54,,,
2017-12-09,West Ham,Chelsea,7.5,4.5,1.5,7.25,4.5,1.45,7.0,4.2,1.5,7.45,4.67,1.49,7.55,4.68,1.48,E0 (9).csv,6.2,4.0,1.55,7.0,4.0,1.5,7.5,4.6,1.5,7.5,6.98,4.67,4.4,1.55,1.49,1.91,1.8,2.1,2.02,,,
2017-12-09,Newcastle,Leicester,2.62,3.29,2.89,2.55,3.2,2.9,2.5,3.25,2.8,2.64,3.32,2.95,2.61,3.27,3.02,E0 (9).csv,2.7,3.3,2.6,2.5,3.25,2.8,2.63,3.3,2.9,2.7,2.58,3.35,3.24,2.95,2.85,2.05,2.0,1.87,1.82,,,
2017-12-09,Huddersfield,Brighton,2.7,3.1,3.0,2.55,3.0,3.1,2.55,2.9,3.0,2.69,3.02,3.15,2.73,2.91,3.22,E0 (9).csv,2.6,3.2,2.8,2.62,2.9,3.0,2.7,3.0,3.13,2.73,2.63,3.2,2.97,3.2,3.04,3.01,2.78,1.47,1.43,,,
2017-12-09,Crystal Palace,Bournemouth,2.04,3.5,4.0,2.0,3.4,3.9,2.0,3.25,3.8,2.04,3.47,4.16,1.97,3.62,4.23,E0 (9).csv,2.1,3.3,3.6,1.91,3.4,4.0,2.1,3.5,3.7,2.1,2.01,3.53,3.41,4.16,3.89,2.13,2.08,1.81,1.75,,,
2017-12-09,Swansea,West Brom,2.7,3.1,3.0,2.6,3.0,3.0,2.6,2.9,2.9,2.74,3.04,3.08,2.84,2.96,3.03,E0 (9).csv,2.6,3.1,2.85,2.6,3.0,2.9,2.7,3.0,3.1,2.75,2.65,3.1,2.99,3.15,2.99,2.8,2.63,1.53,1.48,,,
2017-12-10,Liverpool,Everton,1.3,6.0,11.0,1.3,5.5,10.0,1.28,5.5,11.0,1.29,6.28,11.6,1.37,5.25,9.95,E0 (9).csv,1.4,5.0,7.0,1.3,5.0,10.0,1.29,6.0,10.0,1.4,1.29,6.29,5.77,12.0,10.37,1.52,1.48,2.8,2.62,,,
2017-12-10,Southampton,Arsenal,4.0,3.75,1.95,4.0,3.6,1.91,3.75,3.5,1.95,3.85,3.79,2.01,4.2,3.8,1.93,E0 (9).csv,3.8,3.4,2.0,3.8,3.6,1.91,4.0,3.7,1.95,4.2,3.85,3.8,3.6,2.03,1.95,1.85,1.8,2.12,2.02,,,
2017-12-10,Man United,Man City,3.39,3.5,2.25,3.3,3.6,2.15,3.2,3.4,2.15,3.44,3.56,2.23,3.42,3.57,2.23,E0 (9).csv,3.15,3.3,2.3,3.3,3.4,2.15,3.3,3.5,2.25,3.5,3.32,3.6,3.45,2.3,2.2,1.9,1.83,2.04,1.98,,,
2017-12-12,Burnley,Stoke,2.29,3.2,3.6,2.25,3.1,3.5,2.25,3.2,3.6,2.3,3.25,3.6,2.4,3.23,3.4,E0 (9).csv,2.4,3.2,3.05,2.3,3.1,3.3,2.25,3.2,3.75,2.4,2.26,3.3,3.17,3.75,3.48,2.48,2.38,1.62,1.58,,,
2017-12-12,Crystal Palace,Watford,2.29,3.5,3.25,2.25,3.4,3.25,2.3,3.5,3.2,2.29,3.51,3.34,2.27,3.53,3.39,E0 (9).csv,2.4,3.1,3.15,2.25,3.5,3.25,2.3,3.5,3.3,2.4,2.26,3.6,3.45,3.35,3.21,1.91,1.84,2.05,1.98,,,
2017-12-12,Huddersfield,Chelsea,9.0,4.5,1.44,8.5,4.33,1.42,8.5,4.4,1.44,8.36,4.68,1.46,9.21,4.48,1.45,E0 (9).csv,7.5,4.8,1.4,9.0,4.6,1.4,8.5,4.6,1.45,9.0,8.31,4.8,4.43,1.48,1.44,2.03,1.95,1.95,1.88,,,
2017-12-13,West Ham,Arsenal,5.25,4.2,1.66,5.25,4.2,1.62,5.2,4.0,1.61,5.36,4.44,1.65,5.45,4.26,1.66,E0 (9).csv,5.0,4.0,1.65,5.5,4.0,1.65,5.4,4.3,1.65,5.5,5.26,4.45,4.15,1.67,1.64,1.72,1.66,2.3,2.21,,,
2017-12-13,Tottenham,Brighton,1.25,6.5,15.0,1.25,6.0,12.5,1.22,5.8,13.0,1.25,6.8,13.55,1.22,7.2,16.5,E0 (9).csv,1.27,6.0,10.0,1.25,6.0,13.0,1.25,6.5,15.0,1.27,1.24,6.8,6.18,16.0,13.29,1.68,1.62,2.4,2.29,,,
2017-12-13,Swansea,Man City,15.0,6.5,1.25,13.0,6.5,1.22,13.0,6.0,1.22,13.5,6.85,1.25,13.0,7.15,1.24,E0 (9).csv,11.0,6.0,1.25,13.0,6.0,1.25,15.0,6.5,1.25,15.0,13.07,7.0,6.23,1.27,1.24,1.55,1.49,2.75,2.6,,,
2017-12-13,Newcastle,Everton,2.39,3.29,3.25,2.35,3.2,3.25,2.35,3.2,3.1,2.41,3.29,3.32,2.19,3.32,3.81,E0 (9).csv,2.6,3.3,2.7,2.4,3.2,3.2,2.4,3.4,3.2,2.6,2.38,3.4,3.25,3.35,3.17,2.2,2.11,1.8,1.73,,,
2017-12-13,Southampton,Leicester,2.1,3.39,3.89,2.05,3.4,3.7,2.05,3.3,3.7,2.1,3.45,3.95,1.94,3.49,4.56,E0 (9).csv,2.05,3.35,3.7,2.05,3.4,3.8,2.1,3.4,3.9,2.12,2.06,3.5,3.39,4.18,3.78,2.11,2.04,1.85,1.79,,,
2017-12-13,Man United,Bournemouth,1.28,6.0,12.0,1.26,5.75,11.5,1.28,5.5,12.0,1.29,6.26,11.64,1.3,6.2,11.05,E0 (9).csv,1.25,6.0,11.0,1.29,5.5,12.0,1.29,6.0,13.0,1.3,1.28,6.35,5.75,13.0,11.73,1.67,1.63,2.39,2.27,,,
2017-12-13,Liverpool,West Brom,1.22,7.0,15.0,1.2,7.0,13.5,1.2,6.5,15.0,1.23,7.25,14.75,1.21,7.8,15.75,E0 (9).csv,1.25,6.0,11.0,1.2,7.0,15.0,1.22,7.0,13.0,1.25,1.21,7.25,6.69,15.25,13.99,1.56,1.52,2.62,2.53,,,
2017-12-16,Arsenal,Newcastle,1.25,6.5,14.0,1.26,5.75,12.0,1.25,6.0,13.0,1.27,6.8,11.75,1.26,6.9,12.45,E0 (9).csv,1.25,6.0,11.0,1.25,6.0,13.0,1.25,6.5,15.0,1.29,1.25,6.8,6.15,15.0,12.08,1.5,1.46,2.89,2.71,,,
2017-12-16,Watford,Huddersfield,1.8,3.75,5.0,1.72,3.7,5.0,1.75,3.5,4.75,1.79,3.78,5.08,1.73,3.83,5.5,E0 (9).csv,1.75,3.7,4.7,1.8,3.5,5.0,1.75,3.8,5.25,1.81,1.76,3.85,3.67,5.25,4.87,2.1,2.03,1.85,1.8,,,
2017-12-16,Stoke,West Ham,2.29,3.29,3.5,2.2,3.3,3.4,2.2,3.2,3.3,2.31,3.35,3.46,2.46,3.26,3.26,E0 (9).csv,2.2,3.3,3.4,2.3,3.3,3.3,2.3,3.3,3.4,2.33,2.26,3.4,3.28,3.55,3.38,2.15,2.08,1.8,1.75,,,
2017-12-16,Brighton,Burnley,2.62,3.0,3.2,2.55,2.9,3.2,2.45,2.9,3.1,2.62,2.95,3.34,2.5,2.89,3.64,E0 (9).csv,2.65,3.3,2.65,2.62,2.9,3.2,2.55,3.0,3.3,2.7,2.56,3.3,2.93,3.4,3.2,3.0,2.8,1.48,1.44,,,
2017-12-16,Leicester,Crystal Palace,1.89,3.6,4.5,1.87,3.6,4.25,1.83,3.5,4.2,1.88,3.7,4.55,1.77,3.85,5.1,E0 (9).csv,1.85,3.5,4.3,1.91,3.5,4.33,1.87,3.7,4.5,1.92,1.88,3.7,3.57,4.55,4.34,1.99,1.92,1.99,1.91,,,
2017-12-16,Chelsea,Southampton,1.39,5.0,9.0,1.36,5.0,8.5,1.4,4.6,8.5,1.41,5.1,8.78,1.4,5.09,9.0,E0 (9).csv,1.4,4.8,7.5,1.36,5.0,9.0,1.36,5.0,10.0,1.42,1.38,5.2,4.86,10.0,8.55,1.76,1.72,2.2,2.13,,,
2017-12-16,Man City,Tottenham,1.55,4.59,6.0,1.5,4.6,6.0,1.53,4.25,5.75,1.57,4.6,6.0,1.64,4.41,5.41,E0 (9).csv,1.5,4.2,6.5,1.53,4.5,6.0,1.55,4.6,6.25,1.59,1.54,4.75,4.45,6.5,5.8,1.58,1.54,2.6,2.48,,,
2017-12-17,Bournemouth,Liverpool,6.5,4.5,1.53,6.25,4.6,1.48,6.0,4.33,1.5,6.65,4.81,1.51,7.35,5.25,1.44,E0 (9).csv,6.2,4.0,1.55,6.0,4.5,1.53,6.5,4.6,1.5,6.65,6.27,4.81,4.52,1.55,1.5,1.61,1.57,2.56,2.41,,,
2017-12-17,West Brom,Man United,6.5,4.0,1.6,6.0,4.0,1.57,6.0,3.7,1.6,6.35,4.09,1.62,6.0,3.75,1.7,E0 (9).csv,6.2,4.0,1.55,6.5,3.8,1.62,6.5,4.0,1.6,6.5,6.11,4.1,3.9,1.64,1.6,2.15,2.07,1.81,1.76,,,
2017-12-18,Everton,Swansea,1.72,3.75,5.5,1.67,3.7,5.5,1.73,3.4,5.25,1.78,3.64,5.48,1.8,3.52,5.53,E0 (9).csv,1.7,3.7,5.0,1.73,3.6,5.5,1.75,3.6,5.5,1.78,1.72,3.75,3.61,5.8,5.3,2.38,2.25,1.7,1.64,,,
2017-12-22,Arsenal,Liverpool,2.54,3.6,2.79,2.4,3.6,2.8,2.45,3.75,2.75,2.51,3.71,2.84,2.68,3.69,2.66,E0 (9).csv,2.4,3.3,2.95,2.45,3.6,2.8,2.5,3.75,2.8,2.6,2.47,3.76,3.61,2.95,2.8,1.57,1.5,2.71,2.57,,,
2017-12-23,West Ham,Newcastle,2.1,3.39,3.89,2.1,3.3,3.7,2.1,3.2,3.7,2.13,3.43,3.86,1.97,3.48,4.43,E0 (9).csv,1.9,3.5,4.1,2.15,3.2,3.8,2.1,3.4,3.9,2.2,2.11,3.5,3.31,4.1,3.73,2.25,2.15,1.76,1.71,,,
2017-12-23,Swansea,Crystal Palace,3.29,3.2,2.45,3.2,3.1,2.4,3.2,3.1,2.35,3.34,3.27,2.41,3.4,3.32,2.35,E0 (9).csv,3.0,3.1,2.5,3.3,3.1,2.4,3.4,3.2,2.4,3.4,3.24,3.27,3.13,2.5,2.4,2.5,2.37,1.65,1.58,,,
2017-12-23,Stoke,West Brom,2.29,3.25,3.5,2.25,3.25,3.4,2.25,3.1,3.4,2.34,3.21,3.55,2.37,3.17,3.53,E0 (9).csv,2.25,3.35,3.2,2.3,3.1,3.5,2.38,3.2,3.5,2.38,2.29,3.35,3.18,3.6,3.41,2.45,2.34,1.65,1.6,,,
2017-12-23,Leicester,Man United,4.5,3.6,1.9,4.33,3.5,1.87,4.2,3.5,1.87,4.4,3.71,1.91,4.27,3.67,1.95,E0 (9).csv,4.4,3.7,1.8,4.33,3.5,1.91,4.75,3.7,1.83,4.75,4.29,3.8,3.6,1.95,1.87,2.02,1.93,1.93,1.89,,,
2017-12-23,Man City,Bournemouth,1.12,11.0,23.0,1.1,10.5,23.0,1.09,11.0,26.0,1.11,12.57,23.05,1.09,15.0,27.0,E0 (9).csv,1.12,9.0,20.0,1.1,11.0,26.0,1.07,11.5,23.0,1.13,1.1,12.7,10.56,31.0,23.69,1.25,1.23,4.42,4.07,,,
2017-12-23,Everton,Chelsea,6.0,3.89,1.66,6.0,3.75,1.62,5.75,3.7,1.61,5.96,3.98,1.67,7.16,4.13,1.56,E0 (9).csv,4.8,3.9,1.7,5.5,3.8,1.67,6.25,3.9,1.65,6.25,5.68,4.0,3.83,1.7,1.65,2.15,2.05,1.85,1.78,,,
2017-12-23,Brighton,Watford,2.62,3.2,3.0,2.55,3.1,3.0,2.55,3.1,2.87,2.67,3.2,3.0,2.71,3.2,2.95,E0 (9).csv,2.6,3.05,2.9,2.62,3.1,3.0,2.7,3.2,2.9,2.7,2.6,3.3,3.14,3.1,2.93,2.31,2.23,1.71,1.66,,,
2017-12-23,Southampton,Huddersfield,1.61,3.89,6.5,1.6,3.8,6.25,1.57,3.75,6.5,1.59,4.03,7.0,1.67,3.9,6.1,E0 (9).csv,1.65,3.8,5.3,1.62,3.75,6.5,1.6,4.0,7.0,1.65,1.6,4.1,3.88,7.0,6.26,2.15,2.07,1.82,1.76,,,
2017-12-23,Burnley,Tottenham,7.0,4.2,1.55,7.0,4.1,1.5,7.0,4.0,1.5,7.05,4.35,1.54,6.8,4.29,1.56,E0 (9).csv,5.3,3.8,1.65,7.0,3.8,1.57,7.0,4.2,1.55,7.25,6.73,4.35,4.08,1.65,1.53,2.11,2.03,1.87,1.79,,,
2017-12-26,West Brom,Everton,2.54,3.2,3.1,2.4,3.1,3.2,2.4,3.0,3.1,2.47,3.22,3.28,2.25,3.16,3.85,E0 (9).csv,2.6,3.25,2.75,2.5,3.2,3.0,2.55,3.13,3.2,2.6,2.47,3.25,3.12,3.35,3.13,2.65,2.49,1.6,1.54,,,
2017-12-26,Watford,Leicester,2.54,3.5,2.87,2.5,3.5,2.75,2.5,3.4,2.7,2.57,3.47,2.92,2.7,3.46,2.78,E0 (9).csv,2.5,3.3,2.85,2.5,3.4,2.88,2.6,3.5,2.8,2.62,2.5,3.6,3.42,2.95,2.82,1.82,1.76,2.16,2.08,,,
2017-12-26,Tottenham,Southampton,1.36,5.25,10.0,1.36,5.0,8.5,1.36,4.8,9.0,1.38,5.43,8.97,1.33,5.8,10.2,E0 (9).csv,1.4,4.8,7.5,1.33,5.0,11.0,1.36,5.25,10.0,1.42,1.36,5.55,5.07,11.0,9.24,1.75,1.69,2.28,2.18,,,
2017-12-26,Huddersfield,Stoke,2.5,3.2,3.2,2.5,3.1,3.1,2.45,3.1,3.0,2.51,3.27,3.17,2.35,3.23,3.51,E0 (9).csv,2.4,3.3,2.95,2.5,3.1,3.1,2.5,3.2,3.13,2.57,2.49,3.3,3.15,3.25,3.07,2.4,2.3,1.67,1.62,,,
2017-12-26,Man United,Burnley,1.25,6.5,15.0,1.25,5.75,13.0,1.22,5.75,15.0,1.24,6.67,15.84,1.26,6.3,14.5,E0 (9).csv,1.25,6.0,11.0,1.25,6.0,13.0,1.25,6.5,13.0,1.3,1.24,6.75,6.01,17.0,13.97,1.85,1.75,2.17,2.09,,,
2017-12-26,Liverpool,Swansea,1.16,9.0,19.0,1.15,8.0,18.5,1.14,8.0,21.0,1.16,9.12,21.04,1.14,10.5,21.0,E0 (9).csv,1.2,6.5,15.0,1.17,8.0,17.0,1.17,8.5,20.0,1.2,1.16,9.12,8.14,23.0,17.92,1.45,1.4,3.1,2.92,,,
2017-12-26,Chelsea,Brighton,1.19,7.5,17.0,1.18,7.0,17.0,1.2,6.5,17.0,1.21,7.25,17.45,1.17,8.4,21.5,E0 (9).csv,1.2,6.5,15.0,1.2,7.0,15.0,1.2,7.0,20.0,1.23,1.2,7.51,6.9,20.0,16.27,1.75,1.66,2.38,2.22,,,
2017-12-26,Bournemouth,West Ham,2.79,3.29,2.75,2.75,3.2,2.65,2.7,3.1,2.65,2.8,3.25,2.81,2.56,3.22,3.13,E0 (9).csv,2.6,3.3,2.7,2.8,3.3,2.62,2.75,3.3,2.8,2.85,2.74,3.35,3.23,2.85,2.7,2.2,2.11,1.8,1.74,,,
2017-12-27,Newcastle,Man City,13.0,6.75,1.25,13.0,6.5,1.22,13.0,6.5,1.22,12.6,6.95,1.26,13.0,7.25,1.24,E0 (9).csv,8.5,6.0,1.3,13.0,6.0,1.25,15.0,7.0,1.22,15.0,12.97,7.25,6.41,1.3,1.23,1.48,1.44,3.0,2.76,,,
2017-12-28,Crystal Palace,Arsenal,4.5,4.0,1.8,4.5,3.8,1.78,4.25,3.8,1.75,4.54,4.0,1.8,4.82,4.33,1.72,E0 (9).csv,4.8,3.6,1.75,4.8,3.8,1.75,4.5,4.0,1.8,4.8,4.47,4.15,3.88,1.85,1.77,1.67,1.62,2.38,2.29,,,
2017-12-30,Bournemouth,Everton,2.37,3.29,3.29,2.35,3.2,3.2,2.3,3.2,3.2,2.33,3.38,3.39,2.36,3.13,3.6,E0 (9).csv,2.45,3.3,2.9,2.4,3.2,3.0,2.38,3.3,3.3,2.45,2.35,3.4,3.26,3.47,3.19,2.25,2.11,1.8,1.73,,,
2017-12-30,Chelsea,Stoke,1.16,8.5,19.0,1.16,7.5,18.5,1.17,7.0,17.0,1.18,8.01,20.06,1.15,9.75,21.0,E0 (9).csv,1.22,6.5,13.0,1.17,7.0,17.0,1.18,7.5,17.0,1.22,1.17,8.5,7.45,21.0,17.16,1.5,1.46,2.85,2.79,,,
2017-12-30,Huddersfield,Burnley,2.37,3.1,3.5,2.3,3.1,3.4,2.3,2.9,3.4,2.32,3.16,3.67,2.44,3.03,3.58,E0 (9).csv,2.6,3.1,2.9,2.38,2.9,3.4,2.4,3.0,3.6,2.6,2.35,3.2,3.05,3.67,3.42,2.86,2.72,1.5,1.45,,,
2017-12-30,Liverpool,Leicester,1.3,6.0,11.0,1.28,6.0,9.5,1.3,5.5,9.5,1.32,6.27,9.97,1.27,7.1,11.0,E0 (9).csv,1.35,5.3,8.0,1.3,5.5,9.0,1.3,6.0,11.0,1.35,1.3,6.27,5.8,11.0,9.48,1.43,1.4,3.2,2.93,,,
2017-12-30,Man United,Southampton,1.36,5.5,9.0,1.34,5.25,9.0,1.36,4.75,9.0,1.36,5.35,10.1,1.36,5.3,10.5,E0 (9).csv,1.4,4.8,7.5,1.36,4.8,8.0,1.36,5.2,10.0,1.4,1.36,5.5,5.01,11.0,9.21,1.81,1.75,2.15,2.09,,,
2017-12-30,Newcastle,Brighton,2.14,3.2,4.0,2.1,3.2,3.8,2.1,3.1,3.8,2.15,3.22,4.1,2.16,3.22,4.05,E0 (9).csv,2.2,3.35,3.3,2.15,3.2,3.6,2.15,3.25,4.0,2.2,2.12,3.35,3.19,4.1,3.82,2.58,2.45,1.6,1.55,,,
2017-12-30,Watford,Swansea,1.66,3.79,6.0,1.67,3.7,5.5,1.67,3.6,5.25,1.7,3.85,5.81,1.85,3.57,5.01,E0 (9).csv,1.75,3.6,4.8,1.7,3.6,5.0,1.7,3.8,5.75,1.75,1.69,3.9,3.69,6.0,5.39,2.14,2.06,1.83,1.77,,,
2017-12-31,West Brom,Arsenal,5.0,4.0,1.72,4.6,3.9,1.75,4.75,3.75,1.7,5.39,4.06,1.7,5.7,4.19,1.65,E0 (9).csv,4.8,3.6,1.75,4.5,3.75,1.73,5.25,4.0,1.7,5.39,4.83,4.1,3.85,1.78,1.72,1.88,1.82,2.07,2.0,,,
2017-12-31,Crystal Palace,Man City,11.0,6.5,1.28,11.5,6.25,1.25,11.0,5.8,1.25,12.96,6.73,1.26,10.85,5.8,1.32,E0 (9).csv,9.5,5.5,1.3,11.0,6.0,1.25,12.0,6.5,1.25,13.0,11.16,6.75,6.18,1.3,1.26,1.47,1.4,3.0,2.87,,,
2018-01-01,Burnley,Liverpool,7.5,4.5,1.5,7.25,4.4,1.45,6.5,4.2,1.5,7.31,4.45,1.52,6.6,3.8,1.65,E0 (9).csv,6.2,4.0,1.55,7.0,4.33,1.5,7.5,4.4,1.5,7.6,6.96,4.6,4.31,1.55,1.5,1.85,1.8,2.08,2.02,,,
2018-01-01,Everton,Man United,5.5,3.5,1.8,5.25,3.5,1.75,5.0,3.4,1.75,5.49,3.59,1.79,5.6,3.89,1.71,E0 (9).csv,4.4,3.7,1.8,5.5,3.4,1.75,5.4,3.5,1.8,5.5,5.17,3.8,3.49,1.85,1.78,2.44,2.29,1.7,1.63,,,
2018-01-01,Leicester,Huddersfield,1.66,3.79,6.0,1.62,3.9,5.75,1.61,3.7,5.5,1.65,4.08,6.01,1.83,3.52,5.23,E0 (9).csv,1.7,3.9,4.8,1.67,3.75,5.5,1.67,3.9,5.0,1.7,1.65,4.08,3.85,6.25,5.63,2.07,2.0,1.91,1.82,,,
2018-01-01,Stoke,Newcastle,2.29,3.29,3.5,2.2,3.3,3.4,2.3,3.2,3.2,2.36,3.26,3.44,2.31,3.28,3.54,E0 (9).csv,2.2,3.35,3.3,2.3,3.2,3.4,2.38,3.3,3.3,2.41,2.3,3.45,3.28,3.5,3.28,2.14,2.07,1.85,1.77,,,
2018-01-01,Brighton,Bournemouth,2.37,3.2,3.39,2.35,3.1,3.3,2.35,3.0,3.25,2.46,3.11,3.44,2.47,3.05,3.48,E0 (9).csv,2.3,3.15,3.3,2.4,3.1,3.3,2.45,3.13,3.4,2.55,2.39,3.2,3.1,3.5,3.29,2.62,2.46,1.6,1.55,,,
2018-01-02,Man City,Watford,1.12,8.5,19.0,1.16,8.0,16.5,1.17,7.5,19.0,1.18,8.7,16.95,1.13,10.8,21.5,E0 (9).csv,1.12,9.0,20.0,1.15,8.0,19.0,1.15,8.5,21.0,1.21,1.16,9.55,8.1,25.7,17.55,1.37,1.33,3.75,3.29,,,
2018-01-02,Southampton,Crystal Palace,1.9,3.39,4.0,1.91,3.5,4.1,1.91,3.4,4.2,2.05,3.43,4.16,2.07,3.37,4.16,E0 (9).csv,2.1,3.4,3.5,1.95,3.4,4.2,2.0,3.5,4.0,2.1,1.98,3.6,3.42,4.4,3.99,2.13,2.02,1.86,1.8,,,
2018-01-02,Swansea,Tottenham,12.0,4.75,1.3,10.5,5.5,1.3,10.0,4.8,1.33,10.54,5.51,1.34,8.02,4.51,1.48,E0 (9).csv,8.7,5.3,1.33,11.0,5.5,1.3,11.0,5.25,1.33,12.5,10.32,5.55,5.22,1.37,1.32,1.83,1.75,2.2,2.08,,,
2018-01-02,West Ham,West Brom,1.9,3.39,4.09,1.9,3.4,4.33,1.91,3.2,4.33,1.98,3.41,4.51,2.19,3.21,3.98,E0 (9).csv,2.1,3.4,3.5,1.95,3.3,4.33,1.95,3.4,4.5,2.1,1.94,3.5,3.33,4.6,4.24,2.45,2.36,1.65,1.59,,,
2018-01-03,Arsenal,Chelsea,2.6,3.39,2.6,2.7,3.4,2.6,2.62,3.5,2.5,2.8,3.51,2.64,3.32,3.42,2.34,E0 (9).csv,2.6,3.3,2.75,2.7,3.3,2.7,2.75,3.5,2.63,2.8,2.68,3.65,3.4,2.8,2.62,1.7,1.65,2.35,2.24,,,
2018-01-04,Tottenham,West Ham,1.25,6.0,10.0,1.25,5.75,10.5,1.28,5.5,11.0,1.26,6.25,12.7,1.29,6.1,12.2,E0 (9).csv,1.35,5.3,8.0,1.29,6.0,10.0,1.29,6.0,12.0,1.35,1.28,6.5,5.86,13.0,10.66,1.61,1.55,2.55,2.43,,,
2018-01-13,Tottenham,Everton,1.28,6.0,13.0,1.25,6.0,12.5,1.28,5.25,12.0,1.28,6.02,13.69,1.28,6.12,12.61,E0 (9).csv,1.33,5.3,8.7,1.29,5.5,12.0,1.29,6.0,13.0,1.33,1.28,6.4,5.67,14.0,12.11,1.75,1.7,2.25,2.17,,,
2018-01-13,Watford,Southampton,2.5,3.39,3.0,2.4,3.3,3.0,2.45,3.25,2.87,2.5,3.48,3.01,2.79,3.35,2.75,E0 (9).csv,2.4,3.3,2.95,2.5,3.25,3.0,2.55,3.4,3.0,2.55,2.46,3.5,3.33,3.08,2.94,2.0,1.94,1.92,1.88,,,
2018-01-13,West Brom,Brighton,2.14,3.0,4.33,2.1,3.0,4.1,2.1,3.0,4.0,2.16,3.08,4.31,2.17,3.14,4.15,E0 (9).csv,2.1,3.2,3.8,2.05,3.0,4.2,2.15,3.1,4.33,2.2,2.12,3.2,3.0,4.5,4.14,3.14,2.91,1.45,1.4,,,
2018-01-13,Newcastle,Swansea,1.95,3.39,4.5,1.9,3.25,4.6,1.95,3.2,4.25,1.99,3.38,4.5,1.76,3.75,5.4,E0 (9).csv,1.9,3.5,4.1,1.95,3.3,4.5,1.95,3.4,4.6,2.0,1.94,3.5,3.31,4.75,4.38,2.45,2.35,1.65,1.6,,,
2018-01-13,Crystal Palace,Burnley,2.0,3.29,4.5,2.0,3.2,4.2,2.0,3.2,4.0,2.02,3.3,4.51,2.18,3.22,3.98,E0 (9).csv,2.0,3.3,4.0,2.05,3.1,4.33,2.0,3.3,4.4,2.07,2.01,3.35,3.25,4.51,4.18,2.5,2.38,1.63,1.59,,,
2018-01-13,Chelsea,Leicester,1.3,5.75,12.0,1.26,5.75,11.5,1.28,5.5,11.0,1.3,5.95,11.85,1.3,5.72,13.0,E0 (9).csv,1.33,5.5,8.5,1.3,5.5,11.0,1.29,6.0,12.0,1.33,1.29,6.15,5.65,12.0,10.82,1.59,1.55,2.57,2.44,,,
2018-01-13,Huddersfield,West Ham,2.62,3.1,3.1,2.6,3.0,3.0,2.6,3.0,2.87,2.67,3.14,3.06,2.94,3.11,2.79,E0 (9).csv,2.6,3.25,2.75,2.7,3.0,3.0,2.75,3.1,3.0,2.75,2.64,3.25,3.05,3.1,2.96,2.6,2.48,1.6,1.54,,,
2018-01-14,Liverpool,Man City,3.1,3.75,2.29,3.1,3.6,2.2,2.9,3.6,2.25,3.07,3.75,2.34,3.22,3.62,2.31,E0 (9).csv,3.0,3.5,2.3,3.1,3.5,2.3,2.88,3.6,2.25,3.2,3.03,3.79,3.6,2.37,2.27,1.56,1.52,2.75,2.51,,,
2018-01-14,Bournemouth,Arsenal,4.75,4.2,1.75,4.75,3.9,1.72,4.33,4.0,1.73,4.63,4.22,1.76,3.81,3.61,2.08,E0 (9).csv,4.8,3.9,1.7,4.5,4.0,1.75,4.6,4.2,1.75,4.8,4.49,4.28,4.02,1.8,1.73,1.55,1.51,2.62,2.54,,,
2018-01-15,Man United,Stoke,1.22,7.0,15.0,1.22,7.0,11.5,1.22,6.0,15.0,1.23,7.22,15.23,1.22,7.2,15.8,E0 (9).csv,1.25,6.0,11.0,1.22,6.5,15.0,1.22,7.0,15.0,1.25,1.22,7.25,6.58,15.72,13.77,1.55,1.5,2.67,2.56,,,
2018-01-20,Arsenal,Crystal Palace,1.5,4.75,7.0,1.5,4.4,6.25,1.5,4.33,6.5,1.49,4.73,7.19,1.44,4.97,7.85,E0 (9).csv,1.5,4.2,6.5,1.5,4.33,7.0,1.5,4.6,7.0,1.52,1.5,4.75,4.46,7.2,6.55,1.64,1.59,2.45,2.36,,,
2018-01-20,Brighton,Chelsea,6.5,3.89,1.61,6.0,3.8,1.6,6.0,3.6,1.6,6.33,3.9,1.65,7.0,3.85,1.62,E0 (9).csv,5.7,3.9,1.6,6.5,3.75,1.62,6.5,3.9,1.62,6.78,6.17,3.95,3.76,1.67,1.62,2.28,2.19,1.74,1.68,,,
2018-01-20,Burnley,Man United,7.5,3.89,1.57,6.5,3.9,1.57,6.5,3.7,1.57,6.98,3.95,1.6,7.5,4.05,1.56,E0 (9).csv,6.2,4.0,1.55,7.0,3.8,1.57,7.0,3.9,1.6,7.5,6.64,4.0,3.82,1.63,1.58,2.25,2.18,1.74,1.69,,,
2018-01-20,Everton,West Brom,2.14,3.2,4.0,2.1,3.1,4.0,2.1,3.1,3.7,2.16,3.3,3.93,2.59,2.97,3.37,E0 (9).csv,2.2,3.1,3.6,2.15,3.1,4.0,2.2,3.2,3.9,2.22,2.14,3.3,3.14,4.25,3.82,2.63,2.52,1.57,1.52,,,
2018-01-20,Leicester,Watford,1.85,3.89,4.33,1.8,3.75,4.33,1.8,3.7,4.2,1.85,3.84,4.47,1.76,3.91,5.05,E0 (9).csv,1.9,3.5,4.1,1.85,3.75,4.33,1.85,3.9,4.4,1.9,1.84,3.9,3.75,4.65,4.22,1.8,1.74,2.19,2.1,,,
2018-01-20,Man City,Newcastle,1.12,10.0,26.0,1.11,10.0,19.0,1.12,9.0,26.0,1.14,10.21,22.56,1.12,11.0,28.5,E0 (9).csv,1.15,8.0,17.0,1.12,9.0,26.0,1.13,10.0,23.0,1.15,1.13,11.0,9.22,26.0,21.28,1.33,1.3,3.75,3.5,,,
2018-01-20,Stoke,Huddersfield,2.04,3.39,4.09,2.0,3.3,4.0,2.0,3.2,4.0,2.04,3.41,4.23,2.04,3.47,4.12,E0 (9).csv,2.1,3.2,3.75,2.05,3.3,4.0,2.05,3.4,4.1,2.1,2.03,3.45,3.33,4.23,3.97,2.3,2.21,1.73,1.67,,,
2018-01-20,West Ham,Bournemouth,2.0,3.6,4.0,1.95,3.6,3.9,2.0,3.5,3.7,2.06,3.62,3.87,2.37,3.37,3.32,E0 (9).csv,2.0,3.4,3.8,2.0,3.5,4.0,2.0,3.7,3.9,2.1,2.01,3.7,3.55,4.0,3.76,1.91,1.87,2.05,1.95,,,
2018-01-21,Southampton,Tottenham,5.75,4.09,1.64,5.5,4.0,1.62,5.2,3.8,1.61,5.72,4.14,1.66,4.6,3.76,1.86,E0 (9).csv,5.0,3.7,1.7,5.5,4.0,1.65,5.75,4.0,1.65,5.75,5.37,4.14,3.94,1.7,1.65,1.85,1.81,2.13,2.02,,,
2018-01-22,Swansea,Liverpool,12.0,5.75,1.3,10.0,5.5,1.3,11.0,5.2,1.3,11.96,5.8,1.31,11.68,5.87,1.31,E0 (9).csv,8.0,5.3,1.35,11.0,5.5,1.3,12.0,5.5,1.3,12.0,10.75,5.8,5.37,1.35,1.31,1.73,1.66,2.3,2.21,,,
2018-01-30,West Ham,Crystal Palace,3.1,3.25,2.54,3.0,3.2,2.45,3.0,3.25,2.5,3.06,3.32,2.55,3.1,3.2,2.59,E0 (9).csv,2.65,3.3,2.65,3.0,3.25,2.5,3.0,3.3,2.55,3.11,2.99,3.32,3.23,2.66,2.51,2.23,2.14,1.77,1.71,,,
2018-01-30,Huddersfield,Liverpool,12.0,5.75,1.3,10.5,5.5,1.3,12.0,5.5,1.3,10.75,5.65,1.33,10.95,5.49,1.34,E0 (9).csv,7.5,4.8,1.4,11.0,5.5,1.3,12.0,5.75,1.3,12.0,10.65,5.75,5.46,1.4,1.31,1.75,1.68,2.31,2.2,,,
2018-01-30,Swansea,Arsenal,7.0,4.59,1.5,6.5,4.33,1.5,7.0,4.4,1.5,7.0,4.62,1.51,7.1,4.3,1.55,E0 (9).csv,6.2,4.0,1.55,7.0,4.33,1.5,7.5,4.4,1.5,7.5,6.93,4.62,4.37,1.55,1.5,1.83,1.76,2.15,2.08,,,
2018-01-31,Everton,Leicester,3.0,3.2,2.62,2.95,3.1,2.55,2.9,3.1,2.5,3.11,3.17,2.6,2.78,3.16,2.9,E0 (9).csv,2.7,3.2,2.7,3.0,3.1,2.62,3.1,3.2,2.55,3.11,2.99,3.25,3.14,2.7,2.56,2.38,2.22,1.73,1.66,,,
2018-01-31,Man City,West Brom,1.14,10.0,21.0,1.14,8.5,17.5,1.15,7.5,23.0,1.16,9.0,21.8,1.15,9.1,23.5,E0 (9).csv,1.15,7.5,18.0,1.14,9.0,19.0,1.15,9.0,22.0,1.17,1.15,10.0,8.47,23.0,18.91,1.48,1.44,2.89,2.75,,,
2018-01-31,Newcastle,Burnley,2.2,3.2,3.89,2.15,3.1,3.8,2.1,3.0,3.75,2.19,3.15,4.05,2.21,3.19,3.95,E0 (9).csv,2.1,3.3,3.6,2.2,3.1,3.75,2.2,3.13,4.0,2.25,2.17,3.3,3.13,4.05,3.83,2.75,2.58,1.55,1.5,,,
2018-01-31,Southampton,Brighton,1.75,3.5,6.0,1.75,3.4,5.5,1.75,3.3,5.25,1.77,3.48,5.99,1.85,3.42,5.27,E0 (9).csv,1.8,3.6,4.5,1.75,3.3,6.0,1.75,3.5,5.75,1.82,1.75,3.6,3.43,6.03,5.49,2.45,2.36,1.65,1.59,,,
2018-01-31,Stoke,Watford,2.25,3.5,3.39,2.2,3.4,3.3,2.15,3.4,3.25,2.22,3.54,3.48,2.18,3.55,3.58,E0 (9).csv,2.1,3.4,3.5,2.25,3.4,3.3,2.25,3.5,3.4,2.3,2.22,3.6,3.44,3.5,3.3,1.9,1.84,2.05,1.98,,,
2018-01-31,Tottenham,Man United,2.35,3.29,3.39,2.25,3.25,3.4,2.2,3.3,3.2,2.32,3.42,3.38,2.42,3.4,3.19,E0 (9).csv,2.4,3.3,2.95,2.3,3.3,3.3,2.3,3.3,3.4,2.4,2.29,3.46,3.33,3.45,3.28,1.98,1.92,1.96,1.9,,,
2018-01-31,Chelsea,Bournemouth,1.28,6.5,11.0,1.26,6.0,11.0,1.28,5.5,11.0,1.3,6.14,11.24,1.37,5.25,10.11,E0 (9).csv,1.27,5.8,10.5,1.29,6.0,11.0,1.29,6.0,12.0,1.32,1.28,6.5,5.9,12.0,10.77,1.56,1.52,2.63,2.53,,,
2018-02-03,Arsenal,Everton,1.3,5.75,12.0,1.3,5.25,10.5,1.3,5.25,11.0,1.32,5.85,10.95,1.37,5.45,9.5,E0 (9).csv,1.35,5.3,8.0,1.33,5.0,11.0,1.3,5.75,11.0,1.35,1.31,6.0,5.43,12.0,10.46,1.61,1.57,2.54,2.4,,,
2018-02-03,Bournemouth,Stoke,1.9,3.7,4.33,1.87,3.6,4.2,1.87,3.5,4.0,1.92,3.66,4.43,1.93,3.65,4.41,E0 (9).csv,2.1,3.4,3.5,1.91,3.5,4.33,1.91,3.7,4.33,2.1,1.91,3.73,3.58,4.5,4.12,1.91,1.83,2.06,1.99,,,
2018-02-03,Brighton,West Ham,2.35,3.0,3.7,2.3,3.0,3.5,2.3,3.0,3.4,2.37,3.07,3.66,2.26,3.08,3.95,E0 (9).csv,2.4,3.1,3.2,2.3,3.0,3.6,2.3,3.1,3.7,2.42,2.32,3.14,3.02,3.7,3.53,2.7,2.56,1.55,1.51,,,
2018-02-03,Burnley,Man City,13.0,6.0,1.28,11.0,5.75,1.28,12.0,5.25,1.28,13.0,5.9,1.29,13.5,5.65,1.3,E0 (9).csv,8.0,5.3,1.35,12.0,5.5,1.29,13.0,6.0,1.29,13.0,11.77,6.15,5.69,1.35,1.28,1.73,1.68,2.28,2.2,,,
2018-02-03,Leicester,Swansea,1.8,3.6,5.25,1.72,3.6,5.25,1.75,3.5,5.0,1.81,3.59,5.3,1.85,3.49,5.18,E0 (9).csv,1.75,3.6,4.8,1.8,3.5,5.0,1.8,3.6,5.2,1.84,1.78,3.7,3.56,5.35,4.97,2.16,2.08,1.8,1.75,,,
2018-02-03,Man United,Huddersfield,1.16,8.5,19.0,1.14,8.25,19.0,1.15,7.5,21.0,1.17,8.19,23.45,1.22,7.2,17.0,E0 (9).csv,1.2,6.5,15.0,1.17,7.5,21.0,1.17,8.0,23.0,1.2,1.16,8.5,7.59,26.0,20.1,1.63,1.57,2.5,2.39,,,
2018-02-03,West Brom,Southampton,2.54,3.2,3.1,2.5,3.1,3.1,2.5,3.1,3.0,2.65,3.15,3.07,2.96,3.12,2.76,E0 (9).csv,2.6,3.15,2.85,2.5,3.1,3.1,2.6,3.2,3.1,2.66,2.54,3.26,3.13,3.2,3.0,2.43,2.33,1.67,1.6,,,
2018-02-04,Liverpool,Tottenham,2.1,3.75,3.6,2.05,3.6,3.5,2.05,3.6,3.3,2.13,3.71,3.55,2.01,3.84,3.81,E0 (9).csv,2.2,3.5,3.2,2.1,3.6,3.5,2.1,3.8,3.5,2.2,2.08,3.85,3.69,3.6,3.44,1.64,1.59,2.45,2.36,,,
2018-02-04,Crystal Palace,Newcastle,2.04,3.39,4.2,2.0,3.25,4.1,2.0,3.25,3.9,2.05,3.4,4.19,2.12,3.31,4.06,E0 (9).csv,2.1,3.25,3.7,2.05,3.3,4.0,2.05,3.4,4.1,2.11,2.03,3.51,3.35,4.2,3.93,2.2,2.14,1.77,1.71,,,
2018-02-05,Watford,Chelsea,6.25,4.0,1.61,6.0,4.0,1.57,5.5,3.8,1.6,6.15,4.05,1.64,6.95,4.5,1.53,E0 (9).csv,5.5,4.0,1.6,6.0,4.0,1.62,6.0,4.0,1.62,6.25,5.78,4.15,3.96,1.67,1.61,1.93,1.85,2.0,1.96,,,
2018-02-10,West Ham,Watford,2.5,3.29,2.79,2.45,3.2,3.0,2.4,3.25,2.9,2.57,3.32,3.03,2.38,3.36,3.3,E0 (9).csv,2.4,3.2,3.05,2.5,3.3,2.8,2.5,3.3,3.1,2.58,2.48,3.39,3.28,3.1,2.93,2.05,1.98,1.91,1.84,,,
2018-02-10,Tottenham,Arsenal,2.0,3.6,3.5,1.95,3.8,3.6,1.95,3.75,3.5,2.04,3.85,3.7,1.93,3.9,4.07,E0 (9).csv,2.2,3.5,3.2,2.0,3.75,3.4,2.05,3.9,3.6,2.2,2.0,3.91,3.76,3.8,3.58,1.54,1.5,2.68,2.57,,,
2018-02-10,Everton,Crystal Palace,2.25,3.25,3.2,2.25,3.2,3.4,2.2,3.1,3.5,2.26,3.26,3.68,2.11,3.32,4.09,E0 (9).csv,2.3,3.2,3.25,2.25,3.1,3.4,2.25,3.25,3.7,2.33,2.24,3.38,3.2,3.7,3.47,2.35,2.25,1.71,1.65,,,
2018-02-10,Stoke,Brighton,2.2,3.2,3.39,2.15,3.2,3.7,2.15,3.1,3.6,2.22,3.27,3.78,2.43,3.18,3.39,E0 (9).csv,2.2,3.2,3.5,2.15,3.1,3.6,2.25,3.13,3.8,2.27,2.19,3.33,3.18,3.8,3.62,2.45,2.35,1.65,1.59,,,
2018-02-10,Man City,Leicester,1.19,6.5,13.0,1.2,7.0,13.0,1.2,6.5,15.0,1.22,7.4,14.5,1.24,6.7,15.5,E0 (9).csv,1.25,6.5,10.0,1.22,6.0,12.0,1.22,7.0,17.0,1.25,1.21,7.49,6.76,17.0,13.46,1.43,1.38,3.2,2.99,,,
2018-02-10,Swansea,Burnley,2.37,3.0,3.25,2.45,3.0,3.25,2.4,2.9,3.3,2.5,2.99,3.5,2.37,3.03,3.71,E0 (9).csv,2.4,3.1,3.2,2.5,2.9,3.2,2.45,3.0,3.5,2.54,2.45,3.12,2.98,3.5,3.28,2.95,2.76,1.48,1.44,,,
2018-02-11,Huddersfield,Bournemouth,3.25,3.2,2.25,3.4,3.1,2.3,3.2,3.1,2.35,3.3,3.22,2.46,3.14,3.39,2.45,E0 (9).csv,2.65,3.3,2.65,3.25,3.1,2.3,3.4,3.2,2.38,3.4,3.22,3.3,3.16,2.65,2.38,2.41,2.27,1.68,1.63,,,
2018-02-11,Newcastle,Man United,5.5,3.75,1.61,5.5,3.8,1.65,5.5,3.7,1.61,5.86,4.03,1.66,6.35,4.15,1.61,E0 (9).csv,5.3,3.8,1.65,5.5,3.8,1.62,6.0,3.9,1.65,6.0,5.56,4.03,3.8,1.7,1.65,2.07,2.0,1.87,1.81,,,
2018-02-11,Southampton,Liverpool,4.2,3.79,1.8,4.25,3.8,1.8,4.25,3.75,1.75,4.75,3.93,1.8,5.18,4.05,1.72,E0 (9).csv,4.3,3.5,1.85,4.33,3.8,1.75,4.6,4.0,1.8,4.81,4.42,4.0,3.8,1.87,1.8,1.76,1.69,2.3,2.18,,,
2018-02-12,Chelsea,West Brom,1.36,4.75,8.0,1.35,5.0,9.0,1.36,4.6,8.5,1.4,5.1,9.05,1.33,5.3,12.0,E0 (9).csv,1.4,4.8,7.5,1.33,5.0,9.0,1.36,5.0,9.5,1.41,1.37,5.2,4.89,10.0,8.71,1.78,1.73,2.17,2.1,,,
2018-02-24,Bournemouth,Newcastle,2.1,3.5,3.79,2.1,3.4,3.6,2.05,3.4,3.6,2.11,3.49,3.85,2.0,3.58,4.15,E0 (9).csv,2.2,3.3,3.4,2.05,3.3,3.7,2.1,3.5,3.7,2.2,2.1,3.53,3.42,3.85,3.63,2.01,1.96,1.95,1.85,,,
2018-02-24,Brighton,Swansea,2.14,3.25,4.0,2.1,3.1,4.0,2.05,3.1,4.0,2.11,3.15,4.36,2.01,3.31,4.53,E0 (9).csv,2.2,3.1,3.6,2.1,3.0,3.8,2.15,3.1,4.2,2.2,2.1,3.25,3.13,4.36,4.03,2.75,2.58,1.57,1.5,,,
2018-02-24,Burnley,Southampton,2.89,3.1,2.79,2.9,2.95,2.75,2.8,3.0,2.65,2.98,3.08,2.78,3.49,3.12,2.42,E0 (9).csv,2.7,3.2,2.7,2.62,3.1,2.75,3.0,3.1,2.75,3.0,2.86,3.2,3.03,2.85,2.74,2.7,2.55,1.57,1.51,,,
2018-02-24,Leicester,Stoke,1.72,3.89,5.25,1.72,3.75,5.0,1.7,3.7,5.0,1.71,3.89,5.62,1.7,3.95,5.55,E0 (9).csv,1.75,3.6,4.8,1.7,3.75,4.8,1.73,3.8,5.0,1.77,1.72,3.92,3.76,5.64,5.13,1.95,1.89,2.0,1.93,,,
2018-02-24,Liverpool,West Ham,1.22,7.5,13.0,1.2,7.0,13.5,1.22,6.5,13.0,1.23,7.14,14.61,1.24,7.0,14.0,E0 (9).csv,1.25,6.0,11.0,1.22,6.0,12.0,1.22,7.0,15.0,1.26,1.23,7.5,6.71,15.0,12.67,1.48,1.43,3.0,2.79,,,
2018-02-24,Watford,Everton,2.25,3.39,3.5,2.2,3.2,3.5,2.15,3.2,3.4,2.23,3.42,3.57,2.47,3.24,3.26,E0 (9).csv,2.35,3.3,3.05,2.2,3.3,3.3,2.25,3.3,3.6,2.35,2.21,3.45,3.33,3.6,3.42,2.14,2.05,1.83,1.77,,,
2018-02-24,West Brom,Huddersfield,1.95,3.29,4.75,1.9,3.3,4.5,1.91,3.2,4.4,1.98,3.3,4.7,1.88,3.44,5.01,E0 (9).csv,2.0,3.4,3.8,1.95,3.1,4.4,1.95,3.3,4.75,2.02,1.94,3.4,3.25,4.9,4.49,2.63,2.49,1.59,1.53,,,
2018-02-25,Crystal Palace,Tottenham,7.5,4.5,1.5,7.0,4.2,1.5,6.5,4.25,1.5,7.09,4.66,1.51,9.5,5.6,1.36,E0 (9).csv,6.5,4.2,1.5,6.5,4.2,1.5,7.5,4.6,1.5,7.5,6.79,4.71,4.41,1.54,1.49,1.8,1.73,2.21,2.11,,,
2018-02-25,Man United,Chelsea,2.29,3.25,3.5,2.2,3.25,3.5,2.25,3.2,3.3,2.3,3.3,3.55,2.39,3.24,3.41,E0 (9).csv,2.2,3.2,3.5,2.3,3.1,3.3,2.3,3.3,3.4,2.38,2.28,3.36,3.24,3.55,3.38,2.16,2.09,1.81,1.74,,,
2018-03-01,Arsenal,Man City,4.5,4.0,1.72,4.4,3.8,1.78,4.2,3.9,1.75,4.58,4.06,1.8,4.75,4.33,1.72,E0 (9).csv,4.2,3.9,1.8,4.5,3.8,1.73,4.6,4.0,1.8,4.6,4.35,4.12,3.95,1.85,1.78,1.53,1.49,2.75,2.6,,,
2018-03-03,Burnley,Everton,2.5,3.1,3.29,2.5,3.0,3.2,2.4,2.9,3.2,2.5,3.04,3.43,2.62,2.97,3.3,E0 (9).csv,2.6,3.3,2.7,2.5,3.0,3.3,2.5,3.1,3.4,2.6,2.48,3.3,3.04,3.45,3.26,2.78,2.6,1.53,1.5,,,
2018-03-03,Leicester,Bournemouth,1.85,3.75,4.5,1.85,3.8,4.0,1.83,3.6,4.0,1.88,3.72,4.57,1.9,3.6,4.62,E0 (9).csv,1.9,3.5,4.1,1.85,3.6,4.5,1.85,3.8,4.5,1.92,1.85,3.9,3.7,4.57,4.32,1.82,1.76,2.14,2.08,,,
2018-03-03,Liverpool,Newcastle,1.22,7.0,15.0,1.2,7.0,13.5,1.2,6.5,15.0,1.22,7.6,14.1,1.2,7.8,16.0,E0 (9).csv,1.25,6.0,11.0,1.22,6.5,15.0,1.22,7.5,15.0,1.25,1.21,7.75,6.95,17.0,13.84,1.45,1.41,3.0,2.86,,,
2018-03-03,Southampton,Stoke,1.75,3.75,5.25,1.72,3.7,5.0,1.7,3.6,5.0,1.76,3.71,5.48,1.72,3.82,5.61,E0 (9).csv,1.85,3.5,4.3,1.75,3.5,5.5,1.73,3.8,5.5,1.85,1.74,3.9,3.67,5.5,5.16,2.1,2.0,1.87,1.82,,,
2018-03-03,Swansea,West Ham,2.6,3.25,3.0,2.45,3.2,3.0,2.5,3.0,3.0,2.65,3.19,3.03,2.62,3.09,3.17,E0 (9).csv,2.3,3.3,3.15,2.6,3.1,3.0,2.63,3.2,3.0,2.65,2.55,3.3,3.17,3.15,2.98,2.42,2.28,1.69,1.64,,,
2018-03-03,Tottenham,Huddersfield,1.19,7.5,17.0,1.2,6.75,14.5,1.18,7.0,13.0,1.19,8.05,18.5,1.17,7.75,24.5,E0 (9).csv,1.25,6.0,11.0,1.2,7.0,17.0,1.18,7.5,19.0,1.25,1.19,8.07,7.18,20.0,16.27,1.62,1.57,2.55,2.41,,,
2018-03-03,Watford,West Brom,2.14,3.29,3.89,2.0,3.3,4.0,2.1,3.2,3.6,2.2,3.3,3.8,2.41,3.18,3.43,E0 (9).csv,2.0,3.4,3.8,2.15,3.25,3.8,2.15,3.3,3.9,2.22,2.13,3.42,3.29,4.0,3.73,2.27,2.18,1.77,1.69,,,
2018-03-04,Brighton,Arsenal,4.2,3.79,1.9,4.1,3.7,1.85,3.8,3.5,1.91,4.04,3.7,1.99,4.25,3.7,1.94,E0 (9).csv,4.4,3.7,1.8,4.0,3.75,1.91,4.0,3.7,2.0,4.4,3.94,3.8,3.67,2.02,1.93,1.86,1.78,2.11,2.04,,,
2018-03-04,Man City,Chelsea,1.61,4.2,6.0,1.6,4.1,5.5,1.57,4.0,5.5,1.6,4.35,6.07,1.51,4.85,6.5,E0 (9).csv,1.65,4.1,5.0,1.62,4.0,6.0,1.6,4.3,6.0,1.65,1.6,4.35,4.14,6.07,5.63,1.77,1.69,2.3,2.19,,,
2018-03-05,Crystal Palace,Man United,7.0,4.0,1.57,6.5,4.1,1.53,6.5,3.9,1.53,6.63,4.24,1.58,7.85,4.7,1.47,E0 (9).csv,6.2,4.0,1.55,6.5,4.0,1.57,7.0,4.2,1.53,7.0,6.47,4.3,4.05,1.61,1.56,2.05,1.99,1.92,1.82,,,
2018-03-10,Chelsea,Crystal Palace,1.3,5.75,12.0,1.3,5.5,10.5,1.28,5.25,11.0,1.3,6.0,11.65,1.29,5.85,13.0,E0 (9).csv,1.33,5.3,8.7,1.3,5.5,11.0,1.29,5.75,13.0,1.33,1.3,6.0,5.54,13.0,11.0,1.75,1.7,2.25,2.18,,,
2018-03-10,Everton,Brighton,2.2,3.2,3.89,2.2,3.1,3.7,2.15,3.1,3.6,2.22,3.24,3.83,2.25,3.32,3.64,E0 (9).csv,2.1,3.2,3.75,2.2,3.1,3.75,2.2,3.25,3.8,2.26,2.19,3.3,3.19,3.89,3.65,2.45,2.32,1.67,1.61,,,
2018-03-10,Huddersfield,Swansea,2.54,3.1,3.2,2.5,3.1,3.1,2.45,3.0,3.1,2.52,3.07,3.37,2.57,3.04,3.31,E0 (9).csv,2.4,3.2,3.1,2.5,3.1,3.1,2.5,3.1,3.3,2.6,2.49,3.2,3.08,3.37,3.16,2.64,2.52,1.57,1.53,,,
2018-03-10,Man United,Liverpool,2.75,3.39,2.75,2.65,3.3,2.7,2.62,3.3,2.62,2.79,3.34,2.76,3.2,3.26,2.49,E0 (9).csv,2.6,3.2,2.8,2.75,3.3,2.8,2.7,3.4,2.75,2.81,2.7,3.4,3.3,2.82,2.71,1.98,1.91,1.97,1.92,,,
2018-03-10,Newcastle,Southampton,2.79,3.2,2.79,2.7,3.1,2.8,2.7,3.1,2.7,2.8,3.16,2.88,2.63,3.2,3.05,E0 (9).csv,2.7,3.2,2.7,2.8,3.1,2.8,2.8,3.2,2.8,2.85,2.74,3.23,3.12,2.9,2.79,2.38,2.27,1.7,1.64,,,
2018-03-10,West Ham,Burnley,2.29,3.2,3.6,2.2,3.1,3.6,2.25,3.0,3.5,2.32,3.21,3.6,2.25,3.16,3.85,E0 (9).csv,2.1,3.4,3.5,2.3,3.1,3.6,2.3,3.2,3.6,2.35,2.27,3.4,3.15,3.7,3.51,2.57,2.46,1.6,1.55,,,
2018-03-10,West Brom,Leicester,3.0,3.25,2.6,2.9,3.2,2.55,3.0,3.1,2.45,3.07,3.28,2.57,3.39,3.44,2.3,E0 (9).csv,2.75,3.25,2.6,3.0,3.1,2.6,3.1,3.25,2.55,3.12,2.97,3.3,3.19,2.67,2.54,2.26,2.2,1.74,1.68,,,
2018-03-11,Arsenal,Watford,1.44,5.0,7.5,1.5,4.4,6.25,1.44,4.5,6.5,1.48,4.81,7.4,1.52,4.55,7.0,E0 (9).csv,1.5,4.2,6.5,1.5,4.33,7.0,1.45,5.0,7.0,1.52,1.47,5.0,4.62,7.5,6.67,1.56,1.51,2.75,2.54,,,
2018-03-11,Bournemouth,Tottenham,6.5,4.5,1.55,6.0,4.4,1.53,6.0,4.25,1.5,6.49,4.66,1.53,7.75,5.0,1.44,E0 (9).csv,6.5,4.2,1.5,6.0,4.5,1.53,6.5,4.6,1.53,6.5,6.09,4.7,4.47,1.56,1.52,1.66,1.61,2.45,2.33,,,
2018-03-12,Stoke,Man City,15.0,6.5,1.25,13.0,6.5,1.22,15.0,6.5,1.22,13.25,6.89,1.25,13.75,6.95,1.24,E0 (9).csv,11.0,6.0,1.25,13.0,6.0,1.25,13.0,6.5,1.22,15.0,13.18,7.0,6.47,1.27,1.23,1.53,1.49,2.75,2.58,,,
2018-03-17,Stoke,Everton,2.5,3.29,3.1,2.4,3.2,3.1,2.4,3.1,3.0,2.49,3.29,3.18,2.78,3.31,2.78,E0 (9).csv,2.3,3.3,3.15,2.4,3.2,3.0,2.5,3.3,3.13,2.55,2.45,3.36,3.23,3.2,3.07,2.23,2.16,1.76,1.7,,,
2018-03-17,Bournemouth,West Brom,1.83,3.6,5.0,1.85,3.4,4.6,1.8,3.5,4.4,1.85,3.6,4.94,1.8,3.84,4.9,E0 (9).csv,1.9,3.5,4.1,1.83,3.5,4.33,1.85,3.6,4.8,1.91,1.84,3.75,3.54,5.0,4.56,2.05,1.95,1.93,1.87,,,
2018-03-17,Huddersfield,Crystal Palace,3.0,3.1,2.7,2.8,3.1,2.7,2.87,3.0,2.6,2.94,3.2,2.72,2.79,3.18,2.88,E0 (9).csv,2.7,3.2,2.7,2.8,3.1,2.62,2.9,3.2,2.7,3.0,2.88,3.26,3.12,2.77,2.65,2.42,2.32,1.67,1.61,,,
2018-03-17,Liverpool,Watford,1.19,8.0,15.0,1.18,7.5,14.0,1.17,7.0,17.0,1.2,7.85,15.95,1.17,9.0,18.45,E0 (9).csv,1.2,6.5,15.0,1.2,6.5,13.0,1.18,8.0,17.0,1.22,1.19,8.12,7.39,19.0,15.4,1.47,1.41,3.0,2.89,,,
2018-03-31,Brighton,Leicester,2.7,3.2,2.62,2.7,3.1,2.8,2.7,3.1,2.7,2.82,3.2,2.84,2.7,3.34,2.85,E0 (9).csv,2.75,3.25,2.6,2.8,3.1,2.62,2.75,3.2,2.8,2.9,2.75,3.26,3.15,2.87,2.73,2.35,2.26,1.71,1.64,,,
2018-03-31,Crystal Palace,Liverpool,7.0,4.33,1.44,6.75,4.33,1.5,5.8,4.25,1.53,6.65,4.54,1.54,7.0,4.7,1.51,E0 (9).csv,7.2,4.4,1.45,6.0,4.33,1.5,6.5,4.5,1.53,7.2,6.26,4.82,4.41,1.57,1.52,1.62,1.57,2.55,2.4,,,
2018-03-31,Everton,Man City,9.0,5.0,1.33,8.5,5.0,1.36,9.5,5.0,1.33,10.3,5.47,1.35,10.55,5.63,1.34,E0 (9).csv,9.5,5.5,1.3,8.5,4.8,1.33,10.5,5.4,1.33,10.5,9.14,5.5,5.12,1.39,1.35,1.68,1.62,2.38,2.29,,,
2018-03-31,Man United,Swansea,1.25,6.0,10.0,1.22,6.5,13.0,1.25,5.8,12.0,1.24,7.02,14.56,1.23,6.95,16.0,E0 (9).csv,1.2,6.5,15.0,1.22,6.0,13.0,1.25,6.0,15.0,1.29,1.24,7.02,6.09,16.5,13.32,1.83,1.77,2.12,2.05,,,
2018-03-31,Newcastle,Huddersfield,1.75,3.39,5.0,1.75,3.5,5.25,1.73,3.4,5.2,1.78,3.62,5.55,1.78,3.63,5.45,E0 (9).csv,1.8,3.6,4.5,1.75,3.4,5.0,1.75,3.6,5.5,1.8,1.75,3.69,3.52,5.6,5.19,2.33,2.23,1.72,1.66,,,
2018-03-31,Watford,Bournemouth,2.29,3.29,3.1,2.3,3.4,3.1,2.25,3.4,3.0,2.35,3.47,3.26,2.22,3.48,3.53,E0 (9).csv,2.3,3.2,3.25,2.3,3.4,3.0,2.3,3.5,3.2,2.42,2.32,3.51,3.39,3.27,3.12,1.88,1.83,2.05,1.98,,,
2018-03-31,West Brom,Burnley,2.5,3.0,3.1,2.55,3.1,3.0,2.55,2.9,3.0,2.67,3.07,3.13,2.62,3.1,3.16,E0 (9).csv,2.6,3.2,2.8,2.62,3.0,2.9,2.63,3.0,3.13,2.71,2.59,3.2,3.03,3.16,3.02,2.75,2.6,1.54,1.5,,,
2018-03-31,West Ham,Southampton,2.7,3.25,2.6,2.85,3.2,2.6,2.8,3.1,2.55,2.97,3.25,2.66,2.91,3.26,2.71,E0 (9).csv,2.65,3.3,2.65,2.88,3.1,2.6,2.9,3.25,2.63,2.99,2.85,3.3,3.19,2.8,2.62,2.25,2.18,1.76,1.69,,,
2018-04-01,Arsenal,Stoke,1.28,5.5,10.0,1.3,5.5,9.75,1.3,5.25,10.0,1.31,6.1,10.47,1.31,6.05,11.0,E0 (9).csv,1.35,5.3,8.0,1.3,5.5,10.0,1.3,6.0,11.0,1.35,1.31,6.15,5.64,11.0,9.57,1.57,1.48,2.75,2.62,,,
2018-04-01,Chelsea,Tottenham,2.29,3.29,3.1,2.35,3.25,3.2,2.35,3.25,3.0,2.43,3.4,3.18,2.3,3.43,3.4,E0 (9).csv,2.3,3.4,3.1,2.3,3.2,3.1,2.4,3.4,3.13,2.5,2.36,3.41,3.29,3.26,3.12,2.09,2.01,1.86,1.8,,,
2018-04-07,West Brom,Swansea,2.37,3.2,3.39,2.4,3.1,3.2,2.3,3.1,3.3,2.35,3.25,3.49,2.53,3.15,3.25,E0 (9).csv,2.5,3.3,2.85,2.4,3.1,3.3,2.38,3.2,3.1,2.5,2.37,3.3,3.15,3.5,3.29,2.47,2.35,1.64,1.59,,,
2018-04-07,Watford,Burnley,2.39,3.2,3.39,2.25,3.2,3.4,2.25,3.1,3.3,2.32,3.05,3.49,2.33,3.23,3.55,E0 (9).csv,2.3,3.3,3.15,2.38,3.1,3.3,2.38,3.2,3.5,2.43,2.33,3.3,3.15,3.55,3.36,2.49,2.36,1.63,1.59,,,
2018-04-07,Stoke,Tottenham,11.0,5.5,1.33,9.5,5.25,1.33,10.0,5.2,1.3,11.07,5.54,1.34,11.3,6.15,1.3,E0 (9).csv,8.0,5.3,1.35,11.0,5.0,1.33,10.5,5.5,1.33,11.07,9.98,5.69,5.28,1.37,1.33,1.67,1.63,2.4,2.28,,,
2018-04-07,Man City,Man United,1.89,3.79,4.2,1.85,3.6,4.25,1.85,3.5,4.2,1.88,3.85,4.37,1.86,3.72,4.66,E0 (9).csv,1.95,3.45,3.95,1.85,3.6,4.33,1.87,3.75,4.5,1.95,1.88,3.95,3.69,4.5,4.17,1.9,1.84,2.05,1.98,,,
2018-04-07,Brighton,Huddersfield,1.85,3.5,5.0,1.85,3.4,4.75,1.83,3.25,4.6,1.88,3.48,4.95,1.76,3.7,5.46,E0 (9).csv,1.83,3.6,4.3,1.85,3.3,5.0,1.85,3.4,5.2,1.92,1.86,3.6,3.4,5.2,4.76,2.52,2.4,1.62,1.58,,,
2018-04-07,Bournemouth,Crystal Palace,2.5,3.39,3.0,2.45,3.4,2.9,2.4,3.4,2.87,2.48,3.47,3.04,2.67,3.54,2.76,E0 (9).csv,2.4,3.3,2.95,2.5,3.25,3.0,2.5,3.5,2.9,2.53,2.45,3.51,3.39,3.15,2.93,1.89,1.83,2.06,1.98,,,
2018-04-07,Leicester,Newcastle,1.95,3.6,4.2,1.95,3.4,4.1,1.91,3.3,4.0,1.97,3.54,4.32,1.86,3.58,4.89,E0 (9).csv,2.0,3.4,3.8,1.95,3.4,4.33,1.93,3.6,4.4,2.03,1.95,3.63,3.45,4.4,4.13,2.11,2.04,1.84,1.78,,,
2018-04-07,Everton,Liverpool,4.2,3.75,1.9,4.1,3.6,1.9,4.0,3.5,1.87,4.25,3.71,1.94,3.78,3.39,2.17,E0 (9).csv,4.1,3.5,1.9,4.2,3.6,1.91,4.3,3.7,1.93,4.33,4.06,3.76,3.65,1.99,1.92,1.94,1.84,2.05,1.97,,,
2018-04-08,Arsenal,Southampton,1.57,4.5,6.0,1.53,4.4,6.0,1.53,4.2,5.75,1.56,4.45,6.44,1.79,3.82,4.97,E0 (9).csv,1.55,4.0,6.2,1.57,4.2,6.0,1.55,4.5,6.25,1.6,1.56,4.55,4.32,6.5,5.86,1.7,1.64,2.33,2.26,,,
2018-04-08,Chelsea,West Ham,1.28,6.0,12.0,1.28,5.75,11.0,1.25,5.5,12.0,1.28,6.34,11.91,1.31,5.85,11.4,E0 (9).csv,1.3,5.5,9.5,1.29,5.5,12.0,1.29,6.0,12.0,1.31,1.27,6.5,5.83,13.0,11.34,1.62,1.58,2.53,2.39,,,
2018-04-14,Burnley,Leicester,2.62,3.2,3.0,2.65,3.1,2.85,2.6,3.0,2.87,2.67,3.19,3.01,2.63,3.2,3.05,E0 (9).csv,2.6,3.3,2.7,2.7,3.1,2.88,2.7,3.13,3.0,2.74,2.63,3.3,3.12,3.03,2.91,2.47,2.35,1.64,1.59,,,
2018-04-14,Crystal Palace,Brighton,1.9,3.5,4.75,1.9,3.4,4.33,1.85,3.3,4.5,1.91,3.56,4.64,1.89,3.51,4.82,E0 (9).csv,1.95,3.45,3.95,1.91,3.2,4.8,1.85,3.5,5.0,1.95,1.89,3.6,3.42,5.0,4.54,2.4,2.28,1.7,1.63,,,
2018-04-14,Huddersfield,Watford,2.62,3.25,3.0,2.6,3.1,2.9,2.6,3.1,2.8,2.72,3.14,2.9,2.57,3.18,3.15,E0 (9).csv,2.6,3.25,2.75,2.62,3.1,2.9,2.7,3.2,2.9,2.76,2.63,3.25,3.15,3.05,2.88,2.35,2.26,1.69,1.64,,,
2018-04-14,Liverpool,Bournemouth,1.25,7.0,12.0,1.25,6.25,11.5,1.22,6.5,13.0,1.25,7.15,12.89,1.24,7.3,13.5,E0 (9).csv,1.25,6.0,11.0,1.25,6.0,13.0,1.25,7.0,13.0,1.27,1.24,7.15,6.52,14.6,12.5,1.42,1.38,3.2,3.02,,,
2018-04-14,Southampton,Chelsea,4.5,3.75,1.85,4.5,3.5,1.85,4.33,3.5,1.83,4.48,3.74,1.88,4.81,3.85,1.81,E0 (9).csv,4.1,3.5,1.9,4.5,3.6,1.83,4.75,3.7,1.85,4.75,4.37,3.79,3.61,1.92,1.86,2.06,2.0,1.88,1.82,,,
2018-04-14,Swansea,Everton,2.54,3.25,3.1,2.55,3.1,3.0,2.5,3.0,3.0,2.61,3.13,3.15,2.77,3.17,2.9,E0 (9).csv,2.5,3.3,2.85,2.5,3.1,3.1,2.55,3.2,3.13,2.65,2.53,3.3,3.15,3.2,3.04,2.42,2.34,1.67,1.6,,,
2018-04-14,Tottenham,Man City,2.62,3.6,2.7,2.6,3.6,2.6,2.62,3.5,2.5,2.7,3.61,2.68,2.8,3.66,2.56,E0 (9).csv,2.5,3.4,2.75,2.7,3.3,2.7,2.7,3.6,2.63,2.78,2.65,3.7,3.52,2.75,2.63,1.75,1.67,2.37,2.22,,,
2018-04-15,Man United,West Brom,1.18,8.0,19.0,1.18,6.75,18.5,1.2,6.5,19.0,1.22,7.05,17.85,1.2,7.4,18.0,E0 (9).csv,1.17,7.5,15.0,1.17,7.5,19.0,1.2,7.5,15.0,1.23,1.19,8.0,6.97,21.0,17.38,1.71,1.66,2.3,2.23,,,
2018-04-15,Newcastle,Arsenal,3.29,3.6,2.25,3.1,3.6,2.2,3.1,3.5,2.2,3.27,3.65,2.27,2.9,3.55,2.54,E0 (9).csv,3.3,3.4,2.2,3.3,3.5,2.2,3.3,3.6,2.25,3.4,3.24,3.7,3.54,2.31,2.22,1.75,1.7,2.26,2.16,,,
2018-04-16,West Ham,Stoke,2.0,3.6,4.0,2.0,3.3,4.0,2.0,3.3,3.9,2.01,3.52,4.19,2.01,3.51,4.2,E0 (9).csv,2.0,3.4,3.8,2.0,3.3,4.2,2.0,3.5,4.1,2.08,2.0,3.6,3.41,4.2,3.91,2.13,2.06,1.83,1.76,,,
2018-04-17,Brighton,Tottenham,6.5,4.33,1.55,6.0,4.2,1.55,6.0,4.2,1.53,6.56,4.35,1.57,6.59,4.35,1.56,E0 (9).csv,6.2,4.0,1.55,6.5,4.33,1.53,6.5,4.33,1.55,6.7,6.27,4.4,4.24,1.6,1.55,1.8,1.74,2.17,2.1,,,
2018-04-18,Bournemouth,Man United,5.0,3.89,1.75,5.0,3.8,1.7,4.75,3.8,1.7,4.99,4.07,1.74,4.65,3.85,1.83,E0 (9).csv,4.8,3.6,1.75,4.8,3.8,1.75,5.2,4.0,1.73,5.2,4.84,4.08,3.88,1.77,1.73,1.8,1.74,2.19,2.1,,,
2018-04-19,Leicester,Southampton,2.25,3.29,3.2,2.3,3.4,3.1,2.35,3.3,3.0,2.42,3.53,3.08,2.42,3.45,3.15,E0 (9).csv,2.3,3.4,3.05,2.38,3.5,3.0,2.38,3.5,3.13,2.44,2.35,3.53,3.4,3.3,3.08,2.0,1.92,1.96,1.89,,,
2018-04-19,Burnley,Chelsea,4.0,3.39,1.9,4.1,3.5,1.91,4.33,3.3,1.86,4.64,3.55,1.91,4.58,3.59,1.91,E0 (9).csv,3.8,3.4,2.0,4.33,3.4,1.91,4.75,3.5,1.87,4.75,4.31,3.6,3.44,2.0,1.9,2.25,2.15,1.75,1.7,,,
2018-04-21,Watford,Crystal Palace,2.89,3.39,2.54,2.95,3.2,2.5,2.9,3.25,2.4,2.96,3.44,2.55,3.1,3.35,2.5,E0 (9).csv,2.75,3.25,2.6,2.88,3.25,2.6,3.0,3.4,2.55,3.03,2.9,3.49,3.33,2.6,2.5,2.05,1.97,1.91,1.84,,,
2018-04-21,West Brom,Liverpool,7.5,4.5,1.5,6.75,4.25,1.5,7.0,4.2,1.5,7.57,4.45,1.51,6.55,4.13,1.6,E0 (9).csv,6.2,4.0,1.55,6.5,4.2,1.53,7.0,4.5,1.5,7.57,6.79,4.5,4.3,1.55,1.51,1.89,1.81,2.15,2.01,,,
2018-04-22,Arsenal,West Ham,1.55,4.59,6.0,1.53,4.5,5.75,1.5,4.33,5.8,1.55,4.65,6.28,1.53,4.55,6.88,E0 (9).csv,1.6,4.0,5.5,1.57,4.5,5.5,1.53,4.6,6.5,1.6,1.54,4.75,4.49,6.5,5.87,1.55,1.5,2.68,2.57,,,
2018-04-22,Man City,Swansea,1.14,9.0,23.0,1.13,8.75,21.0,1.11,9.0,23.0,1.14,9.66,23.8,1.13,10.25,19.5,E0 (9).csv,1.2,7.0,13.0,1.14,8.5,21.0,1.14,9.0,23.0,1.2,1.13,10.3,8.89,25.97,21.51,1.43,1.4,3.1,2.89,,,
2018-04-22,Stoke,Burnley,2.29,3.29,3.5,2.3,3.2,3.3,2.25,3.1,3.4,2.27,3.29,3.65,2.22,3.46,3.56,E0 (9).csv,2.3,3.4,3.05,2.38,3.2,3.25,2.3,3.25,3.4,2.38,2.28,3.4,3.2,3.65,3.42,2.54,2.41,1.62,1.56,,,
2018-04-23,Everton,Newcastle,2.29,3.39,3.39,2.25,3.2,3.4,2.25,3.1,3.3,2.31,3.35,3.46,2.18,3.35,3.8,E0 (9).csv,2.4,3.2,3.05,2.3,3.2,3.2,2.3,3.25,3.5,2.4,2.29,3.4,3.25,3.6,3.32,2.3,2.23,1.7,1.65,,,
2018-04-28,Southampton,Bournemouth,1.72,4.0,5.0,1.72,3.75,5.0,1.7,3.8,4.75,1.71,4.11,5.15,1.68,4.16,5.34,E0 (9).csv,1.7,3.7,5.0,1.73,3.75,5.0,1.7,4.0,5.2,1.77,1.71,4.13,3.9,5.2,4.88,1.78,1.73,2.2,2.12,,,
2018-04-28,Newcastle,West Brom,1.85,3.6,4.75,1.8,3.5,4.75,1.86,3.3,4.33,1.93,3.47,4.69,1.97,3.38,4.61,E0 (9).csv,1.8,3.6,4.5,1.91,3.4,4.5,1.87,3.5,4.8,1.94,1.86,3.6,3.47,5.0,4.58,2.28,2.15,1.77,1.7,,,
2018-04-28,Swansea,Chelsea,7.0,4.33,1.53,7.0,4.2,1.5,7.0,4.2,1.5,7.49,4.5,1.51,7.8,4.85,1.44,E0 (9).csv,6.2,4.0,1.55,7.0,4.0,1.53,7.5,4.33,1.5,7.6,6.97,4.54,4.23,1.55,1.5,2.05,1.93,1.99,1.88,,,
2018-04-28,Huddersfield,Everton,2.62,3.1,3.1,2.6,3.0,3.0,2.5,3.0,3.0,2.63,3.1,3.15,2.77,3.06,3.01,E0 (9).csv,2.6,3.0,2.95,2.62,3.1,2.9,2.6,3.1,3.13,2.64,2.56,3.14,3.02,3.25,3.09,2.66,2.52,1.57,1.52,,,
2018-04-28,Crystal Palace,Leicester,2.04,3.6,3.79,2.05,3.3,3.8,2.05,3.4,3.6,2.08,3.57,3.85,2.1,3.53,3.83,E0 (9).csv,2.0,3.4,3.8,2.1,3.3,3.75,2.1,3.6,3.7,2.13,2.05,3.64,3.5,3.85,3.65,1.93,1.85,2.02,1.97,,,
2018-04-28,Burnley,Brighton,2.25,3.2,3.7,2.15,3.1,3.8,2.2,3.0,3.5,2.28,3.2,3.71,2.32,3.18,3.63,E0 (9).csv,2.1,3.2,3.7,2.2,3.1,3.75,2.25,3.2,3.75,2.31,2.22,3.35,3.16,3.8,3.6,2.61,2.45,1.6,1.55,,,
2018-04-28,Liverpool,Stoke,1.33,5.75,10.0,1.3,5.75,9.5,1.3,5.25,9.0,1.32,5.85,10.1,1.29,6.0,11.5,E0 (9).csv,1.3,5.5,9.5,1.33,5.0,10.0,1.3,5.75,11.0,1.36,1.31,5.94,5.54,11.0,9.73,1.58,1.51,2.75,2.53,,,
2018-04-29,Man United,Arsenal,1.44,4.75,8.0,1.44,4.5,7.5,1.4,4.5,7.5,1.45,4.83,8.14,1.41,5.3,7.9,E0 (9).csv,1.5,4.2,6.5,1.44,4.33,8.0,1.4,4.8,8.5,1.5,1.44,5.0,4.64,8.5,7.64,1.69,1.64,2.39,2.24,,,
2018-04-29,West Ham,Man City,10.0,5.75,1.33,9.25,5.25,1.33,10.0,5.25,1.3,11.03,5.72,1.32,10.0,5.7,1.33,E0 (9).csv,7.5,4.8,1.4,11.0,5.0,1.33,10.5,5.5,1.33,11.04,9.79,5.88,5.44,1.4,1.32,1.56,1.51,2.67,2.53,,,
2018-04-30,Tottenham,Watford,1.16,8.5,21.0,1.16,7.5,17.0,1.15,7.5,19.0,1.16,8.65,21.0,1.17,8.7,17.5,E0 (9).csv,1.17,7.5,15.0,1.17,7.0,21.0,1.14,9.0,22.0,1.18,1.15,9.15,8.03,23.8,18.87,1.47,1.43,3.0,2.78,,,
2018-05-04,Brighton,Man United,4.75,3.6,1.85,4.5,3.5,1.85,4.33,3.5,1.83,4.8,3.59,1.88,5.2,3.43,1.86,E0 (9).csv,4.5,3.6,1.8,4.75,3.5,1.83,4.75,3.6,1.87,4.8,4.54,3.65,3.53,1.91,1.86,2.05,1.97,1.91,1.85,,,
2018-05-05,Bournemouth,Swansea,2.1,3.6,3.7,2.05,3.5,3.6,2.05,3.4,3.5,2.11,3.62,3.69,2.01,3.66,4.0,E0 (9).csv,2.3,3.4,3.05,2.1,3.4,3.6,2.1,3.6,3.6,2.3,2.1,3.62,3.5,3.75,3.54,1.95,1.86,2.05,1.96,,,
2018-05-05,Everton,Southampton,2.89,3.29,2.62,2.85,3.2,2.6,2.87,3.1,2.55,2.9,3.35,2.66,2.84,3.34,2.71,E0 (9).csv,2.75,3.4,2.5,2.88,3.2,2.62,3.0,3.25,2.63,3.0,2.88,3.4,3.24,2.7,2.58,2.24,2.15,1.76,1.7,,,
2018-05-05,Stoke,Crystal Palace,2.7,3.39,2.79,2.6,3.3,2.75,2.6,3.3,2.65,2.74,3.4,2.77,2.58,3.51,2.87,E0 (9).csv,2.5,3.3,2.85,2.7,3.2,2.8,2.7,3.4,2.75,2.75,2.65,3.43,3.31,2.91,2.74,2.05,1.9,1.99,1.91,,,
2018-05-05,Watford,Newcastle,2.37,3.39,3.2,2.35,3.3,3.1,2.3,3.2,3.1,2.41,3.39,3.22,2.18,3.33,3.82,E0 (9).csv,2.3,3.3,3.15,2.4,3.2,3.2,2.38,3.3,3.3,2.45,2.37,3.41,3.29,3.3,3.14,2.14,2.07,1.82,1.75,,,
2018-05-05,West Brom,Tottenham,8.0,4.75,1.44,8.25,4.6,1.4,7.5,4.4,1.44,7.56,4.82,1.46,7.95,4.55,1.47,E0 (9).csv,8.0,5.3,1.35,8.5,4.8,1.4,8.0,4.75,1.44,8.5,7.54,5.3,4.66,1.48,1.43,1.76,1.7,2.25,2.15,,,
2018-05-05,Leicester,West Ham,2.25,3.5,3.39,2.2,3.4,3.3,2.2,3.3,3.2,2.28,3.41,3.48,2.21,3.56,3.48,E0 (9).csv,2.2,3.4,3.3,2.3,3.25,3.3,2.25,3.5,3.4,2.32,2.23,3.6,3.39,3.48,3.3,1.97,1.89,2.0,1.92,,,
2018-05-06,Arsenal,Burnley,1.57,4.2,6.5,1.53,4.2,6.25,1.53,4.2,5.8,1.57,4.35,6.47,1.47,4.79,7.45,E0 (9).csv,1.5,4.2,6.5,1.57,3.75,7.0,1.55,4.33,6.5,1.6,1.55,4.46,4.21,7.0,6.14,1.75,1.7,2.22,2.14,,,
2018-05-06,Chelsea,Liverpool,2.25,3.6,3.29,2.15,3.5,3.3,2.2,3.5,3.1,2.29,3.66,3.22,2.24,3.61,3.37,E0 (9).csv,2.2,3.4,3.3,2.25,3.3,3.4,2.25,3.6,3.25,2.32,2.23,3.7,3.51,3.4,3.23,1.76,1.71,2.22,2.13,,,
2018-05-06,Man City,Huddersfield,1.08,13.0,34.0,1.07,12.0,29.0,1.08,12.0,29.0,1.09,13.5,26.0,1.08,14.4,26.0,E0 (9).csv,1.12,9.0,20.0,1.11,9.0,26.0,1.06,13.0,26.0,1.12,1.09,14.0,11.57,34.0,28.0,1.36,1.32,3.6,3.32,,,
2018-05-08,Swansea,Southampton,3.1,3.25,2.54,3.0,3.25,2.5,3.0,3.1,2.45,3.09,3.31,2.53,3.34,3.19,2.45,E0 (9).csv,3.05,3.2,2.4,3.0,3.2,2.5,3.1,3.2,2.55,3.15,3.04,3.33,3.2,2.61,2.5,2.41,2.3,1.68,1.62,,,
2018-05-09,Chelsea,Huddersfield,1.16,8.5,19.0,1.18,7.25,15.5,1.18,6.5,19.0,1.19,7.77,20.17,1.25,6.0,15.25,E0 (9).csv,1.17,7.5,15.0,1.17,8.0,17.0,1.2,7.0,19.0,1.21,1.18,8.5,7.37,21.0,17.21,1.61,1.56,2.6,2.43,,,
2018-05-09,Leicester,Arsenal,3.75,3.79,2.0,3.6,3.8,1.95,3.5,3.7,1.95,3.75,3.9,2.01,3.89,3.91,1.97,E0 (9).csv,3.5,3.7,2.0,3.6,3.75,2.0,3.7,3.9,2.0,3.79,3.62,4.0,3.78,2.05,1.98,1.59,1.54,2.55,2.45,,,
2018-05-09,Man City,Brighton,1.12,10.0,27.0,1.13,8.75,21.0,1.12,8.5,23.0,1.13,9.71,24.81,1.2,7.6,15.25,E0 (9).csv,1.12,9.0,20.0,1.12,10.0,21.0,1.13,10.5,21.0,1.15,1.13,11.0,9.25,27.0,21.8,1.4,1.36,3.35,3.08,,,
2018-05-09,Tottenham,Newcastle,1.18,8.5,17.0,1.18,7.5,14.0,1.18,7.0,17.0,1.19,7.8,17.0,1.22,6.95,14.2,E0 (9).csv,1.17,7.5,15.0,1.17,8.0,17.0,1.18,8.0,17.0,1.21,1.18,8.5,7.57,18.0,15.42,1.43,1.39,3.1,2.92,,,
2018-05-10,West Ham,Man United,4.75,3.79,1.8,4.33,3.75,1.8,4.33,3.6,1.8,4.65,3.88,1.83,4.61,3.84,1.84,E0 (9).csv,4.5,3.6,1.8,4.5,3.8,1.8,4.75,3.8,1.8,4.75,4.46,3.9,3.74,1.87,1.8,1.86,1.81,2.1,2.01,,,
2018-05-13,Tottenham,Leicester,1.33,6.0,9.0,1.3,5.75,9.25,1.3,5.5,9.5,1.33,5.95,9.56,1.38,5.5,8.15,E0 (9).csv,1.3,5.5,9.5,1.3,6.0,9.0,1.33,5.75,9.5,1.35,1.31,6.25,5.74,10.5,9.13,1.47,1.41,3.02,2.84,,,
2018-05-13,West Ham,Everton,2.45,3.5,3.0,2.4,3.4,2.95,2.3,3.4,3.0,2.36,3.51,3.17,2.35,3.4,3.28,E0 (9).csv,2.4,3.3,2.95,2.4,3.3,3.1,2.4,3.5,3.1,2.45,2.37,3.52,3.39,3.21,3.04,1.92,1.84,2.03,1.97,,,
2018-05-13,Burnley,Bournemouth,2.14,3.5,3.6,2.15,3.4,3.4,2.2,3.4,3.25,2.21,3.57,3.41,2.35,3.52,3.16,E0 (9).csv,2.1,3.2,3.7,2.2,3.3,3.5,2.2,3.5,3.4,2.28,2.18,3.6,3.42,3.7,3.37,1.92,1.86,2.03,1.95,,,
2018-05-13,Crystal Palace,West Brom,1.8,3.79,4.75,1.75,3.7,4.75,1.73,3.75,4.5,1.75,4.01,4.86,1.79,3.85,4.82,E0 (9).csv,1.85,3.5,4.3,1.75,3.6,5.0,1.75,4.0,4.8,1.85,1.75,4.1,3.82,5.0,4.63,1.81,1.75,2.15,2.07,,,
2018-05-13,Huddersfield,Arsenal,6.0,4.33,1.6,5.5,4.33,1.57,5.25,4.2,1.57,5.88,4.48,1.58,5.7,4.74,1.56,E0 (9).csv,5.0,4.0,1.65,5.5,4.2,1.6,6.0,4.4,1.57,6.05,5.58,4.58,4.31,1.65,1.58,1.56,1.5,2.69,2.55,,,
2018-05-13,Liverpool,Brighton,1.19,8.0,15.0,1.16,8.0,16.5,1.18,7.0,13.0,1.21,7.65,15.44,1.22,7.12,14.03,E0 (9).csv,1.15,7.5,18.0,1.2,6.5,17.0,1.17,8.0,19.0,1.23,1.19,8.0,7.25,19.0,14.69,1.47,1.41,3.0,2.86,,,
2018-05-13,Man United,Watford,1.39,5.25,8.5,1.36,5.25,8.0,1.4,4.75,8.0,1.4,5.46,7.98,1.53,4.27,7.11,E0 (9).csv,1.25,6.0,11.0,1.33,5.5,9.0,1.33,5.25,9.0,1.43,1.37,6.0,5.12,11.0,8.21,1.62,1.56,2.55,2.4,,,
2018-05-13,Newcastle,Chelsea,6.5,4.2,1.6,6.5,4.1,1.53,5.5,3.9,1.6,5.96,4.22,1.61,4.85,3.72,1.8,E0 (9).csv,4.5,4.0,1.7,6.5,4.0,1.57,6.0,4.2,1.6,6.6,5.83,4.4,4.05,1.7,1.59,1.85,1.8,2.09,2.01,,,
2018-05-13,Southampton,Man City,9.0,5.0,1.39,7.25,4.75,1.42,7.0,4.6,1.4,8.06,5.11,1.42,6.32,4.78,1.51,E0 (9).csv,7.2,4.4,1.45,8.5,4.5,1.4,7.5,5.0,1.44,9.0,7.39,5.15,4.82,1.46,1.42,1.57,1.52,2.67,2.49,,,
2018-05-13,Swansea,Stoke,1.9,3.79,4.2,1.83,3.75,4.25,1.87,3.6,4.0,1.91,3.72,4.29,2.08,3.56,3.82,E0 (9).csv,1.9,3.5,4.1,1.91,3.75,4.0,1.9,3.75,4.2,1.98,1.89,3.9,3.67,4.35,4.08,1.85,1.76,2.15,2.06,,,
2018-08-10,Man United,Leicester,1.57,3.9,7.5,1.53,4.0,7.5,,,,1.58,3.93,7.5,1.55,4.07,7.69,E0 (8).csv,1.55,3.8,7.0,1.57,3.8,6.0,1.57,4.0,7.0,1.6,1.56,4.2,3.92,8.05,7.06,2.12,2.03,1.85,1.79,,,
2018-08-11,Wolves,Everton,2.37,3.3,3.3,2.35,3.2,3.2,,,,2.36,3.4,3.28,2.44,3.23,3.32,E0 (8).csv,2.25,3.35,3.2,2.3,3.2,3.2,2.38,3.3,3.3,2.41,2.33,3.4,3.27,3.4,3.23,2.2,2.09,1.83,1.75,,,
2018-08-11,Watford,Brighton,2.37,3.2,3.4,2.35,3.1,3.3,,,,2.43,3.22,3.33,2.58,3.08,3.22,E0 (8).csv,2.2,3.3,3.4,2.38,3.0,3.3,2.4,3.2,3.4,2.48,2.36,3.3,3.14,3.42,3.31,2.46,2.35,1.67,1.59,,,
2018-08-11,Newcastle,Tottenham,3.9,3.5,2.04,3.8,3.5,2.0,,,,3.83,3.57,2.08,4.74,3.53,1.89,E0 (8).csv,3.7,3.35,2.05,3.8,3.2,2.05,3.9,3.4,2.1,4.01,3.83,3.57,3.4,2.12,2.05,2.1,2.01,1.88,1.81,,,
2018-08-11,Bournemouth,Cardiff,1.9,3.6,4.5,1.9,3.4,4.4,,,,1.89,3.63,4.58,1.88,3.61,4.7,E0 (8).csv,1.9,3.5,4.1,1.91,3.5,4.0,1.87,3.6,4.75,1.93,1.88,3.71,3.53,4.75,4.37,2.05,1.98,1.92,1.83,,,
2018-08-11,Fulham,Crystal Palace,2.5,3.4,3.0,2.45,3.3,2.95,,,,2.5,3.46,3.0,2.62,3.38,2.9,E0 (8).csv,2.4,3.3,2.95,2.45,3.3,2.8,2.5,3.4,3.0,2.6,2.47,3.49,3.35,3.05,2.92,2.0,1.95,1.96,1.87,,,
2018-08-11,Huddersfield,Chelsea,6.5,4.0,1.61,6.25,3.9,1.57,,,,6.41,4.02,1.62,7.24,3.95,1.58,E0 (8).csv,6.2,4.0,1.55,5.8,3.9,1.57,6.5,4.0,1.62,6.85,6.09,4.07,3.9,1.66,1.61,2.05,1.98,1.9,1.84,,,
2018-08-12,Arsenal,Man City,4.0,3.8,1.95,3.7,3.75,1.95,,,,4.0,3.97,1.93,4.43,4.13,1.81,E0 (8).csv,3.6,3.6,2.0,3.8,3.8,1.91,3.9,4.0,1.91,4.15,3.83,4.0,3.8,2.0,1.92,1.6,1.55,2.55,2.42,,,
2018-08-12,Liverpool,West Ham,1.25,6.5,14.0,1.2,6.75,14.0,,,,1.27,6.35,13.25,1.25,6.95,12.0,E0 (8).csv,1.25,6.1,11.0,1.25,5.5,12.0,1.25,6.5,13.0,1.29,1.25,6.79,6.22,15.0,12.3,1.49,1.44,2.88,2.72,,,
2018-08-12,Southampton,Burnley,1.85,3.5,5.0,1.8,3.5,4.75,,,,1.86,3.51,4.99,2.03,3.19,4.65,E0 (8).csv,1.8,3.6,4.5,1.83,3.25,4.8,1.85,3.4,5.2,1.9,1.84,3.61,3.43,5.2,4.8,2.45,2.34,1.67,1.6,,,
2018-08-18,West Ham,Bournemouth,2.1,3.6,3.7,2.1,3.3,3.75,,,,2.09,3.65,3.69,2.1,3.6,3.74,E0 (8).csv,2.05,3.55,3.55,2.05,3.6,3.4,2.1,3.6,3.7,2.15,2.08,3.67,3.53,3.75,3.56,1.85,1.78,2.14,2.04,,,
2018-08-18,Leicester,Wolves,2.04,3.5,3.9,2.0,3.5,3.8,,,,2.05,3.56,3.9,2.14,3.41,3.81,E0 (8).csv,2.1,3.3,3.6,2.05,3.4,3.6,2.05,3.5,4.0,2.12,2.05,3.61,3.44,4.0,3.77,2.1,2.03,1.86,1.78,,,
2018-08-18,Tottenham,Fulham,1.28,6.0,12.0,1.28,6.0,10.0,,,,1.28,6.29,12.44,1.27,6.5,11.96,E0 (8).csv,1.27,6.0,10.0,1.25,6.0,10.0,1.29,6.0,12.0,1.31,1.28,6.5,5.88,12.61,10.92,1.56,1.51,2.67,2.54,,,
2018-08-18,Chelsea,Arsenal,1.8,4.0,4.5,1.78,3.8,4.5,,,,1.83,3.97,4.46,1.83,3.84,4.64,E0 (8).csv,1.8,3.8,4.2,1.83,3.75,4.0,1.8,4.0,4.5,1.87,1.81,4.02,3.85,4.54,4.29,1.75,1.68,2.25,2.17,,,
2018-08-18,Everton,Southampton,1.9,3.5,4.75,1.91,3.3,4.5,,,,1.89,3.56,4.71,1.84,3.63,4.92,E0 (8).csv,2.0,3.25,4.0,1.91,3.4,4.0,1.91,3.5,4.6,2.0,1.89,3.63,3.44,4.78,4.41,2.25,2.15,1.77,1.7,,,
2018-08-18,Cardiff,Newcastle,3.25,3.1,2.54,3.1,3.1,2.45,,,,3.25,3.12,2.54,3.27,3.21,2.47,E0 (8).csv,2.9,3.2,2.5,3.1,3.0,2.45,3.25,3.1,2.55,3.25,3.14,3.21,3.07,2.6,2.5,2.61,2.48,1.58,1.53,,,
2018-08-19,Brighton,Man United,5.5,3.6,1.75,5.5,3.6,1.7,,,,5.37,3.56,1.81,5.9,3.7,1.71,E0 (8).csv,5.1,3.5,1.75,4.8,3.6,1.75,5.5,3.6,1.75,5.52,5.19,3.62,3.53,1.84,1.76,2.35,2.26,1.7,1.64,,,
2018-08-19,Burnley,Watford,2.45,3.1,3.4,2.4,3.1,3.2,,,,2.47,3.08,3.37,2.48,3.11,3.36,E0 (8).csv,2.4,3.1,3.15,2.38,3.0,3.25,2.4,3.1,3.5,2.5,2.39,3.18,3.04,3.5,3.34,2.75,2.59,1.54,1.49,,,
2018-08-19,Man City,Huddersfield,1.1,13.0,26.0,1.07,12.0,31.0,,,,1.1,12.39,32.7,1.08,13.93,36.05,E0 (8).csv,1.08,10.5,29.0,1.06,12.0,29.0,1.06,13.0,34.0,1.11,1.09,13.0,11.35,35.0,28.36,1.39,1.32,3.6,3.32,,,
2018-08-20,Crystal Palace,Liverpool,7.0,5.0,1.44,6.75,4.75,1.44,,,,7.34,5.09,1.45,8.01,5.28,1.41,E0 (8).csv,7.0,4.5,1.45,6.0,4.75,1.44,7.0,5.0,1.45,7.35,6.79,5.11,4.83,1.49,1.44,1.59,1.55,2.6,2.43,,,
2018-08-25,Southampton,Leicester,2.45,3.2,3.25,2.4,3.2,3.1,,,,2.45,3.34,3.18,2.35,3.28,3.44,E0 (8).csv,2.4,3.15,3.1,2.3,3.3,3.1,2.45,3.25,3.25,2.52,2.42,3.35,3.22,3.25,3.12,2.4,2.27,1.7,1.63,,,
2018-08-25,Liverpool,Brighton,1.16,8.5,19.0,1.16,7.5,17.5,,,,1.17,8.54,21.13,1.15,9.48,22.0,E0 (8).csv,1.15,7.9,18.0,1.15,8.0,17.0,1.15,8.5,23.0,1.18,1.16,8.92,8.05,23.0,18.81,1.47,1.41,3.0,2.85,,,
2018-08-25,Wolves,Man City,11.0,6.5,1.28,10.0,6.75,1.25,,,,12.1,6.52,1.27,12.01,5.82,1.3,E0 (8).csv,11.0,6.1,1.25,10.0,6.0,1.25,13.0,6.25,1.29,13.0,10.84,6.75,6.18,1.3,1.27,1.59,1.54,2.6,2.46,,,
2018-08-25,Bournemouth,Everton,2.62,3.6,2.75,2.6,3.4,2.7,,,,2.63,3.58,2.77,2.68,3.51,2.75,E0 (8).csv,2.55,3.5,2.65,2.5,3.6,2.62,2.6,3.6,2.75,2.69,2.59,3.6,3.49,2.81,2.7,1.76,1.72,2.25,2.12,,,
2018-08-25,Arsenal,West Ham,1.36,5.5,9.0,1.36,5.25,7.75,,,,1.38,5.52,8.77,1.37,5.65,8.67,E0 (8).csv,1.4,4.8,7.5,1.36,5.0,7.5,1.36,5.5,9.0,1.4,1.37,5.72,5.32,9.5,8.1,1.5,1.44,2.9,2.73,,,
2018-08-25,Huddersfield,Cardiff,2.37,3.0,3.7,2.25,3.1,3.5,,,,2.34,3.1,3.68,2.46,3.03,3.5,E0 (8).csv,2.3,3.0,3.55,2.3,3.1,3.3,2.38,3.1,3.6,2.4,2.32,3.18,3.04,3.7,3.53,2.72,2.58,1.55,1.5,,,
2018-08-26,Fulham,Burnley,2.0,3.4,4.33,2.0,3.3,4.0,,,,1.97,3.47,4.4,2.26,3.23,3.71,E0 (8).csv,1.97,3.35,4.1,2.0,3.25,3.9,2.0,3.4,4.33,2.04,1.98,3.57,3.36,4.5,4.14,2.31,2.22,1.72,1.65,,,
2018-08-26,Newcastle,Chelsea,5.75,4.0,1.66,5.25,3.8,1.67,,,,5.49,4.06,1.68,6.66,4.25,1.57,E0 (8).csv,5.0,3.75,1.7,5.0,3.75,1.67,5.5,4.0,1.67,5.75,5.25,4.17,3.9,1.71,1.67,1.95,1.88,2.01,1.92,,,
2018-08-26,Watford,Crystal Palace,2.6,3.25,3.0,2.55,3.1,2.95,,,,2.61,3.33,2.96,2.37,3.37,3.3,E0 (8).csv,2.5,3.2,2.95,2.5,3.3,2.8,2.6,3.3,2.9,2.66,2.55,3.36,3.22,3.04,2.92,2.21,2.13,1.79,1.71,,,
2018-08-27,Man United,Tottenham,2.62,3.3,2.9,2.55,3.2,2.9,,,,2.61,3.36,2.93,2.62,3.35,2.93,E0 (8).csv,2.6,3.25,2.75,2.5,3.4,2.7,2.6,3.3,2.9,2.67,2.56,3.4,3.27,3.0,2.86,2.1,2.03,1.84,1.79,,,
2018-09-01,West Ham,Wolves,2.6,3.4,2.87,2.5,3.3,2.85,,,,2.58,3.44,2.91,2.6,3.26,3.02,E0 (8).csv,2.5,3.3,2.85,2.4,3.5,2.8,2.5,3.5,2.9,2.6,2.51,3.5,3.37,3.0,2.86,1.93,1.85,2.01,1.95,,,
2018-09-01,Brighton,Fulham,2.3,3.4,3.4,2.2,3.3,3.4,,,,2.24,3.45,3.47,2.17,3.52,3.61,E0 (8).csv,2.2,3.3,3.4,2.25,3.3,3.2,2.25,3.4,3.5,2.3,2.23,3.5,3.37,3.5,3.33,2.0,1.92,1.93,1.88,,,
2018-09-01,Chelsea,Bournemouth,1.3,6.0,11.0,1.28,6.0,9.5,,,,1.3,6.3,10.73,1.32,5.98,10.48,E0 (8).csv,1.27,6.0,10.0,1.29,5.8,8.5,1.3,6.0,11.0,1.33,1.29,6.3,5.88,11.0,9.9,1.45,1.42,3.0,2.82,,,
2018-09-01,Crystal Palace,Southampton,2.0,3.5,4.2,1.95,3.4,4.1,,,,1.95,3.5,4.47,2.58,3.18,3.11,E0 (8).csv,2.0,3.4,3.8,1.95,3.4,4.0,2.0,3.4,4.33,2.0,1.95,3.52,3.42,4.5,4.16,2.2,2.12,1.8,1.72,,,
2018-09-01,Everton,Huddersfield,1.53,4.2,7.5,1.5,4.0,7.5,,,,1.5,4.3,8.06,1.57,3.96,7.47,E0 (8).csv,1.6,4.0,5.5,1.5,3.8,7.5,1.53,4.2,7.5,1.6,1.51,4.33,4.1,8.06,7.26,2.15,2.07,1.82,1.75,,,
2018-09-01,Leicester,Liverpool,7.5,5.0,1.44,6.5,4.75,1.45,,,,7.5,4.96,1.45,8.17,4.75,1.45,E0 (8).csv,6.5,4.3,1.5,7.0,4.75,1.4,7.5,5.0,1.45,8.03,7.32,5.1,4.76,1.5,1.43,1.7,1.65,2.33,2.25,,,
2018-09-01,Man City,Newcastle,1.11,11.0,26.0,1.12,9.5,18.5,,,,1.12,10.57,27.95,1.12,10.43,29.28,E0 (8).csv,1.12,9.0,20.0,1.08,10.0,26.0,1.11,11.0,29.0,1.13,1.11,11.34,9.76,32.5,24.64,1.4,1.37,3.2,3.03,,,
2018-09-02,Watford,Tottenham,5.5,4.2,1.64,5.5,4.25,1.57,,,,5.5,4.19,1.66,5.6,3.97,1.69,E0 (8).csv,5.3,3.9,1.65,5.0,4.2,1.62,5.75,4.2,1.62,5.75,5.38,4.3,4.13,1.68,1.62,1.75,1.7,2.22,2.14,,,
2018-09-02,Burnley,Man United,6.0,3.75,1.7,6.0,3.6,1.65,,,,5.94,3.85,1.68,6.72,4.02,1.6,E0 (8).csv,5.0,3.75,1.7,5.5,3.7,1.65,6.25,3.8,1.65,6.25,5.73,3.9,3.72,1.7,1.67,2.21,2.14,1.77,1.7,,,
2018-09-02,Cardiff,Arsenal,6.5,4.33,1.57,6.0,4.0,1.57,,,,6.35,4.54,1.55,6.34,4.47,1.56,E0 (8).csv,5.4,3.8,1.65,5.5,4.33,1.53,6.5,4.33,1.55,6.6,6.0,4.54,4.22,1.65,1.56,1.81,1.76,2.16,2.07,,,
2018-09-15,Bournemouth,Leicester,2.45,3.5,3.0,2.4,3.4,2.95,,,,2.43,3.46,3.13,2.46,3.35,3.17,E0 (8).csv,2.35,3.4,3.0,2.38,3.4,2.9,2.45,3.5,3.0,2.51,2.42,3.5,3.41,3.13,2.98,1.97,1.88,2.05,1.94,,,
2018-09-15,Chelsea,Cardiff,1.18,8.0,19.0,1.19,7.0,15.0,,,,1.19,7.4,18.5,1.14,8.85,23.0,E0 (8).csv,1.2,6.8,15.0,1.17,7.0,15.0,1.18,7.5,21.0,1.21,1.18,8.0,7.2,21.0,17.53,1.55,1.51,2.65,2.53,,,
2018-09-15,Huddersfield,Crystal Palace,3.3,3.1,2.5,3.1,3.1,2.45,,,,3.25,3.23,2.48,3.47,3.22,2.37,E0 (8).csv,3.2,3.1,2.4,3.1,3.0,2.45,3.3,3.13,2.5,3.3,3.19,3.27,3.11,2.55,2.45,2.5,2.36,1.67,1.59,,,
2018-09-15,Man City,Fulham,1.12,10.0,26.0,1.13,9.0,19.5,,,,1.13,10.17,20.82,1.1,12.75,25.0,E0 (8).csv,1.12,9.0,20.0,1.12,9.0,17.0,1.13,10.0,26.0,1.14,1.12,11.0,9.54,29.0,21.93,1.29,1.26,4.0,3.85,,,
2018-09-15,Newcastle,Arsenal,4.2,3.8,1.9,4.0,3.6,1.91,,,,4.2,3.83,1.92,4.46,3.86,1.86,E0 (8).csv,4.0,3.6,1.9,3.75,3.7,1.91,4.1,3.75,1.95,4.2,4.01,3.9,3.72,1.97,1.91,1.76,1.71,2.25,2.14,,,
2018-09-15,Tottenham,Liverpool,3.0,3.6,2.4,2.95,3.6,2.3,,,,3.03,3.71,2.37,3.14,3.57,2.37,E0 (8).csv,2.95,3.6,2.3,2.88,3.5,2.3,3.1,3.7,2.3,3.1,2.97,3.74,3.62,2.4,2.33,1.71,1.66,2.45,2.23,,,
2018-09-15,Watford,Man United,4.33,3.6,1.95,4.2,3.6,1.87,,,,4.18,3.65,1.97,4.8,3.68,1.85,E0 (8).csv,4.15,3.55,1.9,4.0,3.4,1.91,4.4,3.6,1.93,4.5,4.16,3.65,3.55,2.0,1.93,2.05,1.99,1.9,1.83,,,
2018-09-16,Wolves,Burnley,1.75,3.6,5.75,1.7,3.6,5.5,,,,1.74,3.65,5.82,1.75,3.65,5.75,E0 (8).csv,1.8,3.5,4.7,1.75,3.5,4.8,1.75,3.6,5.75,1.8,1.74,3.72,3.55,6.0,5.42,2.4,2.28,1.69,1.63,,,
2018-09-16,Everton,West Ham,2.0,3.75,3.9,2.0,3.6,3.7,,,,2.07,3.69,3.76,2.17,3.42,3.74,E0 (8).csv,2.0,3.55,3.6,2.05,3.6,3.4,2.05,3.6,3.75,2.12,2.03,3.75,3.58,4.1,3.68,1.85,1.79,2.11,2.03,,,
2018-09-17,Southampton,Brighton,2.1,3.4,3.9,2.1,3.3,3.75,,,,2.12,3.36,3.98,2.06,3.34,4.17,E0 (8).csv,2.1,3.25,3.75,2.05,3.2,3.75,2.15,3.25,3.9,2.22,2.12,3.42,3.28,4.0,3.75,2.4,2.27,1.7,1.63,,,
2018-09-22,Leicester,Huddersfield,1.61,4.0,6.5,1.57,3.9,6.25,,,,1.62,3.91,6.72,1.72,3.67,5.91,E0 (8).csv,1.67,3.9,5.0,1.6,3.75,6.0,1.62,3.8,7.0,1.67,1.61,4.0,3.82,7.0,6.35,2.3,2.18,1.75,1.68,,,
2018-09-22,Fulham,Watford,2.54,3.5,2.9,2.35,3.4,3.0,,,,2.48,3.49,2.92,2.86,3.45,2.64,E0 (8).csv,2.6,3.3,2.7,2.5,3.4,2.75,2.45,3.5,3.0,2.6,2.46,3.55,3.43,3.0,2.9,1.81,1.76,2.14,2.06,,,
2018-09-22,Crystal Palace,Newcastle,2.14,3.4,3.75,2.15,3.3,3.6,,,,2.18,3.38,3.77,2.15,3.29,3.9,E0 (8).csv,2.0,3.4,3.8,2.1,3.3,3.5,2.15,3.4,3.75,2.24,2.14,3.4,3.32,3.8,3.68,2.2,2.11,1.78,1.73,,,
2018-09-22,Burnley,Bournemouth,3.0,3.4,2.5,2.8,3.25,2.6,,,,2.95,3.42,2.59,3.38,3.38,2.34,E0 (8).csv,2.8,3.3,2.55,2.8,3.3,2.5,2.9,3.4,2.6,3.0,2.87,3.42,3.32,2.62,2.55,2.1,2.02,1.86,1.8,,,
2018-09-22,Brighton,Tottenham,5.0,4.0,1.75,4.75,3.7,1.75,,,,4.99,3.93,1.76,5.52,3.99,1.7,E0 (8).csv,4.8,3.9,1.7,4.4,3.8,1.75,5.0,3.9,1.75,5.0,4.76,4.0,3.81,1.8,1.75,1.85,1.8,2.1,2.02,,,
2018-09-22,Liverpool,Southampton,1.2,7.5,17.0,1.2,6.75,14.0,,,,1.2,7.42,18.51,1.2,7.28,15.97,E0 (8).csv,1.2,6.5,15.0,1.18,7.0,15.0,1.2,7.5,17.0,1.22,1.2,7.75,7.06,19.0,15.75,1.54,1.49,2.75,2.59,,,
2018-09-22,Cardiff,Man City,23.0,8.0,1.16,17.5,8.0,1.15,,,,21.06,7.97,1.18,21.63,8.65,1.15,E0 (8).csv,15.0,6.5,1.2,17.0,7.5,1.15,20.0,8.5,1.17,23.0,18.84,9.0,7.85,1.2,1.16,1.5,1.45,2.88,2.7,,,
2018-09-22,Man United,Wolves,1.57,4.33,6.5,1.55,4.1,6.25,,,,1.59,4.19,6.52,1.6,3.85,6.81,E0 (8).csv,1.55,4.0,6.2,1.57,4.2,5.5,1.6,4.1,6.5,1.6,1.57,4.33,4.12,6.6,6.09,1.91,1.85,2.02,1.95,,,
2018-09-23,West Ham,Chelsea,6.0,4.5,1.57,5.75,4.25,1.55,,,,5.72,4.41,1.61,6.86,4.73,1.5,E0 (8).csv,6.1,4.2,1.53,5.0,4.2,1.6,6.0,4.5,1.57,6.5,5.61,4.5,4.33,1.64,1.58,1.63,1.58,2.5,2.37,,,
2018-09-23,Arsenal,Everton,1.44,5.0,7.5,1.48,4.6,6.5,,,,1.49,4.93,6.88,1.4,5.46,7.94,E0 (8).csv,1.45,4.5,7.0,1.47,4.75,6.0,1.45,5.0,7.0,1.49,1.46,5.05,4.83,7.5,6.54,1.49,1.44,2.88,2.75,,,
2018-09-29,Wolves,Southampton,1.8,3.6,5.25,1.8,3.5,4.75,,,,1.85,3.56,5.04,1.96,3.48,4.5,E0 (8).csv,1.9,3.5,4.1,1.85,3.5,4.5,1.85,3.5,5.0,1.9,1.82,3.75,3.54,5.25,4.79,2.21,2.13,1.8,1.72,,,
2018-09-29,Newcastle,Leicester,2.6,3.3,3.0,2.55,3.25,2.85,,,,2.61,3.3,3.01,2.86,3.13,2.82,E0 (8).csv,2.6,3.3,2.75,2.55,3.2,2.9,2.6,3.25,3.0,2.65,2.56,3.3,3.22,3.05,2.93,2.3,2.2,1.72,1.68,,,
2018-09-29,West Ham,Man United,4.5,3.8,1.85,4.1,3.75,1.85,,,,4.53,3.78,1.87,4.08,3.56,2.03,E0 (8).csv,4.3,3.6,1.85,4.2,3.7,1.85,4.6,3.8,1.83,4.6,4.41,3.87,3.71,1.89,1.84,1.86,1.82,2.08,2.0,,,
2018-09-29,Man City,Brighton,1.1,12.0,34.0,1.08,11.0,29.0,,,,1.1,12.59,24.79,1.1,11.74,28.42,E0 (8).csv,1.1,9.1,28.0,1.07,12.0,29.0,1.1,12.0,31.0,1.12,1.09,12.87,11.16,34.25,27.87,1.35,1.3,3.65,3.44,,,
2018-09-29,Arsenal,Watford,1.44,5.1,7.0,1.45,4.75,6.5,,,,1.5,4.85,6.75,1.49,4.88,6.75,E0 (8).csv,1.45,4.5,7.0,1.44,5.0,6.0,1.5,4.8,6.5,1.51,1.47,5.1,4.77,7.5,6.41,1.5,1.44,2.9,2.73,,,
2018-09-29,Everton,Fulham,1.75,4.2,4.75,1.75,4.0,4.33,,,,1.76,4.05,4.82,1.65,4.32,5.49,E0 (8).csv,1.8,3.7,4.4,1.75,4.0,4.33,1.75,4.1,4.75,1.8,1.74,4.2,3.99,4.82,4.58,1.65,1.61,2.41,2.31,,,
2018-09-29,Chelsea,Liverpool,2.8,3.6,2.54,2.85,3.5,2.4,,,,2.86,3.55,2.58,2.83,3.51,2.63,E0 (8).csv,2.85,3.3,2.5,2.8,3.5,2.45,2.8,3.6,2.55,2.92,2.81,3.65,3.52,2.62,2.49,1.7,1.64,2.35,2.25,,,
2018-09-29,Huddersfield,Tottenham,8.5,4.5,1.44,7.5,4.5,1.44,,,,8.01,4.5,1.48,6.19,3.88,1.66,E0 (8).csv,6.6,4.25,1.5,7.0,4.4,1.47,8.5,4.5,1.45,8.5,7.61,5.0,4.48,1.5,1.46,1.85,1.79,2.13,2.03,,,
2018-09-30,Cardiff,Burnley,2.62,3.0,3.2,2.55,3.0,3.1,,,,2.63,3.13,3.14,2.5,3.16,3.32,E0 (8).csv,2.55,3.05,3.05,2.55,3.1,3.0,2.6,3.1,3.13,2.64,2.56,3.15,3.06,3.2,3.09,2.6,2.43,1.63,1.55,,,
2018-10-01,Bournemouth,Crystal Palace,2.25,3.5,3.4,2.25,3.4,3.2,,,,2.3,3.52,3.33,2.33,3.52,3.27,E0 (8).csv,2.2,3.45,3.2,2.25,3.4,3.2,2.25,3.5,3.3,2.37,2.25,3.55,3.43,3.4,3.24,1.82,1.77,2.15,2.04,,,
2018-10-05,Brighton,West Ham,2.7,3.3,2.87,2.6,3.25,2.8,,,,2.72,3.3,2.87,2.77,3.24,2.87,E0 (8).csv,2.65,3.3,2.65,2.62,3.2,2.8,2.7,3.3,2.88,2.75,2.67,3.35,3.26,2.9,2.8,2.1,2.05,1.83,1.78,,,
2018-10-06,Burnley,Huddersfield,2.14,3.1,4.2,2.05,3.1,4.1,,,,2.16,3.04,4.33,2.39,2.99,3.75,E0 (8).csv,2.1,3.05,4.05,2.15,3.0,4.0,2.15,3.1,4.2,2.18,2.12,3.2,3.06,4.35,4.11,2.71,2.55,1.56,1.51,,,
2018-10-06,Crystal Palace,Wolves,3.0,3.2,2.62,2.8,3.2,2.65,,,,2.99,3.21,2.65,2.85,3.26,2.77,E0 (8).csv,2.9,3.1,2.6,2.9,3.2,2.55,3.0,3.25,2.6,3.03,2.92,3.25,3.18,2.75,2.6,2.35,2.23,1.7,1.65,,,
2018-10-06,Leicester,Everton,2.2,3.4,3.6,2.2,3.4,3.3,,,,2.17,3.52,3.6,2.32,3.28,3.49,E0 (8).csv,2.15,3.45,3.4,2.2,3.4,3.3,2.2,3.4,3.6,2.28,2.19,3.55,3.4,3.6,3.44,1.95,1.89,2.0,1.92,,,
2018-10-06,Man United,Newcastle,1.44,4.5,9.0,1.44,4.5,7.5,,,,1.46,4.54,8.56,1.4,4.75,10.06,E0 (8).csv,1.5,4.3,6.5,1.47,4.4,7.0,1.45,4.5,8.5,1.5,1.45,4.6,4.44,9.0,7.86,1.97,1.89,2.0,1.92,,,
2018-10-06,Tottenham,Cardiff,1.22,7.0,15.0,1.22,6.5,12.5,,,,1.22,6.74,15.07,1.25,6.6,12.33,E0 (8).csv,1.22,6.5,13.0,1.25,6.0,11.0,1.25,6.5,15.0,1.26,1.23,7.5,6.51,16.0,13.14,1.5,1.45,2.8,2.69,,,
2018-10-06,Watford,Bournemouth,2.14,3.6,3.5,2.1,3.6,3.4,,,,2.15,3.59,3.58,2.17,3.47,3.69,E0 (8).csv,2.1,3.55,3.4,2.15,3.5,3.3,2.15,3.6,3.5,2.16,2.13,3.7,3.55,3.68,3.45,1.81,1.77,2.15,2.06,,,
2018-10-07,Liverpool,Man City,2.54,3.6,2.8,2.5,3.6,2.7,,,,2.56,3.56,2.85,2.84,3.55,2.6,E0 (8).csv,2.5,3.3,2.85,2.5,3.5,2.75,2.55,3.6,2.8,2.63,2.52,3.7,3.54,2.88,2.77,1.67,1.62,2.4,2.29,,,
2018-10-07,Fulham,Arsenal,5.25,4.33,1.66,5.0,4.33,1.62,,,,5.0,4.33,1.69,5.01,4.48,1.67,E0 (8).csv,4.6,4.35,1.65,4.4,4.2,1.7,5.0,4.4,1.67,5.25,4.85,4.5,4.31,1.71,1.66,1.46,1.42,3.0,2.8,,,
2018-10-07,Southampton,Chelsea,6.0,4.1,1.61,6.0,3.9,1.6,,,,6.02,4.13,1.63,6.92,4.19,1.56,E0 (8).csv,5.3,3.9,1.65,5.5,4.0,1.62,6.0,4.2,1.6,6.19,5.75,4.3,4.07,1.65,1.61,1.85,1.79,2.1,2.03,,,
2018-10-20,West Ham,Tottenham,4.1,3.9,1.9,4.2,3.7,1.85,,,,4.07,3.89,1.93,3.89,3.73,2.02,E0 (8).csv,3.9,3.7,1.9,3.8,3.8,1.91,4.1,3.9,1.91,4.3,4.02,3.95,3.8,1.95,1.89,1.7,1.64,2.4,2.26,,,
2018-10-20,Wolves,Watford,1.75,3.75,5.25,1.72,3.6,5.25,,,,1.76,3.68,5.47,1.86,3.38,5.36,E0 (8).csv,1.7,3.65,5.2,1.73,3.6,5.0,1.75,3.75,5.4,1.8,1.74,3.75,3.63,5.5,5.18,2.13,2.04,1.87,1.78,,,
2018-10-20,Newcastle,Brighton,2.2,3.25,3.8,2.2,3.2,3.5,,,,2.22,3.21,3.9,2.22,3.25,3.82,E0 (8).csv,2.15,3.1,3.75,2.15,3.2,3.7,2.2,3.2,3.9,2.27,2.19,3.25,3.16,3.9,3.71,2.58,2.45,1.6,1.55,,,
2018-10-20,Man City,Burnley,1.08,13.0,34.0,1.07,12.5,26.0,,,,1.1,11.96,32.7,1.07,14.92,32.36,E0 (8).csv,1.1,9.2,27.0,1.06,13.0,26.0,1.05,13.0,31.0,1.1,1.08,15.0,12.2,41.0,30.98,1.3,1.28,3.95,3.66,,,
2018-10-20,Chelsea,Man United,1.75,3.8,5.25,1.72,3.7,5.0,,,,1.74,3.93,5.26,1.77,3.9,5.01,E0 (8).csv,1.7,3.85,4.8,1.73,3.8,4.6,1.73,3.9,5.25,1.77,1.73,4.15,3.86,5.26,4.94,1.83,1.78,2.15,2.04,,,
2018-10-20,Cardiff,Fulham,2.5,3.5,2.95,2.45,3.4,2.9,,,,2.51,3.46,3.02,2.62,3.45,2.88,E0 (8).csv,2.4,3.45,2.85,2.4,3.4,2.88,2.5,3.5,2.9,2.55,2.46,3.53,3.42,3.1,2.91,1.86,1.82,2.1,2.0,,,
2018-10-20,Bournemouth,Southampton,2.04,3.7,3.75,2.0,3.5,3.75,,,,2.07,3.67,3.79,2.22,3.51,3.53,E0 (8).csv,2.0,3.55,3.6,2.0,3.6,3.6,2.0,3.7,3.9,2.1,2.03,3.75,3.58,3.9,3.69,1.85,1.79,2.15,2.03,,,
2018-10-20,Huddersfield,Liverpool,11.0,5.5,1.33,11.0,5.25,1.3,,,,11.49,5.36,1.33,12.75,6.18,1.26,E0 (8).csv,10.0,5.3,1.3,11.0,5.0,1.32,13.0,5.5,1.3,13.0,11.1,5.5,5.18,1.35,1.31,1.9,1.82,2.15,2.0,,,
2018-10-21,Everton,Crystal Palace,1.85,3.6,4.75,1.85,3.5,4.5,,,,1.88,3.67,4.66,1.78,3.67,5.35,E0 (8).csv,1.83,3.55,4.45,1.88,3.5,4.33,1.85,3.6,4.75,1.93,1.86,3.7,3.56,4.81,4.49,2.05,1.98,1.9,1.83,,,
2018-10-22,Arsenal,Leicester,1.53,4.5,6.5,1.5,4.33,6.5,,,,1.56,4.36,6.51,1.63,4.13,6.03,E0 (8).csv,1.53,4.5,5.6,1.53,4.33,5.8,1.53,4.6,6.25,1.58,1.53,4.75,4.45,6.75,5.99,1.5,1.47,2.75,2.62,,,
2018-10-27,Liverpool,Cardiff,1.11,11.0,26.0,1.1,10.0,23.0,,,,1.11,10.86,27.28,1.12,9.84,28.98,E0 (8).csv,1.12,9.0,20.0,1.08,11.0,29.0,1.11,11.0,29.0,1.13,1.11,11.45,10.13,31.0,26.13,1.4,1.36,3.25,3.09,,,
2018-10-27,Brighton,Wolves,3.2,3.2,2.5,3.1,3.1,2.45,,,,3.27,3.19,2.5,3.48,3.19,2.39,E0 (8).csv,3.1,3.1,2.45,3.2,3.0,2.4,3.3,3.2,2.45,3.3,3.15,3.25,3.13,2.58,2.46,2.55,2.38,1.63,1.58,,,
2018-10-27,Fulham,Bournemouth,2.9,3.75,2.4,2.7,3.75,2.4,,,,2.95,3.75,2.42,2.85,3.71,2.51,E0 (8).csv,2.8,3.4,2.5,2.75,3.7,2.4,2.88,3.8,2.4,2.95,2.85,3.85,3.69,2.5,2.38,1.56,1.53,2.65,2.48,,,
2018-10-27,Leicester,West Ham,2.1,3.5,3.8,2.1,3.4,3.6,,,,2.16,3.45,3.75,1.98,3.6,4.21,E0 (8).csv,2.05,3.4,3.65,2.15,3.4,3.5,2.1,3.5,3.8,2.22,2.11,3.55,3.4,3.8,3.64,2.05,1.97,1.91,1.84,,,
2018-10-27,Southampton,Newcastle,2.1,3.4,3.9,2.1,3.25,3.75,,,,2.14,3.37,3.91,2.01,3.55,4.15,E0 (8).csv,2.1,3.2,3.8,2.15,3.25,3.6,2.15,3.25,4.0,2.19,2.11,3.4,3.27,4.0,3.8,2.45,2.31,1.66,1.61,,,
2018-10-27,Watford,Huddersfield,1.75,3.75,5.25,1.72,3.7,5.0,,,,1.76,3.74,5.37,1.78,3.53,5.73,E0 (8).csv,1.75,3.6,4.9,1.75,3.6,5.0,1.8,3.5,5.4,1.8,1.75,3.8,3.65,5.5,5.1,2.25,2.18,1.75,1.69,,,
2018-10-28,Burnley,Chelsea,11.0,5.0,1.36,11.0,4.75,1.33,,,,10.84,4.89,1.37,9.53,4.52,1.43,E0 (8).csv,7.6,4.8,1.4,9.5,4.75,1.36,11.5,5.0,1.33,11.5,10.06,5.1,4.84,1.4,1.36,1.85,1.79,2.1,2.02,,,
2018-10-28,Crystal Palace,Arsenal,4.75,4.1,1.75,4.33,3.9,1.78,,,,4.56,4.26,1.76,4.57,3.86,1.84,E0 (8).csv,4.4,3.7,1.8,4.2,4.2,1.75,4.75,4.1,1.73,4.75,4.39,4.26,4.07,1.8,1.76,1.65,1.6,2.45,2.33,,,
2018-10-28,Man United,Everton,1.72,3.9,5.25,1.67,3.8,5.25,,,,1.75,3.91,5.16,1.81,3.74,4.95,E0 (8).csv,1.7,3.75,5.0,1.75,3.8,4.6,1.73,3.9,5.2,1.78,1.73,4.0,3.8,5.32,4.93,1.87,1.81,2.1,2.01,,,
2018-10-29,Tottenham,Man City,4.75,4.1,1.75,4.33,4.1,1.75,,,,4.76,4.24,1.74,5.42,4.29,1.66,E0 (8).csv,4.3,3.8,1.8,4.4,4.2,1.73,4.8,4.1,1.73,4.8,4.51,4.35,4.1,1.8,1.72,1.62,1.58,2.55,2.36,,,
2018-11-03,Wolves,Tottenham,3.1,3.4,2.45,3.0,3.3,2.4,,,,3.13,3.36,2.49,3.43,3.38,2.32,E0 (8).csv,3.15,3.3,2.3,2.9,3.3,2.5,3.0,3.4,2.5,3.28,3.05,3.43,3.33,2.5,2.41,2.03,1.95,1.91,1.86,,,
2018-11-03,Newcastle,Watford,2.75,3.25,2.8,2.65,3.2,2.75,,,,2.78,3.25,2.85,2.85,3.29,2.74,E0 (8).csv,2.7,3.15,2.75,2.62,3.25,2.75,2.75,3.2,2.8,2.81,2.69,3.3,3.19,2.9,2.79,2.35,2.23,1.7,1.66,,,
2018-11-03,Everton,Brighton,1.61,4.0,6.5,1.57,3.9,6.25,,,,1.58,4.07,7.01,1.57,4.04,7.24,E0 (8).csv,1.7,3.8,5.0,1.6,3.9,6.0,1.62,3.9,6.5,1.7,1.59,4.15,3.94,7.01,6.28,2.05,1.96,1.91,1.86,,,
2018-11-03,West Ham,Burnley,1.75,3.75,5.25,1.75,3.6,5.0,,,,1.76,3.74,5.42,1.57,4.17,6.85,E0 (8).csv,1.8,3.6,4.5,1.75,3.7,4.8,1.75,3.7,5.4,1.8,1.74,3.85,3.68,5.5,5.1,2.1,2.01,1.88,1.81,,,
2018-11-03,Bournemouth,Man United,3.6,3.7,2.1,3.6,3.5,2.05,,,,3.62,3.64,2.14,3.9,3.98,1.95,E0 (8).csv,3.5,3.4,2.1,3.4,3.5,2.1,3.6,3.6,2.15,3.62,3.54,3.7,3.57,2.15,2.1,1.76,1.71,2.27,2.14,,,
2018-11-03,Cardiff,Leicester,3.8,3.4,2.14,3.6,3.3,2.15,,,,3.85,3.37,2.16,3.45,3.47,2.27,E0 (8).csv,3.4,3.2,2.25,3.6,3.3,2.15,3.8,3.3,2.15,3.85,3.65,3.45,3.31,2.25,2.15,2.2,2.1,1.8,1.74,,,
2018-11-03,Arsenal,Liverpool,3.9,3.9,1.95,3.5,3.75,2.0,,,,3.92,3.77,2.0,3.91,3.94,1.96,E0 (8).csv,3.2,3.5,2.2,3.6,3.7,2.0,3.8,3.8,2.0,3.92,3.67,3.96,3.77,2.2,1.98,1.57,1.53,2.7,2.52,,,
2018-11-04,Chelsea,Crystal Palace,1.25,6.75,13.0,1.26,6.0,11.5,,,,1.27,6.18,11.51,1.33,5.53,10.76,E0 (8).csv,1.25,6.1,11.0,1.29,6.0,9.5,1.29,6.0,12.0,1.3,1.27,6.75,6.07,13.0,11.34,1.55,1.51,2.7,2.53,,,
2018-11-04,Man City,Southampton,1.11,11.0,29.0,1.11,9.75,21.0,,,,1.11,10.68,28.68,1.12,10.04,27.35,E0 (8).csv,1.12,9.0,20.0,1.11,10.0,21.0,1.1,11.0,34.0,1.14,1.11,11.0,9.93,34.0,24.64,1.35,1.3,3.75,3.45,,,
2018-11-05,Huddersfield,Fulham,2.3,3.5,3.3,2.25,3.3,3.3,,,,2.33,3.45,3.34,2.34,3.44,3.32,E0 (8).csv,2.25,3.35,3.2,2.3,3.4,3.1,2.3,3.4,3.3,2.4,2.28,3.5,3.35,3.45,3.25,2.04,1.95,1.92,1.86,,,
2018-11-10,Newcastle,Bournemouth,2.9,3.4,2.6,2.75,3.3,2.6,,,,2.89,3.43,2.62,2.94,3.5,2.55,E0 (8).csv,2.7,3.3,2.6,2.75,3.4,2.55,2.9,3.3,2.63,2.94,2.81,3.45,3.33,2.68,2.59,2.1,2.0,1.9,1.82,,,
2018-11-10,Leicester,Burnley,1.5,4.33,8.0,1.48,4.33,7.0,,,,1.49,4.45,7.95,1.49,4.47,7.93,E0 (8).csv,1.53,4.2,6.1,1.52,4.2,6.5,1.53,4.3,7.0,1.53,1.49,4.5,4.28,8.0,7.24,1.92,1.86,2.04,1.95,,,
2018-11-10,Southampton,Watford,2.5,3.3,3.1,2.4,3.3,3.0,,,,2.53,3.34,3.09,2.34,3.44,3.32,E0 (8).csv,2.4,3.3,2.95,2.5,3.25,2.9,2.5,3.3,3.1,2.58,2.47,3.4,3.28,3.11,3.0,2.18,2.06,1.85,1.77,,,
2018-11-10,Crystal Palace,Tottenham,4.5,3.75,1.85,4.5,3.7,1.8,,,,4.48,3.67,1.91,5.48,3.96,1.7,E0 (8).csv,4.5,3.6,1.8,4.33,3.6,1.83,4.4,3.75,1.87,4.5,4.34,3.8,3.67,1.92,1.86,1.8,1.75,2.16,2.09,,,
2018-11-10,Cardiff,Brighton,2.6,3.1,3.1,2.5,3.1,3.1,,,,2.61,3.19,3.11,2.58,3.15,3.19,E0 (8).csv,2.65,3.2,2.75,2.55,3.1,3.0,2.6,3.13,3.13,2.65,2.56,3.2,3.11,3.2,3.05,2.6,2.45,1.6,1.55,,,
2018-11-10,Huddersfield,West Ham,3.4,3.25,2.35,3.4,3.2,2.25,,,,3.46,3.33,2.33,3.27,3.27,2.46,E0 (8).csv,3.2,3.3,2.3,3.3,3.2,2.3,3.5,3.2,2.38,3.5,3.39,3.33,3.21,2.38,2.3,2.35,2.25,1.7,1.64,,,
2018-11-11,Arsenal,Wolves,1.66,4.2,5.25,1.6,4.1,5.5,,,,1.68,4.14,5.41,1.65,4.15,5.71,E0 (8).csv,1.55,4.0,6.2,1.65,4.2,4.75,1.67,4.2,5.25,1.7,1.65,4.4,4.11,6.2,5.19,1.68,1.62,2.4,2.28,,,
2018-11-11,Chelsea,Everton,1.4,5.25,8.5,1.4,4.75,8.0,,,,1.42,5.17,7.89,1.4,5.04,8.94,E0 (8).csv,1.45,4.5,7.0,1.44,5.0,6.5,1.4,5.0,8.0,1.46,1.42,5.25,4.89,8.5,7.45,1.6,1.55,2.55,2.43,,,
2018-11-11,Liverpool,Fulham,1.11,11.0,26.0,1.11,9.5,23.0,,,,1.11,10.9,24.65,1.1,11.92,26.16,E0 (8).csv,1.12,9.0,20.0,1.1,11.0,21.0,1.11,11.0,31.0,1.13,1.11,12.0,10.48,31.0,23.87,1.29,1.24,4.33,3.96,,,
2018-11-11,Man City,Man United,1.4,5.25,8.5,1.4,5.0,7.5,,,,1.39,5.4,8.32,1.36,5.42,9.53,E0 (8).csv,1.45,4.8,6.4,1.38,5.0,7.5,1.36,5.25,9.0,1.45,1.39,5.5,5.14,9.0,7.77,1.51,1.48,2.8,2.64,,,
2018-11-24,Watford,Liverpool,6.5,4.33,1.55,6.0,4.2,1.55,,,,6.31,4.28,1.59,6.29,4.46,1.56,E0 (8).csv,5.8,4.1,1.57,5.5,4.33,1.57,6.25,4.4,1.57,6.6,6.03,4.5,4.28,1.6,1.55,1.72,1.65,2.33,2.23,,,
2018-11-24,Brighton,Leicester,2.9,3.4,2.6,2.85,3.2,2.6,,,,2.89,3.25,2.74,2.9,3.15,2.81,E0 (8).csv,2.8,3.15,2.65,2.8,3.2,2.62,2.88,3.2,2.75,3.0,2.87,3.4,3.18,2.75,2.63,2.41,2.28,1.67,1.63,,,
2018-11-24,Everton,Cardiff,1.4,5.0,9.0,1.4,4.75,7.75,,,,1.43,4.78,8.61,1.47,4.34,8.88,E0 (8).csv,1.45,4.5,7.0,1.42,4.75,7.5,1.4,4.8,9.0,1.45,1.42,5.0,4.66,9.0,8.12,1.87,1.8,2.1,2.02,,,
2018-11-24,Fulham,Southampton,2.62,3.5,2.8,2.55,3.4,2.75,,,,2.68,3.45,2.82,2.8,3.31,2.78,E0 (8).csv,2.6,3.35,2.7,2.6,3.4,2.7,2.63,3.5,2.8,2.72,2.61,3.5,3.35,2.9,2.77,1.95,1.89,2.0,1.91,,,
2018-11-24,Man United,Crystal Palace,1.4,5.25,8.0,1.4,4.75,8.0,,,,1.42,4.88,8.79,1.46,4.47,8.65,E0 (8).csv,1.4,4.8,7.6,1.4,4.75,8.0,1.4,4.8,9.0,1.44,1.4,5.25,4.81,9.0,8.13,1.8,1.76,2.17,2.07,,,
2018-11-24,Tottenham,Chelsea,2.8,3.5,2.6,2.7,3.5,2.55,,,,2.87,3.5,2.6,3.09,3.44,2.47,E0 (8).csv,2.75,3.4,2.55,2.8,3.4,2.5,2.88,3.5,2.55,2.88,2.78,3.55,3.42,2.65,2.56,1.8,1.74,2.18,2.09,,,
2018-11-24,West Ham,Man City,13.0,6.5,1.25,10.5,6.25,1.26,,,,12.46,6.58,1.25,12.2,6.9,1.24,E0 (8).csv,10.0,6.0,1.27,10.0,6.5,1.25,13.0,6.5,1.25,13.0,11.55,6.75,6.3,1.27,1.25,1.46,1.43,3.0,2.78,,,
2018-11-25,Wolves,Huddersfield,1.5,4.33,8.0,1.5,4.0,7.5,,,,1.51,4.16,8.2,1.61,3.71,7.73,E0 (8).csv,1.53,4.1,6.3,1.47,4.0,8.0,1.5,4.1,8.5,1.53,1.49,4.33,4.08,8.5,7.75,2.38,2.27,1.7,1.63,,,
2018-11-25,Bournemouth,Arsenal,3.5,3.75,1.95,3.5,3.75,2.0,,,,3.53,3.84,2.1,3.38,3.7,2.21,E0 (8).csv,3.7,3.5,2.0,3.5,3.8,2.0,3.5,3.9,2.05,3.7,3.5,4.0,3.77,2.11,2.03,1.55,1.49,2.75,2.59,,,
2018-11-26,Burnley,Newcastle,2.9,3.2,2.75,2.8,3.1,2.7,,,,2.93,3.16,2.77,3.03,3.18,2.67,E0 (8).csv,2.8,3.05,2.7,2.8,3.1,2.7,2.88,3.2,2.7,2.93,2.84,3.2,3.1,2.85,2.7,2.42,2.31,1.66,1.61,,,
2018-11-30,Cardiff,Wolves,3.8,3.25,2.2,3.5,3.2,2.2,,,,3.76,3.32,2.22,3.63,3.28,2.28,E0 (8).csv,3.3,3.3,2.25,3.75,3.25,2.2,3.8,3.2,2.25,3.8,3.64,3.32,3.2,2.31,2.21,2.49,2.38,1.63,1.59,,,
2018-12-01,Crystal Palace,Burnley,1.61,3.9,6.5,1.62,3.75,6.0,,,,1.62,3.92,6.65,1.56,4.07,7.28,E0 (8).csv,1.67,3.8,5.2,1.6,3.75,6.5,1.62,3.9,6.5,1.67,1.62,4.0,3.82,6.66,6.21,2.15,2.08,1.8,1.75,,,
2018-12-01,Huddersfield,Brighton,2.5,3.0,3.4,2.35,3.0,3.4,,,,2.5,3.06,3.42,2.43,2.93,3.76,E0 (8).csv,2.45,2.95,3.3,2.45,3.0,3.25,2.55,3.0,3.4,2.56,2.47,3.06,2.97,3.46,3.31,2.9,2.74,1.5,1.45,,,
2018-12-01,Leicester,Watford,2.25,3.3,3.6,2.2,3.3,3.4,,,,2.28,3.35,3.54,2.36,3.3,3.41,E0 (8).csv,2.25,3.3,3.3,2.25,3.25,3.4,2.3,3.3,3.4,2.32,2.25,3.41,3.3,3.6,3.4,2.1,1.98,1.9,1.83,,,
2018-12-01,Man City,Bournemouth,1.11,11.0,26.0,1.1,10.0,23.0,,,,1.11,10.98,23.72,1.13,9.87,22.77,E0 (8).csv,1.12,9.0,20.0,1.1,10.0,23.0,1.13,10.5,23.0,1.14,1.11,11.25,10.11,26.0,22.4,1.3,1.25,4.15,3.86,,,
2018-12-01,Newcastle,West Ham,2.5,3.3,3.1,2.45,3.25,3.0,,,,2.5,3.38,3.1,2.59,3.37,2.98,E0 (8).csv,2.45,3.2,3.0,2.45,3.25,3.0,2.5,3.3,3.13,2.58,2.47,3.38,3.25,3.13,3.03,2.25,2.15,1.76,1.7,,,
2018-12-01,Southampton,Man United,4.33,3.6,1.95,4.2,3.6,1.87,,,,4.3,3.52,1.99,4.29,3.58,1.97,E0 (8).csv,3.9,3.5,1.95,4.2,3.5,1.91,4.3,3.6,1.95,4.5,4.2,3.65,3.53,2.0,1.92,1.95,1.89,2.0,1.92,,,
2018-12-02,Arsenal,Tottenham,2.62,3.6,2.75,2.5,3.6,2.7,,,,2.63,3.73,2.7,2.94,3.53,2.53,E0 (8).csv,2.65,3.4,2.65,2.55,3.5,2.62,2.55,3.6,2.75,2.65,2.56,3.75,3.57,2.75,2.69,1.61,1.56,2.57,2.41,,,
2018-12-02,Chelsea,Fulham,1.18,8.0,17.0,1.16,8.0,16.0,,,,1.18,7.92,15.58,1.2,7.59,14.82,E0 (8).csv,1.2,6.5,15.0,1.17,7.5,17.0,1.18,8.0,15.0,1.21,1.18,8.5,7.65,19.0,15.63,1.4,1.35,3.4,3.18,,,
2018-12-02,Liverpool,Everton,1.4,5.0,9.0,1.36,5.0,8.5,,,,1.41,5.05,8.47,1.47,4.49,8.31,E0 (8).csv,1.4,4.9,7.5,1.36,5.0,8.5,1.4,5.0,9.0,1.42,1.39,5.25,4.94,9.0,8.28,1.7,1.62,2.45,2.29,,,
2018-12-04,West Ham,Cardiff,1.66,4.0,5.75,1.6,4.0,5.75,,,,1.66,4.09,5.76,1.7,3.94,5.59,E0 (8).csv,1.65,3.95,5.2,1.62,3.9,5.8,1.67,4.0,5.75,1.71,1.65,4.1,3.95,6.0,5.55,1.85,1.79,2.11,2.04,,,
2018-12-04,Watford,Man City,11.0,6.0,1.3,10.5,5.75,1.28,,,,9.74,5.98,1.31,9.33,5.38,1.37,E0 (8).csv,9.6,5.5,1.3,10.0,5.5,1.29,12.0,6.0,1.3,12.0,10.09,6.25,5.8,1.33,1.3,1.55,1.5,2.72,2.58,,,
2018-12-04,Bournemouth,Huddersfield,1.66,3.8,6.0,1.65,3.8,5.5,,,,1.7,3.82,5.82,1.74,3.72,5.65,E0 (8).csv,1.8,3.6,4.5,1.67,3.7,5.5,1.7,3.8,5.75,1.8,1.69,3.95,3.77,6.02,5.45,2.01,1.92,1.96,1.89,,,
2018-12-04,Brighton,Crystal Palace,3.0,3.1,2.7,2.85,3.0,2.75,,,,2.98,3.14,2.74,3.14,2.95,2.77,E0 (8).csv,2.7,3.2,2.7,2.9,3.1,2.62,3.0,3.1,2.75,3.01,2.9,3.2,3.06,2.85,2.72,2.55,2.45,1.6,1.55,,,
2018-12-05,Burnley,Liverpool,14.0,5.75,1.28,11.5,5.75,1.26,,,,11.09,5.9,1.29,11.43,5.21,1.33,E0 (8).csv,11.0,5.8,1.27,12.0,5.5,1.27,13.0,5.75,1.3,14.0,11.64,6.25,5.7,1.3,1.28,1.68,1.62,2.4,2.28,,,
2018-12-05,Everton,Newcastle,1.6,4.0,6.5,1.57,3.8,6.5,,,,1.6,3.94,6.98,1.49,4.37,8.17,E0 (8).csv,1.65,3.8,5.4,1.57,3.8,6.5,1.6,4.0,7.0,1.65,1.58,4.1,3.9,7.0,6.4,2.01,1.95,1.91,1.86,,,
2018-12-05,Fulham,Leicester,3.0,3.5,2.45,3.0,3.4,2.35,,,,3.06,3.51,2.45,2.75,3.36,2.8,E0 (8).csv,2.95,3.45,2.35,2.9,3.4,2.4,3.0,3.5,2.5,3.06,2.97,3.6,3.43,2.52,2.41,1.85,1.79,2.1,2.03,,,
2018-12-05,Man United,Arsenal,2.45,3.5,3.0,2.3,3.6,2.95,,,,2.45,3.59,3.01,2.44,3.52,3.07,E0 (8).csv,2.4,3.3,2.95,2.38,3.5,2.9,2.45,3.5,2.9,2.52,2.4,3.6,3.48,3.05,2.93,1.65,1.62,2.42,2.3,,,
2018-12-05,Tottenham,Southampton,1.36,5.25,9.5,1.36,5.0,8.5,,,,1.38,5.11,9.52,1.34,5.45,10.73,E0 (8).csv,1.4,4.8,7.5,1.36,4.8,9.0,1.36,5.2,9.5,1.4,1.37,5.25,4.96,10.0,8.82,1.7,1.66,2.31,2.23,,,
2018-12-05,Wolves,Chelsea,5.0,3.75,1.8,4.75,3.7,1.75,,,,4.85,3.82,1.81,6.01,3.94,1.66,E0 (8).csv,4.5,3.6,1.8,4.8,3.7,1.75,5.0,3.8,1.8,5.06,4.7,3.9,3.71,1.83,1.78,1.96,1.91,1.97,1.9,,,
2018-12-08,Leicester,Tottenham,3.8,3.75,2.0,3.9,3.5,1.95,,,,3.94,3.55,2.07,4.34,3.49,1.99,E0 (8).csv,3.6,3.5,2.05,3.75,3.5,2.0,3.9,3.7,2.0,4.0,3.79,3.75,3.55,2.08,2.0,1.9,1.81,2.12,2.02,,,
2018-12-08,West Ham,Crystal Palace,2.3,3.4,3.4,2.2,3.4,3.3,,,,2.29,3.43,3.45,2.32,3.54,3.27,E0 (8).csv,2.25,3.3,3.3,2.25,3.3,3.3,2.25,3.4,3.4,2.33,2.26,3.45,3.34,3.5,3.32,2.03,1.96,1.92,1.85,,,
2018-12-08,Man United,Fulham,1.33,5.75,10.0,1.33,5.5,8.75,,,,1.36,5.29,9.84,1.39,5.09,9.42,E0 (8).csv,1.33,5.5,8.5,1.35,5.0,9.0,1.36,5.4,9.5,1.38,1.35,5.75,5.24,10.5,9.11,1.61,1.57,2.55,2.42,,,
2018-12-08,Chelsea,Man City,4.0,3.8,1.95,3.9,3.7,1.91,,,,4.0,3.75,1.99,3.56,3.47,2.22,E0 (8).csv,4.0,3.6,1.9,3.8,3.7,1.95,3.9,3.8,2.0,4.2,3.85,3.8,3.67,2.0,1.95,1.75,1.69,2.26,2.17,,,
2018-12-08,Bournemouth,Liverpool,5.75,4.5,1.6,5.5,4.33,1.57,,,,5.94,4.52,1.58,7.43,4.72,1.48,E0 (8).csv,5.5,3.8,1.65,5.8,4.33,1.55,6.0,4.5,1.57,6.0,5.53,4.57,4.33,1.68,1.59,1.67,1.61,2.4,2.32,,,
2018-12-08,Burnley,Brighton,2.9,3.2,2.75,2.85,3.1,2.65,,,,2.87,3.15,2.84,2.98,3.11,2.77,E0 (8).csv,2.8,3.05,2.75,2.75,3.1,2.75,2.88,3.2,2.8,2.95,2.84,3.2,3.08,2.85,2.73,2.5,2.41,1.62,1.57,,,
2018-12-08,Arsenal,Huddersfield,1.28,6.0,12.0,1.28,5.75,10.5,,,,1.27,6.13,11.66,1.3,5.74,12.4,E0 (8).csv,1.27,6.0,10.0,1.25,6.0,12.0,1.29,6.0,13.0,1.3,1.28,6.25,5.88,13.0,11.2,1.6,1.55,2.64,2.44,,,
2018-12-08,Cardiff,Southampton,2.9,3.25,2.7,2.8,3.2,2.6,,,,2.92,3.33,2.66,3.3,3.28,2.44,E0 (8).csv,2.9,3.15,2.55,2.8,3.25,2.6,2.9,3.25,2.7,2.95,2.86,3.33,3.21,2.72,2.62,2.23,2.15,1.77,1.71,,,
2018-12-09,Newcastle,Wolves,2.9,3.2,2.7,2.85,3.1,2.65,,,,3.01,3.16,2.7,2.97,3.05,2.83,E0 (8).csv,2.7,3.2,2.7,2.9,3.1,2.62,3.0,3.13,2.63,3.01,2.91,3.2,3.08,2.82,2.65,2.5,2.37,1.64,1.58,,,
2018-12-10,Everton,Watford,1.8,3.75,5.0,1.75,3.7,4.75,,,,1.77,3.93,4.99,1.69,3.92,5.7,E0 (8).csv,1.75,3.7,4.8,1.73,3.8,4.8,1.75,3.8,5.0,1.82,1.75,3.95,3.74,5.11,4.77,1.95,1.89,2.0,1.92,,,
2018-12-15,Wolves,Bournemouth,1.95,3.6,4.33,1.95,3.5,4.0,,,,2.02,3.48,4.2,2.02,3.45,4.24,E0 (8).csv,2.0,3.4,3.8,1.95,3.5,4.0,1.95,3.6,4.1,2.03,1.96,3.65,3.51,4.35,4.09,1.97,1.89,2.0,1.91,,,
2018-12-15,Watford,Cardiff,1.64,3.9,6.0,1.65,3.9,5.25,,,,1.63,3.99,6.37,1.68,3.9,5.86,E0 (8).csv,1.7,3.8,5.0,1.6,3.9,6.0,1.65,3.9,6.25,1.7,1.64,4.1,3.87,6.37,5.81,2.01,1.94,1.94,1.87,,,
2018-12-15,Tottenham,Burnley,1.18,8.0,19.0,1.18,7.25,16.0,,,,1.18,7.74,18.36,1.2,6.92,18.03,E0 (8).csv,1.2,7.0,13.0,1.15,8.0,15.0,1.18,8.0,21.0,1.2,1.18,8.15,7.45,21.0,16.85,1.48,1.43,2.9,2.77,,,
2018-12-15,Man City,Everton,1.22,7.5,13.0,1.22,7.0,12.0,,,,1.22,7.01,13.26,1.23,6.83,13.15,E0 (8).csv,1.22,6.5,12.5,1.2,7.0,13.0,1.22,7.0,15.0,1.26,1.22,7.5,6.83,15.0,12.85,1.42,1.38,3.2,2.98,,,
2018-12-15,Fulham,West Ham,2.9,3.6,2.5,2.85,3.5,2.4,,,,3.03,3.59,2.44,3.12,3.56,2.4,E0 (8).csv,2.85,3.55,2.4,2.9,3.5,2.38,3.0,3.6,2.45,3.03,2.9,3.65,3.51,2.51,2.42,1.67,1.63,2.39,2.27,,,
2018-12-15,Crystal Palace,Leicester,2.62,3.2,3.0,2.55,3.2,2.9,,,,2.72,3.15,2.99,2.73,3.2,2.94,E0 (8).csv,2.6,3.1,2.95,2.62,3.1,2.88,2.7,3.13,3.0,2.72,2.64,3.2,3.12,3.05,2.92,2.45,2.34,1.65,1.6,,,
2018-12-15,Huddersfield,Newcastle,2.6,3.1,3.1,2.55,3.0,3.1,,,,2.73,3.05,3.08,2.64,3.07,3.19,E0 (8).csv,2.5,3.2,2.95,2.62,3.0,3.0,2.7,3.0,3.1,2.73,2.63,3.2,3.01,3.2,3.05,2.73,2.57,1.55,1.5,,,
2018-12-16,Brighton,Chelsea,7.5,4.5,1.5,8.0,4.5,1.42,,,,7.64,4.37,1.51,8.63,4.58,1.45,E0 (8).csv,7.2,4.4,1.45,7.0,4.33,1.47,7.5,4.5,1.5,8.5,7.4,4.6,4.31,1.52,1.48,1.91,1.84,2.05,1.98,,,
2018-12-16,Liverpool,Man United,1.57,4.5,6.0,1.53,4.33,6.0,,,,1.53,4.51,6.76,1.55,4.26,7.09,E0 (8).csv,1.65,4.0,5.1,1.52,4.33,6.0,1.5,4.5,7.0,1.65,1.54,4.51,4.31,7.0,6.29,1.75,1.68,2.25,2.18,,,
2018-12-16,Southampton,Arsenal,4.1,3.9,1.9,4.0,3.7,1.9,,,,3.87,3.9,1.98,4.52,4.0,1.82,E0 (8).csv,3.75,3.8,1.9,3.9,3.75,1.91,4.0,3.9,1.95,4.1,3.84,3.95,3.8,1.98,1.93,1.64,1.6,2.42,2.33,,,
2018-12-21,Wolves,Liverpool,7.0,4.0,1.57,6.5,3.9,1.57,,,,6.85,4.04,1.59,7.49,4.16,1.54,E0 (8).csv,6.0,4.0,1.57,6.5,3.9,1.55,6.5,4.1,1.6,7.2,6.61,4.15,3.97,1.62,1.58,2.05,1.96,1.92,1.86,,,
2018-12-22,Man City,Crystal Palace,1.14,10.0,21.0,1.15,8.0,17.5,,,,1.14,9.39,21.47,1.17,7.9,19.72,E0 (8).csv,1.15,8.0,18.0,1.12,8.5,23.0,1.15,9.5,21.0,1.17,1.14,10.0,8.79,25.0,19.89,1.4,1.35,3.4,3.18,,,
2018-12-22,Huddersfield,Southampton,3.1,3.1,2.6,3.1,3.1,2.5,,,,3.08,3.11,2.68,2.9,3.1,2.85,E0 (8).csv,3.05,3.15,2.45,3.0,3.0,2.6,3.1,3.1,2.63,3.15,3.05,3.15,3.07,2.73,2.58,2.52,2.4,1.62,1.57,,,
2018-12-22,Newcastle,Fulham,2.0,3.6,4.0,1.95,3.5,3.9,,,,2.03,3.58,4.06,2.39,3.26,3.41,E0 (8).csv,1.95,3.5,3.9,1.95,3.5,4.0,2.0,3.6,4.1,2.06,1.99,3.63,3.52,4.13,3.94,2.0,1.93,1.95,1.89,,,
2018-12-22,Bournemouth,Brighton,1.9,3.7,4.33,1.85,3.6,4.33,,,,1.95,3.55,4.4,2.03,3.5,4.14,E0 (8).csv,1.85,3.6,4.3,1.91,3.5,4.2,1.95,3.6,4.33,1.97,1.91,3.7,3.54,4.5,4.27,2.05,1.95,1.92,1.87,,,
2018-12-22,Arsenal,Burnley,1.25,6.5,15.0,1.22,6.25,13.5,,,,1.23,6.4,14.96,1.2,7.15,15.42,E0 (8).csv,1.25,6.1,11.0,1.22,6.0,15.0,1.25,6.5,15.0,1.26,1.24,6.75,6.29,15.25,13.63,1.5,1.46,2.8,2.67,,,
2018-12-22,Cardiff,Man United,6.5,4.2,1.57,5.75,4.0,1.6,,,,6.27,4.1,1.62,6.9,4.32,1.55,E0 (8).csv,5.8,4.05,1.57,6.0,4.0,1.57,6.25,4.2,1.6,6.63,6.06,4.2,4.05,1.65,1.59,1.85,1.8,2.1,2.03,,,
2018-12-22,West Ham,Watford,2.37,3.5,3.1,2.25,3.5,3.1,,,,2.37,3.57,3.16,2.5,3.53,2.98,E0 (8).csv,2.3,3.5,3.0,2.3,3.4,3.1,2.38,3.5,3.13,2.4,2.33,3.6,3.48,3.2,3.07,1.8,1.74,2.2,2.09,,,
2018-12-22,Chelsea,Leicester,1.33,5.5,11.0,1.33,5.0,10.0,,,,1.33,5.42,11.37,1.34,5.48,10.52,E0 (8).csv,1.35,5.3,8.0,1.3,5.25,11.0,1.33,5.5,11.0,1.36,1.33,5.5,5.23,11.39,10.39,1.75,1.67,2.32,2.21,,,
2018-12-23,Everton,Tottenham,3.25,3.5,2.3,3.2,3.4,2.25,,,,3.27,3.47,2.35,3.48,3.76,2.15,E0 (8).csv,3.15,3.45,2.25,3.1,3.4,2.3,3.25,3.5,2.3,3.35,3.19,3.55,3.42,2.4,2.29,1.82,1.77,2.16,2.05,,,
2018-12-26,Fulham,Wolves,3.25,3.4,2.37,3.25,3.3,2.3,,,,3.25,3.3,2.45,2.96,3.15,2.76,E0 (8).csv,3.1,3.25,2.35,3.2,3.2,2.35,3.3,3.3,2.4,3.3,3.19,3.4,3.28,2.47,2.36,2.12,2.05,1.84,1.78,,,
2018-12-26,Liverpool,Newcastle,1.16,8.5,19.0,1.16,8.0,16.0,,,,1.16,8.26,19.61,1.16,8.43,19.78,E0 (8).csv,1.17,7.6,16.5,1.15,8.0,17.0,1.17,8.5,21.0,1.18,1.16,9.5,8.05,21.0,17.73,1.47,1.42,3.05,2.83,,,
2018-12-26,Man United,Huddersfield,1.25,6.5,15.0,1.22,6.25,14.0,,,,1.23,6.79,13.8,1.27,6.13,13.45,E0 (8).csv,1.22,6.2,13.5,1.22,6.5,13.0,1.22,6.5,15.0,1.25,1.23,7.0,6.34,16.0,13.66,1.7,1.65,2.35,2.25,,,
2018-12-26,Tottenham,Bournemouth,1.36,5.5,9.0,1.34,5.25,9.0,,,,1.37,5.18,10.01,1.37,5.38,9.25,E0 (8).csv,1.35,5.2,8.4,1.33,5.25,9.0,1.36,5.5,10.0,1.38,1.35,5.5,5.23,10.01,9.12,1.52,1.48,2.95,2.62,,,
2018-12-26,Watford,Chelsea,5.25,3.8,1.75,5.0,3.8,1.7,,,,5.08,3.92,1.76,5.74,4.01,1.67,E0 (8).csv,4.7,3.85,1.73,4.8,3.75,1.73,5.0,3.8,1.75,5.27,4.89,3.95,3.8,1.79,1.74,1.8,1.74,2.21,2.1,,,
2018-12-26,Leicester,Man City,9.5,5.25,1.36,8.5,5.0,1.36,,,,9.66,5.31,1.36,9.58,5.9,1.33,E0 (8).csv,8.0,5.0,1.37,9.5,5.0,1.35,10.0,5.25,1.36,10.0,9.0,5.45,5.13,1.39,1.36,1.65,1.6,2.47,2.33,,,
2018-12-26,Crystal Palace,Cardiff,1.66,4.0,5.75,1.65,4.0,5.25,,,,1.65,3.96,6.08,1.66,3.79,6.44,E0 (8).csv,1.7,3.8,5.0,1.63,3.8,5.8,1.67,3.9,6.0,1.7,1.65,4.1,3.92,6.08,5.59,1.96,1.9,2.0,1.91,,,
2018-12-26,Burnley,Everton,4.33,3.5,1.95,4.33,3.4,1.91,,,,4.51,3.5,1.95,4.38,3.65,1.93,E0 (8).csv,4.4,3.5,1.85,4.33,3.4,1.91,4.5,3.5,1.95,4.51,4.33,3.6,3.44,1.98,1.93,2.1,2.03,1.86,1.8,,,
2018-12-26,Brighton,Arsenal,5.25,3.9,1.72,5.25,3.9,1.67,,,,5.26,3.84,1.75,5.48,3.89,1.72,E0 (8).csv,4.85,3.85,1.7,5.0,3.8,1.7,5.25,3.9,1.75,5.33,5.04,4.05,3.84,1.77,1.71,1.8,1.75,2.2,2.08,,,
2018-12-27,Southampton,West Ham,2.3,3.5,3.3,2.2,3.5,3.2,,,,2.28,3.56,3.32,2.32,3.37,3.43,E0 (8).csv,2.2,3.45,3.2,2.25,3.4,3.2,2.25,3.5,3.3,2.31,2.25,3.6,3.46,3.36,3.24,1.85,1.79,2.11,2.04,,,
2018-12-29,Liverpool,Arsenal,1.5,4.5,5.75,1.5,4.6,6.0,,,,1.5,4.93,6.59,1.39,5.54,7.97,E0 (8).csv,1.53,4.5,5.7,1.47,4.75,6.5,1.5,4.8,7.0,1.53,1.49,5.15,4.74,7.0,6.25,1.56,1.51,2.74,2.55,,,
2018-12-29,Brighton,Everton,3.25,3.4,2.14,3.5,3.3,2.15,,,,3.54,3.41,2.26,3.27,3.34,2.41,E0 (8).csv,3.4,3.3,2.2,3.4,3.3,2.2,3.6,3.4,2.2,3.6,3.44,3.46,3.36,2.3,2.21,2.1,2.01,1.9,1.81,,,
2018-12-29,Tottenham,Wolves,1.33,5.0,8.5,1.33,5.25,9.0,,,,1.37,5.12,9.98,1.47,4.47,8.39,E0 (8).csv,1.37,5.0,8.0,1.35,5.0,9.5,1.36,5.2,10.0,1.39,1.36,5.5,5.01,10.5,9.16,1.75,1.68,2.31,2.2,,,
2018-12-29,Watford,Newcastle,1.85,3.6,4.0,1.8,3.6,4.6,,,,1.81,3.78,4.9,1.79,3.67,5.26,E0 (8).csv,1.85,3.5,4.4,1.78,3.6,4.75,1.8,3.75,5.0,1.88,1.81,3.8,3.67,5.0,4.59,2.05,1.99,1.9,1.83,,,
2018-12-29,Leicester,Cardiff,1.55,4.0,6.0,1.57,4.0,6.0,,,,1.58,4.31,6.4,1.6,3.81,7.44,E0 (8).csv,1.57,4.1,6.0,1.55,4.2,6.0,1.6,4.2,6.5,1.6,1.57,4.55,4.13,6.73,6.18,1.95,1.9,1.98,1.91,,,
2018-12-29,Fulham,Huddersfield,2.0,3.4,3.75,2.05,3.3,3.8,,,,2.09,3.32,4.16,2.07,3.26,4.33,E0 (8).csv,2.0,3.25,4.0,2.05,3.2,4.0,2.1,3.3,4.1,2.12,2.06,3.4,3.27,4.2,3.97,2.4,2.29,1.68,1.62,,,
2018-12-30,Southampton,Man City,10.0,5.25,1.3,9.5,5.0,1.34,,,,9.96,5.8,1.33,12.58,7.05,1.23,E0 (8).csv,8.0,5.3,1.35,10.0,5.5,1.3,10.0,5.5,1.33,10.5,9.54,6.0,5.47,1.35,1.33,1.6,1.54,2.6,2.47,,,
2018-12-30,Burnley,West Ham,3.3,3.2,2.25,3.25,3.4,2.25,,,,3.39,3.53,2.27,3.86,3.57,2.08,E0 (8).csv,3.25,3.4,2.2,3.25,3.4,2.25,3.3,3.5,2.25,3.46,3.25,3.55,3.4,2.4,2.27,1.95,1.91,1.98,1.9,,,
2018-12-30,Crystal Palace,Chelsea,4.75,4.0,1.66,5.0,3.8,1.7,,,,5.17,3.87,1.76,5.19,3.79,1.77,E0 (8).csv,4.8,3.7,1.75,5.0,3.8,1.7,5.25,3.9,1.73,5.25,4.96,4.0,3.8,1.77,1.73,1.92,1.86,2.04,1.96,,,
2018-12-30,Man United,Bournemouth,1.33,4.75,10.0,1.33,5.25,9.25,,,,1.37,5.45,8.96,1.39,5.35,8.55,E0 (8).csv,1.33,5.3,8.8,1.35,5.25,8.5,1.36,5.4,9.0,1.39,1.36,5.75,5.26,10.0,8.67,1.57,1.54,2.64,2.49,,,
2019-01-01,Cardiff,Tottenham,7.5,4.5,1.5,7.25,4.6,1.44,,,,7.19,4.45,1.5,8.88,4.84,1.4,E0 (8).csv,6.7,4.7,1.45,7.0,4.4,1.47,7.0,4.5,1.5,7.5,6.95,4.7,4.43,1.52,1.49,1.71,1.67,2.4,2.21,,,
2019-01-01,Everton,Leicester,2.0,3.5,4.2,2.05,3.4,3.75,,,,2.01,3.57,4.14,2.0,3.58,4.15,E0 (8).csv,2.05,3.4,3.7,2.0,3.4,3.9,2.05,3.4,4.1,2.06,2.01,3.6,3.46,4.2,3.94,2.04,1.97,1.91,1.85,,,
2019-01-01,Arsenal,Fulham,1.33,5.75,9.5,1.33,5.5,8.75,,,,1.34,5.58,9.02,1.39,5.24,8.13,E0 (8).csv,1.35,5.3,8.0,1.32,5.25,9.5,1.36,5.5,10.0,1.38,1.34,6.0,5.44,10.0,8.84,1.48,1.44,2.9,2.72,,,
2019-01-02,Bournemouth,Watford,2.6,3.6,2.75,2.5,3.5,2.75,,,,2.63,3.54,2.81,2.6,3.47,2.89,E0 (8).csv,2.5,3.5,2.75,2.55,3.4,2.75,2.6,3.5,2.8,2.66,2.55,3.65,3.48,2.85,2.75,1.8,1.74,2.2,2.1,,,
2019-01-02,Chelsea,Southampton,1.28,6.5,11.0,1.28,5.75,10.5,,,,1.27,6.08,12.2,1.26,6.11,12.48,E0 (8).csv,1.33,5.5,8.5,1.25,6.0,12.0,1.29,6.0,13.0,1.33,1.27,6.5,5.94,13.5,11.58,1.55,1.51,2.7,2.52,,,
2019-01-02,Huddersfield,Burnley,2.14,3.1,4.2,2.15,3.1,3.8,,,,2.17,3.18,4.08,2.49,3.04,3.47,E0 (8).csv,2.1,3.1,3.85,2.1,3.1,4.0,2.15,3.13,4.1,2.22,2.15,3.2,3.12,4.2,3.92,2.57,2.45,1.6,1.55,,,
2019-01-02,Newcastle,Man United,6.0,4.2,1.61,6.0,4.0,1.57,,,,5.87,4.3,1.6,5.93,4.1,1.62,E0 (8).csv,5.6,4.25,1.57,6.0,4.2,1.55,6.25,4.4,1.55,6.25,5.78,4.4,4.22,1.62,1.58,1.69,1.64,2.4,2.27,,,
2019-01-02,West Ham,Brighton,1.95,3.75,4.0,1.95,3.5,3.9,,,,1.99,3.62,4.14,2.05,3.55,4.01,E0 (8).csv,1.9,3.5,4.1,1.91,3.6,4.0,1.95,3.6,4.1,2.02,1.96,3.75,3.56,4.2,3.96,1.97,1.9,1.97,1.91,,,
2019-01-02,Wolves,Crystal Palace,2.0,3.4,4.33,2.0,3.25,4.1,,,,2.04,3.41,4.24,2.34,3.17,3.62,E0 (8).csv,1.97,3.3,4.05,2.0,3.3,4.0,2.0,3.4,4.3,2.06,2.0,3.55,3.33,4.33,4.13,2.31,2.23,1.7,1.65,,,
2019-01-03,Man City,Liverpool,2.04,3.8,3.6,2.05,3.8,3.3,,,,2.06,3.87,3.61,2.0,3.86,3.84,E0 (8).csv,2.1,3.6,3.35,2.0,3.75,3.5,2.1,3.8,3.5,2.1,2.04,4.0,3.79,3.7,3.45,1.59,1.54,2.6,2.47,,,
2019-01-12,West Ham,Arsenal,3.5,4.0,2.05,3.5,3.75,2.0,,,,3.53,3.85,2.1,3.58,3.95,2.05,E0 (8).csv,3.4,3.5,2.1,3.4,3.8,2.0,3.4,4.0,2.1,3.6,3.43,4.0,3.8,2.11,2.06,1.55,1.51,2.71,2.55,,,
2019-01-12,Leicester,Southampton,1.95,3.5,4.33,1.91,3.5,4.1,,,,1.93,3.59,4.43,1.96,3.39,4.56,E0 (8).csv,1.9,3.5,4.2,1.85,3.5,4.33,1.95,3.5,4.5,2.02,1.94,3.6,3.48,4.5,4.24,2.13,2.05,1.85,1.78,,,
2019-01-12,Crystal Palace,Watford,2.25,3.4,3.5,2.2,3.3,3.4,,,,2.27,3.44,3.44,2.36,3.36,3.32,E0 (8).csv,2.2,3.3,3.4,2.2,3.3,3.4,2.25,3.4,3.5,2.32,2.23,3.45,3.35,3.6,3.4,2.16,2.09,1.81,1.75,,,
2019-01-12,Chelsea,Newcastle,1.22,7.0,15.0,1.22,6.25,13.5,,,,1.22,6.67,15.97,1.2,6.8,19.3,E0 (8).csv,1.25,6.1,11.0,1.2,7.0,13.0,1.22,6.5,17.0,1.26,1.23,7.0,6.35,17.0,14.63,1.75,1.68,2.35,2.21,,,
2019-01-12,Cardiff,Huddersfield,2.25,3.25,3.6,2.2,3.1,3.6,,,,2.26,3.23,3.71,2.16,3.24,4.0,E0 (8).csv,2.2,3.1,3.6,2.2,3.1,3.6,2.3,3.13,3.75,2.32,2.25,3.25,3.17,3.75,3.56,2.65,2.5,1.62,1.54,,,
2019-01-12,Burnley,Fulham,2.4,3.3,3.25,2.35,3.2,3.2,,,,2.39,3.26,3.36,2.47,3.27,3.22,E0 (8).csv,2.35,3.25,3.15,2.3,3.2,3.25,2.4,3.3,3.3,2.5,2.37,3.35,3.25,3.38,3.22,2.2,2.08,1.82,1.76,,,
2019-01-12,Brighton,Liverpool,11.0,6.0,1.3,10.0,5.5,1.3,,,,9.78,5.39,1.34,10.06,5.37,1.34,E0 (8).csv,8.0,5.3,1.35,10.0,5.5,1.3,10.5,5.5,1.33,11.0,10.09,6.0,5.39,1.35,1.32,1.78,1.72,2.25,2.13,,,
2019-01-13,Everton,Bournemouth,1.75,4.0,4.8,1.75,3.9,4.6,,,,1.76,4.0,4.91,1.71,4.01,5.32,E0 (8).csv,1.8,3.7,4.4,1.75,3.75,4.75,1.75,4.0,4.8,1.81,1.76,4.05,3.89,4.91,4.64,1.72,1.68,2.3,2.2,,,
2019-01-13,Tottenham,Man United,2.05,3.7,3.75,2.05,3.6,3.5,,,,2.07,3.7,3.75,2.11,3.53,3.8,E0 (8).csv,2.15,3.4,3.4,2.0,3.6,3.7,2.1,3.6,3.6,2.15,2.06,3.8,3.64,3.85,3.58,1.68,1.63,2.38,2.28,,,
2019-01-14,Man City,Wolves,1.18,8.0,17.0,1.18,7.5,14.0,,,,1.19,7.47,16.79,1.2,7.16,17.03,E0 (8).csv,1.2,7.0,13.0,1.17,7.5,17.0,1.18,8.0,18.0,1.22,1.19,8.5,7.34,18.0,15.63,1.51,1.47,2.9,2.67,,,
2019-01-19,Wolves,Leicester,2.37,3.2,3.4,2.3,3.2,3.3,,,,2.38,3.21,3.48,2.35,3.23,3.53,E0 (8).csv,2.3,3.1,3.4,2.3,3.1,3.4,2.38,3.2,3.5,2.4,2.33,3.21,3.16,3.5,3.4,2.5,2.38,1.64,1.59,,,
2019-01-19,Watford,Burnley,1.65,4.0,5.75,1.62,4.0,5.5,,,,1.64,4.15,5.72,1.78,3.77,5.09,E0 (8).csv,1.7,3.8,5.0,1.62,3.9,5.8,1.65,4.0,6.0,1.7,1.64,4.15,3.95,6.0,5.54,1.9,1.83,2.09,1.99,,,
2019-01-19,Southampton,Everton,2.75,3.4,2.7,2.65,3.3,2.7,,,,2.76,3.41,2.73,2.94,3.41,2.57,E0 (8).csv,2.65,3.3,2.7,2.62,3.3,2.7,2.75,3.4,2.75,2.8,2.7,3.44,3.34,2.78,2.7,1.95,1.9,2.05,1.92,,,
2019-01-19,Newcastle,Cardiff,1.95,3.4,4.5,1.95,3.25,4.33,,,,1.97,3.39,4.53,2.13,3.15,4.24,E0 (8).csv,2.0,3.3,4.0,1.95,3.25,4.4,2.0,3.3,4.5,2.0,1.96,3.45,3.3,4.6,4.4,2.4,2.3,1.67,1.62,,,
2019-01-19,Man United,Brighton,1.3,5.75,12.0,1.3,5.5,10.5,,,,1.32,5.62,10.92,1.38,5.02,9.59,E0 (8).csv,1.3,5.5,9.6,1.29,5.5,11.0,1.3,5.5,12.0,1.33,1.3,6.0,5.49,12.0,10.75,1.73,1.68,2.29,2.2,,,
2019-01-19,Liverpool,Crystal Palace,1.2,7.5,17.0,1.18,7.25,15.0,,,,1.19,7.45,16.08,1.24,6.86,12.02,E0 (8).csv,1.2,7.0,13.0,1.17,7.5,17.0,1.2,7.5,18.0,1.22,1.19,7.75,7.18,18.0,15.52,1.53,1.49,2.75,2.59,,,
2019-01-19,Bournemouth,West Ham,2.37,3.7,3.0,2.35,3.5,2.95,,,,2.34,3.71,3.08,2.14,3.7,3.52,E0 (8).csv,2.3,3.6,2.9,2.3,3.5,3.0,2.4,3.7,3.0,2.4,2.35,3.71,3.59,3.1,2.96,1.67,1.63,2.42,2.29,,,
2019-01-19,Arsenal,Chelsea,3.1,3.6,2.37,3.0,3.5,2.3,,,,3.09,3.65,2.37,3.36,3.49,2.3,E0 (8).csv,2.95,3.6,2.3,3.0,3.5,2.3,3.1,3.6,2.38,3.11,3.01,3.66,3.54,2.4,2.34,1.71,1.67,2.31,2.21,,,
2019-01-20,Fulham,Tottenham,5.25,3.8,1.75,5.25,3.6,1.72,,,,5.49,3.69,1.74,5.58,3.71,1.72,E0 (8).csv,5.2,3.6,1.73,5.5,3.6,1.73,5.25,3.8,1.73,5.5,5.28,3.8,3.64,1.77,1.73,1.95,1.87,2.04,1.94,,,
2019-01-20,Huddersfield,Man City,21.0,8.5,1.16,21.0,8.0,1.14,,,,21.51,8.28,1.15,24.77,9.86,1.12,E0 (8).csv,18.0,7.8,1.15,19.0,8.0,1.14,21.0,8.5,1.14,28.0,20.84,10.0,8.34,1.18,1.15,1.53,1.49,2.85,2.61,,,
2019-01-29,Wolves,West Ham,2.1,3.5,3.75,2.1,3.4,3.75,,,,2.1,3.49,3.84,1.99,3.54,4.18,E0 (8).csv,2.05,3.45,3.7,2.05,3.4,3.75,2.1,3.5,3.9,2.13,2.08,3.58,3.45,3.9,3.77,2.02,1.96,1.95,1.86,,,
2019-01-29,Newcastle,Man City,19.0,8.0,1.18,16.5,7.5,1.18,,,,14.57,7.67,1.2,15.43,8.13,1.18,E0 (8).csv,13.0,7.0,1.2,17.0,6.5,1.18,18.0,7.5,1.2,19.0,16.18,8.1,7.41,1.21,1.19,1.5,1.46,3.0,2.69,,,
2019-01-29,Man United,Burnley,1.28,6.0,12.0,1.26,6.0,12.0,,,,1.29,5.73,11.91,1.34,5.22,10.33,E0 (8).csv,1.22,6.5,12.5,1.25,5.8,12.0,1.29,6.0,13.0,1.31,1.28,6.5,5.83,13.5,11.77,1.6,1.55,2.55,2.45,,,
2019-01-29,Fulham,Brighton,2.37,3.3,3.3,2.4,3.1,3.3,,,,2.42,3.23,3.35,2.5,3.24,3.2,E0 (8).csv,2.35,3.2,3.2,2.35,3.2,3.2,2.4,3.3,3.3,2.46,2.39,3.3,3.2,3.5,3.28,2.31,2.23,1.73,1.66,,,
2019-01-29,Arsenal,Cardiff,1.22,7.0,15.0,1.25,6.5,11.5,,,,1.22,6.92,13.58,1.22,6.98,13.34,E0 (8).csv,1.25,6.1,11.0,1.2,6.0,15.0,1.22,7.0,15.0,1.25,1.23,7.35,6.77,15.5,13.42,1.44,1.41,3.25,2.9,,,
2019-01-29,Huddersfield,Everton,4.0,3.3,2.1,4.0,3.3,2.05,,,,4.06,3.31,2.11,3.72,3.21,2.27,E0 (8).csv,4.0,3.3,2.0,4.0,3.2,2.05,4.1,3.3,2.1,4.1,3.96,3.38,3.28,2.14,2.08,2.34,2.26,1.7,1.65,,,
2019-01-30,Bournemouth,Chelsea,5.25,4.2,1.66,5.5,4.1,1.6,,,,5.55,4.26,1.64,5.71,4.15,1.64,E0 (8).csv,5.2,3.9,1.65,5.5,4.0,1.62,5.75,4.2,1.65,5.75,5.42,4.35,4.1,1.67,1.63,1.75,1.68,2.3,2.2,,,
2019-01-30,Liverpool,Leicester,1.22,7.0,15.0,1.22,6.5,13.0,,,,1.24,6.55,13.11,1.24,6.8,12.34,E0 (8).csv,1.22,6.5,12.5,1.22,6.5,13.0,1.25,6.5,15.0,1.26,1.23,7.1,6.41,15.0,13.41,1.54,1.51,2.75,2.55,,,
2019-01-30,Southampton,Crystal Palace,2.4,3.4,3.2,2.3,3.3,3.2,,,,2.39,3.38,3.25,2.52,3.3,3.1,E0 (8).csv,2.3,3.3,3.15,2.35,3.3,3.1,2.38,3.4,3.25,2.45,2.35,3.4,3.32,3.29,3.18,2.05,1.98,1.91,1.85,,,
2019-01-30,Tottenham,Watford,1.66,4.0,5.75,1.65,3.9,5.25,,,,1.65,3.98,5.9,1.58,4.2,6.48,E0 (8).csv,1.63,4.0,5.3,1.62,3.9,5.8,1.67,4.0,5.75,1.68,1.64,4.11,3.95,6.05,5.54,1.75,1.72,2.23,2.13,,,
2019-02-02,Brighton,Watford,2.55,3.3,3.0,2.45,3.3,2.95,,,,2.65,3.27,2.95,2.5,3.24,3.2,E0 (8).csv,2.55,3.2,2.9,2.55,3.2,2.9,2.63,3.25,3.0,2.65,2.55,3.35,3.23,3.01,2.94,2.25,2.17,1.75,1.7,,,
2019-02-02,Burnley,Southampton,2.55,3.5,2.87,2.5,3.3,2.85,,,,2.59,3.43,2.91,2.59,3.36,2.95,E0 (8).csv,2.55,3.25,2.85,2.5,3.3,2.88,2.6,3.3,3.0,2.6,2.54,3.5,3.32,3.0,2.88,2.15,2.06,1.81,1.77,,,
2019-02-02,Cardiff,Bournemouth,3.25,3.5,2.3,3.0,3.4,2.35,,,,3.31,3.48,2.33,3.43,3.53,2.25,E0 (8).csv,3.1,3.4,2.3,3.2,3.4,2.25,3.3,3.5,2.3,3.31,3.15,3.5,3.41,2.42,2.32,2.01,1.92,1.95,1.89,,,
2019-02-02,Chelsea,Huddersfield,1.2,7.5,19.0,1.17,7.5,16.5,,,,1.22,6.93,14.33,1.23,6.54,15.2,E0 (8).csv,1.17,7.5,15.0,1.18,7.0,17.0,1.2,7.0,19.0,1.23,1.2,7.5,6.81,19.0,15.53,1.7,1.63,2.41,2.27,,,
2019-02-02,Crystal Palace,Fulham,2.05,3.5,4.0,2.0,3.5,3.8,,,,2.05,3.59,3.9,2.06,3.45,4.03,E0 (8).csv,2.0,3.45,3.75,2.0,3.5,3.8,2.05,3.5,4.0,2.12,2.02,3.6,3.47,4.0,3.84,2.05,1.98,1.92,1.84,,,
2019-02-02,Everton,Wolves,2.37,3.4,3.25,2.3,3.3,3.2,,,,2.44,3.33,3.21,2.74,3.21,2.9,E0 (8).csv,2.35,3.3,3.1,2.35,3.3,3.1,2.45,3.4,3.13,2.45,2.36,3.4,3.31,3.3,3.16,2.16,2.06,1.85,1.77,,,
2019-02-02,Tottenham,Newcastle,1.44,4.5,9.0,1.42,4.5,8.25,,,,1.43,4.47,9.35,1.44,4.39,9.48,E0 (8).csv,1.4,4.8,7.6,1.42,4.2,9.0,1.45,4.5,9.0,1.47,1.43,4.8,4.41,9.5,8.72,1.92,1.84,2.06,1.98,,,
2019-02-03,Leicester,Man United,3.6,3.5,2.15,3.7,3.4,2.05,,,,3.84,3.37,2.17,3.9,3.61,2.06,E0 (8).csv,3.4,3.5,2.1,3.6,3.4,2.1,3.7,3.5,2.15,3.84,3.63,3.53,3.41,2.17,2.11,1.86,1.81,2.14,2.02,,,
2019-02-03,Man City,Arsenal,1.33,6.0,9.0,1.3,6.0,8.75,,,,1.32,6.24,9.06,1.26,7.19,10.35,E0 (8).csv,1.35,5.3,8.0,1.29,6.0,9.5,1.3,6.25,9.0,1.35,1.3,6.45,6.0,10.5,9.23,1.4,1.35,3.45,3.19,,,
2019-02-04,West Ham,Liverpool,8.0,5.25,1.4,7.75,5.25,1.36,,,,7.52,5.27,1.41,8.97,5.93,1.33,E0 (8).csv,7.5,4.8,1.4,8.0,5.0,1.38,8.5,5.25,1.36,9.25,7.95,5.45,5.14,1.43,1.38,1.64,1.59,2.5,2.36,,,
2019-02-06,Everton,Man City,10.0,6.25,1.3,10.0,6.0,1.28,,,,9.59,5.84,1.33,9.95,6.15,1.3,E0 (8).csv,8.0,5.3,1.35,10.0,5.5,1.3,11.0,6.0,1.3,11.0,9.41,6.25,5.78,1.35,1.31,1.52,1.49,2.8,2.61,,,
2019-02-09,Brighton,Burnley,2.05,3.3,4.2,2.0,3.3,4.1,,,,2.06,3.41,4.14,2.05,3.34,4.29,E0 (8).csv,2.0,3.2,4.05,2.05,3.3,4.0,2.05,3.3,4.33,2.1,2.04,3.41,3.28,4.33,4.05,2.4,2.29,1.7,1.63,,,
2019-02-09,Crystal Palace,West Ham,2.1,3.5,3.75,2.05,3.4,3.75,,,,2.13,3.46,3.77,1.98,3.6,4.17,E0 (8).csv,2.1,3.4,3.55,2.15,3.4,3.6,2.1,3.5,3.8,2.18,2.11,3.5,3.4,3.8,3.65,2.1,2.01,1.9,1.82,,,
2019-02-09,Fulham,Man United,5.5,4.4,1.61,5.5,4.0,1.62,,,,5.57,4.36,1.63,5.1,3.98,1.74,E0 (8).csv,5.0,4.0,1.65,5.5,4.2,1.62,5.0,4.4,1.65,5.69,5.31,4.43,4.25,1.65,1.62,1.65,1.6,2.5,2.34,,,
2019-02-09,Huddersfield,Arsenal,5.75,4.4,1.6,5.5,4.1,1.6,,,,5.69,4.24,1.63,5.65,3.99,1.67,E0 (8).csv,5.3,4.05,1.63,5.8,4.2,1.6,6.0,4.2,1.62,6.0,5.6,4.4,4.14,1.66,1.61,1.87,1.79,2.1,2.04,,,
2019-02-09,Liverpool,Bournemouth,1.22,7.5,14.0,1.19,7.25,13.5,,,,1.2,7.34,15.64,1.17,8.75,16.0,E0 (8).csv,1.2,6.5,15.0,1.2,7.0,15.0,1.2,7.5,15.0,1.22,1.2,7.7,7.17,17.0,14.53,1.45,1.41,3.15,2.87,,,
2019-02-09,Southampton,Cardiff,1.75,3.9,5.0,1.75,3.7,4.75,,,,1.78,3.77,5.06,1.86,3.46,5.08,E0 (8).csv,1.75,3.7,4.85,1.75,3.7,5.0,1.8,3.6,5.2,1.81,1.76,3.9,3.7,5.2,4.89,2.15,2.06,1.83,1.77,,,
2019-02-09,Watford,Everton,2.35,3.5,3.2,2.25,3.4,3.2,,,,2.41,3.35,3.24,2.56,3.33,3.03,E0 (8).csv,2.3,3.4,3.1,2.35,3.4,3.1,2.38,3.5,3.2,2.45,2.34,3.5,3.37,3.25,3.15,2.01,1.92,1.96,1.89,,,
2019-02-10,Man City,Chelsea,1.5,4.75,7.0,1.48,4.5,6.5,,,,1.51,4.63,6.91,1.58,4.25,6.44,E0 (8).csv,1.55,4.0,6.2,1.5,4.4,6.5,1.53,4.6,6.5,1.55,1.5,4.75,4.45,7.04,6.57,1.67,1.62,2.45,2.29,,,
2019-02-10,Tottenham,Leicester,1.7,3.9,5.5,1.65,3.9,5.25,,,,1.72,3.76,5.7,1.78,3.68,5.37,E0 (8).csv,1.67,3.9,5.1,1.7,3.75,5.5,1.7,3.9,5.5,1.73,1.69,4.03,3.81,5.75,5.32,1.9,1.81,2.1,2.02,,,
2019-02-11,Wolves,Newcastle,1.7,3.75,5.75,1.7,3.6,5.5,,,,1.69,3.82,5.96,1.81,3.52,5.45,E0 (8).csv,1.67,3.65,5.5,1.7,3.7,5.5,1.7,3.7,6.0,1.73,1.69,3.82,3.67,6.0,5.56,2.3,2.22,1.75,1.66,,,
2019-02-22,Cardiff,Watford,3.1,3.4,2.45,3.1,3.3,2.4,,,,3.08,3.36,2.5,3.15,3.34,2.47,E0 (8).csv,2.85,3.3,2.5,3.0,3.3,2.4,3.1,3.4,2.45,3.28,3.06,3.4,3.31,2.5,2.44,2.15,2.04,1.83,1.78,,,
2019-02-22,West Ham,Fulham,1.95,3.8,4.0,1.91,3.75,4.0,,,,1.96,3.72,4.09,2.06,3.47,4.0,E0 (8).csv,1.9,3.7,3.85,1.91,3.6,4.0,1.93,3.8,4.2,1.98,1.93,3.8,3.71,4.3,4.03,1.75,1.7,2.28,2.18,,,
2019-02-23,Newcastle,Huddersfield,1.83,3.5,5.25,1.83,3.4,4.75,,,,1.85,3.43,5.22,1.91,3.39,4.86,E0 (8).csv,1.8,3.4,4.9,1.78,3.3,5.25,1.83,3.4,5.5,1.87,1.83,3.5,3.39,5.5,4.99,2.63,2.47,1.6,1.55,,,
2019-02-23,Leicester,Crystal Palace,2.25,3.4,3.5,2.15,3.3,3.5,,,,2.24,3.35,3.66,2.3,3.41,3.45,E0 (8).csv,2.2,3.25,3.5,2.15,3.3,3.5,2.25,3.3,3.7,2.25,2.21,3.4,3.3,3.7,3.5,2.28,2.19,1.73,1.68,,,
2019-02-23,Bournemouth,Wolves,2.87,3.4,2.62,2.8,3.25,2.6,,,,2.88,3.31,2.69,3.2,3.29,2.46,E0 (8).csv,2.8,3.25,2.6,2.8,3.25,2.6,2.9,3.4,2.63,2.9,2.83,3.4,3.28,2.72,2.61,2.15,2.06,1.83,1.78,,,
2019-02-23,Burnley,Tottenham,5.75,3.8,1.7,5.25,3.7,1.7,,,,5.52,3.81,1.73,6.18,3.99,1.64,E0 (8).csv,5.0,3.8,1.7,5.25,3.8,1.67,5.5,3.9,1.7,5.75,5.29,3.99,3.79,1.74,1.7,1.8,1.74,2.21,2.11,,,
2019-02-24,Arsenal,Southampton,1.5,4.75,7.0,1.45,4.5,7.0,,,,1.53,4.47,6.58,1.58,4.14,6.61,E0 (8).csv,1.45,4.5,7.0,1.5,4.33,6.5,1.53,4.6,6.5,1.54,1.51,4.75,4.46,7.0,6.46,1.65,1.6,2.45,2.32,,,
2019-02-24,Man United,Liverpool,3.1,3.5,2.37,3.0,3.4,2.35,,,,3.16,3.63,2.35,3.59,3.45,2.22,E0 (8).csv,2.95,3.4,2.4,3.0,3.5,2.3,3.2,3.5,2.38,3.2,3.06,3.63,3.48,2.4,2.34,1.85,1.79,2.12,2.03,,,
2019-02-26,Cardiff,Everton,3.75,3.4,2.15,3.7,3.3,2.15,,,,3.85,3.38,2.14,3.95,3.37,2.12,E0 (8).csv,3.4,3.3,2.2,3.75,3.25,2.1,3.9,3.4,2.1,3.9,3.72,3.45,3.33,2.2,2.13,2.17,2.09,1.8,1.75,,,
2019-02-26,Huddersfield,Wolves,5.0,3.5,1.85,5.0,3.4,1.83,,,,5.17,3.41,1.86,5.56,3.62,1.76,E0 (8).csv,4.9,3.4,1.8,5.0,3.3,1.83,5.25,3.4,1.87,5.25,5.01,3.55,3.39,1.89,1.84,2.55,2.44,1.61,1.56,,,
2019-02-26,Leicester,Brighton,1.9,3.5,4.6,1.91,3.4,4.5,,,,1.95,3.45,4.53,1.82,3.52,5.25,E0 (8).csv,2.0,3.4,3.8,1.88,3.4,4.4,1.93,3.5,4.6,2.0,1.93,3.5,3.4,4.75,4.42,2.3,2.21,1.72,1.68,,,
2019-02-26,Newcastle,Burnley,2.15,3.3,3.9,2.1,3.3,3.8,,,,2.15,3.33,3.89,2.21,3.23,3.83,E0 (8).csv,2.2,3.1,3.6,2.1,3.2,3.8,2.15,3.25,4.0,2.2,2.13,3.35,3.27,4.0,3.82,2.45,2.34,1.65,1.61,,,
2019-02-27,Arsenal,Bournemouth,1.44,5.0,7.5,1.44,4.75,7.0,,,,1.46,4.85,7.4,1.4,5.22,8.05,E0 (8).csv,1.4,4.8,7.5,1.42,4.75,7.5,1.45,5.0,7.5,1.46,1.44,5.0,4.79,8.25,7.17,1.56,1.52,2.66,2.54,,,
2019-02-27,Chelsea,Tottenham,2.3,3.5,3.25,2.3,3.4,3.1,,,,2.3,3.48,3.38,2.38,3.29,3.4,E0 (8).csv,2.4,3.4,2.9,2.25,3.4,3.2,2.3,3.5,3.3,2.4,2.28,3.52,3.4,3.38,3.23,1.9,1.84,2.07,1.98,,,
2019-02-27,Crystal Palace,Man United,3.25,3.5,2.3,3.1,3.4,2.3,,,,3.25,3.43,2.36,3.31,3.32,2.39,E0 (8).csv,3.1,3.4,2.3,3.1,3.4,2.3,3.2,3.5,2.38,3.3,3.18,3.5,3.38,2.4,2.32,1.95,1.88,2.01,1.94,,,
2019-02-27,Liverpool,Watford,1.28,6.0,12.0,1.25,6.0,12.5,,,,1.29,5.66,11.94,1.27,6.0,12.79,E0 (8).csv,1.25,6.1,11.0,1.27,5.5,12.0,1.3,5.75,11.5,1.32,1.29,6.25,5.74,13.0,11.26,1.59,1.54,2.65,2.48,,,
2019-02-27,Man City,West Ham,1.16,9.0,19.0,1.16,7.5,17.0,,,,1.16,8.38,17.97,1.11,11.44,21.23,E0 (8).csv,1.17,7.5,15.0,1.14,8.0,19.0,1.15,9.0,21.0,1.18,1.16,9.25,8.12,21.0,17.75,1.4,1.34,3.55,3.36,,,
2019-02-27,Southampton,Fulham,1.9,3.7,4.33,1.91,3.4,4.25,,,,1.93,3.66,4.33,2.03,3.43,4.2,E0 (8).csv,1.9,3.55,4.1,1.91,3.5,4.2,1.93,3.6,4.4,1.97,1.91,3.7,3.57,4.4,4.21,1.95,1.9,2.0,1.92,,,
2019-03-02,Tottenham,Arsenal,2.05,3.7,3.75,2.05,3.4,3.75,,,,2.05,3.75,3.78,2.02,3.59,4.07,E0 (8).csv,2.0,3.65,3.55,2.0,3.6,3.7,2.05,3.7,3.7,2.12,2.04,3.8,3.61,3.8,3.65,1.66,1.62,2.45,2.31,,,
2019-03-02,West Ham,Newcastle,2.15,3.5,3.6,2.1,3.4,3.6,,,,2.1,3.56,3.81,2.18,3.42,3.74,E0 (8).csv,2.05,3.45,3.6,2.1,3.4,3.6,2.1,3.5,3.8,2.15,2.09,3.56,3.44,3.81,3.66,2.05,1.96,1.91,1.86,,,
2019-03-02,Man United,Southampton,1.45,4.5,8.5,1.44,4.5,7.5,,,,1.45,4.61,8.37,1.47,4.55,7.8,E0 (8).csv,1.45,4.5,7.1,1.44,4.33,8.0,1.45,4.5,8.0,1.5,1.45,4.75,4.47,8.5,7.67,1.75,1.69,2.25,2.19,,,
2019-03-02,Wolves,Cardiff,1.5,4.33,8.0,1.5,4.2,7.0,,,,1.51,4.37,7.46,1.78,3.55,5.59,E0 (8).csv,1.5,4.15,6.8,1.5,4.2,7.0,1.53,4.2,7.5,1.55,1.51,4.37,4.21,8.0,7.13,2.05,1.98,1.91,1.85,,,
2019-03-02,Brighton,Huddersfield,1.85,3.4,5.25,1.78,3.4,5.25,,,,1.83,3.5,5.24,1.78,3.44,5.83,E0 (8).csv,1.8,3.35,5.0,1.78,3.6,4.75,1.85,3.4,5.4,1.86,1.82,3.6,3.39,5.4,5.1,2.6,2.48,1.6,1.55,,,
2019-03-02,Bournemouth,Man City,13.0,7.5,1.22,12.0,7.0,1.22,,,,11.74,7.23,1.23,14.56,8.68,1.18,E0 (8).csv,12.0,6.8,1.22,12.0,7.0,1.22,12.0,7.5,1.22,15.0,12.42,7.5,6.98,1.25,1.22,1.45,1.39,3.2,2.97,,,
2019-03-02,Burnley,Crystal Palace,2.8,3.3,2.75,2.75,3.2,2.65,,,,2.9,3.32,2.67,2.95,3.26,2.66,E0 (8).csv,2.75,3.2,2.65,2.8,3.2,2.62,2.88,3.3,2.7,2.9,2.81,3.32,3.24,2.82,2.65,2.2,2.08,1.83,1.76,,,
2019-03-03,Everton,Liverpool,6.0,4.2,1.61,5.5,4.1,1.6,,,,5.69,4.05,1.67,6.44,4.09,1.61,E0 (8).csv,5.4,3.95,1.63,5.8,3.9,1.62,6.0,4.1,1.62,6.0,5.64,4.2,3.98,1.67,1.63,1.95,1.89,2.0,1.93,,,
2019-03-03,Fulham,Chelsea,6.5,4.5,1.53,6.0,4.33,1.53,,,,6.49,4.68,1.53,8.62,4.85,1.43,E0 (8).csv,6.0,4.4,1.53,6.5,4.33,1.5,7.0,4.5,1.53,7.0,6.25,4.68,4.43,1.55,1.52,1.75,1.68,2.31,2.21,,,
2019-03-03,Watford,Leicester,2.55,3.3,3.0,2.45,3.2,3.0,,,,2.5,3.45,3.04,2.83,3.32,2.75,E0 (8).csv,2.45,3.3,2.95,2.45,3.3,3.0,2.5,3.3,3.13,2.6,2.46,3.45,3.33,3.13,2.97,2.05,1.95,1.93,1.87,,,
2019-03-09,Southampton,Tottenham,4.5,3.8,1.85,4.2,3.7,1.85,,,,4.34,3.78,1.89,4.5,3.87,1.84,E0 (8).csv,4.15,3.7,1.85,4.2,3.7,1.85,4.4,3.75,1.9,4.75,4.26,3.9,3.74,1.9,1.87,1.85,1.8,2.1,2.03,,,
2019-03-09,Newcastle,Everton,2.8,3.25,2.8,2.75,3.1,2.75,,,,2.85,3.21,2.78,2.73,3.1,3.0,E0 (8).csv,2.75,3.1,2.75,2.75,3.1,2.75,2.88,3.13,2.8,2.88,2.79,3.25,3.14,2.85,2.76,2.45,2.36,1.65,1.6,,,
2019-03-09,Man City,Watford,1.16,9.0,19.0,1.14,8.5,18.0,,,,1.15,8.79,19.09,1.11,11.44,21.87,E0 (8).csv,1.12,9.0,20.0,1.14,8.0,19.0,1.15,8.5,21.0,1.17,1.15,9.5,8.5,21.0,18.41,1.35,1.32,3.6,3.32,,,
2019-03-09,Huddersfield,Bournemouth,3.4,3.3,2.35,3.4,3.2,2.25,,,,3.53,3.27,2.31,3.15,3.32,2.48,E0 (8).csv,3.35,3.2,2.25,3.4,3.2,2.25,3.6,3.25,2.3,3.6,3.4,3.32,3.24,2.4,2.29,2.33,2.22,1.71,1.67,,,
2019-03-09,Crystal Palace,Brighton,1.83,3.6,5.0,1.8,3.5,4.75,,,,1.88,3.52,4.85,1.89,3.32,5.25,E0 (8).csv,1.83,3.45,4.55,1.83,3.4,4.75,1.87,3.5,5.0,1.89,1.85,3.6,3.48,5.0,4.72,2.25,2.17,1.75,1.7,,,
2019-03-09,Cardiff,West Ham,3.6,3.5,2.15,3.4,3.3,2.2,,,,3.58,3.43,2.21,3.01,3.46,2.5,E0 (8).csv,3.35,3.4,2.15,3.4,3.4,2.15,3.5,3.4,2.25,3.61,3.45,3.52,3.42,2.25,2.19,2.0,1.94,1.95,1.89,,,
2019-03-09,Leicester,Fulham,1.57,4.5,6.0,1.6,4.1,5.5,,,,1.6,4.41,5.73,1.6,4.36,5.9,E0 (8).csv,1.6,4.25,5.4,1.57,4.2,5.8,1.62,4.2,6.0,1.62,1.6,4.5,4.3,6.0,5.58,1.75,1.69,2.29,2.19,,,
2019-03-10,Liverpool,Burnley,1.16,8.5,21.0,1.17,7.5,15.5,,,,1.17,7.8,18.87,1.17,8.19,17.08,E0 (8).csv,1.17,7.5,15.0,1.15,7.5,19.0,1.18,8.0,22.0,1.2,1.17,8.5,7.66,22.0,17.74,1.5,1.44,2.9,2.75,,,
2019-03-10,Arsenal,Man United,2.4,3.6,3.0,2.35,3.5,2.95,,,,2.45,3.55,3.04,2.42,3.54,3.09,E0 (8).csv,2.35,3.55,2.9,2.38,3.5,2.9,2.45,3.6,2.9,2.48,2.38,3.65,3.52,3.1,2.96,1.7,1.66,2.37,2.23,,,
2019-03-10,Chelsea,Wolves,1.55,4.2,7.0,1.55,4.0,6.5,,,,1.59,4.04,6.93,1.61,3.89,7.04,E0 (8).csv,1.45,4.4,7.2,1.55,4.0,6.5,1.6,4.0,7.0,1.6,1.56,4.4,4.03,7.2,6.53,1.99,1.9,2.0,1.92,,,
2019-03-16,Burnley,Leicester,3.1,3.4,2.45,3.0,3.3,2.4,,,,3.16,3.43,2.41,3.22,3.33,2.43,E0 (8).csv,3.0,3.25,2.4,3.1,3.3,2.35,3.2,3.3,2.45,3.2,3.06,3.43,3.31,2.52,2.42,2.1,2.01,1.89,1.82,,,
2019-03-16,West Ham,Huddersfield,1.55,4.2,7.0,1.57,4.0,6.0,,,,1.58,4.09,6.7,1.53,4.35,6.93,E0 (8).csv,1.5,4.3,6.5,1.55,4.0,6.5,1.57,4.0,7.0,1.6,1.57,4.3,4.02,7.25,6.45,2.05,1.98,1.92,1.85,,,
2019-03-16,Bournemouth,Newcastle,2.05,3.6,3.8,2.05,3.4,3.8,,,,2.13,3.45,3.79,2.14,3.56,3.64,E0 (8).csv,2.05,3.4,3.65,2.1,3.3,3.7,2.1,3.4,3.8,2.14,2.08,3.6,3.42,3.8,3.7,2.1,2.01,1.88,1.82,,,
2019-03-17,Everton,Chelsea,4.0,3.8,1.95,4.1,3.6,1.9,,,,4.12,3.64,1.99,4.68,3.75,1.85,E0 (8).csv,4.4,3.5,1.85,4.0,3.5,1.95,4.2,3.6,1.95,4.4,4.0,3.8,3.57,2.0,1.95,2.0,1.92,1.95,1.89,,,
2019-03-17,Fulham,Liverpool,12.0,7.0,1.25,10.5,6.5,1.25,,,,11.68,6.34,1.27,13.07,8.33,1.2,E0 (8).csv,11.0,6.1,1.25,13.0,6.0,1.24,15.0,6.5,1.25,15.0,11.67,7.0,6.31,1.28,1.25,1.52,1.48,2.76,2.62,,,
2019-03-30,West Ham,Everton,2.55,3.5,2.9,2.55,3.3,2.8,,,,2.6,3.41,2.93,2.77,3.35,2.78,E0 (8).csv,2.5,3.4,2.8,2.5,3.4,2.8,2.5,3.5,2.9,2.65,2.53,3.5,3.41,2.94,2.84,1.85,1.79,2.11,2.04,,,
2019-03-30,Leicester,Bournemouth,1.85,3.8,4.5,1.8,3.75,4.33,,,,1.84,3.88,4.51,1.83,3.93,4.45,E0 (8).csv,1.9,3.5,4.1,1.8,3.75,4.33,1.85,3.8,4.6,1.9,1.83,4.0,3.79,4.6,4.34,1.71,1.68,2.4,2.21,,,
2019-03-30,Fulham,Man City,21.0,11.0,1.12,18.0,9.25,1.13,,,,21.02,9.55,1.13,18.37,12.03,1.12,E0 (8).csv,20.0,9.0,1.12,21.0,9.0,1.12,22.0,10.0,1.14,23.0,19.78,11.0,9.49,1.16,1.13,1.35,1.29,3.75,3.55,,,
2019-03-30,Man United,Watford,1.44,4.75,8.0,1.42,4.75,7.5,,,,1.45,4.85,7.5,1.41,5.22,7.95,E0 (8).csv,1.4,4.6,8.3,1.42,4.75,7.5,1.45,4.75,8.0,1.47,1.44,4.92,4.71,8.5,7.46,1.67,1.65,2.45,2.27,,,
2019-03-30,Burnley,Wolves,3.2,3.25,2.45,3.2,3.1,2.4,,,,3.21,3.23,2.5,2.89,3.16,2.78,E0 (8).csv,3.15,3.1,2.4,3.1,3.1,2.45,3.2,3.25,2.5,3.25,3.15,3.3,3.17,2.56,2.45,2.4,2.3,1.67,1.63,,,
2019-03-30,Brighton,Southampton,2.55,3.2,3.1,2.6,3.0,3.0,,,,2.6,3.14,3.13,2.56,3.08,3.27,E0 (8).csv,2.55,3.05,3.0,2.55,3.1,3.0,2.63,3.13,3.13,2.65,2.57,3.2,3.09,3.15,3.05,2.52,2.44,1.61,1.56,,,
2019-03-30,Crystal Palace,Huddersfield,1.45,4.4,9.0,1.45,4.25,8.0,,,,1.47,4.35,8.4,1.47,4.42,8.32,E0 (8).csv,1.5,4.3,6.5,1.42,4.33,8.5,1.45,4.4,9.0,1.5,1.46,4.5,4.29,9.0,8.16,2.21,2.15,1.78,1.72,,,
2019-03-31,Cardiff,Chelsea,9.0,4.5,1.44,7.5,4.33,1.45,,,,8.23,4.64,1.46,9.28,4.7,1.42,E0 (8).csv,8.3,4.6,1.4,8.0,4.5,1.42,8.5,4.5,1.45,9.05,8.08,4.65,4.47,1.47,1.44,1.82,1.77,2.15,2.06,,,
2019-03-31,Liverpool,Tottenham,1.61,4.2,6.0,1.6,4.1,5.5,,,,1.63,4.17,5.9,1.58,4.42,6.04,E0 (8).csv,1.6,4.15,5.4,1.6,4.0,5.8,1.6,4.2,6.0,1.65,1.61,4.33,4.13,6.0,5.62,1.73,1.68,2.3,2.21,,,
2019-04-01,Arsenal,Newcastle,1.36,5.25,9.5,1.36,5.0,8.5,,,,1.39,5.29,8.57,1.46,4.66,8.19,E0 (8).csv,1.35,5.3,8.0,1.36,5.0,8.5,1.4,5.0,8.5,1.42,1.39,5.3,4.95,9.5,8.36,1.65,1.59,2.52,2.36,,,
2019-04-02,Watford,Fulham,1.72,4.0,5.0,1.72,3.9,4.75,,,,1.76,3.86,5.06,1.76,3.84,5.09,E0 (8).csv,1.73,3.9,4.55,1.73,3.75,4.8,1.75,3.9,5.0,1.78,1.74,4.0,3.86,5.25,4.85,1.79,1.7,2.33,2.17,,,
2019-04-02,Wolves,Man United,4.0,3.6,2.0,4.0,3.6,1.91,,,,3.98,3.6,2.02,3.19,3.18,2.53,E0 (8).csv,3.7,3.5,2.0,4.0,3.5,1.95,4.2,3.5,2.0,4.2,3.98,3.62,3.51,2.1,1.99,2.1,2.03,1.85,1.8,,,
2019-04-03,Man City,Cardiff,1.06,17.0,34.0,1.06,13.0,36.0,,,,1.07,14.96,42.94,1.08,14.62,25.88,E0 (8).csv,1.07,12.0,26.0,1.05,13.0,46.0,1.06,15.0,51.0,1.08,1.06,17.25,14.37,60.0,40.61,1.24,1.22,4.5,4.15,,,
2019-04-03,Chelsea,Brighton,1.25,6.5,15.0,1.26,5.75,11.5,,,,1.27,5.71,15.03,1.3,5.54,12.69,E0 (8).csv,1.25,6.1,11.0,1.25,5.8,13.0,1.29,5.75,15.0,1.29,1.26,6.5,5.79,15.5,13.11,1.75,1.7,2.25,2.16,,,
2019-04-03,Tottenham,Crystal Palace,1.45,5.0,7.5,1.42,4.75,7.25,,,,1.47,4.67,7.45,1.47,4.63,7.59,E0 (8).csv,1.47,4.3,7.0,1.44,4.6,7.0,1.5,4.6,7.5,1.5,1.47,5.0,4.61,7.75,7.04,1.7,1.65,2.33,2.24,,,
2019-04-05,Southampton,Liverpool,9.0,5.0,1.4,8.5,4.75,1.4,,,,8.91,5.15,1.39,8.81,5.24,1.39,E0 (8).csv,7.0,4.5,1.45,8.5,4.8,1.36,9.5,5.0,1.36,10.0,8.68,5.2,4.89,1.45,1.39,1.76,1.71,2.25,2.15,,,
2019-04-06,Huddersfield,Leicester,5.0,4.0,1.72,5.0,3.8,1.7,,,,5.22,3.86,1.75,5.42,4.08,1.67,E0 (8).csv,5.5,3.9,1.63,5.25,3.7,1.7,5.4,3.75,1.75,5.5,5.02,4.0,3.8,1.77,1.73,2.1,2.0,1.89,1.83,,,
2019-04-06,Newcastle,Crystal Palace,2.6,3.25,3.0,2.5,3.2,3.0,,,,2.61,3.2,3.1,2.81,3.15,2.87,E0 (8).csv,2.5,3.15,2.95,2.5,3.2,3.0,2.6,3.2,3.1,2.61,2.53,3.3,3.19,3.1,3.02,2.4,2.26,1.7,1.65,,,
2019-04-06,Bournemouth,Burnley,2.1,3.6,3.75,2.1,3.5,3.5,,,,2.09,3.64,3.75,2.1,3.51,3.83,E0 (8).csv,2.05,3.5,3.6,2.05,3.5,3.6,2.1,3.6,3.75,2.14,2.07,3.65,3.55,3.75,3.63,1.9,1.84,2.05,1.99,,,
2019-04-07,Everton,Arsenal,3.0,3.75,2.35,3.1,3.6,2.2,,,,3.01,3.67,2.41,2.82,3.6,2.59,E0 (8).csv,2.95,3.55,2.3,3.0,3.5,2.3,3.1,3.6,2.38,3.15,3.02,3.75,3.6,2.42,2.32,1.77,1.68,2.3,2.19,,,
2019-04-08,Chelsea,West Ham,1.33,5.75,9.5,1.34,5.25,9.0,,,,1.32,5.82,10.48,1.25,6.86,13.14,E0 (8).csv,1.4,4.8,7.5,1.3,5.5,10.0,1.3,5.5,11.0,1.4,1.33,6.0,5.55,11.0,9.25,1.56,1.52,2.65,2.51,,,
2019-04-12,Leicester,Newcastle,1.66,4.0,5.75,1.65,3.9,5.5,,,,1.66,3.87,6.18,1.68,3.86,5.98,E0 (8).csv,1.65,4.0,5.1,1.63,3.75,5.8,1.65,3.9,6.25,1.69,1.65,4.1,3.87,6.25,5.77,2.0,1.92,1.97,1.9,,,
2019-04-13,Tottenham,Huddersfield,1.22,7.0,15.0,1.2,7.0,14.0,,,,1.21,7.08,14.67,1.2,7.01,17.59,E0 (8).csv,1.2,7.0,13.0,1.2,6.5,15.0,1.22,7.0,18.0,1.25,1.22,7.25,6.77,18.0,14.24,1.5,1.47,2.9,2.66,,,
2019-04-13,Man United,West Ham,1.4,5.25,8.5,1.42,4.75,7.5,,,,1.42,5.02,8.33,1.33,5.93,9.7,E0 (8).csv,1.4,5.0,7.2,1.38,5.0,8.0,1.4,5.25,7.5,1.42,1.4,5.3,5.03,9.0,7.9,1.56,1.52,2.75,2.55,,,
2019-04-13,Southampton,Wolves,2.6,3.25,3.0,2.6,3.1,2.9,,,,2.64,3.22,3.02,2.79,3.17,2.87,E0 (8).csv,2.55,3.1,2.95,2.6,3.1,2.9,2.7,3.25,2.9,2.7,2.59,3.25,3.15,3.15,2.98,2.4,2.32,1.66,1.62,,,
2019-04-13,Burnley,Cardiff,1.9,3.6,4.5,1.91,3.4,4.25,,,,1.9,3.63,4.48,1.88,3.57,4.76,E0 (8).csv,1.9,3.5,4.1,1.88,3.5,4.33,1.93,3.6,4.5,1.95,1.9,3.75,3.54,4.6,4.33,2.15,2.06,1.83,1.77,,,
2019-04-13,Brighton,Bournemouth,2.3,3.4,3.4,2.3,3.2,3.3,,,,2.32,3.29,3.49,2.35,3.29,3.42,E0 (8).csv,2.25,3.3,3.3,2.25,3.3,3.3,2.25,3.4,3.5,2.33,2.28,3.45,3.32,3.5,3.35,2.17,2.08,1.81,1.77,,,
2019-04-13,Fulham,Everton,5.0,4.0,1.75,4.4,4.0,1.75,,,,4.64,4.01,1.79,4.88,4.2,1.72,E0 (8).csv,4.55,3.9,1.73,4.75,3.8,1.73,5.0,4.0,1.75,5.0,4.63,4.1,3.93,1.8,1.75,1.76,1.72,2.3,2.14,,,
2019-04-14,Crystal Palace,Man City,11.0,6.0,1.3,10.0,5.5,1.3,,,,10.23,5.55,1.34,13.3,7.06,1.24,E0 (8).csv,9.1,5.3,1.32,11.0,5.25,1.3,11.5,5.75,1.3,11.5,10.05,6.0,5.51,1.35,1.32,1.65,1.6,2.45,2.34,,,
2019-04-14,Liverpool,Chelsea,1.66,4.2,5.25,1.67,4.0,5.0,,,,1.68,4.12,5.46,1.75,3.81,5.4,E0 (8).csv,1.65,4.0,5.0,1.63,4.0,5.25,1.65,4.1,5.5,1.71,1.66,4.25,4.05,5.5,5.2,1.86,1.77,2.13,2.06,,,
2019-04-15,Watford,Arsenal,3.2,3.75,2.25,3.1,3.6,2.2,,,,3.18,3.78,2.25,3.63,3.74,2.09,E0 (8).csv,3.1,3.7,2.15,3.1,3.7,2.2,3.25,3.75,2.2,3.25,3.13,3.9,3.72,2.25,2.2,1.62,1.57,2.52,2.4,,,
2019-04-16,Brighton,Cardiff,2.0,3.3,4.5,2.0,3.2,4.33,,,,2.01,3.27,4.53,2.02,3.26,4.51,E0 (8).csv,2.0,3.3,4.0,2.0,3.2,4.33,2.05,3.3,4.4,2.05,2.0,3.34,3.24,4.75,4.29,2.4,2.32,1.67,1.61,,,
2019-04-20,West Ham,Leicester,3.3,3.5,2.3,3.1,3.4,2.3,,,,3.21,3.5,2.35,3.29,3.64,2.25,E0 (8).csv,3.1,3.4,2.3,3.1,3.4,2.3,3.2,3.5,2.3,3.3,3.13,3.55,3.45,2.4,2.3,1.76,1.71,2.23,2.14,,,
2019-04-20,Wolves,Brighton,1.75,3.5,6.0,1.72,3.5,5.5,,,,1.77,3.5,5.79,1.96,3.17,5.02,E0 (8).csv,1.77,3.45,5.2,1.75,3.4,5.5,1.8,3.5,5.75,1.8,1.76,3.6,3.44,6.0,5.46,2.45,2.38,1.65,1.59,,,
2019-04-20,Newcastle,Southampton,2.55,3.2,3.1,2.45,3.1,3.1,,,,2.59,3.1,3.24,2.52,3.06,3.38,E0 (8).csv,2.45,3.1,3.15,2.5,3.1,3.1,2.5,3.13,3.2,2.59,2.48,3.25,3.12,3.26,3.16,2.45,2.34,1.65,1.6,,,
2019-04-20,Huddersfield,Watford,4.4,3.9,1.85,4.4,3.75,1.8,,,,4.34,3.81,1.87,4.08,3.54,2.0,E0 (8).csv,4.2,3.65,1.85,4.4,3.6,1.83,4.6,3.8,1.85,4.6,4.34,3.9,3.69,1.89,1.85,1.9,1.83,2.05,1.99,,,
2019-04-20,Bournemouth,Fulham,1.65,4.4,5.25,1.62,4.25,5.0,,,,1.68,4.32,5.05,1.76,4.09,4.66,E0 (8).csv,1.67,4.15,4.65,1.65,4.2,5.0,1.67,4.33,5.2,1.7,1.66,4.4,4.22,5.25,4.9,1.58,1.54,2.6,2.46,,,
2019-04-20,Man City,Tottenham,1.3,6.0,11.0,1.28,6.0,10.0,,,,1.29,6.44,10.31,1.27,6.62,11.39,E0 (8).csv,1.3,5.5,9.6,1.27,6.0,11.0,1.29,6.25,12.0,1.32,1.28,6.6,6.06,12.0,10.35,1.47,1.43,2.95,2.8,,,
2019-04-21,Arsenal,Crystal Palace,1.53,4.6,6.5,1.53,4.5,5.75,,,,1.56,4.55,6.23,1.52,4.7,6.55,E0 (8).csv,1.45,4.4,7.2,1.52,4.33,6.5,1.53,4.4,6.5,1.56,1.54,4.77,4.44,7.2,6.03,1.61,1.58,2.51,2.38,,,
2019-04-21,Cardiff,Liverpool,17.0,7.5,1.2,16.5,6.25,1.2,,,,14.96,7.07,1.21,14.55,8.03,1.19,E0 (8).csv,13.0,7.0,1.2,15.0,6.5,1.2,17.0,7.5,1.2,18.0,14.94,7.5,6.66,1.23,1.21,1.57,1.53,2.65,2.48,,,
2019-04-21,Everton,Man United,3.25,3.5,2.3,3.2,3.4,2.25,,,,3.23,3.55,2.34,3.17,3.55,2.37,E0 (8).csv,3.1,3.45,2.3,3.2,3.4,2.25,3.3,3.4,2.3,3.3,3.17,3.6,3.44,2.35,2.3,1.91,1.86,2.04,1.95,,,
2019-04-22,Chelsea,Burnley,1.25,6.25,15.0,1.26,6.0,11.0,,,,1.25,6.33,13.71,1.24,6.46,14.91,E0 (8).csv,1.25,6.1,11.0,1.25,5.8,13.0,1.25,6.25,13.0,1.29,1.26,6.6,5.95,15.0,12.42,1.66,1.62,2.4,2.29,,,
2019-04-23,Tottenham,Brighton,1.28,6.0,13.0,1.3,5.5,11.5,,,,1.29,5.63,12.65,1.26,6.34,13.48,E0 (8).csv,1.33,5.5,8.4,1.27,5.5,12.0,1.3,5.75,12.0,1.33,1.29,6.0,5.53,13.8,11.88,1.76,1.71,2.25,2.15,,,
2019-04-23,Watford,Southampton,2.25,3.5,3.4,2.2,3.4,3.4,,,,2.29,3.49,3.35,2.23,3.5,3.52,E0 (8).csv,2.25,3.4,3.2,2.25,3.4,3.2,2.25,3.5,3.4,2.3,2.25,3.53,3.43,3.4,3.3,1.86,1.82,2.15,2.01,,,
2019-04-24,Man United,Man City,7.5,5.0,1.44,7.0,4.75,1.44,,,,6.94,4.85,1.49,6.85,4.78,1.5,E0 (8).csv,6.1,4.5,1.5,7.0,4.75,1.44,7.0,4.75,1.5,7.5,6.79,5.05,4.73,1.5,1.46,1.56,1.52,2.65,2.54,,,
2019-04-24,Wolves,Arsenal,2.9,3.5,2.55,2.85,3.4,2.45,,,,2.95,3.47,2.54,2.77,3.45,2.72,E0 (8).csv,2.85,3.35,2.5,2.88,3.4,2.45,3.0,3.4,2.55,3.0,2.89,3.5,3.41,2.57,2.48,1.95,1.88,2.01,1.94,,,
2019-04-26,Liverpool,Huddersfield,1.07,15.0,41.0,1.05,14.0,34.0,,,,1.08,13.99,30.97,1.08,14.1,34.97,E0 (8).csv,1.07,12.0,26.0,1.05,13.0,41.0,1.07,15.0,46.0,1.09,1.07,17.0,13.61,51.0,36.37,1.25,1.22,4.75,4.17,,,
2019-04-27,Watford,Wolves,2.62,3.3,2.9,2.55,3.2,2.9,,,,2.64,3.32,2.93,2.73,3.26,2.87,E0 (8).csv,2.55,3.15,2.9,2.6,3.2,2.8,2.7,3.25,2.9,2.7,2.58,3.35,3.23,3.0,2.9,2.27,2.19,1.75,1.68,,,
2019-04-27,Southampton,Bournemouth,1.9,3.9,4.1,1.9,3.6,4.1,,,,1.92,3.86,4.1,1.81,3.97,4.58,E0 (8).csv,1.87,3.7,4.0,1.85,3.7,4.2,1.9,3.8,4.3,1.95,1.91,3.9,3.72,4.3,4.03,1.8,1.75,2.18,2.08,,,
2019-04-27,Tottenham,West Ham,1.4,5.5,7.5,1.42,4.6,7.5,,,,1.44,5.17,7.4,1.36,5.55,8.95,E0 (8).csv,1.42,4.9,6.9,1.42,5.0,7.0,1.45,5.0,7.5,1.45,1.43,5.5,4.91,7.8,7.14,1.57,1.53,2.65,2.5,,,
2019-04-27,Crystal Palace,Everton,2.62,3.5,2.8,2.55,3.4,2.75,,,,2.63,3.45,2.84,3.05,3.49,2.46,E0 (8).csv,2.6,3.35,2.7,2.55,3.3,2.8,2.63,3.4,2.88,2.72,2.61,3.5,3.37,2.88,2.76,2.01,1.94,1.94,1.88,,,
2019-04-27,Fulham,Cardiff,2.4,3.6,3.0,2.35,3.5,2.95,,,,2.4,3.71,2.95,2.21,3.69,3.35,E0 (8).csv,2.35,3.5,2.9,2.3,3.6,3.0,2.4,3.6,3.1,2.45,2.37,3.71,3.56,3.1,2.93,1.8,1.73,2.2,2.11,,,
2019-04-27,Brighton,Newcastle,2.3,3.2,3.6,2.25,3.1,3.5,,,,2.35,3.18,3.6,2.25,3.29,3.68,E0 (8).csv,2.3,3.1,3.4,2.25,3.1,3.5,2.3,3.2,3.6,2.4,2.31,3.25,3.14,3.6,3.45,2.5,2.39,1.62,1.58,,,
2019-04-28,Man United,Chelsea,2.7,3.5,2.7,2.65,3.4,2.65,,,,2.73,3.43,2.77,2.77,3.38,2.76,E0 (8).csv,2.65,3.4,2.6,2.62,3.4,2.7,2.63,3.5,2.75,2.75,2.67,3.5,3.38,2.8,2.69,1.92,1.85,2.05,1.97,,,
2019-04-28,Burnley,Man City,23.0,9.0,1.14,18.5,8.0,1.15,,,,19.41,8.84,1.15,18.2,9.44,1.16,E0 (8).csv,16.0,8.1,1.15,21.0,8.5,1.12,23.0,9.0,1.14,25.0,19.65,9.6,8.43,1.17,1.15,1.45,1.41,3.05,2.88,,,
2019-04-28,Leicester,Arsenal,2.75,3.6,2.6,2.7,3.6,2.5,,,,2.68,3.77,2.61,2.6,3.65,2.77,E0 (8).csv,2.6,3.6,2.55,2.62,3.6,2.55,2.75,3.6,2.55,2.75,2.68,3.77,3.63,2.65,2.54,1.65,1.61,2.45,2.33,,,
2019-05-03,Everton,Burnley,1.66,4.0,5.75,1.65,3.8,5.75,,,,1.68,3.91,5.73,1.71,3.85,5.56,E0 (8).csv,1.6,4.0,5.6,1.7,3.9,5.5,1.67,4.0,5.75,1.7,1.66,4.1,3.88,6.1,5.6,1.9,1.84,2.15,1.99,,,
2019-05-04,Bournemouth,Tottenham,4.0,4.0,1.9,4.1,3.8,1.83,,,,4.06,3.9,1.92,5.99,4.75,1.54,E0 (8).csv,3.85,3.85,1.87,4.0,3.7,1.88,4.2,3.9,1.9,4.2,4.0,4.0,3.83,1.94,1.89,1.67,1.62,2.4,2.3,,,
2019-05-04,Cardiff,Crystal Palace,2.6,3.75,2.7,2.55,3.6,2.65,,,,2.62,3.75,2.68,2.53,3.79,2.75,E0 (8).csv,2.6,3.5,2.65,2.55,3.6,2.62,2.6,3.7,2.7,2.66,2.59,3.75,3.57,2.75,2.68,2.0,1.93,1.96,1.88,,,
2019-05-04,Newcastle,Liverpool,9.5,5.25,1.36,10.0,5.0,1.33,,,,9.92,5.04,1.36,9.8,5.56,1.34,E0 (8).csv,9.4,4.85,1.35,10.0,5.0,1.33,11.0,5.0,1.36,11.0,9.91,5.35,4.98,1.37,1.35,1.75,1.71,2.22,2.14,,,
2019-05-04,West Ham,Southampton,2.3,3.75,3.1,2.3,3.6,2.95,,,,2.33,3.72,3.09,2.4,3.69,3.0,E0 (8).csv,2.3,3.6,2.95,2.3,3.6,3.0,2.3,3.7,3.13,2.35,2.3,3.75,3.64,3.15,3.02,1.66,1.61,2.43,2.32,,,
2019-05-04,Wolves,Fulham,1.53,4.2,7.5,1.55,4.1,6.25,,,,1.56,4.16,6.69,1.52,4.39,7.01,E0 (8).csv,1.55,4.15,6.3,1.53,4.0,7.0,1.57,4.1,7.0,1.57,1.55,4.35,4.12,7.5,6.52,1.85,1.8,2.1,2.03,,,
2019-05-05,Arsenal,Brighton,1.4,5.0,9.0,1.36,4.75,9.25,,,,1.43,4.72,8.49,1.27,6.31,12.29,E0 (8).csv,1.43,4.5,7.7,1.4,4.6,8.5,1.4,4.8,8.5,1.44,1.41,5.0,4.69,9.25,8.3,1.73,1.67,2.27,2.2,,,
2019-05-05,Chelsea,Watford,1.4,5.25,8.0,1.4,4.75,8.0,,,,1.39,5.14,8.58,1.31,5.98,10.83,E0 (8).csv,1.4,4.95,7.7,1.38,4.8,8.5,1.4,5.0,9.0,1.42,1.4,5.3,4.95,9.0,8.13,1.64,1.6,2.45,2.34,,,
2019-05-05,Huddersfield,Man United,11.0,6.0,1.3,8.75,5.5,1.33,,,,9.23,5.56,1.34,9.96,5.76,1.33,E0 (8).csv,9.5,5.6,1.3,11.0,5.25,1.3,12.0,5.25,1.33,12.0,9.95,6.0,5.37,1.35,1.33,1.71,1.67,2.3,2.22,,,
2019-05-06,Man City,Leicester,1.12,8.5,17.0,1.14,8.75,17.0,,,,1.17,8.35,17.14,1.17,9.36,15.0,E0 (8).csv,1.15,8.0,17.0,1.15,8.0,17.0,1.17,8.5,18.0,1.18,1.16,9.5,8.29,20.0,16.95,1.35,1.31,3.6,3.42,,,
2019-05-12,Watford,West Ham,2.25,3.75,3.2,2.2,3.7,3.1,,,,2.2,3.85,3.21,2.11,3.86,3.41,E0 (8).csv,2.2,3.75,3.05,2.2,3.7,3.1,2.2,3.75,3.25,2.26,2.2,3.9,3.73,3.25,3.13,1.6,1.55,2.56,2.44,,,
2019-05-12,Tottenham,Everton,2.2,3.5,3.5,2.1,3.5,3.5,,,,2.1,3.64,3.64,1.91,3.81,4.15,E0 (8).csv,2.05,3.45,3.6,2.1,3.5,3.5,2.1,3.5,3.7,2.2,2.09,3.7,3.51,3.8,3.58,1.81,1.76,2.18,2.07,,,
2019-05-12,Southampton,Huddersfield,1.44,4.75,8.5,1.42,4.75,7.25,,,,1.44,4.83,7.62,1.37,5.36,8.49,E0 (8).csv,1.42,4.8,7.1,1.4,4.75,8.0,1.4,4.8,8.5,1.45,1.42,5.15,4.81,8.75,7.64,1.67,1.62,2.4,2.29,,,
2019-05-12,Man United,Cardiff,1.28,6.5,11.0,1.25,6.25,11.0,,,,1.28,6.33,10.21,1.3,6.06,9.71,E0 (8).csv,1.28,6.1,9.2,1.25,6.5,10.0,1.29,6.25,11.0,1.31,1.28,6.75,6.18,11.0,10.1,1.45,1.39,3.25,2.95,,,
2019-05-12,Liverpool,Wolves,1.3,6.0,11.0,1.3,5.75,9.5,,,,1.31,5.77,10.54,1.32,5.89,9.48,E0 (8).csv,1.31,5.4,9.3,1.29,5.5,11.0,1.3,5.75,11.5,1.33,1.3,6.0,5.62,11.5,10.17,1.65,1.61,2.43,2.31,,,
2019-05-12,Leicester,Chelsea,2.4,3.75,2.9,2.35,3.6,2.85,,,,2.44,3.65,2.93,2.42,3.63,2.98,E0 (8).csv,2.35,3.5,2.9,2.38,3.6,2.88,2.4,3.7,2.9,2.45,2.4,3.75,3.57,3.05,2.89,1.75,1.7,2.26,2.16,,,
2019-05-12,Crystal Palace,Bournemouth,1.9,4.2,3.8,1.85,3.9,3.9,,,,1.88,4.14,3.95,1.79,4.4,4.16,E0 (8).csv,1.85,3.95,3.85,1.83,4.0,3.9,1.85,4.1,4.1,1.91,1.87,4.2,4.0,4.1,3.87,1.6,1.54,2.59,2.45,,,
2019-05-12,Brighton,Man City,19.0,8.5,1.16,17.5,8.75,1.14,,,,15.63,8.17,1.18,13.17,7.24,1.22,E0 (8).csv,17.0,8.0,1.15,19.0,8.0,1.14,21.0,8.5,1.15,21.0,16.94,8.75,8.03,1.18,1.16,1.45,1.41,3.2,2.86,,,
2019-05-12,Fulham,Newcastle,2.5,3.6,2.9,2.55,3.6,2.65,,,,2.55,3.57,2.83,2.49,3.55,2.93,E0 (8).csv,2.5,3.5,2.75,2.5,3.5,2.75,2.5,3.5,2.88,2.57,2.5,3.65,3.53,2.9,2.78,1.8,1.75,2.17,2.08,,,
2019-05-12,Burnley,Arsenal,3.25,3.8,2.2,3.1,3.75,2.15,,,,3.15,3.8,2.25,2.52,3.69,2.8,E0 (8).csv,3.1,3.75,2.15,3.1,3.7,2.2,3.13,3.8,2.2,3.3,3.14,3.9,3.74,2.3,2.2,1.61,1.57,2.55,2.39,,,
2019-08-09,Liverpool,Norwich,1.14,10.0,19.0,1.14,8.25,18.5,,,,1.15,9.59,18.05,1.14,10.43,19.63,E0 (7).csv,1.15,8.0,18.0,1.12,8.5,21.0,1.14,9.5,23.0,,,,,,,,,,,,,
2019-08-10,West Ham,Man City,12.0,6.5,1.22,11.5,5.75,1.26,,,,11.68,6.53,1.26,11.11,6.68,1.27,E0 (7).csv,11.0,6.1,1.25,13.0,6.0,1.24,12.0,6.5,1.25,,,,,,,,,,,,,
2019-08-10,Bournemouth,Sheffield United,1.95,3.6,3.6,1.95,3.6,3.9,,,,2.04,3.57,3.9,1.98,3.67,4.06,E0 (7).csv,1.97,3.55,3.8,2.0,3.5,3.8,2.0,3.6,4.0,,,,,,,,,,,,,
2019-08-10,Burnley,Southampton,2.62,3.2,2.75,2.65,3.2,2.75,,,,2.71,3.31,2.81,2.71,3.19,2.9,E0 (7).csv,2.65,3.2,2.75,2.7,3.2,2.75,2.7,3.3,2.8,,,,,,,,,,,,,
2019-08-10,Crystal Palace,Everton,3.0,3.25,2.37,3.2,3.2,2.35,,,,3.21,3.37,2.39,3.37,3.45,2.27,E0 (7).csv,3.1,3.2,2.4,3.1,3.3,2.35,3.2,3.3,2.45,,,,,,,,,,,,,
2019-08-10,Watford,Brighton,1.9,3.4,4.0,1.9,3.4,4.33,,,,1.98,3.44,4.37,2.05,3.38,4.12,E0 (7).csv,1.93,3.4,4.25,1.95,3.4,4.2,1.95,3.5,4.33,,,,,,,,,,,,,
2019-08-10,Tottenham,Aston Villa,1.3,5.25,10.0,1.3,5.5,10.0,,,,1.3,5.84,10.96,1.39,5.35,8.42,E0 (7).csv,1.3,5.5,9.6,1.29,5.5,10.0,1.3,5.5,12.0,,,,,,,,,,,,,
2019-08-11,Man United,Chelsea,2.1,3.3,3.5,2.15,3.3,3.5,,,,2.21,3.37,3.63,2.04,3.44,4.14,E0 (7).csv,2.15,3.35,3.4,2.15,3.3,3.5,2.25,3.3,3.5,,,,,,,,,,,,,
2019-08-11,Leicester,Wolves,2.2,3.2,3.4,2.25,3.3,3.3,,,,2.21,3.34,3.66,2.5,3.12,3.3,E0 (7).csv,2.2,3.25,3.45,2.2,3.25,3.5,2.25,3.3,3.6,,,,,,,,,,,,,
2019-08-11,Newcastle,Arsenal,4.5,3.75,1.72,4.5,3.75,1.78,,,,4.58,3.93,1.81,3.36,3.56,2.25,E0 (7).csv,4.4,3.85,1.77,4.5,3.75,1.78,4.6,3.9,1.8,,,,,,,,,,,,,
2019-08-17,Southampton,Liverpool,6.5,4.75,1.44,6.25,4.75,1.48,,,,7.04,4.72,1.48,6.43,4.57,1.53,E0 (7).csv,7.5,4.8,1.4,7.0,4.6,1.44,7.5,4.8,1.45,,,,,,,,,,,,,
2019-08-17,Man City,Tottenham,1.36,5.25,8.0,1.35,5.5,7.75,,,,1.37,5.42,8.71,1.37,5.63,8.39,E0 (7).csv,1.35,5.3,8.0,1.35,5.25,8.5,1.36,5.5,9.0,,,,,,,,,,,,,
2019-08-17,Norwich,Newcastle,2.25,3.3,3.3,2.25,3.3,3.3,,,,2.25,3.42,3.44,2.14,3.57,3.58,E0 (7).csv,2.2,3.35,3.35,2.15,3.4,3.4,2.25,3.4,3.5,,,,,,,,,,,,,
2019-08-17,Brighton,West Ham,2.55,3.25,2.87,2.5,3.3,2.9,,,,2.58,3.38,2.92,2.22,3.6,3.34,E0 (7).csv,2.5,3.3,2.85,2.5,3.3,2.88,2.55,3.4,3.0,,,,,,,,,,,,,
2019-08-17,Aston Villa,Bournemouth,2.3,3.4,3.1,2.25,3.5,3.1,,,,2.32,3.56,3.17,2.3,3.69,3.11,E0 (7).csv,2.3,3.45,3.05,2.25,3.5,3.1,2.38,3.5,3.2,,,,,,,,,,,,,
2019-08-17,Everton,Watford,1.72,3.8,4.75,1.67,4.0,5.0,,,,1.76,3.95,4.87,1.85,3.66,4.64,E0 (7).csv,1.7,3.9,4.65,1.73,3.8,4.8,1.73,4.0,5.2,,,,,,,,,,,,,
2019-08-17,Arsenal,Burnley,1.3,5.5,10.0,1.3,5.5,10.0,,,,1.34,5.68,9.35,1.38,5.35,8.78,E0 (7).csv,1.3,5.6,9.5,1.32,5.25,10.0,1.33,5.5,10.5,,,,,,,,,,,,,
2019-08-18,Sheffield United,Crystal Palace,2.55,3.1,2.9,2.55,3.2,2.9,,,,2.6,3.21,3.02,2.51,3.33,3.08,E0 (7).csv,2.55,3.1,2.95,2.55,3.2,2.9,2.63,3.2,3.0,,,,,,,,,,,,,
2019-08-18,Chelsea,Leicester,1.7,3.75,5.0,1.72,3.7,5.0,,,,1.74,3.79,5.28,1.73,3.9,5.23,E0 (7).csv,1.73,3.75,4.9,1.7,3.7,5.25,1.73,3.8,5.25,,,,,,,,,,,,,
2019-08-19,Wolves,Man United,3.3,3.3,2.25,3.3,3.25,2.3,,,,3.4,3.29,2.33,2.98,3.32,2.56,E0 (7).csv,3.25,3.3,2.25,3.3,3.25,2.3,3.4,3.3,2.3,,,,,,,,,,,,,
2019-08-23,Aston Villa,Everton,3.25,3.5,2.15,3.1,3.5,2.25,,,,3.22,3.54,2.31,3.1,3.41,2.43,E0 (7).csv,3.1,3.5,2.25,3.1,3.5,2.25,3.25,3.6,2.3,,,,,,,,,,,,,
2019-08-24,Liverpool,Arsenal,1.5,4.6,6.0,1.48,4.75,6.0,,,,1.48,4.98,6.47,1.46,5.12,6.74,E0 (7).csv,1.5,4.7,5.7,1.47,4.75,6.5,1.5,4.8,6.5,,,,,,,,,,,,,
2019-08-24,Sheffield United,Leicester,3.3,3.3,2.25,3.5,3.2,2.2,,,,3.52,3.29,2.28,3.19,3.28,2.44,E0 (7).csv,3.4,3.15,2.25,3.5,3.2,2.2,3.6,3.25,2.3,,,,,,,,,,,,,
2019-08-24,Watford,West Ham,2.05,3.5,3.5,2.1,3.6,3.4,,,,2.16,3.52,3.57,2.16,3.61,3.48,E0 (7).csv,2.1,3.6,3.4,2.1,3.5,3.5,2.15,3.6,3.6,,,,,,,,,,,,,
2019-08-24,Brighton,Southampton,2.4,3.3,3.0,2.4,3.2,3.1,,,,2.45,3.28,3.18,2.33,3.26,3.44,E0 (7).csv,2.4,3.25,3.05,2.4,3.2,3.1,2.45,3.3,3.2,,,,,,,,,,,,,
2019-08-24,Norwich,Chelsea,4.33,3.75,1.8,4.33,3.8,1.8,,,,4.13,4.07,1.85,4.17,3.91,1.89,E0 (7).csv,4.05,3.95,1.8,4.2,3.9,1.8,4.4,4.0,1.83,,,,,,,,,,,,,
2019-08-24,Man United,Crystal Palace,1.33,5.25,9.0,1.36,5.0,8.5,,,,1.36,5.26,9.59,1.37,5.33,9.23,E0 (7).csv,1.36,4.95,8.6,1.33,5.0,10.0,1.36,5.2,10.5,,,,,,,,,,,,,
2019-08-25,Bournemouth,Man City,15.0,7.5,1.16,13.5,7.0,1.2,,,,14.88,7.52,1.2,17.0,9.5,1.16,E0 (7).csv,15.0,6.5,1.2,15.0,7.5,1.18,17.0,8.0,1.18,,,,,,,,,,,,,
2019-08-25,Tottenham,Newcastle,1.2,6.5,14.0,1.22,6.5,13.5,,,,1.26,6.46,12.01,1.28,6.21,11.48,E0 (7).csv,1.22,6.2,13.5,1.24,6.0,13.0,1.25,6.5,13.0,,,,,,,,,,,,,
2019-08-25,Wolves,Burnley,1.85,3.4,4.5,1.83,3.5,4.6,,,,1.83,3.52,5.06,1.78,3.51,5.6,E0 (7).csv,1.85,3.4,4.7,1.83,3.4,4.8,1.83,3.5,5.0,,,,,,,,,,,,,
2019-08-31,Burnley,Liverpool,9.5,5.5,1.3,9.75,5.5,1.3,,,,10.24,5.37,1.34,9.22,5.77,1.34,E0 (7).csv,8.4,5.5,1.33,10.0,5.25,1.32,11.0,5.5,1.33,,,,,,,,,,,,,
2019-08-31,West Ham,Norwich,1.85,3.9,3.9,1.87,3.8,4.0,,,,1.91,3.93,4.04,1.93,4.12,3.8,E0 (7).csv,1.87,3.95,3.75,1.88,3.8,3.9,1.91,4.0,4.0,,,,,,,,,,,,,
2019-08-31,Newcastle,Watford,2.5,3.25,2.87,2.5,3.3,2.85,,,,2.73,3.22,2.86,2.53,3.21,3.13,E0 (7).csv,2.6,3.25,2.8,2.62,3.2,2.8,2.7,3.3,2.88,,,,,,,,,,,,,
2019-08-31,Crystal Palace,Aston Villa,2.15,3.3,3.5,2.2,3.3,3.4,,,,2.22,3.44,3.5,2.29,3.39,3.4,E0 (7).csv,2.2,3.4,3.35,2.2,3.3,3.4,2.2,3.4,3.6,,,,,,,,,,,,,
2019-08-31,Leicester,Bournemouth,1.7,4.0,4.75,1.7,4.0,4.75,,,,1.71,4.12,4.95,1.68,4.03,5.4,E0 (7).csv,1.73,4.05,4.5,1.7,3.9,4.8,1.73,4.1,5.0,,,,,,,,,,,,,
2019-08-31,Southampton,Man United,3.8,3.3,2.05,3.7,3.4,2.05,,,,3.83,3.41,2.12,4.12,3.59,1.99,E0 (7).csv,3.65,3.35,2.1,3.75,3.3,2.1,3.8,3.4,2.15,,,,,,,,,,,,,
2019-08-31,Man City,Brighton,1.08,10.0,26.0,1.07,11.5,31.0,,,,1.08,13.01,34.71,1.09,13.06,35.17,E0 (7).csv,1.08,10.5,29.0,1.07,11.0,34.0,1.1,12.0,34.0,,,,,,,,,,,,,
2019-08-31,Chelsea,Sheffield United,1.36,4.75,9.0,1.34,5.0,9.5,,,,1.36,5.12,10.23,1.44,4.65,8.21,E0 (7).csv,1.35,5.3,8.0,1.35,4.8,9.0,1.4,5.0,10.0,,,,,,,,,,,,,
2019-09-01,Everton,Wolves,2.2,3.25,3.5,2.15,3.25,3.6,,,,2.17,3.36,3.71,2.08,3.29,4.19,E0 (7).csv,2.1,3.25,3.65,2.15,3.25,3.6,2.15,3.3,3.75,,,,,,,,,,,,,
2019-09-01,Arsenal,Tottenham,2.37,3.6,2.8,2.4,3.6,2.8,,,,2.38,3.67,3.0,2.59,3.7,2.72,E0 (7).csv,2.35,3.6,2.85,2.35,3.6,2.9,2.4,3.7,2.9,,,,,,,,,,,,,
2019-09-14,Norwich,Man City,15.0,9.0,1.14,14.5,8.5,1.16,,,,18.79,9.48,1.14,25.83,13.49,1.09,E0 (7).csv,15.0,8.5,1.15,17.0,8.5,1.14,17.0,9.0,1.15,,,,,,,,,,,,,
2019-09-14,Liverpool,Newcastle,1.14,8.5,17.0,1.14,8.25,18.5,,,,1.16,8.41,20.6,1.21,7.29,14.23,E0 (7).csv,1.15,8.0,17.5,1.14,8.0,21.0,1.15,8.5,20.0,,,,,,,,,,,,,
2019-09-14,Brighton,Burnley,2.15,3.3,3.5,2.15,3.3,3.5,,,,2.17,3.35,3.75,2.15,3.44,3.68,E0 (7).csv,2.1,3.35,3.55,2.15,3.3,3.6,2.15,3.4,3.6,,,,,,,,,,,,,
2019-09-14,Man United,Leicester,1.95,3.5,4.0,1.87,3.7,4.1,,,,1.99,3.53,4.17,2.19,3.37,3.66,E0 (7).csv,1.8,3.6,4.5,1.95,3.5,4.0,1.95,3.6,4.1,,,,,,,,,,,,,
2019-09-14,Sheffield United,Southampton,2.45,3.2,3.0,2.45,3.1,3.1,,,,2.45,3.35,3.12,2.44,3.3,3.18,E0 (7).csv,2.45,3.2,3.05,2.45,3.25,3.0,2.45,3.25,3.13,,,,,,,,,,,,,
2019-09-14,Tottenham,Crystal Palace,1.36,5.25,8.0,1.36,5.0,8.5,,,,1.4,4.92,8.87,1.44,4.91,7.61,E0 (7).csv,1.45,4.6,6.8,1.38,4.8,8.5,1.4,5.0,8.5,,,,,,,,,,,,,
2019-09-14,Wolves,Chelsea,2.9,3.3,2.5,2.95,3.4,2.4,,,,3.07,3.37,2.48,3.1,3.43,2.42,E0 (7).csv,2.95,3.35,2.4,3.0,3.3,2.4,3.0,3.4,2.45,,,,,,,,,,,,,
2019-09-15,Watford,Arsenal,3.6,3.6,2.0,3.8,3.8,1.91,,,,3.66,3.74,2.06,4.22,3.92,1.88,E0 (7).csv,3.9,3.7,1.9,3.6,3.7,2.0,3.6,3.75,2.05,,,,,,,,,,,,,
2019-09-15,Bournemouth,Everton,2.9,3.5,2.4,3.0,3.5,2.3,,,,3.05,3.53,2.41,3.37,3.57,2.23,E0 (7).csv,2.95,3.5,2.3,3.0,3.4,2.35,3.1,3.5,2.4,,,,,,,,,,,,,
2019-09-16,Aston Villa,West Ham,2.62,3.5,2.6,2.6,3.4,2.7,,,,2.65,3.6,2.69,2.72,3.71,2.57,E0 (7).csv,2.6,3.6,2.55,2.6,3.5,2.62,2.63,3.6,2.7,,,,,,,,,,,,,
2019-09-20,Southampton,Bournemouth,2.05,3.6,3.5,2.0,3.7,3.6,,,,2.12,3.65,3.55,2.17,3.6,3.46,E0 (7).csv,2.1,3.6,3.4,2.1,3.5,3.5,2.1,3.7,3.4,,,,,,,,,,,,,
2019-09-21,Leicester,Tottenham,2.87,3.5,2.37,2.95,3.4,2.4,,,,2.92,3.53,2.5,2.72,3.51,2.69,E0 (7).csv,2.85,3.45,2.4,2.8,3.5,2.45,2.9,3.5,2.45,,,,,,,,,,,,,
2019-09-21,Burnley,Norwich,2.0,3.8,3.5,1.95,3.8,3.6,,,,2.02,3.8,3.73,2.02,3.88,3.67,E0 (7).csv,2.0,3.6,3.6,1.95,3.7,3.7,1.95,3.8,3.8,,,,,,,,,,,,,
2019-09-21,Everton,Sheffield United,1.61,3.75,6.0,1.65,3.8,5.5,,,,1.69,3.8,5.76,1.79,3.57,5.31,E0 (7).csv,1.67,3.75,5.3,1.65,3.7,5.8,1.67,3.8,5.75,,,,,,,,,,,,,
2019-09-21,Man City,Watford,1.1,11.0,21.0,1.11,10.5,17.5,,,,1.11,10.69,27.58,1.11,11.33,25.74,E0 (7).csv,1.12,9.0,20.0,1.1,11.0,21.0,1.1,11.0,23.0,,,,,,,,,,,,,
2019-09-21,Newcastle,Brighton,2.5,3.2,3.0,2.45,3.2,3.0,,,,2.55,3.15,3.16,2.42,3.24,3.3,E0 (7).csv,2.5,3.1,3.05,2.45,3.2,3.0,2.5,3.13,3.13,,,,,,,,,,,,,
2019-09-22,Crystal Palace,Wolves,2.62,3.1,2.87,2.65,3.0,2.95,,,,2.68,3.15,2.98,2.9,3.1,2.81,E0 (7).csv,2.6,3.1,2.9,2.62,3.1,2.88,2.7,3.13,2.9,,,,,,,,,,,,,
2019-09-22,West Ham,Man United,3.1,3.6,2.2,3.25,3.6,2.15,,,,3.33,3.56,2.24,3.07,3.45,2.45,E0 (7).csv,3.4,3.5,2.1,3.2,3.6,2.2,3.2,3.7,2.25,,,,,,,,,,,,,
2019-09-22,Arsenal,Aston Villa,1.4,4.75,8.0,1.4,5.0,7.25,,,,1.43,4.86,8.01,1.42,5.23,7.59,E0 (7).csv,1.4,4.8,7.5,1.4,4.75,8.0,1.44,5.0,7.5,,,,,,,,,,,,,
2019-09-22,Chelsea,Liverpool,3.5,3.75,2.0,3.6,3.7,2.0,,,,3.66,3.66,2.08,3.24,3.64,2.27,E0 (7).csv,3.4,3.5,2.1,3.6,3.7,2.0,3.6,3.8,2.05,,,,,,,,,,,,,
2019-09-28,Everton,Man City,10.0,5.5,1.3,9.75,6.0,1.28,,,,10.21,6.03,1.3,8.9,5.51,1.36,E0 (7).csv,9.6,5.5,1.3,10.0,5.8,1.29,11.0,5.75,1.29,,,,,,,,,,,,,
2019-09-28,Wolves,Watford,1.85,3.4,4.5,1.87,3.5,4.33,,,,1.9,3.5,4.69,1.96,3.52,4.34,E0 (7).csv,1.87,3.4,4.5,1.85,3.5,4.5,1.87,3.5,4.5,,,,,,,,,,,,,
2019-09-28,Crystal Palace,Norwich,1.9,3.75,3.75,1.95,3.6,3.8,,,,1.97,3.78,3.96,1.91,3.89,4.09,E0 (7).csv,1.9,3.75,3.85,1.91,3.7,3.9,1.9,3.8,4.0,,,,,,,,,,,,,
2019-09-28,Tottenham,Southampton,1.4,4.75,8.0,1.42,4.6,7.5,,,,1.44,4.69,8.18,1.38,5.23,8.73,E0 (7).csv,1.45,4.7,6.7,1.42,4.5,8.0,1.44,4.75,7.5,,,,,,,,,,,,,
2019-09-28,Bournemouth,West Ham,2.5,3.5,2.75,2.5,3.6,2.7,,,,2.49,3.62,2.86,2.41,3.65,2.96,E0 (7).csv,2.4,3.6,2.75,2.45,3.5,2.8,2.45,3.6,2.8,,,,,,,,,,,,,
2019-09-28,Aston Villa,Burnley,2.3,3.4,3.1,2.35,3.3,3.1,,,,2.39,3.45,3.15,2.36,3.44,3.19,E0 (7).csv,2.35,3.35,3.0,2.35,3.3,3.1,2.4,3.4,3.0,,,,,,,,,,,,,
2019-09-28,Sheffield United,Liverpool,9.0,5.25,1.33,9.5,5.25,1.33,,,,9.4,5.22,1.36,9.44,5.53,1.34,E0 (7).csv,8.1,5.1,1.36,9.0,5.0,1.35,9.0,5.2,1.36,,,,,,,,,,,,,
2019-09-28,Chelsea,Brighton,1.4,4.75,8.0,1.42,4.6,7.75,,,,1.44,4.65,8.41,1.45,4.64,8.06,E0 (7).csv,1.45,4.65,6.8,1.42,4.5,8.0,1.44,4.6,7.5,,,,,,,,,,,,,
2019-09-29,Leicester,Newcastle,1.5,4.0,7.5,1.53,4.0,6.75,,,,1.53,4.21,7.27,1.52,4.33,7.04,E0 (7).csv,1.53,4.0,6.7,1.5,4.0,7.5,1.53,4.0,7.0,,,,,,,,,,,,,
2019-09-30,Man United,Arsenal,2.37,3.5,2.9,2.35,3.4,3.0,,,,2.41,3.56,3.03,2.26,3.57,3.29,E0 (7).csv,2.35,3.6,2.9,2.35,3.5,3.0,2.38,3.6,2.9,,,,,,,,,,,,,
2019-10-05,West Ham,Crystal Palace,1.95,3.6,3.8,2.0,3.5,3.75,,,,2.02,3.65,3.92,2.02,3.75,3.85,E0 (7).csv,2.0,3.55,3.7,1.95,3.6,3.8,2.0,3.6,3.8,,,,,,,,,,,,,
2019-10-05,Watford,Sheffield United,2.05,3.4,3.6,2.2,3.3,3.4,,,,2.14,3.43,3.73,2.38,3.27,3.32,E0 (7).csv,2.1,3.4,3.5,2.1,3.4,3.6,2.15,3.4,3.6,,,,,,,,,,,,,
2019-10-05,Norwich,Aston Villa,2.37,3.6,2.8,2.3,3.6,2.95,,,,2.46,3.61,2.91,2.46,3.62,2.9,E0 (7).csv,2.35,3.65,2.8,2.4,3.6,2.8,2.4,3.7,2.8,,,,,,,,,,,,,
2019-10-05,Burnley,Everton,2.87,3.3,2.5,2.85,3.25,2.55,,,,3.01,3.36,2.52,3.22,3.35,2.39,E0 (7).csv,2.9,3.25,2.5,2.9,3.25,2.5,2.9,3.3,2.55,,,,,,,,,,,,,
2019-10-05,Brighton,Tottenham,3.9,3.6,1.9,3.8,3.6,1.95,,,,3.97,3.67,2.0,5.15,3.89,1.74,E0 (7).csv,3.8,3.6,1.95,3.9,3.6,1.95,3.9,3.7,1.95,,,,,,,,,,,,,
2019-10-05,Liverpool,Leicester,1.44,4.75,7.0,1.45,4.6,7.0,,,,1.47,4.77,7.18,1.59,4.42,5.76,E0 (7).csv,1.47,4.6,6.5,1.44,4.6,7.5,1.45,4.75,7.0,,,,,,,,,,,,,
2019-10-06,Arsenal,Bournemouth,1.44,4.75,7.0,1.42,5.0,6.75,,,,1.44,5.08,7.13,1.37,5.83,7.87,E0 (7).csv,1.46,5.0,6.0,1.44,4.8,7.0,1.44,5.0,6.25,,,,,,,,,,,,,
2019-10-06,Man City,Wolves,1.12,9.0,21.0,1.13,9.0,19.5,,,,1.13,9.61,23.95,1.14,8.98,21.94,E0 (7).csv,1.13,9.0,18.0,1.11,9.0,26.0,1.11,9.5,22.0,,,,,,,,,,,,,
2019-10-06,Southampton,Chelsea,4.0,3.8,1.85,4.0,3.75,1.87,,,,4.09,3.97,1.88,4.75,4.29,1.71,E0 (7).csv,3.95,3.8,1.87,4.0,3.8,1.85,4.1,3.75,1.85,,,,,,,,,,,,,
2019-10-06,Newcastle,Man United,4.5,3.5,1.85,4.5,3.4,1.87,,,,4.51,3.51,1.93,3.92,3.37,2.12,E0 (7).csv,4.35,3.4,1.9,4.4,3.4,1.88,4.4,3.4,1.9,,,,,,,,,,,,,
2019-10-19,Tottenham,Watford,1.4,5.0,7.5,1.42,4.75,7.25,,,,1.43,5.0,7.67,1.53,4.35,6.74,E0 (7).csv,1.45,4.5,7.0,1.4,4.8,8.0,1.4,5.0,8.0,,,,,,,,,,,,,
2019-10-19,Chelsea,Newcastle,1.3,5.5,10.0,1.3,5.5,10.0,,,,1.32,5.7,10.32,1.27,6.4,11.56,E0 (7).csv,1.3,5.5,9.6,1.29,5.5,11.0,1.29,5.75,11.5,,,,,,,,,,,,,
2019-10-19,Wolves,Southampton,1.8,3.6,4.5,1.83,3.5,4.5,,,,1.88,3.61,4.61,2.11,3.24,4.1,E0 (7).csv,1.85,3.5,4.4,1.83,3.5,4.5,1.85,3.5,4.75,,,,,,,,,,,,,
2019-10-19,Aston Villa,Brighton,2.35,3.4,3.0,2.4,3.3,3.0,,,,2.39,3.51,3.09,2.43,3.49,3.04,E0 (7).csv,2.35,3.4,3.0,2.35,3.4,3.0,2.38,3.4,3.1,,,,,,,,,,,,,
2019-10-19,Everton,West Ham,1.95,3.75,3.75,1.95,3.6,3.8,,,,1.99,3.76,3.88,1.79,4.15,4.41,E0 (7).csv,1.97,3.65,3.7,1.95,3.6,3.8,1.95,3.75,3.8,,,,,,,,,,,,,
2019-10-19,Bournemouth,Norwich,1.72,4.2,4.2,1.72,4.2,4.33,,,,1.72,4.47,4.45,1.78,4.18,4.42,E0 (7).csv,1.75,4.0,4.3,1.73,4.2,4.33,1.7,4.33,4.5,,,,,,,,,,,,,
2019-10-19,Crystal Palace,Man City,12.0,7.0,1.22,12.5,6.5,1.22,,,,12.88,6.95,1.24,12.5,7.64,1.21,E0 (7).csv,10.0,6.5,1.25,13.0,6.5,1.22,13.0,6.5,1.22,,,,,,,,,,,,,
2019-10-19,Leicester,Burnley,1.57,4.0,6.0,1.55,4.0,6.5,,,,1.57,4.12,6.69,1.5,4.48,7.15,E0 (7).csv,1.57,4.05,6.1,1.55,4.0,6.5,1.55,4.1,6.5,,,,,,,,,,,,,
2019-10-20,Man United,Liverpool,5.25,3.8,1.65,5.0,4.0,1.67,,,,5.08,4.06,1.71,4.19,3.49,2.01,E0 (7).csv,4.8,3.95,1.7,5.25,4.0,1.63,5.0,3.8,1.7,,,,,,,,,,,,,
2019-10-21,Sheffield United,Arsenal,3.9,3.75,1.9,3.8,3.75,1.91,,,,3.96,3.83,1.96,3.72,3.63,2.08,E0 (7).csv,3.9,3.75,1.9,3.8,3.75,1.91,3.9,3.75,1.9,,,,,,,,,,,,,
2019-10-25,Southampton,Leicester,3.1,3.4,2.3,3.25,3.4,2.3,,,,3.25,3.34,2.38,3.13,3.32,2.46,E0 (7).csv,3.15,3.3,2.3,3.2,3.3,2.3,3.2,3.3,2.38,,,,,,,,,,,,,
2019-10-26,Watford,Bournemouth,2.15,3.6,3.25,2.2,3.5,3.2,,,,2.21,3.52,3.44,2.33,3.59,3.12,E0 (7).csv,2.2,3.55,3.25,2.15,3.5,3.3,2.2,3.6,3.25,,,,,,,,,,,,,
2019-10-26,Man City,Aston Villa,1.08,11.0,26.0,1.09,11.0,23.0,,,,1.09,12.5,29.54,1.06,16.5,33.5,E0 (7).csv,1.09,11.0,26.0,1.07,12.0,29.0,1.06,12.0,31.0,,,,,,,,,,,,,
2019-10-26,Brighton,Everton,2.9,3.25,2.5,2.85,3.3,2.55,,,,2.9,3.37,2.6,2.76,3.3,2.77,E0 (7).csv,2.85,3.25,2.55,2.8,3.3,2.55,2.88,3.3,2.6,,,,,,,,,,,,,
2019-10-26,Burnley,Chelsea,4.5,4.0,1.72,4.5,3.9,1.75,,,,4.61,4.17,1.75,5.06,4.07,1.71,E0 (7).csv,4.5,3.95,1.73,4.6,4.0,1.73,4.6,4.0,1.75,,,,,,,,,,,,,
2019-10-26,West Ham,Sheffield United,2.1,3.5,3.5,2.05,3.5,3.6,,,,2.15,3.46,3.66,2.29,3.4,3.39,E0 (7).csv,2.1,3.45,3.6,2.1,3.4,3.6,2.1,3.5,3.6,,,,,,,,,,,,,
2019-10-27,Newcastle,Wolves,3.0,3.1,2.55,2.9,3.1,2.6,,,,3.09,3.11,2.62,3.48,3.09,2.42,E0 (7).csv,3.0,3.0,2.55,3.0,3.1,2.55,3.0,3.0,2.6,,,,,,,,,,,,,
2019-10-27,Arsenal,Crystal Palace,1.45,4.75,6.5,1.45,4.75,6.5,,,,1.51,4.66,6.54,1.48,4.79,6.92,E0 (7).csv,1.5,4.6,6.1,1.47,4.6,6.5,1.45,4.6,7.0,,,,,,,,,,,,,
2019-10-27,Liverpool,Tottenham,1.5,4.33,6.5,1.5,4.5,6.25,,,,1.55,4.48,6.22,1.47,5.04,6.57,E0 (7).csv,1.55,4.4,5.8,1.52,4.4,6.0,1.53,4.4,6.0,,,,,,,,,,,,,
2019-10-27,Norwich,Man United,4.33,4.0,1.75,4.33,4.0,1.75,,,,4.37,3.96,1.83,4.72,3.73,1.83,E0 (7).csv,4.25,3.85,1.8,4.33,3.9,1.78,4.3,3.8,1.8,,,,,,,,,,,,,
2019-11-02,West Ham,Newcastle,1.75,3.8,4.5,1.8,3.8,4.25,,,,1.79,3.87,4.69,1.89,3.64,4.48,E0 (7).csv,1.77,3.7,4.6,1.78,3.75,4.5,1.8,3.75,4.75,,,,,,,,,,,,,
2019-11-02,Man City,Southampton,1.07,13.0,23.0,1.09,11.0,23.0,,,,1.08,13.13,33.77,1.07,14.49,36.78,E0 (7).csv,1.08,11.0,27.0,1.06,12.0,36.0,1.07,12.0,41.0,,,,,,,,,,,,,
2019-11-02,Watford,Chelsea,5.0,4.33,1.61,4.75,4.2,1.65,,,,5.13,4.21,1.68,5.34,4.43,1.63,E0 (7).csv,4.9,4.2,1.65,5.0,4.2,1.63,5.25,4.1,1.65,,,,,,,,,,,,,
2019-11-02,Aston Villa,Liverpool,9.0,5.0,1.33,9.25,5.0,1.35,,,,8.36,5.63,1.36,10.13,6.57,1.28,E0 (7).csv,7.9,5.3,1.36,8.5,5.25,1.35,9.0,5.5,1.33,,,,,,,,,,,,,
2019-11-02,Arsenal,Wolves,1.75,3.75,4.75,1.78,3.7,4.6,,,,1.79,3.81,4.81,1.76,3.95,4.87,E0 (7).csv,1.77,3.8,4.4,1.75,3.7,4.75,1.75,3.8,4.8,,,,,,,,,,,,,
2019-11-02,Bournemouth,Man United,3.25,3.6,2.15,3.25,3.6,2.15,,,,3.41,3.6,2.19,3.67,3.6,2.11,E0 (7).csv,3.3,3.5,2.15,3.3,3.5,2.15,3.4,3.5,2.15,,,,,,,,,,,,,
2019-11-02,Brighton,Norwich,1.72,4.2,4.33,1.72,4.2,4.33,,,,1.71,4.24,4.8,1.57,4.56,5.8,E0 (7).csv,1.7,4.05,4.6,1.65,4.2,4.75,1.7,4.0,5.0,,,,,,,,,,,,,
2019-11-02,Sheffield United,Burnley,2.25,3.2,3.4,2.2,3.2,3.5,,,,2.33,3.26,3.43,2.29,3.22,3.58,E0 (7).csv,2.25,3.15,3.45,2.25,3.2,3.4,2.25,3.2,3.5,,,,,,,,,,,,,
2019-11-03,Crystal Palace,Leicester,3.5,3.4,2.1,3.5,3.3,2.15,,,,3.57,3.42,2.2,3.86,3.62,2.05,E0 (7).csv,3.45,3.4,2.15,3.4,3.4,2.15,3.5,3.3,2.15,,,,,,,,,,,,,
2019-11-03,Everton,Tottenham,2.7,3.4,2.6,2.8,3.4,2.5,,,,2.74,3.55,2.63,2.54,3.62,2.82,E0 (7).csv,2.65,3.5,2.55,2.7,3.5,2.55,2.7,3.5,2.55,,,,,,,,,,,,,
2019-11-08,Norwich,Watford,2.7,3.5,2.55,2.7,3.5,2.6,,,,2.7,3.58,2.65,2.97,3.63,2.41,E0 (7).csv,2.6,3.55,2.55,2.62,3.5,2.6,2.63,3.6,2.6,,,,,,,,,,,,,
2019-11-09,Chelsea,Crystal Palace,1.33,5.0,10.0,1.34,5.25,8.75,,,,1.34,5.41,9.74,1.44,4.69,7.98,E0 (7).csv,1.33,5.3,8.9,1.32,5.25,9.5,1.33,5.25,9.5,,,,,,,,,,,,,
2019-11-09,Burnley,West Ham,2.25,3.5,3.1,2.3,3.5,3.0,,,,2.27,3.59,3.24,2.18,3.63,3.41,E0 (7).csv,2.25,3.55,3.1,2.25,3.5,3.1,2.25,3.5,3.2,,,,,,,,,,,,,
2019-11-09,Newcastle,Bournemouth,2.55,3.25,2.8,2.7,3.1,2.8,,,,2.69,3.25,2.88,2.69,3.31,2.83,E0 (7).csv,2.6,3.2,2.8,2.6,3.2,2.8,2.6,3.25,2.88,,,,,,,,,,,,,
2019-11-09,Southampton,Everton,2.9,3.3,2.45,2.9,3.4,2.45,,,,3.11,3.44,2.41,3.17,3.35,2.42,E0 (7).csv,2.95,3.35,2.4,2.9,3.4,2.45,3.0,3.4,2.45,,,,,,,,,,,,,
2019-11-09,Tottenham,Sheffield United,1.57,4.0,6.0,1.57,4.0,6.0,,,,1.6,4.21,6.09,1.56,4.41,6.26,E0 (7).csv,1.57,4.15,5.8,1.55,4.2,6.0,1.55,4.2,6.5,,,,,,,,,,,,,
2019-11-09,Leicester,Arsenal,2.0,3.75,3.5,2.0,3.8,3.5,,,,1.98,3.91,3.79,1.93,4.05,3.88,E0 (7).csv,1.97,3.75,3.6,1.95,3.7,3.7,1.95,3.8,3.7,,,,,,,,,,,,,
2019-11-10,Liverpool,Man City,2.5,3.6,2.62,2.65,3.6,2.55,,,,2.57,3.66,2.74,2.72,3.64,2.62,E0 (7).csv,2.5,3.5,2.7,2.55,3.6,2.62,2.5,3.6,2.7,,,,,,,,,,,,,
2019-11-10,Wolves,Aston Villa,1.9,3.5,4.2,1.85,3.6,4.33,,,,1.89,3.7,4.38,1.68,3.97,5.53,E0 (7).csv,1.87,3.6,4.15,1.88,3.6,4.2,1.87,3.5,4.33,,,,,,,,,,,,,
2019-11-10,Man United,Brighton,1.6,3.75,6.5,1.6,3.8,6.0,,,,1.7,3.66,5.98,1.66,3.69,6.41,E0 (7).csv,1.7,3.65,5.4,1.67,3.6,5.8,1.65,3.7,5.75,,,,,,,,,,,,,
2019-11-23,Man City,Chelsea,1.44,5.0,6.5,1.45,5.0,6.25,,,,1.45,5.2,6.74,1.38,5.84,7.62,E0 (7).csv,1.45,4.5,7.0,1.42,5.0,7.0,1.45,5.0,6.5,,,,,,,,,,,,,
2019-11-23,Watford,Burnley,2.3,3.4,3.1,2.3,3.3,3.2,,,,2.39,3.35,3.22,2.27,3.4,3.42,E0 (7).csv,2.35,3.25,3.15,2.35,3.3,3.1,2.3,3.3,3.25,,,,,,,,,,,,,
2019-11-23,Everton,Norwich,1.36,5.1,8.0,1.4,5.0,7.25,,,,1.41,5.18,7.85,1.34,5.64,9.17,E0 (7).csv,1.4,4.8,7.5,1.38,4.8,8.5,1.36,5.0,9.0,,,,,,,,,,,,,
2019-11-23,West Ham,Tottenham,4.2,4.33,1.7,4.33,4.0,1.75,,,,4.37,4.32,1.76,4.71,4.53,1.69,E0 (7).csv,4.3,4.05,1.75,4.2,4.2,1.75,4.4,3.9,1.8,,,,,,,,,,,,,
2019-11-23,Brighton,Leicester,3.75,3.5,2.0,3.7,3.6,2.0,,,,3.73,3.58,2.09,3.9,3.56,2.05,E0 (7).csv,3.6,3.5,2.05,3.7,3.4,2.05,3.75,3.5,2.05,,,,,,,,,,,,,
2019-11-23,Bournemouth,Wolves,2.75,3.3,2.6,2.85,3.3,2.5,,,,2.85,3.38,2.63,3.1,3.25,2.52,E0 (7).csv,2.8,3.25,2.6,2.8,3.3,2.55,2.8,3.3,2.63,,,,,,,,,,,,,
2019-11-23,Arsenal,Southampton,1.45,4.75,6.5,1.45,4.75,6.5,,,,1.49,4.72,6.86,1.5,4.54,7.05,E0 (7).csv,1.45,4.5,7.0,1.44,4.75,7.0,1.45,4.8,7.0,,,,,,,,,,,,,
2019-11-23,Crystal Palace,Liverpool,7.5,4.75,1.4,7.5,4.5,1.44,,,,7.59,4.82,1.45,6.95,4.65,1.49,E0 (7).csv,7.2,4.4,1.45,8.0,4.6,1.42,7.5,4.6,1.45,,,,,,,,,,,,,
2019-11-24,Sheffield United,Man United,3.5,3.4,2.1,3.6,3.25,2.15,,,,3.65,3.37,2.19,3.95,3.45,2.08,E0 (7).csv,3.55,3.25,2.15,3.6,3.25,2.15,3.5,3.25,2.2,,,,,,,,,,,,,
2019-11-25,Aston Villa,Newcastle,2.05,3.4,3.7,2.1,3.4,3.6,,,,2.14,3.54,3.6,2.22,3.58,3.37,E0 (7).csv,2.1,3.45,3.5,2.1,3.5,3.5,2.1,3.4,3.6,,,,,,,,,,,,,
2019-11-30,Southampton,Watford,2.1,3.4,3.5,2.1,3.5,3.5,,,,2.15,3.51,3.62,2.1,3.6,3.67,E0 (7).csv,2.1,3.45,3.5,2.1,3.5,3.5,2.1,3.5,3.6,,,,,,,,,,,,,
2019-11-30,Tottenham,Bournemouth,1.36,5.5,7.5,1.4,5.0,7.5,,,,1.39,5.29,8.34,1.34,5.67,9.23,E0 (7).csv,1.4,5.1,7.5,1.36,5.25,8.0,1.36,5.25,8.5,,,,,,,,,,,,,
2019-11-30,Chelsea,West Ham,1.28,6.0,9.0,1.28,6.0,9.75,,,,1.3,5.99,10.19,1.3,6.14,10.01,E0 (7).csv,1.3,5.8,8.8,1.29,5.8,10.0,1.29,6.0,10.5,,,,,,,,,,,,,
2019-11-30,Burnley,Crystal Palace,2.25,3.25,3.3,2.3,3.2,3.3,,,,2.36,3.33,3.31,2.05,3.56,3.89,E0 (7).csv,2.3,3.2,3.25,2.3,3.2,3.3,2.3,3.2,3.4,,,,,,,,,,,,,
2019-11-30,Newcastle,Man City,13.0,8.0,1.16,15.0,7.25,1.18,,,,14.05,7.9,1.2,11.0,7.75,1.23,E0 (7).csv,14.0,7.1,1.2,15.0,7.5,1.18,17.0,8.0,1.17,,,,,,,,,,,,,
2019-11-30,Liverpool,Brighton,1.18,7.0,15.0,1.2,7.0,13.0,,,,1.2,7.08,17.22,1.2,7.42,14.78,E0 (7).csv,1.22,6.5,13.0,1.2,6.5,15.0,1.2,6.5,17.0,,,,,,,,,,,,,
2019-12-01,Norwich,Arsenal,4.0,4.33,1.75,4.1,4.25,1.75,,,,4.27,4.33,1.78,4.56,4.49,1.71,E0 (7).csv,4.05,4.15,1.77,4.2,4.2,1.75,4.2,4.2,1.75,,,,,,,,,,,,,
2019-12-01,Leicester,Everton,1.61,4.0,5.25,1.6,4.25,5.25,,,,1.64,4.19,5.58,1.65,4.08,5.57,E0 (7).csv,1.65,4.0,5.2,1.63,4.0,5.25,1.62,4.0,5.5,,,,,,,,,,,,,
2019-12-01,Man United,Aston Villa,1.45,4.5,7.0,1.48,4.4,6.75,,,,1.48,4.44,7.72,1.47,4.75,7.32,E0 (7).csv,1.5,4.35,6.4,1.47,4.2,7.5,1.5,4.33,6.5,,,,,,,,,,,,,
2019-12-01,Wolves,Sheffield United,1.9,3.5,4.2,1.9,3.4,4.33,,,,1.93,3.52,4.46,2.23,3.2,3.82,E0 (7).csv,1.9,3.35,4.35,1.91,3.4,4.33,1.87,3.4,4.6,,,,,,,,,,,,,
2019-12-03,Crystal Palace,Bournemouth,2.2,3.4,3.25,2.2,3.3,3.4,,,,2.27,3.41,3.42,2.27,3.41,3.41,E0 (7).csv,2.2,3.35,3.3,2.25,3.4,3.25,2.3,3.3,3.3,,,,,,,,,,,,,
2019-12-03,Burnley,Man City,11.0,7.0,1.22,11.5,6.25,1.25,,,,10.8,6.62,1.26,10.93,7.61,1.23,E0 (7).csv,10.5,6.0,1.27,12.0,6.5,1.24,12.0,6.5,1.25,,,,,,,,,,,,,
2019-12-04,Liverpool,Everton,1.36,5.0,8.5,1.4,4.75,7.75,,,,1.4,5.13,8.29,1.66,4.11,5.59,E0 (7).csv,1.4,4.8,7.5,1.36,5.0,8.5,1.4,5.0,8.5,,,,,,,,,,,,,
2019-12-04,Chelsea,Aston Villa,1.28,5.75,10.0,1.28,5.75,10.5,,,,1.31,5.94,10.36,1.36,5.66,8.46,E0 (7).csv,1.33,5.5,8.3,1.27,5.8,11.0,1.29,5.75,11.0,,,,,,,,,,,,,
2019-12-04,Man United,Tottenham,2.75,3.4,2.55,2.65,3.5,2.6,,,,2.71,3.57,2.65,2.6,3.5,2.82,E0 (7).csv,2.65,3.3,2.65,2.7,3.4,2.6,2.75,3.4,2.63,,,,,,,,,,,,,
2019-12-04,Southampton,Norwich,1.72,4.0,4.2,1.75,4.0,4.33,,,,1.79,4.09,4.41,1.76,4.04,4.68,E0 (7).csv,1.85,3.7,4.1,1.75,4.0,4.4,1.75,4.0,4.6,,,,,,,,,,,,,
2019-12-04,Wolves,West Ham,1.75,3.7,4.75,1.75,3.8,4.6,,,,1.78,3.83,4.87,1.67,4.13,5.31,E0 (7).csv,1.77,3.7,4.6,1.75,3.7,4.8,1.75,3.7,5.0,,,,,,,,,,,,,
2019-12-04,Leicester,Watford,1.33,5.5,8.0,1.34,5.25,8.75,,,,1.36,5.35,9.41,1.39,5.26,8.29,E0 (7).csv,1.4,4.8,7.5,1.33,5.0,10.0,1.36,5.0,9.5,,,,,,,,,,,,,
2019-12-05,Sheffield United,Newcastle,1.83,3.4,4.6,1.83,3.4,4.75,,,,1.87,3.56,4.75,1.79,3.63,5.24,E0 (7).csv,1.95,3.3,4.2,1.85,3.4,4.6,1.83,3.4,4.8,,,,,,,,,,,,,
2019-12-05,Arsenal,Brighton,1.57,4.33,5.5,1.57,4.25,5.5,,,,1.63,4.2,5.68,1.66,4.32,5.17,E0 (7).csv,1.63,4.25,5.1,1.57,4.2,5.8,1.6,4.2,5.4,,,,,,,,,,,,,
2019-12-07,Everton,Chelsea,3.5,3.75,2.0,3.5,3.75,2.0,,,,3.59,3.95,2.03,3.37,3.81,2.15,E0 (7).csv,3.45,3.7,2.05,3.5,3.75,2.0,3.6,3.7,2.05,,,,,,,,,,,,,
2019-12-07,Bournemouth,Liverpool,7.0,5.25,1.4,7.25,5.0,1.4,,,,7.01,5.22,1.44,6.58,4.63,1.51,E0 (7).csv,6.7,4.9,1.43,7.5,5.0,1.4,8.0,5.0,1.4,,,,,,,,,,,,,
2019-12-07,Tottenham,Burnley,1.4,4.75,8.0,1.42,4.75,7.5,,,,1.41,4.93,8.39,1.45,4.95,7.29,E0 (7).csv,1.42,4.8,7.1,1.38,4.75,8.5,1.4,4.75,8.5,,,,,,,,,,,,,
2019-12-07,Watford,Crystal Palace,2.37,3.3,3.1,2.3,3.3,3.2,,,,2.38,3.42,3.18,2.48,3.37,3.05,E0 (7).csv,2.35,3.3,3.1,2.35,3.3,3.1,2.38,3.3,3.2,,,,,,,,,,,,,
2019-12-07,Man City,Man United,1.3,5.5,10.0,1.3,5.75,9.25,,,,1.31,5.89,10.48,1.32,6.2,9.5,E0 (7).csv,1.3,5.6,9.4,1.29,5.5,11.0,1.3,5.5,11.0,,,,,,,,,,,,,
2019-12-08,Newcastle,Southampton,2.5,3.2,2.9,2.6,3.2,2.8,,,,2.64,3.3,2.9,2.59,3.42,2.87,E0 (7).csv,2.6,3.2,2.85,2.6,3.2,2.8,2.55,3.2,2.88,,,,,,,,,,,,,
2019-12-08,Aston Villa,Leicester,4.33,3.8,1.8,4.5,3.9,1.75,,,,4.38,3.92,1.84,4.98,4.16,1.7,E0 (7).csv,4.1,3.85,1.83,4.2,3.9,1.8,4.2,3.9,1.8,,,,,,,,,,,,,
2019-12-08,Norwich,Sheffield United,2.9,3.5,2.37,2.85,3.5,2.4,,,,3.04,3.51,2.42,3.18,3.57,2.31,E0 (7).csv,2.95,3.4,2.4,2.9,3.5,2.38,2.9,3.5,2.4,,,,,,,,,,,,,
2019-12-08,Brighton,Wolves,2.62,3.1,2.87,2.7,3.1,2.8,,,,2.72,3.23,2.86,2.65,3.22,2.98,E0 (7).csv,2.7,3.1,2.8,2.7,3.1,2.8,2.7,3.1,2.8,,,,,,,,,,,,,
2019-12-09,West Ham,Arsenal,3.3,4.0,2.0,3.6,4.0,1.91,,,,3.5,4.1,2.02,3.61,4.3,1.95,E0 (7).csv,3.4,3.95,1.97,3.4,4.2,1.95,3.5,4.0,1.95,,,,,,,,,,,,,
2019-12-14,Sheffield United,Aston Villa,1.85,3.75,4.2,1.87,3.7,4.1,,,,1.88,3.83,4.3,1.79,3.89,4.68,E0 (7).csv,1.85,3.7,4.15,1.85,3.7,4.2,1.85,3.7,4.33,,,,,,,,,,,,,
2019-12-14,Leicester,Norwich,1.22,6.5,13.0,1.22,6.5,13.5,,,,1.23,6.8,13.95,1.25,6.89,11.49,E0 (7).csv,1.22,6.6,12.0,1.2,6.5,15.0,1.22,6.5,15.0,,,,,,,,,,,,,
2019-12-14,Liverpool,Watford,1.16,7.5,17.0,1.16,8.0,15.5,,,,1.18,7.93,16.56,1.2,7.46,15.82,E0 (7).csv,1.17,7.5,15.0,1.15,7.5,19.0,1.17,7.5,20.0,,,,,,,,,,,,,
2019-12-14,Burnley,Newcastle,1.95,3.4,4.0,1.91,3.6,4.0,,,,1.94,3.62,4.28,2.01,3.52,4.12,E0 (7).csv,1.93,3.45,4.15,1.95,3.5,4.0,1.95,3.4,4.3,,,,,,,,,,,,,
2019-12-14,Southampton,West Ham,1.9,3.8,3.8,1.91,3.8,3.8,,,,1.94,3.95,3.87,1.83,4.01,4.29,E0 (7).csv,1.9,3.8,3.8,1.91,3.8,3.75,1.93,3.8,3.9,,,,,,,,,,,,,
2019-12-14,Chelsea,Bournemouth,1.25,6.0,12.0,1.26,6.25,10.0,,,,1.24,6.74,12.57,1.24,7.01,12.05,E0 (7).csv,1.25,6.1,11.0,1.24,6.5,12.0,1.25,6.5,11.5,,,,,,,,,,,,,
2019-12-15,Wolves,Tottenham,3.25,3.4,2.25,3.2,3.5,2.2,,,,3.2,3.5,2.33,2.88,3.65,2.47,E0 (7).csv,3.2,3.4,2.25,3.2,3.4,2.25,3.2,3.4,2.25,,,,,,,,,,,,,
2019-12-15,Arsenal,Man City,6.0,5.25,1.44,6.25,5.5,1.42,,,,5.8,5.5,1.48,7.29,5.83,1.38,E0 (7).csv,6.0,5.2,1.45,6.0,5.25,1.44,6.5,5.25,1.4,,,,,,,,,,,,,
2019-12-15,Man United,Everton,1.8,3.7,4.5,1.75,3.75,4.75,,,,1.8,3.73,4.87,1.69,4.01,5.32,E0 (7).csv,1.7,3.8,5.0,1.78,3.6,4.8,1.75,3.75,4.75,,,,,,,,,,,,,
2019-12-16,Crystal Palace,Brighton,2.55,3.25,2.87,2.5,3.25,2.9,,,,2.58,3.28,2.98,2.86,3.27,2.7,E0 (7).csv,2.55,3.2,2.85,2.5,3.25,2.9,2.55,3.2,2.9,,,,,,,,,,,,,
2019-12-21,Everton,Arsenal,2.3,3.8,2.87,2.3,3.75,2.85,,,,2.34,3.8,2.94,2.14,3.84,3.34,E0 (7).csv,2.3,3.65,2.85,2.3,3.7,2.9,2.3,3.75,3.0,,,,,,,,,,,,,
2019-12-21,Aston Villa,Southampton,2.4,3.6,2.8,2.35,3.6,2.85,,,,2.5,3.52,2.9,2.53,3.75,2.71,E0 (7).csv,2.4,3.55,2.8,2.45,3.5,2.8,2.4,3.6,2.88,,,,,,,,,,,,,
2019-12-21,Bournemouth,Burnley,2.4,3.4,2.9,2.4,3.4,2.95,,,,2.5,3.36,3.01,2.37,3.35,3.22,E0 (7).csv,2.4,3.35,2.95,2.45,3.4,2.9,2.4,3.4,3.0,,,,,,,,,,,,,
2019-12-21,Brighton,Sheffield United,2.2,3.25,3.5,2.2,3.3,3.4,,,,2.24,3.27,3.61,2.22,3.3,3.61,E0 (7).csv,2.2,3.25,3.45,2.2,3.2,3.5,2.2,3.3,3.5,,,,,,,,,,,,,
2019-12-21,Newcastle,Crystal Palace,2.37,3.1,3.25,2.45,3.1,3.1,,,,2.45,3.15,3.28,2.45,3.14,3.29,E0 (7).csv,2.4,3.1,3.2,2.45,3.0,3.25,2.45,3.0,3.4,,,,,,,,,,,,,
2019-12-21,Norwich,Wolves,3.75,3.8,1.9,3.75,3.7,1.95,,,,3.72,3.82,2.01,4.07,3.86,1.91,E0 (7).csv,3.65,3.7,1.97,3.7,3.7,1.95,3.9,3.7,1.95,,,,,,,,,,,,,
2019-12-21,Man City,Leicester,1.36,5.25,7.5,1.36,5.5,7.5,,,,1.38,5.46,8.01,1.37,5.85,7.73,E0 (7).csv,1.37,5.3,7.4,1.36,5.25,8.0,1.36,5.4,8.0,,,,,,,,,,,,,
2019-12-22,Tottenham,Chelsea,2.37,3.75,2.75,2.3,3.7,2.9,,,,2.41,3.67,2.92,2.38,3.58,3.05,E0 (7).csv,2.3,3.4,3.05,2.35,3.6,2.88,2.38,3.6,2.88,,,,,,,,,,,,,
2019-12-22,Watford,Man United,4.33,4.0,1.75,4.33,4.0,1.75,,,,4.41,3.96,1.81,4.7,3.83,1.81,E0 (7).csv,4.4,3.75,1.8,4.4,3.8,1.78,4.5,3.7,1.8,,,,,,,,,,,,,
2019-12-26,Man United,Newcastle,1.33,5.25,9.0,1.35,5.25,8.5,,,,1.35,5.32,9.59,1.36,5.42,9.37,E0 (7).csv,1.35,5.0,8.9,1.33,5.25,9.5,1.33,5.0,10.0,,,,,,,,,,,,,
2019-12-26,Sheffield United,Watford,1.83,3.6,4.33,1.85,3.5,4.5,,,,1.9,3.58,4.49,1.81,3.67,4.86,E0 (7).csv,1.85,3.5,4.45,1.85,3.5,4.4,1.83,3.5,4.6,,,,,,,,,,,,,
2019-12-26,Everton,Burnley,1.7,3.75,5.0,1.67,3.8,5.25,,,,1.75,3.77,5.21,1.75,3.65,5.36,E0 (7).csv,1.7,3.7,5.0,1.7,3.7,5.25,1.7,3.7,5.2,,,,,,,,,,,,,
2019-12-26,Crystal Palace,West Ham,2.3,3.4,3.1,2.2,3.5,3.2,,,,2.39,3.44,3.11,2.31,3.47,3.24,E0 (7).csv,2.3,3.35,3.1,2.3,3.4,3.1,2.3,3.4,3.13,,,,,,,,,,,,,
2019-12-26,Leicester,Liverpool,3.4,3.75,2.05,3.4,3.7,2.05,,,,3.39,3.81,2.12,3.61,4.17,1.97,E0 (7).csv,3.35,3.7,2.05,3.4,3.6,2.1,3.4,3.6,2.1,,,,,,,,,,,,,
2019-12-26,Bournemouth,Arsenal,3.5,3.9,1.95,3.5,3.9,1.95,,,,3.49,3.87,2.07,3.81,4.14,1.91,E0 (7).csv,3.45,3.8,2.0,3.5,3.8,2.0,3.5,3.8,2.0,,,,,,,,,,,,,
2019-12-26,Aston Villa,Norwich,2.1,3.75,3.3,2.05,3.8,3.3,,,,2.14,3.84,3.31,2.19,3.73,3.27,E0 (7).csv,2.1,3.75,3.2,2.1,3.7,3.25,2.1,3.8,3.25,,,,,,,,,,,,,
2019-12-26,Tottenham,Brighton,1.53,4.33,6.0,1.55,4.4,5.5,,,,1.56,4.48,6.0,1.53,4.48,6.6,E0 (7).csv,1.57,4.35,5.5,1.55,4.33,5.8,1.53,4.33,6.0,,,,,,,,,,,,,
2019-12-26,Chelsea,Southampton,1.33,5.25,9.0,1.35,5.25,8.25,,,,1.36,5.3,9.12,1.4,5.08,8.43,E0 (7).csv,1.37,5.2,7.9,1.35,5.0,9.0,1.33,5.25,9.0,,,,,,,,,,,,,
2019-12-27,Wolves,Man City,8.5,5.0,1.36,7.5,5.0,1.4,,,,7.89,4.96,1.42,6.67,5.38,1.44,E0 (7).csv,7.3,4.9,1.41,8.0,5.0,1.38,8.5,5.0,1.36,,,,,,,,,,,,,
2019-12-28,Newcastle,Everton,3.6,3.4,2.05,3.4,3.4,2.15,,,,3.64,3.42,2.16,3.28,3.36,2.34,E0 (7).csv,3.5,3.35,2.15,3.5,3.3,2.15,3.6,3.4,2.15,,,,,,,,,,,,,
2019-12-28,Southampton,Crystal Palace,1.95,3.6,3.8,1.95,3.6,3.9,,,,2.0,3.67,3.93,2.0,3.52,4.1,E0 (7).csv,1.97,3.5,3.9,1.95,3.5,4.0,1.95,3.5,4.1,,,,,,,,,,,,,
2019-12-28,Watford,Aston Villa,1.95,3.8,3.6,1.95,3.7,3.7,,,,2.03,3.8,3.66,1.79,4.04,4.44,E0 (7).csv,2.0,3.7,3.6,2.0,3.75,3.6,2.0,3.75,3.75,,,,,,,,,,,,,
2019-12-28,Norwich,Tottenham,5.0,4.0,1.66,5.0,4.1,1.65,,,,4.95,4.08,1.71,4.7,4.52,1.68,E0 (7).csv,4.7,4.05,1.67,5.0,4.0,1.67,5.25,4.0,1.67,,,,,,,,,,,,,
2019-12-28,West Ham,Leicester,4.0,3.9,1.83,3.9,3.8,1.87,,,,4.18,3.87,1.88,2.57,3.68,2.7,E0 (7).csv,3.95,3.85,1.85,4.0,3.8,1.85,4.1,3.9,1.85,,,,,,,,,,,,,
2019-12-28,Burnley,Man United,4.33,3.75,1.8,4.33,3.6,1.85,,,,4.33,3.82,1.86,4.28,3.69,1.91,E0 (7).csv,4.25,3.65,1.85,4.33,3.6,1.83,4.6,3.6,1.83,,,,,,,,,,,,,
2019-12-28,Brighton,Bournemouth,1.75,3.9,4.33,1.8,3.8,4.33,,,,1.79,3.98,4.5,1.81,3.86,4.66,E0 (7).csv,1.77,3.75,4.45,1.78,3.8,4.4,1.8,3.7,4.75,,,,,,,,,,,,,
2019-12-29,Arsenal,Chelsea,2.87,3.75,2.3,2.85,3.75,2.3,,,,2.88,3.73,2.41,3.06,3.6,2.37,E0 (7).csv,2.85,3.7,2.35,2.8,3.7,2.35,2.8,3.7,2.38,,,,,,,,,,,,,
2019-12-29,Liverpool,Wolves,1.25,5.75,12.0,1.26,6.0,11.5,,,,1.3,5.86,11.08,1.26,6.28,12.29,E0 (7).csv,1.25,6.1,11.0,1.27,5.8,11.0,1.25,5.75,12.0,,,,,,,,,,,,,
2019-12-29,Man City,Sheffield United,1.16,7.5,16.0,1.18,7.5,15.0,,,,1.19,7.95,15.61,1.24,6.85,13.14,E0 (7).csv,1.17,7.5,15.0,1.18,7.5,15.0,1.17,7.5,17.0,,,,,,,,,,,,,
2020-01-01,Newcastle,Leicester,5.0,3.8,1.66,5.0,4.0,1.67,,,,5.4,3.97,1.68,4.13,3.88,1.89,E0 (7).csv,5.3,3.8,1.67,5.25,3.9,1.65,5.5,3.8,1.65,,,,,,,,,,,,,
2020-01-01,West Ham,Bournemouth,1.9,3.75,3.8,1.95,3.8,3.6,,,,1.97,3.99,3.72,1.97,3.61,4.12,E0 (7).csv,1.95,3.8,3.65,1.91,3.8,3.75,1.9,3.75,3.9,,,,,,,,,,,,,
2020-01-01,Norwich,Crystal Palace,2.5,3.4,2.75,2.55,3.5,2.7,,,,2.56,3.51,2.83,2.37,3.45,3.14,E0 (7).csv,2.5,3.4,2.75,2.55,3.4,2.75,2.55,3.4,2.75,,,,,,,,,,,,,
2020-01-01,Man City,Everton,1.25,6.5,10.0,1.26,6.25,10.5,,,,1.28,6.15,11.04,1.33,5.78,9.31,E0 (7).csv,1.28,6.1,9.5,1.27,6.0,11.0,1.25,6.0,12.0,,,,,,,,,,,,,
2020-01-01,Brighton,Chelsea,3.6,3.6,1.95,3.8,3.75,1.91,,,,3.8,3.63,2.04,3.94,4.03,1.89,E0 (7).csv,3.6,3.6,2.0,3.7,3.6,2.0,3.7,3.6,2.0,,,,,,,,,,,,,
2020-01-01,Southampton,Tottenham,3.3,3.5,2.1,3.4,3.6,2.1,,,,3.41,3.54,2.2,3.51,3.91,2.05,E0 (7).csv,3.25,3.55,2.15,3.3,3.5,2.15,3.25,3.6,2.15,,,,,,,,,,,,,
2020-01-01,Burnley,Aston Villa,1.75,3.8,4.33,1.78,3.9,4.4,,,,1.83,3.88,4.42,2.03,3.34,4.22,E0 (7).csv,1.8,3.7,4.35,1.78,3.8,4.4,1.8,3.6,4.6,,,,,,,,,,,,,
2020-01-01,Arsenal,Man United,2.55,3.6,2.62,2.6,3.6,2.6,,,,2.63,3.72,2.62,2.65,3.59,2.67,E0 (7).csv,2.55,3.6,2.6,2.55,3.6,2.6,2.55,3.6,2.63,,,,,,,,,,,,,
2020-01-01,Watford,Wolves,3.0,3.4,2.3,3.2,3.25,2.3,,,,3.25,3.46,2.31,3.17,3.27,2.45,E0 (7).csv,3.1,3.35,2.3,3.2,3.3,2.3,3.2,3.3,2.3,,,,,,,,,,,,,
2020-01-02,Liverpool,Sheffield United,1.2,6.5,13.0,1.22,6.5,13.0,,,,1.23,6.41,14.97,1.3,5.54,12.41,E0 (7).csv,1.22,6.5,13.0,1.22,6.0,15.0,1.22,6.0,15.0,,,,,,,,,,,,,
2020-01-10,Sheffield United,West Ham,1.95,3.4,4.0,2.0,3.4,4.0,,,,2.04,3.44,4.02,1.88,3.57,4.57,E0 (7).csv,2.0,3.4,3.85,2.0,3.4,3.9,2.05,3.4,3.9,,,,,,,,,,,,,
2020-01-11,Tottenham,Liverpool,4.5,4.33,1.66,4.5,4.33,1.67,,,,4.62,4.29,1.71,4.9,4.05,1.72,E0 (7).csv,4.5,4.1,1.7,4.6,4.2,1.7,4.8,4.1,1.7,,,,,,,,,,,,,
2020-01-11,Wolves,Newcastle,1.44,4.5,7.5,1.45,4.25,8.0,,,,1.47,4.41,8.09,1.45,4.6,7.92,E0 (7).csv,1.46,4.3,7.5,1.44,4.2,8.5,1.45,4.2,9.0,,,,,,,,,,,,,
2020-01-11,Man United,Norwich,1.33,5.25,8.5,1.36,5.0,8.5,,,,1.36,5.19,9.1,1.32,5.66,10.11,E0 (7).csv,1.37,5.1,7.8,1.35,5.0,9.0,1.36,5.0,9.5,,,,,,,,,,,,,
2020-01-11,Crystal Palace,Arsenal,4.1,3.9,1.8,4.0,3.8,1.85,,,,4.26,3.96,1.84,4.78,3.84,1.78,E0 (7).csv,4.15,3.8,1.83,4.33,3.8,1.8,4.33,3.8,1.83,,,,,,,,,,,,,
2020-01-11,Everton,Brighton,1.85,3.8,4.0,1.87,3.6,4.2,,,,1.94,3.59,4.25,1.93,3.8,4.02,E0 (7).csv,1.9,3.6,4.05,1.75,3.5,4.2,1.91,3.6,4.2,,,,,,,,,,,,,
2020-01-11,Chelsea,Burnley,1.28,5.5,11.0,1.3,5.5,10.0,,,,1.3,5.68,11.52,1.36,5.12,9.69,E0 (7).csv,1.28,5.6,10.5,1.29,5.5,11.0,1.29,5.5,12.0,,,,,,,,,,,,,
2020-01-11,Leicester,Southampton,1.6,4.0,5.5,1.62,4.0,5.5,,,,1.65,4.03,5.7,1.73,3.9,5.12,E0 (7).csv,1.65,4.05,5.0,1.63,3.9,5.5,1.65,4.0,5.4,,,,,,,,,,,,,
2020-01-12,Bournemouth,Watford,2.6,3.3,2.7,2.45,3.4,2.85,,,,2.67,3.37,2.78,2.58,3.45,2.83,E0 (7).csv,2.6,3.35,2.7,2.62,3.3,2.7,2.6,3.4,2.7,,,,,,,,,,,,,
2020-01-12,Aston Villa,Man City,13.0,8.5,1.16,14.0,8.5,1.16,,,,14.54,8.51,1.18,15.31,9.4,1.16,E0 (7).csv,13.5,8.0,1.17,15.0,8.0,1.17,15.0,8.0,1.17,,,,,,,,,,,,,
2020-01-18,Newcastle,Chelsea,6.0,4.5,1.5,6.0,4.6,1.5,,,,6.11,4.72,1.52,5.51,4.42,1.61,E0 (7).csv,5.9,4.4,1.53,6.0,4.5,1.52,6.0,4.5,1.53,,,,,,,,,,,,,
2020-01-18,Watford,Tottenham,3.25,3.5,2.2,3.1,3.6,2.2,,,,3.19,3.55,2.3,3.11,3.55,2.34,E0 (7).csv,3.15,3.5,2.2,3.1,3.5,2.25,3.25,3.5,2.25,,,,,,,,,,,,,
2020-01-18,Arsenal,Sheffield United,1.83,3.6,4.33,1.8,3.7,4.5,,,,1.88,3.62,4.54,2.09,3.34,3.96,E0 (7).csv,1.83,3.6,4.4,1.83,3.6,4.4,1.83,3.6,4.6,,,,,,,,,,,,,
2020-01-18,Brighton,Aston Villa,1.66,4.0,5.0,1.62,4.33,5.0,,,,1.65,4.43,4.99,1.68,4.26,4.96,E0 (7).csv,1.65,4.0,5.0,1.63,4.2,5.0,1.65,4.1,5.25,,,,,,,,,,,,,
2020-01-18,Man City,Crystal Palace,1.1,11.0,19.0,1.11,9.75,23.0,,,,1.1,11.01,26.91,1.09,12.35,29.32,E0 (7).csv,1.1,10.0,23.0,1.08,11.0,29.0,1.07,11.0,29.0,,,,,,,,,,,,,
2020-01-18,Norwich,Bournemouth,2.2,3.5,3.25,2.2,3.5,3.2,,,,2.25,3.65,3.2,2.28,3.52,3.26,E0 (7).csv,2.2,3.55,3.15,2.2,3.5,3.2,2.2,3.5,3.3,,,,,,,,,,,,,
2020-01-18,Southampton,Wolves,2.4,3.4,3.0,2.35,3.4,3.0,,,,2.44,3.4,3.07,2.63,3.11,3.04,E0 (7).csv,2.4,3.3,3.0,2.38,3.3,3.1,2.4,3.3,3.13,,,,,,,,,,,,,
2020-01-18,West Ham,Everton,2.9,3.5,2.37,2.95,3.5,2.35,,,,3.01,3.53,2.41,2.97,3.45,2.48,E0 (7).csv,2.9,3.4,2.4,3.0,3.4,2.38,3.0,3.4,2.4,,,,,,,,,,,,,
2020-01-19,Liverpool,Man United,1.36,5.25,8.0,1.4,5.25,7.0,,,,1.37,5.3,8.86,1.46,4.64,7.58,E0 (7).csv,1.37,5.0,8.2,1.35,5.0,9.0,1.33,5.0,9.5,,,,,,,,,,,,,
2020-01-19,Burnley,Leicester,4.33,3.75,1.83,4.33,3.7,1.83,,,,4.17,3.79,1.91,4.22,3.75,1.91,E0 (7).csv,4.1,3.65,1.87,4.2,3.7,1.85,4.3,3.6,1.85,,,,,,,,,,,,,
2020-01-21,Everton,Newcastle,1.55,4.1,6.0,1.6,4.0,6.0,,,,1.61,3.96,6.31,1.49,4.45,7.4,E0 (7).csv,1.6,4.0,5.6,1.57,3.8,6.5,1.6,3.9,6.25,,,,,,,,,,,,,
2020-01-21,Chelsea,Arsenal,1.72,3.9,4.5,1.75,3.9,4.75,,,,1.74,4.01,4.82,1.74,3.93,4.96,E0 (7).csv,1.75,3.9,4.4,1.73,3.9,4.6,1.73,3.9,4.8,,,,,,,,,,,,,
2020-01-21,Bournemouth,Brighton,2.87,3.4,2.45,2.9,3.4,2.5,,,,3.0,3.39,2.49,2.87,3.28,2.66,E0 (7).csv,2.9,3.3,2.45,2.9,3.3,2.5,3.0,3.3,2.5,,,,,,,,,,,,,
2020-01-21,Aston Villa,Watford,2.8,3.5,2.45,2.9,3.5,2.45,,,,2.87,3.47,2.54,3.12,3.43,2.39,E0 (7).csv,2.8,3.4,2.5,2.8,3.4,2.5,2.9,3.4,2.5,,,,,,,,,,,,,
2020-01-21,Sheffield United,Man City,7.0,5.0,1.4,7.25,4.75,1.44,,,,7.44,4.87,1.45,8.26,4.69,1.43,E0 (7).csv,6.8,4.6,1.45,7.5,4.75,1.42,8.0,4.8,1.4,,,,,,,,,,,,,
2020-01-21,Crystal Palace,Southampton,2.7,3.25,2.7,2.75,3.3,2.7,,,,2.73,3.29,2.77,2.82,3.24,2.72,E0 (7).csv,2.7,3.15,2.7,2.7,3.2,2.7,2.75,3.13,2.8,,,,,,,,,,,,,
2020-01-22,Leicester,West Ham,1.53,4.33,6.0,1.53,4.5,5.75,,,,1.53,4.62,6.19,1.49,4.72,6.75,E0 (7).csv,1.53,4.4,5.8,1.52,4.4,6.0,1.53,4.4,6.25,,,,,,,,,,,,,
2020-01-22,Tottenham,Norwich,1.4,5.0,7.5,1.42,4.75,7.25,,,,1.43,5.02,7.59,1.39,5.05,8.8,E0 (7).csv,1.43,4.8,6.8,1.4,4.8,8.0,1.4,4.8,8.0,,,,,,,,,,,,,
2020-01-22,Man United,Burnley,1.36,4.75,9.0,1.4,4.75,7.75,,,,1.42,4.72,8.62,1.47,4.42,8.14,E0 (7).csv,1.42,4.55,7.6,1.4,4.5,8.5,1.4,4.5,9.0,,,,,,,,,,,,,
2020-01-23,Wolves,Liverpool,5.75,3.8,1.61,5.5,4.0,1.62,,,,5.95,3.93,1.65,5.02,4.09,1.7,E0 (7).csv,5.4,3.95,1.65,5.8,3.9,1.62,5.5,4.0,1.62,,,,,,,,,,,,,
2020-01-29,West Ham,Liverpool,8.5,5.5,1.33,8.25,5.5,1.34,,,,8.92,5.87,1.34,8.76,5.25,1.38,E0 (7).csv,8.4,5.4,1.35,9.0,5.5,1.32,9.5,5.4,1.33,,,,,,,,,,,,,
2020-02-01,Man United,Wolves,2.25,3.25,3.4,2.2,3.1,3.6,,,,2.24,3.3,3.55,2.12,3.5,3.68,E0 (7).csv,2.2,3.2,3.45,2.25,3.2,3.4,2.25,3.25,3.5,,,,,,,,,,,,,
2020-02-01,West Ham,Brighton,2.6,3.3,2.75,2.5,3.4,2.8,,,,2.56,3.44,2.86,2.52,3.42,2.93,E0 (7).csv,2.55,3.35,2.8,2.55,3.3,2.8,2.55,3.4,2.8,,,,,,,,,,,,,
2020-02-01,Watford,Everton,2.75,3.3,2.62,2.75,3.3,2.6,,,,2.73,3.36,2.73,3.1,3.39,2.42,E0 (7).csv,2.75,3.3,2.6,2.75,3.25,2.62,2.75,3.3,2.7,,,,,,,,,,,,,
2020-02-01,Bournemouth,Aston Villa,2.1,3.6,3.3,2.1,3.6,3.4,,,,2.17,3.6,3.43,2.15,3.4,3.7,E0 (7).csv,2.1,3.55,3.35,2.15,3.5,3.4,2.15,3.5,3.5,,,,,,,,,,,,,
2020-02-01,Liverpool,Southampton,1.25,6.0,12.0,1.28,5.75,10.5,,,,1.29,6.04,11.28,1.31,5.65,10.51,E0 (7).csv,1.3,5.7,9.8,1.27,5.8,11.0,1.29,5.75,11.5,,,,,,,,,,,,,
2020-02-01,Crystal Palace,Sheffield United,3.1,3.1,2.5,3.1,3.1,2.45,,,,3.13,3.1,2.58,3.25,3.03,2.55,E0 (7).csv,3.1,3.0,2.55,3.1,3.1,2.5,3.1,3.0,2.6,,,,,,,,,,,,,
2020-02-01,Leicester,Chelsea,2.5,3.6,2.7,2.5,3.5,2.75,,,,2.53,3.69,2.74,2.63,3.49,2.74,E0 (7).csv,2.5,3.55,2.7,2.5,3.6,2.7,2.55,3.6,2.7,,,,,,,,,,,,,
2020-02-01,Newcastle,Norwich,2.2,3.4,3.3,2.25,3.4,3.2,,,,2.27,3.45,3.33,2.25,3.38,3.44,E0 (7).csv,2.2,3.35,3.3,2.2,3.4,3.3,2.2,3.4,3.4,,,,,,,,,,,,,
2020-02-02,Burnley,Arsenal,3.6,3.6,2.0,3.8,3.4,2.05,,,,3.82,3.62,2.04,4.03,3.71,1.96,E0 (7).csv,3.7,3.5,2.0,3.75,3.5,2.0,3.8,3.5,2.0,,,,,,,,,,,,,
2020-02-02,Tottenham,Man City,5.5,4.6,1.53,5.75,4.5,1.53,,,,5.7,4.48,1.58,6.08,4.77,1.52,E0 (7).csv,5.3,4.4,1.57,5.8,4.33,1.55,5.75,4.5,1.53,,,,,,,,,,,,,
2020-02-08,Everton,Crystal Palace,1.61,3.8,6.0,1.62,3.7,6.0,,,,1.64,3.82,6.27,1.67,3.77,6.05,E0 (7).csv,1.65,3.75,5.7,1.63,3.7,6.0,1.65,3.75,6.0,,,,,,,,,,,,,
2020-02-08,Brighton,Watford,2.1,3.4,3.6,2.15,3.3,3.5,,,,2.2,3.38,3.57,2.36,3.3,3.28,E0 (7).csv,2.15,3.4,3.5,2.15,3.3,3.5,2.15,3.4,3.6,,,,,,,,,,,,,
2020-02-09,Sheffield United,Bournemouth,1.66,3.6,5.75,1.67,3.6,5.75,,,,1.74,3.55,5.72,1.81,3.42,5.46,E0 (7).csv,1.7,3.5,5.5,1.73,3.4,5.5,1.7,3.5,5.75,,,,,,,,,,,,,
2020-02-14,Wolves,Leicester,2.5,3.3,2.87,2.55,3.3,2.9,,,,2.57,3.32,2.93,2.69,3.17,2.91,E0 (7).csv,2.5,3.25,2.85,2.55,3.2,2.88,2.55,3.3,2.9,,,,,,,,,,,,,
2020-02-15,Southampton,Burnley,1.75,3.8,4.75,1.78,3.7,4.6,,,,1.83,3.7,4.68,1.65,4.12,5.49,E0 (7).csv,1.77,3.65,4.65,1.75,3.7,4.8,1.75,3.7,5.0,,,,,,,,,,,,,
2020-02-15,Norwich,Liverpool,11.0,6.25,1.25,9.75,6.0,1.28,,,,10.45,6.12,1.29,9.19,5.38,1.36,E0 (7).csv,9.6,5.5,1.3,10.0,5.8,1.29,10.5,5.75,1.3,,,,,,,,,,,,,
2020-02-16,Arsenal,Newcastle,1.4,4.75,8.0,1.4,4.75,8.0,,,,1.45,4.57,8.0,1.46,4.55,7.93,E0 (7).csv,1.45,4.5,7.0,1.42,4.5,8.0,1.4,4.5,8.5,,,,,,,,,,,,,
2020-02-16,Aston Villa,Tottenham,4.0,3.8,1.85,4.0,3.8,1.85,,,,4.11,3.8,1.92,3.95,3.74,1.97,E0 (7).csv,3.95,3.8,1.87,4.0,3.75,1.88,4.1,3.75,1.85,,,,,,,,,,,,,
2020-02-17,Chelsea,Man United,1.85,3.5,4.5,1.87,3.5,4.33,,,,1.86,3.7,4.53,2.02,3.47,4.08,E0 (7).csv,1.85,3.6,4.3,1.85,3.6,4.33,1.85,3.6,4.33,,,,,,,,,,,,,
2020-02-19,Man City,West Ham,1.12,9.5,17.0,1.13,9.0,18.0,,,,1.13,9.52,19.01,1.13,10.24,21.36,E0 (7).csv,1.13,9.1,17.0,1.12,9.0,19.0,1.14,9.0,19.0,,,,,,,,,,,,,
2020-02-22,Leicester,Man City,4.5,4.2,1.7,4.5,4.2,1.7,,,,4.62,4.28,1.72,5.52,4.55,1.58,E0 (7).csv,4.35,4.1,1.73,4.5,4.0,1.73,4.6,4.1,1.73,,,,,,,,,,,,,
2020-02-22,Southampton,Aston Villa,1.61,4.33,5.0,1.62,4.1,5.25,,,,1.65,4.34,5.19,1.77,3.98,4.67,E0 (7).csv,1.65,4.15,4.9,1.62,4.2,5.25,1.62,4.2,5.5,,,,,,,,,,,,,
2020-02-22,Crystal Palace,Newcastle,1.95,3.4,4.2,1.91,3.3,4.4,,,,2.02,3.33,4.32,2.25,3.23,3.62,E0 (7).csv,1.97,3.25,4.35,1.95,3.3,4.33,1.95,3.2,4.6,,,,,,,,,,,,,
2020-02-22,Burnley,Bournemouth,2.1,3.3,3.7,2.15,3.25,3.6,,,,2.16,3.32,3.76,2.22,3.38,3.53,E0 (7).csv,2.15,3.25,3.65,2.1,3.25,3.7,2.15,3.25,3.75,,,,,,,,,,,,,
2020-02-22,Sheffield United,Brighton,1.95,3.4,4.2,1.91,3.4,4.25,,,,1.97,3.38,4.47,1.97,3.44,4.38,E0 (7).csv,1.95,3.35,4.2,1.95,3.25,4.33,1.95,3.3,4.5,,,,,,,,,,,,,
2020-02-22,Chelsea,Tottenham,1.72,4.0,4.5,1.72,4.0,4.6,,,,1.75,3.99,4.8,1.88,3.55,4.6,E0 (7).csv,1.73,3.85,4.65,1.73,3.9,4.75,1.73,3.9,5.0,,,,,,,,,,,,,
2020-02-23,Arsenal,Everton,2.0,3.6,3.7,2.0,3.6,3.7,,,,2.08,3.63,3.65,2.0,3.67,3.91,E0 (7).csv,2.05,3.6,3.55,2.05,3.5,3.6,2.0,3.6,3.6,,,,,,,,,,,,,
2020-02-23,Man United,Watford,1.6,3.9,6.0,1.57,4.0,6.0,,,,1.61,4.02,6.2,1.61,3.98,6.31,E0 (7).csv,1.6,3.95,5.6,1.6,3.9,6.0,1.6,3.9,6.0,,,,,,,,,,,,,
2020-02-23,Wolves,Norwich,1.5,4.2,7.0,1.53,4.33,6.0,,,,1.52,4.32,7.0,1.51,4.37,7.27,E0 (7).csv,1.53,4.15,6.2,1.52,4.2,6.5,1.5,4.2,7.0,,,,,,,,,,,,,
2020-02-24,Liverpool,West Ham,1.16,8.0,15.0,1.17,7.5,16.0,,,,1.16,8.19,17.1,1.15,9.09,19.01,E0 (7).csv,1.18,7.5,14.5,1.17,7.5,17.0,1.15,7.5,19.0,,,,,,,,,,,,,
2020-02-28,Norwich,Leicester,4.33,4.1,1.72,4.6,4.1,1.72,,,,4.75,4.04,1.75,4.18,3.89,1.88,E0 (7).csv,4.4,3.9,1.75,4.75,4.0,1.7,5.0,4.0,1.7,,,,,,,,,,,,,
2020-02-29,Brighton,Crystal Palace,2.05,3.25,3.9,2.05,3.2,4.0,,,,2.09,3.3,4.03,2.26,3.16,3.68,E0 (7).csv,2.05,3.25,3.9,2.05,3.25,3.9,2.15,3.2,3.8,,,,,,,,,,,,,
2020-02-29,Bournemouth,Chelsea,4.75,3.8,1.72,4.75,3.9,1.72,,,,4.67,3.87,1.79,4.09,3.79,1.93,E0 (7).csv,4.55,3.8,1.77,4.6,3.7,1.78,4.8,3.8,1.75,,,,,,,,,,,,,
2020-02-29,Newcastle,Burnley,2.62,3.1,2.9,2.55,3.1,3.0,,,,2.7,3.14,2.92,2.75,3.26,2.78,E0 (7).csv,2.6,3.1,2.9,2.62,3.1,2.88,2.7,3.1,2.9,,,,,,,,,,,,,
2020-02-29,West Ham,Southampton,2.65,3.6,2.5,2.65,3.6,2.55,,,,2.77,3.61,2.55,2.58,3.52,2.79,E0 (7).csv,2.7,3.5,2.55,2.7,3.5,2.55,2.75,3.5,2.6,,,,,,,,,,,,,
2020-02-29,Watford,Liverpool,8.0,4.75,1.4,7.5,5.0,1.4,,,,7.52,4.92,1.44,6.75,4.76,1.49,E0 (7).csv,6.9,4.75,1.43,7.5,4.8,1.42,7.5,4.6,1.44,,,,,,,,,,,,,
2020-03-01,Everton,Man United,2.5,3.25,2.9,2.5,3.4,2.8,,,,2.56,3.42,2.88,2.89,3.3,2.62,E0 (7).csv,2.55,3.3,2.85,2.55,3.3,2.8,2.5,3.3,2.88,,,,,,,,,,,,,
2020-03-01,Tottenham,Wolves,2.45,3.2,3.0,2.35,3.25,3.2,,,,2.47,3.19,3.21,2.88,3.1,2.77,E0 (7).csv,2.45,3.15,3.1,2.45,3.1,3.1,2.45,3.13,3.1,,,,,,,,,,,,,
2020-03-07,Burnley,Tottenham,2.7,3.3,2.62,2.7,3.25,2.7,,,,2.74,3.38,2.71,2.73,3.35,2.74,E0 (7).csv,2.7,3.25,2.65,2.7,3.25,2.7,2.7,3.25,2.75,,,,,,,,,,,,,
2020-03-07,Wolves,Brighton,1.61,3.9,5.75,1.65,3.9,5.25,,,,1.66,4.08,5.47,1.75,3.67,5.31,E0 (7).csv,1.65,3.9,5.4,1.63,3.9,5.5,1.65,3.8,6.0,,,,,,,,,,,,,
2020-03-07,Crystal Palace,Watford,2.55,3.2,2.9,2.6,3.2,2.85,,,,2.62,3.21,2.96,2.8,3.05,2.89,E0 (7).csv,2.55,3.15,2.95,2.55,3.1,3.0,2.55,3.1,3.1,,,,,,,,,,,,,
2020-03-07,Sheffield United,Norwich,1.65,3.75,5.75,1.65,3.7,5.75,,,,1.66,3.87,5.87,1.66,4.07,5.48,E0 (7).csv,1.67,3.75,5.4,1.65,3.7,5.8,1.65,3.7,6.0,,,,,,,,,,,,,
2020-03-07,Arsenal,West Ham,1.57,4.4,5.5,1.53,4.33,6.0,,,,1.57,4.41,5.95,1.68,4.15,5.1,E0 (7).csv,1.57,4.3,5.4,1.55,4.33,5.8,1.55,4.33,6.0,,,,,,,,,,,,,
2020-03-07,Southampton,Newcastle,1.61,4.1,5.25,1.65,3.9,5.25,,,,1.7,3.88,5.39,1.75,3.95,4.89,E0 (7).csv,1.67,3.9,5.0,1.67,3.8,5.25,1.67,3.9,5.5,,,,,,,,,,,,,
2020-03-07,Liverpool,Bournemouth,1.22,6.5,13.0,1.25,6.0,12.5,,,,1.25,6.44,12.49,1.22,7.06,13.2,E0 (7).csv,1.27,6.0,10.5,1.25,6.0,12.0,1.25,6.0,13.0,,,,,,,,,,,,,
2020-03-08,Chelsea,Everton,1.8,3.9,4.2,1.83,3.6,4.4,,,,1.9,3.72,4.28,1.88,3.86,4.19,E0 (7).csv,1.87,3.75,4.05,1.85,3.7,4.2,1.83,3.75,4.2,,,,,,,,,,,,,
2020-03-08,Man United,Man City,5.0,4.33,1.6,5.0,4.25,1.62,,,,5.0,4.33,1.67,4.36,3.93,1.83,E0 (7).csv,4.95,4.2,1.65,5.0,4.2,1.63,5.0,4.1,1.65,,,,,,,,,,,,,
2020-03-09,Leicester,Aston Villa,1.36,5.25,8.0,1.36,5.0,8.5,,,,1.39,5.15,8.54,1.52,4.6,6.34,E0 (7).csv,1.4,5.0,7.5,1.38,5.0,8.0,1.36,5.0,8.5,,,,,,,,,,,,,
2020-06-17,Aston Villa,Sheffield United,3.2,3.4,2.25,3.2,3.4,2.2,,,,3.48,3.37,2.28,3.33,3.38,2.35,E0 (7).csv,3.25,3.3,2.25,3.3,3.3,2.25,3.3,3.3,2.25,,,,,,,,,,,,,
2020-06-17,Man City,Arsenal,1.36,5.25,7.5,1.34,5.25,8.25,,,,1.37,5.65,8.52,1.29,6.6,9.96,E0 (7).csv,1.35,5.5,7.8,1.33,5.5,8.5,1.33,5.5,9.0,,,,,,,,,,,,,
2020-06-19,Norwich,Southampton,2.8,3.5,2.45,3.2,3.5,2.2,,,,2.86,3.43,2.63,2.96,3.5,2.51,E0 (7).csv,2.8,3.35,2.5,2.8,3.4,2.5,2.8,3.4,2.55,,,,,,,,,,,,,
2020-06-19,Tottenham,Man United,3.0,3.4,2.37,2.95,3.4,2.4,,,,3.14,3.41,2.43,3.39,3.52,2.26,E0 (7).csv,3.0,3.35,2.4,3.0,3.4,2.38,3.0,3.4,2.4,,,,,,,,,,,,,
2020-06-20,Bournemouth,Crystal Palace,2.45,3.2,3.0,2.45,3.3,2.95,,,,2.55,3.32,3.04,2.85,3.13,2.85,E0 (7).csv,2.5,3.2,2.95,2.5,3.2,3.0,2.5,3.25,3.0,,,,,,,,,,,,,
2020-06-20,Watford,Leicester,3.6,3.5,2.05,3.3,3.6,2.15,,,,3.73,3.6,2.1,3.78,3.44,2.14,E0 (7).csv,3.6,3.5,2.05,3.6,3.5,2.05,3.6,3.5,2.1,,,,,,,,,,,,,
2020-06-20,Brighton,Arsenal,3.1,3.25,2.37,3.4,3.4,2.15,,,,3.03,3.42,2.5,3.29,3.45,2.33,E0 (7).csv,2.95,3.35,2.4,3.0,3.3,2.4,3.0,3.4,2.4,,,,,,,,,,,,,
2020-06-20,West Ham,Wolves,3.6,3.4,2.1,3.6,3.4,2.1,,,,3.7,3.4,2.19,4.2,3.58,1.98,E0 (7).csv,3.55,3.35,2.15,3.6,3.3,2.15,3.6,3.4,2.15,,,,,,,,,,,,,
2020-06-21,Aston Villa,Chelsea,6.0,4.5,1.5,5.75,4.1,1.57,,,,6.23,4.72,1.53,7.25,4.61,1.49,E0 (7).csv,5.9,4.45,1.53,6.0,4.6,1.5,6.5,4.4,1.5,,,,,,,,,,,,,
2020-06-21,Newcastle,Sheffield United,3.3,3.1,2.37,3.3,3.2,2.3,,,,3.39,3.16,2.43,3.31,3.13,2.5,E0 (7).csv,3.3,3.05,2.35,3.3,3.1,2.35,3.4,3.0,2.38,,,,,,,,,,,,,
2020-06-21,Everton,Liverpool,6.0,4.2,1.55,5.5,4.25,1.57,,,,5.9,4.37,1.6,6.04,4.05,1.63,E0 (7).csv,5.5,4.2,1.57,5.8,4.2,1.57,5.75,4.2,1.57,,,,,,,,,,,,,
2020-06-22,Man City,Burnley,1.12,9.0,15.0,1.15,9.0,15.0,,,,1.13,9.32,20.02,1.13,9.76,28.4,E0 (7).csv,1.13,8.6,18.5,1.11,9.0,23.0,1.11,9.0,26.0,,,,,,,,,,,,,
2020-06-23,Leicester,Brighton,1.6,4.0,5.75,1.65,3.9,5.25,,,,1.64,4.07,5.8,1.65,3.99,6.02,E0 (7).csv,1.65,3.8,5.4,1.62,3.9,5.8,1.62,3.9,6.0,,,,,,,,,,,,,
2020-06-23,Tottenham,West Ham,1.66,4.0,5.0,1.65,4.1,5.0,,,,1.68,4.12,5.22,1.56,4.19,6.86,E0 (7).csv,1.65,3.9,5.2,1.65,3.9,5.25,1.67,4.0,5.25,,,,,,,,,,,,,
2020-06-24,Man United,Sheffield United,1.4,4.5,8.5,1.42,4.5,8.0,,,,1.4,4.47,9.32,1.37,5.0,10.32,E0 (7).csv,1.41,4.4,8.5,1.42,4.2,9.0,1.44,4.2,9.0,,,,,,,,,,,,,
2020-06-24,Newcastle,Aston Villa,2.3,3.3,3.2,2.3,3.3,3.25,,,,2.35,3.39,3.22,2.4,3.45,3.17,E0 (7).csv,2.3,3.3,3.15,2.3,3.3,3.2,2.38,3.3,3.2,,,,,,,,,,,,,
2020-06-24,Norwich,Everton,3.9,3.6,1.9,3.75,3.7,1.95,,,,4.06,3.76,1.93,4.48,3.62,1.91,E0 (7).csv,3.95,3.65,1.9,4.0,3.6,1.91,4.0,3.6,1.95,,,,,,,,,,,,,
2020-06-24,Liverpool,Crystal Palace,1.22,6.5,13.0,1.22,6.25,14.0,,,,1.25,6.42,13.96,1.3,5.85,11.67,E0 (7).csv,1.26,5.7,12.0,1.22,6.0,15.0,1.25,6.0,13.0,,,,,,,,,,,,,
2020-06-24,Wolves,Bournemouth,1.55,4.0,6.0,1.57,4.1,6.0,,,,1.6,4.09,6.21,1.59,3.83,7.43,E0 (7).csv,1.57,3.95,6.0,1.55,4.0,6.5,1.57,3.9,6.5,,,,,,,,,,,,,
2020-06-25,Burnley,Watford,3.0,3.25,2.45,2.95,3.2,2.5,,,,3.09,3.25,2.51,3.72,3.33,2.2,E0 (7).csv,3.0,3.2,2.5,3.0,3.2,2.45,3.0,3.2,2.5,,,,,,,,,,,,,
2020-06-25,Southampton,Arsenal,2.6,3.5,2.62,2.65,3.4,2.65,,,,2.69,3.53,2.67,2.7,3.65,2.65,E0 (7).csv,2.6,3.45,2.65,2.6,3.5,2.62,2.63,3.5,2.63,,,,,,,,,,,,,
2020-06-25,Chelsea,Man City,4.0,4.0,1.8,4.1,4.0,1.8,,,,4.1,4.24,1.82,4.29,3.96,1.85,E0 (7).csv,4.15,4.0,1.8,4.2,4.0,1.78,4.4,4.0,1.75,,,,,,,,,,,,,
2020-06-27,Aston Villa,Wolves,4.6,3.7,1.75,4.75,3.6,1.78,,,,4.98,3.81,1.76,4.61,3.48,1.93,E0 (7).csv,4.8,3.65,1.77,4.8,3.7,1.75,5.0,3.6,1.8,,,,,,,,,,,,,
2020-06-28,Watford,Southampton,2.5,3.3,2.87,2.5,3.3,2.9,,,,2.51,3.39,2.96,2.41,3.28,3.31,E0 (7).csv,2.5,3.3,2.9,2.45,3.3,2.9,2.5,3.3,2.9,,,,,,,,,,,,,
2020-06-29,Crystal Palace,Burnley,2.25,3.2,3.4,2.25,3.2,3.4,,,,2.37,3.18,3.41,2.06,3.18,4.5,E0 (7).csv,2.3,3.1,3.35,2.3,3.2,3.3,2.25,3.1,3.5,,,,,,,,,,,,,
2020-06-30,Brighton,Man United,6.0,3.8,1.61,6.0,3.8,1.62,,,,6.61,3.92,1.62,7.42,4.14,1.54,E0 (7).csv,6.1,3.85,1.6,6.5,3.9,1.57,7.0,3.9,1.57,,,,,,,,,,,,,
2020-07-01,West Ham,Chelsea,5.5,4.33,1.57,5.25,4.2,1.62,,,,5.71,4.41,1.61,7.15,4.78,1.48,E0 (7).csv,5.4,4.2,1.6,5.8,4.2,1.57,6.0,4.2,1.57,,,,,,,,,,,,,
2020-07-01,Everton,Leicester,2.5,3.3,2.9,2.5,3.3,2.85,,,,2.59,3.36,2.96,2.64,3.25,2.99,E0 (7).csv,2.5,3.25,2.85,2.55,3.25,2.88,2.55,3.25,2.9,,,,,,,,,,,,,
2020-07-01,Arsenal,Norwich,1.44,4.75,7.0,1.45,4.75,6.5,,,,1.46,4.85,7.42,1.47,4.89,7.05,E0 (7).csv,1.45,4.65,6.9,1.42,4.6,8.0,1.44,4.6,7.5,,,,,,,,,,,,,
2020-07-01,Bournemouth,Newcastle,2.4,3.1,3.2,2.3,3.25,3.2,,,,2.47,3.23,3.25,2.2,3.22,3.88,E0 (7).csv,2.4,3.1,3.15,2.38,3.2,3.2,2.4,3.1,3.3,,,,,,,,,,,,,
2020-07-02,Sheffield United,Tottenham,4.2,3.4,1.95,4.2,3.4,1.95,,,,4.17,3.49,2.01,4.66,3.7,1.83,E0 (7).csv,4.05,3.4,1.97,4.2,3.4,1.95,4.2,3.4,1.93,,,,,,,,,,,,,
2020-07-02,Man City,Liverpool,2.05,3.9,3.3,2.05,3.8,3.3,,,,2.08,4.01,3.42,2.05,3.79,3.59,E0 (7).csv,2.05,3.8,3.3,2.05,3.8,3.3,2.1,3.75,3.3,,,,,,,,,,,,,
2020-07-04,Norwich,Brighton,3.3,3.4,2.2,3.3,3.3,2.25,,,,3.47,3.38,2.24,3.41,3.25,2.33,E0 (7).csv,3.35,3.3,2.2,3.4,3.3,2.2,3.5,3.3,2.2,,,,,,,,,,,,,
2020-07-04,Leicester,Crystal Palace,1.66,3.6,5.75,1.65,3.6,6.0,,,,1.68,3.66,6.08,1.66,3.86,5.85,E0 (7).csv,1.67,3.6,5.6,1.65,3.6,6.0,1.67,3.6,6.0,,,,,,,,,,,,,
2020-07-04,Man United,Bournemouth,1.16,7.5,17.0,1.17,7.0,18.0,,,,1.17,7.66,18.7,1.19,7.81,16.0,E0 (7).csv,1.18,7.1,16.0,1.15,7.5,19.0,1.17,7.5,20.0,,,,,,,,,,,,,
2020-07-04,Wolves,Arsenal,2.25,3.4,3.25,2.25,3.25,3.4,,,,2.28,3.33,3.43,2.4,3.21,3.32,E0 (7).csv,2.25,3.25,3.3,2.25,3.3,3.3,2.3,3.3,3.3,,,,,,,,,,,,,
2020-07-04,Chelsea,Watford,1.4,4.75,8.0,1.42,4.5,8.0,,,,1.43,4.6,8.69,1.37,5.16,9.16,E0 (7).csv,1.45,4.55,7.4,1.38,4.6,9.0,1.44,4.6,8.0,,,,,,,,,,,,,
2020-07-05,Southampton,Man City,8.5,6.0,1.3,8.5,5.5,1.33,,,,9.17,5.61,1.34,8.93,5.99,1.32,E0 (7).csv,8.6,5.4,1.33,10.0,5.5,1.3,10.0,5.5,1.3,,,,,,,,,,,,,
2020-07-05,Newcastle,West Ham,2.6,3.3,2.75,2.65,3.25,2.75,,,,2.72,3.31,2.77,2.75,3.43,2.66,E0 (7).csv,2.65,3.25,2.7,2.62,3.3,2.7,2.63,3.25,2.75,,,,,,,,,,,,,
2020-07-05,Burnley,Sheffield United,2.9,3.0,2.7,2.9,2.95,2.75,,,,2.96,3.0,2.79,3.21,2.95,2.64,E0 (7).csv,2.9,2.95,2.7,2.9,3.0,2.7,2.9,2.9,2.75,,,,,,,,,,,,,
2020-07-05,Liverpool,Aston Villa,1.33,5.5,8.5,1.34,5.5,8.25,,,,1.35,5.51,8.94,1.18,8.0,15.87,E0 (7).csv,1.35,5.3,8.0,1.32,5.5,9.0,1.33,5.5,9.0,,,,,,,,,,,,,
2020-07-06,Tottenham,Everton,2.1,3.5,3.4,2.05,3.6,3.5,,,,2.19,3.54,3.53,2.01,3.64,3.92,E0 (7).csv,2.1,3.5,3.4,2.1,3.6,3.4,2.1,3.5,3.5,,,,,,,,,,,,,
2020-07-07,Crystal Palace,Chelsea,8.5,4.5,1.4,8.0,4.5,1.42,,,,8.61,4.45,1.45,7.51,4.4,1.49,E0 (7).csv,8.5,4.5,1.4,8.5,4.5,1.4,9.0,4.5,1.4,,,,,,,,,,,,,
2020-07-07,Watford,Norwich,1.7,3.75,5.0,1.72,3.7,5.0,,,,1.77,3.75,5.05,1.8,3.74,4.8,E0 (7).csv,1.77,3.65,4.8,1.73,3.6,5.25,1.75,3.6,5.25,,,,,,,,,,,,,
2020-07-07,Arsenal,Leicester,2.3,3.5,3.0,2.3,3.4,3.1,,,,2.43,3.43,3.06,2.24,3.46,3.39,E0 (7).csv,2.35,3.4,3.0,2.38,3.4,3.0,2.4,3.4,3.0,,,,,,,,,,,,,
2020-07-08,Man City,Newcastle,1.12,9.0,21.0,1.12,9.25,21.0,,,,1.12,9.75,25.19,1.09,12.02,25.19,E0 (7).csv,1.13,8.5,20.0,1.11,9.0,26.0,1.12,9.0,29.0,,,,,,,,,,,,,
2020-07-08,Sheffield United,Wolves,3.8,3.2,2.1,3.9,3.0,2.15,,,,4.08,3.05,2.19,4.27,3.11,2.11,E0 (7).csv,3.95,3.05,2.15,4.0,3.1,2.1,4.1,3.1,2.1,,,,,,,,,,,,,
2020-07-08,West Ham,Burnley,2.0,3.4,3.9,2.0,3.4,3.9,,,,2.05,3.51,3.9,1.87,3.67,4.5,E0 (7).csv,2.0,3.4,3.85,2.0,3.4,3.9,2.0,3.4,4.0,,,,,,,,,,,,,
2020-07-08,Brighton,Liverpool,6.0,4.33,1.53,5.75,4.33,1.55,,,,6.08,4.3,1.58,5.95,4.07,1.62,E0 (7).csv,5.9,4.2,1.55,6.0,4.2,1.55,6.5,4.2,1.55,,,,,,,,,,,,,
2020-07-09,Aston Villa,Man United,9.0,5.25,1.33,9.25,5.25,1.33,,,,9.47,5.22,1.36,9.29,5.84,1.33,E0 (7).csv,8.7,5.1,1.35,10.0,5.0,1.33,10.0,5.0,1.33,,,,,,,,,,,,,
2020-07-09,Bournemouth,Tottenham,5.25,3.8,1.66,5.0,4.1,1.65,,,,4.98,4.11,1.7,4.8,3.81,1.79,E0 (7).csv,4.85,3.95,1.7,5.0,4.0,1.67,5.0,4.0,1.67,,,,,,,,,,,,,
2020-07-09,Everton,Southampton,2.05,3.5,3.6,2.0,3.5,3.75,,,,2.11,3.57,3.61,2.1,3.44,3.81,E0 (7).csv,2.05,3.45,3.6,2.05,3.5,3.6,2.05,3.5,3.6,,,,,,,,,,,,,
2020-07-11,Watford,Newcastle,1.8,3.6,4.5,1.83,3.6,4.5,,,,1.83,3.65,4.74,1.92,3.57,4.41,E0 (7).csv,1.8,3.55,4.55,1.8,3.5,4.75,1.83,3.5,4.8,,,,,,,,,,,,,
2020-07-11,Liverpool,Burnley,1.22,6.5,12.0,1.25,6.0,11.5,,,,1.27,6.37,11.79,1.23,6.82,13.07,E0 (7).csv,1.26,6.1,11.0,1.24,6.5,12.0,1.22,6.5,13.0,,,,,,,,,,,,,
2020-07-11,Sheffield United,Chelsea,6.0,3.8,1.6,6.0,3.75,1.62,,,,6.14,3.95,1.63,5.0,3.83,1.76,E0 (7).csv,5.8,3.9,1.6,6.5,3.9,1.57,6.5,3.9,1.6,,,,,,,,,,,,,
2020-07-11,Brighton,Man City,10.0,5.5,1.28,10.0,5.5,1.3,,,,10.19,5.83,1.31,12.68,6.77,1.24,E0 (7).csv,9.6,5.6,1.3,11.0,5.5,1.29,12.0,5.5,1.29,,,,,,,,,,,,,
2020-07-11,Norwich,West Ham,3.75,3.75,1.95,3.8,3.6,1.95,,,,3.84,3.71,2.01,3.64,3.55,2.11,E0 (7).csv,3.9,3.55,1.95,3.7,3.6,2.0,3.8,3.6,2.0,,,,,,,,,,,,,
2020-07-12,Wolves,Everton,2.05,3.3,3.8,2.05,3.4,3.8,,,,2.06,3.3,4.15,2.12,3.21,4.07,E0 (7).csv,2.05,3.2,4.0,2.05,3.2,4.0,2.0,3.2,4.2,,,,,,,,,,,,,
2020-07-12,Aston Villa,Crystal Palace,2.25,3.3,3.3,2.25,3.3,3.3,,,,2.33,3.38,3.28,2.35,3.45,3.17,E0 (7).csv,2.25,3.35,3.2,2.25,3.3,3.3,2.25,3.3,3.3,,,,,,,,,,,,,
2020-07-12,Tottenham,Arsenal,2.62,3.4,2.7,2.65,3.4,2.65,,,,2.68,3.51,2.69,2.78,3.45,2.63,E0 (7).csv,2.6,3.45,2.65,2.6,3.4,2.7,2.6,3.4,2.7,,,,,,,,,,,,,
2020-07-12,Bournemouth,Leicester,5.25,3.8,1.66,5.0,4.0,1.67,,,,5.24,3.83,1.72,4.52,3.9,1.81,E0 (7).csv,4.95,3.8,1.7,5.25,3.7,1.7,5.25,3.75,1.7,,,,,,,,,,,,,
2020-07-13,Man United,Southampton,1.3,5.5,10.0,1.28,6.0,10.0,,,,1.28,5.99,11.75,1.28,6.34,10.55,E0 (7).csv,1.3,5.5,9.7,1.27,5.8,11.0,1.29,5.5,11.0,,,,,,,,,,,,,
2020-07-14,Chelsea,Norwich,1.12,9.5,17.0,1.13,8.75,18.5,,,,1.12,9.64,23.55,1.12,9.66,24.8,E0 (7).csv,1.12,9.0,20.0,1.11,9.0,23.0,1.12,10.0,21.0,,,,,,,,,,,,,
2020-07-15,Man City,Bournemouth,1.14,8.5,17.0,1.16,8.0,15.5,,,,1.16,8.83,15.59,1.17,8.49,14.53,E0 (7).csv,1.17,8.0,14.0,1.12,9.0,19.0,1.15,8.5,17.0,,,,,,,,,,,,,
2020-07-15,Newcastle,Tottenham,4.6,3.8,1.75,4.4,3.7,1.8,,,,4.6,3.84,1.81,5.39,4.28,1.64,E0 (7).csv,4.45,3.7,1.8,4.5,3.75,1.78,4.6,3.7,1.8,,,,,,,,,,,,,
2020-07-15,Arsenal,Liverpool,3.8,3.8,1.9,3.8,4.0,1.85,,,,3.97,3.98,1.9,4.74,4.33,1.7,E0 (7).csv,3.85,3.85,1.87,3.9,3.8,1.88,3.9,3.9,1.9,,,,,,,,,,,,,
2020-07-15,Burnley,Wolves,4.5,3.3,1.9,4.5,3.3,1.9,,,,4.74,3.37,1.93,4.6,3.42,1.93,E0 (7).csv,4.6,3.25,1.9,4.75,3.25,1.88,4.8,3.25,1.9,,,,,,,,,,,,,
2020-07-16,Everton,Aston Villa,2.0,3.5,3.75,1.95,3.6,3.8,,,,2.05,3.61,3.78,2.1,3.62,3.62,E0 (7).csv,2.0,3.55,3.65,2.0,3.6,3.7,2.0,3.5,3.8,,,,,,,,,,,,,
2020-07-16,Leicester,Sheffield United,2.05,3.25,3.9,1.95,3.4,4.1,,,,2.04,3.4,4.12,2.19,3.22,3.8,E0 (7).csv,2.0,3.35,3.95,2.0,3.4,4.0,2.0,3.3,4.1,,,,,,,,,,,,,
2020-07-16,Crystal Palace,Man United,9.5,4.75,1.36,9.25,4.75,1.36,,,,10.36,5.03,1.36,8.65,5.38,1.36,E0 (7).csv,9.6,5.0,1.35,10.0,5.0,1.33,10.5,5.0,1.33,,,,,,,,,,,,,
2020-07-16,Southampton,Brighton,2.15,3.3,3.5,2.2,3.25,3.5,,,,2.2,3.37,3.59,2.3,3.45,3.28,E0 (7).csv,2.15,3.25,3.5,2.15,3.3,3.5,2.15,3.25,3.6,,,,,,,,,,,,,
2020-07-17,West Ham,Watford,2.4,3.0,3.3,2.35,3.1,3.3,,,,2.43,3.04,3.46,2.54,2.92,3.39,E0 (7).csv,2.4,3.0,3.3,2.38,3.1,3.25,2.4,3.1,3.2,,,,,,,,,,,,,
2020-07-18,Norwich,Burnley,3.2,3.4,2.25,3.4,3.3,2.2,,,,3.4,3.43,2.25,3.19,3.45,2.34,E0 (7).csv,3.3,3.15,2.25,3.3,3.3,2.25,3.4,3.3,2.25,,,,,,,,,,,,,
2020-07-19,Bournemouth,Southampton,2.4,3.6,2.8,2.3,3.7,2.9,,,,2.43,3.78,2.82,2.46,3.82,2.76,E0 (7).csv,2.45,3.4,2.85,2.4,3.6,2.8,2.38,3.5,2.9,,,,,,,,,,,,,
2020-07-19,Tottenham,Leicester,2.25,3.3,3.25,2.35,3.3,3.1,,,,2.33,3.53,3.15,2.36,3.39,3.22,E0 (7).csv,2.35,3.25,3.05,2.3,3.4,3.1,2.3,3.3,3.2,,,,,,,,,,,,,
2020-07-20,Brighton,Newcastle,1.9,3.4,4.33,1.95,3.4,4.2,,,,1.97,3.48,4.3,2.01,3.55,4.0,E0 (7).csv,1.95,3.25,4.1,1.91,3.5,4.2,1.91,3.4,4.33,,,,,,,,,,,,,
2020-07-20,Sheffield United,Everton,2.2,3.25,3.5,2.15,3.3,3.5,,,,2.18,3.42,3.57,2.0,3.41,4.25,E0 (7).csv,2.2,3.1,3.55,2.15,3.3,3.5,2.15,3.2,3.7,,,,,,,,,,,,,
2020-07-20,Wolves,Crystal Palace,1.5,4.0,7.5,1.5,3.9,7.75,,,,1.51,4.12,8.08,1.46,4.31,8.7,E0 (7).csv,1.53,3.8,7.5,1.47,4.0,8.0,1.5,3.9,8.0,,,,,,,,,,,,,
2020-07-21,Watford,Man City,8.5,5.5,1.33,9.0,5.75,1.3,,,,8.57,5.73,1.34,9.2,6.37,1.3,E0 (7).csv,8.0,5.25,1.35,9.5,5.8,1.3,10.0,5.75,1.3,,,,,,,,,,,,,
2020-07-21,Aston Villa,Arsenal,3.3,3.6,2.1,3.25,3.9,2.05,,,,3.24,3.94,2.14,3.14,3.86,2.21,E0 (7).csv,3.25,3.55,2.15,3.2,3.8,2.1,3.3,3.7,2.15,,,,,,,,,,,,,
2020-07-22,Man United,West Ham,1.22,6.5,11.0,1.25,6.25,11.5,,,,1.26,6.37,12.18,1.27,6.55,10.55,E0 (7).csv,1.27,6.0,11.0,1.24,6.5,12.0,1.22,6.5,13.0,,,,,,,,,,,,,
2020-07-22,Liverpool,Chelsea,2.0,3.75,3.5,1.95,3.8,3.6,,,,2.08,3.71,3.59,1.93,3.8,4.09,E0 (7).csv,2.1,3.5,3.4,2.05,3.7,3.4,2.05,3.75,3.4,,,,,,,,,,,,,
2020-07-26,West Ham,Aston Villa,3.0,3.6,2.3,3.0,3.5,2.3,,,,3.12,3.62,2.31,2.66,3.53,2.69,E0 (7).csv,3.05,3.4,2.3,3.0,3.6,2.3,3.1,3.6,2.25,,,,,,,,,,,,,
2020-07-26,Southampton,Sheffield United,2.15,3.5,3.3,2.2,3.5,3.2,,,,2.18,3.54,3.46,2.0,3.68,3.93,E0 (7).csv,2.2,3.3,3.35,2.15,3.4,3.4,2.15,3.4,3.4,,,,,,,,,,,,,
2020-07-26,Newcastle,Liverpool,7.5,5.25,1.36,7.5,4.75,1.42,,,,7.79,5.07,1.41,5.42,4.62,1.58,E0 (7).csv,7.5,4.8,1.4,8.0,5.0,1.38,8.0,4.8,1.4,,,,,,,,,,,,,
2020-07-26,Man City,Norwich,1.08,11.0,26.0,1.05,13.5,41.0,,,,1.08,13.1,30.22,1.04,18.5,41.0,E0 (7).csv,1.07,12.0,30.0,1.07,15.0,21.0,1.05,13.0,34.0,,,,,,,,,,,,,
2020-07-26,Crystal Palace,Tottenham,6.0,4.2,1.55,6.0,4.2,1.55,,,,6.4,4.27,1.56,6.94,4.62,1.49,E0 (7).csv,6.0,4.0,1.57,6.5,4.2,1.52,6.5,4.1,1.53,,,,,,,,,,,,,
2020-07-26,Everton,Bournemouth,2.25,3.7,3.0,2.25,3.8,2.9,,,,2.26,3.87,3.03,2.34,3.7,3.01,E0 (7).csv,2.25,3.55,3.0,2.25,3.8,2.9,2.25,3.7,3.0,,,,,,,,,,,,,
2020-07-26,Chelsea,Wolves,1.85,3.8,4.0,1.8,3.8,4.25,,,,1.88,3.81,4.29,1.96,3.38,4.52,E0 (7).csv,1.9,3.5,4.2,1.83,3.7,4.33,1.83,3.75,4.2,,,,,,,,,,,,,
2020-07-26,Burnley,Brighton,2.37,3.4,3.0,2.3,3.4,3.1,,,,2.34,3.55,3.11,2.64,3.39,2.8,E0 (7).csv,2.35,3.25,3.1,2.3,3.4,3.1,2.3,3.4,3.13,,,,,,,,,,,,,
2020-07-26,Arsenal,Watford,1.9,3.8,3.8,1.91,3.75,3.8,,,,1.93,4.04,3.79,2.05,3.84,3.56,E0 (7).csv,1.95,3.85,3.7,1.91,3.9,3.75,1.9,3.8,3.8,,,,,,,,,,,,,
2020-07-26,Leicester,Man United,3.25,3.5,2.2,3.2,3.5,2.2,,,,3.25,3.51,2.28,3.76,3.65,2.05,E0 (7).csv,3.15,3.25,2.3,3.2,3.4,2.25,3.2,3.4,2.25,,,,,,,,,,,,,
2020-09-12,Liverpool,Leeds,1.28,6.0,9.5,1.26,6.25,10.5,,,,1.31,6.25,9.92,1.28,6.34,11.38,E0 (6).csv,1.35,5.0,8.5,1.27,6.0,10.0,1.3,5.75,10.5,,,,,,,,,,,,,
2020-09-12,West Ham,Newcastle,2.15,3.4,3.4,2.15,3.4,3.4,,,,2.18,3.61,3.5,2.04,3.59,3.92,E0 (6).csv,2.15,3.15,3.4,2.15,3.5,3.4,2.15,3.4,3.6,,,,,,,,,,,,,
2020-09-12,Crystal Palace,Southampton,3.1,3.25,2.37,3.0,3.2,2.45,,,,3.32,3.29,2.4,3.09,3.27,2.54,E0 (6).csv,3.15,2.95,2.4,3.2,3.2,2.35,3.2,3.2,2.4,,,,,,,,,,,,,
2020-09-12,Fulham,Arsenal,6.0,4.33,1.53,5.5,4.25,1.57,,,,6.16,4.51,1.56,5.48,3.98,1.69,E0 (6).csv,6.0,3.9,1.57,6.5,4.2,1.53,6.5,4.2,1.55,,,,,,,,,,,,,
2020-09-13,West Brom,Leicester,3.8,3.6,1.95,3.7,3.6,2.0,,,,4.0,3.59,2.0,3.38,3.38,2.32,E0 (6).csv,3.85,3.2,2.0,3.8,3.6,1.95,4.0,3.5,1.95,,,,,,,,,,,,,
2020-09-13,Tottenham,Everton,1.83,3.6,4.33,1.85,3.6,4.33,,,,1.94,3.57,4.3,2.09,3.5,3.88,E0 (6).csv,1.95,3.25,4.1,1.88,3.5,4.33,1.87,3.5,4.33,,,,,,,,,,,,,
2020-09-14,Brighton,Chelsea,5.0,4.33,1.61,5.0,4.1,1.65,,,,5.36,4.34,1.65,6.07,4.46,1.57,E0 (6).csv,5.0,3.7,1.67,5.25,4.0,1.65,5.25,3.9,1.65,,,,,,,,,,,,,
2020-09-14,Sheffield United,Wolves,3.25,3.1,2.37,3.4,3.1,2.3,,,,3.41,3.03,2.46,3.28,2.9,2.68,E0 (6).csv,3.35,2.7,2.45,3.3,3.1,2.38,3.4,3.0,2.38,,,,,,,,,,,,,
2020-09-19,Everton,West Brom,1.5,4.2,6.5,1.55,4.2,6.0,,,,1.55,4.33,6.46,1.61,4.12,6.41,E0 (6).csv,1.55,4.0,6.0,1.52,4.2,6.5,1.5,4.2,7.0,,,,,,,,,,,,,
2020-09-19,Leeds,Fulham,1.61,3.9,5.75,1.62,4.0,5.5,,,,1.65,4.05,5.61,1.75,3.91,5.12,E0 (6).csv,1.65,3.7,5.5,1.63,3.9,5.5,1.62,3.9,6.0,,,,,,,,,,,,,
2020-09-19,Man United,Crystal Palace,1.3,5.5,9.5,1.33,5.25,9.25,,,,1.3,5.88,9.8,1.38,5.18,9.33,E0 (6).csv,1.35,5.0,9.0,1.3,5.5,10.0,1.33,5.25,10.0,,,,,,,,,,,,,
2020-09-19,Arsenal,West Ham,1.53,4.5,5.5,1.53,4.33,6.0,,,,1.54,4.58,6.09,1.53,4.53,6.81,E0 (6).csv,1.55,4.2,5.75,1.52,4.4,6.0,1.55,4.33,6.0,,,,,,,,,,,,,
2020-09-20,Southampton,Tottenham,3.0,3.3,2.37,3.1,3.25,2.4,,,,3.12,3.39,2.41,3.45,3.46,2.27,E0 (6).csv,3.05,3.15,2.4,3.1,3.3,2.35,3.13,3.3,2.38,,,,,,,,,,,,,
2020-09-20,Newcastle,Brighton,2.6,3.1,2.87,2.75,3.1,2.75,,,,2.66,3.22,2.91,2.7,3.21,2.96,E0 (6).csv,2.65,2.9,2.85,2.7,3.2,2.75,2.63,3.1,2.88,,,,,,,,,,,,,
2020-09-20,Chelsea,Liverpool,3.1,3.6,2.2,3.1,3.7,2.2,,,,3.2,3.85,2.19,3.32,3.89,2.17,E0 (6).csv,3.1,3.5,2.2,3.2,3.6,2.2,3.2,3.7,2.15,,,,,,,,,,,,,
2020-09-20,Leicester,Burnley,1.61,4.0,5.5,1.6,4.0,5.75,,,,1.63,4.13,5.79,1.55,4.36,6.74,E0 (6).csv,1.63,3.7,5.75,1.62,3.9,5.8,1.6,3.9,6.0,,,,,,,,,,,,,
2020-09-21,Aston Villa,Sheffield United,2.7,3.1,2.75,2.7,3.2,2.7,,,,2.77,3.22,2.78,2.46,3.19,3.35,E0 (6).csv,2.7,2.95,2.75,2.7,3.2,2.7,2.7,3.13,2.8,,,,,,,,,,,,,
2020-09-21,Wolves,Man City,6.5,4.33,1.5,6.5,4.5,1.48,,,,6.27,4.35,1.56,6.7,4.55,1.53,E0 (6).csv,5.75,4.0,1.57,6.5,4.2,1.53,6.5,4.33,1.5,,,,,,,,,,,,,
2020-09-26,West Brom,Chelsea,9.0,4.75,1.36,8.5,4.5,1.4,,,,8.55,5.33,1.39,6.96,5.03,1.47,E0 (6).csv,8.0,4.7,1.4,8.5,4.8,1.38,9.0,5.0,1.36,,,,,,,,,,,,,
2020-09-26,Crystal Palace,Everton,3.75,3.25,2.1,3.8,3.3,2.05,,,,3.72,3.44,2.17,3.58,3.34,2.27,E0 (6).csv,3.65,3.1,2.15,3.7,3.25,2.1,3.75,3.25,2.1,,,,,,,,,,,,,
2020-09-26,Brighton,Man United,4.75,3.75,1.72,5.0,3.7,1.72,,,,5.1,3.82,1.78,5.58,4.36,1.63,E0 (6).csv,4.7,3.55,1.77,5.0,3.7,1.73,4.8,3.75,1.73,,,,,,,,,,,,,
2020-09-26,Burnley,Southampton,3.2,3.3,2.3,3.2,3.3,2.3,,,,3.41,3.31,2.36,3.37,3.47,2.3,E0 (6).csv,3.3,3.0,2.3,3.3,3.2,2.3,3.25,3.25,2.3,,,,,,,,,,,,,
2020-09-27,West Ham,Wolves,3.6,3.5,2.05,3.8,3.4,2.05,,,,3.87,3.5,2.1,3.43,3.35,2.33,E0 (6).csv,3.8,3.15,2.1,3.7,3.4,2.05,3.7,3.2,2.15,,,,,,,,,,,,,
2020-09-27,Man City,Leicester,1.28,6.0,9.5,1.3,6.0,9.0,,,,1.31,6.19,10.09,1.32,5.9,9.96,E0 (6).csv,1.3,5.75,9.0,1.27,5.8,11.0,1.29,5.75,10.0,,,,,,,,,,,,,
2020-09-27,Sheffield United,Leeds,2.7,3.3,2.62,2.7,3.4,2.6,,,,2.83,3.5,2.63,3.09,3.44,2.47,E0 (6).csv,2.75,3.15,2.6,2.7,3.3,2.62,2.75,3.3,2.6,,,,,,,,,,,,,
2020-09-27,Tottenham,Newcastle,1.45,4.5,7.0,1.48,4.4,6.75,,,,1.49,4.67,7.38,1.42,5.05,8.16,E0 (6).csv,1.5,4.2,6.75,1.47,4.33,7.5,1.44,4.5,7.5,,,,,,,,,,,,,
2020-09-28,Fulham,Aston Villa,2.9,3.25,2.5,2.85,3.25,2.55,,,,2.98,3.32,2.54,3.04,3.49,2.48,E0 (6).csv,2.95,3.05,2.5,2.9,3.25,2.5,2.88,3.25,2.55,,,,,,,,,,,,,
2020-09-28,Liverpool,Arsenal,1.45,4.75,6.5,1.5,4.75,5.75,,,,1.5,4.76,6.53,1.5,5.25,5.95,E0 (6).csv,1.5,4.4,6.0,1.47,4.6,6.5,1.45,4.6,6.5,,,,,,,,,,,,,
2020-10-03,Chelsea,Crystal Palace,1.4,4.75,8.0,1.42,4.75,7.5,,,,1.43,4.86,7.79,1.56,4.31,6.67,E0 (6).csv,1.47,4.5,6.75,1.42,4.6,8.0,1.4,4.75,8.0,,,,,,,,,,,,,
2020-10-03,Everton,Brighton,1.72,3.75,4.8,1.75,3.6,5.0,,,,1.78,3.82,4.82,1.81,3.86,4.78,E0 (6).csv,1.73,3.75,5.0,1.75,3.6,5.0,1.73,3.8,4.8,,,,,,,,,,,,,
2020-10-03,Leeds,Man City,7.5,5.25,1.36,7.0,5.25,1.4,,,,7.98,5.31,1.37,8.85,7.49,1.28,E0 (6).csv,7.0,5.0,1.4,8.0,5.0,1.38,7.5,5.5,1.36,,,,,,,,,,,,,
2020-10-03,Newcastle,Burnley,2.4,3.2,3.1,2.45,3.1,3.1,,,,2.51,3.2,3.12,2.45,3.38,3.17,E0 (6).csv,2.5,2.95,3.05,2.45,3.1,3.1,2.4,3.13,3.2,,,,,,,,,,,,,
2020-10-04,Aston Villa,Liverpool,10.0,5.5,1.3,9.75,5.5,1.3,,,,10.05,5.4,1.33,6.76,5.1,1.47,E0 (6).csv,8.25,5.0,1.35,9.0,5.25,1.33,10.0,5.5,1.3,,,,,,,,,,,,,
2020-10-04,Man United,Tottenham,1.85,3.8,4.0,1.91,3.7,3.9,,,,1.93,3.76,4.09,2.12,3.7,3.6,E0 (6).csv,1.95,3.45,3.95,1.91,3.7,3.9,1.9,3.6,4.1,,,,,,,,,,,,,
2020-10-04,Wolves,Fulham,1.5,4.0,7.5,1.5,4.0,7.25,,,,1.51,4.2,7.63,1.82,3.64,5.08,E0 (6).csv,1.53,3.8,7.0,1.52,3.9,7.5,1.5,4.0,7.5,,,,,,,,,,,,,
2020-10-04,Arsenal,Sheffield United,1.57,4.0,6.0,1.55,4.1,6.25,,,,1.56,4.17,6.73,1.5,4.46,7.41,E0 (6).csv,1.6,3.8,6.0,1.55,4.0,6.5,1.55,4.0,6.5,,,,,,,,,,,,,
2020-10-04,Southampton,West Brom,1.72,3.8,4.75,1.72,3.9,4.75,,,,1.78,3.91,4.71,1.88,3.88,4.34,E0 (6).csv,1.77,3.6,4.5,1.75,3.8,4.6,1.73,3.8,4.75,,,,,,,,,,,,,
2020-10-04,Leicester,West Ham,1.61,4.2,5.25,1.65,4.1,5.0,,,,1.7,4.16,4.94,1.87,3.88,4.38,E0 (6).csv,1.73,3.8,4.6,1.7,4.0,4.8,1.65,4.1,5.0,,,,,,,,,,,,,
2020-10-17,Newcastle,Man United,4.75,4.0,1.66,4.75,4.2,1.65,,,,4.87,4.18,1.74,4.77,4.21,1.74,E0 (6).csv,4.7,3.75,1.73,4.75,4.0,1.7,5.0,3.9,1.67,,,,,,,,,,,,,
2020-10-17,Everton,Liverpool,3.75,4.2,1.83,3.8,4.1,1.83,,,,4.04,4.2,1.87,4.22,4.24,1.83,E0 (6).csv,3.9,3.8,1.83,4.0,3.9,1.83,3.75,4.0,1.87,,,,,,,,,,,,,
2020-10-17,Chelsea,Southampton,1.45,4.75,6.5,1.5,4.6,6.0,,,,1.56,4.53,6.14,1.62,4.53,5.39,E0 (6).csv,1.57,4.2,5.75,1.53,4.33,6.0,1.5,4.5,6.0,,,,,,,,,,,,,
2020-10-17,Man City,Arsenal,1.44,5.0,6.5,1.48,4.75,6.0,,,,1.51,4.87,6.36,1.55,4.81,5.76,E0 (6).csv,1.5,4.5,5.75,1.47,4.75,6.0,1.5,4.75,6.0,,,,,,,,,,,,,
2020-10-18,Tottenham,West Ham,1.57,4.33,5.5,1.57,4.25,5.5,,,,1.64,4.21,5.63,1.65,4.17,5.61,E0 (6).csv,1.63,3.95,5.0,1.62,4.0,5.5,1.6,4.2,5.25,,,,,,,,,,,,,
2020-10-18,Crystal Palace,Brighton,2.62,3.3,2.7,2.6,3.3,2.75,,,,2.73,3.34,2.83,3.27,3.25,2.47,E0 (6).csv,2.65,3.0,2.8,2.62,3.25,2.75,2.7,3.13,2.75,,,,,,,,,,,,,
2020-10-18,Leicester,Aston Villa,1.83,3.8,4.1,1.83,3.9,4.0,,,,1.93,3.89,4.1,2.48,3.62,2.95,E0 (6).csv,1.9,3.6,3.85,1.88,3.7,4.0,1.85,3.8,4.0,,,,,,,,,,,,,
2020-10-18,Sheffield United,Fulham,2.1,3.3,3.7,2.05,3.4,3.7,,,,2.15,3.4,3.84,2.4,3.16,3.48,E0 (6).csv,2.15,3.1,3.7,2.1,3.25,3.75,2.05,3.25,3.9,,,,,,,,,,,,,
2020-10-19,West Brom,Burnley,2.45,3.3,2.9,2.45,3.3,2.95,,,,2.54,3.37,3.05,2.73,3.25,2.9,E0 (6).csv,2.5,3.05,2.95,2.45,3.3,3.0,2.45,3.2,3.0,,,,,,,,,,,,,
2020-10-19,Leeds,Wolves,2.5,3.3,2.87,2.5,3.2,3.0,,,,2.55,3.31,3.07,2.61,3.35,2.96,E0 (6).csv,2.5,3.0,2.95,2.45,3.25,3.0,2.5,3.25,2.9,,,,,,,,,,,,,
2020-10-23,Aston Villa,Leeds,2.05,3.75,3.3,2.15,3.6,3.25,,,,2.13,3.83,3.44,1.93,4.12,3.88,E0 (6).csv,2.1,3.5,3.3,2.1,3.7,3.3,2.1,3.7,3.3,,,,,,,,,,,,,
2020-10-24,West Ham,Man City,8.0,5.25,1.36,7.25,5.0,1.4,,,,7.51,5.3,1.42,6.97,5.13,1.45,E0 (6).csv,6.5,4.8,1.43,7.5,5.0,1.4,7.5,5.0,1.4,,,,,,,,,,,,,
2020-10-24,Fulham,Crystal Palace,2.75,3.1,2.7,2.7,3.1,2.8,,,,2.8,3.21,2.86,2.66,3.14,3.08,E0 (6).csv,2.75,2.95,2.75,2.7,3.2,2.75,2.75,3.13,2.75,,,,,,,,,,,,,
2020-10-24,Man United,Chelsea,2.37,3.6,2.8,2.35,3.6,2.9,,,,2.45,3.65,2.97,2.69,3.46,2.79,E0 (6).csv,2.4,3.35,2.9,2.35,3.6,2.88,2.4,3.6,2.8,,,,,,,,,,,,,
2020-10-24,Liverpool,Sheffield United,1.22,6.5,12.0,1.25,6.25,11.5,,,,1.25,6.66,12.96,1.22,7.45,13.55,E0 (6).csv,1.27,6.0,11.0,1.25,6.0,12.0,1.25,6.0,13.0,,,,,,,,,,,,,
2020-10-25,Arsenal,Leicester,1.9,3.75,3.8,1.91,3.8,3.8,,,,1.95,3.83,4.06,2.0,3.57,4.17,E0 (6).csv,1.95,3.5,3.85,1.91,3.7,3.9,1.91,3.7,3.9,,,,,,,,,,,,,
2020-10-25,Southampton,Everton,2.75,3.4,2.55,2.8,3.5,2.45,,,,2.84,3.58,2.58,3.08,3.56,2.41,E0 (6).csv,2.75,3.25,2.55,2.75,3.4,2.55,2.75,3.5,2.5,,,,,,,,,,,,,
2020-10-25,Wolves,Newcastle,1.75,3.5,5.25,1.75,3.5,5.25,,,,1.79,3.59,5.48,1.86,3.52,5.01,E0 (6).csv,1.8,3.3,5.0,1.75,3.5,5.25,1.75,3.5,5.25,,,,,,,,,,,,,
2020-10-26,Brighton,West Brom,1.7,4.0,4.75,1.75,3.9,4.5,,,,1.78,4.08,4.7,1.67,4.3,5.26,E0 (6).csv,1.75,3.6,4.6,1.75,3.8,4.6,1.73,3.8,4.8,,,,,,,,,,,,,
2020-10-26,Burnley,Tottenham,5.75,4.0,1.6,5.5,4.0,1.62,,,,5.63,4.15,1.66,5.59,4.41,1.61,E0 (6).csv,5.5,3.75,1.65,5.8,3.9,1.6,6.0,3.9,1.6,,,,,,,,,,,,,
2020-10-30,Wolves,Crystal Palace,2.0,3.2,4.33,2.05,3.1,4.2,,,,2.07,3.21,4.41,2.12,3.14,4.34,E0 (6).csv,2.1,3.2,3.95,2.05,3.0,4.33,2.05,3.1,4.2,,,,,,,,,,,,,
2020-10-31,Liverpool,West Ham,1.36,5.25,7.5,1.36,5.25,7.75,,,,1.4,5.32,8.03,1.44,5.3,7.1,E0 (6).csv,1.43,5.0,6.5,1.38,5.0,8.0,1.36,5.25,7.5,,,,,,,,,,,,,
2020-10-31,Burnley,Chelsea,6.0,4.5,1.5,6.25,4.5,1.5,,,,6.32,4.39,1.56,5.59,4.29,1.63,E0 (6).csv,5.75,4.1,1.57,6.0,4.33,1.53,6.5,4.33,1.5,,,,,,,,,,,,,
2020-10-31,Sheffield United,Man City,9.5,6.0,1.28,9.5,5.75,1.3,,,,9.8,5.91,1.33,10.63,6.25,1.3,E0 (6).csv,8.75,5.25,1.33,9.5,5.5,1.32,10.0,5.75,1.29,,,,,,,,,,,,,
2020-11-01,Tottenham,Brighton,1.61,4.0,5.5,1.62,4.25,5.0,,,,1.65,4.26,5.54,1.61,4.36,5.77,E0 (6).csv,1.65,3.9,5.0,1.63,4.0,5.25,1.62,4.2,5.25,,,,,,,,,,,,,
2020-11-01,Man United,Arsenal,2.0,3.6,3.6,2.0,3.7,3.6,,,,2.05,3.78,3.73,2.02,3.65,3.97,E0 (6).csv,2.05,3.45,3.55,2.05,3.6,3.6,2.05,3.6,3.5,,,,,,,,,,,,,
2020-11-01,Newcastle,Everton,3.7,3.4,2.05,3.75,3.4,2.05,,,,3.82,3.56,2.09,3.34,3.43,2.33,E0 (6).csv,3.55,3.3,2.1,3.7,3.4,2.05,3.5,3.5,2.05,,,,,,,,,,,,,
2020-11-01,Aston Villa,Southampton,2.45,3.5,2.8,2.35,3.6,2.85,,,,2.53,3.72,2.81,2.69,3.56,2.73,E0 (6).csv,2.5,3.35,2.75,2.5,3.5,2.75,2.4,3.6,2.8,,,,,,,,,,,,,
2020-11-02,Leeds,Leicester,2.5,3.6,2.62,2.6,3.6,2.6,,,,2.59,3.65,2.79,2.42,3.71,2.97,E0 (6).csv,2.55,3.3,2.7,2.55,3.5,2.7,2.63,3.5,2.63,,,,,,,,,,,,,
2020-11-02,Fulham,West Brom,2.4,3.3,3.0,2.4,3.3,3.0,,,,2.47,3.4,3.13,2.48,3.32,3.19,E0 (6).csv,2.45,3.1,3.0,2.4,3.3,3.0,2.45,3.25,3.0,,,,,,,,,,,,,
2020-11-06,Southampton,Newcastle,2.0,3.6,3.7,2.0,3.5,3.75,,,,2.08,3.62,3.8,2.2,3.47,3.59,E0 (6).csv,2.05,3.6,3.5,2.0,3.6,3.7,2.0,3.6,3.7,,,,,,,,,,,,,
2020-11-06,Brighton,Burnley,1.85,3.5,4.33,1.9,3.5,4.25,,,,1.93,3.51,4.63,1.99,3.42,4.45,E0 (6).csv,1.9,3.5,4.3,1.88,3.4,4.4,1.83,3.5,4.6,,,,,,,,,,,,,
2020-11-07,Crystal Palace,Leeds,2.87,3.4,2.45,2.9,3.4,2.45,,,,2.99,3.48,2.52,2.89,3.57,2.54,E0 (6).csv,2.9,3.15,2.5,2.9,3.3,2.5,3.0,3.3,2.45,,,,,,,,,,,,,
2020-11-07,Chelsea,Sheffield United,1.36,5.0,8.5,1.4,4.75,7.75,,,,1.41,5.06,8.48,1.39,5.16,8.7,E0 (6).csv,1.4,4.9,8.25,1.38,4.75,8.5,1.36,4.8,9.0,,,,,,,,,,,,,
2020-11-07,West Ham,Fulham,1.83,3.75,4.2,1.85,3.75,4.1,,,,1.85,3.98,4.34,1.9,3.96,4.12,E0 (6).csv,1.83,3.55,4.3,1.8,3.75,4.33,1.8,3.7,4.5,,,,,,,,,,,,,
2020-11-07,Everton,Man United,2.9,3.5,2.37,2.85,3.5,2.4,,,,2.98,3.65,2.44,3.33,3.68,2.23,E0 (6).csv,2.9,3.3,2.4,2.9,3.5,2.4,2.9,3.5,2.38,,,,,,,,,,,,,
2020-11-08,West Brom,Tottenham,7.0,4.33,1.45,6.0,4.2,1.55,,,,6.58,4.45,1.54,6.88,4.71,1.5,E0 (6).csv,6.25,4.3,1.53,6.5,4.33,1.5,7.0,4.4,1.5,,,,,,,,,,,,,
2020-11-08,Leicester,Wolves,2.3,3.2,3.25,2.25,3.2,3.4,,,,2.47,3.17,3.35,2.47,3.17,3.35,E0 (6).csv,2.4,2.9,3.25,2.38,3.2,3.2,2.38,3.13,3.25,,,,,,,,,,,,,
2020-11-08,Man City,Liverpool,1.95,4.2,3.4,1.95,4.0,3.5,,,,2.0,4.2,3.56,1.95,4.17,3.78,E0 (6).csv,2.0,3.8,3.4,2.0,3.9,3.4,2.0,3.9,3.4,,,,,,,,,,,,,
2020-11-08,Arsenal,Aston Villa,1.65,4.1,5.0,1.7,4.0,4.75,,,,1.7,4.11,5.27,1.66,4.58,4.95,E0 (6).csv,1.73,3.75,4.7,1.7,3.8,5.0,1.67,4.0,5.0,,,,,,,,,,,,,
2020-11-21,Man United,West Brom,1.3,5.5,9.5,1.3,5.5,9.75,,,,1.34,5.5,10.03,1.33,5.76,9.79,E0 (6).csv,1.35,5.5,7.5,1.32,5.25,9.5,1.33,5.0,10.0,,,,,,,,,,,,,
2020-11-21,Aston Villa,Brighton,2.15,3.6,3.2,2.15,3.6,3.25,,,,2.24,3.69,3.28,2.4,3.51,3.12,E0 (6).csv,2.2,3.6,3.05,2.2,3.6,3.2,2.15,3.5,3.3,,,,,,,,,,,,,
2020-11-21,Newcastle,Chelsea,6.5,4.75,1.45,6.0,4.6,1.5,,,,6.74,4.61,1.52,7.33,4.94,1.46,E0 (6).csv,5.75,4.6,1.5,6.5,4.33,1.5,7.0,4.5,1.45,,,,,,,,,,,,,
2020-11-21,Tottenham,Man City,4.0,4.0,1.8,4.1,3.8,1.83,,,,4.24,4.21,1.82,4.3,4.21,1.81,E0 (6).csv,3.95,4.0,1.8,4.2,3.9,1.8,4.2,3.9,1.8,,,,,,,,,,,,,
2020-11-22,Fulham,Everton,3.9,3.9,1.85,4.0,3.8,1.85,,,,4.06,3.86,1.93,4.24,3.89,1.88,E0 (6).csv,3.7,3.75,1.9,4.0,3.7,1.88,4.1,3.7,1.87,,,,,,,,,,,,,
2020-11-22,Sheffield United,West Ham,3.0,3.25,2.4,3.0,3.3,2.4,,,,3.2,3.3,2.48,3.09,3.25,2.56,E0 (6).csv,3.05,3.0,2.45,3.0,3.3,2.4,3.0,3.2,2.45,,,,,,,,,,,,,
2020-11-22,Leeds,Arsenal,3.0,3.75,2.2,3.1,3.75,2.15,,,,3.18,3.84,2.25,3.58,3.89,2.06,E0 (6).csv,3.05,3.65,2.2,3.2,3.6,2.2,3.13,3.6,2.2,,,,,,,,,,,,,
2020-11-22,Liverpool,Leicester,1.85,4.0,3.8,1.91,3.8,3.75,,,,1.88,4.08,3.84,1.82,4.12,4.32,E0 (6).csv,1.9,3.8,3.75,1.88,3.8,3.9,1.9,3.8,3.9,,,,,,,,,,,,,
2020-11-23,Burnley,Crystal Palace,2.75,3.1,2.75,2.75,3.1,2.75,,,,2.89,3.06,2.89,2.68,3.16,3.01,E0 (6).csv,2.8,2.8,2.8,2.7,3.1,2.8,2.75,3.1,2.75,,,,,,,,,,,,,
2020-11-23,Wolves,Southampton,2.3,3.25,3.25,2.3,3.25,3.2,,,,2.34,3.34,3.41,2.4,3.32,3.28,E0 (6).csv,2.3,3.0,3.25,2.35,3.2,3.25,2.38,3.2,3.2,,,,,,,,,,,,,
2020-11-27,Crystal Palace,Newcastle,2.05,3.25,3.75,2.15,3.2,3.7,,,,2.18,3.3,3.84,2.18,3.22,3.96,E0 (6).csv,2.15,3.2,3.55,2.15,3.1,3.75,2.15,3.13,3.8,,,,,,,,,,,,,
2020-11-28,West Brom,Sheffield United,2.6,3.2,2.8,2.55,3.1,2.95,,,,2.66,3.22,2.99,2.67,3.17,3.02,E0 (6).csv,2.55,3.2,2.8,2.6,3.2,2.8,2.6,3.13,2.9,,,,,,,,,,,,,
2020-11-28,Man City,Burnley,1.16,7.5,16.0,1.18,7.5,15.0,,,,1.18,8.3,14.98,1.13,11.08,19.55,E0 (6).csv,1.17,7.5,14.0,1.17,7.5,17.0,1.14,8.0,19.0,,,,,,,,,,,,,
2020-11-28,Everton,Leeds,1.95,3.8,3.6,1.95,3.7,3.7,,,,2.07,3.76,3.64,2.35,3.66,3.09,E0 (6).csv,2.0,3.75,3.4,2.05,3.6,3.5,2.0,3.7,3.6,,,,,,,,,,,,,
2020-11-28,Brighton,Liverpool,5.5,4.2,1.57,5.5,4.0,1.62,,,,5.42,4.25,1.65,4.96,4.29,1.69,E0 (6).csv,4.9,4.1,1.63,5.5,4.0,1.62,5.5,4.33,1.57,,,,,,,,,,,,,
2020-11-29,Southampton,Man United,4.0,3.5,1.95,3.8,3.6,1.95,,,,3.94,3.66,2.02,3.92,3.86,1.96,E0 (6).csv,3.65,3.5,2.0,3.9,3.4,2.0,3.75,3.5,2.0,,,,,,,,,,,,,
2020-11-29,Arsenal,Wolves,2.05,3.4,3.75,2.05,3.4,3.8,,,,2.18,3.33,3.81,2.14,3.33,3.91,E0 (6).csv,2.1,3.25,3.6,2.1,3.25,3.7,2.15,3.13,3.75,,,,,,,,,,,,,
2020-11-29,Chelsea,Tottenham,2.05,3.5,3.6,2.1,3.5,3.5,,,,2.14,3.51,3.69,2.0,3.75,3.89,E0 (6).csv,2.1,3.5,3.35,2.1,3.5,3.5,2.05,3.6,3.5,,,,,,,,,,,,,
2020-11-30,Leicester,Fulham,1.5,4.33,6.5,1.53,4.1,6.5,,,,1.54,4.53,6.44,1.68,4.1,5.34,E0 (6).csv,1.53,4.3,6.0,1.52,4.2,6.5,1.5,4.33,6.5,,,,,,,,,,,,,
2020-11-30,West Ham,Aston Villa,2.25,3.6,3.0,2.25,3.5,3.1,,,,2.36,3.64,3.09,2.37,3.56,3.12,E0 (6).csv,2.3,3.5,2.95,2.3,3.5,3.0,2.3,3.5,3.0,,,,,,,,,,,,,
2020-12-05,Man City,Fulham,1.1,11.0,19.0,1.11,10.0,21.0,,,,1.13,10.23,23.63,1.13,9.9,22.91,E0 (6).csv,1.12,9.0,18.0,1.11,9.0,23.0,1.1,10.0,26.0,,,,,,,,,,,,,
2020-12-05,West Ham,Man United,3.6,3.6,2.0,3.6,3.5,2.05,,,,3.75,3.69,2.06,3.52,3.53,2.2,E0 (6).csv,3.7,3.45,2.0,3.6,3.4,2.1,3.6,3.6,2.0,,,,,,,,,,,,,
2020-12-05,Chelsea,Leeds,1.5,4.5,6.0,1.53,4.4,5.75,,,,1.56,4.54,6.19,1.48,5.15,6.34,E0 (6).csv,1.55,4.4,5.5,1.53,4.33,6.0,1.5,4.6,6.0,,,,,,,,,,,,,
2020-12-05,Burnley,Everton,4.0,3.5,1.9,4.1,3.5,1.91,,,,4.14,3.58,1.99,3.68,3.63,2.1,E0 (6).csv,4.1,3.4,1.95,4.0,3.5,1.95,4.1,3.5,1.93,,,,,,,,,,,,,
2020-12-06,West Brom,Crystal Palace,2.87,3.2,2.55,2.8,3.2,2.6,,,,2.98,3.3,2.61,3.14,3.4,2.44,E0 (6).csv,2.85,3.1,2.55,2.88,3.2,2.55,2.88,3.13,2.6,,,,,,,,,,,,,
2020-12-06,Sheffield United,Leicester,3.8,3.5,1.95,3.8,3.5,2.0,,,,4.02,3.54,2.04,4.14,3.67,1.96,E0 (6).csv,4.0,3.5,1.9,3.8,3.5,2.0,3.9,3.4,2.0,,,,,,,,,,,,,
2020-12-06,Tottenham,Arsenal,1.95,3.6,3.8,1.95,3.6,3.8,,,,2.07,3.56,3.87,2.3,3.54,3.29,E0 (6).csv,2.0,3.5,3.7,2.0,3.5,3.8,1.95,3.5,3.9,,,,,,,,,,,,,
2020-12-06,Liverpool,Wolves,1.5,4.33,6.5,1.5,4.2,7.0,,,,1.54,4.25,7.17,1.61,4.44,5.64,E0 (6).csv,1.55,4.0,6.25,1.5,4.2,7.0,1.5,4.33,6.5,,,,,,,,,,,,,
2020-12-07,Brighton,Southampton,2.45,3.4,2.9,2.55,3.4,2.75,,,,2.56,3.46,2.93,2.51,3.42,3.02,E0 (6).csv,2.65,3.25,2.7,2.5,3.3,2.88,2.5,3.3,2.88,,,,,,,,,,,,,
2020-12-11,Leeds,West Ham,2.15,3.7,3.1,2.2,3.6,3.1,,,,2.22,3.71,3.3,2.19,3.78,3.32,E0 (6).csv,2.15,3.6,3.15,2.2,3.5,3.25,2.15,3.75,3.13,,,,,,,,,,,,,
2020-12-12,Wolves,Aston Villa,2.25,3.25,3.25,2.35,3.3,3.1,,,,2.4,3.32,3.28,2.59,3.31,2.99,E0 (6).csv,2.35,3.05,3.15,2.35,3.2,3.2,2.3,3.3,3.2,,,,,,,,,,,,,
2020-12-12,Newcastle,West Brom,2.45,3.2,3.0,2.45,3.2,3.0,,,,2.62,3.32,2.95,2.47,3.24,3.24,E0 (6).csv,2.4,3.05,2.95,2.5,3.25,2.9,2.45,3.2,3.0,,,,,,,,,,,,,
2020-12-12,Man United,Man City,4.33,4.2,1.72,4.2,4.2,1.75,,,,4.49,4.32,1.75,4.68,4.29,1.73,E0 (6).csv,4.4,3.85,1.73,4.5,4.0,1.73,4.75,4.0,1.7,,,,,,,,,,,,,
2020-12-12,Everton,Chelsea,4.33,4.2,1.7,4.25,4.1,1.75,,,,4.52,4.28,1.76,4.99,4.19,1.71,E0 (6).csv,4.4,3.8,1.73,4.33,4.0,1.75,4.5,4.0,1.73,,,,,,,,,,,,,
2020-12-13,Leicester,Brighton,2.0,3.5,3.8,2.0,3.4,3.9,,,,2.06,3.56,3.91,2.12,3.55,3.72,E0 (6).csv,2.0,3.45,3.75,2.0,3.5,3.75,2.0,3.5,3.8,,,,,,,,,,,,,
2020-12-13,Fulham,Liverpool,9.0,5.5,1.3,8.5,5.5,1.33,,,,8.67,5.98,1.34,8.51,5.36,1.38,E0 (6).csv,8.0,5.25,1.33,8.5,5.5,1.33,8.0,5.25,1.36,,,,,,,,,,,,,
2020-12-13,Crystal Palace,Tottenham,4.5,3.9,1.72,4.75,3.7,1.75,,,,4.92,3.83,1.79,4.33,3.93,1.85,E0 (6).csv,4.6,3.5,1.77,4.75,3.7,1.75,4.8,3.7,1.75,,,,,,,,,,,,,
2020-12-13,Arsenal,Burnley,1.53,4.2,6.25,1.55,4.1,6.25,,,,1.54,4.33,6.84,1.49,4.82,6.88,E0 (6).csv,1.55,3.95,6.5,1.53,4.2,6.5,1.53,4.1,6.5,,,,,,,,,,,,,
2020-12-13,Southampton,Sheffield United,1.7,3.75,5.0,1.7,3.8,5.0,,,,1.73,4.01,5.07,1.65,4.11,5.75,E0 (6).csv,1.73,3.5,4.9,1.7,3.8,5.0,1.7,3.7,5.25,,,,,,,,,,,,,
2020-12-15,Wolves,Chelsea,5.25,3.8,1.66,5.0,3.8,1.7,,,,5.59,3.9,1.7,5.79,3.86,1.68,E0 (6).csv,5.5,3.5,1.7,5.5,3.7,1.67,5.75,3.7,1.65,,,,,,,,,,,,,
2020-12-15,Man City,West Brom,1.09,11.0,21.0,1.1,10.5,23.0,,,,1.11,9.75,23.03,1.09,12.6,29.4,E0 (6).csv,1.1,9.5,24.0,1.11,9.0,26.0,1.08,11.0,29.0,,,,,,,,,,,,,
2020-12-16,Arsenal,Southampton,2.25,3.5,3.1,2.2,3.5,3.2,,,,2.27,3.55,3.32,2.17,3.58,3.55,E0 (6).csv,2.25,3.25,3.15,2.25,3.4,3.2,2.2,3.5,3.2,,,,,,,,,,,,,
2020-12-16,Leeds,Newcastle,1.75,4.0,4.33,1.75,3.8,4.6,,,,1.78,4.07,4.6,1.6,4.54,5.6,E0 (6).csv,1.77,3.6,4.4,1.75,3.8,4.6,1.75,3.8,4.5,,,,,,,,,,,,,
2020-12-16,Leicester,Everton,2.15,3.6,3.25,2.2,3.6,3.1,,,,2.23,3.62,3.37,2.16,3.55,3.58,E0 (6).csv,2.2,3.3,3.2,2.2,3.5,3.2,2.2,3.6,3.13,,,,,,,,,,,,,
2020-12-16,Fulham,Brighton,2.87,3.3,2.5,2.9,3.3,2.5,,,,3.0,3.4,2.53,3.04,3.31,2.56,E0 (6).csv,2.9,3.05,2.5,2.9,3.25,2.5,2.9,3.3,2.5,,,,,,,,,,,,,
2020-12-16,Liverpool,Tottenham,1.75,3.8,4.5,1.78,3.75,4.5,,,,1.81,3.9,4.64,1.81,4.07,4.39,E0 (6).csv,1.8,3.65,4.3,1.78,3.75,4.5,1.75,3.9,4.4,,,,,,,,,,,,,
2020-12-16,West Ham,Crystal Palace,2.05,3.4,3.6,2.05,3.3,3.8,,,,2.09,3.54,3.82,2.17,3.45,3.68,E0 (6).csv,2.1,3.2,3.6,2.1,3.4,3.6,2.1,3.4,3.6,,,,,,,,,,,,,
2020-12-17,Aston Villa,Burnley,1.75,3.8,4.5,1.7,4.0,4.75,,,,1.76,3.93,4.95,1.85,3.86,4.47,E0 (6).csv,1.73,3.6,4.7,1.73,3.75,4.8,1.73,3.75,4.8,,,,,,,,,,,,,
2020-12-17,Sheffield United,Man United,7.0,4.6,1.44,6.5,4.5,1.48,,,,7.35,4.78,1.47,7.88,4.75,1.45,E0 (6).csv,7.75,4.8,1.4,7.5,4.4,1.44,7.5,4.4,1.44,,,,,,,,,,,,,
2020-12-19,Crystal Palace,Liverpool,6.5,4.33,1.5,6.0,4.6,1.5,,,,6.52,4.53,1.53,5.54,4.2,1.65,E0 (6).csv,6.0,4.2,1.53,6.5,4.4,1.5,6.5,4.33,1.5,,,,,,,,,,,,,
2020-12-19,Southampton,Man City,7.0,4.5,1.44,6.25,4.6,1.48,,,,6.56,4.72,1.51,5.97,4.81,1.54,E0 (6).csv,6.25,4.4,1.5,6.5,4.6,1.47,7.0,4.6,1.45,,,,,,,,,,,,,
2020-12-19,Everton,Arsenal,2.45,3.5,2.8,2.25,3.5,3.1,,,,2.5,3.47,2.99,2.75,3.45,2.72,E0 (6).csv,2.4,3.4,2.9,2.45,3.4,2.9,2.38,3.4,3.0,,,,,,,,,,,,,
2020-12-19,Newcastle,Fulham,2.5,3.25,2.9,2.55,3.25,2.85,,,,2.63,3.33,2.93,2.89,3.38,2.63,E0 (6).csv,2.6,3.1,2.85,2.55,3.2,2.88,2.55,3.2,2.88,,,,,,,,,,,,,
2020-12-20,West Brom,Aston Villa,3.6,3.8,1.95,3.7,3.8,1.95,,,,3.82,3.83,2.0,5.08,4.17,1.7,E0 (6).csv,3.65,3.45,1.97,3.7,3.6,2.0,3.7,3.6,2.0,,,,,,,,,,,,,
2020-12-20,Tottenham,Leicester,2.05,3.5,3.6,2.05,3.5,3.6,,,,2.1,3.54,3.79,2.15,3.54,3.63,E0 (6).csv,2.1,3.25,3.6,2.05,3.4,3.7,2.05,3.5,3.6,,,,,,,,,,,,,
2020-12-20,Man United,Leeds,1.66,4.33,4.5,1.7,4.25,4.4,,,,1.73,4.31,4.66,1.74,4.44,4.45,E0 (6).csv,1.73,3.95,4.3,1.7,4.2,4.5,1.67,4.2,4.75,,,,,,,,,,,,,
2020-12-20,Brighton,Sheffield United,1.65,3.75,5.5,1.72,3.7,5.0,,,,1.69,3.85,5.79,1.94,3.41,4.64,E0 (6).csv,1.7,3.45,5.5,1.7,3.6,5.5,1.7,3.5,5.75,,,,,,,,,,,,,
2020-12-21,Chelsea,West Ham,1.44,5.0,6.25,1.45,4.75,6.5,,,,1.52,4.72,6.46,1.61,4.43,5.64,E0 (6).csv,1.53,4.3,6.0,1.47,4.5,6.5,1.45,4.6,7.0,,,,,,,,,,,,,
2020-12-21,Burnley,Wolves,3.5,3.25,2.2,3.6,3.1,2.2,,,,3.73,3.19,2.27,3.49,3.08,2.44,E0 (6).csv,3.55,2.9,2.25,3.6,3.1,2.25,3.7,3.0,2.25,,,,,,,,,,,,,
2020-12-26,Leicester,Man United,2.9,3.6,2.3,2.9,3.6,2.35,,,,3.08,3.67,2.35,3.03,3.62,2.4,E0 (6).csv,3.0,3.3,2.3,3.0,3.5,2.3,3.0,3.6,2.3,,,,,,,,,,,,,
2020-12-26,Aston Villa,Crystal Palace,1.9,3.75,3.8,1.95,3.7,3.75,,,,1.95,3.9,3.91,1.83,3.93,4.47,E0 (6).csv,1.95,3.45,3.8,1.95,3.7,3.75,1.91,3.6,4.0,,,,,,,,,,,,,
2020-12-26,Fulham,Southampton,3.2,3.3,2.3,3.1,3.3,2.35,,,,3.29,3.42,2.35,2.8,3.43,2.68,E0 (6).csv,3.15,3.1,2.35,3.2,3.3,2.3,3.25,3.4,2.25,,,,,,,,,,,,,
2020-12-26,Arsenal,Chelsea,4.0,3.6,1.9,4.1,3.5,1.91,,,,4.14,3.73,1.94,4.84,3.96,1.77,E0 (6).csv,3.95,3.35,1.95,4.2,3.5,1.91,4.2,3.6,1.87,,,,,,,,,,,,,
2020-12-26,Man City,Newcastle,1.11,10.0,19.0,1.12,9.0,23.0,,,,1.14,9.55,22.92,1.13,9.55,22.04,E0 (6).csv,1.12,8.75,20.0,1.11,9.0,23.0,1.1,10.0,23.0,,,,,,,,,,,,,
2020-12-26,Sheffield United,Everton,4.2,3.6,1.85,4.33,3.6,1.85,,,,4.26,3.66,1.94,3.38,3.29,2.37,E0 (6).csv,4.1,3.6,1.85,4.2,3.5,1.91,4.4,3.5,1.85,,,,,,,,,,,,,
2020-12-27,Wolves,Tottenham,3.6,3.25,2.15,3.75,3.25,2.1,,,,3.76,3.37,2.17,3.61,3.4,2.21,E0 (6).csv,3.55,3.05,2.15,3.5,3.2,2.2,3.6,3.25,2.15,,,,,,,,,,,,,
2020-12-27,Leeds,Burnley,1.72,4.0,4.33,1.72,4.0,4.5,,,,1.76,4.09,4.71,1.72,4.18,4.91,E0 (6).csv,1.75,3.75,4.4,1.73,4.0,4.5,1.73,4.0,4.6,,,,,,,,,,,,,
2020-12-27,Liverpool,West Brom,1.11,10.0,19.0,1.13,8.75,19.5,,,,1.14,9.42,22.43,1.13,9.46,22.33,E0 (6).csv,1.15,8.5,18.0,1.12,8.5,21.0,1.14,8.0,20.0,,,,,,,,,,,,,
2020-12-27,West Ham,Brighton,2.3,3.4,3.1,2.35,3.3,3.1,,,,2.42,3.38,3.19,2.42,3.34,3.24,E0 (6).csv,2.4,3.1,3.05,2.38,3.25,3.1,2.3,3.4,3.1,,,,,,,,,,,,,
2020-12-28,Crystal Palace,Leicester,3.75,3.5,2.0,3.8,3.6,1.95,,,,3.95,3.58,2.04,3.4,3.49,2.27,E0 (6).csv,3.7,3.5,2.0,3.9,3.4,2.0,3.8,3.5,2.0,,,,,,,,,,,,,
2020-12-28,Chelsea,Aston Villa,1.61,4.2,5.0,1.67,4.1,4.75,,,,1.71,4.25,4.89,1.86,4.07,4.15,E0 (6).csv,1.7,4.1,4.5,1.7,4.0,4.75,1.67,4.2,4.75,,,,,,,,,,,,,
2020-12-29,Brighton,Arsenal,3.25,3.5,2.2,3.2,3.4,2.25,,,,3.27,3.43,2.35,3.85,3.56,2.08,E0 (6).csv,3.3,3.3,2.25,3.2,3.4,2.25,3.3,3.3,2.25,,,,,,,,,,,,,
2020-12-29,Burnley,Sheffield United,2.37,3.1,3.25,2.3,3.2,3.25,,,,2.45,3.2,3.31,2.43,3.22,3.34,E0 (6).csv,2.4,3.05,3.15,2.4,3.1,3.2,2.38,3.1,3.25,,,,,,,,,,,,,
2020-12-29,Southampton,West Ham,2.1,3.6,3.4,2.15,3.6,3.25,,,,2.23,3.57,3.4,2.05,3.65,3.84,E0 (6).csv,2.2,3.4,3.25,2.2,3.4,3.3,2.15,3.4,3.4,,,,,,,,,,,,,
2020-12-29,West Brom,Leeds,3.6,3.6,2.0,3.6,3.7,2.0,,,,3.72,3.71,2.06,4.35,4.04,1.83,E0 (6).csv,3.5,3.65,2.0,3.6,3.5,2.05,3.5,3.75,2.0,,,,,,,,,,,,,
2020-12-29,Man United,Wolves,1.53,4.2,6.25,1.57,4.2,5.75,,,,1.53,4.35,5.94,1.57,4.31,6.35,E0 (6).csv,1.55,4.2,6.0,1.55,4.0,6.5,1.55,4.0,6.5,,,,,,,,,,,,,
2020-12-30,Newcastle,Liverpool,12.0,6.0,1.25,9.25,5.75,1.3,,,,9.61,6.09,1.32,10.49,6.04,1.3,E0 (6).csv,10.0,6.0,1.27,11.0,5.5,1.29,11.5,6.0,1.25,,,,,,,,,,,,,
2021-01-01,Everton,West Ham,2.1,3.5,3.5,2.15,3.5,3.3,,,,2.19,3.52,3.55,2.3,3.52,3.3,E0 (6).csv,2.15,3.35,3.45,2.15,3.4,3.5,2.1,3.4,3.6,,,,,,,,,,,,,
2021-01-01,Man United,Aston Villa,1.72,4.2,4.2,1.7,4.2,4.5,,,,1.78,4.14,4.52,1.75,4.13,4.74,E0 (6).csv,1.75,3.9,4.4,1.75,4.0,4.4,1.7,4.1,4.6,,,,,,,,,,,,,
2021-01-02,Tottenham,Leeds,1.75,4.1,4.2,1.78,3.9,4.25,,,,1.81,4.13,4.34,1.89,4.08,3.98,E0 (6).csv,1.8,3.9,3.9,1.8,3.9,4.2,1.75,4.1,4.1,,,,,,,,,,,,,
2021-01-02,Crystal Palace,Sheffield United,1.95,3.5,3.9,1.95,3.5,3.9,,,,2.02,3.45,3.84,2.14,3.28,4.0,E0 (6).csv,1.95,3.3,4.1,2.0,3.3,4.0,2.0,3.25,4.1,,,,,,,,,,,,,
2021-01-02,Brighton,Wolves,2.62,3.25,2.75,2.6,3.2,2.8,,,,2.68,3.28,2.91,2.87,3.09,2.86,E0 (6).csv,2.6,2.9,2.85,2.7,3.1,2.8,2.7,3.0,2.9,,,,,,,,,,,,,
2021-01-02,West Brom,Arsenal,5.75,4.0,1.57,5.75,4.1,1.57,,,,5.98,4.09,1.63,6.21,4.14,1.61,E0 (6).csv,5.5,3.75,1.63,6.5,4.2,1.53,6.0,4.0,1.57,,,,,,,,,,,,,
2021-01-03,Newcastle,Leicester,5.25,4.2,1.61,5.25,4.1,1.62,,,,5.35,3.99,1.7,6.57,4.14,1.58,E0 (6).csv,5.0,3.65,1.7,5.25,3.9,1.65,5.5,3.8,1.65,,,,,,,,,,,,,
2021-01-03,Chelsea,Man City,3.0,3.7,2.2,3.0,3.7,2.25,,,,2.95,3.67,2.4,3.5,3.59,2.18,E0 (6).csv,2.95,3.4,2.3,3.1,3.5,2.25,3.1,3.7,2.2,,,,,,,,,,,,,
2021-01-04,Southampton,Liverpool,5.0,4.33,1.61,4.75,4.25,1.65,,,,5.03,4.44,1.67,6.16,4.92,1.52,E0 (6).csv,4.8,3.9,1.65,5.0,4.2,1.63,5.0,4.1,1.65,,,,,,,,,,,,,
2021-01-12,Wolves,Everton,2.45,3.1,3.1,2.45,3.1,3.1,,,,2.56,3.18,3.15,2.73,2.93,3.18,E0 (6).csv,2.5,3.05,3.05,2.45,3.1,3.1,2.45,3.1,3.1,,,,,,,,,,,,,
2021-01-12,Burnley,Man United,7.0,4.5,1.45,7.25,4.5,1.45,,,,7.33,4.66,1.48,7.92,5.05,1.43,E0 (6).csv,6.6,4.5,1.48,7.0,4.33,1.47,7.5,4.5,1.44,,,,,,,,,,,,,
2021-01-12,Sheffield United,Newcastle,2.45,3.1,3.1,2.45,3.1,3.1,,,,2.53,3.18,3.2,2.34,3.23,3.5,E0 (6).csv,2.5,3.05,3.1,2.45,3.1,3.1,2.45,3.0,3.25,,,,,,,,,,,,,
2021-01-13,Man City,Brighton,1.14,8.5,16.0,1.2,6.75,14.5,,,,1.19,7.61,16.97,1.18,7.99,17.46,E0 (6).csv,1.18,7.4,14.0,1.17,7.0,19.0,1.15,7.5,19.0,,,,,,,,,,,,,
2021-01-13,Tottenham,Fulham,1.36,5.0,8.5,1.4,4.75,8.0,,,,1.36,4.97,8.16,1.66,3.85,6.19,E0 (6).csv,1.42,4.8,7.2,1.4,4.75,8.0,1.4,4.75,8.0,,,,,,,,,,,,,
2021-01-14,Arsenal,Crystal Palace,1.53,4.0,6.5,1.55,4.0,6.5,,,,1.58,4.18,6.55,1.74,3.94,5.14,E0 (6).csv,1.55,4.1,6.0,1.55,4.0,6.5,1.53,4.1,6.5,,,,,,,,,,,,,
2021-01-16,Wolves,West Brom,1.6,3.5,7.0,1.6,3.6,6.75,,,,1.63,3.7,7.07,1.64,3.85,6.52,E0 (6).csv,1.6,3.7,6.2,1.6,3.5,7.0,1.6,3.7,6.5,,,,,,,,,,,,,
2021-01-16,Leeds,Brighton,2.1,3.5,3.4,2.15,3.5,3.3,,,,2.18,3.67,3.43,2.3,3.58,3.24,E0 (6).csv,2.15,3.55,3.3,2.15,3.5,3.3,2.15,3.6,3.3,,,,,,,,,,,,,
2021-01-16,Fulham,Chelsea,6.5,4.33,1.5,6.75,4.1,1.53,,,,6.81,4.17,1.56,6.29,4.09,1.61,E0 (6).csv,5.8,4.25,1.55,6.5,4.2,1.53,6.5,4.1,1.53,,,,,,,,,,,,,
2021-01-16,Leicester,Southampton,1.8,3.75,4.5,1.78,3.75,4.5,,,,1.8,3.69,4.52,1.73,3.86,5.32,E0 (6).csv,1.8,3.7,4.5,1.78,3.6,4.8,1.8,3.7,4.6,,,,,,,,,,,,,
2021-01-16,West Ham,Burnley,1.8,3.5,4.75,1.8,3.6,4.6,,,,1.85,3.57,4.88,1.79,3.73,5.11,E0 (6).csv,1.83,3.5,4.6,1.83,3.4,4.75,1.8,3.5,4.75,,,,,,,,,,,,,
2021-01-17,Sheffield United,Tottenham,6.25,3.75,1.6,6.5,3.8,1.57,,,,6.1,3.73,1.68,4.81,3.71,1.83,E0 (6).csv,5.6,3.75,1.65,6.5,3.6,1.63,6.0,3.8,1.62,,,,,,,,,,,,,
2021-01-17,Liverpool,Man United,1.95,3.8,3.6,2.0,3.8,3.5,,,,1.98,4.0,3.71,1.94,3.98,3.89,E0 (6).csv,1.95,3.8,3.65,1.95,3.8,3.6,1.95,3.75,3.7,,,,,,,,,,,,,
2021-01-17,Man City,Crystal Palace,1.14,8.5,17.0,1.17,7.75,14.5,,,,1.18,7.87,18.27,1.19,7.48,17.24,E0 (6).csv,1.18,7.2,15.5,1.17,7.5,17.0,1.14,8.0,19.0,,,,,,,,,,,,,
2021-01-18,Arsenal,Newcastle,1.4,4.5,8.0,1.45,4.6,7.0,,,,1.45,4.73,7.98,1.44,4.84,7.87,E0 (6).csv,1.45,4.55,7.0,1.42,4.5,8.0,1.44,4.5,8.0,,,,,,,,,,,,,
2021-01-19,Leicester,Chelsea,2.87,3.4,2.45,2.85,3.4,2.45,,,,2.92,3.49,2.55,2.88,3.48,2.58,E0 (6).csv,2.85,3.35,2.45,3.0,3.4,2.4,2.8,3.4,2.5,,,,,,,,,,,,,
2021-01-19,West Ham,West Brom,1.57,4.2,5.5,1.57,4.0,6.0,,,,1.58,4.23,6.35,1.54,4.27,7.01,E0 (6).csv,1.6,3.9,5.7,1.57,3.9,6.5,1.55,4.0,6.5,,,,,,,,,,,,,
2021-01-20,Man City,Aston Villa,1.22,6.5,12.0,1.25,6.25,11.5,,,,1.24,6.1,11.61,1.33,5.95,9.55,E0 (6).csv,1.27,6.0,10.0,1.25,6.0,12.0,1.25,6.0,12.0,,,,,,,,,,,,,
2021-01-20,Fulham,Man United,6.0,4.33,1.53,5.75,4.33,1.55,,,,6.32,4.41,1.56,5.49,4.18,1.66,E0 (6).csv,5.8,4.25,1.55,6.5,4.2,1.53,6.5,4.2,1.53,,,,,,,,,,,,,
2021-01-21,Liverpool,Burnley,1.18,7.5,15.0,1.17,7.5,15.5,,,,1.21,7.24,15.81,1.35,5.34,9.48,E0 (6).csv,1.21,6.6,13.5,1.18,7.0,17.0,1.18,7.0,17.0,,,,,,,,,,,,,
2021-01-23,Aston Villa,Newcastle,1.45,4.75,6.5,1.48,4.75,6.0,,,,1.52,4.68,6.46,1.52,4.66,6.51,E0 (6).csv,1.5,4.5,6.25,1.5,4.4,6.5,1.5,4.33,6.5,,,,,,,,,,,,,
2021-01-26,Newcastle,Leeds,3.9,3.8,1.85,3.75,3.8,1.91,,,,3.92,3.89,1.95,4.2,4.01,1.86,E0 (6).csv,3.8,3.8,1.9,3.7,3.7,1.95,3.9,3.75,1.9,,,,,,,,,,,,,
2021-01-26,Crystal Palace,West Ham,3.1,3.25,2.37,3.1,3.25,2.4,,,,3.21,3.32,2.44,3.64,3.38,2.21,E0 (6).csv,3.15,3.2,2.35,3.2,3.3,2.3,3.13,3.2,2.4,,,,,,,,,,,,,
2021-01-26,Southampton,Arsenal,3.5,3.6,2.05,3.5,3.6,2.05,,,,3.59,3.69,2.11,3.55,3.74,2.11,E0 (6).csv,3.45,3.6,2.05,3.5,3.6,2.05,3.5,3.6,2.05,,,,,,,,,,,,,
2021-01-26,West Brom,Man City,15.0,7.5,1.18,16.0,7.25,1.18,,,,15.82,7.25,1.21,20.07,8.8,1.16,E0 (6).csv,15.0,6.75,1.2,12.0,7.0,1.22,18.0,7.0,1.18,,,,,,,,,,,,,
2021-01-27,Brighton,Fulham,2.05,3.4,3.75,2.1,3.4,3.6,,,,2.07,3.47,3.96,2.14,3.35,3.9,E0 (6).csv,2.05,3.3,3.85,2.05,3.3,3.8,2.05,3.3,3.8,,,,,,,,,,,,,
2021-01-27,Chelsea,Wolves,1.6,4.2,5.25,1.6,4.1,5.5,,,,1.63,4.26,5.68,1.64,3.97,6.1,E0 (6).csv,1.63,3.95,5.5,1.6,4.0,5.8,1.6,3.9,6.0,,,,,,,,,,,,,
2021-01-27,Everton,Leicester,2.8,3.3,2.55,2.85,3.3,2.55,,,,2.92,3.26,2.68,3.38,3.34,2.34,E0 (6).csv,2.8,3.2,2.6,2.8,3.2,2.6,2.8,3.25,2.6,,,,,,,,,,,,,
2021-01-27,Man United,Sheffield United,1.25,6.0,11.0,1.26,6.0,11.0,,,,1.29,6.21,11.4,1.28,6.26,11.23,E0 (6).csv,1.3,6.0,9.0,1.27,5.8,11.0,1.29,5.5,12.0,,,,,,,,,,,,,
2021-01-27,Burnley,Aston Villa,3.8,3.5,1.95,3.8,3.5,2.0,,,,4.01,3.65,2.0,4.66,3.84,1.82,E0 (6).csv,3.85,3.55,1.95,3.9,3.4,2.0,3.8,3.5,2.0,,,,,,,,,,,,,
2021-01-28,Tottenham,Liverpool,3.2,3.6,2.2,3.1,3.7,2.2,,,,3.33,3.61,2.25,3.69,3.9,2.02,E0 (6).csv,3.2,3.5,2.2,3.2,3.4,2.25,3.25,3.5,2.2,,,,,,,,,,,,,
2021-01-30,Crystal Palace,Wolves,2.87,3.2,2.55,2.9,3.1,2.6,,,,3.05,3.15,2.65,2.99,3.18,2.68,E0 (6).csv,2.95,3.05,2.6,2.88,3.1,2.62,3.0,3.0,2.6,,,,,,,,,,,,,
2021-01-30,Everton,Newcastle,1.55,4.0,6.5,1.55,4.0,6.5,,,,1.61,4.03,6.49,1.56,4.17,6.83,E0 (6).csv,1.6,3.9,6.0,1.57,3.9,6.5,1.57,3.9,6.5,,,,,,,,,,,,,
2021-01-30,Man City,Sheffield United,1.12,9.0,18.0,1.14,8.0,19.5,,,,1.13,9.43,26.18,1.19,7.29,18.12,E0 (6).csv,1.12,8.5,23.0,1.14,8.0,21.0,1.13,9.0,21.0,,,,,,,,,,,,,
2021-01-30,West Brom,Fulham,3.3,3.2,2.3,3.3,3.2,2.3,,,,3.43,3.26,2.36,3.6,3.41,2.22,E0 (6).csv,3.3,3.2,2.3,3.3,3.1,2.35,3.3,3.2,2.3,,,,,,,,,,,,,
2021-01-30,Arsenal,Man United,2.8,3.5,2.45,2.9,3.25,2.5,,,,2.93,3.46,2.55,3.6,3.7,2.11,E0 (6).csv,2.85,3.4,2.5,2.8,3.5,2.45,2.8,3.4,2.5,,,,,,,,,,,,,
2021-01-30,Southampton,Aston Villa,2.8,3.6,2.37,2.8,3.6,2.4,,,,2.9,3.73,2.44,3.37,3.74,2.18,E0 (6).csv,2.85,3.55,2.4,2.88,3.5,2.38,2.88,3.5,2.4,,,,,,,,,,,,,
2021-01-31,West Ham,Liverpool,4.33,4.0,1.75,4.25,3.9,1.78,,,,4.65,4.1,1.77,3.66,3.53,2.14,E0 (6).csv,4.5,3.8,1.77,4.5,3.9,1.75,4.33,3.8,1.8,,,,,,,,,,,,,
2021-01-31,Chelsea,Burnley,1.33,5.0,9.5,1.33,5.25,9.0,,,,1.36,5.25,10.02,1.36,5.2,9.96,E0 (6).csv,1.33,5.25,9.5,1.33,5.0,10.0,1.33,5.25,9.0,,,,,,,,,,,,,
2021-01-31,Leicester,Leeds,1.8,4.0,4.2,1.83,4.0,3.9,,,,1.81,4.18,4.27,1.87,3.93,4.28,E0 (6).csv,1.8,3.95,4.1,1.85,3.8,4.0,1.8,3.9,4.2,,,,,,,,,,,,,
2021-01-31,Brighton,Tottenham,3.2,3.4,2.25,3.1,3.3,2.35,,,,3.18,3.46,2.39,3.12,3.43,2.44,E0 (6).csv,3.2,3.3,2.3,3.1,3.25,2.38,3.1,3.25,2.38,,,,,,,,,,,,,
2021-02-02,Sheffield United,West Brom,2.0,3.3,4.0,1.95,3.3,4.2,,,,2.11,3.33,4.03,2.2,3.36,3.68,E0 (6).csv,2.1,3.2,3.85,1.95,3.3,4.2,2.05,3.2,4.0,,,,,,,,,,,,,
2021-02-02,Wolves,Arsenal,3.6,3.3,2.1,3.6,3.25,2.15,,,,3.71,3.36,2.2,3.72,3.34,2.2,E0 (6).csv,3.6,3.2,2.15,3.6,3.25,2.15,3.7,3.2,2.15,,,,,,,,,,,,,
2021-02-02,Man United,Southampton,1.4,4.75,7.0,1.45,4.6,7.0,,,,1.46,4.81,7.59,1.45,4.95,7.33,E0 (6).csv,1.45,4.8,6.5,1.42,4.5,8.0,1.4,4.8,7.5,,,,,,,,,,,,,
2021-02-02,Newcastle,Crystal Palace,2.8,3.2,2.6,2.8,3.2,2.6,,,,3.01,3.16,2.68,3.01,3.45,2.49,E0 (6).csv,2.9,3.1,2.6,2.8,3.2,2.6,2.9,3.13,2.6,,,,,,,,,,,,,
2021-02-03,Burnley,Man City,13.0,7.0,1.2,13.5,6.5,1.22,,,,14.8,6.57,1.23,17.18,6.69,1.22,E0 (6).csv,14.0,6.25,1.22,15.0,6.5,1.2,13.0,7.0,1.2,,,,,,,,,,,,,
2021-02-03,Fulham,Leicester,4.0,3.5,1.9,4.1,3.5,1.91,,,,4.12,3.56,2.0,3.9,3.34,2.14,E0 (6).csv,3.95,3.45,1.97,4.0,3.5,1.95,4.1,3.4,1.95,,,,,,,,,,,,,
2021-02-03,Leeds,Everton,2.5,3.5,2.7,2.35,3.75,2.8,,,,2.51,3.71,2.82,2.65,3.51,2.78,E0 (6).csv,2.45,3.55,2.75,2.45,3.6,2.75,2.45,3.6,2.75,,,,,,,,,,,,,
2021-02-03,Aston Villa,West Ham,2.2,3.4,3.25,2.15,3.4,3.4,,,,2.23,3.5,3.46,2.46,3.57,2.98,E0 (6).csv,2.2,3.45,3.3,2.2,3.3,3.4,2.15,3.5,3.3,,,,,,,,,,,,,
2021-02-03,Liverpool,Brighton,1.33,5.25,9.0,1.34,5.5,8.0,,,,1.37,5.5,8.87,1.52,4.68,6.57,E0 (6).csv,1.33,5.25,9.0,1.36,5.0,8.5,1.36,5.0,9.0,,,,,,,,,,,,,
2021-02-04,Tottenham,Chelsea,3.5,3.4,2.1,3.6,3.4,2.1,,,,3.58,3.52,2.18,4.11,3.59,1.99,E0 (6).csv,3.45,3.4,2.15,3.4,3.4,2.15,3.4,3.4,2.15,,,,,,,,,,,,,
2021-02-06,Man United,Everton,1.53,4.2,6.0,1.53,4.2,6.25,,,,1.57,4.35,6.22,1.64,4.25,5.61,E0 (6).csv,1.57,4.3,5.75,1.55,4.2,6.0,1.55,4.2,6.0,,,,,,,,,,,,,
2021-02-06,Newcastle,Southampton,3.0,3.3,2.4,3.0,3.2,2.45,,,,3.06,3.32,2.54,3.39,3.64,2.21,E0 (6).csv,2.95,3.25,2.45,2.88,3.3,2.5,2.9,3.3,2.5,,,,,,,,,,,,,
2021-02-06,Burnley,Brighton,3.6,3.1,2.2,3.5,3.2,2.2,,,,3.74,3.21,2.26,3.66,3.24,2.27,E0 (6).csv,3.6,3.1,2.2,3.6,3.2,2.2,3.6,3.13,2.2,,,,,,,,,,,,,
2021-02-06,Fulham,West Ham,3.6,3.5,2.05,3.6,3.4,2.1,,,,3.66,3.56,2.13,4.07,3.67,1.98,E0 (6).csv,3.55,3.45,2.1,3.5,3.5,2.1,3.6,3.4,2.1,,,,,,,,,,,,,
2021-02-06,Aston Villa,Arsenal,2.62,3.5,2.6,2.6,3.6,2.6,,,,2.84,3.51,2.6,3.05,3.5,2.45,E0 (6).csv,2.75,3.45,2.55,2.7,3.5,2.55,2.55,3.6,2.6,,,,,,,,,,,,,
2021-02-07,Tottenham,West Brom,1.45,4.5,7.0,1.48,4.33,7.0,,,,1.47,4.58,7.81,1.4,5.04,8.69,E0 (6).csv,1.45,4.6,7.0,1.44,4.4,7.5,1.44,4.5,7.5,,,,,,,,,,,,,
2021-02-07,Wolves,Leicester,3.5,3.4,2.1,3.4,3.4,2.15,,,,3.63,3.49,2.17,3.51,3.32,2.3,E0 (6).csv,3.5,3.3,2.15,3.4,3.3,2.2,3.6,3.25,2.15,,,,,,,,,,,,,
2021-02-07,Liverpool,Man City,3.4,3.6,2.05,3.4,3.7,2.05,,,,3.44,3.7,2.17,3.15,3.69,2.3,E0 (6).csv,3.4,3.4,2.2,3.4,3.6,2.1,3.4,3.6,2.1,,,,,,,,,,,,,
2021-02-07,Sheffield United,Chelsea,7.0,4.5,1.45,7.25,4.1,1.5,,,,7.64,4.46,1.49,6.96,4.36,1.53,E0 (6).csv,7.0,4.4,1.47,7.0,4.2,1.5,7.5,4.33,1.45,,,,,,,,,,,,,
2021-02-08,Leeds,Crystal Palace,1.8,3.8,4.2,1.85,3.8,4.1,,,,1.88,3.93,4.24,1.79,3.67,5.13,E0 (6).csv,1.85,3.8,3.95,1.85,3.8,4.0,1.85,3.8,4.1,,,,,,,,,,,,,
2021-02-13,Leicester,Liverpool,3.5,3.4,2.1,3.6,3.5,2.05,,,,3.5,3.53,2.2,3.96,4.02,1.92,E0 (6).csv,3.4,3.45,2.15,3.4,3.4,2.15,3.5,3.5,2.1,,,,,,,,,,,,,
2021-02-13,Crystal Palace,Burnley,2.37,3.1,3.2,2.3,3.2,3.3,,,,2.54,3.18,3.19,2.91,3.25,2.7,E0 (6).csv,2.4,3.05,3.2,2.4,3.1,3.2,2.38,3.1,3.25,,,,,,,,,,,,,
2021-02-13,Man City,Tottenham,1.28,5.75,9.5,1.33,5.5,8.75,,,,1.35,5.91,8.75,1.34,5.94,9.05,E0 (6).csv,1.33,5.25,8.75,1.33,5.5,8.5,1.33,5.5,8.5,,,,,,,,,,,,,
2021-02-13,Brighton,Aston Villa,2.7,3.5,2.5,2.75,3.4,2.55,,,,2.85,3.51,2.59,2.87,3.45,2.61,E0 (6).csv,2.75,3.4,2.55,2.8,3.3,2.55,2.7,3.4,2.6,,,,,,,,,,,,,
2021-02-14,Southampton,Wolves,2.37,3.2,3.1,2.45,3.2,3.0,,,,2.44,3.28,3.25,2.27,3.29,3.6,E0 (6).csv,2.4,3.2,3.1,2.45,3.1,3.1,2.45,3.13,3.1,,,,,,,,,,,,,
2021-02-14,West Brom,Man United,10.0,5.5,1.3,8.5,5.25,1.35,,,,9.65,5.71,1.34,9.8,6.02,1.32,E0 (6).csv,8.75,5.5,1.33,9.5,5.5,1.32,10.0,5.5,1.3,,,,,,,,,,,,,
2021-02-14,Arsenal,Leeds,1.83,3.8,4.0,1.85,3.8,4.0,,,,1.93,3.79,4.1,1.85,3.9,4.42,E0 (6).csv,1.9,3.8,3.85,1.88,3.7,4.0,1.87,3.8,4.0,,,,,,,,,,,,,
2021-02-14,Everton,Fulham,1.85,3.6,4.2,1.9,3.5,4.2,,,,1.96,3.61,4.24,2.03,3.47,4.13,E0 (6).csv,1.95,3.5,4.0,1.91,3.5,4.2,1.91,3.5,4.2,,,,,,,,,,,,,
2021-02-15,Chelsea,Newcastle,1.22,6.5,12.0,1.22,6.75,12.0,,,,1.26,6.85,11.46,1.28,6.11,12.8,E0 (6).csv,1.25,6.25,13.0,1.25,6.0,12.0,1.29,5.5,11.5,,,,,,,,,,,,,
2021-02-15,West Ham,Sheffield United,1.66,3.75,5.25,1.72,3.75,5.0,,,,1.75,3.82,5.26,2.07,3.37,4.11,E0 (6).csv,1.73,3.65,5.0,1.73,3.7,5.0,1.7,3.7,5.25,,,,,,,,,,,,,
2021-02-17,Everton,Man City,8.5,5.5,1.33,7.75,5.25,1.36,,,,8.77,5.62,1.36,12.07,6.04,1.28,E0 (6).csv,8.5,5.25,1.35,9.0,5.0,1.35,9.5,5.25,1.33,,,,,,,,,,,,,
2021-02-17,Burnley,Fulham,2.75,3.2,2.7,2.7,3.2,2.7,,,,2.87,3.19,2.77,3.05,3.15,2.66,E0 (6).csv,2.8,3.1,2.7,2.7,3.2,2.7,2.75,3.1,2.75,,,,,,,,,,,,,
2021-02-19,Wolves,Leeds,2.37,3.3,3.0,2.3,3.3,3.2,,,,2.41,3.42,3.17,2.34,3.44,3.28,E0 (6).csv,2.4,3.3,3.05,2.45,3.25,3.0,2.38,3.4,3.0,,,,,,,,,,,,,
2021-02-20,Southampton,Chelsea,5.0,3.8,1.7,4.75,3.75,1.75,,,,5.11,3.88,1.75,4.55,3.78,1.85,E0 (6).csv,4.8,3.75,1.73,5.0,3.7,1.73,4.8,3.75,1.73,,,,,,,,,,,,,
2021-02-20,Burnley,West Brom,2.0,3.3,4.0,2.0,3.4,3.9,,,,2.06,3.41,4.12,2.18,3.36,3.77,E0 (6).csv,2.0,3.3,3.95,2.05,3.25,3.9,2.0,3.25,4.1,,,,,,,,,,,,,
2021-02-20,Liverpool,Everton,1.44,4.5,7.0,1.48,4.4,7.0,,,,1.5,4.64,6.94,1.38,5.42,8.5,E0 (6).csv,1.5,4.6,6.25,1.47,4.5,7.0,1.44,4.6,7.0,,,,,,,,,,,,,
2021-02-20,Fulham,Sheffield United,2.15,3.2,3.6,2.2,3.2,3.5,,,,2.23,3.24,3.77,1.97,3.43,4.45,E0 (6).csv,2.2,3.15,3.6,2.25,3.1,3.6,2.15,3.2,3.7,,,,,,,,,,,,,
2021-02-21,West Ham,Tottenham,2.62,3.4,2.7,2.5,3.4,2.8,,,,2.73,3.38,2.78,3.18,3.54,2.35,E0 (6).csv,2.65,3.3,2.7,2.62,3.3,2.7,2.63,3.3,2.75,,,,,,,,,,,,,
2021-02-21,Aston Villa,Leicester,2.87,3.5,2.4,2.85,3.5,2.4,,,,2.94,3.55,2.49,3.68,3.76,2.06,E0 (6).csv,2.85,3.45,2.45,2.88,3.5,2.4,2.88,3.5,2.4,,,,,,,,,,,,,
2021-02-21,Arsenal,Man City,6.5,4.33,1.5,6.25,4.1,1.55,,,,6.42,4.54,1.54,7.22,4.64,1.49,E0 (6).csv,6.0,4.3,1.53,6.5,4.2,1.52,6.5,4.33,1.5,,,,,,,,,,,,,
2021-02-21,Man United,Newcastle,1.28,5.5,10.0,1.28,5.75,11.0,,,,1.31,5.85,10.95,1.35,5.36,10.03,E0 (6).csv,1.3,5.75,9.5,1.29,5.5,11.0,1.25,5.75,12.0,,,,,,,,,,,,,
2021-02-22,Brighton,Crystal Palace,1.7,3.5,5.5,1.72,3.5,5.5,,,,1.75,3.61,5.64,1.79,3.53,5.47,E0 (6).csv,1.73,3.5,5.5,1.73,3.5,5.5,1.73,3.5,5.5,,,,,,,,,,,,,
2021-02-23,Leeds,Southampton,2.25,3.5,3.1,2.3,3.4,3.1,,,,2.4,3.52,3.12,2.22,3.62,3.39,E0 (6).csv,2.35,3.45,3.0,2.3,3.4,3.1,2.3,3.6,3.0,,,,,,,,,,,,,
2021-02-27,Newcastle,Wolves,3.5,3.2,2.2,3.5,3.1,2.25,,,,3.56,3.16,2.36,3.78,3.25,2.22,E0 (6).csv,3.45,3.1,2.3,3.5,3.1,2.25,3.5,3.1,2.25,,,,,,,,,,,,,
2021-02-27,West Brom,Brighton,4.2,3.3,1.95,4.1,3.5,1.91,,,,4.22,3.53,1.99,4.61,3.7,1.86,E0 (6).csv,4.1,3.4,1.95,4.2,3.4,1.95,4.2,3.4,1.93,,,,,,,,,,,,,
2021-02-27,Leeds,Aston Villa,2.15,3.6,3.2,2.25,3.5,3.1,,,,2.25,3.74,3.22,2.05,3.91,3.59,E0 (6).csv,2.2,3.65,3.1,2.3,3.6,2.88,2.2,3.6,3.13,,,,,,,,,,,,,
2021-02-27,Man City,West Ham,1.22,6.5,12.0,1.22,6.75,12.0,,,,1.24,6.76,13.19,1.29,6.33,11.01,E0 (6).csv,1.25,6.25,12.0,1.22,6.5,13.0,1.22,6.5,12.0,,,,,,,,,,,,,
2021-02-28,Crystal Palace,Fulham,3.5,3.2,2.2,3.4,3.2,2.25,,,,3.62,3.24,2.29,3.54,3.25,2.32,E0 (6).csv,3.45,3.15,2.25,3.4,3.1,2.25,3.5,3.1,2.25,,,,,,,,,,,,,
2021-02-28,Leicester,Arsenal,2.5,3.4,2.8,2.45,3.4,2.85,,,,2.61,3.38,2.92,2.33,3.4,3.36,E0 (6).csv,2.55,3.3,2.85,2.5,3.25,2.9,2.5,3.3,2.9,,,,,,,,,,,,,
2021-02-28,Tottenham,Burnley,1.53,4.0,6.5,1.55,3.9,6.75,,,,1.56,4.1,7.22,1.52,4.41,6.99,E0 (6).csv,1.55,4.1,6.25,1.55,3.9,7.0,1.53,4.1,6.5,,,,,,,,,,,,,
2021-02-28,Chelsea,Man United,2.15,3.4,3.4,2.2,3.3,3.4,,,,2.3,3.34,3.47,2.42,3.32,3.24,E0 (6).csv,2.25,3.25,3.3,2.25,3.3,3.3,2.25,3.3,3.25,,,,,,,,,,,,,
2021-02-28,Sheffield United,Liverpool,8.0,5.0,1.36,7.5,4.75,1.42,,,,7.95,5.19,1.41,8.48,5.5,1.38,E0 (6).csv,8.0,4.8,1.4,7.5,4.8,1.4,8.0,4.75,1.4,,,,,,,,,,,,,
2021-03-01,Everton,Southampton,2.15,3.5,3.3,2.15,3.5,3.3,,,,2.21,3.58,3.44,2.2,3.55,3.49,E0 (6).csv,2.2,3.45,3.35,2.2,3.4,3.3,2.15,3.4,3.4,,,,,,,,,,,,,
2021-03-02,Man City,Wolves,1.18,7.0,15.0,1.22,6.25,14.0,,,,1.23,6.38,16.42,1.21,6.96,15.9,E0 (6).csv,1.25,6.0,14.0,1.22,6.0,15.0,1.22,6.5,15.0,,,,,,,,,,,,,
2021-03-03,Crystal Palace,Man United,8.0,4.75,1.4,7.0,4.5,1.45,,,,8.18,4.7,1.45,7.73,4.61,1.47,E0 (6).csv,7.25,4.6,1.45,8.0,4.4,1.44,7.5,4.5,1.44,,,,,,,,,,,,,
2021-03-03,Burnley,Leicester,4.0,3.25,2.0,4.1,3.25,2.0,,,,4.1,3.29,2.11,3.89,3.13,2.24,E0 (6).csv,3.85,3.3,2.05,3.9,3.3,2.05,4.0,3.4,2.0,,,,,,,,,,,,,
2021-03-03,Sheffield United,Aston Villa,3.75,3.4,2.05,3.8,3.5,2.0,,,,3.77,3.58,2.09,3.59,3.39,2.23,E0 (6).csv,3.75,3.35,2.05,3.75,3.4,2.05,3.9,3.3,2.05,,,,,,,,,,,,,
2021-03-04,Fulham,Tottenham,4.0,3.6,1.9,3.9,3.5,1.95,,,,4.02,3.66,2.0,3.95,3.39,2.11,E0 (6).csv,3.9,3.5,1.95,4.0,3.5,1.95,4.1,3.4,1.95,,,,,,,,,,,,,
2021-03-04,West Brom,Everton,4.33,3.6,1.83,4.5,3.7,1.8,,,,4.49,3.77,1.87,3.99,3.54,2.04,E0 (6).csv,4.4,3.6,1.83,4.33,3.6,1.83,4.5,3.5,1.83,,,,,,,,,,,,,
2021-03-04,Liverpool,Chelsea,2.25,3.6,3.0,2.2,3.6,3.1,,,,2.28,3.69,3.2,2.26,3.52,3.37,E0 (6).csv,2.25,3.55,3.1,2.25,3.5,3.1,2.25,3.5,3.13,,,,,,,,,,,,,
2021-03-06,Burnley,Arsenal,5.5,4.0,1.61,5.25,3.9,1.65,,,,5.73,4.02,1.66,5.18,3.7,1.78,E0 (6).csv,5.25,3.9,1.65,5.5,3.8,1.65,5.75,3.8,1.65,,,,,,,,,,,,,
2021-03-06,Sheffield United,Southampton,3.6,3.5,2.0,3.6,3.5,2.05,,,,3.77,3.43,2.14,3.74,3.34,2.19,E0 (6).csv,3.6,3.25,2.15,3.7,3.3,2.1,3.75,3.25,2.1,,,,,,,,,,,,,
2021-03-06,Aston Villa,Wolves,2.37,3.25,3.1,2.35,3.25,3.2,,,,2.48,3.18,3.28,2.7,3.13,3.02,E0 (6).csv,2.45,3.1,3.1,2.35,3.2,3.2,2.38,3.2,3.13,,,,,,,,,,,,,
2021-03-06,Brighton,Leicester,2.55,3.25,2.8,2.6,3.2,2.8,,,,2.54,3.37,3.02,2.52,3.25,3.14,E0 (6).csv,2.6,3.2,2.85,2.55,3.2,2.9,2.55,3.2,2.9,,,,,,,,,,,,,
2021-03-07,Tottenham,Crystal Palace,1.45,4.5,7.0,1.45,4.6,7.0,,,,1.5,4.53,7.36,1.56,4.17,6.87,E0 (6).csv,1.5,4.4,6.75,1.47,4.33,7.0,1.45,4.4,7.5,,,,,,,,,,,,,
2021-03-07,Liverpool,Fulham,1.36,5.0,8.5,1.4,4.75,7.75,,,,1.42,4.92,8.54,1.67,4.03,5.68,E0 (6).csv,1.37,5.25,7.75,1.36,4.75,9.5,1.36,5.0,8.5,,,,,,,,,,,,,
2021-03-07,West Brom,Newcastle,2.37,3.2,3.1,2.45,3.2,3.0,,,,2.47,3.29,3.19,2.32,3.29,3.48,E0 (6).csv,2.45,3.15,3.05,2.4,3.2,3.1,2.4,3.13,3.2,,,,,,,,,,,,,
2021-03-07,Man City,Man United,1.45,4.5,7.0,1.5,4.2,6.75,,,,1.52,4.45,6.97,1.51,4.48,7.2,E0 (6).csv,1.5,4.4,6.5,1.47,4.2,7.5,1.5,4.33,7.0,,,,,,,,,,,,,
2021-03-08,Chelsea,Everton,1.53,4.0,6.5,1.57,4.0,6.0,,,,1.55,4.33,6.72,1.68,3.95,5.74,E0 (6).csv,1.53,4.1,6.5,1.53,4.2,6.5,1.55,4.0,6.5,,,,,,,,,,,,,
2021-03-08,West Ham,Leeds,2.05,3.6,3.5,2.1,3.5,3.5,,,,2.14,3.67,3.55,2.25,3.61,3.33,E0 (6).csv,2.1,3.55,3.4,2.1,3.5,3.5,2.05,3.6,3.5,,,,,,,,,,,,,
2021-03-10,Man City,Southampton,1.18,7.5,15.0,1.22,6.75,11.5,,,,1.22,7.28,14.8,1.18,7.78,18.52,E0 (6).csv,1.22,6.75,14.0,1.2,6.5,15.0,1.17,7.5,17.0,,,,,,,,,,,,,
2021-03-12,Newcastle,Aston Villa,3.8,3.3,2.05,3.9,3.4,2.0,,,,3.86,3.38,2.14,3.8,3.42,2.14,E0 (6).csv,3.6,3.35,2.1,3.9,3.3,2.0,3.9,3.25,2.1,,,,,,,,,,,,,
2021-03-13,Leeds,Chelsea,4.75,4.0,1.7,4.5,3.9,1.75,,,,4.69,3.99,1.78,5.3,3.99,1.71,E0 (6).csv,4.4,3.85,1.77,4.6,3.8,1.75,4.8,3.9,1.73,,,,,,,,,,,,,
2021-03-13,Crystal Palace,West Brom,2.15,3.2,3.6,2.15,3.25,3.6,,,,2.31,3.19,3.63,2.39,3.16,3.48,E0 (6).csv,2.25,3.1,3.5,2.2,3.1,3.7,2.25,3.13,3.5,,,,,,,,,,,,,
2021-03-13,Everton,Burnley,1.83,3.5,4.5,1.83,3.5,4.5,,,,1.93,3.52,4.54,2.05,3.35,4.23,E0 (6).csv,1.9,3.45,4.4,1.85,3.5,4.5,1.85,3.5,4.5,,,,,,,,,,,,,
2021-03-13,Fulham,Man City,10.0,5.0,1.33,10.0,5.0,1.33,,,,10.46,5.04,1.37,8.36,4.76,1.44,E0 (6).csv,8.5,4.9,1.37,10.0,4.8,1.35,10.0,5.0,1.33,,,,,,,,,,,,,
2021-03-14,Southampton,Brighton,2.9,3.1,2.5,3.0,3.1,2.55,,,,3.03,3.14,2.68,3.34,3.25,2.41,E0 (6).csv,2.95,3.05,2.6,3.0,3.1,2.55,2.9,3.1,2.6,,,,,,,,,,,,,
2021-03-14,Leicester,Sheffield United,1.5,4.2,6.5,1.48,4.25,7.0,,,,1.56,4.16,6.87,1.56,3.96,7.64,E0 (6).csv,1.53,4.0,6.5,1.52,4.0,7.0,1.53,4.0,7.0,,,,,,,,,,,,,
2021-03-14,Arsenal,Tottenham,2.55,3.4,2.75,2.55,3.4,2.75,,,,2.65,3.38,2.87,2.73,3.34,2.81,E0 (6).csv,2.55,3.3,2.8,2.55,3.3,2.8,2.55,3.3,2.8,,,,,,,,,,,,,
2021-03-14,Man United,West Ham,1.83,3.6,4.33,1.85,3.6,4.33,,,,1.88,3.63,4.59,1.81,3.68,5.05,E0 (6).csv,1.85,3.55,4.3,1.85,3.5,4.5,1.83,3.6,4.5,,,,,,,,,,,,,
2021-03-15,Wolves,Liverpool,4.75,3.75,1.72,4.75,3.7,1.75,,,,4.93,3.86,1.78,5.93,3.95,1.66,E0 (6).csv,4.7,3.7,1.75,4.8,3.7,1.75,5.0,3.6,1.75,,,,,,,,,,,,,
2021-03-19,Fulham,Leeds,2.37,3.4,3.0,2.4,3.4,2.95,,,,2.48,3.42,3.07,2.56,3.45,2.94,E0 (6).csv,2.45,3.25,3.0,2.4,3.3,3.0,2.4,3.3,3.1,,,,,,,,,,,,,
2021-03-20,Brighton,Newcastle,1.66,3.5,6.0,1.65,3.5,6.5,,,,1.67,3.61,6.73,1.76,3.64,5.55,E0 (6).csv,1.65,3.6,6.0,1.67,3.5,6.0,1.65,3.6,6.0,,,,,,,,,,,,,
2021-03-21,Aston Villa,Tottenham,2.9,3.3,2.45,2.9,3.4,2.45,,,,3.03,3.46,2.48,3.12,3.54,2.39,E0 (6).csv,2.95,3.35,2.4,3.0,3.4,2.38,2.9,3.4,2.4,,,,,,,,,,,,,
2021-03-21,West Ham,Arsenal,2.8,3.5,2.45,2.75,3.6,2.45,,,,2.9,3.49,2.56,3.54,3.56,2.18,E0 (6).csv,2.8,3.4,2.5,2.8,3.5,2.45,2.88,3.3,2.5,,,,,,,,,,,,,
2021-04-03,Chelsea,West Brom,1.22,6.0,15.0,1.2,6.75,15.0,,,,1.22,6.5,16.63,1.3,5.73,12.2,E0 (6).csv,1.2,6.5,15.0,1.2,6.5,15.0,1.22,6.0,17.0,,,,,,,,,,,,,
2021-04-03,Leeds,Sheffield United,1.5,4.33,6.5,1.53,4.4,5.75,,,,1.53,4.56,6.51,1.6,4.17,6.25,E0 (6).csv,1.47,4.4,7.0,1.52,4.2,6.5,1.5,4.2,7.0,,,,,,,,,,,,,
2021-04-03,Leicester,Man City,6.0,4.2,1.53,6.25,4.1,1.55,,,,6.24,4.12,1.61,5.2,3.86,1.75,E0 (6).csv,6.75,3.85,1.57,6.5,4.0,1.55,6.0,4.0,1.57,,,,,,,,,,,,,
2021-04-03,Arsenal,Liverpool,3.1,3.7,2.15,3.1,3.6,2.2,,,,3.18,3.66,2.3,2.94,3.69,2.43,E0 (6).csv,3.1,3.5,2.25,3.1,3.5,2.25,3.13,3.5,2.25,,,,,,,,,,,,,
2021-04-04,Man United,Brighton,1.61,4.0,5.5,1.62,4.0,5.5,,,,1.67,4.04,5.59,1.67,4.06,5.6,E0 (6).csv,1.65,3.9,5.25,1.65,3.9,5.25,1.65,3.8,5.5,,,,,,,,,,,,,
2021-04-04,Newcastle,Tottenham,5.5,4.0,1.6,5.5,4.1,1.6,,,,5.66,4.17,1.65,5.62,3.95,1.68,E0 (6).csv,5.5,3.95,1.63,5.8,3.9,1.62,5.75,3.9,1.62,,,,,,,,,,,,,
2021-04-04,Aston Villa,Fulham,2.25,3.3,3.3,2.25,3.3,3.3,,,,2.32,3.36,3.4,2.6,3.28,3.02,E0 (6).csv,2.3,3.25,3.3,2.3,3.25,3.3,2.25,3.2,3.4,,,,,,,,,,,,,
2021-04-04,Southampton,Burnley,2.05,3.3,3.8,2.05,3.4,3.75,,,,2.11,3.36,3.97,2.03,3.45,4.16,E0 (6).csv,2.1,3.25,3.8,2.1,3.2,3.8,2.05,3.3,3.9,,,,,,,,,,,,,
2021-04-05,Everton,Crystal Palace,1.75,3.5,5.0,1.83,3.4,4.75,,,,1.84,3.54,5.07,1.89,3.47,4.8,E0 (6).csv,1.8,3.45,4.9,1.8,3.4,5.0,1.8,3.4,5.0,,,,,,,,,,,,,
2021-04-05,Wolves,West Ham,2.87,3.2,2.55,2.95,3.2,2.5,,,,2.99,3.21,2.66,2.91,3.2,2.74,E0 (6).csv,2.95,3.1,2.6,3.0,3.1,2.55,3.0,3.0,2.6,,,,,,,,,,,,,
2021-04-09,Fulham,Wolves,2.5,3.0,3.1,2.55,3.0,3.1,,,,2.6,3.07,3.22,2.75,3.13,2.96,E0 (6).csv,2.55,3.0,3.1,2.5,3.1,3.1,2.55,3.0,3.2,,,,,,,,,,,,,
2021-04-10,Man City,Leeds,1.28,5.75,10.0,1.28,6.0,10.0,,,,1.31,5.97,10.38,1.39,5.32,8.5,E0 (6).csv,1.33,6.0,8.0,1.27,6.5,9.0,1.3,5.75,10.5,,,,,,,,,,,,,
2021-04-10,Liverpool,Aston Villa,1.5,4.33,6.5,1.53,4.33,6.0,,,,1.53,4.6,6.49,1.46,4.79,7.53,E0 (6).csv,1.53,4.5,6.0,1.5,4.4,6.5,1.5,4.33,6.5,,,,,,,,,,,,,
2021-04-10,Crystal Palace,Chelsea,7.0,3.8,1.53,7.25,3.75,1.55,,,,7.31,4.12,1.55,7.75,4.23,1.52,E0 (6).csv,6.75,4.0,1.53,6.5,4.2,1.52,7.0,3.9,1.53,,,,,,,,,,,,,
2021-04-11,Sheffield United,Arsenal,6.5,3.75,1.57,6.0,4.0,1.57,,,,6.16,4.03,1.63,5.58,4.05,1.67,E0 (6).csv,6.25,4.1,1.55,6.5,3.8,1.57,6.5,3.9,1.57,,,,,,,,,,,,,
2021-04-11,West Ham,Leicester,3.0,3.3,2.37,3.0,3.3,2.4,,,,3.11,3.47,2.42,3.25,3.31,2.42,E0 (6).csv,3.0,3.35,2.4,3.0,3.3,2.45,3.0,3.3,2.45,,,,,,,,,,,,,
2021-04-11,Burnley,Newcastle,2.3,3.1,3.4,2.3,3.1,3.4,,,,2.41,3.18,3.43,2.27,3.44,3.43,E0 (6).csv,2.35,3.1,3.35,2.35,3.1,3.3,2.3,3.1,3.4,,,,,,,,,,,,,
2021-04-11,Tottenham,Man United,2.87,3.4,2.45,2.9,3.4,2.45,,,,2.9,3.49,2.56,3.02,3.6,2.42,E0 (6).csv,2.85,3.4,2.5,2.88,3.4,2.45,2.88,3.4,2.45,,,,,,,,,,,,,
2021-04-12,West Brom,Southampton,3.6,3.3,2.1,3.6,3.1,2.2,,,,3.69,3.34,2.21,3.69,3.65,2.09,E0 (6).csv,3.5,3.25,2.2,3.5,3.2,2.2,3.4,3.3,2.2,,,,,,,,,,,,,
2021-04-12,Brighton,Everton,2.25,3.3,3.3,2.25,3.3,3.3,,,,2.33,3.29,3.45,2.15,3.51,3.67,E0 (6).csv,2.3,3.2,3.3,2.3,3.2,3.3,2.3,3.2,3.3,,,,,,,,,,,,,
2021-04-16,Everton,Tottenham,3.4,3.5,2.1,3.4,3.4,2.15,,,,3.46,3.56,2.21,3.59,3.46,2.2,E0 (6).csv,3.35,3.45,2.15,3.4,3.3,2.2,3.5,3.5,2.15,,,,,,,,,,,,,
2021-04-17,Newcastle,West Ham,3.5,3.5,2.05,3.6,3.5,2.05,,,,3.73,3.47,2.14,3.48,3.5,2.22,E0 (6).csv,3.6,3.4,2.1,3.75,3.5,2.0,3.6,3.4,2.1,,,,,,,,,,,,,
2021-04-17,Wolves,Sheffield United,1.66,3.5,5.75,1.67,3.6,5.75,,,,1.72,3.6,5.99,1.81,3.52,5.31,E0 (6).csv,1.67,3.6,5.75,1.67,3.6,5.8,1.67,3.5,6.0,,,,,,,,,,,,,
2021-04-18,Arsenal,Fulham,1.7,3.8,4.8,1.72,3.7,5.0,,,,1.79,3.75,5.03,1.9,3.7,4.38,E0 (6).csv,1.75,3.65,4.8,1.75,3.6,5.0,1.73,3.6,5.25,,,,,,,,,,,,,
2021-04-18,Man United,Burnley,1.33,5.25,9.0,1.34,5.0,9.5,,,,1.38,5.09,9.52,1.39,5.23,8.59,E0 (6).csv,1.37,4.9,8.25,1.35,4.8,9.5,1.33,5.0,10.0,,,,,,,,,,,,,
2021-04-19,Leeds,Liverpool,4.5,4.33,1.66,4.5,4.33,1.67,,,,4.85,4.36,1.7,5.44,4.47,1.62,E0 (6).csv,4.7,4.2,1.67,4.75,4.2,1.67,4.8,4.2,1.65,,,,,,,,,,,,,
2021-04-20,Chelsea,Brighton,1.57,4.0,6.0,1.57,3.9,6.5,,,,1.63,3.85,6.66,1.69,3.74,6.02,E0 (6).csv,1.6,3.8,6.0,1.57,3.8,6.5,1.6,3.8,6.5,,,,,,,,,,,,,
2021-04-21,Tottenham,Southampton,1.75,3.8,4.5,1.8,3.8,4.33,,,,1.83,3.86,4.56,1.86,3.9,4.33,E0 (6).csv,1.8,3.8,4.3,1.8,3.7,4.5,1.8,3.75,4.4,,,,,,,,,,,,,
2021-04-21,Aston Villa,Man City,9.0,4.75,1.36,8.0,4.75,1.4,,,,8.85,5.02,1.4,9.64,5.47,1.34,E0 (6).csv,8.25,5.0,1.37,9.0,4.8,1.36,9.0,5.0,1.36,,,,,,,,,,,,,
2021-04-22,Leicester,West Brom,1.53,3.8,6.0,1.55,4.2,6.0,,,,1.6,4.17,6.22,1.64,4.04,5.96,E0 (6).csv,1.6,4.0,5.75,1.57,4.0,6.0,1.57,4.0,6.0,,,,,,,,,,,,,
2021-04-23,Arsenal,Everton,2.0,3.5,3.75,2.05,3.5,3.6,,,,2.08,3.52,3.88,2.06,3.62,3.81,E0 (6).csv,2.0,3.45,3.85,2.05,3.4,3.75,2.05,3.4,3.8,,,,,,,,,,,,,
2021-04-24,Liverpool,Newcastle,1.22,6.5,12.0,1.25,6.25,11.5,,,,1.26,6.53,12.17,1.22,7.14,12.64,E0 (6).csv,1.25,6.5,12.0,1.24,6.0,13.0,1.25,6.0,13.0,,,,,,,,,,,,,
2021-04-24,West Ham,Chelsea,4.75,3.6,1.75,4.75,3.8,1.75,,,,4.91,3.88,1.78,5.09,3.97,1.72,E0 (6).csv,4.7,3.75,1.75,4.75,3.6,1.78,5.0,3.6,1.75,,,,,,,,,,,,,
2021-04-24,Sheffield United,Brighton,5.25,3.4,1.75,5.25,3.6,1.72,,,,5.54,3.67,1.75,6.43,3.94,1.61,E0 (6).csv,5.5,3.6,1.7,5.5,3.4,1.73,5.5,3.5,1.73,,,,,,,,,,,,,
2021-04-25,Wolves,Burnley,2.0,3.4,3.9,2.0,3.4,3.9,,,,2.12,3.32,3.99,2.44,3.06,3.5,E0 (6).csv,2.1,3.25,3.85,2.05,3.3,3.8,2.05,3.2,4.0,,,,,,,,,,,,,
2021-04-25,Leeds,Man United,4.0,4.2,1.75,4.1,4.0,1.8,,,,4.17,4.2,1.83,4.42,3.98,1.83,E0 (6).csv,4.0,4.1,1.8,4.0,4.0,1.8,4.1,3.9,1.8,,,,,,,,,,,,,
2021-04-25,Aston Villa,West Brom,1.85,3.6,4.2,1.87,3.6,4.2,,,,1.9,3.8,4.28,2.1,3.57,3.76,E0 (6).csv,1.85,3.65,4.2,1.88,3.6,4.2,1.83,3.6,4.4,,,,,,,,,,,,,
2021-04-26,Leicester,Crystal Palace,1.4,4.33,8.5,1.45,4.4,7.5,,,,1.48,4.36,8.24,1.44,4.75,8.25,E0 (6).csv,1.47,4.3,7.0,1.47,4.2,8.0,1.45,4.2,8.0,,,,,,,,,,,,,
2021-04-30,Southampton,Leicester,3.8,3.8,1.9,3.8,3.75,1.91,,,,3.87,3.92,1.96,4.21,3.81,1.91,E0 (6).csv,3.85,3.7,1.9,3.6,3.7,2.0,4.0,3.6,1.95,,,,,,,,,,,,,
2021-05-01,Chelsea,Fulham,1.44,4.4,7.5,1.45,4.25,8.0,,,,1.49,4.36,8.0,1.49,4.26,8.34,E0 (6).csv,1.5,4.2,7.0,1.47,4.2,7.5,1.45,4.2,8.0,,,,,,,,,,,,,
2021-05-01,Crystal Palace,Man City,10.0,5.0,1.33,10.0,5.0,1.33,,,,10.77,5.18,1.35,9.44,5.58,1.34,E0 (6).csv,9.5,5.25,1.33,11.0,5.0,1.32,11.0,5.25,1.3,,,,,,,,,,,,,
2021-05-01,Everton,Aston Villa,1.95,3.6,3.8,2.0,3.7,3.6,,,,2.07,3.7,3.72,1.99,3.84,3.84,E0 (6).csv,1.9,3.5,4.2,2.05,3.5,3.7,2.0,3.5,3.8,,,,,,,,,,,,,
2021-05-01,Brighton,Leeds,2.05,3.5,3.5,2.15,3.4,3.4,,,,2.19,3.52,3.54,2.09,3.54,3.82,E0 (6).csv,2.1,3.45,3.5,2.15,3.4,3.4,2.1,3.4,3.5,,,,,,,,,,,,,
2021-05-02,Newcastle,Arsenal,3.6,3.6,2.0,3.7,3.6,2.0,,,,3.75,3.58,2.1,3.75,3.64,2.08,E0 (6).csv,3.5,3.6,2.05,3.7,3.6,2.0,3.6,3.6,2.0,,,,,,,,,,,,,
2021-05-02,Tottenham,Sheffield United,1.25,6.0,12.0,1.3,5.5,10.0,,,,1.29,6.11,11.87,1.31,5.78,10.51,E0 (6).csv,1.27,5.5,13.0,1.29,5.5,11.0,1.29,5.5,12.0,,,,,,,,,,,,,
2021-05-03,West Brom,Wolves,2.9,3.2,2.5,2.9,3.1,2.6,,,,2.97,3.25,2.65,2.62,3.13,3.11,E0 (6).csv,2.9,3.25,2.55,3.0,3.1,2.55,2.9,3.2,2.55,,,,,,,,,,,,,
2021-05-03,Burnley,West Ham,3.1,3.6,2.2,3.2,3.5,2.2,,,,3.21,3.54,2.33,3.09,3.61,2.38,E0 (6).csv,3.15,3.45,2.25,3.2,3.4,2.25,3.2,3.4,2.25,,,,,,,,,,,,,
2021-05-07,Leicester,Newcastle,1.4,4.75,8.0,1.4,4.75,8.0,,,,1.44,4.92,7.87,1.41,4.99,8.68,E0 (6).csv,1.4,4.7,8.0,1.42,4.5,8.0,1.4,4.8,8.5,,,,,,,,,,,,,
2021-05-08,Leeds,Tottenham,3.4,3.8,2.0,3.5,3.75,2.0,,,,3.56,3.9,2.06,4.13,4.06,1.87,E0 (6).csv,3.4,3.8,2.05,3.4,3.7,2.05,3.5,3.75,2.05,,,,,,,,,,,,,
2021-05-08,Sheffield United,Crystal Palace,3.0,3.2,2.45,2.85,3.25,2.55,,,,3.02,3.32,2.53,3.05,3.25,2.55,E0 (6).csv,2.95,3.2,2.5,3.0,3.25,2.45,2.9,3.13,2.6,,,,,,,,,,,,,
2021-05-08,Man City,Chelsea,1.9,3.4,4.2,1.91,3.4,4.25,,,,1.94,3.55,4.38,2.08,3.36,4.09,E0 (6).csv,1.95,3.4,4.2,1.95,3.4,4.2,1.91,3.3,4.4,,,,,,,,,,,,,
2021-05-08,Liverpool,Southampton,1.25,6.0,11.0,1.28,6.0,10.0,,,,1.29,6.19,10.41,1.33,6.09,9.28,E0 (6).csv,1.3,6.0,9.5,1.29,5.5,11.0,1.25,6.0,12.0,,,,,,,,,,,,,
2021-05-09,West Ham,Everton,2.2,3.5,3.2,2.3,3.4,3.1,,,,2.28,3.51,3.35,2.15,3.62,3.54,E0 (6).csv,2.25,3.4,3.25,2.25,3.4,3.2,2.25,3.4,3.25,,,,,,,,,,,,,
2021-05-09,Arsenal,West Brom,1.44,4.5,7.0,1.45,4.6,7.0,,,,1.47,4.7,7.6,1.52,4.41,7.07,E0 (6).csv,1.47,4.5,6.5,1.47,4.33,7.0,1.45,4.4,7.5,,,,,,,,,,,,,
2021-05-09,Wolves,Brighton,3.3,3.3,2.2,3.25,3.25,2.3,,,,3.41,3.46,2.27,4.23,3.35,2.05,E0 (6).csv,3.35,3.25,2.25,3.4,3.25,2.25,3.5,3.13,2.25,,,,,,,,,,,,,
2021-05-09,Aston Villa,Man United,4.2,3.8,1.8,4.5,3.9,1.75,,,,4.45,3.86,1.85,4.38,4.07,1.82,E0 (6).csv,4.2,3.8,1.8,4.6,3.8,1.75,4.6,3.8,1.75,,,,,,,,,,,,,
2021-05-10,Fulham,Burnley,2.2,3.4,3.3,2.25,3.3,3.3,,,,2.22,3.56,3.44,2.26,3.48,3.43,E0 (6).csv,2.2,3.4,3.35,2.2,3.3,3.4,2.25,3.25,3.4,,,,,,,,,,,,,
2021-05-11,Man United,Leicester,2.5,3.4,2.8,2.5,3.3,2.85,,,,2.59,3.42,2.92,3.94,3.61,2.03,E0 (6).csv,2.5,3.3,2.85,2.45,3.25,3.0,2.5,3.4,2.9,,,,,,,,,,,,,
2021-05-11,Southampton,Crystal Palace,2.05,3.6,3.5,2.1,3.5,3.5,,,,2.11,3.65,3.63,1.88,3.87,4.28,E0 (6).csv,2.15,3.35,3.5,2.1,3.4,3.5,2.05,3.5,3.75,,,,,,,,,,,,,
2021-05-12,Chelsea,Arsenal,1.65,4.0,5.0,1.7,3.8,5.0,,,,1.75,3.88,5.17,1.99,3.39,4.42,E0 (6).csv,1.73,3.75,4.9,1.73,3.7,5.0,1.7,3.7,5.25,,,,,,,,,,,,,
2021-05-13,Man United,Liverpool,3.0,3.75,2.2,3.1,3.75,2.15,,,,3.12,3.78,2.17,2.85,3.77,2.47,E0 (6).csv,3.1,3.7,2.2,3.2,3.6,2.15,3.2,3.6,2.2,,,,,,,,,,,,,
2021-05-13,Aston Villa,Everton,2.7,3.4,2.6,2.65,3.4,2.65,,,,2.82,3.5,2.62,3.12,3.39,2.47,E0 (6).csv,2.8,3.35,2.55,2.62,3.3,2.62,2.7,3.4,2.6,,,,,,,,,,,,,
2021-05-14,Newcastle,Man City,11.0,6.0,1.25,10.5,5.75,1.28,,,,11.02,5.79,1.29,8.12,5.89,1.35,E0 (6).csv,9.0,5.5,1.33,11.0,5.5,1.29,11.0,5.75,1.29,,,,,,,,,,,,,
2021-05-15,Southampton,Fulham,2.0,3.6,3.6,2.0,3.6,3.7,,,,2.02,3.61,3.78,1.87,3.84,4.38,E0 (6).csv,2.0,3.55,3.75,2.0,3.5,3.75,2.0,3.4,3.9,,,,,,,,,,,,,
2021-05-15,Brighton,West Ham,2.9,3.6,2.3,2.85,3.6,2.35,,,,3.01,3.57,2.4,3.51,3.61,2.17,E0 (6).csv,2.95,3.4,2.4,2.9,3.3,2.4,3.1,3.25,2.38,,,,,,,,,,,,,
2021-05-15,Burnley,Leeds,3.2,3.75,2.1,3.1,3.5,2.25,,,,3.2,3.72,2.23,3.58,3.87,2.06,E0 (6).csv,3.1,3.6,2.2,3.1,3.5,2.2,3.2,3.6,2.2,,,,,,,,,,,,,
2021-05-16,Crystal Palace,Aston Villa,3.0,3.6,2.25,3.0,3.5,2.3,,,,3.14,3.58,2.32,3.2,3.62,2.31,E0 (6).csv,3.05,3.5,2.3,3.0,3.4,2.3,3.1,3.3,2.38,,,,,,,,,,,,,
2021-05-16,Tottenham,Wolves,1.5,4.33,6.5,1.5,4.4,6.5,,,,1.56,4.29,6.38,1.56,4.63,5.95,E0 (6).csv,1.55,4.2,6.0,1.52,4.2,6.0,1.53,4.1,6.5,,,,,,,,,,,,,
2021-05-16,West Brom,Liverpool,12.0,6.5,1.22,12.0,7.0,1.22,,,,11.65,6.78,1.24,11.9,7.23,1.23,E0 (6).csv,15.0,6.5,1.2,12.0,6.5,1.22,13.0,7.0,1.2,,,,,,,,,,,,,
2021-05-16,Everton,Sheffield United,1.36,4.75,8.5,1.4,4.6,8.5,,,,1.4,4.9,8.69,1.35,5.33,9.25,E0 (6).csv,1.4,4.7,8.0,1.4,4.4,8.5,1.4,4.6,9.0,,,,,,,,,,,,,
2021-05-18,Chelsea,Leicester,1.7,3.75,5.0,1.7,3.7,5.25,,,,1.74,3.74,5.36,1.71,3.88,5.45,E0 (6).csv,1.7,3.65,5.25,1.7,3.6,5.25,1.7,3.7,5.5,,,,,,,,,,,,,
2021-05-18,Brighton,Man City,7.0,4.5,1.45,6.75,4.4,1.48,,,,6.89,4.53,1.49,7.37,4.75,1.46,E0 (6).csv,6.5,4.4,1.5,7.0,4.2,1.47,7.5,4.5,1.45,,,,,,,,,,,,,
2021-05-18,Man United,Fulham,1.28,6.0,9.0,1.3,5.75,9.0,,,,1.32,5.81,9.28,1.3,5.93,10.85,E0 (6).csv,1.33,5.5,8.25,1.3,5.5,9.0,1.3,5.75,9.5,,,,,,,,,,,,,
2021-05-18,Southampton,Leeds,2.55,3.9,2.5,2.7,3.75,2.4,,,,2.6,3.84,2.61,2.71,3.9,2.52,E0 (6).csv,2.55,3.75,2.55,2.62,3.6,2.5,2.63,3.75,2.55,,,,,,,,,,,,,
2021-05-19,Everton,Wolves,1.85,3.6,4.2,1.9,3.7,4.0,,,,1.9,3.68,4.3,1.85,3.57,4.89,E0 (6).csv,1.9,3.55,4.2,1.88,3.4,4.2,1.85,3.5,4.5,,,,,,,,,,,,,
2021-05-19,Tottenham,Aston Villa,1.5,4.5,6.0,1.53,4.5,5.75,,,,1.54,4.77,5.92,1.64,4.47,5.27,E0 (6).csv,1.53,4.7,5.5,1.5,4.4,6.0,1.5,4.6,6.0,,,,,,,,,,,,,
2021-05-19,Crystal Palace,Arsenal,6.0,4.5,1.5,5.75,4.4,1.55,,,,6.16,4.49,1.55,5.96,4.09,1.63,E0 (6).csv,5.75,4.4,1.55,6.5,4.2,1.5,6.5,4.33,1.5,,,,,,,,,,,,,
2021-05-19,Burnley,Liverpool,11.0,7.0,1.22,10.5,6.5,1.25,,,,11.1,6.61,1.26,9.95,6.52,1.29,E0 (6).csv,11.0,7.0,1.22,11.0,6.0,1.24,11.5,7.0,1.22,,,,,,,,,,,,,
2021-05-19,West Brom,West Ham,5.0,4.33,1.6,5.25,4.2,1.62,,,,5.35,4.29,1.63,4.91,4.31,1.68,E0 (6).csv,5.25,4.3,1.6,5.25,4.2,1.6,5.5,4.2,1.6,,,,,,,,,,,,,
2021-05-19,Newcastle,Sheffield United,1.72,3.8,4.75,1.75,3.8,4.75,,,,1.75,3.87,4.82,1.82,3.82,4.59,E0 (6).csv,1.73,3.85,4.6,1.73,3.7,4.75,1.73,3.8,4.8,,,,,,,,,,,,,
2021-05-23,Arsenal,Brighton,1.57,4.33,5.25,1.62,4.1,5.25,,,,1.63,4.46,5.34,1.7,4.21,5.05,E0 (6).csv,1.6,4.3,5.25,1.62,4.2,5.25,1.62,4.1,5.5,,,,,,,,,,,,,
2021-05-23,Aston Villa,Chelsea,6.5,4.6,1.45,6.5,4.5,1.48,,,,6.75,4.63,1.51,6.95,5.06,1.46,E0 (6).csv,6.75,4.6,1.45,7.0,4.4,1.47,7.0,4.6,1.45,,,,,,,,,,,,,
2021-05-23,Fulham,Newcastle,2.05,3.8,3.3,2.1,3.8,3.2,,,,2.08,3.94,3.41,2.53,3.47,2.91,E0 (6).csv,2.05,3.8,3.3,2.15,3.6,3.25,2.1,3.7,3.3,,,,,,,,,,,,,
2021-05-23,Leeds,West Brom,1.4,5.25,6.5,1.45,5.0,6.25,,,,1.45,5.24,6.54,1.54,4.81,5.69,E0 (6).csv,1.45,5.25,6.25,1.42,5.0,7.0,1.4,5.0,7.0,,,,,,,,,,,,,
2021-05-23,West Ham,Southampton,1.65,4.0,5.0,1.72,4.0,4.6,,,,1.74,3.99,5.03,1.79,3.94,4.75,E0 (6).csv,1.7,4.1,4.6,1.7,3.9,4.8,1.67,4.1,4.8,,,,,,,,,,,,,
2021-05-23,Wolves,Man United,2.5,3.5,2.7,2.5,3.6,2.7,,,,2.59,3.78,2.7,2.48,3.19,3.28,E0 (6).csv,2.55,3.6,2.65,2.55,3.5,2.7,2.5,3.5,2.75,,,,,,,,,,,,,
2021-05-23,Leicester,Tottenham,2.0,4.0,3.3,2.0,3.9,3.4,,,,2.06,4.19,3.35,1.78,4.36,4.33,E0 (6).csv,2.05,3.85,3.3,2.05,3.9,3.3,2.0,3.75,3.5,,,,,,,,,,,,,
2021-05-23,Man City,Everton,1.44,5.0,6.5,1.44,5.0,6.5,,,,1.43,5.09,7.24,1.28,6.28,10.34,E0 (6).csv,1.47,4.9,6.0,1.44,4.8,7.0,1.45,4.6,7.0,,,,,,,,,,,,,
2021-05-23,Liverpool,Crystal Palace,1.14,8.5,15.0,1.16,8.0,16.5,,,,1.16,8.73,18.32,1.19,8.34,15.0,E0 (6).csv,1.15,8.25,16.0,1.15,8.0,17.0,1.17,7.5,17.0,,,,,,,,,,,,,
2021-05-23,Sheffield United,Burnley,2.8,3.6,2.4,2.8,3.6,2.4,,,,2.87,3.74,2.43,2.85,3.45,2.58,E0 (6).csv,2.85,3.6,2.4,2.8,3.5,2.45,2.88,3.5,2.4,,,,,,,,,,,,,
2021-08-13,Brentford,Arsenal,4.0,3.4,1.95,4.0,3.5,1.95,,,,4.05,3.46,2.05,3.94,3.33,2.13,E0 (5).csv,3.8,3.4,2.05,4.0,3.4,1.9,4.1,3.4,2.0,,,,,,,,,,,,,
2021-08-14,Man United,Leeds,1.53,4.5,5.75,1.53,4.5,5.75,,,,1.56,4.57,5.96,1.67,4.2,5.4,E0 (5).csv,1.55,4.4,5.75,1.52,4.33,5.8,1.55,4.4,6.0,,,,,,,,,,,,,
2021-08-14,Burnley,Brighton,3.1,3.1,2.45,3.2,3.1,2.4,,,,3.3,3.12,2.51,3.27,3.14,2.51,E0 (5).csv,3.15,3.05,2.45,3.2,3.0,2.45,3.13,3.1,2.45,,,,,,,,,,,,,
2021-08-14,Chelsea,Crystal Palace,1.25,5.75,13.0,1.28,5.75,10.5,,,,1.26,6.24,12.74,1.34,5.4,11.0,E0 (5).csv,1.25,6.0,13.0,1.25,5.5,13.0,1.25,5.75,13.0,,,,,,,,,,,,,
2021-08-14,Everton,Southampton,1.9,3.5,4.0,1.95,3.5,3.9,,,,2.01,3.56,4.1,2.05,3.45,4.07,E0 (5).csv,1.95,3.45,3.95,1.95,3.4,4.0,1.95,3.4,4.1,,,,,,,,,,,,,
2021-08-14,Leicester,Wolves,1.66,3.8,5.25,1.67,3.9,5.25,,,,1.73,3.79,5.47,1.76,3.77,5.22,E0 (5).csv,1.7,3.75,5.25,1.7,3.6,5.25,1.7,3.7,5.25,,,,,,,,,,,,,
2021-08-14,Watford,Aston Villa,3.1,3.2,2.37,3.25,3.3,2.3,,,,3.18,3.31,2.47,3.68,3.35,2.21,E0 (5).csv,3.05,3.25,2.4,3.2,3.1,2.38,3.1,3.25,2.38,,,,,,,,,,,,,
2021-08-14,Norwich,Liverpool,9.0,5.75,1.3,9.0,6.0,1.3,,,,8.35,5.86,1.36,7.0,4.9,1.48,E0 (5).csv,7.75,5.5,1.35,9.0,5.25,1.32,9.5,5.5,1.3,,,,,,,,,,,,,
2021-08-15,Newcastle,West Ham,3.2,3.5,2.2,3.3,3.4,2.2,,,,3.21,3.59,2.32,3.46,3.55,2.21,E0 (5).csv,3.15,3.45,2.25,3.1,3.4,2.25,3.25,3.4,2.25,,,,,,,,,,,,,
2021-08-15,Tottenham,Man City,5.5,4.2,1.6,5.25,4.25,1.6,,,,5.56,4.09,1.67,5.97,4.25,1.61,E0 (5).csv,5.25,4.1,1.63,5.5,4.0,1.6,5.5,4.0,1.62,,,,,,,,,,,,,
2021-08-21,Leeds,Everton,2.37,3.4,3.0,2.35,3.4,3.0,,,,2.39,3.51,3.14,2.15,3.52,3.65,E0 (5).csv,2.35,3.45,3.0,2.35,3.3,3.0,2.3,3.6,3.0,,,,,,,,,,,,,
2021-08-21,Man City,Norwich,1.08,11.0,26.0,1.11,9.5,23.0,,,,1.11,11.28,26.2,1.13,10.0,26.0,E0 (5).csv,1.12,9.5,22.0,1.08,10.0,26.0,1.09,10.5,26.0,,,,,,,,,,,,,
2021-08-21,Brighton,Watford,1.7,3.5,5.75,1.75,3.3,5.75,,,,1.75,3.55,5.8,1.78,3.55,5.6,E0 (5).csv,1.75,3.5,5.25,1.7,3.4,5.5,1.7,3.6,5.5,,,,,,,,,,,,,
2021-08-21,Crystal Palace,Brentford,2.55,3.2,2.87,2.6,3.2,2.8,,,,2.65,3.28,2.95,2.68,3.2,2.97,E0 (5).csv,2.6,3.15,2.9,2.55,3.1,2.88,2.6,3.13,2.9,,,,,,,,,,,,,
2021-08-21,Liverpool,Burnley,1.18,7.5,13.0,1.2,7.0,13.5,,,,1.21,6.98,15.68,1.25,6.75,13.5,E0 (5).csv,1.22,6.5,13.0,1.2,6.5,15.0,1.2,7.0,15.0,,,,,,,,,,,,,
2021-08-21,Aston Villa,Newcastle,1.8,3.75,4.33,1.8,3.9,4.25,,,,1.83,3.99,4.4,1.87,3.83,4.39,E0 (5).csv,1.83,3.8,4.1,1.8,3.75,4.2,1.8,3.75,4.5,,,,,,,,,,,,,
2021-08-22,Arsenal,Chelsea,4.75,3.75,1.72,4.75,3.75,1.75,,,,4.9,3.83,1.79,4.5,3.56,1.93,E0 (5).csv,4.8,3.75,1.73,4.75,3.6,1.75,5.0,3.6,1.75,,,,,,,,,,,,,
2021-08-22,Wolves,Tottenham,3.2,3.2,2.35,3.3,3.2,2.3,,,,3.25,3.15,2.52,2.95,3.09,2.79,E0 (5).csv,3.15,3.1,2.45,3.2,3.0,2.4,3.13,3.2,2.4,,,,,,,,,,,,,
2021-08-22,Southampton,Man United,5.5,4.2,1.57,5.0,4.33,1.62,,,,5.32,4.41,1.64,5.7,4.45,1.61,E0 (5).csv,5.25,4.2,1.6,5.5,4.0,1.6,5.75,4.1,1.57,,,,,,,,,,,,,
2021-08-23,West Ham,Leicester,2.5,3.5,2.75,2.6,3.5,2.6,,,,2.61,3.51,2.82,2.52,3.5,2.95,E0 (5).csv,2.55,3.4,2.75,2.6,3.3,2.7,2.55,3.5,2.7,,,,,,,,,,,,,
2021-08-28,Liverpool,Chelsea,2.45,3.3,2.9,2.45,3.4,2.85,,,,2.52,3.36,3.06,2.47,3.36,3.13,E0 (5).csv,2.5,3.25,2.95,2.45,3.25,2.9,2.5,3.3,2.9,,,,,,,,,,,,,
2021-08-28,West Ham,Crystal Palace,1.55,4.0,6.5,1.57,4.0,6.0,,,,1.59,4.07,6.64,1.59,4.0,6.8,E0 (5).csv,1.6,3.85,6.25,1.55,3.8,6.5,1.55,4.0,6.5,,,,,,,,,,,,,
2021-08-28,Norwich,Leicester,4.5,3.5,1.85,4.6,3.5,1.83,,,,4.47,3.54,1.93,4.4,3.67,1.91,E0 (5).csv,4.1,3.65,1.9,4.2,3.4,1.88,4.1,3.7,1.87,,,,,,,,,,,,,
2021-08-28,Newcastle,Southampton,2.5,3.4,2.8,2.5,3.5,2.75,,,,2.55,3.52,2.9,2.51,3.59,2.89,E0 (5).csv,2.5,3.45,2.8,2.45,3.4,2.8,2.5,3.4,2.8,,,,,,,,,,,,,
2021-08-28,Brighton,Everton,2.3,3.2,3.3,2.35,3.3,3.1,,,,2.37,3.29,3.37,2.35,3.26,3.46,E0 (5).csv,2.35,3.15,3.2,2.35,3.1,3.25,2.3,3.2,3.3,,,,,,,,,,,,,
2021-08-28,Aston Villa,Brentford,1.95,3.6,3.8,1.95,3.7,3.8,,,,2.02,3.63,3.95,2.1,3.33,4.07,E0 (5).csv,2.0,3.5,3.75,2.0,3.4,3.7,1.95,3.5,4.0,,,,,,,,,,,,,
2021-08-28,Man City,Arsenal,1.25,6.0,12.0,1.25,6.25,11.5,,,,1.26,6.28,12.59,1.36,5.2,10.5,E0 (5).csv,1.27,6.0,11.0,1.24,5.8,12.0,1.25,6.0,13.0,,,,,,,,,,,,,
2021-08-29,Tottenham,Watford,1.36,4.75,9.0,1.44,4.5,7.75,,,,1.45,4.42,9.04,1.44,4.65,8.5,E0 (5).csv,1.47,4.5,7.0,1.4,4.33,8.5,1.44,4.4,8.0,,,,,,,,,,,,,
2021-08-29,Wolves,Man United,5.0,3.5,1.75,5.0,3.4,1.8,,,,5.14,3.51,1.83,4.93,3.8,1.79,E0 (5).csv,4.6,3.55,1.8,5.0,3.4,1.78,4.6,3.6,1.8,,,,,,,,,,,,,
2021-08-29,Burnley,Leeds,3.1,3.5,2.25,3.1,3.4,2.3,,,,3.15,3.58,2.35,3.35,3.6,2.24,E0 (5).csv,3.05,3.45,2.3,3.0,3.3,2.35,3.0,3.5,2.3,,,,,,,,,,,,,
2021-09-11,Southampton,West Ham,2.9,3.5,2.4,2.95,3.5,2.35,,,,2.93,3.48,2.54,3.16,3.55,2.36,E0 (5).csv,2.85,3.45,2.45,2.88,3.25,2.45,2.75,3.5,2.4,,,,,,,,,,,,,
2021-09-11,Crystal Palace,Tottenham,4.2,3.5,1.9,4.4,3.3,1.91,,,,4.42,3.47,1.96,3.95,3.33,2.13,E0 (5).csv,4.1,3.45,1.95,4.33,3.3,1.91,4.1,3.3,1.91,,,,,,,,,,,,,
2021-09-11,Arsenal,Norwich,1.5,4.6,6.0,1.5,4.5,6.25,,,,1.53,4.57,6.5,1.44,4.91,7.9,E0 (5).csv,1.53,4.4,6.0,1.5,4.2,6.5,1.45,4.33,6.5,,,,,,,,,,,,,
2021-09-11,Brentford,Brighton,2.8,3.2,2.62,2.8,3.2,2.65,,,,2.93,3.19,2.72,3.14,3.0,2.7,E0 (5).csv,2.85,3.1,2.65,2.75,3.1,2.7,2.8,3.0,2.63,,,,,,,,,,,,,
2021-09-11,Leicester,Man City,6.0,4.0,1.57,5.5,4.25,1.57,,,,5.87,4.26,1.61,5.62,4.15,1.65,E0 (5).csv,5.5,4.2,1.6,5.8,4.2,1.55,5.5,4.0,1.57,,,,,,,,,,,,,
2021-09-11,Man United,Newcastle,1.18,7.5,15.0,1.2,7.0,14.0,,,,1.19,7.56,16.42,1.2,7.45,15.76,E0 (5).csv,1.2,7.0,13.0,1.2,6.5,15.0,1.17,7.0,15.0,,,,,,,,,,,,,
2021-09-11,Watford,Wolves,3.4,3.2,2.25,3.3,3.25,2.3,,,,3.47,3.22,2.36,3.67,3.21,2.28,E0 (5).csv,3.3,3.15,2.3,3.3,3.1,2.3,3.25,3.1,2.25,,,,,,,,,,,,,
2021-09-11,Chelsea,Aston Villa,1.28,5.5,11.0,1.3,5.5,10.0,,,,1.31,5.51,12.17,1.35,5.38,10.33,E0 (5).csv,1.33,5.25,10.0,1.29,5.25,11.0,1.29,5.0,11.0,,,,,,,,,,,,,
2021-09-12,Leeds,Liverpool,4.33,4.0,1.75,4.4,4.0,1.75,,,,4.54,4.15,1.78,5.04,4.48,1.66,E0 (5).csv,4.2,4.1,1.77,4.4,3.8,1.75,4.2,3.9,1.73,,,,,,,,,,,,,
2021-09-13,Everton,Burnley,1.7,3.75,5.0,1.75,3.7,4.75,,,,1.74,3.83,5.35,1.78,3.53,5.58,E0 (5).csv,1.73,3.7,4.9,1.73,3.5,5.0,1.7,3.5,5.0,,,,,,,,,,,,,
2021-09-17,Newcastle,Leeds,3.0,3.6,2.3,2.95,3.6,2.3,,,,3.05,3.69,2.36,3.25,3.74,2.23,E0 (5).csv,2.95,3.55,2.3,3.0,3.5,2.25,3.0,3.7,2.3,,,,,,,,,,,,,
2021-09-18,Aston Villa,Everton,2.4,3.3,3.0,2.35,3.4,3.0,,,,2.42,3.44,3.15,2.18,3.46,3.65,E0 (5).csv,2.35,3.3,3.05,2.4,3.2,3.0,2.3,3.25,3.0,,,,,,,,,,,,,
2021-09-18,Norwich,Watford,2.15,3.3,3.5,2.15,3.4,3.4,,,,2.21,3.48,3.53,2.41,3.29,3.31,E0 (5).csv,2.15,3.35,3.45,2.15,3.3,3.5,2.15,3.2,3.4,,,,,,,,,,,,,
2021-09-18,Liverpool,Crystal Palace,1.2,7.0,13.0,1.22,6.5,13.5,,,,1.22,6.87,15.6,1.29,6.13,11.57,E0 (5).csv,1.22,6.5,12.0,1.2,6.5,15.0,1.2,6.5,13.0,,,,,,,,,,,,,
2021-09-18,Man City,Southampton,1.12,9.5,17.0,1.14,8.25,19.5,,,,1.16,8.48,19.72,1.18,8.18,16.74,E0 (5).csv,1.17,7.75,16.0,1.14,7.5,19.0,1.12,8.0,19.0,,,,,,,,,,,,,
2021-09-18,Wolves,Brentford,1.83,3.25,5.0,1.85,3.3,4.75,,,,1.93,3.3,4.98,1.83,3.42,5.38,E0 (5).csv,1.9,3.3,4.7,1.91,3.1,4.6,1.87,3.3,5.0,,,,,,,,,,,,,
2021-09-18,Burnley,Arsenal,3.8,3.6,1.95,3.9,3.4,2.0,,,,3.87,3.57,2.06,3.94,3.79,1.98,E0 (5).csv,3.7,3.5,2.05,3.8,3.4,2.0,3.9,3.3,1.95,,,,,,,,,,,,,
2021-09-19,Brighton,Leicester,2.7,3.2,2.75,2.75,3.2,2.65,,,,2.83,3.25,2.77,2.55,3.23,3.12,E0 (5).csv,2.75,3.15,2.7,2.62,3.2,2.7,2.7,3.1,2.63,,,,,,,,,,,,,
2021-09-19,West Ham,Man United,4.33,4.0,1.75,4.4,4.0,1.75,,,,4.69,3.9,1.81,4.31,3.79,1.89,E0 (5).csv,4.3,3.9,1.77,4.6,3.7,1.75,4.4,3.8,1.73,,,,,,,,,,,,,
2021-09-19,Tottenham,Chelsea,5.0,3.8,1.7,5.0,3.75,1.72,,,,4.98,4.02,1.74,4.2,3.4,2.04,E0 (5).csv,4.9,3.8,1.7,4.6,3.7,1.75,5.0,3.5,1.7,,,,,,,,,,,,,
2021-09-25,Watford,Newcastle,2.2,3.4,3.3,2.25,3.3,3.3,,,,2.26,3.42,3.47,2.16,3.57,3.59,E0 (5).csv,2.25,3.35,3.3,2.25,3.25,3.25,2.2,3.25,3.25,,,,,,,,,,,,,
2021-09-25,Leicester,Burnley,1.57,4.0,6.0,1.57,4.0,6.0,,,,1.6,4.09,6.37,1.71,3.9,5.39,E0 (5).csv,1.6,4.1,5.75,1.57,3.9,6.0,1.55,3.9,6.0,,,,,,,,,,,,,
2021-09-25,Brentford,Liverpool,7.0,4.5,1.45,6.75,4.4,1.48,,,,7.48,4.51,1.49,7.88,4.98,1.43,E0 (5).csv,6.25,4.5,1.5,7.0,4.2,1.47,7.0,4.2,1.45,,,,,,,,,,,,,
2021-09-25,Leeds,West Ham,3.0,3.6,2.25,3.0,3.6,2.3,,,,3.17,3.73,2.28,3.08,3.62,2.38,E0 (5).csv,3.05,3.6,2.25,3.0,3.5,2.3,3.0,3.6,2.2,,,,,,,,,,,,,
2021-09-25,Chelsea,Man City,2.62,3.2,2.75,2.7,3.25,2.7,,,,2.74,3.3,2.83,2.92,3.21,2.72,E0 (5).csv,2.65,3.25,2.75,2.62,3.2,2.7,2.7,3.25,2.8,,,,,,,,,,,,,
2021-09-25,Man United,Aston Villa,1.36,5.25,8.0,1.4,5.0,7.5,,,,1.41,5.12,8.13,1.42,5.1,7.95,E0 (5).csv,1.4,5.0,7.25,1.38,4.75,8.0,1.36,5.25,8.5,,,,,,,,,,,,,
2021-09-25,Everton,Norwich,1.61,3.8,5.75,1.6,3.9,6.0,,,,1.65,3.91,6.09,1.7,3.82,5.72,E0 (5).csv,1.63,3.95,5.5,1.6,3.6,6.5,1.6,3.8,5.5,,,,,,,,,,,,,
2021-09-26,Southampton,Wolves,2.62,3.2,2.8,2.65,3.2,2.75,,,,2.7,3.27,2.89,2.15,3.42,3.78,E0 (5).csv,2.65,3.2,2.8,2.62,3.2,2.75,2.6,3.13,2.75,,,,,,,,,,,,,
2021-09-26,Arsenal,Tottenham,2.15,3.3,3.5,2.3,3.25,3.2,,,,2.29,3.3,3.54,2.25,3.4,3.53,E0 (5).csv,2.25,3.25,3.35,2.25,3.25,3.3,2.2,3.25,3.25,,,,,,,,,,,,,
2021-09-27,Crystal Palace,Brighton,3.1,3.2,2.45,2.95,3.2,2.5,,,,3.14,3.21,2.56,2.96,3.14,2.74,E0 (5).csv,3.0,3.15,2.5,3.1,3.0,2.5,2.9,3.0,2.5,,,,,,,,,,,,,
2021-10-02,Leeds,Watford,1.7,4.0,4.75,1.78,3.6,4.75,,,,1.78,3.96,4.8,1.78,3.98,4.74,E0 (5).csv,1.75,3.95,4.4,1.75,3.7,4.6,1.7,3.8,4.6,,,,,,,,,,,,,
2021-10-02,Brighton,Arsenal,3.0,3.25,2.4,2.95,3.2,2.5,,,,3.16,3.2,2.54,3.31,3.4,2.35,E0 (5).csv,3.0,3.15,2.5,3.0,3.1,2.45,3.0,3.2,2.38,,,,,,,,,,,,,
2021-10-02,Chelsea,Southampton,1.36,4.75,9.0,1.36,5.0,8.5,,,,1.4,4.91,9.22,1.46,4.71,7.79,E0 (5).csv,1.35,5.0,9.5,1.36,4.6,9.0,1.36,4.6,8.5,,,,,,,,,,,,,
2021-10-02,Wolves,Newcastle,1.61,4.2,5.25,1.67,4.2,4.75,,,,1.72,4.06,5.06,1.83,3.72,4.77,E0 (5).csv,1.7,3.9,4.9,1.65,3.9,5.0,1.65,3.7,5.25,,,,,,,,,,,,,
2021-10-02,Man United,Everton,1.45,4.33,7.5,1.5,4.25,6.75,,,,1.51,4.37,7.59,1.56,4.33,6.57,E0 (5).csv,1.5,4.4,6.5,1.47,4.2,7.0,1.45,4.5,7.5,,,,,,,,,,,,,
2021-10-02,Burnley,Norwich,1.85,3.6,4.33,1.85,3.5,4.5,,,,1.9,3.69,4.42,1.99,3.6,4.12,E0 (5).csv,1.85,3.7,4.2,1.88,3.4,4.2,1.83,3.5,4.2,,,,,,,,,,,,,
2021-10-03,Crystal Palace,Leicester,3.1,3.4,2.3,3.2,3.3,2.3,,,,3.17,3.44,2.41,2.87,3.3,2.7,E0 (5).csv,3.05,3.35,2.35,3.0,3.3,2.35,3.0,3.3,2.3,,,,,,,,,,,,,
2021-10-03,Tottenham,Aston Villa,2.1,3.6,3.4,2.15,3.4,3.4,,,,2.13,3.61,3.64,2.14,3.47,3.74,E0 (5).csv,2.1,3.5,3.45,2.15,3.3,3.5,2.1,3.4,3.4,,,,,,,,,,,,,
2021-10-03,West Ham,Brentford,1.75,3.75,4.75,1.8,3.5,4.75,,,,1.84,3.65,4.82,1.76,3.85,5.13,E0 (5).csv,1.8,3.65,4.4,1.8,3.4,4.75,1.75,3.6,4.5,,,,,,,,,,,,,
2021-10-03,Liverpool,Man City,2.87,3.5,2.4,2.8,3.6,2.4,,,,2.99,3.55,2.46,3.12,3.54,2.38,E0 (5).csv,2.85,3.4,2.45,2.8,3.5,2.38,2.8,3.4,2.38,,,,,,,,,,,,,
2021-10-16,Man City,Burnley,1.12,9.0,19.0,1.13,8.5,21.0,,,,1.13,9.94,24.65,1.15,9.13,21.3,E0 (5).csv,1.12,9.0,21.0,1.1,9.0,23.0,1.09,9.0,23.0,,,,,,,,,,,,,
2021-10-16,Norwich,Brighton,3.6,3.4,2.1,3.6,3.5,2.05,,,,3.77,3.41,2.16,4.12,3.69,1.96,E0 (5).csv,3.6,3.3,2.1,3.6,3.25,2.1,3.6,3.25,2.05,,,,,,,,,,,,,
2021-10-16,Southampton,Leeds,2.3,3.5,3.0,2.4,3.5,2.9,,,,2.44,3.58,3.01,2.12,3.72,3.55,E0 (5).csv,2.4,3.5,2.9,2.35,3.4,2.9,2.3,3.5,2.88,,,,,,,,,,,,,
2021-10-16,Leicester,Man United,3.5,3.6,2.05,3.75,3.5,2.0,,,,3.56,3.68,2.13,3.7,3.97,1.99,E0 (5).csv,3.45,3.55,2.1,3.5,3.5,2.05,3.4,3.5,2.05,,,,,,,,,,,,,
2021-10-16,Brentford,Chelsea,6.5,3.8,1.57,7.0,3.95,1.52,,,,6.69,3.92,1.61,5.64,3.87,1.7,E0 (5).csv,6.0,3.85,1.6,6.5,3.6,1.6,6.0,3.75,1.57,,,,,,,,,,,,,
2021-10-16,Watford,Liverpool,8.5,5.5,1.33,8.0,5.25,1.35,,,,9.43,5.49,1.36,8.6,5.68,1.36,E0 (5).csv,7.75,5.25,1.37,8.5,5.0,1.35,8.5,5.0,1.33,,,,,,,,,,,,,
2021-10-16,Aston Villa,Wolves,2.15,3.25,3.5,2.15,3.3,3.5,,,,2.32,3.31,3.47,2.16,3.31,3.89,E0 (5).csv,2.25,3.25,3.35,2.25,3.1,3.4,2.2,3.2,3.3,,,,,,,,,,,,,
2021-10-17,Everton,West Ham,2.5,3.4,2.8,2.45,3.5,2.75,,,,2.57,3.37,2.98,2.91,3.36,2.63,E0 (5).csv,2.5,3.3,2.85,2.5,3.2,2.9,2.45,3.3,2.8,,,,,,,,,,,,,
2021-10-17,Newcastle,Tottenham,3.5,3.6,2.05,3.4,3.6,2.0,,,,3.57,3.66,2.13,3.58,3.71,2.11,E0 (5).csv,3.45,3.55,2.1,3.5,3.5,2.05,3.4,3.5,2.05,,,,,,,,,,,,,
2021-10-18,Arsenal,Crystal Palace,1.6,3.8,6.0,1.62,3.9,5.75,,,,1.66,3.94,5.91,1.62,4.17,5.96,E0 (5).csv,1.65,3.85,5.5,1.62,3.7,5.8,1.6,3.8,5.5,,,,,,,,,,,,,
2021-10-22,Arsenal,Aston Villa,1.83,3.75,4.2,1.9,3.5,4.0,,,,1.92,3.77,4.22,2.04,3.65,3.87,E0 (5).csv,1.9,3.65,4.1,1.88,3.6,4.0,1.87,3.75,4.2,,,,,,,,,,,,,
2021-10-23,Chelsea,Norwich,1.18,7.0,15.0,1.14,8.25,23.0,,,,1.19,7.28,19.32,1.22,6.75,15.5,E0 (5).csv,1.2,6.75,15.0,1.17,6.5,19.0,1.18,7.0,20.0,,,,,,,,,,,,,
2021-10-23,Crystal Palace,Newcastle,1.9,3.6,4.0,1.95,3.6,3.7,,,,1.99,3.7,3.98,2.0,3.51,4.2,E0 (5).csv,1.95,3.55,3.8,1.95,3.5,3.8,1.93,3.4,3.9,,,,,,,,,,,,,
2021-10-23,Everton,Watford,1.65,3.8,5.5,1.6,4.1,5.25,,,,1.68,3.88,5.79,1.84,3.57,4.98,E0 (5).csv,1.65,3.85,5.25,1.65,3.7,5.5,1.62,3.7,5.5,,,,,,,,,,,,,
2021-10-23,Leeds,Wolves,2.4,3.4,2.87,2.1,3.7,3.2,,,,2.67,3.46,2.79,2.64,3.44,2.84,E0 (5).csv,2.55,3.35,2.75,2.5,3.25,2.8,2.45,3.3,2.75,,,,,,,,,,,,,
2021-10-23,Southampton,Burnley,1.95,3.5,3.9,1.95,3.5,3.8,,,,2.02,3.63,3.98,2.09,3.46,3.92,E0 (5).csv,1.97,3.5,3.8,1.95,3.5,3.8,1.95,3.3,3.9,,,,,,,,,,,,,
2021-10-23,Brighton,Man City,8.0,4.75,1.4,6.5,5.0,1.43,,,,7.66,4.79,1.46,8.18,4.95,1.43,E0 (5).csv,7.25,4.6,1.43,8.0,4.6,1.4,8.0,4.4,1.4,,,,,,,,,,,,,
2021-10-24,Man United,Liverpool,3.1,3.6,2.2,3.0,3.5,2.25,,,,3.15,3.73,2.29,3.09,3.66,2.35,E0 (5).csv,3.0,3.65,2.25,3.0,3.5,2.25,3.0,3.6,2.2,,,,,,,,,,,,,
2021-10-24,West Ham,Tottenham,2.3,3.5,3.0,2.4,3.5,2.8,,,,2.32,3.54,3.23,2.25,3.65,3.29,E0 (5).csv,2.4,3.45,2.95,2.38,3.4,2.9,2.3,3.4,2.9,,,,,,,,,,,,,
2021-10-24,Brentford,Leicester,2.62,3.3,2.7,2.8,3.2,2.6,,,,2.66,3.47,2.79,2.86,3.56,2.55,E0 (5).csv,2.6,3.4,2.7,2.6,3.4,2.62,2.6,3.3,2.63,,,,,,,,,,,,,
2021-10-30,Leicester,Arsenal,2.4,3.5,2.87,2.5,3.4,2.7,,,,2.52,3.49,2.95,2.55,3.53,2.88,E0 (5).csv,2.45,3.45,2.85,2.45,3.3,2.87,2.45,3.5,2.88,,,,,,,,,,,,,
2021-10-30,Burnley,Brentford,2.6,3.3,2.75,2.7,3.2,2.7,,,,2.73,3.31,2.84,2.74,3.21,2.9,E0 (5).csv,2.65,3.2,2.8,2.6,3.2,2.75,2.6,3.1,2.75,,,,,,,,,,,,,
2021-10-30,Liverpool,Brighton,1.22,6.5,13.0,1.27,6.25,9.75,,,,1.25,6.92,11.52,1.3,5.75,11.6,E0 (5).csv,1.25,6.25,12.0,1.22,6.0,13.0,1.2,6.5,13.0,,,,,,,,,,,,,
2021-10-30,Man City,Crystal Palace,1.14,8.0,19.0,1.16,7.5,19.0,,,,1.15,8.94,22.14,1.14,9.25,21.0,E0 (5).csv,1.15,8.0,17.0,1.14,7.5,19.0,1.13,8.0,18.0,,,,,,,,,,,,,
2021-10-30,Newcastle,Chelsea,8.5,5.0,1.36,8.75,4.75,1.37,,,,9.28,4.96,1.4,8.43,4.52,1.46,E0 (5).csv,7.75,4.9,1.4,9.0,4.75,1.35,8.5,4.6,1.36,,,,,,,,,,,,,
2021-10-30,Watford,Southampton,3.2,3.3,2.3,3.1,3.4,2.25,,,,3.22,3.4,2.39,3.22,3.54,2.33,E0 (5).csv,3.05,3.4,2.35,3.1,3.3,2.3,3.0,3.3,2.3,,,,,,,,,,,,,
2021-10-30,Tottenham,Man United,2.87,3.6,2.37,2.87,3.6,2.3,,,,3.04,3.66,2.38,3.18,3.74,2.27,E0 (5).csv,2.85,3.55,2.4,2.87,3.5,2.35,2.9,3.4,2.3,,,,,,,,,,,,,
2021-10-31,Norwich,Leeds,3.4,3.5,2.1,3.4,3.5,2.1,,,,3.58,3.7,2.11,3.66,3.72,2.08,E0 (5).csv,3.35,3.55,2.15,3.4,3.4,2.1,3.4,3.5,2.05,,,,,,,,,,,,,
2021-10-31,Aston Villa,West Ham,2.8,3.5,2.45,2.65,3.6,2.45,,,,2.86,3.58,2.54,2.94,3.5,2.52,E0 (5).csv,2.8,3.45,2.45,2.8,3.4,2.45,2.75,3.4,2.45,,,,,,,,,,,,,
2021-11-01,Wolves,Everton,2.2,3.2,3.5,2.25,3.25,3.3,,,,2.27,3.4,3.47,2.3,3.19,3.66,E0 (5).csv,2.25,3.25,3.35,2.2,3.2,3.4,2.2,3.1,3.4,,,,,,,,,,,,,
2021-11-05,Southampton,Aston Villa,1.95,3.6,3.75,1.98,3.6,3.6,,,,2.04,3.71,3.79,2.17,3.59,3.54,E0 (5).csv,2.0,3.6,3.7,2.0,3.5,3.6,2.0,3.7,3.7,,,,,,,,,,,,,
2021-11-06,Man United,Man City,4.75,4.0,1.7,4.4,3.9,1.73,,,,4.84,4.16,1.74,4.79,4.21,1.73,E0 (5).csv,4.5,4.2,1.7,4.6,3.9,1.7,4.8,4.1,1.7,,,,,,,,,,,,,
2021-11-06,Brentford,Norwich,1.6,4.0,5.75,1.63,3.8,5.25,,,,1.63,4.05,6.06,1.68,4.07,5.46,E0 (5).csv,1.63,3.9,5.75,1.61,3.7,5.8,1.6,3.7,5.75,,,,,,,,,,,,,
2021-11-06,Chelsea,Burnley,1.25,6.0,12.0,1.25,6.0,13.0,,,,1.27,6.08,13.48,1.29,5.77,13.05,E0 (5).csv,1.27,5.75,11.0,1.25,5.8,12.0,1.22,5.75,13.0,,,,,,,,,,,,,
2021-11-06,Crystal Palace,Wolves,2.45,3.2,3.0,2.4,3.2,3.0,,,,2.56,3.17,3.17,2.37,3.16,3.52,E0 (5).csv,2.5,3.15,3.05,2.45,3.1,3.0,2.4,3.0,3.1,,,,,,,,,,,,,
2021-11-06,Brighton,Newcastle,1.57,3.9,6.0,1.65,3.9,5.25,,,,1.63,4.11,6.04,1.61,4.2,6.11,E0 (5).csv,1.63,3.95,5.5,1.6,3.8,5.8,1.57,3.8,5.75,,,,,,,,,,,,,
2021-11-07,Arsenal,Watford,1.36,4.75,8.5,1.4,4.75,8.0,,,,1.41,4.98,8.73,1.46,4.86,7.41,E0 (5).csv,1.4,5.25,7.5,1.38,4.6,8.5,1.36,4.75,8.0,,,,,,,,,,,,,
2021-11-07,Everton,Tottenham,3.1,3.25,2.37,2.95,3.25,2.4,,,,3.15,3.34,2.46,3.48,3.35,2.31,E0 (5).csv,3.05,3.25,2.4,3.0,3.25,2.37,3.0,3.2,2.38,,,,,,,,,,,,,
2021-11-07,Leeds,Leicester,2.8,3.5,2.45,2.7,3.5,2.5,,,,2.84,3.61,2.54,2.69,3.49,2.76,E0 (5).csv,2.75,3.55,2.5,2.7,3.5,2.45,2.7,3.5,2.4,,,,,,,,,,,,,
2021-11-07,West Ham,Liverpool,4.75,4.0,1.7,4.5,4.2,1.68,,,,4.74,4.15,1.75,4.47,4.4,1.75,E0 (5).csv,4.6,4.1,1.7,4.6,3.9,1.7,4.33,4.0,1.7,,,,,,,,,,,,,
2021-11-20,Newcastle,Brentford,2.62,3.4,2.7,2.6,3.4,2.65,,,,2.67,3.42,2.81,2.51,3.45,3.0,E0 (5).csv,2.65,3.3,2.7,2.6,3.3,2.7,2.6,3.25,2.63,,,,,,,,,,,,,
2021-11-20,Leicester,Chelsea,4.75,3.75,1.75,4.8,3.6,1.75,,,,4.92,3.76,1.8,5.06,3.81,1.78,E0 (5).csv,4.6,3.7,1.77,4.6,3.6,1.78,5.0,3.7,1.75,,,,,,,,,,,,,
2021-11-20,Aston Villa,Brighton,2.45,3.3,2.9,2.4,3.3,2.9,,,,2.48,3.33,3.14,2.5,3.37,3.08,E0 (5).csv,2.4,3.3,3.0,2.4,3.2,3.0,2.38,3.2,3.0,,,,,,,,,,,,,
2021-11-20,Burnley,Crystal Palace,2.7,3.2,2.7,2.7,3.25,2.6,,,,2.79,3.29,2.79,2.86,3.25,2.74,E0 (5).csv,2.75,3.2,2.65,2.7,3.1,2.7,2.7,3.13,2.63,,,,,,,,,,,,,
2021-11-20,Norwich,Southampton,3.6,3.5,2.05,3.6,3.5,2.0,,,,3.71,3.54,2.12,3.53,3.53,2.19,E0 (5).csv,3.6,3.4,2.1,3.6,3.4,2.05,3.6,3.3,2.05,,,,,,,,,,,,,
2021-11-20,Watford,Man United,6.5,4.75,1.45,6.0,4.5,1.5,,,,6.25,4.69,1.53,6.58,4.8,1.5,E0 (5).csv,6.0,4.6,1.5,6.0,4.33,1.5,6.5,4.4,1.45,,,,,,,,,,,,,
2021-11-20,Wolves,West Ham,3.0,3.25,2.4,2.9,3.25,2.45,,,,3.18,3.28,2.49,3.19,3.32,2.46,E0 (5).csv,2.95,3.3,2.45,3.0,3.1,2.45,3.0,3.2,2.38,,,,,,,,,,,,,
2021-11-20,Liverpool,Arsenal,1.45,4.75,6.5,1.47,4.8,6.0,,,,1.47,5.0,6.84,1.55,4.68,6.09,E0 (5).csv,1.5,4.7,6.0,1.47,4.4,6.5,1.44,4.5,6.5,,,,,,,,,,,,,
2021-11-21,Man City,Everton,1.14,8.0,19.0,1.16,8.0,17.5,,,,1.19,7.71,17.04,1.2,7.5,16.0,E0 (5).csv,1.2,7.0,14.0,1.17,7.0,17.0,1.17,7.0,15.0,,,,,,,,,,,,,
2021-11-21,Tottenham,Leeds,1.7,4.2,4.5,1.7,3.9,4.75,,,,1.77,4.15,4.61,1.61,4.18,6.01,E0 (5).csv,1.73,4.0,4.5,1.7,3.9,4.6,1.7,3.75,4.6,,,,,,,,,,,,,
2021-11-27,Arsenal,Newcastle,1.44,4.75,7.0,1.46,5.0,6.0,,,,1.48,4.95,6.77,1.53,4.52,6.63,E0 (5).csv,1.45,4.7,6.75,1.44,4.6,6.5,1.45,4.75,7.0,,,,,,,,,,,,,
2021-11-27,Crystal Palace,Aston Villa,2.2,3.4,3.3,2.2,3.4,3.2,,,,2.3,3.4,3.42,2.36,3.26,3.43,E0 (5).csv,2.2,3.35,3.35,2.2,3.3,3.3,2.2,3.25,3.25,,,,,,,,,,,,,
2021-11-27,Liverpool,Southampton,1.28,6.0,9.0,1.29,6.0,9.5,,,,1.3,6.08,10.1,1.25,6.75,12.0,E0 (5).csv,1.3,6.0,8.5,1.28,5.5,10.0,1.25,6.0,10.0,,,,,,,,,,,,,
2021-11-27,Norwich,Wolves,3.5,3.3,2.15,3.5,3.5,2.05,,,,3.61,3.44,2.2,3.6,3.35,2.24,E0 (5).csv,3.55,3.25,2.15,3.4,3.3,2.15,3.6,3.1,2.15,,,,,,,,,,,,,
2021-11-27,Brighton,Leeds,2.05,3.4,3.75,1.98,3.5,3.75,,,,2.14,3.44,3.78,2.23,3.34,3.64,E0 (5).csv,2.1,3.4,3.55,2.05,3.25,3.75,2.05,3.4,3.5,,,,,,,,,,,,,
2021-11-28,Man City,West Ham,1.28,5.75,10.0,1.32,5.25,9.5,,,,1.3,5.98,10.56,1.27,6.5,11.0,E0 (5).csv,1.3,5.5,11.0,1.29,5.5,10.0,1.25,5.75,10.5,,,,,,,,,,,,,
2021-11-28,Brentford,Everton,2.25,3.2,3.4,2.2,3.25,3.4,,,,2.29,3.33,3.51,2.29,3.26,3.62,E0 (5).csv,2.25,3.25,3.35,2.25,3.1,3.4,2.2,3.13,3.4,,,,,,,,,,,,,
2021-11-28,Leicester,Watford,1.61,4.0,5.5,1.58,4.1,5.5,,,,1.65,4.16,5.57,1.69,4.05,5.33,E0 (5).csv,1.63,4.2,5.0,1.62,4.0,5.25,1.6,4.0,5.25,,,,,,,,,,,,,
2021-11-28,Chelsea,Man United,1.57,4.0,6.0,1.58,4.2,5.5,,,,1.63,4.21,5.75,1.58,4.21,6.44,E0 (5).csv,1.6,3.9,6.0,1.57,4.0,5.8,1.57,3.9,5.75,,,,,,,,,,,,,
2021-11-30,Newcastle,Norwich,1.95,3.5,3.9,1.93,3.6,3.8,,,,2.02,3.68,3.91,2.09,3.6,3.75,E0 (5).csv,2.0,3.4,3.9,1.95,3.6,3.75,2.0,3.6,3.8,,,,,,,,,,,,,
2021-11-30,Leeds,Crystal Palace,2.4,3.3,3.0,2.4,3.3,2.9,,,,2.43,3.41,3.15,2.36,3.39,3.31,E0 (5).csv,2.45,3.15,3.05,2.4,3.2,3.0,2.38,3.4,3.1,,,,,,,,,,,,,
2021-12-01,Wolves,Burnley,1.85,3.5,4.33,1.85,3.5,4.33,,,,1.98,3.43,4.39,1.88,3.43,4.94,E0 (5).csv,1.95,3.4,4.1,1.91,3.3,4.2,1.91,3.25,4.2,,,,,,,,,,,,,
2021-12-01,West Ham,Brighton,1.95,3.6,3.8,1.95,3.6,3.7,,,,2.05,3.6,3.87,2.04,3.45,4.49,E0 (5).csv,2.0,3.5,3.7,2.0,3.4,3.8,1.95,3.3,3.8,,,,,,,,,,,,,
2021-12-01,Aston Villa,Man City,9.0,5.25,1.33,8.5,5.0,1.36,,,,8.57,5.25,1.39,7.4,4.69,1.48,E0 (5).csv,10.0,5.25,1.33,9.0,5.0,1.33,9.0,5.0,1.33,,,,,,,,,,,,,
2021-12-01,Southampton,Leicester,2.37,3.5,2.87,2.3,3.5,2.9,,,,2.47,3.56,2.98,2.42,3.57,3.02,E0 (5).csv,2.4,3.45,2.85,2.38,3.3,3.0,2.38,3.4,2.88,,,,,,,,,,,,,
2021-12-01,Watford,Chelsea,10.0,5.25,1.3,9.5,5.25,1.32,,,,10.31,5.61,1.33,11.04,5.51,1.32,E0 (5).csv,11.0,5.5,1.3,11.0,5.0,1.3,11.0,5.25,1.29,,,,,,,,,,,,,
2021-12-01,Everton,Liverpool,7.5,5.25,1.36,7.25,5.0,1.39,,,,7.67,5.17,1.43,9.13,5.18,1.38,E0 (5).csv,7.0,5.0,1.43,7.5,4.8,1.38,8.0,4.75,1.36,,,,,,,,,,,,,
2021-12-02,Man United,Arsenal,1.95,3.75,3.75,2.0,3.6,3.5,,,,2.07,3.68,3.75,2.08,3.76,3.58,E0 (5).csv,2.0,3.65,3.6,1.95,3.6,3.7,1.95,3.5,3.7,,,,,,,,,,,,,
2021-12-02,Tottenham,Brentford,1.6,4.2,5.25,1.65,3.9,5.0,,,,1.67,4.22,5.34,1.69,3.98,5.44,E0 (5).csv,1.63,4.0,5.25,1.63,4.0,5.0,1.62,3.75,5.5,,,,,,,,,,,,,
2021-12-04,West Ham,Chelsea,4.75,3.6,1.75,4.6,3.7,1.77,,,,4.85,3.58,1.85,4.92,3.65,1.83,E0 (5).csv,4.5,3.6,1.8,4.6,3.7,1.75,4.75,3.6,1.8,,,,,,,,,,,,,
2021-12-04,Newcastle,Burnley,2.3,3.3,3.2,2.25,3.4,3.1,,,,2.4,3.38,3.22,2.41,3.49,3.09,E0 (5).csv,2.3,3.35,3.15,2.25,3.25,3.2,2.25,3.3,3.1,,,,,,,,,,,,,
2021-12-04,Southampton,Brighton,2.45,3.2,3.0,2.45,3.2,2.95,,,,2.48,3.25,3.22,2.65,3.23,2.96,E0 (5).csv,2.45,3.2,3.05,2.45,3.0,3.1,2.38,3.13,3.0,,,,,,,,,,,,,
2021-12-04,Wolves,Liverpool,8.0,4.75,1.4,7.25,4.75,1.42,,,,8.08,4.72,1.45,9.24,5.16,1.38,E0 (5).csv,7.0,4.8,1.43,7.5,4.5,1.42,7.5,4.5,1.4,,,,,,,,,,,,,
2021-12-04,Watford,Man City,12.0,7.0,1.2,15.5,7.5,1.18,,,,14.88,7.43,1.21,15.0,7.0,1.22,E0 (5).csv,13.0,7.0,1.2,13.0,6.5,1.2,13.0,7.5,1.17,,,,,,,,,,,,,
2021-12-05,Tottenham,Norwich,1.36,5.0,8.5,1.4,4.75,7.75,,,,1.43,4.9,8.28,1.48,4.51,7.94,E0 (5).csv,1.43,4.7,7.5,1.4,4.4,8.5,1.36,4.6,8.5,,,,,,,,,,,,,
2021-12-05,Leeds,Brentford,1.95,3.6,3.8,1.85,3.7,4.0,,,,1.98,3.63,4.13,1.83,3.63,4.94,E0 (5).csv,1.95,3.6,3.9,1.95,3.4,3.9,1.9,3.4,4.0,,,,,,,,,,,,,
2021-12-05,Man United,Crystal Palace,1.5,4.33,6.5,1.55,4.2,5.75,,,,1.59,4.13,6.46,1.54,4.49,6.56,E0 (5).csv,1.57,4.2,5.75,1.55,4.0,6.0,1.55,4.0,5.75,,,,,,,,,,,,,
2021-12-05,Aston Villa,Leicester,2.37,3.4,3.0,2.37,3.5,2.87,,,,2.38,3.49,3.17,2.4,3.42,3.17,E0 (5).csv,2.35,3.35,3.05,2.35,3.4,2.9,2.3,3.3,3.0,,,,,,,,,,,,,
2021-12-06,Everton,Arsenal,3.4,3.5,2.1,3.2,3.5,2.2,,,,3.45,3.65,2.18,3.33,3.42,2.31,E0 (5).csv,3.35,3.45,2.15,3.4,3.4,2.1,3.4,3.25,2.15,,,,,,,,,,,,,
2021-12-10,Brentford,Watford,2.25,3.3,3.3,2.05,3.5,3.5,,,,2.32,3.33,3.44,2.63,3.45,2.82,E0 (5).csv,2.3,3.3,3.25,2.2,3.2,3.4,2.3,3.4,3.25,,,,,,,,,,,,,
2021-12-11,Chelsea,Leeds,1.25,5.75,12.0,1.3,5.5,10.0,,,,1.28,6.1,11.9,1.25,6.75,13.0,E0 (5).csv,1.27,6.0,11.0,1.25,5.5,13.0,1.22,6.0,12.0,,,,,,,,,,,,,
2021-12-11,Arsenal,Southampton,1.61,4.0,5.5,1.65,4.0,5.0,,,,1.68,4.01,5.61,1.75,4.1,4.76,E0 (5).csv,1.65,4.0,5.0,1.63,3.9,5.25,1.62,3.8,5.25,,,,,,,,,,,,,
2021-12-11,Liverpool,Aston Villa,1.2,7.0,13.0,1.25,6.25,10.5,,,,1.23,7.15,12.65,1.24,6.75,13.0,E0 (5).csv,1.25,6.75,11.0,1.24,6.0,11.0,1.2,6.5,12.0,,,,,,,,,,,,,
2021-12-11,Norwich,Man United,7.0,4.5,1.45,6.5,4.6,1.46,,,,7.52,4.9,1.45,7.48,5.11,1.44,E0 (5).csv,6.75,4.7,1.45,7.0,4.4,1.44,7.5,4.5,1.4,,,,,,,,,,,,,
2021-12-11,Man City,Wolves,1.14,8.0,19.0,1.17,7.75,16.0,,,,1.17,8.21,20.21,1.16,8.25,21.0,E0 (5).csv,1.15,7.75,19.0,1.14,7.5,21.0,1.13,8.5,23.0,,,,,,,,,,,,,
2021-12-12,Crystal Palace,Everton,2.3,3.2,3.3,2.25,3.25,3.2,,,,2.3,3.22,3.63,2.27,3.25,3.66,E0 (5).csv,2.3,3.2,3.35,2.25,3.2,3.3,2.25,3.1,3.4,,,,,,,,,,,,,
2021-12-12,Leicester,Newcastle,1.66,4.1,4.75,1.68,4.0,4.75,,,,1.78,4.01,4.71,1.7,4.12,5.06,E0 (5).csv,1.75,4.1,4.3,1.72,3.9,4.4,1.7,3.9,4.33,,,,,,,,,,,,,
2021-12-12,Burnley,West Ham,3.6,3.6,2.0,3.6,3.6,1.98,,,,3.74,3.75,2.05,3.58,3.53,2.16,E0 (5).csv,3.5,3.6,2.05,3.5,3.5,2.05,3.6,3.4,2.0,,,,,,,,,,,,,
2021-12-14,Norwich,Aston Villa,3.3,3.3,2.25,3.3,3.25,2.25,,,,3.45,3.3,2.33,3.78,3.43,2.14,E0 (5).csv,3.3,3.25,2.3,3.4,3.0,2.3,3.4,3.3,2.25,,,,,,,,,,,,,
2021-12-14,Man City,Leeds,1.14,8.5,15.0,1.14,8.75,19.0,,,,1.16,9.0,19.75,1.14,9.5,20.0,E0 (5).csv,1.15,8.25,16.0,1.14,8.0,19.0,1.14,9.0,20.0,,,,,,,,,,,,,
2021-12-15,Brighton,Wolves,2.25,3.1,3.5,2.2,3.0,3.6,,,,2.37,3.05,3.66,2.0,3.25,4.6,E0 (5).csv,2.35,3.1,3.35,2.3,2.9,3.6,2.25,3.0,3.4,,,,,,,,,,,,,
2021-12-15,Crystal Palace,Southampton,2.15,3.3,3.5,2.15,3.3,3.5,,,,2.17,3.41,3.71,2.03,3.49,4.08,E0 (5).csv,2.15,3.35,3.5,2.1,3.4,3.5,2.1,3.25,3.5,,,,,,,,,,,,,
2021-12-15,Arsenal,West Ham,2.1,3.6,3.3,2.15,3.6,3.2,,,,2.27,3.58,3.32,2.3,3.62,3.19,E0 (5).csv,2.25,3.5,3.15,2.15,3.5,3.25,2.15,3.4,3.2,,,,,,,,,,,,,
2021-12-16,Chelsea,Everton,1.22,6.5,13.0,1.24,6.25,12.5,,,,1.24,6.36,14.4,1.23,7.83,16.72,E0 (5).csv,1.25,5.75,12.0,1.24,5.8,12.0,1.22,5.75,13.0,,,,,,,,,,,,,
2021-12-16,Liverpool,Newcastle,1.12,9.0,19.0,1.12,9.25,21.0,,,,1.13,9.72,24.98,1.1,12.0,27.0,E0 (5).csv,1.12,9.0,20.0,1.11,8.5,23.0,1.09,9.5,22.0,,,,,,,,,,,,,
2021-12-18,Leeds,Arsenal,3.9,3.8,1.83,3.9,3.8,1.85,,,,3.89,3.84,1.93,5.58,4.41,1.62,E0 (5).csv,3.8,3.75,1.9,3.75,3.7,1.91,4.0,3.6,1.85,,,,,,,,,,,,,
2021-12-19,Wolves,Chelsea,7.0,4.2,1.5,6.25,3.8,1.57,,,,6.52,3.92,1.59,5.74,3.54,1.76,E0 (5).csv,6.25,3.9,1.6,6.5,3.8,1.55,6.5,3.7,1.55,,,,,,,,,,,,,
2021-12-19,Newcastle,Man City,13.0,7.5,1.18,13.5,7.5,1.19,,,,16.21,7.42,1.18,23.5,10.0,1.13,E0 (5).csv,16.0,7.5,1.17,17.0,7.0,1.17,17.0,7.5,1.14,,,,,,,,,,,,,
2021-12-19,Tottenham,Liverpool,5.25,4.75,1.53,5.25,4.4,1.57,,,,5.19,4.78,1.57,5.13,4.4,1.65,E0 (5).csv,5.25,4.3,1.6,5.25,4.4,1.55,5.5,4.1,1.55,,,,,,,,,,,,,
2021-12-26,Norwich,Arsenal,8.0,4.75,1.4,6.75,4.75,1.43,,,,8.02,4.81,1.42,6.58,4.54,1.53,E0 (5).csv,7.25,4.7,1.43,7.5,4.4,1.42,8.0,4.4,1.4,,,,,,,,,,,,,
2021-12-26,Aston Villa,Chelsea,5.25,3.8,1.65,5.5,3.75,1.65,,,,5.57,3.77,1.69,5.37,3.91,1.71,E0 (5).csv,5.0,3.75,1.7,5.25,3.7,1.67,5.25,3.6,1.67,,,,,,,,,,,,,
2021-12-26,Tottenham,Crystal Palace,1.72,3.8,4.75,1.7,3.9,4.8,,,,1.7,3.91,5.21,1.75,3.87,5.14,E0 (5).csv,1.73,3.85,4.8,1.7,3.7,5.0,1.67,3.7,5.0,,,,,,,,,,,,,
2021-12-26,Man City,Leicester,1.18,7.5,13.0,1.18,8.0,13.5,,,,1.19,7.91,13.72,1.13,10.5,21.0,E0 (5).csv,1.17,7.75,15.0,1.18,7.0,15.0,1.14,7.5,17.0,,,,,,,,,,,,,
2021-12-26,West Ham,Southampton,1.8,3.9,4.2,1.88,3.6,4.0,,,,1.86,3.78,4.28,1.98,3.66,4.07,E0 (5).csv,1.83,3.85,4.1,1.85,3.7,4.0,1.8,3.7,4.2,,,,,,,,,,,,,
2021-12-26,Brighton,Brentford,1.9,3.4,4.2,1.93,3.5,4.0,,,,1.95,3.49,4.25,1.99,3.41,4.42,E0 (5).csv,1.95,3.45,4.1,1.95,3.4,4.0,1.9,3.25,4.2,,,,,,,,,,,,,
2021-12-27,Newcastle,Man United,6.5,4.75,1.44,6.0,4.6,1.47,,,,6.92,4.46,1.49,6.28,4.74,1.53,E0 (5).csv,6.25,4.7,1.5,6.5,4.4,1.47,6.5,4.5,1.44,,,,,,,,,,,,,
2021-12-28,Crystal Palace,Norwich,1.65,3.75,5.5,1.66,3.6,5.75,,,,1.69,3.77,5.91,1.78,3.6,5.48,E0 (5).csv,1.67,3.65,5.5,1.63,3.75,5.5,1.67,3.7,6.0,,,,,,,,,,,,,
2021-12-28,Southampton,Tottenham,3.75,3.5,2.0,3.5,3.5,2.05,,,,3.87,3.52,2.08,3.77,3.37,2.17,E0 (5).csv,3.8,3.4,2.05,3.6,3.5,2.0,3.75,3.5,2.05,,,,,,,,,,,,,
2021-12-28,Watford,West Ham,3.4,3.6,2.1,3.3,3.5,2.15,,,,3.35,3.6,2.24,3.59,3.84,2.07,E0 (5).csv,3.2,3.55,2.2,3.25,3.5,2.15,3.25,3.6,2.2,,,,,,,,,,,,,
2021-12-28,Leicester,Liverpool,8.0,5.5,1.33,7.5,5.75,1.35,,,,7.76,5.82,1.38,8.27,6.23,1.33,E0 (5).csv,7.0,5.25,1.4,8.0,5.25,1.35,8.5,5.75,1.33,,,,,,,,,,,,,
2021-12-29,Chelsea,Brighton,1.4,4.5,7.5,1.44,4.33,7.75,,,,1.42,4.56,8.59,1.35,5.04,11.23,E0 (5).csv,1.4,4.6,8.5,1.42,4.33,8.0,1.4,4.33,8.0,,,,,,,,,,,,,
2021-12-29,Brentford,Man City,19.0,8.0,1.14,15.5,8.0,1.17,,,,16.97,7.96,1.17,14.33,8.47,1.19,E0 (5).csv,18.0,7.75,1.15,17.0,7.5,1.15,19.0,7.5,1.13,,,,,,,,,,,,,
2021-12-30,Man United,Burnley,1.36,5.0,9.0,1.36,5.0,8.5,,,,1.38,4.97,8.67,1.39,4.97,9.7,E0 (5).csv,1.4,4.9,7.75,1.36,4.75,8.5,1.33,4.75,8.5,,,,,,,,,,,,,
2022-01-01,Arsenal,Man City,5.75,4.75,1.5,6.0,4.6,1.49,,,,6.01,4.57,1.53,5.24,4.21,1.68,E0 (5).csv,5.75,4.8,1.5,5.8,4.33,1.52,5.75,4.33,1.5,,,,,,,,,,,,,
2022-01-01,Watford,Tottenham,5.0,4.2,1.61,5.25,4.2,1.6,,,,5.42,4.25,1.62,6.01,4.12,1.63,E0 (5).csv,5.25,4.1,1.63,5.25,3.9,1.63,5.5,3.9,1.57,,,,,,,,,,,,,
2022-01-01,Crystal Palace,West Ham,3.1,3.4,2.3,3.2,3.5,2.15,,,,3.09,3.41,2.4,3.56,3.37,2.25,E0 (5).csv,3.0,3.45,2.35,3.0,3.4,2.3,3.0,3.4,2.25,,,,,,,,,,,,,
2022-01-02,Chelsea,Liverpool,3.1,3.5,2.25,2.95,3.5,2.3,,,,3.14,3.6,2.29,2.67,3.58,2.72,E0 (5).csv,3.0,3.45,2.35,3.1,3.4,2.25,3.0,3.4,2.25,,,,,,,,,,,,,
2022-01-02,Leeds,Burnley,2.05,3.5,3.5,1.95,3.5,3.75,,,,2.02,3.59,3.83,2.12,3.52,3.73,E0 (5).csv,2.05,3.6,3.5,2.05,3.5,3.5,2.0,3.4,3.7,,,,,,,,,,,,,
2022-01-02,Brentford,Aston Villa,3.0,3.3,2.4,2.95,3.25,2.4,,,,3.09,3.3,2.46,2.95,3.21,2.69,E0 (5).csv,3.0,3.3,2.45,2.9,3.25,2.45,3.0,3.2,2.38,,,,,,,,,,,,,
2022-01-02,Everton,Brighton,2.75,3.2,2.62,2.85,3.0,2.7,,,,2.87,3.08,2.78,2.91,3.12,2.67,E0 (5).csv,2.7,3.2,2.7,2.7,3.1,2.7,2.7,3.1,2.63,,,,,,,,,,,,,
2022-01-03,Man United,Wolves,1.53,4.33,6.0,1.55,4.2,5.75,,,,1.56,4.37,5.98,1.74,3.74,5.53,E0 (5).csv,1.57,4.0,6.0,1.55,3.9,6.5,1.57,3.8,5.75,,,,,,,,,,,,,
2022-01-11,Southampton,Brentford,2.05,3.4,3.6,2.0,3.4,3.75,,,,2.15,3.37,3.82,2.23,3.33,3.67,E0 (5).csv,2.1,3.35,3.6,2.05,3.25,3.8,2.1,3.4,3.7,,,,,,,,,,,,,
2022-01-12,West Ham,Norwich,1.28,5.5,10.0,1.3,5.25,10.5,,,,1.32,5.53,10.04,1.4,5.15,8.47,E0 (5).csv,1.33,5.5,9.5,1.3,5.0,11.0,1.29,5.25,10.5,,,,,,,,,,,,,
2022-01-14,Brighton,Crystal Palace,2.05,3.3,3.8,2.05,3.2,4.0,,,,2.11,3.29,4.08,2.05,3.4,4.14,E0 (5).csv,2.2,3.2,3.6,2.05,3.2,3.9,2.1,3.3,3.9,,,,,,,,,,,,,
2022-01-15,Norwich,Everton,3.75,3.5,2.0,3.6,3.4,2.05,,,,3.77,3.54,2.06,3.56,3.37,2.25,E0 (5).csv,3.7,3.4,2.05,3.6,3.4,2.05,3.75,3.3,2.0,,,,,,,,,,,,,
2022-01-15,Man City,Chelsea,1.65,4.0,5.0,1.68,3.9,5.0,,,,1.72,3.79,5.2,1.67,4.21,5.35,E0 (5).csv,1.75,3.7,4.8,1.67,3.75,5.25,1.7,3.9,5.0,,,,,,,,,,,,,
2022-01-15,Newcastle,Watford,2.0,3.6,3.6,2.0,3.5,3.7,,,,2.05,3.74,3.59,1.84,3.71,4.61,E0 (5).csv,2.05,3.6,3.45,2.05,3.4,3.6,2.0,3.5,3.5,,,,,,,,,,,,,
2022-01-15,Wolves,Southampton,2.25,3.2,3.4,2.25,3.2,3.3,,,,2.35,3.18,3.4,2.49,3.04,3.44,E0 (5).csv,2.3,3.15,3.35,2.3,3.0,3.4,2.25,3.1,3.4,,,,,,,,,,,,,
2022-01-15,Aston Villa,Man United,2.87,3.5,2.4,3.0,3.5,2.25,,,,2.89,3.51,2.49,2.49,3.61,2.91,E0 (5).csv,2.9,3.4,2.4,2.9,3.4,2.35,2.88,3.3,2.38,,,,,,,,,,,,,
2022-01-16,Liverpool,Brentford,1.3,5.5,10.0,1.31,5.5,9.5,,,,1.3,5.82,10.45,1.29,6.25,11.37,E0 (5).csv,1.3,5.5,10.0,1.27,5.5,11.0,1.25,5.5,11.5,,,,,,,,,,,,,
2022-01-16,West Ham,Leeds,1.61,4.2,5.0,1.6,4.2,5.25,,,,1.65,4.28,5.13,1.69,4.24,5.03,E0 (5).csv,1.67,4.2,4.7,1.63,4.0,5.0,1.62,4.0,5.0,,,,,,,,,,,,,
2022-01-18,Brighton,Chelsea,4.75,3.75,1.72,4.5,3.7,1.78,,,,4.75,3.79,1.78,5.48,3.81,1.72,E0 (5).csv,5.0,3.85,1.7,5.0,3.5,1.72,5.25,3.6,1.75,,,,,,,,,,,,,
2022-01-19,Leicester,Tottenham,3.0,3.5,2.3,3.1,3.3,2.3,,,,3.12,3.41,2.38,3.34,3.5,2.27,E0 (5).csv,3.0,3.4,2.35,3.0,3.3,2.35,2.9,3.4,2.3,,,,,,,,,,,,,
2022-01-19,Brentford,Man United,4.5,3.7,1.8,4.75,3.5,1.77,,,,4.68,3.46,1.88,4.91,3.91,1.76,E0 (5).csv,4.3,3.7,1.83,4.4,3.5,1.83,4.4,3.5,1.8,,,,,,,,,,,,,
2022-01-21,Watford,Norwich,2.0,3.5,3.75,2.05,3.6,3.5,,,,2.09,3.53,3.66,2.07,3.54,3.88,E0 (5).csv,2.1,3.45,3.55,2.05,3.4,3.6,2.05,3.5,3.75,,,,,,,,,,,,,
2022-01-22,Southampton,Man City,10.0,6.5,1.25,9.5,6.25,1.28,,,,10.23,6.18,1.27,12.25,6.06,1.3,E0 (5).csv,9.5,6.0,1.3,11.0,5.5,1.27,10.5,5.75,1.25,,,,,,,,,,,,,
2022-01-22,Man United,West Ham,1.85,3.8,4.0,1.87,3.8,3.8,,,,1.93,3.85,3.9,2.17,3.6,3.52,E0 (5).csv,1.9,3.8,3.75,1.91,3.7,3.75,1.85,3.7,3.9,,,,,,,,,,,,,
2022-01-22,Leeds,Newcastle,2.0,3.5,3.75,1.9,3.7,3.8,,,,2.03,3.72,3.67,1.86,4.06,4.17,E0 (5).csv,2.0,3.75,3.5,2.0,3.6,3.6,1.95,3.6,3.6,,,,,,,,,,,,,
2022-01-22,Brentford,Wolves,3.2,2.8,2.6,3.0,3.0,2.55,,,,3.15,3.11,2.54,2.53,3.07,3.33,E0 (5).csv,3.05,3.05,2.55,3.0,3.0,2.55,3.0,3.0,2.5,,,,,,,,,,,,,
2022-01-22,Everton,Aston Villa,2.75,3.25,2.62,2.6,3.3,2.65,,,,2.82,3.25,2.7,2.65,3.63,2.69,E0 (5).csv,2.7,3.3,2.65,2.7,3.2,2.62,2.7,3.2,2.6,,,,,,,,,,,,,
2022-01-23,Chelsea,Tottenham,1.61,4.2,5.0,1.7,3.9,4.75,,,,1.7,4.17,4.82,1.74,3.89,5.2,E0 (5).csv,1.7,3.85,4.9,1.67,3.8,5.0,1.65,3.7,5.25,,,,,,,,,,,,,
2022-01-23,Leicester,Brighton,2.5,3.25,2.9,2.5,3.4,2.75,,,,2.66,3.36,2.78,2.71,3.39,2.79,E0 (5).csv,2.55,3.35,2.8,2.5,3.25,2.8,2.5,3.25,2.75,,,,,,,,,,,,,
2022-01-23,Crystal Palace,Liverpool,6.0,4.2,1.53,6.0,4.1,1.55,,,,5.75,4.14,1.61,6.26,4.27,1.58,E0 (5).csv,5.25,4.3,1.6,5.8,4.0,1.57,5.75,4.1,1.53,,,,,,,,,,,,,
2022-01-23,Arsenal,Burnley,1.36,4.75,9.0,1.37,4.75,9.0,,,,1.36,5.22,9.18,1.32,5.57,11.9,E0 (5).csv,1.37,5.0,8.25,1.35,4.5,10.0,1.33,4.75,9.0,,,,,,,,,,,,,
2022-02-05,Burnley,Watford,2.2,3.25,3.5,2.15,3.3,3.4,,,,2.19,3.27,3.69,2.22,3.32,3.69,E0 (5).csv,2.2,3.3,3.35,2.2,3.2,3.4,2.15,3.2,3.4,,,,,,,,,,,,,
2022-02-08,Burnley,Man United,5.5,4.0,1.61,5.75,4.0,1.58,,,,6.09,4.13,1.62,6.65,4.25,1.56,E0 (5).csv,5.5,4.0,1.63,5.8,3.9,1.6,6.0,4.1,1.6,,,,,,,,,,,,,
2022-02-08,West Ham,Watford,1.55,4.2,5.75,1.57,4.0,5.75,,,,1.54,4.42,6.7,1.55,4.32,7.03,E0 (5).csv,1.55,4.3,6.0,1.47,4.4,6.5,1.53,4.33,6.5,,,,,,,,,,,,,
2022-02-08,Newcastle,Everton,2.5,3.25,2.87,2.4,3.4,2.85,,,,2.57,3.42,2.94,2.59,3.44,2.87,E0 (5).csv,2.5,3.35,2.85,2.5,3.3,2.8,2.5,3.4,2.9,,,,,,,,,,,,,
2022-02-09,Tottenham,Southampton,1.6,4.0,5.5,1.58,4.1,5.5,,,,1.61,4.19,6.03,1.57,4.27,6.41,E0 (5).csv,1.63,4.1,5.25,1.57,4.0,5.8,1.57,4.0,5.5,,,,,,,,,,,,,
2022-02-09,Norwich,Crystal Palace,3.5,3.25,2.15,3.4,3.25,2.2,,,,3.66,3.38,2.21,3.53,3.27,2.31,E0 (5).csv,3.45,3.35,2.15,3.4,3.3,2.15,3.5,3.2,2.15,,,,,,,,,,,,,
2022-02-09,Man City,Brentford,1.1,9.5,23.0,1.11,10.0,23.0,,,,1.12,10.16,25.77,1.1,11.25,31.0,E0 (5).csv,1.12,9.5,22.0,1.1,9.0,23.0,1.07,10.0,26.0,,,,,,,,,,,,,
2022-02-09,Aston Villa,Leeds,1.8,3.8,4.2,1.8,4.0,3.9,,,,1.83,4.0,4.4,1.98,3.71,3.96,E0 (5).csv,1.8,3.9,4.2,1.78,3.8,4.2,1.75,3.75,4.33,,,,,,,,,,,,,
2022-02-10,Wolves,Arsenal,3.5,3.2,2.2,3.6,3.2,2.15,,,,3.72,3.28,2.23,4.16,3.35,2.05,E0 (5).csv,3.45,3.25,2.2,3.4,3.2,2.2,3.5,3.13,2.15,,,,,,,,,,,,,
2022-02-10,Liverpool,Leicester,1.25,6.5,10.0,1.27,6.25,9.5,,,,1.26,6.84,11.21,1.2,8.0,14.0,E0 (5).csv,1.25,6.5,9.5,1.24,6.0,11.0,1.22,6.5,10.5,,,,,,,,,,,,,
2022-02-12,Norwich,Man City,15.0,8.0,1.16,18.0,7.25,1.17,,,,18.96,7.94,1.18,18.5,7.75,1.18,E0 (5).csv,13.0,7.75,1.2,15.0,8.0,1.15,18.0,8.0,1.13,,,,,,,,,,,,,
2022-02-12,Watford,Brighton,3.5,3.3,2.05,3.5,3.3,2.1,,,,3.85,3.38,2.14,4.25,3.45,2.0,E0 (5).csv,3.6,3.25,2.15,3.6,3.25,2.1,3.7,3.1,2.1,,,,,,,,,,,,,
2022-02-12,Everton,Leeds,2.25,3.5,3.0,2.2,3.7,3.0,,,,2.37,3.58,3.12,2.66,3.65,2.67,E0 (5).csv,2.3,3.6,2.95,2.3,3.6,2.88,2.25,3.6,2.9,,,,,,,,,,,,,
2022-02-12,Brentford,Crystal Palace,2.55,3.1,3.0,2.65,3.1,2.75,,,,2.77,3.08,2.98,3.14,3.28,2.49,E0 (5).csv,2.6,3.1,2.9,2.62,3.0,2.9,2.55,3.0,2.88,,,,,,,,,,,,,
2022-02-12,Man United,Southampton,1.6,4.0,5.5,1.55,4.33,5.5,,,,1.63,4.32,5.53,1.54,4.61,6.26,E0 (5).csv,1.65,3.9,5.5,1.6,4.2,5.25,1.57,4.0,5.5,,,,,,,,,,,,,
2022-02-13,Leicester,West Ham,2.9,3.5,2.3,2.7,3.6,2.4,,,,3.05,3.62,2.39,3.02,3.62,2.39,E0 (5).csv,2.8,3.55,2.4,2.75,3.6,2.38,2.8,3.5,2.38,,,,,,,,,,,,,
2022-02-13,Tottenham,Wolves,1.7,3.6,5.5,1.65,3.75,5.5,,,,1.69,3.82,5.86,1.69,3.78,5.9,E0 (5).csv,1.67,3.75,5.5,1.65,3.7,5.5,1.62,3.6,5.75,,,,,,,,,,,,,
2022-02-13,Newcastle,Aston Villa,2.7,3.3,2.62,2.75,3.4,2.5,,,,2.78,3.48,2.67,2.83,3.4,2.67,E0 (5).csv,2.7,3.4,2.6,2.7,3.5,2.5,2.63,3.4,2.55,,,,,,,,,,,,,
2022-02-13,Burnley,Liverpool,10.0,5.25,1.28,9.75,5.5,1.3,,,,10.82,6.03,1.29,13.5,7.2,1.22,E0 (5).csv,11.0,5.75,1.3,11.0,5.25,1.29,11.5,5.5,1.25,,,,,,,,,,,,,
2022-02-15,Man United,Brighton,1.72,3.75,4.75,1.72,3.7,4.8,,,,1.81,3.78,4.87,1.83,3.59,5.0,E0 (5).csv,1.8,3.65,4.6,1.72,3.7,4.75,1.73,3.8,5.0,,,,,,,,,,,,,
2022-02-19,Man City,Tottenham,1.28,6.0,10.0,1.26,5.75,12.0,,,,1.29,6.05,11.91,1.28,6.26,11.17,E0 (5).csv,1.3,5.75,9.5,1.27,5.5,11.0,1.25,5.5,11.5,,,,,,,,,,,,,
2022-02-19,Southampton,Everton,2.1,3.5,3.5,2.05,3.3,3.7,,,,2.1,3.61,3.71,1.99,3.67,3.97,E0 (5).csv,2.1,3.55,3.45,2.05,3.4,3.6,2.05,3.4,3.5,,,,,,,,,,,,,
2022-02-19,Liverpool,Norwich,1.1,9.0,23.0,1.13,9.0,23.0,,,,1.13,9.98,26.49,1.13,9.55,25.79,E0 (5).csv,1.12,9.5,22.0,1.1,9.0,23.0,1.07,10.0,26.0,,,,,,,,,,,,,
2022-02-19,Crystal Palace,Chelsea,5.5,3.8,1.65,5.5,3.8,1.63,,,,5.86,3.99,1.66,6.49,3.91,1.62,E0 (5).csv,5.25,3.75,1.67,5.5,3.75,1.63,5.5,3.7,1.62,,,,,,,,,,,,,
2022-02-19,Brighton,Burnley,1.66,3.5,6.0,1.65,3.7,5.5,,,,1.67,3.78,6.18,1.68,3.53,6.76,E0 (5).csv,1.67,3.7,5.5,1.65,3.6,5.8,1.62,3.6,5.75,,,,,,,,,,,,,
2022-02-19,Aston Villa,Watford,1.65,3.6,5.75,1.63,3.9,5.25,,,,1.68,3.95,5.62,1.61,4.04,6.2,E0 (5).csv,1.65,3.9,5.25,1.6,3.9,5.5,1.62,3.7,5.5,,,,,,,,,,,,,
2022-02-19,Arsenal,Brentford,1.44,4.2,8.0,1.46,4.5,7.0,,,,1.47,4.46,8.32,1.52,4.12,7.83,E0 (5).csv,1.47,4.4,7.25,1.44,4.2,7.5,1.4,4.33,8.0,,,,,,,,,,,,,
2022-02-19,West Ham,Newcastle,1.7,4.0,4.75,1.7,3.75,5.0,,,,1.72,3.88,5.4,1.62,4.21,5.8,E0 (5).csv,1.7,4.0,4.8,1.67,3.75,5.0,1.67,4.0,5.25,,,,,,,,,,,,,
2022-02-20,Wolves,Leicester,2.25,3.3,3.25,2.3,3.1,3.4,,,,2.34,3.24,3.5,2.19,3.27,3.81,E0 (5).csv,2.3,3.25,3.2,2.25,3.25,3.3,2.2,3.2,3.3,,,,,,,,,,,,,
2022-02-20,Leeds,Man United,3.9,3.8,1.85,3.9,3.8,1.87,,,,4.12,3.84,1.93,5.02,4.27,1.68,E0 (5).csv,3.8,3.65,1.95,3.9,3.75,1.85,3.9,3.7,1.85,,,,,,,,,,,,,
2022-02-23,Watford,Crystal Palace,3.1,3.3,2.3,3.3,3.25,2.25,,,,3.24,3.24,2.47,3.03,3.17,2.66,E0 (5).csv,3.2,3.15,2.4,3.2,3.1,2.35,3.1,3.1,2.38,,,,,,,,,,,,,
2022-02-23,Burnley,Tottenham,4.6,3.8,1.75,4.5,3.7,1.77,,,,4.94,3.78,1.79,4.71,3.56,1.88,E0 (5).csv,4.6,3.7,1.77,4.5,3.6,1.78,4.75,3.5,1.75,,,,,,,,,,,,,
2022-02-23,Liverpool,Leeds,1.16,8.0,15.0,1.16,8.75,14.5,,,,1.16,8.87,17.91,1.18,8.5,16.0,E0 (5).csv,1.15,8.5,15.0,1.15,8.0,15.0,1.13,8.5,15.0,,,,,,,,,,,,,
2022-02-24,Arsenal,Wolves,1.65,3.8,5.5,1.62,3.75,5.75,,,,1.65,3.9,6.08,1.68,3.76,6.16,E0 (5).csv,1.65,3.75,5.75,1.63,3.6,5.8,1.62,3.6,6.0,,,,,,,,,,,,,
2022-02-25,Southampton,Norwich,1.53,4.33,6.0,1.52,4.4,5.75,,,,1.56,4.35,6.55,1.51,4.45,6.93,E0 (5).csv,1.63,4.1,5.5,1.52,4.2,6.0,1.53,4.33,6.5,,,,,,,,,,,,,
2022-02-26,Everton,Man City,10.0,5.75,1.28,9.5,5.5,1.31,,,,10.59,6.17,1.29,12.5,6.75,1.25,E0 (5).csv,11.0,6.0,1.27,11.0,5.8,1.25,12.0,6.0,1.22,,,,,,,,,,,,,
2022-02-26,Leeds,Tottenham,4.2,3.6,1.85,4.0,3.8,1.83,,,,4.14,4.03,1.87,3.79,3.87,2.0,E0 (5).csv,3.95,3.95,1.83,3.8,3.75,1.88,4.0,3.9,1.87,,,,,,,,,,,,,
2022-02-26,Brentford,Newcastle,2.5,3.2,3.0,2.45,3.2,2.9,,,,2.55,3.2,3.15,2.32,3.17,3.6,E0 (5).csv,2.5,3.1,3.0,2.5,3.1,3.0,2.45,3.0,3.0,,,,,,,,,,,,,
2022-02-26,Crystal Palace,Burnley,1.9,3.6,4.0,1.9,3.4,4.2,,,,2.0,3.44,4.29,1.92,3.34,4.9,E0 (5).csv,1.95,3.4,4.1,1.95,3.3,4.2,1.91,3.25,4.2,,,,,,,,,,,,,
2022-02-26,Man United,Watford,1.3,5.5,9.5,1.34,5.5,8.25,,,,1.36,5.67,8.94,1.39,4.98,9.14,E0 (5).csv,1.33,5.5,8.75,1.32,5.0,9.5,1.3,5.0,10.0,,,,,,,,,,,,,
2022-02-26,Brighton,Aston Villa,2.2,3.3,3.5,2.2,3.3,3.3,,,,2.24,3.42,3.52,2.26,3.29,3.64,E0 (5).csv,2.3,3.25,3.3,2.25,3.1,3.4,2.2,3.2,3.3,,,,,,,,,,,,,
2022-02-27,West Ham,Wolves,2.05,3.3,3.8,2.05,3.2,3.8,,,,2.15,3.23,4.03,1.94,3.41,4.64,E0 (5).csv,2.1,3.25,3.7,2.05,3.1,4.0,2.05,3.13,3.8,,,,,,,,,,,,,
2022-03-01,Burnley,Leicester,2.9,3.4,2.4,2.8,3.4,2.45,,,,2.98,3.39,2.55,2.95,3.31,2.63,E0 (5).csv,2.9,3.25,2.5,2.88,3.2,2.5,2.9,3.4,2.5,,,,,,,,,,,,,
2022-03-05,Norwich,Brentford,2.9,3.1,2.5,2.9,3.1,2.55,,,,3.04,3.19,2.64,3.22,3.25,2.48,E0 (5).csv,2.9,3.1,2.6,2.88,3.1,2.55,2.88,3.0,2.55,,,,,,,,,,,,,
2022-03-05,Newcastle,Brighton,2.75,3.2,2.62,2.65,3.25,2.65,,,,2.82,3.23,2.8,2.8,3.17,2.86,E0 (5).csv,2.75,3.1,2.75,2.62,3.2,2.7,2.7,3.0,2.7,,,,,,,,,,,,,
2022-03-05,Burnley,Chelsea,6.5,4.33,1.5,7.5,4.1,1.47,,,,7.69,4.19,1.52,7.4,4.06,1.55,E0 (5).csv,7.0,4.2,1.5,7.5,4.0,1.47,7.5,4.0,1.45,,,,,,,,,,,,,
2022-03-05,Wolves,Crystal Palace,2.3,3.1,3.4,2.3,3.1,3.3,,,,2.43,3.08,3.5,2.4,3.09,3.55,E0 (5).csv,2.35,3.05,3.4,2.3,3.1,3.3,2.3,3.0,3.3,,,,,,,,,,,,,
2022-03-05,Leicester,Leeds,1.75,4.0,4.2,1.82,3.9,4.0,,,,1.82,4.23,4.21,2.14,3.69,3.51,E0 (5).csv,1.8,4.1,4.0,1.78,3.9,4.2,1.75,4.1,4.4,,,,,,,,,,,,,
2022-03-05,Aston Villa,Southampton,2.3,3.5,3.0,2.3,3.5,2.95,,,,2.42,3.49,3.1,2.27,3.62,3.32,E0 (5).csv,2.35,3.4,3.0,2.3,3.4,3.0,2.3,3.3,3.0,,,,,,,,,,,,,
2022-03-05,Liverpool,West Ham,1.28,5.75,9.5,1.29,5.75,9.5,,,,1.3,5.99,10.58,1.27,6.5,11.5,E0 (5).csv,1.3,6.0,9.5,1.29,5.5,9.5,1.25,5.75,10.5,,,,,,,,,,,,,
2022-03-06,Watford,Arsenal,6.0,4.0,1.57,6.0,3.9,1.58,,,,6.29,4.03,1.62,6.84,4.31,1.55,E0 (5).csv,6.0,4.0,1.6,6.0,3.9,1.57,6.0,3.8,1.55,,,,,,,,,,,,,
2022-03-06,Man City,Man United,1.4,4.75,7.5,1.37,4.8,8.5,,,,1.43,4.9,8.34,1.43,5.06,7.66,E0 (5).csv,1.43,4.8,7.0,1.38,4.75,8.0,1.36,4.75,8.0,,,,,,,,,,,,,
2022-03-07,Tottenham,Everton,1.57,3.8,5.75,1.61,3.9,5.5,,,,1.61,4.27,5.97,1.77,3.83,5.05,E0 (5).csv,1.63,4.1,5.5,1.6,4.0,5.5,1.57,3.9,5.75,,,,,,,,,,,,,
2022-03-10,Norwich,Chelsea,11.0,4.75,1.3,12.0,5.5,1.27,,,,14.15,5.78,1.28,10.58,4.98,1.36,E0 (5).csv,11.0,5.5,1.3,11.0,5.25,1.29,12.0,5.25,1.25,,,,,,,,,,,,,
2022-03-10,Southampton,Newcastle,2.0,3.75,3.5,1.98,3.7,3.5,,,,1.99,3.78,3.89,1.92,3.64,4.41,E0 (5).csv,1.97,3.65,3.65,2.0,3.6,3.6,1.95,3.5,3.7,,,,,,,,,,,,,
2022-03-10,Wolves,Watford,1.75,3.6,4.5,1.8,3.4,4.75,,,,1.84,3.56,5.02,1.97,3.44,4.44,E0 (5).csv,1.8,3.5,4.7,1.83,3.4,4.6,1.8,3.3,4.8,,,,,,,,,,,,,
2022-03-10,Leeds,Aston Villa,2.7,3.5,2.5,2.7,3.6,2.45,,,,2.75,3.64,2.61,2.86,3.63,2.51,E0 (5).csv,2.7,3.55,2.55,2.75,3.5,2.45,2.63,3.5,2.5,,,,,,,,,,,,,
2022-03-12,Brighton,Liverpool,6.0,4.33,1.5,5.75,4.5,1.51,,,,6.65,4.44,1.54,6.88,4.63,1.51,E0 (5).csv,5.75,4.5,1.53,6.0,4.2,1.52,6.5,4.5,1.5,,,,,,,,,,,,,
2022-03-12,Brentford,Burnley,2.15,3.2,3.6,2.25,2.95,3.7,,,,2.25,3.2,3.78,2.14,3.37,3.88,E0 (5).csv,2.15,3.25,3.55,2.15,3.2,3.5,2.15,3.1,3.6,,,,,,,,,,,,,
2022-03-12,Man United,Tottenham,2.2,3.4,3.25,2.1,3.6,3.2,,,,2.22,3.66,3.35,2.39,3.54,3.12,E0 (5).csv,2.2,3.5,3.2,2.15,3.4,3.3,2.1,3.5,3.2,,,,,,,,,,,,,
2022-03-13,Arsenal,Leicester,1.5,4.5,6.0,1.49,4.6,6.0,,,,1.54,4.62,6.22,1.45,4.78,7.92,E0 (5).csv,1.53,4.5,5.75,1.5,4.33,6.0,1.5,4.2,6.0,,,,,,,,,,,,,
2022-03-13,Chelsea,Newcastle,1.3,5.25,11.0,1.3,5.25,10.5,,,,1.34,5.17,10.18,1.41,4.94,8.76,E0 (5).csv,1.33,5.25,9.0,1.32,5.0,10.0,1.3,5.0,10.0,,,,,,,,,,,,,
2022-03-13,Everton,Wolves,2.3,3.2,3.3,2.3,3.2,3.25,,,,2.37,3.2,3.48,2.33,3.1,3.69,E0 (5).csv,2.3,3.25,3.25,2.25,3.2,3.3,2.25,3.1,3.3,,,,,,,,,,,,,
2022-03-13,Leeds,Norwich,1.55,4.2,5.75,1.55,4.33,5.5,,,,1.65,4.12,5.7,1.62,4.38,5.62,E0 (5).csv,1.6,4.3,5.25,1.57,4.2,5.5,1.55,4.1,5.5,,,,,,,,,,,,,
2022-03-13,Southampton,Watford,1.6,4.2,5.25,1.57,4.1,5.75,,,,1.61,4.33,5.82,1.68,4.05,5.48,E0 (5).csv,1.63,4.1,5.25,1.6,3.9,5.5,1.57,3.9,5.75,,,,,,,,,,,,,
2022-03-13,West Ham,Aston Villa,2.25,3.3,3.3,2.3,3.25,3.1,,,,2.41,3.3,3.28,2.58,3.31,3.01,E0 (5).csv,2.3,3.35,3.2,2.3,3.2,3.2,2.25,3.3,3.1,,,,,,,,,,,,,
2022-03-14,Crystal Palace,Man City,10.0,5.0,1.33,9.5,5.5,1.31,,,,9.58,5.7,1.34,9.88,5.58,1.34,E0 (5).csv,9.5,5.5,1.33,10.0,5.25,1.3,10.5,5.0,1.29,,,,,,,,,,,,,
2022-03-16,Brighton,Tottenham,3.3,3.3,2.25,3.25,3.3,2.25,,,,3.38,3.37,2.33,3.79,3.49,2.12,E0 (5).csv,3.25,3.3,2.3,3.2,3.25,2.3,3.2,3.2,2.25,,,,,,,,,,,,,
2022-03-16,Arsenal,Liverpool,3.5,4.0,1.9,3.4,4.0,1.93,,,,3.78,4.12,1.93,3.75,3.6,2.09,E0 (5).csv,3.75,3.85,1.9,3.75,3.8,1.88,3.9,3.6,1.87,,,,,,,,,,,,,
2022-03-17,Everton,Newcastle,2.4,3.25,3.1,2.3,3.4,3.1,,,,2.4,3.38,3.22,2.41,3.31,3.28,E0 (5).csv,2.4,3.3,3.0,2.3,3.4,3.0,2.3,3.25,3.1,,,,,,,,,,,,,
2022-03-18,Wolves,Leeds,2.1,3.5,3.4,2.1,3.5,3.4,,,,2.17,3.53,3.6,2.29,3.38,3.47,E0 (5).csv,2.15,3.4,3.5,2.1,3.4,3.4,2.1,3.4,3.7,,,,,,,,,,,,,
2022-03-19,Aston Villa,Arsenal,3.0,3.3,2.4,2.9,3.5,2.35,,,,3.06,3.48,2.45,2.96,3.42,2.55,E0 (5).csv,2.95,3.45,2.35,2.9,3.5,2.35,2.9,3.3,2.38,,,,,,,,,,,,,
2022-03-20,Leicester,Brentford,2.15,3.4,3.4,2.15,3.4,3.4,,,,2.25,3.49,3.43,2.13,3.55,3.68,E0 (5).csv,2.2,3.45,3.3,2.15,3.3,3.4,2.1,3.4,3.3,,,,,,,,,,,,,
2022-03-20,Tottenham,West Ham,1.72,3.8,4.75,1.75,4.0,4.2,,,,1.78,3.89,4.92,1.73,3.86,5.32,E0 (5).csv,1.75,3.95,4.4,1.7,3.8,4.75,1.7,3.8,4.6,,,,,,,,,,,,,
2022-04-02,Brighton,Norwich,1.5,4.0,7.0,1.49,4.0,7.25,,,,1.53,4.08,7.94,1.52,4.33,7.16,E0 (5).csv,1.5,4.2,7.0,1.47,4.0,7.5,1.45,4.0,7.5,,,,,,,,,,,,,
2022-04-02,Burnley,Man City,15.0,6.5,1.2,13.0,6.25,1.23,,,,15.0,6.63,1.23,16.5,7.3,1.2,E0 (5).csv,14.0,6.5,1.22,15.0,5.8,1.22,15.0,6.0,1.2,,,,,,,,,,,,,
2022-04-02,Chelsea,Brentford,1.33,5.0,10.0,1.34,5.0,9.75,,,,1.35,5.18,10.7,1.4,4.77,9.59,E0 (5).csv,1.35,4.9,10.0,1.33,4.75,10.0,1.33,4.6,10.0,,,,,,,,,,,,,
2022-04-02,Leeds,Southampton,2.37,3.75,2.75,2.4,3.6,2.7,,,,2.39,3.69,3.01,2.5,3.63,2.86,E0 (5).csv,2.4,3.65,2.8,2.45,3.4,2.8,2.38,3.5,2.75,,,,,,,,,,,,,
2022-04-02,Wolves,Aston Villa,3.0,3.1,2.55,2.9,3.0,2.6,,,,3.11,3.13,2.63,3.16,3.09,2.62,E0 (5).csv,3.0,3.05,2.55,3.0,3.0,2.55,3.0,3.0,2.5,,,,,,,,,,,,,
2022-04-02,Man United,Leicester,1.5,4.5,6.0,1.51,4.6,5.75,,,,1.52,4.71,6.41,1.56,4.76,5.69,E0 (5).csv,1.53,4.6,5.75,1.5,4.33,6.5,1.5,4.4,6.0,,,,,,,,,,,,,
2022-04-02,Liverpool,Watford,1.12,9.5,17.0,1.12,9.5,23.0,,,,1.13,9.86,23.62,1.17,8.5,18.0,E0 (5).csv,1.12,8.5,22.0,1.12,8.0,23.0,1.12,9.5,26.0,,,,,,,,,,,,,
2022-04-03,West Ham,Everton,1.75,3.8,4.5,1.78,3.7,4.4,,,,1.81,3.84,4.77,1.79,3.84,4.87,E0 (5).csv,1.8,3.75,4.5,1.78,3.6,4.5,1.75,3.6,4.6,,,,,,,,,,,,,
2022-04-03,Tottenham,Newcastle,1.5,4.33,6.5,1.51,4.33,6.25,,,,1.53,4.42,6.87,1.56,4.33,6.45,E0 (5).csv,1.5,4.4,6.25,1.5,4.2,6.5,1.5,4.2,6.5,,,,,,,,,,,,,
2022-04-04,Crystal Palace,Arsenal,4.0,3.4,1.95,4.1,3.3,1.93,,,,4.15,3.51,2.01,4.15,3.35,2.07,E0 (5).csv,3.95,3.4,1.97,4.0,3.3,2.0,4.0,3.25,1.95,,,,,,,,,,,,,
2022-04-06,Burnley,Everton,2.62,3.1,2.87,2.5,3.25,2.85,,,,2.54,3.23,3.13,2.59,3.09,3.2,E0 (5).csv,2.55,3.15,2.95,2.5,3.1,3.0,2.5,3.1,2.88,,,,,,,,,,,,,
2022-04-08,Newcastle,Wolves,2.25,3.1,3.4,2.25,3.0,3.4,,,,2.34,3.14,3.62,2.0,3.41,4.47,E0 (5).csv,2.3,3.1,3.45,2.3,3.0,3.4,2.3,3.13,3.5,,,,,,,,,,,,,
2022-04-09,Arsenal,Brighton,1.61,3.8,5.75,1.6,4.0,5.5,,,,1.67,3.95,5.85,1.64,3.88,6.43,E0 (5).csv,1.6,3.9,6.0,1.63,3.75,5.5,1.62,3.7,5.5,,,,,,,,,,,,,
2022-04-09,Everton,Man United,4.6,3.75,1.75,4.1,3.9,1.8,,,,4.52,3.89,1.83,4.09,3.88,1.92,E0 (5).csv,4.4,3.8,1.8,4.5,3.6,1.78,4.6,3.75,1.8,,,,,,,,,,,,,
2022-04-09,Southampton,Chelsea,3.8,3.6,1.95,3.9,3.8,1.83,,,,4.08,3.76,1.95,3.93,3.56,2.05,E0 (5).csv,3.95,3.6,1.9,4.0,3.6,1.88,4.0,3.4,1.9,,,,,,,,,,,,,
2022-04-09,Watford,Leeds,2.7,3.4,2.55,2.65,3.5,2.5,,,,2.75,3.6,2.63,2.91,3.45,2.57,E0 (5).csv,2.65,3.5,2.6,2.62,3.5,2.55,2.63,3.4,2.55,,,,,,,,,,,,,
2022-04-09,Aston Villa,Tottenham,3.2,3.4,2.25,3.1,3.5,2.2,,,,3.23,3.6,2.3,3.47,3.59,2.2,E0 (5).csv,3.1,3.5,2.3,3.1,3.4,2.25,3.1,3.4,2.2,,,,,,,,,,,,,
2022-04-10,Brentford,West Ham,2.62,3.3,2.62,2.7,3.1,2.7,,,,2.72,3.34,2.82,2.77,3.35,2.76,E0 (5).csv,2.7,3.3,2.65,2.7,3.25,2.62,2.6,3.2,2.7,,,,,,,,,,,,,
2022-04-10,Leicester,Crystal Palace,2.37,3.3,2.9,2.4,3.4,2.85,,,,2.46,3.48,3.04,2.53,3.29,3.1,E0 (5).csv,2.4,3.4,2.95,2.38,3.4,2.9,2.3,3.25,3.0,,,,,,,,,,,,,
2022-04-10,Norwich,Burnley,2.87,3.2,2.55,2.9,3.25,2.45,,,,3.1,3.18,2.6,3.23,3.42,2.38,E0 (5).csv,2.9,3.15,2.55,2.88,3.1,2.55,2.88,3.0,2.55,,,,,,,,,,,,,
2022-04-10,Man City,Liverpool,2.0,3.75,3.5,2.0,3.75,3.4,,,,2.1,3.75,3.56,1.98,3.82,3.9,E0 (5).csv,2.05,3.5,3.55,2.0,3.6,3.5,2.0,3.5,3.5,,,,,,,,,,,,,
2022-04-16,Tottenham,Brighton,1.53,4.0,6.5,1.52,4.33,6.0,,,,1.56,4.35,6.52,1.51,4.56,6.92,E0 (5).csv,1.53,4.3,6.25,1.52,4.0,6.5,1.5,4.0,6.5,,,,,,,,,,,,,
2022-04-16,Man United,Norwich,1.25,6.5,10.0,1.22,6.5,13.0,,,,1.23,6.6,14.96,1.29,6.35,9.95,E0 (5).csv,1.25,6.5,11.0,1.24,5.8,12.0,1.2,6.0,13.0,,,,,,,,,,,,,
2022-04-16,Southampton,Arsenal,3.8,3.6,1.95,3.9,3.7,1.88,,,,3.97,3.79,1.97,4.08,3.79,1.94,E0 (5).csv,3.85,3.6,1.95,3.8,3.6,1.91,3.9,3.5,1.91,,,,,,,,,,,,,
2022-04-16,Watford,Brentford,2.7,3.3,2.55,2.8,3.2,2.55,,,,2.95,3.33,2.62,2.94,3.39,2.58,E0 (5).csv,2.8,3.25,2.6,2.8,3.2,2.55,2.8,3.13,2.55,,,,,,,,,,,,,
2022-04-17,Newcastle,Leicester,2.2,3.4,3.3,2.2,3.3,3.3,,,,2.25,3.46,3.46,2.06,3.56,3.9,E0 (5).csv,2.25,3.35,3.25,2.2,3.3,3.3,2.2,3.3,3.2,,,,,,,,,,,,,
2022-04-17,West Ham,Burnley,1.7,3.8,5.0,1.71,3.7,5.0,,,,1.73,3.99,5.11,1.81,3.8,4.84,E0 (5).csv,1.7,3.8,4.9,1.73,3.7,4.8,1.67,3.7,5.0,,,,,,,,,,,,,
2022-04-19,Liverpool,Man United,1.4,5.0,7.0,1.39,5.0,7.0,,,,1.41,5.36,7.82,1.34,5.78,9.17,E0 (5).csv,1.45,5.0,6.25,1.38,5.0,7.5,1.4,5.25,7.0,,,,,,,,,,,,,
2022-04-20,Newcastle,Crystal Palace,2.25,3.4,3.25,2.3,3.2,3.1,,,,2.4,3.24,3.36,2.32,3.24,3.54,E0 (5).csv,2.35,3.25,3.15,2.3,3.2,3.2,2.25,3.13,3.25,,,,,,,,,,,,,
2022-04-20,Chelsea,Arsenal,1.83,3.6,4.33,1.83,3.6,4.2,,,,1.88,3.77,4.42,1.96,3.52,4.36,E0 (5).csv,1.9,3.55,4.2,1.83,3.5,4.4,1.8,3.4,4.5,,,,,,,,,,,,,
2022-04-20,Everton,Leicester,2.25,3.4,3.25,2.3,3.25,3.2,,,,2.32,3.52,3.26,2.67,3.31,2.9,E0 (5).csv,2.3,3.4,3.05,2.3,3.4,3.0,2.25,3.3,3.1,,,,,,,,,,,,,
2022-04-20,Man City,Brighton,1.16,7.0,17.0,1.18,7.0,17.0,,,,1.2,7.09,18.98,1.23,6.5,16.0,E0 (5).csv,1.2,6.75,15.0,1.2,6.0,17.0,1.17,6.5,17.0,,,,,,,,,,,,,
2022-04-21,Burnley,Southampton,2.75,3.25,2.62,2.7,3.3,2.6,,,,2.75,3.48,2.69,2.7,3.35,2.8,E0 (5).csv,2.75,3.35,2.6,2.7,3.4,2.55,2.7,3.25,2.55,,,,,,,,,,,,,
2022-04-23,Arsenal,Man United,2.05,3.5,3.5,2.05,3.6,3.4,,,,2.13,3.64,3.58,2.06,3.68,3.75,E0 (5).csv,2.1,3.5,3.4,2.05,3.5,3.5,2.1,3.6,3.5,,,,,,,,,,,,,
2022-04-23,Leicester,Aston Villa,2.8,3.4,2.5,2.7,3.3,2.55,,,,2.95,3.43,2.55,3.05,3.39,2.5,E0 (5).csv,2.8,3.4,2.5,2.75,3.25,2.55,2.75,3.4,2.45,,,,,,,,,,,,,
2022-04-23,Man City,Watford,1.1,10.0,26.0,1.12,9.75,23.0,,,,1.13,9.68,27.79,1.13,9.5,26.0,E0 (5).csv,1.12,9.5,22.0,1.11,8.5,23.0,1.08,9.5,26.0,,,,,,,,,,,,,
2022-04-23,Norwich,Newcastle,3.5,3.3,2.15,3.5,3.3,2.1,,,,3.62,3.39,2.22,3.54,3.38,2.25,E0 (5).csv,3.55,3.3,2.15,3.7,3.1,2.15,3.4,3.3,2.1,,,,,,,,,,,,,
2022-04-23,Brentford,Tottenham,4.33,3.5,1.85,4.2,3.5,1.87,,,,4.39,3.78,1.88,4.93,3.99,1.75,E0 (5).csv,4.2,3.7,1.83,4.2,3.5,1.85,4.2,3.5,1.83,,,,,,,,,,,,,
2022-04-24,Liverpool,Everton,1.18,7.0,15.0,1.19,7.25,14.0,,,,1.18,7.75,18.0,1.21,7.06,16.67,E0 (5).csv,1.2,7.0,14.0,1.2,6.5,15.0,1.17,7.0,15.0,,,,,,,,,,,,,
2022-04-24,Chelsea,West Ham,1.5,4.33,6.5,1.53,4.2,6.0,,,,1.53,4.53,6.68,1.43,4.72,8.16,E0 (5).csv,1.5,4.4,6.25,1.52,4.2,6.0,1.5,4.0,6.5,,,,,,,,,,,,,
2022-04-24,Brighton,Southampton,2.1,3.4,3.6,2.2,3.25,3.4,,,,2.19,3.34,3.76,2.15,3.33,3.91,E0 (5).csv,2.15,3.35,3.45,2.15,3.2,3.6,2.1,3.25,3.5,,,,,,,,,,,,,
2022-04-24,Burnley,Wolves,2.7,3.0,2.87,2.65,3.0,2.85,,,,2.73,3.15,2.95,2.57,3.14,3.17,E0 (5).csv,2.7,3.05,2.85,2.62,3.1,2.8,2.63,3.0,2.8,,,,,,,,,,,,,
2022-04-25,Crystal Palace,Leeds,2.05,3.5,3.5,2.0,3.6,3.5,,,,2.11,3.69,3.6,2.44,3.49,2.99,E0 (5).csv,2.1,3.55,3.5,2.0,3.5,3.6,2.05,3.4,3.5,,,,,,,,,,,,,
2022-04-28,Man United,Chelsea,3.2,3.4,2.25,3.2,3.75,2.1,,,,3.23,3.68,2.27,3.6,3.62,2.13,E0 (5).csv,3.15,3.45,2.25,3.1,3.5,2.2,3.1,3.4,2.2,,,,,,,,,,,,,
2022-04-30,Newcastle,Liverpool,8.5,5.0,1.36,7.5,4.75,1.41,,,,8.02,4.99,1.43,6.72,4.32,1.55,E0 (5).csv,7.75,4.8,1.4,8.0,4.6,1.4,8.0,4.75,1.36,,,,,,,,,,,,,
2022-04-30,Aston Villa,Norwich,1.4,4.5,9.0,1.39,4.75,8.0,,,,1.4,5.12,8.47,1.41,5.19,8.08,E0 (5).csv,1.4,4.9,7.75,1.4,4.6,8.0,1.36,4.6,8.5,,,,,,,,,,,,,
2022-04-30,Southampton,Crystal Palace,2.4,3.3,3.1,2.35,3.3,3.0,,,,2.47,3.35,3.13,2.53,3.16,3.22,E0 (5).csv,2.4,3.3,3.0,2.35,3.3,3.0,2.3,3.25,3.0,,,,,,,,,,,,,
2022-04-30,Watford,Burnley,2.6,3.3,2.75,2.65,3.2,2.75,,,,2.71,3.4,2.78,2.71,3.22,2.92,E0 (5).csv,2.65,3.25,2.7,2.62,3.2,2.7,2.63,3.13,2.7,,,,,,,,,,,,,
2022-04-30,Wolves,Brighton,2.7,3.2,2.75,2.7,3.0,2.8,,,,2.77,3.23,2.85,2.81,3.02,2.99,E0 (5).csv,2.6,3.15,2.85,2.7,3.0,2.8,2.7,2.9,2.8,,,,,,,,,,,,,
2022-04-30,Leeds,Man City,8.5,6.0,1.3,9.5,5.5,1.31,,,,9.72,6.15,1.32,9.2,5.8,1.34,E0 (5).csv,8.75,5.75,1.33,10.0,5.5,1.29,10.0,5.75,1.25,,,,,,,,,,,,,
2022-05-01,Tottenham,Leicester,1.44,4.75,7.0,1.46,4.6,6.5,,,,1.45,4.99,7.29,1.38,5.32,9.05,E0 (5).csv,1.43,4.7,7.25,1.44,4.6,6.5,1.4,4.6,7.0,,,,,,,,,,,,,
2022-05-01,West Ham,Arsenal,4.33,3.8,1.8,4.5,3.7,1.77,,,,4.68,3.92,1.8,4.57,3.92,1.83,E0 (5).csv,4.7,3.75,1.75,4.33,3.75,1.78,4.5,3.6,1.75,,,,,,,,,,,,,
2022-05-01,Everton,Chelsea,5.0,3.6,1.75,4.8,3.7,1.72,,,,4.98,3.77,1.79,5.21,3.94,1.73,E0 (5).csv,4.7,3.7,1.77,4.75,3.6,1.75,4.6,3.6,1.75,,,,,,,,,,,,,
2022-05-02,Man United,Brentford,1.72,4.0,4.5,1.75,3.8,4.4,,,,1.78,4.08,4.61,1.8,3.96,4.62,E0 (5).csv,1.75,3.85,4.5,1.73,3.75,4.6,1.7,3.7,4.6,,,,,,,,,,,,,
2022-05-07,Brentford,Southampton,2.15,3.5,3.3,2.15,3.4,3.25,,,,2.25,3.42,3.5,2.11,3.64,3.65,E0 (5).csv,2.25,3.2,3.4,2.05,3.6,3.4,2.15,3.3,3.3,,,,,,,,,,,,,
2022-05-07,Burnley,Aston Villa,3.0,3.3,2.4,2.9,3.3,2.45,,,,3.07,3.34,2.52,3.19,3.21,2.52,E0 (5).csv,2.95,3.25,2.45,2.9,3.3,2.4,2.9,3.2,2.4,,,,,,,,,,,,,
2022-05-07,Chelsea,Wolves,1.33,5.0,9.5,1.36,4.8,9.25,,,,1.36,5.1,10.4,1.38,4.94,9.9,E0 (5).csv,1.35,4.9,9.0,1.33,4.75,10.0,1.33,4.6,10.0,,,,,,,,,,,,,
2022-05-07,Crystal Palace,Watford,1.65,4.0,5.0,1.68,3.75,5.25,,,,1.7,3.95,5.45,1.7,3.89,5.59,E0 (5).csv,1.67,3.9,5.25,1.65,3.8,5.25,1.65,3.7,5.25,,,,,,,,,,,,,
2022-05-07,Brighton,Man United,2.8,3.5,2.45,2.8,3.3,2.5,,,,2.81,3.55,2.61,2.99,3.3,2.6,E0 (5).csv,2.8,3.35,2.55,2.75,3.4,2.5,2.75,3.25,2.5,,,,,,,,,,,,,
2022-05-07,Liverpool,Tottenham,1.4,5.0,7.0,1.46,4.8,6.25,,,,1.46,5.11,6.95,1.43,5.3,7.3,E0 (5).csv,1.45,4.8,6.25,1.42,4.6,7.0,1.4,4.6,7.0,,,,,,,,,,,,,
2022-05-08,Man City,Newcastle,1.16,7.0,17.0,1.16,8.0,16.5,,,,1.19,7.66,17.22,1.17,8.25,18.0,E0 (5).csv,1.2,7.5,13.0,1.17,7.0,17.0,1.13,7.5,18.0,,,,,,,,,,,,,
2022-05-08,Arsenal,Leeds,1.45,4.5,7.0,1.42,5.0,6.75,,,,1.46,5.01,7.04,1.54,4.56,6.38,E0 (5).csv,1.45,4.7,6.75,1.44,4.6,6.5,1.44,4.5,6.5,,,,,,,,,,,,,
2022-05-08,Leicester,Everton,2.6,3.3,2.75,2.45,3.4,2.8,,,,2.71,3.35,2.82,2.74,3.3,2.83,E0 (5).csv,2.6,3.3,2.8,2.5,3.25,2.8,2.55,3.25,2.7,,,,,,,,,,,,,
2022-05-08,Norwich,West Ham,4.5,3.8,1.75,4.4,3.8,1.75,,,,4.68,3.88,1.81,4.94,4.15,1.72,E0 (5).csv,4.4,3.8,1.77,4.2,3.7,1.8,4.5,3.6,1.75,,,,,,,,,,,,,
2022-05-10,Aston Villa,Liverpool,7.5,4.75,1.4,7.0,4.6,1.44,,,,7.54,5.0,1.44,6.6,4.5,1.54,E0 (5).csv,7.0,4.8,1.43,7.5,4.5,1.42,8.0,5.0,1.4,,,,,,,,,,,,,
2022-05-11,Leeds,Chelsea,4.75,4.2,1.65,4.75,4.0,1.66,,,,5.15,4.25,1.68,4.95,4.19,1.71,E0 (5).csv,4.8,4.2,1.65,5.0,4.0,1.63,4.8,3.9,1.65,,,,,,,,,,,,,
2022-05-11,Leicester,Norwich,1.44,4.75,7.0,1.46,4.6,6.75,,,,1.45,5.12,7.2,1.36,5.51,9.35,E0 (5).csv,1.45,4.8,6.75,1.42,4.5,7.5,1.4,4.6,7.0,,,,,,,,,,,,,
2022-05-11,Watford,Everton,4.2,3.6,1.83,4.1,3.6,1.85,,,,4.43,3.73,1.88,6.01,3.79,1.68,E0 (5).csv,4.2,3.7,1.85,4.0,3.6,1.88,4.2,3.5,1.83,,,,,,,,,,,,,
2022-05-11,Wolves,Man City,11.0,6.0,1.25,12.0,5.75,1.26,,,,14.04,5.93,1.26,12.79,6.75,1.25,E0 (5).csv,12.0,6.0,1.25,13.0,5.5,1.25,13.0,5.75,1.22,,,,,,,,,,,,,
2022-05-12,Tottenham,Arsenal,2.05,3.75,3.5,2.05,3.5,3.4,,,,2.18,3.61,3.49,2.32,3.49,3.27,E0 (5).csv,2.1,3.55,3.35,2.1,3.5,3.4,2.05,3.5,3.4,,,,,,,,,,,,,
2022-05-15,Aston Villa,Crystal Palace,2.0,3.5,3.75,2.05,3.5,3.5,,,,2.09,3.56,3.72,1.87,3.63,4.57,E0 (5).csv,2.05,3.5,3.6,2.0,3.5,3.6,2.0,3.4,3.6,,,,,,,,,,,,,
2022-05-15,Tottenham,Burnley,1.33,5.25,9.0,1.34,5.25,9.0,,,,1.34,5.53,9.3,1.32,5.75,10.72,E0 (5).csv,1.33,5.25,9.5,1.33,5.0,9.0,1.3,5.25,9.0,,,,,,,,,,,,,
2022-05-15,Leeds,Brighton,2.62,3.5,2.62,2.6,3.4,2.6,,,,2.75,3.56,2.62,2.73,3.45,2.73,E0 (5).csv,2.5,3.5,2.75,2.7,3.4,2.55,2.63,3.4,2.55,,,,,,,,,,,,,
2022-05-15,Watford,Leicester,3.8,3.5,1.95,3.5,3.6,2.0,,,,3.7,3.8,2.02,5.54,4.01,1.67,E0 (5).csv,3.6,3.7,2.0,3.6,3.5,2.0,3.6,3.6,1.95,,,,,,,,,,,,,
2022-05-15,West Ham,Man City,7.5,5.0,1.4,7.75,5.0,1.38,,,,8.28,5.28,1.39,8.32,5.43,1.39,E0 (5).csv,7.25,5.25,1.4,8.0,5.0,1.36,8.0,5.0,1.33,,,,,,,,,,,,,
2022-05-15,Wolves,Norwich,1.45,4.75,6.5,1.46,4.4,7.0,,,,1.49,4.56,7.12,1.57,4.44,5.9,E0 (5).csv,1.47,4.5,6.75,1.44,4.33,7.5,1.4,4.33,8.0,,,,,,,,,,,,,
2022-05-15,Everton,Brentford,2.05,3.6,3.5,2.1,3.5,3.4,,,,2.13,3.62,3.55,1.93,3.64,4.32,E0 (5).csv,2.05,3.5,3.6,2.1,3.4,3.4,2.05,3.3,3.6,,,,,,,,,,,,,
2022-05-16,Newcastle,Arsenal,4.33,3.6,1.83,4.0,3.6,1.87,,,,4.31,3.72,1.89,4.31,3.85,1.81,E0 (5).csv,4.3,3.65,1.83,4.0,3.6,1.88,4.1,3.5,1.85,,,,,,,,,,,,,
2022-05-17,Southampton,Liverpool,7.5,5.5,1.33,7.75,5.25,1.36,,,,8.15,5.53,1.38,6.93,5.24,1.45,E0 (5).csv,7.5,5.5,1.35,8.5,5.0,1.35,7.5,5.5,1.36,,,,,,,,,,,,,
2022-05-19,Everton,Crystal Palace,1.9,3.4,4.33,1.93,3.4,4.0,,,,1.98,3.46,4.25,1.9,3.54,4.64,E0 (5).csv,1.85,3.55,4.3,1.95,3.3,4.2,1.9,3.4,4.1,,,,,,,,,,,,,
2022-05-19,Aston Villa,Burnley,2.05,3.5,3.6,1.98,3.5,3.7,,,,2.07,3.59,3.75,2.04,3.46,4.1,E0 (5).csv,2.1,3.45,3.5,2.0,3.4,3.7,1.95,3.4,3.7,,,,,,,,,,,,,
2022-05-19,Chelsea,Leicester,1.4,4.75,8.0,1.38,4.75,8.5,,,,1.39,4.97,9.07,1.44,4.87,7.49,E0 (5).csv,1.4,4.6,8.75,1.35,4.75,9.0,1.33,5.0,8.5,,,,,,,,,,,,,
2022-05-22,Norwich,Tottenham,9.5,6.5,1.25,11.0,6.5,1.24,,,,11.2,6.23,1.27,9.82,5.51,1.34,E0 (5).csv,11.0,6.25,1.25,10.0,6.0,1.25,11.5,6.0,1.22,,,,,,,,,,,,,
2022-05-22,Arsenal,Everton,1.36,4.75,9.0,1.38,5.0,7.75,,,,1.37,5.13,9.24,1.36,5.61,8.84,E0 (5).csv,1.37,4.9,8.5,1.35,4.75,9.0,1.33,5.0,8.5,,,,,,,,,,,,,
2022-05-22,Brentford,Leeds,2.45,3.8,2.62,2.4,3.6,2.75,,,,2.38,3.9,2.85,2.38,3.9,2.89,E0 (5).csv,2.45,3.6,2.75,2.4,3.6,2.75,2.38,3.6,2.7,,,,,,,,,,,,,
2022-05-22,Brighton,West Ham,2.37,3.5,2.9,2.35,3.5,2.87,,,,2.38,3.69,2.97,2.75,3.4,2.74,E0 (5).csv,2.4,3.5,2.85,2.4,3.4,2.88,2.3,3.4,2.9,,,,,,,,,,,,,
2022-05-22,Burnley,Newcastle,2.25,3.4,3.2,2.15,3.4,3.25,,,,2.27,3.51,3.3,2.55,3.31,3.05,E0 (5).csv,2.2,3.45,3.25,2.2,3.3,3.3,2.2,3.3,3.2,,,,,,,,,,,,,
2022-05-22,Chelsea,Watford,1.18,7.5,15.0,1.18,7.5,15.5,,,,1.16,8.35,18.77,1.18,7.58,17.72,E0 (5).csv,1.22,7.0,13.0,1.15,7.0,19.0,1.13,7.5,18.0,,,,,,,,,,,,,
2022-05-22,Crystal Palace,Man United,3.0,3.6,2.25,3.0,3.5,2.25,,,,3.15,3.79,2.24,2.82,3.57,2.59,E0 (5).csv,3.15,3.55,2.2,3.0,3.5,2.25,3.0,3.5,2.2,,,,,,,,,,,,,
2022-05-22,Leicester,Southampton,1.85,4.0,3.8,1.85,3.9,3.8,,,,1.88,4.13,3.91,1.7,4.39,4.67,E0 (5).csv,1.85,3.95,3.8,1.88,3.8,3.75,1.83,3.8,3.8,,,,,,,,,,,,,
2022-05-22,Liverpool,Wolves,1.14,8.5,15.0,1.16,7.75,15.0,,,,1.15,8.49,21.36,1.14,9.75,19.0,E0 (5).csv,1.17,7.75,16.0,1.15,7.0,19.0,1.13,8.0,19.0,,,,,,,,,,,,,
2022-05-22,Man City,Aston Villa,1.16,8.0,17.0,1.17,8.0,15.0,,,,1.15,8.74,20.27,1.17,8.4,17.0,E0 (5).csv,1.15,7.5,18.0,1.15,7.0,19.0,1.13,7.5,18.0,,,,,,,,,,,,,
2022-08-05,Crystal Palace,Arsenal,4.2,3.6,1.85,4.33,3.5,1.87,,,,4.5,3.65,1.89,4.58,3.63,1.88,E0 (4).csv,4.3,3.55,1.85,4.4,3.5,1.83,4.6,3.5,1.87,,,,,,,,,,,,,
2022-08-06,Fulham,Liverpool,11.0,6.0,1.25,10.0,5.75,1.28,,,,11.2,6.22,1.28,10.5,6.5,1.29,E0 (4).csv,12.0,5.75,1.27,12.0,5.5,1.27,13.0,6.0,1.25,,,,,,,,,,,,,
2022-08-06,Bournemouth,Aston Villa,3.75,3.5,2.0,3.75,3.4,2.0,,,,3.93,3.58,2.04,4.09,3.59,2.0,E0 (4).csv,3.65,3.45,2.05,3.75,3.3,2.05,3.75,3.3,2.0,,,,,,,,,,,,,
2022-08-06,Leeds,Wolves,2.25,3.4,3.2,2.3,3.3,2.95,,,,2.39,3.33,3.3,2.45,3.44,3.09,E0 (4).csv,2.3,3.3,3.15,2.25,3.3,3.2,2.3,3.2,3.1,,,,,,,,,,,,,
2022-08-06,Newcastle,Nott'm Forest,1.66,3.8,5.25,1.65,3.8,5.5,,,,1.71,3.74,5.83,1.57,4.22,6.6,E0 (4).csv,1.65,3.8,5.5,1.67,3.7,5.25,1.62,3.7,5.5,,,,,,,,,,,,,
2022-08-06,Tottenham,Southampton,1.33,5.5,8.5,1.35,5.25,8.25,,,,1.37,5.39,9.11,1.39,5.34,8.55,E0 (4).csv,1.37,5.25,7.75,1.35,5.0,8.5,1.33,5.0,9.0,,,,,,,,,,,,,
2022-08-06,Everton,Chelsea,5.5,4.0,1.61,5.5,3.8,1.58,,,,6.04,4.06,1.63,6.89,4.16,1.56,E0 (4).csv,5.5,3.9,1.63,5.8,3.75,1.62,5.75,3.7,1.6,,,,,,,,,,,,,
2022-08-07,Leicester,Brentford,2.0,3.75,3.5,2.0,3.6,3.6,,,,2.07,3.69,3.74,1.96,3.69,4.29,E0 (4).csv,2.05,3.65,3.55,2.0,3.6,3.5,1.95,3.5,3.6,,,,,,,,,,,,,
2022-08-07,Man United,Brighton,1.6,4.2,5.25,1.62,3.9,5.5,,,,1.65,4.14,5.68,1.81,3.86,4.72,E0 (4).csv,1.6,4.0,5.75,1.6,3.9,5.5,1.57,3.8,5.75,,,,,,,,,,,,,
2022-08-07,West Ham,Man City,8.0,5.0,1.36,7.75,5.0,1.38,,,,8.58,5.48,1.38,8.0,5.35,1.41,E0 (4).csv,7.5,5.25,1.37,9.0,5.0,1.33,8.5,5.0,1.33,,,,,,,,,,,,,
2022-08-13,Brentford,Man United,3.75,3.5,2.0,3.7,3.5,2.0,,,,3.82,3.64,2.06,4.65,4.09,1.78,E0 (4).csv,3.65,3.55,2.0,3.8,3.5,1.95,3.6,3.5,1.95,,,,,,,,,,,,,
2022-08-13,Wolves,Fulham,2.3,3.3,3.2,2.35,3.25,3.1,,,,2.44,3.24,3.29,2.23,3.48,3.5,E0 (4).csv,2.4,3.25,3.1,2.35,3.25,3.1,2.3,3.2,3.1,,,,,,,,,,,,,
2022-08-13,Southampton,Leeds,2.25,3.5,3.1,2.25,3.4,3.1,,,,2.34,3.55,3.18,2.44,3.64,2.96,E0 (4).csv,2.3,3.45,3.1,2.25,3.4,3.1,2.25,3.4,3.0,,,,,,,,,,,,,
2022-08-13,Arsenal,Leicester,1.53,4.33,5.75,1.52,4.4,6.0,,,,1.58,4.34,6.22,1.58,4.42,5.97,E0 (4).csv,1.53,4.4,5.75,1.53,4.2,5.8,1.5,4.2,6.0,,,,,,,,,,,,,
2022-08-13,Brighton,Newcastle,2.45,3.2,3.0,2.35,3.25,3.1,,,,2.48,3.24,3.22,2.5,3.3,3.14,E0 (4).csv,2.45,3.2,3.05,2.38,3.25,3.0,2.38,3.13,3.1,,,,,,,,,,,,,
2022-08-13,Aston Villa,Everton,1.8,3.5,4.75,1.8,3.5,4.75,,,,1.83,3.55,5.12,1.81,3.64,5.11,E0 (4).csv,1.8,3.55,4.6,1.8,3.4,4.75,1.8,3.6,5.0,,,,,,,,,,,,,
2022-08-13,Man City,Bournemouth,1.06,13.0,29.0,1.07,12.5,41.0,,,,1.07,13.82,41.0,1.08,13.5,36.0,E0 (4).csv,1.08,12.0,27.0,1.05,13.0,34.0,1.06,11.0,31.0,,,,,,,,,,,,,
2022-08-14,Nott'm Forest,West Ham,4.2,3.6,1.85,4.1,3.6,1.87,,,,4.28,3.72,1.92,4.03,3.68,1.99,E0 (4).csv,4.1,3.6,1.9,4.2,3.5,1.85,4.1,3.5,1.85,,,,,,,,,,,,,
2022-08-14,Chelsea,Tottenham,2.25,3.4,3.2,2.25,3.4,3.1,,,,2.28,3.52,3.35,2.17,3.53,3.61,E0 (4).csv,2.3,3.35,3.15,2.25,3.3,3.2,2.2,3.3,3.2,,,,,,,,,,,,,
2022-08-15,Liverpool,Crystal Palace,1.18,6.75,16.0,1.2,6.75,15.0,,,,1.2,7.09,18.57,1.29,6.25,12.0,E0 (4).csv,1.2,6.75,15.0,1.18,6.5,17.0,1.15,7.0,17.0,,,,,,,,,,,,,
2022-08-20,Leicester,Southampton,1.83,4.0,4.0,1.87,3.8,3.9,,,,1.86,4.09,4.12,1.78,4.18,4.51,E0 (4).csv,1.83,3.9,3.95,1.85,3.75,3.9,1.8,3.75,4.0,,,,,,,,,,,,,
2022-08-20,Fulham,Brentford,2.45,3.4,2.9,2.37,3.3,2.95,,,,2.52,3.53,2.93,2.7,3.44,2.8,E0 (4).csv,2.45,3.4,2.9,2.4,3.4,2.88,2.38,3.3,2.9,,,,,,,,,,,,,
2022-08-20,Bournemouth,Arsenal,8.0,4.75,1.4,7.25,4.6,1.42,,,,7.55,4.8,1.46,7.26,4.82,1.47,E0 (4).csv,7.25,4.7,1.43,8.0,4.5,1.4,8.0,4.4,1.4,,,,,,,,,,,,,
2022-08-20,Crystal Palace,Aston Villa,2.5,3.25,2.9,2.5,3.2,2.87,,,,2.58,3.19,3.12,2.56,3.26,3.08,E0 (4).csv,2.5,3.2,2.95,2.5,3.2,2.9,2.45,3.13,2.9,,,,,,,,,,,,,
2022-08-20,Tottenham,Wolves,1.4,4.75,7.5,1.39,4.8,7.75,,,,1.43,4.94,7.95,1.48,4.88,6.99,E0 (4).csv,1.4,4.8,7.5,1.38,4.6,8.5,1.4,4.8,8.5,,,,,,,,,,,,,
2022-08-20,Everton,Nott'm Forest,1.9,3.6,4.0,1.9,3.5,4.0,,,,2.0,3.45,4.27,1.89,3.58,4.62,E0 (4).csv,1.97,3.45,3.85,1.91,3.5,4.0,1.93,3.3,4.0,,,,,,,,,,,,,
2022-08-21,Leeds,Chelsea,5.75,4.5,1.53,5.75,4.33,1.55,,,,6.23,4.6,1.54,6.14,4.63,1.55,E0 (4).csv,5.75,4.4,1.55,5.25,4.33,1.57,6.0,4.2,1.5,,,,,,,,,,,,,
2022-08-21,West Ham,Brighton,2.3,3.4,3.1,2.25,3.4,3.1,,,,2.34,3.52,3.22,2.6,3.42,2.9,E0 (4).csv,2.35,3.4,3.05,2.25,3.4,3.1,2.25,3.25,3.1,,,,,,,,,,,,,
2022-08-21,Newcastle,Man City,7.5,5.0,1.36,8.0,5.0,1.38,,,,9.43,5.22,1.37,7.0,5.0,1.47,E0 (4).csv,8.0,5.0,1.37,9.0,4.8,1.35,8.5,5.0,1.33,,,,,,,,,,,,,
2022-08-22,Man United,Liverpool,5.25,4.33,1.6,4.8,4.4,1.6,,,,5.39,4.35,1.64,4.65,4.5,1.7,E0 (4).csv,4.9,4.4,1.6,5.25,4.33,1.57,5.25,4.2,1.55,,,,,,,,,,,,,
2022-08-27,Arsenal,Fulham,1.3,5.75,9.0,1.3,5.75,9.25,,,,1.33,5.83,9.75,1.42,5.35,7.5,E0 (4).csv,1.35,5.25,8.25,1.29,5.5,9.5,1.29,5.5,10.0,,,,,,,,,,,,,
2022-08-27,Man City,Crystal Palace,1.18,7.5,13.0,1.19,7.25,12.5,,,,1.2,7.5,16.26,1.2,7.75,16.0,E0 (4).csv,1.2,7.5,13.0,1.18,7.0,15.0,1.15,7.0,17.0,,,,,,,,,,,,,
2022-08-27,Chelsea,Leicester,1.4,5.0,7.0,1.41,4.75,7.25,,,,1.45,4.86,7.66,1.41,5.2,7.99,E0 (4).csv,1.43,4.9,7.0,1.4,4.75,7.5,1.4,4.5,7.5,,,,,,,,,,,,,
2022-08-27,Liverpool,Bournemouth,1.1,10.0,26.0,1.1,10.5,29.0,,,,1.13,10.48,23.11,1.15,9.25,19.5,E0 (4).csv,1.12,9.5,22.0,1.1,9.5,21.0,1.06,10.5,29.0,,,,,,,,,,,,,
2022-08-27,Brentford,Everton,2.0,3.5,3.75,2.0,3.4,3.7,,,,2.1,3.49,3.84,2.08,3.51,3.91,E0 (4).csv,2.05,3.45,3.7,2.05,3.4,3.6,2.0,3.3,3.75,,,,,,,,,,,,,
2022-08-27,Southampton,Man United,4.2,4.0,1.8,4.2,3.9,1.78,,,,4.31,4.0,1.85,3.65,3.95,2.02,E0 (4).csv,4.2,4.0,1.77,4.2,4.0,1.75,4.33,4.0,1.8,,,,,,,,,,,,,
2022-08-27,Brighton,Leeds,1.9,3.8,3.8,1.88,3.6,3.5,,,,1.93,3.72,4.24,1.74,3.98,5.09,E0 (4).csv,1.9,3.7,3.9,1.85,3.7,4.0,1.85,3.6,4.0,,,,,,,,,,,,,
2022-08-28,Aston Villa,West Ham,2.3,3.4,3.1,2.2,3.4,3.2,,,,2.41,3.41,3.18,2.12,3.53,3.74,E0 (4).csv,2.3,3.4,3.15,2.25,3.4,3.1,2.2,3.4,3.13,,,,,,,,,,,,,
2022-08-28,Wolves,Newcastle,2.7,3.3,2.7,2.65,3.2,2.7,,,,2.76,3.32,2.79,2.59,3.3,3.0,E0 (4).csv,2.7,3.2,2.7,2.7,3.25,2.62,2.7,3.13,2.63,,,,,,,,,,,,,
2022-08-28,Nott'm Forest,Tottenham,7.0,4.6,1.44,6.75,4.5,1.46,,,,7.15,4.63,1.49,7.1,5.05,1.45,E0 (4).csv,6.75,4.5,1.45,7.0,4.4,1.44,7.0,4.2,1.44,,,,,,,,,,,,,
2022-08-30,Crystal Palace,Brentford,2.05,3.4,3.6,2.1,3.3,3.6,,,,2.11,3.47,3.83,2.12,3.49,3.78,E0 (4).csv,2.1,3.35,3.6,2.05,3.4,3.6,2.1,3.4,3.75,,,,,,,,,,,,,
2022-08-30,Fulham,Brighton,3.1,3.3,2.3,3.1,3.3,2.3,,,,3.26,3.44,2.36,3.36,3.29,2.38,E0 (4).csv,3.15,3.3,2.3,3.2,3.2,2.3,3.2,3.3,2.38,,,,,,,,,,,,,
2022-08-30,Southampton,Chelsea,5.25,4.0,1.61,5.0,4.0,1.63,,,,5.28,4.24,1.67,5.22,4.11,1.69,E0 (4).csv,5.5,3.95,1.63,5.25,4.0,1.62,5.5,4.0,1.65,,,,,,,,,,,,,
2022-08-30,Leeds,Everton,2.15,3.5,3.3,2.1,3.5,3.3,,,,2.16,3.61,3.53,2.17,3.65,3.49,E0 (4).csv,2.15,3.5,3.35,2.1,3.4,3.4,2.15,3.5,3.5,,,,,,,,,,,,,
2022-08-31,Liverpool,Newcastle,1.33,5.25,9.0,1.3,5.75,9.5,,,,1.33,5.89,9.75,1.29,6.26,10.61,E0 (4).csv,1.3,5.75,9.0,1.29,5.5,10.0,1.29,5.5,10.0,,,,,,,,,,,,,
2022-08-31,West Ham,Tottenham,3.6,3.8,1.95,3.4,3.6,1.95,,,,3.67,3.84,2.04,3.29,3.51,2.3,E0 (4).csv,3.55,3.7,2.0,3.7,3.6,1.95,3.6,3.5,1.95,,,,,,,,,,,,,
2022-08-31,Man City,Nott'm Forest,1.06,13.0,29.0,1.08,12.5,34.0,,,,1.08,13.43,31.06,1.1,12.5,26.0,E0 (4).csv,1.07,12.0,28.0,1.06,12.0,29.0,1.06,11.5,29.0,,,,,,,,,,,,,
2022-08-31,Bournemouth,Wolves,3.5,3.3,2.15,3.5,3.3,1.98,,,,3.52,3.43,2.24,3.4,3.32,2.34,E0 (4).csv,3.5,3.35,2.15,3.5,3.4,2.1,3.4,3.2,2.15,,,,,,,,,,,,,
2022-08-31,Arsenal,Aston Villa,1.45,4.5,6.0,1.46,4.5,7.0,,,,1.5,4.67,6.97,1.55,4.57,6.27,E0 (4).csv,1.47,4.6,6.75,1.44,4.4,7.0,1.4,4.4,7.5,,,,,,,,,,,,,
2022-09-01,Leicester,Man United,3.4,3.75,2.05,3.4,3.75,2.0,,,,3.45,3.86,2.11,3.2,3.76,2.25,E0 (4).csv,3.3,3.75,2.05,3.3,3.7,2.05,3.4,3.6,2.0,,,,,,,,,,,,,
2022-09-03,Everton,Liverpool,7.0,4.75,1.4,7.25,5.0,1.4,,,,8.08,5.21,1.41,7.8,5.4,1.4,E0 (4).csv,7.25,5.0,1.4,8.0,4.75,1.38,8.5,5.0,1.4,,,,,,,,,,,,,
2022-09-03,Brentford,Leeds,2.1,3.5,3.4,2.1,3.6,3.2,,,,2.21,3.59,3.44,2.17,3.57,3.55,E0 (4).csv,2.15,3.55,3.3,2.15,3.5,3.2,2.1,3.5,3.25,,,,,,,,,,,,,
2022-09-03,Chelsea,West Ham,1.55,4.5,5.5,1.51,4.2,6.25,,,,1.58,4.37,6.17,1.69,4.03,5.44,E0 (4).csv,1.53,4.4,6.0,1.53,4.2,5.8,1.5,4.2,6.0,,,,,,,,,,,,,
2022-09-03,Newcastle,Crystal Palace,2.0,3.5,3.75,2.0,3.4,3.75,,,,2.1,3.44,3.89,2.12,3.47,3.82,E0 (4).csv,2.05,3.45,3.7,2.0,3.4,3.7,2.0,3.3,3.75,,,,,,,,,,,,,
2022-09-03,Nott'm Forest,Bournemouth,1.95,3.5,3.8,2.0,3.4,3.8,,,,2.05,3.51,4.0,2.21,3.38,3.65,E0 (4).csv,2.0,3.45,3.8,2.0,3.4,3.8,1.95,3.3,3.9,,,,,,,,,,,,,
2022-09-03,Tottenham,Fulham,1.5,4.5,6.5,1.47,4.6,6.25,,,,1.52,4.63,6.51,1.54,4.62,6.24,E0 (4).csv,1.47,4.6,6.25,1.47,4.33,6.5,1.45,4.4,6.5,,,,,,,,,,,,,
2022-09-03,Wolves,Southampton,2.2,3.4,3.25,2.15,3.4,3.3,,,,2.3,3.41,3.41,2.14,3.53,3.68,E0 (4).csv,2.25,3.35,3.25,2.2,3.4,3.25,2.15,3.25,3.3,,,,,,,,,,,,,
2022-09-03,Aston Villa,Man City,8.0,5.5,1.33,8.0,5.25,1.35,,,,9.25,5.98,1.33,9.35,5.85,1.33,E0 (4).csv,8.25,5.5,1.33,9.0,5.25,1.32,9.0,5.25,1.3,,,,,,,,,,,,,
2022-09-04,Man United,Arsenal,2.5,3.5,2.7,2.55,3.5,2.55,,,,2.7,3.58,2.68,2.71,3.56,2.69,E0 (4).csv,2.55,3.55,2.65,2.5,3.5,2.7,2.5,3.5,2.6,,,,,,,,,,,,,
2022-09-04,Brighton,Leicester,1.83,3.5,4.5,1.88,3.6,4.0,,,,1.85,3.63,4.85,1.94,3.63,4.29,E0 (4).csv,1.9,3.6,4.2,1.83,3.4,4.5,1.8,3.5,4.4,,,,,,,,,,,,,
2022-09-16,Aston Villa,Southampton,2.1,3.5,3.5,2.0,3.5,3.6,,,,2.14,3.62,3.6,2.14,3.58,3.64,E0 (4).csv,2.1,3.45,3.5,2.05,3.5,3.5,2.1,3.4,3.4,,,,,,,,,,,,,
2022-09-16,Nott'm Forest,Fulham,2.75,3.3,2.62,2.75,3.4,2.5,,,,2.82,3.43,2.67,2.8,3.49,2.64,E0 (4).csv,2.75,3.35,2.6,2.75,3.4,2.5,2.7,3.3,2.55,,,,,,,,,,,,,
2022-09-17,Wolves,Man City,9.5,5.0,1.33,9.0,5.5,1.32,,,,9.3,5.52,1.36,9.25,5.65,1.35,E0 (4).csv,8.5,5.5,1.33,9.5,5.25,1.32,9.5,5.25,1.29,,,,,,,,,,,,,
2022-09-17,Newcastle,Bournemouth,1.44,4.4,7.5,1.46,4.33,7.25,,,,1.49,4.56,7.5,1.43,5.01,7.85,E0 (4).csv,1.5,4.4,6.75,1.44,4.2,7.5,1.4,4.33,7.5,,,,,,,,,,,,,
2022-09-17,Tottenham,Leicester,1.45,4.5,7.0,1.47,4.5,6.5,,,,1.52,4.46,7.04,1.56,4.45,6.38,E0 (4).csv,1.5,4.7,6.0,1.47,4.5,6.5,1.44,4.5,6.5,,,,,,,,,,,,,
2022-09-18,Brentford,Arsenal,4.2,3.8,1.8,4.2,3.75,1.82,,,,4.46,3.98,1.83,4.5,3.85,1.85,E0 (4).csv,4.2,3.85,1.8,4.2,3.8,1.78,4.33,3.8,1.75,,,,,,,,,,,,,
2022-09-18,Everton,West Ham,2.9,3.25,2.5,3.0,3.3,2.37,,,,2.96,3.39,2.57,2.95,3.35,2.6,E0 (4).csv,2.9,3.3,2.5,2.9,3.25,2.45,2.88,3.2,2.45,,,,,,,,,,,,,
2022-10-01,West Ham,Wolves,1.95,3.5,4.2,1.93,3.5,4.0,,,,2.01,3.42,4.31,2.07,3.36,4.01,E0 (4).csv,1.95,3.45,4.0,1.91,3.4,4.2,1.91,3.3,4.1,,,,,,,,,,,,,
2022-10-01,Southampton,Everton,2.15,3.4,3.4,2.15,3.3,3.3,,,,2.23,3.48,3.49,2.38,3.32,3.23,E0 (4).csv,2.2,3.35,3.4,2.15,3.4,3.3,2.1,3.3,3.4,,,,,,,,,,,,,
2022-10-01,Liverpool,Brighton,1.33,5.25,8.5,1.35,5.25,8.0,,,,1.38,5.49,8.42,1.49,4.76,6.85,E0 (4).csv,1.35,5.25,8.25,1.36,5.0,8.0,1.33,5.0,8.5,,,,,,,,,,,,,
2022-10-01,Fulham,Newcastle,3.0,3.4,2.37,3.0,3.4,2.3,,,,3.11,3.57,2.38,2.95,3.42,2.51,E0 (4).csv,3.0,3.4,2.35,3.0,3.3,2.35,3.0,3.3,2.3,,,,,,,,,,,,,
2022-10-01,Crystal Palace,Chelsea,4.2,3.6,1.85,4.2,3.6,1.83,,,,4.42,3.56,1.93,4.83,3.78,1.79,E0 (4).csv,4.2,3.55,1.9,4.2,3.6,1.83,4.2,3.4,1.85,,,,,,,,,,,,,
2022-10-01,Bournemouth,Brentford,3.3,3.4,2.2,3.3,3.4,2.15,,,,3.45,3.49,2.25,3.3,3.53,2.27,E0 (4).csv,3.25,3.4,2.2,3.3,3.4,2.15,3.3,3.3,2.15,,,,,,,,,,,,,
2022-10-01,Arsenal,Tottenham,2.05,3.75,3.3,2.05,3.7,3.4,,,,2.13,3.65,3.57,1.99,3.75,3.84,E0 (4).csv,2.1,3.7,3.3,2.05,3.5,3.5,2.0,3.6,3.5,,,,,,,,,,,,,
2022-10-02,Man City,Man United,1.33,5.75,7.5,1.34,5.5,7.75,,,,1.37,5.91,7.74,1.43,5.6,6.7,E0 (4).csv,1.35,5.75,7.75,1.33,5.25,8.5,1.3,5.25,9.0,,,,,,,,,,,,,
2022-10-02,Leeds,Aston Villa,2.35,3.4,3.0,2.37,3.4,2.87,,,,2.43,3.44,3.12,2.45,3.49,3.06,E0 (4).csv,2.35,3.45,2.95,2.35,3.4,2.9,2.25,3.4,3.0,,,,,,,,,,,,,
2022-10-03,Leicester,Nott'm Forest,1.75,4.0,4.33,1.73,3.9,4.5,,,,1.78,4.2,4.48,1.74,4.15,4.75,E0 (4).csv,1.75,4.0,4.3,1.73,3.9,4.4,1.7,3.8,4.5,,,,,,,,,,,,,
2022-10-08,Bournemouth,Leicester,3.6,3.4,2.05,3.3,3.6,2.05,,,,3.64,3.7,2.09,3.45,3.54,2.22,E0 (4).csv,3.4,3.55,2.1,3.5,3.6,2.0,3.5,3.4,2.05,,,,,,,,,,,,,
2022-10-08,Chelsea,Wolves,1.4,4.5,8.0,1.39,4.75,8.25,,,,1.41,4.92,8.68,1.53,4.36,7.03,E0 (4).csv,1.4,4.8,8.0,1.4,4.5,8.0,1.36,4.5,9.0,,,,,,,,,,,,,
2022-10-08,Man City,Southampton,1.11,10.0,17.0,1.12,10.5,20.0,,,,1.13,10.77,20.4,1.13,11.0,21.0,E0 (4).csv,1.12,10.0,19.0,1.1,9.0,23.0,1.08,10.0,23.0,,,,,,,,,,,,,
2022-10-08,Newcastle,Brentford,1.83,3.8,4.2,1.8,3.8,4.1,,,,1.81,3.99,4.55,1.69,4.05,5.35,E0 (4).csv,1.8,3.85,4.3,1.78,3.75,4.33,1.73,3.7,4.5,,,,,,,,,,,,,
2022-10-08,Brighton,Tottenham,2.8,3.4,2.5,2.65,3.5,2.5,,,,2.82,3.45,2.65,2.58,3.4,2.94,E0 (4).csv,2.75,3.45,2.55,2.7,3.4,2.5,2.7,3.3,2.5,,,,,,,,,,,,,
2022-10-09,Everton,Man United,3.6,3.5,2.05,3.5,3.5,2.05,,,,3.62,3.67,2.11,3.65,3.68,2.09,E0 (4).csv,3.45,3.5,2.1,3.5,3.5,2.05,3.5,3.4,2.05,,,,,,,,,,,,,
2022-10-09,Arsenal,Liverpool,2.5,3.6,2.62,2.5,3.7,2.55,,,,2.67,3.69,2.66,2.58,3.84,2.67,E0 (4).csv,2.5,3.65,2.6,2.5,3.6,2.6,2.5,3.6,2.55,,,,,,,,,,,,,
2022-10-09,Crystal Palace,Leeds,2.05,3.5,3.6,2.05,3.6,3.4,,,,2.06,3.68,3.76,2.09,3.62,3.73,E0 (4).csv,2.1,3.55,3.45,2.0,3.6,3.5,2.0,3.4,3.6,,,,,,,,,,,,,
2022-10-09,West Ham,Fulham,1.72,3.8,4.75,1.75,3.8,4.4,,,,1.79,3.9,4.82,1.63,4.11,5.89,E0 (4).csv,1.77,3.85,4.4,1.75,3.75,4.5,1.73,3.7,4.6,,,,,,,,,,,,,
2022-10-10,Nott'm Forest,Aston Villa,3.3,3.4,2.2,3.25,3.4,2.2,,,,3.4,3.6,2.22,3.79,3.64,2.03,E0 (4).csv,3.3,3.4,2.2,3.4,3.3,2.15,3.4,3.25,2.15,,,,,,,,,,,,,
2022-10-14,Brentford,Brighton,3.1,3.4,2.3,3.0,3.4,2.3,,,,3.32,3.52,2.29,3.35,3.53,2.27,E0 (4).csv,3.15,3.4,2.3,3.2,3.25,2.25,3.1,3.3,2.25,,,,,,,,,,,,,
2022-10-15,Leicester,Crystal Palace,2.3,3.4,3.1,2.25,3.5,3.1,,,,2.38,3.55,3.12,2.49,3.54,2.96,E0 (4).csv,2.3,3.45,3.1,2.25,3.4,3.1,2.25,3.3,3.1,,,,,,,,,,,,,
2022-10-15,Fulham,Bournemouth,1.85,3.75,4.0,1.87,3.7,4.0,,,,1.92,3.77,4.23,1.98,3.69,4.03,E0 (4).csv,1.9,3.65,4.0,1.88,3.6,4.0,1.83,3.5,4.2,,,,,,,,,,,,,
2022-10-15,Wolves,Nott'm Forest,1.7,3.75,5.0,1.68,3.8,5.0,,,,1.74,3.78,5.41,1.76,3.91,5.02,E0 (4).csv,1.73,3.75,4.9,1.7,3.7,5.0,1.67,3.6,5.25,,,,,,,,,,,,,
2022-10-15,Tottenham,Everton,1.5,4.5,6.5,1.49,4.4,6.25,,,,1.48,4.67,7.26,1.5,4.7,6.9,E0 (4).csv,1.5,4.5,6.5,1.47,4.2,7.0,1.44,4.2,7.0,,,,,,,,,,,,,
2022-10-16,Liverpool,Man City,3.6,4.0,1.9,3.5,4.0,1.9,,,,4.0,4.11,1.88,3.81,4.25,1.9,E0 (4).csv,3.6,4.1,1.9,3.7,3.9,1.88,3.6,3.9,1.87,,,,,,,,,,,,,
2022-10-16,Southampton,West Ham,2.9,3.4,2.4,2.9,3.3,2.4,,,,3.08,3.42,2.47,3.01,3.37,2.54,E0 (4).csv,2.9,3.4,2.45,2.88,3.4,2.38,2.9,3.3,2.38,,,,,,,,,,,,,
2022-10-16,Man United,Newcastle,1.95,3.8,3.5,2.0,3.7,3.5,,,,2.04,3.71,3.8,2.08,3.68,3.71,E0 (4).csv,2.0,3.75,3.55,1.95,3.7,3.6,1.95,3.6,3.6,,,,,,,,,,,,,
2022-10-16,Leeds,Arsenal,6.0,4.2,1.55,5.5,4.4,1.55,,,,6.23,4.49,1.56,4.97,4.22,1.7,E0 (4).csv,5.75,4.4,1.55,5.5,4.2,1.57,5.75,4.2,1.53,,,,,,,,,,,,,
2022-10-16,Aston Villa,Chelsea,4.33,3.75,1.8,4.33,3.7,1.8,,,,4.78,3.65,1.85,3.97,3.49,2.07,E0 (4).csv,4.4,3.7,1.8,4.4,3.6,1.8,4.6,3.6,1.75,,,,,,,,,,,,,
2022-10-18,Brighton,Nott'm Forest,1.4,4.75,7.0,1.41,4.75,7.5,,,,1.39,5.17,8.97,1.41,5.08,8.53,E0 (4).csv,1.45,4.7,6.75,1.4,4.5,8.0,1.36,4.6,8.5,,,,,,,,,,,,,
2022-10-18,Crystal Palace,Wolves,2.25,3.1,3.4,2.25,3.1,3.4,,,,2.32,3.21,3.58,2.13,3.39,3.89,E0 (4).csv,2.3,3.15,3.4,2.25,3.2,3.3,2.25,3.0,3.4,,,,,,,,,,,,,
2022-10-19,Bournemouth,Southampton,2.62,3.3,2.62,2.7,3.3,2.6,,,,2.76,3.4,2.74,2.71,3.3,2.86,E0 (4).csv,2.7,3.3,2.65,2.7,3.25,2.6,2.63,3.2,2.63,,,,,,,,,,,,,
2022-10-19,Brentford,Chelsea,4.75,3.8,1.72,4.75,3.8,1.71,,,,4.85,3.93,1.78,4.49,3.72,1.88,E0 (4).csv,4.7,3.85,1.73,4.6,3.75,1.73,4.75,3.7,1.7,,,,,,,,,,,,,
2022-10-19,Liverpool,West Ham,1.4,5.0,7.0,1.44,4.8,6.5,,,,1.45,5.1,7.08,1.44,5.05,7.4,E0 (4).csv,1.45,4.9,6.5,1.4,4.75,7.5,1.4,4.75,7.0,,,,,,,,,,,,,
2022-10-19,Newcastle,Everton,1.6,3.8,5.75,1.65,3.9,5.0,,,,1.65,4.06,5.81,1.66,4.06,5.74,E0 (4).csv,1.63,3.95,5.5,1.63,3.9,5.25,1.6,3.8,5.5,,,,,,,,,,,,,
2022-10-19,Man United,Tottenham,2.45,3.5,2.75,2.37,3.6,2.75,,,,2.49,3.59,2.93,2.43,3.55,3.05,E0 (4).csv,2.45,3.55,2.8,2.38,3.5,2.8,2.38,3.4,2.8,,,,,,,,,,,,,
2022-10-20,Fulham,Aston Villa,2.9,3.3,2.5,2.85,3.4,2.45,,,,2.94,3.47,2.54,3.03,3.47,2.47,E0 (4).csv,2.85,3.3,2.5,2.8,3.4,2.45,2.8,3.3,2.45,,,,,,,,,,,,,
2022-10-20,Leicester,Leeds,2.25,3.6,3.0,2.25,3.6,2.95,,,,2.36,3.65,3.08,2.37,3.64,3.05,E0 (4).csv,2.3,3.55,3.05,2.3,3.4,3.0,2.25,3.5,2.9,,,,,,,,,,,,,
2022-10-22,Chelsea,Man United,2.05,3.5,3.5,2.1,3.5,3.4,,,,2.15,3.54,3.64,2.17,3.65,3.62,E0 (4).csv,2.15,3.5,3.4,2.1,3.4,3.4,2.05,3.4,3.5,,,,,,,,,,,,,
2022-10-22,Man City,Brighton,1.2,7.0,13.0,1.2,7.25,13.0,,,,1.21,7.21,15.39,1.23,7.25,14.0,E0 (4).csv,1.22,6.75,13.0,1.2,6.5,15.0,1.18,6.5,15.0,,,,,,,,,,,,,
2022-10-22,Nott'm Forest,Liverpool,11.0,6.0,1.25,11.0,6.25,1.26,,,,11.14,5.8,1.3,9.5,5.5,1.36,E0 (4).csv,11.0,6.25,1.27,11.0,5.8,1.25,11.5,6.0,1.22,,,,,,,,,,,,,
2022-10-22,Everton,Crystal Palace,2.6,3.2,2.87,2.45,3.2,2.95,,,,2.69,3.19,2.97,2.54,3.18,3.18,E0 (4).csv,2.55,3.15,2.9,2.5,3.2,2.9,2.5,3.1,2.9,,,,,,,,,,,,,
2022-10-23,Aston Villa,Brentford,2.1,3.5,3.5,2.05,3.5,3.5,,,,2.23,3.46,3.51,2.08,3.57,3.81,E0 (4).csv,2.15,3.45,3.45,2.1,3.4,3.4,2.05,3.4,3.5,,,,,,,,,,,,,
2022-10-23,Leeds,Fulham,2.05,3.5,3.6,2.05,3.6,3.4,,,,2.06,3.69,3.75,2.1,3.81,3.51,E0 (4).csv,2.05,3.55,3.5,2.0,3.5,3.6,2.0,3.5,3.5,,,,,,,,,,,,,
2022-10-23,Southampton,Arsenal,6.0,4.0,1.57,5.25,4.2,1.58,,,,6.2,4.31,1.58,7.07,4.79,1.48,E0 (4).csv,5.5,4.3,1.57,5.5,4.0,1.6,5.75,4.1,1.53,,,,,,,,,,,,,
2022-10-23,Wolves,Leicester,2.25,3.25,3.25,2.25,3.4,3.2,,,,2.3,3.35,3.46,2.41,3.43,3.18,E0 (4).csv,2.3,3.35,3.15,2.25,3.3,3.2,2.25,3.3,3.13,,,,,,,,,,,,,
2022-10-23,Tottenham,Newcastle,2.05,3.5,3.5,2.05,3.6,3.4,,,,2.12,3.62,3.63,2.25,3.52,3.41,E0 (4).csv,2.1,3.55,3.45,2.05,3.5,3.5,2.05,3.4,3.5,,,,,,,,,,,,,
2022-10-24,West Ham,Bournemouth,1.55,4.0,6.0,1.55,4.2,5.75,,,,1.59,4.12,6.53,1.62,4.08,6.12,E0 (4).csv,1.55,4.1,6.0,1.55,4.0,6.0,1.53,3.9,6.0,,,,,,,,,,,,,
2022-10-29,Crystal Palace,Southampton,1.9,3.6,4.0,1.9,3.6,4.0,,,,1.96,3.62,4.22,2.08,3.47,3.94,E0 (4).csv,1.95,3.55,3.95,1.95,3.5,3.9,1.9,3.4,4.1,,,,,,,,,,,,,
2022-10-29,Newcastle,Aston Villa,1.8,3.75,4.5,1.83,3.7,4.1,,,,1.83,3.82,4.6,1.78,3.89,4.92,E0 (4).csv,1.8,3.7,4.3,1.8,3.6,4.33,1.75,3.5,4.5,,,,,,,,,,,,,
2022-10-29,Brighton,Chelsea,3.0,3.3,2.4,2.95,3.3,2.37,,,,3.17,3.43,2.41,3.17,3.37,2.44,E0 (4).csv,2.95,3.3,2.45,3.0,3.25,2.38,3.1,3.2,2.3,,,,,,,,,,,,,
2022-10-29,Fulham,Everton,2.37,3.4,3.0,2.35,3.4,3.0,,,,2.39,3.46,3.18,2.33,3.49,3.27,E0 (4).csv,2.35,3.4,3.0,2.3,3.4,3.0,2.3,3.3,3.0,,,,,,,,,,,,,
2022-10-29,Bournemouth,Tottenham,5.0,3.8,1.7,5.0,4.0,1.65,,,,5.41,3.85,1.72,5.18,3.79,1.75,E0 (4).csv,4.7,3.7,1.75,5.0,3.8,1.67,5.25,3.7,1.65,,,,,,,,,,,,,
2022-10-29,Liverpool,Leeds,1.3,6.0,9.0,1.3,6.0,9.0,,,,1.32,5.98,9.43,1.23,7.5,12.0,E0 (4).csv,1.3,6.25,8.75,1.3,5.5,9.0,1.25,6.0,9.5,,,,,,,,,,,,,
2022-10-29,Brentford,Wolves,2.2,3.4,3.3,2.15,3.5,3.25,,,,2.24,3.5,3.44,2.2,3.55,3.49,E0 (4).csv,2.2,3.45,3.25,2.15,3.3,3.4,2.15,3.3,3.3,,,,,,,,,,,,,
2022-10-29,Leicester,Man City,10.0,6.5,1.25,9.25,6.25,1.28,,,,9.62,5.93,1.32,7.75,5.2,1.42,E0 (4).csv,9.0,6.0,1.3,9.5,5.5,1.29,10.5,5.75,1.25,,,,,,,,,,,,,
2022-10-30,Man United,West Ham,1.66,4.0,4.8,1.68,4.0,4.6,,,,1.71,4.05,5.14,1.73,3.97,5.12,E0 (4).csv,1.7,4.0,4.7,1.7,3.9,4.75,1.65,3.8,5.0,,,,,,,,,,,,,
2022-10-30,Arsenal,Nott'm Forest,1.2,7.0,12.0,1.2,6.75,14.5,,,,1.2,7.4,16.85,1.22,7.25,13.5,E0 (4).csv,1.2,6.75,13.0,1.2,6.5,15.0,1.18,6.5,15.0,,,,,,,,,,,,,
2022-11-05,Nott'm Forest,Brentford,2.75,3.3,2.6,2.75,3.4,2.5,,,,2.83,3.43,2.66,2.7,3.24,2.92,E0 (4).csv,2.75,3.35,2.6,2.8,3.3,2.5,2.7,3.25,2.55,,,,,,,,,,,,,
2022-11-05,Wolves,Brighton,3.3,3.3,2.25,3.25,3.3,2.2,,,,3.49,3.33,2.3,3.64,3.33,2.24,E0 (4).csv,3.3,3.3,2.25,3.4,3.3,2.15,3.3,3.2,2.2,,,,,,,,,,,,,
2022-11-05,Everton,Leicester,2.4,3.3,3.0,2.4,3.3,2.95,,,,2.48,3.36,3.12,2.56,3.4,2.96,E0 (4).csv,2.4,3.3,3.0,2.35,3.3,3.0,2.38,3.2,3.0,,,,,,,,,,,,,
2022-11-05,Man City,Fulham,1.11,9.5,19.0,1.13,9.75,19.0,,,,1.13,10.33,22.62,1.18,8.5,16.0,E0 (4).csv,1.15,9.5,16.0,1.12,8.5,19.0,1.09,9.5,21.0,,,,,,,,,,,,,
2022-11-05,Leeds,Bournemouth,1.72,3.8,4.75,1.75,3.8,4.33,,,,1.74,3.99,5.08,1.65,4.22,5.52,E0 (4).csv,1.73,3.9,4.5,1.75,3.75,4.5,1.67,3.75,4.8,,,,,,,,,,,,,
2022-11-06,Chelsea,Arsenal,2.55,3.4,2.7,2.55,3.4,2.7,,,,2.72,3.5,2.71,2.71,3.48,2.69,E0 (4).csv,2.65,3.45,2.6,2.6,3.25,2.7,2.6,3.3,2.63,,,,,,,,,,,,,
2022-11-06,Aston Villa,Man United,3.3,3.8,2.1,3.4,3.4,2.1,,,,3.38,3.63,2.22,3.18,3.57,2.34,E0 (4).csv,3.4,3.5,2.15,3.4,3.5,2.1,3.3,3.4,2.1,,,,,,,,,,,,,
2022-11-06,Southampton,Newcastle,4.0,3.6,1.9,3.9,3.6,1.9,,,,4.22,3.71,1.93,4.49,3.8,1.85,E0 (4).csv,3.9,3.6,1.95,3.9,3.6,1.91,4.0,3.5,1.87,,,,,,,,,,,,,
2022-11-06,West Ham,Crystal Palace,1.9,3.4,4.2,1.9,3.5,4.0,,,,1.95,3.56,4.34,1.89,3.59,4.6,E0 (4).csv,1.95,3.5,4.1,1.88,3.4,4.2,1.87,3.4,4.2,,,,,,,,,,,,,
2022-11-06,Tottenham,Liverpool,3.3,3.6,2.1,3.2,3.6,2.15,,,,3.33,3.76,2.19,3.59,3.89,2.05,E0 (4).csv,3.25,3.6,2.15,3.25,3.5,2.15,3.25,3.5,2.1,,,,,,,,,,,,,
2022-11-12,Wolves,Arsenal,6.0,4.2,1.55,5.75,4.2,1.55,,,,6.5,4.3,1.56,6.54,4.22,1.57,E0 (4).csv,6.0,4.3,1.55,6.0,4.2,1.53,6.0,4.1,1.5,,,,,,,,,,,,,
2022-11-12,Newcastle,Chelsea,2.35,3.4,3.0,2.3,3.4,3.0,,,,2.36,3.53,3.18,2.17,3.46,3.67,E0 (4).csv,2.35,3.35,3.1,2.25,3.4,3.1,2.25,3.3,3.1,,,,,,,,,,,,,
2022-11-12,West Ham,Leicester,2.05,3.4,3.75,2.0,3.5,3.6,,,,2.14,3.56,3.64,1.99,3.68,4.03,E0 (4).csv,2.1,3.4,3.6,2.05,3.5,3.5,2.0,3.4,3.6,,,,,,,,,,,,,
2022-11-12,Nott'm Forest,Crystal Palace,3.1,3.1,2.45,3.0,3.2,2.4,,,,3.25,3.31,2.43,3.34,3.2,2.44,E0 (4).csv,3.05,3.15,2.45,3.1,3.2,2.38,3.1,3.13,2.38,,,,,,,,,,,,,
2022-11-12,Liverpool,Southampton,1.25,6.5,11.0,1.24,6.5,11.0,,,,1.26,6.49,11.55,1.28,6.66,9.77,E0 (4).csv,1.25,6.5,11.0,1.24,6.0,12.0,1.2,6.5,12.0,,,,,,,,,,,,,
2022-11-12,Bournemouth,Everton,2.8,3.25,2.6,2.85,3.2,2.55,,,,2.94,3.32,2.63,2.88,3.26,2.73,E0 (4).csv,2.85,3.2,2.6,2.8,3.1,2.6,2.8,3.13,2.55,,,,,,,,,,,,,
2022-11-12,Man City,Brentford,1.14,8.0,17.0,1.14,9.0,18.0,,,,1.15,9.28,20.24,1.15,9.0,19.5,E0 (4).csv,1.15,8.5,18.0,1.12,8.5,19.0,1.11,8.5,19.0,,,,,,,,,,,,,
2022-11-12,Tottenham,Leeds,1.65,4.2,4.75,1.61,4.2,5.0,,,,1.67,4.35,5.15,1.65,4.42,5.24,E0 (4).csv,1.63,4.2,4.9,1.6,4.2,5.0,1.62,4.0,5.0,,,,,,,,,,,,,
2022-11-13,Brighton,Aston Villa,1.83,3.75,4.2,1.85,3.5,4.2,,,,1.88,3.84,4.33,1.76,3.85,5.05,E0 (4).csv,1.85,3.65,4.2,1.85,3.5,4.2,1.8,3.5,4.33,,,,,,,,,,,,,
2022-11-13,Fulham,Man United,3.8,3.8,1.9,4.0,3.8,1.82,,,,4.0,4.02,1.91,4.29,3.9,1.87,E0 (4).csv,3.8,3.85,1.9,3.9,3.75,1.85,3.8,3.75,1.85,,,,,,,,,,,,,
2022-12-26,Brentford,Tottenham,4.0,3.6,1.91,3.7,3.7,1.95,,,,4.0,3.89,1.93,3.36,3.68,2.2,E0 (4).csv,3.85,3.65,1.95,3.75,3.6,1.95,3.8,3.5,1.91,,,,,,,,,,,,,
2022-12-26,Crystal Palace,Fulham,2.05,3.6,3.5,2.05,3.4,3.5,,,,2.09,3.66,3.68,2.29,3.55,3.3,E0 (4).csv,2.1,3.5,3.5,2.05,3.5,3.5,2.0,3.3,3.7,,,,,,,,,,,,,
2022-12-26,Everton,Wolves,2.3,3.25,3.2,2.3,3.25,3.1,,,,2.41,3.26,3.34,2.57,3.25,3.07,E0 (4).csv,2.35,3.25,3.2,2.3,3.2,3.2,2.3,3.13,3.2,,,,,,,,,,,,,
2022-12-26,Leicester,Newcastle,3.25,3.5,2.2,3.2,3.5,2.15,,,,3.36,3.64,2.22,3.47,3.51,2.23,E0 (4).csv,3.2,3.5,2.2,3.25,3.5,2.15,3.13,3.4,2.2,,,,,,,,,,,,,
2022-12-26,Southampton,Brighton,3.3,3.5,2.15,3.4,3.4,2.1,,,,3.5,3.6,2.18,3.83,3.52,2.08,E0 (4).csv,3.3,3.5,2.15,3.4,3.4,2.1,3.4,3.3,2.1,,,,,,,,,,,,,
2022-12-26,Aston Villa,Liverpool,4.75,4.0,1.7,4.5,4.1,1.7,,,,4.51,4.09,1.79,4.89,4.13,1.73,E0 (4).csv,4.5,3.85,1.75,4.6,4.0,1.7,4.4,3.8,1.73,,,,,,,,,,,,,
2022-12-26,Arsenal,West Ham,1.5,4.33,6.5,1.5,4.33,6.25,,,,1.52,4.48,6.85,1.57,4.3,6.43,E0 (4).csv,1.53,4.4,6.0,1.47,4.33,6.5,1.5,4.1,6.5,,,,,,,,,,,,,
2022-12-27,Chelsea,Bournemouth,1.3,5.5,10.0,1.32,5.5,9.0,,,,1.32,5.72,10.69,1.37,5.35,9.25,E0 (4).csv,1.33,5.5,9.0,1.32,5.0,9.5,1.29,5.0,10.0,,,,,,,,,,,,,
2022-12-27,Man United,Nott'm Forest,1.29,5.5,11.0,1.31,5.5,9.5,,,,1.31,5.7,11.66,1.36,5.5,9.2,E0 (4).csv,1.3,5.5,11.0,1.32,5.25,9.5,1.29,5.25,10.0,,,,,,,,,,,,,
2022-12-28,Leeds,Man City,9.5,6.0,1.29,9.0,6.0,1.3,,,,9.78,6.09,1.31,10.34,6.03,1.3,E0 (4).csv,8.75,6.0,1.3,9.5,5.5,1.29,10.5,5.75,1.25,,,,,,,,,,,,,
2022-12-30,Liverpool,Leicester,1.29,6.0,9.5,1.3,5.75,9.25,,,,1.31,6.08,9.55,1.26,6.43,12.34,E0 (4).csv,1.3,6.0,9.0,1.27,5.8,10.0,1.25,5.75,10.5,,,,,,,,,,,,,
2022-12-30,West Ham,Brentford,2.0,3.6,3.6,2.05,3.5,3.5,,,,2.08,3.66,3.73,2.15,3.65,3.53,E0 (4).csv,2.05,3.55,3.6,2.0,3.5,3.6,2.05,3.5,3.4,,,,,,,,,,,,,
2022-12-31,Bournemouth,Crystal Palace,2.8,3.3,2.5,2.85,3.25,2.5,,,,2.97,3.32,2.6,3.01,3.22,2.65,E0 (4).csv,2.85,3.25,2.5,2.9,3.2,2.5,2.88,3.13,2.5,,,,,,,,,,,,,
2022-12-31,Fulham,Southampton,1.95,3.6,3.75,1.98,3.6,3.6,,,,2.04,3.59,3.95,1.84,3.9,4.47,E0 (4).csv,2.0,3.6,3.65,2.0,3.5,3.6,1.95,3.6,3.6,,,,,,,,,,,,,
2022-12-31,Man City,Everton,1.13,9.0,19.0,1.13,8.25,21.0,,,,1.16,7.97,23.85,1.15,9.75,20.0,E0 (4).csv,1.12,8.75,20.0,1.11,8.5,23.0,1.09,9.0,23.0,,,,,,,,,,,,,
2022-12-31,Newcastle,Leeds,1.45,4.5,7.0,1.46,4.75,6.25,,,,1.49,4.8,6.8,1.46,4.87,6.94,E0 (4).csv,1.45,4.7,6.5,1.44,4.5,7.0,1.4,4.6,7.0,,,,,,,,,,,,,
2022-12-31,Brighton,Arsenal,3.4,3.5,2.1,3.4,3.5,2.1,,,,3.6,3.62,2.13,4.47,3.77,1.87,E0 (4).csv,3.4,3.45,2.15,3.4,3.5,2.1,3.4,3.4,2.1,,,,,,,,,,,,,
2022-12-31,Wolves,Man United,4.0,3.6,1.91,3.9,3.6,1.9,,,,4.16,3.71,1.94,4.12,3.69,1.96,E0 (4).csv,4.0,3.6,1.9,3.9,3.5,1.95,4.1,3.4,1.87,,,,,,,,,,,,,
2023-01-01,Tottenham,Aston Villa,1.67,4.0,5.0,1.65,4.0,4.8,,,,1.7,4.21,5.01,1.68,4.26,5.1,E0 (4).csv,1.67,4.0,4.9,1.65,3.9,5.0,1.62,3.8,5.25,,,,,,,,,,,,,
2023-01-01,Nott'm Forest,Chelsea,5.0,3.8,1.7,5.0,3.8,1.68,,,,5.43,3.98,1.7,5.8,4.2,1.63,E0 (4).csv,5.0,3.8,1.7,5.0,3.7,1.7,5.25,3.7,1.65,,,,,,,,,,,,,
2023-01-02,Brentford,Liverpool,5.5,4.33,1.55,5.5,4.4,1.53,,,,5.76,4.56,1.58,6.24,4.65,1.54,E0 (4).csv,5.5,4.5,1.55,5.5,4.33,1.53,5.5,4.33,1.53,,,,,,,,,,,,,
2023-01-03,Arsenal,Newcastle,1.8,3.8,4.33,1.8,3.6,4.4,,,,1.83,3.95,4.45,1.78,3.91,4.88,E0 (4).csv,1.83,3.75,4.2,1.78,3.7,4.4,1.75,3.7,4.4,,,,,,,,,,,,,
2023-01-03,Everton,Brighton,3.5,3.5,2.1,3.5,3.4,2.05,,,,3.67,3.51,2.15,3.23,3.39,2.43,E0 (4).csv,3.45,3.4,2.15,3.5,3.4,2.1,3.6,3.3,2.05,,,,,,,,,,,,,
2023-01-03,Leicester,Fulham,2.2,3.6,3.1,2.15,3.5,3.2,,,,2.26,3.73,3.2,2.36,3.67,3.06,E0 (4).csv,2.25,3.55,3.1,2.2,3.5,3.1,2.15,3.5,3.13,,,,,,,,,,,,,
2023-01-03,Man United,Bournemouth,1.29,5.5,11.0,1.28,6.0,10.0,,,,1.29,6.02,10.83,1.29,6.05,11.5,E0 (4).csv,1.3,6.0,10.0,1.29,5.5,10.0,1.25,5.5,11.0,,,,,,,,,,,,,
2023-01-04,Crystal Palace,Tottenham,3.4,3.5,2.15,3.3,3.4,2.15,,,,3.39,3.58,2.23,3.32,3.47,2.31,E0 (4).csv,3.35,3.4,2.2,3.4,3.4,2.1,3.25,3.4,2.15,,,,,,,,,,,,,
2023-01-04,Aston Villa,Wolves,1.95,3.6,4.0,2.0,3.5,3.6,,,,1.99,3.76,3.93,1.95,3.58,4.32,E0 (4).csv,2.0,3.5,3.8,1.95,3.4,3.9,1.93,3.3,4.0,,,,,,,,,,,,,
2023-01-04,Southampton,Nott'm Forest,2.0,3.5,3.8,1.98,3.4,3.8,,,,2.1,3.52,3.82,2.43,3.37,3.19,E0 (4).csv,2.05,3.45,3.75,2.05,3.3,3.75,2.0,3.3,3.8,,,,,,,,,,,,,
2023-01-04,Leeds,West Ham,2.6,3.5,2.6,2.6,3.5,2.55,,,,2.65,3.59,2.73,2.93,3.45,2.56,E0 (4).csv,2.6,3.45,2.65,2.6,3.5,2.55,2.55,3.4,2.6,,,,,,,,,,,,,
2023-01-05,Chelsea,Man City,5.0,4.0,1.67,5.0,3.9,1.66,,,,5.6,4.19,1.65,5.44,4.19,1.67,E0 (4).csv,5.0,3.95,1.67,5.0,3.9,1.65,5.25,3.8,1.62,,,,,,,,,,,,,
2023-01-12,Fulham,Chelsea,3.3,3.5,2.15,3.3,3.5,2.15,,,,3.43,3.6,2.21,4.07,3.48,2.04,E0 (4).csv,3.25,3.45,2.2,3.2,3.4,2.2,3.3,3.4,2.1,,,,,,,,,,,,,
2023-01-13,Aston Villa,Leeds,1.91,3.6,4.0,1.93,3.5,3.9,,,,1.96,3.7,4.11,2.05,3.66,3.89,E0 (4).csv,1.95,3.6,3.85,1.95,3.5,3.9,1.87,3.6,3.9,,,,,,,,,,,,,
2023-01-14,Brentford,Bournemouth,1.65,4.0,5.25,1.63,4.0,5.25,,,,1.69,4.14,5.23,1.61,4.15,6.25,E0 (4).csv,1.65,4.0,5.25,1.63,3.9,5.25,1.62,3.8,5.25,,,,,,,,,,,,,
2023-01-14,Wolves,West Ham,2.63,3.3,2.7,2.65,3.3,2.65,,,,2.75,3.29,2.82,2.54,3.17,3.19,E0 (4).csv,2.65,3.25,2.7,2.62,3.2,2.7,2.63,3.1,2.7,,,,,,,,,,,,,
2023-01-14,Nott'm Forest,Leicester,2.7,3.3,2.63,2.7,3.4,2.5,,,,2.74,3.46,2.72,2.8,3.2,2.84,E0 (4).csv,2.7,3.3,2.65,2.62,3.3,2.62,2.63,3.25,2.63,,,,,,,,,,,,,
2023-01-14,Brighton,Liverpool,3.4,3.6,2.1,3.3,3.7,2.05,,,,3.39,3.74,2.17,2.9,3.81,2.41,E0 (4).csv,3.25,3.65,2.15,3.25,3.6,2.1,3.2,3.7,2.05,,,,,,,,,,,,,
2023-01-14,Man United,Man City,4.2,3.6,1.85,4.2,3.9,1.78,,,,4.26,3.98,1.86,4.18,4.02,1.91,E0 (4).csv,4.1,3.75,1.85,4.2,3.8,1.8,4.2,3.7,1.8,,,,,,,,,,,,,
2023-01-14,Everton,Southampton,2.25,3.25,3.3,2.2,3.3,3.3,,,,2.28,3.48,3.36,2.42,3.26,3.31,E0 (4).csv,2.25,3.3,3.3,2.25,3.3,3.2,2.2,3.2,3.3,,,,,,,,,,,,,
2023-01-15,Chelsea,Crystal Palace,1.62,4.0,5.25,1.63,3.8,5.5,,,,1.68,3.96,5.64,1.88,3.5,4.8,E0 (4).csv,1.65,3.85,5.25,1.63,3.75,5.5,1.62,3.7,5.5,,,,,,,,,,,,,
2023-01-15,Newcastle,Fulham,1.5,4.33,6.5,1.53,4.2,6.0,,,,1.53,4.55,6.52,1.47,4.74,7.33,E0 (4).csv,1.53,4.4,6.0,1.5,4.2,6.5,1.5,4.1,6.5,,,,,,,,,,,,,
2023-01-15,Tottenham,Arsenal,3.1,3.6,2.2,3.3,3.6,2.1,,,,3.34,3.71,2.21,3.4,3.59,2.22,E0 (4).csv,3.2,3.55,2.2,3.25,3.5,2.15,3.2,3.4,2.15,,,,,,,,,,,,,
2023-01-18,Crystal Palace,Man United,4.5,3.6,1.8,4.33,3.7,1.8,,,,4.62,3.87,1.82,5.4,3.98,1.7,E0 (4).csv,4.5,3.7,1.8,4.5,3.6,1.78,4.6,3.6,1.75,,,,,,,,,,,,,
2023-01-19,Man City,Tottenham,1.36,5.0,8.5,1.37,5.25,7.75,,,,1.39,5.58,7.8,1.51,4.75,6.55,E0 (4).csv,1.37,5.5,7.75,1.35,5.0,8.5,1.33,5.0,8.5,,,,,,,,,,,,,
2023-01-21,Bournemouth,Nott'm Forest,2.75,3.1,2.75,2.7,3.2,2.65,,,,2.86,3.15,2.82,2.93,3.22,2.71,E0 (4).csv,2.75,3.15,2.7,2.7,3.1,2.7,2.7,3.0,2.7,,,,,,,,,,,,,
2023-01-21,Leicester,Brighton,3.6,3.5,2.05,3.5,3.6,2.05,,,,3.61,3.71,2.1,4.35,4.06,1.83,E0 (4).csv,3.45,3.6,2.1,3.5,3.5,2.05,3.5,3.5,2.0,,,,,,,,,,,,,
2023-01-21,Crystal Palace,Newcastle,4.4,3.5,1.85,4.1,3.5,1.88,,,,4.52,3.57,1.92,4.66,3.64,1.87,E0 (4).csv,4.3,3.5,1.9,4.33,3.5,1.83,4.4,3.4,1.83,,,,,,,,,,,,,
2023-01-21,Liverpool,Chelsea,1.85,3.75,4.0,1.87,3.75,3.9,,,,1.89,3.88,4.2,2.07,3.57,3.84,E0 (4).csv,1.9,3.75,3.95,1.85,3.7,4.0,1.83,3.7,4.0,,,,,,,,,,,,,
2023-01-21,Southampton,Aston Villa,2.88,3.25,2.55,2.8,3.4,2.45,,,,2.96,3.4,2.57,2.66,3.26,2.95,E0 (4).csv,2.85,3.3,2.5,2.8,3.3,2.5,2.8,3.2,2.5,,,,,,,,,,,,,
2023-01-21,West Ham,Everton,1.8,3.75,4.75,1.77,3.7,4.5,,,,1.82,3.65,5.0,1.88,3.55,4.75,E0 (4).csv,1.8,3.65,4.6,1.78,3.5,4.75,1.73,3.5,4.8,,,,,,,,,,,,,
2023-01-22,Leeds,Brentford,2.38,3.6,2.88,2.35,3.6,2.85,,,,2.39,3.72,2.99,2.37,3.61,3.09,E0 (4).csv,2.4,3.55,2.85,2.35,3.5,2.88,2.3,3.5,2.88,,,,,,,,,,,,,
2023-01-22,Man City,Wolves,1.2,8.0,11.0,1.19,7.25,14.5,,,,1.2,7.65,14.95,1.27,6.25,12.25,E0 (4).csv,1.2,7.0,14.0,1.18,7.0,15.0,1.17,7.0,15.0,,,,,,,,,,,,,
2023-01-22,Arsenal,Man United,1.8,3.8,4.2,1.87,3.7,4.0,,,,1.88,3.92,4.19,1.86,3.9,4.34,E0 (4).csv,1.85,3.8,4.0,1.88,3.6,4.0,1.83,3.75,3.9,,,,,,,,,,,,,
2023-01-23,Fulham,Tottenham,3.3,3.6,2.1,3.1,3.6,2.15,,,,3.33,3.88,2.15,3.33,3.86,2.16,E0 (4).csv,3.2,3.65,2.15,3.25,3.6,2.1,3.25,3.5,2.1,,,,,,,,,,,,,
2023-02-03,Chelsea,Fulham,1.62,4.0,5.25,1.66,3.9,5.0,,,,1.65,4.11,5.79,1.61,4.18,6.09,E0 (4).csv,1.67,3.85,5.25,1.62,3.8,5.5,1.57,3.9,5.75,,,,,,,,,,,,,
2023-02-04,Everton,Arsenal,8.5,4.5,1.4,7.5,4.75,1.41,,,,8.93,4.84,1.41,8.0,4.28,1.5,E0 (4).csv,7.75,4.7,1.4,8.0,4.5,1.4,8.5,4.6,1.36,,,,,,,,,,,,,
2023-02-04,Aston Villa,Leicester,1.95,3.6,3.8,2.0,3.5,3.7,,,,2.02,3.63,3.95,2.13,3.5,3.73,E0 (4).csv,2.0,3.55,3.75,1.95,3.6,3.75,1.93,3.5,3.8,,,,,,,,,,,,,
2023-02-04,Brentford,Southampton,1.85,3.6,4.2,1.88,3.6,4.0,,,,1.92,3.68,4.36,1.82,3.7,4.89,E0 (4).csv,1.9,3.6,4.1,1.85,3.5,4.2,1.85,3.5,4.2,,,,,,,,,,,,,
2023-02-04,Brighton,Bournemouth,1.33,5.25,8.5,1.35,5.0,9.0,,,,1.35,5.42,9.88,1.39,5.25,8.25,E0 (4).csv,1.35,5.25,8.5,1.33,4.8,9.5,1.3,5.0,10.0,,,,,,,,,,,,,
2023-02-04,Man United,Crystal Palace,1.4,4.75,8.0,1.4,4.75,7.75,,,,1.41,4.91,8.97,1.39,5.11,9.13,E0 (4).csv,1.4,4.7,8.0,1.4,4.5,8.0,1.36,4.5,8.5,,,,,,,,,,,,,
2023-02-04,Wolves,Liverpool,4.0,3.8,1.85,3.9,3.7,1.88,,,,4.14,3.93,1.89,3.98,3.79,1.97,E0 (4).csv,3.85,3.8,1.9,4.0,3.7,1.85,4.1,3.6,1.83,,,,,,,,,,,,,
2023-02-04,Newcastle,West Ham,1.6,3.8,6.0,1.62,3.8,5.5,,,,1.63,3.97,6.3,1.67,3.93,5.81,E0 (4).csv,1.63,3.85,5.75,1.6,3.75,6.0,1.57,3.75,6.0,,,,,,,,,,,,,
2023-02-05,Nott'm Forest,Leeds,2.63,3.3,2.7,2.6,3.3,2.7,,,,2.69,3.46,2.76,2.85,3.46,2.62,E0 (4).csv,2.6,3.35,2.7,2.6,3.4,2.62,2.55,3.3,2.7,,,,,,,,,,,,,
2023-02-05,Tottenham,Man City,4.33,4.2,1.73,4.33,4.0,1.72,,,,4.44,4.23,1.78,4.03,3.91,1.93,E0 (4).csv,4.3,4.1,1.73,4.4,4.0,1.73,4.5,3.9,1.7,,,,,,,,,,,,,
2023-02-08,Man United,Leeds,1.45,5.0,6.0,1.47,4.6,6.25,,,,1.48,4.98,6.69,1.56,4.49,6.11,E0 (4).csv,1.47,4.7,6.0,1.47,4.5,6.5,1.44,4.5,6.5,,,,,,,,,,,,,
2023-02-11,West Ham,Chelsea,3.3,3.3,2.25,3.3,3.2,2.25,,,,3.43,3.37,2.3,3.51,3.38,2.27,E0 (4).csv,3.35,3.2,2.25,3.3,3.2,2.25,3.4,3.1,2.2,,,,,,,,,,,,,
2023-02-11,Arsenal,Brentford,1.44,4.75,7.0,1.43,4.5,7.5,,,,1.47,4.77,7.32,1.58,4.25,6.35,E0 (4).csv,1.45,4.6,7.0,1.42,4.5,7.5,1.4,4.5,7.5,,,,,,,,,,,,,
2023-02-11,Crystal Palace,Brighton,3.8,3.5,2.0,3.6,3.4,2.05,,,,3.9,3.56,2.06,5.15,3.79,1.76,E0 (4).csv,3.75,3.45,2.05,3.7,3.4,2.0,3.8,3.3,2.0,,,,,,,,,,,,,
2023-02-11,Fulham,Nott'm Forest,1.91,3.5,4.33,1.88,3.5,4.1,,,,1.94,3.57,4.37,1.97,3.52,4.33,E0 (4).csv,1.9,3.5,4.2,1.91,3.5,4.0,1.85,3.4,4.2,,,,,,,,,,,,,
2023-02-11,Leicester,Tottenham,3.4,3.6,2.1,3.3,3.6,2.1,,,,3.46,3.7,2.16,3.57,3.76,2.1,E0 (4).csv,3.35,3.5,2.15,3.3,3.6,2.1,3.3,3.5,2.1,,,,,,,,,,,,,
2023-02-11,Southampton,Wolves,2.9,3.2,2.55,2.87,3.1,2.55,,,,3.16,3.18,2.55,3.26,3.18,2.5,E0 (4).csv,2.9,3.15,2.55,3.0,3.1,2.5,2.9,3.1,2.5,,,,,,,,,,,,,
2023-02-11,Bournemouth,Newcastle,6.5,4.0,1.53,6.25,4.0,1.55,,,,6.53,4.08,1.6,6.1,4.05,1.63,E0 (4).csv,6.25,4.0,1.55,6.5,3.9,1.55,6.5,3.8,1.53,,,,,,,,,,,,,
2023-02-12,Leeds,Man United,3.75,3.8,1.91,3.8,3.8,1.88,,,,3.98,3.87,1.94,3.81,3.9,1.98,E0 (4).csv,3.75,3.8,1.9,3.7,3.7,1.91,3.75,3.7,1.87,,,,,,,,,,,,,
2023-02-12,Man City,Aston Villa,1.25,6.5,11.0,1.24,6.5,12.0,,,,1.26,6.66,11.78,1.37,5.25,9.0,E0 (4).csv,1.25,6.5,11.0,1.24,6.0,12.0,1.2,6.5,13.0,,,,,,,,,,,,,
2023-02-13,Liverpool,Everton,1.5,4.33,6.5,1.53,4.2,6.0,,,,1.55,4.48,6.39,1.62,4.3,5.75,E0 (4).csv,1.53,4.4,6.0,1.52,4.2,6.0,1.5,4.2,6.0,,,,,,,,,,,,,
2023-02-15,Arsenal,Man City,2.9,3.5,2.35,2.85,3.4,2.4,,,,2.95,3.6,2.46,3.36,3.52,2.27,E0 (4).csv,2.9,3.3,2.45,2.88,3.4,2.4,2.88,3.3,2.3,,,,,,,,,,,,,
2023-02-18,Nott'm Forest,Man City,8.5,5.5,1.3,10.0,5.5,1.3,,,,10.3,5.67,1.33,10.5,5.4,1.33,E0 (4).csv,9.5,5.75,1.3,10.0,5.5,1.29,10.5,5.25,1.25,,,,,,,,,,,,,
2023-02-18,Newcastle,Liverpool,2.5,3.5,2.7,2.45,3.5,2.75,,,,2.57,3.58,2.82,2.56,3.52,2.88,E0 (4).csv,2.5,3.45,2.7,2.5,3.4,2.7,2.5,3.3,2.63,,,,,,,,,,,,,
2023-02-18,Wolves,Bournemouth,1.67,3.6,6.0,1.65,3.8,5.25,,,,1.69,3.86,5.78,1.83,3.62,4.98,E0 (4).csv,1.67,3.75,5.5,1.67,3.7,5.25,1.62,3.5,5.5,,,,,,,,,,,,,
2023-02-18,Chelsea,Southampton,1.4,4.75,8.5,1.38,4.6,9.0,,,,1.4,4.78,9.69,1.43,4.68,8.24,E0 (4).csv,1.4,4.6,8.25,1.38,4.5,9.0,1.33,4.4,9.5,,,,,,,,,,,,,
2023-02-18,Brighton,Fulham,1.65,3.8,5.5,1.65,4.0,5.0,,,,1.66,4.16,5.46,1.56,4.42,6.39,E0 (4).csv,1.67,4.0,4.9,1.67,3.8,5.0,1.62,3.8,5.0,,,,,,,,,,,,,
2023-02-18,Brentford,Crystal Palace,1.83,3.5,4.5,1.87,3.5,4.33,,,,1.85,3.62,4.84,1.83,3.62,4.96,E0 (4).csv,1.85,3.5,4.4,1.85,3.4,4.4,1.8,3.3,4.4,,,,,,,,,,,,,
2023-02-18,Aston Villa,Arsenal,4.5,3.6,1.5,4.5,3.6,1.78,,,,4.54,3.8,1.85,4.24,3.63,1.95,E0 (4).csv,4.3,3.6,1.85,4.33,3.6,1.8,4.33,3.4,1.8,,,,,,,,,,,,,
2023-02-18,Everton,Leeds,2.4,3.3,3.0,2.4,3.3,2.95,,,,2.53,3.36,3.03,2.82,3.28,2.78,E0 (4).csv,2.45,3.3,2.95,2.45,3.25,2.9,2.38,3.13,2.9,,,,,,,,,,,,,
2023-02-19,Man United,Leicester,1.62,4.33,5.25,1.6,4.2,5.25,,,,1.65,4.34,5.37,1.58,4.53,5.87,E0 (4).csv,1.6,4.3,5.0,1.6,4.2,5.0,1.57,4.0,5.0,,,,,,,,,,,,,
2023-02-19,Tottenham,West Ham,1.75,3.6,4.75,1.77,3.7,4.5,,,,1.87,3.76,4.47,1.88,3.53,4.72,E0 (4).csv,1.8,3.7,4.3,1.83,3.6,4.2,1.75,3.5,4.33,,,,,,,,,,,,,
2023-02-24,Fulham,Wolves,2.5,3.2,3.0,2.5,3.1,2.9,,,,2.59,3.26,3.04,2.68,3.15,3.02,E0 (4).csv,2.5,3.2,2.95,2.5,3.2,2.9,2.45,3.0,2.88,,,,,,,,,,,,,
2023-02-25,Everton,Aston Villa,2.5,3.2,3.0,2.45,3.2,2.95,,,,2.59,3.25,3.05,2.61,3.15,3.12,E0 (4).csv,2.5,3.15,2.95,2.5,3.2,2.9,2.45,3.0,2.9,,,,,,,,,,,,,
2023-02-25,Leeds,Southampton,1.95,3.5,4.0,1.98,3.5,3.7,,,,2.02,3.62,3.97,1.96,3.78,4.03,E0 (4).csv,1.97,3.5,3.8,1.95,3.5,3.8,1.93,3.3,3.8,,,,,,,,,,,,,
2023-02-25,Leicester,Arsenal,4.75,4.0,1.7,4.6,4.0,1.7,,,,4.93,4.15,1.72,6.02,4.31,1.6,E0 (4).csv,4.6,4.1,1.7,4.6,3.9,1.7,4.6,3.8,1.65,,,,,,,,,,,,,
2023-02-25,West Ham,Nott'm Forest,1.75,3.6,5.0,1.75,3.6,4.8,,,,1.81,3.63,5.16,1.71,3.84,5.6,E0 (4).csv,1.77,3.6,4.8,1.78,3.5,4.8,1.7,3.4,5.0,,,,,,,,,,,,,
2023-02-25,Bournemouth,Man City,10.0,5.75,1.29,10.0,5.75,1.28,,,,9.67,5.74,1.3,10.1,5.11,1.36,E0 (4).csv,11.0,5.75,1.3,11.0,5.5,1.27,10.5,5.25,1.25,,,,,,,,,,,,,
2023-02-25,Crystal Palace,Liverpool,4.75,3.8,1.73,4.6,3.9,1.72,,,,4.86,3.99,1.76,5.08,4.12,1.71,E0 (4).csv,4.6,3.9,1.73,4.5,3.75,1.75,4.6,3.6,1.7,,,,,,,,,,,,,
2023-02-26,Tottenham,Chelsea,2.55,3.25,2.9,2.45,3.3,2.85,,,,2.59,3.36,2.96,3.04,3.33,2.54,E0 (4).csv,2.5,3.3,2.9,2.5,3.2,2.88,2.45,3.13,2.8,,,,,,,,,,,,,
2023-03-01,Arsenal,Everton,1.36,4.75,10.0,1.34,5.0,9.25,,,,1.38,5.01,9.1,1.34,5.21,10.65,E0 (4).csv,1.35,5.0,8.75,1.32,5.0,9.5,1.3,4.6,9.5,,,,,,,,,,,,,
2023-03-01,Liverpool,Wolves,1.5,4.75,6.0,1.47,4.5,6.5,,,,1.5,4.63,6.68,1.53,4.44,6.43,E0 (4).csv,1.5,4.6,6.25,1.47,4.33,7.0,1.44,4.2,6.5,,,,,,,,,,,,,
2023-03-04,Man City,Newcastle,1.45,4.5,7.0,1.44,4.6,7.0,,,,1.52,4.6,6.5,1.51,4.55,6.65,E0 (4).csv,1.47,4.6,6.75,1.44,4.4,7.0,1.44,4.2,6.5,,,,,,,,,,,,,
2023-03-04,Southampton,Leicester,2.75,3.3,2.6,2.7,3.3,2.6,,,,2.85,3.3,2.67,2.98,3.36,2.57,E0 (4).csv,2.65,3.1,2.6,2.7,3.25,2.6,2.7,3.13,2.55,,,,,,,,,,,,,
2023-03-04,Wolves,Tottenham,3.3,3.4,2.2,3.25,3.3,2.2,,,,3.32,3.41,2.31,3.35,3.34,2.37,E0 (4).csv,3.25,3.3,2.25,3.3,3.3,2.2,3.2,3.13,2.2,,,,,,,,,,,,,
2023-03-04,Arsenal,Bournemouth,1.22,7.0,12.0,1.21,6.5,14.0,,,,1.22,6.83,13.69,1.23,6.75,14.0,E0 (4).csv,1.22,6.75,14.0,1.2,6.5,13.0,1.17,6.0,15.0,,,,,,,,,,,,,
2023-03-04,Brighton,West Ham,1.8,3.6,4.5,1.78,3.6,4.5,,,,1.78,3.88,4.75,1.68,4.0,5.54,E0 (4).csv,1.8,3.7,4.4,1.75,3.7,4.5,1.73,3.5,4.5,,,,,,,,,,,,,
2023-03-04,Aston Villa,Crystal Palace,2.05,3.3,3.8,2.05,3.3,3.75,,,,2.08,3.37,3.99,2.15,3.38,3.82,E0 (4).csv,2.1,3.1,3.65,2.05,3.3,3.8,2.0,3.1,3.8,,,,,,,,,,,,,
2023-03-04,Chelsea,Leeds,1.62,4.0,5.5,1.62,3.9,5.5,,,,1.65,4.05,5.62,1.6,4.2,6.11,E0 (4).csv,1.63,3.95,5.25,1.63,3.9,5.25,1.57,3.75,5.5,,,,,,,,,,,,,
2023-03-05,Nott'm Forest,Everton,2.7,3.0,2.88,2.65,3.0,2.85,,,,2.7,3.11,2.98,3.1,3.1,2.66,E0 (4).csv,2.65,3.05,2.9,2.62,3.0,2.88,2.6,2.9,2.8,,,,,,,,,,,,,
2023-03-05,Liverpool,Man United,2.38,3.6,2.88,2.37,3.6,2.8,,,,2.39,3.76,2.91,2.43,3.66,2.97,E0 (4).csv,2.4,3.6,2.8,2.38,3.6,2.75,2.3,3.5,2.8,,,,,,,,,,,,,
2023-03-06,Brentford,Fulham,1.95,3.6,3.75,2.0,3.6,3.5,,,,2.0,3.76,3.82,2.08,3.6,3.8,E0 (4).csv,2.0,3.6,3.65,2.0,3.5,3.6,1.93,3.4,3.7,,,,,,,,,,,,,
2023-03-11,Bournemouth,Liverpool,7.5,5.0,1.4,6.75,4.75,1.43,,,,7.07,5.07,1.44,6.98,5.15,1.45,E0 (4).csv,6.75,4.9,1.43,7.0,4.6,1.42,7.0,4.5,1.4,,,,,,,,,,,,,
2023-03-11,Everton,Brentford,2.7,3.25,2.7,2.65,3.1,2.75,,,,2.75,3.23,2.82,2.7,3.15,2.99,E0 (4).csv,2.7,3.2,2.75,2.62,3.2,2.7,2.63,3.0,2.7,,,,,,,,,,,,,
2023-03-11,Leeds,Brighton,3.75,3.6,1.95,3.9,3.5,1.93,,,,3.94,3.76,1.96,4.47,3.8,1.85,E0 (4).csv,3.7,3.6,2.0,3.75,3.6,1.95,3.7,3.4,1.93,,,,,,,,,,,,,
2023-03-11,Leicester,Chelsea,3.75,3.5,1.95,3.7,3.5,1.98,,,,3.9,3.61,2.02,4.1,3.75,1.95,E0 (4).csv,3.75,3.55,1.97,3.7,3.5,2.0,3.8,3.3,1.93,,,,,,,,,,,,,
2023-03-11,Tottenham,Nott'm Forest,1.44,4.75,7.0,1.42,4.75,7.5,,,,1.45,4.69,7.8,1.47,4.63,7.65,E0 (4).csv,1.45,4.6,7.0,1.42,4.4,7.5,1.4,4.2,7.5,,,,,,,,,,,,,
2023-03-11,Crystal Palace,Man City,9.0,4.75,1.36,9.25,5.0,1.34,,,,9.18,5.2,1.37,10.05,5.17,1.35,E0 (4).csv,8.5,5.25,1.35,9.0,5.0,1.33,9.5,4.75,1.3,,,,,,,,,,,,,
2023-03-12,West Ham,Aston Villa,2.2,3.3,3.4,2.2,3.3,3.3,,,,2.25,3.4,3.45,2.42,3.28,3.29,E0 (4).csv,2.25,3.35,3.3,2.2,3.3,3.3,2.15,3.2,3.25,,,,,,,,,,,,,
2023-03-12,Man United,Southampton,1.36,5.0,9.0,1.35,5.25,8.5,,,,1.34,5.33,10.01,1.28,6.28,10.69,E0 (4).csv,1.35,5.0,8.5,1.33,5.0,9.0,1.3,4.8,9.0,,,,,,,,,,,,,
2023-03-12,Newcastle,Wolves,1.65,3.75,5.5,1.66,3.8,5.25,,,,1.68,3.88,5.55,1.66,3.96,5.91,E0 (4).csv,1.65,3.8,5.5,1.67,3.7,5.25,1.62,3.5,5.5,,,,,,,,,,,,,
2023-03-12,Fulham,Arsenal,6.0,4.0,1.57,5.5,4.1,1.6,,,,6.02,4.23,1.59,7.83,4.9,1.43,E0 (4).csv,5.5,4.1,1.6,5.8,4.0,1.57,5.75,3.9,1.53,,,,,,,,,,,,,
2023-03-15,Brighton,Crystal Palace,1.44,4.2,8.0,1.46,4.33,7.0,,,,1.47,4.51,7.72,1.39,5.23,9.54,E0 (4).csv,1.45,4.5,7.25,1.44,4.2,7.5,1.4,4.2,7.5,,,,,,,,,,,,,
2023-03-15,Southampton,Brentford,2.88,3.25,2.5,2.9,3.3,2.45,,,,3.05,3.36,2.49,3.31,3.27,2.42,E0 (4).csv,2.9,3.25,2.5,2.9,3.25,2.45,2.88,3.13,2.4,,,,,,,,,,,,,
2023-03-17,Nott'm Forest,Newcastle,5.5,3.8,1.62,5.25,3.8,1.65,,,,5.81,3.87,1.68,5.48,3.7,1.75,E0 (4).csv,5.5,3.8,1.65,5.5,3.7,1.65,5.75,3.7,1.62,,,,,,,,,,,,,
2023-03-18,Aston Villa,Bournemouth,1.7,3.8,5.0,1.68,3.9,5.0,,,,1.74,3.88,5.11,1.74,3.95,5.13,E0 (4).csv,1.73,3.6,4.6,1.7,3.75,4.8,1.67,3.7,5.0,,,,,,,,,,,,,
2023-03-18,Brentford,Leicester,1.91,3.6,3.75,1.93,3.6,3.9,,,,1.95,3.79,3.94,1.9,3.84,4.21,E0 (4).csv,1.95,3.65,3.75,1.95,3.6,3.75,1.91,3.5,3.9,,,,,,,,,,,,,
2023-03-18,Southampton,Tottenham,4.75,3.6,1.75,4.4,3.6,1.8,,,,4.62,3.78,1.82,4.62,3.73,1.85,E0 (4).csv,4.5,3.6,1.8,4.5,3.5,1.8,4.75,3.5,1.75,,,,,,,,,,,,,
2023-03-18,Wolves,Leeds,2.25,3.2,3.3,2.2,3.2,3.4,,,,2.3,3.25,3.5,2.32,3.34,3.43,E0 (4).csv,2.3,3.25,3.3,2.25,3.2,3.25,2.2,3.13,3.4,,,,,,,,,,,,,
2023-03-18,Chelsea,Everton,1.5,4.2,7.5,1.47,4.1,7.5,,,,1.5,4.19,7.95,1.52,4.14,7.71,E0 (4).csv,1.5,4.2,7.0,1.47,4.0,7.5,1.45,4.0,8.0,,,,,,,,,,,,,
2023-03-19,Arsenal,Crystal Palace,1.25,5.5,15.0,1.26,5.75,12.0,,,,1.26,6.02,12.73,1.27,6.12,12.21,E0 (4).csv,1.25,5.75,12.0,1.24,5.5,15.0,1.22,5.75,13.0,,,,,,,,,,,,,
2023-04-01,Man City,Liverpool,1.62,4.2,5.0,1.61,4.1,5.25,,,,1.66,4.22,5.26,1.67,4.25,5.3,E0 (4).csv,1.63,4.3,4.9,1.62,4.0,5.25,1.6,4.0,5.25,,,,,,,,,,,,,
2023-04-01,Arsenal,Leeds,1.29,6.0,9.0,1.29,5.75,10.0,,,,1.29,5.97,10.92,1.27,6.75,10.5,E0 (4).csv,1.3,5.75,10.0,1.27,5.5,11.0,1.25,5.75,11.0,,,,,,,,,,,,,
2023-04-01,Bournemouth,Fulham,2.55,3.3,2.8,2.5,3.2,2.85,,,,2.56,3.44,2.89,2.61,3.32,2.97,E0 (4).csv,2.55,3.2,2.9,2.55,3.25,2.75,2.55,3.2,2.8,,,,,,,,,,,,,
2023-04-01,Brighton,Brentford,1.67,4.0,5.0,1.65,3.9,5.0,,,,1.67,4.18,5.16,1.64,4.34,5.57,E0 (4).csv,1.65,4.0,5.25,1.65,3.9,5.0,1.62,3.9,5.25,,,,,,,,,,,,,
2023-04-01,Crystal Palace,Leicester,2.5,3.25,2.9,2.5,3.25,2.87,,,,2.56,3.28,3.02,2.37,3.39,3.27,E0 (4).csv,2.55,3.25,2.85,2.5,3.2,2.88,2.5,3.13,2.9,,,,,,,,,,,,,
2023-04-01,Nott'm Forest,Wolves,3.0,3.1,2.55,2.85,3.1,2.6,,,,3.01,3.16,2.64,3.44,3.16,2.41,E0 (4).csv,2.95,3.15,2.55,2.88,3.1,2.55,2.9,3.0,2.6,,,,,,,,,,,,,
2023-04-01,Chelsea,Aston Villa,1.67,3.8,5.25,1.66,3.75,5.25,,,,1.69,3.83,5.57,1.63,4.09,6.06,E0 (4).csv,1.65,3.85,5.5,1.67,3.7,5.25,1.62,3.75,5.5,,,,,,,,,,,,,
2023-04-02,West Ham,Southampton,1.73,3.6,5.0,1.73,3.5,5.0,,,,1.77,3.89,4.82,1.77,3.8,4.94,E0 (4).csv,1.75,3.6,4.9,1.73,3.6,5.0,1.7,3.6,5.0,,,,,,,,,,,,,
2023-04-02,Newcastle,Man United,2.4,3.4,2.9,2.45,3.4,2.85,,,,2.4,3.55,3.03,2.32,3.63,3.17,E0 (4).csv,2.45,3.3,2.9,2.38,3.4,2.88,2.38,3.3,2.9,,,,,,,,,,,,,
2023-04-03,Everton,Tottenham,3.4,3.3,2.2,3.4,3.3,2.15,,,,3.44,3.45,2.24,3.97,3.51,2.06,E0 (4).csv,3.4,3.3,2.2,3.5,3.2,2.15,3.4,3.25,2.15,,,,,,,,,,,,,
2023-04-04,Bournemouth,Brighton,6.0,4.2,1.53,5.75,4.2,1.55,,,,6.16,4.37,1.58,5.99,4.37,1.59,E0 (4).csv,5.5,4.1,1.6,6.0,4.0,1.55,6.5,4.1,1.53,,,,,,,,,,,,,
2023-04-04,Leeds,Nott'm Forest,1.7,3.75,5.0,1.75,3.6,4.75,,,,1.72,3.97,5.23,1.72,3.94,5.22,E0 (4).csv,1.7,3.8,4.9,1.73,3.6,5.0,1.7,3.75,5.25,,,,,,,,,,,,,
2023-04-04,Leicester,Aston Villa,2.55,3.3,2.75,2.5,3.3,2.75,,,,2.68,3.4,2.82,2.74,3.5,2.7,E0 (4).csv,2.55,3.4,2.8,2.45,3.4,2.8,2.6,3.3,2.75,,,,,,,,,,,,,
2023-04-04,Chelsea,Liverpool,2.2,3.4,3.25,2.2,3.4,3.2,,,,2.26,3.51,3.4,2.23,3.47,3.5,E0 (4).csv,2.35,3.45,3.05,2.25,3.3,3.2,2.2,3.4,3.3,,,,,,,,,,,,,
2023-04-05,Man United,Brentford,1.65,4.0,5.0,1.63,4.2,4.8,,,,1.67,4.23,5.09,1.65,4.31,5.48,E0 (4).csv,1.63,4.1,5.25,1.63,4.0,5.0,1.62,3.9,5.25,,,,,,,,,,,,,
2023-04-05,West Ham,Newcastle,3.6,3.25,2.15,3.4,3.5,2.1,,,,3.63,3.46,2.15,3.49,3.33,2.3,E0 (4).csv,3.35,3.45,2.15,3.5,3.3,2.15,3.6,3.2,2.1,,,,,,,,,,,,,
2023-04-08,Southampton,Man City,11.0,6.0,1.25,12.0,6.0,1.25,,,,12.65,6.46,1.24,12.0,6.4,1.26,E0 (4).csv,11.0,5.75,1.27,13.0,5.8,1.24,13.0,6.0,1.22,,,,,,,,,,,,,
2023-04-08,Wolves,Chelsea,4.2,3.5,1.91,4.0,3.4,1.93,,,,4.28,3.58,1.93,5.08,3.7,1.79,E0 (4).csv,3.9,3.35,2.0,4.2,3.3,1.95,4.2,3.3,1.91,,,,,,,,,,,,,
2023-04-08,Tottenham,Brighton,2.55,3.5,2.7,2.55,3.5,2.65,,,,2.58,3.68,2.72,2.83,3.51,2.61,E0 (4).csv,2.55,3.5,2.7,2.5,3.5,2.7,2.5,3.4,2.7,,,,,,,,,,,,,
2023-04-08,Leicester,Bournemouth,1.83,3.75,4.2,1.85,3.7,4.0,,,,1.91,3.76,4.18,2.12,3.51,3.75,E0 (4).csv,1.9,3.75,4.0,1.83,3.6,4.2,1.85,3.6,4.1,,,,,,,,,,,,,
2023-04-08,Fulham,West Ham,2.8,3.25,2.63,2.65,3.25,2.7,,,,2.81,3.33,2.69,2.89,3.29,2.69,E0 (4).csv,2.8,3.25,2.6,2.75,3.2,2.62,2.75,3.13,2.63,,,,,,,,,,,,,
2023-04-08,Brentford,Newcastle,3.6,3.4,2.05,3.4,3.4,2.1,,,,3.58,3.58,2.13,4.28,3.58,1.96,E0 (4).csv,3.5,3.45,2.1,3.7,3.3,2.05,3.6,3.3,2.05,,,,,,,,,,,,,
2023-04-08,Aston Villa,Nott'm Forest,1.6,4.2,5.25,1.6,4.0,5.5,,,,1.64,4.16,5.5,1.6,4.25,6.12,E0 (4).csv,1.63,4.1,5.5,1.6,3.8,5.8,1.57,3.9,5.75,,,,,,,,,,,,,
2023-04-08,Man United,Everton,1.5,4.33,6.5,1.49,4.33,6.5,,,,1.52,4.42,6.88,1.61,4.2,6.0,E0 (4).csv,1.5,4.4,6.5,1.47,4.2,7.0,1.45,4.33,7.0,,,,,,,,,,,,,
2023-04-09,Leeds,Crystal Palace,2.1,3.4,3.6,2.05,3.4,3.6,,,,2.14,3.48,3.67,2.09,3.53,3.82,E0 (4).csv,2.15,3.4,3.5,2.1,3.25,3.6,2.1,3.2,3.6,,,,,,,,,,,,,
2023-04-09,Liverpool,Arsenal,2.88,3.6,2.38,2.7,3.7,2.4,,,,2.82,3.81,2.44,2.8,3.71,2.51,E0 (4).csv,2.75,3.65,2.45,2.7,3.6,2.4,2.75,3.6,2.38,,,,,,,,,,,,,
2023-04-15,Man City,Leicester,1.14,8.5,15.0,1.16,8.25,17.5,,,,1.16,8.82,16.85,1.13,10.25,19.5,E0 (4).csv,1.17,7.75,16.0,1.14,7.5,19.0,1.12,8.5,19.0,,,,,,,,,,,,,
2023-04-15,Wolves,Brentford,2.45,3.1,3.0,2.4,3.25,3.0,,,,2.57,3.26,3.01,2.9,3.19,2.75,E0 (4).csv,2.5,3.15,3.0,2.45,3.1,3.0,2.5,3.1,2.9,,,,,,,,,,,,,
2023-04-15,Tottenham,Bournemouth,1.45,4.5,7.0,1.44,4.6,6.75,,,,1.49,4.68,6.8,1.52,4.52,6.6,E0 (4).csv,1.47,4.7,6.5,1.47,4.33,7.0,1.44,4.4,7.0,,,,,,,,,,,,,
2023-04-15,Southampton,Crystal Palace,2.8,3.1,2.7,2.75,3.2,2.6,,,,2.88,3.19,2.73,2.93,3.17,2.75,E0 (4).csv,2.75,3.15,2.7,2.75,3.2,2.6,2.75,3.1,2.63,,,,,,,,,,,,,
2023-04-15,Everton,Fulham,2.05,3.4,3.7,2.05,3.3,3.75,,,,2.08,3.48,3.85,2.26,3.36,3.55,E0 (4).csv,2.1,3.35,3.65,2.05,3.25,3.8,2.0,3.25,3.9,,,,,,,,,,,,,
2023-04-15,Chelsea,Brighton,2.63,3.4,2.63,2.6,3.3,2.7,,,,2.67,3.52,2.72,3.12,3.42,2.45,E0 (4).csv,2.7,3.35,2.65,2.62,3.3,2.62,2.63,3.3,2.63,,,,,,,,,,,,,
2023-04-15,Aston Villa,Newcastle,3.6,3.4,2.05,3.5,3.3,2.1,,,,3.71,3.47,2.13,3.71,3.48,2.15,E0 (4).csv,3.5,3.35,2.15,3.6,3.3,2.1,3.5,3.3,2.1,,,,,,,,,,,,,
2023-04-16,West Ham,Arsenal,6.0,4.2,1.55,5.75,4.1,1.57,,,,6.14,4.29,1.57,5.72,4.3,1.61,E0 (4).csv,5.75,4.2,1.57,5.8,4.0,1.57,6.0,4.1,1.53,,,,,,,,,,,,,
2023-04-16,Nott'm Forest,Man United,5.5,4.0,1.62,5.0,3.9,1.65,,,,5.07,4.01,1.71,5.14,4.06,1.7,E0 (4).csv,5.0,3.95,1.67,5.0,3.8,1.67,5.0,3.9,1.65,,,,,,,,,,,,,
2023-04-17,Leeds,Liverpool,4.2,4.2,1.73,4.33,4.1,1.72,,,,4.39,4.42,1.74,4.48,4.44,1.73,E0 (4).csv,4.3,4.2,1.73,4.33,4.0,1.73,4.5,3.9,1.7,,,,,,,,,,,,,
2023-04-21,Arsenal,Southampton,1.2,7.0,13.0,1.2,7.0,14.0,,,,1.21,7.62,14.32,1.22,7.26,14.16,E0 (4).csv,1.22,6.75,13.0,1.18,7.0,15.0,1.18,7.0,17.0,,,,,,,,,,,,,
2023-04-22,Liverpool,Nott'm Forest,1.17,7.5,17.0,1.17,7.75,16.0,,,,1.19,7.71,15.51,1.17,8.5,16.5,E0 (4).csv,1.2,7.25,14.0,1.17,7.0,17.0,1.14,7.5,18.0,,,,,,,,,,,,,
2023-04-22,Leicester,Wolves,2.38,3.3,3.0,2.4,3.25,3.0,,,,2.46,3.31,3.14,2.45,3.4,3.13,E0 (4).csv,2.45,3.3,3.0,2.4,3.2,3.0,2.4,3.2,3.0,,,,,,,,,,,,,
2023-04-22,Crystal Palace,Everton,2.05,3.2,3.75,2.05,3.25,3.7,,,,2.15,3.28,3.87,1.98,3.4,4.48,E0 (4).csv,2.1,3.25,3.65,2.1,3.2,3.75,2.1,3.13,3.8,,,,,,,,,,,,,
2023-04-22,Brentford,Aston Villa,2.5,3.25,2.88,2.45,3.3,2.85,,,,2.55,3.51,2.85,2.72,3.33,2.83,E0 (4).csv,2.5,3.3,2.85,2.5,3.3,2.8,2.5,3.25,2.8,,,,,,,,,,,,,
2023-04-22,Fulham,Leeds,2.3,3.4,3.1,2.3,3.4,3.0,,,,2.44,3.47,3.03,2.39,3.48,3.11,E0 (4).csv,2.4,3.3,3.0,2.35,3.4,2.9,2.38,3.4,3.0,,,,,,,,,,,,,
2023-04-23,Bournemouth,West Ham,2.88,3.2,2.55,2.8,3.25,2.5,,,,2.85,3.3,2.68,3.03,3.34,2.55,E0 (4).csv,2.85,3.25,2.55,2.8,3.2,2.55,2.8,3.13,2.6,,,,,,,,,,,,,
2023-04-23,Newcastle,Tottenham,1.83,3.75,4.2,1.83,3.7,4.1,,,,1.84,3.94,4.31,1.93,3.82,4.11,E0 (4).csv,1.85,3.75,4.1,1.85,3.7,4.0,1.8,3.6,4.33,,,,,,,,,,,,,
2023-04-25,Wolves,Crystal Palace,2.45,3.2,3.0,2.45,3.1,3.0,,,,2.56,3.15,3.13,2.34,3.05,3.82,E0 (4).csv,2.4,3.2,3.05,2.5,3.0,3.1,2.5,3.1,3.1,,,,,,,,,,,,,
2023-04-25,Aston Villa,Fulham,1.75,4.0,4.2,1.8,3.75,4.2,,,,1.8,3.99,4.45,1.77,3.84,4.99,E0 (4).csv,1.77,3.8,4.4,1.8,3.6,4.4,1.75,3.8,4.6,,,,,,,,,,,,,
2023-04-25,Leeds,Leicester,2.3,3.5,3.0,2.25,3.5,3.0,,,,2.39,3.59,3.02,2.42,3.6,3.02,E0 (4).csv,2.3,3.55,3.0,2.35,3.4,2.9,2.38,3.5,2.9,,,,,,,,,,,,,
2023-04-26,Man City,Arsenal,1.55,4.5,5.25,1.55,4.4,5.5,,,,1.57,4.52,5.71,1.68,4.17,5.2,E0 (4).csv,1.55,4.5,5.5,1.52,4.33,5.8,1.53,4.2,5.75,,,,,,,,,,,,,
2023-04-26,West Ham,Liverpool,3.9,3.9,1.85,3.8,3.7,1.9,,,,4.07,3.97,1.88,3.64,3.89,2.04,E0 (4).csv,3.85,3.8,1.9,3.9,3.7,1.88,3.9,3.7,1.85,,,,,,,,,,,,,
2023-04-26,Chelsea,Brentford,1.7,4.0,4.75,1.7,3.75,5.0,,,,1.73,3.93,5.06,1.88,3.69,4.55,E0 (4).csv,1.73,3.9,4.6,1.67,3.8,5.0,1.67,3.6,5.25,,,,,,,,,,,,,
2023-04-26,Nott'm Forest,Brighton,6.0,4.2,1.53,6.0,4.33,1.53,,,,6.12,4.42,1.56,5.83,4.37,1.59,E0 (4).csv,5.75,4.4,1.53,6.0,4.2,1.52,6.5,4.1,1.5,,,,,,,,,,,,,
2023-04-27,Everton,Newcastle,4.75,3.6,1.73,4.5,3.6,1.78,,,,5.03,3.83,1.75,4.71,3.73,1.84,E0 (4).csv,4.7,3.65,1.75,4.75,3.5,1.78,5.0,3.5,1.73,,,,,,,,,,,,,
2023-04-27,Southampton,Bournemouth,2.25,3.4,3.2,2.25,3.4,3.1,,,,2.34,3.49,3.19,2.62,3.26,3.0,E0 (4).csv,2.3,3.4,3.1,2.25,3.3,3.2,2.25,3.25,3.2,,,,,,,,,,,,,
2023-04-27,Tottenham,Man United,2.8,3.6,2.4,2.85,3.5,2.37,,,,2.81,3.72,2.48,2.95,3.91,2.34,E0 (4).csv,2.8,3.55,2.45,2.8,3.5,2.38,2.75,3.5,2.4,,,,,,,,,,,,,
2023-04-29,Crystal Palace,West Ham,2.63,3.25,2.75,2.6,3.2,2.75,,,,2.73,3.24,2.83,2.56,3.26,3.08,E0 (4).csv,2.65,3.2,2.8,2.7,3.1,2.7,2.7,3.1,2.8,,,,,,,,,,,,,
2023-04-29,Brentford,Nott'm Forest,1.65,3.8,5.5,1.63,3.9,5.25,,,,1.68,3.92,5.54,1.77,3.8,5.02,E0 (4).csv,1.65,3.9,5.25,1.65,3.7,5.5,1.62,3.8,5.5,,,,,,,,,,,,,
2023-04-29,Brighton,Wolves,1.5,4.33,6.5,1.5,4.33,6.5,,,,1.51,4.48,6.75,1.64,4.17,5.66,E0 (4).csv,1.5,4.4,6.25,1.47,4.2,7.0,1.45,4.2,7.0,,,,,,,,,,,,,
2023-04-30,Liverpool,Tottenham,1.53,4.5,5.75,1.52,4.5,5.75,,,,1.54,4.97,5.51,1.54,4.98,5.65,E0 (4).csv,1.53,4.7,5.5,1.52,4.5,5.5,1.5,4.5,5.75,,,,,,,,,,,,,
2023-04-30,Newcastle,Southampton,1.3,5.25,10.0,1.32,5.25,9.5,,,,1.33,5.71,9.61,1.25,6.41,12.44,E0 (4).csv,1.33,5.5,9.5,1.32,5.0,10.0,1.29,5.25,10.5,,,,,,,,,,,,,
2023-04-30,Fulham,Man City,12.0,6.0,1.25,11.0,6.25,1.26,,,,11.97,6.48,1.25,11.62,6.36,1.26,E0 (4).csv,12.0,6.25,1.25,12.0,5.8,1.24,12.0,6.0,1.22,,,,,,,,,,,,,
2023-04-30,Bournemouth,Leeds,2.55,3.5,2.7,2.55,3.4,2.7,,,,2.65,3.57,2.69,2.51,3.43,3.01,E0 (4).csv,2.6,3.4,2.7,2.55,3.4,2.7,2.55,3.4,2.63,,,,,,,,,,,,,
2023-04-30,Man United,Aston Villa,1.73,3.9,4.6,1.75,3.8,4.4,,,,1.81,4.03,4.34,1.76,4.05,4.72,E0 (4).csv,1.75,3.95,4.4,1.78,3.75,4.33,1.75,3.8,4.33,,,,,,,,,,,,,
2023-05-01,Leicester,Everton,2.0,3.5,3.75,2.05,3.4,3.6,,,,2.04,3.48,3.98,2.06,3.48,4.01,E0 (4).csv,2.05,3.45,3.65,2.05,3.3,3.7,2.0,3.3,3.8,,,,,,,,,,,,,
2023-05-02,Arsenal,Chelsea,1.6,4.0,5.5,1.6,4.1,5.5,,,,1.59,4.32,5.96,1.63,4.17,5.71,E0 (4).csv,1.6,4.2,5.5,1.57,4.0,5.8,1.55,4.2,6.0,,,,,,,,,,,,,
2023-05-03,Liverpool,Fulham,1.25,5.75,11.0,1.26,6.25,10.5,,,,1.27,6.5,10.02,1.32,6.15,8.79,E0 (4).csv,1.25,6.25,11.0,1.25,5.8,11.0,1.22,6.0,12.0,,,,,,,,,,,,,
2023-05-03,Man City,West Ham,1.2,7.0,13.0,1.21,7.0,13.0,,,,1.21,7.27,13.54,1.17,8.33,17.25,E0 (4).csv,1.2,7.25,13.0,1.18,7.0,15.0,1.17,7.0,15.0,,,,,,,,,,,,,
2023-05-04,Brighton,Man United,1.95,3.5,3.75,2.0,3.8,3.4,,,,2.05,3.84,3.57,2.18,3.86,3.27,E0 (4).csv,2.05,3.8,3.3,2.0,3.7,3.4,2.0,3.75,3.4,,,,,,,,,,,,,
2023-05-06,Liverpool,Brentford,1.44,5.0,6.0,1.47,4.8,6.0,,,,1.49,5.09,6.17,1.43,5.39,6.91,E0 (4).csv,1.45,4.9,6.25,1.47,4.6,6.0,1.44,4.6,6.5,,,,,,,,,,,,,
2023-05-06,Wolves,Aston Villa,2.88,3.3,2.5,2.87,3.2,2.5,,,,3.06,3.31,2.51,3.19,3.4,2.41,E0 (4).csv,2.95,3.2,2.5,3.0,3.2,2.45,2.9,3.13,2.5,,,,,,,,,,,,,
2023-05-06,Tottenham,Crystal Palace,1.8,3.8,4.2,1.8,3.9,4.0,,,,1.84,3.98,4.24,1.82,3.94,4.53,E0 (4).csv,1.8,3.9,4.1,1.78,3.75,4.33,1.75,3.7,4.4,,,,,,,,,,,,,
2023-05-06,Bournemouth,Chelsea,3.3,3.5,2.15,3.3,3.4,2.15,,,,3.46,3.55,2.19,3.62,3.67,2.11,E0 (4).csv,3.3,3.35,2.2,3.4,3.4,2.1,3.4,3.3,2.1,,,,,,,,,,,,,
2023-05-06,Man City,Leeds,1.17,8.5,15.0,1.16,8.25,16.0,,,,1.18,8.6,14.23,1.17,8.75,17.0,E0 (4).csv,1.2,8.0,11.0,1.15,7.5,17.0,1.13,8.0,17.0,,,,,,,,,,,,,
2023-05-07,Newcastle,Arsenal,2.45,3.75,2.63,2.5,3.6,2.6,,,,2.51,3.8,2.73,2.32,3.77,3.07,E0 (4).csv,2.4,3.65,2.8,2.5,3.6,2.62,2.45,3.5,2.7,,,,,,,,,,,,,
2023-05-07,West Ham,Man United,3.4,3.75,2.05,3.4,3.6,2.05,,,,3.57,3.78,2.07,3.64,3.76,2.05,E0 (4).csv,3.35,3.65,2.1,3.3,3.6,2.1,3.4,3.6,2.05,,,,,,,,,,,,,
2023-05-08,Fulham,Leicester,2.63,3.5,2.6,2.7,3.4,2.55,,,,2.71,3.61,2.62,2.72,3.49,2.72,E0 (4).csv,2.65,3.4,2.6,2.6,3.5,2.55,2.63,3.4,2.55,,,,,,,,,,,,,
2023-05-08,Brighton,Everton,1.33,5.25,9.0,1.35,5.5,7.75,,,,1.38,5.34,8.38,1.37,5.55,8.52,E0 (4).csv,1.35,5.5,8.0,1.33,5.0,9.0,1.33,5.0,9.0,,,,,,,,,,,,,
2023-05-08,Nott'm Forest,Southampton,2.1,3.6,3.4,2.05,3.4,3.5,,,,2.17,3.6,3.45,2.03,3.61,3.93,E0 (4).csv,2.15,3.5,3.35,2.1,3.4,3.5,2.1,3.3,3.5,,,,,,,,,,,,,
2023-05-13,Southampton,Fulham,2.75,3.3,2.5,2.8,3.3,2.5,,,,2.84,3.56,2.54,2.74,3.57,2.65,E0 (4).csv,2.85,3.4,2.45,2.88,3.3,2.45,2.75,3.3,2.5,,,,,,,,,,,,,
2023-05-13,Crystal Palace,Bournemouth,1.83,3.6,4.2,1.87,3.6,4.1,,,,1.88,3.82,4.24,1.81,3.78,4.9,E0 (4).csv,1.9,3.6,3.95,1.83,3.6,4.2,1.83,3.6,4.2,,,,,,,,,,,,,
2023-05-13,Man United,Wolves,1.36,5.0,7.5,1.38,5.0,7.75,,,,1.38,5.24,8.6,1.39,5.39,8.1,E0 (4).csv,1.37,4.9,8.0,1.36,4.8,8.5,1.33,5.0,9.0,,,,,,,,,,,,,
2023-05-13,Aston Villa,Tottenham,2.25,3.6,2.9,2.3,3.5,3.0,,,,2.34,3.72,3.01,2.24,3.79,3.2,E0 (4).csv,2.3,3.5,3.0,2.2,3.5,3.1,2.25,3.5,3.0,,,,,,,,,,,,,
2023-05-13,Leeds,Newcastle,4.33,4.2,1.7,4.5,4.2,1.68,,,,4.62,4.33,1.71,5.16,4.5,1.63,E0 (4).csv,4.6,4.2,1.7,4.6,4.0,1.7,4.8,4.0,1.7,,,,,,,,,,,,,
2023-05-13,Chelsea,Nott'm Forest,1.5,4.5,6.0,1.5,4.33,6.25,,,,1.51,4.47,6.88,1.57,4.38,5.75,E0 (4).csv,1.53,4.4,6.0,1.5,4.2,6.5,1.45,4.2,7.0,,,,,,,,,,,,,
2023-05-14,Brentford,West Ham,2.0,3.5,3.6,2.0,3.5,3.6,,,,2.06,3.65,3.71,1.83,3.7,4.79,E0 (4).csv,2.05,3.55,3.55,2.05,3.4,3.6,2.0,3.4,3.7,,,,,,,,,,,,,
2023-05-14,Everton,Man City,9.0,4.75,1.36,8.5,5.25,1.35,,,,8.95,5.45,1.36,8.35,5.27,1.39,E0 (4).csv,9.0,4.8,1.37,9.0,4.8,1.35,9.0,5.0,1.33,,,,,,,,,,,,,
2023-05-14,Arsenal,Brighton,1.73,4.2,4.2,1.77,4.0,4.1,,,,1.78,4.36,4.21,1.74,4.39,4.48,E0 (4).csv,1.75,4.0,4.3,1.73,4.0,4.33,1.73,4.0,4.2,,,,,,,,,,,,,
2023-05-15,Leicester,Liverpool,5.25,4.33,1.57,5.25,4.4,1.58,,,,4.99,4.74,1.61,4.63,4.27,1.74,E0 (4).csv,5.0,4.5,1.57,5.0,4.4,1.57,5.25,4.33,1.55,,,,,,,,,,,,,
2023-05-18,Newcastle,Brighton,2.0,3.8,3.5,1.95,3.7,3.6,,,,2.06,3.95,3.44,1.8,4.2,4.33,E0 (4).csv,1.97,3.65,3.65,2.0,3.7,3.4,1.95,3.7,3.5,,,,,,,,,,,,,
2023-05-20,Wolves,Everton,2.75,3.3,2.6,2.7,3.4,2.55,,,,2.81,3.36,2.67,3.24,3.58,2.37,E0 (4).csv,2.75,3.35,2.6,2.7,3.25,2.6,2.7,3.2,2.6,,,,,,,,,,,,,
2023-05-20,Nott'm Forest,Arsenal,5.25,4.33,1.57,5.25,4.4,1.57,,,,5.37,4.47,1.61,5.28,4.23,1.66,E0 (4).csv,4.4,4.3,1.7,5.5,4.33,1.55,5.5,4.2,1.55,,,,,,,,,,,,,
2023-05-20,Liverpool,Aston Villa,1.45,5.0,6.25,1.47,4.75,6.0,,,,1.5,5.07,5.94,1.48,5.0,6.46,E0 (4).csv,1.47,4.8,6.0,1.47,4.5,6.5,1.44,4.6,6.5,,,,,,,,,,,,,
2023-05-20,Fulham,Crystal Palace,2.45,3.4,2.9,2.37,3.4,2.87,,,,2.49,3.39,3.03,2.44,3.3,3.24,E0 (4).csv,2.45,3.45,2.85,2.38,3.3,3.0,2.38,3.25,3.0,,,,,,,,,,,,,
2023-05-20,Bournemouth,Man United,6.0,4.75,1.5,6.0,4.6,1.49,,,,5.87,4.84,1.53,7.42,5.39,1.41,E0 (4).csv,6.0,4.6,1.5,6.5,4.5,1.47,6.5,4.5,1.45,,,,,,,,,,,,,
2023-05-20,Tottenham,Brentford,1.83,3.9,4.0,1.85,3.75,4.0,,,,1.85,3.99,4.16,2.03,3.86,3.69,E0 (4).csv,1.83,3.75,4.1,1.83,3.6,4.2,1.8,3.7,4.2,,,,,,,,,,,,,
2023-05-21,West Ham,Leeds,2.4,3.5,2.88,2.35,3.5,2.87,,,,2.51,3.65,2.82,2.74,3.56,2.65,E0 (4).csv,2.45,3.5,2.85,2.4,3.4,2.88,2.4,3.4,2.8,,,,,,,,,,,,,
2023-05-21,Brighton,Southampton,1.22,7.0,11.0,1.22,6.75,12.0,,,,1.23,6.99,12.43,1.21,7.65,13.5,E0 (4).csv,1.22,6.75,12.0,1.22,6.0,13.0,1.2,6.5,13.0,,,,,,,,,,,,,
2023-05-21,Man City,Chelsea,1.25,6.0,11.0,1.25,6.25,11.0,,,,1.26,6.39,11.14,1.6,4.2,5.96,E0 (4).csv,1.27,6.25,11.0,1.24,6.0,12.0,1.22,6.0,12.0,,,,,,,,,,,,,
2023-05-22,Newcastle,Leicester,1.36,5.5,7.0,1.38,5.25,7.5,,,,1.4,5.55,7.24,1.33,5.92,9.37,E0 (4).csv,1.37,5.25,7.25,1.36,5.0,8.0,1.33,5.0,8.5,,,,,,,,,,,,,
2023-05-24,Brighton,Man City,4.0,4.33,1.75,3.9,4.1,1.78,,,,3.93,4.39,1.83,3.8,4.24,1.91,E0 (4).csv,3.95,4.1,1.8,3.9,4.0,1.8,4.1,4.0,1.75,,,,,,,,,,,,,
2023-05-25,Man United,Chelsea,1.6,4.33,5.0,1.66,4.1,4.8,,,,1.63,4.49,5.19,1.55,4.39,6.53,E0 (4).csv,1.7,3.7,5.25,1.6,4.2,5.0,1.57,4.2,5.25,,,,,,,,,,,,,
2023-05-28,Leicester,West Ham,1.91,3.8,3.6,1.95,3.8,3.5,,,,1.95,4.02,3.64,2.11,4.01,3.29,E0 (4).csv,1.95,3.85,3.6,1.85,3.6,3.3,1.9,3.7,3.75,,,,,,,,,,,,,
2023-05-28,Leeds,Tottenham,2.75,3.8,2.3,2.7,3.7,2.37,,,,2.81,3.93,2.36,2.8,3.95,2.39,E0 (4).csv,2.65,3.8,2.45,2.6,3.5,2.2,2.75,3.7,2.3,,,,,,,,,,,,,
2023-05-28,Everton,Bournemouth,1.5,4.5,6.5,1.47,4.5,6.5,,,,1.5,4.63,6.54,1.65,4.26,5.31,E0 (4).csv,1.45,4.6,7.25,1.36,4.2,6.5,1.44,4.33,7.0,,,,,,,,,,,,,
2023-05-28,Crystal Palace,Nott'm Forest,1.67,4.0,5.0,1.7,4.0,4.6,,,,1.68,4.28,4.8,1.62,4.19,5.75,E0 (4).csv,1.7,4.1,4.7,1.62,3.7,4.2,1.65,4.0,4.8,,,,,,,,,,,,,
2023-05-28,Man United,Fulham,1.5,4.33,6.0,1.51,4.6,5.75,,,,1.53,4.65,5.84,1.49,5.09,6.14,E0 (4).csv,1.53,4.5,5.75,1.44,4.2,5.5,1.5,4.5,5.75,,,,,,,,,,,,,
2023-05-28,Brentford,Man City,3.8,4.0,1.83,3.8,3.9,1.87,,,,4.04,4.1,1.84,3.46,3.66,2.25,E0 (4).csv,3.8,3.9,1.9,3.5,3.7,1.75,3.9,3.8,1.83,,,,,,,,,,,,,
2023-05-28,Aston Villa,Brighton,2.0,3.6,3.5,2.0,3.8,3.3,,,,2.05,4.03,3.35,1.88,4.07,3.95,E0 (4).csv,2.0,3.7,3.55,1.95,3.6,3.0,2.0,3.75,3.4,,,,,,,,,,,,,
2023-05-28,Southampton,Liverpool,6.5,4.75,1.44,6.75,5.0,1.42,,,,6.68,5.29,1.43,5.77,4.87,1.53,E0 (4).csv,6.25,5.0,1.45,6.0,4.75,1.33,7.0,5.0,1.4,,,,,,,,,,,,,
2023-05-28,Chelsea,Newcastle,2.9,3.5,2.38,2.8,3.5,2.4,,,,2.89,3.74,2.38,2.76,3.82,2.48,E0 (4).csv,2.8,3.5,2.45,2.75,3.4,2.15,2.88,3.5,2.3,,,,,,,,,,,,,
2023-05-28,Arsenal,Wolves,1.36,5.25,8.0,1.37,5.25,7.75,,,,1.38,5.51,7.66,1.28,6.28,9.77,E0 (4).csv,1.43,4.6,7.75,1.3,4.75,7.0,1.33,5.25,8.0,,,,,,,,,,,,,
2023-08-11,Burnley,Man City,8.0,5.5,1.33,8.75,5.25,1.34,,,,8.58,5.51,1.37,9.62,5.81,1.33,E0 (3).csv,8.0,5.5,1.35,8.0,5.0,1.25,9.5,5.25,1.33,,,,,,,,,,,,,
2023-08-12,Bournemouth,West Ham,2.7,3.4,2.55,2.65,3.4,2.55,,,,2.7,3.47,2.71,2.75,3.6,2.63,E0 (3).csv,2.7,3.45,2.6,2.62,3.2,2.3,2.63,3.3,2.63,,,,,,,,,,,,,
2023-08-12,Brighton,Luton,1.33,5.5,9.0,1.32,5.5,9.0,,,,1.33,5.65,9.61,1.27,6.36,11.36,E0 (3).csv,1.35,5.25,8.5,1.25,4.6,8.5,1.29,5.25,10.0,,,,,,,,,,,,,
2023-08-12,Everton,Fulham,2.2,3.4,3.3,2.2,3.4,3.25,,,,2.27,3.45,3.35,2.39,3.32,3.3,E0 (3).csv,2.25,3.4,3.25,2.1,3.2,3.0,2.2,3.3,3.25,,,,,,,,,,,,,
2023-08-12,Sheffield United,Crystal Palace,3.0,3.3,2.38,3.0,3.25,2.4,,,,3.28,3.22,2.43,3.98,3.22,2.17,E0 (3).csv,3.0,3.25,2.4,2.75,3.1,2.3,3.1,3.1,2.38,,,,,,,,,,,,,
2023-08-12,Newcastle,Aston Villa,1.75,3.75,4.6,1.73,3.9,4.4,,,,1.77,3.92,4.77,1.68,4.2,5.29,E0 (3).csv,1.75,3.85,4.5,1.67,3.5,4.2,1.73,3.7,4.6,,,,,,,,,,,,,
2023-08-12,Arsenal,Nott'm Forest,1.18,7.0,15.0,1.17,7.5,15.5,,,,1.18,7.86,15.67,1.19,8.0,16.0,E0 (3).csv,1.2,7.25,14.0,1.12,6.5,12.0,1.14,7.5,17.0,,,,,,,,,,,,,
2023-08-13,Brentford,Tottenham,2.75,3.4,2.45,2.7,3.6,2.45,,,,2.76,3.65,2.55,2.62,3.54,2.8,E0 (3).csv,2.85,3.6,2.35,2.5,3.4,2.3,2.7,3.5,2.45,,,,,,,,,,,,,
2023-08-13,Chelsea,Liverpool,2.9,3.4,2.38,2.8,3.6,2.35,,,,2.97,3.64,2.4,3.21,3.89,2.2,E0 (3).csv,2.75,3.65,2.4,2.75,3.25,2.2,2.88,3.5,2.3,,,,,,,,,,,,,
2023-08-14,Man United,Wolves,1.33,5.5,9.0,1.3,5.75,9.5,,,,1.32,5.79,9.66,1.27,6.3,12.25,E0 (3).csv,1.33,5.5,9.0,1.22,4.8,9.0,1.29,5.25,10.5,,,,,,,,,,,,,
2023-08-18,Nott'm Forest,Sheffield United,1.95,3.4,4.0,1.93,3.4,4.1,,,,1.97,3.48,4.37,1.94,3.51,4.48,E0 (3).csv,1.95,3.4,4.1,1.8,3.2,3.9,1.93,3.3,4.33,,,,,,,,,,,,,
2023-08-19,Man City,Newcastle,1.67,4.0,5.0,1.68,4.0,4.75,,,,1.73,4.1,4.8,1.87,3.84,4.37,E0 (3).csv,1.7,4.0,4.7,1.57,3.7,4.6,1.65,3.9,5.0,,,,,,,,,,,,,
2023-08-19,Tottenham,Man United,2.8,3.6,2.38,2.8,3.6,2.3,,,,2.85,3.82,2.41,3.07,3.87,2.28,E0 (3).csv,2.8,3.65,2.35,2.62,3.5,2.15,2.88,3.6,2.3,,,,,,,,,,,,,
2023-08-19,Liverpool,Bournemouth,1.2,7.0,13.0,1.23,6.5,13.0,,,,1.23,7.14,11.46,1.2,8.25,13.0,E0 (3).csv,1.25,6.75,11.0,1.17,6.0,10.0,1.2,6.5,13.0,,,,,,,,,,,,,
2023-08-19,Fulham,Brentford,2.7,3.3,2.63,2.65,3.4,2.6,,,,2.76,3.43,2.67,2.87,3.22,2.75,E0 (3).csv,2.7,3.4,2.6,2.5,3.2,2.45,2.63,3.3,2.6,,,,,,,,,,,,,
2023-08-19,Wolves,Brighton,4.0,3.8,1.85,3.75,3.75,1.9,,,,4.12,3.92,1.88,4.11,4.21,1.83,E0 (3).csv,3.9,3.8,1.9,3.5,3.4,1.83,4.1,3.6,1.83,,,,,,,,,,,,,
2023-08-20,Aston Villa,Everton,1.7,4.0,4.5,1.66,3.9,5.0,,,,1.72,3.99,5.06,1.85,3.92,4.38,E0 (3).csv,1.7,3.95,4.7,1.6,3.5,4.75,1.67,3.75,5.0,,,,,,,,,,,,,
2023-08-20,West Ham,Chelsea,3.75,3.5,2.0,3.75,3.6,1.95,,,,3.68,3.57,2.1,3.25,3.65,2.27,E0 (3).csv,3.55,3.5,2.05,3.6,3.3,1.85,3.7,3.4,2.0,,,,,,,,,,,,,
2023-08-21,Crystal Palace,Arsenal,5.5,4.0,1.6,5.75,4.1,1.57,,,,5.73,4.12,1.63,4.51,3.53,1.93,E0 (3).csv,5.75,4.1,1.6,5.5,3.9,1.44,6.0,3.9,1.55,,,,,,,,,,,,,
2023-08-25,Chelsea,Luton,1.29,5.5,11.0,1.31,5.5,9.5,,,,1.3,6.08,10.68,1.27,6.25,12.5,E0 (3).csv,1.3,5.75,10.0,1.2,5.5,9.0,1.25,6.0,11.0,,,,,,,,,,,,,
2023-08-26,Brighton,West Ham,1.53,4.75,5.25,1.52,4.6,5.5,,,,1.54,4.74,5.81,1.5,4.95,6.25,E0 (3).csv,1.53,4.7,5.5,1.4,4.2,5.8,1.5,4.5,5.75,,,,,,,,,,,,,
2023-08-26,Man United,Nott'm Forest,1.3,6.0,8.0,1.31,5.75,8.75,,,,1.32,5.98,9.11,1.38,5.3,8.51,E0 (3).csv,1.33,5.75,8.75,1.25,5.0,8.0,1.29,5.5,10.0,,,,,,,,,,,,,
2023-08-26,Arsenal,Fulham,1.2,7.0,13.0,1.22,6.75,12.5,,,,1.24,6.07,15.25,1.29,6.29,10.32,E0 (3).csv,1.22,6.75,12.0,1.15,6.0,11.0,1.2,6.5,12.0,,,,,,,,,,,,,
2023-08-26,Brentford,Crystal Palace,2.15,3.4,3.5,2.1,3.4,3.6,,,,2.17,3.43,3.62,2.16,3.37,3.81,E0 (3).csv,2.15,3.35,3.4,1.95,3.2,3.4,2.1,3.2,3.6,,,,,,,,,,,,,
2023-08-26,Bournemouth,Tottenham,3.8,3.75,1.91,3.5,3.9,1.93,,,,3.72,4.04,1.95,3.47,3.89,2.09,E0 (3).csv,3.6,3.9,1.95,3.4,3.5,1.83,3.5,3.75,1.95,,,,,,,,,,,,,
2023-08-26,Everton,Wolves,2.3,3.3,3.2,2.3,3.3,3.1,,,,2.34,3.32,3.34,2.45,3.38,3.14,E0 (3).csv,2.3,3.3,3.15,2.2,3.0,3.0,2.25,3.3,3.13,,,,,,,,,,,,,
2023-08-27,Burnley,Aston Villa,3.4,3.4,2.15,3.3,3.5,2.15,,,,3.39,3.65,2.18,3.24,3.6,2.29,E0 (3).csv,3.25,3.5,2.2,3.2,3.25,2.0,3.4,3.4,2.1,,,,,,,,,,,,,
2023-08-27,Sheffield United,Man City,13.0,8.0,1.17,16.0,7.0,1.19,,,,16.72,7.73,1.18,16.0,7.4,1.2,E0 (3).csv,16.0,7.25,1.17,13.0,6.5,1.12,18.0,7.0,1.15,,,,,,,,,,,,,
2023-08-27,Newcastle,Liverpool,2.2,3.75,3.0,2.2,3.9,2.95,,,,2.2,3.95,3.13,2.24,3.93,3.11,E0 (3).csv,2.25,3.65,3.05,2.05,3.6,2.75,2.15,3.75,3.0,,,,,,,,,,,,,
2023-09-01,Luton,West Ham,4.75,3.8,1.73,4.5,3.8,1.75,,,,4.82,4.04,1.75,4.67,4.09,1.76,E0 (3).csv,4.7,3.8,1.73,3.75,3.5,1.75,5.0,3.8,1.7,,,,,,,,,,,,,
2023-09-02,Brighton,Newcastle,2.5,3.8,2.55,2.6,3.75,2.45,,,,2.59,3.94,2.58,2.64,3.87,2.59,E0 (3).csv,2.55,3.8,2.5,2.25,3.4,2.6,2.5,3.7,2.55,,,,,,,,,,,,,
2023-09-02,Man City,Fulham,1.17,8.0,15.0,1.16,8.5,16.5,,,,1.15,8.93,18.11,1.19,7.65,16.0,E0 (3).csv,1.15,8.0,16.0,1.08,7.5,15.0,1.13,8.0,20.0,,,,,,,,,,,,,
2023-09-02,Burnley,Tottenham,3.6,4.0,1.85,3.8,3.9,1.85,,,,3.97,4.04,1.88,3.71,3.79,2.04,E0 (3).csv,3.75,3.95,1.9,3.4,3.4,1.85,3.9,3.75,1.85,,,,,,,,,,,,,
2023-09-02,Brentford,Bournemouth,1.73,3.8,4.75,1.66,4.1,4.75,,,,1.75,4.14,4.62,1.75,4.01,4.86,E0 (3).csv,1.73,3.95,4.6,1.55,3.75,4.75,1.7,3.8,4.75,,,,,,,,,,,,,
2023-09-02,Sheffield United,Everton,2.9,3.25,2.5,3.0,3.1,2.45,,,,3.06,3.27,2.53,3.21,3.42,2.39,E0 (3).csv,2.95,3.2,2.5,2.9,3.1,2.2,3.0,3.13,2.5,,,,,,,,,,,,,
2023-09-02,Chelsea,Nott'm Forest,1.4,4.5,8.5,1.37,5.0,7.75,,,,1.39,5.1,8.62,1.41,5.01,8.45,E0 (3).csv,1.4,5.0,7.75,1.3,4.33,7.5,1.36,4.8,8.5,,,,,,,,,,,,,
2023-09-03,Crystal Palace,Wolves,1.91,3.3,4.33,1.9,3.4,4.2,,,,1.97,3.5,4.25,1.9,3.61,4.54,E0 (3).csv,1.95,3.4,4.1,1.85,3.2,3.6,1.91,3.3,4.2,,,,,,,,,,,,,
2023-09-03,Liverpool,Aston Villa,1.65,4.5,4.5,1.66,4.4,4.4,,,,1.68,4.61,4.6,1.65,4.67,5.02,E0 (3).csv,1.67,4.3,4.5,1.5,4.2,4.6,1.62,4.33,4.6,,,,,,,,,,,,,
2023-09-03,Arsenal,Man United,1.75,3.8,4.5,1.75,4.0,4.2,,,,1.77,4.08,4.55,1.76,4.2,4.49,E0 (3).csv,1.8,3.85,4.3,1.67,3.7,3.9,1.73,3.9,4.33,,,,,,,,,,,,,
2023-09-16,Newcastle,Brentford,1.53,4.2,6.0,1.55,4.2,5.75,,,,1.54,4.47,6.3,1.66,4.17,5.43,E0 (3).csv,1.53,4.4,5.75,1.44,3.9,5.5,1.5,4.33,6.0,,,,,,,,,,,,,
2023-09-16,West Ham,Man City,7.0,4.5,1.45,6.25,4.6,1.49,,,,6.58,4.7,1.5,5.49,4.3,1.63,E0 (3).csv,6.5,4.7,1.47,5.8,4.2,1.4,6.5,4.5,1.45,,,,,,,,,,,,,
2023-09-16,Tottenham,Sheffield United,1.29,5.5,11.0,1.28,6.0,9.75,,,,1.29,6.08,10.21,1.3,6.31,9.4,E0 (3).csv,1.27,6.0,11.0,1.22,5.0,9.0,1.25,5.75,11.0,,,,,,,,,,,,,
2023-09-16,Fulham,Luton,1.67,3.75,5.5,1.66,3.9,5.0,,,,1.68,4.03,5.31,1.69,3.82,5.68,E0 (3).csv,1.65,3.85,5.25,1.57,3.5,5.0,1.65,3.75,5.25,,,,,,,,,,,,,
2023-09-16,Wolves,Liverpool,6.0,5.0,1.45,6.25,4.8,1.46,,,,6.66,4.98,1.47,4.58,4.46,1.71,E0 (3).csv,6.25,4.9,1.45,6.0,4.4,1.36,6.5,4.75,1.44,,,,,,,,,,,,,
2023-09-16,Man United,Brighton,2.15,4.0,2.88,2.15,3.9,2.95,,,,2.25,4.02,2.99,2.07,3.9,3.53,E0 (3).csv,2.2,3.9,2.9,2.0,3.6,2.9,2.15,3.9,2.9,,,,,,,,,,,,,
2023-09-16,Aston Villa,Crystal Palace,1.91,3.6,4.0,1.9,3.6,3.9,,,,1.93,3.76,4.1,1.98,3.66,4.08,E0 (3).csv,1.9,3.65,3.95,1.8,3.1,4.0,1.87,3.5,4.1,,,,,,,,,,,,,
2023-09-17,Bournemouth,Chelsea,4.33,3.75,1.8,4.2,4.0,1.75,,,,4.39,4.05,1.8,4.34,3.97,1.83,E0 (3).csv,4.3,3.9,1.77,4.0,3.7,1.65,4.33,3.8,1.75,,,,,,,,,,,,,
2023-09-17,Everton,Arsenal,6.0,4.5,1.5,5.75,4.5,1.52,,,,6.3,4.54,1.53,6.0,4.3,1.59,E0 (3).csv,5.75,4.4,1.55,5.8,4.2,1.4,6.0,4.33,1.5,,,,,,,,,,,,,
2023-09-18,Nott'm Forest,Burnley,2.2,3.5,3.25,2.2,3.5,3.1,,,,2.23,3.58,3.33,2.14,3.51,3.69,E0 (3).csv,2.25,3.45,3.15,2.05,3.2,3.1,2.2,3.4,3.2,,,,,,,,,,,,,
2023-09-23,Burnley,Man United,4.2,4.2,1.73,4.33,4.0,1.73,,,,4.28,4.31,1.77,4.32,4.0,1.83,E0 (3).csv,4.2,4.1,1.77,4.2,3.7,1.62,4.5,3.9,1.7,,,,,,,,,,,,,
2023-09-23,Brentford,Everton,1.8,3.8,4.2,1.77,3.7,4.5,,,,1.81,3.8,4.67,1.95,3.53,4.4,E0 (3).csv,1.8,3.75,4.3,1.65,3.5,4.33,1.75,3.6,4.6,,,,,,,,,,,,,
2023-09-23,Luton,Wolves,3.25,3.4,2.2,3.25,3.4,2.2,,,,3.26,3.47,2.31,3.28,3.31,2.41,E0 (3).csv,3.35,3.35,2.2,3.2,3.1,2.05,3.25,3.3,2.2,,,,,,,,,,,,,
2023-09-23,Crystal Palace,Fulham,1.91,3.4,4.2,1.88,3.5,4.1,,,,1.99,3.54,4.11,2.1,3.39,3.97,E0 (3).csv,1.95,3.4,4.1,1.8,3.25,3.8,1.93,3.4,4.0,,,,,,,,,,,,,
2023-09-23,Man City,Nott'm Forest,1.14,8.5,15.0,1.15,8.25,18.0,,,,1.15,9.04,17.91,1.17,8.5,18.0,E0 (3).csv,1.15,8.0,16.0,1.1,7.0,13.0,1.13,8.0,20.0,,,,,,,,,,,,,
2023-09-24,Brighton,Bournemouth,1.36,5.25,7.5,1.36,5.5,7.25,,,,1.41,5.08,7.9,1.52,4.97,5.9,E0 (3).csv,1.4,5.5,7.0,1.29,5.0,7.0,1.33,5.25,8.0,,,,,,,,,,,,,
2023-09-24,Chelsea,Aston Villa,1.91,3.75,3.8,1.88,3.8,3.8,,,,1.93,3.9,3.93,1.91,3.93,4.1,E0 (3).csv,1.9,3.8,3.8,1.75,3.5,3.7,1.87,3.7,3.8,,,,,,,,,,,,,
2023-09-24,Liverpool,West Ham,1.4,5.0,7.0,1.39,5.25,6.75,,,,1.4,5.67,7.21,1.39,5.64,7.61,E0 (3).csv,1.4,5.5,6.75,1.33,4.6,6.5,1.36,5.0,7.5,,,,,,,,,,,,,
2023-09-24,Sheffield United,Newcastle,7.0,4.75,1.44,6.75,4.6,1.44,,,,7.05,4.98,1.45,6.05,4.39,1.57,E0 (3).csv,6.75,4.7,1.45,6.5,4.2,1.36,7.5,4.6,1.4,,,,,,,,,,,,,
2023-09-24,Arsenal,Tottenham,1.67,4.33,4.33,1.72,4.2,4.2,,,,1.68,4.45,4.69,1.65,4.39,5.11,E0 (3).csv,1.7,4.3,4.4,1.65,3.8,3.9,1.65,4.1,4.6,,,,,,,,,,,,,
2023-09-30,West Ham,Sheffield United,1.45,4.5,7.0,1.46,4.6,6.75,,,,1.44,4.94,7.44,1.48,4.79,7.0,E0 (3).csv,1.45,4.7,6.75,1.4,4.75,7.0,1.4,4.6,7.5,,,,,,,,,,,,,
2023-09-30,Tottenham,Liverpool,2.9,4.0,2.15,2.9,4.0,2.15,,,,2.98,4.12,2.23,2.96,4.01,2.3,E0 (3).csv,3.05,3.75,2.2,2.88,4.0,2.15,2.9,3.9,2.15,,,,,,,,,,,,,
2023-09-30,Wolves,Man City,8.0,5.75,1.33,8.75,5.5,1.32,,,,9.61,5.75,1.33,8.61,5.19,1.39,E0 (3).csv,8.25,5.5,1.33,9.5,5.5,1.29,10.0,5.5,1.29,,,,,,,,,,,,,
2023-09-30,Newcastle,Burnley,1.3,5.75,9.0,1.31,5.5,9.25,,,,1.34,5.67,9.15,1.38,5.24,8.53,E0 (3).csv,1.35,5.5,8.25,1.3,5.5,9.0,1.3,5.25,9.5,,,,,,,,,,,,,
2023-09-30,Everton,Luton,1.57,3.8,6.5,1.6,3.9,5.75,,,,1.62,3.94,6.24,1.67,3.93,5.7,E0 (3).csv,1.6,3.9,6.0,1.6,3.9,5.8,1.57,3.8,6.0,,,,,,,,,,,,,
2023-09-30,Bournemouth,Arsenal,5.5,4.5,1.53,5.75,4.6,1.51,,,,5.59,4.77,1.56,6.06,4.62,1.55,E0 (3).csv,5.5,4.6,1.53,5.8,4.5,1.5,6.0,4.33,1.5,,,,,,,,,,,,,
2023-09-30,Aston Villa,Brighton,2.55,3.75,2.55,2.45,3.9,2.55,,,,2.58,3.96,2.58,2.49,3.77,2.82,E0 (3).csv,2.6,3.85,2.45,2.5,3.9,2.45,2.5,3.8,2.5,,,,,,,,,,,,,
2023-09-30,Man United,Crystal Palace,1.55,4.2,5.75,1.55,4.2,5.75,,,,1.57,4.36,5.96,1.58,4.37,5.96,E0 (3).csv,1.57,4.2,5.75,1.53,4.2,5.8,1.53,4.1,6.0,,,,,,,,,,,,,
2023-10-01,Nott'm Forest,Brentford,2.75,3.1,2.7,2.75,3.25,2.6,,,,2.84,3.29,2.69,2.62,3.27,2.99,E0 (3).csv,2.75,3.2,2.65,2.75,3.4,2.5,2.75,3.13,2.6,,,,,,,,,,,,,
2023-10-02,Fulham,Chelsea,3.6,3.5,2.05,3.5,3.5,2.05,,,,3.93,3.45,2.06,3.52,3.49,2.22,E0 (3).csv,3.65,3.4,2.1,3.6,3.5,2.0,3.7,3.4,2.0,,,,,,,,,,,,,
2023-10-03,Luton,Burnley,2.9,3.0,2.63,2.85,3.1,2.55,,,,2.94,3.23,2.65,2.95,3.22,2.69,E0 (3).csv,2.9,3.1,2.6,2.88,3.1,2.6,2.88,3.13,2.63,,,,,,,,,,,,,
2023-10-07,Crystal Palace,Nott'm Forest,2.2,3.1,3.6,2.2,3.2,3.4,,,,2.26,3.3,3.54,2.34,3.12,3.64,E0 (3).csv,2.25,3.2,3.45,2.15,3.25,3.5,2.2,3.1,3.5,,,,,,,,,,,,,
2023-10-07,Man United,Brentford,1.67,4.2,4.75,1.63,4.2,4.8,,,,1.7,4.23,4.87,1.63,4.33,5.41,E0 (3).csv,1.67,4.2,4.6,1.65,4.2,4.6,1.65,3.9,4.8,,,,,,,,,,,,,
2023-10-07,Fulham,Sheffield United,1.62,3.8,6.0,1.63,4.0,5.75,,,,1.64,4.0,5.9,1.52,4.56,6.57,E0 (3).csv,1.63,3.9,5.5,1.6,3.9,5.5,1.6,3.75,5.75,,,,,,,,,,,,,
2023-10-07,Burnley,Chelsea,4.5,3.8,1.73,4.75,3.9,1.7,,,,4.58,3.98,1.78,5.2,4.07,1.69,E0 (3).csv,4.5,3.9,1.75,4.75,3.8,1.7,4.75,3.75,1.7,,,,,,,,,,,,,
2023-10-07,Luton,Tottenham,6.0,4.75,1.45,6.25,4.75,1.47,,,,6.91,4.98,1.46,6.8,5.15,1.45,E0 (3).csv,6.0,4.7,1.5,6.5,4.6,1.44,6.5,4.75,1.45,,,,,,,,,,,,,
2023-10-07,Everton,Bournemouth,1.91,3.6,3.8,1.95,3.6,3.7,,,,1.99,3.71,3.88,1.93,3.78,4.18,E0 (3).csv,1.95,3.65,3.75,1.91,3.7,3.7,1.93,3.5,3.75,,,,,,,,,,,,,
2023-10-08,Brighton,Liverpool,3.0,3.8,2.2,2.95,4.0,2.15,,,,3.14,4.02,2.17,3.26,4.19,2.1,E0 (3).csv,2.95,3.95,2.2,2.88,4.2,2.1,3.0,4.0,2.1,,,,,,,,,,,,,
2023-10-08,West Ham,Newcastle,3.2,3.75,2.1,3.1,3.6,2.15,,,,3.41,3.79,2.12,3.58,3.73,2.11,E0 (3).csv,3.2,3.7,2.15,3.3,3.7,2.05,3.3,3.5,2.1,,,,,,,,,,,,,
2023-10-08,Wolves,Aston Villa,3.5,3.4,2.1,3.4,3.6,2.05,,,,3.39,3.64,2.18,3.7,3.68,2.08,E0 (3).csv,3.35,3.5,2.15,3.3,3.6,2.1,3.3,3.5,2.1,,,,,,,,,,,,,
2023-10-08,Arsenal,Man City,2.9,3.3,2.4,2.85,3.5,2.4,,,,2.99,3.49,2.46,3.0,3.39,2.56,E0 (3).csv,2.85,3.45,2.45,2.75,3.6,2.4,2.88,3.4,2.38,,,,,,,,,,,,,
2023-10-21,Sheffield United,Man United,6.5,5.25,1.4,7.0,4.75,1.43,,,,7.57,5.24,1.41,7.8,5.6,1.38,E0 (3).csv,7.0,5.0,1.43,7.5,5.0,1.4,7.5,4.8,1.4,,,,,,,,,,,,,
2023-10-21,Chelsea,Arsenal,3.2,3.4,2.25,3.1,3.4,2.2,,,,3.33,3.5,2.26,3.35,3.44,2.31,E0 (3).csv,3.15,3.45,2.25,3.0,3.5,2.25,3.25,3.3,2.2,,,,,,,,,,,,,
2023-10-21,Nott'm Forest,Luton,1.67,3.75,5.5,1.65,3.75,5.5,,,,1.7,3.89,5.43,1.76,3.65,5.39,E0 (3).csv,1.67,3.75,5.25,1.62,3.8,5.5,1.65,3.6,5.5,,,,,,,,,,,,,
2023-10-21,Brentford,Burnley,1.83,3.75,4.2,1.8,3.6,4.5,,,,1.87,3.77,4.37,1.74,3.9,5.09,E0 (3).csv,1.83,3.65,4.3,1.75,3.8,4.4,1.8,3.6,4.33,,,,,,,,,,,,,
2023-10-21,Man City,Brighton,1.4,5.25,6.5,1.41,5.25,6.5,,,,1.42,5.45,6.93,1.36,5.69,7.74,E0 (3).csv,1.43,5.5,6.5,1.4,5.5,6.5,1.36,5.25,7.0,,,,,,,,,,,,,
2023-10-21,Liverpool,Everton,1.33,5.75,7.5,1.36,5.25,7.75,,,,1.37,5.77,7.65,1.4,5.5,7.4,E0 (3).csv,1.37,5.5,7.25,1.33,5.5,8.0,1.33,5.5,8.5,,,,,,,,,,,,,
2023-10-21,Newcastle,Crystal Palace,1.45,4.5,7.0,1.47,4.33,7.0,,,,1.46,4.63,7.7,1.48,4.49,7.68,E0 (3).csv,1.45,4.5,7.0,1.44,4.5,7.5,1.4,4.4,7.5,,,,,,,,,,,,,
2023-10-21,Bournemouth,Wolves,2.38,3.4,3.0,2.37,3.4,2.87,,,,2.45,3.49,3.01,2.31,3.46,3.32,E0 (3).csv,2.4,3.45,2.9,2.38,3.5,2.8,2.38,3.4,2.9,,,,,,,,,,,,,
2023-10-22,Aston Villa,West Ham,1.85,3.6,4.0,1.9,3.7,3.75,,,,1.9,3.93,4.01,1.79,4.02,4.54,E0 (3).csv,1.9,3.8,3.85,1.85,3.9,3.75,1.85,3.8,3.8,,,,,,,,,,,,,
2023-10-23,Tottenham,Fulham,1.5,4.5,6.0,1.5,4.6,5.75,,,,1.51,4.85,6.06,1.52,4.72,6.13,E0 (3).csv,1.5,4.7,5.75,1.5,4.6,5.8,1.45,4.6,6.0,,,,,,,,,,,,,
2023-10-27,Crystal Palace,Tottenham,4.5,3.75,1.75,4.5,3.7,1.77,,,,4.7,3.84,1.79,4.58,3.85,1.81,E0 (3).csv,4.5,3.75,1.77,4.6,3.75,1.73,4.8,3.7,1.75,,,,,,,,,,,,,
2023-10-28,Chelsea,Brentford,1.65,4.0,5.25,1.61,4.1,5.25,,,,1.66,4.15,5.32,1.65,4.05,5.6,E0 (3).csv,1.63,4.1,5.25,1.62,4.0,5.5,1.62,3.9,5.25,,,,,,,,,,,,,
2023-10-28,Arsenal,Sheffield United,1.13,8.5,19.0,1.13,9.25,19.5,,,,1.13,10.16,21.31,1.13,9.5,21.0,E0 (3).csv,1.12,9.5,22.0,1.1,9.0,23.0,1.1,9.0,22.0,,,,,,,,,,,,,
2023-10-28,Bournemouth,Burnley,2.15,3.5,3.3,2.1,3.6,3.25,,,,2.1,3.76,3.49,2.13,3.65,3.51,E0 (3).csv,2.15,3.6,3.25,2.1,3.6,3.25,2.1,3.5,3.4,,,,,,,,,,,,,
2023-10-28,Wolves,Newcastle,4.2,4.0,1.75,4.33,3.9,1.77,,,,4.22,3.99,1.84,4.11,3.75,1.93,E0 (3).csv,4.2,3.9,1.8,4.33,3.9,1.75,4.4,3.75,1.75,,,,,,,,,,,,,
2023-10-29,West Ham,Everton,2.15,3.5,3.3,2.1,3.6,3.25,,,,2.18,3.62,3.41,2.08,3.7,3.62,E0 (3).csv,2.15,3.55,3.25,2.1,3.7,3.2,2.1,3.5,3.3,,,,,,,,,,,,,
2023-10-29,Aston Villa,Luton,1.25,6.5,9.5,1.25,6.25,11.0,,,,1.28,6.23,10.8,1.34,5.85,8.55,E0 (3).csv,1.25,6.25,12.0,1.25,6.0,10.0,1.22,6.0,12.0,,,,,,,,,,,,,
2023-10-29,Brighton,Fulham,1.55,4.2,5.5,1.52,4.6,5.5,,,,1.59,4.65,5.36,1.64,4.32,5.29,E0 (3).csv,1.55,4.6,5.25,1.53,4.4,5.5,1.53,4.33,5.5,,,,,,,,,,,,,
2023-10-29,Liverpool,Nott'm Forest,1.29,5.75,11.0,1.27,6.25,9.75,,,,1.27,6.51,10.09,1.22,7.31,12.08,E0 (3).csv,1.25,6.25,11.0,1.25,6.5,10.0,1.25,6.0,11.0,,,,,,,,,,,,,
2023-10-29,Man United,Man City,5.0,3.8,1.67,4.75,4.0,1.68,,,,5.16,4.07,1.69,5.6,4.3,1.61,E0 (3).csv,4.9,4.0,1.67,4.8,4.0,1.65,5.0,3.9,1.65,,,,,,,,,,,,,
2023-11-04,Man City,Bournemouth,1.1,11.0,19.0,1.1,11.5,21.0,,,,1.08,12.84,29.22,1.09,11.5,28.5,E0 (3).csv,1.1,10.0,22.0,1.06,10.0,26.0,1.07,10.5,29.0,,,,,,,,,,,,,
2023-11-04,Newcastle,Arsenal,2.8,3.2,2.6,2.8,3.4,2.45,,,,2.83,3.41,2.59,2.84,3.23,2.73,E0 (3).csv,2.8,3.35,2.55,2.7,3.4,2.45,2.75,3.3,2.5,,,,,,,,,,,,,
2023-11-04,Sheffield United,Wolves,3.8,3.5,2.0,3.6,3.6,1.98,,,,3.91,3.68,1.97,4.35,3.76,1.87,E0 (3).csv,3.75,3.6,1.97,3.6,3.6,1.91,3.9,3.5,1.93,,,,,,,,,,,,,
2023-11-04,Everton,Brighton,3.1,3.6,2.2,,,,,,,3.1,3.87,2.21,2.86,3.52,2.54,E0 (3).csv,3.05,3.7,2.2,3.0,3.8,2.1,3.1,3.6,2.15,,,,,,,,,,,,,
2023-11-04,Brentford,West Ham,2.05,3.6,3.5,2.05,3.6,3.4,,,,2.07,3.74,3.52,2.16,3.71,3.39,E0 (3).csv,2.1,3.6,3.4,2.0,3.7,3.3,2.05,3.5,3.4,,,,,,,,,,,,,
2023-11-04,Fulham,Man United,3.2,3.6,2.2,3.2,3.6,2.15,,,,3.22,3.68,2.22,3.03,3.59,2.38,E0 (3).csv,3.2,3.6,2.2,3.2,3.5,2.1,3.25,3.5,2.2,,,,,,,,,,,,,
2023-11-04,Burnley,Crystal Palace,2.75,3.25,2.6,2.75,3.2,2.65,,,,2.89,3.24,2.65,3.53,3.21,2.31,E0 (3).csv,2.8,3.2,2.6,2.8,3.0,2.6,2.8,3.1,2.6,,,,,,,,,,,,,
2023-11-05,Nott'm Forest,Aston Villa,4.2,3.75,1.85,3.9,3.75,1.87,,,,4.17,3.76,1.89,3.93,3.81,1.95,E0 (3).csv,4.0,3.75,1.85,3.9,3.8,1.8,4.1,3.6,1.83,,,,,,,,,,,,,
2023-11-05,Luton,Liverpool,12.0,6.5,1.22,10.5,6.5,1.25,,,,11.23,6.76,1.24,15.0,8.5,1.18,E0 (3).csv,11.0,6.75,1.25,11.0,6.5,1.2,12.0,6.5,1.2,,,,,,,,,,,,,
2023-11-06,Tottenham,Chelsea,2.0,3.75,3.5,2.1,3.6,3.2,,,,2.14,3.73,3.34,2.37,3.65,3.0,E0 (3).csv,2.1,3.7,3.25,2.1,3.7,3.0,2.1,3.5,3.3,,,,,,,,,,,,,
2023-11-11,Bournemouth,Newcastle,4.75,4.0,1.73,4.8,3.9,1.68,,,,4.52,4.06,1.76,3.9,3.76,1.97,E0 (3).csv,4.7,3.95,1.73,4.5,4.0,1.65,4.6,3.8,1.7,,,,,,,,,,,,,
2023-11-11,Man United,Luton,1.33,5.25,9.5,1.35,5.25,8.5,,,,1.31,5.86,9.36,1.29,6.14,10.06,E0 (3).csv,1.33,5.5,8.5,1.3,5.5,9.0,1.3,5.25,9.5,,,,,,,,,,,,,
2023-11-11,Arsenal,Burnley,1.18,7.0,17.0,1.2,7.25,14.0,,,,1.19,7.47,14.74,1.19,7.49,16.59,E0 (3).csv,1.2,7.0,14.0,1.15,7.0,15.0,1.17,7.0,15.0,,,,,,,,,,,,,
2023-11-11,Wolves,Tottenham,3.1,3.75,2.2,3.1,3.6,2.2,,,,3.11,3.78,2.23,3.13,3.62,2.31,E0 (3).csv,3.1,3.65,2.2,3.0,3.7,2.1,3.1,3.6,2.15,,,,,,,,,,,,,
2023-11-11,Crystal Palace,Everton,2.45,3.2,3.0,2.4,3.2,3.0,,,,2.45,3.2,3.19,2.71,3.12,2.96,E0 (3).csv,2.45,3.2,3.05,2.38,3.2,2.9,2.38,3.1,3.1,,,,,,,,,,,,,
2023-11-12,Aston Villa,Fulham,1.57,4.2,5.5,1.57,4.1,5.5,,,,1.6,4.27,5.67,1.64,4.22,5.4,E0 (3).csv,1.57,4.2,5.75,1.53,4.2,5.5,1.55,4.1,5.75,,,,,,,,,,,,,
2023-11-12,Brighton,Sheffield United,1.25,5.75,13.0,1.23,6.5,12.0,,,,1.24,6.8,11.28,1.27,6.23,11.19,E0 (3).csv,1.25,6.5,11.0,1.2,6.5,12.0,1.2,6.5,13.0,,,,,,,,,,,,,
2023-11-12,Liverpool,Brentford,1.4,5.0,6.5,1.4,5.0,7.0,,,,1.41,5.26,7.17,1.4,5.51,7.48,E0 (3).csv,1.43,5.25,6.5,1.36,5.0,7.0,1.4,4.8,7.0,,,,,,,,,,,,,
2023-11-12,West Ham,Nott'm Forest,1.85,3.6,4.0,1.87,3.6,4.1,,,,1.89,3.79,4.1,1.81,3.84,4.59,E0 (3).csv,1.9,3.7,3.95,1.83,3.7,3.8,1.85,3.6,4.1,,,,,,,,,,,,,
2023-11-12,Chelsea,Man City,5.0,3.7,1.73,4.8,3.7,1.73,,,,4.92,3.8,1.75,4.8,4.0,1.76,E0 (3).csv,4.9,3.8,1.73,4.8,3.7,1.67,4.8,3.75,1.7,,,,,,,,,,,,,
2023-11-25,Brentford,Arsenal,4.5,3.75,1.75,4.5,3.75,1.75,,,,4.74,3.82,1.78,5.8,4.05,1.65,E0 (3).csv,4.5,3.8,1.77,4.33,3.75,1.73,4.75,3.6,1.73,,,,,,,,,,,,,
2023-11-25,Nott'm Forest,Brighton,3.2,3.6,2.15,3.0,3.6,2.2,,,,3.32,3.63,2.19,3.69,3.63,2.07,E0 (3).csv,3.1,3.6,2.2,3.0,3.6,2.15,3.2,3.5,2.15,,,,,,,,,,,,,
2023-11-25,Sheffield United,Bournemouth,3.2,3.5,2.2,3.1,3.5,2.2,,,,3.36,3.54,2.2,3.57,3.5,2.16,E0 (3).csv,3.15,3.5,2.2,3.1,3.6,2.1,3.25,3.4,2.15,,,,,,,,,,,,,
2023-11-25,Luton,Crystal Palace,3.6,3.3,2.1,3.5,3.3,2.15,,,,3.7,3.41,2.13,4.12,3.42,2.03,E0 (3).csv,3.55,3.3,2.15,3.4,3.4,2.05,3.6,3.2,2.1,,,,,,,,,,,,,
2023-11-25,Man City,Liverpool,1.73,4.2,4.2,1.72,4.2,4.2,,,,1.75,4.37,4.24,1.7,4.42,4.61,E0 (3).csv,1.75,4.2,4.1,1.65,4.33,4.2,1.7,4.0,4.4,,,,,,,,,,,,,
2023-11-25,Newcastle,Chelsea,2.55,3.5,2.63,2.5,3.5,2.65,,,,2.65,3.46,2.73,2.6,3.55,2.76,E0 (3).csv,2.6,3.5,2.6,2.45,3.5,2.6,2.55,3.4,2.63,,,,,,,,,,,,,
2023-11-25,Burnley,West Ham,3.4,3.5,2.05,3.4,3.6,2.05,,,,3.58,3.54,2.12,3.48,3.43,2.23,E0 (3).csv,3.4,3.6,2.1,3.25,3.7,2.0,3.4,3.5,2.05,,,,,,,,,,,,,
2023-11-26,Tottenham,Aston Villa,2.3,3.8,2.8,2.3,3.8,2.75,,,,2.36,3.93,2.82,2.7,3.7,2.58,E0 (3).csv,2.35,3.85,2.8,2.25,3.9,2.7,2.3,3.7,2.8,,,,,,,,,,,,,
2023-11-26,Everton,Man United,2.7,3.4,2.55,2.75,3.5,2.45,,,,2.75,3.51,2.6,2.68,3.45,2.75,E0 (3).csv,2.7,3.45,2.55,2.7,3.6,2.38,2.7,3.4,2.5,,,,,,,,,,,,,
2023-11-27,Fulham,Wolves,2.38,3.3,3.0,2.35,3.3,3.0,,,,2.45,3.37,3.05,2.43,3.3,3.19,E0 (3).csv,2.4,3.3,3.0,2.3,3.4,2.9,2.38,3.2,3.0,,,,,,,,,,,,,
2023-12-02,Arsenal,Wolves,1.25,5.5,12.0,1.27,6.0,10.5,,,,1.29,5.9,10.82,1.24,6.5,13.0,E0 (3).csv,1.27,5.75,11.0,1.22,5.8,12.0,1.25,5.75,12.0,,,,,,,,,,,,,
2023-12-02,Brentford,Luton,1.45,4.5,6.5,1.46,4.6,6.5,,,,1.45,4.83,7.07,1.54,4.43,6.38,E0 (3).csv,1.47,4.6,6.5,1.44,4.4,6.5,1.44,4.33,7.0,,,,,,,,,,,,,
2023-12-02,Burnley,Sheffield United,1.8,3.6,4.5,1.8,3.7,4.33,,,,1.83,3.63,4.65,1.74,3.81,5.19,E0 (3).csv,1.83,3.65,4.3,1.8,3.6,4.2,1.8,3.5,4.5,,,,,,,,,,,,,
2023-12-02,Nott'm Forest,Everton,2.75,3.25,2.6,2.75,3.3,2.55,,,,2.85,3.31,2.64,2.88,3.16,2.76,E0 (3).csv,2.75,3.3,2.6,2.62,3.4,2.5,2.8,3.2,2.55,,,,,,,,,,,,,
2023-12-02,Newcastle,Man United,1.91,3.75,3.8,1.9,3.75,3.7,,,,1.9,3.87,4.0,2.0,3.78,3.79,E0 (3).csv,1.95,3.75,3.7,1.85,3.8,3.7,1.9,3.6,3.8,,,,,,,,,,,,,
2023-12-03,Chelsea,Brighton,1.73,4.2,4.2,1.7,4.1,4.33,,,,1.75,4.21,4.4,1.6,4.45,5.5,E0 (3).csv,1.73,4.2,4.3,1.67,4.2,4.2,1.7,4.0,4.4,,,,,,,,,,,,,
2023-12-03,Liverpool,Fulham,1.25,6.5,9.0,1.25,6.25,11.0,,,,1.25,6.76,10.35,1.23,7.04,11.81,E0 (3).csv,1.27,6.5,10.0,1.22,6.5,10.0,1.22,6.5,11.5,,,,,,,,,,,,,
2023-12-03,West Ham,Crystal Palace,2.0,3.5,3.8,1.98,3.5,3.7,,,,2.01,3.56,3.92,1.94,3.58,4.26,E0 (3).csv,2.0,3.5,3.7,1.95,3.5,3.6,1.95,3.4,3.8,,,,,,,,,,,,,
2023-12-03,Man City,Tottenham,1.29,6.0,9.0,1.3,6.0,8.75,,,,1.27,6.42,9.75,1.23,7.6,10.75,E0 (3).csv,1.3,6.25,8.75,1.25,6.0,9.0,1.25,6.0,9.5,,,,,,,,,,,,,
2023-12-03,Bournemouth,Aston Villa,3.4,4.0,1.95,3.3,3.9,2.0,,,,3.56,4.07,1.97,3.12,3.98,2.19,E0 (3).csv,3.4,3.95,2.0,3.3,4.0,1.91,3.5,3.8,1.95,,,,,,,,,,,,,
2023-12-05,Wolves,Burnley,1.85,3.6,4.2,1.85,3.6,4.2,,,,1.92,3.6,4.35,1.95,3.65,4.13,E0 (3).csv,1.9,3.6,4.2,1.83,3.6,4.0,1.87,3.5,4.33,,,,,,,,,,,,,
2023-12-05,Luton,Arsenal,17.0,7.0,1.18,14.0,6.5,1.22,,,,14.73,6.77,1.22,15.5,7.25,1.2,E0 (3).csv,15.0,6.75,1.2,15.0,6.5,1.17,17.0,6.5,1.2,,,,,,,,,,,,,
2023-12-06,Man United,Chelsea,2.88,3.4,2.45,2.8,3.6,2.35,,,,2.88,3.67,2.42,2.86,3.61,2.49,E0 (3).csv,2.8,3.55,2.4,2.75,3.6,2.3,2.8,3.5,2.38,,,,,,,,,,,,,
2023-12-06,Aston Villa,Man City,4.75,4.2,1.7,4.2,4.2,1.73,,,,4.35,4.29,1.75,5.12,4.33,1.64,E0 (3).csv,4.7,4.1,1.7,4.2,4.2,1.67,4.4,4.0,1.7,,,,,,,,,,,,,
2023-12-06,Sheffield United,Liverpool,12.0,7.5,1.2,12.5,7.5,1.2,,,,14.14,7.68,1.19,14.0,8.5,1.18,E0 (3).csv,12.0,7.5,1.2,13.0,7.5,1.15,15.0,7.5,1.15,,,,,,,,,,,,,
2023-12-06,Crystal Palace,Bournemouth,2.25,3.5,3.1,2.2,3.4,3.2,,,,2.3,3.45,3.23,2.36,3.43,3.2,E0 (3).csv,2.25,3.45,3.2,2.1,3.4,3.25,2.25,3.3,3.2,,,,,,,,,,,,,
2023-12-06,Brighton,Brentford,1.91,3.8,3.75,1.9,3.8,3.7,,,,1.94,3.89,3.79,1.76,4.1,4.57,E0 (3).csv,1.95,3.85,3.7,1.85,3.9,3.6,1.9,3.7,3.75,,,,,,,,,,,,,
2023-12-06,Fulham,Nott'm Forest,2.0,3.4,3.75,2.0,3.4,3.7,,,,2.06,3.5,3.81,2.06,3.46,3.94,E0 (3).csv,2.05,3.45,3.7,1.91,3.6,3.6,2.0,3.3,3.8,,,,,,,,,,,,,
2023-12-07,Everton,Newcastle,3.25,3.25,2.25,3.0,3.4,2.3,,,,3.17,3.41,2.36,3.28,3.45,2.31,E0 (3).csv,3.15,3.4,2.3,3.0,3.5,2.2,3.13,3.3,2.25,,,,,,,,,,,,,
2023-12-07,Tottenham,West Ham,1.75,4.2,4.2,1.78,4.1,3.9,,,,1.8,4.31,4.04,1.67,4.4,4.9,E0 (3).csv,1.77,4.2,4.1,1.75,4.2,3.8,1.75,4.0,4.1,,,,,,,,,,,,,
2023-12-09,Wolves,Nott'm Forest,1.85,3.6,4.33,1.85,3.6,4.2,,,,1.89,3.56,4.44,1.99,3.34,4.42,E0 (3).csv,1.9,3.6,4.2,1.75,3.7,4.2,1.83,3.4,4.2,,,,,,,,,,,,,
2023-12-09,Sheffield United,Brentford,4.2,3.8,1.75,4.4,3.7,1.78,,,,4.47,3.84,1.81,4.71,3.91,1.78,E0 (3).csv,4.4,3.75,1.8,4.6,3.7,1.7,4.5,3.6,1.75,,,,,,,,,,,,,
2023-12-09,Aston Villa,Arsenal,3.3,3.6,2.1,3.4,3.7,2.05,,,,3.43,3.69,2.12,3.65,3.87,2.02,E0 (3).csv,3.25,3.6,2.15,3.2,3.75,2.0,3.3,3.5,2.05,,,,,,,,,,,,,
2023-12-09,Brighton,Burnley,1.5,4.75,6.0,,,,,,,1.5,4.69,6.31,1.54,4.53,6.19,E0 (3).csv,1.5,4.7,6.0,1.44,4.6,6.0,1.44,4.4,6.5,,,,,,,,,,,,,
2023-12-09,Crystal Palace,Liverpool,6.0,4.5,1.5,6.0,4.4,1.51,,,,6.3,4.59,1.51,6.65,4.7,1.5,E0 (3).csv,6.0,4.5,1.5,6.0,4.5,1.44,6.5,4.33,1.45,,,,,,,,,,,,,
2023-12-09,Man United,Bournemouth,1.55,4.33,5.75,1.55,4.5,5.25,,,,1.55,4.7,5.52,1.67,4.48,4.78,E0 (3).csv,1.55,4.5,5.5,1.5,4.6,5.5,1.5,4.33,5.5,,,,,,,,,,,,,
2023-12-10,Everton,Chelsea,3.1,3.5,2.25,2.95,3.6,2.25,,,,3.03,3.59,2.36,2.55,3.45,2.88,E0 (3).csv,3.05,3.55,2.3,2.88,3.7,2.2,3.0,3.4,2.25,,,,,,,,,,,,,
2023-12-10,Fulham,West Ham,2.38,3.5,2.9,2.37,3.5,2.85,,,,2.44,3.4,3.03,2.19,3.6,3.41,E0 (3).csv,2.35,3.5,2.95,2.3,3.6,2.75,2.3,3.4,2.9,,,,,,,,,,,,,
2023-12-10,Luton,Man City,17.0,8.0,1.14,16.0,8.5,1.16,,,,18.31,10.09,1.13,16.0,7.8,1.18,E0 (3).csv,17.0,8.5,1.15,19.0,8.0,1.11,19.0,8.0,1.11,,,,,,,,,,,,,
2023-12-10,Tottenham,Newcastle,2.15,3.8,3.1,2.15,3.8,3.0,,,,2.23,3.84,3.08,2.06,4.0,3.41,E0 (3).csv,2.2,3.8,3.0,2.15,3.8,2.88,2.15,3.6,3.0,,,,,,,,,,,,,
2023-12-15,Nott'm Forest,Tottenham,4.2,4.2,1.73,4.4,4.0,1.72,,,,4.51,4.14,1.76,5.14,4.19,1.68,E0 (3).csv,4.3,4.1,1.73,4.4,4.0,1.67,4.6,4.0,1.73,,,,,,,,,,,,,
2023-12-16,Chelsea,Sheffield United,1.22,6.5,13.0,1.23,6.5,12.0,,,,1.24,6.69,11.68,1.18,8.04,15.9,E0 (3).csv,1.25,6.25,12.0,1.22,6.0,12.0,1.2,6.0,13.0,,,,,,,,,,,,,
2023-12-16,Man City,Crystal Palace,1.18,8.0,13.0,1.18,7.75,15.0,,,,1.17,7.98,15.35,1.18,7.6,20.24,E0 (3).csv,1.2,7.25,15.0,1.14,7.5,15.0,1.14,7.0,17.0,,,,,,,,,,,,,
2023-12-16,Newcastle,Fulham,1.8,3.8,4.0,1.85,3.8,3.9,,,,1.87,3.94,4.04,1.92,3.83,4.07,E0 (3).csv,1.85,3.85,3.95,1.8,3.9,3.8,1.8,3.7,4.0,,,,,,,,,,,,,
2023-12-16,Burnley,Everton,3.6,3.4,2.1,3.4,3.4,2.1,,,,3.66,3.44,2.13,3.28,3.57,2.26,E0 (3).csv,3.45,3.4,2.15,3.3,3.5,2.05,3.5,3.25,2.1,,,,,,,,,,,,,
2023-12-17,Liverpool,Man United,1.3,6.0,8.0,1.31,6.0,8.25,,,,1.32,5.99,8.37,1.33,6.1,8.5,E0 (3).csv,1.33,6.0,7.75,1.25,6.0,8.5,1.29,5.75,8.5,,,,,,,,,,,,,
2023-12-17,Brentford,Aston Villa,3.2,3.75,2.1,3.1,3.6,2.15,,,,3.24,3.73,2.19,3.18,3.46,2.36,E0 (3).csv,3.2,3.7,2.15,3.2,3.7,2.05,3.2,3.5,2.1,,,,,,,,,,,,,
2023-12-17,Arsenal,Brighton,1.44,5.0,6.0,1.47,4.6,6.25,,,,1.48,4.76,6.67,1.47,4.88,6.82,E0 (3).csv,1.5,4.7,6.0,1.44,4.6,6.0,1.44,4.4,6.5,,,,,,,,,,,,,
2023-12-17,West Ham,Wolves,2.15,3.5,3.3,2.2,3.5,3.2,,,,2.12,3.62,3.5,1.9,3.65,4.34,E0 (3).csv,2.15,3.5,3.3,2.1,3.5,3.2,2.1,3.3,3.4,,,,,,,,,,,,,
2023-12-21,Crystal Palace,Brighton,3.3,3.3,2.15,3.25,3.5,2.15,,,,3.4,3.47,2.22,3.23,3.37,2.38,E0 (3).csv,3.3,3.45,2.2,3.2,3.6,2.05,3.25,3.3,2.15,,,,,,,,,,,,,
2023-12-22,Aston Villa,Sheffield United,1.22,6.5,12.0,1.25,6.5,10.5,,,,1.24,6.98,11.3,1.22,7.3,12.5,E0 (3).csv,1.22,6.5,12.0,1.22,6.0,11.0,1.22,6.5,12.0,,,,,,,,,,,,,
2023-12-23,Luton,Newcastle,4.75,4.2,1.65,5.0,4.1,1.62,,,,4.91,4.36,1.65,5.32,4.12,1.67,E0 (3).csv,4.9,4.1,1.65,4.8,4.0,1.62,5.25,3.8,1.62,,,,,,,,,,,,,
2023-12-23,Nott'm Forest,Bournemouth,2.75,3.4,2.55,2.8,3.4,2.45,,,,2.74,3.52,2.61,2.94,3.45,2.52,E0 (3).csv,2.75,3.45,2.5,2.7,3.5,2.38,2.7,3.3,2.5,,,,,,,,,,,,,
2023-12-23,Tottenham,Everton,1.75,4.2,4.0,1.8,4.0,3.9,,,,1.8,4.29,4.05,1.7,4.29,4.76,E0 (3).csv,1.8,4.1,4.0,1.73,4.0,4.0,1.73,3.9,4.2,,,,,,,,,,,,,
2023-12-23,Liverpool,Arsenal,2.38,3.6,2.8,2.35,3.6,2.8,,,,2.47,3.63,2.84,2.52,3.66,2.8,E0 (3).csv,2.45,3.6,2.75,2.3,3.6,2.75,2.3,3.4,2.8,,,,,,,,,,,,,
2023-12-23,West Ham,Man United,2.6,3.6,2.6,2.55,3.6,2.55,,,,2.65,3.65,2.62,2.1,3.89,3.39,E0 (3).csv,2.55,3.6,2.6,2.5,3.6,2.5,2.63,3.5,2.6,,,,,,,,,,,,,
2023-12-23,Fulham,Burnley,1.67,3.75,5.25,1.66,4.0,5.0,,,,1.7,3.96,5.12,1.71,3.93,5.24,E0 (3).csv,1.7,3.85,4.9,1.67,3.8,4.75,1.65,3.7,5.0,,,,,,,,,,,,,
2023-12-24,Wolves,Chelsea,3.75,3.75,1.91,3.6,3.6,1.98,,,,3.77,3.76,1.99,3.34,3.65,2.2,E0 (3).csv,3.7,3.7,1.95,3.6,3.6,1.91,3.7,3.5,1.93,,,,,,,,,,,,,
2023-12-26,Newcastle,Nott'm Forest,1.5,4.33,5.75,1.5,4.33,6.25,,,,1.51,4.42,6.64,1.4,5.15,8.1,E0 (3).csv,1.53,4.4,6.25,1.44,4.33,6.5,1.5,4.0,6.5,,,,,,,,,,,,,
2023-12-26,Bournemouth,Fulham,2.15,3.6,3.2,2.2,3.5,3.1,,,,2.22,3.69,3.2,1.92,3.9,3.97,E0 (3).csv,2.2,3.6,3.15,2.15,3.5,3.1,2.15,3.5,3.13,,,,,,,,,,,,,
2023-12-26,Sheffield United,Luton,2.3,3.3,3.1,2.35,3.25,3.0,,,,2.46,3.32,3.07,2.46,3.29,3.15,E0 (3).csv,2.35,3.3,3.05,2.3,3.25,3.0,2.38,3.13,3.0,,,,,,,,,,,,,
2023-12-26,Burnley,Liverpool,6.5,5.25,1.4,7.0,5.25,1.39,,,,8.02,5.32,1.38,7.85,5.65,1.38,E0 (3).csv,7.0,5.25,1.4,7.5,5.0,1.35,7.5,4.8,1.36,,,,,,,,,,,,,
2023-12-26,Man United,Aston Villa,2.6,3.5,2.6,2.45,3.6,2.65,,,,2.68,3.62,2.61,2.35,3.77,2.98,E0 (3).csv,2.6,3.6,2.6,2.5,3.6,2.5,2.55,3.5,2.5,,,,,,,,,,,,,
2023-12-27,Brentford,Wolves,1.95,3.5,4.2,1.95,3.5,3.8,,,,1.94,3.66,4.07,2.25,3.39,3.46,E0 (3).csv,1.95,3.5,3.9,1.85,3.6,3.9,1.91,3.4,3.9,,,,,,,,,,,,,
2023-12-27,Chelsea,Crystal Palace,1.67,4.0,5.0,1.65,3.9,5.0,,,,1.72,3.89,5.06,1.81,3.76,4.72,E0 (3).csv,1.7,3.9,4.9,1.65,3.9,4.6,1.65,3.7,5.0,,,,,,,,,,,,,
2023-12-27,Everton,Man City,5.75,4.0,1.57,5.5,4.1,1.58,,,,6.32,4.1,1.57,5.5,3.97,1.68,E0 (3).csv,5.5,4.2,1.6,5.5,4.2,1.53,5.75,4.0,1.53,,,,,,,,,,,,,
2023-12-28,Arsenal,West Ham,1.33,5.5,7.5,1.33,5.5,9.0,,,,1.36,5.49,8.28,1.29,6.09,10.81,E0 (3).csv,1.35,5.25,8.0,1.3,5.5,8.0,1.3,5.0,9.0,,,,,,,,,,,,,
2023-12-28,Brighton,Tottenham,2.5,3.6,2.6,2.4,3.8,2.6,,,,2.53,4.05,2.56,2.48,3.92,2.71,E0 (3).csv,2.55,3.8,2.55,2.4,3.9,2.5,2.45,3.75,2.5,,,,,,,,,,,,,
2023-12-30,Luton,Chelsea,6.5,4.2,1.5,5.75,4.4,1.53,,,,6.05,4.65,1.52,5.55,4.6,1.58,E0 (3).csv,5.75,4.5,1.53,5.8,4.4,1.5,6.0,4.2,1.5,,,,,,,,,,,,,
2023-12-30,Man City,Sheffield United,1.08,11.0,29.0,1.09,12.0,26.0,,,,1.07,14.55,28.9,1.07,14.0,36.0,E0 (3).csv,1.08,11.0,26.0,1.04,12.0,29.0,1.06,10.5,26.0,,,,,,,,,,,,,
2023-12-30,Crystal Palace,Brentford,2.2,3.3,3.4,2.2,3.25,3.3,,,,2.22,3.3,3.58,2.15,3.27,3.89,E0 (3).csv,2.25,3.3,3.3,2.15,3.4,3.2,2.15,3.2,3.4,,,,,,,,,,,,,
2023-12-30,Aston Villa,Burnley,1.36,5.25,7.5,1.38,5.0,7.75,,,,1.38,5.29,8.1,1.41,5.3,7.94,E0 (3).csv,1.37,5.25,7.75,1.33,5.0,8.0,1.33,4.8,8.5,,,,,,,,,,,,,
2023-12-30,Wolves,Everton,2.63,3.3,2.7,2.55,3.4,2.7,,,,2.67,3.41,2.74,2.97,3.24,2.61,E0 (3).csv,2.6,3.3,2.7,2.5,3.4,2.6,2.55,3.2,2.7,,,,,,,,,,,,,
2023-12-30,Nott'm Forest,Man United,3.2,3.6,2.15,3.2,3.6,2.15,,,,3.33,3.72,2.15,3.31,3.66,2.21,E0 (3).csv,3.2,3.6,2.15,3.1,3.6,2.1,3.25,3.5,2.1,,,,,,,,,,,,,
2023-12-31,Fulham,Arsenal,5.25,4.5,1.55,5.5,4.1,1.58,,,,5.94,4.29,1.57,5.78,4.22,1.61,E0 (3).csv,5.5,4.3,1.57,5.5,4.2,1.53,5.75,4.0,1.53,,,,,,,,,,,,,
2023-12-31,Tottenham,Bournemouth,1.75,4.2,4.0,1.75,4.2,4.0,,,,1.77,4.42,4.08,1.79,4.59,3.92,E0 (3).csv,1.8,4.3,3.9,1.7,4.2,4.0,1.73,4.1,4.0,,,,,,,,,,,,,
2024-01-01,Liverpool,Newcastle,1.45,4.5,7.0,1.46,4.8,6.0,,,,1.45,4.96,6.69,1.38,5.7,7.75,E0 (3).csv,1.47,4.9,6.0,1.4,4.8,6.5,1.4,4.8,6.5,,,,,,,,,,,,,
2024-01-02,West Ham,Brighton,2.45,3.75,2.75,2.4,3.7,2.7,,,,2.52,3.68,2.74,3.19,3.65,2.27,E0 (3).csv,2.45,3.7,2.7,2.38,3.7,2.6,2.38,3.5,2.7,,,,,,,,,,,,,
2024-01-12,Burnley,Luton,2.0,3.6,3.6,2.0,3.5,3.6,,,,2.06,3.58,3.8,2.18,3.47,3.6,E0 (3).csv,,,,1.91,3.6,3.6,2.0,3.5,3.8,,,,,,,,,,,,,
2024-01-13,Chelsea,Fulham,1.6,4.2,5.25,1.58,4.33,5.25,,,,1.65,4.22,5.13,1.67,4.15,5.3,E0 (3).csv,,,,1.6,4.2,4.75,1.6,4.2,5.25,,,,,,,,,,,,,
2024-01-13,Newcastle,Man City,5.5,4.33,1.55,5.25,4.33,1.57,,,,5.63,4.53,1.56,5.1,4.25,1.67,E0 (3).csv,,,,5.5,4.33,1.53,5.5,4.1,1.53,,,,,,,,,,,,,
2024-01-14,Everton,Aston Villa,2.8,3.5,2.45,2.8,3.6,2.35,,,,2.81,3.62,2.49,2.55,3.61,2.79,E0 (3).csv,,,,2.7,3.6,2.38,2.75,3.4,2.4,,,,,,,,,,,,,
2024-01-14,Man United,Tottenham,2.2,3.75,3.0,2.15,3.9,2.95,,,,2.22,3.97,3.01,1.99,4.02,3.59,E0 (3).csv,,,,2.15,3.9,2.88,2.15,3.75,2.9,,,,,,,,,,,,,
2024-01-20,Arsenal,Crystal Palace,1.3,5.75,9.0,1.3,5.5,10.5,,,,1.29,5.85,10.86,1.27,6.15,12.65,E0 (3).csv,,,,1.25,5.5,11.0,1.25,5.75,13.0,,,,,,,,,,,,,
2024-01-20,Brentford,Nott'm Forest,1.91,3.6,4.0,1.93,3.6,3.75,,,,1.85,3.83,4.29,1.78,3.86,4.81,E0 (3).csv,,,,1.85,3.7,3.75,1.83,3.5,4.1,,,,,,,,,,,,,
2024-01-21,Sheffield United,West Ham,3.4,3.3,2.2,3.4,3.4,2.15,,,,3.45,3.47,2.2,2.82,3.35,2.67,E0 (3).csv,,,,3.3,3.5,2.05,3.4,3.25,2.1,,,,,,,,,,,,,
2024-01-21,Bournemouth,Liverpool,4.2,4.5,1.7,4.4,4.2,1.68,,,,4.41,4.36,1.72,4.49,4.46,1.71,E0 (3).csv,,,,4.2,4.2,1.67,4.4,4.0,1.67,,,,,,,,,,,,,
2024-01-22,Brighton,Wolves,1.65,4.33,5.0,1.66,4.2,4.6,,,,1.66,4.28,5.01,1.67,4.25,5.15,E0 (3).csv,,,,1.57,4.2,5.0,1.6,4.0,5.0,,,,,,,,,,,,,
2024-01-30,Fulham,Everton,2.45,3.2,3.0,2.4,3.25,2.95,,,,2.46,3.32,3.08,2.23,3.27,3.64,E0 (3).csv,,,,2.3,3.4,2.9,2.4,3.3,3.0,,,,,,,,,,,,,
2024-01-30,Luton,Brighton,4.2,4.2,1.75,4.2,4.0,1.77,,,,4.43,4.06,1.78,4.29,3.99,1.83,E0 (3).csv,,,,4.0,4.0,1.73,4.5,3.9,1.75,,,,,,,,,,,,,
2024-01-30,Aston Villa,Newcastle,1.85,4.0,3.8,1.85,4.0,4.0,,,,1.85,4.05,4.02,1.86,4.08,4.06,E0 (3).csv,,,,1.83,3.9,3.6,1.83,4.0,3.9,,,,,,,,,,,,,
2024-01-30,Nott'm Forest,Arsenal,7.5,5.0,1.4,7.5,5.0,1.39,,,,7.77,5.14,1.4,9.02,5.14,1.38,E0 (3).csv,,,,8.0,4.8,1.35,8.5,5.0,1.36,,,,,,,,,,,,,
2024-01-30,Crystal Palace,Sheffield United,1.62,3.6,6.5,1.63,3.75,5.5,,,,1.64,3.93,5.81,1.61,4.01,6.2,E0 (3).csv,,,,1.6,3.75,5.5,1.62,3.8,6.0,,,,,,,,,,,,,
2024-01-31,Liverpool,Chelsea,1.57,4.33,5.25,1.58,4.4,5.0,,,,1.58,4.64,5.29,1.66,4.46,4.89,E0 (3).csv,,,,1.53,4.6,4.8,1.53,4.33,5.25,,,,,,,,,,,,,
2024-01-31,Man City,Burnley,1.08,12.0,21.0,1.1,11.0,23.0,,,,1.11,12.41,18.6,1.11,11.5,23.0,E0 (3).csv,,,,1.06,11.0,23.0,1.07,10.0,26.0,,,,,,,,,,,,,
2024-01-31,Tottenham,Brentford,1.67,4.2,4.75,1.55,4.5,5.25,,,,1.69,4.32,4.7,1.62,4.56,5.18,E0 (3).csv,,,,1.6,4.33,4.5,1.62,4.1,4.6,,,,,,,,,,,,,
2024-02-01,West Ham,Bournemouth,2.4,3.75,2.75,2.35,3.7,2.75,,,,2.45,3.71,2.8,2.51,3.54,2.89,E0 (3).csv,,,,2.38,3.7,2.6,2.38,3.5,2.7,,,,,,,,,,,,,
2024-02-01,Wolves,Man United,2.63,3.6,2.55,2.7,3.6,2.4,,,,2.7,3.51,2.64,3.01,3.46,2.46,E0 (3).csv,,,,2.62,3.6,2.38,2.6,3.4,2.5,,,,,,,,,,,,,
2024-02-03,Everton,Tottenham,3.0,3.6,2.25,2.8,3.6,2.37,,,,2.97,3.71,2.34,3.1,3.74,2.28,E0 (3).csv,,,,2.75,3.7,2.25,3.0,3.6,2.3,,,,,,,,,,,,,
2024-02-03,Brighton,Crystal Palace,1.7,4.0,4.75,1.66,4.0,4.8,,,,1.71,4.04,4.85,1.74,3.82,5.23,E0 (3).csv,,,,1.6,4.0,5.0,1.67,3.8,4.75,,,,,,,,,,,,,
2024-02-03,Burnley,Fulham,2.9,3.4,2.38,2.87,3.4,2.4,,,,2.98,3.5,2.43,2.97,3.28,2.59,E0 (3).csv,,,,2.88,3.5,2.25,2.9,3.25,2.38,,,,,,,,,,,,,
2024-02-03,Newcastle,Luton,1.44,4.75,6.5,1.42,4.8,6.75,,,,1.42,5.07,7.23,1.54,4.69,5.92,E0 (3).csv,,,,1.4,4.8,6.5,1.4,4.6,7.0,,,,,,,,,,,,,
2024-02-03,Sheffield United,Aston Villa,5.25,4.2,1.62,5.0,4.2,1.6,,,,5.02,4.36,1.65,5.35,4.3,1.64,E0 (3).csv,,,,5.0,4.2,1.57,5.25,4.0,1.6,,,,,,,,,,,,,
2024-02-04,Bournemouth,Nott'm Forest,1.7,4.2,4.5,1.68,4.1,4.6,,,,1.71,4.2,4.68,1.66,4.37,5.01,E0 (3).csv,,,,1.65,4.0,4.5,1.65,3.9,4.75,,,,,,,,,,,,,
2024-02-04,Chelsea,Wolves,1.62,4.0,5.5,1.62,4.2,5.0,,,,1.63,4.29,5.27,1.54,4.63,6.02,E0 (3).csv,,,,1.57,4.2,5.0,1.57,4.0,5.25,,,,,,,,,,,,,
2024-02-04,Man United,West Ham,1.62,4.2,5.0,1.68,4.1,4.75,,,,1.65,4.31,5.05,1.56,4.59,5.9,E0 (3).csv,,,,1.62,4.0,4.75,1.62,4.0,4.8,,,,,,,,,,,,,
2024-02-04,Arsenal,Liverpool,2.2,3.6,3.1,2.25,3.6,2.95,,,,2.24,3.72,3.15,2.2,3.75,3.26,E0 (3).csv,,,,2.15,3.75,2.9,2.15,3.5,3.1,,,,,,,,,,,,,
2024-02-05,Brentford,Man City,7.0,4.75,1.4,6.75,4.8,1.43,,,,7.44,5.09,1.41,7.8,5.4,1.39,E0 (3).csv,,,,7.0,5.0,1.36,7.5,4.8,1.36,,,,,,,,,,,,,
2024-02-10,Wolves,Brentford,2.1,3.6,3.4,2.15,3.6,3.2,,,,2.14,3.65,3.42,2.27,3.54,3.28,E0 (3).csv,,,,2.0,3.6,3.4,2.05,3.5,3.3,,,,,,,,,,,,,
2024-02-10,Tottenham,Brighton,1.8,4.2,3.8,1.85,4.1,3.7,,,,1.81,4.35,3.92,1.72,4.64,4.27,E0 (3).csv,,,,1.8,4.2,3.6,1.75,4.0,3.9,,,,,,,,,,,,,
2024-02-10,Nott'm Forest,Newcastle,3.3,3.75,2.05,3.3,3.6,2.1,,,,3.29,3.81,2.14,3.32,3.79,2.16,E0 (3).csv,,,,3.2,3.7,2.05,3.3,3.5,2.05,,,,,,,,,,,,,
2024-02-10,Liverpool,Burnley,1.17,8.0,17.0,1.17,8.0,15.0,,,,1.16,8.71,15.08,1.16,9.27,15.41,E0 (3).csv,,,,1.14,8.0,15.0,1.13,8.0,15.0,,,,,,,,,,,,,
2024-02-10,Fulham,Bournemouth,2.38,3.5,2.8,2.3,3.5,2.9,,,,2.46,3.6,2.87,2.64,3.5,2.76,E0 (3).csv,,,,2.25,3.6,2.8,2.38,3.4,2.8,,,,,,,,,,,,,
2024-02-10,Man City,Everton,1.18,8.0,13.0,1.22,7.0,11.5,,,,1.19,7.68,13.24,1.24,6.85,12.25,E0 (3).csv,,,,1.18,7.0,12.0,1.18,6.5,13.0,,,,,,,,,,,,,
2024-02-10,Luton,Sheffield United,1.75,3.75,4.75,1.75,3.75,4.5,,,,1.79,3.85,4.6,1.72,4.05,4.96,E0 (3).csv,,,,1.7,3.9,4.4,1.73,3.6,4.6,,,,,,,,,,,,,
2024-02-11,West Ham,Arsenal,6.0,4.33,1.53,5.5,4.2,1.57,,,,5.95,4.4,1.56,6.25,4.4,1.56,E0 (3).csv,,,,5.5,4.33,1.5,6.0,4.1,1.5,,,,,,,,,,,,,
2024-02-11,Aston Villa,Man United,2.15,3.75,3.1,2.15,3.75,3.1,,,,2.16,3.91,3.18,2.18,3.93,3.18,E0 (3).csv,,,,2.1,3.8,3.0,2.1,3.6,3.1,,,,,,,,,,,,,
2024-02-12,Crystal Palace,Chelsea,4.2,3.8,1.85,4.1,3.6,1.87,,,,4.25,3.86,1.85,5.04,3.99,1.72,E0 (3).csv,,,,3.9,3.7,1.83,4.2,3.6,1.8,,,,,,,,,,,,,
2024-02-17,Man City,Chelsea,1.33,5.5,8.0,1.35,5.5,7.75,,,,1.34,5.71,8.37,1.31,6.6,8.75,E0 (3).csv,,,,1.3,5.5,8.0,1.3,5.25,8.5,,,,,,,,,,,,,
2024-02-17,Tottenham,Wolves,1.53,4.75,5.25,1.57,4.5,5.0,,,,1.55,4.87,5.36,1.51,5.01,5.84,E0 (3).csv,,,,1.5,4.6,5.5,1.5,4.4,5.5,,,,,,,,,,,,,
2024-02-17,Nott'm Forest,West Ham,2.38,3.5,2.9,2.4,3.5,2.8,,,,2.47,3.5,2.92,2.29,3.54,3.24,E0 (3).csv,,,,2.3,3.5,2.8,2.38,3.3,2.88,,,,,,,,,,,,,
2024-02-17,Fulham,Aston Villa,2.9,3.75,2.2,2.87,3.7,2.25,,,,2.97,3.76,2.32,3.1,3.74,2.28,E0 (3).csv,,,,2.88,3.7,2.2,2.9,3.6,2.2,,,,,,,,,,,,,
2024-02-17,Burnley,Arsenal,10.0,5.75,1.29,9.25,5.75,1.3,,,,9.78,5.73,1.31,10.32,6.08,1.29,E0 (3).csv,,,,10.0,5.5,1.29,10.5,5.25,1.25,,,,,,,,,,,,,
2024-02-17,Brentford,Liverpool,5.5,4.33,1.57,5.0,4.4,1.6,,,,5.27,4.59,1.59,4.85,4.45,1.66,E0 (3).csv,,,,5.5,4.33,1.5,5.25,4.2,1.55,,,,,,,,,,,,,
2024-02-17,Newcastle,Bournemouth,1.83,4.2,3.75,1.8,4.1,3.9,,,,1.87,4.15,3.84,2.0,3.94,3.64,E0 (3).csv,,,,1.75,4.2,3.7,1.8,3.9,3.75,,,,,,,,,,,,,
2024-02-18,Sheffield United,Brighton,5.0,4.2,1.62,4.75,4.1,1.65,,,,4.99,4.4,1.64,4.91,4.32,1.68,E0 (3).csv,,,,4.5,4.2,1.62,5.0,4.0,1.6,,,,,,,,,,,,,
2024-02-18,Luton,Man United,4.0,4.0,1.8,3.8,3.9,1.85,,,,4.17,4.13,1.81,4.32,4.14,1.79,E0 (3).csv,,,,3.9,4.0,1.75,4.1,3.9,1.75,,,,,,,,,,,,,
2024-02-19,Everton,Crystal Palace,1.7,3.6,5.25,1.75,3.5,5.0,,,,1.72,3.79,5.26,1.83,3.49,5.06,E0 (3).csv,,,,1.67,3.6,5.0,1.67,3.5,5.25,,,,,,,,,,,,,
2024-02-20,Man City,Brentford,1.18,8.0,13.0,1.19,7.75,13.5,,,,1.17,8.67,15.04,1.18,8.5,15.0,E0 (3).csv,,,,1.15,7.0,15.0,1.15,8.0,17.0,,,,,,,,,,,,,
2024-02-21,Liverpool,Luton,1.2,7.0,13.0,1.19,7.75,13.0,,,,1.19,7.94,12.93,1.25,6.93,10.47,E0 (3).csv,,,,1.14,8.0,13.0,1.17,7.0,13.0,,,,,,,,,,,,,
2024-02-24,Arsenal,Newcastle,1.36,5.25,8.0,1.38,5.25,7.25,,,,1.4,5.32,7.33,1.36,5.75,8.2,E0 (3).csv,,,,1.33,5.5,7.0,1.33,5.0,8.0,,,,,,,,,,,,,
2024-02-24,Bournemouth,Man City,7.0,5.25,1.4,6.5,5.0,1.42,,,,7.2,5.14,1.42,6.75,5.2,1.45,E0 (3).csv,,,,6.5,5.0,1.4,7.0,4.8,1.36,,,,,,,,,,,,,
2024-02-24,Brighton,Everton,1.83,3.8,4.2,1.88,3.75,3.9,,,,1.82,4.04,4.2,1.87,3.98,4.1,E0 (3).csv,,,,1.8,3.9,3.75,1.8,3.7,4.0,,,,,,,,,,,,,
2024-02-24,Crystal Palace,Burnley,1.95,3.5,4.0,2.0,3.4,3.8,,,,2.03,3.45,3.98,1.98,3.54,4.13,E0 (3).csv,,,,1.91,3.5,3.75,1.95,3.25,3.9,,,,,,,,,,,,,
2024-02-24,Man United,Fulham,1.57,4.33,5.5,1.55,4.4,5.25,,,,1.61,4.48,5.21,1.65,4.26,5.24,E0 (3).csv,,,,1.5,4.4,5.5,1.55,4.2,5.25,,,,,,,,,,,,,
2024-02-24,Aston Villa,Nott'm Forest,1.53,4.5,5.75,1.55,4.5,5.5,,,,1.57,4.52,5.55,1.61,4.51,5.37,E0 (3).csv,,,,1.44,4.6,5.8,1.53,4.2,5.5,,,,,,,,,,,,,
2024-02-25,Wolves,Sheffield United,1.44,4.75,7.0,1.41,4.5,6.25,,,,1.43,4.66,7.0,1.49,4.65,6.92,E0 (3).csv,,,,1.44,4.6,6.0,1.4,4.4,7.0,,,,,,,,,,,,,
2024-02-26,West Ham,Brentford,2.5,3.5,2.75,2.45,3.6,2.7,,,,2.57,3.68,2.68,2.33,3.6,3.12,E0 (3).csv,,,,2.45,3.5,2.6,2.45,3.4,2.7,,,,,,,,,,,,,
2024-03-02,Brentford,Chelsea,3.1,3.75,2.15,3.0,3.75,2.2,,,,3.04,3.95,2.21,3.28,3.74,2.2,E0 (3).csv,,,,3.1,3.75,2.2,3.0,3.7,2.15,,,,,,,,,,,,,
2024-03-02,Everton,West Ham,2.05,3.6,3.5,2.05,3.4,3.6,,,,2.1,3.57,3.62,2.17,3.56,3.49,E0 (3).csv,,,,2.1,3.6,3.4,2.05,3.4,3.4,,,,,,,,,,,,,
2024-03-02,Fulham,Brighton,2.55,3.6,2.63,2.65,3.6,2.5,,,,2.6,3.59,2.7,2.62,3.44,2.81,E0 (3).csv,,,,2.62,3.7,2.62,2.5,3.5,2.55,,,,,,,,,,,,,
2024-03-02,Newcastle,Wolves,1.91,4.0,3.6,1.9,3.8,3.7,,,,1.89,4.01,3.89,1.73,4.28,4.58,E0 (3).csv,,,,1.87,3.9,3.75,1.85,3.75,3.75,,,,,,,,,,,,,
2024-03-02,Tottenham,Crystal Palace,1.5,4.33,6.5,1.47,4.6,6.25,,,,1.52,4.51,6.26,1.54,4.6,6.11,E0 (3).csv,,,,1.5,4.4,6.0,1.45,4.5,6.0,,,,,,,,,,,,,
2024-03-02,Luton,Aston Villa,4.33,4.2,1.73,4.1,4.1,1.77,,,,4.34,4.44,1.72,4.55,4.5,1.7,E0 (3).csv,,,,4.2,4.2,1.73,4.33,4.1,1.67,,,,,,,,,,,,,
2024-03-02,Nott'm Forest,Liverpool,6.0,4.33,1.53,5.5,4.6,1.52,,,,5.69,4.73,1.54,5.41,4.51,1.6,E0 (3).csv,,,,5.5,4.6,1.53,5.5,4.4,1.5,,,,,,,,,,,,,
2024-03-03,Burnley,Bournemouth,3.75,3.6,1.95,3.7,3.75,1.93,,,,3.79,3.83,1.96,3.8,3.8,1.99,E0 (3).csv,,,,3.6,3.8,1.91,3.7,3.6,1.9,,,,,,,,,,,,,
2024-03-03,Man City,Man United,1.25,5.75,11.0,1.26,6.25,10.0,,,,1.27,6.39,10.06,1.24,7.2,10.75,E0 (3).csv,,,,1.25,6.5,10.0,1.22,6.0,11.0,,,,,,,,,,,,,
2024-03-04,Sheffield United,Arsenal,17.0,7.0,1.18,15.5,7.75,1.18,,,,16.74,8.18,1.16,17.5,7.75,1.18,E0 (3).csv,,,,15.0,8.0,1.15,17.0,7.5,1.13,,,,,,,,,,,,,
2024-03-09,Wolves,Fulham,2.5,3.4,2.75,2.5,3.5,2.7,,,,2.52,3.46,2.88,2.56,3.44,2.89,E0 (3).csv,,,,2.6,3.3,2.7,2.45,3.3,2.75,,,,,,,,,,,,,
2024-03-09,Arsenal,Brentford,1.22,7.0,11.0,1.23,6.75,12.0,,,,1.23,6.96,11.44,1.22,7.5,13.0,E0 (3).csv,,,,1.2,7.0,12.0,1.2,6.5,12.0,,,,,,,,,,,,,
2024-03-09,Crystal Palace,Luton,1.75,3.8,4.2,1.77,3.8,4.4,,,,1.77,3.95,4.58,1.92,3.76,4.12,E0 (3).csv,,,,1.73,3.9,4.4,1.73,3.7,4.5,,,,,,,,,,,,,
2024-03-09,Man United,Everton,1.83,3.6,4.0,1.82,3.9,4.0,,,,1.84,3.93,4.2,1.95,3.74,4.01,E0 (3).csv,,,,1.85,3.9,3.8,1.83,3.8,4.1,,,,,,,,,,,,,
2024-03-09,Bournemouth,Sheffield United,1.33,5.25,8.0,1.35,5.25,8.0,,,,1.35,5.55,8.52,1.34,5.79,8.51,E0 (3).csv,,,,1.33,5.5,8.5,1.3,5.25,9.0,,,,,,,,,,,,,
2024-03-10,Aston Villa,Tottenham,2.38,4.0,2.6,2.35,4.0,2.6,,,,2.47,3.98,2.65,2.55,3.86,2.66,E0 (3).csv,,,,2.38,4.2,2.5,2.38,3.8,2.55,,,,,,,,,,,,,
2024-03-10,Brighton,Nott'm Forest,1.8,4.0,4.0,1.73,4.0,4.33,,,,1.81,4.01,4.26,1.63,4.39,5.3,E0 (3).csv,,,,1.75,4.0,4.2,1.75,3.75,4.2,,,,,,,,,,,,,
2024-03-10,West Ham,Burnley,1.67,4.0,4.75,1.65,4.1,5.0,,,,1.69,4.06,5.04,1.66,4.08,5.43,E0 (3).csv,,,,1.65,4.0,4.8,1.62,3.9,5.0,,,,,,,,,,,,,
2024-03-10,Liverpool,Man City,3.0,3.75,2.2,2.9,3.75,2.2,,,,3.02,3.8,2.28,3.48,3.9,2.06,E0 (3).csv,,,,2.9,3.8,2.2,2.88,3.7,2.2,,,,,,,,,,,,,
2024-03-11,Chelsea,Newcastle,1.91,4.0,3.6,1.87,4.0,3.6,,,,1.96,4.07,3.59,1.85,4.31,3.91,E0 (3).csv,,,,1.85,4.2,3.5,1.9,3.8,3.5,,,,,,,,,,,,,
2024-03-13,Bournemouth,Luton,1.5,4.75,5.75,1.5,4.6,5.75,,,,1.51,4.71,6.18,1.53,4.89,5.69,E0 (3).csv,,,,1.44,4.8,5.8,1.45,4.6,6.0,,,,,,,,,,,,,
2024-03-16,Burnley,Brentford,3.25,3.6,2.15,3.2,3.6,2.15,,,,3.23,3.72,2.2,3.18,3.65,2.28,E0 (3).csv,,,,3.2,3.7,2.1,3.25,3.5,2.1,,,,,,,,,,,,,
2024-03-16,Luton,Nott'm Forest,2.8,3.5,2.45,2.7,3.6,2.45,,,,2.83,3.69,2.44,2.67,3.59,2.67,E0 (3).csv,,,,2.75,3.7,2.38,2.8,3.5,2.3,,,,,,,,,,,,,
2024-03-16,Fulham,Tottenham,3.5,3.8,1.95,3.3,3.8,2.0,,,,3.42,4.09,2.01,3.45,4.0,2.05,E0 (3).csv,,,,3.4,4.0,1.95,3.4,3.75,1.95,,,,,,,,,,,,,
2024-03-17,West Ham,Aston Villa,2.63,3.75,2.45,2.65,3.7,2.45,,,,2.66,3.82,2.52,2.48,3.69,2.83,E0 (3).csv,,,,2.6,3.75,2.45,2.6,3.5,2.45,,,,,,,,,,,,,
2024-03-30,Brentford,Man United,3.0,3.8,2.2,3.0,3.8,2.15,,,,3.09,3.86,2.22,3.39,4.06,2.06,E0 (3).csv,,,,3.0,3.8,2.15,3.0,3.6,2.15,,,,,,,,,,,,,
2024-03-30,Aston Villa,Wolves,1.6,4.33,5.0,1.65,4.2,4.75,,,,1.64,4.46,4.9,1.53,4.41,6.66,E0 (3).csv,,,,1.62,4.33,4.75,1.6,4.0,5.0,,,,,,,,,,,,,
2024-03-30,Tottenham,Luton,1.2,8.0,11.0,1.22,7.25,11.0,,,,1.21,7.6,11.57,1.19,8.37,12.64,E0 (3).csv,,,,1.2,7.5,11.0,1.18,7.0,11.5,,,,,,,,,,,,,
2024-03-30,Bournemouth,Everton,2.2,3.6,3.2,2.15,3.6,3.2,,,,2.24,3.56,3.27,2.18,3.74,3.24,E0 (3).csv,,,,2.1,3.7,3.2,2.1,3.5,3.2,,,,,,,,,,,,,
2024-03-30,Nott'm Forest,Crystal Palace,2.2,3.3,3.4,2.2,3.4,3.2,,,,2.29,3.38,3.34,2.25,3.4,3.43,E0 (3).csv,,,,2.2,3.4,3.25,2.2,3.2,3.25,,,,,,,,,,,,,
2024-03-30,Sheffield United,Fulham,4.5,4.0,1.73,4.4,3.9,1.73,,,,4.89,3.95,1.73,4.89,4.13,1.71,E0 (3).csv,,,,4.6,4.0,1.7,4.75,3.8,1.67,,,,,,,,,,,,,
2024-03-30,Newcastle,West Ham,1.83,4.2,3.8,1.85,4.0,3.75,,,,1.81,4.26,4.0,1.85,4.19,3.96,E0 (3).csv,,,,1.8,4.0,3.9,1.8,3.9,3.8,,,,,,,,,,,,,
2024-03-30,Chelsea,Burnley,1.29,6.0,9.5,1.3,5.75,9.0,,,,1.3,6.12,9.34,1.25,6.66,11.18,E0 (3).csv,,,,1.29,5.8,9.5,1.25,5.75,10.0,,,,,,,,,,,,,
2024-03-31,Liverpool,Brighton,1.36,5.5,7.5,1.39,5.5,6.75,,,,1.37,5.71,7.57,1.29,6.6,9.25,E0 (3).csv,,,,1.36,5.5,7.0,1.33,5.25,7.5,,,,,,,,,,,,,
2024-03-31,Man City,Arsenal,1.91,3.8,3.8,1.93,3.6,3.75,,,,1.92,3.86,3.94,2.09,3.6,3.72,E0 (3).csv,,,,1.91,3.8,3.7,1.85,3.6,3.9,,,,,,,,,,,,,
2024-04-02,Newcastle,Everton,2.0,3.75,3.5,2.0,3.7,3.5,,,,2.03,3.86,3.62,2.03,3.78,3.72,E0 (3).csv,,,,2.0,3.9,3.4,2.0,3.7,3.6,,,,,,,,,,,,,
2024-04-02,Nott'm Forest,Fulham,2.7,3.4,2.63,2.65,3.4,2.55,,,,2.78,3.51,2.61,2.74,3.48,2.66,E0 (3).csv,,,,2.7,3.5,2.62,2.7,3.4,2.6,,,,,,,,,,,,,
2024-04-02,Bournemouth,Crystal Palace,1.95,3.8,3.6,1.98,3.6,3.6,,,,2.02,3.8,3.69,1.89,3.89,4.14,E0 (3).csv,,,,2.0,3.75,3.6,1.95,3.7,3.75,,,,,,,,,,,,,
2024-04-02,Burnley,Wolves,2.45,3.6,2.75,2.5,3.4,2.75,,,,2.55,3.54,2.83,2.36,3.54,3.08,E0 (3).csv,,,,2.5,3.5,2.7,2.55,3.4,2.75,,,,,,,,,,,,,
2024-04-02,West Ham,Tottenham,3.3,4.2,1.95,3.2,4.1,2.0,,,,3.38,4.24,2.01,3.47,4.26,1.99,E0 (3).csv,,,,3.1,4.2,2.0,3.3,4.0,2.0,,,,,,,,,,,,,
2024-04-03,Arsenal,Luton,1.1,10.0,19.0,1.11,10.5,21.0,,,,1.11,11.82,20.95,1.13,10.5,19.5,E0 (3).csv,,,,1.08,11.0,21.0,1.07,10.0,23.0,,,,,,,,,,,,,
2024-04-03,Brentford,Brighton,2.38,3.8,2.75,2.4,3.75,2.7,,,,2.38,3.79,2.86,2.57,3.63,2.75,E0 (3).csv,,,,2.38,3.8,2.7,2.38,3.6,2.7,,,,,,,,,,,,,
2024-04-03,Man City,Aston Villa,1.3,6.0,8.0,1.3,6.0,9.0,,,,1.3,6.32,8.88,1.21,7.5,13.5,E0 (3).csv,,,,1.29,5.8,9.0,1.29,5.5,9.5,,,,,,,,,,,,,
2024-04-04,Liverpool,Sheffield United,1.09,12.0,21.0,1.09,12.0,23.0,,,,1.08,14.33,25.37,1.06,18.5,31.0,E0 (3).csv,,,,1.06,13.0,23.0,1.06,11.0,23.0,,,,,,,,,,,,,
2024-04-04,Chelsea,Man United,2.0,4.0,3.4,2.0,4.0,3.25,,,,2.03,4.03,3.42,1.82,4.41,3.98,E0 (3).csv,,,,1.95,4.2,3.2,2.0,3.9,3.2,,,,,,,,,,,,,
2024-04-06,Brighton,Arsenal,5.0,4.33,1.62,5.0,4.2,1.62,,,,5.25,4.19,1.65,6.55,4.6,1.51,E0 (3).csv,,,,5.0,4.2,1.6,5.25,4.0,1.57,,,,,,,,,,,,,
2024-04-06,Wolves,West Ham,2.5,3.6,2.7,2.45,3.5,2.7,,,,2.53,3.61,2.77,2.91,3.42,2.55,E0 (3).csv,,,,2.4,3.6,2.7,2.45,3.4,2.7,,,,,,,,,,,,,
2024-04-06,Luton,Bournemouth,3.75,3.8,1.91,3.7,4.0,1.85,,,,3.65,4.11,1.93,3.82,4.07,1.92,E0 (3).csv,,,,3.6,4.2,1.85,3.6,3.8,1.87,,,,,,,,,,,,,
2024-04-06,Fulham,Newcastle,2.38,3.8,2.8,2.37,3.75,2.7,,,,2.35,3.87,2.86,2.47,3.7,2.83,E0 (3).csv,,,,2.3,3.9,2.7,2.3,3.7,2.7,,,,,,,,,,,,,
2024-04-06,Aston Villa,Brentford,1.7,4.0,4.75,1.65,4.2,4.75,,,,1.71,4.24,4.62,1.65,4.22,5.31,E0 (3).csv,,,,1.67,4.2,4.5,1.67,4.0,4.5,,,,,,,,,,,,,
2024-04-06,Crystal Palace,Man City,9.5,5.25,1.33,9.0,5.5,1.32,,,,10.64,5.59,1.31,8.8,5.35,1.37,E0 (3).csv,,,,10.0,5.5,1.29,11.0,5.5,1.29,,,,,,,,,,,,,
2024-04-06,Everton,Burnley,1.65,4.0,5.25,1.65,4.0,5.0,,,,1.68,4.18,4.99,1.76,3.92,4.79,E0 (3).csv,,,,1.65,4.0,4.8,1.62,3.8,5.25,,,,,,,,,,,,,
2024-04-07,Man United,Liverpool,4.75,4.5,1.6,4.5,4.5,1.63,,,,4.75,4.84,1.61,5.0,4.85,1.6,E0 (3).csv,,,,4.6,4.5,1.6,4.75,4.4,1.57,,,,,,,,,,,,,
2024-04-07,Sheffield United,Chelsea,7.0,5.25,1.4,6.75,5.0,1.41,,,,6.77,5.35,1.42,6.69,5.28,1.44,E0 (3).csv,,,,6.5,5.0,1.4,7.0,5.0,1.36,,,,,,,,,,,,,
2024-04-07,Tottenham,Nott'm Forest,1.4,5.5,6.5,1.4,5.25,6.75,,,,1.39,5.46,7.33,1.42,5.5,6.9,E0 (3).csv,,,,1.36,5.5,7.0,1.36,5.0,7.0,,,,,,,,,,,,,
2024-04-13,Newcastle,Tottenham,2.7,4.0,2.3,2.7,4.0,2.3,,,,2.8,4.05,2.33,2.65,4.1,2.48,E0 (3).csv,,,,2.7,4.0,2.3,2.75,4.0,2.3,,,,,,,,,,,,,
2024-04-13,Brentford,Sheffield United,1.44,5.0,6.5,1.42,5.0,6.75,,,,1.43,5.22,6.68,1.49,5.03,6.25,E0 (3).csv,,,,1.4,5.0,7.0,1.36,4.75,7.5,,,,,,,,,,,,,
2024-04-13,Burnley,Brighton,3.5,3.75,2.0,3.6,3.75,1.95,,,,3.54,3.8,2.05,3.97,4.06,1.88,E0 (3).csv,,,,3.4,3.9,1.95,3.5,3.6,1.95,,,,,,,,,,,,,
2024-04-13,Man City,Luton,1.1,11.0,19.0,1.11,10.5,21.0,,,,1.09,13.24,24.14,1.08,13.5,26.0,E0 (3).csv,,,,1.07,12.0,23.0,1.07,10.0,23.0,,,,,,,,,,,,,
2024-04-13,Nott'm Forest,Wolves,2.1,3.4,3.5,2.15,3.5,3.25,,,,2.14,3.57,3.5,2.07,3.52,3.81,E0 (3).csv,,,,2.1,3.6,3.25,2.1,3.4,3.3,,,,,,,,,,,,,
2024-04-13,Bournemouth,Man United,2.4,3.9,2.6,2.37,3.9,2.6,,,,2.42,3.83,2.79,2.38,4.1,2.74,E0 (3).csv,,,,2.38,4.0,2.6,2.38,3.75,2.63,,,,,,,,,,,,,
2024-04-14,Arsenal,Aston Villa,1.29,5.75,10.0,1.28,6.0,9.75,,,,1.29,6.27,9.5,1.24,7.0,11.5,E0 (3).csv,,,,1.25,6.0,10.0,1.25,5.5,10.5,,,,,,,,,,,,,
2024-04-14,West Ham,Fulham,2.38,3.6,2.8,2.3,3.6,2.9,,,,2.4,3.66,2.91,2.44,3.68,2.89,E0 (3).csv,,,,2.3,3.7,2.8,2.3,3.5,2.8,,,,,,,,,,,,,
2024-04-14,Liverpool,Crystal Palace,1.22,7.0,12.0,1.21,7.0,12.0,,,,1.19,7.62,14.15,1.18,8.5,14.5,E0 (3).csv,,,,1.18,7.5,13.0,1.18,6.5,13.0,,,,,,,,,,,,,
2024-04-15,Chelsea,Everton,1.7,4.2,4.5,1.66,4.2,4.5,,,,1.73,4.16,4.57,1.67,4.25,5.1,E0 (3).csv,,,,1.62,4.33,4.75,1.67,4.0,4.4,,,,,,,,,,,,,
2024-04-20,Luton,Brentford,3.1,3.75,2.15,3.0,3.7,2.2,,,,3.28,3.76,2.16,2.92,3.54,2.48,E0 (3).csv,,,,3.1,3.7,2.15,3.1,3.6,2.1,,,,,,,,,,,,,
2024-04-20,Sheffield United,Burnley,2.75,3.6,2.45,2.75,3.6,2.37,,,,2.77,3.64,2.52,2.66,3.55,2.7,E0 (3).csv,,,,2.7,3.6,2.4,2.7,3.5,2.4,,,,,,,,,,,,,
2024-04-20,Wolves,Arsenal,8.5,4.5,1.4,7.5,5.0,1.38,,,,8.02,5.14,1.39,11.75,6.6,1.26,E0 (3).csv,,,,8.0,5.0,1.35,8.0,4.6,1.36,,,,,,,,,,,,,
2024-04-21,Everton,Nott'm Forest,2.05,3.5,3.6,2.05,3.5,3.5,,,,2.06,3.52,3.78,2.34,3.3,3.36,E0 (3).csv,,,,2.0,3.6,3.5,2.0,3.4,3.6,,,,,,,,,,,,,
2024-04-21,Aston Villa,Bournemouth,1.85,4.0,3.6,1.85,4.1,3.6,,,,1.87,4.17,3.83,1.87,4.11,4.03,E0 (3).csv,,,,1.85,4.2,3.5,1.8,3.9,3.75,,,,,,,,,,,,,
2024-04-21,Crystal Palace,West Ham,2.1,3.6,3.4,2.15,3.5,3.2,,,,2.12,3.66,3.45,2.23,3.55,3.36,E0 (3).csv,,,,2.15,3.5,3.2,2.1,3.4,3.3,,,,,,,,,,,,,
2024-04-21,Fulham,Liverpool,5.25,4.5,1.57,5.0,4.75,1.53,,,,5.14,4.66,1.59,4.65,4.5,1.68,E0 (3).csv,,,,5.0,4.75,1.53,5.25,4.33,1.53,,,,,,,,,,,,,
2024-04-23,Arsenal,Chelsea,1.44,5.0,6.0,1.44,4.8,6.5,,,,1.45,5.03,6.76,1.41,5.3,7.65,E0 (3).csv,,,,1.5,4.8,7.5,1.4,5.0,7.5,,,,,,,,,,,,,
2024-04-24,Crystal Palace,Newcastle,2.75,3.6,2.4,2.75,3.6,2.4,,,,2.76,3.7,2.49,3.09,3.69,2.31,E0 (3).csv,,,,2.75,3.7,2.38,2.7,3.5,2.38,,,,,,,,,,,,,
2024-04-24,Everton,Liverpool,7.0,5.0,1.4,6.75,4.8,1.43,,,,7.49,5.0,1.42,7.65,5.35,1.4,E0 (3).csv,,,,7.0,5.0,1.4,7.0,4.75,1.4,,,,,,,,,,,,,
2024-04-24,Man United,Sheffield United,1.3,6.5,7.5,1.31,6.0,8.5,,,,1.32,6.28,8.27,1.32,6.3,8.59,E0 (3).csv,,,,1.3,6.0,8.0,1.29,5.5,8.5,,,,,,,,,,,,,
2024-04-24,Wolves,Bournemouth,2.7,3.6,2.5,2.65,3.6,2.5,,,,2.74,3.53,2.6,2.81,3.67,2.5,E0 (3).csv,,,,2.7,3.7,2.38,2.7,3.5,2.4,,,,,,,,,,,,,
2024-04-25,Brighton,Man City,6.5,5.0,1.4,6.5,4.8,1.44,,,,6.84,4.9,1.45,7.9,5.85,1.36,E0 (3).csv,,,,6.5,5.0,1.44,6.5,4.75,1.4,,,,,,,,,,,,,
2024-04-27,Aston Villa,Chelsea,2.15,3.8,3.0,2.15,3.8,2.95,,,,2.14,4.04,3.13,2.05,4.08,3.43,E0 (3).csv,,,,2.2,3.9,2.9,2.1,3.75,3.0,,,,,,,,,,,,,
2024-04-27,Everton,Brentford,2.3,3.5,3.0,2.37,3.5,2.8,,,,2.34,3.54,3.09,3.0,3.44,2.48,E0 (3).csv,,,,2.3,3.6,2.88,2.3,3.3,2.9,,,,,,,,,,,,,
2024-04-27,Wolves,Luton,1.95,3.8,3.6,2.0,3.7,3.4,,,,1.98,3.9,3.65,1.93,3.85,3.96,E0 (3).csv,,,,1.95,3.8,3.5,1.95,3.6,3.5,,,,,,,,,,,,,
2024-04-27,Fulham,Crystal Palace,2.1,3.5,3.5,2.0,3.6,3.5,,,,2.14,3.63,3.43,2.11,3.45,3.78,E0 (3).csv,,,,2.1,3.6,3.3,2.05,3.5,3.3,,,,,,,,,,,,,
2024-04-27,Man United,Burnley,1.5,4.75,5.5,1.51,4.75,5.5,,,,1.53,5.01,5.35,1.5,5.29,5.72,E0 (3).csv,,,,1.5,4.8,5.5,1.45,4.6,5.5,,,,,,,,,,,,,
2024-04-27,West Ham,Liverpool,5.5,5.0,1.5,5.5,4.75,1.52,,,,5.84,5.03,1.5,5.35,4.95,1.56,E0 (3).csv,,,,5.5,5.0,1.5,5.75,4.75,1.45,,,,,,,,,,,,,
2024-04-27,Newcastle,Sheffield United,1.22,7.0,11.0,1.23,6.75,11.0,,,,1.24,7.18,10.5,1.2,7.87,12.52,E0 (3).csv,,,,1.2,7.0,12.0,1.2,6.5,11.5,,,,,,,,,,,,,
2024-04-28,Bournemouth,Brighton,2.25,3.8,2.9,2.3,3.75,2.8,,,,2.27,3.85,2.99,1.96,4.17,3.57,E0 (3).csv,,,,2.2,3.9,2.88,2.2,3.7,2.88,,,,,,,,,,,,,
2024-04-28,Tottenham,Arsenal,4.2,4.2,1.75,4.2,4.1,1.73,,,,4.19,4.07,1.81,4.35,4.21,1.78,E0 (3).csv,,,,3.9,4.0,1.8,4.1,4.0,1.73,,,,,,,,,,,,,
2024-04-28,Nott'm Forest,Man City,8.0,6.0,1.3,9.0,5.75,1.31,,,,10.15,5.89,1.3,11.0,6.2,1.29,E0 (3).csv,,,,9.5,5.5,1.29,9.5,5.25,1.29,,,,,,,,,,,,,
2024-05-02,Chelsea,Tottenham,2.15,3.8,3.0,2.2,4.0,2.8,,,,2.22,4.15,2.92,2.46,4.04,2.68,E0 (3).csv,,,,2.15,4.0,2.9,2.15,4.0,2.8,,,,,,,,,,,,,
2024-05-03,Luton,Everton,2.6,3.6,2.55,2.6,3.5,2.6,,,,2.71,3.52,2.63,2.78,3.7,2.52,E0 (3).csv,,,,2.6,3.7,2.62,2.63,3.5,2.6,,,,,,,,,,,,,
2024-05-04,Arsenal,Bournemouth,1.22,7.5,11.0,1.2,7.25,12.5,,,,1.2,7.76,12.56,1.21,7.25,14.0,E0 (3).csv,,,,1.18,7.5,12.0,1.17,7.0,13.0,,,,,,,,,,,,,
2024-05-04,Brentford,Fulham,2.1,3.8,3.2,2.1,3.7,3.2,,,,2.13,3.85,3.27,2.09,3.8,3.49,E0 (3).csv,,,,2.05,3.8,3.2,2.05,3.6,3.2,,,,,,,,,,,,,
2024-05-04,Burnley,Newcastle,3.4,4.0,1.95,3.3,3.9,2.0,,,,3.37,4.05,2.04,3.37,4.21,2.02,E0 (3).csv,,,,3.4,4.0,1.95,3.3,3.8,1.95,,,,,,,,,,,,,
2024-05-04,Sheffield United,Nott'm Forest,4.75,4.2,1.65,4.75,4.2,1.65,,,,4.57,4.31,1.71,5.08,4.27,1.67,E0 (3).csv,,,,4.6,4.2,1.65,4.75,4.0,1.62,,,,,,,,,,,,,
2024-05-04,Man City,Wolves,1.08,12.0,21.0,1.11,11.0,23.0,,,,1.09,13.16,25.65,1.1,13.5,24.0,E0 (3).csv,,,,1.07,11.0,26.0,1.07,10.0,23.0,,,,,,,,,,,,,
2024-05-05,Liverpool,Tottenham,1.5,5.75,5.0,1.47,5.25,5.5,,,,1.48,5.3,5.73,1.42,5.9,6.4,E0 (3).csv,,,,1.5,5.0,5.5,1.44,5.0,5.5,,,,,,,,,,,,,
2024-05-05,Chelsea,West Ham,1.65,4.5,4.5,1.62,4.6,4.6,,,,1.66,4.62,4.59,1.5,5.15,5.91,E0 (3).csv,,,,1.65,4.5,4.4,1.6,4.33,4.6,,,,,,,,,,,,,
2024-05-05,Brighton,Aston Villa,2.75,3.75,2.45,2.7,3.8,2.35,,,,2.75,3.76,2.48,2.41,3.85,2.84,E0 (3).csv,,,,2.62,3.9,2.38,2.63,3.7,2.38,,,,,,,,,,,,,
2024-05-06,Crystal Palace,Man United,2.38,3.75,2.8,2.4,3.7,2.7,,,,2.39,3.81,2.83,1.99,4.05,3.57,E0 (3).csv,,,,2.3,3.9,2.7,2.3,3.6,2.75,,,,,,,,,,,,,
2024-05-11,Bournemouth,Brentford,1.95,4.0,3.5,1.95,3.9,3.5,,,,1.96,4.07,3.57,2.16,3.88,3.25,E0 (3).csv,,,,1.95,4.0,3.4,1.93,3.8,3.4,,,,,,,,,,,,,
2024-05-11,Everton,Sheffield United,1.4,4.8,7.5,1.42,5.0,7.0,,,,1.4,5.3,7.47,1.44,5.07,7.03,E0 (3).csv,,,,1.4,5.0,7.0,1.36,4.8,7.5,,,,,,,,,,,,,
2024-05-11,Newcastle,Brighton,1.57,4.75,4.75,1.58,4.75,4.75,,,,1.59,4.93,4.84,1.6,4.84,5.01,E0 (3).csv,,,,1.6,4.6,4.6,1.55,4.5,4.8,,,,,,,,,,,,,
2024-05-11,Tottenham,Burnley,1.36,5.75,7.0,1.33,6.0,7.5,,,,1.35,6.16,7.27,1.31,6.53,8.32,E0 (3).csv,,,,1.33,5.8,7.5,1.3,5.75,7.5,,,,,,,,,,,,,
2024-05-11,West Ham,Luton,1.8,4.2,3.8,1.8,4.1,3.9,,,,1.82,4.53,3.78,1.88,4.27,3.77,E0 (3).csv,,,,1.8,4.2,3.75,1.75,4.0,3.9,,,,,,,,,,,,,
2024-05-11,Wolves,Crystal Palace,2.88,3.5,2.38,2.75,3.5,2.45,,,,2.9,3.49,2.49,3.31,3.63,2.22,E0 (3).csv,,,,2.8,3.5,2.38,2.75,3.4,2.4,,,,,,,,,,,,,
2024-05-11,Nott'm Forest,Chelsea,3.4,3.8,2.0,3.3,3.9,2.0,,,,3.44,3.93,2.04,4.04,3.98,1.88,E0 (3).csv,,,,3.3,3.9,2.05,3.25,3.75,2.0,,,,,,,,,,,,,
2024-05-11,Fulham,Man City,13.0,7.0,1.2,11.0,7.0,1.23,,,,12.95,7.04,1.21,10.9,7.4,1.24,E0 (3).csv,,,,12.0,7.0,1.22,13.0,7.0,1.2,,,,,,,,,,,,,
2024-05-12,Man United,Arsenal,7.0,5.5,1.36,6.75,5.25,1.4,,,,7.2,5.68,1.38,9.75,7.05,1.26,E0 (3).csv,,,,7.0,5.5,1.36,7.5,5.25,1.33,,,,,,,,,,,,,
2024-05-13,Aston Villa,Liverpool,4.2,4.33,1.7,4.0,4.5,1.71,,,,4.16,4.7,1.71,3.9,4.58,1.8,E0 (3).csv,,,,4.0,4.5,1.7,4.1,4.33,1.67,,,,,,,,,,,,,
2024-05-14,Tottenham,Man City,6.5,6.0,1.36,6.75,5.75,1.38,,,,7.15,6.3,1.36,6.6,6.35,1.38,E0 (3).csv,,,,7.0,5.5,1.4,7.5,5.5,1.36,,,,,,,,,,,,,
2024-05-15,Brighton,Chelsea,3.3,4.0,1.95,3.1,3.9,2.05,,,,3.42,3.97,2.04,3.2,4.22,2.09,E0 (3).csv,,,,3.3,4.2,1.95,3.25,3.9,1.95,,,,,,,,,,,,,
2024-05-15,Man United,Newcastle,2.75,4.0,2.3,2.65,4.0,2.3,,,,2.75,4.07,2.36,2.73,3.9,2.47,E0 (3).csv,,,,2.6,4.2,2.3,2.63,3.9,2.3,,,,,,,,,,,,,
2024-05-19,Sheffield United,Tottenham,7.0,6.0,1.33,7.25,6.0,1.33,,,,7.16,6.0,1.35,7.99,6.11,1.35,E0 (3).csv,,,,7.5,6.0,1.3,7.5,5.75,1.3,,,,,,,,,,,,,
2024-05-19,Man City,West Ham,1.08,12.0,21.0,1.11,11.5,19.5,,,,1.09,13.11,20.39,1.07,15.01,27.84,E0 (3).csv,,,,1.07,12.0,21.0,1.07,10.5,22.0,,,,,,,,,,,,,
2024-05-19,Luton,Fulham,2.9,3.9,2.2,2.87,3.9,2.2,,,,2.93,3.92,2.26,3.11,3.99,2.19,E0 (3).csv,,,,2.8,4.0,2.2,2.88,3.75,2.2,,,,,,,,,,,,,
2024-05-19,Liverpool,Wolves,1.17,8.0,15.0,1.17,8.25,14.0,,,,1.16,9.27,13.56,1.13,10.69,16.27,E0 (3).csv,,,,1.14,8.5,15.0,1.13,8.0,15.0,,,,,,,,,,,,,
2024-05-19,Burnley,Nott'm Forest,3.0,3.5,2.3,2.75,3.7,2.35,,,,2.92,3.76,2.32,2.85,3.9,2.35,E0 (3).csv,,,,2.88,3.7,2.25,2.8,3.7,2.25,,,,,,,,,,,,,
2024-05-19,Chelsea,Bournemouth,1.45,5.0,6.0,1.46,5.25,5.75,,,,1.45,5.4,5.93,1.4,5.59,7.23,E0 (3).csv,,,,1.44,5.0,5.8,1.4,5.25,6.0,,,,,,,,,,,,,
2024-05-19,Brentford,Newcastle,2.9,3.9,2.2,2.9,3.9,2.15,,,,2.97,4.0,2.21,2.99,4.05,2.24,E0 (3).csv,,,,2.88,4.0,2.15,2.88,3.8,2.15,,,,,,,,,,,,,
2024-05-19,Arsenal,Everton,1.18,8.0,12.0,1.18,7.75,14.5,,,,1.17,8.37,15.6,1.22,7.16,13.07,E0 (3).csv,,,,1.15,8.0,15.0,1.14,7.5,15.0,,,,,,,,,,,,,
2024-05-19,Crystal Palace,Aston Villa,1.85,4.33,3.6,1.88,4.1,3.5,,,,1.83,4.37,3.74,1.63,4.64,4.99,E0 (3).csv,,,,1.85,4.2,3.5,1.8,4.0,3.7,,,,,,,,,,,,,
2024-05-19,Brighton,Man United,2.15,4.0,2.9,2.15,4.0,2.87,,,,2.18,4.09,2.98,2.66,4.03,2.48,E0 (3).csv,,,,2.15,4.2,2.8,2.1,4.0,2.88,,,,,,,,,,,,,
2024-08-16,Man United,Fulham,1.6,4.2,5.25,1.6,4.4,5.25,,,,1.63,4.38,5.3,1.65,4.23,5.28,E0 (2).csv,,,,1.65,4.2,5.0,,,,,,,,,,,,,,,,
2024-08-17,Ipswich,Liverpool,8.5,5.5,1.33,7.5,5.5,1.36,,,,8.18,5.84,1.34,8.14,6.09,1.34,E0 (2).csv,,,,8.5,5.5,1.33,,,,,,,,,,,,,,,,
2024-08-17,Arsenal,Wolves,1.18,7.5,13.0,1.2,7.5,13.5,,,,1.16,8.56,16.22,1.15,9.05,18.76,E0 (2).csv,,,,1.18,7.0,17.0,,,,,,,,,,,,,,,,
2024-08-17,Everton,Brighton,2.63,3.3,2.63,2.65,3.4,2.6,,,,2.73,3.36,2.71,3.15,3.41,2.4,E0 (2).csv,,,,2.6,3.5,2.7,,,,,,,,,,,,,,,,
2024-08-17,Newcastle,Southampton,1.36,5.25,8.0,1.35,5.5,7.75,,,,1.35,5.7,8.25,1.42,5.3,7.26,E0 (2).csv,,,,1.35,5.5,8.0,,,,,,,,,,,,,,,,
2024-08-17,Nott'm Forest,Bournemouth,2.45,3.5,2.8,2.45,3.5,2.8,,,,2.47,3.42,2.97,2.24,3.5,3.37,E0 (2).csv,,,,2.5,3.5,2.8,,,,,,,,,,,,,,,,
2024-08-17,West Ham,Aston Villa,2.45,3.6,2.75,2.45,3.6,2.7,,,,2.49,3.65,2.8,2.54,3.51,2.86,E0 (2).csv,,,,2.4,3.75,2.75,,,,,,,,,,,,,,,,
2024-08-18,Chelsea,Man City,4.1,3.9,1.8,3.9,4.1,1.82,,,,4.19,3.93,1.84,3.86,3.91,1.97,E0 (2).csv,,,,4.0,4.0,1.83,,,,,,,,,,,,,,,,
2024-08-18,Brentford,Crystal Palace,2.4,3.4,2.9,2.4,3.4,2.87,,,,2.5,3.4,2.95,2.92,3.24,2.66,E0 (2).csv,,,,2.45,3.5,2.88,,,,,,,,,,,,,,,,
2024-08-19,Leicester,Tottenham,5.0,4.33,1.62,5.0,4.33,1.63,,,,5.09,4.39,1.63,4.64,4.33,1.71,E0 (2).csv,,,,5.0,4.33,1.65,,,,,,,,,,,,,,,,
2024-08-24,Crystal Palace,West Ham,2.15,3.6,3.2,2.15,3.5,3.2,,,,2.17,3.68,3.33,1.97,3.84,3.84,E0 (2).csv,,,,2.2,3.5,3.3,,,,,,,,,,,,,,,,
2024-08-24,Fulham,Leicester,1.8,3.75,4.2,1.8,3.75,4.33,,,,1.84,3.67,4.56,1.88,3.81,4.26,E0 (2).csv,,,,1.83,3.7,4.33,,,,,,,,,,,,,,,,
2024-08-24,Man City,Ipswich,1.08,12.0,21.0,1.1,12.5,23.0,,,,1.08,13.21,25.71,1.1,11.0,31.0,E0 (2).csv,,,,1.1,11.0,26.0,,,,,,,,,,,,,,,,
2024-08-24,Southampton,Nott'm Forest,2.55,3.3,2.8,2.5,3.4,2.8,,,,2.59,3.28,2.92,2.33,3.54,3.11,E0 (2).csv,,,,2.5,3.4,2.88,,,,,,,,,,,,,,,,
2024-08-24,Tottenham,Everton,1.44,4.75,6.5,1.43,5.0,6.75,,,,1.45,4.87,7.03,1.37,5.66,8.0,E0 (2).csv,,,,1.44,4.8,7.0,,,,,,,,,,,,,,,,
2024-08-24,Aston Villa,Arsenal,4.33,3.8,1.75,4.2,3.9,1.8,,,,4.55,3.98,1.77,4.85,4.04,1.74,E0 (2).csv,,,,4.33,3.9,1.8,,,,,,,,,,,,,,,,
2024-08-24,Brighton,Man United,2.5,3.7,2.63,2.5,3.75,2.6,,,,2.51,3.66,2.76,2.42,3.76,2.86,E0 (2).csv,,,,2.5,3.7,2.7,,,,,,,,,,,,,,,,
2024-08-25,Liverpool,Brentford,1.27,5.75,11.0,1.25,6.75,10.5,,,,1.25,7.05,10.11,1.22,7.75,12.5,E0 (2).csv,,,,1.25,6.5,11.0,,,,,,,,,,,,,,,,
2024-08-25,Bournemouth,Newcastle,2.9,3.8,2.2,3.0,3.9,2.2,,,,3.05,3.73,2.28,2.63,3.66,2.68,E0 (2).csv,,,,3.0,3.8,2.25,,,,,,,,,,,,,,,,
2024-08-25,Wolves,Chelsea,4.33,4.0,1.75,4.4,4.0,1.75,,,,4.46,4.03,1.78,3.91,3.94,1.93,E0 (2).csv,,,,4.4,4.0,1.75,,,,,,,,,,,,,,,,
2024-08-31,Arsenal,Brighton,1.33,5.5,8.5,1.36,5.5,8.0,,,,1.34,5.87,8.1,1.37,5.48,8.43,E0 (2).csv,,,,1.33,5.5,8.5,,,,,,,,,,,,,,,,
2024-08-31,Brentford,Southampton,1.75,3.9,4.33,1.75,3.9,4.4,,,,1.79,3.9,4.51,1.82,3.91,4.46,E0 (2).csv,,,,1.75,3.9,4.6,,,,,,,,,,,,,,,,
2024-08-31,Everton,Bournemouth,2.75,3.4,2.55,2.65,3.4,2.6,,,,2.82,3.38,2.62,3.14,3.45,2.39,E0 (2).csv,,,,2.75,3.4,2.6,,,,,,,,,,,,,,,,
2024-08-31,Ipswich,Fulham,3.0,3.5,2.3,3.1,3.5,2.25,,,,3.14,3.53,2.32,3.07,3.43,2.43,E0 (2).csv,,,,3.1,3.5,2.3,,,,,,,,,,,,,,,,
2024-08-31,Leicester,Aston Villa,4.5,4.0,1.7,4.4,3.9,1.77,,,,4.8,4.09,1.71,4.01,3.87,1.92,E0 (2).csv,,,,4.6,3.9,1.75,,,,,,,,,,,,,,,,
2024-08-31,Nott'm Forest,Wolves,2.0,3.7,3.7,2.1,3.6,3.5,,,,2.02,3.7,3.71,2.0,3.7,3.88,E0 (2).csv,,,,2.05,3.6,3.6,,,,,,,,,,,,,,,,
2024-08-31,West Ham,Man City,7.0,5.5,1.38,7.25,5.25,1.39,,,,7.69,5.64,1.37,7.7,5.25,1.41,E0 (2).csv,,,,8.0,5.0,1.4,,,,,,,,,,,,,,,,
2024-09-01,Man United,Liverpool,3.7,4.2,1.85,3.7,4.1,1.87,,,,3.93,4.31,1.82,3.51,4.11,2.0,E0 (2).csv,,,,3.8,4.2,1.85,,,,,,,,,,,,,,,,
2024-09-01,Chelsea,Crystal Palace,1.6,4.33,5.0,1.6,4.4,5.0,,,,1.63,4.4,5.06,1.68,4.24,5.05,E0 (2).csv,,,,1.65,4.33,5.0,,,,,,,,,,,,,,,,
2024-09-01,Newcastle,Tottenham,2.5,4.0,2.5,2.45,4.0,2.55,,,,2.5,3.96,2.62,2.53,3.89,2.66,E0 (2).csv,,,,2.5,4.0,2.5,,,,,,,,,,,,,,,,
2024-09-14,Southampton,Man United,4.5,4.0,1.7,4.5,4.0,1.73,,,,4.5,4.13,1.74,4.2,4.12,1.82,E0 (2).csv,,,,4.75,3.8,1.75,,,,,,,,,,,,,,,,
2024-09-14,Brighton,Ipswich,1.38,5.0,7.5,1.38,5.25,7.75,,,,1.38,5.13,8.05,1.53,4.61,6.22,E0 (2).csv,,,,1.4,5.0,8.0,,,,,,,,,,,,,,,,
2024-09-14,Crystal Palace,Leicester,1.62,4.0,5.5,1.62,4.1,5.25,,,,1.62,4.13,5.48,1.67,4.02,5.43,E0 (2).csv,,,,1.65,4.0,5.5,,,,,,,,,,,,,,,,
2024-09-14,Fulham,West Ham,2.38,3.25,3.0,2.4,3.6,2.8,,,,2.4,3.53,2.97,2.36,3.41,3.21,E0 (2).csv,,,,2.5,3.4,2.88,,,,,,,,,,,,,,,,
2024-09-14,Liverpool,Nott'm Forest,1.22,6.5,12.0,1.22,7.0,12.0,,,,1.21,7.23,12.71,1.22,7.11,12.95,E0 (2).csv,,,,1.22,6.5,13.0,,,,,,,,,,,,,,,,
2024-09-14,Man City,Brentford,1.18,8.0,12.0,1.19,7.75,14.0,,,,1.17,8.43,14.62,1.21,7.2,13.92,E0 (2).csv,,,,1.18,7.5,15.0,,,,,,,,,,,,,,,,
2024-09-14,Aston Villa,Everton,1.5,4.2,6.5,1.5,4.5,6.25,,,,1.51,4.45,6.48,1.68,4.0,5.44,E0 (2).csv,,,,1.5,4.4,6.5,,,,,,,,,,,,,,,,
2024-09-14,Bournemouth,Chelsea,3.4,3.8,2.0,3.3,3.9,2.05,,,,3.32,3.97,2.06,3.17,3.79,2.23,E0 (2).csv,,,,3.4,3.9,2.05,,,,,,,,,,,,,,,,
2024-09-15,Tottenham,Arsenal,3.0,3.5,2.3,2.95,3.7,2.25,,,,3.03,3.62,2.32,2.77,3.49,2.63,E0 (2).csv,,,,3.0,3.6,2.3,,,,,,,,,,,,,,,,
2024-09-15,Wolves,Newcastle,3.4,3.5,2.1,3.2,3.75,2.1,,,,3.41,3.71,2.1,3.6,3.73,2.07,E0 (2).csv,,,,3.3,3.7,2.1,,,,,,,,,,,,,,,,
2024-09-21,Southampton,Ipswich,2.25,3.5,3.2,2.25,3.6,3.0,,,,2.27,3.5,3.24,2.42,3.48,3.06,E0 (2).csv,,,,2.2,3.6,3.2,,,,,,,,,,,,,,,,
2024-09-21,Tottenham,Brentford,1.55,4.5,5.5,1.53,4.75,5.5,,,,1.55,4.77,5.48,1.48,5.1,6.23,E0 (2).csv,,,,1.57,4.5,5.5,,,,,,,,,,,,,,,,
2024-09-21,Liverpool,Bournemouth,1.3,6.25,9.0,1.29,6.5,9.0,,,,1.28,6.36,9.45,1.25,6.85,10.91,E0 (2).csv,,,,1.3,6.5,8.5,,,,,,,,,,,,,,,,
2024-09-21,Crystal Palace,Man United,2.88,3.75,2.3,2.75,3.7,2.4,,,,2.92,3.76,2.35,2.8,3.55,2.57,E0 (2).csv,,,,2.88,3.6,2.38,,,,,,,,,,,,,,,,
2024-09-21,Fulham,Newcastle,3.0,3.4,2.4,2.87,3.6,2.35,,,,2.89,3.54,2.47,3.02,3.57,2.41,E0 (2).csv,,,,2.88,3.4,2.5,,,,,,,,,,,,,,,,
2024-09-21,West Ham,Chelsea,3.6,3.9,1.95,3.4,3.8,2.05,,,,3.59,3.93,1.99,3.59,3.94,2.01,E0 (2).csv,,,,3.4,3.75,2.05,,,,,,,,,,,,,,,,
2024-09-21,Leicester,Everton,2.45,3.4,2.88,2.55,3.4,2.7,,,,2.54,3.43,2.88,2.1,3.52,3.69,E0 (2).csv,,,,2.5,3.5,2.75,,,,,,,,,,,,,,,,
2024-09-21,Aston Villa,Wolves,1.57,4.2,5.25,1.58,4.4,5.25,,,,1.59,4.47,5.44,1.67,4.21,5.16,E0 (2).csv,,,,1.6,4.2,5.5,,,,,,,,,,,,,,,,
2024-09-22,Brighton,Nott'm Forest,1.75,3.75,4.75,1.78,3.8,4.4,,,,1.79,3.91,4.51,1.84,3.82,4.45,E0 (2).csv,,,,1.8,3.8,4.5,,,,,,,,,,,,,,,,
2024-09-22,Man City,Arsenal,1.8,3.6,4.5,1.8,3.6,4.6,,,,1.85,3.66,4.54,1.81,3.66,4.91,E0 (2).csv,,,,1.85,3.5,4.5,,,,,,,,,,,,,,,,
2024-09-28,Newcastle,Man City,5.25,4.33,1.6,5.0,4.33,1.61,,,,5.18,4.54,1.6,4.9,4.23,1.69,E0 (2).csv,,,,5.0,4.33,1.62,,,,,,,,,,,,,,,,
2024-09-28,Arsenal,Leicester,1.17,8.0,15.0,1.19,7.75,14.0,,,,1.18,8.27,14.09,1.2,6.8,17.5,E0 (2).csv,,,,1.2,7.0,15.0,,,,,,,,,,,,,,,,
2024-09-28,Brentford,West Ham,2.2,3.5,3.2,2.2,3.6,3.1,,,,2.23,3.63,3.22,2.26,3.56,3.27,E0 (2).csv,,,,2.25,3.6,3.1,,,,,,,,,,,,,,,,
2024-09-28,Everton,Crystal Palace,2.7,3.3,2.63,2.7,3.4,2.55,,,,2.76,3.35,2.69,2.79,3.35,2.7,E0 (2).csv,,,,2.75,3.4,2.6,,,,,,,,,,,,,,,,
2024-09-28,Nott'm Forest,Fulham,2.38,3.3,3.0,2.37,3.3,3.0,,,,2.49,3.32,3.03,2.65,3.16,3.0,E0 (2).csv,,,,2.38,3.3,3.1,,,,,,,,,,,,,,,,
2024-09-28,Wolves,Liverpool,8.0,5.75,1.33,7.75,5.25,1.38,,,,8.09,5.63,1.36,8.72,5.95,1.33,E0 (2).csv,,,,8.0,5.5,1.35,,,,,,,,,,,,,,,,
2024-09-28,Chelsea,Brighton,1.73,4.2,4.2,1.71,4.1,4.5,,,,1.75,4.3,4.32,1.81,4.2,4.15,E0 (2).csv,,,,1.75,4.2,4.33,,,,,,,,,,,,,,,,
2024-09-29,Ipswich,Aston Villa,4.0,3.75,1.85,3.9,3.7,1.9,,,,4.34,3.77,1.85,3.64,3.59,2.1,E0 (2).csv,,,,4.0,3.7,1.91,,,,,,,,,,,,,,,,
2024-09-29,Man United,Tottenham,2.35,3.75,2.75,2.3,3.9,2.8,,,,2.42,3.9,2.75,2.12,3.89,3.27,E0 (2).csv,,,,2.3,4.0,2.75,,,,,,,,,,,,,,,,
2024-09-30,Bournemouth,Southampton,1.65,4.1,5.0,1.65,4.2,5.0,,,,1.65,4.37,5.01,1.49,4.69,6.79,E0 (2).csv,,,,1.67,4.2,4.8,,,,,,,,,,,,,,,,
2024-10-05,West Ham,Ipswich,1.8,3.8,4.33,1.8,3.9,4.1,,,,1.81,4.02,4.29,1.92,3.84,4.05,E0 (2).csv,,,,1.8,3.9,4.33,,,,,,,,,,,,,,,,
2024-10-05,Everton,Newcastle,3.2,3.6,2.2,3.1,3.6,2.2,,,,3.18,3.59,2.27,3.71,3.77,2.0,E0 (2).csv,,,,3.1,3.7,2.2,,,,,,,,,,,,,,,,
2024-10-05,Man City,Fulham,1.25,7.0,9.5,1.24,6.75,11.0,,,,1.23,7.15,10.66,1.26,6.52,11.37,E0 (2).csv,,,,1.25,6.0,12.0,,,,,,,,,,,,,,,,
2024-10-05,Brentford,Wolves,2.05,3.6,3.4,2.0,3.6,3.6,,,,2.14,3.62,3.44,2.11,3.61,3.6,E0 (2).csv,,,,2.1,3.6,3.5,,,,,,,,,,,,,,,,
2024-10-05,Arsenal,Southampton,1.14,9.0,17.0,1.14,9.5,17.0,,,,1.13,9.46,19.13,1.16,8.18,18.71,E0 (2).csv,,,,1.14,8.5,19.0,,,,,,,,,,,,,,,,
2024-10-05,Crystal Palace,Liverpool,6.0,4.5,1.5,6.0,4.6,1.5,,,,6.38,4.71,1.5,5.14,4.1,1.69,E0 (2).csv,,,,6.5,4.4,1.5,,,,,,,,,,,,,,,,
2024-10-05,Leicester,Bournemouth,3.1,3.75,2.15,3.1,3.7,2.15,,,,3.35,3.63,2.17,3.7,3.81,2.02,E0 (2).csv,,,,3.2,3.7,2.15,,,,,,,,,,,,,,,,
2024-10-06,Aston Villa,Man United,2.2,3.75,3.0,2.2,3.7,3.0,,,,2.22,3.87,3.09,2.23,3.84,3.13,E0 (2).csv,,,,2.2,3.7,3.1,,,,,,,,,,,,,,,,
2024-10-06,Chelsea,Nott'm Forest,1.48,4.5,6.5,1.47,4.6,6.25,,,,1.5,4.81,6.2,1.52,4.7,6.34,E0 (2).csv,,,,1.5,4.5,6.5,,,,,,,,,,,,,,,,
2024-10-06,Brighton,Tottenham,2.9,4.0,2.2,2.85,4.0,2.25,,,,2.95,3.99,2.25,2.94,3.95,2.3,E0 (2).csv,,,,2.9,4.0,2.2,,,,,,,,,,,,,,,,
2024-10-19,Bournemouth,Arsenal,5.0,3.9,1.65,4.8,4.1,1.66,,,,5.01,4.13,1.68,5.17,3.71,1.76,E0 (2).csv,,,,5.0,4.0,1.67,,,,,,,,,,,,,,,,
2024-10-19,Southampton,Leicester,2.3,3.5,3.0,2.35,3.5,2.9,,,,2.34,3.53,3.09,2.23,3.5,3.41,E0 (2).csv,,,,2.38,3.5,3.0,,,,,,,,,,,,,,,,
2024-10-19,Newcastle,Brighton,1.95,3.7,3.6,2.0,3.75,3.5,,,,2.01,3.91,3.55,1.75,4.08,4.67,E0 (2).csv,,,,2.0,3.8,3.5,,,,,,,,,,,,,,,,
2024-10-19,Man United,Brentford,1.7,4.2,4.5,1.7,4.2,4.5,,,,1.72,4.37,4.43,1.67,4.41,4.92,E0 (2).csv,,,,1.7,4.2,4.5,,,,,,,,,,,,,,,,
2024-10-19,Fulham,Aston Villa,2.45,3.5,2.8,2.4,3.5,2.85,,,,2.46,3.5,2.94,2.48,3.46,2.98,E0 (2).csv,,,,2.4,3.6,2.88,,,,,,,,,,,,,,,,
2024-10-19,Tottenham,West Ham,1.5,5.0,5.25,1.5,4.8,5.75,,,,1.5,5.01,5.88,1.45,5.45,6.25,E0 (2).csv,,,,1.53,4.75,5.5,,,,,,,,,,,,,,,,
2024-10-19,Ipswich,Everton,2.38,3.3,3.0,2.4,3.4,2.9,,,,2.4,3.43,3.07,2.44,3.43,3.06,E0 (2).csv,,,,2.4,3.4,3.0,,,,,,,,,,,,,,,,
2024-10-20,Wolves,Man City,8.0,6.0,1.33,9.0,5.75,1.32,,,,9.01,5.92,1.32,8.08,5.46,1.38,E0 (2).csv,,,,9.0,5.5,1.33,,,,,,,,,,,,,,,,
2024-10-20,Liverpool,Chelsea,1.62,4.1,5.0,1.66,4.2,4.75,,,,1.62,4.47,5.08,1.72,4.4,4.55,E0 (2).csv,,,,1.65,4.33,4.8,,,,,,,,,,,,,,,,
2024-10-21,Nott'm Forest,Crystal Palace,2.3,3.5,3.0,2.37,3.25,3.1,,,,2.41,3.28,3.19,2.38,3.3,3.29,E0 (2).csv,,,,2.38,3.25,3.2,,,,,,,,,,,,,,,,
2024-10-25,Leicester,Nott'm Forest,3.0,3.3,2.4,3.0,3.25,2.4,,,,3.14,3.35,2.43,3.07,3.4,2.46,E0 (2).csv,,,,3.1,3.3,2.38,,,,,,,,,,,,,,,,
2024-10-26,Everton,Fulham,2.75,3.25,2.63,2.75,3.3,2.55,,,,2.8,3.38,2.63,2.71,3.36,2.73,E0 (2).csv,,,,2.75,3.3,2.62,,,,,,,,,,,,,,,,
2024-10-26,Man City,Southampton,1.11,10.0,17.0,1.12,11.0,19.0,,,,1.1,11.9,20.73,1.12,10.5,23.0,E0 (2).csv,,,,1.12,9.5,21.0,,,,,,,,,,,,,,,,
2024-10-26,Brentford,Ipswich,1.65,4.33,4.75,1.68,4.2,4.75,,,,1.65,4.35,4.94,1.68,4.16,5.19,E0 (2).csv,,,,1.7,4.2,4.6,,,,,,,,,,,,,,,,
2024-10-26,Aston Villa,Bournemouth,1.85,3.9,3.8,1.87,3.9,3.9,,,,1.86,4.0,4.03,1.79,3.97,4.54,E0 (2).csv,,,,1.85,3.9,4.0,,,,,,,,,,,,,,,,
2024-10-26,Brighton,Wolves,1.62,4.5,4.5,1.62,4.33,5.0,,,,1.66,4.34,4.9,1.58,4.41,5.79,E0 (2).csv,,,,1.65,4.2,5.0,,,,,,,,,,,,,,,,
2024-10-27,Crystal Palace,Tottenham,3.9,4.0,1.83,4.0,3.9,1.83,,,,4.05,3.98,1.86,3.78,3.97,1.95,E0 (2).csv,,,,4.0,4.0,1.83,,,,,,,,,,,,,,,,
2024-10-27,West Ham,Man United,2.88,3.75,2.3,2.87,3.75,2.3,,,,2.94,3.73,2.35,3.39,3.72,2.15,E0 (2).csv,,,,2.88,3.75,2.3,,,,,,,,,,,,,,,,
2024-10-27,Arsenal,Liverpool,2.5,3.25,2.9,2.45,3.4,2.9,,,,2.54,3.4,2.9,2.27,3.46,3.35,E0 (2).csv,,,,2.45,3.4,2.9,,,,,,,,,,,,,,,,
2024-10-27,Chelsea,Newcastle,1.73,4.33,4.2,1.82,4.0,4.0,,,,1.75,4.35,4.28,1.82,4.03,4.29,E0 (2).csv,,,,1.8,4.2,4.0,,,,,,,,,,,,,,,,
2024-11-02,Newcastle,Arsenal,3.75,3.75,1.95,3.8,3.7,1.95,,,,3.85,3.69,1.99,4.03,3.69,1.96,E0 (2).csv,,,,3.7,3.6,2.0,,,,,,,,,,,,,,,,
2024-11-02,Bournemouth,Man City,5.5,4.2,1.57,5.25,4.5,1.57,,,,5.29,4.48,1.6,6.11,4.42,1.56,E0 (2).csv,,,,5.5,4.33,1.6,,,,,,,,,,,,,,,,
2024-11-02,Ipswich,Leicester,2.25,3.5,3.1,2.25,3.5,3.1,,,,2.28,3.63,3.13,2.36,3.54,3.09,E0 (2).csv,,,,2.25,3.6,3.1,,,,,,,,,,,,,,,,
2024-11-02,Nott'm Forest,West Ham,2.15,3.5,3.4,2.15,3.5,3.3,,,,2.15,3.51,3.53,2.05,3.46,3.95,E0 (2).csv,,,,2.15,3.5,3.4,,,,,,,,,,,,,,,,
2024-11-02,Southampton,Everton,2.63,3.4,2.63,2.55,3.5,2.65,,,,2.7,3.45,2.69,2.72,3.31,2.8,E0 (2).csv,,,,2.62,3.5,2.62,,,,,,,,,,,,,,,,
2024-11-02,Wolves,Crystal Palace,2.5,3.4,2.88,2.55,3.4,2.75,,,,2.55,3.34,2.92,2.44,3.34,3.13,E0 (2).csv,,,,2.5,3.5,2.8,,,,,,,,,,,,,,,,
2024-11-02,Liverpool,Brighton,1.4,5.0,7.5,1.41,5.25,6.75,,,,1.39,5.54,7.11,1.36,5.79,7.93,E0 (2).csv,,,,1.4,5.0,7.5,,,,,,,,,,,,,,,,
2024-11-03,Tottenham,Aston Villa,1.91,4.0,3.6,1.88,4.0,3.7,,,,1.97,4.07,3.55,1.99,4.04,3.59,E0 (2).csv,,,,1.91,4.0,3.7,,,,,,,,,,,,,,,,
2024-11-03,Man United,Chelsea,2.6,3.5,2.6,2.55,3.8,2.55,,,,2.61,3.81,2.58,2.72,3.65,2.59,E0 (2).csv,,,,2.6,3.8,2.5,,,,,,,,,,,,,,,,
2024-11-04,Fulham,Brentford,2.0,3.7,3.5,2.05,3.6,3.5,,,,2.04,3.73,3.61,2.02,3.76,3.73,E0 (2).csv,,,,2.05,3.7,3.5,,,,,,,,,,,,,,,,
2024-11-09,Brighton,Man City,4.1,4.2,1.73,4.33,4.0,1.77,,,,4.49,4.18,1.74,4.1,4.15,1.83,E0 (2).csv,,,,4.4,4.0,1.75,,,,,,,,,,,,,,,,
2024-11-09,Liverpool,Aston Villa,1.42,5.25,6.5,1.44,5.0,6.25,,,,1.42,5.45,6.7,1.47,4.9,7.0,E0 (2).csv,,,,1.44,4.8,7.0,,,,,,,,,,,,,,,,
2024-11-09,West Ham,Everton,2.15,3.4,3.4,2.15,3.4,3.4,,,,2.2,3.55,3.37,2.17,3.53,3.52,E0 (2).csv,,,,2.15,3.5,3.4,,,,,,,,,,,,,,,,
2024-11-09,Crystal Palace,Fulham,2.7,3.5,2.55,2.6,3.4,2.7,,,,2.79,3.44,2.6,3.37,3.3,2.34,E0 (2).csv,,,,2.7,3.4,2.62,,,,,,,,,,,,,,,,
2024-11-09,Brentford,Bournemouth,2.5,3.5,2.7,2.4,3.6,2.8,,,,2.59,3.56,2.73,2.64,3.53,2.74,E0 (2).csv,,,,2.5,3.5,2.75,,,,,,,,,,,,,,,,
2024-11-09,Wolves,Southampton,1.91,3.75,3.75,1.95,3.7,3.7,,,,1.99,3.84,3.7,1.95,3.75,4.01,E0 (2).csv,,,,1.95,3.75,3.7,,,,,,,,,,,,,,,,
2024-11-10,Man United,Leicester,1.38,5.5,6.5,1.38,5.25,7.5,,,,1.39,5.34,7.62,1.35,5.62,8.93,E0 (2).csv,,,,1.4,5.0,7.5,,,,,,,,,,,,,,,,
2024-11-10,Nott'm Forest,Newcastle,2.7,3.3,2.7,2.7,3.3,2.65,,,,2.71,3.29,2.78,2.81,3.3,2.72,E0 (2).csv,,,,2.62,3.4,2.7,,,,,,,,,,,,,,,,
2024-11-10,Tottenham,Ipswich,1.25,6.5,9.0,1.26,6.75,10.0,,,,1.25,6.95,9.87,1.26,6.72,10.66,E0 (2).csv,,,,1.25,6.5,11.0,,,,,,,,,,,,,,,,
2024-11-10,Chelsea,Arsenal,2.7,3.4,2.55,2.8,3.5,2.45,,,,2.75,3.53,2.59,3.0,3.35,2.52,E0 (2).csv,,,,2.75,3.5,2.5,,,,,,,,,,,,,,,,
2024-11-23,Man City,Tottenham,1.48,4.75,6.0,1.51,4.8,5.5,,,,1.48,4.98,6.13,1.44,5.28,6.71,E0 (2).csv,,,,1.5,5.0,5.8,,,,,,,,,,,,,,,,
2024-11-23,Fulham,Wolves,1.62,4.0,5.25,1.66,4.0,5.0,,,,1.64,4.11,5.43,1.57,4.43,5.91,E0 (2).csv,,,,1.67,4.0,5.0,,,,,,,,,,,,,,,,
2024-11-23,Everton,Brentford,2.45,3.4,2.88,2.4,3.4,2.95,,,,2.5,3.38,2.97,2.38,3.42,3.18,E0 (2).csv,,,,2.4,3.4,3.0,,,,,,,,,,,,,,,,
2024-11-23,Aston Villa,Crystal Palace,1.62,4.0,5.5,1.62,4.2,5.25,,,,1.63,4.06,5.59,1.75,3.84,5.01,E0 (2).csv,,,,1.62,4.2,5.5,,,,,,,,,,,,,,,,
2024-11-23,Arsenal,Nott'm Forest,1.38,4.75,9.0,1.37,5.0,8.75,,,,1.38,5.03,8.73,1.41,4.8,8.86,E0 (2).csv,,,,1.4,4.6,9.5,,,,,,,,,,,,,,,,
2024-11-23,Leicester,Chelsea,6.5,4.75,1.44,6.5,4.8,1.46,,,,7.05,4.78,1.46,7.0,5.05,1.45,E0 (2).csv,,,,7.0,4.6,1.44,,,,,,,,,,,,,,,,
2024-11-23,Bournemouth,Brighton,2.4,3.6,2.8,2.35,3.6,2.87,,,,2.42,3.62,2.91,2.49,3.6,2.88,E0 (2).csv,,,,2.45,3.6,2.8,,,,,,,,,,,,,,,,
2024-11-24,Southampton,Liverpool,11.0,5.75,1.27,10.0,6.25,1.28,,,,10.83,5.79,1.28,10.0,5.95,1.31,E0 (2).csv,,,,10.0,5.8,1.29,,,,,,,,,,,,,,,,
2024-11-24,Ipswich,Man United,5.25,4.0,1.62,4.8,4.2,1.65,,,,5.24,4.25,1.64,5.15,4.16,1.68,E0 (2).csv,,,,5.0,4.2,1.65,,,,,,,,,,,,,,,,
2024-11-25,Newcastle,West Ham,1.5,4.5,6.0,1.51,4.5,6.0,,,,1.5,4.58,6.49,1.5,4.71,6.64,E0 (2).csv,,,,1.53,4.4,6.0,,,,,,,,,,,,,,,,
2024-11-29,Brighton,Southampton,1.38,5.0,7.5,1.38,5.25,7.5,,,,1.39,5.33,7.66,1.38,5.68,7.25,E0 (2).csv,,,,1.4,5.0,7.5,,,,,,,,,,,,,,,,
2024-11-30,Brentford,Leicester,1.65,4.2,4.75,1.68,4.1,4.6,,,,1.65,4.33,4.98,1.63,4.36,5.38,E0 (2).csv,,,,1.65,4.2,4.8,,,,,,,,,,,,,,,,
2024-11-30,Crystal Palace,Newcastle,2.9,3.6,2.3,2.95,3.5,2.35,,,,3.16,3.52,2.31,3.3,3.53,2.27,E0 (2).csv,,,,3.0,3.5,2.3,,,,,,,,,,,,,,,,
2024-11-30,Nott'm Forest,Ipswich,1.7,3.8,4.75,1.73,3.8,4.75,,,,1.78,3.75,4.85,1.74,3.98,4.94,E0 (2).csv,,,,1.73,3.75,4.8,,,,,,,,,,,,,,,,
2024-11-30,Wolves,Bournemouth,2.8,3.6,2.4,2.65,3.6,2.5,,,,2.86,3.6,2.46,2.75,3.48,2.66,E0 (2).csv,,,,2.8,3.6,2.4,,,,,,,,,,,,,,,,
2024-11-30,West Ham,Arsenal,7.0,4.5,1.45,6.5,4.5,1.49,,,,7.07,4.76,1.46,7.34,4.89,1.45,E0 (2).csv,,,,7.5,4.5,1.44,,,,,,,,,,,,,,,,
2024-12-01,Tottenham,Fulham,1.7,4.5,4.1,1.7,4.33,4.33,,,,1.75,4.35,4.28,1.98,4.06,3.61,E0 (2).csv,,,,1.73,4.2,4.33,,,,,,,,,,,,,,,,
2024-12-01,Liverpool,Man City,2.1,3.6,3.3,2.1,3.75,3.25,,,,2.08,3.76,3.48,2.06,3.76,3.6,E0 (2).csv,,,,2.1,3.6,3.4,,,,,,,,,,,,,,,,
2024-12-01,Chelsea,Aston Villa,1.7,4.1,4.5,1.75,4.1,4.33,,,,1.7,4.3,4.6,1.75,4.07,4.69,E0 (2).csv,,,,1.73,4.2,4.4,,,,,,,,,,,,,,,,
2024-12-01,Man United,Everton,1.53,4.2,6.0,1.51,4.5,6.25,,,,1.55,4.36,6.17,1.62,4.07,5.98,E0 (2).csv,,,,1.53,4.33,6.0,,,,,,,,,,,,,,,,
2024-12-03,Ipswich,Crystal Palace,3.0,3.4,2.35,3.0,3.3,2.4,,,,3.15,3.41,2.39,3.35,3.39,2.3,E0 (2).csv,,,,3.1,3.3,2.38,,,,,,,,,,,,,,,,
2024-12-03,Leicester,West Ham,2.9,3.4,2.38,2.9,3.4,2.45,,,,2.95,3.43,2.52,3.04,3.5,2.43,E0 (2).csv,,,,2.88,3.5,2.4,,,,,,,,,,,,,,,,
2024-12-04,Everton,Wolves,2.1,3.4,3.5,2.1,3.5,3.4,,,,2.16,3.4,3.62,2.14,3.36,3.8,E0 (2).csv,,,,2.1,3.5,3.5,,,,,,,,,,,,,,,,
2024-12-04,Man City,Nott'm Forest,1.36,4.75,9.0,1.37,5.25,8.0,,,,1.36,5.41,8.26,1.31,5.88,10.02,E0 (2).csv,,,,1.36,5.0,8.5,,,,,,,,,,,,,,,,
2024-12-04,Newcastle,Liverpool,4.2,4.0,1.75,4.2,4.0,1.78,,,,4.29,4.04,1.8,3.68,3.74,2.04,E0 (2).csv,,,,4.33,4.0,1.75,,,,,,,,,,,,,,,,
2024-12-04,Southampton,Chelsea,8.5,5.25,1.33,8.0,5.5,1.35,,,,8.92,5.79,1.33,9.07,5.95,1.33,E0 (2).csv,,,,8.0,5.5,1.35,,,,,,,,,,,,,,,,
2024-12-04,Arsenal,Man United,1.44,4.5,7.0,1.47,4.6,6.5,,,,1.45,4.87,7.03,1.48,4.89,6.64,E0 (2).csv,,,,1.44,4.6,7.0,,,,,,,,,,,,,,,,
2024-12-04,Aston Villa,Brentford,1.8,3.75,4.33,1.78,4.0,4.2,,,,1.8,3.91,4.44,1.68,4.23,5.06,E0 (2).csv,,,,1.8,4.0,4.2,,,,,,,,,,,,,,,,
2024-12-05,Fulham,Brighton,2.35,3.6,2.88,2.3,3.6,2.9,,,,2.37,3.69,2.94,2.64,3.65,2.7,E0 (2).csv,,,,2.3,3.7,2.9,,,,,,,,,,,,,,,,
2024-12-05,Bournemouth,Tottenham,2.63,3.75,2.45,2.7,3.9,2.37,,,,2.67,3.92,2.47,2.21,3.97,3.06,E0 (2).csv,,,,2.62,3.9,2.4,,,,,,,,,,,,,,,,
2024-12-07,Crystal Palace,Man City,5.5,4.2,1.57,5.5,4.33,1.58,,,,5.38,4.39,1.6,4.69,4.04,1.76,E0 (2).csv,,,,5.5,4.2,1.6,,,,,,,,,,,,,,,,
2024-12-07,Man United,Nott'm Forest,1.65,3.9,5.25,1.66,4.0,5.0,,,,1.68,4.05,5.18,1.69,3.98,5.33,E0 (2).csv,,,,1.67,4.0,5.0,,,,,,,,,,,,,,,,
2024-12-07,Brentford,Newcastle,2.88,3.75,2.3,2.8,3.7,2.37,,,,2.88,3.75,2.38,3.02,3.74,2.33,E0 (2).csv,,,,2.88,3.6,2.38,,,,,,,,,,,,,,,,
2024-12-07,Aston Villa,Southampton,1.36,5.5,7.0,1.37,5.25,7.75,,,,1.37,5.48,7.77,1.33,5.79,9.42,E0 (2).csv,,,,1.36,5.0,8.0,,,,,,,,,,,,,,,,
2024-12-08,Fulham,Arsenal,5.0,4.33,1.6,5.5,4.2,1.6,,,,5.33,4.22,1.63,5.5,4.2,1.64,E0 (2).csv,,,,5.5,4.2,1.6,,,,,,,,,,,,,,,,
2024-12-08,Ipswich,Bournemouth,3.5,3.75,2.0,3.4,3.6,2.05,,,,3.68,3.76,2.01,3.92,3.82,1.95,E0 (2).csv,,,,3.5,3.7,2.05,,,,,,,,,,,,,,,,
2024-12-08,Leicester,Brighton,4.5,3.8,1.73,4.5,4.1,1.71,,,,4.69,4.07,1.73,4.98,4.27,1.68,E0 (2).csv,,,,4.33,4.0,1.75,,,,,,,,,,,,,,,,
2024-12-08,Tottenham,Chelsea,3.4,3.9,2.0,3.1,4.0,2.1,,,,3.23,4.13,2.07,2.93,4.1,2.25,E0 (2).csv,,,,3.1,4.0,2.1,,,,,,,,,,,,,,,,
2024-12-09,West Ham,Wolves,1.9,3.9,3.75,1.93,3.75,3.75,,,,1.95,3.88,3.76,1.82,3.99,4.37,E0 (2).csv,,,,1.91,3.8,3.8,,,,,,,,,,,,,,,,
2024-12-14,Arsenal,Everton,1.22,6.5,12.0,1.24,6.5,12.5,,,,1.23,6.63,12.95,1.25,6.5,13.0,E0 (2).csv,,,,1.25,5.8,13.0,,,,,,,,,,,,,,,,
2024-12-14,Liverpool,Fulham,1.33,5.5,8.0,1.31,5.75,9.25,,,,1.32,6.04,8.88,1.29,6.13,9.62,E0 (2).csv,,,,1.33,5.5,8.5,,,,,,,,,,,,,,,,
2024-12-14,Newcastle,Leicester,1.3,6.0,8.5,1.33,5.5,9.0,,,,1.3,6.02,8.95,1.29,6.29,9.49,E0 (2).csv,,,,1.3,5.8,9.0,,,,,,,,,,,,,,,,
2024-12-14,Wolves,Ipswich,1.9,3.8,3.8,1.88,3.8,3.9,,,,1.91,3.91,3.93,2.0,3.65,3.93,E0 (2).csv,,,,1.85,3.8,3.8,,,,,,,,,,,,,,,,
2024-12-14,Nott'm Forest,Aston Villa,2.63,3.3,2.7,2.6,3.4,2.65,,,,2.67,3.38,2.76,2.73,3.28,2.81,E0 (2).csv,,,,2.62,3.4,2.62,,,,,,,,,,,,,,,,
2024-12-15,Brighton,Crystal Palace,1.85,3.8,3.9,1.87,3.8,3.9,,,,1.9,3.89,3.97,1.92,3.73,4.14,E0 (2).csv,,,,1.91,3.75,3.8,,,,,,,,,,,,,,,,
2024-12-15,Chelsea,Brentford,1.33,6.0,7.5,1.34,6.0,7.75,,,,1.33,6.05,8.44,1.32,6.3,8.25,E0 (2).csv,,,,1.36,5.5,7.5,,,,,,,,,,,,,,,,
2024-12-15,Man City,Man United,1.57,4.5,5.0,1.55,4.6,5.25,,,,1.6,4.65,5.07,1.53,4.9,5.85,E0 (2).csv,,,,1.6,4.4,5.0,,,,,,,,,,,,,,,,
2024-12-15,Southampton,Tottenham,4.33,4.5,1.67,4.2,4.33,1.72,,,,4.47,4.51,1.69,4.04,4.49,1.79,E0 (2).csv,,,,4.0,4.4,1.73,,,,,,,,,,,,,,,,
2024-12-16,Bournemouth,West Ham,1.7,4.0,4.75,1.71,4.2,4.4,,,,1.72,4.27,4.49,1.78,4.13,4.42,E0 (2).csv,,,,1.73,4.0,4.2,,,,,,,,,,,,,,,,
2024-12-21,Aston Villa,Man City,3.25,3.7,2.1,3.25,3.75,2.1,,,,3.3,3.79,2.14,3.21,3.7,2.24,E0 (2).csv,,,,3.3,3.6,2.1,,,,,,,,,,,,,,,,
2024-12-21,Brentford,Nott'm Forest,2.3,3.6,2.9,2.25,3.5,3.0,,,,2.39,3.47,3.07,2.53,3.66,2.78,E0 (2).csv,,,,2.3,3.5,3.0,,,,,,,,,,,,,,,,
2024-12-21,Ipswich,Newcastle,4.75,3.75,1.73,4.5,4.0,1.73,,,,4.69,4.02,1.74,4.6,4.24,1.73,E0 (2).csv,,,,4.5,3.8,1.75,,,,,,,,,,,,,,,,
2024-12-21,West Ham,Brighton,2.88,3.7,2.35,2.85,3.7,2.35,,,,2.8,3.83,2.41,2.83,3.68,2.48,E0 (2).csv,,,,2.8,3.6,2.38,,,,,,,,,,,,,,,,
2024-12-21,Crystal Palace,Arsenal,6.25,4.2,1.55,5.75,4.1,1.58,,,,6.75,4.17,1.54,7.6,4.6,1.47,E0 (2).csv,,,,6.0,4.0,1.57,,,,,,,,,,,,,,,,
2024-12-22,Tottenham,Liverpool,4.5,4.0,1.73,4.1,4.33,1.75,,,,4.47,4.37,1.71,4.9,4.55,1.65,E0 (2).csv,,,,4.2,4.33,1.73,,,,,,,,,,,,,,,,
2024-12-22,Everton,Chelsea,5.0,4.2,1.62,5.25,4.1,1.63,,,,5.48,4.09,1.64,5.01,4.11,1.69,E0 (2).csv,,,,5.0,4.0,1.62,,,,,,,,,,,,,,,,
2024-12-22,Fulham,Southampton,1.42,4.75,7.0,1.43,5.0,6.75,,,,1.42,5.06,7.35,1.68,4.15,5.88,E0 (2).csv,,,,1.4,4.8,7.0,,,,,,,,,,,,,,,,
2024-12-22,Leicester,Wolves,2.55,3.4,2.7,2.45,3.6,2.7,,,,2.63,3.58,2.68,3.05,3.51,2.41,E0 (2).csv,,,,2.5,3.5,2.62,,,,,,,,,,,,,,,,
2024-12-22,Man United,Bournemouth,1.8,3.8,4.2,1.83,3.9,4.0,,,,1.86,3.87,4.16,1.88,3.8,4.25,E0 (2).csv,,,,1.85,3.8,3.9,,,,,,,,,,,,,,,,
2024-12-26,Liverpool,Leicester,1.08,12.0,23.0,1.09,13.0,23.0,,,,1.08,13.84,24.96,1.09,12.25,27.0,E0 (2).csv,,,,1.08,12.0,26.0,,,,,,,,,,,,,,,,
2024-12-26,Wolves,Man United,3.9,3.7,1.91,3.7,3.7,1.95,,,,3.95,3.74,1.94,4.44,4.01,1.8,E0 (2).csv,,,,3.6,3.6,1.95,,,,,,,,,,,,,,,,
2024-12-26,Southampton,West Ham,3.25,3.5,2.2,3.25,3.7,2.15,,,,3.28,3.62,2.21,3.12,3.63,2.31,E0 (2).csv,,,,3.3,3.4,2.15,,,,,,,,,,,,,,,,
2024-12-26,Nott'm Forest,Tottenham,2.3,3.75,2.88,2.35,3.8,2.75,,,,2.37,3.81,2.87,2.16,3.92,3.22,E0 (2).csv,,,,2.38,3.6,2.8,,,,,,,,,,,,,,,,
2024-12-26,Chelsea,Fulham,1.48,4.75,6.0,1.49,4.8,6.0,,,,1.47,4.98,6.32,1.46,4.94,6.86,E0 (2).csv,,,,1.5,4.75,5.8,,,,,,,,,,,,,,,,
2024-12-26,Bournemouth,Crystal Palace,1.9,3.8,3.8,1.9,3.7,3.9,,,,1.92,3.85,3.94,2.13,3.66,3.5,E0 (2).csv,,,,1.91,3.6,3.7,,,,,,,,,,,,,,,,
2024-12-26,Man City,Everton,1.33,5.5,7.5,1.35,5.5,8.25,,,,1.34,5.73,8.52,1.36,5.5,9.0,E0 (2).csv,,,,1.35,5.0,8.5,,,,,,,,,,,,,,,,
2024-12-26,Newcastle,Aston Villa,1.91,3.8,3.75,1.9,3.9,3.75,,,,1.94,4.02,3.69,1.94,3.87,3.89,E0 (2).csv,,,,1.91,3.8,3.6,,,,,,,,,,,,,,,,
2024-12-27,Arsenal,Ipswich,1.14,9.0,15.0,1.16,8.5,16.5,,,,1.15,8.67,20.05,1.13,9.25,23.5,E0 (2).csv,,,,1.17,7.5,15.0,,,,,,,,,,,,,,,,
2024-12-27,Brighton,Brentford,1.62,4.33,4.75,1.63,4.4,4.75,,,,1.64,4.54,4.96,1.63,4.6,5.05,E0 (2).csv,,,,1.65,4.2,4.8,,,,,,,,,,,,,,,,
2024-12-29,Fulham,Bournemouth,2.3,3.6,2.88,2.35,3.6,2.9,,,,2.37,3.59,3.0,2.27,3.5,3.31,E0 (2).csv,,,,2.4,3.6,2.8,,,,,,,,,,,,,,,,
2024-12-29,Everton,Nott'm Forest,2.6,3.2,2.8,2.6,3.2,2.8,,,,2.69,3.18,2.88,2.71,3.07,3.0,E0 (2).csv,,,,2.62,3.1,2.8,,,,,,,,,,,,,,,,
2024-12-29,West Ham,Liverpool,7.0,5.0,1.4,7.0,5.25,1.41,,,,7.32,5.34,1.4,7.75,5.5,1.39,E0 (2).csv,,,,6.5,5.0,1.4,,,,,,,,,,,,,,,,
2024-12-29,Leicester,Man City,7.5,5.5,1.36,8.0,5.75,1.34,,,,8.42,5.9,1.33,10.25,6.42,1.27,E0 (2).csv,,,,7.5,5.0,1.36,,,,,,,,,,,,,,,,
2024-12-29,Tottenham,Wolves,1.6,5.0,4.2,1.6,4.8,4.6,,,,1.63,4.91,4.57,1.68,4.64,4.6,E0 (2).csv,,,,1.62,4.6,4.5,,,,,,,,,,,,,,,,
2024-12-29,Crystal Palace,Southampton,1.57,3.9,5.5,1.6,4.2,5.5,,,,1.64,4.13,5.4,1.53,4.45,6.43,E0 (2).csv,,,,1.6,4.0,5.0,,,,,,,,,,,,,,,,
2024-12-30,Aston Villa,Brighton,1.9,3.8,3.6,1.95,3.8,3.6,,,,1.99,3.91,3.62,1.86,3.89,4.25,E0 (2).csv,,,,1.95,3.8,3.6,,,,,,,,,,,,,,,,
2024-12-30,Man United,Newcastle,2.75,3.5,2.55,2.65,3.6,2.5,,,,2.72,3.68,2.54,2.71,3.6,2.58,E0 (2).csv,,,,2.75,3.6,2.4,,,,,,,,,,,,,,,,
2024-12-30,Ipswich,Chelsea,6.5,4.75,1.42,6.75,5.0,1.43,,,,7.1,5.2,1.42,7.55,5.28,1.4,E0 (2).csv,,,,6.5,4.8,1.44,,,,,,,,,,,,,,,,
2025-01-01,Brentford,Arsenal,6.5,4.75,1.44,6.25,4.75,1.49,,,,6.98,4.93,1.44,6.0,4.5,1.56,E0 (2).csv,,,,6.0,4.6,1.44,,,,,,,,,,,,,,,,
2025-01-04,Crystal Palace,Chelsea,3.8,3.75,1.91,3.7,3.8,1.95,,,,3.69,3.97,1.95,3.64,3.94,2.0,E0 (2).csv,,,,3.5,3.8,1.95,,,,,,,,,,,,,,,,
2025-01-04,Aston Villa,Leicester,1.33,5.5,8.5,1.33,5.5,9.0,,,,1.32,5.64,9.41,1.34,5.69,8.32,E0 (2).csv,,,,1.33,5.5,8.5,,,,,,,,,,,,,,,,
2025-01-04,Bournemouth,Everton,1.73,3.75,4.75,1.77,3.7,4.75,,,,1.75,3.91,4.82,1.7,3.97,5.23,E0 (2).csv,,,,1.75,3.8,4.6,,,,,,,,,,,,,,,,
2025-01-04,Man City,West Ham,1.3,6.25,7.5,1.32,6.0,8.25,,,,1.32,6.41,8.2,1.26,7.24,10.79,E0 (2).csv,,,,1.33,5.8,8.0,,,,,,,,,,,,,,,,
2025-01-04,Southampton,Brentford,3.0,3.4,2.4,2.65,3.6,2.5,,,,2.95,3.59,2.41,3.44,3.65,2.16,E0 (2).csv,,,,2.7,3.6,2.45,,,,,,,,,,,,,,,,
2025-01-04,Brighton,Arsenal,4.33,3.75,1.8,4.4,4.0,1.75,,,,4.62,3.7,1.82,4.93,3.68,1.8,E0 (2).csv,,,,4.2,3.8,1.8,,,,,,,,,,,,,,,,
2025-01-04,Tottenham,Newcastle,2.88,3.8,2.25,2.85,3.9,2.25,,,,2.97,4.06,2.22,3.9,4.69,1.79,E0 (2).csv,,,,2.8,3.9,2.25,,,,,,,,,,,,,,,,
2025-01-05,Fulham,Ipswich,1.55,4.2,5.75,1.55,4.4,5.75,,,,1.56,4.46,5.71,1.59,4.2,6.15,E0 (2).csv,,,,1.57,4.2,5.5,,,,,,,,,,,,,,,,
2025-01-05,Liverpool,Man United,1.29,6.25,8.0,1.29,6.0,9.5,,,,1.29,6.14,9.37,1.36,5.55,8.55,E0 (2).csv,,,,1.3,5.8,9.5,,,,,,,,,,,,,,,,
2025-01-06,Wolves,Nott'm Forest,3.3,3.2,2.3,3.1,3.3,2.35,,,,3.44,3.22,2.31,4.01,3.54,2.01,E0 (2).csv,,,,3.2,3.2,2.3,,,,,,,,,,,,,,,,
2025-01-14,West Ham,Fulham,3.0,3.4,2.38,2.95,3.4,2.4,,,,3.03,3.54,2.41,3.22,3.3,2.42,E0 (2).csv,,,,2.9,3.4,2.4,,,,,,,,,,,,,,,,
2025-01-14,Brentford,Man City,4.75,4.2,1.62,4.5,4.5,1.65,,,,4.9,4.56,1.65,5.18,4.51,1.61,E0 (2).csv,,,,4.5,4.4,1.67,,,,,,,,,,,,,,,,
2025-01-14,Chelsea,Bournemouth,1.48,4.75,6.0,1.49,4.8,6.0,,,,1.5,4.96,6.17,1.54,4.8,5.71,E0 (2).csv,,,,1.44,4.5,5.5,,,,,,,,,,,,,,,,
2025-01-14,Nott'm Forest,Liverpool,5.25,4.1,1.62,5.0,4.1,1.66,,,,5.28,4.24,1.65,5.7,4.3,1.62,E0 (2).csv,,,,4.8,4.0,1.67,,,,,,,,,,,,,,,,
2025-01-15,Arsenal,Tottenham,1.4,5.25,7.0,1.41,5.25,6.25,,,,1.4,5.54,6.88,1.38,5.35,8.2,E0 (2).csv,,,,1.4,5.0,7.0,,,,,,,,,,,,,,,,
2025-01-15,Newcastle,Wolves,1.36,5.5,8.0,1.36,5.5,7.75,,,,1.36,5.73,7.91,1.37,5.4,8.5,E0 (2).csv,,,,1.36,5.0,7.5,,,,,,,,,,,,,,,,
2025-01-15,Leicester,Crystal Palace,3.9,3.6,1.91,3.75,3.7,1.95,,,,4.01,3.76,1.93,4.07,3.63,1.97,E0 (2).csv,,,,3.75,3.7,1.95,,,,,,,,,,,,,,,,
2025-01-15,Everton,Aston Villa,3.25,3.2,2.3,3.1,3.25,2.37,,,,3.26,3.31,2.36,3.55,3.13,2.35,E0 (2).csv,,,,3.2,3.1,2.3,,,,,,,,,,,,,,,,
2025-01-16,Ipswich,Brighton,3.9,3.7,1.91,3.9,3.75,1.9,,,,3.84,3.78,1.96,3.94,3.75,1.97,E0 (2).csv,,,,3.75,3.75,1.91,,,,,,,,,,,,,,,,
2025-01-16,Man United,Southampton,1.29,6.0,9.5,1.3,6.0,9.25,,,,1.31,5.97,9.23,1.29,6.1,11.0,E0 (2).csv,,,,1.3,5.5,9.5,,,,,,,,,,,,,,,,
2025-01-18,Arsenal,Aston Villa,1.5,4.1,7.0,1.49,4.5,6.5,,,,1.53,4.4,6.38,1.57,4.35,6.1,E0 (2).csv,,,,1.53,4.2,6.0,,,,,,,,,,,,,,,,
2025-01-18,Newcastle,Bournemouth,1.62,4.2,5.0,1.65,4.2,4.8,,,,1.65,4.33,4.99,1.66,4.25,5.2,E0 (2).csv,,,,1.65,4.2,4.8,,,,,,,,,,,,,,,,
2025-01-18,Brentford,Liverpool,6.5,5.0,1.42,6.0,5.25,1.46,,,,6.49,5.33,1.43,6.33,5.0,1.49,E0 (2).csv,,,,6.0,5.0,1.44,,,,,,,,,,,,,,,,
2025-01-18,Leicester,Fulham,4.33,3.7,1.8,4.0,3.7,1.9,,,,4.38,3.91,1.81,4.65,3.79,1.81,E0 (2).csv,,,,3.9,3.75,1.85,,,,,,,,,,,,,,,,
2025-01-18,West Ham,Crystal Palace,2.6,3.5,2.63,2.55,3.4,2.7,,,,2.65,3.49,2.7,2.86,3.32,2.66,E0 (2).csv,,,,2.62,3.3,2.62,,,,,,,,,,,,,,,,
2025-01-19,Nott'm Forest,Southampton,1.38,4.75,8.0,1.41,4.8,7.75,,,,1.4,4.92,8.27,1.37,5.15,9.23,E0 (2).csv,,,,1.4,4.6,7.5,,,,,,,,,,,,,,,,
2025-01-19,Man United,Brighton,2.1,3.6,3.3,2.05,3.7,3.4,,,,2.11,3.77,3.39,2.34,3.45,3.25,E0 (2).csv,,,,2.05,3.6,3.3,,,,,,,,,,,,,,,,
2025-01-19,Ipswich,Man City,7.5,5.25,1.36,8.0,5.5,1.35,,,,7.76,5.51,1.37,8.5,5.5,1.37,E0 (2).csv,,,,7.5,5.0,1.36,,,,,,,,,,,,,,,,
2025-01-19,Everton,Tottenham,2.8,3.5,2.45,2.87,3.5,2.4,,,,2.97,3.45,2.46,2.56,3.51,2.85,E0 (2).csv,,,,2.88,3.6,2.38,,,,,,,,,,,,,,,,
2025-01-20,Chelsea,Wolves,1.36,5.75,6.5,1.34,5.75,8.0,,,,1.38,5.69,7.16,1.44,5.25,6.8,E0 (2).csv,,,,1.36,5.0,7.0,,,,,,,,,,,,,,,,
2025-01-25,Man City,Chelsea,2.05,4.0,3.3,1.98,4.0,3.4,,,,2.03,4.09,3.36,2.39,3.89,2.85,E0 (2).csv,,,,2.0,4.0,3.25,,,,,,,,,,,,,,,,
2025-01-25,Wolves,Arsenal,7.0,4.5,1.45,6.75,4.75,1.46,,,,6.86,4.74,1.47,5.93,4.15,1.61,E0 (2).csv,,,,6.5,4.5,1.44,,,,,,,,,,,,,,,,
2025-01-25,Southampton,Newcastle,6.5,5.25,1.42,6.75,5.25,1.41,,,,7.05,5.17,1.42,6.62,5.04,1.47,E0 (2).csv,,,,6.5,4.8,1.44,,,,,,,,,,,,,,,,
2025-01-25,Bournemouth,Nott'm Forest,2.05,3.7,3.4,2.05,3.6,3.5,,,,2.11,3.7,3.45,1.97,3.73,3.94,E0 (2).csv,,,,2.05,3.5,3.4,,,,,,,,,,,,,,,,
2025-01-25,Brighton,Everton,1.67,3.75,5.5,1.65,4.0,5.25,,,,1.68,3.83,5.5,1.74,3.69,5.42,E0 (2).csv,,,,1.65,3.9,5.0,,,,,,,,,,,,,,,,
2025-01-25,Liverpool,Ipswich,1.08,12.0,15.0,1.11,11.0,20.0,,,,1.1,11.75,21.77,1.1,12.25,24.5,E0 (2).csv,,,,1.12,10.0,19.0,,,,,,,,,,,,,,,,
2025-01-26,Crystal Palace,Brentford,2.05,3.75,3.3,2.05,3.7,3.4,,,,2.06,3.7,3.59,1.97,3.8,3.84,E0 (2).csv,,,,2.05,3.6,3.5,,,,,,,,,,,,,,,,
2025-01-26,Tottenham,Leicester,1.45,5.5,5.5,1.44,5.25,6.25,,,,1.46,5.37,5.94,1.51,5.05,5.85,E0 (2).csv,,,,1.44,5.0,5.8,,,,,,,,,,,,,,,,
2025-01-26,Aston Villa,West Ham,1.53,4.33,5.75,1.55,4.33,5.75,,,,1.55,4.46,5.99,1.47,4.9,6.9,E0 (2).csv,,,,1.57,4.2,5.5,,,,,,,,,,,,,,,,
2025-01-26,Fulham,Man United,2.3,3.4,3.1,2.3,3.4,3.0,,,,2.32,3.48,3.18,2.4,3.55,3.03,E0 (2).csv,,,,2.3,3.4,3.0,,,,,,,,,,,,,,,,
2025-02-01,Newcastle,Fulham,1.7,4.0,4.75,1.71,4.0,4.6,,,,1.71,4.14,4.74,1.77,3.82,4.91,E0 (2).csv,,,,1.73,4.0,4.4,,,,,,,,,,,,,,,,
2025-02-01,Ipswich,Southampton,1.95,3.6,3.8,1.95,3.6,3.8,,,,2.0,3.71,3.78,1.91,3.75,4.18,E0 (2).csv,,,,1.95,3.75,3.6,,,,,,,,,,,,,,,,
2025-02-01,Everton,Leicester,1.75,3.75,4.5,1.8,3.6,4.6,,,,1.81,3.7,4.73,1.96,3.34,4.53,E0 (2).csv,,,,1.8,3.6,4.5,,,,,,,,,,,,,,,,
2025-02-01,Wolves,Aston Villa,3.3,3.6,2.1,3.4,3.6,2.1,,,,3.43,3.56,2.17,3.32,3.48,2.28,E0 (2).csv,,,,3.3,3.6,2.1,,,,,,,,,,,,,,,,
2025-02-01,Nott'm Forest,Brighton,2.38,3.5,2.8,2.45,3.5,2.85,,,,2.46,3.43,2.99,2.68,3.45,2.74,E0 (2).csv,,,,2.45,3.4,2.88,,,,,,,,,,,,,,,,
2025-02-01,Bournemouth,Liverpool,4.5,4.33,1.67,4.6,4.2,1.68,,,,4.68,4.35,1.68,4.66,4.26,1.72,E0 (2).csv,,,,4.5,4.2,1.67,,,,,,,,,,,,,,,,
2025-02-02,Brentford,Tottenham,2.1,3.9,3.2,2.1,3.9,3.1,,,,2.12,3.88,3.11,1.97,4.21,3.51,E0 (2).csv,,,,2.1,4.0,3.0,,,,,,,,,,,,,,,,
2025-02-02,Man United,Crystal Palace,2.0,3.5,3.8,2.05,3.5,3.6,,,,1.98,3.49,3.83,1.78,3.73,4.97,E0 (2).csv,,,,2.05,3.4,3.6,,,,,,,,,,,,,,,,
2025-02-02,Arsenal,Man City,1.95,3.5,4.0,2.0,3.6,3.6,,,,1.93,3.63,3.85,1.91,4.17,3.77,E0 (2).csv,,,,2.0,3.5,3.75,,,,,,,,,,,,,,,,
2025-02-03,Chelsea,West Ham,1.36,4.75,8.0,1.37,5.75,7.25,,,,1.36,5.92,7.51,1.29,6.55,9.45,E0 (2).csv,,,,1.36,5.0,7.0,,,,,,,,,,,,,,,,
2025-02-12,Everton,Liverpool,7.5,4.5,1.44,,,,,,,7.36,4.73,1.45,7.9,4.65,1.45,E0 (2).csv,,,,7.0,4.6,1.44,,,,,,,,,,,,,,,,
2025-02-14,Brighton,Chelsea,2.7,3.6,2.45,,,,,,,2.92,3.65,2.43,2.95,3.78,2.36,E0 (2).csv,,,,2.8,3.6,2.38,,,,,,,,,,,,,,,,
2025-02-15,Crystal Palace,Everton,1.8,3.4,5.0,,,,,,,1.79,3.5,5.17,2.0,3.25,4.53,E0 (2).csv,,,,1.85,3.3,4.6,,,,,,,,,,,,,,,,
2025-02-15,Southampton,Bournemouth,6.0,4.5,1.5,,,,,,,6.01,4.65,1.52,6.32,4.79,1.51,E0 (2).csv,,,,5.5,4.6,1.53,,,,,,,,,,,,,,,,
2025-02-15,Leicester,Arsenal,8.5,5.0,1.33,,,,,,,9.47,5.42,1.34,10.15,5.52,1.33,E0 (2).csv,,,,9.5,5.0,1.33,,,,,,,,,,,,,,,,
2025-02-15,Aston Villa,Ipswich,1.4,4.75,7.0,,,,,,,1.41,5.02,7.6,1.44,4.99,7.41,E0 (2).csv,,,,1.4,4.75,7.0,,,,,,,,,,,,,,,,
2025-02-15,Fulham,Nott'm Forest,2.2,3.4,3.3,,,,,,,2.23,3.38,3.47,2.12,3.55,3.63,E0 (2).csv,,,,2.2,3.3,3.3,,,,,,,,,,,,,,,,
2025-02-15,Man City,Newcastle,1.95,4.2,3.3,,,,,,,1.99,4.09,3.49,2.09,4.07,3.29,E0 (2).csv,,,,1.95,4.0,3.4,,,,,,,,,,,,,,,,
2025-02-15,West Ham,Brentford,2.35,3.6,2.88,,,,,,,2.43,3.71,2.83,2.4,3.71,2.93,E0 (2).csv,,,,2.4,3.5,2.8,,,,,,,,,,,,,,,,
2025-02-16,Tottenham,Man United,2.45,3.75,2.62,,,,,,,2.46,3.84,2.73,2.21,3.9,3.13,E0 (2).csv,,,,2.45,3.7,2.62,,,,,,,,,,,,,,,,
2025-02-16,Liverpool,Wolves,1.15,8.0,12.0,,,,,,,1.19,8.22,12.7,1.23,7.1,12.75,E0 (2).csv,,,,1.2,7.0,13.0,,,,,,,,,,,,,,,,
2025-02-19,Aston Villa,Liverpool,3.9,4.0,1.83,,,,,,,4.02,4.09,1.85,3.97,4.04,1.88,E0 (2).csv,,,,3.8,3.9,1.85,,,,,,,,,,,,,,,,
2025-02-21,Leicester,Brentford,3.6,3.8,1.91,,,,,,,3.79,3.87,1.97,3.74,3.86,1.99,E0 (2).csv,,,,3.6,3.8,1.95,,,,,,,,,,,,,,,,
2025-02-22,Southampton,Brighton,6.0,4.1,1.55,,,,,,,5.56,4.53,1.57,5.83,4.51,1.57,E0 (2).csv,,,,5.0,4.2,1.57,,,,,,,,,,,,,,,,
2025-02-22,Everton,Man United,2.5,3.2,2.9,,,,,,,2.58,3.23,2.98,2.67,3.15,2.97,E0 (2).csv,,,,2.6,3.1,2.88,,,,,,,,,,,,,,,,
2025-02-22,Ipswich,Tottenham,4.1,3.6,1.9,,,,,,,3.92,3.96,1.89,3.42,3.85,2.1,E0 (2).csv,,,,3.75,3.8,1.91,,,,,,,,,,,,,,,,
2025-02-22,Fulham,Crystal Palace,2.05,3.4,3.7,,,,,,,2.04,3.52,3.84,2.1,3.49,3.77,E0 (2).csv,,,,2.05,3.4,3.7,,,,,,,,,,,,,,,,
2025-02-22,Aston Villa,Chelsea,2.63,3.4,2.6,,,,,,,2.62,3.78,2.58,2.68,3.61,2.65,E0 (2).csv,,,,2.62,3.6,2.5,,,,,,,,,,,,,,,,
2025-02-22,Arsenal,West Ham,1.27,6.0,10.0,,,,,,,1.25,6.42,11.04,1.29,5.82,12.73,E0 (2).csv,,,,1.25,5.5,12.0,,,,,,,,,,,,,,,,
2025-02-22,Bournemouth,Wolves,1.53,4.5,5.5,,,,,,,1.57,4.52,5.58,1.66,4.21,5.27,E0 (2).csv,,,,1.57,4.4,5.0,,,,,,,,,,,,,,,,
2025-02-23,Newcastle,Nott'm Forest,1.8,3.8,4.2,,,,,,,1.84,4.03,4.1,1.92,3.88,4.01,E0 (2).csv,,,,1.8,3.9,4.0,,,,,,,,,,,,,,,,
2025-02-23,Man City,Liverpool,2.88,3.8,2.25,,,,,,,2.95,3.97,2.26,3.24,3.87,2.21,E0 (2).csv,,,,2.88,3.75,2.3,,,,,,,,,,,,,,,,
2025-02-25,Brighton,Bournemouth,2.0,3.8,3.3,,,,,,,2.06,3.84,3.53,2.01,3.92,3.63,E0 (2).csv,,,,2.05,3.75,3.3,,,,,,,,,,,,,,,,
2025-02-25,Crystal Palace,Aston Villa,2.45,3.4,2.8,,,,,,,2.57,3.42,2.89,2.27,3.55,3.26,E0 (2).csv,,,,2.5,3.25,2.8,,,,,,,,,,,,,,,,
2025-02-25,Wolves,Fulham,2.63,3.3,2.63,,,,,,,2.74,3.36,2.74,2.42,3.31,3.2,E0 (2).csv,,,,2.7,3.3,2.62,,,,,,,,,,,,,,,,
2025-02-25,Chelsea,Southampton,1.17,8.0,13.0,,,,,,,1.17,8.97,14.66,1.18,8.25,16.0,E0 (2).csv,,,,1.17,8.0,15.0,,,,,,,,,,,,,,,,
2025-02-26,Brentford,Everton,2.0,3.7,3.5,,,,,,,2.03,3.75,3.64,2.03,3.68,3.8,E0 (2).csv,,,,2.0,3.5,3.6,,,,,,,,,,,,,,,,
2025-02-26,Man United,Ipswich,1.53,4.33,6.0,,,,,,,1.53,4.69,5.8,1.52,4.52,6.65,E0 (2).csv,,,,1.53,4.4,5.5,,,,,,,,,,,,,,,,
2025-02-26,Nott'm Forest,Arsenal,3.9,3.6,1.95,,,,,,,4.02,3.51,1.99,4.37,3.45,1.96,E0 (2).csv,,,,3.9,3.4,1.95,,,,,,,,,,,,,,,,
2025-02-26,Tottenham,Man City,3.25,4.0,2.0,,,,,,,3.23,4.15,2.07,3.96,4.19,1.85,E0 (2).csv,,,,3.2,4.0,2.0,,,,,,,,,,,,,,,,
2025-02-26,Liverpool,Newcastle,1.5,4.5,5.75,,,,,,,1.53,4.86,5.67,1.37,5.65,8.0,E0 (2).csv,,,,1.53,4.6,5.5,,,,,,,,,,,,,,,,
2025-02-27,West Ham,Leicester,1.62,4.2,5.0,,,,,,,1.63,4.21,5.34,1.79,3.79,4.83,E0 (2).csv,,,,1.62,4.0,5.0,,,,,,,,,,,,,,,,
2025-03-08,Wolves,Everton,2.6,3.1,2.88,,,,,,,2.68,3.15,2.92,2.88,3.0,2.88,E0 (2).csv,,,,2.6,3.1,2.8,,,,,,,,,,,,,,,,
2025-03-08,Brentford,Aston Villa,2.2,3.8,2.9,,,,,,,2.27,3.82,3.01,2.15,3.96,3.21,E0 (2).csv,,,,2.25,3.8,2.9,,,,,,,,,,,,,,,,
2025-03-08,Brighton,Fulham,1.95,3.6,3.75,,,,,,,2.0,3.64,3.86,2.01,3.55,4.0,E0 (2).csv,,,,2.0,3.5,3.75,,,,,,,,,,,,,,,,
2025-03-08,Crystal Palace,Ipswich,1.45,4.75,6.25,,,,,,,1.5,4.56,6.67,1.57,4.21,6.39,E0 (2).csv,,,,1.44,4.4,6.5,,,,,,,,,,,,,,,,
2025-03-08,Nott'm Forest,Man City,4.0,3.75,1.85,,,,,,,3.93,3.95,1.89,3.91,3.87,1.94,E0 (2).csv,,,,3.8,3.75,1.91,,,,,,,,,,,,,,,,
2025-03-08,Liverpool,Southampton,1.1,9.0,19.0,,,,,,,1.12,10.6,18.75,1.11,11.5,26.0,E0 (2).csv,,,,1.12,9.5,17.0,,,,,,,,,,,,,,,,
2025-03-09,Chelsea,Leicester,1.18,8.0,12.0,,,,,,,1.2,8.05,11.42,1.24,6.85,13.0,E0 (2).csv,,,,1.2,7.0,13.0,,,,,,,,,,,,,,,,
2025-03-09,Tottenham,Bournemouth,2.7,3.9,2.35,,,,,,,2.73,3.95,2.42,2.86,3.83,2.4,E0 (2).csv,,,,2.62,3.8,2.4,,,,,,,,,,,,,,,,
2025-03-09,Man United,Arsenal,5.75,3.5,1.7,,,,,,,5.61,3.65,1.71,5.05,3.72,1.78,E0 (2).csv,,,,5.0,3.5,1.73,,,,,,,,,,,,,,,,
2025-03-10,West Ham,Newcastle,3.25,3.4,2.2,,,,,,,3.3,3.62,2.2,3.39,3.55,2.22,E0 (2).csv,,,,3.1,3.6,2.2,,,,,,,,,,,,,,,,
2025-03-15,Everton,West Ham,2.05,3.2,3.9,,,,,,,2.11,3.3,3.9,2.12,3.31,3.92,E0 (2).csv,,,,2.1,3.2,3.75,,,,,,,,,,,,,,,,
2025-03-15,Ipswich,Nott'm Forest,3.75,3.5,2.0,,,,,,,3.88,3.64,1.99,3.99,3.58,2.0,E0 (2).csv,,,,3.75,3.5,2.0,,,,,,,,,,,,,,,,
2025-03-15,Man City,Brighton,1.67,4.33,4.5,,,,,,,1.67,4.55,4.62,1.83,3.99,4.3,E0 (2).csv,,,,1.65,4.33,4.6,,,,,,,,,,,,,,,,
2025-03-15,Southampton,Wolves,3.7,3.4,2.0,,,,,,,3.67,3.56,2.08,3.97,3.43,2.07,E0 (2).csv,,,,3.7,3.4,2.05,,,,,,,,,,,,,,,,
2025-03-15,Bournemouth,Brentford,1.73,4.2,4.2,,,,,,,1.77,4.21,4.29,1.76,4.35,4.32,E0 (2).csv,,,,1.75,4.0,4.2,,,,,,,,,,,,,,,,
2025-03-16,Leicester,Man United,4.5,3.5,1.83,,,,,,,4.21,3.86,1.85,4.56,3.82,1.83,E0 (2).csv,,,,4.0,3.75,1.85,,,,,,,,,,,,,,,,
2025-03-16,Arsenal,Chelsea,1.8,3.6,4.5,,,,,,,1.81,3.78,4.55,1.73,3.74,5.39,E0 (2).csv,,,,1.8,3.7,4.33,,,,,,,,,,,,,,,,
2025-03-16,Fulham,Tottenham,2.0,3.75,3.6,,,,,,,2.03,3.88,3.53,1.85,4.1,4.08,E0 (2).csv,,,,1.95,3.9,3.4,,,,,,,,,,,,,,,,
2025-04-01,Arsenal,Fulham,1.48,4.33,7.0,,,,,,,1.5,4.21,7.79,1.51,4.3,7.6,E0 (2).csv,,,,,,,,,,,,,,,,,,,,,,
2025-04-01,Wolves,West Ham,2.5,3.2,2.9,,,,,,,2.62,3.25,2.96,2.39,3.29,3.27,E0 (2).csv,,,,,,,,,,,,,,,,,,,,,,
2025-04-01,Nott'm Forest,Man United,2.3,3.4,3.1,,,,,,,2.36,3.44,3.19,2.35,3.46,3.19,E0 (2).csv,,,,,,,,,,,,,,,,,,,,,,
2025-04-02,Bournemouth,Ipswich,1.36,5.25,7.5,,,,,,,1.39,5.33,7.75,1.4,5.4,7.52,E0 (2).csv,,,,,,,,,,,,,,,,,,,,,,
2025-04-02,Brighton,Aston Villa,2.05,3.8,3.25,,,,,,,2.11,3.85,3.33,2.38,3.5,3.11,E0 (2).csv,,,,,,,,,,,,,,,,,,,,,,
2025-04-02,Man City,Leicester,1.2,8.0,10.0,,,,,,,1.2,8.18,11.84,1.2,8.0,13.5,E0 (2).csv,,,,,,,,,,,,,,,,,,,,,,
2025-04-02,Newcastle,Brentford,1.73,4.5,4.0,,,,,,,1.74,4.34,4.31,1.7,4.29,4.69,E0 (2).csv,,,,,,,,,,,,,,,,,,,,,,
2025-04-02,Southampton,Crystal Palace,5.75,3.8,1.62,,,,,,,5.72,4.05,1.63,5.72,4.13,1.63,E0 (2).csv,,,,,,,,,,,,,,,,,,,,,,
2025-04-02,Liverpool,Everton,1.36,5.0,8.0,,,,,,,1.36,5.19,9.2,1.5,4.41,7.31,E0 (2).csv,,,,,,,,,,,,,,,,,,,,,,
2025-04-03,Chelsea,Tottenham,1.65,4.5,4.5,,,,,,,1.66,4.58,4.59,1.67,4.46,4.83,E0 (2).csv,,,,,,,,,,,,,,,,,,,,,,
2025-04-05,Aston Villa,Nott'm Forest,1.95,3.6,3.7,,,,,,,2.0,3.69,3.8,2.15,3.45,3.66,E0 (2).csv,,,,,,,,,,,,,,,,,,,,,,
2025-04-05,West Ham,Bournemouth,3.0,3.5,2.3,,,,,,,3.03,3.53,2.38,3.04,3.55,2.4,E0 (2).csv,,,,,,,,,,,,,,,,,,,,,,
2025-04-05,Crystal Palace,Brighton,2.35,3.6,2.8,,,,,,,2.5,3.46,2.9,2.58,3.4,2.89,E0 (2).csv,,,,,,,,,,,,,,,,,,,,,,
2025-04-05,Everton,Arsenal,5.25,3.25,1.75,,,,,,,5.3,3.39,1.81,4.19,3.19,2.1,E0 (2).csv,,,,,,,,,,,,,,,,,,,,,,
2025-04-05,Ipswich,Wolves,2.7,3.25,2.63,,,,,,,2.78,3.3,2.71,2.85,3.27,2.7,E0 (2).csv,,,,,,,,,,,,,,,,,,,,,,
2025-04-06,Brentford,Chelsea,3.2,3.6,2.15,,,,,,,3.26,3.8,2.16,2.94,3.65,2.42,E0 (2).csv,,,,,,,,,,,,,,,,,,,,,,
2025-04-06,Fulham,Liverpool,4.5,3.5,1.83,,,,,,,4.27,3.75,1.87,4.29,3.55,1.94,E0 (2).csv,,,,,,,,,,,,,,,,,,,,,,
2025-04-06,Tottenham,Southampton,1.38,5.5,6.5,,,,,,,1.39,5.42,7.33,1.37,5.64,7.87,E0 (2).csv,,,,,,,,,,,,,,,,,,,,,,
2025-04-06,Man United,Man City,3.4,3.6,2.1,,,,,,,3.39,3.66,2.15,3.48,3.75,2.11,E0 (2).csv,,,,,,,,,,,,,,,,,,,,,,
2025-04-07,Leicester,Newcastle,6.5,4.2,1.48,,,,,,,6.61,4.47,1.51,7.45,4.85,1.45,E0 (2).csv,,,,,,,,,,,,,,,,,,,,,,
2025-04-12,Man City,Crystal Palace,1.5,4.75,5.75,,,,,,,1.5,4.81,6.12,1.64,4.35,5.3,E0 (2).csv,,,,,,,,,,,,,,,,,,,,,,
2025-04-12,Brighton,Leicester,1.29,6.0,10.0,,,,,,,1.27,5.96,10.93,1.29,5.95,10.93,E0 (2).csv,,,,,,,,,,,,,,,,,,,,,,
2025-04-12,Nott'm Forest,Everton,2.1,3.3,3.7,,,,,,,2.13,3.38,3.72,1.99,3.38,4.35,E0 (2).csv,,,,,,,,,,,,,,,,,,,,,,
2025-04-12,Southampton,Aston Villa,6.0,4.2,1.55,,,,,,,5.75,4.49,1.56,6.23,4.64,1.53,E0 (2).csv,,,,,,,,,,,,,,,,,,,,,,
2025-04-12,Arsenal,Brentford,1.6,4.33,5.0,,,,,,,1.63,4.17,5.42,1.62,4.24,5.66,E0 (2).csv,,,,,,,,,,,,,,,,,,,,,,
2025-04-13,Wolves,Tottenham,2.2,3.6,3.1,,,,,,,2.25,3.57,3.23,2.29,3.63,3.16,E0 (2).csv,,,,,,,,,,,,,,,,,,,,,,
2025-04-13,Newcastle,Man United,1.65,4.2,4.75,,,,,,,1.66,4.29,4.97,1.62,4.35,5.45,E0 (2).csv,,,,,,,,,,,,,,,,,,,,,,
2025-04-13,Chelsea,Ipswich,1.27,7.0,8.5,,,,,,,1.25,6.84,10.14,1.21,7.43,13.76,E0 (2).csv,,,,,,,,,,,,,,,,,,,,,,
2025-04-13,Liverpool,West Ham,1.3,6.0,8.0,,,,,,,1.3,6.09,9.78,1.28,6.12,10.75,E0 (2).csv,,,,,,,,,,,,,,,,,,,,,,
2025-04-14,Bournemouth,Fulham,2.15,3.5,3.3,,,,,,,2.16,3.62,3.39,2.24,3.45,3.43,E0 (2).csv,,,,,,,,,,,,,,,,,,,,,,
2025-04-16,Newcastle,Crystal Palace,1.67,3.9,5.0,,,,,,,1.72,4.01,4.84,1.68,3.99,5.24,E0 (2).csv,,,,,,,,,,,,,,,,,,,,,,
2025-04-19,Brentford,Brighton,2.4,3.75,2.63,,,,,,,2.56,3.59,2.75,2.7,3.66,2.6,E0 (2).csv,,,,,,,,,,,,,,,,,,,,,,
2025-04-19,Crystal Palace,Bournemouth,2.45,3.6,2.63,,,,,,,2.59,3.61,2.71,2.59,3.54,2.79,E0 (2).csv,,,,,,,,,,,,,,,,,,,,,,
2025-04-19,Everton,Man City,3.7,3.6,1.91,,,,,,,3.79,3.74,1.99,4.13,3.73,1.93,E0 (2).csv,,,,,,,,,,,,,,,,,,,,,,
2025-04-19,West Ham,Southampton,1.48,4.33,6.5,,,,,,,1.5,4.61,6.49,1.64,4.3,5.25,E0 (2).csv,,,,,,,,,,,,,,,,,,,,,,
2025-04-19,Aston Villa,Newcastle,2.3,3.6,2.75,,,,,,,2.38,3.7,2.92,2.55,3.65,2.71,E0 (2).csv,,,,,,,,,,,,,,,,,,,,,,
2025-04-20,Fulham,Chelsea,2.7,3.7,2.35,,,,,,,2.9,3.55,2.45,3.15,3.61,2.31,E0 (2).csv,,,,,,,,,,,,,,,,,,,,,,
2025-04-20,Ipswich,Arsenal,8.0,4.5,1.4,,,,,,,7.87,4.95,1.41,8.93,5.22,1.37,E0 (2).csv,,,,,,,,,,,,,,,,,,,,,,
2025-04-20,Man United,Wolves,2.0,3.6,3.6,,,,,,,2.01,3.63,3.82,2.6,3.5,2.8,E0 (2).csv,,,,,,,,,,,,,,,,,,,,,,
2025-04-20,Leicester,Liverpool,11.0,6.25,1.22,,,,,,,11.65,6.96,1.23,13.5,7.25,1.22,E0 (2).csv,,,,,,,,,,,,,,,,,,,,,,
2025-04-21,Tottenham,Nott'm Forest,2.45,3.6,2.63,,,,,,,2.52,3.78,2.69,2.4,3.55,3.06,E0 (2).csv,,,,,,,,,,,,,,,,,,,,,,
2025-04-22,Man City,Aston Villa,1.8,4.1,3.9,,,,,,,1.87,4.09,4.0,1.91,4.06,3.96,E0 (2).csv,,,,,,,,,,,,,,,,,,,,,,
2025-04-23,Arsenal,Crystal Palace,1.4,4.75,7.5,,,,,,,1.42,4.74,8.22,1.4,4.85,9.1,E0 (2).csv,,,,,,,,,,,,,,,,,,,,,,
2025-04-26,Brighton,West Ham,1.67,4.2,4.75,,,,,,,1.7,4.2,4.75,1.79,4.0,4.46,E0 (2).csv,,,,,,,,,,,,,,,,,,,,,,
2025-04-26,Newcastle,Ipswich,1.18,7.5,13.0,,,,,,,1.18,8.02,14.29,1.17,8.5,17.5,E0 (2).csv,,,,,,,,,,,,,,,,,,,,,,
2025-04-26,Southampton,Fulham,5.25,4.0,1.6,,,,,,,5.28,4.2,1.64,5.08,4.11,1.68,E0 (2).csv,,,,,,,,,,,,,,,,,,,,,,
2025-04-26,Wolves,Leicester,1.5,4.2,6.25,,,,,,,1.52,4.45,6.49,1.55,4.46,6.03,E0 (2).csv,,,,,,,,,,,,,,,,,,,,,,
2025-04-26,Chelsea,Everton,1.55,4.0,6.0,,,,,,,1.58,4.17,6.05,1.44,4.95,7.5,E0 (2).csv,,,,,,,,,,,,,,,,,,,,,,
2025-04-27,Bournemouth,Man United,1.67,4.0,4.5,,,,,,,1.68,4.21,4.86,1.98,3.93,3.72,E0 (2).csv,,,,,,,,,,,,,,,,,,,,,,
2025-04-27,Liverpool,Tottenham,1.25,6.0,11.0,,,,,,,1.27,6.89,9.07,1.2,7.95,13.75,E0 (2).csv,,,,,,,,,,,,,,,,,,,,,,
2025-05-01,Nott'm Forest,Brentford,2.15,3.5,3.25,,,,,,,2.2,3.58,3.34,2.35,3.61,3.22,E0 (2).csv,,,,,,,,,,,,,,,,,,,,,,
2025-05-02,Man City,Wolves,1.4,4.75,7.5,,,,,,,1.41,5.27,7.55,1.33,5.6,9.75,E0 (2).csv,,,,,,,,,,,,,,,,,,,,,,
2025-05-03,Aston Villa,Fulham,1.77,3.75,4.5,,,,,,,1.82,3.96,4.27,1.88,3.78,4.28,E0 (2).csv,,,,,,,,,,,,,,,,,,,,,,
2025-05-03,Everton,Ipswich,1.45,4.33,6.5,,,,,,,1.47,4.53,7.28,1.57,4.3,6.09,E0 (2).csv,,,,,,,,,,,,,,,,,,,,,,
2025-05-03,Leicester,Southampton,2.3,3.6,2.88,,,,,,,2.37,3.7,2.93,2.45,3.61,2.91,E0 (2).csv,,,,,,,,,,,,,,,,,,,,,,
2025-05-03,Arsenal,Bournemouth,2.05,3.7,3.4,,,,,,,2.07,3.63,3.62,1.68,4.05,5.25,E0 (2).csv,,,,,,,,,,,,,,,,,,,,,,
2025-05-04,West Ham,Tottenham,2.1,3.7,3.25,,,,,,,2.08,3.73,3.5,1.85,3.95,4.22,E0 (2).csv,,,,,,,,,,,,,,,,,,,,,,
2025-05-04,Chelsea,Liverpool,2.15,3.7,3.1,,,,,,,2.19,3.78,3.21,2.34,3.84,2.95,E0 (2).csv,,,,,,,,,,,,,,,,,,,,,,
2025-05-04,Brentford,Man United,1.65,4.1,4.75,,,,,,,1.7,4.23,4.7,1.65,4.34,4.96,E0 (2).csv,,,,,,,,,,,,,,,,,,,,,,
2025-05-04,Brighton,Newcastle,2.88,3.7,2.3,,,,,,,2.92,3.82,2.33,3.13,3.75,2.26,E0 (2).csv,,,,,,,,,,,,,,,,,,,,,,
2025-05-05,Crystal Palace,Nott'm Forest,2.25,3.4,3.2,,,,,,,2.31,3.44,3.23,2.19,3.5,3.5,E0 (2).csv,,,,,,,,,,,,,,,,,,,,,,
2025-05-10,Fulham,Everton,1.82,3.4,4.5,,,,,,,1.88,3.57,4.45,1.77,3.75,4.94,E0 (2).csv,,,,,,,,,,,,,,,,,,,,,,
2025-05-10,Ipswich,Brentford,5.0,4.0,1.65,,,,,,,5.1,4.21,1.66,5.83,4.84,1.52,E0 (2).csv,,,,,,,,,,,,,,,,,,,,,,
2025-05-10,Southampton,Man City,11.0,7.5,1.2,,,,,,,14.01,7.65,1.19,15.0,8.0,1.19,E0 (2).csv,,,,,,,,,,,,,,,,,,,,,,
2025-05-10,Wolves,Brighton,2.7,3.5,2.5,,,,,,,2.76,3.47,2.61,3.08,3.39,2.45,E0 (2).csv,,,,,,,,,,,,,,,,,,,,,,
2025-05-10,Bournemouth,Aston Villa,2.4,3.6,2.75,,,,,,,2.46,3.75,2.78,2.62,3.58,2.73,E0 (2).csv,,,,,,,,,,,,,,,,,,,,,,
2025-05-11,Newcastle,Chelsea,2.1,3.75,3.1,,,,,,,2.15,3.78,3.28,2.29,3.73,3.1,E0 (2).csv,,,,,,,,,,,,,,,,,,,,,,
2025-05-11,Nott'm Forest,Leicester,1.33,5.25,8.0,,,,,,,1.34,5.56,8.99,1.39,5.19,7.91,E0 (2).csv,,,,,,,,,,,,,,,,,,,,,,
2025-05-11,Tottenham,Crystal Palace,2.63,3.6,2.5,,,,,,,2.69,3.74,2.54,3.13,3.74,2.26,E0 (2).csv,,,,,,,,,,,,,,,,,,,,,,
2025-05-11,Liverpool,Arsenal,2.0,3.6,3.6,,,,,,,2.08,3.54,3.71,2.24,3.68,3.22,E0 (2).csv,,,,,,,,,,,,,,,,,,,,,,
2025-05-11,Man United,West Ham,1.9,3.6,4.0,,,,,,,1.93,3.78,3.95,2.02,3.68,3.74,E0 (2).csv,,,,,,,,,,,,,,,,,,,,,,
2025-05-16,Aston Villa,Tottenham,1.3,6.0,8.5,,,,,,,1.33,6.02,8.61,1.26,7.0,11.0,E0 (2).csv,,,,,,,,,,,,,,,,,,,,,,
2025-05-16,Chelsea,Man United,1.44,5.0,6.25,,,,,,,1.47,4.89,6.68,1.56,4.7,5.75,E0 (2).csv,,,,,,,,,,,,,,,,,,,,,,
2025-05-18,Leicester,Ipswich,2.3,3.6,2.9,,,,,,,2.37,3.65,2.97,2.27,3.77,3.11,E0 (2).csv,,,,,,,,,,,,,,,,,,,,,,
2025-05-18,Arsenal,Newcastle,1.95,3.7,3.7,,,,,,,2.03,3.58,3.83,1.94,3.79,3.98,E0 (2).csv,,,,,,,,,,,,,,,,,,,,,,
2025-05-18,Brentford,Fulham,1.91,3.9,3.6,,,,,,,1.96,3.95,3.68,2.07,3.79,3.56,E0 (2).csv,,,,,,,,,,,,,,,,,,,,,,
2025-05-18,Everton,Southampton,1.4,4.75,7.5,,,,,,,1.4,4.9,8.19,1.43,4.95,7.6,E0 (2).csv,,,,,,,,,,,,,,,,,,,,,,
2025-05-18,West Ham,Nott'm Forest,2.75,3.3,2.55,,,,,,,2.84,3.43,2.56,3.05,3.44,2.44,E0 (2).csv,,,,,,,,,,,,,,,,,,,,,,
2025-05-19,Brighton,Liverpool,2.6,3.75,2.45,,,,,,,2.69,3.83,2.49,2.2,3.99,3.09,E0 (2).csv,,,,,,,,,,,,,,,,,,,,,,
2025-05-20,Crystal Palace,Wolves,2.25,3.3,3.2,,,,,,,2.29,3.37,3.34,2.41,3.26,3.23,E0 (2).csv,,,,,,,,,,,,,,,,,,,,,,
2025-05-20,Man City,Bournemouth,1.55,4.33,5.75,,,,,,,1.57,4.52,5.6,1.34,5.8,8.9,E0 (2).csv,,,,,,,,,,,,,,,,,,,,,,
2025-05-25,Bournemouth,Leicester,1.33,5.25,8.5,,,,,,,1.34,5.82,8.37,1.34,5.67,9.01,E0 (2).csv,,,,,,,,,,,,,,,,,,,,,,
2025-05-25,Fulham,Man City,5.0,4.2,1.6,,,,,,,5.54,4.19,1.62,6.32,4.57,1.52,E0 (2).csv,,,,,,,,,,,,,,,,,,,,,,
2025-05-25,Ipswich,West Ham,3.0,3.8,2.2,,,,,,,3.02,3.9,2.24,3.28,3.63,2.23,E0 (2).csv,,,,,,,,,,,,,,,,,,,,,,
2025-05-25,Liverpool,Crystal Palace,1.4,6.0,5.75,,,,,,,1.42,5.68,6.36,1.38,6.04,7.14,E0 (2).csv,,,,,,,,,,,,,,,,,,,,,,
2025-05-25,Man United,Aston Villa,4.33,4.2,1.7,,,,,,,4.4,4.26,1.74,4.82,4.37,1.68,E0 (2).csv,,,,,,,,,,,,,,,,,,,,,,
2025-05-25,Newcastle,Everton,1.33,5.5,8.5,,,,,,,1.33,5.85,8.55,1.28,6.19,10.36,E0 (2).csv,,,,,,,,,,,,,,,,,,,,,,
2025-05-25,Nott'm Forest,Chelsea,3.0,3.75,2.2,,,,,,,3.15,3.76,2.22,3.5,3.87,2.07,E0 (2).csv,,,,,,,,,,,,,,,,,,,,,,
2025-05-25,Southampton,Arsenal,8.5,6.0,1.3,,,,,,,9.46,5.85,1.3,11.73,6.54,1.25,E0 (2).csv,,,,,,,,,,,,,,,,,,,,,,
2025-05-25,Tottenham,Brighton,4.2,4.33,1.7,,,,,,,4.33,4.52,1.71,3.83,4.06,1.92,E0 (2).csv,,,,,,,,,,,,,,,,,,,,,,
2025-05-25,Wolves,Brentford,2.7,3.7,2.45,,,,,,,2.74,3.83,2.45,3.0,3.82,2.31,E0 (2).csv,,,,,,,,,,,,,,,,,,,,,,
2025-08-15,Liverpool,Bournemouth,1.3,6.0,8.5,1.32,5.5,7.5,1.33,5.75,7.5,1.28,6.56,9.07,1.29,6.55,9.75,E0 (1).csv,,,,,,,,,,,,,,,,,,,,,,
2025-08-16,Aston Villa,Newcastle,2.25,3.5,2.9,2.3,3.6,2.87,2.3,3.6,2.87,2.24,3.72,3.13,2.32,3.63,3.07,E0 (1).csv,,,,,,,,,,,,,,,,,,,,,,
2025-08-16,Brighton,Fulham,1.91,3.6,4.0,1.9,3.6,3.9,1.91,3.6,3.9,1.94,3.73,3.98,1.92,3.66,4.27,E0 (1).csv,,,,,,,,,,,,,,,,,,,,,,
2025-08-16,Sunderland,West Ham,3.25,3.4,2.25,3.1,3.4,2.25,3.1,3.4,2.25,3.27,3.43,2.29,3.55,3.24,2.29,E0 (1).csv,,,,,,,,,,,,,,,,,,,,,,
2025-08-16,Tottenham,Burnley,1.38,4.75,8.5,1.39,4.8,8.0,1.4,4.8,8.0,1.4,4.71,8.79,1.56,4.2,6.7,E0 (1).csv,,,,,,,,,,,,,,,,,,,,,,
2025-08-16,Wolves,Man City,6.25,4.75,1.45,6.75,4.6,1.46,6.5,4.6,1.44,6.72,4.92,1.46,6.22,4.7,1.52,E0 (1).csv,,,,,,,,,,,,,,,,,,,,,,
2025-08-17,Chelsea,Crystal Palace,1.62,4.33,4.5,1.6,4.2,5.25,1.6,4.2,5.0,1.66,4.12,5.25,1.75,4.1,4.67,E0 (1).csv,,,,,,,,,,,,,,,,,,,,,,
2025-08-17,Nott'm Forest,Brentford,2.2,3.3,3.5,2.15,3.4,3.4,2.15,3.4,3.3,2.25,3.38,3.4,2.18,3.37,3.66,E0 (1).csv,,,,,,,,,,,,,,,,,,,,,,
2025-08-17,Man United,Arsenal,3.6,3.6,1.95,3.4,3.5,2.1,3.4,3.5,2.05,3.74,3.72,2.01,3.84,3.71,2.0,E0 (1).csv,,,,,,,,,,,,,,,,,,,,,,
2025-08-18,Leeds,Everton,2.38,3.3,3.0,2.4,3.25,2.95,2.4,3.25,2.9,2.37,3.52,3.06,2.36,3.3,3.32,E0 (1).csv,,,,,,,,,,,,,,,,,,,,,,
2025-08-22,West Ham,Chelsea,4.75,3.8,1.73,4.6,3.9,1.72,4.5,3.8,1.73,4.94,3.95,1.74,5.17,4.14,1.68,E0 (1).csv,,,,,,,,,,,,,,,,,,,,,,
2025-08-23,Brentford,Aston Villa,3.1,3.6,2.2,3.1,3.5,2.2,3.1,3.5,2.2,3.26,3.49,2.27,3.29,3.48,2.29,E0 (1).csv,,,,,,,,,,,,,,,,,,,,,,
2025-08-23,Arsenal,Leeds,1.27,6.25,9.5,1.27,6.0,10.5,1.25,6.0,10.0,1.28,6.21,9.68,1.34,5.55,9.7,E0 (1).csv,,,,,,,,,,,,,,,,,,,,,,
2025-08-23,Burnley,Sunderland,2.2,3.2,3.5,2.3,3.2,3.25,2.3,3.1,3.25,2.21,3.26,3.63,2.35,3.19,3.47,E0 (1).csv,,,,,,,,,,,,,,,,,,,,,,
2025-08-23,Bournemouth,Wolves,1.8,3.8,4.2,1.78,3.9,4.2,1.8,3.8,4.2,1.79,3.98,4.4,1.81,3.88,4.59,E0 (1).csv,,,,,,,,,,,,,,,,,,,,,,
2025-08-23,Man City,Tottenham,1.48,4.5,6.25,1.47,4.6,6.25,1.48,4.6,6.0,1.49,5.0,6.01,1.51,4.93,6.07,E0 (1).csv,,,,,,,,,,,,,,,,,,,,,,
2025-08-24,Crystal Palace,Nott'm Forest,2.35,3.3,3.1,2.35,3.3,3.0,2.37,3.25,3.0,2.41,3.25,3.22,2.45,3.25,3.21,E0 (1).csv,,,,,,,,,,,,,,,,,,,,,,
2025-08-24,Everton,Brighton,3.1,3.3,2.3,2.95,3.3,2.4,2.9,3.25,2.4,3.16,3.36,2.38,3.14,3.36,2.43,E0 (1).csv,,,,,,,,,,,,,,,,,,,,,,
2025-08-24,Fulham,Man United,3.25,3.5,2.15,3.3,3.6,2.1,3.3,3.5,2.1,3.3,3.54,2.23,3.53,3.49,2.18,E0 (1).csv,,,,,,,,,,,,,,,,,,,,,,
2025-08-25,Newcastle,Liverpool,3.25,3.8,2.05,3.4,3.9,1.98,3.3,3.8,2.0,3.29,3.92,2.11,2.97,3.74,2.36,E0 (1).csv,,,,,,,,,,,,,,,,,,,,,,
2025-08-30,Tottenham,Bournemouth,1.73,4.2,4.2,1.72,4.0,4.5,1.73,3.9,4.4,1.76,4.14,4.39,1.97,3.71,3.97,E0 (1).csv,,,,,,,,,,,,,,,,,,,,,,
2025-08-30,Chelsea,Fulham,1.55,4.33,5.25,1.55,4.5,5.25,1.53,4.5,5.5,1.57,4.37,5.75,1.67,3.97,5.49,E0 (1).csv,,,,,,,,,,,,,,,,,,,,,,
2025-08-30,Man United,Burnley,1.33,5.25,8.0,1.36,5.25,8.25,1.35,5.0,8.0,1.36,5.39,8.45,1.4,5.11,7.98,E0 (1).csv,,,,,,,,,,,,,,,,,,,,,,
2025-08-30,Sunderland,Brentford,3.0,3.3,2.4,2.9,3.3,2.45,2.87,3.25,2.45,3.03,3.24,2.53,3.08,3.29,2.5,E0 (1).csv,,,,,,,,,,,,,,,,,,,,,,
2025-08-30,Leeds,Newcastle,3.5,3.4,2.1,3.25,3.5,2.15,3.25,3.5,2.15,3.47,3.54,2.16,3.16,3.55,2.33,E0 (1).csv,,,,,,,,,,,,,,,,,,,,,,
2025-08-30,Wolves,Everton,2.7,3.2,2.75,2.65,3.2,2.75,2.62,3.1,2.75,2.74,3.23,2.79,3.21,3.2,2.48,E0 (1).csv,,,,,,,,,,,,,,,,,,,,,,
2025-08-31,Nott'm Forest,West Ham,1.67,3.75,5.25,1.72,3.7,4.8,1.67,3.5,4.5,1.69,3.98,5.13,1.69,4.0,5.17,E0 (1).csv,,,,,,,,,,,,,,,,,,,,,,
2025-08-31,Liverpool,Arsenal,2.2,3.5,3.2,2.15,3.6,3.2,2.15,3.5,3.1,2.27,3.47,3.28,2.4,3.53,3.05,E0 (1).csv,,,,,,,,,,,,,,,,,,,,,,
2025-08-31,Brighton,Man City,3.8,3.9,1.9,3.9,3.9,1.83,3.6,3.6,1.75,3.92,3.89,1.91,3.77,3.79,2.0,E0 (1).csv,,,,,,,,,,,,,,,,,,,,,,
2025-08-31,Aston Villa,Crystal Palace,1.85,3.7,4.0,1.93,3.5,4.0,1.91,3.4,3.9,1.9,3.69,4.21,2.03,3.51,3.98,E0 (1).csv,,,,,,,,,,,,,,,,,,,,,,
2025-09-13,Bournemouth,Brighton,2.35,3.5,2.9,2.4,3.5,2.8,2.37,3.5,2.75,2.4,3.57,2.98,2.47,3.54,2.94,E0 (1).csv,,,,,,,,,,,,,,,,,,,,,,
2025-09-13,Brentford,Chelsea,4.5,3.9,1.73,4.4,3.9,1.75,4.4,3.8,1.75,4.63,3.95,1.76,4.21,3.86,1.88,E0 (1).csv,,,,,,,,,,,,,,,,,,,,,,
2025-09-13,West Ham,Tottenham,3.4,3.6,2.1,3.3,3.5,2.1,3.3,3.5,2.1,3.55,3.62,2.1,3.44,3.59,2.18,E0 (1).csv,,,,,,,,,,,,,,,,,,,,,,
2025-09-13,Arsenal,Nott'm Forest,1.38,5.0,8.0,1.39,4.8,8.0,1.4,4.8,7.5,1.38,5.25,8.14,1.38,5.12,8.32,E0 (1).csv,,,,,,,,,,,,,,,,,,,,,,
2025-09-13,Fulham,Leeds,1.91,3.5,4.0,1.93,3.5,3.9,1.95,3.5,3.8,1.99,3.56,3.99,2.11,3.38,3.87,E0 (1).csv,,,,,,,,,,,,,,,,,,,,,,
2025-09-13,Newcastle,Wolves,1.42,4.75,7.0,1.43,4.6,7.25,1.44,4.6,7.0,1.43,4.93,7.21,1.37,5.2,9.25,E0 (1).csv,,,,,,,,,,,,,,,,,,,,,,
2025-09-13,Crystal Palace,Sunderland,1.65,3.75,5.75,1.68,3.7,5.25,1.67,3.7,5.25,1.69,3.77,5.51,1.69,3.69,5.82,E0 (1).csv,,,,,,,,,,,,,,,,,,,,,,
2025-09-13,Everton,Aston Villa,2.45,3.3,2.9,2.45,3.25,2.87,2.45,3.25,2.87,2.46,3.41,3.01,2.7,3.26,2.86,E0 (1).csv,,,,,,,,,,,,,,,,,,,,,,
2025-09-14,Man City,Man United,1.75,4.0,4.2,1.77,4.0,4.1,1.75,4.0,4.0,1.8,4.0,4.33,1.77,4.05,4.53,E0 (1).csv,,,,,,,,,,,,,,,,,,,,,,
2025-09-14,Burnley,Liverpool,8.0,5.5,1.33,8.25,5.5,1.33,8.0,5.5,1.33,9.0,5.44,1.34,9.5,5.7,1.33,E0 (1).csv,,,,,,,,,,,,,,,,,,,,,,
2025-09-20,Liverpool,Everton,1.45,4.75,6.5,1.47,4.6,6.25,1.44,4.2,5.75,1.45,4.7,7.25,1.54,4.4,6.5,E0 (1).csv,,,,,,,,,,,,,,,,,,,,,,
2025-09-20,Brighton,Tottenham,2.25,3.7,3.0,2.25,3.6,2.95,2.25,3.5,2.9,2.28,3.67,3.1,2.28,3.74,3.1,E0 (1).csv,,,,,,,,,,,,,,,,,,,,,,
2025-09-20,Burnley,Nott'm Forest,3.4,3.3,2.2,3.25,3.4,2.2,3.2,3.4,2.15,3.43,3.47,2.2,3.46,3.37,2.26,E0 (1).csv,,,,,,,,,,,,,,,,,,,,,,
2025-09-20,West Ham,Crystal Palace,2.88,3.5,2.38,2.9,3.4,2.4,2.87,3.3,2.37,3.09,3.39,2.41,3.26,3.4,2.34,E0 (1).csv,,,,,,,,,,,,,,,,,,,,,,
2025-09-20,Man United,Chelsea,2.6,3.8,2.45,2.65,3.7,2.4,2.62,3.6,2.4,2.71,3.74,2.52,2.71,3.69,2.58,E0 (1).csv,,,,,,,,,,,,,,,,,,,,,,
2025-09-20,Fulham,Brentford,2.0,3.4,3.8,2.05,3.5,3.6,2.05,3.4,3.5,2.05,3.44,3.92,2.19,3.32,3.71,E0 (1).csv,,,,,,,,,,,,,,,,,,,,,,
2025-09-20,Wolves,Leeds,2.7,3.2,2.75,2.65,3.2,2.75,2.62,3.1,2.75,2.78,3.21,2.76,2.85,3.17,2.77,E0 (1).csv,,,,,,,,,,,,,,,,,,,,,,
2025-09-21,Bournemouth,Newcastle,2.5,3.5,2.7,2.5,3.4,2.75,2.45,3.4,2.7,2.47,3.57,2.87,2.52,3.45,2.93,E0 (1).csv,,,,,,,,,,,,,,,,,,,,,,
2025-09-21,Sunderland,Aston Villa,3.4,3.5,2.1,3.5,3.4,2.1,3.5,3.3,2.1,3.71,3.37,2.14,3.61,3.32,2.22,E0 (1).csv,,,,,,,,,,,,,,,,,,,,,,
2025-09-21,Arsenal,Man City,1.85,3.9,3.8,1.88,3.7,3.9,1.91,3.7,3.8,1.92,3.8,3.99,2.05,3.65,3.76,E0 (1).csv,,,,,,,,,,,,,,,,,,,,,,
2025-09-27,Nott'm Forest,Sunderland,1.75,3.75,4.5,1.78,3.7,4.5,1.75,3.6,4.5,1.78,3.82,4.76,1.78,3.82,4.79,E0 (1).csv,,,,,,,,,,,,,,,,,,,,,,
2025-09-27,Tottenham,Wolves,1.5,4.5,6.0,1.49,4.5,6.25,1.48,4.5,6.0,1.49,4.96,6.08,1.58,4.37,5.76,E0 (1).csv,,,,,,,,,,,,,,,,,,,,,,
2025-09-27,Man City,Burnley,1.17,7.5,15.0,1.18,7.5,15.5,1.17,7.5,15.0,1.17,8.36,14.45,1.2,7.49,14.84,E0 (1).csv,,,,,,,,,,,,,,,,,,,,,,
2025-09-27,Crystal Palace,Liverpool,3.8,3.8,1.9,3.75,3.75,1.9,3.7,3.75,1.91,3.93,3.73,1.95,4.3,3.71,1.89,E0 (1).csv,,,,,,,,,,,,,,,,,,,,,,
2025-09-27,Chelsea,Brighton,1.85,3.8,3.8,1.85,3.9,3.8,1.85,3.9,3.8,1.9,3.86,3.98,1.91,3.91,4.0,E0 (1).csv,,,,,,,,,,,,,,,,,,,,,,
2025-09-27,Brentford,Man United,3.4,3.8,2.0,3.4,3.75,2.0,3.4,3.7,2.0,3.47,3.79,2.07,3.39,3.82,2.12,E0 (1).csv,,,,,,,,,,,,,,,,,,,,,,
2025-09-27,Leeds,Bournemouth,3.1,3.25,2.38,2.9,3.3,2.4,2.87,3.3,2.4,2.99,3.32,2.51,3.01,3.37,2.5,E0 (1).csv,,,,,,,,,,,,,,,,,,,,,,
2025-09-28,Aston Villa,Fulham,2.3,3.1,3.4,2.25,3.2,3.3,2.25,3.2,3.3,2.3,3.15,3.55,2.38,3.25,3.34,E0 (1).csv,,,,,,,,,,,,,,,,,,,,,,
2025-09-28,Newcastle,Arsenal,3.6,3.4,2.1,3.5,3.3,2.1,3.5,3.3,2.1,3.64,3.4,2.15,3.78,3.36,2.14,E0 (1).csv,,,,,,,,,,,,,,,,,,,,,,
2025-09-29,Everton,West Ham,1.7,3.75,5.0,1.73,3.7,4.8,1.73,3.7,4.8,1.74,3.88,4.9,1.68,3.9,5.46,E0 (1).csv,,,,,,,,,,,,,,,,,,,,,,
2025-10-03,Bournemouth,Fulham,1.95,3.5,3.9,1.95,3.5,3.9,1.95,3.5,3.9,1.99,3.6,3.93,2.02,3.55,3.98,E0 (1).csv,,,,,,,,,,,,,,,,,,,,,,
2025-10-04,Leeds,Tottenham,2.7,3.5,2.5,2.75,3.5,2.45,2.75,3.4,2.45,2.78,3.56,2.55,2.77,3.45,2.65,E0 (1).csv,,,,,,,,,,,,,,,,,,,,,,
2025-10-04,Arsenal,West Ham,1.18,6.5,17.0,1.2,6.75,14.5,1.2,6.5,13.0,1.21,6.93,13.68,1.22,6.82,14.76,E0 (1).csv,,,,,,,,,,,,,,,,,,,,,,
2025-10-04,Man United,Sunderland,1.5,4.75,5.75,1.51,4.5,5.75,1.5,4.5,5.75,1.51,4.7,6.18,1.57,4.41,5.78,E0 (1).csv,,,,,,,,,,,,,,,,,,,,,,
2025-10-04,Chelsea,Liverpool,2.8,3.75,2.3,2.9,3.6,2.25,2.9,3.6,2.25,2.92,3.89,2.3,2.9,3.85,2.36,E0 (1).csv,,,,,,,,,,,,,,,,,,,,,,
2025-10-05,Wolves,Brighton,3.6,3.7,2.0,3.7,3.6,1.98,3.6,3.6,1.95,3.82,3.68,1.99,3.82,3.68,2.02,E0 (1).csv,,,,,,,,,,,,,,,,,,,,,,
2025-10-05,Brentford,Man City,4.75,4.5,1.62,4.6,4.33,1.65,4.6,4.2,1.65,4.87,4.5,1.64,5.04,4.39,1.65,E0 (1).csv,,,,,,,,,,,,,,,,,,,,,,
2025-10-05,Aston Villa,Burnley,1.6,4.0,5.75,1.58,4.0,5.5,1.57,4.0,5.5,1.6,3.99,6.21,1.65,3.91,5.77,E0 (1).csv,,,,,,,,,,,,,,,,,,,,,,
2025-10-05,Newcastle,Nott'm Forest,1.57,4.2,5.5,1.6,4.1,5.5,1.61,4.0,5.0,1.63,4.3,5.27,1.57,4.39,5.91,E0 (1).csv,,,,,,,,,,,,,,,,,,,,,,
2025-10-05,Everton,Crystal Palace,2.45,3.25,3.0,2.5,3.2,2.9,2.5,3.2,2.87,2.59,3.26,2.95,2.61,3.23,2.99,E0 (1).csv,,,,,,,,,,,,,,,,,,,,,,
2025-10-18,Nott'm Forest,Chelsea,3.7,3.8,1.95,3.75,3.7,1.93,3.75,3.6,1.91,3.77,3.88,1.95,3.24,3.5,2.31,E0 (1).csv,,,,,,,,,,,,,,,,,,,,,,
2025-10-18,Brighton,Newcastle,2.63,3.4,2.6,2.6,3.4,2.65,2.6,3.4,2.62,2.71,3.52,2.64,2.87,3.5,2.54,E0 (1).csv,,,,,,,,,,,,,,,,,,,,,,
2025-10-18,Burnley,Leeds,3.25,3.25,2.25,3.2,3.25,2.3,3.2,3.2,2.3,3.43,3.29,2.28,3.57,3.23,2.28,E0 (1).csv,,,,,,,,,,,,,,,,,,,,,,
2025-10-18,Crystal Palace,Bournemouth,2.2,3.4,3.25,2.25,3.4,3.1,2.25,3.4,3.1,2.23,3.4,3.43,2.24,3.41,3.47,E0 (1).csv,,,,,,,,,,,,,,,,,,,,,,
2025-10-18,Man City,Everton,1.4,5.0,7.0,1.41,4.8,7.25,1.4,4.8,7.0,1.39,5.29,7.71,1.44,4.55,8.31,E0 (1).csv,,,,,,,,,,,,,,,,,,,,,,
2025-10-18,Sunderland,Wolves,2.5,3.0,3.1,2.45,3.1,3.1,2.4,3.1,3.1,2.5,3.07,3.25,2.65,3.03,3.12,E0 (1).csv,,,,,,,,,,,,,,,,,,,,,,
2025-10-18,Fulham,Arsenal,5.75,4.1,1.55,6.0,4.1,1.55,6.0,4.0,1.55,5.98,4.46,1.55,7.25,4.15,1.54,E0 (1).csv,,,,,,,,,,,,,,,,,,,,,,
2025-10-19,Liverpool,Man United,1.6,4.5,5.0,1.61,4.4,4.8,1.6,4.33,4.8,1.63,4.27,5.32,1.63,4.46,5.12,E0 (1).csv,,,,,,,,,,,,,,,,,,,,,,
2025-10-19,Tottenham,Aston Villa,2.05,3.5,3.5,2.05,3.6,3.4,2.05,3.5,3.3,2.07,3.77,3.5,2.32,3.44,3.27,E0 (1).csv,,,,,,,,,,,,,,,,,,,,,,
2025-10-20,West Ham,Brentford,2.5,3.25,2.88,2.5,3.3,2.8,2.45,3.3,2.8,2.54,3.43,2.87,2.63,3.31,2.9,E0 (1).csv,,,,,,,,,,,,,,,,,,,,,,
2025-10-24,Leeds,West Ham,1.8,3.5,4.75,1.8,3.6,4.5,1.8,3.6,4.4,1.82,3.72,4.72,1.81,3.71,4.79,E0 (1).csv,,,,,,,,,,,,,,,,,,,,,,
2025-10-25,Chelsea,Sunderland,1.36,4.75,9.0,1.38,5.0,8.0,1.36,4.8,8.0,1.38,5.22,8.0,1.45,4.7,7.85,E0 (1).csv,,,,,,,,,,,,,,,,,,,,,,
2025-10-25,Newcastle,Fulham,1.62,3.9,5.5,1.63,4.0,5.25,1.61,3.9,5.25,1.65,3.97,5.59,1.61,4.15,6.0,E0 (1).csv,,,,,,,,,,,,,,,,,,,,,,
2025-10-25,Man United,Brighton,1.95,3.8,3.5,2.0,3.75,3.4,2.0,3.7,3.3,2.0,3.92,3.57,2.03,3.9,3.57,E0 (1).csv,,,,,,,,,,,,,,,,,,,,,,
2025-10-25,Brentford,Liverpool,4.1,4.2,1.75,4.33,4.2,1.71,4.2,4.2,1.7,4.25,4.18,1.78,4.27,3.93,1.85,E0 (1).csv,,,,,,,,,,,,,,,,,,,,,,
2025-10-26,Arsenal,Crystal Palace,1.4,4.75,7.5,1.41,4.75,7.5,1.4,4.6,7.5,1.44,4.71,7.49,1.39,5.0,9.0,E0 (1).csv,,,,,,,,,,,,,,,,,,,,,,
2025-10-26,Aston Villa,Man City,4.33,3.8,1.8,4.0,3.75,1.85,3.9,3.75,1.85,4.24,4.06,1.81,4.27,3.77,1.88,E0 (1).csv,,,,,,,,,,,,,,,,,,,,,,
2025-10-26,Bournemouth,Nott'm Forest,1.8,3.8,4.33,1.8,3.75,4.2,1.8,3.7,4.2,1.79,3.96,4.48,2.02,3.54,3.98,E0 (1).csv,,,,,,,,,,,,,,,,,,,,,,
2025-10-26,Wolves,Burnley,1.95,3.3,4.2,1.98,3.3,4.0,1.95,3.3,4.0,2.0,3.39,4.18,1.93,3.41,4.55,E0 (1).csv,,,,,,,,,,,,,,,,,,,,,,
2025-10-26,Everton,Tottenham,2.35,3.4,3.0,2.35,3.4,2.95,2.3,3.4,2.9,2.42,3.33,3.13,2.28,3.39,3.4,E0 (1).csv,,,,,,,,,,,,,,,,,,,,,,
2025-11-01,Liverpool,Aston Villa,1.65,4.33,4.5,1.6,4.4,4.8,1.6,4.33,4.8,1.66,4.21,5.07,1.68,4.34,4.92,E0 (1).csv,,,,,,,,,,,,,,,,,,,,,,
2025-11-01,Tottenham,Chelsea,2.7,3.5,2.5,2.75,3.5,2.45,2.75,3.5,2.4,2.73,3.63,2.56,2.83,3.51,2.57,E0 (1).csv,,,,,,,,,,,,,,,,,,,,,,
2025-11-01,Crystal Palace,Brentford,1.91,3.6,3.9,1.93,3.6,3.8,1.91,3.6,3.75,1.94,3.68,4.01,2.07,3.53,3.81,E0 (1).csv,,,,,,,,,,,,,,,,,,,,,,
2025-11-01,Fulham,Wolves,1.83,3.5,4.5,1.85,3.4,4.4,1.85,3.4,4.4,1.88,3.54,4.56,1.79,3.73,4.92,E0 (1).csv,,,,,,,,,,,,,,,,,,,,,,
2025-11-01,Burnley,Arsenal,10.0,6.0,1.27,10.5,5.75,1.29,10.0,5.5,1.28,9.99,6.26,1.28,12.24,6.08,1.27,E0 (1).csv,,,,,,,,,,,,,,,,,,,,,,
2025-11-01,Nott'm Forest,Man United,3.3,3.75,2.05,3.4,3.6,2.05,3.4,3.6,2.05,3.43,3.87,2.06,3.48,3.77,2.1,E0 (1).csv,,,,,,,,,,,,,,,,,,,,,,
2025-11-01,Brighton,Leeds,1.85,3.75,4.0,1.83,3.8,4.0,1.83,3.75,4.0,1.89,3.77,4.15,2.03,3.6,3.86,E0 (1).csv,,,,,,,,,,,,,,,,,,,,,,
2025-11-02,Man City,Bournemouth,1.5,4.75,5.75,1.5,4.6,5.75,1.5,4.6,5.75,1.51,4.75,6.02,1.43,5.35,6.8,E0 (1).csv,,,,,,,,,,,,,,,,,,,,,,
2025-11-02,West Ham,Newcastle,5.25,4.0,1.62,4.8,4.0,1.66,4.8,3.9,1.67,5.07,4.45,1.63,5.17,4.22,1.66,E0 (1).csv,,,,,,,,,,,,,,,,,,,,,,
2025-11-03,Sunderland,Everton,2.7,3.2,2.7,2.8,3.1,2.6,2.75,3.1,2.6,2.82,3.18,2.75,3.32,3.2,2.42,E0 (1).csv,,,,,,,,,,,,,,,,,,,,,,
2025-11-08,Tottenham,Man United,2.63,3.6,2.5,2.6,3.6,2.5,2.6,3.6,2.5,2.72,3.59,2.58,3.01,3.59,2.43,E0 (1).csv,,,,,,,,,,,,,,,,,,,,,,
2025-11-08,Everton,Fulham,2.2,3.3,3.4,2.15,3.25,3.4,2.15,3.25,3.4,2.26,3.35,3.41,2.38,3.24,3.35,E0 (1).csv,,,,,,,,,,,,,,,,,,,,,,
2025-11-08,West Ham,Burnley,1.91,3.5,4.0,1.93,3.5,3.9,1.95,3.5,3.8,1.95,3.58,4.12,1.88,3.66,4.44,E0 (1).csv,,,,,,,,,,,,,,,,,,,,,,
2025-11-08,Sunderland,Arsenal,7.5,5.0,1.38,8.25,4.6,1.39,8.0,4.6,1.4,7.56,5.01,1.41,8.0,4.5,1.47,E0 (1).csv,,,,,,,,,,,,,,,,,,,,,,
2025-11-08,Chelsea,Wolves,1.36,4.75,8.5,1.37,5.25,7.5,1.36,5.0,7.5,1.37,5.26,8.42,1.36,5.4,9.2,E0 (1).csv,,,,,,,,,,,,,,,,,,,,,,
2025-11-09,Man City,Liverpool,1.9,3.9,3.7,1.9,4.0,3.6,1.91,3.9,3.5,1.88,4.08,3.85,1.94,4.0,3.86,E0 (1).csv,,,,,,,,,,,,,,,,,,,,,,
2025-11-09,Nott'm Forest,Leeds,2.25,3.25,3.3,2.2,3.3,3.25,2.2,3.3,3.2,2.29,3.45,3.27,2.23,3.3,3.62,E0 (1).csv,,,,,,,,,,,,,,,,,,,,,,
2025-11-09,Aston Villa,Bournemouth,2.2,3.4,3.25,2.15,3.5,3.25,2.15,3.5,3.2,2.25,3.49,3.29,2.37,3.4,3.2,E0 (1).csv,,,,,,,,,,,,,,,,,,,,,,
2025-11-09,Crystal Palace,Brighton,2.25,3.5,3.1,2.25,3.6,3.0,2.25,3.5,3.0,2.3,3.62,3.1,2.43,3.45,3.07,E0 (1).csv,,,,,,,,,,,,,,,,,,,,,,
2025-11-09,Brentford,Newcastle,2.8,3.5,2.45,2.75,3.4,2.45,2.75,3.4,2.45,2.97,3.39,2.5,2.93,3.51,2.49,E0 (1).csv,,,,,,,,,,,,,,,,,,,,,,
2025-11-22,Burnley,Chelsea,6.25,4.5,1.48,6.5,4.4,1.49,6.5,4.33,1.48,6.45,4.73,1.49,5.8,4.25,1.61,E0 (1).csv,,,,,,,,,,,,,,,,,,,,,,
2025-11-22,Bournemouth,West Ham,1.62,4.2,4.75,1.63,4.1,5.0,1.61,4.0,5.0,1.65,4.16,5.26,1.68,4.09,5.12,E0 (1).csv,,,,,,,,,,,,,,,,,,,,,,
2025-11-22,Brighton,Brentford,1.91,3.6,4.0,1.93,3.7,3.75,1.91,3.7,3.7,1.96,3.6,4.05,2.17,3.47,3.59,E0 (1).csv,,,,,,,,,,,,,,,,,,,,,,
2025-11-22,Fulham,Sunderland,2.1,3.25,3.75,2.1,3.25,3.6,2.1,3.25,3.6,2.12,3.24,3.95,2.07,3.38,4.0,E0 (1).csv,,,,,,,,,,,,,,,,,,,,,,
2025-11-22,Liverpool,Nott'm Forest,1.44,5.0,6.25,1.44,4.75,6.75,1.44,4.6,6.5,1.45,4.9,6.9,1.47,4.69,6.97,E0 (1).csv,,,,,,,,,,,,,,,,,,,,,,
2025-11-22,Wolves,Crystal Palace,3.8,3.6,1.95,3.7,3.5,2.0,3.7,3.4,2.0,3.92,3.62,1.99,4.53,3.8,1.82,E0 (1).csv,,,,,,,,,,,,,,,,,,,,,,
2025-11-22,Newcastle,Man City,3.6,3.8,1.95,3.4,3.8,1.98,3.4,3.75,2.0,3.69,3.8,2.0,4.06,3.85,1.93,E0 (1).csv,,,,,,,,,,,,,,,,,,,,,,
2025-11-23,Leeds,Aston Villa,3.0,3.3,2.4,3.1,3.25,2.3,3.1,3.25,2.3,3.05,3.27,2.51,3.3,3.46,2.29,E0 (1).csv,,,,,,,,,,,,,,,,,,,,,,
2025-11-23,Arsenal,Tottenham,1.42,4.75,7.5,1.4,4.6,8.0,1.4,4.6,8.0,1.43,4.75,7.88,1.47,4.47,7.69,E0 (1).csv,,,,,,,,,,,,,,,,,,,,,,
2025-11-24,Man United,Everton,1.75,4.0,4.33,1.72,3.8,4.6,1.73,3.8,4.6,1.8,3.76,4.68,1.9,3.87,4.08,E0 (1).csv,,,,,,,,,,,,,,,,,,,,,,
2025-11-29,Brentford,Burnley,1.45,4.5,7.0,1.49,4.4,6.5,1.48,4.4,6.5,1.47,4.72,6.95,1.5,4.55,7.05,E0 (1).csv,,,,,,,,,,,,,,,,,,,,,,
2025-11-29,Tottenham,Fulham,2.2,3.3,3.3,2.15,3.4,3.3,2.15,3.4,3.25,2.3,3.31,3.38,2.4,3.44,3.12,E0 (1).csv,,,,,,,,,,,,,,,,,,,,,,
2025-11-29,Sunderland,Bournemouth,3.2,3.3,2.3,2.95,3.3,2.37,2.9,3.3,2.37,3.14,3.4,2.38,3.29,3.43,2.31,E0 (1).csv,,,,,,,,,,,,,,,,,,,,,,
2025-11-29,Everton,Newcastle,2.8,3.25,2.63,2.8,3.3,2.5,2.8,3.25,2.5,2.79,3.38,2.64,2.75,3.36,2.73,E0 (1).csv,,,,,,,,,,,,,,,,,,,,,,
2025-11-29,Man City,Leeds,1.22,6.5,12.0,1.24,6.5,11.0,1.22,6.5,11.0,1.25,6.77,10.58,1.22,7.5,13.5,E0 (1).csv,,,,,,,,,,,,,,,,,,,,,,
2025-11-30,Crystal Palace,Man United,2.3,3.4,3.1,2.35,3.4,2.9,2.37,3.4,2.87,2.29,3.62,3.11,2.1,3.75,3.56,E0 (1).csv,,,,,,,,,,,,,,,,,,,,,,
2025-11-30,Aston Villa,Wolves,1.5,4.33,6.5,1.5,4.4,6.25,1.5,4.33,6.0,1.48,4.76,6.56,1.47,4.65,7.25,E0 (1).csv,,,,,,,,,,,,,,,,,,,,,,
2025-11-30,Nott'm Forest,Brighton,2.75,3.3,2.63,2.7,3.4,2.55,2.7,3.4,2.5,2.81,3.46,2.58,2.95,3.35,2.57,E0 (1).csv,,,,,,,,,,,,,,,,,,,,,,
2025-11-30,West Ham,Liverpool,4.33,4.33,1.67,4.2,4.1,1.72,4.2,4.0,1.73,4.45,4.22,1.74,5.15,4.75,1.6,E0 (1).csv,,,,,,,,,,,,,,,,,,,,,,
2025-11-30,Chelsea,Arsenal,3.4,3.3,2.2,3.3,3.3,2.2,3.3,3.3,2.2,3.47,3.33,2.25,3.19,3.17,2.51,E0 (1).csv,,,,,,,,,,,,,,,,,,,,,,
2025-12-02,Bournemouth,Everton,2.2,3.25,3.3,2.15,3.3,3.4,2.15,3.3,3.4,2.28,3.36,3.43,2.23,3.5,3.41,E0 (1).csv,,,,,,,,,,,,,,,,,,,,,,
2025-12-02,Fulham,Man City,4.33,4.1,1.73,4.5,4.1,1.68,4.5,4.0,1.67,4.73,4.13,1.72,5.3,4.12,1.66,E0 (1).csv,,,,,,,,,,,,,,,,,,,,,,
2025-12-02,Newcastle,Tottenham,1.83,3.8,4.1,1.8,3.75,4.2,1.8,3.75,4.2,1.85,3.87,4.29,1.85,3.89,4.3,E0 (1).csv,,,,,,,,,,,,,,,,,,,,,,
2025-12-03,Liverpool,Sunderland,1.36,5.25,7.0,1.34,5.5,8.25,1.33,5.25,8.0,1.37,5.44,8.12,1.36,5.47,8.52,E0 (1).csv,,,,,,,,,,,,,,,,,,,,,,
2025-12-03,Leeds,Chelsea,4.1,4.1,1.8,4.33,3.8,1.78,4.2,3.8,1.75,4.27,4.05,1.8,4.11,3.53,1.99,E0 (1).csv,,,,,,,,,,,,,,,,,,,,,,
2025-12-03,Burnley,Crystal Palace,4.5,3.8,1.75,4.6,3.7,1.77,4.5,3.7,1.75,4.64,3.81,1.79,5.05,3.77,1.76,E0 (1).csv,,,,,,,,,,,,,,,,,,,,,,
2025-12-03,Brighton,Aston Villa,2.15,3.5,3.4,2.15,3.4,3.3,2.15,3.4,3.3,2.18,3.58,3.37,2.31,3.45,3.27,E0 (1).csv,,,,,,,,,,,,,,,,,,,,,,
2025-12-03,Arsenal,Brentford,1.36,5.0,8.5,1.37,5.0,8.0,1.36,5.0,8.0,1.35,5.41,8.75,1.44,4.65,8.07,E0 (1).csv,,,,,,,,,,,,,,,,,,,,,,
2025-12-03,Wolves,Nott'm Forest,3.25,3.4,2.25,3.2,3.3,2.2,3.2,3.3,2.2,3.27,3.37,2.32,3.17,3.32,2.44,E0 (1).csv,,,,,,,,,,,,,,,,,,,,,,
2025-12-04,Man United,West Ham,1.45,5.0,6.0,1.46,4.75,6.25,1.44,4.8,6.5,1.47,4.9,6.52,1.39,5.2,8.25,E0 (1).csv,,,,,,,,,,,,,,,,,,,,,,
2025-12-06,Everton,Nott'm Forest,2.2,3.2,3.5,2.15,3.25,3.5,2.15,3.25,3.5,2.23,3.24,3.63,2.12,3.37,3.84,E0 (1).csv,,,,,,,,,,,,,,,,,,,,,,
2025-12-06,Man City,Sunderland,1.25,6.5,10.0,1.26,6.25,10.5,1.25,6.0,10.0,1.24,6.68,11.08,1.27,6.45,11.0,E0 (1).csv,,,,,,,,,,,,,,,,,,,,,,
2025-12-06,Aston Villa,Arsenal,4.2,3.5,1.9,4.0,3.4,1.93,4.0,3.4,1.91,4.32,3.53,1.92,4.5,3.54,1.93,E0 (1).csv,,,,,,,,,,,,,,,,,,,,,,
2025-12-06,Tottenham,Brentford,2.3,3.5,3.0,2.25,3.5,3.0,2.25,3.5,3.0,2.39,3.42,3.09,2.49,3.43,3.0,E0 (1).csv,,,,,,,,,,,,,,,,,,,,,,
2025-12-06,Leeds,Liverpool,3.8,4.0,1.85,4.1,3.8,1.82,4.0,3.75,1.83,3.96,3.85,1.91,4.58,4.07,1.76,E0 (1).csv,,,,,,,,,,,,,,,,,,,,,,
2025-12-06,Bournemouth,Chelsea,3.1,3.75,2.15,3.2,3.6,2.15,3.1,3.6,2.15,3.15,3.83,2.2,3.38,3.85,2.12,E0 (1).csv,,,,,,,,,,,,,,,,,,,,,,
2025-12-06,Newcastle,Burnley,1.27,6.0,9.5,1.29,5.75,9.5,1.28,5.75,9.5,1.27,6.25,10.24,1.33,5.75,9.25,E0 (1).csv,,,,,,,,,,,,,,,,,,,,,,
2025-12-07,Brighton,West Ham,1.55,4.33,5.75,1.57,4.4,5.25,1.57,4.33,5.25,1.56,4.52,5.73,1.63,4.35,5.35,E0 (1).csv,,,,,,,,,,,,,,,,,,,,,,
2025-12-07,Fulham,Crystal Palace,2.55,3.3,2.8,2.6,3.25,2.75,2.6,3.2,2.7,2.59,3.35,2.87,2.53,3.4,2.96,E0 (1).csv,,,,,,,,,,,,,,,,,,,,,,
2025-12-08,Wolves,Man United,4.2,4.0,1.75,4.33,3.8,1.78,4.2,3.75,1.8,4.19,4.01,1.83,5.35,4.2,1.65,E0 (1).csv,,,,,,,,,,,,,,,,,,,,,,
2025-12-13,Burnley,Fulham,4.0,3.5,1.91,3.9,3.5,1.93,3.9,3.5,1.95,3.98,3.59,1.98,4.06,3.51,2.01,E0 (1).csv,,,,,,,,,,,,,,,,,,,,,,
2025-12-13,Chelsea,Everton,1.67,3.8,5.25,1.65,4.0,5.0,1.65,4.0,4.8,1.67,4.04,5.3,1.75,3.91,4.86,E0 (1).csv,,,,,,,,,,,,,,,,,,,,,,
2025-12-13,Liverpool,Brighton,1.67,4.0,4.75,1.68,4.2,4.4,1.67,4.2,4.4,1.69,4.32,4.68,1.8,4.1,4.28,E0 (1).csv,,,,,,,,,,,,,,,,,,,,,,
2025-12-13,Arsenal,Wolves,1.13,8.5,21.0,1.13,9.5,20.0,1.12,9.5,19.0,1.14,8.77,21.15,1.13,9.55,27.0,E0 (1).csv,,,,,,,,,,,,,,,,,,,,,,
2025-12-14,Nott'm Forest,Tottenham,2.55,3.3,2.8,2.55,3.3,2.75,2.5,3.3,2.75,2.6,3.4,2.82,2.75,3.35,2.74,E0 (1).csv,,,,,,,,,,,,,,,,,,,,,,
2025-12-14,Sunderland,Newcastle,3.3,3.3,2.25,3.2,3.4,2.2,3.2,3.4,2.2,3.43,3.33,2.26,3.61,3.43,2.18,E0 (1).csv,,,,,,,,,,,,,,,,,,,,,,
2025-12-14,West Ham,Aston Villa,3.75,3.5,2.0,3.5,3.5,2.05,3.5,3.5,2.0,3.76,3.57,2.05,3.35,3.57,2.23,E0 (1).csv,,,,,,,,,,,,,,,,,,,,,,
2025-12-14,Brentford,Leeds,1.91,3.6,4.0,1.98,3.5,3.75,1.95,3.5,3.7,1.97,3.69,3.89,2.23,3.33,3.59,E0 (1).csv,,,,,,,,,,,,,,,,,,,,,,
2025-12-14,Crystal Palace,Man City,3.9,3.9,1.85,4.0,3.7,1.87,4.0,3.6,1.85,4.05,3.99,1.86,4.23,3.82,1.9,E0 (1).csv,,,,,,,,,,,,,,,,,,,,,,
2025-12-15,Man United,Bournemouth,1.83,4.0,3.8,1.83,3.9,3.8,1.83,3.9,3.8,1.84,4.21,3.93,1.81,4.15,4.2,E0 (1).csv,,,,,,,,,,,,,,,,,,,,,,
2025-12-20,Everton,Arsenal,5.75,4.1,1.57,5.5,3.8,1.62,5.5,3.8,1.61,6.18,4.09,1.58,6.65,4.2,1.56,E0 (1).csv,,,,,,,,,,,,,,,,,,,,,,
2025-12-20,Tottenham,Liverpool,3.5,3.75,2.0,3.4,3.7,2.05,3.2,3.5,1.95,3.42,3.8,2.09,3.71,3.68,2.05,E0 (1).csv,,,,,,,,,,,,,,,,,,,,,,
2025-12-20,Wolves,Brentford,3.5,3.6,2.05,3.6,3.5,2.05,3.6,3.5,2.0,3.66,3.56,2.08,3.47,3.48,2.21,E0 (1).csv,,,,,,,,,,,,,,,,,,,,,,
2025-12-20,Leeds,Crystal Palace,2.6,3.3,2.75,2.55,3.3,2.75,2.5,3.25,2.75,2.66,3.32,2.81,2.93,3.11,2.74,E0 (1).csv,,,,,,,,,,,,,,,,,,,,,,
2025-12-20,Brighton,Sunderland,1.67,4.0,5.25,1.65,4.0,5.0,1.65,4.0,5.0,1.63,4.15,5.5,1.88,3.63,4.64,E0 (1).csv,,,,,,,,,,,,,,,,,,,,,,
2025-12-20,Newcastle,Chelsea,2.75,3.6,2.45,2.65,3.5,2.5,2.62,3.5,2.5,2.87,3.41,2.55,2.87,3.55,2.52,E0 (1).csv,,,,,,,,,,,,,,,,,,,,,,
2025-12-20,Man City,West Ham,1.22,8.0,10.0,1.22,7.5,10.5,1.22,7.5,10.0,1.2,7.87,12.43,1.19,8.25,14.0,E0 (1).csv,,,,,,,,,,,,,,,,,,,,,,
2025-12-20,Bournemouth,Burnley,1.48,4.33,6.5,1.47,4.6,6.25,1.44,4.2,5.75,1.48,4.65,6.73,1.48,4.8,6.95,E0 (1).csv,,,,,,,,,,,,,,,,,,,,,,
2025-12-21,Aston Villa,Man United,2.1,3.6,3.3,2.1,3.7,3.25,2.1,3.6,3.25,2.08,3.73,3.49,2.04,3.75,3.76,E0 (1).csv,,,,,,,,,,,,,,,,,,,,,,
2025-12-22,Fulham,Nott'm Forest,2.4,3.25,3.0,2.37,3.4,2.95,2.37,3.3,2.9,2.51,3.29,3.01,2.66,3.35,2.83,E0 (1).csv,,,,,,,,,,,,,,,,,,,,,,
2025-12-26,Man United,Newcastle,2.55,3.6,2.6,2.45,3.6,2.65,2.45,3.5,2.62,2.57,3.71,2.67,2.49,3.77,2.71,E0 (1).csv,,,,,,,,,,,,,,,,,,,,,,
2025-12-27,Arsenal,Brighton,1.42,4.75,7.0,1.43,4.8,6.75,1.44,4.8,6.5,1.39,5.09,8.08,1.33,5.65,9.7,E0 (1).csv,,,,,,,,,,,,,,,,,,,,,,
2025-12-27,Brentford,Bournemouth,2.25,3.6,3.0,2.25,3.6,2.95,2.25,3.5,2.9,2.31,3.67,3.05,2.32,3.59,3.15,E0 (1).csv,,,,,,,,,,,,,,,,,,,,,,
2025-12-27,Burnley,Everton,4.1,3.4,1.95,4.0,3.25,2.0,3.9,3.25,2.0,4.12,3.35,2.03,3.74,3.25,2.21,E0 (1).csv,,,,,,,,,,,,,,,,,,,,,,
2025-12-27,Liverpool,Wolves,1.25,6.5,10.0,1.24,6.75,10.5,1.25,6.5,10.0,1.23,7.02,11.7,1.25,6.61,11.61,E0 (1).csv,,,,,,,,,,,,,,,,,,,,,,
2025-12-27,West Ham,Fulham,2.63,3.4,2.6,2.65,3.4,2.55,2.62,3.4,2.6,2.69,3.49,2.67,3.06,3.38,2.47,E0 (1).csv,,,,,,,,,,,,,,,,,,,,,,
2025-12-27,Chelsea,Aston Villa,1.83,3.9,4.0,1.83,3.9,3.9,1.83,3.9,3.9,1.85,3.95,4.1,1.79,4.14,4.31,E0 (1).csv,,,,,,,,,,,,,,,,,,,,,,
2025-12-27,Nott'm Forest,Man City,5.0,4.33,1.6,5.0,4.33,1.6,4.8,4.33,1.6,5.26,4.53,1.6,5.55,4.15,1.64,E0 (1).csv,,,,,,,,,,,,,,,,,,,,,,
2025-12-28,Sunderland,Leeds,2.5,3.1,2.88,2.5,3.25,2.85,2.5,3.2,2.8,2.63,3.31,2.86,3.01,3.15,2.65,E0 (1).csv,,,,,,,,,,,,,,,,,,,,,,
2025-12-28,Crystal Palace,Tottenham,2.25,3.25,3.2,2.25,3.4,3.1,2.25,3.4,3.1,2.29,3.34,3.36,2.29,3.45,3.33,E0 (1).csv,,,,,,,,,,,,,,,,,,,,,,
2025-12-30,Man United,Wolves,1.36,5.25,8.0,1.37,5.25,7.5,1.36,5.25,7.5,1.37,5.38,8.33,1.38,5.4,8.25,E0 (1).csv,,,,,,,,,,,,,,,,,,,,,,
2025-12-30,Arsenal,Aston Villa,1.42,4.75,7.0,1.44,4.75,6.5,1.44,4.6,6.5,1.43,4.97,7.51,1.37,5.5,8.25,E0 (1).csv,,,,,,,,,,,,,,,,,,,,,,
2025-12-30,Chelsea,Bournemouth,1.5,4.75,5.75,1.53,4.6,5.5,1.53,4.6,5.25,1.53,4.74,5.95,1.59,4.5,5.6,E0 (1).csv,,,,,,,,,,,,,,,,,,,,,,
2025-12-30,Nott'm Forest,Everton,2.1,3.25,3.7,2.1,3.2,3.7,2.1,3.2,3.6,2.13,3.31,3.88,1.92,3.49,4.54,E0 (1).csv,,,,,,,,,,,,,,,,,,,,,,
2025-12-30,West Ham,Brighton,3.4,3.75,2.0,3.25,3.6,2.1,3.25,3.6,2.1,3.6,3.82,2.05,3.53,3.65,2.12,E0 (1).csv,,,,,,,,,,,,,,,,,,,,,,
2025-12-30,Burnley,Newcastle,5.25,4.2,1.6,5.5,3.9,1.61,5.5,3.9,1.61,5.67,4.28,1.61,6.0,4.4,1.57,E0 (1).csv,,,,,,,,,,,,,,,,,,,,,,
2026-01-01,Crystal Palace,Fulham,2.15,3.3,3.4,2.15,3.4,3.3,2.15,3.4,3.3,2.2,3.34,3.59,2.29,3.31,3.47,E0 (1).csv,,,,,,,,,,,,,,,,,,,,,,
2026-01-01,Liverpool,Leeds,1.55,4.5,5.5,1.53,4.5,5.5,1.53,4.4,5.5,1.55,4.45,5.94,1.48,4.65,7.25,E0 (1).csv,,,,,,,,,,,,,,,,,,,,,,
2026-01-01,Brentford,Tottenham,2.1,3.6,3.2,2.1,3.5,3.3,2.1,3.5,3.3,2.18,3.49,3.48,2.52,3.45,2.94,E0 (1).csv,,,,,,,,,,,,,,,,,,,,,,
2026-01-01,Sunderland,Man City,7.5,4.75,1.38,7.25,4.6,1.42,7.0,4.6,1.4,7.71,5.15,1.4,7.75,4.9,1.44,E0 (1).csv,,,,,,,,,,,,,,,,,,,,,,
2026-01-03,Bournemouth,Arsenal,6.5,4.75,1.44,6.0,4.4,1.52,5.75,4.33,1.5,6.16,5.04,1.48,6.3,4.55,1.53,E0 (1).csv,,,,,,,,,,,,,,,,,,,,,,
2026-01-03,Brighton,Burnley,1.48,4.33,7.0,1.49,4.4,6.25,1.5,4.33,6.0,1.5,4.54,6.59,1.47,4.6,7.55,E0 (1).csv,,,,,,,,,,,,,,,,,,,,,,
2026-01-03,Aston Villa,Nott'm Forest,1.75,3.9,4.5,1.77,3.75,4.4,1.75,3.7,4.4,1.76,3.86,4.83,1.96,3.49,4.29,E0 (1).csv,,,,,,,,,,,,,,,,,,,,,,
2026-01-03,Wolves,West Ham,2.5,3.3,2.88,2.5,3.4,2.75,2.45,3.4,2.75,2.53,3.44,2.88,2.73,3.4,2.72,E0 (1).csv,,,,,,,,,,,,,,,,,,,,,,
2026-01-04,Man City,Chelsea,1.6,4.75,4.5,1.66,4.4,4.4,1.65,4.33,4.4,1.65,4.66,4.64,1.48,5.05,6.35,E0 (1).csv,,,,,,,,,,,,,,,,,,,,,,
2026-01-04,Fulham,Liverpool,3.8,3.75,1.91,3.7,3.75,1.93,3.7,3.7,1.91,3.75,3.84,1.97,4.39,3.67,1.91,E0 (1).csv,,,,,,,,,,,,,,,,,,,,,,
2026-01-04,Leeds,Man United,2.7,3.3,2.63,2.7,3.5,2.5,2.7,3.5,2.5,2.71,3.57,2.61,2.77,3.4,2.68,E0 (1).csv,,,,,,,,,,,,,,,,,,,,,,
2026-01-04,Newcastle,Crystal Palace,1.7,3.9,4.75,1.68,3.9,4.8,1.67,3.9,4.8,1.71,4.04,4.86,1.69,4.0,5.19,E0 (1).csv,,,,,,,,,,,,,,,,,,,,,,
2026-01-04,Tottenham,Sunderland,1.8,3.6,4.5,1.82,3.7,4.2,1.83,3.7,4.2,1.83,3.85,4.39,2.01,3.46,4.22,E0 (1).csv,,,,,,,,,,,,,,,,,,,,,,
2026-01-04,Everton,Brentford,2.35,3.25,3.1,2.35,3.25,3.0,2.37,3.25,3.0,2.45,3.16,3.24,2.53,3.24,3.09,E0 (1).csv,,,,,,,,,,,,,,,,,,,,,,
2026-01-06,West Ham,Nott'm Forest,2.88,3.25,2.2,3.0,3.4,2.3,3.0,3.3,2.3,3.29,3.37,2.34,3.05,3.5,2.41,E0 (1).csv,,,,,,,,,,,,,,,,,,,,,,
2026-01-07,Newcastle,Leeds,1.67,3.8,5.0,1.68,3.9,4.8,1.67,3.9,4.8,1.7,3.89,5.19,1.65,4.04,5.57,E0 (1).csv,,,,,,,,,,,,,,,,,,,,,,
2026-01-07,Burnley,Man United,4.75,4.0,1.7,4.5,4.0,1.71,4.5,3.9,1.7,4.92,4.15,1.69,4.98,3.87,1.74,E0 (1).csv,,,,,,,,,,,,,,,,,,,,,,
2026-01-07,Man City,Brighton,1.4,5.25,6.5,1.4,5.25,6.75,1.4,5.25,6.5,1.4,5.43,7.17,1.53,4.63,6.1,E0 (1).csv,,,,,,,,,,,,,,,,,,,,,,
2026-01-07,Everton,Wolves,1.75,3.5,5.0,1.77,3.6,4.6,1.75,3.6,4.6,1.79,3.57,5.06,1.89,3.52,4.6,E0 (1).csv,,,,,,,,,,,,,,,,,,,,,,
2026-01-07,Crystal Palace,Aston Villa,3.1,3.3,2.3,3.0,3.4,2.35,3.0,3.3,2.3,3.14,3.4,2.38,3.08,3.4,2.45,E0 (1).csv,,,,,,,,,,,,,,,,,,,,,,
2026-01-07,Brentford,Sunderland,1.85,3.5,4.33,1.82,3.6,4.33,1.8,3.6,4.33,1.85,3.63,4.56,2.08,3.17,4.3,E0 (1).csv,,,,,,,,,,,,,,,,,,,,,,
2026-01-07,Bournemouth,Tottenham,2.1,3.6,3.3,2.1,3.7,3.25,2.1,3.6,3.2,2.14,3.72,3.36,2.25,3.64,3.23,E0 (1).csv,,,,,,,,,,,,,,,,,,,,,,
2026-01-07,Fulham,Chelsea,3.4,3.6,2.05,3.3,3.6,2.1,3.25,3.6,2.1,3.45,3.76,2.09,3.7,3.58,2.09,E0 (1).csv,,,,,,,,,,,,,,,,,,,,,,
2026-01-08,Arsenal,Liverpool,1.6,4.1,5.0,1.6,4.33,5.0,1.6,4.2,5.0,1.6,4.35,5.49,1.59,4.4,5.75,E0 (1).csv,,,,,,,,,,,,,,,,,,,,,,
2026-01-17,Man United,Man City,3.7,3.8,1.91,3.5,3.8,1.95,3.5,3.8,1.95,,,,,,,E0 (1).csv,,,,,,,,,,,,,,,,,,,,,,
2026-01-17,Chelsea,Brentford,1.73,4.0,4.75,1.7,4.0,4.5,1.7,4.0,4.5,,,,,,,E0 (1).csv,,,,,,,,,,,,,,,,,,,,,,
2026-01-17,Leeds,Fulham,2.15,3.3,3.5,2.2,3.3,3.3,2.2,3.3,3.3,,,,,,,E0 (1).csv,,,,,,,,,,,,,,,,,,,,,,
2026-01-17,Liverpool,Burnley,1.22,6.5,11.0,1.24,6.5,11.0,1.22,6.5,11.0,,,,,,,E0 (1).csv,,,,,,,,,,,,,,,,,,,,,,
2026-01-17,Sunderland,Crystal Palace,2.75,3.1,2.75,2.6,3.2,2.75,2.6,3.2,2.75,,,,,,,E0 (1).csv,,,,,,,,,,,,,,,,,,,,,,
2026-01-17,Tottenham,West Ham,1.73,4.0,4.5,1.71,3.9,4.6,1.7,3.9,4.5,,,,,,,E0 (1).csv,,,,,,,,,,,,,,,,,,,,,,
2026-01-17,Nott'm Forest,Arsenal,6.0,4.33,1.53,6.0,4.0,1.57,5.75,4.0,1.57,,,,,,,E0 (1).csv,,,,,,,,,,,,,,,,,,,,,,
2026-01-18,Wolves,Newcastle,4.75,4.0,1.7,4.5,4.1,1.7,4.4,4.0,1.7,,,,,,,E0 (1).csv,,,,,,,,,,,,,,,,,,,,,,
2026-01-18,Aston Villa,Everton,1.67,3.9,5.25,1.66,4.0,5.0,1.67,3.9,4.8,,,,,,,E0 (1).csv,,,,,,,,,,,,,,,,,,,,,,
2026-01-19,Brighton,Bournemouth,1.85,3.9,3.8,1.87,3.9,3.7,1.85,3.9,3.7,,,,,,,E0 (1).csv,,,,,,,,,,,,,,,,,,,,,,
2026-01-24,Fulham,Brighton,2.6,3.4,2.7,2.45,3.5,2.75,,,,,,,,,,E0 (1).csv,,,,,,,,,,,,,,,,,,,,,,
2026-01-24,Burnley,Tottenham,3.7,3.5,2.05,3.5,3.4,2.05,,,,,,,,,,E0 (1).csv,,,,,,,,,,,,,,,,,,,,,,
2026-01-24,Bournemouth,Liverpool,3.75,3.8,1.9,3.7,3.9,1.88,,,,,,,,,,E0 (1).csv,,,,,,,,,,,,,,,,,,,,,,
2026-01-24,Man City,Wolves,1.2,7.0,11.0,1.24,6.75,10.0,,,,,,,,,,E0 (1).csv,,,,,,,,,,,,,,,,,,,,,,
2026-01-24,West Ham,Sunderland,2.5,3.2,2.88,2.45,3.4,2.85,2.3,3.2,2.7,,,,,,,E0 (1).csv,,,,,,,,,,,,,,,,,,,,,,
2026-01-25,Arsenal,Man United,1.55,4.2,6.0,1.57,4.1,5.75,,,,,,,,,,E0 (1).csv,,,,,,,,,,,,,,,,,,,,,,
2026-01-25,Brentford,Nott'm Forest,1.91,3.5,4.1,1.9,3.5,4.0,,,,,,,,,,E0 (1).csv,,,,,,,,,,,,,,,,,,,,,,
2026-01-25,Newcastle,Aston Villa,1.95,3.7,3.7,1.93,3.8,3.6,,,,,,,,,,E0 (1).csv,,,,,,,,,,,,,,,,,,,,,,
2026-01-25,Crystal Palace,Chelsea,3.5,3.8,2.0,3.5,3.7,2.0,,,,,,,,,,E0 (1).csv,,,,,,,,,,,,,,,,,,,,,,
2026-01-26,Everton,Leeds,2.5,3.25,2.9,2.4,3.2,3.0,,,,,,,,,,E0 (1).csv,,,,,,,,,,,,,,,,,,,,,,
2026-01-31,Brighton,Everton,1.85,3.6,4.1,1.85,3.7,4.0,,,,,,,,,,E0 (1).csv,,,,,,,,,,,,,,,,,,,,,,
2026-01-31,Leeds,Arsenal,5.75,4.2,1.55,5.75,4.0,1.57,,,,,,,,,,E0 (1).csv,,,,,,,,,,,,,,,,,,,,,,
2026-01-31,Wolves,Bournemouth,2.9,3.5,2.3,2.87,3.6,2.35,,,,,,,,,,E0 (1).csv,,,,,,,,,,,,,,,,,,,,,,
2026-01-31,Chelsea,West Ham,1.5,4.5,6.0,1.51,4.75,5.5,,,,,,,,,,E0 (1).csv,,,,,,,,,,,,,,,,,,,,,,
2026-01-31,Liverpool,Newcastle,1.8,3.9,4.1,1.8,4.0,4.0,,,,,,,,,,E0 (1).csv,,,,,,,,,,,,,,,,,,,,,,
2026-02-01,Tottenham,Man City,4.5,4.1,1.73,4.2,4.1,1.73,4.2,4.0,1.73,,,,,,,E0 (1).csv,,,,,,,,,,,,,,,,,,,,,,
2026-02-01,Man United,Fulham,1.57,4.5,5.0,1.61,4.2,5.0,,,,,,,,,,E0 (1).csv,,,,,,,,,,,,,,,,,,,,,,
2026-02-01,Aston Villa,Brentford,2.1,3.5,3.4,2.05,3.5,3.5,,,,,,,,,,E0 (1).csv,,,,,,,,,,,,,,,,,,,,,,
2026-02-01,Nott'm Forest,Crystal Palace,1.95,3.5,3.9,1.98,3.5,3.7,,,,,,,,,,E0 (1).csv,,,,,,,,,,,,,,,,,,,,,,
2026-02-02,Sunderland,Burnley,1.8,3.5,4.75,1.78,3.6,4.6,,,,,,,,,,E0 (1).csv,,,,,,,,,,,,,,,,,,,,,,
2026-02-06,Leeds,Nott'm Forest,2.2,3.3,3.4,2.2,3.25,3.4,,,,,,,,,,E0 (1).csv,,,,,,,,,,,,,,,,,,,,,,
2026-02-07,Man United,Tottenham,1.57,4.5,5.0,1.58,4.6,4.75,,,,,,,,,,E0 (1).csv,,,,,,,,,,,,,,,,,,,,,,
2026-02-07,Arsenal,Sunderland,1.22,6.25,12.0,1.23,6.5,11.5,,,,,,,,,,E0 (1).csv,,,,,,,,,,,,,,,,,,,,,,
2026-02-07,Bournemouth,Aston Villa,2.7,3.5,2.5,2.65,3.6,2.5,,,,,,,,,,E0 (1).csv,,,,,,,,,,,,,,,,,,,,,,
2026-02-07,Burnley,West Ham,3.3,3.5,2.15,3.25,3.4,2.15,,,,,,,,,,E0 (1).csv,,,,,,,,,,,,,,,,,,,,,,
2026-02-07,Fulham,Everton,2.1,3.25,3.75,2.1,3.3,3.6,,,,,,,,,,E0 (1).csv,,,,,,,,,,,,,,,,,,,,,,
2026-02-07,Wolves,Chelsea,5.0,4.0,1.67,5.0,4.0,1.66,,,,,,,,,,E0 (1).csv,,,,,,,,,,,,,,,,,,,,,,
2026-02-07,Newcastle,Brentford,2.1,3.5,3.5,2.05,3.6,3.4,,,,,,,,,,E0 (1).csv,,,,,,,,,,,,,,,,,,,,,,
2026-02-08,Brighton,Crystal Palace,1.95,3.5,3.9,2.0,3.5,3.6,,,,,,,,,,E0 (1).csv,,,,,,,,,,,,,,,,,,,,,,
2026-02-08,Liverpool,Man City,2.38,3.7,2.75,2.35,3.7,2.75,,,,,,,,,,E0 (1).csv,,,,,,,,,,,,,,,,,,,,,,
2026-02-10,West Ham,Man United,4.5,4.2,1.7,4.2,4.2,1.72,,,,,,,,,,E0 (1).csv,,,,,,,,,,,,,,,,,,,,,,
2026-02-10,Chelsea,Leeds,1.55,4.33,5.5,1.57,4.33,5.25,,,,,,,,,,E0 (1).csv,,,,,,,,,,,,,,,,,,,,,,
2026-02-10,Everton,Bournemouth,2.38,3.4,3.0,2.37,3.4,2.9,,,,,,,,,,E0 (1).csv,,,,,,,,,,,,,,,,,,,,,,
2026-02-10,Tottenham,Newcastle,3.2,3.6,2.2,3.1,3.5,2.25,,,,,,,,,,E0 (1).csv,,,,,,,,,,,,,,,,,,,,,,
2026-02-11,Man City,Fulham,1.36,5.5,7.0,1.35,5.5,7.0,,,,,,,,,,E0 (1).csv,,,,,,,,,,,,,,,,,,,,,,
2026-02-11,Nott'm Forest,Wolves,1.7,3.8,5.0,1.71,3.8,4.8,,,,,,,,,,E0 (1).csv,,,,,,,,,,,,,,,,,,,,,,
2026-02-11,Sunderland,Liverpool,4.75,3.8,1.73,4.4,3.8,1.77,4.0,3.6,1.7,,,,,,,E0 (1).csv,,,,,,,,,,,,,,,,,,,,,,
2026-02-11,Crystal Palace,Burnley,1.57,4.0,6.25,1.57,4.1,5.75,,,,,,,,,,E0 (1).csv,,,,,,,,,,,,,,,,,,,,,,
2026-02-11,Aston Villa,Brighton,1.91,3.7,3.8,1.9,3.75,3.75,,,,,,,,,,E0 (1).csv,,,,,,,,,,,,,,,,,,,,,,
2026-02-12,Brentford,Arsenal,4.75,3.9,1.7,4.8,3.8,1.7,4.8,3.8,1.7,,,,,,,E0 (1).csv,,,,,,,,,,,,,,,,,,,,,,
2026-02-18,Wolves,Arsenal,11.0,5.25,1.29,10.0,5.5,1.3,,,,,,,,,,E0 (1).csv,,,,,,,,,,,,,,,,,,,,,,
2026-02-21,Aston Villa,Leeds,1.85,3.6,4.33,1.87,3.6,4.0,,,,,,,,,,E0 (1).csv,,,,,,,,,,,,,,,,,,,,,,
2026-02-21,Brentford,Brighton,2.0,3.7,3.5,2.0,3.5,3.6,,,,,,,,,,E0 (1).csv,,,,,,,,,,,,,,,,,,,,,,
2026-02-21,Chelsea,Burnley,1.22,6.5,12.0,1.23,7.0,11.0,,,,,,,,,,E0 (1).csv,,,,,,,,,,,,,,,,,,,,,,
2026-02-21,West Ham,Bournemouth,2.5,3.7,2.63,2.4,3.7,2.7,2.37,3.7,2.7,,,,,,,E0 (1).csv,,,,,,,,,,,,,,,,,,,,,,
2026-02-21,Man City,Newcastle,1.45,5.0,5.5,1.47,5.0,5.5,1.48,5.0,5.5,,,,,,,E0 (1).csv,,,,,,,,,,,,,,,,,,,,,,
2026-02-22,Tottenham,Arsenal,6.0,4.0,1.57,5.5,4.0,1.58,,,,,,,,,,E0 (1).csv,,,,,,,,,,,,,,,,,,,,,,
2026-02-22,Crystal Palace,Wolves,1.65,4.0,5.0,1.61,4.0,5.25,1.6,4.0,5.25,,,,,,,E0 (1).csv,,,,,,,,,,,,,,,,,,,,,,
2026-02-22,Sunderland,Fulham,2.7,3.25,2.7,2.6,3.3,2.7,2.6,3.25,2.7,,,,,,,E0 (1).csv,,,,,,,,,,,,,,,,,,,,,,
2026-02-22,Nott'm Forest,Liverpool,4.1,3.9,1.8,4.0,3.8,1.83,3.9,3.8,1.83,,,,,,,E0 (1).csv,,,,,,,,,,,,,,,,,,,,,,
2026-02-23,Everton,Man United,3.7,3.75,1.91,3.5,3.75,1.98,,,,,,,,,,E0 (1).csv,,,,,,,,,,,,,,,,,,,,,,
2026-02-27,Wolves,Aston Villa,4.1,3.7,1.85,4.2,3.7,1.83,,,,,,,,,,E0 (1).csv,,,,,,,,,,,,,,,,,,,,,,
2026-02-28,Bournemouth,Sunderland,1.8,3.75,4.33,1.75,3.9,4.33,,,,,,,,,,E0 (1).csv,,,,,,,,,,,,,,,,,,,,,,
2026-02-28,Burnley,Brentford,4.5,3.9,1.73,4.33,3.8,1.75,,,,,,,,,,E0 (1).csv,,,,,,,,,,,,,,,,,,,,,,
2026-02-28,Liverpool,West Ham,1.42,4.75,6.5,1.42,5.5,6.0,,,,,,,,,,E0 (1).csv,,,,,,,,,,,,,,,,,,,,,,
2026-02-28,Newcastle,Everton,1.7,4.0,4.75,1.68,4.0,4.6,,,,,,,,,,E0 (1).csv,,,,,,,,,,,,,,,,,,,,,,
2026-02-28,Leeds,Man City,4.75,4.33,1.62,4.75,4.2,1.63,,,,,,,,,,E0 (1).csv,,,,,,,,,,,,,,,,,,,,,,
2026-03-01,Brighton,Nott'm Forest,2.0,3.6,3.5,2.05,3.6,3.4,2.05,3.6,3.4,,,,,,,E0 (1).csv,,,,,,,,,,,,,,,,,,,,,,
2026-03-01,Fulham,Tottenham,2.1,3.6,3.3,2.1,3.6,3.3,2.1,3.5,3.3,,,,,,,E0 (1).csv,,,,,,,,,,,,,,,,,,,,,,
2026-03-01,Man United,Crystal Palace,1.53,4.5,5.5,1.57,4.4,5.25,1.55,4.33,5.25,,,,,,,E0 (1).csv,,,,,,,,,,,,,,,,,,,,,,
2026-03-01,Arsenal,Chelsea,1.6,3.8,5.5,1.63,4.0,5.25,1.61,4.0,5.25,,,,,,,E0 (1).csv,,,,,,,,,,,,,,,,,,,,,,
2026-03-03,Leeds,Sunderland,1.85,3.4,4.33,1.88,3.5,4.2,,,,,,,,,,E0 (1).csv,,,,,,,,,,,,,,,,,,,,,,
2026-03-03,Bournemouth,Brentford,2.5,3.6,2.63,2.5,3.6,2.65,,,,,,,,,,E0 (1).csv,,,,,,,,,,,,,,,,,,,,,,
2026-03-03,Everton,Burnley,1.57,4.0,6.0,1.57,4.1,5.75,,,,,,,,,,E0 (1).csv,,,,,,,,,,,,,,,,,,,,,,
2026-03-03,Wolves,Liverpool,5.5,4.5,1.5,5.5,4.6,1.52,,,,,,,,,,E0 (1).csv,,,,,,,,,,,,,,,,,,,,,,
2026-03-04,Aston Villa,Chelsea,2.7,3.4,2.55,2.6,3.6,2.5,,,,,,,,,,E0 (1).csv,,,,,,,,,,,,,,,,,,,,,,
2026-03-04,Brighton,Arsenal,4.75,4.1,1.65,5.0,3.9,1.66,,,,,,,,,,E0 (1).csv,,,,,,,,,,,,,,,,,,,,,,
2026-03-04,Fulham,West Ham,2.0,3.5,3.7,2.05,3.5,3.5,,,,,,,,,,E0 (1).csv,,,,,,,,,,,,,,,,,,,,,,
2026-03-04,Man City,Nott'm Forest,1.38,5.0,7.5,1.41,5.25,6.5,,,,,,,,,,E0 (1).csv,,,,,,,,,,,,,,,,,,,,,,
2026-03-04,Newcastle,Man United,2.63,3.5,2.6,2.45,3.75,2.55,,,,,,,,,,E0 (1).csv,,,,,,,,,,,,,,,,,,,,,,
2026-03-05,Tottenham,Crystal Palace,2.35,3.25,3.1,2.3,3.4,3.0,,,,,,,,,,E0 (1).csv,,,,,,,,,,,,,,,,,,,,,,
2026-03-14,West Ham,Man City,4.33,4.33,1.7,4.2,4.2,1.72,4.2,4.2,1.7,,,,,,,E0 (1).csv,,,,,,,,,,,,,,,,,,,,,,
2026-03-14,Arsenal,Everton,1.38,4.75,8.5,1.39,4.8,7.75,,,,,,,,,,E0 (1).csv,,,,,,,,,,,,,,,,,,,,,,
2026-03-14,Chelsea,Newcastle,1.8,4.2,3.8,1.78,4.2,3.9,,,,,,,,,,E0 (1).csv,,,,,,,,,,,,,,,,,,,,,,
2026-03-14,Burnley,Bournemouth,4.1,3.8,1.83,4.0,3.7,1.87,,,,,,,,,,E0 (1).csv,,,,,,,,,,,,,,,,,,,,,,
2026-03-14,Sunderland,Brighton,3.3,3.3,2.25,3.2,3.3,2.25,,,,,,,,,,E0 (1).csv,,,,,,,,,,,,,,,,,,,,,,
2026-03-15,Crystal Palace,Leeds,2.55,3.3,2.88,2.45,3.2,2.95,,,,,,,,,,E0 (1).csv,,,,,,,,,,,,,,,,,,,,,,
2026-03-15,Man United,Aston Villa,1.73,4.0,4.5,1.73,4.0,4.33,,,,,,,,,,E0 (1).csv,,,,,,,,,,,,,,,,,,,,,,
2026-03-15,Nott'm Forest,Fulham,2.2,3.4,3.3,2.15,3.5,3.3,,,,,,,,,,E0 (1).csv,,,,,,,,,,,,,,,,,,,,,,
2026-03-15,Liverpool,Tottenham,1.3,6.25,8.0,1.32,5.75,8.25,1.3,5.75,8.0,,,,,,,E0 (1).csv,,,,,,,,,,,,,,,,,,,,,,
2026-03-16,Brentford,Wolves,1.55,4.2,5.75,1.58,4.33,5.25,,,,,,,,,,E0 (1).csv,,,,,,,,,,,,,,,,,,,,,,
2026-03-20,Bournemouth,Man United,3.2,3.8,2.1,3.2,3.8,2.05,,,,,,,,,,E0 (1).csv,,,,,,,,,,,,,,,,,,,,,,
2026-03-21,Brighton,Liverpool,3.1,3.5,2.2,3.0,3.5,2.25,,,,,,,,,,E0 (1).csv,,,,,,,,,,,,,,,,,,,,,,
2026-03-21,Fulham,Burnley,1.53,4.1,6.25,1.55,4.1,6.0,1.55,4.0,6.0,,,,,,,E0 (1).csv,,,,,,,,,,,,,,,,,,,,,,
2026-03-21,Everton,Chelsea,3.5,3.4,2.1,3.4,3.5,2.1,,,,,,,,,,E0 (1).csv,,,,,,,,,,,,,,,,,,,,,,
2026-03-21,Leeds,Brentford,2.45,3.5,2.88,2.4,3.5,2.8,,,,,,,,,,E0 (1).csv,,,,,,,,,,,,,,,,,,,,,,
2026-03-22,Aston Villa,West Ham,1.95,3.6,3.8,1.95,3.6,3.75,,,,,,,,,,E0 (1).csv,,,,,,,,,,,,,,,,,,,,,,
2026-03-22,Tottenham,Nott'm Forest,2.25,3.4,3.2,2.2,3.5,3.2,,,,,,,,,,E0 (1).csv,,,,,,,,,,,,,,,,,,,,,,
2026-03-22,Newcastle,Sunderland,1.67,4.0,5.0,1.66,4.0,4.8,,,,,,,,,,E0 (1).csv,,,,,,,,,,,,,,,,,,,,,,
,Burnley,Swansea,2.4,3.3,3.25,2.45,3.1,2.95,2.45,3.25,3.1,2.47,3.32,3.19,2.79,3.16,2.89,E0 (10).csv,2.5,3.3,2.65,2.5,3.2,2.9,2.5,3.2,3.25,2.55,2.43,3.35,3.21,3.3,3.1,2.4,2.3,1.68,1.61,,,
,Crystal Palace,West Brom,2.0,3.3,4.5,2.0,3.2,3.9,2.0,3.25,4.33,2.06,3.29,4.32,2.25,3.15,3.86,E0 (10).csv,2.1,3.3,3.3,2.05,3.1,4.0,2.0,3.3,4.4,2.1,2.01,3.4,3.23,4.5,4.16,2.68,2.5,1.6,1.52,,,
,Everton,Tottenham,3.2,3.4,2.4,2.95,3.2,2.4,3.1,3.4,2.4,3.25,3.43,2.37,3.64,3.54,2.16,E0 (10).csv,2.65,3.3,2.5,3.1,3.1,2.4,3.25,3.4,2.38,3.3,3.12,3.45,3.32,2.5,2.36,2.12,2.05,1.87,1.77,,,
,Hull,Leicester,4.5,3.6,1.91,4.33,3.4,1.9,4.5,3.5,1.91,4.43,3.55,1.95,4.68,3.5,1.92,E0 (10).csv,3.3,3.3,2.1,4.2,3.25,1.95,4.4,3.5,1.95,4.5,4.17,3.6,3.43,2.33,1.95,2.3,2.19,1.74,1.67,,,
,Man City,Sunderland,1.25,6.5,15.0,1.22,6.0,11.5,1.25,6.5,13.0,1.27,6.48,13.15,1.25,6.5,14.5,E0 (10).csv,1.25,5.5,10.3,1.25,5.5,13.0,1.25,6.5,15.0,1.3,1.25,6.8,6.11,15.0,12.55,1.56,1.53,2.67,2.48,,,
,Middlesbrough,Stoke,2.38,3.2,3.4,2.25,3.1,3.25,2.3,3.2,3.4,2.33,3.24,3.53,2.2,3.38,3.7,E0 (10).csv,2.3,3.3,2.9,2.4,3.1,3.1,2.38,3.2,3.4,2.4,2.31,3.3,3.16,3.65,3.38,2.61,2.46,1.57,1.53,,,
,Southampton,Watford,1.8,3.75,5.0,1.8,3.4,4.5,1.8,3.6,5.0,1.88,3.68,4.64,1.8,3.83,4.91,E0 (10).csv,1.8,3.5,4.2,1.83,3.4,4.5,1.83,3.6,5.0,1.88,1.82,3.8,3.56,5.0,4.62,2.13,2.06,1.83,1.75,,,
,Arsenal,Liverpool,2.4,3.5,3.1,2.35,3.3,2.9,2.38,3.4,3.1,2.41,3.53,3.1,2.8,3.44,2.68,E0 (10).csv,2.3,3.3,2.9,2.5,3.1,3.0,2.4,3.5,3.1,2.5,2.36,3.55,3.42,3.2,3.04,1.98,1.81,2.09,1.99,,,
,Bournemouth,Man United,4.75,3.6,1.85,4.6,3.5,1.75,4.8,3.6,1.8,4.7,3.62,1.88,5.4,3.65,1.78,E0 (10).csv,4.5,3.5,1.75,4.5,3.4,1.85,4.75,3.6,1.87,5.0,4.5,3.75,3.51,1.95,1.86,2.11,2.05,1.87,1.76,,,
,Chelsea,West Ham,1.65,4.0,6.0,1.6,3.75,5.5,1.62,4.0,6.0,1.68,4.16,5.48,1.52,4.38,7.45,E0 (10).csv,1.65,3.6,5.1,1.67,3.6,5.5,1.65,4.1,5.75,1.71,1.64,4.25,3.97,6.0,5.46,1.97,1.8,2.09,2.01,,,
,Man United,Southampton,1.53,4.2,7.5,1.48,4.33,8.0,1.53,4.2,7.5,1.54,4.33,7.19,1.53,4.27,7.44,E0 (10).csv,1.4,4.4,7.3,1.44,4.33,7.5,1.55,4.1,7.5,1.62,1.52,4.45,4.17,8.0,7.06,2.03,1.94,1.96,1.86,,,
,Burnley,Liverpool,6.5,4.2,1.57,6.5,4.0,1.55,6.5,4.1,1.57,7.12,4.2,1.56,7.26,4.54,1.51,E0 (10).csv,5.6,3.9,1.55,7.0,3.5,1.57,7.0,4.2,1.55,7.12,6.43,4.35,4.09,1.6,1.55,1.92,1.86,2.01,1.93,,,
,Leicester,Arsenal,2.88,3.6,2.5,2.75,3.6,2.45,2.9,3.6,2.4,2.92,3.6,2.5,2.82,3.5,2.63,E0 (10).csv,2.75,3.3,2.4,2.88,3.2,2.5,2.9,3.6,2.5,3.0,2.87,3.63,3.48,2.55,2.45,1.74,1.69,2.24,2.16,,,
,Stoke,Man City,5.5,3.8,1.73,5.25,3.8,1.67,5.5,3.75,1.73,5.47,3.96,1.71,6.29,4.34,1.58,E0 (10).csv,4.7,3.6,1.7,5.0,3.5,1.73,5.4,3.9,1.73,5.63,5.11,4.0,3.81,1.76,1.7,1.84,1.76,2.14,2.05,,,
,Swansea,Hull,1.8,3.6,5.25,1.75,3.6,5.0,1.8,3.5,5.2,1.78,3.61,5.5,1.86,3.55,4.95,E0 (10).csv,1.8,3.5,4.2,1.83,3.2,4.8,1.8,3.6,5.25,1.86,1.79,3.7,3.54,5.5,4.95,2.3,2.23,1.7,1.64,,,
,Tottenham,Crystal Palace,1.45,4.75,8.0,1.44,4.5,7.75,1.45,4.5,8.0,1.47,4.78,7.82,1.47,4.64,7.91,E0 (10).csv,1.5,4.0,6.1,1.5,3.6,8.5,1.45,4.75,8.0,1.51,1.46,4.78,4.48,8.5,7.49,1.9,1.77,2.15,2.04,,,
,Watford,Chelsea,5.5,3.8,1.73,5.5,3.7,1.67,5.25,3.75,1.73,5.44,3.74,1.76,6.0,3.99,1.66,E0 (10).csv,4.2,3.5,1.8,5.5,3.3,1.73,5.75,3.75,1.73,5.75,5.22,3.85,3.66,1.8,1.72,2.16,2.08,1.88,1.74,,,
,West Brom,Everton,3.0,3.25,2.6,2.95,3.1,2.55,3.0,3.2,2.6,3.11,3.19,2.6,3.08,3.17,2.63,E0 (10).csv,2.85,3.2,2.4,2.7,3.2,2.62,3.13,3.2,2.55,3.13,2.97,3.3,3.15,2.7,2.56,2.51,2.38,1.62,1.57,,,
,Sunderland,Middlesbrough,2.55,3.2,3.1,2.5,3.1,3.1,2.5,3.2,3.1,2.61,3.22,3.06,2.79,3.1,2.94,E0 (10).csv,2.3,3.2,3.0,2.6,3.2,2.75,2.63,3.13,3.1,2.64,2.52,3.25,3.16,3.25,3.02,2.5,2.38,1.64,1.57,,,
,West Ham,Bournemouth,1.95,3.75,4.0,1.91,3.6,4.0,1.95,3.6,4.1,1.98,3.75,4.02,2.48,3.31,3.17,E0 (10).csv,1.8,3.5,4.2,1.91,3.2,4.33,1.95,3.75,4.0,2.03,1.94,3.85,3.62,4.33,3.96,1.88,1.78,2.1,2.02,,,
,Chelsea,Burnley,1.25,5.5,15.0,1.25,6.0,12.0,1.29,5.5,13.0,1.26,6.35,14.35,1.25,6.6,15.24,E0 (10).csv,1.25,5.5,10.3,1.29,5.0,12.0,1.25,6.0,15.0,1.3,1.25,6.35,5.72,15.25,13.7,1.79,1.72,2.17,2.09,,,
,Crystal Palace,Bournemouth,2.3,3.2,3.3,2.35,3.2,3.2,2.38,3.25,3.25,2.33,3.38,3.39,2.23,3.36,3.64,E0 (10).csv,2.4,3.3,2.75,2.38,3.2,3.1,2.38,3.3,3.4,2.4,2.31,3.4,3.28,3.4,3.24,2.25,2.16,1.75,1.68,,,
,Everton,Stoke,1.73,3.6,5.25,1.72,3.75,5.0,1.73,3.75,5.25,1.74,3.79,5.55,1.68,4.2,5.39,E0 (10).csv,1.7,3.6,4.7,1.75,3.6,4.75,1.73,3.8,5.5,1.77,1.72,3.8,3.66,5.7,5.17,2.05,1.96,1.91,1.82,,,
,Hull,Man United,8.0,4.1,1.44,7.0,4.5,1.45,8.0,4.5,1.45,8.35,4.6,1.46,9.15,4.54,1.45,E0 (10).csv,6.1,4.0,1.5,7.0,4.0,1.5,8.5,4.5,1.45,8.5,7.8,4.6,4.28,1.52,1.46,2.07,1.98,1.9,1.81,,,
,Leicester,Swansea,1.73,3.6,5.25,1.72,3.75,5.0,1.75,3.5,5.5,1.71,3.88,5.57,1.69,4.12,5.37,E0 (10).csv,1.75,3.5,4.5,1.73,3.6,5.0,1.73,3.75,5.5,1.78,1.72,3.88,3.69,5.57,5.11,2.15,2.07,1.83,1.74,,,
,Southampton,Sunderland,1.57,3.6,6.5,1.6,3.9,6.0,1.62,3.8,6.5,1.61,4.03,6.63,1.48,4.75,7.45,E0 (10).csv,1.65,3.6,5.1,1.62,3.6,6.0,1.62,4.0,6.5,1.65,1.6,4.15,3.88,6.65,6.16,2.15,2.08,1.81,1.73,,,
,Tottenham,Liverpool,2.38,3.4,3.0,2.4,3.5,2.9,2.4,3.5,3.0,2.36,3.56,3.17,2.68,3.37,2.85,E0 (10).csv,2.4,3.3,2.75,2.38,3.4,2.9,2.4,3.5,3.1,2.5,2.37,3.57,3.43,3.17,3.01,1.83,1.75,2.11,2.05,,,
,Watford,Arsenal,5.0,3.75,1.73,5.0,3.75,1.72,5.0,3.75,1.75,5.47,3.91,1.72,6.0,4.16,1.63,E0 (10).csv,4.5,3.5,1.75,4.6,3.75,1.73,5.25,3.9,1.73,5.5,5.12,3.91,3.72,1.78,1.72,2.0,1.91,1.97,1.87,,,
,Man City,West Ham,1.25,6.0,11.0,1.28,6.0,10.0,1.3,6.0,10.0,1.3,6.3,10.91,1.26,6.5,13.25,E0 (10).csv,1.25,5.5,10.3,1.3,5.5,9.5,1.3,6.0,11.0,1.33,1.28,6.3,5.75,12.0,10.65,1.55,1.49,2.85,2.57,,,
,West Brom,Middlesbrough,2.6,3.1,2.9,2.5,3.1,3.1,2.62,3.0,3.1,2.6,3.09,3.2,2.65,3.1,3.12,E0 (10).csv,2.5,3.2,2.75,2.6,2.9,3.0,2.63,3.0,3.2,2.63,2.56,3.2,3.06,3.25,3.04,2.73,2.57,1.55,1.49,,,
,Arsenal,Southampton,1.57,4.2,6.5,1.55,4.2,6.0,1.57,4.2,6.5,1.6,4.35,6.15,1.63,4.17,6.05,E0 (10).csv,1.55,3.9,5.6,1.62,3.5,6.5,1.57,4.33,6.5,1.63,1.57,4.39,4.15,6.5,5.98,1.85,1.79,2.1,2.02,,,
,Bournemouth,West Brom,2.05,3.25,4.33,2.0,3.3,4.0,2.05,3.25,4.2,2.05,3.31,4.33,2.12,3.25,4.14,E0 (10).csv,2.1,3.2,3.4,2.1,3.0,4.0,2.05,3.25,4.33,2.1,2.02,3.4,3.25,4.55,4.15,2.55,2.38,1.61,1.56,,,
,Burnley,Hull,2.45,3.1,3.4,2.4,3.1,3.2,2.4,3.2,3.25,2.44,3.21,3.36,2.55,3.14,3.23,E0 (10).csv,2.5,3.2,2.75,2.3,3.1,3.3,2.4,3.2,3.4,2.5,2.41,3.21,3.14,3.44,3.22,2.6,2.41,1.6,1.55,,,
,Liverpool,Leicester,1.7,4.0,5.5,1.67,4.0,5.5,1.7,3.8,5.5,1.7,3.97,5.54,1.68,4.07,5.52,E0 (10).csv,1.6,3.7,5.4,1.7,3.75,5.5,1.67,4.1,5.5,1.7,1.66,4.24,3.95,6.0,5.36,1.85,1.75,2.15,2.07,,,
,Man United,Man City,2.38,3.25,3.4,2.3,3.3,3.5,2.38,3.25,3.3,2.38,3.31,3.35,2.42,3.1,3.51,E0 (10).csv,2.4,3.2,2.85,2.38,3.2,3.4,2.3,3.3,3.4,2.4,2.32,3.37,3.26,3.5,3.28,2.17,2.09,1.8,1.73,,,
,Middlesbrough,Crystal Palace,2.3,3.2,3.6,2.2,3.2,3.5,2.3,3.2,3.5,2.31,3.2,3.65,2.45,3.21,3.32,E0 (10).csv,2.2,3.2,3.2,2.38,3.1,3.2,2.3,3.13,3.7,2.38,2.27,3.25,3.15,3.75,3.5,2.6,2.48,1.56,1.52,,,
,Stoke,Tottenham,4.6,3.75,1.85,4.6,3.6,1.8,4.33,3.75,1.85,4.34,3.82,1.89,4.27,3.68,1.94,E0 (10).csv,4.0,3.45,1.85,4.8,3.2,1.85,4.75,3.6,1.87,4.8,4.38,3.9,3.66,1.9,1.84,2.0,1.94,1.95,1.85,,,
,West Ham,Watford,1.91,3.6,4.5,1.83,3.5,4.5,1.91,3.5,4.5,1.9,3.6,4.62,1.9,3.76,4.4,E0 (10).csv,1.8,3.5,4.2,1.91,3.2,4.5,1.93,3.5,4.5,1.95,1.88,3.7,3.53,4.75,4.35,2.1,1.99,1.87,1.81,,,
,Swansea,Chelsea,5.75,4.0,1.67,5.75,4.0,1.65,5.5,4.0,1.67,5.77,4.17,1.65,6.59,4.25,1.58,E0 (10).csv,5.1,3.6,1.65,6.0,3.6,1.62,5.75,4.0,1.65,6.0,5.45,4.2,3.97,1.69,1.65,1.88,1.82,2.05,1.98,,,
,Sunderland,Everton,3.8,3.5,2.1,3.8,3.5,2.1,3.8,3.4,2.1,3.75,3.6,2.1,3.67,3.51,2.16,E0 (10).csv,3.3,3.3,2.1,3.75,3.2,2.1,3.7,3.4,2.15,3.8,3.59,3.6,3.45,2.19,2.1,2.1,1.97,1.92,1.81,,,
,Chelsea,Liverpool,2.25,3.5,3.4,2.25,3.5,3.3,2.25,3.5,3.3,2.28,3.49,3.4,2.19,3.59,3.52,E0 (10).csv,2.3,3.3,3.15,2.3,3.4,3.4,2.3,3.5,3.3,2.33,2.25,3.65,3.46,3.5,3.29,1.79,1.73,2.18,2.1,,,
,Everton,Middlesbrough,1.67,3.8,6.0,1.65,3.8,5.5,1.65,3.8,6.0,1.65,3.99,6.19,1.65,3.89,6.35,E0 (10).csv,1.7,3.7,5.0,1.7,3.2,6.0,1.65,4.0,6.0,1.7,1.65,4.05,3.83,6.19,5.7,2.07,1.99,1.9,1.81,,,
,Hull,Arsenal,6.0,4.2,1.6,6.0,4.0,1.57,6.0,4.2,1.57,6.03,4.2,1.6,6.12,4.19,1.62,E0 (10).csv,5.5,4.0,1.6,6.0,3.6,1.62,6.5,4.1,1.6,6.5,5.94,4.27,4.05,1.64,1.59,1.96,1.87,2.0,1.92,,,
,Leicester,Burnley,1.5,4.33,8.0,1.53,4.1,6.5,1.5,4.2,7.5,1.46,4.49,8.87,1.5,4.6,7.32,E0 (10).csv,1.6,4.0,5.5,1.5,3.75,8.0,1.45,4.6,8.5,1.6,1.48,4.64,4.29,9.0,7.5,1.95,1.85,2.03,1.94,,,
,Man City,Bournemouth,1.29,6.0,12.0,1.26,6.25,10.0,1.29,5.75,12.0,1.28,6.24,12.78,1.25,6.95,13.05,E0 (10).csv,1.25,6.0,11.0,1.29,5.0,12.0,1.29,6.25,12.0,1.35,1.28,6.39,5.82,13.0,11.3,1.54,1.48,2.73,2.59,,,
,West Brom,West Ham,2.8,3.2,2.8,2.75,3.1,2.75,2.7,3.2,2.88,2.9,3.19,2.76,2.91,3.23,2.72,E0 (10).csv,2.6,3.25,2.75,2.7,3.1,2.7,2.8,3.2,2.8,2.9,2.73,3.3,3.17,2.9,2.76,2.3,2.21,1.71,1.66,,,
,Crystal Palace,Stoke,2.0,3.5,4.2,2.0,3.4,3.9,2.0,3.4,4.2,2.09,3.37,4.08,2.12,3.41,3.92,E0 (10).csv,2.1,3.4,3.5,2.05,3.1,4.0,2.05,3.4,4.0,2.1,2.03,3.51,3.35,4.25,3.96,2.25,2.14,1.78,1.69,,,
,Southampton,Swansea,1.7,3.8,5.75,1.65,3.6,5.25,1.7,3.75,5.5,1.68,3.84,6.17,1.67,4.06,5.74,E0 (10).csv,1.7,3.7,5.0,1.7,3.4,5.5,1.7,3.8,5.5,1.73,1.68,3.97,3.72,6.17,5.62,2.13,2.01,1.85,1.79,,,
,Tottenham,Sunderland,1.33,5.5,11.0,1.28,5.5,9.25,1.3,5.5,11.0,1.35,5.52,10.26,1.34,5.75,9.75,E0 (10).csv,1.35,5.3,8.0,1.33,4.33,12.0,1.33,5.5,10.0,1.39,1.33,5.8,5.27,12.0,10.01,1.72,1.66,2.3,2.2,,,
,Watford,Man United,6.0,4.2,1.62,5.5,4.0,1.62,6.0,4.1,1.6,5.8,4.12,1.65,6.5,4.27,1.58,E0 (10).csv,5.5,4.0,1.6,6.0,3.6,1.62,6.0,4.1,1.62,6.4,5.67,4.2,3.95,1.69,1.63,1.97,1.88,2.0,1.91,,,
,Arsenal,Chelsea,2.4,3.5,3.1,2.4,3.4,3.1,2.4,3.4,3.1,2.35,3.53,3.21,2.48,3.49,3.02,E0 (10).csv,2.35,3.3,3.05,2.4,3.2,3.2,2.38,3.6,3.13,2.46,2.35,3.6,3.43,3.21,3.08,1.85,1.76,2.14,2.06,,,
,Bournemouth,Everton,3.6,3.5,2.15,3.6,3.4,2.1,3.6,3.4,2.15,3.79,3.57,2.1,3.33,3.46,2.32,E0 (10).csv,3.5,3.4,2.1,3.6,3.4,2.15,3.6,3.5,2.15,3.79,3.55,3.58,3.46,2.2,2.12,2.0,1.91,1.95,1.88,,,
,Liverpool,Hull,1.22,7.0,15.0,1.22,6.5,13.0,1.22,6.5,14.0,1.23,7.0,15.54,1.25,6.95,12.65,E0 (10).csv,1.25,6.0,11.0,1.25,6.0,13.0,1.22,7.0,15.0,1.27,1.22,7.27,6.62,17.0,13.93,1.59,1.54,2.6,2.44,,,
,Man United,Leicester,1.73,3.9,5.25,1.67,4.0,5.5,1.73,3.9,5.0,1.74,3.86,5.39,1.69,3.93,5.75,E0 (10).csv,1.65,3.8,5.3,1.7,3.75,5.5,1.73,3.9,5.25,1.76,1.71,4.05,3.84,5.5,5.14,1.92,1.86,2.02,1.94,,,
,Middlesbrough,Tottenham,3.75,3.5,2.1,3.75,3.5,2.0,3.75,3.4,2.1,3.73,3.48,2.15,3.94,3.41,2.11,E0 (10).csv,4.1,3.5,1.9,4.0,3.4,2.0,3.8,3.4,2.15,4.1,3.7,3.5,3.39,2.17,2.1,2.24,2.12,1.79,1.71,,,
,Stoke,West Brom,2.38,3.3,3.3,2.3,3.2,3.3,2.38,3.25,3.25,2.34,3.35,3.4,2.29,3.43,3.42,E0 (10).csv,2.3,3.3,3.15,2.3,3.3,3.3,2.4,3.2,3.4,2.4,2.33,3.4,3.26,3.4,3.25,2.25,2.15,1.75,1.7,,,
,Sunderland,Crystal Palace,2.88,3.25,2.7,2.8,3.2,2.6,2.88,3.25,2.62,2.88,3.3,2.7,2.51,3.31,3.13,E0 (10).csv,2.7,3.3,2.6,2.8,3.2,2.7,2.88,3.3,2.7,2.95,2.81,3.35,3.25,2.73,2.64,2.2,2.09,1.81,1.73,,,
,Swansea,Man City,9.0,5.5,1.36,7.5,5.0,1.4,8.5,5.25,1.36,9.45,5.31,1.38,9.05,5.99,1.35,E0 (10).csv,7.5,4.8,1.4,9.0,4.5,1.4,9.5,5.4,1.36,9.5,8.38,5.5,5.08,1.45,1.38,1.64,1.58,2.46,2.35,,,
,West Ham,Southampton,2.8,3.3,2.75,2.8,3.3,2.7,2.8,3.25,2.7,2.83,3.35,2.72,3.15,3.41,2.44,E0 (10).csv,2.7,3.3,2.6,2.8,3.2,2.7,2.8,3.4,2.63,2.9,2.78,3.44,3.29,2.78,2.64,2.0,1.93,1.93,1.87,,,
,Burnley,Watford,2.9,3.2,2.7,2.9,3.2,2.65,2.9,3.2,2.62,3.09,3.21,2.59,3.4,3.23,2.4,E0 (10).csv,2.65,3.3,2.65,2.75,3.25,2.7,3.0,3.2,2.6,3.09,2.9,3.34,3.17,2.75,2.59,2.31,2.22,1.69,1.65,,,
,Everton,Crystal Palace,1.73,4.0,5.0,1.72,3.75,5.0,1.73,3.9,5.0,1.74,3.95,5.25,1.76,3.88,5.1,E0 (10).csv,1.75,3.6,4.8,1.75,3.8,5.0,1.75,3.9,5.0,1.77,1.73,4.02,3.85,5.45,4.98,1.85,1.77,2.13,2.05,,,
,Hull,Chelsea,7.5,4.5,1.5,7.0,4.5,1.45,7.0,4.4,1.5,7.68,4.63,1.48,7.5,4.9,1.46,E0 (10).csv,6.5,4.2,1.5,7.0,4.33,1.5,7.5,4.6,1.5,7.68,6.93,4.75,4.45,1.54,1.49,1.77,1.72,2.2,2.11,,,
,Sunderland,West Brom,2.5,3.25,3.2,2.45,3.1,3.1,2.4,3.2,3.25,2.47,3.24,3.26,2.54,3.17,3.21,E0 (10).csv,2.5,3.3,2.85,2.5,3.1,3.2,2.45,3.25,3.25,2.55,2.44,3.3,3.17,3.3,3.16,2.4,2.25,1.7,1.64,,,
,Swansea,Liverpool,8.0,4.75,1.45,7.0,4.5,1.45,7.5,4.75,1.44,8.44,4.92,1.43,7.3,5.04,1.46,E0 (10).csv,7.0,4.5,1.45,8.0,4.5,1.44,8.0,4.8,1.44,8.44,7.38,5.14,4.72,1.49,1.44,1.61,1.55,2.54,2.42,,,
,Watford,Bournemouth,2.38,3.3,3.3,2.3,3.25,3.25,2.38,3.25,3.25,2.42,3.32,3.27,2.51,3.33,3.11,E0 (10).csv,2.2,3.15,3.5,2.4,3.2,3.2,2.38,3.4,3.25,2.42,2.35,3.45,3.28,3.5,3.21,2.09,2.0,1.89,1.81,,,
,West Ham,Middlesbrough,2.25,3.4,3.5,2.1,3.4,3.6,2.2,3.4,3.5,2.23,3.35,3.66,2.0,3.52,4.26,E0 (10).csv,2.1,3.4,3.5,2.3,3.3,3.3,2.2,3.4,3.6,2.3,2.21,3.5,3.31,3.66,3.5,2.15,2.09,1.85,1.74,,,
,Burnley,Arsenal,9.0,5.0,1.4,8.5,5.0,1.36,9.0,4.75,1.4,10.17,5.13,1.38,9.5,5.38,1.37,E0 (10).csv,7.5,4.8,1.4,9.5,4.5,1.4,10.0,5.0,1.36,10.17,8.94,5.28,4.91,1.43,1.38,1.79,1.71,2.2,2.13,,,
,Leicester,Southampton,2.25,3.4,3.5,2.2,3.3,3.4,2.25,3.4,3.4,2.24,3.35,3.63,2.52,3.38,3.05,E0 (10).csv,2.1,3.4,3.5,2.25,3.25,3.5,2.2,3.4,3.6,2.3,2.21,3.45,3.31,3.65,3.49,2.17,2.08,1.85,1.74,,,
,Man United,Stoke,1.33,5.75,10.0,1.3,5.5,10.0,1.33,5.5,10.0,1.35,5.46,10.61,1.31,5.8,12.0,E0 (10).csv,1.33,5.5,8.2,1.33,5.0,11.0,1.33,5.5,11.0,1.41,1.34,5.75,5.25,11.0,9.59,1.7,1.66,2.35,2.22,,,
,Tottenham,Man City,3.0,3.5,2.5,3.0,3.4,2.35,3.1,3.4,2.4,2.99,3.54,2.48,3.02,3.5,2.48,E0 (10).csv,3.35,3.3,2.2,3.0,3.4,2.4,2.9,3.5,2.5,3.35,2.96,3.6,3.43,2.5,2.42,1.79,1.74,2.2,2.09,,,
,Arsenal,Swansea,1.29,6.5,11.0,1.26,6.25,10.0,1.29,5.75,12.0,1.28,6.15,12.8,1.24,7.0,14.5,E0 (10).csv,1.25,6.0,11.0,1.29,5.5,12.0,1.29,6.0,12.0,1.32,1.28,6.5,5.91,13.0,11.22,1.56,1.51,2.65,2.56,,,
,Bournemouth,Hull,1.85,3.5,5.0,1.8,3.5,4.75,1.85,3.5,4.75,1.83,3.61,5.05,1.79,3.81,4.99,E0 (10).csv,1.85,3.5,4.3,1.85,3.4,4.8,1.83,3.6,5.0,1.9,1.83,3.71,3.51,5.05,4.74,2.12,2.02,1.87,1.8,,,
,Chelsea,Leicester,1.57,4.5,6.0,1.57,4.33,6.25,1.57,4.2,6.0,1.58,4.33,6.3,1.56,4.35,6.76,E0 (10).csv,1.6,3.9,5.7,1.6,3.8,6.5,1.6,4.2,6.25,1.63,1.58,4.5,4.19,6.5,5.88,1.77,1.69,2.3,2.17,,,
,Crystal Palace,West Ham,2.15,3.5,3.6,2.0,3.5,3.75,2.1,3.5,3.6,2.14,3.52,3.71,2.23,3.45,3.56,E0 (10).csv,2.2,3.35,3.3,2.2,3.1,3.75,2.1,3.6,3.7,2.2,2.1,3.62,3.45,3.9,3.61,1.89,1.83,2.06,1.99,,,
,Man City,Everton,1.5,4.75,7.0,1.48,4.75,6.25,1.5,4.6,6.5,1.52,4.68,6.82,1.52,4.73,6.68,E0 (10).csv,1.45,4.4,7.2,1.5,4.33,7.0,1.5,4.8,6.5,1.56,1.5,4.85,4.52,8.0,6.46,1.58,1.54,2.65,2.48,,,
,Stoke,Sunderland,2.0,3.6,4.0,1.95,3.5,4.0,2.0,3.5,4.0,1.98,3.51,4.34,1.94,3.61,4.36,E0 (10).csv,2.1,3.4,3.5,2.05,3.3,4.0,1.95,3.6,4.3,2.1,1.99,3.6,3.44,4.34,3.99,2.11,2.02,1.9,1.79,,,
,West Brom,Tottenham,5.5,3.8,1.73,5.25,3.8,1.67,5.25,3.6,1.75,5.45,3.91,1.72,5.55,3.95,1.7,E0 (10).csv,4.8,3.6,1.75,5.5,3.4,1.75,5.5,3.75,1.73,5.65,5.27,3.95,3.71,1.77,1.72,2.11,2.04,1.84,1.78,,,
,Middlesbrough,Watford,2.25,3.3,3.6,2.2,3.1,3.6,2.2,3.25,3.6,2.33,3.27,3.51,2.26,3.27,3.67,E0 (10).csv,2.3,3.3,3.15,2.3,3.1,3.6,2.3,3.2,3.6,2.33,2.25,3.4,3.21,3.65,3.5,2.42,2.29,1.7,1.63,,,
,Southampton,Burnley,1.4,4.8,9.5,1.4,4.5,9.0,1.4,4.75,9.0,1.39,4.89,10.41,1.35,5.3,10.85,E0 (10).csv,1.4,4.8,7.5,1.4,4.5,10.0,1.36,4.8,10.5,1.44,1.39,5.06,4.63,10.5,9.33,1.97,1.89,2.0,1.92,,,
,Liverpool,Man United,2.2,3.5,3.5,2.15,3.5,3.6,2.2,3.4,3.5,2.19,3.51,3.58,2.28,3.34,3.54,E0 (10).csv,2.1,3.4,3.5,2.25,3.1,3.6,2.15,3.5,3.5,2.27,2.16,3.59,3.42,3.65,3.45,1.85,1.77,2.15,2.04,,,
,Arsenal,Middlesbrough,1.25,6.5,15.0,1.25,6.0,12.0,1.25,6.0,13.0,1.27,6.28,13.55,1.27,6.3,13.0,E0 (10).csv,1.25,6.0,11.0,1.25,6.0,13.0,1.22,6.25,12.0,1.31,1.26,6.5,5.99,15.0,12.63,1.69,1.63,2.35,2.25,,,
,Bournemouth,Tottenham,4.2,3.6,1.95,4.1,3.6,1.95,4.0,3.5,2.0,4.12,3.7,1.97,4.3,3.66,1.94,E0 (10).csv,3.8,3.4,2.0,4.0,3.4,2.0,4.1,3.7,1.95,4.2,3.94,3.75,3.58,2.02,1.97,1.87,1.8,2.12,2.01,,,
,Burnley,Everton,6.0,3.8,1.67,6.0,3.8,1.62,6.0,3.75,1.67,6.05,3.87,1.68,5.9,3.73,1.71,E0 (10).csv,4.8,3.6,1.75,6.0,3.6,1.67,6.25,3.8,1.67,6.5,5.84,3.99,3.74,1.75,1.66,2.2,2.07,1.81,1.74,,,
,Hull,Stoke,3.1,3.3,2.5,2.95,3.2,2.5,3.0,3.3,2.5,3.16,3.35,2.46,2.99,3.32,2.6,E0 (10).csv,2.7,3.2,2.7,3.1,3.2,2.5,3.1,3.3,2.5,3.16,3.01,3.4,3.27,2.7,2.48,2.1,2.04,1.85,1.77,,,
,Leicester,Crystal Palace,2.05,3.5,3.9,2.05,3.4,3.7,2.05,3.4,4.0,2.06,3.44,4.1,2.0,3.42,4.38,E0 (10).csv,2.0,3.4,3.8,2.05,3.3,4.0,2.05,3.5,4.0,2.1,2.04,3.5,3.38,4.1,3.89,2.06,1.99,1.9,1.81,,,
,Liverpool,West Brom,1.29,6.0,13.0,1.28,6.0,12.0,1.29,6.0,11.0,1.28,6.26,12.86,1.31,5.93,11.06,E0 (10).csv,1.3,5.5,9.5,1.29,6.0,11.0,1.29,6.0,12.0,1.33,1.28,6.33,5.84,13.25,11.53,1.68,1.62,2.36,2.26,,,
,Swansea,Watford,2.38,3.3,3.3,2.3,3.25,3.25,2.38,3.25,3.3,2.33,3.35,3.42,2.49,3.3,3.17,E0 (10).csv,2.3,3.3,3.15,2.3,3.4,3.2,2.3,3.4,3.4,2.4,2.31,3.47,3.3,3.5,3.27,2.03,1.93,1.95,1.86,,,
,West Ham,Sunderland,1.67,4.0,5.75,1.7,3.8,5.0,1.7,3.75,5.5,1.68,4.07,5.52,1.69,4.01,5.61,E0 (10).csv,1.75,3.6,4.8,1.7,3.75,5.5,1.7,4.0,5.4,1.75,1.68,4.15,3.94,5.75,5.24,1.85,1.8,2.1,2.01,,,
,Chelsea,Man United,2.15,3.4,3.8,2.25,3.3,3.6,2.25,3.25,3.6,2.24,3.31,3.68,2.19,3.31,3.82,E0 (10).csv,2.2,3.3,3.35,2.25,3.1,3.6,2.2,3.4,3.6,2.27,2.21,3.4,3.24,3.8,3.57,2.17,2.07,1.82,1.75,,,
,Man City,Southampton,1.5,4.5,7.5,1.5,4.5,7.0,1.5,4.6,6.5,1.5,4.63,7.3,1.47,4.59,8.25,E0 (10).csv,1.5,4.2,6.5,1.5,4.33,7.0,1.5,4.6,7.0,1.54,1.49,4.75,4.44,7.5,6.92,1.71,1.66,2.35,2.2,,,
,Crystal Palace,Liverpool,5.25,4.0,1.7,5.0,4.0,1.72,4.75,4.0,1.75,4.9,3.92,1.78,4.8,4.08,1.76,E0 (10).csv,4.8,3.6,1.75,5.0,3.8,1.75,5.0,3.9,1.75,5.5,4.82,4.2,3.9,1.82,1.73,1.83,1.75,2.15,2.07,,,
,Man United,Burnley,1.2,7.0,19.0,1.2,6.5,15.0,1.22,6.5,17.0,1.22,6.9,18.5,1.26,6.4,14.25,E0 (10).csv,1.2,6.5,15.0,1.22,6.0,17.0,1.2,7.0,17.0,1.25,1.21,7.05,6.49,20.25,16.6,1.77,1.71,2.21,2.12,,,
,Middlesbrough,Bournemouth,2.5,3.2,3.2,2.45,3.1,3.1,2.5,3.1,3.2,2.57,3.15,3.19,2.52,3.13,3.29,E0 (10).csv,2.5,3.1,3.0,2.6,3.0,3.1,2.5,3.2,3.2,2.6,2.49,3.24,3.13,3.3,3.1,2.36,2.25,1.69,1.64,,,
,Sunderland,Arsenal,9.0,5.0,1.4,8.0,5.25,1.4,8.0,5.0,1.4,8.25,5.1,1.42,8.14,4.87,1.44,E0 (10).csv,7.5,4.8,1.4,8.5,4.8,1.4,8.5,5.2,1.4,9.0,7.88,5.25,4.94,1.46,1.4,1.64,1.59,2.46,2.33,,,
,Tottenham,Leicester,1.62,4.2,6.0,1.62,4.0,5.5,1.67,4.0,5.5,1.64,4.1,6.03,1.63,4.22,5.85,E0 (10).csv,1.65,3.8,5.3,1.67,3.6,6.0,1.67,4.0,5.75,1.68,1.63,4.24,3.99,6.03,5.63,1.92,1.81,2.08,1.98,,,
,Watford,Hull,1.75,3.75,5.25,1.72,3.75,5.0,1.75,3.6,5.25,1.75,3.72,5.6,1.75,3.76,5.51,E0 (10).csv,1.75,3.6,4.8,1.75,3.5,5.5,1.75,3.7,5.5,1.81,1.75,3.82,3.64,5.6,5.16,2.19,2.06,1.86,1.76,,,
,West Brom,Man City,8.0,4.75,1.44,7.0,4.5,1.45,8.0,4.5,1.44,7.48,4.57,1.5,7.58,4.75,1.48,E0 (10).csv,7.0,4.5,1.45,8.0,4.5,1.44,8.0,4.6,1.45,8.5,7.45,4.75,4.5,1.54,1.46,1.87,1.79,2.1,2.01,,,
,Everton,West Ham,1.8,3.8,4.75,1.8,3.9,4.5,1.83,3.75,4.5,1.81,3.84,4.8,1.88,3.76,4.47,E0 (10).csv,1.75,3.6,4.8,1.83,3.6,4.5,1.8,4.0,4.6,1.86,1.79,4.01,3.81,4.8,4.52,1.79,1.7,2.25,2.14,,,
,Southampton,Chelsea,3.2,3.4,2.4,3.1,3.4,2.4,3.0,3.4,2.45,3.2,3.37,2.43,3.24,3.39,2.4,E0 (10).csv,3.3,3.35,2.2,3.2,3.2,2.4,3.1,3.3,2.45,3.3,3.1,3.45,3.33,2.48,2.39,2.11,1.99,1.91,1.82,,,
,Stoke,Swansea,2.05,3.6,3.8,2.05,3.6,3.75,2.05,3.5,3.8,2.1,3.52,3.85,2.02,3.5,4.17,E0 (10).csv,1.9,3.5,4.1,2.1,3.5,3.6,2.05,3.6,3.8,2.16,2.04,3.65,3.5,4.1,3.72,1.96,1.86,2.02,1.93,,,
,Bournemouth,Sunderland,1.65,4.2,5.5,1.62,3.9,5.75,1.62,4.2,5.5,1.63,4.27,5.78,1.63,4.4,5.61,E0 (10).csv,1.65,3.8,5.3,1.67,3.6,6.0,1.65,4.0,5.75,1.7,1.62,4.33,4.05,5.9,5.59,1.85,1.77,2.12,2.04,,,
,Burnley,Crystal Palace,3.3,3.3,2.38,3.2,3.25,2.35,3.25,3.25,2.38,3.42,3.37,2.32,3.6,3.27,2.29,E0 (10).csv,2.95,3.3,2.4,3.3,3.1,2.4,3.5,3.3,2.3,3.5,3.32,3.37,3.25,2.4,2.31,2.25,2.17,1.76,1.68,,,
,Chelsea,Everton,1.53,4.33,7.0,1.53,4.2,6.25,1.55,4.2,6.5,1.57,4.37,6.47,1.5,4.61,7.4,E0 (10).csv,1.55,4.0,6.2,1.57,3.75,7.0,1.57,4.33,6.5,1.64,1.56,4.5,4.22,7.0,6.23,1.75,1.68,2.26,2.18,,,
,Man City,Middlesbrough,1.22,7.0,15.0,1.2,6.75,14.5,1.22,6.5,15.0,1.23,7.16,14.22,1.22,7.55,14.75,E0 (10).csv,1.2,6.5,15.0,1.22,6.5,13.0,1.22,7.0,15.0,1.27,1.22,7.35,6.6,17.0,14.35,1.55,1.49,2.7,2.56,,,
,West Ham,Stoke,2.0,3.6,4.0,2.0,3.5,3.8,2.05,3.5,3.8,2.0,3.59,4.13,2.01,3.53,4.17,E0 (10).csv,2.0,3.4,3.8,2.05,3.3,4.0,2.05,3.6,3.9,2.05,2.0,3.68,3.52,4.2,3.87,1.8,1.73,2.21,2.1,,,
,Arsenal,Tottenham,1.95,3.6,4.2,1.95,3.6,3.9,1.95,3.5,4.2,1.95,3.59,4.35,1.97,3.63,4.2,E0 (10).csv,2.0,3.4,3.8,2.0,3.2,4.33,1.95,3.5,4.2,2.03,1.94,3.71,3.53,4.4,4.11,1.85,1.76,2.16,2.06,,,
,Hull,Southampton,5.75,3.8,1.7,5.5,3.8,1.65,5.5,3.8,1.7,5.73,3.88,1.7,5.75,3.9,1.69,E0 (10).csv,5.3,3.8,1.65,5.5,3.6,1.7,5.75,3.75,1.7,5.75,5.46,3.9,3.71,1.81,1.7,2.2,2.1,1.8,1.73,,,
,Leicester,West Brom,1.8,3.6,5.25,1.78,3.6,4.75,1.75,3.6,5.2,1.78,3.63,5.49,1.74,3.72,5.65,E0 (10).csv,1.75,3.6,4.8,1.8,3.3,5.5,1.8,3.6,5.2,1.85,1.78,3.75,3.55,5.49,5.11,2.26,2.14,1.77,1.7,,,
,Liverpool,Watford,1.29,6.0,12.0,1.26,6.0,11.0,1.29,6.0,11.0,1.29,6.19,11.8,1.29,6.3,11.95,E0 (10).csv,1.3,5.5,9.5,1.3,5.0,13.0,1.29,6.25,13.0,1.37,1.28,6.4,5.9,13.0,11.25,1.6,1.54,2.55,2.44,,,
,Swansea,Man United,5.0,4.0,1.73,4.75,3.9,1.72,5.0,3.8,1.75,4.94,4.01,1.76,5.53,4.04,1.69,E0 (10).csv,5.3,3.8,1.65,5.0,3.75,1.73,5.0,4.0,1.73,5.3,4.82,4.2,3.87,1.81,1.74,1.86,1.79,2.1,2.02,,,
,Crystal Palace,Man City,6.5,4.5,1.53,6.25,4.4,1.5,6.5,4.33,1.53,6.28,4.57,1.56,6.75,5.03,1.49,E0 (10).csv,6.5,4.2,1.5,6.0,4.2,1.57,6.25,4.5,1.55,6.6,6.09,4.62,4.38,1.6,1.54,1.65,1.58,2.49,2.36,,,
,Everton,Swansea,1.6,4.33,6.0,1.55,4.1,6.25,1.6,4.1,6.0,1.58,4.26,6.52,1.6,4.42,5.94,E0 (10).csv,1.55,4.0,6.2,1.57,4.0,6.5,1.6,4.3,6.0,1.63,1.58,4.4,4.17,6.52,5.98,1.76,1.69,2.23,2.17,,,
,Man United,Arsenal,2.6,3.4,2.9,2.5,3.4,2.8,2.5,3.3,3.0,2.61,3.33,2.97,2.5,3.24,3.21,E0 (10).csv,2.6,3.25,2.75,2.62,3.1,3.0,2.6,3.4,2.9,2.72,2.54,3.47,3.26,3.0,2.92,2.08,2.0,1.87,1.81,,,
,Southampton,Liverpool,3.4,3.6,2.2,3.3,3.5,2.15,3.3,3.5,2.25,3.32,3.56,2.28,3.19,3.47,2.39,E0 (10).csv,3.8,3.4,2.0,3.4,3.4,2.2,3.4,3.4,2.3,3.8,3.33,3.67,3.46,2.35,2.21,1.9,1.84,2.1,1.97,,,
,Stoke,Bournemouth,2.3,3.4,3.4,2.2,3.25,3.5,2.25,3.4,3.4,2.26,3.43,3.49,2.13,3.48,3.79,E0 (10).csv,2.1,3.4,3.5,2.3,3.3,3.3,2.3,3.4,3.4,2.33,2.25,3.65,3.38,3.5,3.34,1.93,1.88,2.02,1.92,,,
,Sunderland,Hull,2.15,3.4,3.8,2.15,3.25,3.6,2.15,3.3,3.75,2.11,3.35,4.03,2.29,3.33,3.53,E0 (10).csv,2.1,3.4,3.5,2.15,3.2,3.8,2.15,3.3,3.8,2.2,2.11,3.49,3.29,4.03,3.79,2.25,2.17,1.75,1.69,,,
,Tottenham,West Ham,1.5,4.5,7.5,1.5,4.25,6.75,1.5,4.4,7.0,1.5,4.58,7.4,1.57,4.35,6.44,E0 (10).csv,1.65,3.8,5.3,1.5,4.33,7.0,1.5,4.6,7.0,1.65,1.5,4.61,4.4,7.52,6.85,1.77,1.71,2.21,2.13,,,
,Watford,Leicester,2.8,3.3,2.75,2.7,3.3,2.65,2.8,3.25,2.7,2.91,3.3,2.68,3.02,3.32,2.58,E0 (10).csv,2.7,3.2,2.7,2.8,3.1,2.75,2.88,3.3,2.7,2.91,2.8,3.46,3.24,2.85,2.67,2.14,2.07,1.82,1.75,,,
,Middlesbrough,Chelsea,7.0,4.0,1.57,6.25,4.1,1.55,6.5,4.1,1.57,6.83,4.28,1.56,6.95,4.66,1.51,E0 (10).csv,6.5,4.2,1.5,6.5,4.0,1.57,6.5,4.2,1.57,7.05,6.43,4.31,4.11,1.61,1.56,2.0,1.93,1.95,1.88,,,
,West Brom,Burnley,1.95,3.4,4.5,1.95,3.3,4.33,1.95,3.3,4.5,1.92,3.39,4.93,1.91,3.45,4.83,E0 (10).csv,1.9,3.5,4.1,1.95,3.3,4.5,1.95,3.3,4.6,2.04,1.92,3.5,3.33,4.93,4.46,2.42,2.34,1.64,1.58,,,
,Burnley,Man City,9.0,6.0,1.33,9.5,6.0,1.28,10.0,6.0,1.3,10.05,6.03,1.32,13.0,7.25,1.24,E0 (10).csv,8.0,5.3,1.35,9.0,5.5,1.33,10.5,5.5,1.33,10.5,9.52,6.17,5.83,1.36,1.31,1.55,1.48,2.75,2.58,,,
,Chelsea,Tottenham,1.75,3.8,5.25,1.75,3.8,5.0,1.75,3.75,5.0,1.78,3.81,5.09,1.72,3.84,5.55,E0 (10).csv,1.75,3.6,4.8,1.8,3.5,5.0,1.75,3.9,5.0,1.8,1.76,4.01,3.76,5.25,4.85,1.87,1.8,2.11,2.01,,,
,Hull,West Brom,3.1,3.2,2.6,2.9,3.2,2.55,3.1,3.2,2.5,3.3,3.18,2.48,2.86,3.11,2.86,E0 (10).csv,2.75,3.25,2.6,3.1,3.0,2.6,3.2,3.2,2.5,3.3,3.1,3.25,3.13,2.64,2.5,2.43,2.32,1.65,1.6,,,
,Leicester,Middlesbrough,1.91,3.6,4.5,1.85,3.4,4.6,1.91,3.5,4.33,1.87,3.65,4.72,1.93,3.41,4.8,E0 (10).csv,1.8,3.6,4.5,1.91,3.4,4.5,1.91,3.5,4.6,1.94,1.88,3.65,3.52,4.8,4.45,2.15,2.07,1.81,1.75,,,
,Liverpool,Sunderland,1.17,8.5,19.0,1.17,7.5,15.5,1.17,8.0,17.0,1.19,8.68,16.06,1.19,9.0,15.0,E0 (10).csv,1.2,6.5,15.0,1.2,7.0,17.0,1.18,8.0,18.0,1.21,1.17,9.0,7.85,19.0,16.08,1.4,1.34,3.5,3.18,,,
,Swansea,Crystal Palace,2.63,3.4,2.88,2.55,3.2,2.9,2.62,3.25,2.88,2.67,3.32,2.9,2.72,3.33,2.84,E0 (10).csv,2.4,3.3,2.95,2.62,3.2,2.9,2.7,3.4,2.8,2.7,2.61,3.44,3.27,2.96,2.83,1.96,1.89,1.97,1.91,,,
,Arsenal,Bournemouth,1.4,5.0,9.0,1.42,4.75,7.5,1.4,5.0,8.0,1.43,5.04,8.05,1.34,5.64,10.1,E0 (10).csv,1.35,5.3,8.0,1.4,4.8,8.5,1.44,5.0,8.0,1.47,1.42,5.3,4.83,9.0,7.8,1.63,1.57,2.5,2.39,,,
,Man United,West Ham,1.45,4.75,8.0,1.48,4.5,6.75,1.45,4.6,7.5,1.5,4.62,7.46,1.36,5.57,9.25,E0 (10).csv,1.45,4.5,7.0,1.5,4.33,7.0,1.45,4.6,7.5,1.52,1.48,4.9,4.48,8.0,7.07,1.77,1.71,2.25,2.12,,,
,Southampton,Everton,2.2,3.4,3.6,2.1,3.3,3.7,2.15,3.4,3.6,2.19,3.35,3.78,2.15,3.47,3.74,E0 (10).csv,2.1,3.4,3.5,2.2,3.2,3.6,2.2,3.3,3.7,2.24,2.15,3.5,3.35,3.85,3.6,2.2,2.1,1.78,1.73,,,
,Watford,Stoke,2.4,3.3,3.3,2.3,3.3,3.2,2.4,3.25,3.2,2.39,3.32,3.32,2.23,3.31,3.71,E0 (10).csv,2.4,3.3,2.95,2.4,3.2,3.2,2.45,3.3,3.2,2.45,2.38,3.4,3.26,3.32,3.16,2.06,2.0,1.89,1.81,,,
,Crystal Palace,Southampton,3.5,3.3,2.3,3.2,3.4,2.25,3.4,3.3,2.25,3.58,3.39,2.24,3.66,3.42,2.2,E0 (10).csv,2.95,3.3,2.4,3.4,3.2,2.3,3.5,3.4,2.25,3.58,3.38,3.41,3.3,2.4,2.25,2.1,2.03,1.87,1.79,,,
,Man City,Chelsea,2.15,3.6,3.6,2.15,3.5,3.6,2.15,3.5,3.5,2.14,3.59,3.64,2.15,3.49,3.72,E0 (10).csv,2.0,3.4,3.8,2.2,3.3,3.5,2.1,3.5,3.6,2.2,2.12,3.65,3.49,3.8,3.51,1.81,1.76,2.15,2.07,,,
,Stoke,Burnley,1.62,4.0,6.5,1.6,3.75,6.25,1.6,4.0,6.0,1.64,4.1,6.03,1.62,4.04,6.45,E0 (10).csv,1.7,3.7,5.0,1.62,3.75,6.5,1.62,4.0,6.5,1.7,1.62,4.12,3.92,6.5,5.92,1.95,1.88,2.02,1.93,,,
,Sunderland,Leicester,3.4,3.4,2.3,3.3,3.25,2.3,3.3,3.3,2.3,3.39,3.44,2.3,3.43,3.52,2.25,E0 (10).csv,2.95,3.3,2.4,3.4,3.2,2.3,3.4,3.4,2.3,3.4,3.26,3.5,3.35,2.4,2.28,1.99,1.93,1.96,1.88,,,
,Tottenham,Swansea,1.36,5.5,9.0,1.34,5.0,9.75,1.33,5.5,10.0,1.36,5.45,9.64,1.36,5.67,9.36,E0 (10).csv,1.35,5.3,8.0,1.36,5.0,9.5,1.33,5.5,10.0,1.39,1.35,5.5,5.15,10.0,9.23,1.59,1.53,2.62,2.46,,,
,West Brom,Watford,2.2,3.3,3.75,2.15,3.25,3.6,2.15,3.3,3.75,2.16,3.33,3.89,2.1,3.38,4.03,E0 (10).csv,2.1,3.3,3.6,2.2,3.2,3.6,2.2,3.3,3.8,2.21,2.16,3.4,3.27,3.89,3.65,2.36,2.23,1.7,1.65,,,
,West Ham,Arsenal,4.75,4.2,1.75,4.75,4.0,1.75,4.75,4.0,1.73,5.08,4.1,1.72,5.57,4.41,1.63,E0 (10).csv,4.8,3.6,1.75,4.8,3.8,1.75,5.0,4.0,1.75,5.1,4.79,4.2,3.93,1.77,1.73,1.69,1.64,2.4,2.24,,,
,Bournemouth,Liverpool,5.0,4.0,1.75,5.0,3.8,1.7,4.6,4.0,1.75,4.63,4.01,1.8,5.02,4.05,1.74,E0 (10).csv,4.8,3.6,1.75,4.8,3.8,1.75,4.6,4.0,1.8,5.0,4.59,4.2,3.89,1.8,1.76,1.71,1.63,2.33,2.27,,,
,Everton,Man United,3.6,3.5,2.15,3.7,3.5,2.1,3.7,3.4,2.1,3.65,3.5,2.17,4.3,3.66,1.94,E0 (10).csv,3.5,3.4,2.1,3.6,3.3,2.2,3.7,3.4,2.15,3.8,3.59,3.5,3.4,2.2,2.13,2.1,2.01,1.87,1.81,,,
,Middlesbrough,Hull,1.83,3.5,5.25,1.75,3.6,5.0,1.8,3.5,5.0,1.8,3.57,5.4,1.92,3.38,4.93,E0 (10).csv,1.85,3.5,4.3,1.83,3.4,5.0,1.8,3.5,5.4,1.85,1.79,3.6,3.47,5.7,5.09,2.46,2.3,1.7,1.61,,,
,Arsenal,Stoke,1.35,5.5,9.5,1.35,5.0,9.0,1.36,5.25,9.0,1.38,5.29,9.21,1.32,6.0,10.5,E0 (10).csv,1.4,4.8,7.5,1.36,5.0,9.0,1.33,5.5,9.5,1.41,1.36,5.55,5.19,10.0,8.83,1.56,1.51,2.65,2.53,,,
,Burnley,Bournemouth,3.5,3.5,2.2,3.4,3.4,2.15,3.4,3.4,2.25,3.48,3.45,2.26,3.54,3.2,2.35,E0 (10).csv,2.95,3.3,2.4,3.3,3.3,2.3,3.4,3.4,2.3,3.5,3.36,3.5,3.37,2.4,2.24,2.05,1.99,1.91,1.82,,,
,Hull,Crystal Palace,3.5,3.3,2.3,3.3,3.25,2.3,3.4,3.3,2.3,3.43,3.37,2.32,3.4,3.32,2.35,E0 (10).csv,2.85,3.3,2.5,3.3,3.2,2.38,3.4,3.4,2.3,3.5,3.33,3.4,3.29,2.5,2.29,2.14,2.07,1.82,1.75,,,
,Leicester,Man City,5.25,4.0,1.7,4.75,4.0,1.7,5.0,3.9,1.73,5.28,4.1,1.7,4.79,4.12,1.76,E0 (10).csv,4.8,3.6,1.75,5.0,3.8,1.73,5.25,4.0,1.7,5.28,4.99,4.25,3.95,1.76,1.7,1.73,1.66,2.3,2.21,,,
,Swansea,Sunderland,2.15,3.5,3.6,2.15,3.3,3.6,2.1,3.5,3.6,2.14,3.55,3.68,2.15,3.66,3.55,E0 (10).csv,2.2,3.35,3.3,2.2,3.3,3.6,2.2,3.5,3.5,2.23,2.13,3.57,3.45,3.7,3.55,1.9,1.84,2.09,1.97,,,
,Watford,Everton,3.1,3.4,2.45,3.0,3.3,2.4,3.0,3.4,2.45,3.15,3.39,2.45,3.38,3.39,2.33,E0 (10).csv,2.95,3.3,2.4,3.0,3.3,2.5,3.1,3.3,2.5,3.15,3.06,3.4,3.28,2.54,2.44,2.11,2.03,1.9,1.79,,,
,Chelsea,West Brom,1.25,6.25,15.0,1.26,6.25,10.5,1.25,6.0,13.0,1.27,6.25,14.32,1.27,6.3,13.0,E0 (10).csv,1.3,5.5,9.5,1.29,5.5,13.0,1.29,6.0,13.0,1.32,1.27,6.25,5.84,15.0,12.53,1.7,1.65,2.31,2.22,,,
,Liverpool,West Ham,1.3,6.0,11.0,1.3,5.75,9.0,1.29,6.0,11.0,1.29,6.29,11.73,1.31,6.4,9.97,E0 (10).csv,1.3,5.5,9.5,1.3,5.5,11.0,1.3,6.0,10.5,1.35,1.29,6.4,5.9,12.0,10.37,1.47,1.42,3.05,2.8,,,
,Man United,Tottenham,2.2,3.4,3.6,2.15,3.4,3.4,2.2,3.4,3.5,2.22,3.37,3.64,2.18,3.39,3.75,E0 (10).csv,2.1,3.4,3.5,2.25,3.2,3.5,2.2,3.4,3.6,2.25,2.2,3.42,3.32,3.65,3.49,2.18,2.07,1.84,1.75,,,
,Southampton,Middlesbrough,1.7,3.7,6.0,1.65,3.7,5.75,1.67,3.75,6.0,1.68,3.68,6.42,1.63,3.76,7.2,E0 (10).csv,1.7,3.7,5.0,1.73,3.4,6.0,1.7,3.6,6.25,1.76,1.69,3.8,3.61,6.42,5.83,2.4,2.3,1.7,1.61,,,
,Bournemouth,Leicester,2.4,3.4,3.2,2.35,3.4,3.0,2.4,3.4,3.1,2.43,3.47,3.13,2.27,3.48,3.42,E0 (10).csv,2.4,3.3,2.95,2.4,3.3,3.1,2.4,3.5,3.1,2.55,2.41,3.55,3.4,3.2,3.04,1.86,1.79,2.14,2.02,,,
,Everton,Arsenal,4.2,3.75,1.91,4.25,3.7,1.9,4.25,3.6,1.91,4.28,3.77,1.92,4.14,3.78,1.94,E0 (10).csv,4.1,3.5,1.9,4.2,3.6,1.91,4.2,3.8,1.91,4.36,4.11,3.85,3.7,1.98,1.91,1.79,1.73,2.24,2.11,,,
,Crystal Palace,Man United,5.25,4.0,1.7,5.5,3.8,1.65,5.0,3.8,1.67,5.56,4.08,1.68,5.41,3.96,1.71,E0 (10).csv,4.8,3.6,1.75,4.8,4.0,1.7,5.4,4.0,1.7,5.56,5.19,4.2,3.94,1.75,1.68,1.9,1.83,2.05,1.98,,,
,Man City,Watford,1.29,6.5,11.0,1.22,6.5,12.5,1.25,6.0,11.0,1.28,6.4,12.25,1.28,6.7,11.0,E0 (10).csv,1.3,5.5,9.5,1.25,6.5,12.0,1.25,6.5,13.0,1.3,1.26,6.65,6.26,13.37,11.65,1.48,1.41,3.0,2.87,,,
,Middlesbrough,Liverpool,6.0,4.33,1.6,6.0,4.1,1.57,5.75,4.0,1.57,6.48,4.28,1.58,5.53,3.91,1.71,E0 (10).csv,5.5,4.0,1.6,6.0,4.0,1.6,6.25,4.3,1.57,6.48,5.99,4.33,4.13,1.64,1.58,1.88,1.8,2.07,2.01,,,
,Stoke,Southampton,3.1,3.3,2.5,2.95,3.3,2.45,3.1,3.1,2.38,3.29,3.25,2.45,3.32,3.34,2.38,E0 (10).csv,2.85,3.1,2.6,3.2,3.2,2.4,3.25,3.25,2.45,3.3,3.15,3.3,3.2,2.6,2.43,2.35,2.25,1.69,1.64,,,
,Sunderland,Chelsea,10.0,5.75,1.33,9.5,5.0,1.34,9.0,5.0,1.33,10.45,5.72,1.33,7.26,4.51,1.51,E0 (10).csv,9.5,5.5,1.3,9.0,5.0,1.33,10.5,5.5,1.33,10.5,9.49,5.8,5.43,1.37,1.33,1.65,1.59,2.45,2.34,,,
,Tottenham,Hull,1.22,7.0,15.0,1.22,6.5,13.5,1.22,6.0,13.0,1.25,6.6,14.0,1.23,7.14,14.5,E0 (10).csv,1.25,6.0,11.0,1.25,6.0,13.0,1.25,6.25,15.0,1.27,1.23,7.0,6.33,15.85,13.83,1.59,1.54,2.55,2.45,,,
,West Brom,Swansea,2.05,3.5,4.0,1.95,3.5,4.0,2.0,3.3,3.8,2.06,3.5,4.04,2.08,3.45,4.01,E0 (10).csv,2.0,3.4,3.8,2.05,3.3,4.0,2.05,3.5,3.9,2.1,2.04,3.55,3.42,4.04,3.87,2.08,1.99,1.91,1.82,,,
,West Ham,Burnley,1.67,4.0,5.75,1.6,4.1,5.5,1.62,3.8,5.5,1.65,4.13,5.82,1.65,4.0,6.12,E0 (10).csv,1.7,3.7,5.0,1.67,3.8,5.5,1.65,4.1,5.75,1.71,1.64,4.16,3.97,5.85,5.52,1.88,1.81,2.08,2.0,,,
,Crystal Palace,Chelsea,6.5,4.2,1.57,6.0,4.1,1.57,6.0,4.0,1.62,5.85,4.3,1.62,6.85,4.44,1.54,E0 (10).csv,6.5,4.2,1.5,6.5,3.75,1.62,5.75,4.3,1.62,6.5,5.82,4.3,4.09,1.71,1.6,1.75,1.68,2.28,2.19,,,
,Middlesbrough,Swansea,2.1,3.4,4.0,2.05,3.4,3.75,2.1,3.4,3.8,2.07,3.42,4.1,2.14,3.33,3.96,E0 (10).csv,2.1,3.4,3.5,2.1,3.3,3.75,2.05,3.4,4.1,2.15,2.07,3.43,3.36,4.1,3.83,2.21,2.12,1.79,1.72,,,
,Stoke,Leicester,2.6,3.4,2.9,2.45,3.4,2.9,2.6,3.3,2.88,2.59,3.35,2.98,2.82,3.21,2.82,E0 (10).csv,2.5,3.3,2.85,2.6,3.2,2.9,2.6,3.3,2.9,2.67,2.55,3.5,3.3,2.98,2.89,2.09,1.99,1.9,1.82,,,
,Sunderland,Watford,2.63,3.3,2.9,2.55,3.2,2.9,2.62,3.25,2.88,2.67,3.23,2.97,2.67,3.32,2.9,E0 (10).csv,2.5,3.3,2.85,2.62,3.2,2.9,2.6,3.3,3.0,2.7,2.6,3.35,3.21,3.0,2.9,2.18,2.08,1.81,1.74,,,
,West Brom,Man United,5.75,3.8,1.7,5.25,3.6,1.72,5.5,3.6,1.73,5.53,3.77,1.74,6.1,3.9,1.67,E0 (10).csv,4.8,3.6,1.75,5.5,3.5,1.75,5.75,3.6,1.75,5.75,5.38,4.0,3.68,1.76,1.72,2.2,2.11,1.8,1.72,,,
,West Ham,Hull,1.62,4.1,6.0,1.65,4.1,5.0,1.62,4.0,6.0,1.67,4.09,5.7,1.71,3.85,5.64,E0 (10).csv,1.65,3.8,5.3,1.67,3.6,6.0,1.65,4.1,5.75,1.72,1.65,4.15,3.93,6.14,5.61,1.87,1.82,2.06,1.99,,,
,Bournemouth,Southampton,3.0,3.3,2.6,2.85,3.25,2.55,2.9,3.2,2.62,2.95,3.23,2.69,2.97,3.26,2.65,E0 (10).csv,2.65,3.3,2.65,2.9,3.2,2.62,2.9,3.3,2.63,3.05,2.91,3.35,3.21,2.75,2.6,2.3,2.23,1.71,1.65,,,
,Man City,Arsenal,2.15,3.6,3.5,2.15,3.6,3.5,2.15,3.5,3.5,2.13,3.56,3.7,2.26,3.5,3.41,E0 (10).csv,2.2,3.35,3.3,2.2,3.4,3.4,2.1,3.6,3.5,2.25,2.13,3.74,3.54,3.7,3.48,1.68,1.64,2.35,2.25,,,
,Tottenham,Burnley,1.22,7.0,15.0,1.2,7.0,13.0,1.22,6.5,15.0,1.22,7.35,15.0,1.23,7.1,15.45,E0 (10).csv,1.25,6.0,11.0,1.22,6.5,15.0,1.22,7.0,15.0,1.25,1.21,7.5,6.73,17.33,14.84,1.54,1.51,2.65,2.54,,,
,Everton,Liverpool,4.2,3.6,1.95,4.1,3.6,1.9,4.0,3.6,1.95,4.27,3.85,1.9,3.99,3.4,2.1,E0 (10).csv,3.8,3.4,2.0,4.2,3.5,1.95,4.2,3.75,1.9,4.3,4.12,3.85,3.61,2.0,1.91,1.78,1.73,2.2,2.1,,,
,Arsenal,West Brom,1.33,5.5,8.5,1.3,5.0,10.0,1.33,5.0,9.5,1.35,5.58,10.12,1.35,5.55,10.25,E0 (10).csv,1.33,5.3,8.7,1.33,5.0,11.0,1.33,5.4,10.5,1.4,1.34,5.75,5.31,11.0,9.47,1.65,1.6,2.45,2.32,,,
,Burnley,Middlesbrough,2.9,3.1,2.6,2.85,3.1,2.55,2.9,3.0,2.5,3.06,3.18,2.64,2.97,3.18,2.71,E0 (10).csv,2.75,3.2,2.65,3.0,3.1,2.62,3.0,3.1,2.7,3.1,2.97,3.2,3.1,2.72,2.61,2.59,2.48,1.58,1.53,,,
,Chelsea,Bournemouth,1.36,5.0,8.5,1.36,4.6,8.25,1.4,4.33,8.5,1.42,4.78,9.52,1.38,5.05,10.4,E0 (10).csv,1.35,5.3,8.0,1.4,4.8,8.5,1.36,5.0,9.0,1.42,1.38,5.5,4.85,9.91,8.69,1.74,1.66,2.33,2.22,,,
,Hull,Man City,10.0,5.5,1.3,8.5,5.0,1.33,8.5,5.25,1.33,9.86,5.82,1.34,9.6,5.05,1.39,E0 (10).csv,9.5,5.5,1.3,9.0,5.5,1.33,10.5,5.75,1.3,11.5,9.42,6.0,5.56,1.36,1.32,1.56,1.51,2.67,2.54,,,
,Leicester,Everton,2.5,3.3,2.9,2.4,3.3,2.85,2.4,3.25,2.88,2.57,3.33,3.03,2.7,3.28,2.9,E0 (10).csv,2.3,3.3,3.15,2.5,3.3,3.0,2.5,3.4,3.0,2.64,2.5,3.5,3.32,3.15,2.93,2.04,1.93,2.0,1.88,,,
,Man United,Sunderland,1.22,6.5,13.0,1.22,6.25,11.5,1.2,6.0,15.0,1.24,6.95,15.0,1.21,7.65,16.0,E0 (10).csv,1.22,6.2,13.5,1.25,5.5,17.0,1.22,6.5,15.0,1.25,1.22,7.25,6.48,17.0,14.79,1.65,1.6,2.45,2.32,,,
,Swansea,West Ham,2.63,3.2,2.8,2.6,3.2,2.7,2.5,3.3,2.7,2.71,3.43,2.78,2.44,3.46,3.11,E0 (10).csv,2.6,3.25,2.75,2.7,3.3,2.7,2.63,3.4,2.8,2.75,2.63,3.55,3.34,2.85,2.75,1.84,1.77,2.19,2.05,,,
,Watford,Crystal Palace,2.5,3.3,2.9,2.4,3.2,2.9,2.4,3.2,2.9,2.54,3.36,3.05,2.47,3.26,3.24,E0 (10).csv,2.3,3.3,3.15,2.4,3.3,3.1,2.5,3.3,3.1,2.57,2.47,3.4,3.28,3.15,3.0,2.11,2.03,1.86,1.79,,,
,Liverpool,Stoke,1.3,5.5,10.0,1.3,5.25,9.0,1.29,5.75,10.0,1.3,6.15,11.02,1.34,5.75,10.0,E0 (10).csv,1.3,5.5,9.5,1.33,5.0,11.0,1.3,5.75,11.5,1.34,1.29,6.25,5.76,12.0,10.49,1.55,1.5,2.65,2.54,,,
,Southampton,Tottenham,2.8,3.25,2.6,2.75,3.2,2.55,2.88,3.1,2.5,3.01,3.3,2.6,3.11,3.2,2.59,E0 (10).csv,2.85,3.3,2.5,2.9,3.2,2.6,2.9,3.25,2.63,3.01,2.89,3.4,3.24,2.68,2.57,2.25,2.13,1.75,1.7,,,
,Hull,Everton,4.33,3.5,1.95,4.25,3.5,1.95,4.2,3.4,1.95,4.28,3.43,2.02,4.05,3.41,2.08,E0 (10).csv,4.1,3.5,1.9,4.33,3.4,1.95,4.2,3.5,1.95,4.36,4.2,3.5,3.4,2.04,1.98,2.1,2.02,1.88,1.8,,,
,Burnley,Sunderland,2.4,3.25,3.3,2.35,3.2,3.2,2.38,3.2,3.25,2.38,3.26,3.41,2.33,3.36,3.41,E0 (10).csv,2.4,3.3,2.95,2.4,3.2,3.2,2.4,3.3,3.3,2.45,2.38,3.4,3.24,3.41,3.24,2.31,2.25,1.7,1.64,,,
,Chelsea,Stoke,1.25,6.5,14.0,1.26,5.75,11.5,1.25,6.0,13.0,1.28,6.15,12.85,1.25,6.85,13.0,E0 (10).csv,1.27,5.8,10.5,1.29,5.5,13.0,1.29,6.0,13.0,1.31,1.27,6.5,5.84,14.86,12.21,1.68,1.63,2.4,2.27,,,
,Leicester,West Ham,2.1,3.6,3.7,2.05,3.5,3.6,2.1,3.5,3.5,2.1,3.56,3.8,2.11,3.44,3.91,E0 (10).csv,2.1,3.4,3.5,2.1,3.4,3.75,2.05,3.6,3.9,2.14,2.07,3.65,3.53,3.9,3.66,1.89,1.83,2.07,1.98,,,
,Liverpool,Man City,2.35,3.6,3.1,2.3,3.5,3.0,2.3,3.6,3.0,2.37,3.52,3.18,2.48,3.51,3.01,E0 (10).csv,2.4,3.3,2.95,2.4,3.3,3.1,2.38,3.6,3.1,2.45,2.35,3.62,3.48,3.18,3.05,1.67,1.63,2.45,2.28,,,
,Man United,Middlesbrough,1.25,6.0,16.0,1.25,5.5,14.5,1.25,6.0,13.0,1.25,6.2,16.45,1.26,6.3,14.75,E0 (10).csv,1.27,5.8,10.5,1.25,5.5,17.0,1.25,6.0,15.0,1.29,1.25,6.5,5.85,17.5,14.97,1.96,1.89,2.02,1.91,,,
,Southampton,West Brom,1.75,3.7,5.5,1.75,3.5,5.25,1.73,3.5,5.5,1.78,3.59,5.55,1.69,3.8,6.05,E0 (10).csv,1.7,3.7,5.0,1.8,3.3,5.5,1.75,3.6,5.5,1.81,1.76,3.7,3.52,5.6,5.31,2.47,2.33,1.65,1.6,,,
,Swansea,Bournemouth,2.9,3.4,2.6,2.75,3.4,2.55,2.8,3.5,2.5,2.83,3.49,2.63,2.75,3.41,2.75,E0 (10).csv,2.65,3.3,2.65,2.8,3.3,2.62,2.88,3.5,2.55,2.95,2.82,3.5,3.39,2.65,2.56,1.81,1.76,2.12,2.06,,,
,Arsenal,Crystal Palace,1.29,5.5,9.5,1.3,5.5,9.75,1.33,5.5,9.0,1.34,5.6,10.4,1.37,5.5,9.2,E0 (10).csv,1.3,5.5,9.5,1.33,5.5,9.0,1.33,5.5,10.5,1.36,1.33,5.75,5.45,10.5,9.57,1.6,1.53,2.61,2.48,,,
,Watford,Tottenham,5.5,3.75,1.62,5.25,3.8,1.67,6.0,3.8,1.62,5.71,3.94,1.69,6.51,4.28,1.58,E0 (10).csv,5.0,3.7,1.7,5.5,3.6,1.73,5.75,3.8,1.7,6.0,5.49,4.0,3.8,1.73,1.67,2.02,1.95,1.92,1.85,,,
,Everton,Southampton,2.2,3.4,3.6,2.15,3.3,3.5,2.2,3.2,3.4,2.28,3.33,3.55,2.48,3.25,3.24,E0 (10).csv,2.1,3.4,3.5,2.3,3.2,3.4,2.25,3.3,3.6,2.32,2.23,3.42,3.3,3.6,3.45,2.25,2.16,1.75,1.69,,,
,Man City,Burnley,1.17,8.5,19.0,1.17,8.0,15.0,1.17,7.5,19.0,1.18,8.55,17.5,1.19,7.75,18.5,E0 (10).csv,1.15,7.5,18.0,1.18,7.0,15.0,1.15,8.0,17.0,1.2,1.16,9.15,8.07,21.79,17.76,1.46,1.42,3.0,2.83,,,
,Middlesbrough,Leicester,2.75,3.2,2.88,2.65,3.1,2.85,2.62,3.0,2.8,2.8,3.16,2.88,2.78,3.06,2.99,E0 (10).csv,2.5,3.2,2.9,2.75,3.1,2.8,2.8,3.13,2.9,2.85,2.73,3.2,3.1,2.95,2.85,2.55,2.46,1.61,1.55,,,
,Sunderland,Liverpool,11.0,5.5,1.33,9.5,5.25,1.33,9.0,5.0,1.35,9.95,5.55,1.35,10.0,6.2,1.32,E0 (10).csv,7.5,4.8,1.4,11.0,4.5,1.36,8.5,5.5,1.36,11.0,9.41,5.6,5.26,1.4,1.34,1.65,1.62,2.38,2.29,,,
,West Brom,Hull,1.75,3.7,5.5,1.75,3.5,5.25,1.73,3.5,5.0,1.76,3.72,5.48,2.01,3.27,4.65,E0 (10).csv,1.65,3.8,5.3,1.8,3.3,5.5,1.75,3.6,5.5,1.8,1.75,3.8,3.57,5.65,5.25,2.3,2.21,1.74,1.66,,,
,West Ham,Man United,6.0,4.0,1.65,5.5,4.0,1.62,5.25,3.8,1.62,5.77,4.13,1.65,6.5,4.57,1.54,E0 (10).csv,5.0,3.7,1.7,5.5,3.8,1.67,6.0,4.1,1.62,6.0,5.56,4.15,3.95,1.7,1.64,1.89,1.81,2.1,2.01,,,
,Bournemouth,Arsenal,4.33,3.4,1.85,4.4,3.7,1.8,4.2,3.75,1.8,4.52,3.87,1.85,5.45,4.3,1.65,E0 (10).csv,4.5,3.6,1.8,5.0,3.4,1.83,4.6,3.8,1.83,5.0,4.44,3.9,3.72,1.87,1.82,1.8,1.75,2.14,2.07,,,
,Crystal Palace,Swansea,1.75,3.5,4.75,1.78,3.6,4.75,1.75,3.5,4.75,1.8,3.77,5.0,1.88,3.71,4.58,E0 (10).csv,1.8,3.6,4.5,1.83,3.4,5.0,1.8,3.7,5.0,1.86,1.79,3.9,3.63,5.0,4.78,2.05,1.96,1.92,1.84,,,
,Stoke,Watford,1.8,3.5,4.5,1.9,3.5,4.2,1.85,3.4,4.5,1.89,3.58,4.7,1.85,3.57,5.02,E0 (10).csv,2.0,3.4,3.8,1.95,3.4,4.2,1.85,3.5,4.75,2.0,1.88,3.7,3.51,4.8,4.37,2.15,2.1,1.79,1.73,,,
,Tottenham,Chelsea,2.63,3.25,2.63,2.85,3.3,2.55,2.62,3.3,2.62,2.77,3.35,2.77,2.71,3.09,3.05,E0 (10).csv,3.15,3.3,2.3,2.9,3.1,2.62,2.8,3.4,2.63,3.15,2.78,3.45,3.28,2.77,2.64,2.0,1.92,1.98,1.89,,,
,Burnley,Southampton,3.6,3.4,2.2,3.5,3.25,2.2,3.4,3.25,2.25,3.75,3.35,2.2,4.33,3.45,2.0,E0 (10).csv,3.2,3.35,2.25,3.5,3.2,2.25,3.5,3.3,2.2,3.75,3.56,3.4,3.29,2.31,2.2,2.42,2.33,1.66,1.6,,,
,Hull,Bournemouth,3.3,3.5,2.3,3.2,3.4,2.25,3.2,3.4,2.3,3.34,3.62,2.25,3.0,3.46,2.51,E0 (10).csv,3.15,3.3,2.3,3.2,3.4,2.3,3.3,3.5,2.3,3.35,3.24,3.62,3.45,2.36,2.27,1.91,1.85,2.05,1.95,,,
,Leicester,Chelsea,6.0,4.1,1.62,5.75,3.8,1.62,6.0,3.8,1.62,6.1,3.96,1.66,4.98,3.62,1.84,E0 (10).csv,5.0,4.0,1.65,6.0,3.6,1.67,5.75,4.0,1.65,6.2,5.78,4.1,3.87,1.74,1.64,1.95,1.88,2.0,1.93,,,
,Sunderland,Stoke,3.1,3.3,2.5,2.95,3.3,2.45,3.0,3.25,2.5,3.09,3.45,2.46,3.39,3.51,2.27,E0 (10).csv,2.65,3.3,2.65,3.0,3.3,2.5,3.1,3.4,2.45,3.12,3.0,3.45,3.34,2.65,2.46,2.02,1.96,1.93,1.85,,,
,Swansea,Arsenal,7.0,4.75,1.5,6.25,4.6,1.48,6.5,4.5,1.5,6.54,4.71,1.53,6.95,4.92,1.49,E0 (10).csv,6.5,4.2,1.5,6.5,4.33,1.53,6.5,4.8,1.5,7.0,6.38,4.95,4.55,1.57,1.51,1.61,1.56,2.54,2.41,,,
,Tottenham,West Brom,1.33,5.5,11.0,1.33,5.25,9.5,1.33,5.0,11.0,1.32,5.51,12.56,1.34,5.38,11.29,E0 (10).csv,1.35,5.3,8.0,1.33,5.0,11.0,1.33,5.2,12.0,1.38,1.32,5.55,5.23,12.75,11.25,1.88,1.81,2.06,1.99,,,
,Watford,Middlesbrough,2.5,3.2,3.2,2.5,3.1,3.1,2.5,3.2,3.0,2.51,3.18,3.25,2.35,3.14,3.62,E0 (10).csv,2.3,3.3,3.15,2.5,3.1,3.1,2.5,3.1,3.3,2.56,2.49,3.3,3.1,3.3,3.16,2.69,2.55,1.57,1.51,,,
,West Ham,Crystal Palace,2.38,3.4,3.2,2.35,3.3,3.1,2.4,3.2,3.2,2.41,3.41,3.2,2.43,3.29,3.29,E0 (10).csv,2.2,3.35,3.3,2.4,3.2,3.2,2.4,3.4,3.2,2.46,2.38,3.43,3.33,3.3,3.13,2.04,1.97,1.91,1.84,,,
,Everton,Man City,4.5,4.0,1.8,4.4,3.8,1.78,4.33,3.75,1.83,4.54,3.9,1.84,4.75,3.93,1.8,E0 (10).csv,4.1,3.5,1.9,4.33,3.75,1.83,4.6,3.9,1.8,4.6,4.39,4.0,3.8,1.9,1.82,1.82,1.74,2.17,2.08,,,
,Man United,Liverpool,2.15,3.4,3.75,2.15,3.3,3.6,2.2,3.25,3.6,2.16,3.34,3.88,2.03,3.41,4.28,E0 (10).csv,2.2,3.3,3.35,2.2,3.3,3.6,2.05,3.3,3.5,2.22,2.14,3.46,3.33,3.88,3.67,2.05,1.95,1.92,1.86,,,
,Bournemouth,Watford,1.83,3.75,4.75,1.8,3.7,4.4,1.85,3.6,4.5,1.84,3.77,4.73,1.92,3.66,4.43,E0 (10).csv,1.9,3.5,4.1,1.85,3.6,4.5,1.85,3.75,4.6,1.9,1.84,3.8,3.64,4.8,4.52,2.02,1.95,1.93,1.85,,,
,Crystal Palace,Everton,3.25,3.4,2.38,3.0,3.4,2.35,3.1,3.4,2.4,3.19,3.45,2.4,3.02,3.31,2.58,E0 (10).csv,3.3,3.35,2.2,3.2,3.2,2.4,3.2,3.4,2.4,3.3,3.12,3.45,3.35,2.46,2.37,2.07,1.99,1.89,1.82,,,
,Liverpool,Swansea,1.22,7.0,15.0,1.2,7.0,13.0,1.22,7.0,13.0,1.22,7.55,14.0,1.27,6.5,13.0,E0 (10).csv,1.2,6.5,15.0,1.22,6.5,15.0,1.22,7.0,15.0,1.25,1.22,7.73,6.9,15.25,13.56,1.46,1.41,3.15,2.85,,,
,Man City,Tottenham,2.15,3.5,3.6,2.1,3.5,3.5,2.15,3.4,3.6,2.13,3.52,3.75,2.15,3.58,3.62,E0 (10).csv,2.1,3.4,3.5,2.15,3.4,3.6,2.15,3.5,3.7,2.18,2.12,3.59,3.45,3.75,3.59,1.88,1.8,2.1,2.01,,,
,Middlesbrough,West Ham,2.5,3.2,3.25,2.45,3.1,3.1,2.4,3.2,3.2,2.47,3.17,3.33,2.58,3.11,3.21,E0 (10).csv,2.5,3.2,2.9,2.5,3.1,3.2,2.45,3.2,3.3,2.58,2.45,3.25,3.16,3.33,3.17,2.43,2.32,1.66,1.6,,,
,Stoke,Man United,6.0,4.2,1.6,5.75,4.1,1.57,6.0,4.0,1.62,6.08,4.08,1.64,5.92,4.35,1.61,E0 (10).csv,5.7,3.9,1.6,6.0,4.0,1.62,6.0,4.1,1.62,6.25,5.84,4.2,3.99,1.65,1.62,1.97,1.91,1.96,1.9,,,
,West Brom,Sunderland,1.7,3.8,5.75,1.67,3.8,5.25,1.67,3.8,5.75,1.7,3.91,5.68,1.68,3.99,5.68,E0 (10).csv,1.7,3.7,5.0,1.7,3.5,6.0,1.7,3.9,5.4,1.72,1.68,4.05,3.8,6.03,5.49,2.08,2.0,1.88,1.81,,,
,Arsenal,Burnley,1.2,7.5,17.0,1.18,7.5,14.5,1.2,7.0,15.0,1.22,7.35,15.7,1.21,7.55,17.0,E0 (10).csv,1.22,6.2,13.5,1.2,7.0,15.0,1.2,7.0,18.0,1.22,1.2,7.5,7.02,18.0,15.09,1.51,1.47,2.9,2.63,,,
,Chelsea,Hull,1.18,8.0,19.0,1.16,7.75,16.5,1.18,7.5,17.0,1.18,8.5,18.0,1.18,8.5,17.5,E0 (10).csv,1.15,7.5,18.0,1.2,7.0,15.0,1.18,8.0,17.0,1.2,1.17,8.5,7.61,21.0,17.48,1.57,1.52,2.67,2.52,,,
,Southampton,Leicester,1.83,3.5,5.25,1.83,3.5,4.6,1.85,3.5,4.75,1.86,3.48,5.1,1.83,3.6,5.07,E0 (10).csv,2.0,3.4,3.8,1.85,3.3,5.0,1.83,3.5,5.2,2.0,1.83,3.6,3.46,5.35,4.9,2.35,2.27,1.67,1.63,,,
,Arsenal,Watford,1.22,7.0,15.0,1.22,6.5,13.0,1.22,6.5,13.0,1.24,6.92,14.64,1.23,7.28,14.2,E0 (10).csv,1.22,6.5,12.5,1.25,6.0,13.0,1.22,7.0,15.0,1.26,1.23,7.0,6.51,15.5,13.3,1.56,1.51,2.68,2.54,,,
,Bournemouth,Crystal Palace,2.05,3.5,3.9,2.05,3.4,3.75,2.05,3.4,3.8,2.12,3.57,3.73,2.18,3.36,3.79,E0 (10).csv,2.15,3.35,3.4,2.1,3.4,3.75,2.1,3.5,3.8,2.18,2.09,3.57,3.46,3.92,3.69,1.95,1.88,2.02,1.93,,,
,Burnley,Leicester,2.9,3.25,2.7,2.8,3.2,2.65,2.9,3.2,2.65,2.89,3.29,2.7,3.0,3.2,2.67,E0 (10).csv,2.65,3.3,2.65,2.88,3.2,2.62,2.88,3.25,2.7,2.94,2.85,3.3,3.2,2.76,2.67,2.3,2.21,1.73,1.67,,,
,Liverpool,Chelsea,2.65,3.25,2.9,2.6,3.3,2.9,2.6,3.25,2.9,2.63,3.33,2.95,2.58,3.2,3.12,E0 (10).csv,2.6,3.2,2.8,2.6,3.2,3.0,2.63,3.3,2.88,2.7,2.6,3.33,3.24,3.05,2.92,2.1,2.02,1.87,1.8,,,
,Middlesbrough,West Brom,2.7,3.1,3.0,2.65,3.0,2.95,2.7,3.0,3.0,2.73,3.05,3.06,2.71,3.01,3.13,E0 (10).csv,2.6,3.15,2.85,2.7,3.0,3.0,2.7,3.0,3.1,2.77,2.68,3.15,3.02,3.1,2.99,2.83,2.67,1.53,1.47,,,
,Sunderland,Tottenham,9.5,5.25,1.36,9.5,5.25,1.33,9.0,5.0,1.36,9.13,5.41,1.38,8.75,5.71,1.37,E0 (10).csv,7.5,4.8,1.4,9.0,5.0,1.36,9.5,5.4,1.36,10.0,8.95,5.65,5.24,1.4,1.36,1.65,1.58,2.5,2.36,,,
,Swansea,Southampton,3.4,3.4,2.3,3.25,3.3,2.3,3.3,3.4,2.25,3.29,3.42,2.36,3.25,3.46,2.36,E0 (10).csv,3.15,3.3,2.3,3.4,3.2,2.3,3.3,3.4,2.3,3.4,3.24,3.42,3.33,2.41,2.32,2.11,2.05,1.87,1.78,,,
,Man United,Hull,1.2,7.5,17.0,1.18,7.5,15.0,1.18,7.0,17.0,1.2,7.88,17.01,1.2,8.0,15.75,E0 (10).csv,1.2,6.5,15.0,1.2,7.0,17.0,1.18,7.5,20.0,1.2,1.18,8.2,7.37,23.0,17.0,2.39,2.29,1.66,1.61,,,
,Stoke,Everton,2.88,3.4,2.63,2.75,3.3,2.6,2.75,3.25,2.5,2.85,3.4,2.67,3.2,3.37,2.43,E0 (10).csv,2.65,3.3,2.65,2.88,3.25,2.62,2.88,3.4,2.63,2.9,2.82,3.42,3.31,2.74,2.61,2.09,2.0,1.88,1.81,,,
,West Ham,Man City,6.0,4.5,1.57,5.5,4.33,1.57,5.5,4.33,1.55,5.94,4.55,1.58,5.73,4.68,1.58,E0 (10).csv,5.5,4.0,1.6,6.0,4.2,1.57,6.0,4.6,1.55,6.0,5.68,4.66,4.38,1.65,1.57,1.62,1.57,2.48,2.39,,,
,Chelsea,Arsenal,1.95,3.6,4.2,1.95,3.5,4.0,1.95,3.6,4.0,1.94,3.58,4.42,2.08,3.36,4.13,E0 (10).csv,2.1,3.4,3.5,2.0,3.3,4.2,1.95,3.6,4.3,2.1,1.95,3.73,3.53,4.42,4.13,1.96,1.87,2.02,1.93,,,
,Crystal Palace,Sunderland,1.7,3.9,5.5,1.67,3.8,5.25,1.7,3.7,5.5,1.73,3.91,5.37,1.7,3.82,5.81,E0 (10).csv,1.75,3.6,4.8,1.67,3.8,5.5,1.7,3.8,5.75,1.75,1.69,4.0,3.82,5.75,5.37,2.05,1.97,1.95,1.83,,,
,Everton,Bournemouth,1.7,4.0,5.25,1.7,3.8,5.0,1.7,3.9,5.2,1.74,4.0,5.14,1.7,4.03,5.41,E0 (10).csv,1.7,3.7,5.0,1.73,3.6,5.5,1.7,4.0,5.4,1.79,1.71,4.0,3.86,5.55,5.07,1.88,1.8,2.1,2.01,,,
,Hull,Liverpool,8.0,4.75,1.45,7.25,4.5,1.45,7.5,4.5,1.44,7.68,4.59,1.49,7.15,4.43,1.53,E0 (10).csv,6.2,4.0,1.55,8.0,4.5,1.44,8.0,4.75,1.45,8.0,7.42,4.76,4.47,1.55,1.47,1.79,1.72,2.2,2.12,,,
,Southampton,West Ham,1.85,3.75,4.5,1.8,3.6,4.6,1.83,3.6,4.5,1.85,3.67,4.84,1.78,3.86,5.0,E0 (10).csv,1.85,3.5,4.3,1.83,3.6,4.5,1.87,3.6,4.75,1.92,1.84,3.75,3.59,4.84,4.58,2.06,1.99,1.92,1.82,,,
,Tottenham,Middlesbrough,1.29,6.0,13.0,1.26,5.5,13.0,1.25,6.0,13.0,1.29,5.95,13.45,1.29,6.15,12.5,E0 (10).csv,1.3,5.5,9.5,1.29,5.5,13.0,1.29,6.0,13.0,1.3,1.27,6.14,5.76,14.5,12.9,1.84,1.76,2.15,2.06,,,
,Watford,Burnley,2.15,3.3,3.9,2.1,3.25,3.8,2.1,3.3,3.75,2.12,3.28,4.1,2.13,3.23,4.14,E0 (10).csv,2.1,3.4,3.5,2.15,3.2,3.8,2.15,3.25,4.0,2.18,2.12,3.4,3.26,4.1,3.83,2.45,2.36,1.65,1.59,,,
,West Brom,Stoke,2.3,3.25,3.5,2.25,3.25,3.4,2.3,3.2,3.4,2.31,3.29,3.53,2.41,3.2,3.41,E0 (10).csv,2.2,3.3,3.35,2.38,3.1,3.4,2.3,3.3,3.5,2.41,2.31,3.3,3.22,3.6,3.39,2.31,2.24,1.71,1.65,,,
,Leicester,Man United,5.75,4.0,1.65,5.25,3.8,1.67,5.5,3.75,1.67,5.95,3.89,1.68,5.29,3.84,1.75,E0 (10).csv,5.0,3.7,1.7,5.5,3.75,1.7,5.4,3.9,1.7,5.95,5.58,4.0,3.8,1.74,1.68,2.14,2.05,1.84,1.77,,,
,Man City,Swansea,1.22,7.0,15.0,1.2,7.25,13.0,1.22,6.5,13.0,1.23,7.55,13.6,1.22,7.8,14.5,E0 (10).csv,1.25,6.0,11.0,1.22,7.0,13.0,1.22,7.5,13.0,1.25,1.22,7.55,6.9,15.0,13.58,1.42,1.39,3.15,2.94,,,
,Arsenal,Hull,1.29,6.0,13.0,1.26,5.75,11.5,1.25,5.75,11.0,1.3,6.2,11.44,1.3,6.06,11.42,E0 (10).csv,1.3,5.5,9.5,1.3,5.5,11.0,1.29,6.0,12.0,1.31,1.28,6.35,5.92,13.0,11.24,1.56,1.51,2.66,2.56,,,
,Liverpool,Tottenham,2.3,3.4,3.4,2.25,3.4,3.25,2.15,3.25,3.4,2.22,3.41,3.61,2.22,3.47,3.55,E0 (10).csv,2.2,3.35,3.3,2.3,3.2,3.4,2.25,3.4,3.5,2.35,2.24,3.45,3.34,3.61,3.41,1.96,1.91,1.99,1.91,,,
,Man United,Watford,1.25,6.5,14.0,1.25,6.25,11.5,1.25,5.75,13.0,1.27,6.4,13.0,1.27,6.45,12.75,E0 (10).csv,1.27,5.8,10.5,1.25,6.0,13.0,1.25,6.5,15.0,1.27,1.25,6.74,6.19,15.0,12.92,1.73,1.66,2.3,2.22,,,
,Middlesbrough,Everton,3.9,3.3,2.15,3.7,3.3,2.1,3.6,3.2,2.1,3.8,3.35,2.18,3.89,3.33,2.16,E0 (10).csv,3.7,3.35,2.05,3.6,3.2,2.2,3.75,3.3,2.2,3.9,3.7,3.37,3.28,2.22,2.15,2.4,2.31,1.67,1.62,,,
,Stoke,Crystal Palace,2.15,3.3,3.9,2.05,3.3,3.9,2.05,3.25,3.6,2.13,3.42,3.86,2.13,3.32,4.0,E0 (10).csv,2.1,3.3,3.6,2.1,3.3,3.8,2.1,3.4,3.9,2.19,2.1,3.42,3.36,3.95,3.73,2.15,2.07,1.85,1.77,,,
,Sunderland,Southampton,3.9,3.4,2.1,3.7,3.4,2.05,3.6,3.4,2.0,3.92,3.54,2.07,3.81,3.6,2.08,E0 (10).csv,3.3,3.35,2.2,3.8,3.3,2.1,3.8,3.5,2.1,3.95,3.76,3.54,3.43,2.2,2.06,2.12,2.06,1.83,1.76,,,
,West Ham,West Brom,2.25,3.3,3.6,2.15,3.3,3.5,2.2,3.1,3.5,2.28,3.25,3.65,2.3,3.28,3.56,E0 (10).csv,2.1,3.4,3.5,2.25,3.2,3.6,2.25,3.4,3.5,2.33,2.22,3.4,3.26,3.75,3.52,2.14,2.05,1.83,1.78,,,
,Burnley,Chelsea,9.0,5.0,1.4,7.75,4.6,1.42,8.0,4.33,1.4,8.59,4.73,1.44,8.2,4.44,1.49,E0 (10).csv,7.5,4.8,1.4,8.0,4.5,1.44,9.0,4.75,1.4,9.11,8.28,5.0,4.61,1.46,1.42,1.96,1.91,1.96,1.9,,,
,Swansea,Leicester,2.4,3.3,3.25,2.4,3.25,3.1,2.3,3.1,3.1,2.44,3.3,3.25,2.51,3.36,3.08,E0 (10).csv,2.4,3.3,2.95,2.5,3.2,3.1,2.38,3.3,3.25,2.52,2.41,3.32,3.26,3.25,3.13,2.1,2.01,1.89,1.81,,,
,Bournemouth,Man City,7.5,5.0,1.44,6.75,4.75,1.45,6.5,4.5,1.44,6.97,4.95,1.48,7.7,5.17,1.43,E0 (10).csv,7.0,4.3,1.47,7.0,4.8,1.44,7.5,4.8,1.44,7.53,6.91,5.05,4.76,1.5,1.45,1.56,1.52,2.66,2.52,,,
,Chelsea,Swansea,1.25,6.5,15.0,1.22,6.25,14.0,1.25,6.0,13.0,1.27,6.51,12.91,1.28,6.2,13.0,E0 (10).csv,1.22,6.5,12.0,1.25,6.0,13.0,1.25,6.5,13.0,1.28,1.25,6.74,6.18,15.0,12.92,1.66,1.61,2.45,2.31,,,
,Crystal Palace,Middlesbrough,2.1,3.2,4.2,2.1,3.2,3.9,2.05,3.0,4.2,2.12,3.13,4.37,2.1,3.26,4.21,E0 (10).csv,2.1,3.4,3.5,2.15,3.1,4.0,2.1,3.2,4.0,2.16,2.1,3.4,3.12,4.37,4.08,2.85,2.68,1.52,1.46,,,
,Everton,Sunderland,1.4,5.25,8.5,1.4,4.6,8.5,1.4,4.75,7.5,1.43,5.18,7.91,1.43,4.93,8.28,E0 (10).csv,1.45,4.4,7.2,1.4,4.8,8.5,1.4,5.25,8.5,1.45,1.4,5.25,4.97,8.92,7.87,1.68,1.63,2.34,2.27,,,
,Hull,Burnley,2.15,3.3,3.9,2.15,3.25,3.6,2.15,3.1,3.75,2.2,3.22,3.91,2.15,3.29,3.98,E0 (10).csv,2.2,3.35,3.3,2.2,3.1,3.8,2.15,3.3,3.9,2.25,2.16,3.35,3.22,3.92,3.74,2.4,2.3,1.68,1.62,,,
,Watford,West Ham,2.63,3.3,2.9,2.55,3.25,2.85,2.5,3.1,2.9,2.63,3.26,3.0,2.84,3.23,2.79,E0 (10).csv,2.6,3.25,2.75,2.62,3.2,2.9,2.63,3.3,2.9,2.68,2.57,3.32,3.22,3.0,2.91,2.07,2.0,1.93,1.82,,,
,West Brom,Bournemouth,2.1,3.4,4.0,2.05,3.4,3.75,2.05,3.3,3.75,2.11,3.44,3.93,2.21,3.3,3.77,E0 (10).csv,1.9,3.5,4.1,2.1,3.3,3.8,2.05,3.5,4.0,2.11,2.07,3.5,3.39,4.1,3.81,2.12,2.01,1.89,1.81,,,
,Tottenham,Stoke,1.44,5.0,7.5,1.4,4.75,8.25,1.4,4.5,8.0,1.43,4.89,8.49,1.38,5.3,9.2,E0 (10).csv,1.4,4.8,7.5,1.44,4.5,8.0,1.44,4.8,8.0,1.45,1.42,5.1,4.79,9.0,7.82,1.72,1.65,2.38,2.23,,,
,Leicester,Liverpool,5.5,4.2,1.65,5.75,4.0,1.6,5.25,4.0,1.6,5.75,4.27,1.63,5.75,4.05,1.67,E0 (10).csv,5.0,3.7,1.7,5.5,3.8,1.67,6.0,4.2,1.6,6.0,5.66,4.27,4.04,1.7,1.62,1.83,1.76,2.14,2.06,,,
,Leicester,Hull,1.85,3.6,4.75,1.85,3.5,4.5,1.8,3.4,4.5,1.87,3.55,4.92,1.83,3.61,5.05,E0 (10).csv,1.8,3.6,4.5,1.85,3.4,4.8,1.83,3.6,5.0,1.91,1.85,3.8,3.56,5.0,4.62,2.15,2.05,1.83,1.77,,,
,Liverpool,Arsenal,2.15,3.6,3.6,2.05,3.5,3.6,2.05,3.3,3.5,2.14,3.51,3.73,2.0,3.72,3.97,E0 (10).csv,2.0,3.4,3.8,2.15,3.4,3.6,2.15,3.6,3.6,2.2,2.11,3.62,3.51,3.8,3.56,1.78,1.71,2.24,2.14,,,
,Man United,Bournemouth,1.25,6.5,15.0,1.25,6.0,12.0,1.25,6.0,12.0,1.27,6.55,12.75,1.24,6.95,13.75,E0 (10).csv,1.2,6.5,15.0,1.25,6.0,13.0,1.25,6.0,13.0,1.28,1.25,6.55,6.15,17.35,12.85,1.63,1.57,2.5,2.4,,,
,Stoke,Middlesbrough,1.95,3.4,4.5,1.95,3.3,4.33,1.91,3.2,4.33,2.0,3.3,4.6,2.02,3.29,4.52,E0 (10).csv,2.0,3.4,3.8,1.95,3.3,4.5,1.93,3.4,4.75,2.06,1.95,3.4,3.32,4.76,4.43,2.5,2.38,1.63,1.58,,,
,Swansea,Burnley,2.0,3.5,4.2,2.0,3.4,3.9,2.0,3.2,4.0,2.05,3.35,4.27,2.01,3.39,4.38,E0 (10).csv,1.9,3.5,4.1,2.0,3.4,4.0,2.05,3.4,4.1,2.11,2.01,3.5,3.36,4.3,4.07,2.28,2.16,1.77,1.69,,,
,Watford,Southampton,3.6,3.4,2.2,3.5,3.2,2.2,3.4,3.25,2.15,3.54,3.38,2.26,4.12,3.51,2.03,E0 (10).csv,3.15,3.3,2.3,3.5,3.1,2.3,3.7,3.3,2.2,3.7,3.51,3.4,3.28,2.33,2.22,2.33,2.25,1.73,1.65,,,
,West Brom,Crystal Palace,2.2,3.3,3.8,2.2,3.1,3.6,2.15,3.1,3.6,2.23,3.28,3.74,2.37,3.23,3.48,E0 (10).csv,2.0,3.4,3.8,2.2,3.1,3.8,2.2,3.2,3.75,2.28,2.19,3.4,3.21,3.87,3.68,2.5,2.37,1.65,1.58,,,
,Sunderland,Man City,11.0,6.5,1.29,10.0,6.0,1.28,10.0,5.75,1.29,10.81,6.35,1.3,10.95,6.6,1.29,E0 (10).csv,9.5,5.5,1.3,11.0,5.5,1.3,10.5,6.0,1.3,12.0,10.54,6.5,5.99,1.33,1.29,1.5,1.46,2.95,2.71,,,
,Tottenham,Everton,1.67,4.2,5.25,1.6,4.0,5.75,1.62,3.8,5.5,1.64,4.17,5.88,1.62,4.28,5.88,E0 (10).csv,1.7,3.7,5.0,1.67,3.8,5.5,1.65,4.1,5.75,1.7,1.63,4.2,4.01,5.88,5.58,1.81,1.76,2.15,2.07,,,
,West Ham,Chelsea,6.0,4.1,1.62,5.75,4.0,1.6,5.25,4.0,1.62,5.75,4.3,1.63,6.15,4.25,1.61,E0 (10).csv,5.7,3.9,1.6,6.0,4.0,1.62,6.0,4.1,1.62,6.2,5.74,4.3,4.02,1.67,1.62,1.9,1.83,2.05,1.98,,,
,Man City,Stoke,1.25,6.5,15.0,1.25,6.0,12.5,1.22,6.5,12.0,1.25,6.8,13.6,1.24,7.05,14.25,E0 (10).csv,1.22,6.5,12.5,1.25,6.0,13.0,1.22,6.25,13.0,1.27,1.23,7.35,6.49,15.0,12.73,1.48,1.44,2.9,2.74,,,
,Bournemouth,West Ham,2.6,3.5,2.8,2.5,3.4,2.8,2.5,3.3,2.75,2.67,3.4,2.84,2.59,3.51,2.86,E0 (10).csv,2.5,3.3,2.85,2.62,3.3,2.8,2.63,3.5,2.8,2.7,2.59,3.55,3.38,2.88,2.78,1.78,1.72,2.2,2.12,,,
,Everton,West Brom,1.67,3.8,6.0,1.6,3.7,5.75,1.62,3.75,5.75,1.68,3.89,6.0,1.65,3.92,6.35,E0 (10).csv,1.65,3.8,5.3,1.7,3.75,5.5,1.7,3.75,6.0,1.7,1.67,3.97,3.81,6.0,5.61,2.1,2.02,1.85,1.79,,,
,Hull,Swansea,2.55,3.3,3.0,2.5,3.2,3.0,2.5,3.1,2.9,2.58,3.24,3.08,2.56,3.29,3.07,E0 (10).csv,2.5,3.3,2.85,2.6,3.1,3.0,2.5,3.3,3.1,2.64,2.52,3.35,3.26,3.1,2.97,2.11,2.04,1.85,1.78,,,
,Liverpool,Burnley,1.25,6.5,14.0,1.22,6.5,12.5,1.22,6.0,13.0,1.26,6.55,13.5,1.29,6.1,12.25,E0 (10).csv,1.22,6.2,13.5,1.25,6.0,13.0,1.22,6.5,15.0,1.26,1.24,6.75,6.3,15.0,13.23,1.59,1.54,2.55,2.45,,,
,Bournemouth,Swansea,2.15,3.5,3.6,2.1,3.4,3.6,2.1,3.3,3.5,2.15,3.51,3.7,2.22,3.51,3.51,E0 (10).csv,2.3,3.3,3.15,2.2,3.3,3.5,2.2,3.5,3.5,2.3,2.16,3.52,3.41,3.7,3.5,1.77,1.72,2.19,2.11,,,
,Crystal Palace,Watford,1.91,3.5,4.75,1.9,3.5,4.2,1.91,3.3,4.33,1.94,3.45,4.63,1.94,3.43,4.67,E0 (10).csv,2.0,3.4,3.8,1.91,3.4,4.5,1.95,3.5,4.5,2.0,1.92,3.57,3.42,4.75,4.39,2.24,2.16,1.74,1.69,,,
,Everton,Hull,1.53,4.33,7.0,1.53,4.1,6.75,1.5,4.2,6.5,1.52,4.46,7.15,1.57,4.18,6.85,E0 (10).csv,1.5,4.2,6.5,1.53,4.0,7.0,1.5,4.33,7.5,1.54,1.51,4.5,4.25,7.53,6.81,1.86,1.8,2.08,2.01,,,
,Stoke,Chelsea,6.5,4.0,1.62,5.5,4.1,1.6,5.75,3.8,1.6,6.54,4.04,1.61,6.07,3.7,1.71,E0 (10).csv,5.3,3.8,1.65,6.0,4.0,1.62,6.5,4.0,1.62,6.74,6.13,4.2,3.94,1.66,1.6,2.1,2.01,1.9,1.81,,,
,Sunderland,Burnley,2.55,3.3,3.0,2.55,3.1,2.95,2.5,3.1,2.9,2.62,3.23,3.04,2.66,3.19,3.02,E0 (10).csv,2.4,3.3,2.95,2.6,3.2,2.88,2.55,3.3,3.0,2.62,2.54,3.32,3.22,3.1,2.95,2.24,2.15,1.78,1.7,,,
,West Brom,Arsenal,5.25,4.0,1.73,4.75,3.9,1.72,4.75,3.8,1.7,5.36,4.02,1.71,5.85,4.21,1.63,E0 (10).csv,5.0,3.7,1.7,5.0,3.8,1.73,5.25,4.0,1.7,5.5,5.09,4.06,3.84,1.76,1.71,1.84,1.78,2.12,2.03,,,
,West Ham,Leicester,2.3,3.5,3.3,2.25,3.4,3.25,2.25,3.3,3.1,2.33,3.49,3.28,2.41,3.39,3.22,E0 (10).csv,2.2,3.35,3.3,2.38,3.3,3.2,2.38,3.5,3.2,2.38,2.3,3.5,3.39,3.41,3.2,1.88,1.8,2.09,2.01,,,
,Man City,Liverpool,2.0,3.75,3.8,1.95,3.7,3.75,1.91,3.5,3.8,1.98,3.68,4.1,1.97,3.8,4.0,E0 (10).csv,1.9,3.5,4.1,2.0,3.6,3.8,1.95,3.75,3.9,2.03,1.97,3.82,3.65,4.1,3.82,1.73,1.65,2.33,2.22,,,
,Middlesbrough,Man United,6.0,3.7,1.7,5.75,3.7,1.65,5.5,3.6,1.67,5.97,3.8,1.69,6.0,3.89,1.68,E0 (10).csv,5.3,3.8,1.65,5.5,3.6,1.7,5.75,3.7,1.73,6.3,5.69,3.9,3.67,1.75,1.68,2.26,2.18,1.73,1.68,,,
,Tottenham,Southampton,1.73,3.8,5.5,1.7,3.7,5.25,1.67,3.6,5.25,1.72,3.87,5.53,1.69,3.96,5.68,E0 (10).csv,1.65,4.0,5.0,1.73,3.6,5.5,1.7,3.9,5.5,1.75,1.7,4.0,3.81,5.9,5.26,1.96,1.88,1.98,1.92,,,
,Burnley,Tottenham,5.75,3.8,1.7,5.5,3.8,1.65,5.5,3.75,1.65,6.07,3.91,1.67,5.11,3.81,1.78,E0 (10).csv,5.0,3.7,1.7,5.5,3.75,1.7,5.75,3.9,1.67,6.07,5.5,3.95,3.78,1.75,1.68,2.11,2.01,1.9,1.8,,,
,Chelsea,Crystal Palace,1.3,5.75,12.0,1.26,5.75,11.5,1.29,5.25,12.0,1.3,5.9,12.0,1.36,5.25,10.8,E0 (10).csv,1.25,6.0,11.0,1.29,5.5,12.0,1.29,5.75,13.0,1.31,1.28,6.0,5.54,13.87,12.13,1.92,1.81,2.07,2.0,,,
,Hull,West Ham,2.45,3.4,3.1,2.4,3.3,3.0,2.4,3.25,2.9,2.47,3.42,3.1,2.44,3.35,3.2,E0 (10).csv,2.5,3.3,2.85,2.5,3.3,3.0,2.45,3.5,3.0,2.56,2.45,3.5,3.33,3.1,2.98,1.91,1.83,2.05,1.97,,,
,Leicester,Stoke,2.05,3.5,4.0,2.0,3.4,3.9,2.0,3.3,3.8,2.07,3.48,4.0,1.89,3.65,4.59,E0 (10).csv,1.9,3.5,4.1,2.05,3.4,3.8,2.05,3.5,3.9,2.1,2.04,3.55,3.44,4.1,3.83,2.03,1.96,1.92,1.84,,,
,Liverpool,Everton,1.73,3.9,5.25,1.67,4.0,5.0,1.67,3.8,5.0,1.73,3.97,5.25,1.73,3.79,5.6,E0 (10).csv,1.65,3.8,5.3,1.73,3.8,5.0,1.7,4.0,5.25,1.75,1.7,4.15,3.94,5.35,4.99,1.78,1.73,2.22,2.1,,,
,Man United,West Brom,1.36,5.0,11.0,1.36,5.0,8.5,1.36,4.5,9.5,1.37,5.05,10.55,1.38,5.05,10.0,E0 (10).csv,1.3,5.5,9.5,1.36,5.0,9.0,1.36,5.0,11.0,1.4,1.36,5.5,4.9,11.0,9.83,1.93,1.85,2.02,1.95,,,
,Southampton,Bournemouth,1.65,4.0,6.0,1.62,3.9,5.75,1.62,3.8,5.25,1.67,4.13,5.57,1.67,4.13,5.55,E0 (10).csv,1.6,3.9,5.7,1.62,4.2,5.5,1.62,4.0,5.75,1.69,1.64,4.2,3.99,6.0,5.52,1.79,1.73,2.2,2.1,,,
,Watford,Sunderland,1.85,3.6,4.75,1.83,3.6,4.5,1.8,3.5,4.5,1.87,3.67,4.72,1.97,3.6,4.23,E0 (10).csv,1.85,3.5,4.3,1.85,3.6,4.5,1.85,3.6,4.8,1.91,1.84,3.67,3.56,4.86,4.57,2.13,2.04,1.82,1.77,,,
,Arsenal,Man City,3.1,3.75,2.3,3.25,3.5,2.2,3.0,3.6,2.2,3.22,3.82,2.23,2.9,3.84,2.41,E0 (10).csv,2.85,3.5,2.4,3.1,3.5,2.3,3.13,3.75,2.25,3.25,3.08,3.82,3.62,2.41,2.26,1.65,1.58,2.51,2.36,,,
,Swansea,Middlesbrough,2.0,3.4,4.33,1.95,3.4,4.2,1.91,3.25,4.2,1.98,3.43,4.47,1.95,3.43,4.62,E0 (10).csv,2.0,3.4,3.8,1.95,3.5,4.2,1.93,3.5,4.5,2.06,1.97,3.5,3.39,4.5,4.2,2.26,2.17,1.75,1.68,,,
,Burnley,Stoke,2.5,3.1,3.3,2.4,3.1,3.25,2.4,3.1,3.3,2.48,3.07,3.43,2.47,3.16,3.34,E0 (10).csv,2.4,3.3,2.95,2.5,3.1,3.1,2.5,3.1,3.3,2.55,2.45,3.3,3.1,3.42,3.23,2.48,2.36,1.65,1.59,,,
,Leicester,Sunderland,1.45,4.5,8.5,1.42,4.6,7.75,1.44,4.33,8.0,1.48,4.61,7.92,1.51,4.5,7.48,E0 (10).csv,1.5,4.2,6.5,1.44,4.33,8.5,1.45,4.5,8.5,1.5,1.45,4.7,4.5,8.92,7.85,1.83,1.76,2.14,2.06,,,
,Man United,Everton,1.57,4.2,6.5,1.55,4.0,6.5,1.57,4.0,6.5,1.57,4.23,6.75,1.61,4.05,6.55,E0 (10).csv,1.55,4.0,6.2,1.57,4.0,6.5,1.57,4.2,6.5,1.61,1.57,4.3,4.11,6.8,6.32,1.95,1.88,2.0,1.93,,,
,Watford,West Brom,2.5,3.2,3.2,2.5,3.2,2.95,2.5,3.1,3.1,2.56,3.16,3.19,2.5,3.16,3.29,E0 (10).csv,2.5,3.3,2.85,2.5,3.1,3.1,2.5,3.2,3.2,2.56,2.49,3.3,3.14,3.3,3.13,2.42,2.31,1.69,1.61,,,
,Arsenal,West Ham,1.4,5.25,8.0,1.36,5.25,8.0,1.36,5.0,7.5,1.42,5.32,7.89,1.43,5.35,7.32,E0 (10).csv,1.4,4.8,7.5,1.4,5.0,8.0,1.36,5.25,8.0,1.43,1.39,5.35,5.11,8.72,7.7,1.46,1.42,3.0,2.8,,,
,Chelsea,Man City,2.4,3.5,3.1,2.3,3.4,3.1,2.3,3.5,2.9,2.41,3.56,3.08,2.22,3.39,3.63,E0 (10).csv,2.2,3.35,3.3,2.4,3.3,3.1,2.38,3.5,3.13,2.45,2.37,3.56,3.41,3.3,3.05,1.8,1.74,2.19,2.09,,,
,Hull,Middlesbrough,2.05,3.3,4.2,2.0,3.3,4.0,2.0,3.1,4.0,2.08,3.32,4.2,2.08,3.3,4.23,E0 (10).csv,2.2,3.35,3.3,2.05,3.2,4.2,2.1,3.3,4.1,2.2,2.05,3.5,3.27,4.3,4.04,2.48,2.36,1.65,1.59,,,
,Liverpool,Bournemouth,1.36,5.25,9.5,1.36,5.25,8.25,1.36,5.0,8.0,1.4,5.31,8.45,1.44,4.85,8.4,E0 (10).csv,1.3,5.5,9.5,1.36,5.0,9.0,1.36,5.25,9.0,1.43,1.38,5.5,5.1,9.5,8.25,1.53,1.48,2.75,2.63,,,
,Southampton,Crystal Palace,1.83,3.7,4.75,1.8,3.5,4.75,1.8,3.5,4.5,1.84,3.7,4.86,1.86,3.61,4.84,E0 (10).csv,1.8,3.6,4.5,1.83,3.5,4.8,1.85,3.6,4.8,1.91,1.83,3.7,3.56,4.86,4.67,2.11,2.05,1.83,1.76,,,
,Swansea,Tottenham,5.0,4.0,1.73,5.0,3.75,1.7,4.75,3.8,1.7,5.33,3.97,1.72,5.45,4.0,1.7,E0 (10).csv,5.3,3.8,1.65,5.0,3.8,1.73,5.4,4.0,1.7,5.35,5.04,4.0,3.82,1.8,1.72,1.9,1.82,2.06,1.98,,,
,Bournemouth,Chelsea,6.5,4.0,1.6,6.25,4.1,1.55,5.75,4.0,1.57,6.35,4.26,1.59,6.85,4.5,1.53,E0 (10).csv,6.2,4.0,1.55,6.0,3.6,1.62,6.5,4.2,1.57,6.74,6.2,4.3,4.02,1.63,1.58,1.87,1.8,2.09,2.01,,,
,Man City,Hull,1.2,7.5,17.0,1.19,7.25,14.0,1.2,7.0,13.0,1.22,7.6,14.85,1.2,8.2,16.0,E0 (10).csv,1.17,7.5,15.0,1.22,6.0,13.0,1.2,7.5,17.0,1.22,1.2,7.6,7.13,18.32,14.5,1.44,1.4,3.05,2.91,,,
,Middlesbrough,Burnley,2.45,3.1,3.4,2.4,3.1,3.2,2.38,3.0,3.25,2.42,3.15,3.45,2.64,3.04,3.2,E0 (10).csv,2.5,3.3,2.85,2.4,3.0,3.2,2.45,3.13,3.4,2.5,2.42,3.3,3.12,3.45,3.24,2.53,2.42,1.61,1.55,,,
,Stoke,Liverpool,4.0,3.75,1.95,4.0,3.6,1.91,3.8,3.6,1.91,4.06,3.71,1.98,3.51,3.3,2.31,E0 (10).csv,4.3,3.5,1.85,4.0,3.4,1.95,4.1,3.7,1.95,4.4,4.0,3.8,3.61,2.02,1.94,1.93,1.85,2.04,1.97,,,
,Tottenham,Watford,1.25,6.5,15.0,1.25,6.0,11.5,1.22,6.0,13.0,1.25,6.6,14.0,1.24,7.15,13.65,E0 (10).csv,1.3,5.5,9.5,1.25,5.5,12.0,1.22,6.5,18.0,1.3,1.24,6.74,6.1,18.0,13.34,1.65,1.58,2.54,2.38,,,
,West Brom,Southampton,3.0,3.3,2.55,2.95,3.3,2.45,3.0,3.1,2.4,3.11,3.31,2.52,3.11,3.28,2.54,E0 (10).csv,2.85,3.3,2.5,2.8,3.1,2.6,2.9,3.25,2.63,3.2,3.0,3.31,3.2,2.63,2.5,2.34,2.23,1.7,1.65,,,
,West Ham,Swansea,2.1,3.6,3.7,2.05,3.6,3.5,2.05,3.3,3.6,2.09,3.49,3.92,2.21,3.4,3.65,E0 (10).csv,2.1,3.4,3.5,2.1,3.3,3.5,2.1,3.6,3.7,2.17,2.09,3.62,3.47,3.92,3.61,1.87,1.79,2.1,2.02,,,
,Everton,Leicester,1.75,3.9,5.0,1.72,3.6,5.25,1.73,3.8,4.5,1.76,3.98,4.95,1.77,3.88,5.05,E0 (10).csv,1.65,3.8,5.3,1.75,3.5,5.0,1.73,3.8,5.25,1.79,1.73,3.98,3.78,5.35,4.95,1.86,1.79,2.14,2.02,,,
,Sunderland,Man United,10.0,5.25,1.36,9.0,5.0,1.35,10.0,5.0,1.33,10.52,5.32,1.36,9.6,5.25,1.38,E0 (10).csv,7.5,4.8,1.4,10.0,4.5,1.36,8.5,5.25,1.3,11.0,9.93,5.32,5.01,1.4,1.34,1.81,1.75,2.16,2.08,,,
,Crystal Palace,Arsenal,4.5,3.9,1.83,4.6,3.8,1.75,4.0,3.8,1.8,4.37,3.96,1.85,4.61,4.16,1.78,E0 (10).csv,5.0,3.7,1.7,4.33,3.5,1.83,4.4,3.9,1.83,5.0,4.33,4.0,3.8,1.85,1.81,1.69,1.64,2.36,2.25,,,
,Crystal Palace,Leicester,1.73,3.6,4.75,1.8,3.5,4.4,1.75,3.6,4.75,1.78,3.85,5.1,2.04,3.52,4.07,E0 (10).csv,1.8,3.6,4.5,1.8,3.6,4.5,1.75,3.8,5.2,1.84,1.77,3.85,3.7,5.2,4.76,2.05,1.96,1.92,1.85,,,
,Everton,Burnley,1.4,4.5,8.0,1.45,4.25,6.75,1.4,4.33,8.0,1.43,4.82,8.67,1.52,4.25,7.9,E0 (10).csv,1.45,4.5,7.0,1.44,4.33,7.5,1.45,4.6,8.5,1.48,1.44,4.82,4.49,8.67,7.81,1.91,1.83,2.07,1.98,,,
,Southampton,Man City,4.33,4.0,1.73,4.5,3.8,1.7,4.2,3.8,1.75,4.66,4.1,1.78,4.65,4.06,1.79,E0 (10).csv,5.0,3.7,1.7,4.4,3.8,1.75,4.5,4.0,1.8,5.0,4.45,4.1,3.91,1.82,1.77,1.69,1.64,2.38,2.25,,,
,Stoke,Hull,1.95,3.3,4.0,1.91,3.4,4.0,1.91,3.3,4.0,1.98,3.54,4.3,2.03,3.56,4.06,E0 (10).csv,1.85,3.5,4.3,2.0,3.4,3.8,2.0,3.4,4.33,2.04,1.97,3.54,3.4,4.35,4.1,2.16,2.08,1.83,1.75,,,
,Sunderland,West Ham,3.3,3.25,2.2,3.2,3.4,2.15,3.1,3.4,2.25,3.24,3.54,2.33,2.72,3.51,2.72,E0 (10).csv,3.05,3.4,2.3,3.1,3.4,2.25,3.3,3.5,2.3,3.36,3.17,3.54,3.4,2.36,2.29,1.86,1.8,2.07,2.01,,,
,Tottenham,Bournemouth,1.25,6.0,10.0,1.25,5.75,10.5,1.25,6.0,11.0,1.27,6.67,12.45,1.25,7.0,12.8,E0 (10).csv,1.25,6.0,11.0,1.25,6.0,11.0,1.25,6.5,11.5,1.3,1.26,6.67,6.14,12.45,10.98,1.48,1.42,3.0,2.8,,,
,Watford,Swansea,2.4,3.3,2.9,2.35,3.2,3.0,2.4,3.2,2.9,2.57,3.3,3.05,2.69,3.28,2.91,E0 (10).csv,2.4,3.4,2.9,2.4,3.2,3.0,2.5,3.3,3.1,2.58,2.48,3.4,3.23,3.12,2.98,2.18,2.07,1.81,1.75,,,
,Man United,Chelsea,2.55,3.2,2.8,2.6,3.1,2.75,2.5,3.0,2.9,2.67,3.2,3.0,2.85,3.17,2.82,E0 (10).csv,2.65,3.3,2.65,2.5,3.2,2.88,2.6,3.2,3.0,2.82,2.63,3.3,3.15,3.0,2.87,2.3,2.24,1.73,1.65,,,
,West Brom,Liverpool,4.0,3.8,1.8,4.25,3.6,1.8,4.0,3.6,1.85,4.34,3.7,1.93,4.58,3.71,1.88,E0 (10).csv,4.5,3.6,1.8,4.2,3.75,1.8,4.5,3.7,1.87,4.5,4.29,3.8,3.6,1.93,1.87,1.99,1.92,1.98,1.89,,,
,Middlesbrough,Arsenal,7.0,4.0,1.5,6.25,3.9,1.53,6.0,4.2,1.53,6.72,4.39,1.55,6.58,4.95,1.5,E0 (10).csv,6.2,4.0,1.55,6.5,4.2,1.5,6.5,4.33,1.55,7.0,6.33,4.5,4.25,1.57,1.53,1.8,1.71,2.25,2.12,,,
,Bournemouth,Middlesbrough,1.85,3.75,4.5,1.87,3.6,4.25,1.85,3.6,4.0,1.93,3.79,4.24,1.9,3.76,4.37,E0 (10).csv,1.85,3.6,4.2,1.83,3.4,4.5,1.87,3.75,4.5,1.93,1.86,3.8,3.66,4.5,4.28,1.94,1.86,2.01,1.94,,,
,Hull,Watford,1.91,3.7,4.33,1.87,3.5,4.4,1.85,3.5,4.0,1.92,3.7,4.37,1.89,3.74,4.45,E0 (10).csv,1.85,3.6,4.2,1.95,3.1,4.33,1.91,3.6,4.5,1.95,1.9,3.75,3.55,4.5,4.23,2.07,1.99,1.91,1.83,,,
,Swansea,Stoke,2.2,3.4,3.6,2.2,3.25,3.5,2.1,3.3,3.5,2.15,3.53,3.68,2.35,3.54,3.2,E0 (10).csv,2.1,3.4,3.5,2.25,3.1,3.5,2.2,3.4,3.6,2.26,2.18,3.53,3.34,3.68,3.5,2.15,2.06,1.81,1.75,,,
,West Ham,Everton,3.3,3.6,2.25,3.3,3.4,2.2,3.1,3.5,2.2,3.27,3.68,2.26,3.69,3.6,2.12,E0 (10).csv,3.5,3.4,2.1,3.4,3.1,2.25,3.25,3.6,2.3,3.5,3.23,3.68,3.51,2.31,2.22,1.75,1.69,2.26,2.15,,,
,Burnley,Man United,5.75,4.0,1.67,5.25,3.9,1.65,5.5,3.6,1.65,5.95,3.93,1.68,5.64,3.51,1.79,E0 (10).csv,5.5,4.0,1.6,6.0,3.2,1.7,6.25,3.75,1.65,6.25,5.66,4.0,3.76,1.71,1.66,2.25,2.15,1.76,1.7,,,
,Liverpool,Crystal Palace,1.5,4.75,7.0,1.48,4.33,7.0,1.48,4.5,6.5,1.5,4.91,6.63,1.5,4.5,7.6,E0 (10).csv,1.45,4.4,7.2,1.5,4.0,7.0,1.45,4.75,7.5,1.51,1.49,4.91,4.55,7.5,6.69,1.72,1.64,2.38,2.26,,,
,Chelsea,Southampton,1.45,4.6,8.5,1.42,4.5,8.0,1.4,4.33,7.5,1.44,4.72,8.66,1.46,4.8,7.88,E0 (10).csv,1.45,4.4,7.2,1.44,4.33,8.0,1.45,4.6,8.0,1.5,1.44,4.75,4.56,9.0,8.02,1.85,1.78,2.15,2.04,,,
,Arsenal,Leicester,1.6,4.5,5.75,1.57,4.33,5.5,1.55,4.33,5.25,1.61,4.54,5.6,1.46,5.1,7.15,E0 (10).csv,1.6,4.2,5.2,1.57,4.2,5.5,1.6,4.5,5.5,1.64,1.6,4.55,4.35,6.0,5.38,1.51,1.45,2.8,2.71,,,
,Crystal Palace,Tottenham,5.5,4.2,1.65,5.25,4.1,1.62,5.0,4.0,1.62,5.68,4.22,1.65,5.85,4.55,1.59,E0 (10).csv,4.7,3.9,1.7,5.5,3.6,1.67,5.5,4.2,1.65,5.8,5.41,4.25,4.07,1.7,1.64,1.67,1.62,2.4,2.28,,,
,Middlesbrough,Sunderland,2.3,3.4,3.4,2.2,3.3,3.4,2.15,3.3,3.3,2.23,3.44,3.58,2.21,3.45,3.6,E0 (10).csv,2.1,3.4,3.5,2.25,3.3,3.2,2.3,3.4,3.4,2.3,2.22,3.45,3.37,3.58,3.4,2.13,2.04,1.85,1.78,,,
,Man City,Man United,1.91,3.75,4.2,1.87,3.75,4.0,1.85,3.5,4.2,1.89,3.77,4.42,1.91,3.46,4.82,E0 (10).csv,1.9,3.5,4.1,1.85,3.75,4.0,1.93,3.6,4.3,1.94,1.88,3.8,3.67,4.5,4.24,1.88,1.8,2.08,2.01,,,
,Crystal Palace,Burnley,1.75,3.5,4.75,1.75,3.5,4.75,1.83,3.6,4.6,1.8,3.63,5.02,1.86,3.44,5.18,E0 (10).csv,1.8,3.6,4.5,1.83,3.5,4.4,1.8,3.6,5.0,1.85,1.8,3.75,3.56,5.1,4.81,2.19,2.09,1.79,1.74,,,
,Southampton,Hull,1.6,3.75,5.75,1.62,3.9,5.0,1.66,3.75,5.5,1.64,4.06,5.77,1.57,4.34,6.5,E0 (10).csv,1.7,3.9,4.6,1.67,3.8,5.0,1.67,4.0,5.75,1.72,1.66,4.06,3.91,5.77,5.38,1.85,1.79,2.1,2.02,,,
,Stoke,West Ham,2.0,3.5,3.6,2.15,3.3,3.3,2.15,3.3,3.4,2.08,3.45,3.85,2.06,3.38,4.18,E0 (10).csv,2.1,3.3,3.6,2.15,3.4,3.3,2.1,3.5,3.8,2.16,2.09,3.5,3.42,4.0,3.61,1.91,1.87,2.01,1.94,,,
,Sunderland,Bournemouth,3.0,3.4,2.3,2.8,3.5,2.35,3.0,3.5,2.4,3.02,3.6,2.37,3.33,3.68,2.23,E0 (10).csv,3.05,3.4,2.3,2.9,3.4,2.38,3.0,3.6,2.45,3.05,2.95,3.6,3.48,2.5,2.39,1.76,1.72,2.18,2.11,,,
,West Brom,Leicester,2.4,3.5,2.75,2.4,3.3,2.85,2.4,3.5,2.75,2.54,3.38,2.94,2.82,3.31,2.75,E0 (10).csv,2.6,3.3,2.7,2.5,3.3,2.8,2.6,3.4,2.9,2.6,2.5,3.5,3.35,2.98,2.86,2.07,2.0,1.86,1.8,,,
,Everton,Chelsea,3.5,3.6,2.0,3.75,3.3,2.0,3.4,3.6,2.05,3.77,3.67,2.03,4.61,3.75,1.86,E0 (10).csv,3.8,3.4,2.0,3.5,3.5,2.05,3.9,3.7,2.0,3.9,3.68,3.7,3.53,2.1,2.03,1.88,1.83,2.09,1.98,,,
,Man United,Swansea,1.36,4.75,8.0,1.33,4.75,9.0,1.3,4.6,9.0,1.37,5.04,10.06,1.42,4.79,9.45,E0 (10).csv,1.3,5.5,9.5,1.36,4.75,8.5,1.36,5.0,10.0,1.43,1.37,5.5,4.85,10.06,8.93,1.86,1.78,2.13,2.03,,,
,Middlesbrough,Man City,13.0,5.25,1.25,10.0,5.0,1.3,9.0,5.5,1.28,11.39,5.93,1.29,11.84,6.32,1.28,E0 (10).csv,9.5,5.5,1.3,9.0,5.0,1.33,13.0,5.75,1.29,13.0,10.68,6.0,5.57,1.33,1.29,1.53,1.5,2.65,2.55,,,
,Tottenham,Arsenal,1.85,3.75,4.0,1.9,3.6,3.8,1.9,3.75,3.9,1.86,3.94,4.15,1.82,4.15,4.37,E0 (10).csv,1.9,3.65,3.9,1.85,4.0,3.75,1.91,3.9,4.0,1.95,1.88,4.0,3.81,4.16,3.93,1.57,1.54,2.54,2.44,,,
,Watford,Liverpool,5.75,4.5,1.5,6.0,4.0,1.53,5.5,4.2,1.53,6.61,4.4,1.53,5.96,4.16,1.63,E0 (10).csv,6.0,4.5,1.5,6.0,4.0,1.55,6.25,4.4,1.55,6.62,6.09,4.5,4.24,1.62,1.55,1.74,1.67,2.3,2.17,,,
,West Ham,Tottenham,8.5,5.25,1.4,8.0,5.25,1.36,8.5,4.8,1.4,9.4,5.35,1.37,8.4,5.24,1.41,E0 (10).csv,7.5,4.8,1.4,8.0,5.0,1.4,9.0,5.25,1.36,9.4,8.54,5.5,5.11,1.42,1.37,1.67,1.61,2.45,2.33,,,
,Bournemouth,Stoke,2.25,3.6,3.3,2.2,3.4,3.3,2.2,3.6,3.3,2.24,3.5,3.47,2.36,3.47,3.24,E0 (10).csv,2.1,3.4,3.5,2.25,3.2,3.3,2.25,3.6,3.3,2.25,2.2,3.6,3.47,3.5,3.32,1.79,1.73,2.2,2.11,,,
,Burnley,West Brom,2.25,3.3,3.6,2.25,3.25,3.4,2.2,3.25,3.5,2.31,3.2,3.64,2.59,3.03,3.29,E0 (10).csv,1.9,3.5,4.1,2.25,3.2,3.3,2.3,3.2,3.6,2.31,2.24,3.5,3.19,4.1,3.52,2.56,2.44,1.6,1.55,,,
,Hull,Sunderland,1.44,4.75,8.0,1.44,4.6,7.5,1.4,4.33,7.5,1.49,4.7,7.29,1.56,4.57,6.28,E0 (10).csv,1.45,4.5,7.0,1.44,4.33,7.5,1.45,4.75,8.0,1.51,1.45,4.75,4.53,8.0,7.32,1.85,1.77,2.15,2.05,,,
,Leicester,Watford,1.57,4.2,6.5,1.57,4.1,6.0,1.53,3.9,7.0,1.61,4.16,6.38,1.67,3.92,6.05,E0 (10).csv,1.6,3.8,6.0,1.57,3.75,6.5,1.57,4.2,6.5,1.61,1.58,4.25,4.02,7.0,6.25,1.88,1.81,2.05,2.0,,,
,Man City,Crystal Palace,1.29,6.5,11.0,1.28,6.25,9.5,1.28,5.75,11.0,1.3,6.6,10.25,1.26,7.0,11.5,E0 (10).csv,1.25,6.0,11.0,1.25,6.0,11.0,1.29,6.5,11.5,1.3,1.27,6.8,6.22,12.0,10.52,1.4,1.35,3.35,3.15,,,
,Swansea,Everton,2.8,3.5,2.63,2.75,3.4,2.55,2.6,3.5,2.5,2.81,3.48,2.65,2.52,3.47,2.98,E0 (10).csv,2.6,3.5,2.6,2.75,3.4,2.62,2.8,3.5,2.63,2.82,2.76,3.5,3.38,2.7,2.6,1.93,1.86,2.03,1.95,,,
,Arsenal,Man United,1.91,3.7,4.33,1.85,3.7,4.25,1.85,3.6,4.33,1.94,3.72,4.22,2.12,3.58,3.72,E0 (10).csv,2.1,3.4,3.5,1.91,3.6,4.2,1.91,3.7,4.3,2.1,1.92,3.75,3.61,4.33,4.11,1.92,1.85,2.01,1.95,,,
,Liverpool,Southampton,1.62,4.2,6.0,1.6,4.1,5.5,1.57,3.9,6.0,1.61,4.21,6.12,1.61,4.15,6.3,E0 (10).csv,1.5,4.2,6.5,1.62,4.0,6.0,1.6,4.33,6.0,1.62,1.59,4.33,4.13,6.5,5.79,1.73,1.66,2.31,2.21,,,
,Chelsea,Middlesbrough,1.17,9.0,19.0,1.17,7.5,17.0,1.15,7.5,15.0,1.18,8.29,18.22,1.14,10.0,22.0,E0 (10).csv,1.15,7.5,18.0,1.14,8.5,19.0,1.15,8.5,22.0,1.19,1.16,9.17,7.94,23.0,18.77,1.53,1.49,2.72,2.59,,,
,Southampton,Arsenal,3.6,3.8,2.05,3.5,3.75,2.0,3.4,3.5,2.0,3.69,3.75,2.07,3.3,3.77,2.21,E0 (10).csv,3.7,3.5,2.0,3.6,3.6,2.0,3.6,3.8,2.05,3.75,3.58,3.8,3.64,2.1,2.04,1.73,1.68,2.25,2.17,,,
,Everton,Watford,1.5,4.5,7.5,1.45,4.5,7.25,1.4,4.5,7.5,1.45,4.79,8.05,1.43,5.03,8.3,E0 (10).csv,1.5,4.2,6.5,1.44,4.33,7.0,1.45,4.8,7.5,1.5,1.45,4.8,4.57,8.05,7.39,1.8,1.72,2.2,2.12,,,
,West Brom,Chelsea,10.0,5.25,1.36,8.5,5.0,1.36,9.0,5.2,1.36,9.65,5.15,1.38,9.76,5.18,1.38,E0 (10).csv,9.5,5.5,1.3,10.0,4.4,1.36,10.0,5.0,1.36,10.0,9.46,5.5,4.94,1.41,1.36,1.92,1.83,2.05,1.99,,,
,Bournemouth,Burnley,1.91,3.75,4.2,1.91,3.6,4.0,1.85,3.5,3.9,1.93,3.76,4.28,1.84,3.93,4.49,E0 (10).csv,2.0,3.4,3.8,1.95,3.4,4.0,1.93,3.75,4.2,2.0,1.92,3.76,3.63,4.28,4.04,1.83,1.76,2.2,2.06,,,
,Man City,Leicester,1.25,7.0,12.0,1.25,6.25,11.5,1.28,5.75,13.0,1.25,7.0,13.0,1.23,7.95,12.5,E0 (10).csv,1.25,6.0,11.0,1.25,5.5,12.0,1.22,7.0,12.0,1.28,1.23,7.5,6.56,15.0,12.42,1.38,1.35,3.4,3.17,,,
,Middlesbrough,Southampton,4.0,3.6,2.0,3.8,3.5,2.0,3.8,3.3,2.0,3.91,3.68,2.03,3.92,3.42,2.12,E0 (10).csv,4.1,3.5,1.9,3.6,3.4,2.05,4.0,3.5,2.05,4.1,3.84,3.68,3.52,2.07,2.0,2.04,1.96,1.93,1.85,,,
,Stoke,Arsenal,4.75,4.1,1.75,4.75,4.0,1.7,4.2,3.9,1.7,4.61,4.16,1.78,5.29,4.23,1.68,E0 (10).csv,4.6,4.0,1.7,4.5,3.8,1.73,4.6,4.1,1.75,4.8,4.56,4.18,4.0,1.79,1.74,1.65,1.6,2.45,2.33,,,
,Sunderland,Swansea,4.2,3.8,1.91,4.1,3.7,1.87,3.9,3.75,1.86,4.18,3.84,1.94,3.33,3.55,2.28,E0 (10).csv,4.2,3.6,1.85,4.0,3.5,1.91,4.0,3.8,1.95,4.25,4.04,3.85,3.68,1.97,1.91,1.92,1.85,2.02,1.96,,,
,Crystal Palace,Hull,2.1,3.6,3.75,2.05,3.4,3.75,1.9,3.5,3.7,2.11,3.63,3.69,1.97,3.56,4.31,E0 (10).csv,2.0,3.4,3.8,2.05,3.4,3.75,2.05,3.6,3.8,2.11,2.06,3.64,3.5,3.8,3.68,2.02,1.95,1.94,1.86,,,
,Tottenham,Man United,1.73,3.9,5.25,1.67,4.0,5.0,1.66,3.9,5.2,1.71,4.04,5.35,1.65,4.06,6.0,E0 (10).csv,1.85,3.6,4.2,1.67,3.8,5.0,1.73,3.75,5.4,1.85,1.7,4.04,3.85,5.5,5.14,2.0,1.93,1.98,1.87,,,
,West Ham,Liverpool,5.25,4.0,1.7,5.5,3.75,1.65,4.8,3.9,1.7,5.62,4.2,1.65,5.92,4.1,1.65,E0 (10).csv,4.7,3.9,1.7,5.0,3.9,1.7,5.5,4.0,1.67,5.62,5.26,4.2,3.94,1.73,1.67,1.86,1.81,2.1,2.0,,,
,Chelsea,Watford,1.25,6.75,13.0,1.25,6.5,10.0,1.25,6.5,13.0,1.25,6.85,13.5,1.29,6.56,10.5,E0 (10).csv,1.33,5.5,8.0,1.25,6.0,11.0,1.22,6.5,13.0,1.33,1.24,7.15,6.54,14.5,12.61,1.5,1.46,2.86,2.69,,,
,Arsenal,Sunderland,1.09,13.0,29.0,1.09,11.0,23.0,1.1,9.5,29.0,1.1,13.62,28.49,1.12,12.0,23.5,E0 (10).csv,1.12,9.0,20.0,1.1,9.0,26.0,1.11,11.5,26.0,1.12,1.09,13.62,11.35,32.75,26.47,1.3,1.25,4.32,3.87,,,
,Man City,West Brom,1.14,9.0,23.0,1.12,9.5,19.0,1.15,7.5,26.0,1.14,10.39,23.1,1.16,9.25,19.35,E0 (10).csv,1.15,7.5,18.0,1.14,7.5,21.0,1.13,9.5,22.0,1.15,1.13,10.39,9.1,29.0,22.37,1.4,1.32,3.61,3.37,,,
,Southampton,Man United,2.75,3.3,2.8,2.65,3.3,2.7,2.55,3.3,2.75,2.76,3.33,2.8,2.37,3.32,3.26,E0 (10).csv,2.4,3.3,2.95,2.62,3.2,2.75,2.75,3.3,2.8,2.76,2.67,3.5,3.27,2.95,2.75,2.15,2.06,1.83,1.76,,,
,Leicester,Tottenham,4.5,3.8,1.85,4.25,3.6,1.85,4.33,3.8,1.8,4.44,3.78,1.88,4.18,3.95,1.89,E0 (10).csv,3.6,3.6,2.0,4.5,3.5,1.8,4.33,3.8,1.87,4.5,4.29,3.8,3.69,2.0,1.85,1.79,1.73,2.2,2.11,,,
,Arsenal,Everton,1.45,5.0,7.5,1.42,4.6,7.5,1.36,4.8,7.0,1.42,5.29,7.75,1.38,6.05,7.57,E0 (10).csv,1.45,4.5,7.0,1.4,5.0,7.0,1.36,5.2,8.0,1.45,1.42,5.29,4.96,8.0,7.29,1.5,1.45,2.8,2.71,,,
,Burnley,West Ham,2.45,3.5,3.0,2.4,3.5,2.85,2.4,3.4,2.9,2.38,3.4,3.26,2.31,3.58,3.24,E0 (10).csv,2.4,3.3,2.95,2.38,3.4,2.9,2.38,3.5,3.13,2.45,2.38,3.5,3.4,3.26,3.02,1.88,1.81,2.11,2.0,,,
,Chelsea,Sunderland,1.14,9.0,23.0,1.15,8.25,16.5,1.13,7.5,17.0,1.16,9.01,21.02,1.12,11.5,25.5,E0 (10).csv,1.2,6.5,15.0,1.15,7.5,17.0,1.13,9.0,26.0,1.2,1.15,9.55,8.17,26.0,19.89,1.46,1.41,3.0,2.83,,,
,Hull,Tottenham,7.0,4.75,1.5,6.75,4.33,1.5,6.5,4.2,1.53,6.36,4.61,1.55,9.74,6.48,1.31,E0 (10).csv,5.2,4.2,1.6,6.0,4.2,1.53,6.5,4.6,1.53,7.0,6.09,4.75,4.4,1.6,1.53,1.64,1.6,2.43,2.32,,,
,Leicester,Bournemouth,2.0,3.6,4.0,1.91,3.7,3.9,1.95,3.75,3.75,1.91,3.75,4.35,1.69,4.5,4.81,E0 (10).csv,1.9,3.6,3.9,1.95,3.75,3.6,1.93,3.75,4.1,2.0,1.92,3.85,3.67,4.35,3.95,1.7,1.64,2.3,2.23,,,
,Liverpool,Middlesbrough,1.14,9.0,23.0,1.11,9.25,26.0,1.11,8.5,23.0,1.14,9.31,27.82,1.15,10.5,19.09,E0 (10).csv,1.15,7.5,18.0,1.1,9.0,26.0,1.11,9.0,31.0,1.15,1.12,9.5,8.61,31.75,26.64,1.5,1.44,3.0,2.73,,,
,Man United,Crystal Palace,2.5,3.3,3.1,2.45,3.4,2.9,2.6,3.25,2.7,2.44,3.4,3.14,2.35,3.38,3.35,E0 (10).csv,2.4,3.3,2.95,2.5,3.3,2.8,2.5,3.4,3.0,2.6,2.48,3.5,3.31,3.19,2.94,2.11,1.99,1.9,1.81,,,
,Southampton,Stoke,1.8,3.8,4.75,1.75,3.8,4.75,1.73,3.7,4.4,1.8,3.95,4.73,1.64,4.37,5.53,E0 (10).csv,1.7,3.7,5.0,1.75,3.75,4.5,1.8,3.8,4.5,1.8,1.77,3.95,3.79,5.0,4.6,1.9,1.8,2.15,2.01,,,
,Swansea,West Brom,2.1,3.5,3.75,2.05,3.5,3.6,2.0,3.3,3.8,2.1,3.68,3.67,2.29,3.45,3.4,E0 (10).csv,2.0,3.4,3.8,2.05,3.5,3.5,2.05,3.6,3.75,2.1,2.06,3.68,3.51,3.8,3.63,1.9,1.83,2.07,1.98,,,
,Watford,Man City,11.0,6.0,1.3,9.75,6.0,1.28,12.0,5.5,1.22,11.51,6.21,1.29,18.0,9.7,1.16,E0 (10).csv,11.0,5.0,1.3,10.0,5.5,1.29,13.0,6.0,1.25,13.0,10.78,6.25,5.9,1.31,1.28,1.48,1.42,3.0,2.8,,,
,Arsenal,Crystal Palace,1.25,6.5,15.0,1.25,5.5,12.0,1.25,6.0,13.0,1.26,6.45,14.01,1.29,5.9,12.75,E0 (12).csv,1.3,5.0,9.0,1.25,5.5,12.0,1.25,6.25,10.5,1.3,1.25,6.7,5.96,16.0,12.43,1.77,1.72,2.26,2.1,1.25,5.75,12.0
,Leicester,Everton,3.2,3.4,2.4,2.9,3.2,2.4,3.25,3.4,2.25,3.14,3.38,2.46,3.11,3.4,2.47,E0 (12).csv,2.9,3.3,2.3,3.1,3.1,2.4,3.2,3.4,2.4,3.3,3.06,3.45,3.32,2.42,2.36,2.1,2.0,1.9,1.8,3.0,3.3,2.38
,Man United,Swansea,1.36,5.0,11.0,1.4,4.75,9.0,1.36,5.0,10.0,1.37,5.1,10.6,1.45,4.81,8.25,E0 (12).csv,1.33,5.0,8.0,1.36,4.5,9.0,1.36,5.2,10.0,1.38,1.34,5.5,4.96,11.03,9.32,1.77,1.71,2.3,2.13,1.36,5.0,8.0
,QPR,Hull,2.5,3.3,3.1,2.5,3.1,2.85,2.4,3.25,3.1,2.48,3.26,3.22,2.31,3.24,3.59,E0 (12).csv,2.3,3.3,2.9,2.6,3.0,2.9,2.55,3.2,3.12,2.6,2.47,3.4,3.18,3.2,3.02,2.52,2.36,1.65,1.58,2.5,3.25,2.88
,Stoke,Aston Villa,1.95,3.5,4.5,1.95,3.3,3.9,1.95,3.4,4.2,1.95,3.47,4.55,2.01,3.34,4.51,E0 (12).csv,2.0,3.3,3.6,1.95,3.2,4.2,1.95,3.3,4.75,2.0,1.92,3.5,3.38,4.8,4.27,2.42,2.31,1.67,1.6,1.95,3.4,4.0
,West Brom,Sunderland,2.25,3.4,3.5,2.3,3.25,3.1,2.3,3.3,3.3,2.21,3.34,3.73,2.09,3.42,4.03,E0 (12).csv,2.2,3.3,3.1,2.3,3.1,3.3,2.25,3.3,3.6,2.3,2.23,3.5,3.31,3.7,3.34,2.29,2.14,1.76,1.7,2.2,3.4,3.3
,West Ham,Tottenham,3.8,3.6,2.05,3.5,3.4,2.05,3.6,3.4,2.1,3.96,3.55,2.06,3.92,3.67,2.03,E0 (12).csv,3.1,3.3,2.2,3.75,3.3,2.05,4.0,3.5,2.05,4.05,3.74,3.62,3.43,2.2,2.03,2.08,1.98,1.92,1.82,3.6,3.4,2.05
,Liverpool,Southampton,1.33,5.75,10.0,1.36,4.5,8.75,1.36,5.0,9.0,1.35,5.48,10.3,1.43,4.83,8.75,E0 (12).csv,1.35,4.8,7.6,1.36,4.5,9.0,1.36,5.25,10.0,1.38,1.34,5.8,5.16,11.0,9.0,1.66,1.6,2.54,2.3,1.36,5.0,8.5
,Newcastle,Man City,5.25,4.33,1.67,4.75,3.8,1.67,5.0,4.2,1.66,5.8,4.28,1.63,5.55,4.38,1.63,E0 (12).csv,4.9,3.7,1.65,5.0,3.75,1.67,5.5,4.1,1.67,5.97,5.24,4.33,4.0,1.67,1.64,1.73,1.66,2.36,2.19,5.25,4.0,1.62
,Burnley,Chelsea,9.0,5.0,1.4,7.5,4.6,1.4,9.0,4.8,1.4,9.77,4.81,1.41,9.25,5.01,1.4,E0 (12).csv,6.8,4.6,1.4,9.0,4.2,1.4,10.0,4.8,1.4,11.0,8.72,5.1,4.63,1.42,1.39,1.95,1.85,2.05,1.94,8.0,4.5,1.4
,Aston Villa,Newcastle,2.5,3.4,3.0,2.6,3.25,2.9,2.5,3.3,2.87,2.56,3.36,3.01,2.67,3.33,2.89,E0 (12).csv,2.3,3.3,2.9,2.45,3.25,2.9,2.5,3.3,3.1,2.65,2.5,3.45,3.27,3.11,2.92,2.2,2.1,1.8,1.72,2.5,3.25,2.88
,Chelsea,Leicester,1.2,7.5,17.0,1.25,6.25,12.5,1.22,6.0,13.0,1.21,7.28,17.7,1.2,7.56,18.26,E0 (12).csv,1.22,5.5,12.0,1.22,5.5,15.0,1.22,7.0,17.0,1.24,1.2,7.8,6.79,18.48,14.59,1.57,1.52,2.64,2.46,1.2,6.5,13.0
,Crystal Palace,West Ham,2.5,3.3,3.1,2.5,3.0,2.95,2.5,3.1,3.0,2.44,3.25,3.3,2.62,3.42,2.94,E0 (12).csv,2.3,3.3,2.9,2.5,3.2,2.8,2.5,3.2,3.2,2.52,2.44,3.31,3.18,3.35,3.07,2.62,2.45,1.61,1.54,2.38,3.2,3.0
,Everton,Arsenal,2.8,3.4,2.7,2.75,3.25,2.7,2.75,3.25,2.7,2.72,3.45,2.76,2.66,3.48,2.82,E0 (12).csv,2.75,3.3,2.4,2.7,3.1,2.7,2.7,3.4,2.8,2.82,2.71,3.5,3.3,2.78,2.65,1.94,1.83,2.08,1.97,2.63,3.25,2.63
,Southampton,West Brom,1.85,3.7,4.75,1.87,3.75,4.2,1.85,3.5,4.33,1.86,3.76,4.62,1.68,4.07,5.63,E0 (12).csv,1.95,3.35,3.7,1.91,3.2,4.5,1.87,3.7,4.5,1.95,1.86,3.8,3.52,4.8,4.43,1.99,1.89,2.02,1.91,1.83,3.4,4.5
,Swansea,Burnley,1.65,4.0,6.0,1.7,3.6,5.75,1.66,3.75,5.0,1.64,4.13,5.98,1.68,3.89,5.99,E0 (12).csv,1.7,3.6,4.7,1.67,3.4,6.0,1.65,4.0,6.0,1.7,1.64,4.11,3.83,6.25,5.65,1.91,1.84,2.08,1.96,1.62,3.75,5.5
,Hull,Stoke,2.5,3.25,3.2,2.55,3.2,2.95,2.4,3.2,3.2,2.48,3.18,3.31,2.46,3.24,3.28,E0 (12).csv,2.3,3.3,2.9,2.5,3.2,2.8,2.5,3.1,3.3,2.6,2.44,3.3,3.16,3.31,3.1,2.7,2.51,1.56,1.5,2.38,3.2,3.0
,Sunderland,Man United,5.0,4.0,1.75,4.4,3.75,1.83,4.5,3.6,1.8,4.95,3.93,1.79,5.54,4.35,1.64,E0 (12).csv,4.9,3.7,1.65,4.5,3.5,1.8,5.0,3.9,1.75,5.25,4.8,4.0,3.68,1.81,1.76,1.95,1.86,2.04,1.94,4.8,3.6,1.73
,Tottenham,QPR,1.45,4.75,8.0,1.48,4.25,7.75,1.44,4.33,7.5,1.49,4.64,7.5,1.61,4.2,6.18,E0 (12).csv,1.45,4.0,7.0,1.5,4.0,7.0,1.5,4.4,7.5,1.51,1.46,4.77,4.37,8.2,7.21,1.83,1.76,2.18,2.03,1.5,4.33,6.5
,Man City,Liverpool,1.85,4.0,4.33,1.87,3.9,4.0,1.85,3.75,4.2,1.83,4.05,4.43,1.85,4.01,4.35,E0 (12).csv,1.85,3.45,4.0,1.85,3.4,4.33,1.85,4.0,4.3,1.88,1.83,4.1,3.72,4.5,4.26,1.7,1.61,2.52,2.29,1.83,3.5,4.33
,Burnley,Man United,6.0,4.2,1.62,5.75,4.0,1.62,5.5,4.0,1.61,6.11,4.18,1.62,6.84,4.23,1.57,E0 (12).csv,5.6,3.9,1.55,6.5,3.4,1.62,6.25,4.0,1.62,6.54,5.97,4.27,3.89,1.67,1.6,2.0,1.91,1.95,1.89,5.75,3.8,1.62
,Everton,Chelsea,3.75,3.3,2.2,3.5,3.3,2.2,3.5,3.4,2.2,3.79,3.33,2.19,4.36,3.49,1.98,E0 (12).csv,3.6,3.3,2.0,3.6,2.88,2.25,3.7,3.4,2.15,3.84,3.56,3.5,3.31,2.22,2.15,2.19,2.07,1.81,1.75,3.5,3.4,2.1
,Man City,Stoke,1.18,8.0,18.0,1.18,6.5,14.5,1.18,7.5,17.0,1.2,7.8,17.95,1.23,7.14,14.99,E0 (12).csv,1.2,5.8,13.0,1.2,5.5,21.0,1.2,7.0,20.0,1.21,1.19,8.0,7.04,21.0,15.58,1.6,1.54,2.58,2.44,1.2,7.0,12.0
,Newcastle,Crystal Palace,1.75,3.75,5.25,1.75,3.5,4.75,1.75,3.6,5.0,1.74,3.78,5.58,1.68,3.91,5.91,E0 (12).csv,1.75,3.5,4.5,1.75,3.2,5.5,1.75,3.6,5.75,1.77,1.72,3.8,3.6,5.8,5.22,2.28,2.18,1.74,1.67,1.73,3.6,5.25
,QPR,Sunderland,2.4,3.25,3.3,2.45,3.2,2.85,2.5,3.25,3.0,2.43,3.23,3.35,2.56,3.28,3.05,E0 (12).csv,2.5,3.3,2.65,2.5,2.9,3.1,2.45,3.12,3.4,2.51,2.41,3.3,3.17,3.4,3.13,2.53,2.37,1.67,1.57,2.38,3.2,3.13
,Swansea,West Brom,1.85,3.6,4.75,1.85,3.4,4.2,1.85,3.6,4.5,1.88,3.66,4.67,2.02,3.5,4.16,E0 (12).csv,1.8,3.5,4.2,1.91,3.1,4.5,1.91,3.6,4.5,1.91,1.85,3.7,3.51,4.9,4.47,2.05,1.95,1.92,1.83,1.83,3.5,4.5
,West Ham,Southampton,2.8,3.4,2.7,2.6,3.2,2.7,2.75,3.25,2.75,2.8,3.43,2.69,3.35,3.31,2.36,E0 (12).csv,2.5,3.3,2.65,2.9,2.8,2.75,2.8,3.3,2.75,2.9,2.73,3.5,3.26,2.76,2.65,2.14,2.04,1.87,1.77,2.75,3.25,2.6
,Aston Villa,Hull,2.3,3.3,3.5,2.35,3.1,3.1,2.25,3.2,3.6,2.33,3.16,3.63,2.53,3.17,3.24,E0 (12).csv,2.1,3.3,3.3,2.38,2.88,3.4,2.3,3.1,3.7,2.38,2.25,3.3,3.15,3.75,3.47,2.89,2.61,1.53,1.48,2.2,3.2,3.5
,Leicester,Arsenal,4.75,3.75,1.83,4.33,3.4,1.83,4.5,3.75,1.83,4.54,3.8,1.87,4.37,3.67,1.93,E0 (12).csv,4.5,3.5,1.75,4.8,3.0,1.91,4.6,3.75,1.85,4.75,4.48,3.9,3.6,1.89,1.82,1.9,1.81,2.1,1.98,4.33,3.5,1.83
,Tottenham,Liverpool,2.7,3.5,2.7,2.7,3.2,2.7,2.7,3.4,2.7,2.69,3.48,2.77,2.78,3.62,2.59,E0 (12).csv,2.6,3.2,2.6,2.7,3.0,2.8,2.7,3.5,2.7,2.74,2.63,3.6,3.38,2.8,2.68,1.72,1.64,2.34,2.22,2.6,3.4,2.63
,Arsenal,Man City,3.0,3.4,2.5,2.85,3.5,2.5,2.87,3.5,2.5,3.03,3.48,2.48,2.49,3.33,3.08,E0 (12).csv,2.75,3.3,2.4,3.0,3.0,2.5,2.9,3.5,2.5,3.05,2.93,3.55,3.35,2.51,2.43,1.91,1.81,2.08,1.98,3.0,3.3,2.38
,Chelsea,Swansea,1.3,5.75,12.0,1.3,5.0,9.5,1.28,5.5,12.0,1.32,5.62,12.04,1.31,5.74,12.51,E0 (12).csv,1.3,5.0,9.0,1.3,5.0,11.0,1.3,5.5,12.0,1.33,1.3,6.0,5.41,12.5,10.78,1.82,1.73,2.18,2.09,1.3,5.5,9.5
,Crystal Palace,Burnley,2.25,3.3,3.6,2.25,3.2,3.2,2.1,3.3,3.8,2.23,3.35,3.66,2.22,3.38,3.64,E0 (12).csv,2.0,3.3,3.6,2.25,3.1,3.4,2.25,3.2,3.7,2.3,2.19,3.35,3.24,3.8,3.5,2.42,2.29,1.68,1.61,2.2,3.25,3.4
,Liverpool,Aston Villa,1.3,6.0,11.0,1.3,5.5,11.0,1.3,5.5,11.0,1.3,5.92,11.85,1.3,6.05,11.5,E0 (12).csv,1.27,5.2,10.0,1.3,5.0,11.0,1.3,6.0,11.5,1.33,1.29,6.0,5.58,12.0,10.79,1.59,1.53,2.58,2.42,1.29,5.5,9.5
,Southampton,Newcastle,1.8,3.75,5.0,1.83,3.3,4.5,1.83,3.6,4.5,1.79,3.78,5.06,1.75,3.83,5.37,E0 (12).csv,1.9,3.45,3.8,1.83,3.2,5.0,1.83,3.6,5.0,1.9,1.78,3.8,3.6,5.1,4.78,2.1,2.02,1.87,1.78,1.73,3.6,4.8
,Stoke,Leicester,2.1,3.4,4.0,2.15,3.4,3.25,2.05,3.3,4.0,2.1,3.35,4.07,2.18,3.55,3.58,E0 (12).csv,2.0,3.3,3.6,2.15,3.1,3.6,2.15,3.25,4.0,2.16,2.09,3.4,3.24,4.07,3.8,2.45,2.31,1.66,1.6,2.1,3.2,3.75
,Sunderland,Tottenham,3.6,3.5,2.15,3.4,3.2,2.15,3.6,3.5,2.1,3.71,3.5,2.15,3.6,3.59,2.14,E0 (12).csv,3.6,3.3,2.0,3.4,3.3,2.15,3.75,3.4,2.15,3.84,3.59,3.55,3.37,2.2,2.11,2.09,1.97,1.9,1.82,3.5,3.4,2.1
,West Brom,Everton,3.5,3.5,2.2,3.3,3.2,2.2,3.6,3.4,2.1,3.57,3.48,2.21,3.64,3.54,2.15,E0 (12).csv,3.2,3.2,2.2,3.4,3.2,2.2,3.6,3.5,2.15,3.74,3.45,3.5,3.37,2.21,2.15,1.96,1.88,2.0,1.91,3.4,3.4,2.1
,Man United,QPR,1.29,6.25,12.0,1.33,5.0,11.5,1.3,5.5,11.0,1.27,6.33,13.29,1.27,6.43,13.3,E0 (12).csv,1.27,5.2,10.0,1.3,5.0,11.0,1.29,5.75,13.0,1.33,1.27,6.33,5.72,13.29,11.51,1.7,1.64,2.38,2.23,1.25,5.5,11.0
,Hull,West Ham,2.15,3.4,3.75,2.25,3.3,3.4,2.15,3.3,3.6,2.15,3.33,3.91,2.18,3.36,3.72,E0 (12).csv,2.3,3.3,2.9,2.2,3.1,3.5,2.15,3.3,3.9,2.31,2.13,3.4,3.28,4.0,3.63,2.45,2.33,1.67,1.58,2.1,3.25,3.6
,Aston Villa,Arsenal,4.75,3.6,1.85,4.2,3.4,1.85,4.5,3.75,1.8,4.71,3.63,1.88,5.18,3.77,1.78,E0 (12).csv,4.0,3.45,1.85,4.5,3.4,1.83,4.6,3.7,1.87,5.0,4.6,3.8,3.53,1.88,1.82,2.08,1.98,1.95,1.81,,,
,Burnley,Sunderland,2.5,3.3,3.1,2.6,3.25,2.9,2.55,3.2,2.9,2.49,3.36,3.12,2.6,3.23,3.08,E0 (12).csv,2.6,3.1,2.7,2.5,3.2,2.8,2.55,3.2,3.12,2.61,2.5,3.36,3.2,3.2,2.96,2.32,2.25,1.71,1.63,,,
,Newcastle,Hull,2.2,3.3,3.75,2.25,3.25,3.5,2.15,3.4,3.6,2.14,3.4,3.86,2.12,3.44,3.88,E0 (12).csv,2.15,3.3,3.2,2.2,3.2,3.4,2.2,3.3,3.75,2.27,2.14,3.4,3.29,3.86,3.59,2.26,2.18,1.75,1.67,,,
,QPR,Stoke,2.8,3.25,2.8,2.8,3.1,2.8,2.7,3.2,2.8,2.77,3.15,2.91,2.77,3.15,2.91,E0 (12).csv,2.6,3.1,2.7,2.7,3.0,2.8,2.88,3.1,2.8,2.88,2.74,3.25,3.11,2.88,2.76,2.58,2.44,1.59,1.54,,,
,Swansea,Southampton,2.5,3.3,3.1,2.6,3.25,2.9,2.37,3.4,3.0,2.46,3.34,3.18,2.72,3.43,2.77,E0 (12).csv,2.4,3.3,2.75,2.5,3.25,2.8,2.5,3.3,3.1,2.61,2.45,3.4,3.29,3.18,2.97,2.11,2.02,1.88,1.79,,,
,West Ham,Liverpool,4.5,3.8,1.85,4.25,3.8,1.85,4.33,3.8,1.8,4.56,3.89,1.84,5.2,3.94,1.74,E0 (12).csv,4.3,3.6,1.75,4.5,3.3,1.85,4.4,3.9,1.85,4.7,4.38,4.0,3.78,1.86,1.8,1.68,1.62,2.46,2.26,,,
,Everton,Crystal Palace,1.4,5.0,9.0,1.42,4.1,8.25,1.44,4.5,7.0,1.39,5.09,9.52,1.53,4.42,7.09,E0 (12).csv,1.45,4.0,7.0,1.4,4.5,8.0,1.4,5.0,9.5,1.45,1.39,5.2,4.68,9.52,8.48,1.78,1.71,2.28,2.1,,,
,Leicester,Man United,5.5,4.2,1.67,4.75,3.8,1.67,5.0,4.0,1.66,5.64,4.23,1.65,5.43,3.94,1.72,E0 (12).csv,5.6,3.9,1.55,5.5,3.5,1.67,5.75,4.0,1.67,6.0,5.39,4.33,3.98,1.67,1.64,1.76,1.69,2.32,2.15,,,
,Man City,Chelsea,2.38,3.5,3.1,2.4,3.4,3.0,2.37,3.4,3.0,2.39,3.56,3.12,2.48,3.45,3.06,E0 (12).csv,2.4,3.3,2.75,2.4,3.1,3.1,2.5,3.5,3.1,2.46,2.37,3.55,3.39,3.16,2.99,1.86,1.78,2.14,2.02,,,
,Tottenham,West Brom,1.53,4.33,7.0,1.53,4.0,6.0,1.53,4.33,6.0,1.53,4.39,7.25,1.5,4.71,7.02,E0 (12).csv,1.5,4.0,6.1,1.53,3.75,7.0,1.53,4.33,7.0,1.54,1.5,4.6,4.2,7.4,6.84,1.81,1.72,2.2,2.09,,,
,Arsenal,Tottenham,1.75,3.9,5.0,1.8,3.6,4.75,1.8,3.8,4.5,1.8,3.86,4.87,1.83,3.9,4.66,E0 (12).csv,1.8,3.5,4.2,1.8,3.5,4.5,1.8,3.9,4.8,1.81,1.77,4.0,3.72,5.1,4.65,1.81,1.74,2.25,2.08,,,
,Chelsea,Aston Villa,1.22,7.0,16.0,1.25,5.5,11.0,1.22,6.5,16.0,1.22,7.05,16.5,1.22,7.16,16.94,E0 (12).csv,1.25,5.5,10.3,1.25,5.5,12.0,1.22,7.0,17.0,1.26,1.21,7.2,6.5,17.0,14.22,1.66,1.59,2.45,2.31,,,
,Crystal Palace,Leicester,2.63,3.4,2.88,2.65,3.1,2.7,2.5,3.4,2.87,2.64,3.37,2.9,2.67,3.5,2.79,E0 (12).csv,2.5,3.2,2.75,2.7,3.1,2.7,2.6,3.4,2.9,2.72,2.6,3.4,3.27,2.94,2.79,2.14,2.03,1.85,1.77,,,
,Hull,Man City,6.5,4.2,1.57,5.75,3.8,1.57,6.0,4.2,1.57,6.79,4.32,1.56,7.32,4.81,1.48,E0 (12).csv,5.5,3.8,1.57,6.5,3.6,1.57,6.5,4.2,1.57,7.0,6.34,4.33,4.03,1.61,1.55,1.91,1.81,2.08,1.98,,,
,Liverpool,Everton,1.91,3.75,4.33,1.95,3.6,4.0,1.85,3.8,4.2,1.96,3.81,4.04,1.92,3.69,4.38,E0 (12).csv,1.8,3.5,4.2,1.91,3.4,4.0,1.92,3.8,4.1,2.01,1.91,3.8,3.63,4.33,4.0,1.63,1.58,2.48,2.33,,,
,Man United,West Ham,1.4,5.5,8.0,1.4,4.6,7.25,1.36,5.2,8.0,1.39,5.44,8.41,1.32,6.48,9.24,E0 (12).csv,1.35,4.8,7.6,1.4,4.5,8.0,1.4,5.4,8.0,1.43,1.38,5.5,5.08,9.5,7.84,1.5,1.46,2.88,2.65,,,
,Southampton,QPR,1.44,4.6,8.5,1.45,4.2,7.0,1.47,4.33,7.0,1.47,4.63,8.14,1.57,4.34,6.61,E0 (12).csv,1.5,4.0,6.1,1.44,4.0,8.0,1.45,4.6,8.5,1.51,1.44,4.8,4.42,8.9,7.77,1.91,1.83,2.08,1.96,,,
,Sunderland,Swansea,2.9,3.3,2.63,2.8,3.2,2.7,2.6,3.25,2.75,2.96,3.23,2.69,2.88,3.36,2.67,E0 (12).csv,2.6,3.1,2.7,2.7,3.1,2.7,3.0,3.1,2.7,3.0,2.79,3.3,3.21,2.77,2.62,2.28,2.15,1.76,1.69,,,
,West Brom,Burnley,2.0,3.5,4.2,2.0,3.4,4.0,2.0,3.4,4.0,2.01,3.46,4.29,1.92,3.46,4.79,E0 (12).csv,1.9,3.45,3.8,2.0,3.2,4.0,2.0,3.4,4.33,2.04,1.98,3.5,3.37,4.35,4.02,2.27,2.14,1.76,1.7,,,
,Stoke,Newcastle,2.15,3.4,3.8,2.15,3.3,3.7,2.15,3.3,3.6,2.13,3.42,3.86,2.17,3.37,3.8,E0 (12).csv,2.1,3.2,3.4,2.15,3.2,3.5,2.15,3.3,3.9,2.16,2.1,3.45,3.32,3.9,3.64,2.31,2.19,1.72,1.66,,,
,Aston Villa,Man City,7.5,4.5,1.5,6.75,4.2,1.53,6.5,4.33,1.5,8.05,4.57,1.48,8.7,5.0,1.42,E0 (12).csv,5.6,3.9,1.55,7.0,3.75,1.53,8.0,4.5,1.5,8.05,7.25,4.57,4.2,1.55,1.48,1.83,1.73,2.2,2.08,,,
,Hull,Crystal Palace,2.1,3.5,3.8,2.1,3.2,3.6,2.05,3.4,4.0,2.12,3.44,3.89,2.18,3.45,3.67,E0 (12).csv,2.2,3.3,3.1,2.1,3.1,3.8,2.1,3.4,3.9,2.2,2.07,3.52,3.34,4.0,3.72,2.17,2.1,1.81,1.71,,,
,Leicester,Burnley,1.8,3.75,5.0,1.8,3.4,4.5,1.8,3.6,5.0,1.79,3.72,5.16,1.72,4.05,5.2,E0 (12).csv,1.75,3.5,4.5,1.8,3.25,5.0,1.8,3.7,5.0,1.82,1.78,3.75,3.57,5.19,4.8,2.13,2.01,1.85,1.78,,,
,Liverpool,West Brom,1.44,5.0,7.5,1.44,4.33,7.0,1.45,4.75,7.0,1.46,4.78,7.95,1.48,4.69,7.7,E0 (12).csv,1.45,4.0,7.0,1.44,4.33,7.0,1.45,4.8,8.0,1.46,1.43,5.0,4.63,8.2,7.36,1.68,1.6,2.41,2.29,,,
,Sunderland,Stoke,2.55,3.25,3.1,2.6,3.0,2.85,2.45,3.2,3.1,2.55,3.23,3.14,2.67,3.25,2.96,E0 (12).csv,2.4,3.15,2.9,2.6,3.0,2.9,2.55,3.12,3.2,2.6,2.5,3.3,3.17,3.2,2.97,2.54,2.4,1.61,1.54,,,
,Swansea,Newcastle,1.91,3.7,4.33,1.91,3.4,4.0,1.9,3.5,4.33,1.92,3.65,4.44,2.02,3.61,4.0,E0 (12).csv,1.75,3.5,4.5,1.91,3.3,4.2,1.92,3.6,4.4,1.93,1.87,3.75,3.52,4.7,4.31,2.08,1.96,1.9,1.82,,,
,Chelsea,Arsenal,1.67,4.2,5.25,1.72,3.75,5.25,1.66,4.0,5.0,1.67,4.1,5.64,1.72,3.99,5.3,E0 (12).csv,1.67,3.6,5.0,1.67,3.6,5.5,1.67,4.1,5.5,1.7,1.66,4.2,3.83,6.0,5.4,1.83,1.75,2.15,2.06,,,
,Man United,Everton,1.67,4.2,5.25,1.67,4.0,5.25,1.66,4.0,5.25,1.66,4.19,5.62,1.59,4.48,5.96,E0 (12).csv,1.7,3.6,4.7,1.67,3.6,5.5,1.67,4.2,5.4,1.7,1.65,4.3,3.9,5.8,5.26,1.63,1.57,2.48,2.36,,,
,Tottenham,Southampton,2.2,3.5,3.5,2.2,3.5,3.3,2.1,3.4,3.6,2.16,3.45,3.73,2.45,3.48,3.08,E0 (12).csv,2.1,3.3,3.3,2.25,3.1,3.4,2.2,3.5,3.5,2.25,2.15,3.55,3.36,3.71,3.47,2.0,1.9,2.0,1.88,,,
,West Ham,QPR,1.91,3.6,4.5,1.95,3.4,4.25,1.9,3.5,4.33,1.91,3.61,4.56,1.89,3.67,4.55,E0 (12).csv,1.9,3.45,3.8,1.95,3.3,4.0,1.95,3.5,4.4,1.95,1.9,3.61,3.48,4.56,4.23,2.05,1.97,1.9,1.81,,,
,Arsenal,Hull,1.4,5.0,9.0,1.44,4.33,7.0,1.44,4.5,8.0,1.44,4.87,8.39,1.42,4.96,8.7,E0 (12).csv,1.35,4.8,7.6,1.44,4.0,8.0,1.4,5.0,8.5,1.45,1.41,5.0,4.67,9.2,8.03,1.7,1.64,2.36,2.24,,,
,Burnley,West Ham,2.8,3.4,2.7,2.8,3.2,2.7,2.75,3.3,2.75,2.83,3.37,2.7,2.73,3.46,2.75,E0 (12).csv,2.6,3.2,2.6,2.8,3.0,2.7,2.88,3.3,2.7,2.88,2.75,3.45,3.29,2.75,2.63,2.12,2.01,1.86,1.79,,,
,Crystal Palace,Chelsea,8.5,4.75,1.44,7.0,4.25,1.44,8.5,4.75,1.4,8.5,4.68,1.45,9.03,4.52,1.45,E0 (12).csv,7.3,4.4,1.4,8.0,4.0,1.44,8.5,4.6,1.45,8.9,7.96,4.9,4.51,1.46,1.43,1.85,1.77,2.11,2.03,,,
,Everton,Aston Villa,1.6,4.0,6.5,1.62,3.7,5.5,1.61,4.0,5.5,1.56,4.29,6.76,1.53,4.7,6.56,E0 (12).csv,1.65,3.6,5.1,1.62,3.6,6.0,1.62,4.0,6.5,1.65,1.58,4.29,3.96,6.76,6.2,1.85,1.77,2.12,2.03,,,
,Man City,Tottenham,1.45,4.75,8.0,1.5,4.33,7.0,1.5,4.5,6.5,1.47,4.79,7.77,1.48,4.98,7.03,E0 (12).csv,1.45,4.0,7.0,1.5,4.0,7.0,1.5,4.6,7.0,1.5,1.46,4.8,4.49,8.2,7.29,1.67,1.6,2.4,2.29,,,
,Newcastle,Leicester,2.25,3.6,3.3,2.2,3.3,3.25,2.15,3.4,3.5,2.25,3.59,3.31,2.13,3.57,3.73,E0 (12).csv,2.1,3.3,3.3,2.2,3.1,3.5,2.25,3.6,3.3,2.28,2.19,3.65,3.45,3.5,3.31,1.83,1.73,2.24,2.09,,,
,Southampton,Sunderland,1.57,4.0,7.0,1.62,3.75,5.25,1.61,3.8,6.0,1.59,4.12,6.79,1.53,4.5,7.0,E0 (12).csv,1.65,3.6,5.1,1.62,3.4,6.5,1.62,4.0,6.5,1.65,1.57,4.15,3.88,7.2,6.56,2.1,1.97,1.89,1.82,,,
,QPR,Liverpool,6.0,4.2,1.6,5.75,4.0,1.62,5.5,4.0,1.61,6.52,4.3,1.58,6.85,4.32,1.56,E0 (12).csv,5.1,3.6,1.65,6.0,3.6,1.62,6.25,4.2,1.6,6.5,5.98,4.35,4.03,1.65,1.58,1.76,1.68,2.3,2.15,,,
,Stoke,Swansea,2.5,3.3,3.1,2.5,3.25,3.0,2.37,3.3,3.1,2.55,3.31,3.07,2.38,3.31,3.35,E0 (12).csv,2.4,3.2,2.85,2.5,3.0,3.0,2.55,3.3,3.0,2.55,2.46,3.35,3.24,3.15,2.99,2.22,2.13,1.77,1.7,,,
,West Brom,Man United,5.0,4.0,1.75,4.5,4.1,1.75,5.0,4.0,1.7,5.05,3.97,1.75,4.83,3.94,1.79,E0 (12).csv,4.7,3.6,1.7,5.0,3.4,1.75,5.0,3.9,1.75,5.2,4.83,4.1,3.83,1.78,1.73,1.82,1.73,2.2,2.07,,,
,Liverpool,Hull,1.44,4.75,8.0,1.45,4.25,7.0,1.44,4.5,7.5,1.44,4.84,8.29,1.4,5.25,8.65,E0 (12).csv,1.4,4.6,6.8,1.4,4.5,7.0,1.45,4.75,8.0,1.47,1.43,5.0,4.55,9.0,7.75,1.63,1.59,2.48,2.32,,,
,Southampton,Stoke,1.65,4.0,6.0,1.65,3.75,6.0,1.6,3.8,6.0,1.65,4.1,5.94,1.61,4.15,6.4,E0 (12).csv,1.6,3.8,5.2,1.6,3.6,5.5,1.62,4.0,6.5,1.65,1.6,4.18,3.88,6.5,5.99,2.0,1.92,1.96,1.87,,,
,Sunderland,Arsenal,5.5,3.8,1.73,5.25,3.7,1.72,5.0,3.75,1.7,5.21,3.95,1.74,4.75,3.76,1.84,E0 (12).csv,4.9,3.7,1.65,4.8,3.75,1.65,5.4,3.8,1.73,5.5,5.05,3.95,3.7,1.79,1.72,1.96,1.87,2.03,1.93,,,
,Swansea,Leicester,1.95,3.7,4.2,1.95,3.6,4.0,1.95,3.5,4.0,1.92,3.72,4.37,1.84,3.76,4.74,E0 (12).csv,1.85,3.45,4.0,1.95,3.5,3.6,1.91,3.7,4.33,1.95,1.9,3.75,3.53,4.4,4.13,1.91,1.82,2.08,1.99,,,
,West Brom,Crystal Palace,1.91,3.6,4.5,1.91,3.4,4.0,1.9,3.4,4.0,1.89,3.62,4.65,1.85,3.81,4.61,E0 (12).csv,1.9,3.45,3.8,1.85,3.3,4.2,1.87,3.6,4.75,1.94,1.88,3.65,3.46,4.75,4.37,2.14,2.03,1.84,1.78,,,
,West Ham,Man City,6.5,4.5,1.55,6.0,4.2,1.57,5.5,4.33,1.55,6.66,4.71,1.52,6.53,4.66,1.53,E0 (12).csv,5.6,3.9,1.55,5.5,4.0,1.55,6.5,4.5,1.53,6.7,6.07,4.75,4.34,1.57,1.53,1.58,1.54,2.62,2.41,,,
,Burnley,Everton,4.75,3.75,1.83,4.6,3.6,1.85,4.33,3.6,1.83,4.49,3.81,1.87,4.2,3.48,2.02,E0 (12).csv,4.2,3.5,1.8,4.33,3.6,1.75,4.6,3.75,1.85,4.8,4.46,3.81,3.56,1.88,1.83,1.95,1.89,2.02,1.91,,,
,Man United,Chelsea,2.88,3.6,2.5,2.75,3.5,2.55,2.8,3.4,2.4,2.92,3.5,2.55,2.86,3.35,2.68,E0 (12).csv,2.6,3.2,2.6,2.88,3.3,2.4,2.9,3.5,2.5,3.0,2.84,3.6,3.38,2.6,2.48,1.93,1.85,2.1,1.95,,,
,Tottenham,Newcastle,1.75,3.9,5.0,1.8,3.75,4.6,1.7,3.8,5.0,1.76,3.93,5.03,1.56,4.45,6.6,E0 (12).csv,1.7,3.6,4.7,1.7,3.75,4.4,1.75,3.9,5.0,1.8,1.74,3.95,3.74,5.2,4.78,1.81,1.74,2.22,2.08,,,
,QPR,Aston Villa,2.38,3.25,3.4,2.4,3.3,3.1,2.4,3.2,3.0,2.33,3.32,3.45,2.31,3.33,3.46,E0 (12).csv,2.3,3.3,2.9,2.3,3.1,3.1,2.38,3.25,3.4,2.4,2.33,3.32,3.2,3.45,3.23,2.4,2.27,1.7,1.62,,,
,Arsenal,Burnley,1.25,6.5,14.0,1.28,5.5,9.5,1.25,6.0,13.0,1.28,6.21,13.23,1.25,6.64,13.94,E0 (12).csv,1.3,5.0,9.0,1.29,5.0,12.0,1.29,6.0,12.0,1.3,1.27,6.5,5.81,14.0,11.61,1.6,1.55,2.68,2.42,,,
,Chelsea,QPR,1.17,8.5,21.0,1.18,6.25,15.0,1.18,7.5,19.0,1.19,7.8,19.99,1.16,8.72,21.42,E0 (12).csv,1.17,6.5,14.0,1.17,6.5,19.0,1.18,8.0,19.0,1.19,1.17,8.61,7.6,21.0,16.97,1.53,1.48,2.9,2.58,,,
,Everton,Swansea,1.75,3.8,5.25,1.75,3.6,4.5,1.75,3.8,5.0,1.74,3.85,5.39,1.92,3.6,4.52,E0 (12).csv,1.72,3.6,4.6,1.75,3.25,5.5,1.73,3.8,5.4,1.76,1.72,3.9,3.64,5.5,5.15,1.88,1.78,2.12,2.02,,,
,Hull,Southampton,3.8,3.6,2.05,3.6,3.3,2.05,3.8,3.5,2.05,4.01,3.61,2.03,4.28,3.83,1.9,E0 (12).csv,3.3,3.3,2.1,3.75,3.1,2.1,4.1,3.6,2.0,4.1,3.85,3.6,3.42,2.1,2.01,2.08,1.98,1.88,1.82,,,
,Leicester,West Brom,2.3,3.5,3.3,2.3,3.3,3.0,2.25,3.4,3.4,2.35,3.46,3.27,2.51,3.48,2.99,E0 (12).csv,2.2,3.3,3.1,2.38,3.2,3.1,2.38,3.5,3.2,2.38,2.27,3.5,3.37,3.4,3.2,1.95,1.85,2.01,1.94,,,
,Newcastle,Liverpool,3.8,3.75,2.0,3.75,3.5,2.05,3.75,3.6,2.05,3.77,3.74,2.05,3.55,3.65,2.15,E0 (12).csv,3.6,3.3,2.0,3.8,3.2,2.05,3.8,3.6,2.05,3.85,3.72,3.75,3.54,2.08,2.01,1.84,1.75,2.2,2.07,,,
,Stoke,West Ham,2.38,3.4,3.25,2.4,3.2,2.95,2.4,3.4,3.1,2.42,3.37,3.22,2.42,3.33,3.26,E0 (12).csv,2.25,3.2,3.1,2.4,3.1,3.1,2.4,3.4,3.2,2.45,2.36,3.5,3.29,3.25,3.12,2.19,2.05,1.82,1.76,,,
,Aston Villa,Tottenham,3.75,3.6,2.1,3.6,3.5,2.1,3.6,3.5,2.1,3.89,3.53,2.08,4.38,3.66,1.93,E0 (12).csv,3.3,3.3,2.1,3.8,3.1,2.1,3.9,3.4,2.1,3.9,3.72,3.6,3.4,2.1,2.05,2.1,2.0,1.94,1.81,,,
,Man City,Man United,1.91,3.75,4.33,1.91,3.75,4.0,1.95,3.75,3.8,1.9,3.81,4.33,2.02,3.67,3.91,E0 (12).csv,1.9,3.3,4.0,1.91,3.3,4.2,1.95,3.8,4.0,1.95,1.88,3.95,3.65,4.33,4.07,1.65,1.6,2.54,2.32,,,
,Crystal Palace,Sunderland,2.1,3.5,3.8,2.1,3.4,3.7,2.15,3.4,3.6,2.08,3.48,3.96,2.11,3.44,3.91,E0 (12).csv,2.1,3.3,3.3,2.15,3.1,3.6,2.1,3.4,4.0,2.15,2.07,3.5,3.35,4.0,3.73,2.17,2.09,1.81,1.73,,,
,Burnley,Hull,2.5,3.4,3.0,2.5,3.2,2.8,2.5,3.3,2.9,2.52,3.36,3.07,2.54,3.33,3.06,E0 (12).csv,2.6,3.2,2.6,2.6,3.0,2.9,2.6,3.25,3.0,2.6,2.49,3.4,3.28,3.1,2.91,2.2,2.1,1.8,1.73,,,
,Liverpool,Chelsea,3.4,3.4,2.3,3.1,3.25,2.3,3.25,3.4,2.3,3.36,3.46,2.31,3.46,3.5,2.26,E0 (12).csv,3.2,3.2,2.2,3.4,3.0,2.3,3.3,3.5,2.3,3.5,3.27,3.5,3.32,2.34,2.26,1.98,1.91,1.97,1.89,,,
,Man United,Crystal Palace,1.3,6.0,11.0,1.32,5.5,7.6,1.33,5.5,9.5,1.3,5.87,12.0,1.31,6.05,10.7,E0 (12).csv,1.35,4.8,7.6,1.33,4.8,10.0,1.3,6.0,11.5,1.35,1.3,6.0,5.53,12.1,10.42,1.6,1.54,2.58,2.44,,,
,QPR,Man City,7.0,4.75,1.5,6.0,4.2,1.5,6.0,4.33,1.53,7.14,4.73,1.5,6.72,4.84,1.51,E0 (12).csv,7.0,4.0,1.45,7.0,4.0,1.5,7.0,4.6,1.5,7.6,6.74,4.9,4.5,1.53,1.47,1.64,1.56,2.53,2.39,,,
,Southampton,Leicester,1.44,4.75,8.0,1.44,4.5,6.5,1.44,4.5,7.5,1.44,4.83,8.54,1.46,4.94,7.53,E0 (12).csv,1.5,4.0,6.1,1.44,4.0,8.0,1.4,4.75,9.0,1.5,1.43,4.9,4.5,9.0,7.92,1.75,1.69,2.25,2.15,,,
,West Ham,Aston Villa,1.75,3.75,5.5,1.75,3.6,4.6,1.75,3.6,5.0,1.75,3.73,5.52,1.7,3.97,5.5,E0 (12).csv,1.75,3.5,4.5,1.75,3.4,5.0,1.75,3.75,5.4,1.76,1.72,3.88,3.64,5.6,5.19,2.04,1.94,1.92,1.86,,,
,Sunderland,Everton,4.0,3.5,2.05,3.6,3.3,2.05,3.6,3.5,2.05,4.07,3.48,2.05,3.92,3.51,2.09,E0 (12).csv,3.6,3.3,2.0,3.8,3.2,2.05,4.0,3.5,2.05,4.1,3.82,3.55,3.4,2.09,2.02,2.0,1.92,1.95,1.88,,,
,Swansea,Arsenal,3.75,3.5,2.1,3.3,3.3,2.15,3.6,3.5,2.05,3.59,3.5,2.19,4.1,3.65,1.99,E0 (12).csv,3.3,3.3,2.1,3.5,3.1,2.2,3.6,3.4,2.2,3.75,3.5,3.55,3.36,2.22,2.14,2.02,1.92,1.95,1.87,,,
,Tottenham,Stoke,1.7,4.0,5.5,1.7,3.6,5.0,1.66,3.75,5.5,1.69,3.91,5.81,1.88,3.55,4.8,E0 (12).csv,1.6,3.7,5.4,1.7,3.4,5.5,1.7,3.8,5.75,1.73,1.67,4.0,3.72,6.0,5.48,2.08,1.96,1.91,1.83,,,
,West Brom,Newcastle,2.3,3.5,3.3,2.3,3.3,3.0,2.3,3.4,3.1,2.26,3.45,3.47,2.12,3.49,3.81,E0 (12).csv,2.4,3.2,2.85,2.3,3.1,3.3,2.25,3.4,3.5,2.4,2.26,3.5,3.34,3.5,3.26,2.1,1.99,1.9,1.81,,,
,Arsenal,Man United,2.15,3.6,3.5,2.2,3.25,3.2,2.2,3.4,3.4,2.16,3.67,3.51,2.0,3.77,3.88,E0 (12).csv,2.3,3.3,2.9,2.2,3.0,3.6,2.15,3.5,3.6,2.3,2.15,3.75,3.46,3.6,3.4,1.77,1.71,2.24,2.13,,,
,Chelsea,West Brom,1.25,6.5,15.0,1.25,5.75,10.5,1.22,6.5,15.0,1.24,6.64,15.21,1.22,6.95,17.0,E0 (12).csv,1.2,6.0,12.5,1.25,5.0,15.0,1.25,6.5,15.0,1.26,1.23,7.0,6.22,17.0,13.88,1.67,1.59,2.48,2.32,,,
,Everton,West Ham,1.85,3.8,4.5,1.85,3.6,4.0,1.83,3.75,4.33,1.85,3.82,4.59,1.63,4.39,5.54,E0 (12).csv,1.75,3.5,4.5,1.91,3.0,4.8,1.87,3.75,4.5,1.91,1.83,3.85,3.6,4.8,4.46,1.76,1.69,2.25,2.15,,,
,Leicester,Sunderland,2.1,3.5,3.8,2.15,3.4,3.2,2.1,3.4,3.6,2.1,3.51,3.87,1.97,3.7,4.12,E0 (12).csv,2.25,3.3,3.0,2.15,2.9,4.0,2.15,3.4,3.75,2.25,2.1,3.6,3.34,4.0,3.69,2.11,2.02,1.89,1.78,,,
,Man City,Swansea,1.4,5.25,8.5,1.4,4.6,7.5,1.4,5.0,7.5,1.39,5.36,8.85,1.36,5.68,9.3,E0 (12).csv,1.35,4.8,7.6,1.4,4.33,9.0,1.4,5.0,9.0,1.43,1.37,5.5,5.01,9.5,8.24,1.55,1.49,2.75,2.56,,,
,Newcastle,QPR,1.83,3.75,4.75,1.91,3.4,3.9,1.8,3.6,4.5,1.85,3.71,4.75,1.82,3.73,4.92,E0 (12).csv,1.75,3.5,4.5,1.91,3.1,4.5,1.83,3.7,4.8,1.91,1.82,3.75,3.55,4.9,4.56,2.02,1.91,1.95,1.89,,,
,Stoke,Burnley,1.7,3.8,5.75,1.72,3.6,4.75,1.73,3.75,5.0,1.68,3.89,5.9,1.65,3.74,6.72,E0 (12).csv,1.65,3.6,5.1,1.73,3.1,6.0,1.73,3.75,5.5,1.74,1.69,3.9,3.66,6.0,5.49,2.12,2.03,1.85,1.78,,,
,Crystal Palace,Liverpool,4.33,3.7,1.91,3.7,3.6,1.91,4.2,3.6,1.9,4.65,3.74,1.86,4.25,3.6,1.97,E0 (12).csv,4.5,3.5,1.75,4.5,3.0,1.95,4.4,3.6,1.9,4.7,4.41,3.74,3.5,1.95,1.86,2.05,1.96,1.92,1.84,,,
,Hull,Tottenham,3.6,3.4,2.2,3.25,3.3,2.2,3.4,3.4,2.2,3.72,3.46,2.16,3.37,3.44,2.32,E0 (12).csv,3.3,3.3,2.1,3.6,2.87,2.25,3.7,3.4,2.15,3.72,3.48,3.5,3.33,2.25,2.16,2.08,2.0,1.89,1.81,,,
,Aston Villa,Southampton,5.25,3.75,1.75,4.33,3.6,1.78,4.5,3.5,1.8,5.54,3.79,1.74,5.79,4.08,1.66,E0 (12).csv,4.2,3.5,1.8,5.0,3.2,1.8,5.4,3.75,1.75,5.54,5.02,3.8,3.59,1.8,1.74,2.17,2.07,1.82,1.75,,,
,Burnley,Aston Villa,2.15,3.4,3.75,2.2,3.2,3.25,2.2,3.25,3.3,2.15,3.38,3.85,2.35,3.29,3.44,E0 (12).csv,2.1,3.3,3.3,2.2,3.1,3.5,2.15,3.25,3.9,2.23,2.14,3.4,3.28,3.9,3.58,2.38,2.28,1.74,1.62,,,
,Liverpool,Stoke,1.73,4.0,5.0,1.75,4.0,4.75,1.66,4.0,5.0,1.74,3.91,5.31,1.72,3.94,5.36,E0 (12).csv,1.7,3.6,4.7,1.73,3.5,5.0,1.7,3.9,5.5,1.77,1.69,4.0,3.77,5.5,5.11,1.96,1.86,2.0,1.94,,,
,Man United,Hull,1.33,5.75,10.0,1.36,5.25,9.25,1.28,5.5,10.0,1.33,5.65,10.75,1.38,5.35,9.3,E0 (12).csv,1.25,5.5,10.3,1.33,5.0,9.0,1.33,5.5,10.5,1.36,1.31,6.0,5.36,11.0,9.7,1.65,1.58,2.56,2.34,,,
,QPR,Leicester,2.38,3.4,3.25,2.38,3.2,3.0,2.25,3.4,3.2,2.32,3.41,3.38,2.53,3.34,3.08,E0 (12).csv,2.2,3.3,3.1,2.38,3.1,3.2,2.3,3.4,3.4,2.4,2.29,3.43,3.3,3.45,3.22,2.16,2.06,1.86,1.75,,,
,Sunderland,Chelsea,9.0,5.0,1.4,8.0,5.0,1.4,8.0,4.33,1.4,10.2,5.12,1.38,8.9,5.5,1.38,E0 (12).csv,7.3,4.4,1.4,8.0,4.5,1.4,9.5,5.0,1.36,10.2,8.91,5.12,4.69,1.43,1.38,1.87,1.79,2.16,2.02,,,
,Swansea,Crystal Palace,1.8,3.75,5.0,1.83,3.6,4.1,1.75,3.5,4.8,1.81,3.73,5.04,1.9,3.53,4.77,E0 (12).csv,1.75,3.5,4.5,1.83,3.4,4.5,1.8,3.6,5.2,1.85,1.78,3.75,3.57,5.2,4.8,2.06,1.98,1.9,1.82,,,
,West Brom,Arsenal,4.5,3.8,1.85,4.2,3.8,1.9,4.2,3.6,1.85,4.68,3.7,1.86,4.97,3.79,1.8,E0 (12).csv,3.8,3.45,1.9,4.5,3.3,1.85,4.6,3.75,1.85,4.8,4.46,3.8,3.56,1.9,1.83,1.96,1.86,2.05,1.94,,,
,West Ham,Newcastle,2.15,3.5,3.6,2.2,3.3,3.3,2.15,3.4,3.4,2.12,3.54,3.76,2.31,3.41,3.4,E0 (12).csv,2.25,3.3,3.0,2.2,3.1,3.5,2.15,3.5,3.7,2.25,2.12,3.55,3.34,3.76,3.56,2.06,1.98,1.94,1.82,,,
,Southampton,Man City,3.2,3.6,2.3,3.2,3.4,2.35,3.1,3.5,2.3,3.08,3.5,2.44,2.93,3.45,2.57,E0 (12).csv,3.1,3.3,2.2,3.2,3.0,2.38,3.1,3.5,2.4,3.25,3.1,3.6,3.35,2.44,2.33,1.92,1.83,2.03,1.96,,,
,Tottenham,Everton,2.25,3.6,3.25,2.35,3.4,3.2,2.3,3.5,3.2,2.24,3.58,3.39,2.25,3.53,3.43,E0 (12).csv,2.3,3.3,2.9,2.38,3.0,3.2,2.3,3.5,3.3,2.38,2.26,3.65,3.39,3.39,3.21,1.86,1.79,2.1,2.02,,,
,Burnley,Newcastle,2.8,3.3,2.75,2.8,3.1,2.75,2.8,3.25,2.62,2.87,3.29,2.72,2.92,3.33,2.65,E0 (12).csv,2.65,3.3,2.5,2.8,3.0,2.75,2.8,3.2,2.8,2.9,2.78,3.35,3.23,2.8,2.65,2.24,2.13,1.8,1.7,,,
,Crystal Palace,Aston Villa,2.1,3.4,4.0,2.1,3.2,3.6,2.15,3.3,3.75,2.08,3.42,4.05,2.06,3.45,4.06,E0 (12).csv,2.0,3.3,3.6,2.15,3.1,3.8,2.15,3.25,4.0,2.15,2.06,3.45,3.32,4.2,3.86,2.31,2.2,1.73,1.66,,,
,Leicester,Liverpool,3.8,3.6,2.05,3.6,3.5,2.1,3.75,3.6,2.05,3.8,3.58,2.09,4.13,3.6,2.0,E0 (12).csv,3.6,3.3,2.0,3.75,3.1,2.1,3.7,3.6,2.1,3.85,3.71,3.65,3.47,2.1,2.05,1.85,1.78,2.12,2.02,,,
,Man United,Stoke,1.45,4.5,8.5,1.44,4.25,7.25,1.44,4.5,7.5,1.44,4.7,8.65,1.61,4.1,6.49,E0 (12).csv,1.4,4.4,7.3,1.5,3.6,8.0,1.45,4.5,8.0,1.5,1.44,4.8,4.45,9.1,7.9,1.87,1.78,2.1,2.02,,,
,Swansea,QPR,1.73,3.8,5.5,1.75,3.5,4.75,1.75,3.75,5.0,1.72,3.96,5.38,1.68,4.11,5.48,E0 (12).csv,1.8,3.5,4.2,1.75,3.4,5.0,1.75,3.75,5.4,1.8,1.71,3.95,3.7,5.9,5.18,1.95,1.88,2.0,1.92,,,
,West Brom,West Ham,2.5,3.4,3.0,2.5,3.25,3.0,2.4,3.3,3.0,2.54,3.33,3.06,2.44,3.35,3.21,E0 (12).csv,2.5,3.3,2.65,2.5,3.0,3.0,2.55,3.3,3.0,2.55,2.46,3.4,3.28,3.2,2.99,2.11,2.03,1.86,1.77,,,
,Arsenal,Southampton,1.8,3.75,5.0,1.8,3.7,4.75,1.8,3.6,4.5,1.78,3.86,5.02,1.8,3.73,5.07,E0 (12).csv,1.8,3.5,4.2,1.8,3.4,4.6,1.8,3.75,5.0,1.83,1.77,3.85,3.64,5.02,4.76,1.96,1.89,1.99,1.91,,,
,Chelsea,Tottenham,1.4,5.0,9.0,1.4,4.75,8.5,1.4,4.75,8.0,1.44,4.93,8.02,1.46,4.87,7.6,E0 (12).csv,1.4,4.4,7.3,1.4,4.2,9.0,1.44,4.8,8.0,1.45,1.41,5.0,4.67,9.5,8.05,1.75,1.7,2.26,2.14,,,
,Everton,Hull,1.53,4.33,7.0,1.55,3.8,6.0,1.55,4.0,6.0,1.5,4.41,7.8,1.54,4.42,6.83,E0 (12).csv,1.55,4.0,5.5,1.55,3.6,7.0,1.55,4.0,7.0,1.56,1.51,4.41,4.1,7.8,6.83,1.86,1.8,2.1,2.0,,,
,Sunderland,Man City,7.5,4.5,1.5,7.0,4.1,1.53,6.0,4.33,1.53,7.23,4.67,1.5,7.0,4.87,1.49,E0 (12).csv,6.1,4.0,1.5,6.5,3.8,1.53,7.0,4.4,1.5,7.7,6.8,4.67,4.33,1.53,1.49,1.68,1.63,2.52,2.25,,,
,Hull,West Brom,2.45,3.3,3.2,2.5,3.1,2.85,2.37,3.3,3.2,2.4,3.29,3.33,2.45,3.25,3.28,E0 (12).csv,2.3,3.2,3.0,2.45,3.1,3.1,2.45,3.25,3.25,2.5,2.39,3.3,3.22,3.33,3.1,2.38,2.23,1.73,1.65,,,
,Liverpool,Sunderland,1.5,4.5,7.5,1.53,4.1,7.0,1.53,4.2,6.5,1.52,4.46,7.25,1.49,4.68,7.45,E0 (12).csv,1.6,3.7,5.4,1.53,4.0,6.0,1.5,4.4,8.0,1.6,1.49,4.55,4.23,8.0,7.0,1.92,1.83,2.06,1.97,,,
,Man City,Everton,1.5,4.75,7.0,1.53,4.5,6.0,1.53,4.5,6.0,1.52,4.75,6.68,1.45,5.02,7.6,E0 (12).csv,1.57,3.8,5.5,1.53,4.0,6.0,1.5,4.5,6.5,1.57,1.5,4.9,4.44,7.3,6.46,1.55,1.5,2.75,2.55,,,
,Newcastle,Chelsea,7.0,4.33,1.53,6.75,4.0,1.55,7.0,4.0,1.55,6.88,4.37,1.55,6.4,4.19,1.6,E0 (12).csv,5.5,3.8,1.57,6.5,4.0,1.55,7.0,4.3,1.53,7.5,6.64,4.33,4.08,1.59,1.53,2.0,1.93,1.94,1.87,,,
,QPR,Burnley,2.05,3.5,4.0,2.1,3.2,3.5,2.1,3.4,3.8,2.08,3.38,4.1,2.0,3.5,4.22,E0 (12).csv,2.1,3.3,3.3,2.1,3.25,3.6,2.05,3.4,4.0,2.12,2.04,3.55,3.37,4.2,3.81,2.16,2.09,1.81,1.74,,,
,Stoke,Arsenal,4.0,3.6,2.0,3.75,3.3,2.0,4.0,3.5,2.0,4.2,3.48,2.02,3.7,3.46,2.16,E0 (12).csv,3.8,3.45,1.9,4.0,3.2,2.0,4.2,3.5,2.0,4.2,3.97,3.6,3.45,2.05,1.97,2.1,2.0,1.87,1.8,,,
,Tottenham,Crystal Palace,1.6,4.2,6.0,1.62,3.75,5.25,1.61,4.0,5.5,1.62,4.19,6.13,1.65,4.04,5.95,E0 (12).csv,1.57,3.8,5.5,1.62,3.6,6.0,1.62,4.2,6.0,1.65,1.59,4.33,3.95,6.5,5.89,1.89,1.77,2.12,2.04,,,
,Aston Villa,Leicester,2.4,3.4,3.2,2.4,3.2,3.2,2.3,3.3,3.3,2.37,3.4,3.28,2.51,3.36,3.08,E0 (12).csv,2.2,3.3,3.1,2.4,3.1,3.1,2.45,3.3,3.2,2.45,2.34,3.4,3.3,3.3,3.13,2.15,2.06,1.83,1.75,,,
,West Ham,Swansea,2.35,3.4,3.25,2.4,3.4,3.0,2.37,3.3,3.1,2.42,3.43,3.17,2.43,3.38,3.18,E0 (12).csv,2.2,3.3,3.1,2.4,3.1,3.1,2.38,3.4,3.25,2.45,2.35,3.5,3.32,3.25,3.09,2.13,2.02,1.85,1.78,,,
,Southampton,Man United,2.8,3.4,2.7,2.8,3.25,2.7,2.8,3.4,2.5,2.8,3.45,2.68,2.86,3.47,2.62,E0 (12).csv,2.9,3.3,2.3,2.8,3.25,2.7,2.8,3.4,2.7,2.9,2.73,3.5,3.33,2.7,2.61,2.0,1.91,1.99,1.88,,,
,Arsenal,Newcastle,1.44,4.75,8.0,1.45,4.33,6.5,1.45,4.5,7.0,1.45,4.95,7.88,1.42,5.4,7.7,E0 (12).csv,1.45,4.0,7.0,1.44,4.0,8.0,1.45,4.8,8.0,1.48,1.43,4.95,4.56,8.5,7.62,1.75,1.68,2.28,2.17,,,
,Burnley,Southampton,5.5,3.75,1.73,4.75,3.5,1.75,5.0,3.5,1.8,5.55,3.8,1.74,4.75,3.67,1.86,E0 (12).csv,4.2,3.5,1.8,5.0,3.4,1.75,5.25,3.6,1.8,5.55,5.06,3.85,3.61,1.82,1.74,2.15,2.07,1.82,1.75,,,
,Chelsea,Hull,1.18,8.0,18.0,1.18,6.25,15.5,1.16,7.5,19.0,1.18,7.92,20.96,1.18,8.0,22.0,E0 (12).csv,1.17,6.5,14.0,1.2,6.0,15.0,1.18,7.5,21.0,1.2,1.17,8.2,7.32,21.66,17.12,1.67,1.59,2.45,2.34,,,
,Crystal Palace,Stoke,2.6,3.25,3.0,2.62,3.25,2.85,2.5,3.2,3.0,2.57,3.29,3.06,2.54,3.23,3.16,E0 (12).csv,2.5,3.2,2.75,2.62,3.0,2.9,2.62,3.2,3.0,2.65,2.53,3.3,3.18,3.06,2.93,2.38,2.27,1.68,1.63,,,
,Leicester,Man City,7.0,4.75,1.5,5.5,4.6,1.5,6.5,4.5,1.5,6.77,4.74,1.51,7.1,4.63,1.51,E0 (12).csv,7.0,4.0,1.45,6.0,4.33,1.5,7.0,4.75,1.5,7.5,6.55,4.8,4.52,1.53,1.48,1.57,1.5,2.75,2.55,,,
,Sunderland,West Ham,2.95,3.4,2.55,2.85,3.25,2.62,2.8,3.3,2.6,2.98,3.41,2.55,2.8,3.31,2.78,E0 (12).csv,2.6,3.2,2.6,2.9,3.0,2.62,3.0,3.3,2.62,3.0,2.87,3.45,3.29,2.63,2.52,2.1,2.02,1.87,1.79,,,
,West Brom,Aston Villa,2.15,3.4,3.8,2.15,3.25,3.4,2.15,3.3,3.5,2.14,3.37,3.92,2.22,3.24,3.82,E0 (12).csv,2.3,3.2,3.0,2.15,3.1,3.6,2.15,3.3,3.9,2.3,2.11,3.4,3.27,3.96,3.71,2.44,2.29,1.68,1.62,,,
,Man United,Liverpool,1.8,3.8,4.75,1.85,3.6,4.5,1.8,3.8,4.33,1.83,3.94,4.55,1.9,3.68,4.5,E0 (12).csv,1.8,3.5,4.2,1.85,3.3,4.5,1.85,3.75,4.6,1.88,1.81,3.94,3.67,4.85,4.49,1.83,1.78,2.14,2.03,,,
,Swansea,Tottenham,2.5,3.4,3.0,2.5,3.25,2.75,2.5,3.4,2.8,2.5,3.47,3.02,2.42,3.56,3.06,E0 (12).csv,2.6,3.2,2.6,2.5,3.0,3.0,2.5,3.4,3.0,2.6,2.47,3.5,3.33,3.1,2.91,2.04,1.93,1.92,1.87,,,
,Everton,QPR,1.45,4.5,8.5,1.45,4.25,6.75,1.44,4.5,7.5,1.47,4.65,7.9,1.43,5.17,7.75,E0 (12).csv,1.5,4.0,6.1,1.44,4.0,8.0,1.45,4.5,8.5,1.5,1.45,4.75,4.41,8.5,7.54,1.85,1.76,2.12,2.05,,,
,Aston Villa,Man United,6.25,4.0,1.62,6.0,3.9,1.62,6.0,4.0,1.6,6.25,4.2,1.61,6.23,4.07,1.63,E0 (12).csv,5.4,3.7,1.6,6.0,3.6,1.62,6.5,4.0,1.62,6.6,6.11,4.2,3.9,1.65,1.59,2.01,1.94,1.95,1.86,,,
,Hull,Swansea,3.1,3.3,2.5,2.9,3.25,2.6,2.87,3.2,2.6,3.08,3.33,2.53,2.74,3.17,2.93,E0 (12).csv,2.75,3.2,2.5,2.8,3.1,2.6,3.1,3.25,2.55,3.2,2.95,3.35,3.23,2.6,2.5,2.31,2.22,1.74,1.65,,,
,Man City,Crystal Palace,1.29,6.0,12.0,1.3,5.5,11.0,1.3,5.5,10.0,1.31,5.7,12.44,1.32,5.8,11.25,E0 (12).csv,1.3,5.0,9.0,1.3,5.0,11.0,1.3,5.75,12.0,1.32,1.29,6.0,5.51,13.0,10.84,1.73,1.66,2.42,2.21,,,
,QPR,West Brom,2.45,3.3,3.2,2.45,3.3,3.0,2.3,3.3,3.2,2.48,3.37,3.13,2.55,3.32,3.08,E0 (12).csv,2.4,3.2,2.85,2.5,3.2,2.8,2.45,3.3,3.2,2.5,2.4,3.4,3.26,3.3,3.06,2.2,2.09,1.82,1.74,,,
,Southampton,Everton,2.45,3.5,3.0,2.5,3.4,2.9,2.45,3.3,3.0,2.47,3.46,3.06,2.36,3.36,3.36,E0 (12).csv,2.3,3.3,2.9,2.5,3.2,2.8,2.45,3.3,3.1,2.5,2.41,3.5,3.33,3.13,2.98,2.15,2.04,1.85,1.77,,,
,Tottenham,Burnley,1.5,4.5,7.5,1.5,4.1,6.25,1.53,4.2,6.5,1.49,4.63,7.52,1.44,4.8,8.5,E0 (12).csv,1.5,4.0,6.1,1.5,4.0,7.0,1.5,4.5,7.5,1.54,1.49,4.7,4.34,7.7,6.88,1.77,1.72,2.3,2.12,,,
,West Ham,Leicester,1.75,3.9,5.0,1.75,3.5,4.75,1.7,3.75,5.5,1.72,4.03,5.2,1.69,3.98,5.63,E0 (12).csv,1.65,3.7,4.9,1.73,3.5,5.0,1.73,3.9,5.4,1.77,1.7,4.1,3.82,5.5,5.05,1.8,1.68,2.3,2.18,,,
,Liverpool,Arsenal,2.8,3.5,2.6,2.75,3.4,2.62,2.8,3.4,2.5,2.78,3.59,2.62,2.81,3.59,2.59,E0 (12).csv,2.65,3.3,2.5,2.8,3.1,2.62,2.8,3.5,2.63,2.9,2.77,3.65,3.43,2.63,2.53,1.8,1.72,2.2,2.11,,,
,Newcastle,Sunderland,2.05,3.5,4.0,2.1,3.4,3.75,2.0,3.4,4.0,2.1,3.44,3.97,2.19,3.24,3.9,E0 (12).csv,2.0,3.3,3.6,2.1,3.2,3.6,2.1,3.4,4.0,2.14,2.06,3.5,3.34,4.2,3.8,2.19,2.09,1.82,1.73,,,
,Stoke,Chelsea,6.25,4.0,1.62,5.75,3.75,1.67,6.0,4.0,1.57,6.21,4.1,1.62,6.54,4.01,1.62,E0 (12).csv,5.0,3.9,1.6,6.0,3.4,1.67,6.5,4.0,1.62,6.6,5.93,4.1,3.83,1.67,1.61,2.13,2.04,1.9,1.77,,,
,Arsenal,QPR,1.29,6.0,13.0,1.29,5.5,9.25,1.29,5.5,11.0,1.28,6.4,12.51,1.28,6.35,12.5,E0 (12).csv,1.28,5.5,9.0,1.28,5.0,11.0,1.29,6.0,12.0,1.31,1.26,6.5,5.87,14.0,11.5,1.47,1.44,2.88,2.74,,,
,Burnley,Liverpool,4.75,3.8,1.8,4.2,3.5,1.83,4.5,3.6,1.83,4.8,3.97,1.79,5.61,3.97,1.69,E0 (12).csv,4.0,3.45,1.85,4.2,3.75,1.8,4.75,3.75,1.83,4.95,4.58,3.98,3.7,1.85,1.78,1.86,1.77,2.15,2.04,,,
,Chelsea,West Ham,1.33,5.75,10.0,1.33,5.0,8.75,1.33,5.25,9.0,1.35,5.56,10.33,1.33,5.67,11.05,E0 (12).csv,1.33,5.0,8.0,1.33,5.0,9.0,1.33,5.5,11.0,1.36,1.33,5.8,5.26,11.0,9.54,1.69,1.62,2.45,2.27,,,
,Crystal Palace,Southampton,3.75,3.4,2.15,3.3,3.2,2.2,3.5,3.3,2.2,3.66,3.4,2.21,3.77,3.41,2.17,E0 (12).csv,3.2,3.2,2.2,3.5,3.1,2.2,3.9,3.3,2.15,3.9,3.59,3.4,3.27,2.23,2.15,2.44,2.31,1.69,1.59,,,
,Everton,Stoke,1.83,3.6,5.0,1.83,3.4,4.33,1.75,3.6,5.0,1.83,3.65,5.03,1.88,3.71,4.54,E0 (12).csv,1.75,3.5,4.5,1.8,3.5,4.5,1.83,3.6,5.0,1.85,1.8,3.7,3.54,5.1,4.72,2.2,2.09,1.81,1.74,,,
,Leicester,Tottenham,3.8,3.6,2.05,3.5,3.4,2.05,3.75,3.5,2.05,3.75,3.55,2.12,3.42,3.61,2.23,E0 (12).csv,3.7,3.35,1.95,3.75,3.1,2.1,3.7,3.5,2.1,4.05,3.63,3.6,3.46,2.12,2.06,1.87,1.78,2.09,2.02,,,
,Man United,Newcastle,1.4,5.0,9.0,1.4,4.5,7.5,1.4,4.75,8.0,1.38,5.28,9.25,1.38,5.4,9.45,E0 (12).csv,1.35,4.8,7.6,1.4,4.33,8.0,1.36,5.0,9.5,1.43,1.38,5.3,4.82,9.5,8.53,1.65,1.59,2.56,2.33,,,
,Sunderland,Hull,2.05,3.4,4.2,2.05,3.2,3.75,2.05,3.3,4.0,2.06,3.37,4.22,2.01,3.3,4.58,E0 (12).csv,2.0,3.3,3.6,2.05,3.2,3.75,2.05,3.3,4.3,2.11,2.03,3.4,3.27,4.33,3.96,2.47,2.33,1.68,1.59,,,
,Swansea,Aston Villa,1.75,3.75,5.25,1.78,3.4,4.75,1.75,3.5,5.0,1.77,3.74,5.32,1.72,4.09,5.15,E0 (12).csv,1.75,3.5,4.5,1.73,3.5,5.0,1.73,3.75,5.5,1.8,1.73,3.85,3.62,5.6,5.08,2.22,2.08,1.83,1.74,,,
,West Brom,Man City,6.5,4.5,1.53,5.5,4.2,1.53,6.5,4.0,1.53,6.65,4.45,1.55,6.16,4.31,1.6,E0 (12).csv,7.0,4.0,1.45,7.0,4.0,1.5,7.0,4.3,1.53,7.0,6.31,4.51,4.23,1.57,1.53,1.86,1.79,2.1,2.02,,,
,Aston Villa,Sunderland,2.35,3.3,3.4,2.35,3.1,3.1,2.3,3.2,3.2,2.33,3.26,3.5,2.18,3.27,3.91,E0 (12).csv,2.3,3.1,3.1,2.4,3.1,3.1,2.38,3.25,3.4,2.4,2.3,3.3,3.19,3.5,3.28,2.5,2.35,1.67,1.59,,,
,Hull,Leicester,2.25,3.4,3.5,2.25,3.25,3.1,2.2,3.25,3.3,2.28,3.38,3.5,2.58,3.21,3.11,E0 (12).csv,2.2,3.2,3.2,2.25,3.2,3.3,2.3,3.3,3.5,2.31,2.23,3.4,3.27,3.57,3.33,2.31,2.21,1.74,1.66,,,
,Man City,Burnley,1.18,8.0,19.0,1.18,6.5,15.5,1.18,7.0,15.0,1.16,8.55,22.5,1.21,7.3,17.5,E0 (12).csv,1.17,6.5,14.0,1.17,6.5,19.0,1.15,8.5,21.0,1.19,1.16,8.7,7.74,25.0,17.78,1.5,1.45,1.75,1.69,,,
,Newcastle,Everton,2.9,3.4,2.6,2.8,3.3,2.6,2.6,3.4,2.6,2.98,3.42,2.55,2.57,3.44,2.9,E0 (12).csv,2.75,3.3,2.4,2.8,3.1,2.62,3.0,3.4,2.5,3.0,2.84,3.45,3.33,2.62,2.49,2.05,1.97,1.93,1.83,,,
,QPR,Crystal Palace,2.38,3.4,3.25,2.4,3.3,2.85,2.25,3.3,3.2,2.47,3.34,3.15,2.6,3.27,3.02,E0 (12).csv,2.3,3.3,2.9,2.4,3.1,3.1,2.45,3.3,3.2,2.48,2.35,3.5,3.27,3.25,3.09,2.19,2.09,1.8,1.74,,,
,Southampton,Chelsea,4.75,3.75,1.83,4.6,3.6,1.83,4.5,3.75,1.8,4.83,3.65,1.85,4.62,3.54,1.92,E0 (12).csv,4.5,3.5,1.75,4.5,3.3,1.85,5.0,3.6,1.83,5.01,4.62,3.8,3.54,1.88,1.81,2.2,2.09,1.8,1.73,,,
,Stoke,West Brom,1.91,3.6,4.5,1.91,3.6,3.7,1.83,3.5,4.33,1.9,3.51,4.78,2.04,3.35,4.32,E0 (12).csv,1.9,3.45,3.8,1.91,3.1,4.5,1.93,3.5,4.5,1.95,1.88,3.6,3.41,4.8,4.38,2.28,2.17,1.76,1.68,,,
,Tottenham,Man United,3.25,3.6,2.3,3.1,3.5,2.3,3.0,3.5,2.25,3.25,3.62,2.29,3.08,3.52,2.43,E0 (12).csv,3.1,3.2,2.25,3.3,3.2,2.25,3.25,3.5,2.3,3.4,3.18,3.62,3.43,2.32,2.23,1.74,1.67,2.28,2.18,,,
,West Ham,Arsenal,3.5,3.5,2.2,3.1,3.4,2.2,3.4,3.6,2.05,3.53,3.64,2.17,3.98,3.65,2.02,E0 (12).csv,3.3,3.3,2.1,3.3,3.3,2.2,3.5,3.6,2.15,3.6,3.41,3.65,3.47,2.22,2.12,1.74,1.67,2.3,2.19,,,
,Liverpool,Swansea,1.7,4.0,5.5,1.7,4.0,5.0,1.67,3.8,5.0,1.71,3.91,5.55,1.72,3.84,5.55,E0 (12).csv,1.67,3.55,5.0,1.73,3.5,5.0,1.7,4.0,5.5,1.73,1.67,4.0,3.72,5.8,5.31,1.92,1.84,2.04,1.95,,,
,Aston Villa,Crystal Palace,2.4,3.3,3.3,2.4,3.2,2.9,2.38,3.25,3.3,2.43,3.24,3.33,2.32,3.23,3.58,E0 (12).csv,2.4,3.1,2.95,2.4,3.1,3.1,2.4,3.2,3.4,2.45,2.37,3.35,3.19,3.4,3.19,2.54,2.41,1.65,1.56,,,
,Hull,Everton,3.4,3.4,2.3,3.0,3.3,2.3,3.4,3.25,2.3,3.44,3.39,2.3,3.15,3.35,2.48,E0 (12).csv,2.9,3.3,2.3,3.2,3.2,2.3,3.5,3.3,2.3,3.5,3.28,3.4,3.28,2.36,2.28,2.25,2.16,1.76,1.69,,,
,Liverpool,Leicester,1.4,5.0,9.0,1.4,5.0,7.75,1.44,4.5,8.0,1.42,5.04,8.38,1.41,5.0,9.05,E0 (12).csv,1.4,4.4,7.3,1.4,4.5,8.0,1.4,5.0,8.5,1.44,1.4,5.07,4.71,9.1,8.04,1.63,1.58,2.5,2.35,,,
,Man City,Sunderland,1.22,7.0,15.0,1.25,6.0,10.0,1.25,6.0,13.0,1.25,6.87,13.85,1.24,7.05,13.8,E0 (12).csv,1.25,5.5,10.3,1.25,5.0,15.0,1.25,6.5,15.0,1.27,1.23,7.1,6.39,17.0,13.1,1.53,1.49,2.81,2.57,,,
,Newcastle,Burnley,1.83,3.75,4.75,1.8,3.5,4.33,1.75,3.75,5.0,1.83,3.74,4.88,1.93,3.53,4.58,E0 (12).csv,1.8,3.5,4.2,1.73,3.8,4.5,1.83,3.75,4.8,1.85,1.78,3.8,3.64,5.0,4.66,1.96,1.89,1.99,1.91,,,
,QPR,Swansea,3.0,3.4,2.5,2.75,3.2,2.55,3.0,3.3,2.5,3.02,3.44,2.51,3.13,3.46,2.42,E0 (12).csv,2.65,3.3,2.5,3.0,3.0,2.5,3.0,3.3,2.55,3.1,2.93,3.44,3.28,2.6,2.48,2.05,1.98,1.91,1.83,,,
,Southampton,Arsenal,2.9,3.4,2.6,2.8,3.3,2.6,2.88,3.4,2.5,2.91,3.42,2.6,2.64,3.45,2.84,E0 (12).csv,2.75,3.2,2.5,3.0,3.0,2.5,3.0,3.3,2.55,3.0,2.87,3.44,3.29,2.62,2.52,2.09,2.0,1.91,1.81,,,
,Stoke,Man United,4.2,3.5,2.0,4.0,3.4,2.0,4.0,3.5,1.95,4.12,3.5,2.03,4.45,3.55,1.94,E0 (12).csv,3.7,3.35,1.95,4.0,3.3,1.95,4.0,3.5,2.05,4.25,3.94,3.6,3.41,2.05,1.99,2.11,2.02,1.86,1.78,,,
,Tottenham,Chelsea,5.0,3.75,1.8,4.25,3.6,1.8,4.5,3.6,1.8,4.86,3.92,1.79,6.0,4.04,1.65,E0 (12).csv,4.0,3.45,1.85,5.0,3.25,1.8,5.0,3.75,1.8,5.0,4.71,3.92,3.66,1.85,1.77,1.99,1.91,1.99,1.89,,,
,West Ham,West Brom,1.85,3.75,4.5,1.8,3.6,4.2,1.83,3.6,4.5,1.88,3.71,4.56,1.86,3.77,4.6,E0 (12).csv,1.85,3.45,4.0,1.85,3.3,4.5,1.85,3.7,4.6,1.91,1.84,3.75,3.57,4.75,4.38,2.02,1.93,1.94,1.87,,,
,Burnley,QPR,2.2,3.4,3.6,2.2,3.25,3.25,2.2,3.3,3.4,2.16,3.47,3.7,2.1,3.55,3.79,E0 (12).csv,2.2,3.2,3.2,2.2,3.3,3.3,2.2,3.4,3.6,2.25,2.14,3.5,3.36,3.77,3.48,2.14,2.03,1.87,1.78,,,
,Chelsea,Newcastle,1.2,7.5,17.0,1.2,6.0,14.5,1.2,6.5,17.0,1.2,7.5,17.8,1.21,7.6,15.5,E0 (12).csv,1.22,5.5,12.0,1.22,5.5,15.0,1.2,7.5,18.0,1.24,1.19,7.7,6.84,18.38,15.17,1.61,1.56,2.62,2.38,,,
,Crystal Palace,Tottenham,3.5,3.5,2.2,3.4,3.3,2.3,3.6,3.4,2.15,3.69,3.42,2.19,3.44,3.48,2.25,E0 (12).csv,3.3,3.3,2.1,3.3,3.3,2.2,3.6,3.4,2.2,3.75,3.48,3.5,3.35,2.23,2.15,2.19,2.08,1.88,1.74,,,
,Everton,Man City,4.5,3.75,1.85,4.0,3.4,1.9,4.33,3.75,1.85,4.52,3.81,1.86,4.45,4.02,1.83,E0 (12).csv,3.8,3.45,1.9,4.33,3.3,1.91,4.2,3.75,1.92,4.55,4.22,3.89,3.61,1.92,1.86,1.76,1.7,2.28,2.14,,,
,Leicester,Aston Villa,2.2,3.4,3.6,2.2,3.2,3.3,2.2,3.25,3.5,2.18,3.29,3.89,2.22,3.36,3.7,E0 (12).csv,2.3,3.3,2.9,2.2,3.1,3.5,2.2,3.25,3.8,2.3,2.17,3.4,3.24,3.86,3.55,2.4,2.27,1.68,1.62,,,
,Sunderland,Liverpool,4.5,3.6,1.91,3.8,3.5,1.91,4.0,3.5,1.95,4.58,3.59,1.91,3.91,3.38,2.12,E0 (12).csv,4.0,3.45,1.85,4.33,3.2,1.95,4.4,3.5,1.95,4.55,4.21,3.65,3.46,1.97,1.91,2.04,1.94,1.94,1.85,,,
,Swansea,West Ham,2.25,3.5,3.4,2.25,3.2,3.2,2.3,3.4,3.2,2.24,3.42,3.55,2.18,3.54,3.58,E0 (12).csv,2.2,3.2,3.2,2.3,3.2,3.2,2.25,3.4,3.5,2.3,2.22,3.5,3.34,3.54,3.32,2.06,1.96,1.97,1.84,,,
,West Brom,Hull,2.05,3.4,4.2,2.05,3.4,3.5,2.05,3.25,4.0,2.04,3.32,4.4,2.01,3.28,4.57,E0 (12).csv,2.0,3.3,3.6,2.05,3.1,4.0,2.05,3.4,4.1,2.1,2.02,3.4,3.27,4.32,3.97,2.59,2.41,1.67,1.56,,,
,Arsenal,Stoke,1.44,4.75,8.0,1.48,4.5,7.5,1.5,4.33,7.0,1.47,4.58,8.17,1.5,4.55,7.45,E0 (12).csv,1.45,4.0,7.0,1.44,4.2,8.0,1.5,4.5,8.0,1.5,1.46,4.9,4.37,8.17,7.37,1.85,1.76,2.18,2.05,,,
,Man United,Southampton,1.83,3.75,4.75,1.87,3.8,4.25,1.83,3.6,4.5,1.85,3.7,4.8,1.84,3.64,4.95,E0 (12).csv,1.7,3.6,4.7,1.85,3.4,4.5,1.83,3.7,4.8,1.88,1.81,3.77,3.59,4.95,4.54,2.11,2.0,1.93,1.8,,,
,Aston Villa,Liverpool,4.5,3.6,1.91,4.0,3.4,1.91,4.5,3.5,1.85,4.88,3.55,1.88,4.5,3.7,1.89,E0 (12).csv,3.8,3.45,1.9,4.33,3.3,1.91,4.75,3.4,1.91,5.0,4.48,3.6,3.44,1.94,1.87,2.2,2.12,1.81,1.71,,,
,Burnley,Crystal Palace,2.55,3.25,3.1,2.55,3.25,2.9,2.4,3.2,3.2,2.57,3.22,3.13,2.47,3.19,3.32,E0 (12).csv,2.4,3.2,2.85,2.5,3.2,2.9,2.55,3.2,3.12,2.6,2.48,3.3,3.17,3.25,3.02,2.43,2.31,1.68,1.6,,,
,Leicester,Stoke,2.63,3.3,2.9,2.62,3.25,2.65,2.62,3.25,2.8,2.61,3.27,3.02,2.54,3.36,3.04,E0 (12).csv,2.5,3.2,2.75,2.62,3.1,2.8,2.62,3.2,3.0,2.68,2.56,3.4,3.2,3.06,2.89,2.35,2.24,1.7,1.64,,,
,Newcastle,Southampton,3.3,3.3,2.38,2.9,3.25,2.4,3.2,3.4,2.3,3.32,3.36,2.38,2.87,3.24,2.74,E0 (12).csv,3.2,3.2,2.2,3.1,3.1,2.4,3.3,3.3,2.4,3.4,3.17,3.45,3.26,2.45,2.34,2.24,2.1,1.81,1.72,,,
,QPR,Man United,6.0,4.2,1.62,4.75,4.0,1.65,5.25,4.0,1.66,6.29,4.13,1.62,5.83,4.42,1.61,E0 (12).csv,5.0,3.9,1.6,5.5,3.6,1.67,6.0,4.2,1.62,6.4,5.77,4.3,3.92,1.67,1.61,1.85,1.79,2.14,2.01,,,
,Swansea,Chelsea,7.0,4.2,1.55,6.0,3.9,1.55,6.5,4.0,1.57,7.17,4.15,1.56,6.93,4.38,1.54,E0 (12).csv,5.6,3.9,1.55,7.0,3.6,1.57,7.0,4.1,1.57,7.3,6.64,4.24,3.96,1.59,1.55,2.1,2.0,1.92,1.8,,,
,Tottenham,Sunderland,1.62,4.2,6.0,1.62,3.9,5.0,1.61,4.0,5.5,1.59,4.26,6.4,1.57,4.35,6.5,E0 (12).csv,1.55,3.9,5.6,1.62,3.6,6.0,1.6,4.2,6.25,1.65,1.59,4.3,3.99,6.4,5.86,1.85,1.77,2.16,2.04,,,
,Man City,Arsenal,1.8,4.0,4.5,1.8,3.7,4.1,1.8,3.8,4.5,1.8,4.06,4.57,1.8,4.17,4.45,E0 (12).csv,1.8,3.5,4.2,1.83,3.8,4.0,1.8,4.0,4.5,1.83,1.79,4.1,3.82,4.65,4.38,1.62,1.57,2.6,2.36,,,
,West Ham,Hull,1.75,3.75,5.25,1.75,3.5,4.75,1.7,3.75,5.5,1.79,3.62,5.4,1.77,3.7,5.4,E0 (12).csv,1.75,3.5,4.5,1.75,3.5,5.0,1.75,3.7,5.5,1.8,1.74,3.75,3.56,5.5,5.13,2.22,2.11,1.8,1.72,,,
,Everton,West Brom,1.85,3.6,4.75,1.85,3.4,4.2,1.75,3.6,5.0,1.85,3.67,4.84,1.9,3.59,4.64,E0 (12).csv,1.8,3.5,4.2,1.85,3.4,4.5,1.85,3.6,4.8,1.88,1.83,3.75,3.52,5.0,4.58,2.14,2.06,1.89,1.76,,,
,Chelsea,Man City,2.15,3.5,3.6,2.15,3.4,3.5,2.15,3.4,3.6,2.16,3.52,3.66,2.12,3.47,3.84,E0 (12).csv,1.9,3.45,3.8,2.15,3.2,3.6,2.2,3.4,3.6,2.21,2.12,3.6,3.39,3.8,3.56,1.99,1.91,1.98,1.89,,,
,Crystal Palace,Everton,2.8,3.3,2.75,2.8,3.1,2.75,2.75,3.25,2.62,2.8,3.24,2.82,2.55,3.3,3.07,E0 (12).csv,2.6,3.2,2.6,2.7,3.1,2.7,2.8,3.2,2.8,2.85,2.73,3.4,3.18,2.82,2.7,2.38,2.25,1.7,1.63,,,
,Hull,Newcastle,2.7,3.25,2.88,2.7,3.2,2.8,2.62,3.1,2.9,2.65,3.23,3.0,2.6,3.24,3.06,E0 (12).csv,2.5,3.2,2.75,2.7,3.1,2.7,2.7,3.12,3.0,2.73,2.62,3.3,3.13,3.0,2.87,2.55,2.4,1.63,1.56,,,
,Liverpool,West Ham,1.67,4.0,5.75,1.7,3.8,4.5,1.7,4.0,5.0,1.65,4.2,5.67,1.65,4.25,5.63,E0 (12).csv,1.6,3.7,5.4,1.7,3.4,5.5,1.67,4.1,5.5,1.7,1.65,4.2,3.91,6.0,5.38,1.8,1.72,2.23,2.11,,,
,Man United,Leicester,1.36,5.5,9.5,1.36,5.0,7.5,1.36,5.0,9.0,1.36,5.28,10.15,1.38,5.2,9.45,E0 (12).csv,1.3,5.0,9.0,1.36,4.5,10.0,1.36,5.25,10.0,1.38,1.34,5.55,5.14,11.0,9.28,1.7,1.64,2.38,2.23,,,
,Stoke,QPR,1.65,4.0,6.0,1.7,3.8,4.5,1.66,3.75,5.5,1.65,4.01,6.09,1.79,3.7,5.18,E0 (12).csv,1.65,3.6,5.1,1.7,3.4,5.5,1.62,4.0,6.5,1.7,1.64,4.0,3.76,6.5,5.71,2.16,2.05,1.83,1.76,,,
,Sunderland,Burnley,2.25,3.3,3.6,2.25,3.2,3.2,2.15,3.25,3.75,2.25,3.32,3.64,2.36,3.23,3.5,E0 (12).csv,2.1,3.2,3.4,2.25,3.1,3.4,2.25,3.3,3.6,2.28,2.2,3.4,3.25,3.75,3.49,2.34,2.24,1.7,1.64,,,
,West Brom,Tottenham,2.9,3.3,2.63,2.75,3.1,2.62,2.9,3.25,2.5,2.88,3.26,2.73,3.09,3.29,2.55,E0 (12).csv,2.75,3.2,2.5,2.8,3.1,2.62,2.9,3.25,2.7,3.0,2.84,3.35,3.21,2.73,2.59,2.28,2.16,1.75,1.69,,,
,Arsenal,Aston Villa,1.25,6.5,15.0,1.28,6.0,11.0,1.25,6.0,13.0,1.27,6.21,14.32,1.29,6.05,12.45,E0 (12).csv,1.27,5.2,10.0,1.29,5.0,12.0,1.29,5.75,13.0,1.29,1.26,6.5,5.82,15.0,12.66,1.72,1.65,2.33,2.22,,,
,Southampton,Swansea,1.6,4.0,6.5,1.62,3.9,6.0,1.61,3.75,6.0,1.62,3.99,6.62,1.67,3.95,5.95,E0 (12).csv,1.65,3.6,5.1,1.62,3.6,6.0,1.6,3.9,7.0,1.65,1.59,4.0,3.82,7.0,6.29,2.2,2.11,1.79,1.72,,,
,Aston Villa,Chelsea,10.0,5.25,1.36,9.0,4.4,1.36,10.5,4.75,1.36,10.8,4.92,1.38,8.3,4.7,1.45,E0 (12).csv,7.6,4.8,1.35,9.5,4.5,1.36,10.5,4.6,1.4,11.0,9.83,5.25,4.67,1.42,1.36,2.16,2.04,1.86,1.77,,,
,Everton,Liverpool,3.4,3.4,2.3,3.2,3.4,2.3,3.2,3.4,2.3,3.36,3.47,2.3,3.51,3.3,2.31,E0 (12).csv,3.1,3.3,2.2,3.3,3.1,2.3,3.4,3.4,2.3,3.41,3.26,3.5,3.35,2.34,2.25,1.98,1.89,1.98,1.9,,,
,Leicester,Crystal Palace,2.4,3.3,3.25,2.4,3.25,2.9,2.37,3.3,3.25,2.42,3.29,3.3,2.37,3.31,3.36,E0 (12).csv,2.3,3.3,2.9,2.4,3.1,3.1,2.45,3.25,3.25,2.45,2.35,3.4,3.24,3.4,3.17,2.24,2.12,1.8,1.7,,,
,Man City,Hull,1.18,8.0,19.0,1.19,6.5,13.5,1.2,7.0,17.0,1.19,8.0,18.0,1.22,7.2,17.0,E0 (12).csv,1.2,5.8,13.0,1.2,6.0,17.0,1.2,7.5,19.0,1.22,1.18,8.0,7.07,19.0,15.69,1.64,1.56,2.48,2.37,,,
,QPR,Southampton,4.75,3.6,1.85,4.2,3.4,1.85,4.33,3.5,1.9,4.62,3.63,1.89,4.43,3.7,1.91,E0 (12).csv,4.0,3.45,1.85,4.5,3.4,1.85,4.75,3.6,1.87,4.75,4.46,3.7,3.51,1.92,1.85,2.15,2.07,1.82,1.75,,,
,Swansea,Sunderland,1.91,3.5,4.6,1.9,3.4,4.0,1.95,3.4,4.33,1.91,3.48,4.78,1.97,3.52,4.36,E0 (12).csv,1.9,3.45,3.8,1.91,3.1,4.5,1.92,3.4,4.75,1.95,1.88,3.6,3.38,4.8,4.47,2.38,2.24,1.71,1.64,,,
,Tottenham,Arsenal,3.25,3.5,2.3,3.1,3.2,2.3,3.1,3.5,2.3,3.2,3.64,2.31,3.44,3.46,2.27,E0 (12).csv,3.1,3.3,2.2,3.3,3.1,2.3,3.25,3.5,2.3,3.3,3.15,3.6,3.45,2.35,2.26,1.8,1.71,2.2,2.11,,,
,Burnley,West Brom,2.6,3.25,3.0,2.6,3.2,2.7,2.62,3.1,3.0,2.6,3.28,3.02,2.53,3.14,3.25,E0 (12).csv,2.5,3.3,2.65,2.62,3.1,2.8,2.62,3.2,3.0,2.65,2.53,3.3,3.16,3.1,2.94,2.42,2.33,1.67,1.59,,,
,Newcastle,Stoke,2.3,3.4,3.4,2.3,3.2,3.1,2.3,3.3,3.4,2.28,3.34,3.54,2.26,3.38,3.54,E0 (12).csv,2.3,3.3,2.9,2.3,3.2,3.2,2.3,3.3,3.5,2.34,2.26,3.4,3.26,3.54,3.33,2.22,2.14,1.79,1.7,,,
,West Ham,Man United,4.2,3.6,1.95,3.75,3.25,2.0,4.0,3.5,1.95,4.1,3.72,1.97,4.3,3.71,1.93,E0 (12).csv,3.8,3.45,1.9,4.0,3.2,2.0,3.7,3.7,2.0,4.33,3.94,3.7,3.51,2.03,1.96,1.97,1.89,1.98,1.9,,,
,Arsenal,Leicester,1.29,6.0,12.0,1.29,5.5,11.5,1.3,5.5,10.5,1.29,6.14,12.21,1.3,5.95,11.75,E0 (12).csv,1.3,5.0,9.0,1.29,5.0,11.0,1.29,5.75,12.0,1.31,1.28,6.3,5.64,13.02,10.72,1.62,1.55,2.64,2.4,,,
,Hull,Aston Villa,2.38,3.1,3.5,2.3,3.2,3.4,2.3,3.1,3.5,2.34,3.16,3.63,2.19,3.21,3.97,E0 (12).csv,2.3,3.1,3.1,2.3,3.0,3.4,2.3,3.1,3.75,2.39,2.3,3.25,3.1,3.75,3.46,2.74,2.57,1.54,1.49,,,
,Liverpool,Tottenham,1.91,3.8,4.2,1.91,3.75,4.0,1.91,3.75,4.0,1.92,3.84,4.19,1.9,3.77,4.36,E0 (12).csv,1.9,3.45,3.8,1.91,3.3,4.2,1.93,3.8,4.1,1.95,1.88,3.9,3.66,4.5,4.13,1.79,1.72,2.22,2.11,,,
,Sunderland,QPR,1.91,3.6,4.5,1.91,3.5,4.25,1.87,3.5,4.5,1.9,3.69,4.5,1.92,3.65,4.45,E0 (12).csv,1.9,3.45,3.8,1.91,3.3,4.33,1.93,3.5,4.6,1.96,1.9,3.69,3.48,4.6,4.31,2.23,2.14,1.77,1.7,,,
,Chelsea,Everton,1.33,5.5,11.0,1.33,5.0,8.25,1.33,5.0,9.0,1.33,5.68,11.14,1.4,5.15,9.15,E0 (12).csv,1.33,4.8,8.3,1.33,4.8,10.0,1.33,5.5,10.5,1.36,1.32,5.7,5.18,12.0,9.92,1.8,1.75,2.22,2.06,,,
,Crystal Palace,Newcastle,2.38,3.3,3.3,2.4,3.1,3.0,2.38,3.2,3.2,2.35,3.35,3.38,2.23,3.39,3.6,E0 (12).csv,2.3,3.3,2.9,2.3,3.2,3.2,2.4,3.2,3.4,2.4,2.33,3.35,3.23,3.4,3.22,2.38,2.26,1.7,1.62,,,
,Man United,Burnley,1.29,6.0,12.0,1.3,5.75,8.0,1.3,5.5,10.0,1.31,5.98,11.42,1.32,5.55,11.75,E0 (12).csv,1.27,5.2,10.0,1.3,5.0,11.0,1.29,5.75,13.0,1.33,1.29,6.06,5.57,13.0,10.48,1.69,1.64,2.42,2.22,,,
,Southampton,West Ham,1.73,3.9,5.25,1.72,3.7,4.5,1.75,3.75,4.6,1.71,3.9,5.57,1.68,4.14,5.45,E0 (12).csv,1.7,3.6,4.7,1.73,3.5,5.0,1.7,3.9,5.5,1.77,1.7,3.95,3.75,5.57,5.15,2.01,1.94,1.94,1.85,,,
,Stoke,Man City,5.75,3.8,1.7,5.0,3.6,1.7,5.0,3.75,1.7,5.64,3.98,1.69,5.59,4.19,1.65,E0 (12).csv,4.7,3.6,1.7,5.5,3.5,1.7,5.5,3.8,1.73,5.9,5.36,4.0,3.74,1.73,1.68,1.97,1.9,1.98,1.89,,,
,West Brom,Swansea,2.55,3.25,3.1,2.55,3.2,2.75,2.5,3.2,2.9,2.48,3.27,3.21,2.37,3.24,3.45,E0 (12).csv,2.4,3.1,2.9,2.5,3.0,3.1,2.5,3.2,3.2,2.55,2.46,3.3,3.17,3.3,3.05,2.45,2.32,1.65,1.59,,,
,Aston Villa,Stoke,2.7,3.2,2.9,2.65,3.1,2.7,2.6,3.2,2.9,2.64,3.25,3.01,2.62,3.23,3.04,E0 (12).csv,2.6,3.1,2.7,2.7,3.0,2.75,2.62,3.2,3.0,2.75,2.61,3.25,3.14,3.05,2.88,2.5,2.35,1.65,1.58,,,
,Chelsea,Burnley,1.2,7.5,17.0,1.2,6.25,12.5,1.18,7.0,17.0,1.21,7.45,17.66,1.2,7.5,17.95,E0 (12).csv,1.2,5.8,13.0,1.2,6.0,17.0,1.2,7.0,19.0,1.22,1.2,8.0,6.84,19.0,15.35,1.57,1.53,2.75,2.44,,,
,Crystal Palace,Arsenal,4.75,3.75,1.83,4.1,3.6,1.83,5.0,3.75,1.75,4.93,3.73,1.82,5.03,3.84,1.78,E0 (12).csv,4.2,3.5,1.8,5.0,3.1,1.85,4.8,3.7,1.83,5.0,4.64,3.8,3.59,1.85,1.8,2.04,1.95,1.99,1.84,,,
,Hull,QPR,2.05,3.3,4.2,2.05,3.25,3.6,2.05,3.3,4.0,2.08,3.46,3.99,1.85,3.54,5.02,E0 (12).csv,2.1,3.2,3.4,2.1,3.1,3.75,2.05,3.3,4.2,2.11,2.04,3.45,3.29,4.2,3.88,2.38,2.28,1.69,1.61,,,
,Man City,Newcastle,1.3,6.0,11.0,1.3,5.25,9.0,1.3,5.5,11.0,1.3,6.07,11.7,1.29,6.3,11.9,E0 (12).csv,1.3,5.0,9.0,1.3,4.5,13.0,1.29,6.0,12.0,1.31,1.28,6.3,5.68,13.0,11.05,1.6,1.55,2.68,2.39,,,
,Sunderland,West Brom,2.7,3.2,2.9,2.7,3.0,2.75,2.5,3.2,3.0,2.67,3.2,2.99,2.87,3.21,2.78,E0 (12).csv,2.4,3.1,2.95,2.75,2.9,2.8,2.75,3.0,3.0,2.75,2.61,3.3,3.09,3.02,2.9,2.62,2.46,1.58,1.53,,,
,Swansea,Man United,4.2,3.5,2.0,3.6,3.4,2.0,4.0,3.5,2.0,3.97,3.56,2.05,3.83,3.3,2.19,E0 (12).csv,3.6,3.3,2.0,4.0,3.2,2.0,4.1,3.6,2.0,4.4,3.93,3.6,3.41,2.05,2.0,2.07,1.99,1.89,1.81,,,
,Everton,Leicester,1.83,3.6,5.0,1.83,3.5,4.2,1.83,3.6,4.5,1.86,3.62,4.84,1.79,3.68,5.23,E0 (12).csv,1.7,3.6,4.7,1.83,3.2,4.8,1.83,3.7,4.8,1.88,1.81,4.0,3.53,5.2,4.73,2.11,2.0,1.93,1.79,,,
,Southampton,Liverpool,2.63,3.3,2.9,2.6,3.25,2.65,2.45,3.3,3.0,2.5,3.38,3.09,2.66,3.31,2.92,E0 (12).csv,2.6,3.2,2.6,2.62,3.1,2.75,2.55,3.3,3.0,2.63,2.49,3.45,3.27,3.1,2.92,2.21,2.09,1.8,1.73,,,
,Tottenham,West Ham,1.8,3.8,4.75,1.83,3.6,4.0,1.83,3.6,4.33,1.83,4.02,4.46,1.8,3.8,4.94,E0 (12).csv,1.75,3.5,4.5,1.83,3.2,4.8,1.8,3.9,4.75,1.85,1.78,4.05,3.75,4.8,4.51,1.77,1.72,2.22,2.11,,,
,Burnley,Swansea,2.63,3.3,2.9,2.6,3.25,2.9,2.7,3.3,2.7,2.62,3.35,2.94,2.52,3.22,3.2,E0 (12).csv,2.6,3.2,2.6,2.7,3.1,2.75,2.62,3.3,2.9,2.7,2.59,3.45,3.25,3.0,2.83,2.2,2.12,1.79,1.71,,,
,Man United,Sunderland,1.36,5.25,10.0,1.36,5.0,9.25,1.4,4.5,9.5,1.36,5.25,10.35,1.39,4.98,9.97,E0 (12).csv,1.35,4.8,7.6,1.4,4.0,11.0,1.36,5.25,10.0,1.4,1.36,5.5,4.87,11.0,9.61,1.87,1.79,2.11,2.01,,,
,Newcastle,Aston Villa,1.95,3.5,4.5,2.0,3.4,4.0,1.95,3.4,4.33,1.96,3.41,4.63,1.99,3.5,4.31,E0 (12).csv,1.9,3.45,3.8,2.0,3.1,4.2,1.95,3.5,4.4,2.0,1.94,3.6,3.37,4.56,4.24,2.41,2.27,1.69,1.62,,,
,Stoke,Hull,1.91,3.5,4.75,1.95,3.4,3.8,1.9,3.4,4.5,1.95,3.44,4.6,2.04,3.26,4.48,E0 (12).csv,1.9,3.45,3.8,2.0,3.1,4.2,1.95,3.4,4.6,2.03,1.95,3.5,3.32,4.6,4.27,2.55,2.37,1.65,1.58,,,
,West Brom,Southampton,3.4,3.2,2.38,3.5,3.2,2.25,3.3,3.2,2.37,3.48,3.24,2.36,3.4,3.27,2.38,E0 (12).csv,2.95,3.2,2.35,3.1,3.1,2.4,3.3,3.25,2.4,3.52,3.33,3.3,3.16,2.4,2.32,2.6,2.43,1.6,1.54,,,
,West Ham,Crystal Palace,2.15,3.4,3.75,2.15,3.4,3.5,1.95,3.5,3.9,2.14,3.4,3.86,2.28,3.32,3.58,E0 (12).csv,2.1,3.3,3.3,2.15,3.1,3.6,2.15,3.4,3.8,2.16,2.1,3.5,3.33,4.0,3.68,2.18,2.09,1.8,1.73,,,
,Arsenal,Everton,1.57,4.5,6.0,1.57,4.2,6.0,1.55,4.33,6.5,1.55,4.47,6.6,1.56,4.5,6.35,E0 (12).csv,1.55,4.0,5.5,1.57,3.75,6.5,1.57,4.3,6.5,1.59,1.54,4.6,4.19,6.8,6.27,1.82,1.74,2.16,2.08,,,
,Liverpool,Man City,3.1,3.6,2.38,3.0,3.4,2.4,3.1,3.5,2.3,3.16,3.59,2.36,3.29,3.62,2.27,E0 (12).csv,2.75,3.3,2.4,3.1,3.1,2.4,3.1,3.5,2.4,3.2,3.02,3.6,3.44,2.43,2.36,1.82,1.74,2.16,2.08,,,
,Aston Villa,West Brom,2.88,3.1,2.88,2.8,3.1,2.8,2.75,3.1,2.87,2.82,3.14,2.88,2.95,3.1,2.77,E0 (12).csv,2.6,3.1,2.7,2.8,3.0,2.7,2.9,3.0,2.88,2.9,2.78,3.2,3.04,3.0,2.81,2.75,2.63,1.53,1.47,,,
,Hull,Sunderland,2.15,3.3,3.9,2.15,3.2,3.75,2.15,3.3,3.8,2.22,3.24,3.82,2.28,3.22,3.69,E0 (12).csv,2.2,3.1,3.3,2.1,3.1,3.8,2.2,3.2,3.9,2.25,2.15,3.35,3.2,4.0,3.75,2.62,2.46,1.6,1.54,,,
,Southampton,Crystal Palace,1.7,3.8,5.75,1.7,3.6,5.0,1.7,3.75,5.5,1.71,3.79,5.86,1.69,3.88,5.85,E0 (12).csv,1.7,3.6,4.7,1.7,3.3,6.0,1.7,3.7,6.0,1.75,1.69,4.0,3.68,6.0,5.59,2.29,2.17,1.74,1.68,,,
,Liverpool,Burnley,1.36,5.25,10.0,1.36,5.0,9.25,1.36,5.0,8.5,1.4,5.16,9.14,1.37,5.37,9.8,E0 (12).csv,1.35,4.8,7.6,1.36,4.33,9.5,1.36,5.25,9.5,1.4,1.36,5.4,4.98,10.0,8.98,1.67,1.62,2.42,2.27,,,
,Man City,Leicester,1.25,7.0,13.0,1.25,6.5,11.5,1.25,6.0,12.0,1.26,6.63,12.62,1.25,7.2,12.0,E0 (12).csv,1.25,5.5,10.3,1.25,5.5,13.0,1.25,6.5,13.0,1.29,1.25,7.0,6.24,15.0,11.73,1.53,1.48,2.81,2.59,,,
,Newcastle,Man United,4.2,3.5,2.0,4.0,3.4,2.0,3.8,3.5,2.0,4.14,3.54,2.01,4.6,3.76,1.86,E0 (12).csv,3.8,3.45,1.9,4.2,3.1,2.0,4.2,3.5,2.0,4.2,3.98,3.6,3.42,2.05,1.99,2.16,2.06,1.84,1.75,,,
,QPR,Arsenal,7.0,4.33,1.53,6.0,4.33,1.55,6.0,4.2,1.55,6.62,4.57,1.54,6.9,5.05,1.48,E0 (12).csv,5.6,3.9,1.55,7.0,3.8,1.53,6.5,4.4,1.55,7.0,6.37,4.8,4.26,1.57,1.53,1.71,1.64,2.37,2.23,,,
,Stoke,Everton,2.5,3.3,3.1,2.5,3.2,2.8,2.4,3.3,3.1,2.44,3.36,3.2,2.65,3.33,2.9,E0 (12).csv,2.5,3.2,2.75,2.5,3.1,3.0,2.55,3.2,3.12,2.55,2.46,3.36,3.23,3.2,3.03,2.3,2.22,1.73,1.64,,,
,Tottenham,Swansea,1.75,3.8,5.25,1.75,3.5,4.75,1.75,3.8,4.8,1.74,3.99,5.15,1.79,3.76,5.12,E0 (12).csv,1.7,3.6,4.7,1.75,3.4,5.0,1.75,3.8,5.2,1.8,1.73,4.0,3.74,5.5,4.98,1.93,1.83,2.07,1.97,,,
,West Ham,Chelsea,6.25,4.0,1.62,5.75,4.1,1.62,6.0,4.0,1.61,6.25,4.18,1.61,6.18,4.24,1.61,E0 (12).csv,5.1,3.6,1.65,5.0,4.0,1.62,6.0,4.0,1.65,6.3,5.8,4.3,3.96,1.65,1.6,1.87,1.8,2.08,1.99,,,
,QPR,Tottenham,4.75,3.9,1.8,4.5,3.8,1.8,4.5,3.6,1.8,4.67,3.98,1.8,4.51,3.99,1.82,E0 (12).csv,4.0,3.45,1.85,5.0,3.2,1.83,4.8,3.9,1.8,5.0,4.55,4.0,3.76,1.85,1.78,1.8,1.72,2.25,2.11,,,
,Arsenal,West Ham,1.4,5.0,9.0,1.4,4.5,7.5,1.4,5.0,8.0,1.38,5.36,9.08,1.34,5.75,10.0,E0 (12).csv,1.4,4.4,7.3,1.4,4.5,8.0,1.36,5.25,9.5,1.44,1.38,5.5,4.92,9.5,8.2,1.65,1.61,2.48,2.28,,,
,Burnley,Man City,7.5,5.0,1.44,6.5,4.5,1.44,7.0,4.5,1.45,7.62,4.85,1.46,8.0,5.15,1.43,E0 (12).csv,7.0,4.0,1.45,7.0,4.5,1.44,8.0,4.8,1.45,8.0,7.31,5.0,4.6,1.5,1.44,1.67,1.62,2.48,2.27,,,
,Crystal Palace,QPR,1.83,3.75,4.75,1.83,3.6,4.1,1.83,3.6,4.5,1.78,3.83,5.04,1.78,3.77,5.15,E0 (12).csv,1.85,3.45,4.0,1.75,3.6,4.75,1.83,3.6,5.0,1.85,1.78,3.83,3.62,5.3,4.73,2.14,2.03,1.88,1.78,,,
,Leicester,Hull,2.2,3.3,3.75,2.2,3.25,3.25,2.25,3.2,3.4,2.21,3.29,3.78,2.12,3.3,4.05,E0 (12).csv,2.1,3.3,3.3,2.25,3.1,3.4,2.25,3.2,3.75,2.26,2.17,3.3,3.23,4.05,3.61,2.42,2.29,1.66,1.61,,,
,Sunderland,Aston Villa,2.38,3.25,3.4,2.35,3.1,3.1,2.4,3.1,3.25,2.31,3.25,3.57,2.32,3.29,3.49,E0 (12).csv,2.25,3.0,3.3,2.4,3.0,3.2,2.38,3.1,3.6,2.42,2.32,3.4,3.14,3.57,3.35,2.6,2.44,1.6,1.54,,,
,West Brom,Stoke,2.38,3.25,3.4,2.35,3.0,3.2,2.4,3.2,3.2,2.38,3.23,3.44,2.56,3.16,3.18,E0 (12).csv,2.3,3.2,3.0,2.4,3.0,3.25,2.4,3.1,3.5,2.4,2.33,3.3,3.14,3.55,3.33,2.6,2.47,1.59,1.53,,,
,Chelsea,Southampton,1.62,4.0,6.5,1.62,3.9,6.0,1.57,4.0,6.5,1.62,4.0,6.55,1.62,3.86,7.0,E0 (12).csv,1.5,4.0,6.1,1.62,3.6,6.0,1.62,3.9,6.5,1.63,1.59,4.2,3.87,6.8,6.26,2.15,2.07,1.89,1.74,,,
,Everton,Newcastle,1.83,3.75,4.75,1.83,3.5,4.2,1.83,3.5,4.5,1.82,3.67,5.05,1.82,3.69,5.02,E0 (12).csv,1.85,3.45,4.0,1.85,3.4,4.5,1.85,3.6,4.8,1.88,1.81,3.75,3.56,5.05,4.61,2.1,1.99,1.92,1.81,,,
,Man United,Tottenham,1.91,3.75,4.33,1.91,3.5,4.25,1.9,3.75,4.0,1.89,3.74,4.45,1.85,3.85,4.55,E0 (12).csv,1.9,3.45,3.8,1.95,3.4,4.0,1.92,3.75,4.2,1.95,1.89,3.8,3.63,4.45,4.14,1.79,1.74,2.2,2.07,,,
,Swansea,Liverpool,4.0,3.6,2.0,3.9,3.5,2.0,3.75,3.4,2.05,4.24,3.51,2.0,4.2,3.55,2.0,E0 (12).csv,3.3,3.3,2.1,4.0,3.1,2.05,4.1,3.4,2.05,4.24,3.96,3.6,3.4,2.1,1.99,2.11,2.0,1.93,1.79,,,
,Aston Villa,Swansea,2.5,3.25,2.8,2.5,3.0,3.0,2.4,3.25,3.0,2.52,3.22,3.2,2.65,3.21,3.01,E0 (12).csv,2.3,3.2,3.0,2.4,3.1,3.1,2.55,3.2,3.12,2.55,2.45,3.3,3.17,3.3,3.06,2.43,2.33,1.67,1.59,,,
,Man City,West Brom,1.3,5.5,8.5,1.3,5.0,10.0,1.3,5.5,10.0,1.32,5.85,10.89,1.31,6.0,11.25,E0 (12).csv,1.3,5.0,9.0,1.33,5.0,9.0,1.3,5.75,12.0,1.34,1.31,6.5,5.5,12.0,10.01,1.64,1.58,2.54,2.34,,,
,Newcastle,Arsenal,6.0,3.8,1.57,5.5,3.8,1.6,5.25,4.0,1.65,6.15,4.34,1.6,5.75,4.2,1.65,E0 (12).csv,4.9,3.7,1.65,6.0,3.75,1.6,6.0,4.33,1.6,6.25,5.71,4.34,4.04,1.75,1.59,1.8,1.73,2.22,2.1,,,
,Southampton,Burnley,1.4,4.5,7.5,1.45,4.2,7.0,1.44,4.33,7.5,1.46,4.55,8.5,1.47,4.62,8.1,E0 (12).csv,1.45,4.0,7.0,1.44,4.0,8.0,1.45,4.5,8.5,1.5,1.45,4.65,4.29,8.7,7.78,2.0,1.92,1.97,1.87,,,
,Stoke,Crystal Palace,2.1,3.3,3.5,2.2,3.1,3.4,2.1,3.3,3.75,2.16,3.34,3.88,2.54,3.17,3.2,E0 (12).csv,2.1,3.2,3.4,2.15,3.2,3.5,2.2,3.25,3.8,2.2,2.13,3.4,3.25,3.95,3.65,2.45,2.31,1.65,1.6,,,
,Tottenham,Leicester,1.53,4.0,6.0,1.6,4.0,5.25,1.53,4.2,6.0,1.59,4.36,6.15,1.67,4.11,5.65,E0 (12).csv,1.5,4.0,6.1,1.6,4.0,5.5,1.57,4.33,6.25,1.62,1.56,4.5,4.16,7.0,5.91,1.7,1.66,2.38,2.21,,,
,West Ham,Sunderland,1.8,3.5,4.5,1.85,3.4,4.25,1.85,3.5,4.33,1.81,3.69,5.14,1.85,3.61,4.98,E0 (12).csv,1.8,3.5,4.2,1.85,3.5,4.33,1.83,3.6,5.0,1.95,1.81,3.7,3.54,5.0,4.61,2.08,2.02,1.88,1.78,,,
,Hull,Chelsea,7.0,4.33,1.44,6.75,4.25,1.45,7.5,4.33,1.44,8.52,4.42,1.48,8.0,4.08,1.54,E0 (12).csv,7.0,4.0,1.45,7.0,4.0,1.5,9.0,4.4,1.45,9.0,7.87,4.55,4.23,1.55,1.45,2.09,2.0,1.89,1.79,,,
,Liverpool,Man United,2.05,3.4,3.6,2.15,3.4,3.6,2.1,3.4,3.6,2.14,3.49,3.76,2.33,3.25,3.5,E0 (12).csv,2.2,3.2,3.2,2.1,3.25,3.5,2.1,3.5,3.8,2.3,2.11,3.55,3.37,3.8,3.57,1.99,1.91,1.98,1.88,,,
,QPR,Everton,3.3,3.4,2.15,3.25,3.25,2.2,3.3,3.4,2.2,3.55,3.42,2.25,3.65,3.55,2.15,E0 (12).csv,3.1,3.3,2.2,3.3,3.3,2.2,3.6,3.4,2.2,3.6,3.35,3.5,3.35,2.3,2.2,2.14,2.02,1.88,1.78,,,
,Arsenal,Liverpool,1.83,3.75,4.2,1.85,3.6,4.0,1.85,3.75,4.2,1.85,3.89,4.51,1.85,3.74,4.67,E0 (12).csv,1.9,3.45,3.8,1.83,3.4,4.5,1.87,3.8,4.4,1.9,1.83,3.89,3.68,4.6,4.35,1.77,1.7,2.3,2.14,,,
,Chelsea,Stoke,1.29,5.5,11.0,1.28,5.25,10.5,1.29,5.5,12.0,1.27,6.06,14.38,1.32,5.5,12.55,E0 (12).csv,1.28,5.1,10.0,1.29,5.0,12.0,1.25,6.0,15.0,1.31,1.27,6.1,5.55,16.0,12.62,1.89,1.82,2.06,1.98,,,
,Everton,Southampton,2.63,3.2,2.8,2.6,3.1,2.75,2.6,3.2,2.88,2.73,3.3,2.85,2.9,3.21,2.75,E0 (12).csv,2.5,3.3,2.65,2.6,3.1,2.8,2.75,3.2,2.88,2.75,2.64,3.3,3.18,3.0,2.81,2.3,2.21,1.73,1.66,,,
,Leicester,West Ham,2.38,3.3,3.1,2.3,3.3,3.0,2.38,3.3,3.1,2.33,3.54,3.24,2.12,3.64,3.65,E0 (12).csv,2.2,3.3,3.1,2.25,3.4,3.1,2.38,3.5,3.13,2.4,2.32,3.54,3.38,3.25,3.11,1.9,1.83,2.08,1.97,,,
,Man United,Aston Villa,1.3,5.5,10.0,1.3,5.0,9.5,1.3,5.0,11.0,1.31,5.7,12.0,1.36,5.14,10.85,E0 (12).csv,1.3,5.0,9.0,1.33,4.8,10.0,1.3,5.5,13.0,1.4,1.3,5.8,5.29,13.0,10.76,1.8,1.75,2.19,2.07,,,
,Swansea,Hull,1.91,3.5,4.2,1.91,3.3,4.1,1.83,3.5,4.5,1.97,3.4,4.56,2.07,3.32,4.25,E0 (12).csv,1.9,3.45,3.8,2.0,3.1,4.2,1.93,3.4,4.75,2.0,1.94,3.7,3.34,4.75,4.3,2.48,2.34,1.64,1.58,,,
,West Brom,QPR,1.8,3.5,4.5,1.75,3.5,4.75,1.75,3.5,5.0,1.78,3.67,5.41,1.85,3.7,4.92,E0 (12).csv,1.75,3.5,4.5,1.73,3.3,5.5,1.8,3.6,5.2,1.8,1.75,3.8,3.56,5.6,5.05,2.22,2.1,1.79,1.73,,,
,Burnley,Tottenham,3.5,3.4,2.1,3.6,3.5,2.1,3.6,3.5,2.05,3.5,3.63,2.18,3.24,3.54,2.33,E0 (12).csv,3.2,3.4,2.1,3.5,3.1,2.2,3.4,3.6,2.2,3.65,3.44,3.65,3.45,2.2,2.13,1.85,1.79,2.14,2.02,,,
,Sunderland,Newcastle,2.5,3.1,3.1,2.5,3.2,2.8,2.4,3.25,3.1,2.59,3.29,3.03,2.87,3.08,2.88,E0 (12).csv,2.2,3.3,3.1,2.62,3.1,2.8,2.6,3.2,3.1,2.62,2.51,3.4,3.19,3.1,2.97,2.32,2.22,1.72,1.65,,,
,Crystal Palace,Man City,5.0,4.0,1.67,5.0,4.0,1.7,5.0,4.0,1.67,5.6,4.03,1.68,5.6,4.1,1.67,E0 (12).csv,5.0,3.9,1.6,4.8,3.8,1.7,5.5,4.0,1.7,6.0,5.19,4.2,3.92,1.73,1.66,1.85,1.77,2.12,2.04,,,
,Aston Villa,QPR,2.15,3.4,3.8,2.15,3.3,3.3,2.1,3.4,3.75,2.1,3.43,3.95,2.08,3.39,4.08,E0 (12).csv,2.0,3.3,3.6,2.15,3.2,3.6,2.15,3.4,3.8,2.15,2.1,3.5,3.32,3.95,3.71,2.2,2.11,1.8,1.72,,,
,Burnley,Arsenal,6.5,4.33,1.57,6.25,4.1,1.57,6.0,4.2,1.57,6.25,4.35,1.58,6.55,3.98,1.63,E0 (12).csv,7.0,4.0,1.45,6.0,3.8,1.57,6.25,4.33,1.57,7.2,6.21,4.6,4.13,1.59,1.55,1.8,1.72,2.23,2.12,,,
,Southampton,Hull,1.53,4.2,7.5,1.53,3.8,6.5,1.5,4.0,8.0,1.53,4.18,7.8,1.59,4.05,6.95,E0 (12).csv,1.55,3.9,5.6,1.53,3.75,7.0,1.55,4.1,7.0,1.55,1.51,4.4,3.98,8.5,7.25,2.3,2.21,1.73,1.66,,,
,Sunderland,Crystal Palace,2.9,3.2,2.7,2.75,3.1,2.6,2.75,3.1,2.75,3.0,3.18,2.68,2.82,3.17,2.86,E0 (12).csv,2.4,3.2,2.85,2.7,3.1,2.7,2.9,3.2,2.75,3.0,2.83,3.4,3.13,2.85,2.66,2.45,2.34,1.65,1.58,,,
,Swansea,Everton,2.5,3.3,3.1,2.5,3.3,2.95,2.4,3.3,3.1,2.48,3.31,3.17,2.52,3.3,3.12,E0 (12).csv,2.4,3.3,2.75,2.5,3.2,2.9,2.5,3.3,3.1,2.52,2.45,3.35,3.23,3.17,3.02,2.2,2.12,1.81,1.71,,,
,Tottenham,Aston Villa,1.62,4.2,6.0,1.62,4.1,5.5,1.62,4.0,5.75,1.63,4.26,5.93,1.63,4.1,6.2,E0 (12).csv,1.55,3.9,5.6,1.62,3.8,5.5,1.62,4.2,6.0,1.65,1.6,4.33,4.05,6.4,5.72,1.77,1.7,2.28,2.13,,,
,West Brom,Leicester,2.3,3.4,3.4,2.2,3.25,3.2,2.2,3.4,3.5,2.33,3.38,3.39,2.37,3.37,3.31,E0 (12).csv,2.0,3.3,3.6,2.3,3.2,3.2,2.3,3.4,3.4,2.33,2.27,3.4,3.29,3.6,3.3,2.22,2.05,1.83,1.76,,,
,West Ham,Stoke,2.3,3.4,3.4,2.3,3.2,3.1,2.2,3.4,3.4,2.33,3.37,3.4,2.15,3.45,3.8,E0 (12).csv,2.1,3.2,3.4,2.3,3.2,3.2,2.3,3.4,3.4,2.33,2.26,3.4,3.29,3.58,3.31,2.19,2.07,1.82,1.75,,,
,Man United,Man City,2.63,3.4,2.88,2.7,3.4,2.7,2.6,3.4,2.8,2.74,3.5,2.71,2.81,3.29,2.78,E0 (12).csv,2.4,3.3,2.75,2.7,3.1,2.7,2.7,3.4,2.75,2.74,2.61,3.6,3.34,2.9,2.72,1.92,1.81,2.08,2.0,,,
,QPR,Chelsea,9.0,5.0,1.4,8.0,5.0,1.4,8.5,4.8,1.4,9.2,4.99,1.4,9.5,4.82,1.41,E0 (12).csv,7.3,4.4,1.4,8.0,4.5,1.4,9.5,5.0,1.4,9.7,8.59,5.2,4.79,1.4,1.38,1.77,1.7,2.27,2.13,,,
,Liverpool,Newcastle,1.4,5.0,9.0,1.4,5.0,8.25,1.44,4.5,8.0,1.4,5.05,9.45,1.36,5.46,9.86,E0 (12).csv,1.45,4.0,7.0,1.4,4.5,8.0,1.4,5.0,9.5,1.45,1.4,5.1,4.71,9.5,8.41,1.76,1.71,2.24,2.13,,,
,Chelsea,Man United,2.0,3.4,4.33,2.0,3.5,3.9,2.0,3.4,4.0,2.0,3.45,4.33,1.97,3.47,4.44,E0 (12).csv,2.0,3.3,3.6,2.0,3.3,4.33,2.0,3.4,4.3,2.2,2.0,3.56,3.37,4.33,4.0,2.18,2.08,1.82,1.75,,,
,Crystal Palace,West Brom,1.95,3.5,4.5,1.95,3.4,3.75,1.95,3.5,4.0,1.92,3.5,4.69,2.07,3.32,4.24,E0 (12).csv,1.9,3.45,3.8,1.95,3.25,4.2,1.95,3.3,4.4,1.95,1.92,3.6,3.41,4.69,4.26,2.28,2.15,1.75,1.69,,,
,Everton,Burnley,1.73,3.8,5.5,1.72,3.8,5.0,1.73,3.75,5.0,1.76,3.81,5.29,1.86,3.59,4.87,E0 (12).csv,1.7,3.8,4.3,1.75,3.5,5.0,1.73,3.8,5.5,1.76,1.71,3.85,3.7,5.6,5.18,2.08,1.96,1.91,1.84,,,
,Leicester,Swansea,2.15,3.4,3.75,2.15,3.3,3.3,2.2,3.4,3.4,2.1,3.53,3.83,2.01,3.58,4.11,E0 (12).csv,2.1,3.3,3.3,2.15,3.3,3.4,2.15,3.5,3.6,2.2,2.11,3.55,3.4,3.83,3.55,1.95,1.89,2.01,1.91,,,
,Stoke,Southampton,3.5,3.25,2.3,3.0,3.3,2.3,3.2,3.25,2.38,3.58,3.28,2.29,3.33,3.24,2.43,E0 (12).csv,2.9,3.3,2.3,3.2,3.2,2.3,3.5,3.13,2.38,3.58,3.36,3.32,3.21,2.38,2.27,2.41,2.31,1.67,1.6,,,
,Man City,West Ham,1.25,6.5,11.0,1.28,6.0,11.0,1.29,6.0,11.0,1.25,6.76,13.35,1.27,6.7,11.9,E0 (12).csv,1.27,5.2,10.0,1.29,5.0,12.0,1.29,6.0,12.0,1.29,1.25,7.1,6.05,13.35,11.88,1.5,1.46,2.95,2.66,,,
,Newcastle,Tottenham,3.3,3.5,2.3,3.3,3.3,2.3,3.2,3.4,2.3,3.3,3.53,2.32,3.03,3.43,2.51,E0 (12).csv,2.65,3.3,2.5,3.2,3.1,2.38,3.13,3.5,2.4,3.42,3.19,3.52,3.36,2.5,2.28,1.88,1.82,2.1,1.98,,,
,Burnley,Leicester,2.63,3.3,2.9,2.55,3.3,2.8,2.45,3.3,3.0,2.5,3.34,3.1,2.78,3.36,2.76,E0 (12).csv,2.5,3.3,2.65,2.62,2.88,3.0,2.55,3.4,3.0,2.63,2.49,3.48,3.27,3.1,2.93,2.09,2.0,1.88,1.8,,,
,Crystal Palace,Hull,2.05,3.3,4.2,2.0,3.3,4.1,2.0,3.4,4.2,2.09,3.34,4.16,2.06,3.38,4.18,E0 (12).csv,2.0,3.3,3.6,2.1,3.0,4.0,2.05,3.3,4.2,2.1,2.04,3.5,3.28,4.3,3.96,2.4,2.28,1.67,1.61,,,
,Man City,Aston Villa,1.29,6.0,12.0,1.28,5.75,12.5,1.3,5.75,10.0,1.27,6.45,12.4,1.26,6.85,12.65,E0 (12).csv,1.27,5.2,10.0,1.29,4.8,12.0,1.29,6.0,12.0,1.3,1.26,6.6,5.91,14.0,11.44,1.53,1.49,2.8,2.58,,,
,Newcastle,Swansea,2.45,3.25,3.25,2.45,3.2,2.85,2.45,3.3,3.0,2.42,3.33,3.26,2.32,3.32,3.48,E0 (12).csv,2.4,3.2,2.85,2.5,2.9,3.1,2.45,3.25,3.25,2.5,2.39,3.4,3.22,3.34,3.13,2.3,2.2,1.73,1.66,,,
,QPR,West Ham,2.38,3.4,3.25,2.38,3.2,2.95,2.38,3.4,3.2,2.39,3.47,3.2,2.26,3.51,3.42,E0 (12).csv,2.2,3.3,3.1,2.4,3.0,3.2,2.4,3.4,3.13,2.4,2.33,3.47,3.35,3.3,3.1,1.9,1.83,2.06,1.97,,,
,Southampton,Tottenham,2.1,3.5,3.8,2.1,3.4,3.7,2.1,3.4,3.75,2.05,3.49,4.06,2.08,3.5,3.94,E0 (12).csv,2.15,3.3,3.2,2.1,3.1,3.75,2.1,3.4,3.9,2.15,2.06,3.6,3.4,4.06,3.73,2.08,2.02,1.87,1.78,,,
,Stoke,Sunderland,1.91,3.5,4.75,1.91,3.4,3.9,1.9,3.4,4.5,1.93,3.45,4.73,1.79,3.68,5.25,E0 (12).csv,1.9,3.45,3.8,1.95,3.0,4.5,1.95,3.3,4.75,1.95,1.9,3.6,3.38,4.75,4.43,2.38,2.28,1.71,1.62,,,
,West Brom,Liverpool,4.0,3.6,2.0,4.0,3.6,1.95,4.1,3.6,1.95,4.15,3.51,2.02,4.34,3.54,1.97,E0 (12).csv,4.0,3.45,1.85,4.0,3.1,2.05,4.1,3.6,2.0,4.33,3.94,3.62,3.44,2.05,1.99,2.05,1.97,1.98,1.82,,,
,Arsenal,Chelsea,2.4,3.3,3.3,2.35,3.3,3.2,2.45,3.25,3.1,2.35,3.29,3.44,2.45,3.27,3.26,E0 (12).csv,2.5,3.2,2.75,2.4,3.1,3.1,2.4,3.25,3.3,2.5,2.36,3.46,3.22,3.44,3.19,2.26,2.17,1.78,1.68,,,
,Everton,Man United,3.75,3.4,2.15,3.4,3.4,2.2,3.5,3.5,2.15,3.66,3.39,2.2,4.04,3.51,2.04,E0 (12).csv,3.6,3.3,2.0,3.6,3.0,2.2,3.6,3.4,2.2,3.8,3.54,3.58,3.33,2.21,2.16,2.15,2.04,1.9,1.76,,,
,Hull,Liverpool,4.33,3.4,2.0,4.1,3.4,2.0,4.0,3.4,2.0,4.15,3.44,2.04,4.03,3.38,2.1,E0 (12).csv,3.6,3.3,2.0,3.8,3.4,2.0,4.1,3.4,2.05,4.55,4.08,3.54,3.36,2.05,1.99,2.21,2.14,1.8,1.7,,,
,Leicester,Chelsea,5.75,3.8,1.7,5.25,3.8,1.7,5.25,4.0,1.65,5.58,3.98,1.69,5.0,3.78,1.8,E0 (12).csv,4.7,3.6,1.7,4.8,3.8,1.7,5.5,3.9,1.7,6.1,5.35,4.15,3.78,1.75,1.67,1.93,1.85,2.04,1.95,,,
,Aston Villa,Everton,2.75,3.3,2.8,2.65,3.25,2.6,2.7,3.3,2.7,2.78,3.32,2.79,2.64,3.29,2.96,E0 (12).csv,2.5,3.3,2.65,2.7,3.1,2.7,2.8,3.25,2.8,2.8,2.69,3.5,3.23,2.9,2.72,2.15,2.06,1.83,1.76,,,
,Leicester,Newcastle,1.91,3.7,4.33,1.91,3.5,4.1,1.95,3.6,3.8,1.97,3.64,4.18,1.85,3.71,4.72,E0 (12).csv,1.95,3.35,3.7,1.91,3.5,4.0,1.93,3.7,4.3,2.0,1.94,3.7,3.53,4.4,4.03,1.96,1.88,2.0,1.92,,,
,Liverpool,QPR,1.36,5.25,10.0,1.36,5.25,8.75,1.4,5.0,8.0,1.38,5.2,9.56,1.36,5.6,9.5,E0 (12).csv,1.42,4.6,6.4,1.4,4.5,8.0,1.4,5.0,9.0,1.4,1.37,5.3,4.97,10.0,8.69,1.68,1.6,2.5,2.29,,,
,Man United,West Brom,1.36,5.25,10.0,1.36,5.25,8.75,1.36,5.0,9.0,1.38,5.23,10.35,1.41,4.81,9.85,E0 (12).csv,1.3,5.0,9.0,1.36,4.5,9.0,1.36,5.2,10.0,1.38,1.36,5.5,4.9,10.35,9.2,1.81,1.74,2.17,2.08,,,
,Sunderland,Southampton,4.2,3.4,2.05,3.6,3.25,2.05,4.0,3.3,2.05,4.04,3.44,2.08,4.06,3.44,2.07,E0 (12).csv,3.3,3.3,2.1,4.0,3.1,2.05,4.2,3.3,2.05,4.2,3.92,3.43,3.28,2.11,2.05,2.47,2.37,1.64,1.57,,,
,Swansea,Stoke,2.3,3.4,3.4,2.3,3.1,3.2,2.15,3.3,3.5,2.28,3.43,3.45,2.31,3.38,3.45,E0 (12).csv,2.2,3.2,3.2,2.3,3.2,3.2,2.38,3.13,3.5,2.38,2.25,3.43,3.27,3.6,3.35,2.33,2.23,1.72,1.64,,,
,West Ham,Burnley,2.25,3.5,3.4,2.25,3.3,3.1,2.15,3.4,3.5,2.29,3.45,3.39,2.38,3.43,3.25,E0 (12).csv,2.2,3.3,3.1,2.25,3.2,3.3,2.25,3.4,3.5,2.29,2.22,3.5,3.34,3.6,3.36,2.15,2.04,1.83,1.77,,,
,Chelsea,Crystal Palace,1.36,5.25,10.0,1.36,5.0,9.25,1.33,5.0,10.0,1.35,5.32,10.82,1.33,5.2,12.75,E0 (12).csv,1.35,4.8,7.6,1.36,4.8,8.5,1.36,5.0,10.5,1.36,1.34,5.5,4.97,11.0,9.71,1.83,1.78,2.13,2.03,,,
,Tottenham,Man City,3.75,3.75,2.05,3.6,3.6,2.05,3.5,3.75,2.05,3.69,3.81,2.07,3.34,3.67,2.23,E0 (12).csv,3.6,3.3,2.0,3.75,3.3,2.05,3.5,3.8,2.1,3.8,3.59,3.81,3.61,2.15,2.03,1.62,1.56,2.57,2.38,,,
,Hull,Arsenal,5.5,4.0,1.7,5.25,3.8,1.7,5.25,3.8,1.67,5.52,3.9,1.72,5.53,3.73,1.75,E0 (12).csv,,,,5.5,3.5,1.7,5.5,3.8,1.73,5.6,5.25,4.0,3.72,1.75,1.7,2.08,1.96,1.93,1.84,,,
,Aston Villa,West Ham,1.91,3.7,4.33,1.95,3.5,3.7,1.95,3.6,4.0,1.91,3.69,4.45,1.81,3.81,4.9,E0 (12).csv,1.9,3.45,3.8,1.95,3.4,4.0,1.95,3.5,4.33,1.95,1.9,3.7,3.53,4.45,4.13,2.04,1.95,1.95,1.85,,,
,Crystal Palace,Man United,4.5,3.6,1.91,4.1,3.7,1.9,4.5,3.6,1.85,4.66,3.66,1.88,4.75,3.58,1.88,E0 (12).csv,4.5,3.7,1.7,4.33,3.3,1.91,4.75,3.6,1.87,4.75,4.36,3.78,3.51,1.95,1.85,2.11,2.04,1.85,1.77,,,
,Everton,Sunderland,1.8,3.75,5.0,1.8,3.6,4.75,1.8,3.6,4.8,1.79,3.8,5.06,1.68,3.85,5.98,E0 (12).csv,1.95,3.4,3.55,1.73,3.5,5.0,1.8,3.6,5.2,1.95,1.77,3.8,3.59,5.2,4.82,2.17,2.08,1.81,1.75,,,
,Hull,Burnley,1.95,3.5,4.5,1.95,3.4,3.75,1.95,3.4,4.2,1.93,3.58,4.5,1.9,3.49,4.79,E0 (12).csv,1.8,3.5,4.2,1.95,3.4,4.0,1.9,3.5,4.75,1.95,1.91,3.64,3.43,4.75,4.27,2.3,2.17,1.76,1.68,,,
,Leicester,Southampton,2.6,3.4,2.9,2.6,3.25,2.65,2.62,3.4,2.75,2.62,3.35,2.94,2.74,3.37,2.79,E0 (12).csv,2.4,3.3,2.75,2.62,3.1,2.8,2.6,3.4,2.9,2.63,2.55,3.4,3.28,2.95,2.82,2.1,2.02,1.87,1.79,,,
,Newcastle,West Brom,2.55,3.3,3.0,2.55,3.3,2.9,2.45,3.3,3.0,2.5,3.36,3.09,2.22,3.44,3.58,E0 (12).csv,2.3,3.3,2.9,2.62,3.1,2.8,2.6,3.2,3.1,2.62,2.48,3.4,3.24,3.1,2.95,2.25,2.16,1.79,1.69,,,
,Stoke,Tottenham,2.9,3.4,2.6,2.7,3.25,2.55,2.9,3.4,2.5,2.9,3.45,2.59,3.4,3.45,2.29,E0 (12).csv,2.65,3.3,2.5,2.8,3.1,2.62,2.9,3.4,2.6,2.97,2.84,3.45,3.3,2.63,2.52,2.01,1.93,1.93,1.87,,,
,Chelsea,Liverpool,2.1,3.5,3.8,2.1,3.3,3.8,2.0,3.4,3.9,2.1,3.44,3.96,2.18,3.46,3.67,E0 (12).csv,2.1,3.3,3.3,2.1,3.2,3.75,2.1,3.4,3.9,2.11,2.07,3.5,3.35,3.98,3.72,2.17,2.06,1.84,1.76,,,
,Man City,QPR,1.22,7.5,13.0,1.22,7.25,11.5,1.22,7.0,13.0,1.23,7.4,13.75,1.2,8.06,15.56,E0 (12).csv,1.2,5.8,13.0,1.22,6.0,13.0,1.22,7.5,15.0,1.23,1.21,7.8,6.86,15.0,12.56,1.39,1.36,3.3,3.08,,,
,Arsenal,Swansea,1.3,6.0,11.0,1.3,5.75,10.0,1.33,5.25,9.5,1.31,5.93,11.5,1.34,5.62,10.1,E0 (12).csv,1.35,4.8,7.6,1.33,5.0,9.0,1.33,5.5,11.0,1.35,1.3,6.2,5.47,12.0,10.29,1.63,1.58,2.49,2.35,,,
,Burnley,Stoke,2.7,3.3,2.88,2.65,3.2,2.65,2.62,3.3,2.9,2.61,3.39,2.92,2.55,3.31,3.06,E0 (12).csv,2.75,3.3,2.4,2.7,3.1,2.7,2.63,3.25,3.0,2.8,2.59,3.4,3.23,3.0,2.82,2.29,2.18,1.73,1.67,,,
,Liverpool,Crystal Palace,1.45,4.75,8.0,1.45,4.75,7.0,1.5,4.5,6.5,1.49,4.76,7.23,1.45,4.82,7.95,E0 (12).csv,1.45,4.0,7.0,1.44,4.2,8.0,1.45,4.75,7.5,1.5,1.45,4.8,4.48,8.2,7.27,1.75,1.68,2.3,2.16,,,
,QPR,Newcastle,3.1,3.5,2.4,2.95,3.4,2.45,2.9,3.5,2.5,3.01,3.57,2.45,3.17,3.65,2.32,E0 (12).csv,2.9,3.3,2.3,2.9,3.25,2.4,3.0,3.5,2.45,3.1,2.93,3.65,3.45,2.5,2.38,1.8,1.74,2.19,2.09,,,
,Southampton,Aston Villa,1.75,3.8,5.25,1.78,3.5,4.5,1.75,3.75,5.0,1.76,3.83,5.25,1.75,4.07,4.9,E0 (12).csv,1.75,3.5,4.5,1.75,3.5,5.0,1.8,3.6,5.25,1.8,1.75,3.85,3.66,5.25,4.93,2.06,1.97,1.93,1.83,,,
,Sunderland,Leicester,2.8,3.3,2.75,2.65,3.2,2.65,2.75,3.3,2.75,2.83,3.3,2.75,3.14,3.25,2.53,E0 (12).csv,2.4,3.2,2.85,2.7,3.1,2.7,2.8,3.3,2.75,2.83,2.71,3.36,3.22,2.85,2.7,2.13,2.04,1.86,1.76,,,
,Tottenham,Hull,1.8,3.8,4.75,1.75,3.8,4.25,1.8,3.75,4.75,1.79,3.99,4.72,1.86,3.76,4.6,E0 (12).csv,1.7,3.8,4.3,1.8,3.3,5.0,1.75,4.0,4.75,1.83,1.77,4.05,3.78,5.0,4.57,1.86,1.77,2.18,2.04,,,
,West Ham,Everton,2.9,3.4,2.6,2.65,3.2,2.6,2.8,3.4,2.62,2.99,3.5,2.51,2.48,3.47,3.04,E0 (12).csv,2.6,3.2,2.6,2.8,3.1,2.6,3.0,3.4,2.5,3.0,2.86,3.5,3.33,2.62,2.49,1.98,1.92,1.97,1.88,,,
,Man United,Arsenal,2.45,3.5,3.0,2.4,3.5,2.95,2.4,3.5,2.9,2.5,3.46,3.02,2.7,3.31,2.87,E0 (12).csv,2.3,3.3,2.9,2.5,3.1,3.0,2.45,3.5,3.0,2.52,2.41,3.52,3.37,3.13,2.95,1.85,1.79,2.11,2.01,,,
,Swansea,Man City,4.75,4.2,1.75,5.0,3.75,1.75,4.5,4.0,1.75,5.03,4.23,1.71,4.9,4.15,1.74,E0 (12).csv,4.5,3.5,1.75,5.0,3.5,1.75,5.0,4.1,1.73,5.03,4.79,4.23,3.92,1.8,1.71,1.68,1.63,2.38,2.25,,,
,West Brom,Chelsea,4.1,3.5,2.0,4.0,3.5,2.0,4.0,3.5,1.95,4.21,3.54,2.0,5.56,3.95,1.7,E0 (12).csv,3.6,3.3,2.0,4.0,3.1,2.05,4.2,3.5,2.0,4.21,3.94,3.56,3.41,2.05,1.99,2.12,2.05,1.84,1.76,,,
,Arsenal,Sunderland,1.3,6.0,11.0,1.3,5.75,10.0,1.3,5.5,11.0,1.32,5.46,12.31,1.29,6.2,11.95,E0 (12).csv,1.35,4.6,8.2,1.29,5.5,11.0,1.29,6.0,13.0,1.35,1.29,6.2,5.5,13.0,10.83,1.67,1.6,2.47,2.3,,,
,Arsenal,West Brom,1.4,5.25,8.5,1.4,4.75,7.0,1.36,5.0,9.0,1.43,4.91,8.53,1.35,5.7,9.5,E0 (12).csv,1.4,4.4,7.3,1.4,4.5,8.0,1.4,5.0,9.0,1.43,1.39,5.3,4.8,9.0,8.06,1.67,1.61,2.45,2.29,,,
,Aston Villa,Burnley,2.1,3.6,3.75,2.1,3.5,3.25,2.1,3.4,3.6,2.12,3.67,3.65,2.22,3.54,3.48,E0 (12).csv,2.0,3.3,3.6,2.1,3.3,3.5,2.1,3.6,3.7,2.13,2.07,3.66,3.44,3.8,3.58,1.98,1.9,1.99,1.9,,,
,Chelsea,Sunderland,1.36,5.25,9.5,1.36,5.25,8.75,1.36,5.0,9.0,1.36,5.33,10.43,1.31,6.05,11.0,E0 (12).csv,1.3,5.0,9.0,1.36,4.5,10.0,1.36,5.25,10.5,1.36,1.34,5.5,5.06,11.0,9.37,1.7,1.64,2.35,2.23,,,
,Crystal Palace,Swansea,2.25,3.6,3.3,2.2,3.2,3.3,2.2,3.5,3.2,2.21,3.7,3.38,1.85,3.84,4.54,E0 (12).csv,2.1,3.3,3.3,2.3,3.2,3.2,2.25,3.6,3.25,2.3,2.19,3.7,3.45,3.42,3.27,1.87,1.79,2.1,2.01,,,
,Everton,Tottenham,2.4,3.6,3.0,2.35,3.4,2.85,2.4,3.4,3.0,2.31,3.72,3.12,2.31,3.7,3.15,E0 (12).csv,2.4,3.3,2.75,2.4,3.1,3.1,2.3,3.7,3.13,2.4,2.32,3.73,3.48,3.13,2.99,1.73,1.66,2.32,2.21,,,
,Hull,Man United,3.2,3.75,2.25,3.2,3.6,2.2,3.25,3.5,2.2,3.22,3.71,2.27,3.2,3.76,2.27,E0 (12).csv,2.85,3.6,2.2,3.2,3.3,2.25,3.2,3.6,2.25,3.28,3.14,3.8,3.55,2.4,2.21,1.88,1.81,2.16,1.99,,,
,Leicester,QPR,1.6,4.33,6.0,1.6,3.8,5.5,1.62,4.0,5.5,1.57,4.57,6.02,1.53,4.94,6.13,E0 (12).csv,1.6,3.9,5.0,1.62,3.8,5.5,1.57,4.5,6.0,1.65,1.56,4.57,4.21,6.2,5.71,1.59,1.55,2.65,2.41,,,
,Man City,Southampton,1.57,4.5,6.0,1.55,4.0,5.75,1.57,4.2,6.0,1.6,4.62,5.59,1.6,4.35,6.0,E0 (12).csv,1.5,4.0,6.1,1.57,3.8,6.0,1.57,4.6,5.75,1.6,1.56,4.75,4.27,6.3,5.61,1.5,1.45,2.83,2.66,,,
,Newcastle,West Ham,1.83,4.0,4.33,1.8,3.9,4.4,1.8,3.75,4.5,1.79,4.0,4.69,1.76,4.01,4.98,E0 (12).csv,1.65,3.8,4.6,1.8,3.5,4.5,1.8,4.0,4.6,1.83,1.77,4.2,3.84,4.7,4.42,1.7,1.64,2.4,2.25,,,
,Stoke,Liverpool,3.5,3.6,2.15,3.25,3.4,2.15,3.3,3.5,2.2,3.51,3.7,2.15,3.56,3.6,2.17,E0 (12).csv,3.3,3.3,2.1,3.3,3.3,2.2,3.5,3.6,2.15,3.64,3.42,3.71,3.48,2.2,2.12,1.87,1.81,2.14,1.99,,,
,,,,,,,,,,,,,,,,,,E0 (12).csv,,,,,,,,,,,,,,,,,,,,,,
