date,season,home_team,away_team,home_goals,away_goals,home_xg,away_xg,home_lineup_strength,away_lineup_strength,lineup_strength_diff,lineup_strength_diff_norm,home_pi_home_pre,away_pi_away_pre,pi_rating_diff,pi_rating_diff_norm,kalman_alpha_home,kalman_gamma_home,kalman_alpha_away,kalman_gamma_away,kalman_attack_diff,kalman_defense_diff,kalman_xg_pred_home,kalman_xg_pred_away,kalman_xg_pred_diff
2016-08-13,2016/2017,Crystal Palace,West Bromwich Albion,0,1,0.990062,0.684593,6.811,6.843,-0.032,-0.2139,0.0,0.0,0.0,-0.2492,0.0,0.0,0.0,0.0,0.0,0.0,1.2466,1.0039,0.2427
2016-08-13,2016/2017,Burnley,Swansea,0,1,1.04903,1.72089,6.941,6.942,-0.001,-0.0122,0.0,0.0,0.0,-0.2492,0.0,0.0,0.0,0.0,0.0,0.0,1.2512,1.0002,0.251
2016-08-13,2016/2017,Hull,Leicester City,2,1,0.740018,2.45631,6.941,6.942,-0.001,-0.0122,0.0,0.0,0.0,-0.2492,0.0,0.0,0.0,0.0,0.0,0.0,1.2512,1.0002,0.251
2016-08-13,2016/2017,Manchester City,Sunderland,2,1,1.95479,1.09877,7.119,6.866,0.253,1.6452,0.0,0.0,0.0,-0.2492,0.0,0.0,0.0,0.0,0.0,0.0,1.2898,0.9703,0.3194
2016-08-13,2016/2017,Everton,Tottenham Hotspur,1,1,0.790063,1.12348,6.977,7.095,-0.117,-0.7679,0.0,0.0,0.0,-0.2492,0.0,0.0,0.0,0.0,0.0,0.0,1.234,1.0142,0.2199
2016-08-13,2016/2017,Middlesbrough,Stoke,1,1,1.80523,0.485626,6.941,6.942,-0.001,-0.0122,0.0,0.0,0.0,-0.2492,0.0,0.0,0.0,0.0,0.0,0.0,1.2512,1.0002,0.251
2016-08-13,2016/2017,Southampton,Watford,1,1,0.937328,0.180046,7.01,6.892,0.118,0.7626,0.0,0.0,0.0,-0.2492,0.0,0.0,0.0,0.0,0.0,0.0,1.2691,0.9861,0.283
2016-08-14,2016/2017,Bournemouth,Manchester United,1,3,0.522847,1.91105,6.841,7.01,-0.168,-1.1,0.0,0.0,0.0,-0.2492,0.0,0.0,0.0,0.0,0.0,0.0,1.2265,1.0203,0.2062
2016-08-14,2016/2017,Arsenal,Liverpool,3,4,1.18197,1.6591,7.036,7.07,-0.033,-0.2207,0.0,0.0,0.0,-0.2492,0.0,0.0,0.0,0.0,0.0,0.0,1.2464,1.004,0.2424
2016-08-15,2016/2017,Chelsea,West Ham United,2,1,1.4603,0.445604,7.009,6.956,0.053,0.3391,0.0,0.0,0.0,-0.2492,0.0,0.0,0.0,0.0,0.0,0.0,1.2593,0.9938,0.2655
2016-08-19,2016/2017,Manchester United,Southampton,2,0,1.36553,0.613233,7.104,7.013,0.091,0.5886,0.08,0.0,0.08,-0.1627,0.3235,0.2448,-0.1125,0.3242,0.436,-0.0794,1.2641,0.692,0.5721
2016-08-20,2016/2017,Watford,Chelsea,1,2,0.804549,1.75595,6.899,7.009,-0.11,-0.7203,0.0,0.05714,-0.05714,-0.3111,-0.3248,0.1126,0.0698,0.2195,-0.3946,-0.1069,0.7167,0.9708,-0.2542
2016-08-20,2016/2017,Leicester City,Arsenal,0,0,0.553693,0.521509,7.018,7.138,-0.12,-0.7839,-0.05714,-0.05714,0.0,-0.2492,0.5624,0.1753,-0.0231,-0.2606,0.5855,0.4359,2.8095,0.8319,1.9776
2016-08-20,2016/2017,West Bromwich Albion,Everton,1,2,2.01885,1.83897,6.844,6.991,-0.147,-0.9612,0.05714,0.0,0.05714,-0.1874,-0.122,0.0882,-0.1638,-0.0432,0.0418,0.1314,1.1366,0.7911,0.3455
2016-08-20,2016/2017,Tottenham Hotspur,Crystal Palace,1,0,2.25623,0.357943,7.07,6.801,0.269,1.7447,0.0,-0.05714,0.05714,-0.1874,0.0405,0.1538,-0.0918,0.1271,0.1323,0.0267,1.1849,0.7576,0.4273
2016-08-20,2016/2017,Stoke,Manchester City,1,4,1.31066,2.17198,6.941,6.942,-0.001,-0.0122,0.0,0.05714,-0.05714,-0.3111,-0.1988,-0.19,0.2144,-0.0522,-0.4132,-0.1378,1.0806,1.4988,-0.4182
2016-08-20,2016/2017,Burnley,Liverpool,2,0,0.197536,0.939025,6.756,7.055,-0.299,-1.9476,-0.08571,0.08571,-0.17143,-0.4347,-0.0716,-0.2874,0.2501,0.0222,-0.3217,-0.3096,1.0996,1.7738,-0.6743
2016-08-20,2016/2017,Swansea,Hull,0,2,1.14134,2.18655,6.941,6.942,-0.001,-0.0122,0.05714,0.05714,0.0,-0.2492,0.2783,0.0693,-0.181,-0.5807,0.4594,0.65,2.9539,0.7787,2.1752
2016-08-21,2016/2017,Sunderland,Middlesbrough,1,2,1.4645,0.854908,6.767,6.886,-0.119,-0.777,-0.05714,0.0,-0.05714,-0.3111,0.0542,-0.223,0.1962,0.2052,-0.1419,-0.4282,1.0609,1.5425,-0.4816
2016-08-21,2016/2017,West Ham United,Bournemouth,1,0,1.69288,0.39341,6.934,6.912,0.022,0.1376,-0.05714,-0.08,0.02286,-0.2245,-0.2159,-0.0686,-0.2642,-0.3509,0.0484,0.2823,1.436,0.8203,0.6157
2016-08-27,2016/2017,Leicester City,Swansea,2,1,2.47977,0.32818,6.941,6.942,-0.001,-0.0122,-0.05714,0.00571,-0.06286,-0.3172,0.1543,0.2873,-0.024,-0.4532,0.1782,0.7405,2.2969,0.7327,1.5643
2016-08-27,2016/2017,Everton,Stoke,1,0,2.31835,0.187415,6.941,6.942,-0.001,-0.0122,0.05896,-0.09176,0.15072,-0.0861,0.201,-0.3339,-0.1161,-0.3753,0.3171,0.0414,2.2264,1.2435,0.9829
2016-08-27,2016/2017,Tottenham Hotspur,Liverpool,1,1,0.590511,1.92569,7.088,7.117,-0.029,-0.1913,0.08285,-0.0382,0.12104,-0.1183,0.3684,0.3015,0.0702,0.3211,0.2982,-0.0196,1.3075,0.7963,0.5112
2016-08-27,2016/2017,Watford,Arsenal,1,3,1.07775,2.03271,6.894,7.168,-0.273,-1.7841,-0.08285,-0.05714,-0.0257,-0.277,-0.2858,-0.1623,-0.1293,0.1195,-0.1565,-0.2817,0.8077,1.0679,-0.2602
2016-08-27,2016/2017,Hull,Manchester United,0,1,0.268815,2.47208,6.941,6.942,-0.001,-0.0122,0.16571,0.19869,-0.03297,-0.2849,0.3263,-0.2854,0.352,0.2724,-0.0257,-0.5578,1.3205,1.8919,-0.5714
2016-08-27,2016/2017,Southampton,Sunderland,1,1,0.613743,1.39142,6.977,6.893,0.084,0.5423,-0.07869,-0.14094,0.06226,-0.1819,-0.1412,0.2897,0.2026,-0.035,-0.3438,0.3246,1.1366,0.9076,0.229
2016-08-27,2016/2017,Crystal Palace,Bournemouth,1,1,2.659,0.974014,6.919,6.908,0.012,0.0726,-0.14094,-0.16458,0.02364,-0.2236,-0.2476,-0.2206,-0.4158,-0.4214,0.1682,0.2008,1.4911,0.8216,0.6695
2016-08-27,2016/2017,Chelsea,Burnley,3,0,2.65838,0.18449,7.011,6.802,0.209,1.3578,0.14094,0.02547,0.11548,-0.1243,0.3245,0.1839,-0.4116,-0.0787,0.7361,0.2625,1.9201,0.5378,1.3824
2016-08-28,2016/2017,West Bromwich Albion,Middlesbrough,0,0,0.696845,0.396816,6.847,7.078,-0.232,-1.5119,-0.0313,0.08285,-0.11415,-0.3727,0.1901,-0.2999,0.0206,0.0659,0.1695,-0.3658,1.3784,1.4165,-0.0382
2016-08-28,2016/2017,Manchester City,West Ham United,3,1,3.21624,1.08385,7.079,7.047,0.032,0.207,0.17747,-0.02933,0.2068,-0.0255,0.3912,-0.1301,-0.1382,0.0883,0.5293,-0.2184,1.7006,0.9882,0.7124
2016-09-10,2016/2017,West Ham United,Watford,2,4,1.32216,1.85479,7.095,6.881,0.213,1.3853,-0.04903,-0.13482,0.08578,-0.1564,-0.1098,-0.3012,-0.1778,-0.4376,0.068,0.1363,1.7816,1.1031,0.6785
2016-09-10,2016/2017,Manchester United,Manchester City,1,2,1.01013,1.88688,7.123,7.101,0.022,0.1396,0.25408,0.27125,-0.01717,-0.2678,0.4788,0.5687,0.7102,-0.1582,-0.2314,0.7269,2.3724,1.1491,1.2233
2016-09-10,2016/2017,Arsenal,Southampton,2,1,1.89219,1.17522,7.099,6.932,0.167,1.0856,-0.00613,-0.12398,0.11785,-0.1217,0.132,0.0498,-0.3085,0.146,0.4405,-0.0962,1.2589,0.6851,0.5738
2016-09-10,2016/2017,Middlesbrough,Crystal Palace,1,2,0.611959,1.12437,7.235,6.845,0.391,2.5396,0.04472,-0.14231,0.18703,-0.0468,-0.192,0.2488,0.0851,-0.2634,-0.2771,0.5122,1.4081,0.8105,0.5976
2016-09-10,2016/2017,Bournemouth,West Bromwich Albion,1,0,0.986511,1.48347,6.862,6.847,0.014,0.0895,-0.17407,0.03726,-0.21133,-0.4779,-0.3649,-0.6934,-0.011,-0.005,-0.3538,-0.6884,0.8747,1.9753,-1.1006
2016-09-10,2016/2017,Burnley,Hull,1,1,0.453149,0.907116,6.941,6.942,-0.001,-0.0122,-0.05299,0.12109,-0.17408,-0.4376,-0.5048,-0.2288,0.0264,-0.3998,-0.5311,0.171,1.1266,1.291,-0.1645
2016-09-10,2016/2017,Stoke,Tottenham Hotspur,0,4,1.01771,2.77025,6.941,6.942,-0.001,-0.0122,-0.18952,0.04413,-0.23365,-0.5021,-0.4087,-0.3882,0.165,-0.0748,-0.5737,-0.3134,0.896,1.7392,-0.8432
2016-09-10,2016/2017,Liverpool,Leicester City,4,1,2.76916,1.22508,7.095,7.031,0.064,0.4156,-0.01437,-0.02657,0.0122,-0.236,0.3695,0.5099,0.1847,0.4161,0.1847,0.0938,1.2036,0.7169,0.4867
2016-09-11,2016/2017,Swansea,Chelsea,2,2,1.2304,2.19035,6.941,6.942,-0.001,-0.0122,-0.122,0.23117,-0.35317,-0.6314,-0.1241,-0.4884,0.4834,0.2939,-0.6075,-0.7823,0.8237,2.6432,-1.8195
2016-09-12,2016/2017,Sunderland,Everton,0,3,1.0404,2.84526,6.876,7.007,-0.132,-0.8608,-0.13404,0.14033,-0.27437,-0.5461,0.3503,0.0968,0.2192,-0.0402,0.1311,0.137,1.8205,1.1482,0.6723
2016-09-16,2016/2017,Chelsea,Liverpool,1,2,1.16415,1.41642,7.024,7.097,-0.073,-0.4773,0.2498,0.07064,0.17916,-0.0554,0.4119,0.1625,0.7412,0.39,-0.3293,-0.2274,1.2681,1.7993,-0.5311
2016-09-17,2016/2017,Manchester City,Bournemouth,4,0,3.38733,0.389672,7.041,6.895,0.146,0.9496,0.34876,-0.09763,0.44639,0.2338,0.8554,0.1132,-0.3288,-0.5936,1.1843,0.7068,5.4234,0.6316,4.7918
2016-09-17,2016/2017,West Bromwich Albion,West Ham United,4,2,1.94229,2.37422,6.857,6.99,-0.133,-0.8688,-0.079,-0.22537,0.14637,-0.0908,-0.104,-0.0301,-0.2012,-0.4562,0.0972,0.4261,1.7517,0.8563,0.8954
2016-09-17,2016/2017,Everton,Middlesbrough,3,1,1.17467,0.178081,7.026,6.985,0.041,0.2659,0.22632,0.00428,0.22204,-0.009,0.5478,0.1139,-0.3365,0.1735,0.8843,-0.0596,1.8285,0.6343,1.1942
2016-09-17,2016/2017,Hull,Arsenal,1,4,0.969693,3.63453,6.941,6.942,-0.001,-0.0122,0.06624,0.11533,-0.04908,-0.3023,-0.0676,-0.2697,0.2819,-0.0613,-0.3494,-0.2084,1.2434,1.7364,-0.4931
2016-09-17,2016/2017,Leicester City,Burnley,3,0,1.98503,0.464523,7.038,6.785,0.253,1.6408,-0.06062,-0.09591,0.03529,-0.211,0.2781,-0.0103,-0.7146,-0.149,0.9927,0.1387,1.9767,0.4798,1.4969
2016-09-18,2016/2017,Watford,Manchester United,3,1,1.74506,1.41359,6.881,7.079,-0.198,-1.294,-0.12089,0.22619,-0.34707,-0.6248,0.0533,-0.3354,0.2623,0.3694,-0.209,-0.7048,0.891,1.8615,-0.9705
2016-09-18,2016/2017,Crystal Palace,Stoke,4,1,1.31366,1.20308,6.941,6.942,-0.001,-0.0122,-0.08163,-0.26805,0.18642,-0.0475,0.1652,-0.0545,-0.3753,-0.5791,0.5405,0.5246,2.634,0.7258,1.9082
2016-09-18,2016/2017,Tottenham Hotspur,Sunderland,1,0,2.52591,0.960821,7.07,6.902,0.168,1.0869,0.16467,-0.22156,0.38623,0.1687,0.3784,-0.1083,0.155,-0.3164,0.2234,0.2081,2.5576,1.2756,1.282
2016-09-18,2016/2017,Southampton,Swansea,1,0,2.15218,0.490661,6.941,6.942,-0.001,-0.0122,-0.1407,-0.05508,-0.08562,-0.3419,-0.1846,-0.0102,-0.0243,-0.4129,-0.1602,0.4027,1.5722,0.9862,0.5859
2016-09-24,2016/2017,Liverpool,Hull,5,1,4.64913,0.157549,6.941,6.942,-0.001,-0.0122,0.18649,0.00616,0.18034,-0.0541,0.6718,0.4115,-0.1213,-0.5923,0.7931,1.0038,4.4292,0.5871,3.8421
2016-09-24,2016/2017,Bournemouth,Everton,1,0,0.693594,1.15724,6.864,7.023,-0.159,-1.039,-0.17582,0.35082,-0.52664,-0.8191,-0.3805,-0.424,0.4339,0.1824,-0.8144,-0.6064,0.6994,2.4034,-1.704
2016-09-24,2016/2017,Sunderland,Crystal Palace,2,3,1.51457,1.7887,6.895,6.896,-0.001,-0.0097,-0.31037,0.04235,-0.35272,-0.6309,0.0931,-0.3084,-0.0775,-0.1388,0.1705,-0.1696,1.5778,1.26,0.3178
2016-09-24,2016/2017,Arsenal,Chelsea,3,0,1.66224,0.613553,7.175,7.07,0.104,0.6758,0.16534,0.12671,0.03863,-0.2074,0.6571,0.0034,0.3926,0.2523,0.2645,-0.2489,1.8993,1.4576,0.4417
2016-09-24,2016/2017,Middlesbrough,Tottenham Hotspur,1,2,0.361508,1.4158,6.847,6.987,-0.14,-0.9156,-0.12567,0.23387,-0.35955,-0.6383,-0.4041,0.3077,0.3709,-0.0298,-0.775,0.3374,0.8464,1.0833,-0.2369
2016-09-24,2016/2017,Stoke,West Bromwich Albion,1,1,0.979673,0.270862,6.941,6.942,-0.001,-0.0122,-0.42769,0.01961,-0.4473,-0.7332,-0.2783,-0.4087,-0.0695,-0.3474,-0.2088,-0.0614,1.3407,1.4042,-0.0635
2016-09-24,2016/2017,Manchester United,Leicester City,4,1,2.45604,0.286966,7.072,7.166,-0.095,-0.6197,0.08419,-0.07289,0.15708,-0.0793,0.1989,0.2003,0.2772,-0.0078,-0.0783,0.2081,1.5215,1.0922,0.4293
2016-09-24,2016/2017,Swansea,Manchester City,1,3,1.11096,2.57704,6.941,6.942,-0.001,-0.0122,-0.13996,0.45308,-0.59303,-0.8909,-0.1315,-0.4883,0.674,0.1441,-0.8055,-0.6324,0.9498,3.1981,-2.2483
2016-09-25,2016/2017,West Ham United,Southampton,0,3,0.693818,2.97877,7.002,6.958,0.044,0.284,-0.24859,-0.14378,-0.10481,-0.3626,0.0518,-0.4903,-0.0289,0.0887,0.0807,-0.579,1.2125,1.5782,-0.3657
2016-09-26,2016/2017,Burnley,Watford,2,0,0.569734,0.776105,6.806,6.852,-0.045,-0.3,-0.12186,0.07222,-0.19408,-0.4592,-0.7109,-0.1491,0.2699,-0.2458,-0.9809,0.0967,0.7817,1.5288,-0.7471
2016-09-30,2016/2017,Everton,Crystal Palace,1,1,1.1542,0.47692,7.015,6.844,0.171,1.1099,0.26944,0.10771,0.16173,-0.0742,0.2584,0.1816,-0.0031,-0.1252,0.2615,0.3068,1.8743,0.8146,1.0597
2016-10-01,2016/2017,West Ham United,Middlesbrough,1,1,0.883385,0.852603,7.071,6.821,0.25,1.626,-0.38553,-0.15328,-0.23225,-0.5005,-0.0415,-0.7003,-0.4886,0.2497,0.447,-0.95,0.9635,1.1995,-0.236
2016-10-01,2016/2017,Hull,Chelsea,0,2,0.27266,1.99155,6.941,6.942,-0.001,-0.0122,-0.17035,-0.01119,-0.15916,-0.4215,-0.1733,-0.6071,0.2744,0.2951,-0.4477,-0.9022,0.7833,2.4151,-1.6318
2016-10-01,2016/2017,Sunderland,West Bromwich Albion,1,1,1.19268,0.88211,6.752,6.837,-0.085,-0.5558,-0.37573,-0.03063,-0.3451,-0.6227,0.0812,-0.3816,-0.2302,-0.2767,0.3113,-0.105,1.7718,1.1754,0.5964
2016-10-01,2016/2017,Watford,Bournemouth,2,2,1.23419,1.35487,6.873,6.863,0.01,0.062,-0.07628,-0.17189,0.09561,-0.1458,0.1125,-0.2198,-0.3785,-0.2751,0.491,0.0553,1.8462,0.8523,0.9939
2016-10-01,2016/2017,Swansea,Liverpool,1,2,2.65842,2.02239,6.941,6.942,-0.001,-0.0122,-0.24264,0.26334,-0.50598,-0.7967,-0.0956,-0.404,0.6905,0.4629,-0.786,-0.867,0.7158,2.9884,-2.2726
2016-10-02,2016/2017,Burnley,Arsenal,0,1,0.608783,1.85433,6.835,7.157,-0.322,-2.0992,0.00254,0.34502,-0.34248,-0.6198,-0.7522,-0.0486,0.6161,0.1766,-1.3683,-0.2251,0.4757,2.02,-1.5443
2016-10-02,2016/2017,Tottenham Hotspur,Manchester City,2,0,1.69975,0.909513,7.058,7.089,-0.032,-0.2107,0.27098,0.55576,-0.28478,-0.5574,0.4052,0.0551,0.6072,0.1182,-0.202,-0.063,1.6612,1.7437,-0.0824
2016-10-02,2016/2017,Manchester United,Stoke,1,1,2.80988,1.20043,6.941,6.942,-0.001,-0.0122,0.22033,-0.37026,0.59059,0.3898,0.3125,0.3567,-0.3556,-0.2478,0.6681,0.6044,2.1911,0.4907,1.7005
2016-10-02,2016/2017,Leicester City,Southampton,0,0,0.446309,0.920963,7.055,6.975,0.08,0.5149,-0.01343,-0.00684,-0.00659,-0.2564,0.1672,-0.2325,0.2208,0.1855,-0.0536,-0.4179,1.2405,1.5587,-0.3182
2016-10-15,2016/2017,Bournemouth,Hull,6,1,2.92532,0.388589,6.941,6.942,-0.001,-0.0122,-0.06014,-0.21942,0.15928,-0.0769,-0.2781,-0.215,-0.2489,-0.5543,-0.0292,0.3393,1.6491,0.9669,0.6823
2016-10-15,2016/2017,West Bromwich Albion,Tottenham Hotspur,1,1,1.30365,1.32318,6.839,7.0,-0.161,-1.0504,-0.02358,0.38297,-0.40655,-0.6891,-0.2609,-0.1748,0.4069,0.2274,-0.6678,-0.4022,0.7534,1.8238,-1.0705
2016-10-15,2016/2017,Crystal Palace,West Ham United,0,1,1.94599,0.874219,6.835,7.01,-0.175,-1.1408,0.11206,-0.41321,0.52527,0.3192,-0.0382,0.0,-0.0525,-0.6523,0.0143,0.6523,2.2649,0.9688,1.2961
2016-10-15,2016/2017,Stoke,Sunderland,2,0,2.29543,0.587572,6.941,6.942,-0.001,-0.0122,-0.33652,-0.30076,-0.03576,-0.2879,-0.2768,-0.324,-0.0084,-0.3422,-0.2684,0.0182,1.3358,1.3714,-0.0356
2016-10-15,2016/2017,Arsenal,Swansea,3,2,3.50519,1.74979,6.941,6.942,-0.001,-0.0122,0.34729,-0.24934,0.59663,0.3964,0.5912,0.1639,0.2087,-0.3032,0.3825,0.4672,3.0604,1.046,2.0144
2016-10-15,2016/2017,Chelsea,Leicester City,3,0,3.11573,0.182549,7.006,6.986,0.02,0.127,0.14132,-0.20838,0.3497,0.1292,0.2162,0.3499,0.0595,-0.1196,0.1567,0.4695,1.755,0.7462,1.0087
2016-10-15,2016/2017,Manchester City,Everton,1,1,2.69208,0.144498,7.21,6.998,0.213,1.3807,0.47845,0.22964,0.24881,0.02,0.5375,0.1105,0.1799,0.2317,0.3576,-0.1211,1.7427,1.045,0.6977
2016-10-16,2016/2017,Southampton,Burnley,3,1,4.21181,1.03126,6.995,6.848,0.146,0.9481,0.03969,-0.19497,0.23467,0.0047,0.1304,0.3149,-0.7259,-0.0261,0.8563,0.341,1.4891,0.3471,1.142
2016-10-16,2016/2017,Middlesbrough,Watford,0,1,0.528576,0.0893749,6.834,6.876,-0.042,-0.2755,-0.21035,-0.0611,-0.14925,-0.4107,-0.546,0.258,-0.0034,-0.2729,-0.5425,0.5308,0.9476,0.7739,0.1737
2016-10-17,2016/2017,Liverpool,Manchester United,0,0,0.270441,0.537762,7.114,7.074,0.04,0.257,0.37079,0.14848,0.22231,-0.0087,0.5779,0.1978,0.3882,0.2842,0.1897,-0.0864,1.6867,1.2041,0.4826
2016-10-22,2016/2017,Liverpool,West Bromwich Albion,2,1,2.2952,0.685982,7.115,6.811,0.304,1.9736,0.34221,-0.0406,0.38281,0.165,0.4688,0.3117,-0.2069,-0.1012,0.6757,0.4129,2.2944,0.5743,1.7202
2016-10-22,2016/2017,Hull,Stoke,0,2,0.701606,1.04273,6.941,6.942,-0.001,-0.0122,-0.39088,-0.2283,-0.16258,-0.4252,-0.3347,-0.6439,-0.096,-0.2482,-0.2387,-0.3957,1.1475,1.73,-0.5825
2016-10-22,2016/2017,Bournemouth,Tottenham Hotspur,0,0,0.523371,0.74529,6.856,7.095,-0.238,-1.5562,0.09667,0.33623,-0.23956,-0.5084,0.0058,-0.1745,0.3538,0.1706,-0.348,-0.3451,1.0315,1.7451,-0.7136
2016-10-22,2016/2017,Burnley,Everton,2,1,0.905579,0.752795,6.82,7.013,-0.193,-1.2628,-0.13947,0.26109,-0.40057,-0.6827,-0.6548,-0.3101,0.0991,0.05,-0.7539,-0.3601,0.6043,1.5407,-0.9364
2016-10-22,2016/2017,West Ham United,Sunderland,1,0,1.19585,0.808339,7.05,6.772,0.278,1.8072,-0.28471,-0.42161,0.1369,-0.1011,-0.0643,-0.607,-0.1043,-0.439,0.04,-0.168,1.8816,1.5993,0.2824
2016-10-22,2016/2017,Swansea,Watford,0,0,1.33215,0.478578,6.941,6.942,-0.001,-0.0122,-0.32768,0.0168,-0.34448,-0.622,0.3247,-0.3362,-0.0611,-0.2229,0.3858,-0.1133,2.1635,1.3169,0.8466
2016-10-22,2016/2017,Leicester City,Crystal Palace,3,1,1.7041,1.656,7.022,6.857,0.166,1.0762,-0.10115,0.0582,-0.15935,-0.4217,0.0068,-0.329,-0.0807,0.0094,0.0875,-0.3384,1.2731,1.2569,0.0162
2016-10-22,2016/2017,Arsenal,Middlesbrough,0,0,0.711811,1.55581,7.125,6.965,0.16,1.0399,0.39374,-0.23488,0.62862,0.431,0.6396,0.0682,-0.5996,0.3272,1.2392,-0.2591,1.7432,0.5032,1.24
2016-10-23,2016/2017,Manchester City,Southampton,1,1,1.15321,0.563752,7.217,6.995,0.222,1.4421,0.447,0.06814,0.37886,0.1607,0.6029,0.2169,0.4763,0.2746,0.1266,-0.0577,1.7843,1.2624,0.5219
2016-10-23,2016/2017,Chelsea,Manchester United,4,0,2.25192,0.742805,7.023,7.071,-0.048,-0.3145,0.27438,0.17706,0.09732,-0.1439,0.3432,0.4052,0.3282,0.5537,0.015,-0.1485,1.0081,0.9313,0.0768
2016-10-29,2016/2017,Crystal Palace,Liverpool,2,4,0.496044,2.26056,6.854,7.097,-0.243,-1.5869,-0.07709,0.34054,-0.41763,-0.7011,-0.0428,-0.0369,0.4648,0.2993,-0.5076,-0.3362,0.8634,1.7002,-0.8368
2016-10-29,2016/2017,Tottenham Hotspur,Leicester City,1,1,1.69833,0.740987,7.068,7.041,0.028,0.1766,0.34582,-0.25901,0.60482,0.4052,0.2574,0.2248,0.0587,-0.3691,0.1986,0.5939,2.349,0.8442,1.5048
2016-10-29,2016/2017,Watford,Hull,1,0,1.14991,0.251367,6.941,6.942,-0.001,-0.0122,-0.0651,-0.45349,0.38839,0.171,-0.1591,-0.122,-0.4008,-0.5854,0.2417,0.4634,1.9163,0.7568,1.1595
2016-10-29,2016/2017,Middlesbrough,Bournemouth,2,0,1.44317,1.54599,6.976,6.869,0.107,0.6917,-0.24553,-0.03366,-0.21187,-0.4785,-0.5095,0.4814,-0.0675,-0.0801,-0.442,0.5615,0.825,0.5703,0.2547
2016-10-29,2016/2017,Manchester United,Burnley,0,0,2.72391,0.327957,7.028,6.797,0.232,1.5034,0.07861,-0.24061,0.31922,0.0962,0.3124,0.4067,-0.6011,-0.2301,0.9135,0.6368,2.213,0.3551,1.8579
2016-10-29,2016/2017,West Bromwich Albion,Manchester City,0,4,0.596605,2.48018,6.848,7.1,-0.252,-1.6435,-0.01904,0.379,-0.39804,-0.6799,-0.1973,-0.1004,0.5537,0.2954,-0.751,-0.3958,0.742,1.9822,-1.2403
2016-10-29,2016/2017,Sunderland,Arsenal,1,4,0.853434,2.48348,6.763,7.136,-0.374,-2.4354,-0.46757,0.39932,-0.86689,-1.1873,-0.2006,-0.3628,0.5648,-0.01,-0.7655,-0.3528,0.9891,2.6439,-1.6548
2016-10-30,2016/2017,Southampton,Chelsea,0,2,0.422364,1.14759,6.98,7.04,-0.06,-0.3944,0.18314,0.29288,-0.10974,-0.368,0.395,0.376,0.4283,0.4232,-0.0333,-0.0473,1.2079,1.0613,0.1466
2016-10-30,2016/2017,Everton,West Ham United,2,0,2.0087,0.944816,7.025,7.082,-0.057,-0.3738,0.20047,-0.2541,0.45457,0.2427,0.0309,0.028,-0.1583,-0.5229,0.1893,0.5509,2.1626,0.8357,1.3269
2016-11-01,2016/2017,Stoke,Swansea,3,1,2.16407,1.10058,6.941,6.942,-0.001,-0.0122,-0.13841,-0.26842,0.13001,-0.1085,-0.2021,-0.2135,0.1808,-0.2873,-0.3829,0.0737,1.3624,1.4837,-0.1212
2016-11-05,2016/2017,Manchester City,Middlesbrough,1,1,2.49606,0.208762,7.146,6.967,0.179,1.1636,0.50006,-0.08762,0.58767,0.3867,0.584,0.3031,-0.4357,0.4227,1.0197,-0.1196,1.5022,0.4676,1.0346
2016-11-05,2016/2017,Burnley,Crystal Palace,3,2,2.25738,2.05902,6.824,6.879,-0.055,-0.3612,-0.01126,-0.13781,0.12655,-0.1123,-0.5983,-0.2767,-0.0701,-0.1028,-0.5281,-0.1738,0.7575,1.2376,-0.48
2016-11-05,2016/2017,Bournemouth,Sunderland,1,2,2.6457,1.13672,6.876,6.78,0.096,0.6208,0.04395,-0.58225,0.6262,0.4284,0.0041,-0.11,-0.2113,-0.3418,0.2154,0.2318,1.7889,0.8935,0.8954
2016-11-05,2016/2017,West Ham United,Stoke,1,1,0.404528,0.81046,6.941,6.942,-0.001,-0.0122,-0.2777,-0.03456,-0.24314,-0.5123,-0.1483,-0.5031,-0.1013,-0.1808,-0.047,-0.3223,1.2926,1.4949,-0.2023
2016-11-05,2016/2017,Chelsea,Everton,5,0,1.94078,0.0131321,7.05,7.02,0.03,0.1901,0.50164,0.23021,0.27142,0.0445,0.4301,0.5131,0.0157,0.0177,0.4143,0.4955,1.897,0.606,1.291
2016-11-06,2016/2017,Hull,Southampton,2,1,0.561215,2.03046,6.941,6.942,-0.001,-0.0122,-0.5487,0.03421,-0.58291,-0.88,-0.4462,-0.5205,0.3176,0.3641,-0.7638,-0.8847,0.5564,2.3126,-1.7561
2016-11-06,2016/2017,Liverpool,Watford,6,1,4.18366,0.771133,7.129,6.887,0.242,1.569,0.47786,0.01767,0.46019,0.2487,0.4932,0.3382,-0.2513,-0.0866,0.7445,0.4248,2.3,0.5389,1.7611
2016-11-06,2016/2017,Leicester City,West Bromwich Albion,1,2,0.629678,0.78196,7.018,6.859,0.159,1.031,0.0641,-0.20119,0.2653,0.0378,0.0493,-0.2897,-0.2085,-0.1483,0.2578,-0.1414,1.554,1.0643,0.4897
2016-11-06,2016/2017,Swansea,Manchester United,1,3,0.51266,1.00006,6.941,6.942,-0.001,-0.0122,-0.36445,0.00223,-0.36669,-0.646,0.1322,-0.3276,0.3599,0.4043,-0.2276,-0.7319,0.9532,1.9891,-1.0359
2016-11-06,2016/2017,Arsenal,Tottenham Hotspur,1,1,0.675745,1.19585,7.126,7.115,0.011,0.0687,0.41171,0.26416,0.14754,-0.0896,0.5502,0.0065,0.1984,0.2321,0.3518,-0.2256,1.7223,1.21,0.5123
2016-11-19,2016/2017,Sunderland,Hull,3,0,0.951511,1.25065,6.941,6.942,-0.001,-0.0122,-0.51738,-0.44401,-0.07337,-0.3286,-0.1915,-0.3962,-0.4419,-0.4951,0.2504,0.0989,1.695,0.9555,0.7395
2016-11-19,2016/2017,Tottenham Hotspur,West Ham United,3,2,2.53396,1.76706,7.102,6.992,0.11,0.7129,0.29669,-0.3409,0.63759,0.4407,0.1958,0.368,-0.2446,-0.4513,0.4405,0.8193,2.4217,0.5349,1.8868
2016-11-19,2016/2017,Stoke,Bournemouth,0,1,1.60429,1.24012,6.941,6.942,-0.001,-0.0122,-0.04222,-0.23171,0.18949,-0.0442,-0.1697,-0.1177,0.1214,-0.122,-0.2911,0.0043,1.1929,1.2704,-0.0775
2016-11-19,2016/2017,Watford,Leicester City,2,1,0.7197,1.19686,6.892,6.982,-0.09,-0.591,-0.10527,-0.26152,0.15625,-0.0802,-0.2385,-0.3184,-0.0537,-0.2693,-0.1848,-0.0492,1.2768,1.3173,-0.0405
2016-11-19,2016/2017,Manchester United,Arsenal,1,1,0.511462,0.575813,7.038,7.089,-0.051,-0.3383,0.11339,0.50911,-0.39572,-0.6774,0.2729,0.4428,0.4831,0.0082,-0.2102,0.4346,1.6206,1.0476,0.5731
2016-11-19,2016/2017,Everton,Swansea,1,1,1.54877,1.07471,6.941,6.942,-0.001,-0.0122,0.20383,-0.45858,0.66241,0.4675,-0.0064,0.0117,0.0935,-0.2595,-0.0999,0.2712,1.6117,1.0855,0.5261
2016-11-19,2016/2017,Southampton,Liverpool,0,0,0.0942055,1.68802,6.914,7.133,-0.219,-1.4308,-0.00651,0.55215,-0.55866,-0.8537,0.2861,0.3607,0.606,0.319,-0.3199,0.0418,1.1797,1.3119,-0.1322
2016-11-19,2016/2017,Crystal Palace,Manchester City,1,2,0.431559,1.39421,6.896,7.141,-0.245,-1.597,-0.2384,0.48417,-0.72258,-1.0311,-0.0009,-0.1805,0.635,0.3121,-0.6358,-0.4926,0.8888,2.3273,-1.4385
2016-11-20,2016/2017,Middlesbrough,Chelsea,0,1,0.55976,1.68738,6.933,7.072,-0.14,-0.9136,-0.07996,0.51416,-0.59413,-0.8921,-0.4494,0.3067,0.4299,0.5466,-0.8794,-0.2399,0.4546,1.1502,-0.6956
2016-11-22,2016/2017,West Bromwich Albion,Burnley,4,0,1.40512,0.571005,6.941,6.942,-0.001,-0.0122,-0.10009,-0.1492,0.04911,-0.1961,-0.2355,-0.0831,-0.3627,-0.3256,0.1271,0.2425,1.3691,0.7562,0.6128
2016-11-26,2016/2017,Swansea,Crystal Palace,5,4,3.3955,2.28156,6.941,6.942,-0.001,-0.0122,-0.43031,-0.23993,-0.19038,-0.4552,0.0918,-0.2539,-0.034,-0.0796,0.1258,-0.1743,1.4851,1.2462,0.2389
2016-11-26,2016/2017,Hull,West Bromwich Albion,1,1,0.424457,1.40213,6.941,6.942,-0.001,-0.0122,-0.53314,-0.00412,-0.52901,-0.8217,-0.4085,-0.4466,-0.2296,-0.0754,-0.1789,-0.3712,0.8968,1.2426,-0.3458
2016-11-26,2016/2017,Burnley,Manchester City,1,2,0.475642,2.25698,6.815,7.089,-0.274,-1.7872,-0.03179,0.51862,-0.55041,-0.8448,-0.3839,-0.3249,0.5757,0.3447,-0.9596,-0.6696,0.5845,2.543,-1.9585
2016-11-26,2016/2017,Liverpool,Sunderland,2,0,2.02461,0.291073,7.134,6.822,0.312,2.028,0.59308,-0.37936,0.97244,0.803,0.6162,0.449,-0.2677,-0.4059,0.8839,0.8549,3.6095,0.4705,3.139
2016-11-26,2016/2017,Chelsea,Tottenham Hotspur,2,1,1.24948,0.422568,7.073,7.102,-0.03,-0.1966,0.68876,0.31259,0.37618,0.1578,0.4543,0.5369,0.2029,0.3095,0.2514,0.2274,1.4413,0.7186,0.7227
2016-11-26,2016/2017,Leicester City,Middlesbrough,2,2,2.0478,0.425252,6.96,6.929,0.03,0.1931,-0.08495,-0.05755,-0.02741,-0.2789,-0.0638,-0.2284,-0.4385,0.2603,0.3747,-0.4887,0.9083,0.8077,0.1006
2016-11-27,2016/2017,Southampton,Everton,1,0,2.80562,0.615174,6.943,7.009,-0.066,-0.4329,0.05255,0.02995,0.0226,-0.2248,0.2059,0.3188,-0.0111,0.0125,0.217,0.3064,1.5065,0.7247,0.7818
2016-11-27,2016/2017,Manchester United,West Ham United,1,1,1.44452,0.749388,7.059,6.98,0.079,0.5098,0.15916,-0.38365,0.54281,0.3381,0.1925,0.4848,-0.1811,-0.4565,0.3736,0.9413,2.4174,0.509,1.9084
2016-11-27,2016/2017,Watford,Stoke,0,1,0.541915,0.704736,6.941,6.942,-0.001,-0.0122,-0.02776,-0.12827,0.10052,-0.1405,-0.2848,-0.307,-0.134,-0.1148,-0.1507,-0.1923,1.0556,1.1891,-0.1335
2016-11-27,2016/2017,Arsenal,Bournemouth,3,1,2.8697,2.0491,7.1,6.863,0.238,1.5431,0.36127,-0.13741,0.49867,0.2904,0.4607,0.147,0.1173,-0.1468,0.3434,0.2938,2.3636,0.9437,1.4199
2016-12-03,2016/2017,Manchester City,Chelsea,1,3,2.24061,1.2848,7.204,7.104,0.1,0.6482,0.49546,0.60334,-0.10788,-0.366,0.5541,0.3471,0.4376,0.553,0.1166,-0.2059,1.2679,1.0818,0.1861
2016-12-03,2016/2017,Sunderland,Leicester City,2,1,1.4282,1.13791,6.827,6.975,-0.147,-0.9639,-0.43593,-0.33634,-0.09958,-0.357,-0.272,-0.271,0.0106,-0.2095,-0.2826,-0.0615,1.155,1.3488,-0.1938
2016-12-03,2016/2017,Tottenham Hotspur,Swansea,5,0,3.9767,0.0342109,6.941,6.942,-0.001,-0.0122,0.29693,-0.32931,0.62624,0.4284,0.1913,0.325,0.2851,-0.2955,-0.0938,0.6205,2.0359,0.9611,1.0748
2016-12-03,2016/2017,Crystal Palace,Southampton,3,0,2.20073,0.764357,6.872,6.933,-0.06,-0.3961,-0.33574,0.02142,-0.35716,-0.6357,0.0433,-0.2066,0.3013,0.3223,-0.258,-0.529,0.9399,1.674,-0.7341
2016-12-03,2016/2017,West Ham United,Arsenal,1,5,0.882486,2.96923,6.929,7.161,-0.232,-1.5134,-0.23677,0.53395,-0.77073,-1.0832,-0.1684,-0.3834,0.4885,0.0657,-0.657,-0.4491,0.9632,2.4589,-1.4957
2016-12-03,2016/2017,West Bromwich Albion,Watford,3,1,1.17737,1.476,6.884,6.899,-0.015,-0.0995,0.01157,-0.14554,0.15712,-0.0792,-0.2148,-0.0541,-0.318,-0.2739,0.1031,0.2198,1.3253,0.7695,0.5558
2016-12-03,2016/2017,Stoke,Burnley,2,0,1.12929,0.773995,6.941,6.942,-0.001,-0.0122,-0.07623,-0.33236,0.25613,0.0279,-0.1691,-0.086,-0.3932,-0.2985,0.224,0.2125,1.424,0.7357,0.6883
2016-12-04,2016/2017,Bournemouth,Liverpool,4,3,2.54396,1.26532,6.937,7.066,-0.129,-0.8429,-0.0737,0.55112,-0.62482,-0.9253,0.2043,-0.1901,0.5178,0.4543,-0.3135,-0.6444,0.9598,2.0613,-1.1015
2016-12-04,2016/2017,Everton,Manchester United,1,1,1.64985,0.541299,6.997,7.096,-0.099,-0.6475,0.08105,0.10428,-0.02324,-0.2744,-0.0151,-0.1071,0.1175,0.4692,-0.1325,-0.5763,0.762,1.2668,-0.5047
2016-12-06,2016/2017,Middlesbrough,Hull,1,0,1.94961,0.221339,6.941,6.942,-0.001,-0.0122,-0.12932,-0.54562,0.4163,0.2012,-0.4697,0.1873,-0.4524,-0.45,-0.0172,0.6373,1.2268,0.5276,0.6993
2016-12-10,2016/2017,Burnley,Bournemouth,3,2,2.15178,1.00194,6.813,6.935,-0.121,-0.7928,-0.15778,-0.1701,0.01232,-0.2359,-0.3854,-0.2813,0.3271,-0.1306,-0.7125,-0.1507,0.956,1.8643,-0.9083
2016-12-10,2016/2017,Watford,Everton,3,2,1.49271,1.09675,6.865,7.008,-0.143,-0.9364,-0.19555,-0.05236,-0.14319,-0.4042,-0.2801,-0.2622,0.0231,-0.0518,-0.3032,-0.2105,0.979,1.3531,-0.3741
2016-12-10,2016/2017,Arsenal,Stoke,3,1,1.58027,1.29401,6.941,6.942,-0.001,-0.0122,0.56156,0.03772,0.52384,0.3176,0.5121,0.0707,-0.1919,-0.0867,0.704,0.1574,2.2772,0.7693,1.5079
2016-12-10,2016/2017,Leicester City,Manchester City,4,2,2.60583,0.970372,6.971,7.062,-0.09,-0.5919,-0.14119,0.49084,-0.63202,-0.9331,-0.0057,-0.2238,0.5899,0.3273,-0.5956,-0.5511,0.8874,2.2809,-1.3935
2016-12-10,2016/2017,Swansea,Sunderland,3,0,2.18185,0.672058,6.941,6.942,-0.001,-0.0122,-0.43816,-0.40615,-0.03201,-0.2839,0.2212,-0.405,-0.2494,-0.2597,0.4705,-0.1453,2.0238,1.1686,0.8551
2016-12-10,2016/2017,Hull,Crystal Palace,3,3,2.16649,1.50059,6.941,6.942,-0.001,-0.0122,-0.51692,-0.23884,-0.27808,-0.5501,-0.4654,-0.4762,0.1218,-0.1421,-0.5871,-0.3341,0.9056,1.8188,-0.9132
2016-12-11,2016/2017,Chelsea,West Bromwich Albion,1,0,0.551109,0.212574,7.077,6.897,0.18,1.1693,0.83073,0.01643,0.8143,0.6319,0.4442,0.4479,-0.2255,-0.081,0.6697,0.5288,2.1618,0.4992,1.6626
2016-12-11,2016/2017,Manchester United,Tottenham Hotspur,1,0,1.04894,0.720341,7.094,7.137,-0.043,-0.2831,0.09901,0.35102,-0.25201,-0.5219,0.0842,0.4061,0.3255,0.3805,-0.2413,0.0255,0.9257,0.9274,-0.0016
2016-12-11,2016/2017,Southampton,Middlesbrough,1,0,1.72919,0.493941,6.969,6.892,0.077,0.4967,0.04171,-0.02098,0.06269,-0.1814,0.2382,0.2342,-0.3813,0.1969,0.6195,0.0373,1.3163,0.5355,0.7807
2016-12-11,2016/2017,Liverpool,West Ham United,2,2,1.79134,0.64998,7.055,6.972,0.083,0.5341,0.60689,-0.42015,1.02705,0.8621,0.4765,0.3087,-0.1741,-0.4132,0.6506,0.722,3.0767,0.6111,2.4657
2016-12-13,2016/2017,Bournemouth,Leicester City,1,0,0.64118,1.6751,6.874,6.949,-0.075,-0.491,-0.02059,-0.33823,0.31765,0.0945,0.24,-0.1696,0.1005,-0.1093,0.1395,-0.0602,1.759,1.3219,0.4371
2016-12-13,2016/2017,Everton,Arsenal,2,1,1.46034,1.3508,6.968,7.169,-0.201,-1.3108,0.02293,0.74556,-0.72264,-1.0312,0.0079,-0.0798,0.4701,0.0412,-0.4622,-0.121,1.1818,1.7751,-0.5933
2016-12-14,2016/2017,Middlesbrough,Liverpool,0,3,0.161583,2.13526,6.982,7.011,-0.029,-0.192,-0.12346,0.38325,-0.50672,-0.7975,-0.3802,0.163,0.4017,0.3038,-0.7818,-0.1408,0.6293,1.274,-0.6447
2016-12-14,2016/2017,Sunderland,Chelsea,0,1,0.473979,1.22459,6.865,7.091,-0.226,-1.474,-0.43814,0.73696,-1.1751,-1.5208,-0.2793,-0.2655,0.3294,0.4559,-0.6087,-0.7214,0.584,1.8625,-1.2785
2016-12-14,2016/2017,West Ham United,Burnley,1,0,1.67016,0.923353,7.032,6.8,0.232,1.5067,-0.32031,-0.38896,0.06865,-0.1749,-0.1705,-0.328,-0.2197,-0.2327,0.0493,-0.0953,1.3691,1.084,0.2851
2016-12-15,2016/2017,West Bromwich Albion,Swansea,3,1,1.78268,1.07221,6.941,6.942,-0.001,-0.0122,0.11132,-0.38997,0.50129,0.2932,-0.2345,0.0421,0.2356,-0.3835,-0.4701,0.4256,1.4522,1.2138,0.2384
2016-12-15,2016/2017,Stoke,Southampton,0,0,0.333754,0.723114,6.941,6.942,-0.001,-0.0122,-0.03294,-0.06669,0.03375,-0.2127,-0.1653,-0.0268,0.2596,0.2337,-0.4249,-0.2605,0.8396,1.332,-0.4924
2016-12-15,2016/2017,Manchester City,Watford,2,0,1.62359,0.497462,6.941,6.942,-0.001,-0.0122,0.28964,-0.20004,0.48967,0.2806,0.5175,0.2132,-0.2441,-0.2442,0.7616,0.4574,2.6799,0.6331,2.0468
2016-12-15,2016/2017,Crystal Palace,Manchester United,1,2,0.710324,1.27306,6.941,6.942,-0.001,-0.0122,-0.2156,0.16543,-0.38103,-0.6615,0.0943,-0.1902,0.0884,0.4181,0.006,-0.6083,0.9052,1.3215,-0.4163
2016-12-15,2016/2017,Tottenham Hotspur,Hull,3,0,2.83077,0.570636,6.941,6.942,-0.001,-0.0122,0.38564,-0.58351,0.96915,0.7995,0.3157,0.3699,-0.3478,-0.4545,0.6634,0.8245,2.7029,0.488,2.2149
2016-12-17,2016/2017,Crystal Palace,Chelsea,0,1,0.356331,0.81444,6.872,7.084,-0.212,-1.386,-0.27901,0.71374,-0.99275,-1.3235,0.0837,-0.1859,0.2937,0.4571,-0.21,-0.643,0.8399,1.657,-0.8171
2016-12-17,2016/2017,Middlesbrough,Swansea,3,0,1.71549,0.602249,6.941,6.942,-0.001,-0.0122,-0.25378,-0.49581,0.24203,0.0127,-0.4079,0.0998,0.2245,-0.3938,-0.6324,0.4936,1.2337,1.1331,0.1007
2016-12-17,2016/2017,West Ham United,Hull,1,0,1.92151,1.13479,6.941,6.942,-0.001,-0.0122,-0.23806,-0.70424,0.46618,0.2552,-0.1426,-0.321,-0.3406,-0.4587,0.198,0.1378,1.7164,0.9808,0.7356
2016-12-17,2016/2017,Stoke,Leicester City,2,2,2.518,1.25572,6.941,6.942,-0.001,-0.0122,-0.03788,-0.40594,0.36806,0.149,-0.1891,0.0047,0.1254,-0.041,-0.3145,0.0457,1.0789,1.1285,-0.0496
2016-12-17,2016/2017,Sunderland,Watford,1,0,1.13526,1.07552,6.891,6.913,-0.022,-0.1465,-0.41493,-0.30626,-0.10866,-0.3668,-0.2817,-0.232,-0.2476,-0.1537,-0.0341,-0.0783,1.0982,0.9872,0.111
2016-12-17,2016/2017,West Bromwich Albion,Manchester United,0,2,0.600426,0.983306,6.865,7.106,-0.241,-1.5751,0.21716,0.22884,-0.01168,-0.2619,-0.2057,0.0484,0.0854,0.4277,-0.291,-0.3793,0.6454,1.068,-0.4226
2016-12-18,2016/2017,Bournemouth,Southampton,1,3,0.492912,1.69451,6.905,6.959,-0.054,-0.355,0.04712,-0.06175,0.10887,-0.1314,0.1416,-0.1842,0.2235,0.2608,-0.0818,-0.445,1.1037,1.5132,-0.4095
2016-12-18,2016/2017,Manchester City,Arsenal,2,1,1.5186,0.609893,7.144,7.141,0.003,0.0142,0.39586,0.63282,-0.23697,-0.5056,0.4525,0.2176,0.45,0.02,0.0025,0.1976,1.9291,1.2613,0.6678
2016-12-18,2016/2017,Tottenham Hotspur,Burnley,2,1,1.50755,1.17031,7.118,6.801,0.317,2.0612,0.50637,-0.47121,0.97758,0.8086,0.3215,0.3641,-0.2388,-0.2433,0.5604,0.6074,2.2862,0.5269,1.7593
2016-12-20,2016/2017,Everton,Liverpool,0,1,0.456788,1.87823,6.941,6.942,-0.001,-0.0122,0.13566,0.51357,-0.3779,-0.6581,0.0257,-0.0438,0.4231,0.3275,-0.3974,-0.3713,0.9253,1.5954,-0.6702
2016-12-26,2016/2017,Hull,Manchester City,0,3,0.350069,2.22237,6.941,6.942,-0.001,-0.0122,-0.60102,0.49307,-1.09409,-1.4331,-0.3242,-0.4634,0.4288,0.2683,-0.753,-0.7317,0.6918,2.441,-1.7492
2016-12-26,2016/2017,Chelsea,Bournemouth,3,0,1.71303,0.650942,7.115,6.855,0.26,1.6867,0.84042,-0.29176,1.13218,0.9759,0.2535,0.4837,0.106,-0.1916,0.1475,0.6753,2.0145,0.6646,1.3499
2016-12-26,2016/2017,Arsenal,West Bromwich Albion,1,0,1.97881,0.687502,7.163,6.891,0.272,1.7669,0.52732,-0.01727,0.54459,0.3401,0.4244,0.0591,-0.2058,0.0516,0.6301,0.0076,1.8767,0.7428,1.1338
2016-12-26,2016/2017,Burnley,Middlesbrough,1,0,0.275704,0.698814,6.763,6.911,-0.148,-0.9694,-0.12971,-0.10053,-0.02918,-0.2808,-0.1906,-0.1945,-0.3553,0.1301,0.1646,-0.3247,0.8921,0.8668,0.0253
2016-12-26,2016/2017,Leicester City,Everton,0,2,0.377464,1.25512,6.852,6.997,-0.145,-0.9471,-0.02473,-0.11195,0.08722,-0.1548,0.1322,-0.0989,0.0036,-0.063,0.1286,-0.0359,1.4951,1.1273,0.3678
2016-12-26,2016/2017,Watford,Crystal Palace,1,1,0.959496,1.53834,6.872,6.872,-0.0,-0.0063,-0.23458,-0.31635,0.08177,-0.1607,-0.2404,-0.1538,0.0573,-0.1338,-0.2978,-0.02,1.1248,1.2352,-0.1104
2016-12-26,2016/2017,Swansea,West Ham United,1,4,0.954864,3.40585,6.941,6.942,-0.001,-0.0122,-0.45969,-0.24018,-0.21951,-0.4868,0.1933,-0.4069,-0.1224,-0.322,0.3158,-0.0849,2.0949,1.3294,0.7655
2016-12-26,2016/2017,Manchester United,Sunderland,3,1,2.32117,0.488541,7.131,6.885,0.247,1.6021,0.31795,-0.46905,0.787,0.6024,0.0814,0.4261,-0.2768,-0.2325,0.3583,0.6586,1.7641,0.4808,1.2833
2016-12-27,2016/2017,Liverpool,Stoke,4,1,1.66669,0.389104,6.941,6.942,-0.001,-0.0122,0.64916,-0.0995,0.74866,0.5609,0.4298,0.3605,-0.1024,-0.0008,0.5322,0.3612,1.9244,0.6296,1.2948
2016-12-28,2016/2017,Southampton,Tottenham Hotspur,1,4,0.403743,1.61035,6.995,7.098,-0.103,-0.6733,0.20925,0.33686,-0.12761,-0.3873,0.2322,0.3004,0.2799,0.3396,-0.0477,-0.0391,1.1103,0.9918,0.1185
2016-12-31,2016/2017,Leicester City,West Ham United,1,0,1.10842,1.58333,6.911,7.018,-0.107,-0.7007,-0.14677,-0.105,-0.04177,-0.2944,0.0471,-0.1033,0.0169,-0.2684,0.0302,0.1651,1.6939,1.1423,0.5516
2016-12-31,2016/2017,Southampton,West Bromwich Albion,1,2,0.371668,0.6675,7.007,6.904,0.103,0.669,0.07265,-0.06819,0.14085,-0.0968,0.1963,0.2605,-0.2067,0.0447,0.403,0.2158,1.4742,0.6191,0.8551
2016-12-31,2016/2017,Swansea,Bournemouth,0,3,0.515218,2.43608,6.941,6.942,-0.001,-0.0122,-0.59486,-0.40845,-0.18641,-0.4509,0.0915,-0.4816,0.1046,-0.1728,-0.013,-0.3089,1.6297,1.7975,-0.1678
2016-12-31,2016/2017,Chelsea,Stoke,4,2,1.94737,0.858417,6.941,6.942,-0.001,-0.0122,0.95712,-0.22511,1.18222,1.03,0.2361,0.4802,-0.1108,0.0155,0.3469,0.4646,1.56,0.5539,1.0061
2016-12-31,2016/2017,Hull,Everton,2,2,0.852585,1.27757,6.941,6.942,-0.001,-0.0122,-0.71869,0.01009,-0.72879,-1.0378,-0.3446,-0.4474,0.0099,0.0015,-0.3545,-0.4489,0.8851,1.5801,-0.695
2016-12-31,2016/2017,Manchester United,Middlesbrough,2,1,2.53996,0.64492,7.124,6.965,0.159,1.0305,0.41323,-0.18766,0.60088,0.401,0.11,0.4221,-0.363,0.1561,0.473,0.266,1.2178,0.4475,0.7703
2016-12-31,2016/2017,Burnley,Sunderland,4,1,2.72471,0.465701,6.832,6.896,-0.064,-0.4183,-0.04259,-0.56433,0.52174,0.3153,-0.2498,-0.1885,-0.2742,-0.2558,0.0244,0.0673,1.2494,0.925,0.3244
2016-12-31,2016/2017,Liverpool,Manchester City,1,0,0.256825,0.352445,7.063,7.164,-0.101,-0.6585,0.77477,0.61075,0.16403,-0.0717,0.4149,0.3697,0.415,0.2809,-0.0001,0.0888,1.4139,1.059,0.3549
2017-01-01,2016/2017,Arsenal,Crystal Palace,2,0,1.67138,0.221469,7.067,6.884,0.184,1.191,0.57824,-0.30479,0.88303,0.7063,0.4252,0.0608,0.0748,-0.1259,0.3504,0.1866,2.2193,0.9922,1.227
2017-01-01,2016/2017,Watford,Tottenham Hotspur,1,4,1.26331,3.06509,6.897,7.094,-0.197,-1.2869,-0.24614,0.47345,-0.71959,-1.0279,-0.249,-0.1653,0.295,0.3818,-0.5441,-0.5471,0.6505,1.6224,-0.9719
2017-01-02,2016/2017,West Bromwich Albion,Hull,3,1,0.883566,0.992341,6.941,6.942,-0.001,-0.0122,0.12497,-0.79275,0.91772,0.7438,-0.2031,0.0967,-0.3442,-0.4323,0.1411,0.5291,1.5736,0.6436,0.93
2017-01-02,2016/2017,West Ham United,Manchester United,0,2,0.799911,1.64905,7.02,7.121,-0.102,-0.665,-0.14925,0.44279,-0.59203,-0.8898,0.041,-0.2441,0.1604,0.412,-0.1194,-0.6561,0.8531,1.5168,-0.6637
2017-01-02,2016/2017,Sunderland,Liverpool,2,2,1.91057,2.332,6.941,6.942,-0.001,-0.0122,-0.47433,0.71232,-1.18665,-1.5333,-0.2961,-0.2994,0.3688,0.4221,-0.6648,-0.7215,0.6102,1.9512,-1.341
2017-01-02,2016/2017,Middlesbrough,Leicester City,0,0,0.697108,0.477078,6.943,6.913,0.029,0.1858,-0.20776,-0.38555,0.17779,-0.0568,-0.352,0.0778,0.0003,-0.1203,-0.3523,0.1981,0.9961,0.9223,0.0738
2017-01-02,2016/2017,Everton,Southampton,3,0,2.34997,1.01083,6.975,6.917,0.058,0.3726,0.10627,-0.09177,0.19804,-0.0349,-0.0078,0.0027,0.1334,0.2564,-0.1412,-0.2538,0.9675,1.1319,-0.1644
2017-01-02,2016/2017,Manchester City,Burnley,2,1,0.617412,0.642111,7.102,6.819,0.283,1.8407,0.51918,-0.32974,0.84892,0.6694,0.3926,0.3691,-0.0875,-0.174,0.4801,0.5431,2.2811,0.6124,1.6686
2017-01-03,2016/2017,Bournemouth,Arsenal,3,3,1.55859,1.12629,6.978,7.119,-0.141,-0.9228,-0.06275,0.6313,-0.69405,-1.0002,0.1505,-0.1204,0.3964,0.0983,-0.2459,-0.2187,1.2965,1.7052,-0.4087
2017-01-04,2016/2017,Crystal Palace,Swansea,1,2,0.331276,1.18905,6.941,6.942,-0.001,-0.0122,-0.33317,-0.81121,0.47805,0.2681,0.0319,-0.0888,0.0174,-0.5064,0.0145,0.4176,2.1435,1.1123,1.0312
2017-01-04,2016/2017,Stoke,Watford,2,0,1.85359,0.510395,6.941,6.942,-0.001,-0.0122,-0.21557,-0.4889,0.27333,0.0465,-0.0987,-0.0037,-0.2195,-0.2388,0.1208,0.2351,1.4393,0.8061,0.6332
2017-01-05,2016/2017,Tottenham Hotspur,Chelsea,2,0,1.00945,0.912754,6.941,6.942,-0.001,-0.0122,0.68488,0.84331,-0.15843,-0.4207,0.3486,0.3552,0.2509,0.4637,0.0977,-0.1084,1.1153,0.9011,0.2141
2017-01-14,2016/2017,Burnley,Southampton,1,0,0.464555,0.962065,6.841,6.973,-0.132,-0.866,0.07388,-0.22728,0.30116,0.0766,-0.0849,-0.0791,0.1268,0.1786,-0.2117,-0.2577,0.9464,1.2482,-0.3018
2017-01-14,2016/2017,Leicester City,Chelsea,0,3,0.179144,0.738826,6.971,7.093,-0.122,-0.7977,-0.04336,0.71968,-0.76304,-1.0749,-0.0183,-0.1089,0.249,0.4674,-0.2673,-0.5763,0.7589,1.4514,-0.6925
2017-01-14,2016/2017,West Ham United,Crystal Palace,3,0,1.72338,1.06181,6.632,6.902,-0.271,-1.7652,-0.25197,-0.46606,0.21409,-0.0176,0.038,-0.2466,-0.1113,-0.0908,0.1493,-0.1558,1.3781,1.1825,0.1957
2017-01-14,2016/2017,Hull,Bournemouth,3,1,1.18904,1.43455,6.941,6.942,-0.001,-0.0122,-0.70775,-0.22711,-0.48063,-0.7693,-0.3218,-0.4043,0.166,-0.0923,-0.4879,-0.3121,0.9945,1.7693,-0.7748
2017-01-14,2016/2017,Sunderland,Stoke,1,3,1.1365,1.22897,6.941,6.942,-0.001,-0.0122,-0.38015,-0.2259,-0.15425,-0.4161,-0.2402,-0.315,-0.0678,0.0043,-0.1724,-0.3193,0.9798,1.2807,-0.3008
2017-01-14,2016/2017,Tottenham Hotspur,West Bromwich Albion,4,0,2.65474,0.165019,7.147,6.886,0.261,1.6943,0.80851,0.08376,0.72474,0.535,0.3418,0.3515,-0.2521,0.0881,0.594,0.2634,1.6637,0.5301,1.1337
2017-01-14,2016/2017,Swansea,Arsenal,0,4,0.488485,2.31811,6.941,6.942,-0.001,-0.0122,-0.66046,0.56283,-1.22329,-1.5729,0.0207,-0.4156,0.3715,0.0821,-0.3508,-0.4977,1.1767,2.1975,-1.0207
2017-01-14,2016/2017,Watford,Middlesbrough,0,0,0.835827,0.325347,6.909,6.916,-0.007,-0.0496,-0.44758,-0.24942,-0.19816,-0.4637,-0.2313,-0.2545,-0.3711,0.0965,0.1397,-0.3511,0.9008,0.8908,0.01
2017-01-15,2016/2017,Manchester United,Liverpool,1,1,1.03178,1.46058,7.135,7.09,0.045,0.2899,0.52778,0.61814,-0.09035,-0.347,0.1649,0.4115,0.3804,0.3603,-0.2154,0.0512,1.0349,0.9642,0.0707
2017-01-15,2016/2017,Everton,Manchester City,4,0,0.572528,0.569286,6.998,7.136,-0.137,-0.8981,0.24179,0.54724,-0.30545,-0.5797,0.0488,0.008,0.3161,0.3648,-0.2673,-0.3568,0.8975,1.3833,-0.4859
2017-01-21,2016/2017,Middlesbrough,West Ham United,1,3,0.958825,2.6558,6.965,6.846,0.12,0.776,-0.24854,-0.17103,-0.07751,-0.3331,-0.402,0.0984,0.0619,-0.241,-0.4639,0.3394,1.0807,0.9506,0.1301
2017-01-21,2016/2017,Manchester City,Tottenham Hotspur,2,2,2.52702,1.12391,7.164,7.138,0.026,0.1643,0.43773,0.77684,-0.33911,-0.6162,0.2877,0.3774,0.3804,0.3594,-0.0927,0.018,1.1684,1.0,0.1684
2017-01-21,2016/2017,Crystal Palace,Everton,0,1,0.463733,0.949561,6.888,7.019,-0.131,-0.8546,-0.52849,0.13156,-0.66005,-0.9635,-0.1158,-0.1041,0.0343,0.0498,-0.1501,-0.1539,1.0441,1.1666,-0.1225
2017-01-21,2016/2017,Bournemouth,Watford,2,2,1.14791,1.08731,6.932,6.905,0.027,0.1688,-0.081,-0.58451,0.50351,0.2956,0.1438,-0.0968,-0.2328,-0.2363,0.3766,0.1395,1.836,0.8702,0.9658
2017-01-21,2016/2017,West Bromwich Albion,Sunderland,2,0,1.3279,0.440887,6.874,6.843,0.031,0.1959,0.11982,-0.70899,0.82881,0.6476,-0.2621,0.0368,-0.2293,-0.3106,-0.0328,0.3475,1.3184,0.7636,0.5548
2017-01-21,2016/2017,Stoke,Manchester United,1,1,0.353777,1.74295,6.941,6.942,-0.001,-0.0122,-0.02531,0.55397,-0.57928,-0.8761,-0.0703,-0.0008,0.1634,0.3767,-0.2337,-0.3775,0.8002,1.1787,-0.3785
2017-01-21,2016/2017,Liverpool,Swansea,2,3,1.24037,1.60482,6.941,6.942,-0.001,-0.0122,0.7806,-0.79615,1.57674,1.4569,0.3897,0.3574,-0.0167,-0.4179,0.4064,0.7752,2.8058,0.6881,2.1177
2017-01-22,2016/2017,Chelsea,Hull,2,0,1.47165,0.314532,6.941,6.942,-0.001,-0.0122,1.03427,-0.79564,1.82991,1.7309,0.2189,0.4917,-0.3035,-0.3879,0.5224,0.8796,2.2954,0.4516,1.8438
2017-01-22,2016/2017,Arsenal,Burnley,2,1,1.86443,1.29948,7.168,6.847,0.322,2.0897,0.71384,-0.30424,1.01809,0.8524,0.3733,0.1171,-0.1221,-0.0689,0.4954,0.1859,2.0234,0.7578,1.2657
2017-01-22,2016/2017,Southampton,Leicester City,3,0,2.49923,0.935866,6.948,6.924,0.023,0.1479,-0.15576,-0.44556,0.2898,0.0644,0.1123,0.201,-0.0417,-0.0735,0.154,0.2745,1.5111,0.7824,0.7288
2017-01-31,2016/2017,Burnley,Leicester City,1,0,1.82995,0.775645,6.847,7.003,-0.155,-1.0155,0.14444,-0.57961,0.72405,0.5342,-0.0816,-0.0606,-0.0357,-0.1195,-0.0459,0.0588,1.2758,1.0445,0.2314
2017-01-31,2016/2017,Swansea,Southampton,2,1,0.760046,0.907103,6.941,6.942,-0.001,-0.0122,-0.70771,-0.20669,-0.50102,-0.7914,0.0139,-0.3337,0.1641,0.1928,-0.1502,-0.5265,1.0463,1.6454,-0.5991
2017-01-31,2016/2017,Middlesbrough,West Bromwich Albion,1,1,1.18135,1.25288,6.982,6.879,0.103,0.6676,-0.36664,0.00398,-0.37061,-0.6503,-0.4074,0.025,-0.2592,0.0446,-0.1482,-0.0196,0.8061,0.7434,0.0627
2017-01-31,2016/2017,Bournemouth,Crystal Palace,0,2,0.32099,1.60667,6.897,6.915,-0.019,-0.1247,-0.13582,-0.62841,0.49259,0.2838,0.1007,-0.1015,-0.1434,-0.0955,0.2441,-0.006,1.5193,0.9611,0.5582
2017-01-31,2016/2017,Arsenal,Watford,1,2,1.07765,0.918309,7.181,6.883,0.298,1.9361,0.71116,-0.52968,1.24085,1.0935,0.364,0.098,-0.2198,-0.1996,0.5838,0.2976,2.2782,0.7024,1.5758
2017-01-31,2016/2017,Liverpool,Chelsea,1,1,1.20485,1.0666,7.113,7.09,0.023,0.1483,0.6488,0.86008,-0.21128,-0.4778,0.3098,0.3123,0.1758,0.4914,0.134,-0.1791,1.0465,0.87,0.1765
2017-01-31,2016/2017,Sunderland,Tottenham Hotspur,0,0,0.228009,0.682758,6.748,7.128,-0.381,-2.4811,-0.55862,0.73629,-1.29491,-1.6504,-0.2421,-0.3082,0.3808,0.2744,-0.6228,-0.5826,0.7135,2.0842,-1.3707
2017-02-01,2016/2017,Stoke,Everton,1,1,1.7362,0.870158,6.941,6.942,-0.001,-0.0122,0.03527,0.17219,-0.13692,-0.3974,-0.0894,-0.0222,0.0249,0.0715,-0.1143,-0.0937,1.0652,1.0485,0.0168
2017-02-01,2016/2017,West Ham United,Manchester City,0,4,0.49472,2.66472,6.912,7.184,-0.272,-1.7719,-0.03798,0.42157,-0.45954,-0.7465,0.1382,-0.2358,0.3305,0.3677,-0.1922,-0.6035,0.9631,1.8198,-0.8567
2017-02-01,2016/2017,Manchester United,Hull,0,0,1.48151,0.395896,6.941,6.942,-0.001,-0.0122,0.50009,-0.81827,1.31836,1.1773,0.183,0.3958,-0.3065,-0.3474,0.4895,0.7432,2.1267,0.4956,1.6312
2017-02-04,2016/2017,Watford,Burnley,2,1,1.66308,1.4777,6.899,6.84,0.06,0.385,-0.30156,-0.27871,-0.02285,-0.274,-0.2076,-0.1304,-0.0326,-0.0529,-0.175,-0.0775,1.0797,1.095,-0.0153
2017-02-04,2016/2017,Tottenham Hotspur,Middlesbrough,1,0,2.10053,0.50484,7.11,6.963,0.147,0.9524,0.85792,-0.32503,1.18295,1.0308,0.3221,0.2898,-0.3828,0.0078,0.7048,0.282,1.7438,0.5016,1.2422
2017-02-04,2016/2017,Southampton,West Ham United,1,3,1.06276,0.91785,6.806,6.908,-0.101,-0.6628,-0.09232,-0.14979,0.05747,-0.187,0.1247,0.2062,0.1122,-0.2686,0.0125,0.4748,1.8322,0.9214,0.9108
2017-02-04,2016/2017,West Bromwich Albion,Stoke,1,0,1.84983,1.10818,6.941,6.942,-0.001,-0.0122,0.18435,-0.05698,0.24133,0.0119,-0.2386,0.0343,-0.0524,-0.016,-0.1862,0.0503,1.0015,0.9171,0.0844
2017-02-04,2016/2017,Everton,Bournemouth,6,3,2.75981,2.1501,7.078,6.927,0.151,0.9783,0.40917,-0.48061,0.88978,0.7136,0.0172,0.0455,0.0385,-0.1188,-0.0213,0.1643,1.4598,0.9754,0.4844
2017-02-04,2016/2017,Crystal Palace,Sunderland,0,4,2.45994,0.837361,6.918,6.795,0.124,0.8002,-0.48226,-0.73682,0.25457,0.0262,-0.1156,-0.0427,-0.2649,-0.2411,0.1493,0.1984,1.4398,0.7891,0.6507
2017-02-04,2016/2017,Hull,Liverpool,2,0,1.88587,1.12538,6.941,6.942,-0.001,-0.0122,-0.52646,0.53581,-1.06227,-1.3987,-0.308,-0.3182,0.3115,0.2988,-0.6196,-0.617,0.682,1.8776,-1.1955
2017-02-04,2016/2017,Chelsea,Arsenal,3,1,1.95451,0.950035,7.084,7.131,-0.047,-0.3086,1.03866,0.61257,0.42609,0.2118,0.1793,0.4772,0.3147,0.0903,-0.1354,0.3869,1.3602,0.8548,0.5054
2017-02-05,2016/2017,Manchester City,Swansea,2,1,2.87972,0.11445,6.941,6.942,-0.001,-0.0122,0.57514,-0.59374,1.16887,1.0156,0.3606,0.3868,0.0007,-0.306,0.3599,0.6928,2.4368,0.6799,1.757
2017-02-05,2016/2017,Leicester City,Manchester United,0,3,0.492009,1.98688,6.996,7.109,-0.113,-0.7396,-0.2809,0.42711,-0.708,-1.0153,-0.0486,-0.1392,0.1458,0.3955,-0.1944,-0.5347,0.7919,1.348,-0.5561
2017-02-11,2016/2017,Sunderland,Southampton,0,4,0.197925,1.72717,6.842,6.886,-0.044,-0.2873,-0.35857,-0.39351,0.03494,-0.2114,-0.2604,-0.273,0.0763,0.2046,-0.3367,-0.4776,0.782,1.4255,-0.6435
2017-02-11,2016/2017,Manchester United,Watford,2,0,2.627,0.641058,7.15,6.976,0.174,1.1269,0.48495,-0.34641,0.83136,0.6504,0.1676,0.4063,-0.1718,-0.1402,0.3394,0.5466,1.7381,0.5495,1.1886
2017-02-11,2016/2017,Middlesbrough,Everton,0,0,0.651056,0.831644,6.963,7.074,-0.111,-0.7263,-0.30705,0.23527,-0.54232,-0.8361,-0.3793,-0.0158,0.082,0.0039,-0.4613,-0.0197,0.8419,1.1175,-0.2757
2017-02-11,2016/2017,Arsenal,Hull,2,0,3.1235,0.466403,6.941,6.942,-0.001,-0.0122,0.51359,-0.62594,1.13953,0.9838,0.3141,0.0568,-0.2358,-0.2873,0.5499,0.3441,2.2831,0.7465,1.5366
2017-02-11,2016/2017,West Ham United,West Bromwich Albion,2,2,1.17553,0.769974,6.912,6.887,0.025,0.1613,-0.10236,0.00883,-0.11119,-0.3695,0.1111,-0.2361,-0.1942,0.0283,0.3052,-0.2644,1.3635,1.0397,0.3237
2017-02-11,2016/2017,Liverpool,Tottenham Hotspur,2,0,2.38009,0.622104,7.124,7.11,0.014,0.0895,0.58327,0.62166,-0.0384,-0.2908,0.2801,0.2459,0.333,0.2872,-0.0529,-0.0413,1.2446,1.0892,0.1554
2017-02-11,2016/2017,Stoke,Crystal Palace,1,0,0.720883,0.202159,6.941,6.942,-0.001,-0.0122,0.00554,-0.59963,0.60517,0.4056,-0.0434,-0.0429,-0.0596,-0.0435,0.0162,0.0006,1.2513,0.9836,0.2677
2017-02-12,2016/2017,Swansea,Leicester City,2,0,0.693376,0.672883,6.941,6.942,-0.001,-0.0122,-0.58681,-0.6982,0.11139,-0.1287,-0.0175,-0.3228,-0.0608,-0.1643,0.0433,-0.1584,1.449,1.2997,0.1493
2017-02-12,2016/2017,Burnley,Chelsea,1,1,0.906366,0.800222,6.903,7.084,-0.181,-1.1814,0.12086,0.9049,-0.78405,-1.0976,-0.0049,-0.0685,0.202,0.4683,-0.2069,-0.5368,0.7631,1.3393,-0.5763
2017-02-13,2016/2017,Bournemouth,Manchester City,0,2,0.152385,2.953,6.917,7.185,-0.269,-1.7521,-0.34783,0.55187,-0.8997,-1.2228,0.0857,-0.1693,0.379,0.4027,-0.2933,-0.572,0.8827,1.7868,-0.904
2017-02-25,2016/2017,Crystal Palace,Middlesbrough,1,0,0.808522,0.82885,6.93,6.944,-0.014,-0.0955,-0.665,-0.26235,-0.40265,-0.6849,-0.0914,-0.024,-0.3878,-0.0034,0.2964,-0.0205,1.1442,0.6962,0.4479
2017-02-25,2016/2017,Everton,Sunderland,2,0,1.70366,0.505952,7.067,6.806,0.26,1.6891,0.49318,-0.68476,1.17794,1.0254,0.0703,0.0095,-0.2837,-0.2807,0.354,0.2902,1.8336,0.7231,1.1105
2017-02-25,2016/2017,West Bromwich Albion,Bournemouth,2,1,1.6124,1.22747,6.913,6.885,0.028,0.1772,0.24661,-0.66345,0.91007,0.7355,-0.2057,0.0358,0.0554,-0.2218,-0.2611,0.2576,1.2759,1.0165,0.2595
2017-02-25,2016/2017,Chelsea,Swansea,3,1,1.22573,0.280172,6.941,6.942,-0.001,-0.0122,1.09756,-0.4931,1.59066,1.472,0.1818,0.4581,-0.0603,-0.3036,0.2421,0.7617,2.0331,0.5956,1.4375
2017-02-25,2016/2017,Watford,West Ham United,1,1,1.21279,1.48144,6.912,6.933,-0.021,-0.1398,-0.27701,-0.01817,-0.25884,-0.5293,-0.1673,-0.1771,0.0984,-0.2275,-0.2657,0.0504,1.3257,1.3206,0.0052
2017-02-25,2016/2017,Hull,Burnley,1,1,1.59037,0.473058,6.941,6.942,-0.001,-0.0122,-0.43942,-0.31616,-0.12327,-0.3826,-0.2504,-0.3197,0.0037,-0.0496,-0.2541,-0.2701,1.0236,1.3822,-0.3586
2017-02-26,2016/2017,Tottenham Hotspur,Stoke,4,0,1.89002,0.743596,6.941,6.942,-0.001,-0.0122,0.75318,-0.09905,0.85223,0.6729,0.3157,0.2177,-0.0718,-0.0178,0.3875,0.2355,1.7466,0.7488,0.9978
2017-02-27,2016/2017,Leicester City,Liverpool,3,1,1.54732,0.789939,6.983,7.101,-0.118,-0.7725,-0.48549,0.47709,-0.96258,-1.2908,-0.0957,-0.1314,0.3151,0.2729,-0.4108,-0.4043,0.8535,1.5851,-0.7316
2017-03-04,2016/2017,Swansea,Burnley,3,2,1.44545,0.933851,6.941,6.942,-0.001,-0.0122,-0.50089,-0.33308,-0.16781,-0.4308,-0.0691,-0.2707,-0.0668,-0.0639,-0.0023,-0.2069,1.2447,1.2265,0.0182
2017-03-04,2016/2017,Stoke,Middlesbrough,2,0,2.97584,0.274611,6.941,6.942,-0.001,-0.0122,-0.04243,-0.36488,0.32245,0.0997,-0.0714,-0.0248,-0.379,0.0109,0.3076,-0.0357,1.1524,0.7019,0.4505
2017-03-04,2016/2017,Manchester United,Bournemouth,1,1,2.5377,0.816172,7.14,6.863,0.276,1.7932,0.57837,-0.67609,1.25446,1.1082,0.2063,0.3997,0.0638,-0.231,0.1425,0.6307,2.0027,0.6916,1.3111
2017-03-04,2016/2017,West Bromwich Albion,Crystal Palace,0,2,0.3746,1.39171,6.909,6.931,-0.022,-0.1474,0.25925,-0.57697,0.83622,0.6556,-0.1861,0.0287,-0.1068,-0.0266,-0.0793,0.0553,1.0641,0.8756,0.1885
2017-03-04,2016/2017,Leicester City,Hull,3,1,1.81255,1.1216,6.941,6.942,-0.001,-0.0122,-0.34757,-0.6931,0.34553,0.1247,-0.0635,-0.0949,-0.2076,-0.2933,0.1441,0.1984,1.5743,0.8936,0.6807
2017-03-04,2016/2017,Liverpool,Arsenal,3,1,2.70435,0.729203,7.078,7.073,0.006,0.0333,0.61223,0.55659,0.05563,-0.189,0.2861,0.2376,0.3498,0.0649,-0.0637,0.1727,1.5623,1.1181,0.4442
2017-03-04,2016/2017,Watford,Southampton,3,4,1.40104,1.33681,6.921,6.95,-0.029,-0.1944,-0.2445,-0.24319,-0.00131,-0.2506,-0.1738,-0.1809,0.0891,0.225,-0.2629,-0.4059,0.8369,1.3146,-0.4777
2017-03-05,2016/2017,Sunderland,Manchester City,0,2,0.737758,2.48022,6.796,7.123,-0.327,-2.1343,-0.55975,0.64229,-1.20204,-1.5499,-0.2915,-0.2732,0.414,0.4304,-0.7055,-0.7036,0.5847,2.0673,-1.4826
2017-03-05,2016/2017,Tottenham Hotspur,Everton,3,2,1.70225,0.808013,7.128,7.081,0.047,0.3003,0.89367,0.2283,0.66537,0.4708,0.3193,0.216,0.063,0.0152,0.2563,0.2008,1.7058,0.8534,0.8523
2017-03-06,2016/2017,West Ham United,Chelsea,1,2,0.450583,2.01134,6.964,7.122,-0.158,-1.0326,-0.10864,0.86216,-0.9708,-1.2997,0.106,-0.2221,0.1424,0.4648,-0.0364,-0.6869,0.8578,1.4672,-0.6094
2017-03-08,2016/2017,Manchester City,Stoke,0,0,1.3049,0.337194,6.941,6.942,-0.001,-0.0122,0.66286,-0.16526,0.82811,0.6468,0.4244,0.4223,0.0223,-0.0153,0.402,0.4376,1.9422,0.6705,1.2717
2017-03-11,2016/2017,Bournemouth,West Ham United,3,2,3.68186,1.25315,6.877,6.965,-0.088,-0.5796,-0.38205,-0.05354,-0.3285,-0.6047,0.0674,-0.2538,0.0867,-0.2385,-0.0193,-0.0153,1.6815,1.4207,0.2607
2017-03-11,2016/2017,Everton,West Bromwich Albion,3,0,2.17521,0.127321,7.032,6.917,0.115,0.7441,0.54271,-0.08883,0.63154,0.4341,0.0609,0.0152,-0.2155,0.014,0.2764,0.0013,1.3296,0.7832,0.5464
2017-03-11,2016/2017,Hull,Swansea,2,1,1.98818,1.44148,6.941,6.942,-0.001,-0.0122,-0.49633,-0.47782,-0.01851,-0.2693,-0.1924,-0.2979,-0.058,-0.2613,-0.1345,-0.0366,1.3404,1.2715,0.0689
2017-03-12,2016/2017,Liverpool,Burnley,2,1,0.966335,0.83474,7.031,6.828,0.202,1.3132,0.73087,-0.42646,1.15733,1.0031,0.3302,0.2583,-0.0851,-0.0697,0.4153,0.328,1.9122,0.6924,1.2197
2017-03-18,2016/2017,West Bromwich Albion,Arsenal,3,1,2.11737,0.995221,6.868,7.077,-0.21,-1.3679,0.0379,0.43795,-0.40005,-0.6821,-0.2398,-0.02,0.3361,-0.0018,-0.5759,-0.0183,0.962,1.464,-0.502
2017-03-18,2016/2017,Bournemouth,Swansea,2,0,1.00816,0.37687,6.941,6.942,-0.001,-0.0122,-0.28223,-0.56443,0.28221,0.0561,0.198,-0.2459,-0.0492,-0.276,0.2472,0.0301,2.01,1.2176,0.7923
2017-03-18,2016/2017,Stoke,Chelsea,1,2,0.952053,1.95538,6.941,6.942,-0.001,-0.0122,0.12009,0.86645,-0.74636,-1.0568,0.0108,0.0179,0.1597,0.4796,-0.1489,-0.4616,0.783,1.1525,-0.3695
2017-03-18,2016/2017,Everton,Hull,4,0,2.63141,0.528692,6.941,6.942,-0.001,-0.0122,0.67067,-0.74611,1.41678,1.2838,0.0977,0.0325,-0.1384,-0.2997,0.2361,0.3323,1.8618,0.8431,1.0187
2017-03-18,2016/2017,Sunderland,Burnley,0,0,1.03287,1.18742,6.769,6.831,-0.062,-0.4078,-0.63463,-0.40535,-0.22927,-0.4973,-0.2826,-0.2885,-0.0779,-0.0269,-0.2048,-0.2616,0.9619,1.2437,-0.2818
2017-03-18,2016/2017,West Ham United,Leicester City,2,3,2.32174,2.17004,6.971,6.987,-0.016,-0.1079,-0.17947,-0.64965,0.47018,0.2595,0.0772,-0.3092,-0.0479,-0.0999,0.1252,-0.2093,1.4911,1.3011,0.19
2017-03-18,2016/2017,Crystal Palace,Watford,1,0,0.376326,0.190648,6.927,6.88,0.047,0.3019,-0.47177,-0.47525,0.00349,-0.2455,-0.0862,-0.0044,-0.1477,-0.18,0.0615,0.1756,1.3822,0.8617,0.5205
2017-03-19,2016/2017,Middlesbrough,Manchester United,1,3,1.09037,2.47484,6.921,6.98,-0.059,-0.3906,-0.39186,0.55119,-0.94306,-1.2697,-0.3951,-0.0645,0.2276,0.3912,-0.6228,-0.4557,0.566,1.349,-0.7829
2017-03-19,2016/2017,Tottenham Hotspur,Southampton,2,1,1.64328,0.839989,7.089,6.947,0.143,0.924,0.9338,-0.15754,1.09133,0.9317,0.3164,0.2159,0.0892,0.2006,0.2272,0.0153,1.4291,0.8662,0.5629
2017-03-19,2016/2017,Manchester City,Liverpool,1,1,2.55464,1.94116,7.188,7.077,0.111,0.7204,0.58623,0.40419,0.18205,-0.0522,0.3951,0.4294,0.2904,0.2509,0.1047,0.1785,1.4647,0.8588,0.6059
2017-04-01,2016/2017,Liverpool,Everton,3,1,0.625343,1.44152,7.099,7.011,0.088,0.5713,0.72578,0.36143,0.36435,0.145,0.3146,0.1752,0.1367,0.0412,0.1779,0.1341,1.6623,0.9522,0.7102
2017-04-01,2016/2017,Watford,Sunderland,1,0,1.95828,0.349699,6.85,6.812,0.038,0.242,-0.38718,-0.7914,0.40422,0.1882,-0.175,-0.1441,-0.2762,-0.2845,0.1012,0.1404,1.4025,0.8724,0.5301
2017-04-01,2016/2017,Chelsea,Crystal Palace,1,2,3.16805,1.57423,7.133,6.924,0.209,1.3572,1.16871,-0.38389,1.5526,1.4308,0.1827,0.4684,-0.1395,0.0134,0.3222,0.455,1.5197,0.5311,0.9886
2017-04-01,2016/2017,Burnley,Tottenham Hotspur,0,2,0.44677,2.36346,6.837,7.065,-0.228,-1.4876,0.11588,0.61261,-0.49673,-0.7867,-0.0806,-0.0284,0.3208,0.2151,-0.4013,-0.2435,0.9062,1.457,-0.5509
2017-04-01,2016/2017,Leicester City,Stoke,2,0,1.97444,1.36671,6.941,6.942,-0.001,-0.0122,-0.1669,-0.10994,-0.05696,-0.3109,-0.0009,-0.1324,0.0177,-0.0083,-0.0186,-0.1241,1.2605,1.1623,0.0983
2017-04-01,2016/2017,Hull,West Ham United,2,1,0.778704,1.24571,6.941,6.942,-0.001,-0.0122,-0.49766,-0.22328,-0.27438,-0.5461,-0.1551,-0.3242,0.1228,-0.3321,-0.2779,0.0079,1.4935,1.564,-0.0705
2017-04-01,2016/2017,Southampton,Bournemouth,0,0,1.00252,2.06307,6.89,6.878,0.012,0.075,-0.04781,-0.43753,0.38971,0.1725,0.0875,0.1857,0.1326,-0.2185,-0.0451,0.4042,1.7018,0.947,0.7549
2017-04-01,2016/2017,Manchester United,West Bromwich Albion,0,0,0.986683,0.200297,6.987,6.881,0.106,0.6852,0.54038,-0.13108,0.67146,0.4773,0.262,0.3705,-0.1794,0.0003,0.4414,0.3702,1.6463,0.5698,1.0765
2017-04-02,2016/2017,Arsenal,Manchester City,2,2,0.738497,1.40021,7.096,7.142,-0.045,-0.2995,0.42723,0.65007,-0.22284,-0.4904,0.3181,-0.0434,0.4281,0.3817,-0.11,-0.4252,1.1679,1.6112,-0.4433
2017-04-02,2016/2017,Swansea,Middlesbrough,0,0,0.64382,0.748206,6.941,6.942,-0.001,-0.0122,-0.54032,-0.53527,-0.00505,-0.2547,-0.0886,-0.2364,-0.3694,-0.1165,0.2807,-0.1199,1.2866,0.8757,0.4108
2017-04-04,2016/2017,Burnley,Stoke,1,0,0.348885,1.17275,6.941,6.942,-0.001,-0.0122,0.00989,-0.23128,0.24118,0.0117,-0.1049,-0.0603,0.0279,-0.0328,-0.1328,-0.0275,1.1642,1.0925,0.0717
2017-04-04,2016/2017,Watford,West Bromwich Albion,2,0,0.691991,1.48109,6.867,6.867,0.001,0.0003,-0.32541,-0.0641,-0.26131,-0.532,-0.1387,-0.1309,-0.1888,0.03,0.0501,-0.1609,1.0572,0.9438,0.1134
2017-04-04,2016/2017,Leicester City,Sunderland,2,0,0.929134,0.7012,6.965,6.793,0.173,1.1205,-0.04556,-0.85317,0.80761,0.6247,0.0357,-0.1378,-0.2989,-0.2987,0.3346,0.1609,1.7847,0.834,0.9507
2017-04-04,2016/2017,Manchester United,Everton,1,1,1.67424,0.589122,7.043,7.05,-0.007,-0.0474,0.47339,0.25124,0.22215,-0.0088,0.2318,0.3795,0.1525,0.0932,0.0793,0.2863,1.4364,0.7977,0.6387
2017-04-05,2016/2017,Swansea,Tottenham Hotspur,1,3,0.872579,2.2242,6.941,6.942,-0.001,-0.0122,-0.53956,0.7186,-1.25817,-1.6107,-0.1197,-0.232,0.3498,0.2315,-0.4695,-0.4635,0.8807,1.7897,-0.909
2017-04-05,2016/2017,Hull,Middlesbrough,4,2,2.23261,1.30673,6.941,6.942,-0.001,-0.0122,-0.39992,-0.53602,0.1361,-0.102,-0.2123,-0.3116,-0.3729,-0.0881,0.1606,-0.2236,1.105,0.9408,0.1642
2017-04-05,2016/2017,Arsenal,West Ham United,3,0,2.16023,0.303905,7.094,6.963,0.131,0.8491,0.45587,-0.32102,0.77689,0.5914,0.3009,-0.0315,0.1046,-0.3064,0.1963,0.2749,2.3332,1.1281,1.2051
2017-04-05,2016/2017,Southampton,Crystal Palace,3,1,3.34327,1.73055,6.912,6.888,0.024,0.1506,-0.09305,-0.25252,0.15947,-0.0767,0.0503,0.1385,-0.1101,-0.0581,0.1604,0.1966,1.3986,0.7777,0.6209
2017-04-05,2016/2017,Liverpool,Bournemouth,2,2,2.17263,1.31233,7.032,6.842,0.19,1.2301,0.83596,-0.39229,1.22825,1.0798,0.2685,0.1523,0.1686,-0.1891,0.0999,0.3415,2.0227,0.9938,1.029
2017-04-05,2016/2017,Chelsea,Manchester City,2,1,1.36933,2.2614,7.121,7.153,-0.032,-0.2139,1.03733,0.62143,0.4159,0.2008,0.2369,0.4346,0.4168,0.4006,-0.1799,0.0339,1.0584,0.9863,0.0721
2017-04-08,2016/2017,West Ham United,Swansea,1,0,1.20573,0.307666,6.941,6.942,-0.001,-0.0122,-0.43286,-0.7242,0.29134,0.066,0.0651,-0.2959,-0.1189,-0.2455,0.1841,-0.0505,1.7069,1.1939,0.5131
2017-04-08,2016/2017,Bournemouth,Chelsea,1,3,0.384152,1.52126,6.911,7.081,-0.17,-1.1127,-0.07554,0.85145,-0.92698,-1.2523,0.1802,-0.194,0.2448,0.3669,-0.0647,-0.5609,1.0174,1.5829,-0.5655
2017-04-08,2016/2017,Manchester City,Hull,3,1,2.33731,0.358364,6.941,6.942,-0.001,-0.0122,0.5025,-0.73513,1.23763,1.09,0.4471,0.383,-0.1471,-0.3162,0.5941,0.6992,2.6842,0.5887,2.0955
2017-04-08,2016/2017,Middlesbrough,Burnley,0,0,0.684683,0.809899,6.93,6.864,0.066,0.4229,-0.55853,-0.457,-0.10153,-0.3591,-0.3492,-0.1281,-0.1511,-0.062,-0.1981,-0.0661,0.9464,0.9697,-0.0234
2017-04-08,2016/2017,Stoke,Liverpool,1,2,2.13972,1.02225,6.941,6.942,-0.001,-0.0122,-0.04113,0.43773,-0.47887,-0.7674,0.0316,-0.0068,0.2723,0.1369,-0.2407,-0.1438,1.1261,1.3223,-0.1962
2017-04-08,2016/2017,West Bromwich Albion,Southampton,0,1,2.01721,0.910339,6.875,6.899,-0.023,-0.1565,0.12725,-0.09755,0.2248,-0.006,-0.1649,0.0407,0.1365,0.1054,-0.3014,-0.0647,0.9524,1.1037,-0.1513
2017-04-08,2016/2017,Tottenham Hotspur,Watford,4,0,1.18779,0.369968,7.074,6.857,0.217,1.4098,1.0393,-0.43574,1.47504,1.3469,0.3639,0.2298,-0.1565,-0.1432,0.5203,0.373,2.1324,0.6623,1.4702
2017-04-09,2016/2017,Sunderland,Manchester United,0,3,0.977316,1.6943,6.83,7.092,-0.262,-1.7088,-0.70941,0.57593,-1.28534,-1.6401,-0.3029,-0.2649,0.2397,0.3855,-0.5425,-0.6504,0.6094,1.709,-1.0996
2017-04-09,2016/2017,Everton,Leicester City,4,2,2.64597,0.836095,7.009,6.93,0.079,0.5088,0.74817,-0.40093,1.1491,0.9942,0.1452,0.0821,-0.0116,-0.1334,0.1568,0.2156,1.6691,0.9021,0.767
2017-04-10,2016/2017,Crystal Palace,Arsenal,3,0,2.15968,0.44226,6.887,7.094,-0.206,-1.3474,-0.37596,0.41182,-0.78778,-1.1017,-0.0786,-0.1338,0.2899,0.0004,-0.3685,-0.1342,1.1282,1.5657,-0.4375
2017-04-15,2016/2017,Watford,Swansea,1,0,1.22039,0.641001,6.941,6.942,-0.001,-0.0122,-0.28685,-0.7936,0.50675,0.2991,-0.1664,-0.0966,-0.159,-0.2267,-0.0075,0.1301,1.3289,0.9397,0.3892
2017-04-15,2016/2017,Stoke,Hull,3,1,2.01829,1.17696,6.941,6.942,-0.001,-0.0122,-0.09733,-0.80789,0.71055,0.5196,0.085,0.0041,-0.1538,-0.2977,0.2388,0.3017,1.8345,0.8541,0.9803
2017-04-15,2016/2017,Crystal Palace,Leicester City,2,2,1.67894,0.467725,6.897,6.997,-0.1,-0.6525,-0.22803,-0.47884,0.25081,0.0222,-0.022,-0.0851,-0.0141,-0.1745,-0.0079,0.0894,1.4404,1.0864,0.3539
2017-04-15,2016/2017,Tottenham Hotspur,Bournemouth,4,0,3.28588,0.211502,7.123,6.884,0.239,1.5538,1.17018,-0.35585,1.52603,1.4021,0.3221,0.2363,0.1514,-0.1902,0.1707,0.4265,2.1492,0.8928,1.2564
2017-04-15,2016/2017,Sunderland,West Ham United,2,2,1.14121,1.42815,6.757,6.924,-0.167,-1.0911,-0.82192,-0.39977,-0.42215,-0.706,-0.2849,-0.2621,0.0352,-0.2702,-0.3202,0.0081,1.2089,1.3735,-0.1646
2017-04-15,2016/2017,Southampton,Manchester City,0,3,0.616753,2.74188,6.95,7.137,-0.187,-1.2241,0.08677,0.60901,-0.52224,-0.8143,0.1283,0.0624,0.4258,0.3856,-0.2975,-0.3232,0.9461,1.4707,-0.5246
2017-04-15,2016/2017,Everton,Burnley,3,1,1.67352,1.1469,7.04,6.892,0.148,0.9626,0.82608,-0.47115,1.29724,1.1545,0.1899,0.0833,-0.1572,-0.0552,0.3471,0.1384,1.6275,0.7725,0.855
2017-04-16,2016/2017,Manchester United,Chelsea,2,0,0.807128,0.132913,7.038,7.054,-0.016,-0.1063,0.51984,0.94063,-0.42079,-0.7046,0.2371,0.3697,0.2404,0.3948,-0.0033,-0.0251,1.0668,0.8805,0.1863
2017-04-16,2016/2017,West Bromwich Albion,Liverpool,0,1,0.590375,1.30017,6.891,7.048,-0.157,-1.0235,0.03149,0.49394,-0.46245,-0.7496,-0.1165,0.0464,0.2602,0.0881,-0.3767,-0.0417,1.001,1.2618,-0.2608
2017-04-17,2016/2017,Middlesbrough,Arsenal,1,2,1.72075,1.0689,6.91,7.169,-0.259,-1.6889,-0.54438,0.26389,-0.80827,-1.1238,-0.361,-0.1218,0.2518,-0.0383,-0.6128,-0.0835,0.8788,1.4986,-0.6199
2017-04-22,2016/2017,Bournemouth,Middlesbrough,4,0,3.27712,0.2072,6.877,6.904,-0.026,-0.1741,-0.25136,-0.65995,0.40859,0.1929,0.1225,-0.2374,-0.3066,-0.1007,0.4291,-0.1367,1.5594,0.9361,0.6233
2017-04-22,2016/2017,Swansea,Stoke,2,0,0.475636,1.69454,6.941,6.942,-0.001,-0.0122,-0.69334,-0.27574,-0.4176,-0.7011,-0.169,-0.2218,0.0963,-0.0037,-0.2654,-0.218,1.0605,1.3748,-0.3142
2017-04-22,2016/2017,West Ham United,Everton,0,0,0.668323,0.104476,6.932,7.028,-0.096,-0.6263,-0.39551,0.37777,-0.77328,-1.086,0.0372,-0.2661,0.1903,0.0735,-0.1531,-0.3396,1.1932,1.5965,-0.4034
2017-04-22,2016/2017,Hull,Watford,2,0,1.42309,1.15869,6.941,6.942,-0.001,-0.0122,-0.39738,-0.53062,0.13324,-0.1051,-0.1373,-0.301,-0.1711,-0.0886,0.0338,-0.2124,1.1917,1.139,0.0527
2017-04-23,2016/2017,Burnley,Manchester United,0,2,0.342829,2.24747,6.873,7.073,-0.2,-1.3039,0.02698,0.77442,-0.74744,-1.058,-0.1386,-0.0565,0.2261,0.4017,-0.3647,-0.4581,0.7119,1.3586,-0.6467
2017-04-23,2016/2017,Liverpool,Crystal Palace,1,2,0.89449,1.21741,7.058,6.893,0.165,1.0672,0.81584,-0.29099,1.10683,0.9484,0.2591,0.1043,-0.0083,-0.0657,0.2675,0.1699,1.7659,0.8762,0.8897
2017-04-25,2016/2017,Chelsea,Southampton,4,2,1.4438,1.32952,7.09,6.935,0.155,1.0039,1.07173,-0.08848,1.16021,1.0062,0.2194,0.4042,0.115,-0.0095,0.1044,0.4137,1.6025,0.7352,0.8673
2017-04-26,2016/2017,Middlesbrough,Sunderland,1,0,0.825839,0.445766,6.863,6.76,0.103,0.6662,-0.66676,-0.99053,0.32377,0.1011,-0.3428,-0.1774,-0.2871,-0.2614,-0.0557,0.084,1.1678,0.8853,0.2826
2017-04-26,2016/2017,Crystal Palace,Tottenham Hotspur,0,1,0.321722,1.00589,6.867,7.133,-0.266,-1.738,-0.17804,0.964,-1.14204,-1.485,0.0056,-0.0263,0.3638,0.2604,-0.3582,-0.2867,0.9396,1.525,-0.5853
2017-04-26,2016/2017,Arsenal,Leicester City,1,0,0.410203,0.595173,7.12,6.99,0.13,0.8416,0.49903,-0.44718,0.9462,0.7746,0.2367,-0.0629,-0.0386,-0.1818,0.2753,0.119,1.9315,1.0089,0.9226
2017-04-27,2016/2017,Manchester City,Manchester United,0,0,1.41537,0.421251,7.126,7.047,0.079,0.5102,0.66194,0.8713,-0.20936,-0.4758,0.4597,0.3954,0.2534,0.412,0.2063,-0.0165,1.325,0.8595,0.4655
2017-04-29,2016/2017,Stoke,West Ham United,0,0,1.35509,0.65149,6.941,6.942,-0.001,-0.0122,-0.08495,-0.39892,0.31397,0.0905,0.1108,0.0137,0.0116,-0.213,0.0992,0.2267,1.7296,0.9981,0.7315
2017-04-29,2016/2017,West Bromwich Albion,Leicester City,0,1,0.809101,0.570664,6.909,6.968,-0.059,-0.3907,-0.02597,-0.45493,0.42896,0.2149,-0.1367,0.0446,-0.0562,-0.1098,-0.0805,0.1545,1.2097,0.9106,0.2991
2017-04-29,2016/2017,Crystal Palace,Burnley,0,2,0.633469,1.38569,6.867,6.855,0.012,0.076,-0.15879,-0.60477,0.44598,0.2334,-0.0237,-0.006,-0.153,-0.0856,0.1293,0.0796,1.3332,0.8621,0.4712
2017-04-29,2016/2017,Sunderland,Bournemouth,0,1,1.6667,1.53094,6.795,6.874,-0.079,-0.516,-0.81869,-0.38857,-0.43012,-0.7146,-0.305,-0.2505,0.2101,-0.2201,-0.5151,-0.0304,1.1388,1.6001,-0.4612
2017-04-29,2016/2017,Southampton,Hull,0,0,1.24844,0.472435,6.941,6.942,-0.001,-0.0122,-0.09478,-0.82844,0.73365,0.5446,0.1322,-0.0006,-0.1225,-0.2989,0.2547,0.2983,1.9255,0.8854,1.04
2017-04-30,2016/2017,Middlesbrough,Manchester City,2,2,1.17715,3.10725,6.861,7.172,-0.312,-2.0324,-0.59946,0.75713,-1.35659,-1.7172,-0.3601,-0.1639,0.4588,0.4078,-0.8188,-0.5718,0.5594,1.9346,-1.3752
2017-04-30,2016/2017,Tottenham Hotspur,Arsenal,2,0,3.46042,0.589537,7.12,7.171,-0.051,-0.3377,1.28731,0.29421,0.9931,0.8254,0.3457,0.2823,0.1728,-0.0483,0.1729,0.3307,1.8445,0.9018,0.9427
2017-04-30,2016/2017,Everton,Chelsea,0,3,0.684516,1.81945,6.963,7.081,-0.118,-0.7732,0.84617,0.86319,-0.01702,-0.2676,0.1254,0.0918,0.2113,0.3803,-0.0859,-0.2885,0.9563,1.143,-0.1867
2017-04-30,2016/2017,Manchester United,Swansea,1,1,1.99224,0.775713,6.941,6.942,-0.001,-0.0122,0.69529,-0.76167,1.45697,1.3273,0.2397,0.4027,-0.1939,-0.2289,0.4336,0.6316,1.9992,0.5508,1.4484
2017-05-01,2016/2017,Watford,Liverpool,0,1,0.436648,0.55669,6.839,7.051,-0.212,-1.3824,-0.31062,0.46975,-0.78037,-1.0936,-0.1687,-0.0946,0.223,0.091,-0.3917,-0.1856,0.9412,1.4091,-0.468
2017-05-05,2016/2017,West Ham United,Tottenham Hotspur,1,0,2.21043,0.451017,6.915,7.111,-0.196,-1.279,-0.29668,1.00211,-1.29879,-1.6546,-0.0011,-0.1979,0.408,0.2916,-0.4091,-0.4896,0.9123,1.8764,-0.9642
2017-05-06,2016/2017,Burnley,West Bromwich Albion,2,2,1.08649,0.82853,6.828,6.833,-0.005,-0.0382,0.0164,-0.36104,0.37743,0.1592,-0.1283,-0.0623,-0.1567,0.0532,0.0283,-0.1155,1.043,0.9106,0.1324
2017-05-06,2016/2017,Bournemouth,Stoke,2,2,1.30668,2.3019,6.941,6.942,-0.001,-0.0122,-0.06558,-0.43006,0.36448,0.1452,0.205,-0.2316,0.0875,0.0234,0.1175,-0.255,1.5005,1.3762,0.1242
2017-05-06,2016/2017,Hull,Sunderland,0,2,1.21734,1.95502,6.941,6.942,-0.001,-0.0122,-0.23339,-1.09776,0.86437,0.6861,-0.1406,-0.2725,-0.27,-0.246,0.1294,-0.0265,1.3903,1.0027,0.3876
2017-05-06,2016/2017,Leicester City,Watford,3,0,1.00566,0.512433,6.974,6.811,0.163,1.0553,0.08184,-0.66615,0.74798,0.5601,-0.0679,-0.0968,-0.192,-0.0641,0.1241,-0.0327,1.2712,0.8918,0.3794
2017-05-06,2016/2017,Manchester City,Crystal Palace,5,0,2.69837,0.241571,7.176,6.863,0.313,2.0342,0.62184,-0.24196,0.8638,0.6855,0.4921,0.3896,-0.0583,-0.018,0.5504,0.4075,2.1634,0.6156,1.5477
2017-05-06,2016/2017,Swansea,Everton,1,0,2.09244,0.270186,6.941,6.942,-0.001,-0.0122,-0.49481,0.21221,-0.70702,-1.0143,-0.1863,-0.2267,0.1151,0.0676,-0.3014,-0.2943,0.9707,1.4078,-0.4371
2017-05-07,2016/2017,Liverpool,Southampton,0,0,1.35967,0.182082,7.052,6.907,0.145,0.9401,0.71221,-0.21309,0.92531,0.752,0.1944,0.1093,0.0929,0.0126,0.1015,0.0968,1.5271,0.967,0.5602
2017-05-07,2016/2017,Arsenal,Manchester United,2,0,1.03986,0.576173,7.119,7.055,0.064,0.4102,0.44942,0.77453,-0.32512,-0.601,0.1628,-0.1353,0.2373,0.3931,-0.0745,-0.5284,1.0016,1.4406,-0.439
2017-05-08,2016/2017,Chelsea,Middlesbrough,3,0,2.28046,0.0718773,7.107,6.915,0.192,1.244,1.24117,-0.69369,1.93485,1.8444,0.2323,0.3887,-0.3324,-0.2232,0.5647,0.6119,2.0191,0.4753,1.5438
2017-05-10,2016/2017,Southampton,Arsenal,0,2,1.25259,1.35954,6.919,7.093,-0.174,-1.1391,-0.11115,0.29289,-0.40404,-0.6864,0.0632,0.0209,0.1626,-0.0977,-0.0994,0.1186,1.4396,1.1765,0.2631
2017-05-12,2016/2017,West Bromwich Albion,Chelsea,0,1,0.529155,1.76954,6.844,7.116,-0.272,-1.7733,-0.10002,1.06062,-1.16064,-1.5051,-0.1587,0.0514,0.2407,0.3941,-0.3995,-0.3427,0.697,1.2483,-0.5513
2017-05-12,2016/2017,Everton,Watford,1,0,1.12984,1.54861,7.039,6.86,0.179,1.1609,0.63309,-0.79177,1.42486,1.2926,0.0683,0.0338,-0.2071,-0.0553,0.2754,0.0891,1.4466,0.7694,0.6772
2017-05-13,2016/2017,Stoke,Arsenal,1,4,1.30239,2.63639,6.941,6.942,-0.001,-0.0122,-0.09444,0.40186,-0.4963,-0.7863,0.1322,0.0309,0.1666,-0.0893,-0.0343,0.1201,1.5614,1.1456,0.4158
2017-05-13,2016/2017,Bournemouth,Burnley,2,1,1.5499,1.1511,6.844,6.844,-0.0,-0.0043,-0.10852,-0.50474,0.39622,0.1795,0.194,-0.2581,-0.1251,-0.0599,0.3191,-0.1982,1.6131,1.1424,0.4708
2017-05-13,2016/2017,Middlesbrough,Southampton,1,2,1.32885,1.52569,6.82,6.89,-0.07,-0.4587,-0.55781,-0.2038,-0.354,-0.6323,-0.3432,-0.234,0.0528,0.0135,-0.396,-0.2475,0.8687,1.3434,-0.4747
2017-05-13,2016/2017,Sunderland,Swansea,0,2,1.03765,0.344096,6.941,6.942,-0.001,-0.0122,-0.78759,-0.58238,-0.20521,-0.4713,-0.2177,-0.2387,-0.1347,-0.1918,-0.0831,-0.0469,1.2192,1.1099,0.1093
2017-05-13,2016/2017,Manchester City,Leicester City,2,1,1.98776,1.62503,7.19,6.956,0.234,1.5219,0.77308,-0.26772,1.0408,0.877,0.5095,0.396,-0.0785,-0.0871,0.588,0.4831,2.3367,0.6051,1.7317
2017-05-14,2016/2017,Crystal Palace,Hull,4,0,2.73274,0.518148,6.941,6.942,-0.001,-0.0122,-0.38906,-0.84843,0.45937,0.2478,-0.0688,-0.0439,-0.1493,-0.2897,0.0805,0.2458,1.5605,0.9002,0.6603
2017-05-14,2016/2017,Tottenham Hotspur,Manchester United,2,1,2.10698,1.03696,7.122,7.027,0.095,0.6153,1.28897,0.64743,0.64154,0.445,0.3561,0.2409,0.2013,0.3879,0.1548,-0.1469,1.2261,0.9504,0.2757
2017-05-14,2016/2017,West Ham United,Liverpool,0,4,1.03963,3.28962,6.858,7.026,-0.168,-1.0958,-0.1701,0.44341,-0.61351,-0.9131,0.0535,-0.1419,0.1867,0.1386,-0.1333,-0.2805,1.1266,1.4172,-0.2907
2017-05-15,2016/2017,Chelsea,Watford,4,3,2.65315,0.883368,6.996,6.817,0.179,1.1608,1.31565,-0.74344,2.05909,1.9789,0.2531,0.396,-0.1725,-0.0438,0.4255,0.4398,1.7202,0.5545,1.1657
2017-05-16,2016/2017,Manchester City,West Bromwich Albion,3,1,2.58035,0.387741,7.246,6.848,0.397,2.5828,0.76714,-0.30257,1.06972,0.9083,0.4907,0.3661,-0.1641,0.0327,0.6549,0.3334,2.0744,0.5613,1.5132
2017-05-16,2016/2017,Arsenal,Sunderland,2,0,3.83905,0.271744,7.101,6.791,0.31,2.0162,0.73617,-1.03778,1.77396,1.6703,0.2115,-0.0777,-0.2266,-0.2173,0.4381,0.1397,1.9939,0.8304,1.1635
2017-05-17,2016/2017,Southampton,Manchester United,0,0,1.66533,0.45805,6.925,6.993,-0.068,-0.4466,-0.1766,0.60505,-0.78165,-1.095,0.0595,0.0001,0.2023,0.3372,-0.1428,-0.337,0.9404,1.2341,-0.2938
2017-05-18,2016/2017,Leicester City,Tottenham Hotspur,1,6,0.725721,2.64912,6.921,7.067,-0.146,-0.954,0.21142,0.90378,-0.69236,-0.9984,-0.0488,-0.0687,0.3786,0.2355,-0.4274,-0.3042,0.9255,1.5916,-0.6661
2017-05-21,2016/2017,Burnley,West Ham United,1,2,1.70802,1.67299,6.846,6.863,-0.016,-0.1109,-0.06929,-0.37208,0.30279,0.0784,-0.1235,-0.057,0.0489,-0.197,-0.1724,0.14,1.3442,1.114,0.2302
2017-05-21,2016/2017,Chelsea,Sunderland,5,1,2.73947,0.693994,7.116,6.76,0.355,2.3091,1.22711,-1.06678,2.29389,2.2329,0.283,0.3842,-0.2527,-0.2902,0.5357,0.6744,2.3158,0.507,1.8088
2017-05-21,2016/2017,Manchester United,Crystal Palace,2,0,1.0386,0.3016,6.995,6.867,0.128,0.8302,0.42859,-0.29635,0.72494,0.5352,0.1757,0.3047,-0.0018,-0.0349,0.1775,0.3396,1.5685,0.7249,0.8436
2017-05-21,2016/2017,Leicester City,Bournemouth,1,1,2.45308,0.87072,6.961,6.887,0.074,0.4776,0.05869,-0.31575,0.37444,0.1559,-0.0569,-0.1065,0.1892,-0.2561,-0.2462,0.1496,1.5407,1.3324,0.2083
2017-05-21,2016/2017,Arsenal,Everton,3,1,3.35075,1.8831,7.116,6.992,0.124,0.8053,0.76516,0.0677,0.69747,0.5055,0.2797,-0.0636,0.0562,0.0148,0.2235,-0.0784,1.6553,1.1108,0.5445
2017-05-21,2016/2017,Watford,Manchester City,0,5,0.826124,3.26614,6.841,7.24,-0.4,-2.6062,-0.33141,0.80793,-1.13935,-1.4821,-0.16,-0.0802,0.5039,0.3671,-0.6639,-0.4473,0.7043,1.881,-1.1766
2017-05-21,2016/2017,Hull,Tottenham Hotspur,1,7,0.812723,3.89027,6.941,6.942,-0.001,-0.0122,-0.46672,1.05651,-1.52322,-1.8975,-0.1645,-0.3231,0.4119,0.2407,-0.5763,-0.5638,0.8344,2.0858,-1.2515
2017-05-21,2016/2017,Liverpool,Middlesbrough,3,0,2.16957,0.899691,7.09,6.87,0.221,1.4322,0.72595,-0.82602,1.55197,1.4301,0.2481,0.1411,-0.3165,-0.2383,0.5645,0.3793,2.0895,0.6165,1.473
2017-05-21,2016/2017,Southampton,Stoke,0,1,1.3554,0.983464,6.941,6.942,-0.001,-0.0122,-0.10268,-0.47413,0.37144,0.1527,0.0857,0.031,0.1164,-0.0164,-0.0307,0.0474,1.3857,1.0894,0.2963
2017-05-21,2016/2017,Swansea,West Bromwich Albion,2,1,1.74555,1.60674,6.941,6.942,-0.001,-0.0122,-0.30602,-0.38477,0.07875,-0.164,-0.1658,-0.1855,-0.1683,0.0067,0.0026,-0.1922,1.053,1.0176,0.0354
2017-08-11,2017/2018,Arsenal,Leicester City,4,3,2.54329,1.46495,7.022,7.0,0.023,0.143,0.86399,-0.39283,1.25683,1.1108,0.3457,-0.0875,-0.0066,-0.0913,0.3523,0.0038,1.9425,1.0814,0.8611
2017-08-12,2017/2018,Watford,Liverpool,3,3,2.17647,2.61549,6.788,7.15,-0.362,-2.3608,-0.48007,0.65633,-1.1364,-1.4789,-0.1534,-0.1372,0.2491,0.133,-0.4025,-0.2702,0.9001,1.5365,-0.6364
2017-08-12,2017/2018,Southampton,Swansea,0,0,2.21748,0.406196,6.941,6.942,-0.001,-0.0122,-0.20409,-0.41315,0.20906,-0.023,0.0836,0.0344,-0.1343,-0.1971,0.2179,0.2315,1.6567,0.8449,0.8118
2017-08-12,2017/2018,West Bromwich Albion,Bournemouth,1,0,1.18399,0.378659,6.818,6.922,-0.103,-0.6765,-0.18779,-0.2719,0.08411,-0.1582,-0.1398,-0.0126,0.1671,-0.2847,-0.3069,0.2721,1.4289,1.2117,0.2171
2017-08-12,2017/2018,Everton,Stoke,1,0,0.720574,0.27644,6.941,6.942,-0.001,-0.0122,0.51887,-0.37272,0.89159,0.7155,0.0869,-0.0642,0.1113,-0.0151,-0.0243,-0.0491,1.3857,1.1921,0.1935
2017-08-12,2017/2018,Brighton & Hove Albion,Manchester City,0,2,0.276343,1.86751,6.828,7.248,-0.42,-2.7367,0.0,0.95659,-0.95659,-1.2843,0.0,0.0,0.5403,0.3603,-0.5403,-0.3603,0.8302,1.8047,-0.9745
2017-08-12,2017/2018,Chelsea,Burnley,2,3,1.35651,0.564237,7.132,6.903,0.229,1.4839,1.33938,-0.63297,1.97235,1.885,0.2958,0.3765,-0.1008,-0.072,0.3966,0.4485,1.8576,0.6038,1.2538
2017-08-12,2017/2018,Crystal Palace,Huddersfield,0,3,0.988934,1.73657,6.941,6.942,-0.001,-0.0122,-0.30895,0.0,-0.30895,-0.5835,-0.0152,-0.0149,0.0,0.0,-0.0152,-0.0149,1.2323,1.0152,0.2171
2017-08-13,2017/2018,Manchester United,West Ham United,4,0,2.63853,0.62654,7.112,6.898,0.213,1.3848,0.52636,-0.27324,0.7996,0.616,0.1518,0.3154,0.0715,-0.2055,0.0803,0.5209,1.8349,0.764,1.0709
2017-08-13,2017/2018,Newcastle United,Tottenham Hotspur,0,2,0.634633,2.34418,6.873,7.149,-0.276,-1.8022,0.0,1.21061,-1.21061,-1.5592,0.0,0.0,0.4779,0.2393,-0.4779,-0.2393,0.9531,1.6668,-0.7137
2017-08-19,2017/2018,Burnley,West Bromwich Albion,0,1,1.37242,0.653058,6.912,6.944,-0.032,-0.2106,-0.07608,-0.4122,0.33611,0.1145,-0.1014,-0.0502,-0.1542,0.014,0.0528,-0.0642,1.1109,0.9047,0.2061
2017-08-19,2017/2018,Swansea,Manchester United,0,4,0.304164,3.41021,6.941,6.942,-0.001,-0.0122,-0.20622,0.69043,-0.89666,-1.2195,-0.1484,-0.2147,0.1867,0.3172,-0.3351,-0.5318,0.7855,1.4942,-0.7087
2017-08-19,2017/2018,Bournemouth,Watford,0,2,0.766694,2.17717,6.9,6.767,0.132,0.8583,-0.07124,-0.69266,0.62142,0.4232,0.1344,-0.2746,-0.0837,-0.1732,0.2181,-0.1014,1.7292,1.1914,0.5378
2017-08-19,2017/2018,Liverpool,Crystal Palace,1,0,2.84978,0.727364,7.052,6.929,0.123,0.796,0.76872,-0.48327,1.25199,1.1055,0.2786,0.0879,-0.0184,-0.021,0.297,0.1089,1.7135,0.8862,0.8273
2017-08-19,2017/2018,Leicester City,Brighton & Hove Albion,2,0,1.88355,0.123075,6.981,6.802,0.179,1.1627,0.03637,-0.05853,0.09491,-0.1465,0.0115,-0.1152,-0.4906,-0.0297,0.502,-0.0855,1.3321,0.6726,0.6596
2017-08-19,2017/2018,Stoke,Arsenal,1,0,0.692644,1.40658,6.941,6.942,-0.001,-0.0122,-0.16736,0.59604,-0.76341,-1.0753,0.0691,0.009,0.3686,-0.0985,-0.2994,0.1075,1.4796,1.4331,0.0465
2017-08-19,2017/2018,Southampton,West Ham United,3,2,2.1424,1.53269,6.907,6.896,0.011,0.0707,-0.2312,-0.41442,0.18322,-0.051,0.1123,0.0462,0.0664,-0.2333,0.0459,0.2795,1.7704,1.019,0.7514
2017-08-20,2017/2018,Huddersfield,Newcastle United,1,0,0.267008,0.973322,6.941,6.942,-0.001,-0.0122,0.08916,-0.04958,0.13874,-0.0991,0.4396,0.1461,-0.2717,-0.3389,0.7113,0.485,2.7254,0.6587,2.0668
2017-08-20,2017/2018,Tottenham Hotspur,Chelsea,1,2,0.72428,0.834423,7.167,7.031,0.136,0.8797,1.58548,0.96289,0.62259,0.4245,0.4772,0.2416,0.2767,0.3743,0.2006,-0.1328,1.4097,1.0192,0.3905
2017-08-21,2017/2018,Manchester City,Everton,1,1,1.14216,0.59971,7.225,7.0,0.225,1.4614,1.00698,-0.02111,1.02809,0.8632,0.5359,0.3655,0.0591,-0.0323,0.4768,0.3978,2.2688,0.7166,1.5522
2017-08-26,2017/2018,Manchester United,Leicester City,2,0,2.73725,0.670573,7.148,6.978,0.17,1.1049,0.7608,-0.2821,1.0429,0.8793,0.2556,0.3305,0.03,-0.1076,0.2257,0.4381,1.8365,0.7256,1.1109
2017-08-26,2017/2018,Watford,Brighton & Hove Albion,0,0,0.281459,0.952357,6.771,6.719,0.052,0.3374,-0.29967,-0.17619,-0.12348,-0.3828,-0.0257,-0.1363,-0.7173,-0.1605,0.6916,0.0242,1.441,0.5559,0.8851
2017-08-26,2017/2018,Newcastle United,West Ham United,3,0,2.76107,0.558484,6.841,6.876,-0.035,-0.2335,-0.1267,-0.49039,0.36369,0.1443,-0.1737,-0.0782,0.0856,-0.2443,-0.2594,0.1661,1.3373,1.183,0.1543
2017-08-26,2017/2018,Bournemouth,Manchester City,1,2,0.415402,1.76626,6.894,7.137,-0.242,-1.5813,-0.20381,0.98635,-1.19016,-1.5371,0.0874,-0.2991,0.4852,0.3659,-0.3978,-0.665,0.9202,2.2551,-1.3349
2017-08-26,2017/2018,Crystal Palace,Swansea,0,2,0.818951,0.966783,6.941,6.942,-0.001,-0.0122,-0.42149,-0.4793,0.05781,-0.1867,-0.025,-0.0668,-0.1653,-0.2738,0.1403,0.207,1.6048,0.9064,0.6984
2017-08-26,2017/2018,Huddersfield,Southampton,0,0,1.51605,0.795911,6.941,6.942,-0.001,-0.0122,0.16765,-0.12428,0.29193,0.0667,-0.1001,0.0759,0.1312,0.029,-0.2313,0.0469,1.0996,1.0571,0.0426
2017-08-27,2017/2018,Liverpool,Arsenal,4,0,3.45998,0.484816,7.085,7.125,-0.04,-0.266,0.73693,0.48215,0.25477,0.0265,0.3182,0.0925,0.3645,-0.0665,-0.0463,0.159,1.8297,1.319,0.5108
2017-08-27,2017/2018,Tottenham Hotspur,Burnley,1,1,2.3497,0.670943,7.16,6.927,0.233,1.5115,1.4757,-0.56164,2.03734,1.9553,0.4497,0.2467,-0.0875,-0.0442,0.5373,0.2909,2.1084,0.6963,1.412
2017-08-27,2017/2018,Chelsea,Everton,2,0,1.16991,0.326655,7.09,6.967,0.123,0.7955,1.2745,0.06597,1.20854,1.0585,0.2685,0.4106,0.0551,0.0291,0.2134,0.3815,1.6133,0.6907,0.9226
2017-08-27,2017/2018,West Bromwich Albion,Stoke,1,1,0.875132,0.980905,6.941,6.942,-0.001,-0.0122,-0.03961,-0.31183,0.27222,0.0453,-0.1629,0.0063,0.0247,0.0099,-0.1876,-0.0036,1.0527,1.0189,0.0338
2017-09-09,2017/2018,Leicester City,Chelsea,1,2,1.34903,1.03943,6.989,6.979,0.01,0.063,0.09831,1.12234,-1.02403,-1.3573,0.0279,-0.1423,0.2501,0.4178,-0.2222,-0.56,0.8484,1.4788,-0.6304
2017-09-09,2017/2018,Manchester City,Liverpool,5,0,3.14589,0.665186,7.18,7.149,0.031,0.199,0.90326,0.64143,0.26183,0.0341,0.4634,0.3821,0.3913,0.1311,0.0722,0.251,1.7512,1.0056,0.7456
2017-09-09,2017/2018,Everton,Tottenham Hotspur,0,3,1.15144,2.17535,6.995,7.098,-0.103,-0.6762,0.5423,1.1312,-0.58891,-0.8865,0.044,0.0465,0.4545,0.2453,-0.4105,-0.1988,1.0108,1.5225,-0.5118
2017-09-09,2017/2018,Stoke,Manchester United,2,2,1.49928,1.96635,6.941,6.942,-0.001,-0.0122,-0.03087,0.88604,-0.91691,-1.2414,0.0231,0.0147,0.2915,0.3293,-0.2684,-0.3146,0.9212,1.3192,-0.398
2017-09-09,2017/2018,Southampton,Watford,0,2,0.331259,0.57794,6.838,6.815,0.024,0.1492,-0.13127,-0.54879,0.41751,0.2025,0.1238,0.0172,-0.081,-0.1396,0.2048,0.1568,1.6331,0.904,0.7291
2017-09-09,2017/2018,Arsenal,Bournemouth,3,0,2.48732,0.577291,7.045,6.919,0.126,0.8134,0.65744,-0.42508,1.08252,0.9221,0.3312,-0.1404,0.0676,-0.2742,0.2636,0.1338,2.3271,1.2129,1.1142
2017-09-09,2017/2018,Brighton & Hove Albion,West Bromwich Albion,3,1,0.396771,0.866679,6.769,6.912,-0.144,-0.939,-0.17754,-0.3347,0.15716,-0.0792,-0.6034,0.0526,-0.1695,0.0072,-0.4339,0.0453,0.668,0.8147,-0.1467
2017-09-10,2017/2018,Burnley,Crystal Palace,1,0,0.429329,1.72996,6.968,6.859,0.11,0.7093,-0.0956,-0.53239,0.43679,0.2234,-0.0878,-0.0546,-0.0733,-0.0676,-0.0145,0.013,1.2425,0.9688,0.2736
2017-09-10,2017/2018,Swansea,Newcastle United,0,1,1.48574,1.03177,6.941,6.942,-0.001,-0.0122,-0.26521,-0.03952,-0.22569,-0.4934,-0.1616,-0.2457,0.3452,0.0436,-0.5068,-0.2893,1.0191,1.806,-0.787
2017-09-11,2017/2018,West Ham United,Huddersfield,2,0,1.94969,0.339338,6.941,6.942,-0.001,-0.0122,-0.48103,0.16211,-0.64314,-0.9452,0.0625,-0.2637,-0.0107,0.1533,0.0732,-0.417,1.1426,1.2881,-0.1455
2017-09-15,2017/2018,Bournemouth,Brighton & Hove Albion,2,1,1.39529,0.874276,6.909,6.861,0.047,0.3033,-0.25749,-0.11578,-0.14171,-0.4026,0.038,-0.2787,-0.6754,0.0469,0.7134,-0.3256,1.2473,0.6688,0.5785
2017-09-16,2017/2018,Liverpool,Burnley,1,1,2.18727,0.334402,7.149,6.909,0.24,1.5582,0.78037,-0.40116,1.18153,1.0293,0.3782,0.0514,-0.1287,-0.0718,0.5069,0.1231,2.0195,0.8117,1.2077
2017-09-16,2017/2018,Watford,Manchester City,0,6,0.803933,3.99349,6.878,7.176,-0.298,-1.9439,-0.19678,1.06544,-1.26221,-1.615,-0.0936,-0.0915,0.5128,0.3926,-0.6064,-0.4841,0.7426,1.8962,-1.1536
2017-09-16,2017/2018,Tottenham Hotspur,Swansea,0,0,1.17894,0.154074,6.941,6.942,-0.001,-0.0122,1.44067,-0.40692,1.84759,1.75,0.473,0.2378,-0.1416,-0.2269,0.6147,0.4647,2.5195,0.6844,1.835
2017-09-16,2017/2018,Newcastle United,Stoke,2,1,2.6598,0.675783,6.941,6.942,-0.001,-0.0122,0.05511,-0.22359,0.2787,0.0523,0.1576,-0.0234,0.0448,-0.0076,0.1128,-0.0158,1.476,1.0709,0.4052
2017-09-16,2017/2018,Crystal Palace,Southampton,0,1,2.03243,1.11428,6.916,6.874,0.041,0.2662,-0.58245,-0.17429,-0.40816,-0.6909,-0.0419,-0.0423,0.0599,0.0266,-0.1018,-0.0688,1.1743,1.1021,0.0722
2017-09-16,2017/2018,Huddersfield,Leicester City,1,1,0.700349,1.24181,6.941,6.942,-0.001,-0.0122,0.0431,-0.36331,0.40641,0.1905,-0.1684,-0.0342,0.0474,-0.1266,-0.2158,0.0923,1.1999,1.0853,0.1146
2017-09-16,2017/2018,West Bromwich Albion,West Ham United,0,0,0.781891,0.266344,6.939,6.972,-0.033,-0.2183,-0.15088,-0.53459,0.38371,0.166,-0.1664,0.0114,0.0918,-0.2401,-0.2582,0.2516,1.3419,1.0881,0.2538
2017-09-17,2017/2018,Manchester United,Everton,4,0,3.28722,1.06298,7.041,7.05,-0.009,-0.0624,0.79005,-0.09439,0.88444,0.7078,0.3097,0.3044,0.0495,0.0218,0.2602,0.2826,1.6672,0.7759,0.8913
2017-09-17,2017/2018,Chelsea,Arsenal,0,0,0.762129,1.42208,7.109,7.019,0.09,0.5832,1.34664,0.41331,0.93333,0.7607,0.2329,0.3965,0.336,-0.119,-0.103,0.5155,1.7985,0.9313,0.8673
2017-09-23,2017/2018,Manchester City,Crystal Palace,5,0,5.72543,0.611018,7.153,6.968,0.185,1.2023,1.16339,-0.63277,1.79617,1.6944,0.5726,0.3874,-0.0002,-0.0422,0.5728,0.4296,2.366,0.6639,1.7021
2017-09-23,2017/2018,Everton,Bournemouth,2,1,2.21092,0.384728,6.956,6.863,0.092,0.5982,0.32014,-0.48154,0.80168,0.6182,0.0581,-0.0416,0.0432,-0.279,0.015,0.2373,1.7725,1.0766,0.6959
2017-09-23,2017/2018,Burnley,Huddersfield,0,0,0.369454,0.312561,6.941,6.942,-0.001,-0.0122,0.02644,-0.00197,0.02841,-0.2185,-0.1484,-0.0783,-0.2379,-0.0615,0.0895,-0.0168,1.147,0.8526,0.2944
2017-09-23,2017/2018,Leicester City,Liverpool,2,3,2.88766,1.92902,6.936,7.132,-0.195,-1.2758,0.133,0.42271,-0.28971,-0.5627,0.0527,-0.1136,0.3818,0.064,-0.3291,-0.1776,1.2088,1.6799,-0.471
2017-09-23,2017/2018,Stoke,Chelsea,0,4,0.600959,1.59815,6.941,6.942,-0.001,-0.0122,0.00382,1.0639,-1.06008,-1.3963,0.0308,-0.0432,0.1879,0.3743,-0.1571,-0.4174,0.8875,1.2602,-0.3727
2017-09-23,2017/2018,Swansea,Watford,1,2,1.50811,1.25817,6.941,6.942,-0.001,-0.0122,-0.26124,-0.52393,0.26269,0.035,-0.1597,-0.1643,-0.0902,-0.1754,-0.0695,0.011,1.271,1.0772,0.1938
2017-09-23,2017/2018,West Ham United,Tottenham Hotspur,2,3,0.67667,1.45327,6.932,7.02,-0.088,-0.5786,-0.31829,1.18254,-1.50084,-1.8732,0.0561,-0.2218,0.41,0.2497,-0.3538,-0.4715,1.0203,1.901,-0.8807
2017-09-23,2017/2018,Southampton,Manchester United,0,1,0.802062,1.07247,6.906,7.045,-0.139,-0.9086,-0.21919,0.89792,-1.11711,-1.458,0.0598,-0.0051,0.3754,0.2925,-0.3156,-0.2976,0.9752,1.4875,-0.5123
2017-09-24,2017/2018,Brighton & Hove Albion,Newcastle United,1,0,0.507341,1.37001,6.799,6.903,-0.104,-0.68,-0.123,0.08076,-0.20376,-0.4697,-0.6245,0.0279,0.3452,0.0276,-0.9697,0.0003,0.6439,1.3907,-0.7468
2017-09-25,2017/2018,Arsenal,West Bromwich Albion,2,0,2.39316,0.766652,7.067,6.893,0.174,1.1297,0.83031,-0.48054,1.31085,1.1692,0.3473,-0.0734,-0.1958,0.0359,0.5431,-0.1094,1.7444,0.8667,0.8777
2017-09-30,2017/2018,Chelsea,Manchester City,0,1,0.911532,1.23068,7.135,7.212,-0.077,-0.5068,1.35602,1.31566,0.04035,-0.2056,0.1961,0.3813,0.6879,0.3854,-0.4918,-0.0042,1.0261,1.3715,-0.3455
2017-09-30,2017/2018,West Ham United,Swansea,1,0,0.692185,0.178568,6.941,6.942,-0.001,-0.0122,-0.26368,-0.35561,0.09193,-0.1498,0.0386,-0.2023,-0.1458,-0.167,0.1844,-0.0353,1.5367,1.0583,0.4784
2017-09-30,2017/2018,West Bromwich Albion,Watford,2,2,1.93896,1.62462,6.903,6.854,0.049,0.3182,-0.24101,-0.42665,0.18564,-0.0484,-0.1986,0.0071,-0.0808,-0.1805,-0.1178,0.1875,1.2362,0.9106,0.3257
2017-09-30,2017/2018,Stoke,Southampton,2,1,2.68136,1.42781,6.941,6.942,-0.001,-0.0122,-0.13378,-0.10204,-0.03174,-0.2836,0.0195,-0.0538,0.0524,0.0133,-0.033,-0.0671,1.259,1.1123,0.1467
2017-09-30,2017/2018,Bournemouth,Leicester City,0,0,1.39901,0.594808,6.869,6.941,-0.071,-0.4692,-0.1825,-0.36293,0.18043,-0.054,0.0149,-0.2919,0.1407,-0.1217,-0.1258,-0.1702,1.4224,1.5546,-0.1322
2017-09-30,2017/2018,Manchester United,Crystal Palace,4,0,3.47508,0.244321,7.029,6.894,0.135,0.8764,0.91934,-0.774,1.69334,1.5831,0.3588,0.2968,-0.002,-0.2102,0.3608,0.507,2.2465,0.7299,1.5166
2017-09-30,2017/2018,Huddersfield,Tottenham Hotspur,0,4,0.196648,1.56089,6.941,6.942,-0.001,-0.0122,-0.00084,1.12793,-1.12877,-1.4706,-0.2867,0.056,0.3916,0.2606,-0.6783,-0.2045,0.7239,1.399,-0.6752
2017-10-01,2017/2018,Newcastle United,Liverpool,1,1,0.280437,1.64475,6.918,7.133,-0.215,-1.4027,0.06206,0.49222,-0.43017,-0.7147,0.3401,0.0366,0.388,-0.0018,-0.0479,0.0384,1.717,1.4581,0.2589
2017-10-01,2017/2018,Arsenal,Brighton & Hove Albion,2,0,2.47818,0.386343,7.04,6.754,0.286,1.8609,0.89846,-0.14478,1.04324,0.8796,0.3681,-0.0705,-0.6464,0.0298,1.0144,-0.1003,1.8161,0.5434,1.2727
2017-10-01,2017/2018,Everton,Burnley,0,1,0.93376,0.383977,6.95,6.945,0.005,0.0307,0.34604,-0.30998,0.65602,0.4606,0.0811,-0.0228,-0.1812,-0.0673,0.2623,0.0445,1.4524,0.853,0.5994
2017-10-14,2017/2018,Crystal Palace,Chelsea,2,1,1.51873,0.651919,6.875,7.116,-0.241,-1.5717,-0.82258,1.14306,-1.96563,-2.3762,-0.02,-0.2629,0.1908,0.3852,-0.2109,-0.6481,0.8108,1.6201,-0.8093
2017-10-14,2017/2018,Burnley,West Ham United,1,1,0.70219,0.835192,6.95,6.983,-0.033,-0.2206,0.09613,-0.39947,0.4956,0.287,-0.1987,-0.0497,-0.01,-0.1799,-0.1887,0.1302,1.2232,1.0447,0.1786
2017-10-14,2017/2018,Watford,Arsenal,2,1,1.63418,0.988468,6.768,7.014,-0.247,-1.6101,-0.27171,0.5968,-0.8685,-1.189,-0.0512,-0.1983,0.3861,-0.0677,-0.4372,-0.1306,1.2355,1.8476,-0.6122
2017-10-14,2017/2018,Swansea,Huddersfield,2,0,1.65446,0.596086,6.941,6.942,-0.001,-0.0122,-0.41254,-0.08885,-0.32369,-0.5995,-0.1827,-0.1394,-0.3328,0.0319,0.1502,-0.1714,1.0096,0.8244,0.1852
2017-10-14,2017/2018,Liverpool,Manchester United,0,0,1.92702,0.230358,7.121,7.067,0.054,0.3504,0.70022,0.96627,-0.26605,-0.5371,0.3899,0.0603,0.4078,0.3086,-0.018,-0.2483,1.3662,1.4066,-0.0404
2017-10-14,2017/2018,Manchester City,Stoke,7,2,4.45388,0.681236,6.941,6.942,-0.001,-0.0122,1.36306,-0.32737,1.69043,1.5799,0.6777,0.3867,0.0861,-0.0625,0.5916,0.4492,2.623,0.7405,1.8824
2017-10-14,2017/2018,Tottenham Hotspur,Bournemouth,1,0,1.95684,0.17504,7.132,6.904,0.228,1.4807,1.37914,-0.52333,1.90247,1.8094,0.3921,0.2723,0.0136,-0.2591,0.3784,0.5314,2.4661,0.7514,1.7147
2017-10-15,2017/2018,Southampton,Newcastle United,2,2,1.71445,0.950997,6.986,6.858,0.128,0.8262,-0.26121,0.01839,-0.2796,-0.5518,0.0633,-0.0394,0.1367,0.0117,-0.0734,-0.0511,1.3379,1.1746,0.1633
2017-10-15,2017/2018,Brighton & Hove Albion,Everton,1,1,1.05884,1.45518,6.849,6.959,-0.11,-0.7223,-0.08381,-0.29105,0.20723,-0.025,-0.6683,-0.0483,0.0565,-0.0123,-0.7249,-0.036,0.6409,1.1253,-0.4844
2017-10-16,2017/2018,Leicester City,West Bromwich Albion,1,1,0.964277,0.155254,6.966,6.926,0.04,0.2541,0.07938,-0.56498,0.64436,0.448,0.0861,-0.1199,-0.1613,-0.0105,0.2474,-0.1094,1.3849,0.955,0.4299
2017-10-20,2017/2018,West Ham United,Brighton & Hove Albion,0,3,0.569111,1.98345,6.977,6.771,0.206,1.3354,-0.14653,-0.24627,0.09974,-0.1413,-0.0184,-0.1642,-0.5956,-0.0712,0.5772,-0.093,1.352,0.6339,0.7181
2017-10-21,2017/2018,Chelsea,Watford,4,2,1.78315,1.79693,7.146,6.814,0.332,2.1557,1.17638,-0.3244,1.50078,1.3747,0.161,0.36,-0.0254,-0.1632,0.1864,0.5231,1.8003,0.6539,1.1464
2017-10-21,2017/2018,Huddersfield,Manchester United,2,1,1.26744,0.807135,6.941,6.942,-0.001,-0.0122,-0.22214,0.933,-1.15514,-1.4992,-0.3475,-0.03,0.3624,0.2774,-0.7099,-0.3073,0.6698,1.4808,-0.811
2017-10-21,2017/2018,Stoke,Bournemouth,1,2,1.60117,1.11834,6.941,6.942,-0.001,-0.0122,-0.14157,-0.4426,0.30103,0.0765,0.0834,-0.1604,-0.0061,-0.2345,0.0895,0.0741,1.7194,1.1671,0.5523
2017-10-21,2017/2018,Manchester City,Burnley,3,0,3.71812,0.14859,7.202,6.945,0.256,1.6652,1.50562,-0.23532,1.74094,1.6346,0.747,0.3851,-0.2236,-0.044,0.9706,0.4292,2.846,0.5277,2.3183
2017-10-21,2017/2018,Swansea,Leicester City,1,2,0.559618,1.80814,6.941,6.942,-0.001,-0.0122,-0.28546,-0.38253,0.09708,-0.1442,-0.154,-0.1342,0.0658,-0.101,-0.2199,-0.0332,1.1866,1.2217,-0.0352
2017-10-21,2017/2018,Newcastle United,Crystal Palace,1,0,0.270313,0.566845,6.853,6.878,-0.025,-0.1679,0.08773,-0.80876,0.89649,0.7208,0.1181,-0.0274,0.0129,-0.2277,0.1052,0.2003,1.7631,1.0442,0.7188
2017-10-21,2017/2018,Southampton,West Bromwich Albion,1,0,2.02288,0.504128,6.991,6.909,0.083,0.5353,-0.22654,-0.49982,0.27328,0.0465,0.0783,-0.0317,-0.1941,0.0045,0.2724,-0.0362,1.3606,0.8418,0.5188
2017-10-22,2017/2018,Tottenham Hotspur,Liverpool,4,1,2.62043,0.667771,7.082,7.144,-0.061,-0.4013,1.29841,0.46562,0.8328,0.6519,0.3692,0.2864,0.4082,0.109,-0.039,0.1774,1.6116,1.1379,0.4737
2017-10-22,2017/2018,Everton,Arsenal,2,5,0.810989,3.86029,6.993,7.114,-0.121,-0.7925,0.25318,0.48008,-0.22691,-0.4948,0.0678,-0.0188,0.3509,-0.0799,-0.2831,0.0611,1.4298,1.4685,-0.0387
2017-10-28,2017/2018,Liverpool,Huddersfield,3,0,2.14257,0.0554802,6.941,6.942,-0.001,-0.0122,0.65094,-0.13356,0.7845,0.5997,0.3884,0.0623,-0.2982,0.0469,0.6865,0.0153,1.7604,0.6975,1.0629
2017-10-28,2017/2018,Bournemouth,Chelsea,0,1,0.455055,1.78362,6.886,7.141,-0.255,-1.6635,-0.08667,1.04141,-1.12808,-1.4699,-0.0081,-0.2286,0.159,0.3279,-0.167,-0.5565,0.8676,1.5191,-0.6515
2017-10-28,2017/2018,West Bromwich Albion,Manchester City,2,3,1.11852,2.77085,6.897,7.217,-0.32,-2.0869,-0.26905,1.56312,-1.83217,-2.2318,-0.2049,-0.0186,0.7729,0.3899,-0.9777,-0.4086,0.6645,2.2927,-1.6281
2017-10-28,2017/2018,Arsenal,Swansea,2,1,2.37777,0.8355,6.941,6.942,-0.001,-0.0122,0.99425,-0.4121,1.40635,1.2725,0.4324,-0.0568,-0.1836,-0.1488,0.616,0.092,2.2374,0.8811,1.3563
2017-10-28,2017/2018,Watford,Stoke,0,1,1.13448,0.778883,6.941,6.942,-0.001,-0.0122,-0.19131,-0.53578,0.34447,0.1235,0.0167,-0.1611,0.0757,-0.1577,-0.059,-0.0034,1.4896,1.2675,0.2221
2017-10-28,2017/2018,Manchester United,Tottenham Hotspur,1,0,0.943496,1.08708,7.076,6.999,0.077,0.4956,0.94153,1.29323,-0.3517,-0.6298,0.3399,0.2598,0.4017,0.3034,-0.0618,-0.0436,1.3099,1.1421,0.1678
2017-10-28,2017/2018,Crystal Palace,West Ham United,2,2,2.91672,0.742845,6.907,6.899,0.008,0.0494,-0.69421,-0.43851,-0.25571,-0.5259,-0.0084,-0.1774,-0.0528,-0.182,0.0444,0.0046,1.49,1.1316,0.3584
2017-10-29,2017/2018,Leicester City,Everton,2,0,1.36768,0.575236,6.947,6.922,0.025,0.1586,0.0744,-0.35418,0.42859,0.2145,0.0909,-0.0828,0.0349,-0.1071,0.0559,0.0243,1.5299,1.1217,0.4083
2017-10-29,2017/2018,Brighton & Hove Albion,Southampton,1,1,1.50533,0.54364,6.817,6.931,-0.113,-0.7424,-0.01749,-0.11914,0.10165,-0.1392,-0.3957,-0.012,0.1063,-0.0228,-0.502,0.0108,0.8503,1.141,-0.2906
2017-10-30,2017/2018,Burnley,Newcastle United,1,0,1.0271,0.516369,6.935,6.821,0.115,0.7416,-0.02282,-0.00667,-0.01615,-0.2667,-0.2332,-0.089,-0.0181,0.009,-0.2151,-0.098,0.9957,1.0591,-0.0634
2017-11-04,2017/2018,Swansea,Brighton & Hove Albion,0,1,1.24557,0.874927,6.941,6.942,-0.001,-0.0122,-0.34459,-0.11587,-0.22873,-0.4967,-0.1839,-0.1535,-0.2837,0.0244,0.0997,-0.178,1.0159,0.8782,0.1377
2017-11-04,2017/2018,West Ham United,Liverpool,1,4,1.13045,2.8773,6.92,7.075,-0.154,-1.0077,-0.30783,0.42504,-0.73286,-1.0422,-0.0676,-0.2276,0.3998,0.0749,-0.4674,-0.3025,1.0654,1.9076,-0.8422
2017-11-04,2017/2018,Southampton,Burnley,0,1,0.789259,0.137743,6.969,6.951,0.018,0.1125,-0.14654,-0.27479,0.12825,-0.1105,0.0843,-0.0378,-0.2299,-0.076,0.3142,0.0382,1.4722,0.8236,0.6486
2017-11-04,2017/2018,Huddersfield,West Bromwich Albion,1,0,0.260436,0.382005,6.941,6.942,-0.001,-0.0122,-0.18182,-0.51913,0.33731,0.1158,-0.3408,0.0058,-0.185,-0.0429,-0.1557,0.0487,0.9289,0.8265,0.1024
2017-11-04,2017/2018,Newcastle United,Bournemouth,0,1,0.676091,1.28703,6.87,6.874,-0.004,-0.0292,0.04447,-0.33214,0.37661,0.1583,-0.0503,0.0068,-0.0241,-0.2346,-0.0261,0.2414,1.504,0.97,0.5339
2017-11-04,2017/2018,Stoke,Leicester City,2,2,1.22988,1.39563,6.941,6.942,-0.001,-0.0122,-0.1734,-0.22012,0.04672,-0.1987,0.0529,-0.1446,0.0819,-0.0674,-0.0289,-0.0772,1.4112,1.2544,0.1568
2017-11-05,2017/2018,Everton,Watford,3,2,2.5796,2.05534,6.913,6.794,0.118,0.7664,0.04599,-0.44583,0.49181,0.2829,0.0127,-0.1002,-0.0044,-0.1462,0.0172,0.046,1.4879,1.0852,0.4027
2017-11-05,2017/2018,Chelsea,Manchester United,1,0,1.8417,0.773586,7.144,7.074,0.07,0.4501,1.21918,0.87656,0.34261,0.1215,0.166,0.3387,0.3228,0.2599,-0.1569,0.0788,1.1488,0.9762,0.1725
2017-11-05,2017/2018,Manchester City,Arsenal,3,1,2.15028,0.340407,7.217,7.125,0.092,0.5961,1.55152,0.584,0.96752,0.7977,0.7791,0.3743,0.4349,-0.0552,0.3442,0.4295,2.9142,1.0509,1.8633
2017-11-05,2017/2018,Tottenham Hotspur,Crystal Palace,1,0,0.991813,1.10222,7.005,6.892,0.114,0.7357,1.35511,-0.80171,2.15682,2.0846,0.3967,0.3174,0.0789,-0.1662,0.3178,0.4835,2.2271,0.7773,1.4498
2017-11-18,2017/2018,Liverpool,Southampton,3,0,2.06277,0.563886,7.159,6.942,0.217,1.4061,0.85976,-0.16609,1.02584,0.8608,0.4365,0.0722,0.0504,-0.02,0.3861,0.0921,2.027,0.9536,1.0734
2017-11-18,2017/2018,West Bromwich Albion,Chelsea,0,4,0.590655,1.71709,6.888,7.132,-0.244,-1.5943,-0.23646,1.06791,-1.30437,-1.6607,-0.1994,-0.0278,0.1867,0.3431,-0.3861,-0.3709,0.7065,1.276,-0.5695
2017-11-18,2017/2018,Leicester City,Manchester City,0,2,0.0970457,2.40056,6.972,7.208,-0.236,-1.5371,0.18711,1.54445,-1.35734,-1.718,0.0872,-0.0609,0.7403,0.4002,-0.6531,-0.4611,0.8897,2.2917,-1.402
2017-11-18,2017/2018,Crystal Palace,Everton,2,2,2.02983,1.68728,6.881,6.911,-0.029,-0.1953,-0.60009,-0.42559,-0.1745,-0.438,0.0915,-0.112,0.0627,-0.126,0.0288,0.0139,1.55,1.1952,0.3548
2017-11-18,2017/2018,Manchester United,Newcastle United,4,1,2.57424,1.08708,7.031,6.866,0.165,1.0686,0.99819,-0.1609,1.15909,1.005,0.3139,0.229,-0.1111,-0.0131,0.4251,0.2421,1.77,0.6979,1.0721
2017-11-18,2017/2018,Burnley,Swansea,2,0,1.5427,0.431402,6.941,6.942,-0.001,-0.0122,0.12479,-0.41425,0.53904,0.3341,-0.253,-0.0542,-0.1723,-0.1521,-0.0807,0.098,1.1311,0.8888,0.2424
2017-11-18,2017/2018,Arsenal,Tottenham Hotspur,2,0,2.24246,0.591192,7.126,7.13,-0.004,-0.0316,0.88934,1.13061,-0.24127,-0.5103,0.4086,-0.0105,0.349,0.3056,0.0596,-0.3161,1.3865,1.4334,-0.0469
2017-11-18,2017/2018,Bournemouth,Huddersfield,4,0,1.38782,1.1633,6.941,6.942,-0.001,-0.0122,-0.00141,-0.21415,0.21274,-0.019,-0.0129,-0.2091,-0.3911,0.0286,0.3782,-0.2377,1.2004,0.8338,0.3666
2017-11-19,2017/2018,Watford,West Ham United,2,0,1.24547,1.43369,6.792,6.961,-0.169,-1.1047,-0.32852,-0.55465,0.22612,-0.0045,0.0418,-0.1796,-0.064,-0.2648,0.1058,0.0851,1.6663,1.1455,0.5208
2017-11-20,2017/2018,Brighton & Hove Albion,Stoke,2,2,0.490058,1.20507,6.941,6.942,-0.001,-0.0122,0.01721,-0.43988,0.45709,0.2454,-0.2816,0.0123,0.0435,-0.1474,-0.3251,0.1597,1.0941,1.0319,0.0622
2017-11-24,2017/2018,West Ham United,Leicester City,1,1,0.775297,0.453851,6.944,6.961,-0.017,-0.1138,-0.50988,-0.25672,-0.25316,-0.5232,-0.0518,-0.2479,0.0538,-0.0655,-0.1056,-0.1824,1.2662,1.355,-0.0888
2017-11-25,2017/2018,Crystal Palace,Stoke,2,1,1.48339,0.628292,6.941,6.942,-0.001,-0.0122,-0.57694,-0.38882,-0.18812,-0.4528,0.1201,-0.1235,0.0495,-0.1323,0.0706,0.0087,1.6104,1.1892,0.4212
2017-11-25,2017/2018,Liverpool,Chelsea,1,1,1.50368,0.739983,7.133,7.112,0.021,0.1334,0.97913,1.20172,-0.22259,-0.4901,0.4342,0.0827,0.1971,0.3432,0.2371,-0.2606,1.374,1.1185,0.2554
2017-11-25,2017/2018,Manchester United,Brighton & Hove Albion,1,0,1.50148,0.565072,7.037,6.879,0.159,1.028,1.11418,-0.07661,1.19079,1.0393,0.3407,0.217,-0.3652,0.0034,0.7059,0.2136,1.7868,0.5483,1.2386
2017-11-25,2017/2018,Swansea,Bournemouth,0,0,0.879594,0.449075,6.941,6.942,-0.001,-0.0122,-0.4876,-0.13193,-0.35567,-0.6341,-0.1887,-0.1611,-0.005,-0.213,-0.1837,0.0519,1.282,1.1692,0.1128
2017-11-25,2017/2018,Tottenham Hotspur,West Bromwich Albion,1,1,1.91526,0.71711,7.126,6.809,0.316,2.0549,1.1786,-0.67474,1.85334,1.7562,0.3177,0.2636,-0.2024,-0.0413,0.5201,0.3049,1.8607,0.6044,1.2564
2017-11-25,2017/2018,Newcastle United,Watford,0,3,0.86002,2.05844,6.796,6.825,-0.029,-0.1951,-0.13445,-0.4249,0.29045,0.0651,-0.0936,-0.0859,0.0141,-0.1854,-0.1077,0.0995,1.367,1.1092,0.2579
2017-11-26,2017/2018,Southampton,Everton,4,1,1.97034,0.147724,6.912,6.948,-0.036,-0.2391,-0.31779,-0.44873,0.13094,-0.1075,0.0351,-0.0217,0.0809,-0.1424,-0.0458,0.1208,1.4881,1.1129,0.3752
2017-11-26,2017/2018,Burnley,Arsenal,0,1,0.402745,1.75184,6.961,7.083,-0.122,-0.8001,0.22936,0.58032,-0.35096,-0.629,-0.2313,-0.0445,0.4388,0.0169,-0.6701,-0.0614,0.9622,1.6453,-0.6831
2017-11-26,2017/2018,Huddersfield,Manchester City,1,2,0.537698,2.66178,6.941,6.942,-0.001,-0.0122,-0.21403,1.6095,-1.82353,-2.2224,-0.3648,0.0157,0.7371,0.424,-1.1019,-0.4083,0.5685,2.0577,-1.4892
2017-11-28,2017/2018,West Bromwich Albion,Newcastle United,2,2,0.845327,1.1342,6.806,6.88,-0.074,-0.4867,-0.29273,-0.37178,0.07905,-0.1637,-0.1965,-0.0432,-0.1257,-0.1387,-0.0708,0.0955,1.1707,0.929,0.2417
2017-11-28,2017/2018,Watford,Manchester United,2,4,1.29277,1.63491,6.888,7.047,-0.159,-1.0422,-0.11946,0.87115,-0.99062,-1.3212,0.053,-0.1689,0.327,0.2148,-0.274,-0.3837,1.0445,1.6736,-0.6292
2017-11-28,2017/2018,Brighton & Hove Albion,Crystal Palace,0,0,0.475162,0.584296,6.848,6.916,-0.068,-0.4496,-0.01716,-0.63054,0.61338,0.4145,-0.3606,0.0242,0.1114,-0.108,-0.472,0.1322,0.9642,1.1002,-0.136
2017-11-28,2017/2018,Leicester City,Tottenham Hotspur,2,1,0.924575,2.50552,6.917,7.054,-0.137,-0.8947,0.10079,0.92766,-0.82687,-1.144,0.0135,-0.0512,0.3166,0.2589,-0.3031,-0.3101,0.9633,1.4684,-0.5052
2017-11-29,2017/2018,Manchester City,Southampton,2,1,1.64952,1.7066,7.242,6.977,0.265,1.7201,1.63126,-0.19443,1.82569,1.7263,0.7458,0.421,0.0587,0.0087,0.6871,0.4123,2.6991,0.6745,2.0246
2017-11-29,2017/2018,Stoke,Liverpool,0,3,0.846748,2.58757,6.941,6.942,-0.001,-0.0122,-0.20896,0.64963,-0.85859,-1.1783,0.0268,-0.1265,0.4354,0.0944,-0.4085,-0.221,1.1694,1.7544,-0.585
2017-11-29,2017/2018,Everton,West Ham United,4,0,1.76497,1.03658,6.901,6.918,-0.016,-0.1101,-0.00528,-0.64755,0.64227,0.4458,0.0443,-0.1583,-0.0756,-0.219,0.1199,0.0607,1.6252,1.0884,0.5368
2017-11-29,2017/2018,Chelsea,Swansea,1,0,2.30012,0.0411427,6.941,6.942,-0.001,-0.0122,1.35536,-0.49074,1.8461,1.7484,0.1832,0.334,-0.2096,-0.1407,0.3928,0.4747,1.7298,0.5808,1.149
2017-11-29,2017/2018,Arsenal,Huddersfield,5,0,4.47889,0.475716,6.941,6.942,-0.001,-0.0122,1.0584,-0.31116,1.36956,1.2327,0.4391,0.0294,-0.3635,-0.0394,0.8026,0.0689,2.0191,0.6752,1.3439
2017-11-29,2017/2018,Bournemouth,Burnley,1,2,0.915088,1.08519,6.887,6.94,-0.053,-0.3502,0.11844,-0.15706,0.27549,0.0489,-0.0331,-0.2003,-0.2557,-0.0478,0.2225,-0.1525,1.2619,0.9522,0.3097
2017-12-02,2017/2018,Everton,Huddersfield,2,0,0.820024,0.223429,6.941,6.942,-0.001,-0.0122,0.13787,-0.45744,0.59531,0.3949,0.0508,-0.1555,-0.3729,-0.2234,0.4237,0.0678,1.6459,0.8048,0.8411
2017-12-02,2017/2018,Brighton & Hove Albion,Liverpool,1,5,1.65878,1.77566,6.866,7.156,-0.29,-1.8901,-0.08018,0.77288,-0.85306,-1.1723,-0.4105,0.0476,0.4639,0.1045,-0.8744,-0.057,0.7223,1.5699,-0.8476
2017-12-02,2017/2018,Arsenal,Manchester United,1,3,4.24057,2.06831,7.138,7.046,0.092,0.5953,1.20467,0.95733,0.24735,0.0184,0.5321,0.0325,0.3227,0.2036,0.2093,-0.1711,1.7572,1.3223,0.4349
2017-12-02,2017/2018,West Bromwich Albion,Crystal Palace,0,0,1.65178,0.80924,6.828,6.84,-0.011,-0.078,-0.30392,-0.56753,0.26361,0.036,-0.2117,-0.0475,0.0894,-0.0972,-0.3011,0.0497,1.1146,1.1483,-0.0337
2017-12-02,2017/2018,Chelsea,Newcastle United,3,1,3.07794,0.519549,7.13,6.807,0.324,2.1027,1.27771,-0.36058,1.6383,1.5235,0.2037,0.3427,-0.1158,-0.1194,0.3195,0.4621,1.7968,0.6083,1.1884
2017-12-02,2017/2018,Stoke,Swansea,2,1,1.24743,0.320601,6.941,6.942,-0.001,-0.0122,-0.33222,-0.4131,0.08088,-0.1617,0.0114,-0.1577,-0.2241,-0.1604,0.2355,0.0027,1.4856,0.936,0.5497
2017-12-02,2017/2018,Leicester City,Burnley,1,0,1.61269,0.789388,6.927,6.936,-0.009,-0.0649,0.21641,-0.05928,0.27568,0.0491,0.0118,-0.0845,-0.2479,-0.0377,0.2597,-0.0467,1.3135,0.8502,0.4633
2017-12-02,2017/2018,Watford,Tottenham Hotspur,1,1,0.352672,0.788817,6.872,7.149,-0.277,-1.8069,-0.20563,0.81205,-1.01768,-1.3504,0.0646,-0.1661,0.3454,0.2579,-0.2809,-0.424,0.9979,1.7239,-0.726
2017-12-03,2017/2018,Manchester City,West Ham United,2,1,2.45603,0.474483,7.209,6.894,0.316,2.051,1.55477,-0.7907,2.34547,2.2887,0.7055,0.3897,-0.0772,-0.2219,0.7827,0.6116,3.2849,0.6038,2.6811
2017-12-03,2017/2018,Bournemouth,Southampton,1,1,1.11195,1.00264,6.926,6.932,-0.006,-0.0416,0.02065,-0.11794,0.1386,-0.0993,-0.0487,-0.2014,0.09,0.0705,-0.1387,-0.2719,1.11,1.3393,-0.2293
2017-12-09,2017/2018,Tottenham Hotspur,Stoke,5,1,4.01925,0.749296,6.941,6.942,-0.001,-0.0122,0.92749,-0.51083,1.43831,1.3071,0.3122,0.2774,-0.001,-0.1426,0.3132,0.4199,1.9718,0.7572,1.2145
2017-12-09,2017/2018,Huddersfield,Brighton & Hove Albion,2,0,2.68125,0.273809,6.941,6.942,-0.001,-0.0122,-0.30359,-0.18724,-0.11635,-0.3751,-0.4076,-0.1738,-0.3149,0.0351,-0.0927,-0.2088,0.8037,0.8686,-0.0649
2017-12-09,2017/2018,Newcastle United,Leicester City,2,3,0.964657,0.444099,6.833,6.927,-0.095,-0.6208,-0.29777,-0.16462,-0.13315,-0.3933,-0.1182,-0.211,0.0256,-0.0825,-0.1438,-0.1285,1.1939,1.2814,-0.0875
2017-12-09,2017/2018,Swansea,West Bromwich Albion,1,0,1.01101,0.25228,6.941,6.942,-0.001,-0.0122,-0.44813,-0.5879,0.13977,-0.098,-0.2461,-0.1514,-0.1838,-0.0376,-0.0623,-0.1138,1.0158,0.9683,0.0474
2017-12-09,2017/2018,West Ham United,Chelsea,1,0,0.418127,1.18891,6.938,7.168,-0.229,-1.4962,-0.50643,1.1498,-1.65623,-2.0414,-0.0807,-0.1761,0.2447,0.3417,-0.3254,-0.5178,0.7981,1.5654,-0.7673
2017-12-09,2017/2018,Burnley,Watford,1,0,0.485632,0.819233,6.876,6.845,0.031,0.1988,0.18213,-0.28231,0.46443,0.2533,-0.2481,-0.0461,0.0329,-0.1305,-0.2809,0.0844,1.1168,1.0783,0.0385
2017-12-09,2017/2018,Crystal Palace,Bournemouth,2,2,4.61208,0.962374,6.918,6.954,-0.035,-0.2343,-0.41868,-0.25179,-0.16689,-0.4298,0.0743,-0.1099,-0.0482,-0.1897,0.1225,0.0798,1.6227,1.0682,0.5545
2017-12-10,2017/2018,Liverpool,Everton,1,1,1.89569,0.823217,7.108,6.903,0.205,1.3332,1.18357,-0.42144,1.605,1.4875,0.4663,0.0839,0.0118,-0.1423,0.4545,0.2262,2.3568,0.908,1.4488
2017-12-10,2017/2018,Southampton,Arsenal,1,1,1.21942,0.608352,6.965,7.125,-0.16,-1.0452,-0.1177,0.65963,-0.77733,-1.0904,0.074,0.0698,0.632,0.0085,-0.5579,0.0613,1.311,1.7884,-0.4774
2017-12-10,2017/2018,Manchester United,Manchester City,1,2,1.43756,2.03041,7.026,7.234,-0.208,-1.3572,1.23027,1.41517,-0.1849,-0.4493,0.349,0.0634,0.6738,0.3895,-0.3248,-0.3261,1.1723,1.8875,-0.7152
2017-12-12,2017/2018,Burnley,Stoke,1,0,0.360081,0.916344,6.941,6.942,-0.001,-0.0122,0.23944,-0.64236,0.8818,0.7049,-0.2752,-0.0393,-0.0012,-0.2274,-0.274,0.1881,1.1928,1.0391,0.1538
2017-12-12,2017/2018,Huddersfield,Chelsea,1,3,0.476748,1.8707,6.941,6.942,-0.001,-0.0122,-0.18089,1.01664,-1.19754,-1.5451,-0.2869,-0.154,0.2311,0.3499,-0.518,-0.5039,0.6619,1.4701,-0.8083
2017-12-12,2017/2018,Crystal Palace,Watford,2,1,1.10545,1.40441,6.917,6.852,0.065,0.42,-0.39643,-0.33962,-0.05681,-0.3107,0.2497,-0.1063,0.0212,-0.1138,0.2285,0.0075,1.814,1.1274,0.6866
2017-12-13,2017/2018,Swansea,Manchester City,0,4,0.589496,3.56828,6.941,6.942,-0.001,-0.0122,-0.3697,1.49105,-1.86075,-2.2627,-0.2441,-0.1341,0.6722,0.3744,-0.9163,-0.5085,0.6741,2.2401,-1.566
2017-12-13,2017/2018,Newcastle United,Everton,0,1,0.570658,1.38719,6.853,6.952,-0.099,-0.6473,-0.37657,-0.31219,-0.06438,-0.3189,-0.131,-0.1665,0.0084,-0.1182,-0.1394,-0.0483,1.221,1.2054,0.0157
2017-12-13,2017/2018,Southampton,Leicester City,1,4,1.11749,2.24579,6.984,6.946,0.038,0.2407,-0.04404,-0.08582,0.04178,-0.204,0.0686,0.1174,-0.0085,-0.0756,0.0771,0.1929,1.4519,0.8779,0.5741
2017-12-13,2017/2018,Liverpool,West Bromwich Albion,0,0,2.13915,0.520382,7.132,6.834,0.298,1.934,1.07432,-0.66633,1.74065,1.6343,0.4434,0.0855,-0.2122,-0.0371,0.6555,0.1226,2.0965,0.7167,1.3797
2017-12-13,2017/2018,Tottenham Hotspur,Brighton & Hove Albion,2,0,1.87344,0.315616,7.035,6.68,0.356,2.3126,1.05902,-0.30994,1.36896,1.2321,0.3898,0.2752,-0.362,-0.0227,0.7518,0.2979,1.9723,0.5068,1.4654
2017-12-13,2017/2018,West Ham United,Arsenal,0,0,0.405172,1.02186,6.944,7.111,-0.167,-1.0939,-0.37328,0.58598,-0.95925,-1.2872,-0.0958,-0.1634,0.5831,0.0113,-0.6789,-0.1747,1.1021,2.1524,-1.0503
2017-12-13,2017/2018,Manchester United,Bournemouth,1,0,1.24043,0.815792,7.012,6.932,0.08,0.515,1.15439,-0.27404,1.42843,1.2964,0.356,0.0548,-0.0517,-0.2901,0.4077,0.3449,2.4106,0.8905,1.52
2017-12-16,2017/2018,Chelsea,Southampton,1,0,1.29018,0.587081,7.143,6.891,0.252,1.6373,1.28171,-0.14271,1.42442,1.2921,0.2423,0.3514,0.0517,0.0865,0.1906,0.2649,1.5071,0.7192,0.7879
2017-12-16,2017/2018,Watford,Huddersfield,1,4,0.589103,3.49193,6.941,6.942,-0.001,-0.0122,-0.21622,-0.52834,0.31212,0.0885,0.0329,-0.0866,-0.2952,-0.1727,0.328,0.086,1.5368,0.812,0.7248
2017-12-16,2017/2018,Stoke,West Ham United,0,3,0.983293,3.08244,6.941,6.942,-0.001,-0.0122,-0.34916,-0.54569,0.19653,-0.0366,-0.0063,-0.203,-0.1313,-0.1197,0.1251,-0.0833,1.4015,1.0745,0.3269
2017-12-16,2017/2018,Brighton & Hove Albion,Burnley,0,0,1.49029,1.32536,6.853,6.89,-0.037,-0.2459,-0.34529,-0.08061,-0.26468,-0.5356,-0.3713,-0.0163,-0.3109,-0.0359,-0.0603,0.0197,0.8909,0.7481,0.1428
2017-12-16,2017/2018,Leicester City,Crystal Palace,0,3,0.758241,2.25889,6.928,6.876,0.052,0.3354,0.43204,-0.46073,0.89277,0.7168,0.0351,-0.0639,0.2059,-0.1128,-0.1708,0.0489,1.4599,1.3017,0.1582
2017-12-16,2017/2018,Manchester City,Tottenham Hotspur,4,1,4.14588,0.182456,7.195,7.158,0.037,0.239,1.58704,0.856,0.73104,0.5418,0.7045,0.3733,0.3831,0.2761,0.3214,0.0972,1.9292,1.0055,0.9237
2017-12-16,2017/2018,Arsenal,Newcastle United,1,0,2.02472,0.286547,7.11,6.786,0.324,2.1059,0.97425,-0.51078,1.48503,1.3577,0.5322,0.03,-0.1681,-0.1735,0.7004,0.2035,2.6344,0.7893,1.8452
2017-12-17,2017/2018,West Bromwich Albion,Manchester United,1,2,1.076,0.898984,6.878,7.038,-0.159,-1.0412,-0.31372,0.99984,-1.31356,-1.6706,-0.2185,-0.0388,0.2964,0.0564,-0.5149,-0.0952,0.9328,1.4251,-0.4924
2017-12-17,2017/2018,Bournemouth,Liverpool,0,4,0.539178,3.25041,6.847,7.113,-0.266,-1.7341,0.01941,0.76503,-0.74562,-1.056,-0.0542,-0.236,0.441,0.0891,-0.4952,-0.3251,1.0505,2.0314,-0.9809
2017-12-18,2017/2018,Everton,Swansea,3,1,2.01756,0.766224,6.941,6.942,-0.001,-0.0122,0.36829,-0.52456,0.89285,0.7169,0.015,-0.0989,-0.2452,-0.1932,0.2602,0.0944,1.5409,0.864,0.6769
2017-12-22,2017/2018,Arsenal,Liverpool,3,3,1.13104,2.05947,7.118,7.141,-0.022,-0.1484,0.92091,0.90691,0.014,-0.2341,0.505,0.0399,0.4824,0.1046,0.0226,-0.0647,1.8627,1.5609,0.3019
2017-12-23,2017/2018,Leicester City,Manchester United,2,2,1.56465,2.15281,6.954,7.052,-0.098,-0.64,0.28307,0.96176,-0.6787,-0.9836,0.003,-0.0922,0.2787,0.0518,-0.2756,-0.144,1.178,1.4661,-0.2881
2017-12-23,2017/2018,Burnley,Tottenham Hotspur,0,3,0.159735,3.30947,6.887,7.042,-0.155,-1.0104,0.23364,0.73002,-0.49638,-0.7863,-0.2909,-0.0481,0.3564,0.1448,-0.6473,-0.1929,0.7947,1.5266,-0.7319
2017-12-23,2017/2018,Manchester City,Bournemouth,4,0,1.55724,0.334896,7.233,6.956,0.278,1.8034,1.71301,-0.31998,2.033,1.9506,0.7711,0.4013,-0.0781,-0.2809,0.8491,0.6822,3.7037,0.5991,3.1047
2017-12-23,2017/2018,Swansea,Crystal Palace,1,1,0.546613,1.25546,6.941,6.942,-0.001,-0.0122,-0.55339,-0.31175,-0.24164,-0.5107,-0.2471,-0.2068,0.2494,-0.0885,-0.4965,-0.1183,1.0677,1.5783,-0.5106
2017-12-23,2017/2018,Stoke,West Bromwich Albion,3,1,1.7986,2.0544,6.941,6.942,-0.001,-0.0122,-0.49029,-0.52769,0.03741,-0.2087,-0.0269,-0.2517,-0.2091,-0.0212,0.1822,-0.2305,1.244,1.0437,0.2003
2017-12-23,2017/2018,Everton,Chelsea,0,0,0.342403,1.84971,6.941,7.144,-0.204,-1.3292,0.45902,1.05959,-0.60057,-0.8991,0.0364,-0.0959,0.2331,0.3519,-0.1967,-0.4478,0.8909,1.4238,-0.5329
2017-12-23,2017/2018,West Ham United,Newcastle United,2,3,2.31898,1.90622,6.908,6.78,0.128,0.8316,-0.1955,-0.45743,0.26192,0.0342,-0.046,-0.1076,-0.1899,-0.1272,0.1439,0.0196,1.3781,0.9071,0.4711
2017-12-23,2017/2018,Brighton & Hove Albion,Watford,1,0,1.40139,1.30044,6.857,6.812,0.045,0.29,-0.31216,-0.52311,0.21095,-0.021,-0.3141,-0.0313,-0.0182,-0.1351,-0.2959,0.1038,1.0519,1.0077,0.0442
2017-12-23,2017/2018,Southampton,Huddersfield,1,1,1.73805,1.09381,6.941,6.942,-0.001,-0.0122,-0.1509,-0.38575,0.23485,0.0049,0.0471,0.0934,-0.1354,-0.1255,0.1825,0.2189,1.4869,0.7956,0.6913
2017-12-26,2017/2018,Watford,Leicester City,2,1,1.43009,1.54771,6.814,6.937,-0.123,-0.803,-0.40839,-0.00111,-0.40728,-0.6899,-0.0069,-0.142,0.0214,-0.1145,-0.0283,-0.0275,1.3732,1.1949,0.1783
2017-12-26,2017/2018,West Bromwich Albion,Everton,0,0,1.18168,0.405775,6.879,6.931,-0.051,-0.3381,-0.35504,-0.12782,-0.22721,-0.4951,-0.1622,-0.037,0.0166,-0.1095,-0.1789,0.0724,1.1799,1.0617,0.1182
2017-12-26,2017/2018,Liverpool,Swansea,5,0,3.06422,0.2719,6.941,6.942,-0.001,-0.0122,1.05704,-0.59483,1.65187,1.5382,0.4963,0.1406,-0.2704,-0.1945,0.7667,0.335,2.4966,0.6632,1.8334
2017-12-26,2017/2018,Manchester United,Burnley,2,2,1.80763,0.786214,7.102,6.864,0.238,1.5459,1.0354,-0.20074,1.23613,1.0884,0.2996,0.0376,-0.3137,-0.1114,0.6134,0.149,1.9419,0.6841,1.2578
2017-12-26,2017/2018,Chelsea,Brighton & Hove Albion,2,0,2.16934,0.452601,7.129,6.726,0.403,2.6175,1.19202,-0.30253,1.49455,1.368,0.2455,0.3669,-0.2804,-0.0411,0.5259,0.408,1.7487,0.499,1.2497
2017-12-26,2017/2018,Tottenham Hotspur,Southampton,5,2,3.08413,0.591118,7.098,6.916,0.182,1.1807,1.12629,-0.11438,1.24067,1.0933,0.4141,0.1597,0.0589,0.0867,0.3551,0.073,1.7742,0.8848,0.8894
2017-12-26,2017/2018,Huddersfield,Stoke,1,1,1.8756,1.19984,6.941,6.942,-0.001,-0.0122,-0.14101,-0.67334,0.53233,0.3268,-0.1178,-0.1358,-0.0018,-0.2745,-0.116,0.1388,1.4636,1.1436,0.32
2017-12-26,2017/2018,Bournemouth,West Ham United,3,3,2.84928,1.87596,6.883,6.927,-0.044,-0.2889,-0.20193,-0.46939,0.26746,0.0402,-0.0857,-0.1695,0.0003,-0.125,-0.086,-0.0444,1.2948,1.1913,0.1035
2017-12-27,2017/2018,Newcastle United,Manchester City,0,1,0.174705,1.93187,6.757,7.189,-0.432,-2.8158,-0.35864,1.77771,-2.13635,-2.5609,-0.1446,-0.165,0.6877,0.4039,-0.8323,-0.5689,0.6868,2.4701,-1.7833
2017-12-28,2017/2018,Crystal Palace,Arsenal,2,3,1.14522,1.84104,6.909,7.124,-0.215,-1.4047,-0.22914,0.46534,-0.69448,-1.0007,0.2322,-0.0744,0.4693,0.0207,-0.2372,-0.0951,1.507,1.7674,-0.2604
2017-12-30,2017/2018,Liverpool,Leicester City,2,1,2.56607,0.789667,7.16,6.936,0.224,1.4566,1.20008,-0.10381,1.30389,1.1617,0.5162,0.147,0.0343,-0.1152,0.4818,0.2623,2.4168,0.8699,1.5468
2017-12-30,2017/2018,Bournemouth,Everton,2,1,1.39955,0.599608,6.885,6.972,-0.087,-0.5713,-0.23534,-0.15694,-0.0784,-0.3341,-0.0079,-0.1825,-0.0057,-0.1086,-0.0022,-0.074,1.3697,1.206,0.1637
2017-12-30,2017/2018,Huddersfield,Burnley,0,0,0.049118,1.20923,6.941,6.942,-0.001,-0.0122,-0.19807,-0.10452,-0.09355,-0.3505,-0.0824,-0.1366,-0.3072,-0.1048,0.2249,-0.0318,1.2797,0.8433,0.4363
2017-12-30,2017/2018,Chelsea,Stoke,5,0,3.09527,0.28218,6.941,6.942,-0.001,-0.0122,1.24699,-0.61627,1.86327,1.767,0.2575,0.3646,0.0006,-0.2852,0.2569,0.6497,2.1527,0.695,1.4577
2017-12-30,2017/2018,Manchester United,Southampton,0,0,1.87247,0.85013,7.068,6.841,0.227,1.4727,0.93918,-0.22816,1.16734,1.0139,0.2917,0.0351,0.0475,0.0325,0.2442,0.0026,1.6661,0.9855,0.6806
2017-12-30,2017/2018,Watford,Swansea,1,2,1.17794,1.31479,6.941,6.942,-0.001,-0.0122,-0.30569,-0.73787,0.43218,0.2184,-0.0037,-0.1506,-0.2818,-0.2181,0.2781,0.0675,1.5504,0.8772,0.6732
2017-12-30,2017/2018,Newcastle United,Brighton & Hove Albion,0,0,0.504379,0.630058,6.873,6.873,0.0,-0.0032,-0.26662,-0.35751,0.09089,-0.1509,-0.1672,-0.1302,-0.2805,-0.0629,0.1133,-0.0673,1.1275,0.8605,0.2669
2017-12-31,2017/2018,Crystal Palace,Manchester City,0,0,1.72153,1.09586,6.912,7.187,-0.275,-1.796,-0.26643,1.68569,-1.95211,-2.3616,0.2101,-0.0767,0.6701,0.4139,-0.46,-0.4906,0.9877,2.1808,-1.1931
2017-12-31,2017/2018,West Bromwich Albion,Arsenal,1,1,1.39429,0.917801,6.869,7.078,-0.209,-1.3656,-0.32592,0.50263,-0.82854,-1.1458,-0.1607,-0.0199,0.4677,0.0333,-0.6284,-0.0533,1.0053,1.6697,-0.6644
2018-01-01,2017/2018,Burnley,Liverpool,1,2,0.900466,1.62514,6.877,7.084,-0.207,-1.3524,0.15855,0.9796,-0.82105,-1.1377,-0.2913,-0.0694,0.5175,0.1478,-0.8088,-0.2172,0.787,1.8435,-1.0565
2018-01-01,2017/2018,Brighton & Hove Albion,Bournemouth,2,2,2.37332,1.28248,6.835,6.812,0.022,0.1424,-0.26595,-0.40184,0.13589,-0.1022,-0.2938,-0.0407,-0.0062,-0.1674,-0.2876,0.1267,1.1058,1.0324,0.0734
2018-01-01,2017/2018,Everton,Manchester United,0,2,1.23952,1.26247,6.884,7.057,-0.173,-1.1275,0.4421,0.76791,-0.32582,-0.6018,-0.0293,-0.1086,0.2964,0.0389,-0.3257,-0.1475,1.1451,1.5306,-0.3856
2018-01-01,2017/2018,Leicester City,Huddersfield,3,0,1.45074,0.226625,6.941,6.942,-0.001,-0.0122,0.30681,-0.3851,0.69191,0.4995,0.0309,-0.1213,-0.1739,-0.1452,0.2048,0.0239,1.4922,0.949,0.5432
2018-01-01,2017/2018,Stoke,Newcastle United,0,1,1.50029,2.02028,6.941,6.942,-0.001,-0.0122,-0.42671,-0.30734,-0.11937,-0.3784,-0.0125,-0.3243,-0.1979,-0.1238,0.1853,-0.2005,1.3984,1.135,0.2634
2018-01-02,2017/2018,West Ham United,West Bromwich Albion,2,1,1.0594,0.63538,6.953,6.854,0.098,0.6361,-0.27048,-0.57627,0.3058,0.0817,0.031,-0.1644,-0.1391,0.0089,0.1702,-0.1733,1.2945,1.0137,0.2808
2018-01-02,2017/2018,Southampton,Crystal Palace,1,2,0.445301,1.34294,6.912,6.87,0.042,0.2681,-0.19446,-0.28807,0.09361,-0.1479,0.0414,0.0245,0.2407,-0.0267,-0.1994,0.0512,1.3462,1.2354,0.1109
2018-01-02,2017/2018,Swansea,Tottenham Hotspur,0,2,0.397789,1.61843,6.941,6.942,-0.001,-0.0122,-0.54902,0.93637,-1.48539,-1.8565,-0.2618,-0.205,0.4581,0.1667,-0.7199,-0.3717,0.8152,1.9413,-1.1261
2018-01-02,2017/2018,Manchester City,Watford,3,1,2.77398,0.965283,7.23,6.867,0.363,2.3589,1.69164,-0.59805,2.2897,2.2284,0.6386,0.3832,-0.0232,-0.1586,0.6618,0.5418,2.9001,0.6379,2.2622
2018-01-03,2017/2018,Arsenal,Chelsea,2,2,1.23205,3.0768,7.069,7.152,-0.083,-0.5452,0.89258,1.1277,-0.23511,-0.5036,0.44,0.0234,0.2948,0.3723,0.1452,-0.3489,1.3259,1.3251,0.0008
2018-01-04,2017/2018,Tottenham Hotspur,West Ham United,1,1,1.64908,0.612933,7.053,6.956,0.097,0.627,1.2772,-0.39032,1.66752,1.5552,0.4423,0.1762,0.02,-0.1549,0.4223,0.3311,2.3001,0.8456,1.4545
2018-01-13,2017/2018,Tottenham Hotspur,Everton,4,0,4.21366,0.290345,7.104,6.973,0.131,0.8492,1.16606,-0.3206,1.48665,1.3594,0.4121,0.1811,-0.0249,-0.098,0.4369,0.2791,2.117,0.8013,1.3157
2018-01-13,2017/2018,Crystal Palace,Burnley,1,0,1.80971,0.907849,6.847,6.917,-0.07,-0.4613,-0.08751,-0.13341,0.0459,-0.1996,0.243,-0.0002,-0.2839,-0.0601,0.5268,0.0599,1.6803,0.7594,0.9208
2018-01-13,2017/2018,West Bromwich Albion,Brighton & Hove Albion,2,0,1.38478,0.530765,6.891,6.876,0.015,0.0908,-0.29492,-0.35708,0.06216,-0.182,-0.155,0.0158,-0.1866,-0.0484,0.0316,0.0642,1.1269,0.8154,0.3115
2018-01-13,2017/2018,Newcastle United,Swansea,1,1,1.8273,0.895774,6.941,6.942,-0.001,-0.0122,-0.22635,-0.67143,0.44508,0.2324,-0.1537,-0.1264,-0.2783,-0.1916,0.1247,0.0651,1.2995,0.8592,0.4403
2018-01-13,2017/2018,Huddersfield,West Ham United,1,4,0.681,0.986853,6.941,6.942,-0.001,-0.0122,-0.26947,-0.27919,0.00971,-0.2387,-0.213,-0.1421,0.0106,-0.1261,-0.2236,-0.016,1.1471,1.1653,-0.0182
2018-01-13,2017/2018,Watford,Southampton,2,2,1.67369,0.857637,6.823,6.871,-0.047,-0.3117,-0.38547,-0.19488,-0.19059,-0.4555,-0.0122,-0.1504,-0.0017,0.0211,-0.0105,-0.1715,1.2036,1.1669,0.0367
2018-01-13,2017/2018,Chelsea,Leicester City,0,0,0.622946,1.36341,7.132,6.863,0.27,1.7507,1.36735,0.01782,1.34953,1.2111,0.3505,0.3734,0.0287,-0.1051,0.3218,0.4785,2.0381,0.6861,1.352
2018-01-14,2017/2018,Liverpool,Manchester City,4,3,1.01595,0.722959,7.105,7.221,-0.117,-0.7631,1.17873,1.54305,-0.36432,-0.6434,0.506,0.1439,0.6296,0.3718,-0.1236,-0.228,1.4113,1.6482,-0.2369
2018-01-14,2017/2018,Bournemouth,Arsenal,2,1,0.822285,1.00956,6.878,6.97,-0.091,-0.5989,-0.13358,0.44596,-0.57954,-0.8763,0.0035,-0.1917,0.4328,-0.0339,-0.4294,-0.1578,1.285,1.8881,-0.603
2018-01-15,2017/2018,Manchester United,Stoke,3,0,1.9485,1.47603,6.941,6.942,-0.001,-0.0122,0.92004,-0.80965,1.72969,1.6224,0.2843,0.0353,-0.0072,-0.3441,0.2915,0.3794,2.3456,0.9586,1.3869
2018-01-20,2017/2018,Arsenal,Crystal Palace,4,1,3.56519,0.501202,7.079,6.882,0.196,1.2745,0.85026,-0.14233,0.9926,0.8248,0.3945,-0.0192,0.2479,-0.0029,0.1466,-0.0164,1.906,1.276,0.63
2018-01-20,2017/2018,Brighton & Hove Albion,Chelsea,0,4,0.881174,1.52008,6.956,7.106,-0.15,-0.9813,-0.36343,1.03065,-1.39408,-1.7577,-0.2015,-0.0569,0.2916,0.3531,-0.493,-0.41,0.7059,1.4426,-0.7366
2018-01-20,2017/2018,Burnley,Manchester United,0,1,0.568215,0.860828,6.876,7.083,-0.207,-1.3524,0.07927,0.9443,-0.86503,-1.1853,-0.2764,-0.0641,0.2646,0.0197,-0.541,-0.0838,0.908,1.4241,-0.5161
2018-01-20,2017/2018,Manchester City,Newcastle United,3,1,2.5505,0.992018,7.196,6.795,0.401,2.6052,1.58851,-0.26116,1.84967,1.7523,0.5991,0.3882,-0.124,-0.1262,0.723,0.5144,2.711,0.5713,2.1397
2018-01-20,2017/2018,West Ham United,Bournemouth,1,1,0.980241,0.501886,6.947,6.883,0.064,0.4109,-0.03551,-0.31104,0.27553,0.0489,0.0029,-0.1142,-0.0213,-0.1598,0.0243,0.0456,1.4838,1.0891,0.3947
2018-01-20,2017/2018,Stoke,Huddersfield,2,0,0.987799,0.238458,6.941,6.942,-0.001,-0.0122,-0.57132,-0.60427,0.03295,-0.2136,0.0148,-0.3232,-0.2403,-0.1347,0.2551,-0.1885,1.4531,1.0867,0.3664
2018-01-20,2017/2018,Leicester City,Watford,2,0,1.51932,0.740795,6.888,6.824,0.064,0.4125,0.50065,-0.54568,1.04633,0.883,0.0497,-0.0468,0.01,-0.1413,0.0397,0.0945,1.5263,1.0505,0.4758
2018-01-20,2017/2018,Everton,West Bromwich Albion,1,1,0.92355,1.34998,6.9,6.896,0.004,0.0192,0.24365,-0.56576,0.80941,0.6266,-0.0426,-0.1909,-0.1413,0.0213,0.0988,-0.2121,1.1745,1.0504,0.1241
2018-01-21,2017/2018,Southampton,Tottenham Hotspur,1,1,1.15209,1.30653,6.863,7.048,-0.184,-1.2041,-0.30126,1.0051,-1.30635,-1.6628,-0.0136,0.0075,0.4866,0.1931,-0.5002,-0.1855,0.9957,1.6506,-0.655
2018-01-22,2017/2018,Swansea,Liverpool,1,0,0.498742,2.19675,6.941,6.942,-0.001,-0.0122,-0.57134,1.07069,-1.64204,-2.026,-0.2745,-0.2034,0.4874,0.1852,-0.7619,-0.3886,0.7901,1.9956,-1.2055
2018-01-30,2017/2018,West Ham United,Crystal Palace,1,1,1.11632,1.15809,6.899,6.862,0.037,0.2391,-0.06976,-0.26251,0.19275,-0.0407,-0.0234,-0.0996,0.2093,-0.0694,-0.2326,-0.0302,1.3162,1.356,-0.0398
2018-01-30,2017/2018,Swansea,Arsenal,3,1,2.37911,1.15616,6.941,6.942,-0.001,-0.0122,-0.43842,0.41763,-0.85605,-1.1755,-0.2853,-0.2091,0.4538,0.0052,-0.7391,-0.2143,0.9358,1.9408,-1.0051
2018-01-30,2017/2018,Huddersfield,Liverpool,0,3,0.288048,2.05148,6.941,6.942,-0.001,-0.0122,-0.48754,0.93777,-1.42531,-1.7915,-0.2842,-0.1146,0.4898,0.1903,-0.774,-0.3049,0.7785,1.8306,-1.0522
2018-01-31,2017/2018,Manchester City,West Bromwich Albion,3,0,2.68955,0.118043,7.184,6.839,0.345,2.2417,1.60878,-0.49021,2.09899,2.022,0.5892,0.376,-0.1259,0.0282,0.7151,0.3477,2.2849,0.5811,1.7039
2018-01-31,2017/2018,Newcastle United,Burnley,1,1,2.52275,1.22828,6.82,6.859,-0.039,-0.2576,-0.28991,-0.22909,-0.06082,-0.315,-0.1085,-0.1157,-0.291,-0.046,0.1825,-0.0698,1.1701,0.8432,0.3269
2018-01-31,2017/2018,Southampton,Brighton & Hove Albion,1,1,1.27393,1.07907,6.875,6.846,0.028,0.1807,-0.20228,-0.56376,0.36148,0.1419,-0.0064,0.0204,-0.1886,-0.0597,0.1822,0.0801,1.3244,0.8087,0.5157
2018-01-31,2017/2018,Tottenham Hotspur,Manchester United,2,0,2.0117,0.817997,7.148,7.136,0.012,0.0754,1.23075,0.96268,0.26807,0.0408,0.4725,0.1863,0.2459,0.0291,0.2266,0.1573,1.9526,1.06,0.8927
2018-01-31,2017/2018,Chelsea,Bournemouth,0,3,1.14795,1.42447,7.145,6.903,0.243,1.5756,1.35495,-0.27679,1.63174,1.5164,0.2912,0.3456,-0.0457,-0.1444,0.3369,0.49,1.9913,0.657,1.3344
2018-01-31,2017/2018,Everton,Leicester City,2,1,1.53072,2.65018,6.935,6.883,0.052,0.334,0.1681,0.17403,-0.00593,-0.2556,-0.0519,-0.1965,0.0489,-0.0392,-0.1008,-0.1573,1.2433,1.2704,-0.0271
2018-01-31,2017/2018,Stoke,Watford,0,0,0.722172,0.740773,6.941,6.942,-0.001,-0.0122,-0.45212,-0.62908,0.17696,-0.0577,-0.0093,-0.3005,-0.0037,-0.1398,-0.0055,-0.1607,1.4257,1.3458,0.0799
2018-02-03,2017/2018,Bournemouth,Stoke,2,1,1.91091,0.721222,6.941,6.942,-0.001,-0.0122,0.10124,-0.84339,0.94462,0.7729,-0.0205,-0.113,-0.044,-0.2803,0.0236,0.1672,1.6225,1.0717,0.5507
2018-02-03,2017/2018,Brighton & Hove Albion,West Ham United,3,1,1.64227,0.443751,6.861,6.926,-0.064,-0.4231,-0.4673,-0.18026,-0.28704,-0.5598,-0.1715,-0.0572,-0.0325,-0.0931,-0.139,0.0358,1.1482,1.033,0.1152
2018-02-03,2017/2018,Burnley,Manchester City,1,1,0.795971,2.24914,6.883,7.199,-0.316,-2.0606,0.05507,1.50918,-1.45412,-1.8227,-0.2742,-0.0807,0.5946,0.3828,-0.8688,-0.4635,0.6248,2.0402,-1.4154
2018-02-03,2017/2018,Leicester City,Swansea,1,1,1.48466,0.569943,6.941,6.942,-0.001,-0.0122,0.52671,-0.44186,0.96858,0.7988,0.1087,-0.0468,-0.2125,-0.1792,0.3212,0.1324,1.6686,0.8474,0.8212
2018-02-03,2017/2018,Arsenal,Everton,5,1,3.19622,1.49065,7.104,6.917,0.187,1.2131,0.87954,-0.4443,1.32384,1.1833,0.4194,-0.0291,-0.0385,-0.2351,0.4579,0.206,2.4622,0.9689,1.4933
2018-02-03,2017/2018,West Bromwich Albion,Southampton,2,3,0.876603,0.99695,6.915,6.869,0.046,0.2974,-0.17984,-0.18234,0.0025,-0.2465,-0.1407,0.0083,-0.0086,0.015,-0.1321,-0.0067,1.0769,0.9779,0.0991
2018-02-03,2017/2018,Manchester United,Huddersfield,2,0,1.63389,0.13049,6.941,6.942,-0.001,-0.0122,0.95454,-0.79567,1.75021,1.6446,0.2367,0.0257,-0.306,-0.1242,0.5427,0.1499,1.7952,0.7179,1.0773
2018-02-04,2017/2018,Crystal Palace,Newcastle United,1,1,3.00238,1.14408,6.879,6.874,0.006,0.0345,-0.06737,-0.2756,0.20824,-0.0239,0.1989,-0.063,-0.0361,-0.1228,0.235,0.0598,1.7274,1.0266,0.7008
2018-02-04,2017/2018,Liverpool,Tottenham Hotspur,2,2,1.28962,2.54392,7.173,7.152,0.021,0.1337,1.26347,0.98145,0.28201,0.0559,0.4925,0.2,0.4709,0.193,0.0216,0.007,1.6927,1.308,0.3847
2018-02-05,2017/2018,Watford,Chelsea,4,1,2.12696,0.573557,6.881,7.13,-0.249,-1.6271,-0.40043,1.05942,-1.45985,-1.8289,-0.0327,-0.1174,0.2574,0.3238,-0.2901,-0.4412,0.8505,1.4988,-0.6483
2018-02-10,2017/2018,Swansea,Burnley,1,0,0.843332,0.430729,6.941,6.942,-0.001,-0.0122,-0.24597,-0.16826,-0.07771,-0.3333,-0.2225,-0.1719,-0.2652,-0.0889,0.0426,-0.0831,1.0947,0.9112,0.1835
2018-02-10,2017/2018,West Ham United,Watford,2,0,1.83359,0.799928,6.946,6.879,0.067,0.4342,-0.17925,-0.503,0.32375,0.1011,-0.0524,-0.1042,0.0203,-0.0867,-0.0727,-0.0175,1.3055,1.1236,0.1819
2018-02-10,2017/2018,Stoke,Brighton & Hove Albion,1,1,1.39547,0.897856,6.941,6.942,-0.001,-0.0122,-0.48087,-0.43688,-0.04399,-0.2968,-0.0583,-0.2875,-0.1307,-0.0388,0.0724,-0.2487,1.227,1.1701,0.057
2018-02-10,2017/2018,Everton,Crystal Palace,3,1,1.48792,1.65713,6.911,6.926,-0.015,-0.1036,0.16511,-0.25526,0.42037,0.2056,-0.0159,-0.268,0.2626,-0.0652,-0.2786,-0.2027,1.3122,1.7031,-0.3909
2018-02-10,2017/2018,Tottenham Hotspur,Arsenal,1,0,2.63564,0.487297,7.147,7.106,0.041,0.2607,1.36703,0.37028,0.99676,0.8293,0.5075,0.2112,0.4458,-0.042,0.0616,0.2532,2.1783,1.2584,0.9199
2018-02-10,2017/2018,Manchester City,Leicester City,5,1,2.59121,0.109716,7.193,6.849,0.344,2.2327,1.61987,0.03192,1.58795,1.4691,0.5948,0.3754,0.0987,-0.0409,0.4961,0.4163,2.4618,0.7279,1.7339
2018-02-11,2017/2018,Southampton,Liverpool,0,2,0.854343,2.35575,6.876,7.168,-0.292,-1.9066,-0.18771,1.0228,-1.21051,-1.5591,-0.0079,0.0201,0.4729,0.1519,-0.4807,-0.1318,1.0301,1.6286,-0.5984
2018-02-11,2017/2018,Newcastle United,Manchester United,1,0,0.676656,1.71995,6.84,7.135,-0.295,-1.9214,-0.26317,0.87072,-1.13389,-1.4762,-0.0306,-0.1716,0.2288,0.0379,-0.2594,-0.2095,1.1282,1.5459,-0.4177
2018-02-11,2017/2018,Huddersfield,Bournemouth,4,1,2.56699,0.433555,6.941,6.942,-0.001,-0.0122,-0.61688,-0.11618,-0.5007,-0.791,-0.3298,-0.116,-0.0053,-0.1046,-0.3245,-0.0114,0.9989,1.1173,-0.1184
2018-02-12,2017/2018,Chelsea,West Bromwich Albion,3,0,2.37995,0.628806,7.148,6.928,0.22,1.4303,1.09701,-0.62809,1.7251,1.6175,0.2297,0.2812,-0.1488,0.0078,0.3785,0.2734,1.6039,0.6337,0.9702
2018-02-24,2017/2018,Brighton & Hove Albion,Swansea,4,1,3.2913,0.443169,6.941,6.942,-0.001,-0.0122,-0.34522,-0.29811,-0.04711,-0.3002,-0.1478,-0.0444,-0.2334,-0.1615,0.0855,0.1171,1.2684,0.828,0.4404
2018-02-24,2017/2018,Liverpool,West Ham United,4,1,3.9205,0.33527,7.191,6.963,0.228,1.4786,1.27814,-0.23234,1.51048,1.3852,0.4891,0.1558,-0.0281,-0.0952,0.5172,0.251,2.3064,0.8098,1.4967
2018-02-24,2017/2018,West Bromwich Albion,Huddersfield,1,2,1.50162,1.18101,6.941,6.942,-0.001,-0.0122,-0.33085,-0.73067,0.39982,0.1834,-0.1477,-0.02,-0.2395,-0.0949,0.0918,0.075,1.187,0.8031,0.3839
2018-02-24,2017/2018,Burnley,Southampton,1,1,1.28178,0.65898,6.897,6.873,0.024,0.1517,0.0998,-0.14609,0.24589,0.0168,-0.2826,-0.0821,-0.0163,-0.0078,-0.2663,-0.0743,0.9534,1.065,-0.1116
2018-02-24,2017/2018,Leicester City,Stoke,1,1,1.12487,0.166078,6.941,6.942,-0.001,-0.0122,0.35669,-0.8471,1.2038,1.0534,0.0774,-0.0467,-0.0504,-0.2782,0.1277,0.2315,1.7855,0.9966,0.7889
2018-02-24,2017/2018,Watford,Everton,1,0,0.606929,0.665127,6.861,6.929,-0.068,-0.4437,-0.32072,-0.50549,0.18476,-0.0493,0.0061,-0.1009,-0.0078,-0.264,0.0139,0.1631,1.6264,1.1065,0.5199
2018-02-24,2017/2018,Bournemouth,Newcastle United,2,2,1.20646,4.23567,6.931,6.857,0.074,0.4795,0.01265,-0.16653,0.17918,-0.0553,-0.0304,-0.1357,-0.0574,-0.1763,0.027,0.0406,1.4608,1.072,0.3888
2018-02-25,2017/2018,Crystal Palace,Tottenham Hotspur,0,1,0.184958,1.65074,6.926,7.103,-0.177,-1.1563,-0.16669,1.01669,-1.18338,-1.5297,0.258,-0.0699,0.5227,0.2382,-0.2647,-0.3081,1.2498,1.8474,-0.5976
2018-02-25,2017/2018,Manchester United,Chelsea,2,1,1.30036,1.68958,7.103,7.127,-0.025,-0.1642,0.90404,0.97063,-0.06659,-0.3213,0.2321,0.0521,0.2516,0.2788,-0.0195,-0.2267,1.1907,1.2244,-0.0337
2018-03-01,2017/2018,Arsenal,Manchester City,0,3,1.30172,1.92605,7.087,7.246,-0.159,-1.0395,1.01271,1.49072,-0.47801,-0.7665,0.4159,-0.0636,0.5937,0.3891,-0.1777,-0.4527,1.2613,1.9665,-0.7052
2018-03-03,2017/2018,Southampton,Stoke,0,0,0.982895,0.385303,6.941,6.942,-0.001,-0.0122,-0.24133,-0.75221,0.51088,0.3036,-0.0323,-0.0154,-0.0839,-0.2516,0.0516,0.2362,1.558,0.934,0.624
2018-03-03,2017/2018,Watford,West Bromwich Albion,1,0,1.23526,1.09115,6.853,6.866,-0.013,-0.0892,-0.24484,-0.79414,0.5493,0.3452,-0.0526,-0.089,-0.131,-0.0271,0.0784,-0.062,1.218,0.9605,0.2575
2018-03-03,2017/2018,Swansea,West Ham United,4,1,2.30838,0.497211,6.941,6.942,-0.001,-0.0122,-0.24932,-0.33788,0.08855,-0.1534,-0.2452,-0.2108,-0.0457,-0.1661,-0.1995,-0.0447,1.1561,1.1798,-0.0237
2018-03-03,2017/2018,Liverpool,Newcastle United,2,0,1.56935,0.255322,7.192,6.798,0.394,2.5627,1.38367,-0.14284,1.52651,1.4026,0.5462,0.1659,0.0878,-0.1663,0.4584,0.3322,2.6746,0.8825,1.7921
2018-03-03,2017/2018,Leicester City,Bournemouth,1,1,2.97799,1.4035,6.899,6.895,0.004,0.0234,0.2618,-0.27681,0.53861,0.3336,0.0442,-0.0281,-0.0429,-0.2061,0.0871,0.178,1.6081,0.9848,0.6232
2018-03-03,2017/2018,Burnley,Everton,2,1,2.33524,1.79993,6.902,6.929,-0.027,-0.1791,0.06866,-0.58138,0.65003,0.4542,-0.2657,-0.0715,-0.025,-0.2284,-0.2407,0.1569,1.2018,1.0511,0.1507
2018-03-03,2017/2018,Tottenham Hotspur,Huddersfield,2,0,1.63794,0.138106,6.941,6.942,-0.001,-0.0122,1.3514,-0.62824,1.97963,1.8929,0.5118,0.2747,-0.2216,-0.1038,0.7333,0.3785,2.3155,0.6089,1.7066
2018-03-04,2017/2018,Brighton & Hove Albion,Arsenal,2,1,1.48498,0.801513,6.887,7.086,-0.199,-1.3004,-0.20609,0.28257,-0.48866,-0.778,0.0011,-0.0345,0.4137,-0.0613,-0.4126,0.0267,1.3007,1.6033,-0.3026
2018-03-04,2017/2018,Manchester City,Chelsea,1,0,0.953312,0.118301,7.233,7.173,0.06,0.3863,1.83589,0.88174,0.95415,0.7832,0.5872,0.3839,0.2643,0.2718,0.3229,0.1121,1.7277,0.881,0.8467
2018-03-05,2017/2018,Crystal Palace,Manchester United,2,3,0.74138,1.25439,6.889,7.092,-0.204,-1.3294,-0.14251,0.80689,-0.94939,-1.2765,0.2058,-0.0615,0.2338,0.0354,-0.028,-0.0969,1.4483,1.3766,0.0717
2018-03-10,2017/2018,Everton,Brighton & Hove Albion,2,0,1.68868,0.321797,6.933,6.852,0.081,0.5237,0.19525,-0.28018,0.47543,0.2652,0.0055,-0.2553,0.0154,0.0011,-0.0099,-0.2564,1.2692,1.2984,-0.0292
2018-03-10,2017/2018,Manchester United,Liverpool,2,1,0.845051,0.777089,7.073,7.193,-0.12,-0.7865,0.9978,1.20247,-0.20468,-0.4707,0.2281,0.0629,0.5006,0.1809,-0.2725,-0.118,1.2932,1.5716,-0.2785
2018-03-10,2017/2018,Chelsea,Crystal Palace,2,1,3.87829,1.13893,7.172,6.885,0.287,1.8643,1.13108,-0.35247,1.48355,1.3561,0.24,0.3123,0.1669,-0.0572,0.0731,0.3695,1.7432,0.8357,0.9075
2018-03-10,2017/2018,Huddersfield,Swansea,0,0,1.39381,0.0,6.941,6.942,-0.001,-0.0122,-0.40576,-0.34578,-0.05998,-0.3141,-0.2381,-0.0684,-0.1836,-0.192,-0.0545,0.1236,1.1949,0.8914,0.3034
2018-03-10,2017/2018,West Bromwich Albion,Leicester City,1,4,0.360925,1.86524,6.855,6.889,-0.033,-0.2212,-0.46697,-0.19851,-0.26846,-0.5397,-0.1242,-0.0273,0.11,-0.0372,-0.2343,0.0098,1.1425,1.1519,-0.0094
2018-03-10,2017/2018,Newcastle United,Southampton,3,0,1.35847,0.496723,6.853,6.886,-0.033,-0.2163,-0.15923,-0.15189,-0.00734,-0.2572,0.0567,-0.1097,-0.0619,-0.0023,0.1186,-0.1074,1.3223,1.0532,0.2692
2018-03-10,2017/2018,West Ham United,Burnley,0,3,0.72673,1.41929,6.928,6.904,0.023,0.1483,-0.22966,-0.2507,0.02103,-0.2265,-0.0744,-0.193,-0.2056,-0.0892,0.1311,-0.1039,1.2735,0.9849,0.2887
2018-03-11,2017/2018,Bournemouth,Tottenham Hotspur,1,4,1.17387,2.53124,6.856,7.126,-0.27,-1.7639,0.02732,0.99452,-0.96719,-1.2958,-0.0268,-0.2488,0.4821,0.2811,-0.5089,-0.5299,0.8906,2.1453,-1.2547
2018-03-11,2017/2018,Arsenal,Watford,3,0,2.38263,1.54676,7.019,6.864,0.155,1.0025,0.81154,-0.53012,1.34166,1.2025,0.3833,-0.066,-0.0514,-0.0912,0.4347,0.0252,2.0486,0.9962,1.0523
2018-03-12,2017/2018,Stoke,Manchester City,0,2,0.157023,1.64562,6.941,6.942,-0.001,-0.0122,-0.37428,1.62598,-2.00026,-2.4137,-0.1028,-0.2307,0.5589,0.4047,-0.6617,-0.6354,0.7532,2.203,-1.4498
2018-03-17,2017/2018,Liverpool,Watford,5,0,1.81208,0.35476,7.142,6.854,0.288,1.8714,1.3728,-0.64098,2.01378,1.9298,0.4712,0.196,-0.0272,-0.1045,0.4984,0.3005,2.3032,0.773,1.5301
2018-03-17,2017/2018,Stoke,Everton,1,2,0.894266,2.97881,6.941,6.942,-0.001,-0.0122,-0.37424,-0.55183,0.17759,-0.0571,-0.1242,-0.2047,0.0234,-0.2264,-0.1476,0.0217,1.3858,1.2565,0.1293
2018-03-17,2017/2018,Huddersfield,Crystal Palace,0,2,0.220381,2.74705,6.941,6.942,-0.001,-0.0122,-0.39715,-0.29924,-0.09791,-0.3552,-0.2239,-0.048,0.1757,-0.135,-0.3996,0.087,1.1448,1.251,-0.1062
2018-03-17,2017/2018,Bournemouth,West Bromwich Albion,2,1,0.685329,1.74488,6.866,6.858,0.008,0.049,-0.09346,-0.93426,0.84081,0.6606,-0.0149,-0.2624,-0.1635,-0.0469,0.1486,-0.2155,1.2933,1.1029,0.1904
2018-03-31,2017/2018,Manchester United,Swansea,2,0,2.14368,0.138813,6.941,6.942,-0.001,-0.0122,1.09273,-0.35439,1.44712,1.3167,0.208,0.0955,-0.2158,-0.1953,0.4238,0.2909,1.8728,0.7326,1.1402
2018-03-31,2017/2018,Brighton & Hove Albion,Leicester City,0,2,1.60322,1.26582,6.841,6.909,-0.068,-0.4486,-0.17172,-0.06411,-0.10761,-0.3657,-0.0503,-0.0135,0.1339,-0.0167,-0.1841,0.0031,1.2002,1.1684,0.0319
2018-03-31,2017/2018,Crystal Palace,Liverpool,1,2,1.90868,1.72037,6.901,7.177,-0.275,-1.7946,-0.03595,1.19972,-1.23567,-1.5863,0.2312,-0.1105,0.4514,0.204,-0.2202,-0.3145,1.2443,1.8127,-0.5683
2018-03-31,2017/2018,Everton,Manchester City,1,3,0.859628,1.91312,6.945,7.225,-0.279,-1.8228,0.36448,1.62594,-1.26147,-1.6142,0.1001,-0.2098,0.5374,0.4175,-0.4374,-0.6273,0.8812,2.1828,-1.3016
2018-03-31,2017/2018,Newcastle United,Huddersfield,1,0,2.53617,0.280847,6.941,6.942,-0.001,-0.0122,-0.02066,-0.70389,0.68323,0.4901,0.0583,-0.0959,-0.2744,-0.0935,0.3327,-0.0024,1.4563,0.8367,0.6196
2018-03-31,2017/2018,West Bromwich Albion,Burnley,1,2,0.394723,1.41534,6.862,6.939,-0.077,-0.5077,-0.61559,-0.11194,-0.50365,-0.7942,-0.13,-0.0278,-0.185,-0.0724,0.055,0.0446,1.1705,0.8625,0.308
2018-03-31,2017/2018,Watford,Bournemouth,2,2,0.76133,2.1146,6.835,6.901,-0.066,-0.4343,-0.3604,-0.28556,-0.07484,-0.3302,-0.043,-0.0819,-0.0408,-0.2748,-0.0022,0.1929,1.5654,1.0503,0.5151
2018-03-31,2017/2018,West Ham United,Southampton,3,0,1.44971,0.446641,6.889,6.863,0.026,0.1643,-0.36842,-0.29045,-0.07797,-0.3336,-0.0996,-0.2009,-0.0817,-0.0034,-0.0179,-0.1975,1.1402,1.1233,0.0169
2018-04-01,2017/2018,Chelsea,Tottenham Hotspur,1,3,1.209,1.3895,7.164,7.114,0.05,0.3207,1.07785,1.1153,-0.03745,-0.2898,0.3144,0.301,0.4915,0.271,-0.1771,0.0301,1.3148,1.2027,0.1121
2018-04-01,2017/2018,Arsenal,Stoke,3,0,3.56649,0.342516,6.941,6.942,-0.001,-0.0122,0.92241,-0.75931,1.68172,1.5705,0.3929,-0.0784,-0.1481,-0.2482,0.541,0.1698,2.3755,0.9329,1.4426
2018-04-07,2017/2018,Everton,Liverpool,0,0,0.723427,0.947321,6.927,7.076,-0.149,-0.9747,0.29318,1.16968,-0.8765,-1.1977,0.0983,-0.1964,0.4449,0.1785,-0.3466,-0.3748,1.1346,1.933,-0.7983
2018-04-07,2017/2018,Brighton & Hove Albion,Huddersfield,1,1,1.53244,1.48964,6.941,6.942,-0.001,-0.0122,-0.28905,-0.74229,0.45324,0.2412,-0.0254,-0.0166,-0.2958,-0.1296,0.2704,0.113,1.3886,0.7565,0.632
2018-04-07,2017/2018,Watford,Burnley,1,2,1.36685,1.38319,6.836,6.875,-0.039,-0.2556,-0.34977,-0.05768,-0.29209,-0.5653,-0.0891,-0.1052,-0.1645,-0.0506,0.0754,-0.0546,1.1986,0.9469,0.2517
2018-04-07,2017/2018,Stoke,Tottenham Hotspur,1,2,1.40115,1.79894,6.941,6.942,-0.001,-0.0122,-0.53433,1.23439,-1.76872,-2.1631,-0.1717,-0.2972,0.4925,0.2727,-0.6642,-0.5699,0.8023,2.2033,-1.401
2018-04-07,2017/2018,Bournemouth,Crystal Palace,2,2,2.09227,1.14558,6.883,6.929,-0.046,-0.3064,-0.07921,-0.16164,0.08243,-0.16,-0.0014,-0.2473,0.2629,-0.106,-0.2643,-0.1413,1.3817,1.675,-0.2933
2018-04-07,2017/2018,Leicester City,Newcastle United,1,2,1.09224,0.285116,6.839,6.874,-0.035,-0.2344,0.37207,-0.07727,0.44935,0.237,0.1362,-0.0274,0.1143,-0.0845,0.0219,0.057,1.5538,1.1572,0.3966
2018-04-07,2017/2018,Manchester City,Manchester United,2,3,3.42967,1.21683,7.197,7.159,0.038,0.244,1.89004,0.91657,0.97348,0.8042,0.5245,0.4145,0.2175,0.1069,0.307,0.3076,1.9086,0.8175,1.0911
2018-04-07,2017/2018,West Bromwich Albion,Swansea,1,1,1.22912,0.655729,6.941,6.942,-0.001,-0.0122,-0.66984,-0.41301,-0.25683,-0.5271,-0.1704,-0.0396,-0.2369,-0.2038,0.0665,0.1642,1.2936,0.8211,0.4725
2018-04-08,2017/2018,Chelsea,West Ham United,1,1,2.12073,0.302554,7.146,6.869,0.277,1.8009,0.95876,-0.47453,1.43329,1.3017,0.3076,0.2911,-0.0854,-0.1819,0.393,0.4731,2.1104,0.664,1.4465
2018-04-08,2017/2018,Arsenal,Southampton,3,2,1.58895,2.16699,6.981,6.861,0.12,0.7743,1.02184,-0.43,1.45184,1.3218,0.4389,-0.0643,-0.1075,-0.0122,0.5464,-0.0521,1.993,0.9443,1.0488
2018-04-14,2017/2018,Crystal Palace,Brighton & Hove Albion,3,2,2.49925,1.54485,6.914,6.84,0.074,0.4803,0.00186,-0.49892,0.50077,0.2926,0.2345,-0.1262,-0.0166,-0.0324,0.2511,-0.0938,1.6487,1.106,0.5427
2018-04-14,2017/2018,Swansea,Everton,1,1,1.19751,1.61456,6.941,6.942,-0.001,-0.0122,-0.1785,-0.45267,0.27417,0.0474,-0.2406,-0.2002,0.0771,-0.1573,-0.3177,-0.0429,1.1512,1.3199,-0.1687
2018-04-14,2017/2018,Tottenham Hotspur,Manchester City,1,3,0.445014,3.61987,7.147,7.227,-0.081,-0.5293,1.46556,1.61766,-0.1521,-0.4138,0.4739,0.2557,0.5716,0.3991,-0.0977,-0.1434,1.3357,1.3849,-0.0492
2018-04-14,2017/2018,Burnley,Leicester City,2,1,1.05951,1.99812,6.939,6.838,0.101,0.6546,0.28516,-0.01622,0.30138,0.0769,-0.146,-0.055,0.1128,-0.0037,-0.2588,-0.0513,1.0986,1.1686,-0.07
2018-04-14,2017/2018,Liverpool,Bournemouth,3,0,2.6402,0.540593,7.173,6.89,0.282,1.8347,1.43815,-0.30395,1.7421,1.6359,0.4075,0.1903,0.0348,-0.2275,0.3728,0.4178,2.4424,0.8277,1.6148
2018-04-14,2017/2018,Huddersfield,Watford,1,0,0.929512,0.306273,6.941,6.942,-0.001,-0.0122,-0.5065,-0.8184,0.3119,0.0883,-0.2655,-0.1331,-0.0806,-0.1135,-0.1849,-0.0196,1.0747,1.0542,0.0206
2018-04-14,2017/2018,Southampton,Chelsea,2,3,1.2922,0.663817,6.877,7.159,-0.282,-1.8384,-0.4484,0.69114,-1.13953,-1.4823,-0.0551,0.006,0.3054,0.2967,-0.3605,-0.2906,0.8512,1.3952,-0.544
2018-04-15,2017/2018,Newcastle United,Arsenal,2,1,0.888452,1.41538,6.873,6.969,-0.096,-0.6314,0.08718,0.28351,-0.19634,-0.4617,0.0733,-0.0683,0.4209,-0.0925,-0.3476,0.0243,1.4602,1.6499,-0.1897
2018-04-15,2017/2018,Manchester United,West Bromwich Albion,0,1,0.639748,0.824508,7.147,6.818,0.328,2.1341,1.23092,-0.97023,2.20115,2.1326,0.2265,0.0335,-0.1725,-0.0357,0.399,0.0692,1.6915,0.7826,0.9089
2018-04-16,2017/2018,West Ham United,Stoke,1,1,0.807456,1.41085,6.941,6.942,-0.001,-0.0122,-0.1598,-0.80998,0.65019,0.4543,-0.0961,-0.1808,-0.1465,-0.2787,0.0504,0.098,1.5019,1.0351,0.4668
2018-04-17,2017/2018,Brighton & Hove Albion,Tottenham Hotspur,1,1,0.988099,1.36248,6.863,7.122,-0.259,-1.6868,-0.37611,1.0838,-1.45991,-1.829,0.0062,-0.0686,0.4393,0.1636,-0.4331,-0.2322,1.0367,1.714,-0.6773
2018-04-18,2017/2018,Bournemouth,Manchester United,0,2,1.18301,1.61597,6.895,7.037,-0.142,-0.9269,-0.15558,0.9418,-1.09738,-1.4367,0.023,-0.2341,0.1928,0.0324,-0.1698,-0.2665,1.219,1.5588,-0.3398
2018-04-19,2017/2018,Leicester City,Southampton,0,0,0.515248,0.651171,6.761,6.875,-0.115,-0.7523,0.22206,-0.36675,0.58881,0.3879,0.1448,-0.0026,-0.0367,0.0299,0.1815,-0.0326,1.3846,0.9799,0.4047
2018-04-19,2017/2018,Burnley,Chelsea,1,2,0.221642,1.7717,6.94,7.032,-0.091,-0.5995,0.35392,0.67219,-0.31827,-0.5936,-0.1465,-0.0778,0.2821,0.2816,-0.4286,-0.3594,0.8068,1.4491,-0.6423
2018-04-21,2017/2018,West Bromwich Albion,Liverpool,2,2,1.39669,1.6393,6.823,7.118,-0.295,-1.9256,-0.54341,1.15508,-1.69849,-2.0871,-0.1691,0.0066,0.4109,0.1958,-0.58,-0.1892,0.8388,1.5521,-0.7133
2018-04-21,2017/2018,Watford,Crystal Palace,0,0,0.59455,0.182325,6.831,6.913,-0.082,-0.5407,-0.46452,-0.11367,-0.35085,-0.6289,-0.1087,-0.109,0.2712,-0.1359,-0.3799,0.0269,1.2734,1.4771,-0.2038
2018-04-22,2017/2018,Arsenal,West Ham United,4,1,2.07299,0.623161,7.033,6.867,0.166,1.0769,0.90816,-0.41462,1.32278,1.1821,0.4089,-0.0722,-0.1306,-0.1879,0.5395,0.1157,2.3184,0.9248,1.3936
2018-04-22,2017/2018,Manchester City,Swansea,5,0,3.41675,0.297493,6.941,6.942,-0.001,-0.0122,1.84814,-0.46806,2.31619,2.2571,0.6299,0.436,-0.2362,-0.2068,0.866,0.6428,2.8886,0.5107,2.3779
2018-04-22,2017/2018,Stoke,Burnley,1,1,0.356095,1.61309,6.941,6.942,-0.001,-0.0122,-0.41748,0.01241,-0.42989,-0.7144,-0.1293,-0.2567,-0.1685,-0.0882,0.0392,-0.1686,1.2008,1.0925,0.1083
2018-04-23,2017/2018,Everton,Newcastle United,1,0,0.948534,0.480957,6.974,6.874,0.1,0.6476,0.39525,0.08995,0.3053,0.0811,0.0905,-0.1571,0.0394,-0.0593,0.0511,-0.0977,1.4711,1.2027,0.2683
2018-04-28,2017/2018,Burnley,Brighton & Hove Albion,0,0,1.54596,0.378409,6.931,6.875,0.056,0.3605,0.25375,-0.48371,0.73746,0.5488,-0.1443,-0.0632,0.0033,-0.0528,-0.1476,-0.0104,1.1496,1.0618,0.0879
2018-04-28,2017/2018,Crystal Palace,Leicester City,5,0,2.7876,0.941395,6.913,6.866,0.047,0.301,0.02856,-0.12583,0.1544,-0.0822,0.2173,-0.1153,0.1055,0.0053,0.1118,-0.1206,1.5556,1.2403,0.3154
2018-04-28,2017/2018,Liverpool,Stoke,0,0,2.11658,0.777827,6.941,6.942,-0.001,-0.0122,1.46054,-0.71192,2.17246,2.1015,0.4093,0.18,-0.1702,-0.2659,0.5794,0.4459,2.4579,0.7047,1.7531
2018-04-28,2017/2018,Newcastle United,West Bromwich Albion,0,1,1.58397,0.703096,6.868,6.821,0.047,0.299,0.13609,-0.75434,0.89043,0.7143,0.0055,-0.0424,-0.1414,0.0033,0.1469,-0.0456,1.2611,0.9007,0.3604
2018-04-28,2017/2018,Southampton,Bournemouth,2,1,1.72584,1.01741,6.893,6.882,0.011,0.0685,-0.38861,-0.45487,0.06626,-0.1775,-0.0489,0.0576,0.0209,-0.2338,-0.0698,0.2914,1.5076,0.9627,0.5449
2018-04-28,2017/2018,Huddersfield,Everton,0,2,0.56538,0.943754,6.941,6.942,-0.001,-0.0122,-0.43842,-0.37289,-0.06553,-0.3201,-0.2705,-0.1124,0.0641,-0.1372,-0.3346,0.0249,1.0951,1.1932,-0.0981
2018-04-28,2017/2018,Swansea,Chelsea,0,1,0.502964,1.45426,6.941,6.942,-0.001,-0.0122,-0.30169,0.73985,-1.04155,-1.3763,-0.2406,-0.2309,0.2913,0.2949,-0.5319,-0.5258,0.7324,1.6861,-0.9536
2018-04-29,2017/2018,Manchester United,Arsenal,2,1,1.54667,0.651541,7.133,6.96,0.173,1.1211,1.14356,0.26321,0.88034,0.7034,0.1931,0.0332,0.3957,-0.0645,-0.2025,0.0977,1.6528,1.4076,0.2452
2018-04-29,2017/2018,West Ham United,Manchester City,1,4,0.228917,2.29076,6.862,7.213,-0.351,-2.29,-0.29964,1.82291,-2.12255,-2.546,-0.142,-0.1754,0.6441,0.4361,-0.7861,-0.6114,0.6733,2.3666,-1.6933
2018-04-30,2017/2018,Tottenham Hotspur,Watford,2,0,1.76757,1.36928,7.148,6.801,0.347,2.2551,1.2797,-0.85871,2.1384,2.0647,0.4256,0.1636,-0.1416,-0.066,0.5671,0.2296,2.1323,0.7072,1.4251
2018-05-04,2017/2018,Brighton & Hove Albion,Manchester United,1,0,0.922771,0.652444,6.89,7.025,-0.135,-0.8823,-0.2241,1.03352,-1.25761,-1.6101,-0.0309,-0.0641,0.1873,0.0606,-0.2182,-0.1247,1.1238,1.3067,-0.183
2018-05-05,2017/2018,Watford,Newcastle United,2,1,2.81246,0.613901,6.809,6.814,-0.004,-0.0314,-0.41031,-0.05675,-0.35357,-0.6318,-0.1164,-0.0499,0.0188,-0.0379,-0.1352,-0.012,1.1563,1.0717,0.0846
2018-05-05,2017/2018,Leicester City,West Ham United,0,2,0.391738,1.43027,6.773,6.924,-0.151,-0.9887,0.05623,-0.57896,0.63519,0.4381,0.0924,-0.0393,-0.1573,-0.1706,0.2497,0.1313,1.5988,0.9049,0.6938
2018-05-05,2017/2018,Stoke,Crystal Palace,1,2,0.750175,1.31471,6.941,6.942,-0.001,-0.0122,-0.2861,-0.05077,-0.23532,-0.5039,-0.1661,-0.2491,0.2716,-0.1058,-0.4377,-0.1432,1.1781,1.6836,-0.5055
2018-05-05,2017/2018,Bournemouth,Swansea,1,0,1.69618,1.0138,6.941,6.942,-0.001,-0.0122,-0.29123,-0.59765,0.30641,0.0823,0.0226,-0.2381,-0.2476,-0.2215,0.2703,-0.0166,1.5971,0.9907,0.6064
2018-05-05,2017/2018,Everton,Southampton,1,1,0.420891,0.634996,6.923,6.882,0.041,0.2629,0.54269,-0.25057,0.79326,0.6091,0.0535,-0.1234,-0.0364,0.0558,0.0899,-0.1793,1.2546,1.0857,0.1689
2018-05-05,2017/2018,West Bromwich Albion,Tottenham Hotspur,1,0,1.21792,0.969481,6.826,7.144,-0.318,-2.075,-0.35318,0.96673,-1.31991,-1.6775,-0.1485,-0.0065,0.4106,0.148,-0.5591,-0.1545,0.8957,1.5764,-0.6806
2018-05-06,2017/2018,Chelsea,Liverpool,1,0,0.806168,0.427002,7.117,7.132,-0.014,-0.0965,0.8836,0.96041,-0.07681,-0.3323,0.28,0.298,0.3934,0.1768,-0.1134,0.1212,1.385,1.102,0.283
2018-05-06,2017/2018,Arsenal,Burnley,5,0,2.92408,0.21671,7.021,6.901,0.12,0.7748,1.0086,-0.08383,1.09244,0.9329,0.3636,-0.0598,-0.1253,-0.045,0.4889,-0.0149,1.91,0.9235,0.9865
2018-05-06,2017/2018,Manchester City,Huddersfield,0,0,0.78641,0.54565,6.941,6.942,-0.001,-0.0122,2.03467,-0.72509,2.75976,2.737,0.6366,0.443,-0.2959,-0.104,0.9324,0.547,2.624,0.4778,2.1462
2018-05-08,2017/2018,Swansea,Southampton,0,1,0.389621,1.48865,6.941,6.942,-0.001,-0.0122,-0.34127,-0.17596,-0.16531,-0.4281,-0.2444,-0.2225,-0.0558,0.0805,-0.1887,-0.303,0.9041,1.1817,-0.2776
2018-05-09,2017/2018,Leicester City,Arsenal,3,1,2.19801,1.54443,6.857,7.015,-0.158,-1.0305,-0.07657,0.34615,-0.42272,-0.7066,0.032,-0.0508,0.3978,-0.043,-0.3658,-0.0078,1.3237,1.5958,-0.2721
2018-05-09,2017/2018,Manchester City,Brighton & Hove Albion,3,1,1.64765,1.00939,7.163,6.898,0.265,1.7217,1.89982,-0.32866,2.22849,2.1622,0.5757,0.4379,-0.0426,-0.0414,0.6183,0.4794,2.3942,0.5993,1.7949
2018-05-09,2017/2018,Tottenham Hotspur,Newcastle United,1,0,0.835241,0.829699,7.115,6.868,0.247,1.6017,1.17622,-0.1575,1.33372,1.194,0.391,0.138,0.0018,-0.0817,0.3892,0.2197,2.0675,0.8474,1.2201
2018-05-09,2017/2018,Chelsea,Huddersfield,1,1,2.25256,0.631021,6.941,6.942,-0.001,-0.0122,0.97295,-0.59024,1.56319,1.4423,0.2544,0.3202,-0.2912,-0.0062,0.5456,0.3264,1.6237,0.5427,1.081
2018-05-10,2017/2018,West Ham United,Manchester United,0,0,0.783043,0.596075,6.93,7.103,-0.173,-1.1301,-0.29048,0.90778,-1.19826,-1.5458,-0.1369,-0.1323,0.167,0.0659,-0.3039,-0.1982,1.0008,1.377,-0.3762
2018-05-13,2017/2018,Liverpool,Brighton & Hove Albion,4,0,3.50981,0.0408165,7.162,6.813,0.349,2.2691,1.27704,-0.2994,1.57644,1.4566,0.3735,0.1985,-0.0274,-0.002,0.4009,0.2005,1.8991,0.7653,1.1338
2018-05-13,2017/2018,Huddersfield,Arsenal,0,1,1.31031,2.3322,6.941,6.942,-0.001,-0.0122,-0.39496,0.21715,-0.61211,-0.9116,-0.2859,-0.028,0.3926,-0.0709,-0.6785,0.0429,1.0091,1.5232,-0.5141
2018-05-13,2017/2018,Newcastle United,Chelsea,3,0,2.24197,0.843284,6.835,7.091,-0.256,-1.6688,-0.02167,0.72142,-0.7431,-1.0533,0.0011,-0.0283,0.2751,0.3158,-0.274,-0.344,0.8861,1.3964,-0.5103
2018-05-13,2017/2018,Southampton,Manchester City,0,1,0.506624,0.765614,6.87,7.165,-0.295,-1.9274,-0.20516,1.79289,-1.99805,-2.4113,-0.0427,0.0914,0.55,0.4251,-0.5926,-0.3336,0.7568,1.6386,-0.8818
2018-05-13,2017/2018,West Ham United,Everton,3,1,1.18299,1.67867,6.929,6.926,0.004,0.0209,-0.19582,-0.30423,0.10841,-0.1319,-0.1464,-0.1096,0.0197,-0.1113,-0.1662,0.0017,1.2088,1.1377,0.0711
2018-05-13,2017/2018,Manchester United,Watford,1,0,0.45805,0.654288,7.081,6.822,0.26,1.6881,1.01309,-0.77273,1.78582,1.6832,0.1417,0.0711,-0.0391,-0.0387,0.1808,0.1098,1.5459,0.8684,0.6775
2018-05-13,2017/2018,Swansea,Stoke,1,2,1.70936,1.75436,6.941,6.942,-0.001,-0.0122,-0.41827,-0.63658,0.21831,-0.013,-0.2647,-0.2279,-0.1854,-0.2355,-0.0793,0.0075,1.2151,1.0436,0.1715
2018-05-13,2017/2018,Crystal Palace,West Bromwich Albion,2,0,2.36491,0.216004,6.936,6.839,0.098,0.6309,0.234,-0.55239,0.78639,0.6017,0.2525,-0.0933,-0.1313,0.016,0.3838,-0.1093,1.6038,0.9516,0.6522
2018-05-13,2017/2018,Burnley,Bournemouth,1,2,1.16179,1.38551,6.886,6.874,0.012,0.0711,0.08311,-0.49162,0.57473,0.3727,-0.1568,-0.0879,0.0279,-0.2365,-0.1847,0.1486,1.3571,1.1213,0.2358
2018-05-13,2017/2018,Tottenham Hotspur,Leicester City,5,4,1.83248,1.27359,7.111,6.926,0.185,1.2002,1.13618,-0.28521,1.42139,1.2888,0.3427,0.1373,0.0732,-0.0484,0.2694,0.1856,1.8915,0.9176,0.9739
2018-08-10,2018/2019,Manchester United,Leicester City,2,1,1.5137,1.73813,6.941,6.942,-0.001,-0.0122,0.93893,-0.23718,1.17611,1.0234,0.106,0.0756,0.0858,-0.0455,0.0202,0.1211,1.4559,1.0105,0.4455
2018-08-11,2018/2019,Wolverhampton Wanderers,Everton,2,2,0.891038,0.715382,6.941,6.942,-0.001,-0.0122,0.0,-0.42154,0.42154,0.2069,0.0,0.0,0.0411,-0.1097,-0.0411,0.1097,1.3962,1.0422,0.354
2018-08-11,2018/2019,Watford,Brighton & Hove Albion,2,0,1.42372,0.45504,6.819,6.918,-0.098,-0.6425,-0.26012,-0.42842,0.1683,-0.0671,-0.0478,-0.0025,-0.0591,-0.0686,0.0113,0.0661,1.2628,0.9561,0.3067
2018-08-11,2018/2019,Fulham,Crystal Palace,0,2,0.638076,1.07816,6.941,6.942,-0.001,-0.0122,0.0,0.08566,-0.08566,-0.3419,0.0,0.0,0.2814,-0.0756,-0.2814,0.0756,1.3495,1.3252,0.0243
2018-08-11,2018/2019,Bournemouth,Cardiff,2,0,2.60022,1.50693,6.941,6.942,-0.001,-0.0122,-0.15059,0.0,-0.15059,-0.4122,0.0389,-0.229,0.0,0.0,0.0389,-0.229,1.3008,1.2577,0.0431
2018-08-11,2018/2019,Newcastle United,Tottenham Hotspur,1,2,0.974497,2.58097,6.941,6.942,-0.001,-0.0122,0.1258,0.78101,-0.65521,-0.9582,0.0572,-0.0111,0.3377,0.126,-0.2805,-0.1371,1.168,1.4177,-0.2497
2018-08-11,2018/2019,Huddersfield,Chelsea,0,3,0.396115,2.31427,6.941,6.942,-0.001,-0.0122,-0.44003,0.57395,-1.01398,-1.3464,-0.2673,-0.0545,0.2553,0.2724,-0.5226,-0.3269,0.7294,1.3634,-0.6341
2018-08-12,2018/2019,Arsenal,Manchester City,0,2,0.445187,2.0178,6.941,6.942,-0.001,-0.0122,1.10177,1.70727,-0.6055,-0.9044,0.4161,-0.0779,0.5275,0.4283,-0.1114,-0.5062,1.236,1.8323,-0.5963
2018-08-12,2018/2019,Liverpool,West Ham United,4,0,4.34421,0.404253,6.941,6.942,-0.001,-0.0122,1.40605,-0.30484,1.71089,1.6021,0.4191,0.2136,-0.1464,-0.1215,0.5654,0.3351,2.1483,0.6979,1.4504
2018-08-12,2018/2019,Southampton,Burnley,0,0,1.01994,1.40827,6.903,6.87,0.033,0.2109,-0.11954,-0.30515,0.18561,-0.0484,-0.0523,0.1249,-0.1657,-0.0942,0.1134,0.219,1.31,0.7449,0.5651
2018-08-18,2018/2019,Cardiff,Newcastle United,0,0,1.15521,1.55405,6.941,6.942,-0.001,-0.0122,-0.08231,-0.04654,-0.03576,-0.2879,0.1412,-0.7584,0.0471,-0.0475,0.0942,-0.711,1.5111,2.2383,-0.7272
2018-08-18,2018/2019,Leicester City,Wolverhampton Wanderers,2,0,0.222843,1.09349,6.941,6.942,-0.001,-0.0122,0.10001,-0.03203,0.13204,-0.1064,0.1132,-0.047,-0.2772,0.2121,0.3904,-0.2591,1.1334,0.7946,0.3388
2018-08-18,2018/2019,Chelsea,Arsenal,3,2,1.71799,2.45798,6.941,6.942,-0.001,-0.0122,0.84648,0.19406,0.65242,0.4567,0.2839,0.2784,0.3845,-0.0852,-0.1006,0.3635,1.8098,1.1123,0.6975
2018-08-18,2018/2019,Everton,Southampton,2,1,2.02004,1.77471,6.941,6.942,-0.001,-0.0122,0.42191,-0.05818,0.48009,0.2703,0.0366,-0.1052,-0.0658,0.1112,0.1024,-0.2164,1.1613,1.0405,0.1209
2018-08-18,2018/2019,Tottenham Hotspur,Fulham,3,1,3.26713,1.44253,7.149,6.795,0.354,2.2987,1.11555,-0.07859,1.19414,1.0429,0.3704,0.1316,-0.4265,0.1431,0.7969,-0.0115,1.6385,0.5487,1.0898
2018-08-18,2018/2019,West Ham United,Bournemouth,1,2,1.10275,1.69077,6.944,6.927,0.017,0.1099,-0.16276,-0.30101,0.13825,-0.0996,-0.155,-0.2085,0.0538,-0.2287,-0.2088,0.0202,1.3499,1.2973,0.0526
2018-08-19,2018/2019,Burnley,Watford,1,3,0.392642,1.9171,6.941,6.942,-0.001,-0.0122,-0.0089,-0.6214,0.6125,0.4135,-0.143,-0.0845,-0.0396,0.0084,-0.1034,-0.0929,1.0754,1.0461,0.0293
2018-08-19,2018/2019,Brighton & Hove Albion,Manchester United,3,2,1.63672,1.56579,6.868,6.991,-0.123,-0.8031,-0.24203,0.74811,-0.99014,-1.3206,-0.0792,-0.0726,0.1072,0.0547,-0.1865,-0.1273,1.0786,1.2147,-0.1361
2018-08-19,2018/2019,Manchester City,Huddersfield,6,1,4.60356,0.663731,6.941,6.942,-0.001,-0.0122,1.88165,-0.59213,2.47378,2.4276,0.529,0.4587,-0.2787,-0.0825,0.8077,0.5412,2.3062,0.4784,1.8277
2018-08-20,2018/2019,Crystal Palace,Liverpool,0,2,0.368608,2.82183,6.941,6.942,-0.001,-0.0122,0.4079,1.04132,-0.63343,-0.9346,0.2768,-0.0697,0.4966,0.2181,-0.2198,-0.2879,1.3268,1.7621,-0.4354
2018-08-25,2018/2019,Wolverhampton Wanderers,Manchester City,1,1,1.26376,1.84293,6.941,6.942,-0.001,-0.0122,-0.12584,1.89678,-2.02262,-2.4379,-0.1984,0.562,0.5959,0.4515,-0.7942,0.1105,0.6533,1.0347,-0.3814
2018-08-25,2018/2019,Southampton,Leicester City,1,2,0.542494,0.517935,6.876,6.93,-0.054,-0.3555,-0.18139,-0.13605,-0.04534,-0.2983,-0.0355,0.0853,0.0916,-0.0513,-0.1271,0.1366,1.2631,1.0129,0.2502
2018-08-25,2018/2019,Bournemouth,Everton,2,2,2.5887,0.543665,6.941,6.942,-0.001,-0.0122,0.03427,-0.33609,0.37036,0.1515,0.0719,-0.2196,0.0717,-0.1228,0.0002,-0.0968,1.5201,1.3384,0.1817
2018-08-25,2018/2019,Huddersfield,Cardiff,0,0,0.203453,1.06351,6.941,6.942,-0.001,-0.0122,-0.64696,-0.11998,-0.52699,-0.8195,-0.2705,-0.1842,0.0153,-0.5508,-0.2858,0.3666,1.656,1.2211,0.4349
2018-08-25,2018/2019,Liverpool,Brighton & Hove Albion,1,0,1.81412,0.535616,7.146,6.757,0.389,2.53,1.59993,-0.46433,2.06425,1.9844,0.529,0.2534,-0.047,-0.0819,0.5761,0.3353,2.4147,0.7069,1.7077
2018-08-25,2018/2019,Arsenal,West Ham United,3,1,1.7852,1.17924,6.941,6.942,-0.001,-0.0122,0.97195,-0.49263,1.46458,1.3356,0.424,-0.0807,-0.1666,-0.2169,0.5906,0.1362,2.3752,0.918,1.4573
2018-08-26,2018/2019,Newcastle United,Chelsea,1,2,0.209337,1.49669,6.803,7.063,-0.259,-1.6903,0.08122,0.72119,-0.63996,-0.9417,0.0296,-0.041,0.2773,0.2259,-0.2477,-0.2669,0.9971,1.418,-0.4209
2018-08-26,2018/2019,Fulham,Burnley,4,2,1.92459,1.56882,6.778,6.873,-0.095,-0.6232,-0.16812,-0.36899,0.20087,-0.0319,-0.1902,-0.3845,-0.171,-0.1059,-0.0192,-0.2786,1.1374,1.2522,-0.1149
2018-08-26,2018/2019,Watford,Crystal Palace,2,1,1.14596,1.21905,6.825,6.868,-0.043,-0.2816,-0.05609,0.13606,-0.19215,-0.4571,-0.0032,0.0252,0.231,-0.1124,-0.2342,0.1376,1.3887,1.2349,0.1538
2018-08-27,2018/2019,Manchester United,Tottenham Hotspur,0,3,1.40321,1.80811,6.941,6.942,-0.001,-0.0122,0.83575,0.87233,-0.03658,-0.2888,0.1165,0.0379,0.3921,0.1166,-0.2756,-0.0786,1.2511,1.4253,-0.1742
2018-09-01,2018/2019,West Ham United,Wolverhampton Wanderers,0,1,0.888887,1.22301,6.933,6.821,0.112,0.7253,-0.29307,-0.06837,-0.2247,-0.4924,-0.154,-0.1907,-0.0486,0.3476,-0.1054,-0.5383,0.768,1.1375,-0.3695
2018-09-01,2018/2019,Leicester City,Liverpool,1,2,0.981217,1.22722,6.891,7.179,-0.288,-1.8793,0.27234,1.08337,-0.81103,-1.1268,0.0739,-0.0294,0.5056,0.2549,-0.4317,-0.2843,1.0089,1.7672,-0.7582
2018-09-01,2018/2019,Chelsea,Bournemouth,2,0,1.16408,0.950959,7.076,6.916,0.16,1.0406,0.91618,-0.23789,1.15407,0.9996,0.2774,0.2499,0.1264,-0.1944,0.151,0.4443,2.0446,0.8671,1.1775
2018-09-01,2018/2019,Brighton & Hove Albion,Fulham,2,2,2.68216,1.51555,6.941,6.942,-0.001,-0.0122,-0.06308,-0.07736,0.01428,-0.2338,-0.0541,-0.0528,0.0427,-0.4405,-0.0968,0.3877,1.8414,1.1005,0.7409
2018-09-01,2018/2019,Manchester City,Newcastle United,2,1,2.46904,0.554763,7.155,6.836,0.319,2.0723,1.93219,-0.08012,2.01231,1.9282,0.6007,0.4345,-0.0064,-0.0432,0.607,0.4776,2.4747,0.6195,1.8551
2018-09-01,2018/2019,Crystal Palace,Southampton,0,2,2.35193,3.13612,6.876,6.894,-0.018,-0.1232,0.24373,-0.16992,0.41364,0.1984,0.2284,-0.1036,-0.0704,0.0974,0.2988,-0.2011,1.4234,1.0362,0.3873
2018-09-01,2018/2019,Everton,Huddersfield,1,1,0.616013,0.660035,6.941,6.942,-0.001,-0.0122,0.507,-0.68527,1.19227,1.0409,0.0322,-0.1589,-0.356,-0.1794,0.3882,0.0205,1.5461,0.8213,0.7248
2018-09-02,2018/2019,Burnley,Manchester United,0,2,1.09923,2.90359,6.941,6.942,-0.001,-0.0122,-0.2179,0.53639,-0.75429,-1.0654,-0.1572,-0.1205,0.1214,0.0231,-0.2786,-0.1436,1.0448,1.2739,-0.2292
2018-09-02,2018/2019,Cardiff,Arsenal,2,3,0.77426,1.41005,6.941,6.942,-0.001,-0.0122,-0.11485,0.19091,-0.30576,-0.5801,-0.014,-0.3061,0.3931,-0.0858,-0.4071,-0.2203,1.3444,2.0126,-0.6682
2018-09-02,2018/2019,Watford,Tottenham Hotspur,2,1,0.454309,0.582521,6.828,7.152,-0.324,-2.1151,0.03832,1.01027,-0.97195,-1.301,-0.0162,0.0254,0.4024,0.1098,-0.4186,-0.0844,1.0614,1.5155,-0.4541
2018-09-15,2018/2019,Bournemouth,Leicester City,4,2,2.22726,1.82502,6.941,6.942,-0.001,-0.0122,-0.06097,-0.06915,0.00818,-0.2404,0.1284,-0.157,0.072,-0.0076,0.0564,-0.1494,1.4334,1.2576,0.1758
2018-09-15,2018/2019,Tottenham Hotspur,Liverpool,1,2,0.788168,3.01015,7.132,7.147,-0.015,-0.1037,1.2033,1.1082,0.0951,-0.1463,0.3711,0.1283,0.4849,0.2536,-0.1139,-0.1253,1.4049,1.4312,-0.0264
2018-09-15,2018/2019,Newcastle United,Arsenal,1,2,0.412121,0.90461,6.795,7.063,-0.267,-1.7446,0.09624,0.25939,-0.16314,-0.4258,-0.0085,-0.0425,0.3694,-0.0704,-0.3779,0.0279,1.2896,1.5587,-0.2692
2018-09-15,2018/2019,Chelsea,Cardiff,4,1,2.67145,0.8276,6.941,6.942,-0.001,-0.0122,0.99382,-0.22228,1.2161,1.0667,0.2367,0.2453,-0.1191,-0.2162,0.3558,0.4615,1.9681,0.6948,1.2733
2018-09-15,2018/2019,Watford,Manchester United,1,2,1.17523,1.64902,6.941,6.942,-0.001,-0.0122,0.15764,0.633,-0.47536,-0.7636,-0.0458,0.0572,0.1753,0.0214,-0.2211,0.0358,1.1699,1.1257,0.0443
2018-09-15,2018/2019,Huddersfield,Crystal Palace,0,1,0.87744,0.746631,6.941,6.942,-0.001,-0.0122,-0.52737,-0.04424,-0.48313,-0.772,-0.3599,-0.1483,0.2663,-0.1558,-0.6262,0.0075,1.0202,1.5141,-0.4939
2018-09-15,2018/2019,Manchester City,Fulham,3,0,4.91621,0.342698,7.192,6.759,0.433,2.8141,1.84588,-0.07524,1.92112,1.8296,0.5952,0.4322,0.1273,-0.581,0.468,1.0131,4.2719,0.7002,3.5718
2018-09-16,2018/2019,Everton,West Ham United,1,3,1.26774,1.52437,6.941,6.942,-0.001,-0.0122,0.41259,-0.59896,1.01154,0.8453,-0.0108,-0.1542,-0.1492,-0.1905,0.1384,0.0364,1.4976,1.0052,0.4924
2018-09-16,2018/2019,Wolverhampton Wanderers,Burnley,1,0,3.3916,0.208994,6.834,6.869,-0.034,-0.2283,0.04372,-0.54826,0.59198,0.3913,-0.029,0.3245,-0.1531,-0.1706,0.1242,0.4951,1.4359,0.6229,0.813
2018-09-17,2018/2019,Southampton,Brighton & Hove Albion,2,2,2.19521,1.97094,6.941,6.942,-0.001,-0.0122,-0.17895,-0.37696,0.19801,-0.035,0.0135,0.064,-0.0091,-0.0604,0.0225,0.1244,1.3472,0.9297,0.4174
2018-09-22,2018/2019,Fulham,Watford,1,1,1.77245,1.76133,6.941,6.942,-0.001,-0.0122,-0.11147,-0.38415,0.27268,0.0458,0.0666,-0.6621,-0.0451,0.0428,0.1118,-0.7049,1.2814,1.8537,-0.5724
2018-09-22,2018/2019,Liverpool,Southampton,3,0,1.77893,0.310467,7.174,6.915,0.259,1.6817,1.58783,-0.05833,1.64616,1.532,0.5319,0.2765,0.0549,0.0384,0.477,0.2381,2.1141,0.777,1.3371
2018-09-22,2018/2019,Manchester United,Wolverhampton Wanderers,1,1,0.62283,1.1185,7.065,6.864,0.2,1.301,0.79987,0.03641,0.76346,0.5769,0.1906,0.0211,0.349,0.3729,-0.1584,-0.3518,1.0681,1.3554,-0.2873
2018-09-22,2018/2019,Leicester City,Huddersfield,3,1,1.80404,0.688176,6.941,6.942,-0.001,-0.0122,0.16765,-0.6281,0.79574,0.6118,0.096,-0.0331,-0.3641,-0.1228,0.4601,0.0897,1.5572,0.7184,0.8389
2018-09-22,2018/2019,Crystal Palace,Newcastle United,0,0,0.930793,0.229309,6.908,6.867,0.042,0.2679,0.15214,-0.04522,0.19736,-0.0357,0.2321,-0.1509,-0.0573,-0.0211,0.2893,-0.1298,1.62,1.0927,0.5272
2018-09-22,2018/2019,Burnley,Bournemouth,4,0,2.29417,0.976413,6.871,6.95,-0.079,-0.5157,-0.34574,-0.23565,-0.11009,-0.3684,-0.1626,-0.2202,0.1682,-0.171,-0.3308,-0.0492,1.2501,1.4886,-0.2385
2018-09-22,2018/2019,Brighton & Hove Albion,Tottenham Hotspur,1,2,0.817174,2.11655,6.81,7.147,-0.337,-2.1972,-0.04796,0.83082,-0.87878,-1.2001,0.0318,-0.0848,0.3441,0.0617,-0.3123,-0.1465,1.1667,1.5986,-0.4319
2018-09-22,2018/2019,Cardiff,Manchester City,0,5,0.0980726,3.08415,6.941,6.942,-0.001,-0.0122,-0.25963,1.77833,-2.03797,-2.4545,-0.1051,-0.2921,0.603,0.4371,-0.7081,-0.7292,0.7276,2.4481,-1.7205
2018-09-23,2018/2019,Arsenal,Everton,2,0,0.930544,1.06523,6.941,6.942,-0.001,-0.0122,1.12632,-0.44797,1.5743,1.4543,0.3436,-0.043,-0.021,-0.1659,0.3647,0.1229,2.0827,1.0224,1.0602
2018-09-23,2018/2019,West Ham United,Chelsea,0,0,1.0177,1.88344,6.928,7.098,-0.17,-1.1096,-0.27419,0.89177,-1.16596,-1.5109,-0.1245,-0.1821,0.2601,0.2402,-0.3846,-0.4223,0.8516,1.5881,-0.7366
2018-09-29,2018/2019,Huddersfield,Tottenham Hotspur,0,2,0.339245,2.33733,6.941,6.942,-0.001,-0.0122,-0.64651,0.84749,-1.494,-1.8658,-0.362,-0.1296,0.3579,0.0728,-0.7199,-0.2024,0.81,1.6285,-0.8185
2018-09-29,2018/2019,Chelsea,Liverpool,1,1,1.77638,1.74071,7.101,7.17,-0.069,-0.4548,1.04607,1.26556,-0.21949,-0.4867,0.2673,0.2333,0.516,0.2851,-0.2487,-0.0518,1.2193,1.3379,-0.1186
2018-09-29,2018/2019,Manchester City,Brighton & Hove Albion,2,0,2.90697,0.23023,7.198,6.766,0.432,2.8084,2.02728,-0.36221,2.38949,2.3364,0.6146,0.4497,0.0107,-0.1019,0.6039,0.5516,2.6974,0.6124,2.085
2018-09-29,2018/2019,Everton,Fulham,3,0,2.31538,0.536317,6.946,6.732,0.214,1.3919,0.24169,-0.18733,0.42902,0.215,-0.019,-0.112,0.1497,-0.6502,-0.1687,0.5382,2.4133,1.2664,1.1469
2018-09-29,2018/2019,West Ham United,Manchester United,3,1,1.3029,0.865739,6.941,6.942,-0.001,-0.0122,-0.18089,0.64092,-0.82181,-1.1385,-0.1162,-0.1899,0.1777,0.028,-0.2939,-0.2178,1.0832,1.4445,-0.3613
2018-09-29,2018/2019,Wolverhampton Wanderers,Southampton,2,0,1.42507,0.679627,6.871,6.897,-0.026,-0.1718,0.13913,-0.15909,0.29822,0.0735,0.3056,0.4446,0.0369,0.0539,0.2687,0.3907,1.6045,0.6673,0.9373
2018-09-29,2018/2019,Newcastle United,Leicester City,0,2,0.397301,1.34341,6.841,6.947,-0.105,-0.6893,0.03631,-0.12567,0.16199,-0.0739,-0.0935,0.0016,0.1072,-0.0323,-0.2007,0.0339,1.1623,1.1255,0.0369
2018-09-29,2018/2019,Arsenal,Watford,2,0,1.57061,2.62141,6.941,6.942,-0.001,-0.0122,1.17473,-0.35019,1.52491,1.4008,0.295,-0.0437,-0.05,0.0304,0.3451,-0.074,1.6303,0.9939,0.6364
2018-09-30,2018/2019,Cardiff,Burnley,1,2,1.56707,0.111527,6.941,6.942,-0.001,-0.0122,-0.39755,-0.49445,0.0969,-0.1444,-0.174,-0.3541,-0.1038,-0.2002,-0.0701,-0.1538,1.2845,1.2846,-0.0001
2018-10-01,2018/2019,Bournemouth,Crystal Palace,2,1,1.97143,0.385841,6.921,6.89,0.031,0.1968,-0.04184,-0.00556,-0.03628,-0.2885,0.1428,-0.1978,0.1971,-0.126,-0.0543,-0.0717,1.6433,1.4788,0.1645
2018-10-05,2018/2019,Brighton & Hove Albion,West Ham United,1,0,1.02566,1.43652,6.727,6.933,-0.207,-1.3511,-0.03448,-0.30758,0.2731,0.0463,-0.0037,-0.1112,-0.1042,-0.1714,0.1005,0.0602,1.4438,1.0323,0.4116
2018-10-06,2018/2019,Manchester United,Newcastle United,3,2,2.40631,1.55962,6.941,6.942,-0.001,-0.0122,0.6365,-0.1019,0.7384,0.5498,0.1534,0.0213,-0.1281,-0.0037,0.2815,0.025,1.464,0.8614,0.6026
2018-10-06,2018/2019,Crystal Palace,Wolverhampton Wanderers,0,1,1.03714,0.755654,6.904,6.889,0.015,0.0934,0.06805,0.18399,-0.11594,-0.3747,0.1486,-0.1374,0.2783,0.4395,-0.1297,-0.577,0.9372,1.5128,-0.5757
2018-10-06,2018/2019,Burnley,Huddersfield,1,1,0.353128,1.02549,6.941,6.942,-0.001,-0.0122,-0.13455,-0.75969,0.62515,0.4272,-0.16,-0.2063,-0.381,-0.1523,0.221,-0.054,1.2416,0.8399,0.4017
2018-10-06,2018/2019,Tottenham Hotspur,Cardiff,1,0,2.6517,1.13843,6.941,6.942,-0.001,-0.0122,1.1609,-0.48886,1.64977,1.5359,0.3784,0.0835,-0.137,-0.2881,0.5153,0.3716,2.4365,0.8023,1.6341
2018-10-06,2018/2019,Leicester City,Everton,1,2,1.10472,1.14952,6.941,6.942,-0.001,-0.0122,0.34503,-0.40858,0.75361,0.5662,0.1145,-0.0106,-0.0244,-0.0923,0.139,0.0817,1.5386,0.9865,0.5521
2018-10-06,2018/2019,Watford,Bournemouth,0,4,1.06613,3.28471,6.941,6.942,-0.001,-0.0122,0.08877,-0.32836,0.41713,0.2021,0.0179,0.0323,0.1593,-0.1611,-0.1414,0.1934,1.4965,1.1357,0.3608
2018-10-07,2018/2019,Southampton,Chelsea,0,3,1.487,3.54699,6.88,7.143,-0.263,-1.7166,-0.34675,0.81731,-1.16406,-1.5088,0.0369,0.059,0.2852,0.2138,-0.2483,-0.1549,1.0161,1.2939,-0.2778
2018-10-07,2018/2019,Liverpool,Manchester City,0,0,0.433994,1.07481,7.161,7.14,0.021,0.1325,1.66974,1.88611,-0.21636,-0.4833,0.5233,0.2626,0.6151,0.4546,-0.0918,-0.192,1.3437,1.4192,-0.0754
2018-10-07,2018/2019,Fulham,Arsenal,1,5,1.31588,1.13706,6.941,6.942,-0.001,-0.0122,-0.23323,0.4038,-0.63703,-0.9385,0.0378,-0.6378,0.2905,-0.0842,-0.2527,-0.5536,1.4136,2.5309,-1.1173
2018-10-20,2018/2019,Newcastle United,Brighton & Hove Albion,0,1,1.71169,0.675798,6.843,6.762,0.08,0.5186,-0.10927,-0.26995,0.16069,-0.0753,-0.1016,-0.0327,-0.029,-0.1189,-0.0726,0.0863,1.2855,0.9942,0.2913
2018-10-20,2018/2019,Wolverhampton Wanderers,Watford,0,2,0.47391,1.0684,6.892,6.821,0.071,0.4557,0.30443,-0.50515,0.80958,0.6268,0.1962,0.4236,-0.0034,-0.0257,0.1995,0.4493,1.5755,0.6471,0.9284
2018-10-20,2018/2019,West Ham United,Tottenham Hotspur,0,1,0.544268,1.11777,6.921,7.052,-0.131,-0.8541,-0.09211,0.85882,-0.95093,-1.2782,-0.0871,-0.1578,0.384,0.0749,-0.471,-0.2327,1.0478,1.7462,-0.6984
2018-10-20,2018/2019,Chelsea,Manchester United,2,2,2.21163,1.11454,6.941,6.942,-0.001,-0.0122,1.15158,0.52697,0.62461,0.4266,0.3434,0.1966,0.1923,0.0044,0.1511,0.1922,1.7563,0.996,0.7603
2018-10-20,2018/2019,Huddersfield,Liverpool,0,1,0.638341,0.663819,6.941,6.942,-0.001,-0.0122,-0.65897,1.25591,-1.91488,-2.3213,-0.37,-0.1275,0.4871,0.2743,-0.8571,-0.4018,0.657,1.8493,-1.1923
2018-10-20,2018/2019,Cardiff,Fulham,4,2,1.7562,0.947712,6.941,6.942,-0.001,-0.0122,-0.44414,-0.4145,-0.02963,-0.2813,-0.1058,-0.302,0.0236,-0.5434,-0.1294,0.2414,1.9381,1.3852,0.5529
2018-10-20,2018/2019,Bournemouth,Southampton,0,0,0.840403,0.589633,6.919,6.88,0.039,0.2532,0.14805,-0.34847,0.49652,0.288,0.2425,-0.1459,0.0602,-0.011,0.1823,-0.135,1.62,1.2232,0.3969
2018-10-20,2018/2019,Manchester City,Burnley,5,0,4.48577,0.370236,7.173,6.882,0.29,1.8869,1.96345,-0.44674,2.41019,2.3588,0.6002,0.4936,-0.1999,-0.2085,0.8,0.7021,2.9083,0.4828,2.4254
2018-10-21,2018/2019,Everton,Crystal Palace,2,0,1.92794,1.50174,6.941,6.942,-0.001,-0.0122,0.44914,-0.14618,0.59532,0.395,-0.0187,-0.0764,0.1501,-0.1123,-0.1688,0.0359,1.374,1.2545,0.1195
2018-10-22,2018/2019,Arsenal,Leicester City,3,1,2.91637,0.932491,6.941,6.942,-0.001,-0.0122,1.32275,-0.07771,1.40046,1.2662,0.2253,-0.0806,0.093,-0.0145,0.1323,-0.066,1.5904,1.1898,0.4005
2018-10-27,2018/2019,Brighton & Hove Albion,Wolverhampton Wanderers,1,0,1.01337,1.38027,6.794,6.927,-0.133,-0.869,0.09814,0.17331,-0.07517,-0.3306,-0.0419,-0.1293,0.0971,0.3861,-0.139,-0.5154,0.8028,1.2742,-0.4714
2018-10-27,2018/2019,Fulham,Bournemouth,0,3,0.383833,2.10555,6.941,6.942,-0.001,-0.0122,-0.45691,-0.21091,-0.24601,-0.5154,-0.0209,-0.5313,0.2023,-0.1275,-0.2232,-0.4038,1.3919,2.0831,-0.6912
2018-10-27,2018/2019,Liverpool,Cardiff,4,1,2.30176,0.643117,6.941,6.942,-0.001,-0.0122,1.64341,-0.34286,1.98627,1.9001,0.4455,0.2723,-0.1286,-0.2811,0.5741,0.5533,2.5875,0.6699,1.9176
2018-10-27,2018/2019,Leicester City,West Ham United,1,1,1.95344,1.56009,6.941,6.942,-0.001,-0.0122,0.19006,-0.38288,0.57294,0.3707,0.0802,-0.0645,-0.1119,-0.1346,0.1921,0.0702,1.5511,0.9539,0.5972
2018-10-27,2018/2019,Southampton,Newcastle United,0,0,1.19216,0.297646,6.888,6.84,0.048,0.3068,-0.42643,-0.19676,-0.22967,-0.4977,0.0285,0.0175,-0.0801,-0.0253,0.1085,0.0428,1.3281,0.902,0.4261
2018-10-27,2018/2019,Watford,Huddersfield,3,0,2.29622,0.479655,6.941,6.942,-0.001,-0.0122,0.02557,-0.64159,0.66716,0.4727,0.0072,0.0102,-0.3675,-0.0819,0.3747,0.0921,1.3678,0.6856,0.6822
2018-10-28,2018/2019,Crystal Palace,Arsenal,2,2,2.38115,0.845197,6.941,6.942,-0.001,-0.0122,-0.0801,0.58838,-0.66848,-0.9726,0.1591,-0.1294,0.2654,-0.0722,-0.1063,-0.0572,1.5768,1.4844,0.0924
2018-10-28,2018/2019,Burnley,Chelsea,0,4,0.269828,3.01621,6.941,6.942,-0.001,-0.0122,-0.28641,0.89064,-1.17704,-1.5229,-0.2013,-0.2945,0.3606,0.191,-0.5619,-0.4856,0.8452,1.9257,-1.0806
2018-10-28,2018/2019,Manchester United,Everton,2,1,2.51393,1.67348,6.941,6.942,-0.001,-0.0122,0.71183,-0.22656,0.93839,0.7662,0.1947,-0.0157,0.0043,-0.083,0.1904,0.0673,1.6517,1.0204,0.6313
2018-10-29,2018/2019,Tottenham Hotspur,Manchester City,0,1,0.442436,1.93588,6.941,6.942,-0.001,-0.0122,1.1001,1.9462,-0.8461,-1.1648,0.3587,0.0899,0.643,0.4913,-0.2844,-0.4014,1.0958,1.7391,-0.6433
2018-11-03,2018/2019,Wolverhampton Wanderers,Tottenham Hotspur,2,3,2.40643,1.63123,6.941,6.942,-0.001,-0.0122,0.10927,0.85212,-0.74285,-1.053,0.1036,0.3637,0.3336,0.0797,-0.23,0.284,1.2815,0.9706,0.3109
2018-11-03,2018/2019,Bournemouth,Manchester United,1,2,1.928,3.29249,6.941,6.942,-0.001,-0.0122,0.18362,0.59666,-0.41305,-0.6962,0.2018,-0.0977,0.2325,-0.0334,-0.0307,-0.0643,1.583,1.3916,0.1914
2018-11-03,2018/2019,Everton,Brighton & Hove Albion,3,1,2.59305,0.676348,6.941,6.942,-0.001,-0.0122,0.54585,-0.11736,0.66321,0.4684,0.0283,-0.1139,-0.0343,-0.1309,0.0626,0.0171,1.4671,1.083,0.3841
2018-11-03,2018/2019,Newcastle United,Watford,1,0,0.691575,2.5452,6.941,6.942,-0.001,-0.0122,-0.22194,-0.28467,0.06274,-0.1813,-0.0998,-0.0212,0.0487,0.0136,-0.1485,-0.0347,1.1171,1.0726,0.0445
2018-11-03,2018/2019,West Ham United,Burnley,4,2,2.55739,0.882514,6.941,6.942,-0.001,-0.0122,-0.05913,-0.66933,0.6102,0.4111,-0.086,-0.1459,-0.2239,-0.3342,0.1378,0.1883,1.6036,0.9252,0.6784
2018-11-03,2018/2019,Cardiff,Leicester City,0,1,0.922262,2.18288,6.941,6.942,-0.001,-0.0122,-0.38102,-0.17982,-0.2012,-0.4669,-0.129,-0.2598,0.0989,-0.0783,-0.2279,-0.1815,1.1893,1.4317,-0.2423
2018-11-03,2018/2019,Arsenal,Liverpool,1,1,1.62321,1.19558,7.053,7.152,-0.099,-0.6497,1.34026,1.23211,0.10815,-0.1322,0.2427,-0.1016,0.4306,0.2704,-0.1879,-0.3721,1.2028,1.7231,-0.5203
2018-11-04,2018/2019,Chelsea,Crystal Palace,3,1,1.88741,0.454547,6.941,6.942,-0.001,-0.0122,1.17834,-0.20426,1.3826,1.2468,0.4012,0.2052,0.2008,-0.1058,0.2003,0.3111,2.0774,0.9958,1.0815
2018-11-04,2018/2019,Manchester City,Southampton,6,1,2.76272,1.81466,6.941,6.942,-0.001,-0.0122,2.10927,-0.27461,2.38388,2.3303,0.6432,0.5125,0.0211,0.0306,0.6221,0.4819,2.3087,0.6119,1.6968
2018-11-05,2018/2019,Huddersfield,Fulham,1,0,0.51433,0.354166,6.941,6.942,-0.001,-0.0122,-0.66243,-0.62505,-0.03738,-0.2897,-0.3716,-0.1079,-0.1229,-0.5278,-0.2487,0.4199,1.4627,0.9853,0.4774
2018-11-10,2018/2019,Crystal Palace,Tottenham Hotspur,0,1,0.688016,1.55381,6.903,7.062,-0.159,-1.0391,-0.05551,0.88446,-0.93997,-1.2663,0.179,-0.0966,0.3454,0.0409,-0.1664,-0.1375,1.4098,1.5857,-0.1759
2018-11-10,2018/2019,Huddersfield,West Ham United,1,1,1.17524,1.44113,6.941,6.942,-0.001,-0.0122,-0.57491,-0.25472,-0.32019,-0.5957,-0.4314,-0.0935,-0.0309,-0.1438,-0.4004,0.0503,0.9385,1.0648,-0.1263
2018-11-10,2018/2019,Leicester City,Burnley,0,0,1.5091,0.368393,6.852,6.896,-0.044,-0.2921,0.1799,-0.7714,0.9513,0.7801,0.1303,-0.0701,-0.2237,-0.362,0.354,0.2919,2.0366,0.8622,1.1744
2018-11-10,2018/2019,Southampton,Watford,1,1,1.20211,1.07573,6.9,6.822,0.078,0.5044,-0.48536,-0.36723,-0.11813,-0.3771,0.0588,0.0086,0.1035,0.0251,-0.0447,-0.0165,1.3064,1.0894,0.217
2018-11-10,2018/2019,Cardiff,Brighton & Hove Albion,2,1,1.94297,0.767044,6.941,6.942,-0.001,-0.0122,-0.45595,-0.21749,-0.23846,-0.5073,-0.1493,-0.2871,-0.0532,-0.1646,-0.0961,-0.1226,1.2704,1.2638,0.0066
2018-11-10,2018/2019,Newcastle United,Bournemouth,2,1,2.57545,1.91687,6.941,6.942,-0.001,-0.0122,-0.13938,-0.1169,-0.02247,-0.2735,-0.1178,-0.0573,0.2173,-0.1558,-0.3351,0.0985,1.2997,1.3162,-0.0165
2018-11-11,2018/2019,Arsenal,Wolverhampton Wanderers,1,1,0.965843,1.86549,7.04,6.861,0.179,1.1589,1.32525,0.06247,1.26279,1.1172,0.2542,-0.0797,0.1915,0.2955,0.0627,-0.3752,1.2267,1.284,-0.0574
2018-11-11,2018/2019,Manchester City,Manchester United,3,1,2.02764,0.97089,7.149,6.977,0.172,1.1181,2.24175,0.65779,1.58396,1.4647,0.6516,0.4811,0.3059,-0.0468,0.3457,0.5279,2.568,0.8222,1.7458
2018-11-11,2018/2019,Liverpool,Fulham,2,0,2.22417,0.571301,7.134,6.749,0.385,2.5012,1.7398,-0.71256,2.45236,2.4044,0.4068,0.2531,-0.1617,-0.4904,0.5686,0.7435,3.2135,0.6309,2.5827
2018-11-11,2018/2019,Chelsea,Everton,0,0,1.16298,0.198027,7.092,6.93,0.162,1.0486,1.24164,-0.16864,1.41027,1.2768,0.3896,0.2209,0.0775,-0.1025,0.3121,0.3234,2.0868,0.8499,1.2369
2018-11-24,2018/2019,Manchester United,Crystal Palace,0,0,1.34245,1.05292,7.027,6.912,0.114,0.7395,0.72971,-0.27331,1.00302,0.8361,0.3082,-0.0173,0.1392,-0.0947,0.169,0.0773,1.8979,1.1537,0.7442
2018-11-24,2018/2019,Watford,Liverpool,0,3,0.673382,1.45314,6.941,6.942,-0.001,-0.0122,0.08694,1.21334,-1.1264,-1.4681,0.1021,0.0281,0.3709,0.2521,-0.2688,-0.2239,1.0769,1.4092,-0.3322
2018-11-24,2018/2019,West Ham United,Manchester City,0,4,0.829504,2.95852,6.906,7.222,-0.316,-2.0629,0.01712,2.08693,-2.06981,-2.4889,-0.0163,-0.1475,0.6271,0.4725,-0.6434,-0.62,0.7392,2.2532,-1.514
2018-11-24,2018/2019,Fulham,Southampton,3,2,1.3875,1.67163,6.941,6.942,-0.001,-0.0122,-0.61624,-0.39624,-0.22,-0.4873,-0.1639,-0.4306,0.053,0.0089,-0.2169,-0.4395,1.0527,1.6224,-0.5697
2018-11-24,2018/2019,Brighton & Hove Albion,Leicester City,1,1,0.862315,1.12521,6.894,6.894,0.0,-0.0018,0.05646,-0.16041,0.21687,-0.0146,-0.076,-0.1809,0.1008,-0.0585,-0.1768,-0.1224,1.2297,1.3255,-0.0958
2018-11-24,2018/2019,Everton,Cardiff,1,0,2.48066,0.879108,6.941,6.942,-0.001,-0.0122,0.71452,-0.41499,1.12951,0.973,0.0543,-0.0614,-0.0945,-0.2675,0.1487,0.2061,1.7261,0.9677,0.7584
2018-11-24,2018/2019,Tottenham Hotspur,Chelsea,3,1,3.34649,0.962804,6.941,6.942,-0.001,-0.0122,1.10671,1.00014,0.10657,-0.1339,0.3413,0.0677,0.3502,0.2372,-0.0089,-0.1695,1.3885,1.3267,0.0618
2018-11-25,2018/2019,Wolverhampton Wanderers,Huddersfield,0,2,0.701036,0.627281,6.941,6.942,-0.001,-0.0122,0.14179,-0.68469,0.82649,0.6451,0.2356,0.3206,-0.4168,-0.1017,0.6524,0.4224,1.7533,0.4785,1.2748
2018-11-25,2018/2019,Bournemouth,Arsenal,1,2,0.650884,1.71044,6.926,6.97,-0.044,-0.2884,0.06461,0.44673,-0.38212,-0.6627,0.2384,-0.1916,0.2457,-0.0961,-0.0074,-0.0955,1.7394,1.5567,0.1827
2018-11-26,2018/2019,Burnley,Newcastle United,1,2,1.49487,1.67701,6.9,6.83,0.07,0.4542,-0.43478,-0.11324,-0.32154,-0.5972,-0.2415,-0.3386,-0.052,-0.0748,-0.1895,-0.2638,1.0682,1.3208,-0.2527
2018-11-30,2018/2019,Cardiff,Wolverhampton Wanderers,2,1,1.09264,0.987623,6.941,6.942,-0.001,-0.0122,-0.34783,0.06915,-0.41699,-0.7004,-0.0992,-0.2981,0.1584,0.3116,-0.2576,-0.6097,0.8297,1.5788,-0.7491
2018-12-01,2018/2019,Leicester City,Watford,2,0,1.41758,1.19923,6.941,6.942,-0.001,-0.0122,0.11528,-0.46141,0.57668,0.3748,0.0918,-0.0467,0.0826,0.0264,0.0093,-0.0731,1.3359,1.1383,0.1976
2018-12-01,2018/2019,Newcastle United,West Ham United,0,3,1.12583,2.62697,6.941,6.942,-0.001,-0.0122,-0.00761,-0.37231,0.3647,0.1454,-0.0351,-0.0848,-0.0124,-0.1773,-0.0227,0.0925,1.4424,1.0753,0.3671
2018-12-01,2018/2019,Southampton,Manchester United,2,2,0.623954,0.904803,6.849,7.046,-0.197,-1.285,-0.53279,0.55299,-1.08578,-1.4241,0.0552,0.0008,0.2786,-0.0144,-0.2234,0.0152,1.3106,1.3517,-0.0412
2018-12-01,2018/2019,Manchester City,Bournemouth,3,1,2.83557,0.715009,7.217,6.898,0.319,2.0713,2.36818,-0.24593,2.61411,2.5794,0.6394,0.4659,0.1774,-0.1952,0.462,0.6611,2.9947,0.7215,2.2732
2018-12-01,2018/2019,Crystal Palace,Burnley,2,0,2.03785,0.302477,6.91,6.857,0.053,0.3415,-0.00688,-0.73309,0.7262,0.5366,0.1337,-0.0725,-0.2192,-0.3453,0.3528,0.2729,2.0331,0.8582,1.175
2018-12-01,2018/2019,Huddersfield,Brighton & Hove Albion,1,2,0.558083,1.67998,6.941,6.942,-0.001,-0.0122,-0.44559,-0.33245,-0.11314,-0.3717,-0.4096,-0.0641,-0.0931,-0.1735,-0.3165,0.1094,0.9881,0.9717,0.0165
2018-12-02,2018/2019,Arsenal,Tottenham Hotspur,4,2,2.71421,1.0926,6.941,6.942,-0.001,-0.0122,1.27019,0.97132,0.29888,0.0742,0.2494,-0.0532,0.4152,0.0801,-0.1658,-0.1333,1.4819,1.5978,-0.1158
2018-12-02,2018/2019,Chelsea,Fulham,2,0,2.17105,0.285256,6.941,6.942,-0.001,-0.0122,1.06059,-0.59819,1.65878,1.5457,0.3349,0.1516,-0.139,-0.4285,0.4739,0.5801,2.6846,0.748,1.9367
2018-12-02,2018/2019,Liverpool,Everton,1,0,3.07574,1.23014,6.941,6.942,-0.001,-0.0122,1.76703,-0.07764,1.84467,1.7468,0.3688,0.2629,0.0887,-0.0589,0.2801,0.3218,1.919,0.8403,1.0787
2018-12-04,2018/2019,Brighton & Hove Albion,Crystal Palace,3,1,1.2521,1.5329,6.857,6.928,-0.072,-0.4713,0.08174,-0.1223,0.20404,-0.0284,-0.0659,-0.1623,0.1327,-0.0609,-0.1987,-0.1014,1.2345,1.3548,-0.1203
2018-12-04,2018/2019,Bournemouth,Huddersfield,2,1,1.07393,1.5631,6.941,6.942,-0.001,-0.0122,0.04333,-0.60206,0.64539,0.4491,0.1757,-0.1852,-0.4265,-0.0794,0.6022,-0.1058,1.6147,0.7858,0.8289
2018-12-04,2018/2019,West Ham United,Cardiff,3,1,1.57488,1.93448,6.941,6.942,-0.001,-0.0122,-0.00567,-0.32859,0.32292,0.1002,0.0549,-0.1665,-0.0853,-0.2728,0.1402,0.1063,1.7364,1.0849,0.6516
2018-12-04,2018/2019,Watford,Manchester City,1,2,1.672,2.51933,6.941,6.942,-0.001,-0.0122,-0.09875,2.16317,-2.26192,-2.6968,0.0845,0.0235,0.6293,0.4621,-0.5448,-0.4385,0.8577,1.8331,-0.9753
2018-12-05,2018/2019,Manchester United,Arsenal,2,2,1.33679,1.73226,6.995,6.945,0.051,0.3258,0.58401,0.58481,-0.00081,-0.2501,0.2619,0.0065,0.296,-0.0347,-0.034,0.0411,1.6937,1.3278,0.3659
2018-12-05,2018/2019,Tottenham Hotspur,Southampton,3,1,1.73642,1.82434,7.112,6.904,0.208,1.3474,1.14932,-0.43196,1.58128,1.4618,0.3891,0.0321,0.0153,0.0147,0.3738,0.0174,1.8652,0.9593,0.9059
2018-12-05,2018/2019,Everton,Newcastle United,1,1,2.10943,1.52214,6.941,6.942,-0.001,-0.0122,0.74852,-0.14128,0.88981,0.7136,0.1014,-0.1056,-0.0508,-0.1239,0.1522,0.0182,1.5673,1.0566,0.5108
2018-12-05,2018/2019,Wolverhampton Wanderers,Chelsea,2,1,0.682893,1.10702,6.941,6.942,-0.001,-0.0122,-0.0628,0.90995,-0.97275,-1.3018,0.1218,0.2914,0.3085,0.1613,-0.1867,0.1301,1.2027,1.0175,0.1852
2018-12-05,2018/2019,Fulham,Leicester City,1,1,1.47593,1.21575,6.751,6.861,-0.109,-0.7156,-0.54785,-0.06359,-0.48426,-0.7732,-0.1636,-0.4014,0.0942,-0.0481,-0.2578,-0.3533,1.1004,1.6632,-0.5627
2018-12-05,2018/2019,Burnley,Liverpool,1,3,1.05809,2.73897,6.941,6.942,-0.001,-0.0122,-0.56737,1.27848,-1.84584,-2.2466,-0.2394,-0.3425,0.4028,0.2505,-0.6423,-0.593,0.7666,2.1076,-1.3411
2018-12-08,2018/2019,Leicester City,Tottenham Hotspur,0,2,0.357742,0.917968,6.941,6.942,-0.001,-0.0122,0.18302,0.89106,-0.70805,-1.0154,0.0742,-0.058,0.3809,0.0094,-0.3066,-0.0674,1.335,1.5513,-0.2163
2018-12-08,2018/2019,Manchester United,Fulham,4,1,3.15444,1.23251,6.941,6.942,-0.001,-0.0122,0.58413,-0.60342,1.18755,1.0358,0.2416,-0.0062,-0.1349,-0.3839,0.3765,0.3777,2.3387,0.8794,1.4593
2018-12-08,2018/2019,Bournemouth,Liverpool,0,4,0.279142,1.80619,6.95,7.122,-0.172,-1.1223,0.08534,1.2992,-1.21386,-1.5627,0.1497,-0.1966,0.4195,0.2414,-0.2698,-0.438,1.1187,1.8901,-0.7715
2018-12-08,2018/2019,Chelsea,Manchester City,2,0,0.526329,0.740048,7.118,7.162,-0.044,-0.2899,1.02179,2.06592,-1.04414,-1.3791,0.3077,0.1789,0.6396,0.4327,-0.3319,-0.2538,1.0986,1.5935,-0.495
2018-12-08,2018/2019,West Ham United,Crystal Palace,3,2,1.53635,0.934613,6.892,6.917,-0.024,-0.1617,0.10575,-0.23708,0.34283,0.1217,0.0447,-0.1846,0.1387,-0.0609,-0.094,-0.1237,1.3868,1.3857,0.0011
2018-12-08,2018/2019,Arsenal,Huddersfield,1,0,2.02156,0.308361,6.941,6.942,-0.001,-0.0122,1.38223,-0.64408,2.02631,1.9434,0.3081,-0.0213,-0.3925,-0.0597,0.7007,0.0384,1.8076,0.69,1.1176
2018-12-08,2018/2019,Cardiff,Southampton,1,0,1.55832,0.501128,6.941,6.942,-0.001,-0.0122,-0.31907,-0.47975,0.16068,-0.0754,-0.0334,-0.2638,0.053,0.0197,-0.0865,-0.2835,1.1865,1.3731,-0.1867
2018-12-08,2018/2019,Burnley,Brighton & Hove Albion,1,0,1.81251,0.951507,6.918,6.761,0.157,1.0213,-0.5881,-0.17604,-0.41206,-0.6951,-0.2248,-0.3643,-0.0645,-0.1664,-0.1603,-0.1979,1.2027,1.3246,-0.1219
2018-12-09,2018/2019,Newcastle United,Wolverhampton Wanderers,1,2,0.4601,1.57799,6.829,6.858,-0.029,-0.1907,-0.09748,0.04567,-0.14315,-0.4041,-0.0307,-0.142,0.0906,0.282,-0.1212,-0.424,0.9123,1.2663,-0.354
2018-12-10,2018/2019,Everton,Watford,2,2,1.72686,1.63043,6.932,6.762,0.17,1.1017,0.66847,-0.49984,1.16831,1.015,0.125,-0.1159,0.1188,-0.0054,0.0062,-0.1105,1.4549,1.2393,0.2156
2018-12-15,2018/2019,Huddersfield,Newcastle United,0,1,0.671382,0.931041,6.941,6.942,-0.001,-0.0122,-0.4955,-0.1134,-0.3821,-0.6627,-0.4047,-0.0673,-0.0462,-0.1499,-0.3585,0.0826,0.9698,1.0215,-0.0518
2018-12-15,2018/2019,Wolverhampton Wanderers,Bournemouth,2,0,2.02223,0.52685,6.941,6.942,-0.001,-0.0122,0.10871,-0.24503,0.35374,0.1335,0.1049,0.3086,0.1121,-0.1918,-0.0072,0.5004,1.6833,0.8218,0.8616
2018-12-15,2018/2019,Crystal Palace,Leicester City,1,0,0.39698,0.895305,6.839,6.968,-0.129,-0.8461,-0.02971,-0.18249,0.15278,-0.0839,0.1184,-0.065,0.0293,-0.0333,0.0891,-0.0317,1.434,1.116,0.318
2018-12-15,2018/2019,Fulham,West Ham United,0,2,1.03424,0.75325,6.941,6.942,-0.001,-0.0122,-0.57138,-0.11077,-0.46061,-0.7476,-0.1134,-0.4124,0.0517,-0.1695,-0.165,-0.2429,1.3235,1.591,-0.2675
2018-12-15,2018/2019,Tottenham Hotspur,Burnley,1,0,1.74625,0.451196,6.941,6.942,-0.001,-0.0122,1.26273,-0.77604,2.03878,1.9569,0.3545,0.0435,-0.1908,-0.3514,0.5453,0.3948,2.5344,0.7913,1.7431
2018-12-15,2018/2019,Manchester City,Everton,3,1,1.79848,1.6235,6.941,6.942,-0.001,-0.0122,2.14755,-0.11571,2.26326,2.1998,0.6118,0.4512,0.1342,-0.1259,0.4776,0.5771,2.6165,0.7285,1.888
2018-12-15,2018/2019,Watford,Cardiff,3,2,1.64998,0.485768,6.941,6.942,-0.001,-0.0122,0.06077,-0.3885,0.44927,0.2369,0.1386,-0.0144,-0.01,-0.2323,0.1487,0.2179,1.8131,1.0046,0.8085
2018-12-16,2018/2019,Liverpool,Manchester United,3,1,2.60435,0.658049,6.941,6.942,-0.001,-0.0122,1.79346,0.54012,1.25334,1.107,0.4132,0.2679,0.2822,-0.0136,0.1311,0.2815,1.9174,1.0146,0.9028
2018-12-16,2018/2019,Southampton,Arsenal,3,2,1.21163,1.85763,6.941,6.942,-0.001,-0.0122,-0.5264,0.5267,-1.0531,-1.3888,0.0108,0.0097,0.3132,-0.0148,-0.3024,0.0245,1.2837,1.3549,-0.0712
2018-12-16,2018/2019,Brighton & Hove Albion,Chelsea,1,2,0.26126,1.6111,6.941,6.942,-0.001,-0.0122,0.12794,0.88333,-0.75539,-1.0666,-0.0819,-0.1816,0.2854,0.2171,-0.3673,-0.3988,0.9278,1.5956,-0.6678
2018-12-21,2018/2019,Wolverhampton Wanderers,Liverpool,0,2,0.763821,2.16356,6.96,7.16,-0.199,-1.301,0.21921,1.48233,-1.26312,-1.616,0.1248,0.3225,0.4341,0.2767,-0.3093,0.0458,1.0498,1.1451,-0.0952
2018-12-22,2018/2019,Chelsea,Leicester City,0,1,2.40458,0.456492,7.12,6.919,0.201,1.3052,1.18154,-0.2602,1.44173,1.3108,0.2835,0.2338,0.0217,0.0035,0.2618,0.2304,1.6959,0.7897,0.9062
2018-12-22,2018/2019,West Ham United,Watford,0,2,2.06507,2.32983,6.941,6.942,-0.001,-0.0122,0.24322,-0.36746,0.61068,0.4116,0.0101,-0.16,0.128,-0.0019,-0.1179,-0.1581,1.2664,1.3342,-0.0678
2018-12-22,2018/2019,Arsenal,Burnley,3,1,1.4656,1.03237,6.941,6.942,-0.001,-0.0122,1.21441,-0.68846,1.90287,1.8098,0.3261,-0.0125,-0.2037,-0.3151,0.5298,0.3026,2.3758,0.8262,1.5496
2018-12-22,2018/2019,Bournemouth,Brighton & Hove Albion,2,0,0.892502,0.825478,6.912,6.744,0.168,1.0882,-0.12359,-0.29957,0.17598,-0.0588,0.1032,-0.201,-0.1086,-0.1806,0.2118,-0.0204,1.6957,1.0752,0.6205
2018-12-22,2018/2019,Manchester City,Crystal Palace,2,3,1.27118,1.14609,7.175,6.897,0.278,1.8083,2.11458,-0.25131,2.36588,2.3108,0.5787,0.4237,0.0707,-0.0586,0.508,0.4823,2.4468,0.6797,1.7672
2018-12-22,2018/2019,Cardiff,Manchester United,1,5,1.27173,2.72523,6.941,6.942,-0.001,-0.0122,-0.28078,0.46833,-0.74911,-1.0598,-0.0374,-0.2237,0.2678,-0.0428,-0.3051,-0.1809,1.258,1.635,-0.377
2018-12-22,2018/2019,Huddersfield,Southampton,1,3,1.0038,2.60172,6.941,6.942,-0.001,-0.0122,-0.55883,-0.47618,-0.08265,-0.3387,-0.4159,-0.0646,0.0069,-0.0059,-0.4228,-0.0587,0.8304,1.0744,-0.244
2018-12-22,2018/2019,Newcastle United,Fulham,0,0,0.289508,0.245408,6.81,6.782,0.028,0.1767,-0.1335,-0.7901,0.6566,0.4613,-0.049,-0.1416,-0.1346,-0.3846,0.0855,0.2429,1.7561,1.0038,0.7522
2018-12-23,2018/2019,Everton,Tottenham Hotspur,2,6,1.00121,2.55514,6.941,6.942,-0.001,-0.0122,0.59706,0.9311,-0.33404,-0.6107,0.1613,-0.0845,0.3168,0.0505,-0.1554,-0.135,1.3979,1.4941,-0.0962
2018-12-26,2018/2019,Leicester City,Manchester City,2,1,1.55714,1.34781,6.941,6.942,-0.001,-0.0122,0.11903,1.80936,-1.69033,-2.0783,0.0109,-0.0247,0.541,0.4084,-0.5301,-0.4332,0.8408,1.7611,-0.9203
2018-12-26,2018/2019,Burnley,Everton,1,5,1.88646,1.8875,6.941,6.942,-0.001,-0.0122,-0.43589,-0.18051,-0.25539,-0.5256,-0.1927,-0.2771,0.1405,-0.1167,-0.3333,-0.1604,1.1596,1.5187,-0.3591
2018-12-26,2018/2019,Brighton & Hove Albion,Arsenal,1,1,1.38502,0.789138,6.941,6.942,-0.001,-0.0122,0.01991,0.4145,-0.39459,-0.6762,-0.1185,-0.1499,0.2831,-0.0166,-0.4016,-0.1333,1.13,1.5422,-0.4122
2018-12-26,2018/2019,Crystal Palace,Cardiff,0,0,2.43202,1.05926,6.941,6.942,-0.001,-0.0122,0.1435,-0.54152,0.68501,0.492,0.0842,-0.0014,-0.0361,-0.2625,0.1204,0.2611,1.7697,0.9661,0.8037
2018-12-26,2018/2019,Fulham,Wolverhampton Wanderers,1,1,1.2769,1.35896,6.774,6.944,-0.17,-1.1074,-0.63456,0.15013,-0.78469,-1.0983,-0.1759,-0.3353,0.1092,0.2471,-0.2851,-0.5824,0.8034,1.5917,-0.7883
2018-12-26,2018/2019,Liverpool,Newcastle United,4,0,3.24988,0.456309,7.178,6.802,0.376,2.4448,1.91271,-0.09406,2.00677,1.9222,0.4502,0.2834,-0.131,-0.1218,0.5812,0.4051,2.3188,0.6318,1.687
2018-12-26,2018/2019,Manchester United,Huddersfield,3,1,1.79848,1.40594,6.941,6.942,-0.001,-0.0122,0.74605,-0.67795,1.424,1.2916,0.3082,-0.0428,-0.4052,-0.102,0.7134,0.0592,1.8858,0.6962,1.1896
2018-12-26,2018/2019,Tottenham Hotspur,Bournemouth,5,0,2.23457,1.21736,6.941,6.942,-0.001,-0.0122,1.27292,-0.2785,1.55143,1.4295,0.3514,0.0645,0.0626,-0.1936,0.2887,0.258,2.1577,0.9984,1.1593
2018-12-26,2018/2019,Watford,Chelsea,1,2,1.24414,2.1956,6.941,6.942,-0.001,-0.0122,0.20749,0.8281,-0.62061,-0.9208,0.1743,-0.0258,0.3049,0.2399,-0.1306,-0.2658,1.1717,1.3924,-0.2206
2018-12-27,2018/2019,Southampton,West Ham United,1,2,1.28665,1.26973,6.941,6.942,-0.001,-0.0122,-0.3265,-0.09185,-0.23464,-0.5031,0.0635,-0.0093,0.043,-0.1877,0.0205,0.1784,1.6085,1.054,0.5545
2018-12-29,2018/2019,Fulham,Huddersfield,1,0,1.72386,0.276791,6.941,6.942,-0.001,-0.0122,-0.56046,-0.73829,0.17783,-0.0568,-0.1511,-0.3256,-0.3741,-0.0977,0.2229,-0.2279,1.1861,0.9528,0.2332
2018-12-29,2018/2019,Brighton & Hove Albion,Everton,1,0,1.60311,0.655851,6.941,6.942,-0.001,-0.0122,0.06558,-0.03302,0.0986,-0.1425,-0.1054,-0.1232,0.1561,-0.1336,-0.2615,0.0104,1.2869,1.3224,-0.0355
2018-12-29,2018/2019,Leicester City,Cardiff,0,1,1.51648,0.493212,6.941,6.942,-0.001,-0.0122,0.25275,-0.47364,0.72639,0.5368,0.0366,-0.0078,-0.0312,-0.2857,0.0678,0.2779,1.727,0.9771,0.75
2018-12-29,2018/2019,Watford,Newcastle United,1,1,1.05566,0.661713,6.941,6.942,-0.001,-0.0122,0.16319,-0.21389,0.37708,0.1588,0.176,-0.0521,-0.1355,-0.1657,0.3115,0.1136,1.761,0.9202,0.8408
2018-12-29,2018/2019,Tottenham Hotspur,Wolverhampton Wanderers,1,3,0.277704,1.20867,7.1,6.892,0.208,1.3502,1.41716,0.07603,1.34113,1.202,0.3515,0.058,0.0975,0.2221,0.254,-0.1641,1.46,1.0149,0.4451
2018-12-29,2018/2019,Liverpool,Arsenal,5,1,3.7053,1.08186,6.941,6.942,-0.001,-0.0122,2.03255,0.36883,1.66372,1.551,0.476,0.2844,0.2532,-0.0235,0.2228,0.3079,2.0618,0.9694,1.0924
2018-12-30,2018/2019,Southampton,Manchester City,1,3,0.221381,2.96802,6.941,6.942,-0.001,-0.0122,-0.39943,1.67563,-2.07506,-2.4946,0.0444,-0.0148,0.5256,0.3831,-0.4811,-0.3979,0.8918,1.717,-0.8252
2018-12-30,2018/2019,Crystal Palace,Chelsea,0,1,0.199002,0.741471,6.919,7.153,-0.234,-1.5298,0.07562,0.8724,-0.79678,-1.1114,0.1161,-0.0033,0.3288,0.2353,-0.2127,-0.2387,1.0801,1.4335,-0.3535
2018-12-30,2018/2019,Manchester United,Bournemouth,4,1,3.41874,0.705549,6.941,6.942,-0.001,-0.0122,0.80638,-0.42274,1.22912,1.0808,0.3019,-0.0547,0.0705,-0.195,0.2314,0.1403,2.0564,1.1336,0.9229
2018-12-30,2018/2019,Burnley,West Ham United,2,0,2.89884,0.656044,6.941,6.942,-0.001,-0.0122,-0.58338,-0.01892,-0.56446,-0.86,-0.1529,-0.2848,0.0501,-0.1752,-0.203,-0.1096,1.2794,1.3981,-0.1187
2019-01-01,2018/2019,Arsenal,Fulham,4,1,4.43325,1.71312,6.941,6.942,-0.001,-0.0122,1.11265,-0.62385,1.7365,1.6298,0.2546,-0.0974,-0.1179,-0.3097,0.3725,0.2123,2.1999,0.9799,1.22
2019-01-01,2018/2019,Cardiff,Tottenham Hotspur,0,3,1.0789,1.38282,6.941,6.942,-0.001,-0.0122,-0.30213,1.07861,-1.38074,-1.7433,-0.055,-0.2754,0.3164,0.0521,-0.3714,-0.3275,1.1242,1.8077,-0.6835
2019-01-01,2018/2019,Everton,Leicester City,0,1,0.871304,0.644144,6.944,6.864,0.08,0.516,0.49494,-0.11692,0.61185,0.4128,0.1268,-0.1411,0.0258,0.0037,0.1011,-0.1448,1.4289,1.1705,0.2584
2019-01-02,2018/2019,Bournemouth,Watford,3,3,2.84828,0.977046,6.93,6.811,0.119,0.7713,-0.18027,-0.294,0.11373,-0.1262,0.0517,-0.2444,0.1362,-0.0457,-0.0844,-0.1987,1.3992,1.4426,-0.0434
2019-01-02,2018/2019,Newcastle United,Manchester United,0,2,0.691878,2.6754,6.807,7.058,-0.251,-1.6397,-0.24999,0.72644,-0.97643,-1.3058,-0.1435,-0.1382,0.3602,-0.0423,-0.5037,-0.0959,1.0976,1.6964,-0.5988
2019-01-02,2018/2019,Chelsea,Southampton,0,0,0.850791,0.158168,7.136,6.867,0.27,1.7505,1.09935,-0.39973,1.49908,1.3729,0.3045,0.2618,0.0161,-0.064,0.2884,0.3258,1.868,0.7575,1.1105
2019-01-02,2018/2019,Wolverhampton Wanderers,Crystal Palace,0,2,0.656255,1.94658,6.899,6.915,-0.016,-0.1077,0.19393,-0.17094,0.36487,0.1456,0.1054,0.3108,0.0788,0.0184,0.0267,0.2924,1.3626,0.7945,0.5681
2019-01-02,2018/2019,West Ham United,Brighton & Hove Albion,2,2,0.639356,0.686806,6.938,6.904,0.034,0.2199,0.07174,-0.33088,0.40262,0.1864,0.018,-0.2189,-0.0889,-0.1025,0.1068,-0.1164,1.4174,1.1343,0.2831
2019-01-02,2018/2019,Huddersfield,Burnley,1,2,0.621818,2.66309,6.941,6.942,-0.001,-0.0122,-0.76788,-0.71264,-0.05523,-0.309,-0.401,-0.1109,-0.0576,-0.263,-0.3434,0.1521,1.0899,1.055,0.0349
2019-01-03,2018/2019,Manchester City,Liverpool,2,1,1.00357,1.3801,7.206,7.195,0.011,0.0691,1.87507,1.7183,0.15677,-0.0796,0.5515,0.4012,0.5304,0.2785,0.0211,0.1227,1.6464,1.1365,0.5099
2019-01-12,2018/2019,Chelsea,Newcastle United,2,1,1.32355,0.395148,6.941,6.942,-0.001,-0.0122,0.99349,-0.22771,1.2212,1.0722,0.2652,0.2735,-0.1628,-0.1723,0.428,0.4458,1.9379,0.6465,1.2913
2019-01-12,2018/2019,Cardiff,Huddersfield,0,0,0.124558,0.39468,6.941,6.942,-0.001,-0.0122,-0.41181,-0.86987,0.45806,0.2464,-0.0573,-0.2568,-0.422,-0.1492,0.3646,-0.1076,1.3716,0.848,0.5236
2019-01-12,2018/2019,Burnley,Fulham,2,1,0.809801,0.903255,6.912,6.738,0.173,1.1254,-0.3965,-0.72116,0.32467,0.1021,0.0101,-0.2507,-0.0741,-0.3941,0.0842,0.1434,1.9139,1.1688,0.745
2019-01-12,2018/2019,Leicester City,Southampton,1,2,1.75983,1.41659,6.941,6.942,-0.001,-0.0122,0.21288,-0.29388,0.50676,0.2991,0.0038,0.0223,-0.005,-0.0227,0.0089,0.0449,1.2848,0.9733,0.3115
2019-01-12,2018/2019,Brighton & Hove Albion,Liverpool,0,1,0.384198,2.2665,6.853,7.167,-0.314,-2.0464,0.17718,1.64082,-1.46364,-1.833,-0.108,-0.0773,0.5324,0.3065,-0.6404,-0.3838,0.7964,1.9103,-1.1138
2019-01-12,2018/2019,Crystal Palace,Watford,1,2,1.1617,1.56262,6.922,6.844,0.078,0.5033,0.13443,-0.27828,0.41271,0.1974,0.1087,0.0392,0.113,-0.0935,-0.0044,0.1327,1.5461,1.0668,0.4794
2019-01-12,2018/2019,West Ham United,Arsenal,1,0,0.669394,0.685895,6.92,6.983,-0.064,-0.4187,0.02535,0.30637,-0.28102,-0.5533,-0.0179,-0.2055,0.3481,-0.1135,-0.3659,-0.0919,1.3666,1.7528,-0.3862
2019-01-13,2018/2019,Everton,Bournemouth,2,0,1.7814,1.52828,6.941,6.942,-0.001,-0.0122,0.38548,-0.54731,0.93279,0.7601,0.1023,-0.1262,0.1152,-0.2292,-0.0129,0.103,1.7431,1.2733,0.4698
2019-01-13,2018/2019,Tottenham Hotspur,Manchester United,0,1,1.80359,0.957777,7.116,7.035,0.081,0.5204,1.34733,0.8133,0.53403,0.3286,0.299,0.053,0.3897,-0.0309,-0.0907,0.0839,1.7573,1.3871,0.3702
2019-01-14,2018/2019,Manchester City,Wolverhampton Wanderers,3,0,3.11947,0.0985446,6.941,6.942,-0.001,-0.0122,1.95255,0.13372,1.81883,1.7189,0.5241,0.388,0.0705,0.2594,0.4536,0.1286,1.6303,0.7281,0.9022
2019-01-19,2018/2019,Wolverhampton Wanderers,Leicester City,4,3,2.21719,1.33831,6.941,6.942,-0.001,-0.0122,0.0034,-0.0782,0.0816,-0.1609,0.0487,0.1473,0.023,0.0114,0.0257,0.1359,1.2987,0.8832,0.4155
2019-01-19,2018/2019,Newcastle United,Cardiff,3,0,2.518,0.255727,6.941,6.942,-0.001,-0.0122,-0.31788,-0.46801,0.15013,-0.0868,-0.1687,-0.1469,-0.1287,-0.2457,-0.0401,0.0988,1.3514,1.0186,0.3327
2019-01-19,2018/2019,Watford,Burnley,0,0,1.06981,1.97256,6.818,6.908,-0.09,-0.5892,0.19817,-0.58487,0.78304,0.5981,0.1305,-0.079,-0.0606,-0.2423,0.1911,0.1633,1.7974,1.0296,0.7679
2019-01-19,2018/2019,Southampton,Everton,2,1,1.06009,1.31169,6.863,6.938,-0.074,-0.4862,-0.24747,-0.12739,-0.12008,-0.3792,0.0117,-0.0363,0.1033,-0.1323,-0.0915,0.096,1.4326,1.16,0.2725
2019-01-19,2018/2019,Liverpool,Crystal Palace,4,3,2.8299,0.695213,6.941,6.942,-0.001,-0.0122,2.07383,-0.11164,2.18547,2.1156,0.5385,0.3138,0.0899,0.0267,0.4486,0.2871,2.0874,0.7996,1.2878
2019-01-19,2018/2019,Bournemouth,West Ham United,2,0,1.24835,0.971813,6.941,6.942,-0.001,-0.0122,-0.25527,-0.11609,-0.13917,-0.3998,0.1258,-0.2285,-0.0522,-0.1636,0.178,-0.0649,1.6712,1.1931,0.4781
2019-01-19,2018/2019,Arsenal,Chelsea,2,0,2.09412,0.755304,6.941,6.942,-0.001,-0.0122,1.14463,0.80931,0.33532,0.1136,0.3022,-0.0904,0.2371,0.2763,0.0651,-0.3666,1.2841,1.3878,-0.1037
2019-01-19,2018/2019,Manchester United,Brighton & Hove Albion,2,1,2.64005,0.635111,6.941,6.942,-0.001,-0.0122,1.04972,-0.2501,1.29981,1.1573,0.3695,-0.0325,-0.124,-0.0908,0.4935,0.0583,1.9826,0.9127,1.0699
2019-01-20,2018/2019,Huddersfield,Manchester City,0,3,0.764264,2.01376,6.941,6.942,-0.001,-0.0122,-0.81673,1.77926,-2.59598,-3.0583,-0.4367,-0.1098,0.5593,0.401,-0.996,-0.5108,0.5414,1.9529,-1.4115
2019-01-20,2018/2019,Fulham,Tottenham Hotspur,1,2,0.937902,1.93316,6.941,6.942,-0.001,-0.0122,-0.59388,1.11696,-1.71084,-2.1005,-0.0891,-0.354,0.2983,0.0683,-0.3874,-0.4223,1.069,1.9203,-0.8513
2019-01-29,2018/2019,Manchester United,Burnley,2,2,3.23417,0.934603,6.941,6.942,-0.001,-0.0122,1.013,-0.51087,1.52387,1.3997,0.394,-0.0259,-0.0217,-0.2155,0.4157,0.1895,2.3015,1.0045,1.297
2019-01-29,2018/2019,Fulham,Brighton & Hove Albion,4,2,3.46113,2.36867,6.769,6.837,-0.068,-0.4437,-0.52433,-0.21338,-0.31095,-0.5857,-0.0965,-0.3513,-0.1345,-0.1159,0.0379,-0.2355,1.2656,1.2523,0.0133
2019-01-29,2018/2019,Wolverhampton Wanderers,West Ham United,3,0,2.0363,0.130179,6.941,6.942,-0.001,-0.0122,0.08497,-0.2393,0.32427,0.1017,0.0927,0.1276,-0.0602,-0.1474,0.1529,0.2749,1.5907,0.829,0.7617
2019-01-29,2018/2019,Newcastle United,Manchester City,2,1,0.992326,1.33896,6.827,7.229,-0.402,-2.6179,-0.18162,1.82577,-2.00739,-2.4214,-0.1077,-0.1286,0.556,0.3931,-0.6637,-0.5216,0.723,2.0803,-1.3573
2019-01-29,2018/2019,Arsenal,Cardiff,2,1,2.69339,0.597893,6.941,6.942,-0.001,-0.0122,1.25568,-0.60426,1.85994,1.7634,0.3267,-0.069,-0.1613,-0.2787,0.488,0.2097,2.2923,0.912,1.3803
2019-01-29,2018/2019,Huddersfield,Everton,0,1,0.73078,1.05995,6.941,6.942,-0.001,-0.0122,-0.86324,-0.21869,-0.64454,-0.9467,-0.4249,-0.1114,0.1076,-0.1195,-0.5325,0.0081,0.922,1.245,-0.3231
2019-01-30,2018/2019,Bournemouth,Chelsea,4,0,2.15094,0.718873,6.941,6.942,-0.001,-0.0122,-0.13206,0.69826,-0.83032,-1.1477,0.1019,-0.2211,0.2114,0.2426,-0.1095,-0.4637,1.087,1.5415,-0.4545
2019-01-30,2018/2019,Southampton,Crystal Palace,1,1,1.33257,1.53294,6.941,6.942,-0.001,-0.0122,-0.15616,-0.01751,-0.13865,-0.3993,-0.0086,-0.0401,0.0855,-0.0051,-0.0942,-0.035,1.2468,1.1341,0.1128
2019-01-30,2018/2019,Liverpool,Leicester City,1,1,0.576336,1.1272,7.15,6.949,0.201,1.3033,1.9797,-0.15977,2.13947,2.0658,0.5591,0.3136,0.036,-0.0173,0.5231,0.3309,2.2809,0.7398,1.5412
2019-01-30,2018/2019,Tottenham Hotspur,Watford,2,1,1.36248,0.479838,7.04,6.836,0.204,1.3217,1.19396,-0.22472,1.41869,1.2859,0.2961,0.0715,0.0915,-0.1021,0.2046,0.1736,1.9094,0.9959,0.9135
2019-02-02,2018/2019,Crystal Palace,Fulham,2,0,2.19582,0.560836,6.931,6.791,0.14,0.9067,0.08173,-0.65749,0.73922,0.5507,0.0994,-0.0074,0.0395,-0.3752,0.0598,0.3678,2.0452,1.0308,1.0145
2019-02-02,2018/2019,Everton,Wolverhampton Wanderers,1,3,1.36252,1.85729,6.941,6.942,-0.001,-0.0122,0.44159,0.18314,0.25845,0.0304,0.1002,-0.1144,0.116,0.1527,-0.0158,-0.2671,1.1871,1.2593,-0.0722
2019-02-02,2018/2019,Cardiff,Bournemouth,2,0,2.53093,0.35199,6.941,6.942,-0.001,-0.0122,-0.50151,-0.4496,-0.05191,-0.3054,-0.1754,-0.2942,0.1438,-0.1937,-0.3192,-0.1005,1.2743,1.5499,-0.2756
2019-02-02,2018/2019,Brighton & Hove Albion,Watford,0,0,1.83528,0.279297,6.826,6.828,-0.001,-0.013,0.16871,-0.17693,0.34564,0.1248,-0.0843,-0.173,0.0703,-0.078,-0.1546,-0.0949,1.2433,1.2757,-0.0324
2019-02-02,2018/2019,Chelsea,Huddersfield,5,0,2.94236,0.260391,6.941,6.942,-0.001,-0.0122,0.78651,-0.8778,1.66431,1.5517,0.1807,0.2057,-0.4305,-0.1052,0.6112,0.3109,1.6653,0.5294,1.1359
2019-02-02,2018/2019,Burnley,Southampton,1,1,2.00175,0.787747,6.941,6.942,-0.001,-0.0122,-0.20881,-0.11434,-0.09447,-0.3515,-0.0246,-0.2512,-0.0045,-0.0504,-0.0201,-0.2008,1.2839,1.28,0.0039
2019-02-02,2018/2019,Tottenham Hotspur,Newcastle United,1,0,3.10409,0.400152,7.046,6.823,0.223,1.4458,1.14617,-0.01603,1.1622,1.0084,0.2744,0.085,-0.0959,-0.0969,0.3703,0.1818,1.8628,0.8127,1.0501
2019-02-03,2018/2019,Manchester City,Arsenal,3,1,3.03102,0.703542,7.229,6.963,0.266,1.7267,1.98513,0.23013,1.755,1.6498,0.5319,0.3826,0.3405,-0.0614,0.1914,0.444,2.3378,0.9289,1.4089
2019-02-03,2018/2019,Leicester City,Manchester United,0,1,1.40067,1.49717,6.941,6.942,-0.001,-0.0122,0.13453,0.82471,-0.69018,-0.9961,0.0492,0.064,0.4314,-0.0239,-0.3821,0.088,1.3462,1.4442,-0.098
2019-02-04,2018/2019,West Ham United,Liverpool,1,1,0.791319,1.12475,6.941,6.942,-0.001,-0.0122,-0.04778,1.44432,-1.4921,-1.8638,-0.0802,-0.1608,0.4985,0.3019,-0.5787,-0.4628,0.8538,1.9339,-1.0801
2019-02-06,2018/2019,Everton,Manchester City,0,2,0.111559,2.60922,6.941,6.942,-0.001,-0.0122,0.31583,1.7079,-1.39207,-1.7556,0.1058,-0.1308,0.5507,0.3868,-0.4449,-0.5176,0.9447,1.9772,-1.0324
2019-02-09,2018/2019,Crystal Palace,West Ham United,1,1,2.68412,1.74711,6.941,6.942,-0.001,-0.0122,0.17894,-0.30237,0.48131,0.2716,0.1067,0.0036,-0.0819,-0.1277,0.1886,0.1313,1.5817,0.9182,0.6635
2019-02-09,2018/2019,Watford,Everton,1,0,1.53311,0.641094,6.941,6.942,-0.001,-0.0122,0.18348,-0.30219,0.48567,0.2763,0.0278,-0.0944,0.0728,-0.1563,-0.045,0.0619,1.5041,1.1822,0.3218
2019-02-09,2018/2019,Huddersfield,Arsenal,1,2,1.96816,1.46751,6.941,6.942,-0.001,-0.0122,-1.00059,0.19908,-1.19967,-1.5474,-0.4351,-0.1501,0.3303,-0.0942,-0.7654,-0.0559,0.8898,1.6172,-0.7274
2019-02-09,2018/2019,Fulham,Manchester United,0,3,2.18741,2.13209,6.941,6.942,-0.001,-0.0122,-0.46231,0.86242,-1.32473,-1.6827,0.0152,-0.3773,0.4293,-0.0255,-0.414,-0.3518,1.3033,2.2408,-0.9375
2019-02-09,2018/2019,Southampton,Cardiff,1,2,1.70666,0.980673,6.941,6.942,-0.001,-0.0122,-0.14614,-0.44503,0.29888,0.0742,-0.0259,-0.0714,-0.1037,-0.2531,0.0778,0.1817,1.5704,0.9685,0.6019
2019-02-09,2018/2019,Brighton & Hove Albion,Burnley,1,3,1.31614,1.83041,6.941,6.942,-0.001,-0.0122,0.12754,-0.39538,0.52292,0.3166,-0.0562,-0.1439,0.0112,-0.2367,-0.0674,0.0927,1.4987,1.1681,0.3306
2019-02-09,2018/2019,Liverpool,Bournemouth,3,0,2.53003,0.390995,6.941,6.942,-0.001,-0.0122,1.78607,-0.57083,2.3569,2.3011,0.4679,0.301,0.087,-0.2247,0.3808,0.5256,2.5009,0.8076,1.6933
2019-02-10,2018/2019,Manchester City,Chelsea,6,0,4.04218,0.901867,6.941,6.942,-0.001,-0.0122,2.05793,0.63678,1.42115,1.2886,0.5664,0.4113,0.224,0.2084,0.3424,0.2029,1.7898,0.8294,0.9604
2019-02-10,2018/2019,Tottenham Hotspur,Leicester City,3,1,1.21144,3.02164,6.941,6.942,-0.001,-0.0122,1.12448,-0.0617,1.18617,1.0343,0.3165,0.0937,0.0516,0.0617,0.2649,0.032,1.6142,0.959,0.6552
2019-02-11,2018/2019,Wolverhampton Wanderers,Newcastle United,1,1,2.30998,0.435263,6.941,6.942,-0.001,-0.0122,0.3023,0.00566,0.29664,0.0718,0.1414,0.1426,-0.1111,-0.1417,0.2525,0.2843,1.6606,0.7761,0.8845
2019-02-22,2018/2019,Cardiff,Watford,1,5,1.90045,2.75798,6.941,6.942,-0.001,-0.0122,-0.31449,-0.09864,-0.21585,-0.4828,-0.1023,-0.2553,0.0288,-0.0784,-0.1311,-0.1769,1.2217,1.3289,-0.1072
2019-02-22,2018/2019,West Ham United,Fulham,3,1,2.72871,1.23555,6.941,6.942,-0.001,-0.0122,0.09321,-0.82894,0.92214,0.7486,-0.052,-0.1623,0.0741,-0.3699,-0.1261,0.2076,1.7194,1.2669,0.4525
2019-02-23,2018/2019,Newcastle United,Huddersfield,2,0,3.03313,0.133934,6.941,6.942,-0.001,-0.0122,-0.00433,-1.00332,0.99899,0.8318,-0.121,-0.1615,-0.376,-0.1436,0.255,-0.0178,1.2799,0.8071,0.4728
2019-02-23,2018/2019,Burnley,Tottenham Hotspur,2,1,1.08514,0.845211,6.907,7.091,-0.184,-1.1998,-0.10835,1.05163,-1.15997,-1.5044,0.041,-0.2294,0.2999,0.037,-0.2589,-0.2663,1.2293,1.7354,-0.5061
2019-02-23,2018/2019,Bournemouth,Wolverhampton Wanderers,1,1,2.13291,1.20286,6.941,6.942,-0.001,-0.0122,-0.09953,0.28463,-0.38416,-0.6649,0.0717,-0.224,0.1753,0.1527,-0.1035,-0.3767,1.1539,1.4911,-0.3372
2019-02-23,2018/2019,Leicester City,Crystal Palace,1,4,0.946697,1.57739,7.033,6.899,0.133,0.8641,0.04628,-0.00691,0.0532,-0.1917,0.131,0.0754,0.1565,-0.0144,-0.0255,0.0898,1.4704,1.0674,0.403
2019-02-24,2018/2019,Manchester United,Liverpool,0,0,0.474869,0.380519,7.038,7.172,-0.134,-0.8743,1.00571,1.38209,-0.37637,-0.6565,0.4212,-0.053,0.4648,0.309,-0.0436,-0.3621,1.3778,1.7055,-0.3278
2019-02-24,2018/2019,Arsenal,Southampton,2,0,2.35088,0.613167,6.957,6.876,0.081,0.5224,1.1392,-0.19337,1.33257,1.1927,0.3223,-0.1157,-0.0185,-0.0711,0.3409,-0.0447,1.8726,1.0916,0.781
2019-02-26,2018/2019,Cardiff,Everton,0,3,0.219359,1.14212,6.941,6.942,-0.001,-0.0122,-0.46238,-0.35786,-0.10452,-0.3623,-0.0651,-0.2937,0.0499,-0.1559,-0.115,-0.1379,1.3701,1.4104,-0.0402
2019-02-26,2018/2019,Newcastle United,Burnley,2,0,1.70312,1.74201,6.86,6.911,-0.051,-0.3375,0.08143,-0.18209,0.26353,0.0359,-0.041,-0.1483,0.0327,-0.1976,-0.0736,0.0493,1.4547,1.2057,0.2489
2019-02-26,2018/2019,Huddersfield,Wolverhampton Wanderers,1,0,1.46224,0.573166,6.941,6.942,-0.001,-0.0122,-1.03172,0.2399,-1.27161,-1.6252,-0.4019,-0.1914,0.1609,0.1057,-0.5628,-0.2971,0.7532,1.4227,-0.6695
2019-02-26,2018/2019,Leicester City,Brighton & Hove Albion,2,1,1.92171,1.20566,6.999,6.868,0.131,0.8462,-0.09292,-0.45489,0.36196,0.1424,0.104,0.0622,-0.0652,-0.1598,0.1692,0.222,1.6548,0.8669,0.7879
2019-02-27,2018/2019,Southampton,Fulham,2,0,1.15823,0.798715,6.941,6.942,-0.001,-0.0122,-0.28931,-0.91834,0.62903,0.4314,-0.0398,-0.0902,0.0716,-0.3972,-0.1114,0.3069,1.7888,1.176,0.6128
2019-02-27,2018/2019,Crystal Palace,Manchester United,1,3,1.69334,1.54089,6.879,7.042,-0.164,-1.0684,0.21869,1.00314,-0.78444,-1.0981,0.1727,0.003,0.3831,0.0006,-0.2105,0.0024,1.4577,1.4914,-0.0338
2019-02-27,2018/2019,Arsenal,Bournemouth,5,1,3.18716,0.88618,6.941,6.942,-0.001,-0.0122,1.20592,-0.60608,1.812,1.7115,0.3381,-0.1024,0.1111,-0.2138,0.2269,0.1114,2.1727,1.2383,0.9344
2019-02-27,2018/2019,Liverpool,Watford,5,0,2.74266,0.630423,6.941,6.942,-0.001,-0.0122,1.8218,0.04925,1.77255,1.6688,0.4175,0.3436,0.0855,-0.0973,0.332,0.4409,2.0936,0.7726,1.3209
2019-02-27,2018/2019,Manchester City,West Ham United,1,0,3.67741,0.400125,7.275,6.929,0.346,2.2454,2.21282,-0.18972,2.40254,2.3505,0.6337,0.4055,0.0016,-0.16,0.6321,0.5656,2.884,0.6408,2.2432
2019-02-27,2018/2019,Chelsea,Tottenham Hotspur,2,0,0.625978,0.722229,7.118,7.09,0.027,0.1746,0.82613,0.92796,-0.10183,-0.3594,0.224,0.0944,0.2686,0.0415,-0.0446,0.0529,1.507,1.1865,0.3204
2019-03-02,2018/2019,Brighton & Hove Albion,Huddersfield,1,0,1.39896,0.2014,6.941,6.942,-0.001,-0.0122,-0.04647,-1.00507,0.9586,0.788,-0.0528,-0.1677,-0.3672,-0.1633,0.3144,-0.0043,1.3974,0.8193,0.5781
2019-03-02,2018/2019,Bournemouth,Manchester City,0,1,0.0,1.59515,6.881,7.229,-0.348,-2.2704,-0.13764,1.80544,-1.94308,-2.3518,0.0925,-0.2509,0.6535,0.4076,-0.5611,-0.6586,0.876,2.5756,-1.6996
2019-03-02,2018/2019,Tottenham Hotspur,Arsenal,1,1,1.76818,3.45713,6.941,6.942,-0.001,-0.0122,1.03626,0.30036,0.7359,0.5471,0.2525,0.0762,0.3762,-0.0913,-0.1237,0.1674,1.7644,1.3502,0.4142
2019-03-02,2018/2019,Manchester United,Southampton,3,2,2.54216,0.578485,7.018,6.861,0.158,1.0216,1.11333,-0.19249,1.30582,1.1638,0.3813,-0.0074,-0.0735,-0.0791,0.4548,0.0717,2.0208,0.9187,1.1021
2019-03-02,2018/2019,West Ham United,Newcastle United,2,0,1.88895,1.18549,6.941,6.942,-0.001,-0.0122,0.25097,0.17465,0.07631,-0.1667,-0.0064,-0.1971,-0.0269,-0.161,0.0205,-0.0361,1.4604,1.1858,0.2746
2019-03-02,2018/2019,Burnley,Crystal Palace,1,3,1.90872,0.706284,6.898,6.921,-0.023,-0.1528,-0.0601,0.06871,-0.12881,-0.3886,0.0559,-0.2029,0.1837,0.0013,-0.1278,-0.2042,1.318,1.4761,-0.1581
2019-03-02,2018/2019,Wolverhampton Wanderers,Cardiff,2,0,3.2075,0.702261,6.941,6.942,-0.001,-0.0122,0.15206,-0.53622,0.68828,0.4955,0.1286,0.0829,-0.1297,-0.2831,0.2583,0.366,1.8885,0.8087,1.0798
2019-03-03,2018/2019,Fulham,Chelsea,1,2,0.898469,1.53632,6.941,6.942,-0.001,-0.0122,-0.70087,0.56346,-1.26433,-1.6173,0.0519,-0.3739,0.1838,0.1094,-0.1319,-0.4833,1.1813,1.7471,-0.5658
2019-03-03,2018/2019,Everton,Liverpool,0,0,0.241879,0.811272,6.97,7.128,-0.158,-1.0324,0.30738,1.43241,-1.12503,-1.4666,0.0376,-0.1203,0.4363,0.3441,-0.3987,-0.4644,0.9039,1.778,-0.8741
2019-03-03,2018/2019,Watford,Leicester City,2,1,1.36515,0.794683,6.941,6.942,-0.001,-0.0122,0.24339,-0.18715,0.43055,0.2167,0.0802,-0.1255,0.1166,0.0546,-0.0364,-0.1801,1.2837,1.2742,0.0094
2019-03-09,2018/2019,Leicester City,Fulham,3,1,2.13494,0.15103,6.941,6.942,-0.001,-0.0122,-0.0681,-0.99767,0.92958,0.7566,0.0948,0.0517,0.0354,-0.364,0.0594,0.4157,1.9797,0.984,0.9956
2019-03-09,2018/2019,Southampton,Tottenham Hotspur,2,1,2.07772,1.26876,6.941,6.942,-0.001,-0.0122,-0.16305,0.75817,-0.92122,-1.2461,-0.0856,-0.1007,0.2504,-0.0,-0.336,-0.1006,1.1486,1.421,-0.2723
2019-03-09,2018/2019,Manchester City,Watford,3,1,3.75714,0.407168,6.941,6.942,-0.001,-0.0122,2.05505,-0.05238,2.10743,2.0312,0.6195,0.4315,0.0829,-0.1105,0.5366,0.542,2.5965,0.7058,1.8907
2019-03-09,2018/2019,Newcastle United,Everton,3,2,2.37896,1.15114,6.941,6.942,-0.001,-0.0122,0.11582,-0.15991,0.27572,0.0491,-0.0267,-0.1728,0.0119,-0.0826,-0.0386,-0.0902,1.3232,1.2031,0.1201
2019-03-09,2018/2019,Crystal Palace,Brighton & Hove Albion,1,2,1.44291,0.129312,6.928,6.822,0.107,0.6905,0.20117,-0.5156,0.71677,0.5264,0.1491,-0.0164,-0.0523,-0.1545,0.2014,0.1381,1.7171,0.9526,0.7645
2019-03-09,2018/2019,Huddersfield,Bournemouth,0,2,0.339087,2.16389,6.941,6.942,-0.001,-0.0122,-0.9097,-0.67511,-0.23459,-0.5031,-0.3912,-0.1619,0.0544,-0.2073,-0.4457,0.0454,1.0411,1.2419,-0.2008
2019-03-09,2018/2019,Cardiff,West Ham United,2,0,3.49275,0.295869,6.941,6.942,-0.001,-0.0122,-0.66544,-0.00844,-0.657,-0.9602,-0.1323,-0.33,0.0158,-0.1954,-0.1481,-0.1346,1.3326,1.4134,-0.0808
2019-03-10,2018/2019,Arsenal,Manchester United,2,0,1.52723,2.3703,6.941,6.942,-0.001,-0.0122,1.37761,1.07364,0.30397,0.0797,0.4509,-0.0906,0.3982,0.0004,0.0527,-0.091,1.9632,1.6307,0.3325
2019-03-10,2018/2019,Chelsea,Wolverhampton Wanderers,1,1,1.0471,0.609079,6.941,6.942,-0.001,-0.0122,0.92644,0.17999,0.74645,0.5585,0.1742,0.1178,0.1964,0.0857,-0.0222,0.0321,1.3671,1.082,0.285
2019-03-10,2018/2019,Liverpool,Burnley,4,2,4.12341,0.471571,6.941,6.942,-0.001,-0.0122,1.90231,-0.37308,2.27539,2.2129,0.4033,0.3598,0.0848,-0.1785,0.3185,0.5383,2.2388,0.7598,1.479
2019-03-16,2018/2019,Burnley,Leicester City,1,2,1.17008,0.608954,6.941,6.942,-0.001,-0.0122,-0.15406,-0.18763,0.03357,-0.2129,0.0735,-0.2536,0.1023,0.0712,-0.0288,-0.3247,1.2541,1.4277,-0.1735
2019-03-16,2018/2019,Bournemouth,Newcastle United,2,2,1.61666,1.02847,6.867,6.847,0.02,0.1261,0.02118,0.10346,-0.08228,-0.3383,0.0909,-0.1918,0.0247,-0.1699,0.0662,-0.0219,1.6282,1.2388,0.3894
2019-03-16,2018/2019,West Ham United,Huddersfield,4,3,1.88114,1.66909,6.941,6.942,-0.001,-0.0122,0.28031,-1.08705,1.36736,1.2304,-0.0316,-0.2509,-0.4249,-0.1863,0.3933,-0.0645,1.4606,0.8405,0.6201
2019-03-17,2018/2019,Fulham,Liverpool,1,2,0.915765,2.73437,6.824,7.159,-0.335,-2.1879,-0.72716,1.31806,-2.04522,-2.4623,-0.0015,-0.3661,0.4633,0.3636,-0.4648,-0.7297,0.8346,2.3856,-1.5511
2019-03-17,2018/2019,Everton,Chelsea,2,0,2.24031,1.24394,6.941,6.942,-0.001,-0.0122,0.35197,0.48252,-0.13055,-0.3905,0.0096,-0.1122,0.1616,0.1314,-0.1519,-0.2436,1.1078,1.3152,-0.2075
2019-03-30,2018/2019,Crystal Palace,Huddersfield,2,0,2.84701,0.926991,6.941,6.942,-0.001,-0.0122,0.0886,-1.04385,1.13245,0.9762,0.1354,0.0026,-0.3826,-0.1983,0.518,0.2008,1.7469,0.6805,1.0663
2019-03-30,2018/2019,Burnley,Wolverhampton Wanderers,2,0,0.572695,0.397928,6.89,6.936,-0.046,-0.3064,-0.2414,0.25177,-0.49317,-0.7829,0.0689,-0.2286,0.1774,0.1013,-0.1084,-0.3299,1.2048,1.5091,-0.3043
2019-03-30,2018/2019,Fulham,Manchester City,0,2,0.661491,2.31513,6.728,7.232,-0.504,-3.2861,-0.63927,1.71264,-2.35191,-2.7942,0.0024,-0.3766,0.6536,0.4354,-0.6512,-0.812,0.7643,2.9755,-2.2112
2019-03-30,2018/2019,Brighton & Hove Albion,Southampton,0,1,0.560521,0.857436,6.806,6.868,-0.062,-0.4049,0.0346,-0.07647,0.11107,-0.129,-0.0841,-0.1431,-0.0427,-0.095,-0.0414,-0.0482,1.2558,1.1139,0.142
2019-03-30,2018/2019,Manchester United,Watford,2,1,1.98052,1.35208,6.941,6.942,-0.001,-0.0122,1.00137,-0.03746,1.03883,0.8749,0.4248,0.0193,0.0728,-0.1666,0.352,0.1859,2.2604,1.0553,1.2052
2019-03-30,2018/2019,Leicester City,Bournemouth,2,0,1.8935,0.790333,6.941,6.942,-0.001,-0.0122,0.07919,-0.55342,0.63261,0.4353,0.0664,0.0731,0.0895,-0.1851,-0.0231,0.2582,1.609,1.0167,0.5923
2019-03-30,2018/2019,West Ham United,Everton,0,2,0.0891639,2.65983,6.908,6.924,-0.016,-0.1108,0.23711,-0.1483,0.3854,0.1678,-0.0141,-0.2637,0.0552,-0.1092,-0.0693,-0.1545,1.3735,1.3784,-0.0049
2019-03-31,2018/2019,Cardiff,Chelsea,1,2,0.446122,2.07834,6.941,6.942,-0.001,-0.0122,-0.53227,0.3595,-0.89178,-1.2142,-0.0042,-0.2941,0.1576,0.0947,-0.1618,-0.3887,1.1334,1.5712,-0.4378
2019-03-31,2018/2019,Liverpool,Tottenham Hotspur,2,1,1.0931,1.04822,7.188,7.093,0.095,0.613,1.80948,0.64011,1.16937,1.0161,0.4692,0.3583,0.2434,-0.0285,0.2258,0.3868,2.0819,0.8816,1.2004
2019-04-01,2018/2019,Arsenal,Newcastle United,2,0,1.04458,0.0441445,6.941,6.942,-0.001,-0.0122,1.48958,0.09184,1.39775,1.2632,0.4266,-0.1165,0.0152,-0.168,0.4114,0.0515,2.2678,1.1411,1.1267
2019-04-02,2018/2019,Wolverhampton Wanderers,Manchester United,2,1,1.65044,2.03847,6.941,6.942,-0.001,-0.0122,0.21222,0.95789,-0.74568,-1.0561,0.1298,0.1281,0.4084,0.0116,-0.2786,0.1165,1.4082,1.3239,0.0843
2019-04-02,2018/2019,Watford,Fulham,4,1,1.59338,1.90917,6.941,6.942,-0.001,-0.0122,0.31696,-1.0003,1.31727,1.1762,0.0845,-0.1536,-0.0025,-0.3448,0.0871,0.1912,1.9222,1.1633,0.7588
2019-04-03,2018/2019,Manchester City,Cardiff,2,0,3.53913,0.135788,6.941,6.942,-0.001,-0.0122,2.0123,-0.55663,2.56893,2.5305,0.6315,0.4345,-0.0393,-0.3081,0.6708,0.7425,3.2017,0.6228,2.5789
2019-04-03,2018/2019,Tottenham Hotspur,Crystal Palace,2,0,2.57376,0.564317,7.12,6.888,0.232,1.5056,0.90145,0.163,0.73845,0.5498,0.2461,0.0202,0.182,-0.0017,0.0641,0.0219,1.6483,1.1437,0.5046
2019-04-03,2018/2019,Chelsea,Brighton & Hove Albion,3,0,3.12416,0.440898,7.12,6.73,0.39,2.534,0.78266,-0.46364,1.2463,1.0994,0.1753,0.1157,-0.1164,-0.1354,0.2917,0.2511,1.7886,0.7569,1.0316
2019-04-05,2018/2019,Southampton,Liverpool,1,3,0.718394,2.00654,6.941,6.942,-0.001,-0.0122,0.01562,1.21514,-1.19952,-1.5472,-0.0519,-0.0745,0.4302,0.3504,-0.4822,-0.425,0.8367,1.657,-0.8203
2019-04-06,2018/2019,Bournemouth,Burnley,1,3,1.20888,1.38919,6.863,6.899,-0.037,-0.2433,-0.0347,-0.31019,0.27549,0.0489,0.0804,-0.1921,0.0379,-0.1938,0.0424,0.0017,1.639,1.2643,0.3747
2019-04-06,2018/2019,Huddersfield,Leicester City,1,4,1.62301,3.61876,6.941,6.942,-0.001,-0.0122,-1.0474,-0.03279,-1.01461,-1.3471,-0.37,-0.2372,0.0787,0.0782,-0.4488,-0.3154,0.7992,1.3719,-0.5727
2019-04-06,2018/2019,Newcastle United,Crystal Palace,0,1,0.943175,0.907988,6.895,6.9,-0.005,-0.0334,0.13698,0.06577,0.07121,-0.1722,-0.0384,-0.1137,0.1577,-0.0369,-0.1961,-0.0768,1.2489,1.3126,-0.0637
2019-04-07,2018/2019,Everton,Arsenal,1,0,2.69396,0.201885,6.942,7.008,-0.066,-0.4332,0.56051,0.48762,0.07289,-0.1704,0.1157,-0.0693,0.3705,-0.0867,-0.2548,0.0174,1.5201,1.5647,-0.0447
2019-04-08,2018/2019,Chelsea,West Ham United,2,0,2.23287,0.471195,6.941,6.942,-0.001,-0.0122,0.89628,-0.25594,1.15222,0.9976,0.2224,0.1218,-0.0715,-0.2985,0.2939,0.4202,2.1066,0.8245,1.2821
2019-04-12,2018/2019,Leicester City,Newcastle United,0,1,0.877377,0.945804,7.0,6.869,0.131,0.8473,0.26022,-0.02979,0.29001,0.0646,0.1555,0.0606,-0.0522,-0.1016,0.2077,0.1621,1.6436,0.8796,0.764
2019-04-13,2018/2019,Burnley,Cardiff,2,0,2.84358,0.872224,6.941,6.942,-0.001,-0.0122,-0.02702,-0.49682,0.4698,0.2591,0.0433,-0.1786,-0.0555,-0.3228,0.0988,0.1442,1.8044,1.1313,0.6731
2019-04-13,2018/2019,Fulham,Everton,2,0,1.66303,1.29107,6.941,6.942,-0.001,-0.0122,-0.67189,0.03468,-0.70658,-1.0138,0.0386,-0.3321,0.1754,-0.0219,-0.1367,-0.3101,1.3293,1.6614,-0.332
2019-04-13,2018/2019,Southampton,Wolverhampton Wanderers,3,1,3.80842,0.642825,6.941,6.942,-0.001,-0.0122,-0.05941,0.19706,-0.25646,-0.5267,-0.0557,-0.0866,0.1406,0.0937,-0.1963,-0.1803,1.0775,1.2554,-0.1779
2019-04-13,2018/2019,Manchester United,West Ham United,2,1,2.65125,1.42817,6.941,6.942,-0.001,-0.0122,0.92011,-0.33368,1.25379,1.1075,0.425,0.0036,-0.0824,-0.301,0.5074,0.3045,2.5859,0.9178,1.668
2019-04-13,2018/2019,Tottenham Hotspur,Huddersfield,4,0,2.78596,0.983527,6.941,6.942,-0.001,-0.0122,0.99868,-1.20245,2.20114,2.1326,0.2796,0.0367,-0.3292,-0.3032,0.6089,0.3399,2.2411,0.6937,1.5474
2019-04-13,2018/2019,Brighton & Hove Albion,Bournemouth,0,5,0.206731,2.76885,6.941,6.942,-0.001,-0.0122,-0.13205,-0.73875,0.6067,0.4073,-0.1269,-0.1847,0.057,-0.1936,-0.1838,0.0089,1.3376,1.2737,0.0639
2019-04-14,2018/2019,Liverpool,Chelsea,2,0,1.30839,0.873177,6.941,6.942,-0.001,-0.0122,1.83696,0.50209,1.33487,1.1952,0.4367,0.3506,0.2264,0.1294,0.2103,0.2212,1.7013,0.8834,0.8179
2019-04-14,2018/2019,Crystal Palace,Manchester City,1,3,0.318169,2.86236,6.919,7.226,-0.307,-2.0005,0.16201,1.631,-1.46899,-1.8388,0.1406,-0.0276,0.6369,0.4419,-0.4963,-0.4694,0.8926,2.0159,-1.1233
2019-04-15,2018/2019,Watford,Arsenal,0,1,1.12595,2.2668,6.839,7.006,-0.167,-1.0927,0.42855,0.40559,0.02296,-0.2244,0.0667,-0.1699,0.3174,-0.1254,-0.2507,-0.0445,1.4866,1.6608,-0.1743
2019-04-16,2018/2019,Brighton & Hove Albion,Cardiff,0,2,0.588539,0.819472,6.941,6.942,-0.001,-0.0122,-0.29362,-0.60369,0.31007,0.0863,-0.1786,-0.2256,-0.0672,-0.3527,-0.1115,0.1272,1.4892,1.1719,0.3173
2019-04-20,2018/2019,Wolverhampton Wanderers,Brighton & Hove Albion,0,0,2.60447,0.115051,6.89,6.86,0.03,0.1884,0.2418,-0.76951,1.01131,0.8451,0.1168,-0.0092,-0.2241,-0.2143,0.3409,0.2051,1.7486,0.8038,0.9448
2019-04-20,2018/2019,Manchester City,Tottenham Hotspur,1,0,2.06185,1.19894,6.941,6.942,-0.001,-0.0122,1.99046,0.80405,1.18641,1.0346,0.6516,0.4566,0.2989,0.0311,0.3528,0.4256,2.3271,0.8542,1.4729
2019-04-20,2018/2019,Newcastle United,Southampton,3,1,1.23033,1.27102,6.941,6.942,-0.001,-0.0122,0.11345,0.04823,0.06522,-0.1787,-0.0495,-0.0752,0.0566,-0.0685,-0.106,-0.0066,1.2753,1.141,0.1343
2019-04-20,2018/2019,Bournemouth,Fulham,0,1,2.83739,2.61689,6.941,6.942,-0.001,-0.0122,-0.05309,-1.02256,0.96947,0.7998,0.1221,-0.1616,0.0581,-0.3191,0.064,0.1574,1.9451,1.2461,0.699
2019-04-20,2018/2019,Huddersfield,Watford,1,2,1.09072,1.08462,6.941,6.942,-0.001,-0.0122,-1.24363,-0.0153,-1.22833,-1.5784,-0.3137,-0.3241,0.0479,-0.1885,-0.3617,-0.1356,1.1039,1.4509,-0.347
2019-04-20,2018/2019,West Ham United,Leicester City,2,2,1.36558,0.8065,6.916,7.009,-0.093,-0.6112,0.07831,0.02129,0.05702,-0.1875,-0.0625,-0.3012,0.119,0.0585,-0.1815,-0.3597,1.0965,1.5394,-0.4429
2019-04-21,2018/2019,Cardiff,Liverpool,0,2,1.1187,2.42404,6.941,6.942,-0.001,-0.0122,-0.49412,1.33455,-1.82867,-2.228,-0.0831,-0.3249,0.4204,0.3478,-0.5036,-0.6728,0.8131,2.1077,-1.2946
2019-04-21,2018/2019,Everton,Manchester United,4,0,1.5204,0.305982,6.941,6.942,-0.001,-0.0122,0.55321,0.82318,-0.26997,-0.5414,0.1568,-0.0314,0.4244,-0.008,-0.2676,-0.0234,1.4754,1.5778,-0.1024
2019-04-21,2018/2019,Arsenal,Crystal Palace,2,3,1.54245,2.56216,6.941,6.942,-0.001,-0.0122,1.55501,0.11689,1.43812,1.3069,0.3375,-0.1124,0.1178,-0.065,0.2197,-0.0474,1.8714,1.2592,0.6121
2019-04-22,2018/2019,Chelsea,Burnley,2,2,1.28197,0.788788,6.941,6.942,-0.001,-0.0122,0.92964,-0.11284,1.04248,0.8788,0.2241,0.1463,0.1029,-0.171,0.1212,0.3174,1.8575,0.9577,0.8998
2019-04-23,2018/2019,Watford,Southampton,1,1,1.27253,2.11999,6.941,6.942,-0.001,-0.0122,0.32223,-0.07017,0.3924,0.1754,0.0341,-0.1865,0.0613,-0.0666,-0.0272,-0.1199,1.3838,1.2815,0.1023
2019-04-23,2018/2019,Tottenham Hotspur,Brighton & Hove Albion,1,0,1.0032,0.143138,7.096,6.78,0.316,2.0544,1.1299,-0.68324,1.81315,1.7127,0.3056,0.0445,-0.2451,-0.2441,0.5507,0.2886,2.2517,0.7209,1.5308
2019-04-24,2018/2019,Manchester United,Manchester City,0,2,0.514509,0.530481,6.937,7.19,-0.253,-1.6516,0.78652,1.67161,-0.88509,-1.207,0.3767,-0.0095,0.6368,0.4419,-0.2602,-0.4514,1.1375,1.9671,-0.8296
2019-04-24,2018/2019,Wolverhampton Wanderers,Arsenal,3,1,0.982018,0.939754,6.905,7.072,-0.166,-1.087,0.15554,0.40622,-0.25069,-0.5205,0.1547,0.0105,0.3223,-0.149,-0.1677,0.1595,1.6622,1.3934,0.2688
2019-04-26,2018/2019,Liverpool,Huddersfield,5,0,3.58922,0.1624,6.941,6.942,-0.001,-0.0122,1.9187,-1.29782,3.21652,3.2313,0.4271,0.3367,-0.3118,-0.3102,0.7389,0.6469,2.6153,0.5229,2.0924
2019-04-27,2018/2019,Watford,Wolverhampton Wanderers,1,2,0.896093,2.44357,6.813,6.908,-0.095,-0.6253,0.27675,0.09756,0.17919,-0.0553,0.029,-0.2075,0.1169,0.0313,-0.0879,-0.2388,1.2345,1.3992,-0.1647
2019-04-27,2018/2019,Tottenham Hotspur,West Ham United,0,1,1.35378,0.991558,6.941,6.942,-0.001,-0.0122,1.05414,-0.30717,1.3613,1.2238,0.2558,0.0545,-0.0509,-0.2772,0.3067,0.3317,2.1321,0.9002,1.2319
2019-04-27,2018/2019,Southampton,Bournemouth,3,3,2.73537,2.62214,6.855,6.861,-0.007,-0.0472,0.01769,-0.65668,0.67437,0.4805,0.0999,-0.0626,0.1676,-0.1954,-0.0678,0.1328,1.6798,1.2599,0.4199
2019-04-27,2018/2019,Crystal Palace,Everton,0,0,0.261344,1.15217,6.901,6.972,-0.07,-0.4623,0.19124,0.0023,0.18895,-0.0448,0.1776,-0.0515,0.1577,0.0129,0.02,-0.0643,1.4632,1.2431,0.2201
2019-04-27,2018/2019,Brighton & Hove Albion,Newcastle United,1,1,1.20482,0.43797,6.941,6.942,-0.001,-0.0122,-0.31241,0.14749,-0.4599,-0.7469,-0.2641,-0.1881,-0.0512,-0.0777,-0.2129,-0.1104,1.0385,1.147,-0.1085
2019-04-27,2018/2019,Fulham,Cardiff,1,0,0.519072,1.11322,6.941,6.942,-0.001,-0.0122,-0.4584,-0.49207,0.03367,-0.2128,0.1313,-0.344,-0.0694,-0.3338,0.2007,-0.0101,1.9922,1.3162,0.6759
2019-04-28,2018/2019,Leicester City,Arsenal,3,0,3.6797,0.600697,6.941,6.942,-0.001,-0.0122,0.16734,0.28063,-0.11329,-0.3718,0.0865,0.0503,0.3056,-0.1232,-0.2191,0.1735,1.543,1.2911,0.252
2019-04-28,2018/2019,Manchester United,Chelsea,1,1,1.12483,1.6298,6.941,6.942,-0.001,-0.0122,0.69545,0.37702,0.31842,0.0953,0.3517,0.0532,0.197,0.1497,0.1546,-0.0964,1.5313,1.1549,0.3764
2019-04-28,2018/2019,Burnley,Manchester City,0,1,0.0899809,2.34878,6.9,7.206,-0.307,-2.0008,0.13836,1.76269,-1.62433,-2.0069,0.0957,-0.1489,0.5909,0.463,-0.4952,-0.6119,0.8356,2.1738,-1.3382
2019-05-03,2018/2019,Everton,Burnley,2,0,1.76461,0.473292,6.941,6.942,-0.001,-0.0122,0.72217,0.01744,0.70473,0.5133,0.1528,0.051,0.0647,-0.1547,0.0881,0.2057,1.7016,1.0139,0.6877
2019-05-04,2018/2019,Cardiff,Crystal Palace,2,3,1.4996,1.80991,6.941,6.942,-0.001,-0.0122,-0.57292,0.22963,-0.80255,-1.1176,-0.079,-0.2821,0.1199,-0.0485,-0.1989,-0.2336,1.2136,1.4952,-0.2816
2019-05-04,2018/2019,Wolverhampton Wanderers,Fulham,1,0,2.09397,0.512477,6.913,6.746,0.167,1.0829,0.34371,-0.84727,1.19098,1.0395,0.1579,0.0445,0.0279,-0.3363,0.13,0.3808,2.0925,0.9642,1.1283
2019-05-04,2018/2019,Bournemouth,Tottenham Hotspur,1,0,2.22622,0.713362,6.941,6.942,-0.001,-0.0122,-0.12757,0.69285,-0.82042,-1.137,0.2227,-0.2285,0.2203,0.0519,0.0025,-0.2805,1.4843,1.5668,-0.0825
2019-05-04,2018/2019,West Ham United,Southampton,3,0,1.99866,0.443686,6.873,6.865,0.008,0.0499,0.15533,-0.06948,0.22481,-0.006,-0.0469,-0.2456,0.1542,-0.1016,-0.2012,-0.144,1.323,1.4902,-0.1672
2019-05-04,2018/2019,Newcastle United,Liverpool,2,3,1.29707,1.48081,6.941,6.942,-0.001,-0.0122,0.19765,1.43362,-1.23596,-1.5866,-0.0779,-0.0809,0.4524,0.3401,-0.5303,-0.421,0.8237,1.7049,-0.8812
2019-05-05,2018/2019,Chelsea,Watford,3,0,2.96478,1.2712,6.941,6.942,-0.001,-0.0122,0.86759,-0.13744,1.00502,0.8383,0.2111,0.165,0.0151,-0.2368,0.196,0.4018,1.9582,0.861,1.0971
2019-05-05,2018/2019,Arsenal,Brighton & Hove Albion,1,1,2.36178,1.90585,6.941,6.942,-0.001,-0.0122,1.24863,-0.57328,1.82192,1.7222,0.2806,-0.1943,-0.2545,-0.1689,0.535,-0.0254,1.9612,0.9418,1.0194
2019-05-05,2018/2019,Huddersfield,Manchester United,1,1,0.73663,1.88049,6.941,6.942,-0.001,-0.0122,-1.29068,0.58435,-1.87503,-2.2782,-0.3223,-0.3522,0.3332,0.0399,-0.6555,-0.3921,0.8711,1.9851,-1.1141
2019-05-06,2018/2019,Manchester City,Leicester City,1,0,1.08617,0.537307,7.246,7.005,0.241,1.5656,1.98412,0.12285,1.86128,1.7648,0.5904,0.481,0.1856,0.073,0.4049,0.408,2.1608,0.7232,1.4376
2019-05-12,2018/2019,Southampton,Huddersfield,1,1,0.941018,0.857152,6.941,6.942,-0.001,-0.0122,-0.13955,-1.33434,1.19479,1.0436,0.1014,-0.1211,-0.3268,-0.3454,0.4282,0.2243,1.956,0.8142,1.1417
2019-05-12,2018/2019,Watford,West Ham United,1,4,2.06986,3.20094,6.941,6.942,-0.001,-0.0122,0.10297,-0.08928,0.19225,-0.0412,0.0282,-0.2734,-0.0147,-0.2143,0.0429,-0.0591,1.5945,1.2955,0.299
2019-05-12,2018/2019,Manchester United,Cardiff,0,2,1.89555,1.71095,6.941,6.942,-0.001,-0.0122,0.57897,-0.59331,1.17227,1.0193,0.3268,0.0424,-0.063,-0.2883,0.3898,0.3307,2.3145,0.9002,1.4143
2019-05-12,2018/2019,Burnley,Arsenal,1,3,1.72939,2.87276,6.941,6.942,-0.001,-0.0122,0.13644,0.06361,0.07284,-0.1704,0.0427,-0.1554,0.2933,-0.2138,-0.2506,0.0585,1.6171,1.5665,0.0506
2019-05-12,2018/2019,Tottenham Hotspur,Everton,2,2,0.882608,2.06851,7.065,6.993,0.072,0.4675,0.84935,0.09282,0.75653,0.5694,0.1896,0.0251,0.1545,0.0632,0.0352,-0.0381,1.4323,1.1284,0.304
2019-05-12,2018/2019,Brighton & Hove Albion,Manchester City,1,4,0.595313,2.22234,6.863,7.192,-0.329,-2.1457,-0.18413,1.64658,-1.83071,-2.2302,-0.209,-0.183,0.5549,0.4816,-0.764,-0.6646,0.6031,2.1754,-1.5722
2019-05-12,2018/2019,Fulham,Newcastle United,0,4,0.569845,1.95921,6.738,6.87,-0.131,-0.8593,-0.35765,0.11625,-0.4739,-0.762,0.0091,-0.3334,-0.0594,-0.072,0.0685,-0.2614,1.336,1.3361,-0.0001
2019-05-12,2018/2019,Leicester City,Chelsea,0,0,0.345306,1.26735,7.004,7.09,-0.086,-0.5662,0.35969,0.4955,-0.1358,-0.3962,0.1785,0.1252,0.2552,0.1536,-0.0767,-0.0284,1.2698,1.1507,0.1191
2019-05-12,2018/2019,Crystal Palace,Bournemouth,5,3,2.85899,1.8981,6.894,7.024,-0.13,-0.8531,0.18362,-0.51254,0.69616,0.5041,0.1314,-0.0559,0.259,-0.1992,-0.1276,0.1434,1.7148,1.3916,0.3232
2019-05-12,2018/2019,Liverpool,Wolverhampton Wanderers,2,0,1.70197,0.883861,6.941,6.942,-0.001,-0.0122,2.0131,0.17472,1.83837,1.74,0.4419,0.3241,0.1566,0.0584,0.2853,0.2657,1.8361,0.8459,0.9902
2019-08-09,2019/2020,Liverpool,Norwich City,4,1,2.23456,0.842407,7.108,7.074,0.034,0.2159,2.03472,0.0,2.03472,1.9525,0.434,0.3202,0.0,0.0,0.434,0.3202,1.9393,0.7231,1.2162
2019-08-10,2019/2020,Burnley,Southampton,3,0,0.909241,1.08752,6.946,6.79,0.155,1.0083,0.01473,-0.26759,0.28232,0.0563,0.0486,-0.1936,0.049,-0.1209,-0.0004,-0.0727,1.5103,1.2513,0.259
2019-08-10,2019/2020,West Ham United,Manchester City,0,5,1.2003,3.18377,6.964,7.155,-0.191,-1.2455,0.38447,1.74003,-1.35556,-1.716,0.0726,-0.2266,0.5513,0.4776,-0.4787,-0.7042,0.8159,2.2271,-1.4112
2019-08-10,2019/2020,Bournemouth,Sheffield United,1,1,1.34099,1.59864,6.936,6.726,0.21,1.3639,-0.07804,0.0,-0.07804,-0.3337,0.2789,-0.2361,0.0,0.0,0.2789,-0.2361,1.696,1.2351,0.4609
2019-08-10,2019/2020,Watford,Brighton & Hove Albion,0,3,0.670022,0.855516,6.859,6.832,0.027,0.1692,-0.03811,-0.5201,0.48199,0.2723,0.0522,-0.3227,-0.2075,-0.1833,0.2597,-0.1394,1.5887,1.1187,0.4701
2019-08-10,2019/2020,Tottenham Hotspur,Aston Villa,3,1,2.57262,0.639599,7.093,6.837,0.256,1.6631,0.77695,0.0,0.77695,0.5915,0.1695,-0.0015,0.0,0.0,0.1695,-0.0015,1.5286,0.9715,0.5571
2019-08-10,2019/2020,Crystal Palace,Everton,0,0,0.87159,1.2246,6.883,6.895,-0.013,-0.0867,0.2825,0.16522,0.11728,-0.1223,0.1865,-0.0712,0.19,0.0805,-0.0035,-0.1517,1.3892,1.3005,0.0887
2019-08-11,2019/2020,Manchester United,Chelsea,4,0,2.37442,1.09534,6.952,6.955,-0.004,-0.0275,0.43815,0.47701,-0.03886,-0.2913,0.305,0.0239,0.2565,0.1841,0.0485,-0.1602,1.4116,1.2625,0.149
2019-08-11,2019/2020,Newcastle United,Arsenal,0,1,0.380551,1.13309,6.899,6.917,-0.018,-0.1208,0.32448,0.18532,0.13916,-0.0986,-0.0322,-0.0493,0.3424,-0.2159,-0.3746,0.1666,1.5005,1.4827,0.0178
2019-08-11,2019/2020,Leicester City,Wolverhampton Wanderers,0,0,0.543759,0.812949,6.96,6.916,0.044,0.2825,0.37818,0.1531,0.22508,-0.0057,0.1378,0.1208,0.1564,0.065,-0.0186,0.0558,1.353,1.0309,0.3221
2019-08-17,2019/2020,Arsenal,Burnley,2,1,1.1644,1.39172,6.945,6.954,-0.009,-0.0622,1.27572,-0.0728,1.34852,1.21,0.326,-0.1773,0.0196,-0.1878,0.3064,0.0105,2.0897,1.219,0.8707
2019-08-17,2019/2020,Aston Villa,Bournemouth,1,2,1.65069,1.62777,6.815,6.908,-0.093,-0.6101,-0.06379,-0.60405,0.54026,0.3354,-0.2542,-0.5542,0.2736,-0.2365,-0.5278,-0.3176,1.2159,2.314,-1.098
2019-08-17,2019/2020,Everton,Watford,1,0,0.832913,1.17279,6.899,6.853,0.046,0.297,0.87977,-0.44778,1.32755,1.1873,0.1853,0.096,0.0083,-0.3135,0.1769,0.4095,2.0721,0.9111,1.161
2019-08-17,2019/2020,Brighton & Hove Albion,West Ham United,1,1,2.40461,1.00856,6.966,6.933,0.033,0.2115,-0.18116,-0.04582,-0.13534,-0.3957,-0.2179,-0.1533,0.0867,-0.2623,-0.3046,0.109,1.3134,1.2663,0.047
2019-08-17,2019/2020,Southampton,Liverpool,1,2,2.14047,1.52022,6.759,7.198,-0.439,-2.8617,-0.32352,1.47395,-1.79747,-2.1942,0.0418,-0.0991,0.4315,0.316,-0.3897,-0.4151,0.9028,1.7914,-0.8886
2019-08-17,2019/2020,Norwich City,Newcastle United,3,1,2.09572,0.920429,6.76,6.846,-0.086,-0.5625,-0.05599,0.19994,-0.25593,-0.5262,0.1056,-0.1322,-0.0918,-0.0376,0.1975,-0.0946,1.4295,1.052,0.3775
2019-08-17,2019/2020,Manchester City,Tottenham Hotspur,2,2,3.20076,0.074542,7.204,7.118,0.085,0.551,2.06555,0.59293,1.47262,1.3443,0.5761,0.4622,0.1748,0.0014,0.4012,0.4607,2.2459,0.7427,1.5031
2019-08-18,2019/2020,Sheffield United,Crystal Palace,1,0,1.84778,0.241912,6.659,6.895,-0.236,-1.5405,-0.00737,0.31057,-0.31794,-0.5933,0.2231,0.175,0.1628,-0.0683,0.0604,0.2434,1.6284,1.0161,0.6123
2019-08-18,2019/2020,Chelsea,Leicester City,1,1,1.22629,0.947941,7.059,6.996,0.063,0.4094,0.8749,0.1944,0.6805,0.4871,0.2484,0.1463,0.1033,0.1254,0.1451,0.0209,1.426,0.9508,0.4752
2019-08-19,2019/2020,Wolverhampton Wanderers,Manchester United,1,1,0.307356,1.14332,6.915,6.985,-0.07,-0.4608,0.32349,0.47383,-0.15034,-0.4119,0.148,0.0961,0.3367,0.0289,-0.1887,0.0673,1.398,1.2827,0.1153
2019-08-23,2019/2020,Aston Villa,Everton,2,0,0.855926,1.25668,6.969,6.905,0.064,0.4109,-0.17099,0.1551,-0.32609,-0.6021,-0.0774,-0.366,0.1235,0.0894,-0.2009,-0.4554,1.0672,1.6192,-0.552
2019-08-24,2019/2020,Watford,West Ham United,1,3,2.29348,3.45768,6.834,6.905,-0.072,-0.4705,-0.15644,-0.06425,-0.09218,-0.349,0.0175,-0.2616,0.0746,-0.2871,-0.0571,0.0254,1.6824,1.4118,0.2706
2019-08-24,2019/2020,Manchester United,Crystal Palace,1,2,2.23561,0.676993,6.963,6.861,0.103,0.6659,0.575,0.21115,0.36385,0.1445,0.3295,0.0652,0.1447,-0.0715,0.1848,0.1367,1.8918,1.0696,0.8222
2019-08-24,2019/2020,Liverpool,Arsenal,3,1,2.78821,0.985542,7.164,6.959,0.206,1.3367,2.06881,0.24984,1.81897,1.719,0.4209,0.2752,0.2834,-0.1806,0.1375,0.4558,2.3403,0.9838,1.3565
2019-08-24,2019/2020,Sheffield United,Leicester City,1,2,0.654318,0.704879,6.85,6.946,-0.096,-0.632,0.09205,0.26199,-0.16994,-0.4331,0.3059,0.3556,0.1023,0.1312,0.2036,0.2244,1.4734,0.7853,0.6881
2019-08-24,2019/2020,Brighton & Hove Albion,Southampton,0,2,0.997711,2.07795,6.941,6.942,-0.001,-0.0122,-0.16273,-0.35186,0.18913,-0.0446,-0.1584,-0.1453,0.0928,-0.0874,-0.2511,-0.0579,1.1656,1.2691,-0.1036
2019-08-24,2019/2020,Norwich City,Chelsea,2,3,1.07904,1.89428,6.973,6.935,0.038,0.2464,0.06971,0.28159,-0.21188,-0.4785,0.4361,-0.1049,0.2387,0.1451,0.1974,-0.2499,1.6819,1.4037,0.2782
2019-08-25,2019/2020,Wolverhampton Wanderers,Burnley,1,1,1.32793,1.22762,6.903,6.953,-0.05,-0.3283,0.34376,-0.03136,0.37511,0.1567,0.0974,0.1005,0.0276,-0.1509,0.0698,0.2513,1.5946,0.9354,0.6592
2019-08-25,2019/2020,Bournemouth,Manchester City,1,3,1.89345,3.12856,6.931,7.243,-0.311,-2.0316,0.00448,1.81648,-1.81199,-2.2099,0.253,-0.2406,0.6031,0.4763,-0.35,-0.7168,0.9646,2.413,-1.4484
2019-08-25,2019/2020,Tottenham Hotspur,Newcastle United,0,1,1.25927,0.51428,7.024,6.788,0.236,1.5314,0.94261,0.07424,0.86838,0.6904,0.1556,-0.0462,-0.0947,-0.0448,0.2503,-0.0014,1.5727,0.9263,0.6464
2019-08-31,2019/2020,Southampton,Manchester United,1,1,0.769616,1.90356,6.801,6.941,-0.14,-0.9126,-0.1658,0.38614,-0.55195,-0.8465,0.1254,-0.0821,0.3417,0.0751,-0.2163,-0.1572,1.2942,1.5535,-0.2593
2019-08-31,2019/2020,Crystal Palace,Aston Villa,1,0,1.41394,0.30354,6.859,6.979,-0.121,-0.7897,0.26747,-0.0824,0.34987,0.1294,0.1291,-0.0848,-0.1344,-0.3073,0.2635,0.2225,1.9084,0.9655,0.9429
2019-08-31,2019/2020,West Ham United,Norwich City,2,0,2.20657,1.1674,7.008,6.888,0.12,0.7746,0.30424,-0.04972,0.35396,0.1338,0.1688,-0.3035,0.2584,-0.1967,-0.0896,-0.1069,1.8295,1.7294,0.1
2019-08-31,2019/2020,Chelsea,Sheffield United,2,2,2.30579,1.04649,6.987,6.821,0.166,1.0742,0.85685,0.00406,0.85279,0.6736,0.2512,0.1585,0.1164,0.3653,0.1348,-0.2067,1.1388,0.9401,0.1987
2019-08-31,2019/2020,Burnley,Liverpool,0,3,0.61739,1.20057,6.923,7.168,-0.245,-1.5991,0.20581,1.41504,-1.20923,-1.5577,0.0371,-0.1414,0.4335,0.2727,-0.3964,-0.4142,0.9602,1.8299,-0.8697
2019-08-31,2019/2020,Manchester City,Brighton & Hove Albion,4,0,2.30818,0.861035,7.211,6.926,0.285,1.8508,1.97706,-0.44605,2.42311,2.3728,0.6178,0.4402,-0.1645,-0.1655,0.7824,0.6057,2.8336,0.528,2.3056
2019-08-31,2019/2020,Newcastle United,Watford,1,1,1.04131,1.1068,6.892,6.789,0.103,0.6665,0.22633,-0.48682,0.71315,0.5225,-0.1104,-0.0337,0.0511,-0.319,-0.1615,0.2853,1.5607,1.0752,0.4854
2019-08-31,2019/2020,Leicester City,Bournemouth,3,1,2.23766,0.554726,6.973,6.915,0.058,0.3707,0.44551,-0.51333,0.95883,0.7883,0.0996,0.151,0.2917,-0.2716,-0.192,0.4226,1.8265,1.1433,0.6832
2019-09-01,2019/2020,Everton,Wolverhampton Wanderers,3,2,1.48842,2.00172,6.98,6.937,0.043,0.2757,0.75558,0.16622,0.58935,0.3885,0.1099,0.0927,0.084,0.0915,0.0259,0.0012,1.2811,0.9863,0.2948
2019-09-01,2019/2020,Arsenal,Tottenham Hotspur,2,2,1.92509,1.95514,6.951,7.073,-0.121,-0.7928,1.21834,0.62009,0.59825,0.3981,0.281,-0.1995,0.1423,-0.0364,0.1387,-0.1631,1.6942,1.4281,0.2661
2019-09-14,2019/2020,Tottenham Hotspur,Crystal Palace,4,0,1.04944,0.577323,7.079,6.916,0.163,1.0587,0.8672,0.35599,0.51121,0.3039,0.1633,-0.045,0.1053,-0.0714,0.058,0.0264,1.6136,1.1399,0.4737
2019-09-14,2019/2020,Wolverhampton Wanderers,Chelsea,2,5,1.49359,3.06799,6.953,7.052,-0.099,-0.6481,0.26845,0.30388,-0.03543,-0.2876,0.1168,0.0832,0.2781,0.1546,-0.1613,-0.0715,1.1908,1.2298,-0.039
2019-09-14,2019/2020,Sheffield United,Southampton,0,1,1.88034,1.57659,6.752,6.817,-0.065,-0.4288,0.06732,-0.18853,0.25585,0.0276,0.1302,0.1543,0.099,-0.0937,0.0312,0.248,1.5533,0.9536,0.5997
2019-09-14,2019/2020,Manchester United,Leicester City,1,0,1.10019,0.459141,6.944,6.964,-0.019,-0.1283,0.43484,0.39719,0.03765,-0.2085,0.3504,0.091,0.1192,0.1664,0.2312,-0.0753,1.5009,1.031,0.4698
2019-09-14,2019/2020,Liverpool,Newcastle United,3,1,2.93281,0.291073,7.137,6.886,0.251,1.6289,2.16914,0.14448,2.02466,1.9416,0.4104,0.2814,-0.135,-0.0342,0.5454,0.3155,2.0112,0.64,1.3712
2019-09-14,2019/2020,Brighton & Hove Albion,Burnley,1,1,1.68545,0.341654,6.862,6.916,-0.054,-0.3565,-0.35927,-0.06387,-0.2954,-0.5689,-0.1532,-0.1389,0.0219,-0.1185,-0.1751,-0.0204,1.2009,1.1821,0.0188
2019-09-14,2019/2020,Norwich City,Manchester City,3,2,1.7413,2.34436,6.864,7.194,-0.329,-2.1476,-0.07825,1.91344,-1.99169,-2.4044,0.1433,-0.256,0.5969,0.4299,-0.4536,-0.6859,0.9034,2.4404,-1.537
2019-09-15,2019/2020,Bournemouth,Everton,3,1,1.41542,1.50641,6.923,6.99,-0.068,-0.4449,-0.0787,0.05936,-0.13806,-0.3986,0.2638,-0.2836,0.1164,0.067,0.1474,-0.3506,1.5114,1.504,0.0073
2019-09-15,2019/2020,Watford,Arsenal,2,2,2.83209,1.00616,6.833,7.018,-0.186,-1.212,-0.2277,0.18463,-0.41233,-0.6954,0.0518,-0.2998,0.2885,-0.2138,-0.2367,-0.086,1.5964,1.8413,-0.2448
2019-09-16,2019/2020,Aston Villa,West Ham United,0,0,1.40502,0.535279,6.923,7.005,-0.082,-0.536,-0.08757,0.12714,-0.2147,-0.4815,-0.2567,-0.2404,0.1831,-0.2878,-0.4398,0.0474,1.2783,1.5424,-0.264
2019-09-20,2019/2020,Southampton,Bournemouth,1,3,2.18021,1.29773,6.8,6.935,-0.136,-0.8874,-0.04258,-0.5189,0.47632,0.2662,0.116,-0.1022,0.2565,-0.2812,-0.1405,0.179,1.8318,1.455,0.3768
2019-09-21,2019/2020,Everton,Sheffield United,0,2,1.26041,0.508011,6.953,6.77,0.183,1.1845,0.72055,0.01741,0.70314,0.5116,0.1155,0.0698,0.1789,0.0716,-0.0634,-0.0018,1.3363,1.0913,0.245
2019-09-21,2019/2020,Manchester City,Watford,8,0,6.63049,0.344718,7.23,6.847,0.383,2.4918,1.9932,-0.38563,2.37883,2.3248,0.5899,0.4005,0.1207,-0.2667,0.4692,0.6672,3.0848,0.7222,2.3626
2019-09-21,2019/2020,Leicester City,Tottenham Hotspur,2,1,1.28752,1.33735,6.961,7.101,-0.14,-0.9162,0.47731,0.7785,-0.30119,-0.5751,0.0993,0.1794,0.1383,-0.0292,-0.039,0.2086,1.3995,0.976,0.4235
2019-09-21,2019/2020,Burnley,Norwich City,2,0,2.39312,0.801428,6.906,6.84,0.066,0.4234,0.06699,-0.06799,0.13497,-0.1032,-0.0108,-0.129,0.2528,-0.2402,-0.2636,0.1112,1.5865,1.4537,0.1328
2019-09-21,2019/2020,Newcastle United,Brighton & Hove Albion,0,0,1.09807,1.21592,6.881,6.841,0.039,0.2515,0.15906,-0.53024,0.6893,0.4966,-0.1449,-0.0725,-0.1269,-0.1182,-0.018,0.0456,1.224,0.9427,0.2814
2019-09-22,2019/2020,Arsenal,Aston Villa,3,2,2.53209,1.71546,6.93,6.864,0.066,0.4278,1.1249,-0.12946,1.25436,1.1081,0.2524,-0.2528,-0.2288,-0.1444,0.4812,-0.1084,1.8756,1.0163,0.8593
2019-09-22,2019/2020,Chelsea,Liverpool,1,2,1.23321,1.03003,7.122,7.17,-0.047,-0.312,0.8708,1.52726,-0.65646,-0.9596,0.3412,0.1434,0.4349,0.2867,-0.0937,-0.1432,1.3141,1.346,-0.0319
2019-09-22,2019/2020,Crystal Palace,Wolverhampton Wanderers,1,1,0.984777,1.75572,6.888,6.941,-0.053,-0.3507,0.23656,0.02716,0.2094,-0.0226,0.0821,-0.0506,0.1279,0.0185,-0.0457,-0.0692,1.3252,1.2031,0.122
2019-09-22,2019/2020,West Ham United,Manchester United,2,0,0.51376,1.27826,6.893,6.928,-0.034,-0.2256,0.39624,0.38348,0.01276,-0.2354,0.1395,-0.2879,0.3314,0.1052,-0.1919,-0.3931,1.2899,1.8653,-0.5754
2019-09-28,2019/2020,Crystal Palace,Norwich City,2,0,1.80497,0.712129,6.858,6.776,0.081,0.526,0.20941,-0.18461,0.39402,0.1771,0.067,-0.0656,0.1695,-0.3046,-0.1026,0.239,1.8322,1.253,0.5792
2019-09-28,2019/2020,Bournemouth,West Ham United,2,2,2.31957,1.29546,6.943,6.904,0.039,0.2504,0.13115,0.17919,-0.04804,-0.3012,0.247,-0.2909,0.1036,-0.2645,0.1434,-0.0264,2.0968,1.4769,0.6199
2019-09-28,2019/2020,Chelsea,Brighton & Hove Albion,2,0,4.26443,0.616263,7.132,6.848,0.284,1.8456,0.82983,-0.46208,1.29191,1.1487,0.3345,0.1537,-0.1147,-0.114,0.4492,0.2677,2.0272,0.7392,1.288
2019-09-28,2019/2020,Everton,Manchester City,1,3,2.35854,3.1082,6.97,7.229,-0.259,-1.6914,0.58661,1.88287,-1.29626,-1.6519,0.1122,0.0838,0.6887,0.407,-0.5765,-0.3232,0.9035,1.8887,-0.9852
2019-09-28,2019/2020,Wolverhampton Wanderers,Watford,2,0,1.16363,1.06615,6.976,6.821,0.155,1.0025,0.14859,-0.54729,0.69588,0.5038,0.1477,0.0308,0.1069,-0.4394,0.0408,0.4702,2.2929,1.0594,1.2335
2019-09-28,2019/2020,Tottenham Hotspur,Southampton,2,1,1.19008,1.16256,6.941,6.942,-0.001,-0.0122,0.94604,-0.17819,1.12423,0.9673,0.1467,-0.0253,0.1347,-0.0962,0.012,0.0709,1.5952,1.1738,0.4214
2019-09-28,2019/2020,Sheffield United,Liverpool,0,1,1.17022,1.97079,6.809,7.166,-0.357,-2.3288,0.05961,1.56823,-1.50863,-1.8817,0.1138,0.0818,0.4222,0.2876,-0.3085,-0.2058,1.0079,1.4668,-0.4589
2019-09-28,2019/2020,Aston Villa,Burnley,2,2,0.914266,1.66919,6.961,6.913,0.048,0.3095,-0.03847,-0.0224,-0.01607,-0.2666,-0.1211,-0.2041,0.0284,-0.1113,-0.1495,-0.0928,1.2464,1.2546,-0.0082
2019-09-29,2019/2020,Leicester City,Newcastle United,5,0,1.82438,0.054134,6.941,6.942,-0.001,-0.0122,0.57609,0.10268,0.47341,0.263,0.0929,0.1689,-0.1489,-0.0778,0.2418,0.2467,1.4841,0.7279,0.7562
2019-09-30,2019/2020,Manchester United,Arsenal,1,1,1.1335,1.70399,6.907,6.974,-0.067,-0.4403,0.43888,0.11603,0.32285,0.1001,0.3023,0.129,0.2731,-0.2648,0.0292,0.3939,2.189,1.1643,1.0247
2019-10-05,2019/2020,Liverpool,Leicester City,2,1,3.74867,0.0982107,7.165,6.94,0.225,1.4612,2.15601,0.4822,1.67381,1.562,0.4289,0.28,0.1075,0.1803,0.3214,0.0997,1.6482,0.8193,0.8289
2019-10-05,2019/2020,Brighton & Hove Albion,Tottenham Hotspur,3,0,2.60017,0.478504,6.834,7.119,-0.284,-1.8537,-0.32381,0.66836,-0.99216,-1.3228,-0.1183,-0.1954,0.1289,-0.0248,-0.2472,-0.1706,1.1017,1.4308,-0.3291
2019-10-05,2019/2020,Watford,Sheffield United,0,0,1.44318,0.353724,6.811,6.811,-0.0,-0.0048,-0.35415,0.18816,-0.54232,-0.8361,0.1062,-0.3942,0.1308,0.017,-0.0246,-0.4112,1.3681,1.6907,-0.3226
2019-10-05,2019/2020,Norwich City,Aston Villa,1,5,1.84838,3.67827,6.766,6.958,-0.192,-1.2547,-0.09051,-0.09583,0.00533,-0.2435,0.1141,-0.2997,-0.1649,-0.2274,0.279,-0.0724,1.7208,1.171,0.5499
2019-10-05,2019/2020,West Ham United,Crystal Palace,1,2,1.23577,2.0682,6.979,6.852,0.127,0.8226,0.5113,0.26604,0.24526,0.0162,0.0942,-0.2705,0.0651,-0.0504,0.0291,-0.22,1.4682,1.3778,0.0904
2019-10-05,2019/2020,Burnley,Everton,1,0,0.558912,1.30723,6.926,6.978,-0.052,-0.3452,0.18202,-0.19917,0.3812,0.1633,0.045,-0.1028,0.1651,0.0303,-0.1201,-0.1331,1.262,1.3154,-0.0535
2019-10-06,2019/2020,Southampton,Chelsea,1,4,1.27044,2.15201,6.85,7.127,-0.276,-1.8037,-0.16122,0.46077,-0.62198,-0.9223,0.1331,-0.0811,0.4303,0.1549,-0.2972,-0.236,1.1847,1.7237,-0.539
2019-10-06,2019/2020,Manchester City,Wolverhampton Wanderers,0,2,1.61884,1.18825,7.197,6.896,0.3,1.9522,2.20092,0.12023,2.08069,2.0022,0.7132,0.356,0.0834,0.0303,0.6298,0.3256,2.5676,0.7347,1.8329
2019-10-06,2019/2020,Newcastle United,Manchester United,1,0,0.650296,0.969204,6.813,6.838,-0.024,-0.1617,-0.01209,0.2378,-0.24989,-0.5196,-0.1672,-0.0882,0.246,0.1119,-0.4132,-0.2001,0.9439,1.401,-0.4571
2019-10-06,2019/2020,Arsenal,Bournemouth,1,0,1.24109,0.683967,6.958,6.944,0.014,0.087,1.11885,-0.38426,1.50311,1.3772,0.2877,-0.2177,0.2585,-0.283,0.0292,0.0654,2.2183,1.6074,0.6109
2019-10-19,2019/2020,Aston Villa,Brighton & Hove Albion,2,1,2.96692,1.32184,6.941,6.942,-0.001,-0.0122,0.06395,-0.4315,0.49545,0.2869,0.0801,-0.2335,-0.0341,-0.1668,0.1142,-0.0667,1.6016,1.2209,0.3807
2019-10-19,2019/2020,Everton,West Ham United,2,0,2.23324,0.459112,6.867,6.89,-0.023,-0.1518,0.47525,0.10785,0.36741,0.1483,0.1633,0.0508,0.0829,-0.2867,0.0804,0.3376,1.9573,1.0355,0.9219
2019-10-19,2019/2020,Bournemouth,Norwich City,0,0,0.675554,0.402873,6.928,6.758,0.17,1.1018,0.17464,-0.39392,0.56856,0.366,0.2054,-0.2415,0.1268,-0.4167,0.0786,0.1752,2.379,1.4165,0.9625
2019-10-19,2019/2020,Chelsea,Newcastle United,1,0,2.30068,0.197082,7.091,6.888,0.203,1.3207,0.98463,0.0127,0.97194,0.8025,0.4432,0.1507,-0.1772,-0.0738,0.6204,0.2246,2.15,0.7032,1.4469
2019-10-19,2019/2020,Wolverhampton Wanderers,Southampton,1,1,0.887495,1.37695,6.875,6.845,0.03,0.1936,0.34798,-0.24658,0.59456,0.3941,0.0966,0.0849,0.1359,-0.0962,-0.0393,0.1811,1.5229,1.0486,0.4744
2019-10-19,2019/2020,Crystal Palace,Manchester City,0,2,0.616864,4.02104,6.878,7.216,-0.338,-2.2055,0.38308,1.85146,-1.46839,-1.8381,0.095,-0.0423,0.6801,0.3407,-0.5851,-0.3829,0.9401,2.1442,-1.204
2019-10-19,2019/2020,Tottenham Hotspur,Watford,1,1,0.891617,0.846851,7.015,6.814,0.201,1.3032,0.82904,-0.60763,1.43667,1.3054,0.0974,-0.0647,0.1086,-0.3558,-0.0113,0.2912,2.0166,1.1612,0.8554
2019-10-19,2019/2020,Leicester City,Burnley,2,1,0.8291,1.79569,6.952,6.913,0.039,0.2485,0.77534,0.01749,0.75786,0.5708,0.0814,0.095,0.0143,-0.1017,0.0672,0.1966,1.5098,0.9183,0.5916
2019-10-20,2019/2020,Manchester United,Liverpool,1,1,0.791862,1.03212,6.883,7.113,-0.23,-1.502,0.33538,1.46825,-1.13287,-1.4751,0.2297,0.1182,0.4884,0.2972,-0.2587,-0.1791,1.138,1.4884,-0.3504
2019-10-21,2019/2020,Sheffield United,Arsenal,1,0,0.895722,0.949735,6.819,6.94,-0.121,-0.7922,0.07628,0.11849,-0.04221,-0.2949,-0.0042,0.0093,0.2423,-0.1856,-0.2465,0.1949,1.4789,1.2808,0.1981
2019-10-25,2019/2020,Southampton,Leicester City,0,9,0.457334,4.38046,6.843,6.965,-0.122,-0.7975,-0.24824,0.56983,-0.81808,-1.1345,0.147,-0.0744,0.0505,0.0734,0.0965,-0.1478,1.3275,1.1497,0.1778
2019-10-26,2019/2020,Brighton & Hove Albion,Everton,3,2,1.15279,1.04723,6.924,6.915,0.009,0.0539,-0.21048,-0.18918,-0.02131,-0.2723,-0.0289,-0.2025,0.1772,0.0649,-0.2061,-0.2674,1.1405,1.4604,-0.3199
2019-10-26,2019/2020,Watford,Bournemouth,0,0,0.674903,0.899526,6.816,6.92,-0.104,-0.6806,-0.22717,-0.36933,0.14216,-0.0954,0.0926,-0.3145,0.1208,-0.2128,-0.0282,-0.1018,1.6774,1.5649,0.1125
2019-10-26,2019/2020,Manchester City,Aston Villa,3,0,3.19004,0.980145,7.246,6.912,0.335,2.1739,2.08818,0.09082,1.99736,1.9121,0.7236,0.3486,0.2368,-0.2366,0.4868,0.5852,3.4018,0.8593,2.5425
2019-10-26,2019/2020,Burnley,Chelsea,2,4,2.23494,0.988321,6.9,7.013,-0.113,-0.7406,0.22493,0.59166,-0.36673,-0.6461,0.0454,-0.0795,0.4462,0.1597,-0.4008,-0.2392,1.1013,1.7148,-0.6135
2019-10-26,2019/2020,West Ham United,Sheffield United,1,1,2.33891,1.16171,6.96,6.832,0.128,0.8295,0.34132,0.18883,0.15249,-0.0842,0.0619,-0.294,-0.0588,0.0377,0.1207,-0.3317,1.3018,1.2461,0.0556
2019-10-27,2019/2020,Newcastle United,Wolverhampton Wanderers,1,1,0.603104,1.93255,6.941,6.942,-0.001,-0.0122,0.08193,0.22986,-0.14793,-0.4093,-0.1922,-0.0795,0.0686,0.0755,-0.2608,-0.155,0.9574,1.1599,-0.2026
2019-10-27,2019/2020,Arsenal,Crystal Palace,2,2,1.54014,1.77892,7.007,6.894,0.113,0.7317,1.00556,0.32462,0.68094,0.4876,0.2305,-0.1674,0.0812,-0.1263,0.1493,-0.0412,1.8121,1.2652,0.5469
2019-10-27,2019/2020,Liverpool,Tottenham Hotspur,2,1,2.18851,1.35143,7.168,7.046,0.122,0.7924,2.02762,0.44928,1.57835,1.4587,0.4711,0.3074,0.0486,-0.0551,0.4226,0.3625,2.1492,0.7608,1.3884
2019-10-27,2019/2020,Norwich City,Manchester United,1,3,0.8924,4.51232,6.785,6.883,-0.098,-0.6405,-0.2007,0.20228,-0.40298,-0.6853,0.0353,-0.2807,0.2146,0.134,-0.1794,-0.4147,1.1206,1.6604,-0.5398
2019-11-02,2019/2020,Bournemouth,Manchester United,1,0,1.86862,0.641129,6.962,6.898,0.064,0.4132,0.12769,0.31128,-0.18358,-0.4479,0.0924,-0.1788,0.3178,0.1392,-0.2254,-0.3179,1.2034,1.6307,-0.4273
2019-11-02,2019/2020,Arsenal,Wolverhampton Wanderers,1,1,1.02552,1.5103,7.016,6.937,0.079,0.509,0.93795,0.20989,0.72806,0.5386,0.2172,-0.1799,0.0944,0.0835,0.1227,-0.2634,1.4438,1.3035,0.1404
2019-11-02,2019/2020,Brighton & Hove Albion,Norwich City,2,0,2.65496,0.455082,6.91,6.76,0.151,0.9769,-0.12374,-0.4068,0.28306,0.0571,-0.0281,-0.1886,0.0191,-0.4358,-0.0473,0.2472,1.9153,1.2091,0.7063
2019-11-02,2019/2020,Aston Villa,Liverpool,1,2,0.741615,2.38824,6.874,7.171,-0.297,-1.9382,0.06163,1.33604,-1.27441,-1.6282,0.2449,-0.2165,0.4686,0.2898,-0.2237,-0.5063,1.1548,2.0556,-0.9007
2019-11-02,2019/2020,Sheffield United,Burnley,3,0,2.58392,0.716613,6.841,6.895,-0.054,-0.3583,0.17771,-0.08666,0.26437,0.0368,-0.0643,-0.0433,0.0945,-0.0535,-0.1588,0.0101,1.2299,1.1554,0.0745
2019-11-02,2019/2020,West Ham United,Newcastle United,2,3,1.53597,1.93192,6.943,6.868,0.075,0.482,0.32079,0.02189,0.29891,0.0742,0.102,-0.2894,-0.2049,-0.0986,0.3069,-0.1908,1.5431,1.0787,0.4644
2019-11-02,2019/2020,Watford,Chelsea,1,2,1.4744,2.18313,6.808,7.038,-0.23,-1.5004,-0.24644,0.70177,-0.94822,-1.2753,0.0362,-0.293,0.4133,0.1232,-0.3772,-0.4162,1.1161,2.083,-0.967
2019-11-02,2019/2020,Manchester City,Southampton,2,1,3.36132,0.893889,7.217,6.83,0.387,2.5161,2.17403,-0.29955,2.47357,2.4274,0.7112,0.342,0.1008,-0.158,0.6104,0.5,3.1256,0.7504,2.3752
2019-11-03,2019/2020,Crystal Palace,Leicester City,0,2,0.44291,0.981167,6.892,6.983,-0.092,-0.6014,0.37114,0.74181,-0.37066,-0.6503,0.1034,-0.115,0.1515,0.1015,-0.0481,-0.2165,1.2401,1.3199,-0.0797
2019-11-03,2019/2020,Everton,Tottenham Hotspur,1,1,1.15532,0.243393,6.921,7.039,-0.118,-0.7722,0.52751,0.50978,0.01773,-0.23,0.1583,0.064,0.0648,-0.0565,0.0935,0.1205,1.5295,1.015,0.5145
2019-11-08,2019/2020,Norwich City,Watford,0,2,0.62104,1.36017,6.658,6.826,-0.168,-1.0952,-0.38475,-0.52173,0.13698,-0.101,-0.0314,-0.4724,0.0521,-0.294,-0.0835,-0.1785,1.5949,1.7239,-0.129
2019-11-09,2019/2020,Newcastle United,Bournemouth,2,1,2.3306,1.9213,6.882,6.958,-0.077,-0.5034,0.1677,-0.28736,0.45506,0.2432,-0.1652,-0.0976,0.1153,-0.1456,-0.2805,0.0481,1.216,1.2486,-0.0327
2019-11-09,2019/2020,Chelsea,Crystal Palace,2,0,3.28903,0.479488,7.038,6.906,0.132,0.8542,1.06715,0.3189,0.74825,0.5604,0.4137,0.1109,0.0671,-0.1044,0.3467,0.2153,2.1342,0.9422,1.192
2019-11-09,2019/2020,Southampton,Everton,1,2,0.742281,2.08883,7.002,6.948,0.054,0.3467,-0.35022,-0.27768,-0.07255,-0.3277,0.1053,-0.1692,0.1391,0.0831,-0.0338,-0.2524,1.2877,1.3526,-0.0649
2019-11-09,2019/2020,Tottenham Hotspur,Sheffield United,1,1,1.5104,0.923443,7.02,6.906,0.113,0.733,0.7674,0.299,0.4684,0.2576,0.0413,-0.0432,0.0255,-0.0145,0.0159,-0.0287,1.3412,1.0568,0.2844
2019-11-09,2019/2020,Leicester City,Arsenal,2,0,1.37055,0.961339,6.992,7.012,-0.019,-0.1299,0.99406,-0.06142,1.05548,0.8929,0.1371,0.1254,0.2008,-0.1842,-0.0637,0.3096,1.7215,1.0808,0.6407
2019-11-09,2019/2020,Burnley,West Ham United,3,0,2.4158,0.474281,6.871,6.891,-0.02,-0.1362,0.02518,-0.08172,0.1069,-0.1336,0.0765,-0.0875,0.1008,-0.306,-0.0242,0.2184,1.8301,1.2102,0.6198
2019-11-10,2019/2020,Wolverhampton Wanderers,Aston Villa,2,1,2.09891,0.473225,6.94,6.866,0.075,0.4812,0.32008,0.02773,0.29234,0.0671,0.1028,0.0978,0.2016,-0.2323,-0.0988,0.3301,1.7652,1.0997,0.6655
2019-11-10,2019/2020,Liverpool,Manchester City,3,1,1.3319,1.48104,7.171,7.216,-0.045,-0.2936,1.94436,1.89571,0.04865,-0.1966,0.4754,0.3017,0.7114,0.3351,-0.236,-0.0333,1.4323,1.5145,-0.0822
2019-11-10,2019/2020,Manchester United,Brighton & Hove Albion,3,1,3.65299,1.1342,6.898,6.924,-0.025,-0.1684,0.43722,-0.35352,0.79074,0.6064,0.2743,0.1175,0.0166,-0.1685,0.2577,0.286,1.9427,0.9068,1.0359
2019-11-23,2019/2020,Bournemouth,Wolverhampton Wanderers,1,2,0.849789,1.2765,6.941,6.942,-0.001,-0.0122,0.18306,0.32675,-0.14369,-0.4047,0.139,-0.172,0.1183,0.1138,0.0207,-0.2858,1.2831,1.337,-0.0539
2019-11-23,2019/2020,West Ham United,Tottenham Hotspur,2,3,0.661449,2.20681,6.955,7.033,-0.077,-0.5073,0.13083,0.47774,-0.34691,-0.6246,0.0712,-0.3236,0.0472,-0.0396,0.024,-0.2841,1.3852,1.4624,-0.0772
2019-11-23,2019/2020,Arsenal,Southampton,2,2,1.60823,2.60312,7.017,6.818,0.199,1.2911,0.81202,-0.24925,1.06127,0.8991,0.195,-0.1702,0.0797,-0.1876,0.1152,0.0173,1.8786,1.254,0.6246
2019-11-23,2019/2020,Brighton & Hove Albion,Leicester City,0,2,0.784706,3.50917,6.865,6.999,-0.134,-0.8766,-0.07457,0.90708,-0.98166,-1.3115,0.0247,-0.2312,0.1193,0.1277,-0.0947,-0.3588,1.111,1.4427,-0.3317
2019-11-23,2019/2020,Everton,Norwich City,0,2,0.812693,1.80849,6.961,6.699,0.261,1.6976,0.57958,-0.60148,1.18106,1.0288,0.167,0.0996,-0.1084,-0.4507,0.2755,0.5503,2.3945,0.7873,1.6072
2019-11-23,2019/2020,Watford,Burnley,0,3,0.902384,2.66281,6.816,6.88,-0.064,-0.4191,-0.17181,-0.12985,-0.04196,-0.2946,0.0339,-0.265,0.1113,-0.0673,-0.0774,-0.1977,1.3742,1.4681,-0.0939
2019-11-23,2019/2020,Crystal Palace,Liverpool,1,2,1.02306,1.64291,6.903,7.151,-0.248,-1.6166,0.19659,1.38111,-1.18452,-1.531,0.0502,-0.1512,0.4676,0.3006,-0.4174,-0.4518,0.9458,1.9124,-0.9666
2019-11-23,2019/2020,Manchester City,Chelsea,2,1,1.23596,0.820474,7.242,7.078,0.164,1.0615,1.98982,0.77381,1.21601,1.0666,0.7043,0.337,0.4616,0.1225,0.2427,0.2145,2.2833,1.1109,1.1723
2019-11-24,2019/2020,Sheffield United,Manchester United,3,3,1.56025,1.33065,6.919,6.928,-0.01,-0.0686,0.34684,0.28064,0.0662,-0.1776,0.0175,-0.0259,0.349,0.111,-0.3316,-0.1369,1.1383,1.4567,-0.3184
2019-11-25,2019/2020,Aston Villa,Newcastle United,2,0,2.6985,0.69784,6.885,6.871,0.013,0.081,0.04953,0.15926,-0.10973,-0.368,0.1546,-0.2451,-0.1113,-0.1154,0.2658,-0.1297,1.6418,1.1415,0.5003
2019-11-30,2019/2020,Southampton,Watford,2,1,1.9671,0.504005,6.863,6.777,0.086,0.556,-0.37318,-0.49048,0.1173,-0.1223,0.147,-0.1764,0.012,-0.2949,0.135,0.1185,1.967,1.1951,0.7719
2019-11-30,2019/2020,Liverpool,Brighton & Hove Albion,2,1,1.36832,0.867601,7.192,6.871,0.321,2.0886,2.04696,-0.50638,2.55334,2.5137,0.4545,0.2958,0.0083,-0.2895,0.4462,0.5852,2.7361,0.722,2.0141
2019-11-30,2019/2020,Tottenham Hotspur,Bournemouth,3,2,2.93189,1.02949,7.041,6.892,0.149,0.9653,0.75924,-0.39753,1.15677,1.0025,0.0767,-0.0162,0.1206,-0.1688,-0.0439,0.1526,1.6282,1.1265,0.5018
2019-11-30,2019/2020,Burnley,Crystal Palace,0,2,1.8509,0.936732,6.887,6.884,0.003,0.016,0.25399,0.23827,0.01572,-0.2322,0.1647,-0.0526,0.053,-0.1398,0.1117,0.0872,1.6974,1.111,0.5864
2019-11-30,2019/2020,Newcastle United,Manchester City,2,2,0.208252,2.44389,6.854,7.187,-0.333,-2.1699,0.14402,1.7583,-1.61428,-1.996,-0.1291,-0.1484,0.6642,0.3449,-0.7933,-0.4933,0.7488,2.3451,-1.5964
2019-11-30,2019/2020,Chelsea,West Ham United,0,1,2.73185,1.12034,7.0,6.851,0.149,0.9663,1.18258,-0.26246,1.44504,1.3144,0.4477,0.1789,0.035,-0.3428,0.4127,0.5216,2.808,0.8508,1.9572
2019-12-01,2019/2020,Leicester City,Everton,2,1,2.24348,1.24986,7.007,6.949,0.057,0.3698,1.13473,-0.28958,1.42431,1.292,0.1924,0.1359,0.0926,0.0779,0.0998,0.0579,1.4128,0.9512,0.4616
2019-12-01,2019/2020,Manchester United,Aston Villa,2,2,1.84804,1.29701,6.926,6.966,-0.04,-0.2656,0.53864,0.04009,0.49856,0.2903,0.3415,0.0978,0.2509,-0.2296,0.0907,0.3274,2.2047,1.1711,1.0336
2019-12-01,2019/2020,Wolverhampton Wanderers,Sheffield United,1,1,1.27422,1.47296,6.934,6.912,0.021,0.1357,0.44157,0.34469,0.09688,-0.1444,0.1149,0.1268,0.0417,-0.0172,0.0732,0.144,1.4317,0.9162,0.5156
2019-12-01,2019/2020,Norwich City,Arsenal,2,2,0.810596,1.96157,6.732,7.018,-0.285,-1.8597,-0.41395,-0.20344,-0.21051,-0.477,-0.0603,-0.3583,0.1822,-0.2054,-0.2425,-0.1529,1.3985,1.7764,-0.3779
2019-12-03,2019/2020,Crystal Palace,Bournemouth,1,0,0.383763,0.342799,6.887,6.86,0.027,0.1713,0.30115,-0.37649,0.67764,0.484,0.0459,-0.1437,0.1156,-0.21,-0.0697,0.0663,1.6216,1.2919,0.3296
2019-12-03,2019/2020,Burnley,Manchester City,1,4,0.486548,2.56057,6.876,7.233,-0.357,-2.3275,0.13361,1.64877,-1.51516,-1.8887,0.1715,-0.0478,0.6611,0.3557,-0.4896,-0.4035,0.9975,2.1203,-1.1228
2019-12-04,2019/2020,Southampton,Norwich City,2,1,2.00232,0.896647,6.903,6.757,0.145,0.9431,-0.29351,-0.44237,0.14886,-0.0882,0.1458,-0.1581,-0.1017,-0.3632,0.2475,0.2051,2.1182,1.0399,1.0784
2019-12-04,2019/2020,Liverpool,Everton,5,2,2.41397,1.76453,7.087,6.954,0.134,0.866,1.93934,-0.2413,2.18064,2.1104,0.4054,0.2898,0.1016,0.0483,0.3038,0.2415,1.8172,0.8154,1.0018
2019-12-04,2019/2020,Chelsea,Aston Villa,2,1,1.9774,0.86086,7.048,6.937,0.112,0.7224,1.05316,0.09452,0.95864,0.7881,0.4403,0.1712,0.2567,-0.2099,0.1836,0.3811,2.4297,1.0749,1.3548
2019-12-04,2019/2020,Leicester City,Watford,2,0,2.28735,0.199733,7.027,6.824,0.203,1.3148,1.08645,-0.57014,1.65659,1.5433,0.2205,0.1271,-0.0151,-0.2924,0.2356,0.4195,2.141,0.8468,1.2942
2019-12-04,2019/2020,Wolverhampton Wanderers,West Ham United,2,0,1.82237,0.501977,6.946,7.002,-0.056,-0.3696,0.42802,-0.13304,0.56106,0.3579,0.1073,0.1125,0.0442,-0.3363,0.0632,0.4488,1.9372,0.9403,0.9969
2019-12-04,2019/2020,Manchester United,Tottenham Hotspur,2,1,1.47683,0.542315,6.963,7.018,-0.055,-0.3651,0.48421,0.52947,-0.04526,-0.2982,0.3208,0.0932,0.1283,-0.0135,0.1925,0.1066,1.7365,1.0427,0.6939
2019-12-05,2019/2020,Sheffield United,Newcastle United,0,2,1.09175,0.533775,6.841,6.89,-0.049,-0.3221,0.34641,0.10974,0.23667,0.0069,0.0664,-0.0074,-0.1499,-0.1516,0.2163,0.1442,1.5472,0.8723,0.6749
2019-12-05,2019/2020,Arsenal,Brighton & Hove Albion,1,2,0.965377,1.53446,7.002,6.895,0.107,0.6895,0.7052,-0.39876,1.10396,0.9453,0.1879,-0.1864,0.0139,-0.2251,0.1739,0.0387,1.9154,1.2065,0.7089
2019-12-07,2019/2020,Bournemouth,Liverpool,0,3,0.154608,3.04446,6.902,7.143,-0.241,-1.5755,0.09291,1.3358,-1.24288,-1.5941,0.0743,-0.1682,0.4186,0.2625,-0.3442,-0.4307,1.0074,1.8508,-0.8435
2019-12-07,2019/2020,Everton,Chelsea,3,1,2.03892,1.25734,6.961,7.054,-0.093,-0.6097,0.42009,0.71943,-0.29933,-0.5731,0.1317,0.0226,0.4171,0.1757,-0.2853,-0.1531,1.1844,1.5003,-0.3159
2019-12-07,2019/2020,Manchester City,Manchester United,1,2,2.07108,1.63385,7.221,6.919,0.302,1.9638,1.95917,0.3124,1.64676,1.5327,0.6668,0.3698,0.3063,0.1063,0.3605,0.2635,2.2723,0.9054,1.3669
2019-12-07,2019/2020,Tottenham Hotspur,Burnley,5,0,2.39684,1.08645,7.029,6.882,0.147,0.9539,0.67961,-0.14249,0.8221,0.6403,0.1117,-0.0033,0.1477,-0.0664,-0.0361,0.0632,1.5218,1.1428,0.379
2019-12-07,2019/2020,Watford,Crystal Palace,0,0,1.57132,0.210746,6.819,6.876,-0.057,-0.377,-0.39009,0.3846,-0.77469,-1.0875,-0.0382,-0.295,-0.0155,-0.1171,-0.0227,-0.1779,1.3449,1.3317,0.0132
2019-12-08,2019/2020,Brighton & Hove Albion,Wolverhampton Wanderers,2,2,0.951621,1.87208,6.897,6.953,-0.056,-0.3701,-0.00782,0.46514,-0.47296,-0.761,0.031,-0.1906,0.1004,0.1225,-0.0694,-0.3131,1.1344,1.3468,-0.2125
2019-12-08,2019/2020,Aston Villa,Leicester City,1,4,1.24141,4.03286,6.915,7.001,-0.086,-0.5633,0.20436,0.98881,-0.78445,-1.0981,0.2411,-0.1858,0.225,0.1409,0.016,-0.3267,1.3691,1.5237,-0.1546
2019-12-08,2019/2020,Norwich City,Sheffield United,1,2,0.585805,0.712899,6.79,6.905,-0.115,-0.7495,-0.43863,0.2747,-0.71333,-1.0211,-0.1077,-0.3547,0.0341,0.0055,-0.1418,-0.3602,1.1023,1.4956,-0.3933
2019-12-08,2019/2020,Newcastle United,Southampton,2,1,1.10449,1.89255,6.862,6.883,-0.021,-0.1381,0.33709,-0.05555,0.39264,0.1756,-0.1603,-0.1366,0.138,-0.1536,-0.2983,0.017,1.2399,1.3193,-0.0794
2019-12-09,2019/2020,West Ham United,Arsenal,1,3,0.521847,1.79181,6.931,6.973,-0.042,-0.275,0.08215,-0.31233,0.39448,0.1776,0.0289,-0.3295,0.1471,-0.1935,-0.1182,-0.136,1.5554,1.6187,-0.0633
2019-12-14,2019/2020,Chelsea,Bournemouth,0,1,2.02119,1.20777,7.031,6.881,0.149,0.9686,0.97478,-0.49124,1.46602,1.3371,0.4059,0.1475,0.039,-0.2103,0.3668,0.3578,2.359,0.8815,1.4775
2019-12-14,2019/2020,Liverpool,Watford,2,0,1.56674,1.01166,7.182,6.833,0.348,2.2643,2.09127,-0.5621,2.65338,2.6219,0.4513,0.2873,-0.0263,-0.2647,0.4775,0.552,2.6691,0.7011,1.968
2019-12-14,2019/2020,Burnley,Newcastle United,1,0,1.43602,1.08726,6.88,6.883,-0.003,-0.0257,-0.07284,0.27677,-0.34961,-0.6275,0.144,-0.0936,-0.1655,-0.1513,0.3095,0.0576,1.6806,0.9311,0.7495
2019-12-14,2019/2020,Leicester City,Norwich City,1,1,1.06421,1.16408,7.026,6.816,0.209,1.3588,1.21065,-0.54389,1.75453,1.6493,0.3144,0.1441,-0.1353,-0.3254,0.4497,0.4695,2.4328,0.7377,1.6951
2019-12-14,2019/2020,Southampton,West Ham United,0,1,0.805884,0.90324,6.876,6.865,0.01,0.0618,-0.25731,-0.32249,0.06518,-0.1787,0.1598,-0.1487,-0.0236,-0.3318,0.1834,0.1831,2.0485,1.132,0.9166
2019-12-14,2019/2020,Sheffield United,Aston Villa,2,0,1.888,0.97258,6.913,6.941,-0.028,-0.1868,0.2447,0.00526,0.23943,0.0099,-0.0072,0.0287,0.2293,-0.2676,-0.2365,0.2963,1.6182,1.2263,0.3918
2019-12-15,2019/2020,Arsenal,Manchester City,0,3,0.28161,1.69553,6.971,7.209,-0.238,-1.5544,0.66843,1.66548,-0.99705,-1.3281,0.1532,-0.1574,0.6551,0.3442,-0.5019,-0.5016,1.0049,2.3186,-1.3137
2019-12-15,2019/2020,Manchester United,Everton,1,1,1.48327,0.276759,6.924,6.88,0.044,0.2818,0.66077,-0.23303,0.8938,0.7179,0.3266,0.1158,0.1648,0.031,0.1618,0.0848,1.6906,1.0448,0.6458
2019-12-15,2019/2020,Wolverhampton Wanderers,Tottenham Hotspur,1,2,0.718669,0.989205,6.952,7.037,-0.085,-0.5545,0.49692,0.54266,-0.04574,-0.2987,0.118,0.1269,0.1461,-0.0017,-0.0282,0.1286,1.3964,1.0299,0.3665
2019-12-16,2019/2020,Crystal Palace,Brighton & Hove Albion,1,1,0.484859,2.48355,6.886,6.877,0.009,0.0558,0.29109,-0.24143,0.53252,0.327,-0.0574,-0.1224,0.0221,-0.2025,-0.0794,0.0801,1.4485,1.1542,0.2943
2019-12-21,2019/2020,Bournemouth,Burnley,0,1,0.138532,0.144318,6.899,6.872,0.028,0.1759,0.06574,-0.22704,0.29278,0.0676,0.0503,-0.1943,0.129,-0.0961,-0.0787,-0.0982,1.4534,1.3772,0.0762
2019-12-21,2019/2020,Manchester City,Leicester City,3,1,3.59139,1.01388,7.187,7.013,0.175,1.1327,1.90621,1.03791,0.86831,0.6903,0.6292,0.3655,0.2532,0.1342,0.376,0.2314,2.0961,0.8754,1.2207
2019-12-21,2019/2020,Norwich City,Wolverhampton Wanderers,1,2,1.26536,1.65224,6.799,6.95,-0.151,-0.9846,-0.39826,0.35715,-0.75542,-1.0666,-0.116,-0.2583,0.0875,0.1269,-0.2035,-0.3852,0.9641,1.4389,-0.4749
2019-12-21,2019/2020,Newcastle United,Crystal Palace,1,0,0.714368,0.985368,6.912,6.905,0.007,0.0428,0.33261,0.27305,0.05956,-0.1848,-0.1586,-0.1417,-0.1003,-0.1542,-0.0583,0.0125,1.247,1.0415,0.2055
2019-12-21,2019/2020,Everton,Arsenal,0,0,0.486523,0.881818,6.965,6.909,0.057,0.3651,0.60019,-0.26391,0.8641,0.6858,0.1351,0.0386,0.127,-0.1279,0.0081,0.1665,1.6388,1.0851,0.5537
2019-12-21,2019/2020,Brighton & Hove Albion,Sheffield United,0,1,0.428371,1.65933,6.89,6.858,0.031,0.2,0.0826,0.38596,-0.30336,-0.5775,0.0823,-0.174,0.0099,0.0405,0.0724,-0.2145,1.3097,1.1975,0.1122
2019-12-21,2019/2020,Aston Villa,Southampton,1,3,0.921054,2.63444,6.916,6.852,0.064,0.4113,0.00363,-0.17735,0.18098,-0.0534,0.2134,-0.2743,0.0882,-0.1417,0.1252,-0.1326,1.7985,1.4261,0.3724
2019-12-22,2019/2020,Tottenham Hotspur,Chelsea,0,2,0.276667,1.49374,7.037,7.037,0.0,-0.0036,0.88684,0.50629,0.38055,0.1626,0.1436,0.0202,0.3892,0.1383,-0.2456,-0.1181,1.2581,1.4465,-0.1884
2019-12-22,2019/2020,Watford,Manchester United,2,0,1.59291,1.5309,6.829,6.93,-0.101,-0.662,-0.27274,0.39189,-0.66464,-0.9684,-0.0151,-0.2162,0.3156,0.1347,-0.3307,-0.3509,1.0644,1.7227,-0.6583
2019-12-26,2019/2020,Chelsea,Southampton,0,2,0.859973,0.981321,7.072,6.772,0.3,1.9498,0.93043,-0.05324,0.98367,0.8152,0.3875,0.1698,0.1368,-0.1098,0.2507,0.2796,2.1325,0.9336,1.1989
2019-12-26,2019/2020,Sheffield United,Watford,1,1,2.04481,0.596611,6.915,6.82,0.095,0.6141,0.40426,-0.40746,0.81173,0.6291,0.0303,0.0829,0.0079,-0.2086,0.0224,0.2915,1.6071,0.9173,0.6898
2019-12-26,2019/2020,Everton,Burnley,1,0,1.47521,0.565252,6.953,6.89,0.062,0.4021,0.52155,-0.12858,0.65013,0.4543,0.0827,0.0436,0.073,-0.0539,0.0097,0.0975,1.4453,1.0223,0.423
2019-12-26,2019/2020,Crystal Palace,West Ham United,2,1,2.14195,0.796338,6.875,6.879,-0.004,-0.0274,0.17886,-0.23367,0.41254,0.1972,-0.1013,-0.1386,-0.0321,-0.2852,-0.0693,0.1466,1.5033,1.1129,0.3904
2019-12-26,2019/2020,Leicester City,Liverpool,0,4,0.120994,3.76973,7.008,7.159,-0.151,-0.9864,1.03579,1.40566,-0.36987,-0.6495,0.2549,0.0583,0.4141,0.2777,-0.1592,-0.2194,1.2013,1.4533,-0.252
2019-12-26,2019/2020,Tottenham Hotspur,Brighton & Hove Albion,2,1,1.02645,1.09007,6.962,6.887,0.076,0.4902,0.75865,-0.2301,0.98875,0.8207,0.104,0.0184,0.0377,-0.1835,0.0663,0.2019,1.6835,1.0104,0.6731
2019-12-26,2019/2020,Manchester United,Newcastle United,4,1,1.99638,1.05018,6.94,6.866,0.074,0.4794,0.49164,0.23131,0.26033,0.0325,0.3055,0.1194,-0.1838,-0.1392,0.4893,0.2587,1.9697,0.732,1.2377
2019-12-26,2019/2020,Aston Villa,Norwich City,1,0,0.654194,1.45005,6.829,6.807,0.022,0.1398,-0.12049,-0.45091,0.33042,0.1083,0.1487,-0.3097,-0.0997,-0.2627,0.2484,-0.047,1.8934,1.2306,0.6628
2019-12-26,2019/2020,Bournemouth,Arsenal,1,1,1.55463,1.42464,6.844,7.009,-0.164,-1.0746,-0.03271,-0.18526,0.15255,-0.0842,-0.0102,-0.1595,0.1188,-0.089,-0.1291,-0.0704,1.3277,1.3472,-0.0194
2019-12-27,2019/2020,Wolverhampton Wanderers,Manchester City,3,2,2.39405,1.52044,6.941,6.942,-0.001,-0.0122,0.43415,1.84676,-1.41261,-1.7778,0.0942,0.1179,0.6742,0.3582,-0.58,-0.2403,0.9608,1.7445,-0.7837
2019-12-28,2019/2020,Burnley,Manchester United,0,2,0.386662,2.10542,6.869,6.889,-0.02,-0.1342,0.06569,0.34828,-0.28259,-0.555,0.0558,-0.0544,0.3041,0.1123,-0.2483,-0.1667,1.1799,1.4347,-0.2549
2019-12-28,2019/2020,West Ham United,Leicester City,1,2,0.782104,2.62349,6.907,6.873,0.034,0.2151,-0.02788,0.84857,-0.87645,-1.1976,-0.0443,-0.3004,0.211,-0.0251,-0.2553,-0.2753,1.2325,1.661,-0.4285
2019-12-28,2019/2020,Watford,Aston Villa,3,0,3.25314,0.610997,6.821,6.858,-0.038,-0.2482,-0.08899,-0.14672,0.05773,-0.1868,-0.0039,-0.2189,0.0642,-0.313,-0.0681,0.0941,1.697,1.3334,0.3637
2019-12-28,2019/2020,Norwich City,Tottenham Hotspur,2,2,0.268052,1.82189,6.711,7.036,-0.326,-2.123,-0.47384,0.54174,-1.01558,-1.3482,-0.087,-0.215,0.0738,0.0163,-0.1608,-0.2313,1.0857,1.3877,-0.3021
2019-12-28,2019/2020,Southampton,Crystal Palace,1,1,1.47937,0.137837,6.814,6.875,-0.061,-0.3992,-0.17123,0.23111,-0.40234,-0.6846,0.1372,-0.0564,-0.07,-0.1295,0.2072,0.0731,1.6221,0.9937,0.6283
2019-12-28,2019/2020,Newcastle United,Everton,1,2,1.63211,2.82576,6.938,6.91,0.028,0.1758,0.32565,-0.17748,0.50313,0.2952,-0.1724,-0.1391,0.0832,0.0546,-0.2556,-0.1937,1.0005,1.2448,-0.2443
2019-12-28,2019/2020,Brighton & Hove Albion,Bournemouth,2,0,1.05876,0.500726,6.819,6.922,-0.103,-0.677,0.01285,-0.44075,0.4536,0.2416,0.0408,-0.1606,0.0002,-0.1602,0.0406,-0.0004,1.5112,1.1891,0.3222
2019-12-29,2019/2020,Arsenal,Chelsea,1,2,0.785214,1.49666,6.983,7.023,-0.04,-0.2624,0.61448,0.54234,0.07214,-0.1712,0.1207,-0.0945,0.3363,0.1671,-0.2157,-0.2616,1.189,1.546,-0.357
2019-12-29,2019/2020,Liverpool,Wolverhampton Wanderers,1,0,1.49124,0.363764,7.168,6.83,0.338,2.194,2.12302,0.47403,1.64899,1.5351,0.4767,0.3158,0.1456,0.1268,0.3311,0.189,1.8487,0.8103,1.0384
2019-12-29,2019/2020,Manchester City,Sheffield United,2,0,1.08628,1.23346,7.168,6.916,0.252,1.6365,1.91216,0.40414,1.50802,1.3826,0.6622,0.3092,0.0531,0.0934,0.6091,0.2158,2.2776,0.7512,1.5264
2020-01-01,2019/2020,Watford,Wolverhampton Wanderers,2,1,1.07053,1.23252,6.941,6.942,-0.001,-0.0122,0.04864,0.53951,-0.49086,-0.7804,0.0862,-0.1993,0.1292,0.1413,-0.0429,-0.3406,1.1842,1.3891,-0.2049
2020-01-01,2019/2020,West Ham United,Bournemouth,4,0,2.32825,0.720709,6.88,6.87,0.01,0.0601,-0.04484,-0.54815,0.50331,0.2954,-0.0656,-0.3273,-0.0268,-0.1454,-0.0388,-0.1818,1.3569,1.3489,0.008
2020-01-01,2019/2020,Southampton,Tottenham Hotspur,1,0,1.51192,1.078,6.869,7.016,-0.147,-0.9587,-0.12487,0.45527,-0.58014,-0.877,0.1287,-0.0376,0.0869,0.0375,0.0418,-0.0751,1.3471,1.1526,0.1945
2020-01-01,2019/2020,Norwich City,Crystal Palace,1,1,1.66454,1.29896,6.941,6.942,-0.001,-0.0122,-0.38737,0.18475,-0.57211,-0.8683,-0.1342,-0.2259,-0.0954,-0.1234,-0.0388,-0.1025,1.2378,1.1397,0.0981
2020-01-01,2019/2020,Burnley,Aston Villa,1,2,2.34418,1.74824,6.901,6.825,0.076,0.4935,-0.0469,-0.28435,0.23745,0.0077,0.0221,-0.0751,0.0291,-0.3656,-0.007,0.2904,1.8609,1.0999,0.761
2020-01-01,2019/2020,Brighton & Hove Albion,Chelsea,1,1,1.56978,1.57497,6.855,7.036,-0.182,-1.1871,0.12025,0.63148,-0.51123,-0.8024,0.0162,-0.1423,0.3317,0.1786,-0.3155,-0.3209,1.041,1.6416,-0.6006
2020-01-01,2019/2020,Newcastle United,Leicester City,0,3,0.780118,2.43642,6.896,7.008,-0.112,-0.7313,0.21966,0.86553,-0.64587,-0.9481,-0.1464,-0.1797,0.2475,-0.0112,-0.3939,-0.1685,1.0787,1.5536,-0.475
2020-01-01,2019/2020,Arsenal,Manchester United,2,0,1.90747,0.715563,7.035,6.944,0.091,0.5911,0.52534,0.46087,0.06447,-0.1795,0.1049,-0.0921,0.3248,0.1353,-0.2199,-0.2275,1.2272,1.501,-0.2738
2020-01-01,2019/2020,Manchester City,Everton,2,1,1.79757,0.848942,7.18,6.966,0.215,1.3927,1.96607,-0.07149,2.03756,1.9556,0.6195,0.2942,0.1467,0.0385,0.4727,0.2556,2.2951,0.8412,1.4539
2020-01-02,2019/2020,Liverpool,Sheffield United,2,0,3.0465,0.634607,7.183,6.919,0.264,1.7172,2.05754,0.35024,1.7073,1.5982,0.4623,0.3247,0.0702,0.1741,0.3921,0.1506,1.7228,0.7513,0.9715
2020-01-10,2019/2020,Sheffield United,West Ham United,1,0,2.02768,0.90477,6.904,6.921,-0.017,-0.112,0.26864,-0.20962,0.47826,0.2683,0.0651,0.1055,-0.0222,-0.3081,0.0873,0.4135,1.8139,0.882,0.9319
2020-01-11,2019/2020,Wolverhampton Wanderers,Newcastle United,1,1,2.04805,0.184495,6.969,6.835,0.134,0.8656,0.53623,-0.059,0.59523,0.3949,0.1218,0.1434,-0.16,-0.2067,0.2818,0.3501,1.7659,0.7267,1.0392
2020-01-11,2019/2020,Manchester United,Norwich City,4,0,3.13456,0.275987,6.926,6.834,0.092,0.5931,0.62228,-0.42009,1.04237,0.8787,0.2907,0.1127,-0.1086,-0.228,0.3993,0.3407,2.1252,0.7928,1.3324
2020-01-11,2019/2020,Chelsea,Burnley,3,0,2.87633,0.717407,7.075,6.846,0.229,1.4893,0.81468,-0.30939,1.12407,0.9671,0.3266,0.162,0.0483,-0.0907,0.2783,0.2527,1.952,0.8685,1.0835
2020-01-11,2019/2020,Everton,Brighton & Hove Albion,1,0,2.02533,1.53324,6.93,6.847,0.083,0.5366,0.69213,-0.12322,0.81535,0.633,0.1457,0.0624,0.0392,-0.1388,0.1065,0.2012,1.6799,0.9676,0.7123
2020-01-11,2019/2020,Crystal Palace,Arsenal,1,1,0.317862,1.43924,6.854,7.045,-0.191,-1.2487,0.16909,-0.14521,0.3143,0.0909,-0.089,-0.134,0.1291,-0.0667,-0.2182,-0.0672,1.1962,1.3311,-0.1348
2020-01-11,2019/2020,Leicester City,Southampton,1,2,0.780114,2.40601,6.938,6.863,0.074,0.4788,0.98595,0.18822,0.79773,0.614,0.2779,-0.003,0.1351,-0.0353,0.1428,0.0323,1.7269,1.1381,0.5888
2020-01-11,2019/2020,Tottenham Hotspur,Liverpool,0,1,1.10584,1.74564,7.006,7.191,-0.185,-1.2103,0.63036,1.53229,-0.90193,-1.2252,0.0838,0.0319,0.4949,0.3247,-0.4111,-0.2928,0.962,1.6245,-0.6625
2020-01-12,2019/2020,Aston Villa,Manchester City,1,6,1.12565,3.75131,6.901,7.232,-0.331,-2.1616,-0.08121,1.69554,-1.77675,-2.1718,0.0562,-0.3805,0.5991,0.2914,-0.5429,-0.6719,0.9508,2.7709,-1.8202
2020-01-12,2019/2020,Bournemouth,Watford,0,3,0.320447,2.29827,6.9,6.837,0.063,0.4078,-0.22137,-0.16964,-0.05173,-0.3052,-0.0553,-0.1709,0.0804,-0.1934,-0.1357,0.0225,1.4476,1.2762,0.1714
2020-01-18,2019/2020,Newcastle United,Chelsea,1,0,0.892988,2.05436,6.842,7.091,-0.249,-1.6245,0.13313,0.65399,-0.52086,-0.8128,-0.1766,-0.2148,0.3572,0.1643,-0.5338,-0.3791,0.8639,1.8253,-0.9614
2020-01-18,2019/2020,West Ham United,Everton,1,1,1.68436,1.95473,6.887,6.889,-0.002,-0.0143,0.06245,0.03225,0.0302,-0.2165,-0.0212,-0.3123,0.1604,0.0489,-0.1816,-0.3613,1.1664,1.6048,-0.4384
2020-01-18,2019/2020,Southampton,Wolverhampton Wanderers,2,3,0.786974,2.1772,6.868,6.954,-0.086,-0.5631,0.06015,0.39278,-0.33262,-0.6091,0.1824,-0.0014,0.1343,0.1525,0.0481,-0.1538,1.2763,1.1571,0.1191
2020-01-18,2019/2020,Norwich City,Bournemouth,1,0,1.76046,0.558298,6.941,6.942,-0.001,-0.0122,-0.41922,-0.78475,0.36553,0.1463,-0.1277,-0.2679,-0.1082,-0.1967,-0.0195,-0.0713,1.3405,1.1735,0.1671
2020-01-18,2019/2020,Watford,Tottenham Hotspur,0,0,2.39174,1.76697,6.85,7.009,-0.159,-1.0413,0.24603,0.33766,-0.09163,-0.3484,0.1234,-0.1605,0.0886,0.027,0.0348,-0.1876,1.352,1.3076,0.0444
2020-01-18,2019/2020,Manchester City,Crystal Palace,2,2,2.47314,0.586716,7.224,6.87,0.354,2.3032,1.97286,0.09926,1.8736,1.7781,0.6239,0.2833,-0.1257,-0.136,0.7496,0.4193,2.791,0.6369,2.1542
2020-01-18,2019/2020,Brighton & Hove Albion,Aston Villa,1,1,1.30028,1.02045,6.877,6.872,0.005,0.0282,0.15946,-0.2824,0.44186,0.2289,0.0615,-0.149,0.0643,-0.4246,-0.0028,0.2756,2.0361,1.2372,0.7989
2020-01-18,2019/2020,Arsenal,Sheffield United,1,1,1.22882,1.18444,7.002,6.911,0.091,0.5872,0.66919,0.35173,0.31746,0.0943,0.1322,-0.0435,0.0778,0.1039,0.0545,-0.1474,1.3013,1.1168,0.1845
2020-01-19,2019/2020,Burnley,Leicester City,2,1,1.50886,2.33415,6.848,6.949,-0.101,-0.6631,-0.22111,0.91666,-1.13777,-1.4804,0.0427,-0.1274,0.2355,-0.0397,-0.1927,-0.0877,1.3426,1.455,-0.1124
2020-01-19,2019/2020,Liverpool,Manchester United,2,0,2.00655,1.4185,7.193,6.919,0.274,1.7774,2.10267,0.43435,1.66832,1.556,0.4943,0.3174,0.3327,0.1227,0.1615,0.1947,1.8746,0.9829,0.8918
2020-01-21,2019/2020,Sheffield United,Manchester City,0,1,0.774943,2.873,6.895,7.205,-0.31,-2.0208,0.35053,1.75912,-1.40859,-1.7734,0.0799,0.1058,0.6084,0.282,-0.5285,-0.1761,0.9854,1.7153,-0.7299
2020-01-21,2019/2020,Everton,Newcastle United,2,2,2.05254,0.570931,6.944,6.839,0.106,0.6851,0.71941,0.07378,0.64563,0.4494,0.1755,0.0343,-0.1738,-0.2212,0.3493,0.2555,1.8844,0.802,1.0824
2020-01-21,2019/2020,Crystal Palace,Southampton,0,2,0.674589,1.1306,6.87,6.832,0.038,0.2422,0.20884,0.25857,-0.04973,-0.303,-0.1262,-0.1188,0.1597,-0.0273,-0.2859,-0.0914,1.1388,1.3153,-0.1765
2020-01-21,2019/2020,Aston Villa,Watford,2,1,1.06739,1.81101,6.864,6.844,0.02,0.1267,-0.1895,-0.02335,-0.16615,-0.429,0.0534,-0.3949,0.1736,-0.1711,-0.1202,-0.2239,1.5701,1.7616,-0.1916
2020-01-21,2019/2020,Chelsea,Arsenal,2,2,3.38612,0.568077,6.941,6.942,-0.001,-0.0122,0.86054,-0.1327,0.99324,0.8255,0.3621,0.1622,0.1283,-0.0448,0.2338,0.2069,1.8796,0.9669,0.9126
2020-01-21,2019/2020,Bournemouth,Brighton & Hove Albion,3,1,1.92315,1.97227,6.907,6.872,0.035,0.2217,-0.40208,-0.18074,-0.22134,-0.4887,-0.1314,-0.2066,0.0145,-0.1422,-0.1459,-0.0645,1.2702,1.2424,0.0278
2020-01-22,2019/2020,Manchester United,Burnley,0,2,1.416,0.717284,6.943,6.854,0.088,0.5707,0.73357,-0.34418,1.07775,0.917,0.3447,0.1157,0.051,-0.1539,0.2936,0.2697,2.0822,0.9276,1.1546
2020-01-22,2019/2020,Leicester City,West Ham United,4,1,2.91302,1.16254,6.96,6.897,0.063,0.4032,0.789,-0.26883,1.05782,0.8954,0.2614,-0.0449,0.0008,-0.3202,0.2606,0.2754,2.2555,1.039,1.2165
2020-01-22,2019/2020,Tottenham Hotspur,Norwich City,2,1,2.22282,1.42472,6.946,6.844,0.102,0.6615,0.60808,-0.51496,1.12304,0.966,0.1056,-0.0059,-0.1042,-0.25,0.2098,0.2441,1.8077,0.8954,0.9123
2020-01-23,2019/2020,Wolverhampton Wanderers,Liverpool,1,2,1.85442,1.59024,6.962,7.196,-0.234,-1.5273,0.51898,1.57255,-1.05357,-1.3893,0.1666,0.1669,0.494,0.3009,-0.3275,-0.134,1.064,1.4263,-0.3623
2020-01-29,2019/2020,West Ham United,Liverpool,0,2,0.878341,2.59926,6.924,7.153,-0.229,-1.4967,-0.02104,1.56482,-1.58586,-1.9652,0.006,-0.3429,0.4941,0.2717,-0.4881,-0.6145,0.9336,2.3735,-1.4399
2020-02-01,2019/2020,Leicester City,Chelsea,2,2,1.65956,0.806995,6.976,7.079,-0.104,-0.6795,0.90759,0.4905,0.41709,0.2021,0.291,-0.0478,0.4174,0.1718,-0.1264,-0.2196,1.3925,1.6122,-0.2197
2020-02-01,2019/2020,Newcastle United,Norwich City,0,0,0.937293,2.39985,6.862,6.765,0.097,0.6281,0.2832,-0.49806,0.78126,0.5962,-0.1809,-0.2253,-0.0805,-0.2628,-0.1004,0.0374,1.3739,1.1426,0.2313
2020-02-01,2019/2020,Bournemouth,Aston Villa,2,1,2.72236,1.40955,6.917,6.884,0.033,0.2134,-0.2771,-0.17041,-0.10669,-0.3647,-0.1016,-0.2244,0.0238,-0.3931,-0.1254,0.1687,1.6815,1.2767,0.4048
2020-02-01,2019/2020,Crystal Palace,Sheffield United,0,1,0.970063,0.860755,6.926,6.858,0.068,0.4393,0.09005,0.42147,-0.33142,-0.6078,-0.1445,-0.1128,0.0692,0.0497,-0.2137,-0.1624,1.0389,1.19,-0.151
2020-02-01,2019/2020,West Ham United,Brighton & Hove Albion,3,3,1.30774,2.03179,6.901,6.906,-0.005,-0.0359,-0.06844,-0.30572,0.23728,0.0075,0.0035,-0.3487,0.0434,-0.1585,-0.0399,-0.1902,1.4706,1.4811,-0.0105
2020-02-01,2019/2020,Liverpool,Southampton,4,0,3.7195,0.716298,7.173,6.88,0.293,1.9038,2.16896,0.37736,1.7916,1.6894,0.4979,0.2709,0.151,-0.0153,0.3469,0.2862,2.1649,0.8566,1.3083
2020-02-01,2019/2020,Watford,Everton,2,3,0.919248,2.70178,6.841,7.001,-0.16,-1.0442,0.19669,-0.00682,0.20351,-0.029,0.1747,-0.1544,0.1821,0.0386,-0.0074,-0.193,1.4069,1.4271,-0.0202
2020-02-01,2019/2020,Manchester United,Wolverhampton Wanderers,0,0,1.18608,1.54211,6.919,6.966,-0.048,-0.3139,0.59403,0.46464,0.12938,-0.1092,0.3125,0.1198,0.1986,0.1596,0.1139,-0.0398,1.4499,1.0882,0.3616
2020-02-02,2019/2020,Burnley,Arsenal,0,0,2.24562,1.48025,6.859,7.004,-0.145,-0.945,-0.0049,-0.04732,0.04241,-0.2033,0.0431,-0.1255,0.1135,-0.1027,-0.0704,-0.0228,1.4231,1.2921,0.1309
2020-02-02,2019/2020,Tottenham Hotspur,Manchester City,2,0,0.420293,3.25139,7.004,7.233,-0.229,-1.4977,0.59118,1.71221,-1.12102,-1.4623,0.1238,-0.0175,0.6293,0.2865,-0.5055,-0.3039,1.0349,1.9625,-0.9276
2020-02-08,2019/2020,Brighton & Hove Albion,Watford,1,1,0.76201,0.280048,6.884,6.835,0.049,0.3177,0.0465,-0.17991,0.22642,-0.0042,0.0698,-0.1521,0.1505,-0.1896,-0.0807,0.0375,1.6316,1.3455,0.286
2020-02-08,2019/2020,Everton,Crystal Palace,3,1,2.79103,0.865323,6.938,6.925,0.013,0.0793,0.71741,0.09239,0.62503,0.4271,0.2313,0.0545,-0.146,-0.1036,0.3774,0.1581,1.7519,0.8171,0.9348
2020-02-09,2019/2020,Sheffield United,Bournemouth,2,1,2.04467,1.07183,6.888,6.926,-0.037,-0.2478,0.44197,-0.70544,1.14741,0.9924,0.055,0.0513,-0.0445,-0.2261,0.0995,0.2774,1.6502,0.9128,0.7374
2020-02-14,2019/2020,Wolverhampton Wanderers,Leicester City,0,0,1.14491,0.527366,6.92,6.976,-0.056,-0.3707,0.5385,0.84077,-0.30227,-0.5763,0.2127,0.1676,0.2984,-0.0158,-0.0857,0.1834,1.5621,1.1474,0.4147
2020-02-15,2019/2020,Southampton,Burnley,1,2,0.694025,0.892699,6.869,6.86,0.009,0.0541,-0.01051,-0.20875,0.19824,-0.0347,0.1446,-0.0819,0.0834,-0.1296,0.0611,0.0477,1.6479,1.1786,0.4693
2020-02-15,2019/2020,Norwich City,Liverpool,0,1,0.383495,2.07331,6.822,7.172,-0.35,-2.2808,-0.29421,1.69536,-1.98957,-2.4021,-0.015,-0.248,0.5446,0.2725,-0.5596,-0.5205,0.9004,2.3034,-1.403
2020-02-16,2019/2020,Aston Villa,Tottenham Hotspur,2,3,1.71313,3.86024,6.911,7.011,-0.099,-0.6502,-0.15666,0.40696,-0.56362,-0.8591,0.0294,-0.422,0.0974,-0.0736,-0.068,-0.3483,1.3709,1.701,-0.3301
2020-02-16,2019/2020,Arsenal,Newcastle United,4,0,3.02257,1.16662,7.023,6.883,0.14,0.9104,0.69176,0.08976,0.602,0.4022,0.1198,-0.1266,-0.201,-0.2531,0.3208,0.1265,1.8476,0.9129,0.9347
2020-02-17,2019/2020,Chelsea,Manchester United,0,2,0.940204,0.681814,7.099,6.942,0.157,1.0169,0.80693,0.28969,0.51724,0.3105,0.383,0.1601,0.2995,0.106,0.0835,0.0541,1.682,1.1284,0.5536
2020-02-19,2019/2020,Manchester City,West Ham United,2,0,2.13777,0.0895892,7.235,6.889,0.346,2.2486,1.73131,-0.43916,2.17047,2.0994,0.6608,0.3052,-0.0049,-0.3604,0.6657,0.6656,3.6211,0.7038,2.9173
2020-02-22,2019/2020,Crystal Palace,Newcastle United,1,0,1.75552,0.164495,6.898,6.846,0.052,0.3314,-0.04444,-0.05387,0.00944,-0.239,-0.1432,-0.139,-0.1888,-0.2927,0.0456,0.1537,1.4621,0.9456,0.5165
2020-02-22,2019/2020,Chelsea,Tottenham Hotspur,2,1,1.78193,0.265879,7.047,7.054,-0.007,-0.0479,0.67618,0.45627,0.21991,-0.0113,0.3523,0.1728,0.1924,-0.0836,0.1599,0.2564,1.9337,1.0207,0.913
2020-02-22,2019/2020,Burnley,Bournemouth,3,0,3.09935,1.75718,6.864,6.885,-0.021,-0.138,0.05204,-0.68553,0.73757,0.5489,0.0715,-0.0964,-0.0388,-0.2376,0.1102,0.1412,1.7004,1.062,0.6384
2020-02-22,2019/2020,Southampton,Aston Villa,2,0,3.02926,0.47235,6.858,6.906,-0.048,-0.3186,-0.10517,-0.294,0.18883,-0.0449,0.0951,-0.0738,0.0476,-0.4863,0.0475,0.4124,2.2254,1.1357,1.0896
2020-02-22,2019/2020,Leicester City,Manchester City,0,1,0.723269,2.42749,7.008,7.212,-0.203,-1.3273,0.83529,1.55696,-0.72167,-1.0301,0.2776,-0.0003,0.6039,0.3173,-0.3263,-0.3177,1.1738,1.8748,-0.701
2020-02-22,2019/2020,Sheffield United,Brighton & Hove Albion,1,1,1.6597,1.06035,6.919,6.837,0.082,0.5315,0.42206,-0.29486,0.71692,0.5265,0.0741,0.0466,0.0252,-0.1201,0.0489,0.1667,1.5347,0.9694,0.5653
2020-02-23,2019/2020,Arsenal,Everton,3,2,1.33567,2.65691,7.024,6.977,0.047,0.3052,0.8354,0.15575,0.67965,0.4862,0.1768,-0.1307,0.2772,0.053,-0.1004,-0.1837,1.4244,1.4954,-0.071
2020-02-23,2019/2020,Manchester United,Watford,3,0,2.5042,0.294956,6.976,6.852,0.124,0.8019,0.6635,-0.15088,0.81438,0.632,0.2819,0.1353,0.1028,-0.1602,0.1791,0.2955,1.9761,0.9539,1.0222
2020-02-23,2019/2020,Wolverhampton Wanderers,Norwich City,3,0,3.25033,0.360646,6.931,6.798,0.133,0.8643,0.57546,-0.36737,0.94283,0.771,0.1887,0.1841,-0.0419,-0.236,0.2306,0.4201,1.9442,0.7852,1.159
2020-02-24,2019/2020,Liverpool,West Ham United,3,2,2.48209,0.638236,7.161,6.847,0.314,2.0377,2.23687,-0.41648,2.65336,2.6219,0.5333,0.285,-0.0268,-0.2871,0.5601,0.5721,2.9505,0.7053,2.2452
2020-02-28,2019/2020,Norwich City,Leicester City,1,0,0.591716,1.42581,6.851,6.933,-0.081,-0.534,-0.28991,0.78079,-1.07069,-1.4078,-0.0576,-0.2808,0.2572,-0.024,-0.3148,-0.2568,1.1984,1.7294,-0.531
2020-02-29,2019/2020,Watford,Liverpool,3,0,2.71351,0.206031,6.854,7.189,-0.335,-2.1869,0.03834,1.53635,-1.498,-1.8702,0.0785,-0.1784,0.5138,0.2841,-0.4354,-0.4624,0.9789,2.0797,-1.1008
2020-02-29,2019/2020,West Ham United,Southampton,3,1,2.78682,0.868573,6.833,6.824,0.009,0.055,-0.00973,0.26634,-0.27607,-0.548,-0.0291,-0.2662,0.1436,-0.0565,-0.1727,-0.2097,1.2875,1.505,-0.2174
2020-02-29,2019/2020,Newcastle United,Burnley,0,0,1.11713,0.617612,6.896,6.861,0.036,0.2272,0.05671,-0.03019,0.0869,-0.1552,-0.2175,-0.2987,0.1401,-0.1119,-0.3576,-0.1869,1.1308,1.5445,-0.4137
2020-02-29,2019/2020,Bournemouth,Chelsea,2,2,1.58495,1.98271,6.914,7.055,-0.141,-0.924,-0.25701,0.5002,-0.75721,-1.0686,-0.012,-0.2842,0.3424,0.1929,-0.3544,-0.4772,1.0025,1.9033,-0.9008
2020-02-29,2019/2020,Brighton & Hove Albion,Crystal Palace,0,1,1.78712,2.17159,6.843,6.902,-0.059,-0.3885,0.0641,0.04768,0.01641,-0.2315,0.0282,-0.1231,-0.1265,-0.1216,0.1547,-0.0015,1.4435,1.0038,0.4397
2020-03-01,2019/2020,Everton,Manchester United,1,1,2.41259,1.12561,6.865,7.094,-0.23,-1.5,0.79312,0.50324,0.28988,0.0644,0.3279,0.0556,0.3029,0.1503,0.0249,-0.0947,1.4542,1.3163,0.1379
2020-03-01,2019/2020,Tottenham Hotspur,Wolverhampton Wanderers,2,3,1.63079,2.62251,6.98,6.972,0.009,0.0522,0.71498,0.58787,0.12711,-0.1117,0.1661,-0.0767,0.2507,0.1912,-0.0846,-0.2679,1.2217,1.386,-0.1643
2020-03-07,2019/2020,Burnley,Tottenham Hotspur,1,1,3.33302,1.13669,6.867,7.004,-0.137,-0.8963,0.18604,0.32137,-0.13533,-0.3957,0.095,-0.1105,0.1809,-0.1139,-0.0859,0.0034,1.5171,1.3605,0.1566
2020-03-07,2019/2020,Wolverhampton Wanderers,Brighton & Hove Albion,0,0,0.898221,0.308874,6.936,6.85,0.086,0.5544,0.75789,-0.2826,1.04049,0.8767,0.2995,0.1768,0.0447,-0.1484,0.2548,0.3252,1.9786,0.8674,1.1112
2020-03-07,2019/2020,Sheffield United,Norwich City,1,0,1.17263,2.55449,6.914,6.877,0.037,0.2357,0.35213,-0.40761,0.75974,0.5729,0.0793,0.0436,-0.0928,-0.2683,0.1721,0.3119,1.7795,0.8687,0.9107
2020-03-07,2019/2020,Southampton,Newcastle United,0,1,0.348871,3.06384,6.814,6.896,-0.082,-0.5372,-0.07405,-0.14728,0.07323,-0.17,0.1166,-0.0985,-0.2162,-0.2673,0.3328,0.1688,1.8192,0.8977,0.9215
2020-03-07,2019/2020,Arsenal,West Ham United,1,0,1.55974,1.61615,6.999,6.877,0.123,0.7937,0.87415,-0.22169,1.09584,0.9366,0.1718,-0.1675,0.0473,-0.2487,0.1244,0.0812,1.9336,1.2218,0.7118
2020-03-07,2019/2020,Crystal Palace,Watford,1,0,0.856107,0.449161,6.906,6.853,0.054,0.3475,0.09849,-0.17226,0.27074,0.0437,-0.0841,-0.1311,0.1545,-0.1048,-0.2386,-0.0263,1.2858,1.3221,-0.0363
2020-03-07,2019/2020,Liverpool,Bournemouth,2,1,1.89453,1.29544,7.176,6.934,0.242,1.5737,2.02331,-0.76307,2.78638,2.7658,0.4579,0.2266,0.0117,-0.2848,0.4462,0.5114,2.7069,0.7837,1.9233
2020-03-08,2019/2020,Chelsea,Everton,4,0,2.02883,0.445922,7.077,6.911,0.166,1.0777,0.70171,0.0932,0.60851,0.4092,0.3423,0.1747,0.3669,0.0613,-0.0246,0.1135,1.6907,1.1882,0.5025
2020-03-08,2019/2020,Manchester United,Manchester City,2,0,1.7389,0.585469,7.014,7.199,-0.185,-1.2087,0.81153,1.5915,-0.77997,-1.0932,0.2939,0.1147,0.614,0.3319,-0.3201,-0.2172,1.1784,1.6843,-0.5059
2020-03-09,2019/2020,Leicester City,Aston Villa,4,0,2.41239,0.672448,6.942,6.911,0.032,0.2016,0.71964,-0.40919,1.12884,0.9723,0.2434,-0.0068,0.021,-0.5122,0.2224,0.5054,2.6743,1.0245,1.6498
2020-06-17,2019/2020,Aston Villa,Sheffield United,0,0,1.00877,0.235909,6.815,6.879,-0.063,-0.4166,-0.37382,0.44873,-0.82255,-1.1393,0.0061,-0.4971,0.0475,-0.0001,-0.0414,-0.497,1.2497,1.7372,-0.4875
2020-06-17,2019/2020,Manchester City,Arsenal,3,0,2.73725,0.496759,6.941,6.942,-0.001,-0.0122,1.64156,0.0715,1.57006,1.4497,0.5794,0.3077,0.153,-0.1768,0.4265,0.4845,2.6654,0.8568,1.8086
2020-06-19,2019/2020,Norwich City,Southampton,0,3,0.654932,1.87099,6.854,6.806,0.048,0.3083,-0.1886,0.08076,-0.26936,-0.5407,-0.0255,-0.246,0.0399,-0.1431,-0.0655,-0.1029,1.4156,1.3235,0.0921
2020-06-19,2019/2020,Tottenham Hotspur,Manchester United,1,1,0.534852,1.77307,7.0,7.003,-0.002,-0.0196,0.61108,0.62907,-0.018,-0.2687,0.1705,-0.1727,0.3133,0.1581,-0.1428,-0.3308,1.2667,1.6264,-0.3598
2020-06-20,2019/2020,Watford,Leicester City,1,1,1.00765,1.05245,6.848,6.978,-0.13,-0.8505,0.14547,0.75017,-0.6047,-0.9036,0.1137,-0.0931,0.2274,0.002,-0.1137,-0.095,1.3778,1.3994,-0.0216
2020-06-20,2019/2020,Brighton & Hove Albion,Arsenal,2,1,0.670973,0.69627,6.852,6.974,-0.122,-0.7954,0.03603,-0.032,0.06802,-0.1756,0.0255,-0.1044,0.1404,-0.1788,-0.1149,0.0744,1.513,1.2961,0.2168
2020-06-20,2019/2020,West Ham United,Wolverhampton Wanderers,0,2,0.44207,1.06433,6.867,6.947,-0.079,-0.5211,0.12533,0.62105,-0.49572,-0.7856,0.0674,-0.2356,0.2463,0.1882,-0.1789,-0.4238,1.0985,1.6346,-0.5361
2020-06-20,2019/2020,Bournemouth,Crystal Palace,0,2,0.363637,0.788453,6.882,6.92,-0.038,-0.2533,-0.10822,0.18134,-0.28955,-0.5625,0.0319,-0.2444,-0.1029,-0.105,0.1348,-0.1394,1.4284,1.1574,0.271
2020-06-21,2019/2020,Everton,Liverpool,0,0,0.621456,0.659123,6.882,7.167,-0.285,-1.8617,0.6617,1.30573,-0.64403,-0.9461,0.3351,0.0474,0.4312,0.2114,-0.0961,-0.1639,1.3688,1.5186,-0.1499
2020-06-21,2019/2020,Newcastle United,Sheffield United,3,0,2.15148,0.57107,6.941,6.942,-0.001,-0.0122,0.10394,0.37242,-0.26848,-0.5397,-0.1368,-0.2129,-0.0195,0.0085,-0.1174,-0.2214,1.082,1.2137,-0.1317
2020-06-21,2019/2020,Aston Villa,Chelsea,1,2,1.57223,1.14011,6.851,7.071,-0.22,-1.4329,-0.29752,0.52347,-0.82098,-1.1376,-0.0062,-0.4483,0.3516,0.1978,-0.3579,-0.6461,0.9941,2.2846,-1.2905
2020-06-22,2019/2020,Manchester City,Burnley,5,0,2.71096,0.0303408,7.215,6.894,0.321,2.0857,1.74505,-0.00567,1.75072,1.6452,0.5771,0.3152,0.1857,-0.1029,0.3914,0.4181,2.5663,0.8456,1.7207
2020-06-23,2019/2020,Leicester City,Brighton & Hove Albion,0,0,0.505486,1.10227,6.955,6.877,0.078,0.5021,0.81462,-0.14008,0.9547,0.7838,0.2147,0.014,-0.0184,-0.0867,0.2331,0.1007,1.7073,0.9593,0.7481
2020-06-23,2019/2020,Tottenham Hotspur,West Ham United,2,0,2.24125,0.83104,6.991,6.856,0.135,0.8744,0.61374,-0.27896,0.8927,0.7167,0.1381,-0.1763,0.0368,-0.2184,0.1013,0.0421,1.8164,1.2179,0.5986
2020-06-24,2019/2020,Newcastle United,Aston Villa,1,1,0.661808,1.22985,6.893,6.823,0.07,0.4497,0.24599,-0.51068,0.75667,0.5695,-0.0852,-0.1947,0.019,-0.4023,-0.1042,0.2076,1.7327,1.2281,0.5046
2020-06-24,2019/2020,Wolverhampton Wanderers,Bournemouth,1,0,0.715002,0.0619009,6.993,6.906,0.087,0.5596,0.74091,-0.72348,1.46439,1.3354,0.221,0.2055,-0.0246,-0.2338,0.2456,0.4393,1.9925,0.7864,1.2061
2020-06-24,2019/2020,Liverpool,Crystal Palace,4,0,2.56729,0.0645285,7.171,6.876,0.296,1.9199,1.86536,0.29373,1.57163,1.4514,0.4058,0.2411,-0.1162,-0.0714,0.5221,0.3125,2.0891,0.6754,1.4138
2020-06-24,2019/2020,Manchester United,Sheffield United,3,0,2.8416,0.108082,7.118,6.8,0.318,2.0681,0.94492,0.23037,0.71456,0.524,0.3169,0.1791,-0.0423,-0.0248,0.3592,0.2039,1.8292,0.7716,1.0576
2020-06-24,2019/2020,Norwich City,Everton,0,1,0.382813,0.654912,6.738,6.864,-0.126,-0.8269,-0.32299,-0.00694,-0.31605,-0.5912,-0.0699,-0.2584,0.2963,0.0778,-0.3662,-0.3361,1.0635,1.7679,-0.7044
2020-06-25,2019/2020,Chelsea,Manchester City,2,1,4.206,0.690594,6.941,6.942,-0.001,-0.0122,0.86105,1.61987,-0.75881,-1.0703,0.3024,0.1798,0.5766,0.3353,-0.2742,-0.1554,1.2107,1.4873,-0.2765
2020-06-25,2019/2020,Burnley,Watford,1,0,0.964774,0.495542,6.807,6.866,-0.059,-0.3874,0.10993,-0.20137,0.31129,0.0876,0.1548,-0.1089,0.0934,-0.0825,0.0615,-0.0264,1.5755,1.2329,0.3426
2020-06-25,2019/2020,Southampton,Arsenal,0,2,0.738305,2.18595,6.941,6.942,-0.001,-0.0122,-0.07366,-0.11428,0.04062,-0.2053,0.0592,-0.1179,0.1167,-0.1518,-0.0575,0.0338,1.545,1.2647,0.2804
2020-06-27,2019/2020,Aston Villa,Wolverhampton Wanderers,0,1,0.403418,0.703549,6.825,6.953,-0.128,-0.8388,-0.27292,0.69263,-0.96555,-1.294,0.0189,-0.3682,0.1654,0.2195,-0.1465,-0.5877,1.0085,1.7315,-0.723
2020-06-28,2019/2020,Watford,Southampton,1,3,0.365347,1.3364,6.841,6.892,-0.051,-0.337,0.16246,0.1345,0.02796,-0.219,0.0622,-0.063,0.0227,-0.1439,0.0395,0.0809,1.5284,1.0962,0.4322
2020-06-29,2019/2020,Crystal Palace,Burnley,0,1,1.06533,0.359906,6.91,6.839,0.072,0.463,0.15805,-0.10206,0.26012,0.0322,-0.1351,-0.0908,0.1234,-0.089,-0.2586,-0.0018,1.2052,1.2285,-0.0233
2020-06-30,2019/2020,Brighton & Hove Albion,Manchester United,0,3,0.31013,1.20903,6.882,7.112,-0.229,-1.4958,0.17394,0.71062,-0.53668,-0.83,-0.013,-0.0432,0.3546,0.1907,-0.3676,-0.2339,0.9933,1.53,-0.5367
2020-07-01,2019/2020,Bournemouth,Newcastle United,1,4,1.27503,2.23457,6.814,6.847,-0.033,-0.218,-0.18616,-0.01166,-0.1745,-0.438,-0.049,-0.1854,-0.1469,-0.1931,0.0979,0.0077,1.4396,1.0434,0.3962
2020-07-01,2019/2020,Arsenal,Norwich City,4,0,1.76496,0.153871,6.943,6.745,0.199,1.2894,0.81752,-0.57294,1.39046,1.2554,0.1508,-0.1252,-0.1014,-0.2187,0.2523,0.0934,1.8542,1.0002,0.854
2020-07-01,2019/2020,West Ham United,Chelsea,3,2,2.10497,1.57609,6.873,7.049,-0.176,-1.1494,-0.04118,0.62298,-0.66417,-0.9679,0.0169,-0.2288,0.4008,0.2105,-0.3839,-0.4394,1.0097,1.9169,-0.9071
2020-07-01,2019/2020,Everton,Leicester City,2,1,1.17592,1.80384,6.901,6.94,-0.038,-0.2544,0.77205,0.63214,0.13991,-0.0978,0.2442,0.0945,0.1673,0.0104,0.0769,0.084,1.5737,1.0806,0.4931
2020-07-02,2019/2020,Sheffield United,Tottenham Hotspur,3,1,1.59994,1.01524,6.903,6.996,-0.094,-0.613,0.15289,0.36521,-0.21233,-0.479,-0.0618,-0.0723,0.1572,-0.1643,-0.219,0.092,1.3711,1.2721,0.0989
2020-07-02,2019/2020,Manchester City,Liverpool,4,0,2.65433,0.819606,7.181,7.178,0.002,0.0108,1.81102,1.32666,0.48436,0.2749,0.5511,0.2164,0.4169,0.2525,0.1342,-0.036,1.6873,1.2217,0.4656
2020-07-04,2019/2020,Manchester United,Bournemouth,5,2,2.63259,1.52161,7.139,6.809,0.33,2.1443,1.15774,-0.7624,1.92014,1.8285,0.3404,0.2065,-0.0573,-0.2091,0.3977,0.4156,2.2549,0.7386,1.5163
2020-07-04,2019/2020,Leicester City,Crystal Palace,3,0,2.20683,0.507537,6.949,6.906,0.042,0.2723,0.67888,0.09983,0.57905,0.3773,0.1867,0.025,-0.1401,-0.0672,0.3268,0.0921,1.6213,0.8436,0.7777
2020-07-04,2019/2020,Norwich City,Brighton & Hove Albion,0,1,0.545069,0.903046,6.8,6.848,-0.049,-0.32,-0.47904,-0.14314,-0.3359,-0.6127,-0.1421,-0.2137,-0.0405,-0.0325,-0.1016,-0.1812,1.115,1.1961,-0.081
2020-07-04,2019/2020,Wolverhampton Wanderers,Arsenal,0,2,0.985166,1.28273,6.982,6.954,0.028,0.1785,0.6926,0.09493,0.59768,0.3975,0.1262,0.2342,0.1458,-0.1059,-0.0196,0.3401,1.5835,0.9123,0.6712
2020-07-04,2019/2020,Chelsea,Watford,3,0,2.78877,0.608971,7.078,6.823,0.255,1.6546,0.90079,-0.34993,1.25072,1.1041,0.3844,0.1781,0.0022,-0.068,0.3822,0.2461,2.028,0.8137,1.2143
2020-07-05,2019/2020,Burnley,Sheffield United,1,1,1.31966,1.63343,6.869,6.907,-0.038,-0.2532,0.24283,0.18725,0.05558,-0.1891,0.0874,-0.0846,-0.0502,-0.0629,0.1376,-0.0217,1.4476,1.0398,0.4078
2020-07-05,2019/2020,Southampton,Manchester City,1,0,0.628765,3.39575,6.853,7.152,-0.3,-1.9561,-0.11418,1.60278,-1.71695,-2.1071,0.03,-0.103,0.5781,0.23,-0.5481,-0.333,0.9886,2.0482,-1.0597
2020-07-05,2019/2020,Liverpool,Aston Villa,2,0,1.0837,0.689775,7.146,6.821,0.325,2.1138,1.8978,-0.44163,2.33943,2.2822,0.4019,0.2024,-0.0081,-0.3342,0.41,0.5366,2.7161,0.7795,1.9366
2020-07-05,2019/2020,Newcastle United,West Ham United,2,2,1.49121,2.03065,6.845,6.892,-0.047,-0.3131,0.26417,-0.29568,0.55984,0.3566,-0.1009,-0.1864,0.0652,-0.2162,-0.1661,0.0297,1.3965,1.2936,0.1029
2020-07-06,2019/2020,Tottenham Hotspur,Everton,1,0,0.511828,0.403762,6.998,6.905,0.093,0.6037,0.62128,0.11316,0.50813,0.3006,0.1466,-0.1698,0.224,0.0743,-0.0773,-0.2442,1.3603,1.4663,-0.106
2020-07-07,2019/2020,Arsenal,Leicester City,1,1,1.29023,1.00238,6.941,6.942,-0.001,-0.0122,1.038,0.63969,0.39831,0.1818,0.1557,-0.0853,0.2088,0.0319,-0.0531,-0.1172,1.4161,1.3422,0.0739
2020-07-07,2019/2020,Crystal Palace,Chelsea,2,3,1.2882,2.65753,6.913,7.053,-0.139,-0.912,-0.0251,0.58761,-0.61271,-0.9122,-0.1504,-0.0863,0.409,0.1813,-0.5594,-0.2676,0.8833,1.6686,-0.7853
2020-07-07,2019/2020,Watford,Norwich City,2,1,0.725199,1.13378,6.856,6.745,0.112,0.7228,-0.03386,-0.74964,0.71577,0.5253,-0.0047,-0.0968,-0.1685,-0.2047,0.1638,0.1079,1.5489,0.9186,0.6303
2020-07-08,2019/2020,Manchester City,Newcastle United,5,0,3.28662,0.21643,7.264,6.862,0.403,2.6193,1.86659,0.08479,1.7818,1.6788,0.6094,0.2392,-0.0952,-0.2053,0.7046,0.4445,2.9652,0.6822,2.283
2020-07-08,2019/2020,Brighton & Hove Albion,Liverpool,1,3,2.3646,2.61624,6.869,7.151,-0.282,-1.8375,0.08851,1.1546,-1.06609,-1.4028,-0.0512,-0.0183,0.3457,0.2028,-0.3969,-0.2211,0.9386,1.4882,-0.5496
2020-07-08,2019/2020,West Ham United,Burnley,0,1,1.99821,1.05291,6.868,6.865,0.003,0.0136,0.10928,-0.01022,0.1195,-0.1199,0.1006,-0.2166,0.0807,-0.0976,0.02,-0.119,1.5263,1.3458,0.1805
2020-07-08,2019/2020,Sheffield United,Wolverhampton Wanderers,1,0,0.470483,0.326909,6.924,6.988,-0.063,-0.4149,0.28301,0.60956,-0.32655,-0.6026,-0.0297,-0.0575,0.1013,0.2227,-0.131,-0.2803,0.965,1.1811,-0.2161
2020-07-09,2019/2020,Bournemouth,Tottenham Hotspur,0,0,0.960349,0.479274,6.822,7.026,-0.204,-1.33,-0.38171,0.27635,-0.65806,-0.9613,-0.0286,-0.2222,0.1119,-0.1339,-0.1406,-0.0883,1.357,1.4313,-0.0742
2020-07-09,2019/2020,Aston Villa,Manchester United,0,3,0.598873,2.86531,6.811,7.161,-0.351,-2.2873,-0.2509,0.90004,-1.15094,-1.4946,-0.0117,-0.2648,0.3515,0.1892,-0.3631,-0.454,0.9817,1.9311,-0.9494
2020-07-09,2019/2020,Everton,Southampton,1,1,0.671442,2.29684,6.89,6.875,0.015,0.0926,0.81454,0.34461,0.46993,0.2593,0.1745,0.1013,0.015,-0.1599,0.1595,0.2612,1.7515,0.9157,0.8357
2020-07-11,2019/2020,Sheffield United,Chelsea,3,0,2.00632,1.17509,6.91,7.051,-0.141,-0.9187,0.38276,0.63262,-0.24987,-0.5196,-0.0474,-0.0302,0.4387,0.1695,-0.4861,-0.1997,0.9907,1.6253,-0.6347
2020-07-11,2019/2020,Norwich City,West Ham United,0,4,0.613251,3.81088,6.749,6.875,-0.127,-0.8284,-0.56896,-0.29739,-0.27158,-0.5431,-0.1582,-0.1778,0.1251,-0.2076,-0.2833,0.0298,1.295,1.3745,-0.0794
2020-07-11,2019/2020,Liverpool,Burnley,1,1,2.17649,0.452331,7.069,6.886,0.183,1.1888,1.91214,0.08106,1.83108,1.7321,0.37,0.1597,0.0676,-0.112,0.3024,0.2717,2.0711,0.8923,1.1788
2020-07-11,2019/2020,Brighton & Hove Albion,Manchester City,0,5,0.149588,5.51767,6.888,7.159,-0.27,-1.7633,0.00613,1.56289,-1.55676,-1.9338,0.0091,-0.0549,0.6151,0.2475,-0.606,-0.3023,0.9548,2.0184,-1.0636
2020-07-11,2019/2020,Watford,Newcastle United,2,1,3.12855,1.49134,6.855,6.932,-0.076,-0.5008,0.00128,-0.05662,0.0579,-0.1866,-0.0422,-0.1002,-0.1108,-0.2195,0.0687,0.1193,1.4807,0.9986,0.4821
2020-07-12,2019/2020,Wolverhampton Wanderers,Everton,3,0,2.86724,0.286561,6.95,6.934,0.016,0.1024,0.49394,0.02451,0.46943,0.2587,0.0748,0.2342,0.1229,0.0684,-0.0481,0.1658,1.2618,0.893,0.3689
2020-07-12,2019/2020,Bournemouth,Leicester City,4,1,2.54311,1.66084,6.941,6.942,-0.001,-0.0122,-0.31562,0.6857,-1.00131,-1.3327,-0.0507,-0.1939,0.1941,0.0359,-0.2448,-0.2298,1.1474,1.4744,-0.327
2020-07-12,2019/2020,Tottenham Hotspur,Arsenal,2,1,1.81846,0.68991,6.99,7.024,-0.034,-0.2246,0.63112,0.19642,0.4347,0.2211,0.0763,-0.1208,0.1491,-0.0747,-0.0727,-0.0461,1.4496,1.3152,0.1344
2020-07-12,2019/2020,Aston Villa,Crystal Palace,2,0,1.6977,0.974181,6.812,6.904,-0.092,-0.6003,-0.36711,-0.05915,-0.30796,-0.5825,-0.03,-0.2917,-0.133,-0.1196,0.103,-0.172,1.3538,1.1849,0.169
2020-07-13,2019/2020,Manchester United,Southampton,2,2,1.5033,1.8051,7.165,6.878,0.286,1.8599,1.32471,0.39673,0.92798,0.7549,0.3802,0.1976,0.057,-0.1195,0.3231,0.317,2.1341,0.8398,1.2943
2020-07-14,2019/2020,Chelsea,Norwich City,1,0,3.05119,0.0631109,7.056,6.677,0.379,2.4633,0.94975,-0.88299,1.83274,1.7339,0.4192,0.139,-0.195,-0.2442,0.6142,0.3833,2.5417,0.6844,1.8573
2020-07-15,2019/2020,Newcastle United,Tottenham Hotspur,1,3,1.05748,1.7498,6.886,6.99,-0.104,-0.6781,0.05555,0.24996,-0.19442,-0.4596,-0.0915,-0.2645,0.0917,-0.1012,-0.1833,-0.1633,1.2481,1.4458,-0.1978
2020-07-15,2019/2020,Manchester City,Bournemouth,2,1,0.82755,1.66635,7.182,6.849,0.334,2.1698,2.10411,-0.70783,2.81194,2.7935,0.7028,0.2698,0.0165,-0.1976,0.6862,0.4675,3.2043,0.746,2.4583
2020-07-15,2019/2020,Burnley,Wolverhampton Wanderers,1,1,1.53435,1.2857,6.894,7.04,-0.146,-0.9563,0.37284,0.59714,-0.2243,-0.4919,0.0505,-0.1154,0.1299,0.2477,-0.0795,-0.3631,1.0096,1.3006,-0.291
2020-07-15,2019/2020,Arsenal,Liverpool,2,1,1.31516,2.2233,6.972,7.168,-0.196,-1.2812,0.9523,1.15983,-0.20753,-0.4738,0.1218,-0.0854,0.3701,0.1706,-0.2483,-0.256,1.1643,1.6144,-0.4502
2020-07-16,2019/2020,Everton,Aston Villa,1,1,0.944434,1.52021,6.864,6.86,0.004,0.0197,0.67509,-0.39401,1.0691,0.9076,0.1049,0.0175,-0.0109,-0.2847,0.1158,0.3022,1.8484,0.9716,0.8768
2020-07-16,2019/2020,Southampton,Brighton & Hove Albion,1,1,2.33745,0.67264,6.882,6.837,0.045,0.2883,0.10945,-0.22768,0.33713,0.1156,0.0884,-0.0925,-0.0277,-0.1978,0.1161,0.1052,1.6749,1.0613,0.6136
2020-07-16,2019/2020,Crystal Palace,Manchester United,0,2,0.572141,1.90448,6.904,7.111,-0.207,-1.3524,-0.15463,0.96153,-1.11616,-1.457,-0.1405,-0.1283,0.3512,0.1735,-0.4918,-0.3019,0.8918,1.6559,-0.7641
2020-07-16,2019/2020,Leicester City,Sheffield United,2,0,3.05752,0.660214,6.938,6.932,0.006,0.0357,0.73851,0.35629,0.38222,0.1644,0.1988,-0.0039,-0.008,-0.0116,0.2067,0.0077,1.5455,0.9953,0.5502
2020-07-17,2019/2020,West Ham United,Watford,3,1,0.833995,1.03402,6.83,6.845,-0.015,-0.1009,0.11621,-0.38479,0.501,0.2929,0.228,-0.1895,0.0403,-0.1101,0.1877,-0.0795,1.7516,1.2607,0.4908
2020-07-18,2019/2020,Norwich City,Burnley,0,2,0.576602,1.8233,6.755,6.909,-0.154,-1.0055,-0.66502,0.21599,-0.88101,-1.2025,-0.2165,-0.2644,0.0698,-0.114,-0.2862,-0.1505,1.1089,1.4228,-0.3139
2020-07-19,2019/2020,Tottenham Hotspur,Leicester City,3,0,0.766922,1.20085,6.989,6.964,0.025,0.1594,0.76737,0.60878,0.15859,-0.0776,0.1032,-0.0949,0.2595,0.0046,-0.1562,-0.0995,1.3853,1.4212,-0.0359
2020-07-19,2019/2020,Bournemouth,Southampton,0,2,0.583117,2.24527,6.866,6.901,-0.035,-0.2326,-0.08879,0.45189,-0.54069,-0.8343,0.0535,-0.0812,0.121,-0.0829,-0.0675,0.0017,1.4282,1.2293,0.1989
2020-07-20,2019/2020,Brighton & Hove Albion,Newcastle United,0,0,0.855896,0.929091,6.881,6.87,0.011,0.0688,-0.11114,-0.21613,0.10499,-0.1356,-0.0431,-0.2183,-0.1005,-0.2708,0.0575,0.0526,1.5736,1.1235,0.4501
2020-07-20,2019/2020,Sheffield United,Everton,0,1,0.468461,0.624814,6.917,6.914,0.003,0.0154,0.45148,-0.16581,0.61729,0.4187,-0.0201,-0.0688,0.0627,0.0037,-0.0829,-0.0725,1.2223,1.1402,0.0821
2020-07-20,2019/2020,Wolverhampton Wanderers,Crystal Palace,2,0,1.48696,0.440119,6.991,6.876,0.115,0.7446,0.60573,-0.23907,0.84479,0.6649,0.1283,0.2305,-0.1532,-0.1358,0.2815,0.3662,1.6521,0.6721,0.9799
2020-07-21,2019/2020,Watford,Manchester City,0,4,0.131868,3.73814,6.794,7.212,-0.417,-2.7214,0.01352,1.63025,-1.61673,-1.9987,0.0303,-0.0769,0.6292,0.245,-0.599,-0.3219,0.9605,2.1296,-1.1691
2020-07-21,2019/2020,Aston Villa,Arsenal,1,0,0.57408,0.737137,6.856,6.982,-0.126,-0.8238,-0.18101,0.20024,-0.38124,-0.6618,0.0117,-0.254,0.1269,-0.1055,-0.1152,-0.1485,1.386,1.4859,-0.0999
2020-07-22,2019/2020,Liverpool,Chelsea,5,3,1.45179,2.38205,7.152,7.072,0.08,0.518,1.73304,0.43955,1.29349,1.1504,0.3863,0.1638,0.4339,0.1505,-0.0476,0.0133,1.5994,1.2977,0.3017
2020-07-22,2019/2020,Manchester United,West Ham United,1,1,0.984161,1.29009,7.095,6.869,0.226,1.4681,1.29579,-0.0795,1.37529,1.2389,0.3558,0.1799,0.1762,-0.1824,0.1795,0.3623,2.202,0.9699,1.2322
2020-07-26,2019/2020,West Ham United,Aston Villa,1,1,0.781465,0.983594,6.886,6.874,0.013,0.0782,0.28976,-0.23716,0.52692,0.3209,0.1877,-0.1343,-0.0341,-0.2319,0.2218,0.0976,1.9067,1.1038,0.8029
2020-07-26,2019/2020,Southampton,Sheffield United,3,1,1.64306,1.41051,6.886,6.916,-0.03,-0.202,0.13876,0.17357,-0.03482,-0.2869,0.1557,-0.057,-0.0507,-0.0532,0.2064,-0.0038,1.5365,1.01,0.5265
2020-07-26,2019/2020,Newcastle United,Liverpool,1,3,0.339294,0.56818,6.872,6.989,-0.117,-0.7652,-0.04977,1.11096,-1.16073,-1.5052,-0.1079,-0.2467,0.3785,0.1205,-0.4864,-0.3673,0.9821,1.8951,-0.913
2020-07-26,2019/2020,Manchester City,Norwich City,5,0,3.56749,0.786563,7.237,6.668,0.569,3.7011,2.0744,-0.86694,2.94134,2.9335,0.663,0.2686,-0.2429,-0.2731,0.9059,0.5417,3.4153,0.5603,2.855
2020-07-26,2019/2020,Crystal Palace,Tottenham Hotspur,1,1,0.988534,0.310302,6.793,7.004,-0.211,-1.3768,-0.29625,0.45575,-0.75201,-1.063,-0.159,-0.129,0.0762,-0.087,-0.2352,-0.042,1.1356,1.2591,-0.1236
2020-07-26,2019/2020,Leicester City,Manchester United,0,2,0.754668,1.41019,6.965,7.111,-0.146,-0.9568,0.7574,0.97356,-0.21616,-0.4831,0.2484,0.0256,0.3054,0.1697,-0.0569,-0.1441,1.3305,1.3462,-0.0157
2020-07-26,2019/2020,Everton,Bournemouth,1,3,1.74699,1.46461,6.92,6.81,0.109,0.7089,0.65918,-0.66228,1.32146,1.1807,0.0439,0.0269,0.0053,-0.1035,0.0385,0.1303,1.4691,0.9661,0.503
2020-07-26,2019/2020,Arsenal,Watford,3,2,1.95282,3.9197,6.964,6.816,0.148,0.9604,0.9795,-0.57614,1.55564,1.4341,0.0953,-0.0808,-0.0067,-0.1431,0.102,0.0623,1.6166,1.0581,0.5585
2020-07-26,2019/2020,Burnley,Brighton & Hove Albion,1,2,1.44244,1.3696,6.915,6.825,0.09,0.5821,0.46248,-0.19705,0.65953,0.4644,0.0843,-0.1001,-0.0821,-0.2117,0.1663,0.1116,1.7005,1.0074,0.6932
2020-07-26,2019/2020,Chelsea,Wolverhampton Wanderers,2,0,1.15938,0.164561,7.022,6.954,0.068,0.4416,0.82668,0.63023,0.19645,-0.0367,0.4695,0.1557,0.1204,0.2331,0.3491,-0.0774,1.5982,0.9575,0.6407
2020-09-12,2020/2021,Crystal Palace,Southampton,1,0,1.39569,1.26267,6.803,6.869,-0.066,-0.4319,-0.22413,0.63696,-0.86108,-1.181,-0.1655,-0.1023,0.1596,-0.0655,-0.3251,-0.0368,1.1235,1.3098,-0.1863
2020-09-12,2020/2021,Fulham,Arsenal,0,3,0.126327,2.16287,6.822,6.996,-0.173,-1.1323,-0.50277,0.05925,-0.56203,-0.8574,-0.032,-0.3454,0.1072,-0.148,-0.1391,-0.1974,1.3766,1.6053,-0.2287
2020-09-12,2020/2021,Liverpool,Leeds United,4,3,3.15412,0.269813,7.164,6.863,0.301,1.9575,1.85382,0.0,1.85382,1.7567,0.331,0.1384,0.0,0.0,0.331,0.1384,1.8061,0.8401,0.966
2020-09-12,2020/2021,West Ham United,Newcastle United,0,2,0.861445,1.65911,6.891,6.857,0.034,0.2182,0.23311,-0.25303,0.48614,0.2768,0.123,-0.1306,-0.1366,-0.1968,0.2596,0.0662,1.73,0.99,0.74
2020-09-13,2020/2021,Tottenham Hotspur,Everton,0,1,0.822944,1.26793,7.019,6.915,0.104,0.6744,0.85541,-0.15132,1.00673,0.8401,0.0454,-0.0824,0.0533,0.0141,-0.0079,-0.0964,1.3073,1.1312,0.1761
2020-09-13,2020/2021,West Bromwich Albion,Leicester City,0,3,0.352997,2.95581,6.858,6.919,-0.061,-0.4016,-0.28971,0.39635,-0.68606,-0.9916,-0.163,-0.0119,0.2222,0.0232,-0.3852,-0.0351,1.0313,1.2731,-0.2418
2020-09-14,2020/2021,Sheffield United,Wolverhampton Wanderers,0,2,0.949316,1.61307,6.919,7.033,-0.114,-0.746,0.26131,0.51524,-0.25394,-0.524,-0.0362,-0.0567,0.096,0.2501,-0.1322,-0.3068,0.9271,1.181,-0.2538
2020-09-14,2020/2021,Brighton & Hove Albion,Chelsea,1,3,1.44281,1.27062,6.871,7.002,-0.132,-0.8616,-0.0518,0.44694,-0.49874,-0.7889,-0.0671,-0.2009,0.4489,0.1761,-0.5161,-0.377,0.9659,1.9458,-0.9798
2020-09-19,2020/2021,Manchester United,Crystal Palace,1,3,1.09737,1.91456,7.024,6.83,0.194,1.2583,1.27054,-0.20615,1.47668,1.3486,0.3046,0.1889,-0.1499,-0.1001,0.4546,0.289,1.9196,0.6964,1.2232
2020-09-19,2020/2021,Arsenal,West Ham United,2,1,1.32902,2.06377,7.12,6.869,0.251,1.6324,1.00687,-0.10251,1.10938,0.9512,0.1287,-0.1091,0.079,-0.1429,0.0497,0.0338,1.6918,1.1714,0.5205
2020-09-19,2020/2021,Everton,West Bromwich Albion,5,2,4.16254,0.315347,7.005,6.48,0.525,3.4105,0.59657,-0.73228,1.32885,1.1887,0.0582,0.03,-0.1951,-0.0622,0.2533,0.0922,1.5026,0.7501,0.7525
2020-09-19,2020/2021,Leeds United,Fulham,4,3,1.45254,1.55503,6.772,6.745,0.028,0.1765,0.05205,-1.00516,1.05721,0.8948,-0.5161,-0.6369,-0.1007,-0.3584,-0.4154,-0.2785,1.0724,1.7039,-0.6316
2020-09-20,2020/2021,Chelsea,Liverpool,0,2,0.904183,2.25211,6.981,7.164,-0.183,-1.1954,1.01229,1.13617,-0.12389,-0.3833,0.4185,0.1614,0.3339,0.1434,0.0846,0.0179,1.6121,1.2146,0.3975
2020-09-20,2020/2021,Leicester City,Burnley,4,2,0.987365,1.52404,7.031,6.888,0.143,0.9296,0.72754,0.23332,0.49422,0.2856,0.2742,0.0407,0.0711,-0.1075,0.2031,0.1482,1.8646,1.0135,0.8511
2020-09-20,2020/2021,Southampton,Tottenham Hotspur,2,5,2.27708,2.28004,6.868,6.988,-0.12,-0.7843,0.1819,0.30352,-0.12162,-0.3808,0.1566,-0.0718,0.0279,-0.0853,0.1287,0.0135,1.5713,1.1208,0.4504
2020-09-20,2020/2021,Newcastle United,Brighton & Hove Albion,0,3,0.520678,1.8766,6.865,6.796,0.069,0.4444,-0.04024,-0.15677,0.11653,-0.1231,-0.1083,-0.1668,-0.0474,-0.1733,-0.0609,0.0065,1.3464,1.1176,0.2288
2020-09-21,2020/2021,Aston Villa,Sheffield United,1,0,0.80527,0.849709,6.952,6.91,0.042,0.2671,-0.04147,-0.02286,-0.01862,-0.2694,-0.039,-0.1936,-0.0351,-0.069,-0.0039,-0.1247,1.2959,1.1661,0.1298
2020-09-21,2020/2021,Wolverhampton Wanderers,Manchester City,1,3,0.727677,2.07651,7.061,7.18,-0.119,-0.7799,0.69751,1.83942,-1.14191,-1.4849,0.1093,0.2474,0.6608,0.262,-0.5516,-0.0147,1.059,1.5338,-0.4748
2020-09-26,2020/2021,Burnley,Southampton,0,1,0.347136,0.706632,6.917,6.869,0.048,0.3088,0.28086,0.42931,-0.14845,-0.4099,0.0889,-0.0728,0.1916,-0.1011,-0.1028,0.0283,1.5219,1.2954,0.2266
2020-09-26,2020/2021,West Bromwich Albion,Chelsea,3,3,0.911185,2.36046,6.467,6.968,-0.501,-3.2656,-0.49076,0.47492,-0.96568,-1.2942,-0.2117,-0.1528,0.3849,0.1243,-0.5966,-0.2771,0.8424,1.8176,-0.9752
2020-09-26,2020/2021,Crystal Palace,Everton,1,2,0.443115,2.27189,6.853,7.058,-0.205,-1.3365,-0.01123,0.043,-0.05423,-0.3079,-0.1058,-0.0675,0.1409,0.0385,-0.2467,-0.106,1.0571,1.2621,-0.205
2020-09-26,2020/2021,Brighton & Hove Albion,Manchester United,2,3,2.97659,1.57583,6.865,7.117,-0.252,-1.6436,-0.06434,0.99164,-1.05598,-1.3919,-0.0158,-0.149,0.2731,0.163,-0.2889,-0.312,1.0155,1.5718,-0.5562
2020-09-27,2020/2021,Manchester City,Leicester City,2,5,1.44633,2.86721,7.16,6.988,0.172,1.1186,2.24799,0.59395,1.65404,1.5406,0.6671,0.2711,0.2307,0.0269,0.4364,0.2442,2.423,0.9409,1.4821
2020-09-27,2020/2021,West Ham United,Wolverhampton Wanderers,4,0,3.05703,0.385152,6.853,6.978,-0.125,-0.8185,0.11303,0.57644,-0.4634,-0.7507,0.1174,-0.1298,0.0948,0.2226,0.0225,-0.3524,1.1098,1.2708,-0.161
2020-09-27,2020/2021,Tottenham Hotspur,Newcastle United,1,1,3.18765,0.942726,6.989,6.854,0.135,0.8738,0.82637,-0.21623,1.0426,0.8789,0.0662,-0.1096,-0.1489,-0.1827,0.2151,0.073,1.631,0.9462,0.6848
2020-09-27,2020/2021,Sheffield United,Leeds United,0,1,1.53278,1.46641,6.851,6.747,0.104,0.6726,0.09016,0.07259,0.01757,-0.2302,-0.0481,-0.0528,-0.3617,-0.5945,0.3136,0.5417,2.1882,0.7253,1.4629
2020-09-28,2020/2021,Liverpool,Arsenal,3,1,2.73834,1.17817,7.145,7.017,0.128,0.8297,1.85369,0.17844,1.67525,1.5635,0.3607,0.1746,0.1133,-0.132,0.2475,0.3065,2.0797,0.9264,1.1534
2020-09-28,2020/2021,Fulham,Aston Villa,0,3,0.534675,2.03222,6.694,6.987,-0.293,-1.9116,-0.62658,-0.12277,-0.50381,-0.7944,-0.1055,-0.3595,-0.062,-0.185,-0.0434,-0.1746,1.3084,1.3945,-0.0861
2020-10-03,2020/2021,Chelsea,Crystal Palace,4,0,2.51433,0.103249,6.828,6.848,-0.02,-0.1361,0.83937,-0.11692,0.95628,0.7855,0.3979,0.1215,-0.1337,-0.0942,0.5316,0.2158,2.0422,0.7767,1.2655
2020-10-03,2020/2021,Everton,Brighton & Hove Albion,4,2,2.34034,1.16568,7.044,6.841,0.203,1.3191,0.76315,-0.01132,0.77447,0.5888,0.1749,0.0554,0.0761,-0.1478,0.0988,0.2032,1.7704,0.9965,0.7738
2020-10-03,2020/2021,Leeds United,Manchester City,1,1,2.56662,1.41533,6.931,7.147,-0.216,-1.4072,0.10153,1.81409,-1.71256,-2.1023,-0.1749,-0.4724,0.6306,0.2095,-0.8055,-0.6819,0.8305,3.0921,-2.2616
2020-10-03,2020/2021,Newcastle United,Burnley,3,1,1.95629,0.438849,6.834,6.903,-0.069,-0.4552,-0.1218,0.07528,-0.19708,-0.4625,-0.1478,-0.2308,0.0296,-0.0554,-0.1774,-0.1754,1.1316,1.3083,-0.1767
2020-10-04,2020/2021,Aston Villa,Liverpool,7,2,3.07626,1.65705,7.001,7.105,-0.105,-0.6861,0.13206,1.2792,-1.14714,-1.4905,-0.0358,-0.164,0.3827,0.1661,-0.4185,-0.33,1.01,1.7493,-0.7393
2020-10-04,2020/2021,Leicester City,West Ham United,0,3,0.456022,2.03227,6.962,6.875,0.087,0.5618,0.93726,0.01532,0.92194,0.7484,0.296,0.0776,0.1946,-0.1057,0.1015,0.1833,1.8895,1.1125,0.777
2020-10-04,2020/2021,Arsenal,Sheffield United,2,1,0.667131,0.144994,7.074,6.855,0.219,1.422,0.96559,-0.16719,1.13278,0.9765,0.1212,-0.1585,-0.0768,-0.0641,0.1979,-0.0943,1.546,1.0573,0.4888
2020-10-04,2020/2021,Southampton,West Bromwich Albion,2,0,0.949079,0.161283,6.869,6.563,0.306,1.9903,0.09719,-0.78752,0.8847,0.7081,0.167,-0.0608,-0.2066,-0.173,0.3736,0.1122,1.8236,0.8334,0.9902
2020-10-04,2020/2021,Manchester United,Tottenham Hotspur,1,6,0.873435,3.3017,7.137,6.988,0.148,0.9613,1.1206,0.3817,0.73891,0.5503,0.2709,0.1054,0.1317,-0.1086,0.1391,0.214,1.8615,1.0088,0.8528
2020-10-04,2020/2021,Wolverhampton Wanderers,Fulham,1,0,0.89359,0.969393,6.974,6.732,0.242,1.5706,0.51653,-1.08384,1.60037,1.4825,0.0629,0.1614,-0.1459,-0.3736,0.2088,0.5351,1.9929,0.7146,1.2784
2020-10-17,2020/2021,Chelsea,Southampton,3,3,1.98708,1.42348,6.942,6.888,0.054,0.3444,0.97844,0.56799,0.41045,0.1949,0.4146,0.136,0.1276,-0.0469,0.287,0.1829,1.998,0.9854,1.0126
2020-10-17,2020/2021,Everton,Liverpool,2,2,1.35998,2.49492,7.061,7.169,-0.108,-0.7062,0.85893,1.11485,-0.25592,-0.5262,0.1985,0.0503,0.3762,0.103,-0.1778,-0.0526,1.3592,1.4033,-0.0441
2020-10-17,2020/2021,Newcastle United,Manchester United,1,4,0.867496,2.21729,6.831,7.011,-0.18,-1.1761,0.00266,0.87538,-0.87272,-1.1936,-0.108,-0.2054,0.2296,0.0385,-0.3376,-0.2439,1.0579,1.5786,-0.5207
2020-10-17,2020/2021,Manchester City,Arsenal,1,0,1.43023,0.838322,7.196,7.11,0.086,0.5527,2.01756,0.12719,1.89037,1.7963,0.5891,0.1681,0.0874,-0.1355,0.5016,0.3036,2.6091,0.9132,1.6959
2020-10-18,2020/2021,Sheffield United,Fulham,1,1,1.66363,1.35611,6.896,6.775,0.121,0.786,0.01566,-1.02174,1.03741,0.8733,-0.1167,-0.0304,-0.1363,-0.3311,0.0196,0.3007,1.5732,0.8867,0.6865
2020-10-18,2020/2021,Crystal Palace,Brighton & Hove Albion,1,1,0.761169,1.0935,6.83,6.854,-0.024,-0.1625,-0.18695,-0.10711,-0.07984,-0.3356,-0.1564,-0.1122,0.0825,-0.1664,-0.2389,0.0542,1.2604,1.2187,0.0417
2020-10-18,2020/2021,Leicester City,Aston Villa,0,1,0.671595,0.873776,6.943,7.056,-0.114,-0.7433,0.788,0.11717,0.67083,0.4767,0.228,0.0527,0.0566,-0.1595,0.1714,0.2122,1.8189,1.0177,0.8013
2020-10-18,2020/2021,Tottenham Hotspur,West Ham United,3,3,1.77602,1.49992,6.951,6.943,0.008,0.0478,0.8468,0.16457,0.68223,0.489,0.2137,-0.0671,0.2304,-0.0533,-0.0167,-0.0138,1.6359,1.3452,0.2907
2020-10-19,2020/2021,West Bromwich Albion,Burnley,0,0,0.731692,1.08532,6.754,6.907,-0.153,-1.0006,-0.46748,-0.04919,-0.41829,-0.7018,-0.2338,-0.1383,-0.0044,-0.0759,-0.2294,-0.0623,1.0493,1.1644,-0.1151
2020-10-19,2020/2021,Leeds United,Wolverhampton Wanderers,0,1,1.08332,0.618191,6.895,6.982,-0.087,-0.5714,0.21399,0.38104,-0.16706,-0.43,0.3463,-0.2343,0.0158,0.1548,0.3305,-0.3891,1.4998,1.2976,0.2022
2020-10-23,2020/2021,Aston Villa,Leeds United,0,3,1.50125,2.37695,7.057,6.801,0.256,1.6619,0.37056,0.18286,0.18771,-0.0461,0.0506,-0.1199,0.2335,-0.1897,-0.1829,0.0699,1.6406,1.3812,0.2595
2020-10-24,2020/2021,West Ham United,Manchester City,1,1,0.263739,0.892456,6.898,7.173,-0.275,-1.791,0.41167,1.64826,-1.23659,-1.5873,0.2355,-0.0573,0.5451,0.1689,-0.3096,-0.2262,1.2945,1.8873,-0.5928
2020-10-24,2020/2021,Liverpool,Sheffield United,2,1,2.40286,1.39788,7.12,6.894,0.226,1.4662,1.76182,-0.20742,1.96924,1.8816,0.4085,0.102,-0.1116,-0.041,0.5201,0.1431,2.0152,0.7863,1.2289
2020-10-24,2020/2021,Manchester United,Chelsea,0,0,0.648427,0.219906,7.021,6.982,0.04,0.2539,1.04027,0.45225,0.58803,0.3871,0.2477,0.0439,0.4105,0.122,-0.1628,-0.0782,1.4257,1.4362,-0.0105
2020-10-24,2020/2021,Fulham,Crystal Palace,1,2,1.05258,2.81049,6.866,6.844,0.022,0.1407,-0.6572,-0.24846,-0.40874,-0.6915,-0.1174,-0.3309,-0.1815,-0.1081,0.0641,-0.2228,1.243,1.1581,0.0849
2020-10-25,2020/2021,Arsenal,Leicester City,0,1,0.73944,0.736172,7.046,7.005,0.041,0.2641,1.00086,0.57575,0.42511,0.2108,0.0839,-0.0772,0.1713,0.0558,-0.0874,-0.133,1.2935,1.276,0.0175
2020-10-25,2020/2021,Southampton,Everton,2,0,0.74151,0.287054,6.897,7.074,-0.177,-1.1563,0.21967,0.21132,0.00834,-0.2402,0.1406,-0.046,0.1968,0.0098,-0.0562,-0.0558,1.3964,1.3021,0.0943
2020-10-25,2020/2021,Wolverhampton Wanderers,Newcastle United,1,1,0.758626,0.253685,6.984,6.841,0.144,0.9333,0.50571,-0.12745,0.63316,0.4359,-0.0077,0.1646,-0.1163,-0.2242,0.1087,0.3888,1.5808,0.7423,0.8385
2020-10-26,2020/2021,Brighton & Hove Albion,West Bromwich Albion,1,1,0.546807,0.295654,6.859,6.753,0.106,0.6859,-0.12768,-0.84677,0.7191,0.5289,0.0765,-0.1519,-0.2481,-0.135,0.3246,-0.0169,1.5657,0.897,0.6688
2020-10-26,2020/2021,Burnley,Tottenham Hotspur,0,1,0.95045,0.797344,6.912,7.006,-0.094,-0.6169,0.08809,0.49886,-0.41077,-0.6937,-0.007,-0.0676,0.2184,-0.0713,-0.2254,0.0037,1.3195,1.3462,-0.0267
2020-10-30,2020/2021,Wolverhampton Wanderers,Crystal Palace,2,0,1.34895,0.802767,6.962,6.892,0.071,0.456,0.44131,-0.18702,0.62833,0.4307,-0.0422,0.1737,-0.1097,-0.1021,0.0675,0.2757,1.3399,0.747,0.5929
2020-10-31,2020/2021,Sheffield United,Manchester City,0,1,0.687544,1.89643,6.854,7.19,-0.336,-2.1891,-0.01573,1.55202,-1.56775,-1.9457,-0.0882,-0.0584,0.5146,0.2091,-0.6028,-0.2675,0.8931,1.8461,-0.953
2020-10-31,2020/2021,Burnley,Chelsea,0,3,0.407341,1.23077,6.904,7.026,-0.123,-0.8016,0.0268,0.51346,-0.48666,-0.7758,-0.0246,-0.0501,0.362,0.1521,-0.3866,-0.2022,1.0335,1.5324,-0.4988
2020-10-31,2020/2021,Liverpool,West Ham United,2,1,1.56302,0.269048,7.096,6.902,0.194,1.2564,1.67763,0.29643,1.3812,1.2453,0.4179,0.0868,0.179,-0.0204,0.239,0.1072,1.9852,1.0716,0.9136
2020-11-01,2020/2021,Tottenham Hotspur,Brighton & Hove Albion,2,1,1.97236,0.324457,6.965,6.863,0.102,0.6569,0.81997,-0.16512,0.98509,0.8167,0.1961,-0.0594,0.0258,-0.1386,0.1703,0.0792,1.7702,1.076,0.6943
2020-11-01,2020/2021,Manchester United,Arsenal,0,1,0.394113,0.998072,7.091,7.009,0.082,0.5303,0.97906,0.13838,0.84068,0.6605,0.2191,0.0913,0.0615,-0.0622,0.1576,0.1535,1.6742,0.9613,0.7129
2020-11-01,2020/2021,Aston Villa,Southampton,3,4,2.44855,1.00333,7.067,6.901,0.166,1.0787,0.22955,0.69493,-0.46539,-0.7528,0.0433,-0.1403,0.1091,-0.0159,-0.0658,-0.1244,1.3542,1.2582,0.0961
2020-11-01,2020/2021,Newcastle United,Everton,2,1,2.6311,1.21805,6.814,6.887,-0.073,-0.4808,-0.07735,0.09152,-0.16887,-0.432,-0.1312,-0.196,0.1584,0.0331,-0.2896,-0.2291,1.0526,1.438,-0.3854
2020-11-02,2020/2021,Fulham,West Bromwich Albion,2,0,1.62247,0.482685,6.907,6.777,0.13,0.8398,-0.71864,-0.7767,0.05806,-0.1864,-0.1257,-0.3664,-0.2719,-0.0998,0.1462,-0.2666,1.2383,1.0824,0.156
2020-11-02,2020/2021,Leeds United,Leicester City,1,4,1.74822,3.07657,6.899,6.964,-0.065,-0.4293,0.2311,0.67908,-0.44799,-0.734,0.4165,-0.1786,0.1495,0.0724,0.267,-0.2511,1.7516,1.3993,0.3523
2020-11-06,2020/2021,Brighton & Hove Albion,Burnley,0,0,1.59022,0.326933,6.858,6.92,-0.062,-0.4076,-0.19922,-0.22493,0.02571,-0.2214,-0.0074,-0.1447,-0.0489,-0.0393,0.0415,-0.1055,1.2823,1.1088,0.1735
2020-11-06,2020/2021,Southampton,Newcastle United,2,0,0.985828,0.175633,6.866,6.814,0.053,0.3393,0.37763,-0.00077,0.3784,0.1602,0.0985,-0.0488,-0.0596,-0.1878,0.1582,0.139,1.6768,0.9831,0.6937
2020-11-07,2020/2021,West Ham United,Fulham,1,0,1.42614,1.84922,6.873,6.965,-0.092,-0.6032,0.53755,-0.89613,1.43368,1.3021,0.1428,-0.0049,-0.1077,-0.3497,0.2504,0.3449,2.0254,0.9123,1.1131
2020-11-07,2020/2021,Chelsea,Sheffield United,4,1,2.87622,0.743967,7.156,6.81,0.346,2.2504,1.05929,-0.08341,1.1427,0.9873,0.3489,0.1694,-0.0964,-0.06,0.4453,0.2294,1.9629,0.7357,1.2273
2020-11-07,2020/2021,Everton,Manchester United,1,3,0.376464,1.59642,7.046,7.038,0.009,0.0532,0.74899,0.8802,-0.13121,-0.3912,0.1483,-0.0109,0.1684,0.0895,-0.0202,-0.1004,1.3285,1.1952,0.1333
2020-11-07,2020/2021,Crystal Palace,Leeds United,4,1,1.30169,0.847913,6.831,6.893,-0.062,-0.4072,-0.2023,0.2363,-0.43859,-0.7238,-0.1069,-0.1014,0.4123,-0.2717,-0.5192,0.1703,1.4648,1.684,-0.2192
2020-11-08,2020/2021,Manchester City,Liverpool,1,1,1.58487,1.18789,7.169,7.128,0.041,0.2637,1.8335,0.99687,0.83663,0.6561,0.5113,0.2132,0.3985,0.1112,0.1128,0.1019,1.8762,1.1979,0.6783
2020-11-08,2020/2021,Leicester City,Wolverhampton Wanderers,1,0,2.0545,0.57936,6.995,7.034,-0.039,-0.2568,0.83323,0.48262,0.3506,0.1301,0.2054,0.0719,-0.0414,0.1709,0.2469,-0.0991,1.2893,0.8971,0.3923
2020-11-08,2020/2021,Arsenal,Aston Villa,0,3,1.39037,1.98553,7.054,7.005,0.049,0.3163,0.97486,0.09623,0.87863,0.7015,0.0623,-0.0187,0.0963,-0.1326,-0.0341,0.1139,1.5296,1.1154,0.4141
2020-11-08,2020/2021,West Bromwich Albion,Tottenham Hotspur,0,1,0.799352,1.87063,6.754,6.983,-0.229,-1.4937,-0.45206,0.56163,-1.01369,-1.3461,-0.2978,-0.1095,0.2035,-0.0397,-0.5013,-0.0699,0.9407,1.4055,-0.4647
2020-11-21,2020/2021,Newcastle United,Chelsea,0,2,0.368286,1.81923,6.788,7.166,-0.378,-2.4662,-0.05709,0.72175,-0.77884,-1.092,-0.0919,-0.1631,0.3788,0.1677,-0.4707,-0.3308,0.9227,1.7986,-0.8759
2020-11-21,2020/2021,Manchester United,West Bromwich Albion,1,0,2.42994,0.438646,7.044,6.742,0.302,1.9641,0.94089,-0.89393,1.83482,1.7362,0.1793,0.1231,-0.3023,-0.1232,0.4816,0.2463,1.7556,0.6304,1.1251
2020-11-21,2020/2021,Tottenham Hotspur,Manchester City,2,0,0.761142,1.66325,6.994,7.16,-0.166,-1.0869,0.82083,1.44089,-0.62006,-0.9202,0.2167,-0.0361,0.4971,0.2117,-0.2804,-0.2478,1.233,1.7387,-0.5057
2020-11-21,2020/2021,Aston Villa,Brighton & Hove Albion,1,2,1.76514,1.50038,7.037,6.909,0.128,0.8289,0.27153,-0.16986,0.44139,0.2284,0.1332,-0.1272,0.0072,-0.1243,0.126,-0.0029,1.6438,1.1267,0.5171
2020-11-22,2020/2021,Leeds United,Arsenal,0,0,1.9617,0.710778,6.936,7.01,-0.074,-0.483,0.00365,0.15514,-0.15149,-0.4132,0.3185,-0.2606,0.0557,-0.0392,0.2628,-0.2214,1.774,1.3842,0.3897
2020-11-22,2020/2021,Fulham,Everton,2,3,1.87028,2.2508,6.926,7.034,-0.108,-0.7064,-0.56734,-0.07972,-0.48762,-0.7769,-0.0703,-0.3242,0.1071,-0.0234,-0.1774,-0.3008,1.1789,1.5593,-0.3805
2020-11-22,2020/2021,Liverpool,Leicester City,3,0,3.77245,1.98397,7.04,7.004,0.036,0.2275,1.68457,0.85412,0.83045,0.6494,0.3947,0.1247,0.2321,0.0784,0.1626,0.0463,1.7244,1.1088,0.6156
2020-11-22,2020/2021,Sheffield United,West Ham United,0,1,0.692374,2.1142,6.894,6.887,0.007,0.0424,-0.03361,0.30817,-0.34179,-0.6191,-0.0953,-0.0974,0.1109,-0.0224,-0.2062,-0.075,1.1645,1.2306,-0.0662
2020-11-23,2020/2021,Burnley,Crystal Palace,1,0,1.75343,1.28331,6.914,6.905,0.009,0.0561,-0.10136,-0.19236,0.091,-0.1508,-0.0767,-0.0479,-0.1157,-0.0754,0.039,0.0274,1.2511,0.9335,0.3176
2020-11-23,2020/2021,Wolverhampton Wanderers,Southampton,1,1,1.57479,1.0785,7.011,6.879,0.132,0.8541,0.49906,0.82534,-0.32629,-0.6023,-0.0502,0.1416,0.0643,-0.0297,-0.1145,0.1714,1.2454,0.9112,0.3342
2020-11-27,2020/2021,Crystal Palace,Newcastle United,0,2,0.534893,1.27929,6.905,6.809,0.096,0.6211,-0.11223,-0.17427,0.06204,-0.1821,-0.1019,-0.0885,-0.1168,-0.1624,0.0149,0.0739,1.3447,0.9611,0.3836
2020-11-28,2020/2021,West Bromwich Albion,Sheffield United,1,0,1.71644,3.36544,6.78,6.875,-0.095,-0.6223,-0.39869,-0.2439,-0.15479,-0.4167,-0.3067,-0.1474,-0.1165,-0.1212,-0.1902,-0.0262,1.0278,1.0432,-0.0154
2020-11-28,2020/2021,Everton,Leeds United,0,1,1.29229,3.11324,6.965,6.978,-0.013,-0.0883,0.66928,0.10578,0.5635,0.3605,0.1341,-0.0445,0.3369,-0.225,-0.2028,0.1805,1.7892,1.4667,0.3225
2020-11-28,2020/2021,Manchester City,Burnley,5,0,2.26129,0.419877,7.108,6.902,0.207,1.341,1.66803,-0.1671,1.83512,1.7365,0.4905,0.2276,-0.0544,-0.0553,0.5449,0.2829,2.2139,0.736,1.4779
2020-11-28,2020/2021,Brighton & Hove Albion,Liverpool,1,1,2.30722,0.28109,6.874,6.966,-0.093,-0.6084,-0.13374,1.15656,-1.29031,-1.6454,0.0233,-0.1273,0.4716,0.0969,-0.4483,-0.2242,1.1498,1.8405,-0.6907
2020-11-29,2020/2021,Southampton,Manchester United,2,3,0.498783,2.47547,6.884,7.118,-0.235,-1.5324,0.46117,0.94558,-0.48441,-0.7734,0.0685,-0.0391,0.199,0.1255,-0.1306,-0.1646,1.1494,1.3049,-0.1555
2020-11-29,2020/2021,Chelsea,Tottenham Hotspur,0,0,0.974755,0.22689,7.159,6.979,0.179,1.1621,1.23945,0.64797,0.59149,0.3908,0.3761,0.1814,0.1942,-0.0328,0.1819,0.2141,1.9242,0.9916,0.9326
2020-11-29,2020/2021,Arsenal,Wolverhampton Wanderers,1,2,1.1185,2.0069,7.018,7.018,0.0,-0.0009,0.81242,0.44333,0.36909,0.1502,0.0286,-0.0448,-0.0363,0.136,0.0649,-0.1807,1.1241,1.0085,0.1156
2020-11-30,2020/2021,West Ham United,Aston Villa,2,1,0.571633,2.39051,6.884,7.016,-0.132,-0.8663,0.53253,0.1758,0.35672,0.1368,0.1414,-0.0109,0.1381,-0.135,0.0033,0.1241,1.6239,1.1792,0.4447
2020-11-30,2020/2021,Leicester City,Fulham,1,2,1.27814,2.03719,6.965,6.87,0.095,0.6138,0.81615,-0.88406,1.70021,1.5905,0.2622,-0.003,-0.036,-0.3427,0.2982,0.3397,2.3175,0.9567,1.3607
2020-12-05,2020/2021,Chelsea,Leeds United,3,1,4.89472,1.0277,7.132,7.016,0.117,0.7554,1.17799,0.21373,0.96426,0.7942,0.3344,0.2023,0.4698,-0.1948,-0.1354,0.3972,2.1542,1.2887,0.8655
2020-12-05,2020/2021,West Ham United,Manchester United,1,3,2.53006,1.78708,6.888,7.057,-0.168,-1.0998,0.59762,1.00135,-0.40374,-0.6861,0.0879,-0.0411,0.2323,0.1454,-0.1443,-0.1866,1.158,1.3412,-0.1832
2020-12-05,2020/2021,Burnley,Everton,1,1,0.730434,2.28139,6.91,7.014,-0.104,-0.682,-0.11409,-0.09616,-0.01793,-0.2686,-0.0646,-0.057,0.1099,-0.1016,-0.1744,0.0446,1.2827,1.1965,0.0862
2020-12-05,2020/2021,Manchester City,Fulham,2,0,3.26328,0.287444,7.19,6.886,0.305,1.9799,1.80875,-0.75017,2.55892,2.5197,0.4878,0.233,0.0121,-0.298,0.4756,0.531,2.8471,0.7733,2.0739
2020-12-06,2020/2021,West Bromwich Albion,Crystal Palace,1,5,0.567234,1.68656,6.787,6.911,-0.124,-0.8082,-0.30586,-0.35441,0.04854,-0.1967,-0.2706,-0.2015,-0.1425,-0.0947,-0.1281,-0.1068,1.0342,1.0766,-0.0424
2020-12-06,2020/2021,Tottenham Hotspur,Arsenal,2,0,0.390629,0.595216,6.998,7.039,-0.042,-0.2759,0.99435,0.06719,0.92716,0.754,0.1659,0.0068,0.0282,-0.0665,0.1377,0.0733,1.571,1.0268,0.5442
2020-12-06,2020/2021,Sheffield United,Leicester City,1,2,0.290743,1.3904,6.819,6.975,-0.157,-1.0246,-0.1616,0.64099,-0.80258,-1.1177,-0.0315,-0.1366,0.2121,-0.0283,-0.2436,-0.1083,1.2244,1.444,-0.2197
2020-12-06,2020/2021,Liverpool,Wolverhampton Wanderers,4,0,1.59454,0.357753,7.031,7.007,0.024,0.1526,1.74287,0.54466,1.19821,1.0473,0.4132,0.0598,-0.0021,0.135,0.4153,-0.0751,1.6576,0.9373,0.7203
2020-12-07,2020/2021,Brighton & Hove Albion,Southampton,1,2,2.03376,1.34801,6.884,6.88,0.004,0.0212,-0.03538,0.74884,-0.78423,-1.0978,0.0818,-0.0678,0.0399,-0.0747,0.0419,0.007,1.4641,1.1132,0.3509
2020-12-11,2020/2021,Leeds United,West Ham United,1,2,1.56644,1.7851,6.992,6.898,0.094,0.607,0.03773,0.34501,-0.30729,-0.5817,0.4462,-0.3571,0.1433,-0.0536,0.3029,-0.3035,2.086,1.6312,0.4548
2020-12-12,2020/2021,Everton,Chelsea,1,0,1.2216,1.00627,6.931,7.034,-0.103,-0.6725,0.55956,0.83467,-0.27511,-0.5469,0.1455,-0.0827,0.4411,0.2098,-0.2956,-0.2926,1.1592,1.7094,-0.5502
2020-12-12,2020/2021,Manchester United,Manchester City,0,0,0.591617,1.28434,7.081,7.197,-0.116,-0.7572,0.97372,1.36277,-0.38905,-0.6702,0.2447,0.0996,0.4961,0.243,-0.2514,-0.1434,1.2363,1.5074,-0.2711
2020-12-12,2020/2021,Wolverhampton Wanderers,Aston Villa,0,1,1.1356,1.26872,6.977,6.987,-0.01,-0.0716,0.51559,0.11072,0.40487,0.1889,-0.0231,0.1366,0.1846,-0.0994,-0.2076,0.2359,1.349,1.0505,0.2984
2020-12-12,2020/2021,Newcastle United,West Bromwich Albion,2,1,0.904163,0.57319,6.842,6.785,0.057,0.3666,-0.07173,-0.85534,0.78361,0.5987,-0.1032,-0.1388,-0.2905,-0.2149,0.1872,0.0761,1.4088,0.8535,0.5553
2020-12-13,2020/2021,Southampton,Sheffield United,3,0,2.27973,0.219115,6.908,6.909,-0.001,-0.0094,0.42397,-0.35392,0.77789,0.5925,0.047,-0.093,-0.0812,-0.1336,0.1281,0.0406,1.4989,1.0121,0.4868
2020-12-13,2020/2021,Arsenal,Burnley,0,1,1.85362,0.815375,7.02,6.912,0.107,0.6934,0.65165,-0.30604,0.95769,0.7871,0.0118,-0.0272,-0.09,-0.0859,0.1018,0.0587,1.3976,0.9273,0.4703
2020-12-13,2020/2021,Fulham,Liverpool,1,1,1.72509,1.82445,6.886,7.111,-0.226,-1.4721,-0.49422,1.14855,-1.64276,-2.0268,-0.0084,-0.314,0.4074,0.0746,-0.4158,-0.3886,1.1212,2.1135,-0.9923
2020-12-13,2020/2021,Crystal Palace,Tottenham Hotspur,1,1,1.84443,1.40792,6.92,6.989,-0.07,-0.4573,-0.13339,0.76887,-0.90227,-1.2256,-0.1173,-0.0827,0.1125,0.0171,-0.2298,-0.0998,1.085,1.2257,-0.1408
2020-12-13,2020/2021,Leicester City,Brighton & Hove Albion,3,0,1.64351,0.791673,7.013,6.842,0.171,1.1062,0.69946,-0.01896,0.71842,0.5282,0.2085,-0.0005,0.1136,-0.0729,0.0949,0.0724,1.6922,1.0985,0.5937
2020-12-15,2020/2021,Manchester City,West Bromwich Albion,1,1,2.58593,0.210243,7.178,6.738,0.44,2.8601,1.71955,-0.88326,2.60282,2.5672,0.4857,0.2654,-0.2995,-0.1972,0.7851,0.4626,2.6105,0.5394,2.0711
2020-12-15,2020/2021,Wolverhampton Wanderers,Chelsea,2,1,0.683783,1.56772,6.934,7.014,-0.08,-0.5235,0.41297,0.73691,-0.32393,-0.5997,-0.0322,0.129,0.4119,0.2059,-0.4441,-0.0769,0.9769,1.3397,-0.3628
2020-12-16,2020/2021,Leicester City,Everton,0,2,0.83883,1.51486,7.008,6.898,0.11,0.7132,0.82569,-0.03364,0.85933,0.6806,0.2047,0.0078,0.1467,-0.0529,0.0581,0.0607,1.6406,1.1341,0.5065
2020-12-16,2020/2021,Liverpool,Tottenham Hotspur,2,1,1.21783,1.5161,7.104,7.002,0.102,0.6569,1.80478,0.68816,1.11663,0.959,0.3939,0.0553,0.1173,-0.0024,0.2766,0.0577,1.8827,1.0513,0.8315
2020-12-16,2020/2021,West Ham United,Crystal Palace,1,1,0.449469,1.09108,6.919,6.946,-0.027,-0.1805,0.53423,-0.15014,0.68437,0.4913,0.1491,-0.034,-0.0788,-0.0872,0.2279,0.0532,1.5798,0.9593,0.6205
2020-12-16,2020/2021,Fulham,Brighton & Hove Albion,0,0,1.00448,0.462456,6.869,6.828,0.04,0.2585,-0.38382,-0.14519,-0.23863,-0.5074,0.0257,-0.3012,0.0993,-0.0706,-0.0737,-0.2307,1.3845,1.4856,-0.1012
2020-12-16,2020/2021,Leeds United,Newcastle United,5,2,2.95137,1.44437,6.992,6.799,0.193,1.251,-0.03065,-0.03419,0.00354,-0.2454,0.3955,-0.3609,-0.1271,-0.1323,0.5226,-0.2286,2.1708,1.2348,0.936
2020-12-16,2020/2021,Arsenal,Southampton,1,1,0.661135,1.11296,6.925,6.916,0.009,0.0528,0.53268,0.86003,-0.32736,-0.6035,0.0298,-0.0246,0.0809,-0.0728,-0.0511,0.0482,1.3881,1.1102,0.2779
2020-12-17,2020/2021,Aston Villa,Burnley,0,0,1.81142,0.316737,6.949,6.916,0.033,0.2092,0.19265,-0.18707,0.37972,0.1617,0.191,-0.0925,-0.0935,-0.0993,0.2845,0.0068,1.6795,0.9952,0.6843
2020-12-17,2020/2021,Sheffield United,Manchester United,2,3,1.23525,1.78667,6.866,7.127,-0.261,-1.7013,-0.27072,1.14045,-1.41117,-1.7762,-0.113,-0.1586,0.2173,0.1079,-0.3303,-0.2664,0.9727,1.5023,-0.5296
2020-12-19,2020/2021,Crystal Palace,Liverpool,0,7,0.489318,2.86902,6.893,7.029,-0.137,-0.8927,-0.00745,1.02742,-1.03487,-1.369,-0.0729,-0.0465,0.3654,0.0411,-0.4383,-0.0876,1.0985,1.5345,-0.436
2020-12-19,2020/2021,Southampton,Manchester City,0,1,0.586972,1.15599,6.905,7.147,-0.242,-1.5798,0.52268,1.22942,-0.70674,-1.014,0.0803,-0.0486,0.4808,0.2689,-0.4005,-0.3175,1.0068,1.7477,-0.7409
2020-12-19,2020/2021,Everton,Arsenal,2,1,0.661744,1.25206,6.913,6.954,-0.041,-0.2697,0.74826,-0.07502,0.82328,0.6416,0.1606,-0.0215,-0.0055,-0.0245,0.1661,0.003,1.4985,1.0211,0.4773
2020-12-19,2020/2021,Newcastle United,Fulham,1,1,1.26725,1.10645,6.887,6.925,-0.038,-0.2534,-0.13607,-0.59726,0.46119,0.2498,-0.1159,-0.1615,0.005,-0.2719,-0.121,0.1104,1.4559,1.1866,0.2692
2020-12-20,2020/2021,Manchester United,Leeds United,6,2,4.77743,1.63467,7.01,7.038,-0.028,-0.1885,0.98747,0.17298,0.81449,0.6321,0.2239,0.0998,0.4507,-0.365,-0.2268,0.4648,2.2473,1.4252,0.8222
2020-12-20,2020/2021,West Bromwich Albion,Aston Villa,0,3,0.0388442,2.61964,6.751,6.992,-0.241,-1.5713,-0.38676,0.18377,-0.57053,-0.8666,-0.3086,-0.1942,0.1963,-0.0768,-0.5049,-0.1174,0.9644,1.5208,-0.5565
2020-12-20,2020/2021,Brighton & Hove Albion,Sheffield United,1,1,2.90097,1.03713,6.885,6.834,0.051,0.3282,-0.16764,-0.44749,0.27986,0.0536,0.0493,-0.0588,-0.0994,-0.1667,0.1487,0.1079,1.5627,0.9545,0.6082
2020-12-20,2020/2021,Tottenham Hotspur,Leicester City,0,2,0.945932,1.74772,7.006,7.035,-0.029,-0.1958,1.04043,0.66,0.38043,0.1624,0.1346,0.0247,0.1719,-0.0031,-0.0373,0.0278,1.431,1.1627,0.2683
2020-12-21,2020/2021,Chelsea,West Ham United,3,0,2.41157,0.277737,7.009,6.92,0.089,0.5753,1.13382,0.36817,0.76565,0.5793,0.4152,0.2125,0.098,-0.0365,0.3171,0.249,1.9868,0.8825,1.1043
2020-12-21,2020/2021,Burnley,Wolverhampton Wanderers,2,1,1.20465,1.45722,6.933,6.972,-0.039,-0.2587,-0.00257,0.40717,-0.40973,-0.6926,-0.1182,-0.1031,-0.0427,0.1196,-0.0755,-0.2227,0.9819,1.0673,-0.0854
2020-12-26,2020/2021,Leicester City,Manchester United,2,2,1.0396,2.08423,7.035,7.027,0.008,0.0468,0.77476,1.1873,-0.41254,-0.6956,0.1901,0.0137,0.3501,0.0912,-0.1599,-0.0775,1.3828,1.3987,-0.0159
2020-12-26,2020/2021,Manchester City,Newcastle United,2,0,3.19575,0.200953,7.14,6.824,0.316,2.0507,1.61134,-0.20687,1.81821,1.7182,0.4596,0.2799,-0.1248,-0.158,0.5844,0.438,2.4097,0.6426,1.7671
2020-12-26,2020/2021,Sheffield United,Everton,0,1,1.25106,0.568803,6.804,6.889,-0.085,-0.5542,-0.20045,0.11836,-0.31882,-0.5942,-0.0954,-0.2108,0.1236,-0.0272,-0.219,-0.1836,1.1572,1.4113,-0.2542
2020-12-26,2020/2021,Arsenal,Chelsea,3,1,1.94485,2.25414,6.837,7.02,-0.184,-1.2009,0.5565,0.72076,-0.16427,-0.427,0.0031,0.0034,0.4295,0.2266,-0.4264,-0.2232,0.9791,1.5653,-0.5863
2020-12-26,2020/2021,Aston Villa,Crystal Palace,3,0,4.58214,0.849086,7.021,6.902,0.119,0.7712,0.23441,-0.19128,0.42569,0.2114,0.2384,-0.056,-0.1037,-0.0923,0.3421,0.0363,1.7667,0.94,0.8267
2020-12-26,2020/2021,Fulham,Southampton,0,0,0.781855,0.119709,6.873,6.883,-0.01,-0.0671,-0.31919,0.79657,-1.11576,-1.4566,0.0014,-0.2646,0.0625,-0.0247,-0.0612,-0.2399,1.283,1.3887,-0.1057
2020-12-27,2020/2021,Liverpool,West Bromwich Albion,1,1,1.45485,0.739845,7.129,6.728,0.4,2.603,1.89767,-0.8371,2.73477,2.71,0.4022,0.0593,-0.3531,-0.2268,0.7554,0.2861,2.4621,0.6312,1.8309
2020-12-27,2020/2021,Wolverhampton Wanderers,Tottenham Hotspur,1,1,0.742598,0.408109,6.971,6.984,-0.013,-0.0895,0.4441,0.61878,-0.17468,-0.4382,-0.0292,0.1125,0.1118,0.0087,-0.141,0.1038,1.2029,1.0009,0.2021
2020-12-27,2020/2021,Leeds United,Burnley,1,0,2.13271,1.54591,6.945,6.895,0.05,0.3217,0.01377,-0.07422,0.08798,-0.154,0.4583,-0.4944,-0.1083,-0.1118,0.5666,-0.3826,2.2262,1.4626,0.7637
2020-12-27,2020/2021,West Ham United,Brighton & Hove Albion,2,2,1.38877,1.50551,6.919,6.891,0.028,0.1784,0.38289,-0.19868,0.58157,0.3801,0.0785,-0.0528,0.1157,-0.0601,-0.0372,0.0073,1.4423,1.1797,0.2626
2020-12-28,2020/2021,Crystal Palace,Leicester City,1,1,0.321348,1.72132,6.868,6.828,0.04,0.2569,-0.25875,0.8197,-1.07845,-1.4162,-0.1064,-0.1967,0.1738,-0.0097,-0.2802,-0.187,1.1415,1.4417,-0.3002
2020-12-28,2020/2021,Chelsea,Aston Villa,1,1,1.53701,0.730859,7.025,7.037,-0.012,-0.0812,1.17657,0.40074,0.77583,0.5903,0.4496,0.1966,0.3762,-0.0535,0.0733,0.25,2.0666,1.1986,0.868
2020-12-29,2020/2021,Burnley,Sheffield United,1,0,0.973831,0.492578,6.928,6.807,0.121,0.7849,0.04606,-0.45788,0.50394,0.2961,-0.1031,-0.1069,-0.09,-0.1825,-0.0131,0.0756,1.3745,1.0025,0.372
2020-12-29,2020/2021,West Bromwich Albion,Leeds United,0,5,0.43551,1.54225,6.73,6.967,-0.237,-1.5482,-0.42626,0.08615,-0.51241,-0.8037,-0.3454,-0.1807,0.448,-0.493,-0.7934,0.3123,1.41,1.9291,-0.5191
2020-12-29,2020/2021,Brighton & Hove Albion,Arsenal,0,1,0.799368,1.31394,6.827,6.837,-0.01,-0.0672,-0.16184,-0.01592,-0.14592,-0.4071,0.1284,-0.0579,0.0391,-0.0204,0.0893,-0.0375,1.4505,1.1032,0.3474
2020-12-29,2020/2021,Manchester United,Wolverhampton Wanderers,1,0,1.48207,0.411046,7.071,6.964,0.107,0.6918,1.09695,0.31983,0.77712,0.5917,0.3708,0.1029,-0.0493,0.1281,0.4202,-0.0253,1.6156,0.848,0.7676
2020-12-29,2020/2021,Southampton,West Ham United,0,0,0.670996,1.07246,6.884,6.915,-0.031,-0.2077,0.42588,0.20242,0.22346,-0.0074,0.0144,-0.0097,0.0756,-0.0606,-0.0611,0.0509,1.3438,1.0932,0.2507
2020-12-30,2020/2021,Newcastle United,Liverpool,0,0,0.817935,1.32047,6.837,7.145,-0.308,-2.0074,-0.20347,1.10125,-1.30472,-1.661,-0.1382,-0.1915,0.3695,0.0568,-0.5077,-0.2483,0.9926,1.818,-0.8254
2021-01-01,2020/2021,Manchester United,Aston Villa,2,1,2.46473,1.56434,7.097,7.03,0.067,0.4292,1.12559,0.47431,0.65128,0.4555,0.3625,0.1122,0.3541,-0.0304,0.0083,0.1426,1.8685,1.2638,0.6047
2021-01-01,2020/2021,Everton,West Ham United,0,1,0.371045,1.19713,6.882,6.866,0.017,0.1047,0.81675,0.23113,0.58563,0.3845,0.0897,-0.0296,0.0742,-0.0408,0.0154,0.0111,1.4286,1.1073,0.3213
2021-01-02,2020/2021,Crystal Palace,Sheffield United,2,0,0.598888,0.323158,6.867,6.88,-0.013,-0.0902,-0.16932,-0.51211,0.3428,0.1217,-0.1481,-0.2039,-0.1105,-0.1686,-0.0376,-0.0352,1.2753,1.0997,0.1756
2021-01-02,2020/2021,West Bromwich Albion,Arsenal,0,4,0.869874,4.03429,6.725,6.942,-0.217,-1.4144,-0.58045,0.06217,-0.64262,-0.9446,-0.4102,-0.1657,0.0464,0.0004,-0.4566,-0.1661,0.8088,1.2687,-0.4598
2021-01-02,2020/2021,Tottenham Hotspur,Leeds United,3,0,2.5286,1.15626,6.994,7.022,-0.028,-0.1875,0.89679,0.24034,0.65646,0.4611,0.0923,0.0215,0.4256,-0.4556,-0.3334,0.4771,2.1571,1.5032,0.6539
2021-01-02,2020/2021,Brighton & Hove Albion,Wolverhampton Wanderers,3,3,2.4228,1.81856,6.843,6.925,-0.083,-0.5433,-0.23993,0.29118,-0.53111,-0.8239,0.0948,-0.0627,-0.0637,0.1326,0.1585,-0.1953,1.1931,1.009,0.1841
2021-01-03,2020/2021,Chelsea,Manchester City,1,3,0.691013,3.18063,7.06,7.195,-0.135,-0.8816,1.10301,1.28148,-0.17847,-0.4423,0.4222,0.2111,0.4806,0.2868,-0.0584,-0.0757,1.41,1.3307,0.0793
2021-01-03,2020/2021,Newcastle United,Leicester City,1,2,0.264584,0.702081,6.867,7.026,-0.159,-1.0393,-0.10456,0.73027,-0.83483,-1.1526,-0.1457,-0.1726,0.1819,0.0134,-0.3277,-0.186,1.0473,1.4529,-0.4056
2021-01-04,2020/2021,Southampton,Liverpool,1,0,0.500436,1.37204,6.844,7.154,-0.31,-2.0203,0.39717,1.00234,-0.60516,-0.9041,-0.0158,-0.0091,0.3515,0.0613,-0.3673,-0.0703,1.1166,1.4882,-0.3716
2021-01-12,2020/2021,Sheffield United,Newcastle United,1,0,2.01315,1.04745,6.87,6.865,0.005,0.0289,-0.37812,-0.17962,-0.1985,-0.464,-0.1429,-0.1477,-0.1825,-0.1495,0.0396,0.0019,1.2605,0.9653,0.2952
2021-01-12,2020/2021,Wolverhampton Wanderers,Everton,1,2,0.852495,0.323445,6.865,7.027,-0.162,-1.0608,0.41019,0.11356,0.29662,0.0717,-0.0371,0.0925,0.0451,-0.0319,-0.0822,0.1244,1.221,0.9724,0.2486
2021-01-12,2020/2021,Burnley,Manchester United,0,1,0.648582,1.23996,6.949,7.028,-0.079,-0.5186,0.10029,1.18678,-1.08648,-1.4249,-0.12,-0.0945,0.3858,0.1011,-0.5058,-0.1956,0.9938,1.632,-0.6382
2021-01-13,2020/2021,Tottenham Hotspur,Fulham,1,1,3.14372,1.05329,6.969,6.874,0.096,0.6186,1.02427,-0.48512,1.50938,1.384,0.1127,0.033,-0.0264,-0.2293,0.139,0.2624,1.7819,0.9317,0.8502
2021-01-13,2020/2021,Manchester City,Brighton & Hove Albion,1,0,2.90855,0.177084,7.219,6.836,0.383,2.4881,1.71232,-0.15202,1.86434,1.7681,0.525,0.3153,0.149,-0.0814,0.376,0.3967,2.4021,0.8091,1.593
2021-01-14,2020/2021,Arsenal,Crystal Palace,0,0,0.368554,0.709634,6.963,6.895,0.067,0.4347,0.82775,-0.18953,1.01728,0.8515,0.1455,-0.0008,-0.1793,-0.1826,0.3248,0.1818,1.7513,0.8298,0.9215
2021-01-16,2020/2021,Leicester City,Southampton,2,0,2.12019,0.378147,7.025,6.832,0.193,1.2511,0.77709,0.75915,0.01794,-0.2298,0.1548,0.0339,-0.0433,-0.0049,0.1981,0.0388,1.5023,0.9047,0.5976
2021-01-16,2020/2021,Fulham,Chelsea,0,1,0.46126,1.37939,6.885,7.053,-0.169,-1.1022,-0.15728,0.47098,-0.62826,-0.9291,-0.021,-0.2712,0.3912,0.1388,-0.4122,-0.41,1.0453,1.9789,-0.9336
2021-01-16,2020/2021,West Ham United,Burnley,1,0,1.73397,0.395668,6.873,6.945,-0.072,-0.4704,0.41372,-0.11118,0.52489,0.3187,0.077,-0.0082,-0.1338,-0.08,0.2108,0.0718,1.4517,0.8896,0.5621
2021-01-16,2020/2021,Wolverhampton Wanderers,West Bromwich Albion,2,3,1.94358,2.46332,6.945,6.729,0.216,1.4037,0.31158,-0.90088,1.21246,1.0627,-0.0535,0.109,-0.404,-0.2338,0.3505,0.3428,1.5378,0.5835,0.9543
2021-01-16,2020/2021,Leeds United,Brighton & Hove Albion,0,1,0.245193,1.14424,6.947,6.859,0.089,0.574,0.11281,-0.07336,0.18617,-0.0478,0.4054,-0.4687,0.1238,-0.1048,0.2816,-0.3638,2.1067,1.7896,0.3171
2021-01-17,2020/2021,Sheffield United,Tottenham Hotspur,1,3,0.978133,1.28385,6.878,7.006,-0.128,-0.8358,-0.28345,0.6098,-0.89325,-1.2158,-0.1037,-0.1483,0.167,0.03,-0.2707,-0.1783,1.0782,1.3918,-0.3136
2021-01-17,2020/2021,Liverpool,Manchester United,0,0,1.20205,1.18929,7.14,7.079,0.061,0.3953,1.62444,1.17459,0.44985,0.2375,0.3452,0.0804,0.3691,0.1096,-0.0239,-0.0292,1.5954,1.325,0.2704
2021-01-17,2020/2021,Manchester City,Crystal Palace,4,0,0.961088,0.0515836,7.181,6.898,0.283,1.8389,1.63366,-0.10298,1.73664,1.6299,0.5363,0.3288,-0.1822,-0.13,0.7185,0.4588,2.5201,0.58,1.9401
2021-01-18,2020/2021,Arsenal,Newcastle United,3,0,2.30744,0.168796,6.976,6.852,0.124,0.803,0.74119,-0.27429,1.01549,0.8496,0.0773,0.0017,-0.1779,-0.1674,0.2552,0.1691,1.6221,0.8234,0.7987
2021-01-19,2020/2021,West Ham United,West Bromwich Albion,2,1,2.17512,0.464091,6.928,6.742,0.186,1.2061,0.46626,-0.77608,1.24234,1.0951,0.0891,0.0019,-0.3406,-0.2439,0.4297,0.2458,1.785,0.6945,1.0905
2021-01-19,2020/2021,Leicester City,Chelsea,2,0,1.1449,0.615727,7.027,6.98,0.047,0.3012,0.89666,0.51458,0.38207,0.1642,0.1793,0.046,0.3641,0.1551,-0.1848,-0.1091,1.2893,1.367,-0.0776
2021-01-20,2020/2021,Fulham,Manchester United,1,2,0.753669,1.68401,6.896,7.057,-0.162,-1.0558,-0.20089,1.22505,-1.42594,-1.7922,-0.0475,-0.2478,0.3607,0.1248,-0.4083,-0.3726,1.0332,1.8736,-0.8404
2021-01-20,2020/2021,Manchester City,Aston Villa,2,0,3.34385,0.601768,7.216,7.048,0.167,1.0846,1.75952,0.43285,1.32667,1.1863,0.4791,0.3359,0.364,-0.0529,0.1151,0.3888,2.1731,1.0082,1.1648
2021-01-21,2020/2021,Liverpool,Burnley,0,1,1.64907,1.08059,7.11,6.931,0.178,1.1563,1.57399,-0.16372,1.73771,1.6311,0.3277,0.0848,-0.1493,-0.0881,0.477,0.1729,1.9373,0.7747,1.1626
2021-01-23,2020/2021,Aston Villa,Newcastle United,2,0,2.6026,0.400364,7.014,6.851,0.163,1.0554,0.34283,-0.39392,0.73675,0.548,0.3447,-0.1016,-0.2013,-0.1878,0.546,0.0862,2.1732,0.8878,1.2854
2021-01-26,2020/2021,West Bromwich Albion,Manchester City,0,5,0.568258,2.24838,6.756,7.187,-0.43,-2.8055,-0.6199,1.47316,-2.09305,-2.5141,-0.3465,-0.255,0.5147,0.3461,-0.8612,-0.601,0.5948,2.273,-1.6782
2021-01-26,2020/2021,Crystal Palace,West Ham United,2,3,0.629033,3.30321,6.889,6.898,-0.01,-0.0679,-0.08469,0.35429,-0.43898,-0.7242,-0.1969,-0.0552,0.1052,0.0057,-0.3021,-0.0609,1.0207,1.1754,-0.1547
2021-01-26,2020/2021,Newcastle United,Leeds United,1,2,1.1364,0.785914,6.835,6.986,-0.151,-0.9858,-0.33434,0.05009,-0.38442,-0.6652,-0.2193,-0.2028,0.2981,-0.4397,-0.5174,0.2369,1.5322,1.6803,-0.1481
2021-01-26,2020/2021,Southampton,Arsenal,1,3,0.99504,2.4339,6.817,6.979,-0.163,-1.0622,0.42671,0.22737,0.19934,-0.0335,-0.0601,-0.0261,0.1064,0.0151,-0.1665,-0.0412,1.1385,1.1641,-0.0256
2021-01-27,2020/2021,Brighton & Hove Albion,Fulham,0,0,2.29129,0.513226,6.882,6.894,-0.012,-0.0795,-0.06774,-0.37571,0.30797,0.084,0.0858,-0.0295,-0.061,-0.2393,0.1469,0.2098,1.7299,0.9704,0.7595
2021-01-27,2020/2021,Everton,Leicester City,1,1,0.474981,0.792045,6.978,7.008,-0.03,-0.1986,0.77385,0.90512,-0.13128,-0.3913,0.0251,-0.0204,0.1725,0.0715,-0.1474,-0.0919,1.1904,1.2172,-0.0268
2021-01-27,2020/2021,Burnley,Aston Villa,3,2,0.717681,2.70718,6.929,7.046,-0.117,-0.7658,0.16711,0.4306,-0.26349,-0.5343,-0.1366,-0.076,0.365,-0.0914,-0.5016,0.0153,1.1794,1.5762,-0.3968
2021-01-27,2020/2021,Manchester United,Sheffield United,1,2,0.9931,0.689548,7.058,6.857,0.201,1.3061,1.16029,-0.6203,1.78059,1.6775,0.3509,0.1314,-0.1077,-0.1435,0.4586,0.2749,2.1015,0.7687,1.3327
2021-01-27,2020/2021,Chelsea,Wolverhampton Wanderers,0,0,0.663324,0.63192,7.025,6.933,0.092,0.5966,0.9435,0.08528,0.85823,0.6794,0.334,0.1589,-0.0358,0.0767,0.3698,0.0823,1.6366,0.8141,0.8225
2021-01-28,2020/2021,Tottenham Hotspur,Liverpool,1,3,0.104586,2.58798,7.013,7.184,-0.171,-1.1151,0.97855,0.76979,0.20877,-0.0233,0.162,0.0324,0.3151,0.0771,-0.153,-0.0447,1.3349,1.3541,-0.0192
2021-01-30,2020/2021,Manchester City,Sheffield United,1,0,1.53116,0.154537,7.135,6.826,0.309,2.0083,1.91804,-0.48512,2.40316,2.3512,0.5097,0.3436,-0.1098,-0.0941,0.6195,0.4377,2.3748,0.6125,1.7622
2021-01-30,2020/2021,Southampton,Aston Villa,0,1,2.22557,0.795508,6.871,7.032,-0.161,-1.0502,0.3022,0.33329,-0.0311,-0.2829,-0.0655,-0.0608,0.4085,-0.0788,-0.474,0.018,1.2441,1.6299,-0.3858
2021-01-30,2020/2021,Crystal Palace,Wolverhampton Wanderers,1,0,1.36877,0.450907,6.888,6.925,-0.037,-0.2465,-0.14392,0.1636,-0.30752,-0.582,-0.213,-0.1078,-0.0415,0.1173,-0.1715,-0.2251,0.8953,1.0733,-0.178
2021-01-30,2020/2021,Everton,Newcastle United,0,2,0.966012,2.08832,7.043,6.849,0.193,1.2555,0.79177,-0.53333,1.32511,1.1846,-0.0042,-0.0071,-0.243,-0.1723,0.2389,0.1652,1.5151,0.7719,0.7432
2021-01-30,2020/2021,Arsenal,Manchester United,0,0,0.747166,1.51332,6.946,7.048,-0.102,-0.6678,0.94383,1.08651,-0.14268,-0.4036,0.1511,0.0191,0.3067,0.1319,-0.1556,-0.1129,1.2602,1.3498,-0.0895
2021-01-30,2020/2021,West Bromwich Albion,Fulham,2,2,0.994664,1.52044,6.777,6.932,-0.155,-1.0151,-0.75701,-0.33818,-0.41882,-0.7024,-0.3445,-0.2517,-0.0778,-0.2546,-0.2667,0.0028,1.1227,1.2123,-0.0896
2021-01-31,2020/2021,Brighton & Hove Albion,Tottenham Hotspur,1,0,1.77386,0.372524,6.906,6.932,-0.026,-0.1699,-0.10527,0.61737,-0.72264,-1.0312,0.1148,-0.0196,0.1098,-0.0081,0.005,-0.0116,1.4106,1.1417,0.2689
2021-01-31,2020/2021,West Ham United,Liverpool,1,3,0.883061,2.05809,6.907,7.099,-0.192,-1.2542,0.47499,0.8945,-0.41952,-0.7032,0.1759,0.0152,0.3525,0.1221,-0.1766,-0.1069,1.2906,1.4337,-0.143
2021-01-31,2020/2021,Leicester City,Leeds United,1,3,1.73432,1.8141,6.978,6.982,-0.004,-0.0316,0.99435,0.11326,0.88109,0.7042,0.1563,0.0925,0.2592,-0.4227,-0.1028,0.5153,2.2317,1.182,1.0498
2021-01-31,2020/2021,Chelsea,Burnley,2,0,1.4405,0.390714,7.033,6.909,0.124,0.805,0.86518,0.03565,0.82953,0.6484,0.2958,0.1619,-0.1579,-0.1122,0.4538,0.2741,1.91,0.7157,1.1944
2021-02-02,2020/2021,Manchester United,Southampton,9,0,5.0325,0.507893,7.005,6.818,0.188,1.2179,1.01222,0.50046,0.51176,0.3045,0.3094,0.1481,-0.0191,-0.0298,0.3285,0.1779,1.7966,0.8274,0.9692
2021-02-02,2020/2021,Newcastle United,Crystal Palace,1,2,1.90755,0.809312,6.853,6.89,-0.036,-0.2393,-0.30234,-0.20231,-0.10003,-0.3575,-0.192,-0.1547,-0.1922,-0.0923,0.0002,-0.0624,1.1278,0.9674,0.1604
2021-02-02,2020/2021,Wolverhampton Wanderers,Arsenal,2,1,1.56162,0.716265,6.961,6.985,-0.024,-0.1611,0.17299,0.36477,-0.19179,-0.4568,-0.0635,0.1047,0.1273,0.0135,-0.1908,0.0912,1.1554,1.0259,0.1295
2021-02-02,2020/2021,Sheffield United,West Bromwich Albion,2,1,1.35804,1.61871,6.837,6.832,0.005,0.0265,-0.21567,-0.80486,0.58918,0.3883,-0.1248,-0.0547,-0.349,-0.2569,0.2242,0.2022,1.4289,0.7447,0.6842
2021-02-03,2020/2021,Leeds United,Everton,1,2,1.14303,1.91539,7.01,6.929,0.081,0.5211,0.15192,0.12895,0.02297,-0.2244,0.2806,-0.3975,-0.0249,-0.034,0.3055,-0.3635,1.7306,1.4376,0.293
2021-02-03,2020/2021,Liverpool,Brighton & Hove Albion,0,1,1.09518,1.18977,7.202,6.9,0.302,1.9606,1.59496,0.07094,1.52402,1.3999,0.3692,0.1355,0.1318,-0.0001,0.2374,0.1356,1.8767,0.9612,0.9155
2021-02-03,2020/2021,Aston Villa,West Ham United,1,3,0.741154,1.79064,7.02,6.891,0.129,0.8345,0.43137,0.3412,0.09016,-0.1517,0.3694,-0.1048,0.1555,-0.0059,0.2138,-0.0989,1.8494,1.2777,0.5717
2021-02-03,2020/2021,Burnley,Manchester City,0,2,0.0489155,2.12153,6.904,7.195,-0.291,-1.9011,0.20209,1.5419,-1.33981,-1.699,-0.1667,-0.0935,0.4822,0.35,-0.6489,-0.4436,0.7209,1.8414,-1.1205
2021-02-03,2020/2021,Fulham,Leicester City,0,2,0.731288,1.71299,6.924,6.979,-0.055,-0.361,-0.15932,0.79605,-0.95536,-1.283,-0.0648,-0.2496,0.1288,0.0726,-0.1936,-0.3222,1.0836,1.4695,-0.3859
2021-02-04,2020/2021,Tottenham Hotspur,Chelsea,0,1,0.569446,2.393,6.966,7.064,-0.098,-0.6405,0.77868,0.41506,0.36362,0.1442,0.0855,-0.02,0.274,0.1674,-0.1885,-0.1875,1.1395,1.3576,-0.218
2021-02-06,2020/2021,Aston Villa,Arsenal,1,0,1.19792,0.679649,7.03,6.957,0.072,0.4675,0.30926,0.27038,0.03888,-0.2072,0.3116,-0.1184,0.1162,0.0017,0.1954,-0.1202,1.7208,1.2537,0.4671
2021-02-06,2020/2021,Burnley,Brighton & Hove Albion,1,1,1.88934,0.612682,6.915,6.898,0.017,0.1075,0.13586,0.20181,-0.06595,-0.3206,-0.1905,-0.103,0.1397,0.0298,-0.3302,-0.1327,1.006,1.2722,-0.2661
2021-02-06,2020/2021,Newcastle United,Southampton,3,2,0.910553,1.43445,6.808,6.872,-0.064,-0.421,-0.38293,0.32761,-0.71054,-1.0181,-0.1538,-0.1501,-0.0294,-0.1553,-0.1244,0.0052,1.2437,1.137,0.1067
2021-02-06,2020/2021,Manchester United,Everton,3,3,1.71769,1.5571,7.061,6.989,0.072,0.4643,1.18507,0.21578,0.96929,0.7996,0.4401,0.1542,-0.0034,-0.0094,0.4435,0.1636,1.9784,0.847,1.1315
2021-02-06,2020/2021,Fulham,West Ham United,0,0,1.60884,0.943539,6.914,6.909,0.006,0.0329,-0.24718,0.46331,-0.71049,-1.018,-0.0813,-0.2543,0.1754,0.0384,-0.2567,-0.2927,1.1109,1.5359,-0.425
2021-02-07,2020/2021,Liverpool,Manchester City,1,4,1.17728,3.55196,7.136,7.197,-0.061,-0.4028,1.46409,1.60814,-0.14405,-0.4051,0.3393,0.1281,0.4853,0.3634,-0.1461,-0.2353,1.2127,1.44,-0.2273
2021-02-07,2020/2021,Tottenham Hotspur,West Bromwich Albion,2,0,1.92997,0.698686,7.029,6.668,0.36,2.3425,0.67755,-0.85197,1.52952,1.4058,0.0642,-0.0534,-0.314,-0.2527,0.3782,0.1993,1.7935,0.7382,1.0552
2021-02-07,2020/2021,Wolverhampton Wanderers,Leicester City,0,0,1.35506,0.632232,6.951,6.981,-0.031,-0.2032,0.26738,0.88391,-0.61652,-0.9163,-0.0448,0.1125,0.1359,0.0818,-0.1807,0.0307,1.0986,1.0274,0.0711
2021-02-07,2020/2021,Sheffield United,Chelsea,1,2,0.623045,1.64144,6.822,7.022,-0.2,-1.3044,-0.16857,0.51618,-0.68474,-0.9902,-0.1274,-0.0686,0.3078,0.1849,-0.4351,-0.2535,0.8942,1.4923,-0.598
2021-02-08,2020/2021,Leeds United,Crystal Palace,2,0,2.64769,0.370278,6.997,6.895,0.102,0.6627,0.06509,-0.12171,0.1868,-0.0471,0.2501,-0.4086,-0.1965,-0.1109,0.4467,-0.2977,1.8175,1.2213,0.5962
2021-02-13,2020/2021,Brighton & Hove Albion,Aston Villa,0,0,2.33232,0.144036,6.907,7.041,-0.134,-0.8763,0.08843,0.39191,-0.30348,-0.5776,0.1122,0.0098,0.2846,-0.1013,-0.1724,0.1111,1.5246,1.3375,0.1871
2021-02-13,2020/2021,Manchester City,Tottenham Hotspur,3,0,2.46219,0.4235,7.192,7.01,0.182,1.1791,1.95054,0.47199,1.47854,1.3507,0.5425,0.3616,0.0688,-0.0522,0.4736,0.4137,2.3177,0.7303,1.5874
2021-02-13,2020/2021,Leicester City,Liverpool,3,1,2.07383,1.68325,6.997,7.111,-0.114,-0.7439,0.87404,0.82484,0.0492,-0.196,0.1242,0.0738,0.3351,0.0439,-0.2109,0.0298,1.3377,1.3165,0.0212
2021-02-13,2020/2021,Crystal Palace,Burnley,0,3,0.645616,1.95502,6.904,6.924,-0.02,-0.1348,-0.068,-0.09572,0.02771,-0.2192,-0.2375,-0.141,-0.1519,-0.0847,-0.0856,-0.0563,1.0715,0.9916,0.0799
2021-02-14,2020/2021,Southampton,Wolverhampton Wanderers,1,2,0.8536,1.09361,6.888,6.954,-0.065,-0.4294,0.02787,0.16967,-0.1418,-0.4027,-0.0187,-0.1446,-0.0329,0.1229,0.0141,-0.2675,1.0777,1.1271,-0.0494
2021-02-14,2020/2021,Arsenal,Leeds United,4,2,2.50614,0.77074,6.986,6.942,0.045,0.2862,0.84438,0.26893,0.57545,0.3735,0.0913,0.0225,0.2875,-0.3825,-0.1961,0.405,2.0205,1.2965,0.724
2021-02-14,2020/2021,Everton,Fulham,0,2,0.314075,2.55085,6.953,6.943,0.01,0.06,0.76303,-0.39821,1.16124,1.0073,0.019,0.0022,-0.0569,-0.2346,0.076,0.2368,1.6145,0.9416,0.673
2021-02-14,2020/2021,West Bromwich Albion,Manchester United,1,1,0.945964,0.423885,6.785,7.034,-0.249,-1.6227,-0.77538,1.12628,-1.90166,-2.307,-0.313,-0.2551,0.4253,0.1357,-0.7383,-0.3908,0.7756,2.0342,-1.2586
2021-02-15,2020/2021,Chelsea,Newcastle United,2,0,2.5428,0.432603,7.004,6.835,0.168,1.092,1.05159,-0.36938,1.42097,1.2884,0.3099,0.1904,-0.1707,-0.156,0.4806,0.3464,2.0344,0.6831,1.3514
2021-02-15,2020/2021,West Ham United,Sheffield United,3,0,2.32735,0.926652,6.942,6.85,0.092,0.5964,0.40156,-0.37666,0.77822,0.5929,0.1493,0.0252,-0.1376,-0.0728,0.2869,0.098,1.5799,0.8405,0.7393
2021-02-17,2020/2021,Burnley,Fulham,1,1,1.20642,0.594471,6.908,7.015,-0.107,-0.7013,0.23785,-0.25754,0.4954,0.2868,-0.1134,-0.0742,0.0101,-0.1922,-0.1235,0.118,1.3368,1.102,0.2348
2021-02-17,2020/2021,Everton,Manchester City,1,3,1.04664,1.23218,6.943,7.192,-0.248,-1.6212,0.62236,1.81554,-1.19318,-1.5403,-0.0382,-0.0351,0.5429,0.3659,-0.5811,-0.401,0.811,1.8361,-1.0252
2021-02-19,2020/2021,Wolverhampton Wanderers,Leeds United,1,0,0.592049,2.4793,6.952,6.884,0.067,0.4339,0.38283,0.16563,0.21721,-0.0142,-0.0339,0.1285,0.2645,-0.3982,-0.2984,0.5267,1.816,1.1366,0.6794
2021-02-20,2020/2021,Fulham,Sheffield United,1,0,1.21006,0.977747,6.954,6.854,0.101,0.6516,-0.04775,-0.50165,0.4539,0.2419,-0.0117,-0.187,-0.1332,-0.0968,0.1215,-0.0902,1.3791,1.0428,0.3362
2021-02-20,2020/2021,Liverpool,Everton,0,2,1.54046,2.01468,7.002,6.934,0.067,0.433,1.24854,0.15592,1.09262,0.9331,0.3446,0.0172,-0.0298,-0.0096,0.3743,0.0269,1.7976,0.9465,0.8511
2021-02-20,2020/2021,Southampton,Chelsea,1,1,0.496603,1.44849,6.867,7.04,-0.173,-1.1291,-0.05045,0.59479,-0.64525,-0.9474,-0.0279,-0.1425,0.3271,0.194,-0.3551,-0.3365,0.9819,1.6328,-0.651
2021-02-20,2020/2021,Burnley,West Bromwich Albion,0,0,0.535153,1.71922,6.899,6.76,0.139,0.9028,0.18367,-0.82575,1.00943,0.8431,-0.1191,-0.0613,-0.3018,-0.1931,0.1827,0.1318,1.3701,0.7734,0.5967
2021-02-21,2020/2021,West Ham United,Tottenham Hotspur,2,1,1.09246,0.770706,6.921,6.985,-0.064,-0.4183,0.52655,0.3654,0.16115,-0.0749,0.18,0.0232,0.0594,-0.0588,0.1206,0.082,1.5769,1.0448,0.5321
2021-02-21,2020/2021,Arsenal,Manchester City,0,1,0.331188,2.08868,6.945,7.221,-0.275,-1.7949,0.94769,1.89094,-0.94325,-1.2699,0.1176,0.0388,0.5209,0.3564,-0.4034,-0.3176,0.9538,1.6737,-0.7199
2021-02-21,2020/2021,Manchester United,Newcastle United,3,1,1.7256,0.341778,7.033,6.819,0.214,1.388,1.0225,-0.42994,1.45244,1.3224,0.3719,0.1307,-0.1776,-0.1745,0.5495,0.3053,2.217,0.7162,1.5007
2021-02-21,2020/2021,Aston Villa,Leicester City,1,2,1.7084,1.23852,6.976,7.005,-0.03,-0.1964,0.36832,0.89987,-0.53155,-0.8244,0.2419,-0.1272,0.1536,0.0607,0.0883,-0.1879,1.4947,1.3289,0.1657
2021-02-22,2020/2021,Brighton & Hove Albion,Crystal Palace,1,2,2.59204,0.179886,6.913,6.825,0.087,0.5631,0.12551,-0.32953,0.45504,0.2432,0.154,0.045,-0.2545,-0.1612,0.4086,0.2062,1.7331,0.7336,0.9995
2021-02-23,2020/2021,Leeds United,Southampton,3,0,1.84753,1.47981,6.926,6.843,0.083,0.5382,0.06215,0.20649,-0.14434,-0.4054,0.3077,-0.3515,-0.0483,-0.1346,0.356,-0.2169,1.967,1.341,0.626
2021-02-27,2020/2021,West Bromwich Albion,Brighton & Hove Albion,1,0,0.687091,3.12111,6.776,6.908,-0.131,-0.8583,-0.60036,0.14753,-0.74789,-1.0585,-0.259,-0.1693,0.1947,0.0542,-0.4537,-0.2234,0.9007,1.4618,-0.561
2021-02-27,2020/2021,Leeds United,Aston Villa,0,1,1.00106,0.876255,6.917,6.918,-0.0,-0.0057,0.20259,0.32016,-0.11757,-0.3764,0.2986,-0.3523,0.2497,-0.1234,0.049,-0.2289,1.9084,1.8259,0.0825
2021-02-27,2020/2021,Manchester City,West Ham United,2,1,0.760574,1.92892,7.189,6.886,0.303,1.9687,2.11283,0.5286,1.58423,1.465,0.5281,0.373,0.1552,0.0301,0.3729,0.3429,2.1349,0.7758,1.359
2021-02-27,2020/2021,Newcastle United,Wolverhampton Wanderers,1,1,1.9519,1.27827,6.804,6.955,-0.15,-0.9824,-0.34973,0.29731,-0.64703,-0.9494,-0.1897,-0.1532,-0.1055,0.085,-0.0842,-0.2382,0.9339,1.0679,-0.134
2021-02-28,2020/2021,Leicester City,Arsenal,1,3,0.533575,2.1065,6.969,7.017,-0.048,-0.3153,1.02751,0.25003,0.77747,0.5921,0.1491,0.0522,0.0929,0.0224,0.0562,0.0299,1.4124,1.0475,0.3649
2021-02-28,2020/2021,Crystal Palace,Fulham,0,0,0.0880148,0.813134,6.912,6.947,-0.035,-0.2309,-0.13728,-0.16462,0.02734,-0.2196,-0.2702,-0.1908,-0.0197,-0.184,-0.2505,-0.0068,1.1432,1.1916,-0.0483
2021-02-28,2020/2021,Sheffield United,Liverpool,0,2,0.777149,2.80551,6.882,7.02,-0.138,-0.903,-0.32888,0.61287,-0.94175,-1.2683,-0.1349,-0.0911,0.3312,-0.011,-0.4661,-0.0801,1.0875,1.5509,-0.4634
2021-02-28,2020/2021,Chelsea,Manchester United,0,0,1.17294,0.35954,7.073,7.036,0.037,0.2374,1.06867,1.04753,0.02114,-0.2264,0.318,0.2067,0.3497,0.1375,-0.0317,0.0692,1.5055,1.1487,0.3568
2021-02-28,2020/2021,Tottenham Hotspur,Burnley,4,0,2.35788,0.603212,7.002,6.898,0.104,0.6758,0.60717,-0.05043,0.6576,0.4623,0.0498,-0.0416,-0.1548,-0.0777,0.2046,0.0361,1.4394,0.882,0.5574
2021-03-01,2020/2021,Everton,Southampton,1,0,1.42054,0.665743,6.921,6.847,0.074,0.4796,0.64013,0.06604,0.57409,0.372,0.0099,0.0005,-0.0413,-0.1286,0.0513,0.1291,1.4501,0.9507,0.4994
2021-03-02,2020/2021,Manchester City,Wolverhampton Wanderers,4,1,3.26196,0.318824,7.224,6.912,0.312,2.0246,2.0519,0.23196,1.81994,1.7201,0.4788,0.3395,-0.0979,0.0576,0.5767,0.2819,1.9791,0.6222,1.3569
2021-03-03,2020/2021,Crystal Palace,Manchester United,0,0,0.742397,0.584016,6.917,7.072,-0.155,-1.0117,-0.1413,1.05065,-1.19195,-1.539,-0.3188,-0.1791,0.3242,0.1501,-0.643,-0.3292,0.7687,1.6852,-0.9165
2021-03-03,2020/2021,Burnley,Leicester City,1,1,1.26793,1.24109,6.891,6.914,-0.023,-0.1542,0.00219,0.86178,-0.85959,-1.1794,-0.1639,-0.1064,0.1131,0.0231,-0.277,-0.1295,1.0351,1.249,-0.2138
2021-03-03,2020/2021,Sheffield United,Aston Villa,1,0,0.716254,1.44176,6.854,6.935,-0.081,-0.5294,-0.41738,0.39981,-0.81719,-1.1335,-0.1498,-0.1317,0.2032,-0.0866,-0.353,-0.0451,1.1635,1.4114,-0.2479
2021-03-04,2020/2021,Liverpool,Chelsea,0,1,0.247034,1.22635,7.063,7.061,0.002,0.0119,1.16779,0.52749,0.6403,0.4436,0.37,-0.0016,0.3021,0.232,0.0678,-0.2337,1.4369,1.3547,0.0822
2021-03-04,2020/2021,West Bromwich Albion,Everton,0,1,1.02038,1.40789,6.797,6.893,-0.097,-0.6327,-0.48691,0.32795,-0.81486,-1.131,-0.2674,-0.2156,0.0085,0.0069,-0.276,-0.2224,0.9403,1.2658,-0.3255
2021-03-04,2020/2021,Fulham,Tottenham Hotspur,0,1,1.1715,1.5519,6.951,7.089,-0.138,-0.9017,0.01304,0.38348,-0.37044,-0.6501,-0.0357,-0.1566,0.0876,-0.0354,-0.1233,-0.1212,1.2306,1.2978,-0.0672
2021-03-06,2020/2021,Sheffield United,Southampton,0,2,0.908155,2.37386,6.829,6.782,0.046,0.2988,-0.30202,0.01762,-0.31964,-0.5951,-0.1724,-0.1314,-0.0517,-0.1265,-0.1207,-0.0049,1.2019,1.0771,0.1248
2021-03-06,2020/2021,Burnley,Arsenal,1,1,1.10374,2.53692,6.91,6.985,-0.075,-0.4903,0.08058,0.38516,-0.30458,-0.5788,-0.1516,-0.1052,0.131,0.0509,-0.2826,-0.1561,1.0129,1.2779,-0.2649
2021-03-06,2020/2021,Brighton & Hove Albion,Leicester City,1,2,0.75471,1.03801,6.926,6.962,-0.036,-0.2376,-0.05449,0.78338,-0.83787,-1.1559,0.2542,0.0583,0.1119,0.0166,0.1423,0.0417,1.5802,1.0597,0.5205
2021-03-06,2020/2021,Aston Villa,Wolverhampton Wanderers,0,0,0.956392,2.15087,6.941,6.947,-0.006,-0.0415,0.29251,0.13806,0.15445,-0.0821,0.2025,-0.0743,-0.1062,-0.0059,0.3086,-0.0684,1.5402,0.9694,0.5709
2021-03-07,2020/2021,Manchester City,Manchester United,0,2,1.27561,2.11411,7.236,7.042,0.194,1.2566,2.1458,0.95625,1.18955,1.038,0.5117,0.343,0.2864,0.1494,0.2253,0.1936,1.8398,0.9235,0.9164
2021-03-07,2020/2021,Tottenham Hotspur,Crystal Palace,4,1,2.24159,0.559383,7.031,6.914,0.116,0.753,0.7929,-0.16491,0.95781,0.7872,0.0961,-0.0334,-0.3171,-0.138,0.4132,0.1046,1.6035,0.7427,0.8609
2021-03-07,2020/2021,Liverpool,Fulham,0,1,0.701764,1.37047,7.006,6.939,0.067,0.4333,1.05747,-0.20337,1.26084,1.1151,0.3234,0.003,-0.0384,-0.1624,0.3618,0.1654,2.0503,0.9518,1.0985
2021-03-07,2020/2021,West Bromwich Albion,Newcastle United,0,0,1.46503,0.454577,6.791,6.824,-0.034,-0.2238,-0.5113,-0.4446,-0.0667,-0.3214,-0.261,-0.2173,-0.1425,-0.1565,-0.1185,-0.0609,1.1227,1.0822,0.0405
2021-03-08,2020/2021,West Ham United,Leeds United,2,0,2.37556,1.34971,6.884,6.953,-0.069,-0.453,0.64441,0.13217,0.51224,0.3051,0.1905,0.0928,0.2489,-0.3148,-0.0585,0.4076,2.0572,1.1787,0.8785
2021-03-08,2020/2021,Chelsea,Everton,2,0,2.57224,0.270757,7.004,6.932,0.072,0.4651,1.13909,0.35234,0.78676,0.6021,0.2946,0.2785,0.0135,0.005,0.2812,0.2735,1.6862,0.7607,0.9255
2021-03-10,2020/2021,Manchester City,Southampton,5,2,3.10503,1.60561,7.216,6.826,0.391,2.5382,2.00476,0.12914,1.87563,1.7803,0.489,0.3026,-0.0025,-0.1176,0.4915,0.4202,2.4047,0.7035,1.7012
2021-03-12,2020/2021,Newcastle United,Aston Villa,1,1,0.873171,0.748665,6.856,6.919,-0.063,-0.4153,-0.29073,0.27061,-0.56135,-0.8567,-0.1677,-0.1631,0.1757,-0.1002,-0.3433,-0.0628,1.161,1.4139,-0.2529
2021-03-13,2020/2021,Leeds United,Chelsea,0,0,0.382957,0.971054,6.964,7.019,-0.055,-0.3628,0.05262,0.70134,-0.64871,-0.9512,0.2526,-0.3243,0.3272,0.2873,-0.0747,-0.6115,1.2008,1.9312,-0.7304
2021-03-13,2020/2021,Everton,Burnley,1,2,1.69849,0.74852,6.892,6.92,-0.028,-0.1865,0.64128,-0.11634,0.75762,0.5706,-0.0011,-0.0287,-0.1464,-0.1412,0.1453,0.1125,1.4348,0.8921,0.5428
2021-03-13,2020/2021,Fulham,Manchester City,0,3,0.449499,2.72578,6.954,7.13,-0.176,-1.1524,0.03276,1.88805,-1.85529,-2.2568,-0.0206,-0.1069,0.5073,0.2781,-0.5279,-0.3851,0.9089,1.8877,-0.9788
2021-03-13,2020/2021,Crystal Palace,West Bromwich Albion,1,0,1.30694,0.513439,6.894,6.824,0.07,0.4486,-0.12756,-0.67385,0.54628,0.3419,-0.3209,-0.1583,-0.2402,-0.2011,-0.0807,0.0429,1.1193,0.9137,0.2056
2021-03-14,2020/2021,Leicester City,Sheffield United,5,0,4.54571,0.0934777,6.983,6.845,0.138,0.893,0.85457,-0.6162,1.47077,1.3423,0.1103,0.0484,-0.1855,-0.1616,0.2958,0.21,1.6697,0.7786,0.8911
2021-03-14,2020/2021,Manchester United,West Ham United,1,0,1.70128,0.463737,7.046,6.927,0.118,0.7656,1.1139,0.65985,0.45404,0.2421,0.3193,0.175,0.2068,0.0873,0.1124,0.0877,1.6005,1.018,0.5826
2021-03-14,2020/2021,Arsenal,Tottenham Hotspur,2,1,1.56529,0.705566,6.938,7.093,-0.155,-1.0143,1.00482,0.52829,0.47652,0.2664,0.1776,0.0482,0.1226,-0.0297,0.0551,0.078,1.5115,1.0974,0.4142
2021-03-14,2020/2021,Southampton,Brighton & Hove Albion,1,2,1.03495,0.895967,6.825,6.926,-0.101,-0.6636,-0.0978,0.01962,-0.11741,-0.3763,0.0304,-0.1487,0.2077,0.0583,-0.1774,-0.207,1.2023,1.4457,-0.2434
2021-03-15,2020/2021,Wolverhampton Wanderers,Liverpool,0,1,1.29175,1.0552,6.961,7.047,-0.086,-0.5615,0.36449,0.54395,-0.17946,-0.4434,-0.0632,0.0165,0.2625,-0.008,-0.3257,0.0245,1.1721,1.2921,-0.1199
2021-03-19,2020/2021,Fulham,Leeds United,1,2,1.47498,1.40706,6.921,6.973,-0.051,-0.339,-0.05962,0.07034,-0.12996,-0.3899,-0.0418,-0.1374,0.2183,-0.2866,-0.2601,0.1492,1.5888,1.436,0.1527
2021-03-20,2020/2021,Brighton & Hove Albion,Newcastle United,3,0,0.951921,0.100945,6.942,6.859,0.083,0.535,-0.02307,-0.41462,0.39156,0.1745,0.1839,0.0626,-0.1813,-0.142,0.3652,0.2046,1.7507,0.7759,0.9748
2021-03-21,2020/2021,West Ham United,Arsenal,3,3,2.50629,1.35217,6.905,6.982,-0.077,-0.5057,0.71115,0.38556,0.32559,0.1031,0.1865,0.0829,0.1787,0.0583,0.0078,0.0246,1.4095,1.1107,0.2988
2021-03-21,2020/2021,Aston Villa,Tottenham Hotspur,0,2,0.439681,1.72011,6.974,6.91,0.064,0.4144,0.23225,0.47191,-0.23966,-0.5086,0.1508,-0.0916,0.1077,-0.0314,0.0431,-0.0603,1.513,1.2114,0.3016
2021-04-03,2020/2021,Leeds United,Sheffield United,2,1,2.50597,0.867652,6.994,6.845,0.149,0.965,0.17073,-0.76136,0.93209,0.7594,0.2153,-0.2807,-0.21,-0.2617,0.4253,-0.019,2.0524,1.0545,0.9979
2021-04-03,2020/2021,Chelsea,West Bromwich Albion,2,5,2.55917,1.38315,7.072,6.803,0.269,1.7483,1.19074,-0.72462,1.91536,1.8233,0.2841,0.3133,-0.256,-0.2039,0.5401,0.5172,2.105,0.5481,1.5569
2021-04-03,2020/2021,Arsenal,Liverpool,0,3,0.161161,2.43732,7.0,7.114,-0.114,-0.7447,1.08737,0.62014,0.46723,0.2563,0.1859,0.0211,0.2525,-0.0117,-0.0666,0.0328,1.5043,1.2777,0.2266
2021-04-03,2020/2021,Leicester City,Manchester City,0,2,0.284781,1.98438,6.963,7.205,-0.241,-1.5749,0.99972,1.98044,-0.98072,-1.3104,0.2224,0.0621,0.5255,0.2899,-0.3031,-0.2278,1.1366,1.636,-0.4994
2021-04-04,2020/2021,Aston Villa,Fulham,3,1,1.52229,1.52172,6.948,6.948,0.0,-0.0034,0.11845,-0.1918,0.31025,0.0865,0.1019,-0.1053,-0.0482,-0.1353,0.1501,0.03,1.5864,1.0588,0.5276
2021-04-04,2020/2021,Southampton,Burnley,3,2,2.40272,1.50285,6.875,6.922,-0.047,-0.3124,-0.17745,-0.00261,-0.17484,-0.4384,0.0219,-0.131,-0.1506,-0.1485,0.1725,0.0175,1.4756,0.9862,0.4893
2021-04-04,2020/2021,Newcastle United,Tottenham Hotspur,2,2,3.30098,2.43683,6.827,6.952,-0.126,-0.8234,-0.31971,0.58571,-0.90542,-1.229,-0.2026,-0.1129,0.1259,0.0065,-0.3284,-0.1194,1.0002,1.289,-0.2887
2021-04-04,2020/2021,Manchester United,Brighton & Hove Albion,2,1,1.73474,1.41071,7.078,6.97,0.108,0.7013,1.172,0.18751,0.98449,0.8161,0.3205,0.189,0.1443,0.0754,0.1762,0.1135,1.6197,0.9441,0.6756
2021-04-05,2020/2021,Everton,Crystal Palace,1,1,2.53386,0.603749,6.946,6.894,0.051,0.3292,0.52756,-0.25206,0.77961,0.5944,0.0108,-0.0254,-0.3099,-0.1486,0.3207,0.1232,1.4766,0.7478,0.7288
2021-04-05,2020/2021,Wolverhampton Wanderers,West Ham United,2,3,1.95649,1.59694,6.922,6.9,0.023,0.1447,0.2883,0.57558,-0.28728,-0.5601,-0.0571,0.0241,0.232,0.0759,-0.2892,-0.0518,1.0985,1.2279,-0.1294
2021-04-09,2020/2021,Fulham,Wolverhampton Wanderers,0,1,0.733154,0.428134,6.915,6.923,-0.007,-0.0502,-0.21312,0.06158,-0.27471,-0.5465,-0.0296,-0.1321,-0.0195,0.0124,-0.01,-0.1445,1.1989,1.1201,0.0788
2021-04-10,2020/2021,Manchester City,Leeds United,1,2,1.98825,0.17525,7.08,6.959,0.12,0.7796,2.21562,0.15577,2.05985,1.9797,0.5307,0.3194,0.2344,-0.2741,0.2963,0.5935,2.8389,0.9055,1.9335
2021-04-10,2020/2021,Liverpool,Aston Villa,2,1,2.14592,0.760621,7.066,6.94,0.127,0.8206,1.07876,0.21002,0.86874,0.6908,0.2917,0.0405,0.0982,-0.1162,0.1935,0.1567,1.9102,1.0436,0.8666
2021-04-10,2020/2021,Crystal Palace,Chelsea,1,4,0.602167,3.85472,6.894,6.995,-0.101,-0.6624,-0.02759,0.53099,-0.55858,-0.8537,-0.3123,-0.1813,0.2974,0.2965,-0.6097,-0.4778,0.6726,1.6337,-0.9611
2021-04-11,2020/2021,Sheffield United,Arsenal,0,3,0.315121,1.93838,6.849,6.935,-0.086,-0.5655,-0.51677,0.32851,-0.84528,-1.1639,-0.2171,-0.2777,0.1208,-0.015,-0.3379,-0.2627,1.0119,1.5051,-0.4932
2021-04-11,2020/2021,Tottenham Hotspur,Manchester United,1,3,0.921801,2.09737,7.025,7.079,-0.054,-0.3535,0.89826,1.13756,-0.2393,-0.5082,0.1637,-0.0494,0.3219,0.175,-0.1582,-0.2244,1.2294,1.459,-0.2296
2021-04-11,2020/2021,West Ham United,Leicester City,3,2,1.02408,1.17188,6.894,6.958,-0.064,-0.4222,0.71834,0.84407,-0.12573,-0.3853,0.2432,0.0529,0.1834,0.0475,0.0597,0.0055,1.5103,1.1482,0.362
2021-04-11,2020/2021,Burnley,Newcastle United,1,2,1.84262,1.34279,6.758,6.852,-0.094,-0.6159,0.13114,-0.49305,0.62418,0.4262,-0.1302,-0.1775,-0.0876,-0.1431,-0.0426,-0.0344,1.2535,1.1065,0.147
2021-04-12,2020/2021,West Bromwich Albion,Southampton,3,0,2.77089,1.5002,6.835,6.879,-0.044,-0.2891,-0.43074,0.04699,-0.47772,-0.7662,-0.2254,-0.2206,0.0742,-0.141,-0.2995,-0.0796,1.1441,1.3499,-0.2058
2021-04-12,2020/2021,Brighton & Hove Albion,Everton,0,0,1.16465,0.306287,6.925,6.998,-0.074,-0.4839,0.10775,0.13204,-0.02429,-0.2755,0.1585,0.0704,0.0574,-0.0224,0.1011,0.0928,1.4864,0.9959,0.4905
2021-04-16,2020/2021,Everton,Tottenham Hotspur,2,2,2.26022,1.4815,7.0,7.017,-0.017,-0.1129,0.45138,0.42895,0.02243,-0.225,0.0345,-0.0108,0.149,-0.0709,-0.1145,0.0601,1.3878,1.1758,0.212
2021-04-17,2020/2021,Wolverhampton Wanderers,Sheffield United,1,0,1.22604,0.295925,6.928,6.824,0.105,0.678,0.26561,-0.85342,1.11903,0.9616,-0.0461,0.0264,-0.2484,-0.2888,0.2023,0.3152,1.6151,0.7503,0.8648
2021-04-17,2020/2021,Newcastle United,West Ham United,3,2,2.4314,2.06741,6.863,6.895,-0.032,-0.2147,-0.1656,0.70629,-0.87189,-1.1927,-0.0759,-0.1576,0.2175,0.0518,-0.2933,-0.2094,1.0971,1.4608,-0.3636
2021-04-18,2020/2021,Arsenal,Fulham,1,1,2.85573,0.839128,6.917,6.886,0.031,0.1992,1.02528,-0.35057,1.37585,1.2395,0.1367,0.0026,-0.051,-0.1144,0.1878,0.117,1.6146,0.9443,0.6703
2021-04-18,2020/2021,Manchester United,Burnley,3,1,2.87455,0.959804,7.102,6.808,0.294,1.9105,1.25017,-0.16952,1.41969,1.287,0.3422,0.1838,-0.1012,-0.1821,0.4434,0.3658,2.1894,0.7262,1.4631
2021-04-19,2020/2021,Leeds United,Liverpool,1,1,2.59719,1.60043,6.922,7.058,-0.136,-0.8882,0.27329,0.77654,-0.50325,-0.7938,0.2075,-0.2322,0.2993,0.0482,-0.0918,-0.2804,1.4439,1.7294,-0.2855
2021-04-20,2020/2021,Chelsea,Brighton & Hove Albion,0,0,0.807348,0.459568,7.026,6.926,0.1,0.6449,1.11965,0.18759,0.93206,0.7593,0.3729,0.2954,0.1421,0.087,0.2308,0.2084,1.6855,0.8478,0.8377
2021-04-21,2020/2021,Aston Villa,Manchester City,1,2,0.801733,1.5634,6.926,7.184,-0.258,-1.6837,0.21829,1.97423,-1.75594,-2.1493,0.0875,-0.1249,0.4937,0.3388,-0.4062,-0.4638,0.9438,1.9145,-0.9707
2021-04-21,2020/2021,Tottenham Hotspur,Southampton,2,1,1.28824,1.06134,7.028,6.836,0.192,1.246,0.78665,-0.09759,0.88423,0.7076,0.1592,-0.0986,0.08,-0.1805,0.0793,0.0819,1.7983,1.1685,0.6298
2021-04-22,2020/2021,Leicester City,West Bromwich Albion,3,0,2.6712,0.277126,7.013,6.858,0.155,1.0038,0.85204,-0.47092,1.32295,1.1823,0.1827,0.0648,-0.1297,-0.2229,0.3123,0.2876,1.9121,0.8083,1.1038
2021-04-23,2020/2021,Arsenal,Everton,0,1,0.735767,0.529676,6.936,6.969,-0.033,-0.2189,0.92371,0.12625,0.79746,0.6137,0.1864,0.0051,0.0759,-0.0196,0.1105,0.0247,1.5316,1.0776,0.454
2021-04-24,2020/2021,Liverpool,Newcastle United,1,1,2.84708,0.860694,7.079,6.864,0.215,1.3942,1.06015,-0.30534,1.36549,1.2283,0.2916,0.0047,-0.0064,-0.175,0.2981,0.1797,2.0473,0.964,1.0833
2021-04-24,2020/2021,West Ham United,Chelsea,0,1,0.267123,2.52059,6.902,7.018,-0.116,-0.76,0.73203,0.60549,0.12654,-0.1123,0.2381,0.016,0.3375,0.3031,-0.0994,-0.2871,1.1566,1.3986,-0.242
2021-04-24,2020/2021,Sheffield United,Brighton & Hove Albion,1,0,0.786324,2.06038,6.8,6.97,-0.17,-1.1126,-0.62939,0.26988,-0.89927,-1.2223,-0.2625,-0.2736,0.129,0.1208,-0.3915,-0.3944,0.8358,1.5264,-0.6906
2021-04-25,2020/2021,Wolverhampton Wanderers,Burnley,0,4,0.351673,2.24049,6.93,6.898,0.032,0.2028,0.24922,-0.23017,0.47939,0.2695,-0.0641,0.0353,-0.0917,-0.2108,0.0276,0.2461,1.4547,0.8775,0.5772
2021-04-25,2020/2021,Leeds United,Manchester United,0,0,0.216834,1.11635,6.94,7.048,-0.108,-0.707,0.32809,1.2918,-0.96371,-1.292,0.2598,-0.2261,0.3665,0.1773,-0.1067,-0.4034,1.3416,1.8323,-0.4907
2021-04-25,2020/2021,Aston Villa,West Bromwich Albion,2,2,2.65394,1.56764,6.963,6.834,0.129,0.8327,0.29065,-0.58234,0.87299,0.6954,0.0811,-0.1095,-0.1523,-0.2488,0.2334,0.1393,1.7674,0.9436,0.8238
2021-04-26,2020/2021,Leicester City,Crystal Palace,2,1,1.23419,0.723112,7.023,6.883,0.14,0.9057,0.96345,-0.2645,1.22795,1.0795,0.2149,0.0753,-0.3119,-0.2583,0.5269,0.3335,2.0424,0.6678,1.3746
2021-04-30,2020/2021,Southampton,Leicester City,1,1,0.954057,2.51518,6.831,7.026,-0.195,-1.275,-0.19081,0.80733,-0.99813,-1.3293,0.0741,-0.1602,0.1764,0.0736,-0.1023,-0.2338,1.2232,1.4332,-0.21
2021-05-01,2020/2021,Chelsea,Fulham,2,0,1.8433,0.290042,7.01,6.879,0.131,0.8478,1.09843,-0.249,1.34742,1.2088,0.3735,0.3316,-0.0549,-0.1543,0.4284,0.4859,2.1548,0.669,1.4858
2021-05-01,2020/2021,Everton,Aston Villa,1,2,1.223,1.58811,6.91,6.977,-0.067,-0.4392,0.52462,0.18758,0.33704,0.1155,0.0535,0.0092,0.12,-0.122,-0.0664,0.1313,1.4797,1.1261,0.3536
2021-05-01,2020/2021,Crystal Palace,Manchester City,0,2,0.361866,2.04443,6.876,7.122,-0.247,-1.6088,-0.13748,1.90186,-2.03934,-2.4559,-0.3073,-0.2236,0.4803,0.3404,-0.7876,-0.5639,0.6359,2.082,-1.4461
2021-05-01,2020/2021,Brighton & Hove Albion,Leeds United,2,0,2.52542,0.510874,6.937,6.931,0.006,0.0363,0.08785,0.38755,-0.2997,-0.5735,0.1478,0.1208,0.2051,-0.2005,-0.0573,0.3213,1.774,1.0873,0.6868
2021-05-02,2020/2021,Newcastle United,Arsenal,0,2,0.172988,1.78751,6.874,6.986,-0.112,-0.7332,0.01866,0.3078,-0.28914,-0.5621,-0.0113,-0.2054,0.1507,0.0202,-0.162,-0.2256,1.1965,1.4471,-0.2506
2021-05-02,2020/2021,Tottenham Hotspur,Sheffield United,4,0,2.26016,0.469026,7.091,6.82,0.272,1.7635,0.80263,-0.75869,1.56132,1.4402,0.134,-0.0947,-0.2623,-0.288,0.3963,0.1933,1.9711,0.8188,1.1523
2021-05-03,2020/2021,Burnley,West Ham United,1,2,1.68312,2.42477,6.904,6.9,0.004,0.025,0.08362,0.52842,-0.4448,-0.7305,-0.0398,-0.1745,0.2025,-0.0218,-0.2424,-0.1527,1.2297,1.4573,-0.2276
2021-05-03,2020/2021,West Bromwich Albion,Wolverhampton Wanderers,1,1,1.07133,0.844138,6.827,6.811,0.015,0.0955,-0.30769,0.01837,-0.32606,-0.602,-0.1206,-0.277,-0.1157,0.0027,-0.0049,-0.2798,1.1083,1.173,-0.0647
2021-05-07,2020/2021,Leicester City,Newcastle United,2,4,2.315,2.87261,7.037,6.826,0.21,1.3648,0.87717,-0.27909,1.15626,1.0019,0.2093,0.0815,-0.065,-0.2138,0.2742,0.2953,1.959,0.8424,1.1165
2021-05-08,2020/2021,Liverpool,Southampton,2,0,2.26367,1.2289,7.091,6.844,0.247,1.6053,0.95896,-0.05648,1.01544,0.8496,0.3206,0.0073,0.0592,-0.1921,0.2614,0.1994,2.1521,1.0227,1.1294
2021-05-08,2020/2021,Manchester City,Chelsea,1,2,1.79168,0.619724,7.133,7.039,0.094,0.6082,2.02426,0.7409,1.28336,1.1395,0.4751,0.3434,0.3574,0.3367,0.1178,0.0067,1.4534,1.0028,0.4506
2021-05-08,2020/2021,Sheffield United,Crystal Palace,0,2,0.639325,2.25382,6.829,6.875,-0.046,-0.3038,-0.59809,-0.23148,-0.36661,-0.6459,-0.2754,-0.2964,-0.3156,-0.2201,0.0403,-0.0763,1.1776,0.9864,0.1912
2021-05-08,2020/2021,Leeds United,Tottenham Hotspur,3,1,2.55216,1.03384,6.926,7.115,-0.19,-1.2396,0.3276,0.52911,-0.20151,-0.4673,0.1855,-0.2226,0.1448,-0.0867,0.0407,-0.1359,1.6061,1.4771,0.129
2021-05-09,2020/2021,West Ham United,Everton,0,1,1.09704,1.56222,6.913,6.939,-0.026,-0.1711,0.67963,0.17432,0.50531,0.2976,0.2401,-0.035,0.0405,-0.0037,0.1996,-0.0313,1.592,1.0818,0.5102
2021-05-09,2020/2021,Aston Villa,Manchester United,1,3,0.565472,1.88793,6.975,7.107,-0.132,-0.862,0.27827,1.20789,-0.92962,-1.2551,0.1348,-0.1126,0.3369,0.2168,-0.2021,-0.3294,1.1349,1.5925,-0.4576
2021-05-09,2020/2021,Wolverhampton Wanderers,Brighton & Hove Albion,2,1,1.1199,0.27571,6.823,6.905,-0.082,-0.5358,0.0689,0.23677,-0.16788,-0.4309,-0.1272,0.0038,0.1883,0.1356,-0.3155,-0.1318,0.9529,1.2145,-0.2616
2021-05-09,2020/2021,Arsenal,West Bromwich Albion,3,1,1.07042,1.83076,6.961,6.847,0.114,0.7381,0.88382,-0.477,1.36083,1.2233,0.1628,0.0508,-0.1215,-0.2666,0.2843,0.3174,1.9488,0.8304,1.1183
2021-05-10,2020/2021,Fulham,Burnley,0,2,0.778074,1.65831,6.916,6.902,0.013,0.0833,-0.25969,-0.11524,-0.14445,-0.4055,-0.0662,-0.1404,-0.0154,-0.2035,-0.0508,0.0632,1.4379,1.1313,0.3065
2021-05-11,2020/2021,Manchester United,Leicester City,1,2,0.212874,0.991522,6.925,6.97,-0.045,-0.2958,1.31426,0.62797,0.68629,0.4934,0.3436,0.2327,0.2224,0.0345,0.1212,0.1982,1.6956,0.9952,0.7005
2021-05-11,2020/2021,Southampton,Crystal Palace,3,1,1.58872,1.32586,6.86,6.868,-0.009,-0.0609,-0.16182,-0.12137,-0.04045,-0.293,0.0677,-0.1951,-0.2617,-0.205,0.3294,0.0099,1.642,0.9366,0.7053
2021-05-12,2020/2021,Chelsea,Arsenal,0,1,1.56786,0.692043,6.988,6.922,0.066,0.4266,1.24832,0.46341,0.78492,0.6001,0.3423,0.3192,0.1226,0.0284,0.2196,0.2908,1.7264,0.8151,0.9112
2021-05-13,2020/2021,Aston Villa,Everton,0,0,0.558976,0.975408,6.941,6.95,-0.008,-0.0577,0.18921,0.28038,-0.09116,-0.3479,0.1095,-0.122,0.0585,0.0146,0.0511,-0.1366,1.3746,1.199,0.1756
2021-05-13,2020/2021,Manchester United,Liverpool,2,4,1.71328,2.938,7.081,7.093,-0.012,-0.0827,1.20257,0.71092,0.49166,0.2828,0.281,0.2308,0.3224,0.0015,-0.0415,0.2292,1.6524,1.0976,0.5548
2021-05-14,2020/2021,Newcastle United,Manchester City,3,4,2.18312,1.477,6.82,7.104,-0.284,-1.851,-0.0,1.81195,-1.81196,-2.2099,0.0191,-0.2254,0.48,0.3533,-0.4609,-0.5787,0.8661,2.0944,-1.2284
2021-05-15,2020/2021,Brighton & Hove Albion,West Ham United,1,1,0.922587,1.92378,6.872,6.918,-0.047,-0.3093,0.15219,0.51652,-0.36433,-0.6435,0.1546,0.1303,0.2153,-0.0476,-0.0607,0.1778,1.5232,1.0949,0.4283
2021-05-15,2020/2021,Burnley,Leeds United,0,4,1.41338,1.85654,6.827,7.0,-0.172,-1.1267,0.10241,0.34399,-0.24158,-0.5106,0.0072,-0.1814,0.233,-0.2083,-0.2258,0.0269,1.5208,1.5451,-0.0243
2021-05-15,2020/2021,Southampton,Fulham,3,1,2.29146,0.875957,6.836,6.821,0.015,0.0947,-0.04086,-0.3923,0.35144,0.1311,0.064,-0.2013,-0.102,-0.1516,0.1661,-0.0497,1.5553,1.1025,0.4528
2021-05-16,2020/2021,Crystal Palace,Aston Villa,3,2,1.95285,1.2303,6.892,6.921,-0.028,-0.1893,-0.13897,0.23688,-0.37585,-0.6559,-0.2435,-0.2015,0.0724,-0.1148,-0.3159,-0.0867,1.0965,1.3196,-0.2231
2021-05-16,2020/2021,West Bromwich Albion,Liverpool,1,2,1.14202,2.07854,6.826,7.115,-0.289,-1.8876,-0.31159,0.8412,-1.15279,-1.4966,-0.0756,-0.2317,0.3744,-0.001,-0.45,-0.2306,1.1221,1.8977,-0.7756
2021-05-16,2020/2021,Everton,Sheffield United,0,1,1.24609,1.391,6.994,6.861,0.133,0.8646,0.48665,-0.9614,1.44806,1.3177,0.0492,0.041,-0.3016,-0.3207,0.3508,0.3616,1.8405,0.6988,1.1417
2021-05-16,2020/2021,Tottenham Hotspur,Wolverhampton Wanderers,2,0,3.13947,1.09206,7.087,6.868,0.219,1.4237,0.84889,0.04133,0.80756,0.6246,0.1263,-0.1215,-0.1199,0.0341,0.2463,-0.1556,1.4087,0.9758,0.4329
2021-05-18,2020/2021,Manchester United,Fulham,1,1,0.92243,0.872643,7.033,6.944,0.089,0.5746,1.07229,-0.50287,1.57516,1.4552,0.281,0.1721,-0.1107,-0.1734,0.3916,0.3454,1.9921,0.7458,1.2462
2021-05-18,2020/2021,Southampton,Leeds United,0,2,1.3084,1.58132,6.808,6.961,-0.153,-1.0015,0.06971,0.49161,-0.4219,-0.7058,0.1005,-0.194,0.2435,-0.2035,-0.143,0.0094,1.6652,1.5775,0.0877
2021-05-18,2020/2021,Brighton & Hove Albion,Manchester City,3,2,1.22824,1.07139,6.845,7.196,-0.351,-2.2864,0.19511,1.73626,-1.54114,-1.9169,0.1235,0.1057,0.4582,0.312,-0.3346,-0.2063,0.9941,1.4835,-0.4894
2021-05-18,2020/2021,Chelsea,Leicester City,2,1,2.86149,0.832596,7.042,6.997,0.046,0.293,1.13384,0.73966,0.39419,0.1773,0.333,0.3195,0.2204,0.0966,0.1126,0.223,1.5938,0.9007,0.6931
2021-05-19,2020/2021,Everton,Wolverhampton Wanderers,1,0,0.670997,0.265526,6.958,6.898,0.06,0.3894,0.35717,-0.05309,0.41027,0.1947,0.0218,0.0283,-0.1142,-0.0292,0.1359,0.0575,1.3263,0.861,0.4653
2021-05-19,2020/2021,Tottenham Hotspur,Aston Villa,1,2,0.89279,1.63669,6.977,6.989,-0.012,-0.081,0.94331,0.13531,0.808,0.6251,0.1869,-0.1232,0.0684,-0.1355,0.1185,0.0122,1.7249,1.213,0.5119
2021-05-19,2020/2021,Newcastle United,Sheffield United,1,0,1.82508,0.882242,6.819,6.863,-0.044,-0.2901,0.07569,-0.83193,0.90762,0.7329,0.0831,-0.1992,-0.274,-0.2965,0.3571,0.0973,1.8196,0.9329,0.8867
2021-05-19,2020/2021,Crystal Palace,Arsenal,1,3,0.998377,1.7945,6.891,6.939,-0.048,-0.3164,-0.03741,0.57789,-0.61529,-0.915,-0.1963,-0.1972,0.1182,0.0348,-0.3144,-0.232,0.9876,1.3788,-0.3912
2021-05-19,2020/2021,West Bromwich Albion,West Ham United,1,3,1.10741,3.56991,6.847,6.874,-0.027,-0.1822,-0.29103,0.47359,-0.76463,-1.0766,-0.0737,-0.2362,0.2393,-0.0255,-0.313,-0.2106,1.1887,1.6142,-0.4255
2021-05-19,2020/2021,Burnley,Liverpool,0,3,0.837048,2.73316,6.902,7.119,-0.217,-1.4143,-0.04522,0.82064,-0.86586,-1.1862,0.0004,-0.1902,0.3774,-0.0016,-0.377,-0.1886,1.2219,1.8102,-0.5883
2021-05-23,2020/2021,Arsenal,Brighton & Hove Albion,2,0,0.772904,0.193968,6.964,6.861,0.103,0.6664,1.09288,0.25945,0.83343,0.6526,0.1323,0.0342,0.1323,0.1201,0.0,-0.0859,1.2825,1.0897,0.1928
2021-05-23,2020/2021,Leicester City,Tottenham Hotspur,2,4,1.82554,1.85229,7.009,6.974,0.034,0.2182,0.76937,0.39076,0.37861,0.1605,0.2165,0.0464,0.1478,-0.1349,0.0687,0.1813,1.7856,1.1023,0.6833
2021-05-23,2020/2021,Wolverhampton Wanderers,Manchester United,1,2,0.701256,2.05229,6.92,6.814,0.106,0.6865,0.05844,1.06343,-1.00499,-1.3367,-0.1332,-0.0066,0.2376,0.1678,-0.3708,-0.1744,0.9379,1.2606,-0.3227
2021-05-23,2020/2021,Manchester City,Everton,5,0,2.88355,1.07258,7.198,6.943,0.255,1.6587,1.76007,0.22215,1.53793,1.4149,0.4449,0.3015,-0.005,0.0413,0.45,0.2602,1.9315,0.714,1.2176
2021-05-23,2020/2021,Liverpool,Crystal Palace,2,0,2.20348,0.772317,7.139,6.86,0.279,1.8153,1.19912,-0.24254,1.44166,1.3108,0.4065,0.0106,-0.194,-0.2077,0.6005,0.2182,2.3911,0.7883,1.6028
2021-05-23,2020/2021,Leeds United,West Bromwich Albion,3,1,2.49009,1.02209,6.982,6.79,0.192,1.2482,0.62285,-0.59223,1.21508,1.0656,0.2415,-0.1906,-0.0778,-0.2954,0.3193,0.1048,2.1905,1.0942,1.0963
2021-05-23,2020/2021,Fulham,Newcastle United,0,2,0.98902,1.60157,6.753,6.828,-0.074,-0.4876,-0.37757,-0.07938,-0.29819,-0.5719,-0.1053,-0.131,0.0827,-0.1965,-0.188,0.0655,1.3588,1.2493,0.1094
2021-05-23,2020/2021,Aston Villa,Chelsea,2,1,0.980413,3.43414,6.992,7.033,-0.042,-0.2759,0.21104,0.8325,-0.62146,-0.9217,0.0853,-0.1031,0.3805,0.3187,-0.2952,-0.4218,0.9861,1.6302,-0.6441
2021-05-23,2020/2021,Sheffield United,Burnley,1,0,0.420006,0.558508,6.845,6.804,0.041,0.2613,-0.63052,-0.17935,-0.45117,-0.7374,-0.2738,-0.2941,-0.0207,-0.2232,-0.253,-0.0709,1.1954,1.3081,-0.1126
2021-05-23,2020/2021,West Ham United,Southampton,3,0,1.98344,1.35179,6.921,6.834,0.087,0.5594,0.60908,-0.05935,0.66844,0.4741,0.3186,-0.023,0.0783,-0.1925,0.2403,0.1695,2.1078,1.0953,1.0125
2021-08-13,2021/2022,Brentford,Arsenal,2,0,1.88818,1.02385,6.937,6.926,0.011,0.0704,0.0,0.742,-0.742,-1.0521,0.0,0.0,0.1133,0.0592,-0.1133,-0.0592,1.1811,1.1185,0.0625
2021-08-14,2021/2022,Everton,Southampton,3,1,2.38863,0.580601,6.923,6.87,0.053,0.3416,0.32224,-0.18659,0.50883,0.3014,0.006,-0.0013,0.0877,-0.1858,-0.0817,0.1845,1.5256,1.0863,0.4393
2021-08-14,2021/2022,Watford,Aston Villa,3,2,1.35036,1.13718,6.834,6.967,-0.133,-0.8689,-0.07551,0.32359,-0.3991,-0.6811,0.1209,-0.1526,0.0844,-0.1664,0.0365,0.0138,1.6416,1.2877,0.3539
2021-08-14,2021/2022,Leicester City,Wolverhampton Wanderers,1,0,0.668082,1.32714,6.965,6.956,0.009,0.0574,0.64121,-0.11393,0.75514,0.5679,0.2166,0.0249,-0.1416,-0.0325,0.3581,0.0574,1.6071,0.8457,0.7614
2021-08-14,2021/2022,Burnley,Brighton & Hove Albion,1,2,1.79548,1.6853,6.908,6.949,-0.041,-0.2729,-0.2378,0.16612,-0.40392,-0.6863,-0.0535,-0.2011,0.0962,0.1354,-0.1497,-0.3365,1.0309,1.3529,-0.322
2021-08-14,2021/2022,Manchester United,Leeds United,5,1,1.64248,0.568342,7.058,7.003,0.055,0.357,0.96348,0.64943,0.31405,0.0906,0.2581,0.1728,0.2531,-0.1874,0.005,0.3601,1.9667,1.0766,0.89
2021-08-14,2021/2022,Chelsea,Crystal Palace,3,0,1.18709,0.321701,7.013,6.789,0.223,1.45,1.12316,-0.30157,1.42473,1.2924,0.4439,0.3161,-0.193,-0.1977,0.637,0.5137,2.4412,0.5853,1.8559
2021-08-14,2021/2022,Norwich City,Liverpool,0,3,1.3333,1.78728,6.812,7.149,-0.337,-2.1976,-0.8372,0.98308,-1.82029,-2.2189,-0.2326,-0.2783,0.3955,0.0108,-0.6281,-0.2891,0.9424,2.0422,-1.0998
2021-08-15,2021/2022,Tottenham Hotspur,Manchester City,1,0,1.06014,2.10585,6.908,7.128,-0.22,-1.4345,0.91364,1.70134,-0.7877,-1.1016,0.1723,-0.1354,0.4715,0.2901,-0.2992,-0.4255,1.0835,1.8835,-0.7999
2021-08-15,2021/2022,Newcastle United,West Ham United,2,4,1.67926,3.00939,6.859,6.909,-0.05,-0.3296,0.16341,0.65461,-0.49119,-0.7807,0.0969,-0.1845,0.3094,-0.0298,-0.2125,-0.1547,1.412,1.6485,-0.2365
2021-08-21,2021/2022,Manchester City,Norwich City,5,0,2.43928,0.0250088,7.166,6.853,0.314,2.0376,1.82809,-1.05092,2.87901,2.8661,0.4749,0.2884,-0.2094,-0.2674,0.6843,0.5558,2.7289,0.5856,2.1433
2021-08-21,2021/2022,Brighton & Hove Albion,Watford,2,0,1.77896,0.407224,6.957,6.815,0.142,0.921,0.30526,-0.44904,0.7543,0.567,0.1083,0.114,0.1026,-0.1472,0.0056,0.2612,1.6433,0.9722,0.6711
2021-08-21,2021/2022,Crystal Palace,Brentford,0,0,0.606313,0.712439,6.812,7.2,-0.388,-2.5323,-0.25086,0.08971,-0.34057,-0.6177,-0.2001,-0.1437,0.4927,0.0598,-0.6928,-0.2034,0.9214,1.9792,-1.0579
2021-08-21,2021/2022,Liverpool,Burnley,2,0,2.63945,0.690464,7.118,6.91,0.208,1.3504,1.32074,-0.32477,1.64551,1.5313,0.3846,0.0007,-0.0207,-0.2092,0.4054,0.2099,2.3231,0.9549,1.3681
2021-08-21,2021/2022,Aston Villa,Newcastle United,2,0,1.18426,0.63163,6.93,6.825,0.105,0.6792,0.25252,-0.03802,0.29054,0.0652,0.0781,-0.1548,0.111,-0.2281,-0.0329,0.0733,1.7211,1.2884,0.4326
2021-08-21,2021/2022,Leeds United,Everton,2,2,0.966093,1.85713,7.016,6.927,0.089,0.5759,0.59905,0.14815,0.4509,0.2387,0.2348,-0.1738,0.0464,0.0122,0.1885,-0.1861,1.5801,1.2332,0.3469
2021-08-22,2021/2022,Southampton,Manchester United,1,1,0.587526,2.26173,6.758,7.09,-0.331,-2.1612,-0.19391,1.1606,-1.35451,-1.7149,0.0674,-0.211,0.2406,0.187,-0.1732,-0.3981,1.0673,1.6343,-0.567
2021-08-22,2021/2022,Wolverhampton Wanderers,Tottenham Hotspur,0,1,1.51127,1.72636,7.012,6.903,0.108,0.7008,0.0385,0.59529,-0.55679,-0.8517,-0.1233,0.0047,0.1698,-0.1434,-0.2932,0.1481,1.2934,1.1645,0.1289
2021-08-22,2021/2022,Arsenal,Chelsea,0,2,0.630099,3.64132,6.945,7.065,-0.12,-0.7857,1.0965,0.79496,0.30154,0.0771,0.1115,0.0527,0.3861,0.3182,-0.2746,-0.2655,1.0032,1.4159,-0.4127
2021-08-23,2021/2022,West Ham United,Leicester City,4,1,2.28613,0.62676,6.919,6.965,-0.046,-0.3013,0.80711,0.61242,0.19468,-0.0386,0.3619,-0.0385,0.1755,0.014,0.1864,-0.0525,1.7625,1.2456,0.5169
2021-08-28,2021/2022,Newcastle United,Southampton,2,2,1.19077,3.46036,6.795,6.824,-0.029,-0.1923,-0.01767,-0.22499,0.20732,-0.0249,0.0787,-0.208,0.0439,-0.2302,0.0347,0.0223,1.6984,1.291,0.4074
2021-08-28,2021/2022,Liverpool,Chelsea,1,1,2.08462,0.573638,7.166,7.077,0.089,0.5735,1.36275,0.9216,0.44115,0.2281,0.3928,0.0077,0.46,0.3271,-0.0672,-0.3194,1.3506,1.5556,-0.2049
2021-08-28,2021/2022,Norwich City,Leicester City,1,2,1.44084,1.27371,6.806,6.958,-0.152,-0.9922,-1.01296,0.47685,-1.48981,-1.8613,-0.2283,-0.2537,0.1517,-0.008,-0.38,-0.2456,0.9859,1.5273,-0.5414
2021-08-28,2021/2022,Aston Villa,Brentford,1,1,0.431464,1.13312,6.945,7.155,-0.21,-1.3682,0.36488,0.04902,0.31586,0.0926,0.0502,-0.1348,0.147,0.1687,-0.0968,-0.3035,1.0841,1.3591,-0.275
2021-08-28,2021/2022,West Ham United,Crystal Palace,2,2,1.44748,1.67658,6.931,6.843,0.088,0.5676,0.94267,-0.38276,1.32543,1.185,0.3838,-0.0192,-0.2093,-0.1257,0.593,0.1065,2.1048,0.8184,1.2864
2021-08-28,2021/2022,Brighton & Hove Albion,Everton,0,2,0.701622,1.54868,6.926,6.924,0.002,0.0103,0.40186,0.19869,0.20317,-0.0294,0.1134,0.1274,0.0729,0.0347,0.0404,0.0927,1.3541,0.9468,0.4073
2021-08-28,2021/2022,Manchester City,Arsenal,5,0,4.47273,0.116805,7.169,6.932,0.237,1.5384,1.95089,0.52301,1.42789,1.2959,0.4621,0.2972,0.0976,-0.0294,0.3645,0.3266,2.1045,0.7963,1.3081
2021-08-29,2021/2022,Tottenham Hotspur,Watford,1,0,0.920963,0.596016,6.949,6.828,0.12,0.7795,1.06146,-0.54564,1.6071,1.4898,0.1874,-0.1486,0.0809,-0.1504,0.1065,0.0018,1.7796,1.2402,0.5394
2021-08-29,2021/2022,Burnley,Leeds United,1,1,1.71102,1.52078,6.931,7.029,-0.098,-0.6428,-0.32759,0.46886,-0.79646,-1.1111,-0.0325,-0.2214,0.2074,-0.1879,-0.2399,-0.0336,1.4447,1.5536,-0.1089
2021-08-29,2021/2022,Wolverhampton Wanderers,Manchester United,0,1,1.79575,0.944083,7.036,7.058,-0.021,-0.1425,-0.01139,1.05981,-1.0712,-1.4083,-0.1109,-0.012,0.2565,0.2001,-0.3674,-0.2121,0.9146,1.3114,-0.3968
2021-09-11,2021/2022,Chelsea,Aston Villa,3,0,1.22153,1.17349,7.15,6.872,0.278,1.8052,1.34905,0.27055,1.0785,0.9178,0.4155,0.2945,0.0326,-0.1281,0.3829,0.4226,2.2278,0.7445,1.4833
2021-09-11,2021/2022,Manchester United,Newcastle United,4,1,2.77326,0.622042,7.071,6.789,0.282,1.8327,1.0364,-0.16832,1.20472,1.0544,0.2438,0.1749,0.049,-0.2645,0.1948,0.4393,2.1515,0.8527,1.2988
2021-09-11,2021/2022,Southampton,West Ham United,0,0,0.692135,0.725407,6.806,6.929,-0.123,-0.8038,-0.07518,0.78469,-0.85987,-1.1797,0.1376,-0.2112,0.3517,-0.0371,-0.2141,-0.1742,1.4686,1.7819,-0.3133
2021-09-11,2021/2022,Watford,Wolverhampton Wanderers,0,2,0.185407,2.55922,6.811,6.988,-0.177,-1.1591,0.00421,-0.17146,0.17567,-0.0591,0.0473,-0.1194,-0.0732,0.0003,0.1204,-0.1197,1.2842,1.0698,0.2144
2021-09-11,2021/2022,Arsenal,Norwich City,1,0,2.68515,0.577292,6.909,6.724,0.184,1.1969,0.87277,-1.1379,2.01067,1.9265,0.0735,-0.1438,-0.2018,-0.245,0.2753,0.1013,1.759,0.9232,0.8358
2021-09-11,2021/2022,Leicester City,Manchester City,0,1,0.8001,2.75058,6.968,7.182,-0.214,-1.3982,0.54604,1.76574,-1.2197,-1.569,0.1422,-0.0193,0.5353,0.3132,-0.3931,-0.3325,1.0281,1.7865,-0.7584
2021-09-11,2021/2022,Crystal Palace,Tottenham Hotspur,3,0,2.89372,0.0775646,6.843,6.945,-0.102,-0.6682,-0.1437,0.60347,-0.74717,-1.0577,-0.1689,-0.1,0.1508,-0.1287,-0.3198,0.0287,1.1876,1.3009,-0.1133
2021-09-11,2021/2022,Brentford,Brighton & Hove Albion,0,1,0.729786,0.287902,7.045,6.96,0.085,0.5501,0.13297,0.20925,-0.07627,-0.3318,0.1074,0.3499,0.0849,0.1111,0.0225,0.2388,1.2596,0.7595,0.5
2021-09-12,2021/2022,Leeds United,Liverpool,0,3,0.652514,4.4016,6.99,7.159,-0.169,-1.1049,0.49864,1.07183,-0.57318,-0.8695,0.2044,-0.1939,0.4114,0.0474,-0.207,-0.2413,1.4349,1.8693,-0.4343
2021-09-13,2021/2022,Everton,Burnley,3,1,1.80386,1.82061,6.928,6.932,-0.003,-0.0247,0.54459,-0.31692,0.86151,0.683,0.0918,0.0553,-0.016,-0.2185,0.1079,0.2738,1.706,0.9316,0.7745
2021-09-17,2021/2022,Newcastle United,Leeds United,1,1,1.17668,1.42995,6.839,6.941,-0.102,-0.6697,-0.12109,0.30802,-0.42911,-0.7136,0.0401,-0.2871,0.1661,-0.2839,-0.126,-0.0032,1.7093,1.5928,0.1165
2021-09-18,2021/2022,Aston Villa,Everton,3,0,0.777716,0.755035,6.92,6.913,0.008,0.0467,0.24786,0.3847,-0.13684,-0.3973,0.0454,-0.0829,0.0959,0.0343,-0.0504,-0.1171,1.2667,1.1947,0.072
2021-09-18,2021/2022,Wolverhampton Wanderers,Brentford,0,2,1.02316,2.32741,7.014,6.948,0.067,0.4303,0.08142,0.03276,0.04866,-0.1966,-0.0145,0.0355,0.0329,0.4279,-0.0473,-0.3924,0.8104,0.9896,-0.1791
2021-09-18,2021/2022,Manchester City,Southampton,0,0,1.22451,0.490923,7.161,6.866,0.295,1.9133,2.07767,-0.1458,2.22347,2.1567,0.5579,0.3183,0.0923,-0.1722,0.4656,0.4905,2.6897,0.7702,1.9195
2021-09-18,2021/2022,Burnley,Arsenal,0,1,0.775574,1.09928,6.929,6.954,-0.025,-0.167,-0.31421,0.31988,-0.63409,-0.9354,0.0179,-0.2198,0.1098,-0.1345,-0.0919,-0.0853,1.4531,1.3947,0.0584
2021-09-18,2021/2022,Norwich City,Watford,1,3,0.782665,2.42487,6.796,6.808,-0.012,-0.0831,-0.90174,-0.56574,-0.336,-0.6128,-0.2179,-0.2693,-0.0031,-0.1522,-0.2148,-0.1172,1.1701,1.307,-0.1369
2021-09-18,2021/2022,Liverpool,Crystal Palace,3,0,2.76793,0.644168,7.153,6.853,0.3,1.9506,1.39908,-0.18472,1.5838,1.4646,0.4997,0.0758,-0.0624,-0.0679,0.5621,0.1437,2.288,0.8403,1.4477
2021-09-19,2021/2022,Tottenham Hotspur,Chelsea,0,3,0.70567,2.5869,6.92,7.048,-0.128,-0.8385,0.90055,1.05003,-0.14949,-0.411,0.1086,-0.1747,0.3704,0.282,-0.2619,-0.4567,1.0362,1.7516,-0.7154
2021-09-19,2021/2022,West Ham United,Manchester United,1,2,1.6671,1.8954,6.916,7.272,-0.355,-2.3159,0.79069,1.12618,-0.33549,-0.6123,0.3095,-0.0091,0.267,0.1792,0.0426,-0.1883,1.3665,1.3751,-0.0086
2021-09-19,2021/2022,Brighton & Hove Albion,Leicester City,2,1,1.47438,1.25373,6.94,6.981,-0.041,-0.2678,0.33183,0.44198,-0.11015,-0.3684,0.0738,0.1252,0.132,-0.0599,-0.0581,0.1851,1.4236,1.0117,0.4118
2021-09-25,2021/2022,Everton,Norwich City,2,0,2.26681,0.800903,6.929,6.908,0.022,0.1372,0.54315,-1.12568,1.66883,1.5566,0.0785,0.049,-0.2366,-0.2928,0.3151,0.3418,1.8187,0.7497,1.069
2021-09-25,2021/2022,Leeds United,West Ham United,1,2,1.1967,1.98962,6.886,6.948,-0.061,-0.4038,0.3371,0.66193,-0.32483,-0.6007,0.1582,-0.2641,0.3196,-0.0267,-0.1614,-0.2374,1.4946,1.806,-0.3114
2021-09-25,2021/2022,Watford,Newcastle United,1,1,0.904061,2.52338,6.816,6.843,-0.027,-0.1779,-0.04577,-0.25063,0.20485,-0.0276,0.0423,-0.1411,0.0065,-0.2795,0.0357,0.1384,1.7209,1.1629,0.558
2021-09-25,2021/2022,Chelsea,Manchester City,0,1,0.194202,1.69244,7.074,7.249,-0.176,-1.1469,1.55796,1.6541,-0.09614,-0.3533,0.3992,0.29,0.5052,0.3229,-0.106,-0.0329,1.3226,1.2664,0.0562
2021-09-25,2021/2022,Manchester United,Aston Villa,0,1,1.9251,1.57249,7.196,6.94,0.257,1.6659,1.19551,0.24604,0.94947,0.7782,0.2799,0.166,0.0232,-0.0706,0.2568,0.2366,1.832,0.8409,0.9912
2021-09-25,2021/2022,Leicester City,Burnley,2,2,2.16233,0.428866,6.913,6.918,-0.005,-0.038,0.51376,-0.43774,0.9515,0.7804,0.1381,-0.0611,-0.0214,-0.2094,0.1595,0.1484,1.7704,1.0412,0.7292
2021-09-25,2021/2022,Brentford,Liverpool,3,3,2.94058,2.25736,7.014,7.138,-0.124,-0.8128,0.13189,1.26958,-1.1377,-1.4803,0.1641,0.3908,0.5126,0.0796,-0.3485,0.3112,1.3417,1.1465,0.1952
2021-09-26,2021/2022,Southampton,Wolverhampton Wanderers,0,1,0.909342,0.909833,6.887,6.945,-0.057,-0.3779,0.08658,-0.12823,0.21481,-0.0168,0.0813,-0.1041,-0.0082,0.0031,0.0895,-0.1072,1.3439,1.1083,0.2356
2021-09-26,2021/2022,Arsenal,Tottenham Hotspur,3,1,1.44499,0.980166,6.964,6.973,-0.01,-0.0663,0.81525,0.36512,0.45013,0.2378,0.0972,-0.1099,0.0958,-0.2059,0.0013,0.0959,1.6924,1.23,0.4624
2021-09-27,2021/2022,Crystal Palace,Brighton & Hove Albion,1,1,1.36836,0.649566,6.863,6.991,-0.128,-0.8391,-0.06487,0.35168,-0.41654,-0.7,-0.0714,-0.0865,0.0756,0.1175,-0.1471,-0.204,1.0202,1.1942,-0.174
2021-10-02,2021/2022,Brighton & Hove Albion,Arsenal,0,0,1.11551,0.36431,6.952,6.973,-0.021,-0.1422,0.39096,0.43462,-0.04366,-0.2965,0.0562,0.107,0.0839,-0.1014,-0.0277,0.2084,1.4613,0.9798,0.4816
2021-10-02,2021/2022,Leeds United,Watford,1,0,1.57388,0.192794,6.902,6.804,0.098,0.6355,0.26987,-0.47246,0.74233,0.554,0.1432,-0.2681,-0.0027,-0.1748,0.1459,-0.0933,1.7402,1.289,0.4512
2021-10-02,2021/2022,Wolverhampton Wanderers,Newcastle United,2,1,1.15849,0.865217,6.943,6.846,0.096,0.6236,0.02383,-0.22399,0.24782,0.0189,-0.0167,0.0177,0.0596,-0.2502,-0.0763,0.2679,1.5988,1.031,0.5678
2021-10-02,2021/2022,Burnley,Norwich City,0,0,0.584725,0.673617,6.884,6.862,0.022,0.1403,-0.30176,-1.16548,0.86372,0.6854,-0.0469,-0.2213,-0.2325,-0.304,0.1856,0.0827,1.6225,0.9863,0.6362
2021-10-02,2021/2022,Manchester United,Everton,1,1,1.0496,1.32211,7.056,6.903,0.153,0.9942,1.07674,0.27088,0.80586,0.6228,0.281,0.1464,0.0976,0.0476,0.1834,0.0988,1.6096,0.9352,0.6744
2021-10-02,2021/2022,Chelsea,Southampton,3,1,3.79243,1.52634,7.116,6.848,0.268,1.7384,1.47716,-0.08434,1.5615,1.4404,0.3545,0.2713,0.0604,-0.0989,0.2941,0.3702,2.0332,0.7845,1.2487
2021-10-03,2021/2022,Crystal Palace,Leicester City,2,2,1.1703,1.04322,6.838,6.927,-0.088,-0.58,-0.01726,0.29559,-0.31285,-0.5878,-0.0529,-0.073,0.1552,-0.0448,-0.2082,-0.0282,1.2282,1.2698,-0.0416
2021-10-03,2021/2022,Tottenham Hotspur,Aston Villa,2,1,1.78187,1.07395,6.968,6.94,0.029,0.1823,0.69261,0.36481,0.3278,0.1055,0.085,-0.195,0.0485,-0.0735,0.0365,-0.1215,1.4713,1.2715,0.1998
2021-10-03,2021/2022,Liverpool,Manchester City,2,2,0.949368,1.04319,7.127,7.249,-0.122,-0.7996,1.44071,1.7349,-0.2942,-0.5676,0.5282,0.0287,0.5116,0.3683,0.0166,-0.3395,1.4472,1.6446,-0.1974
2021-10-03,2021/2022,West Ham United,Brentford,1,2,1.37258,1.30098,6.95,6.906,0.044,0.2816,0.76899,0.21529,0.5537,0.3499,0.3246,-0.0158,0.3815,0.1937,-0.0569,-0.2095,1.4339,1.4801,-0.0463
2021-10-16,2021/2022,Aston Villa,Wolverhampton Wanderers,2,3,1.21276,2.19633,6.954,7.022,-0.068,-0.4446,0.4227,0.01521,0.40749,0.1917,0.0392,-0.0825,-0.0414,0.022,0.0805,-0.1045,1.2629,1.0505,0.2124
2021-10-16,2021/2022,Brentford,Chelsea,0,1,1.62169,0.248256,6.952,7.098,-0.146,-0.9518,0.29573,1.16543,-0.8697,-1.1903,0.3583,0.2019,0.4151,0.2509,-0.0567,-0.049,1.3693,1.2594,0.1099
2021-10-16,2021/2022,Manchester City,Burnley,2,0,2.15712,1.07719,7.167,6.929,0.238,1.5423,1.98241,-0.40687,2.38928,2.3362,0.4875,0.3873,-0.0989,-0.2127,0.5864,0.6,2.5929,0.5978,1.995
2021-10-16,2021/2022,Watford,Liverpool,0,5,0.302302,3.65553,6.82,7.212,-0.392,-2.5571,-0.094,1.2016,-1.29561,-1.6512,-0.0528,-0.1673,0.5041,0.0534,-0.557,-0.2207,1.0739,2.0509,-0.977
2021-10-16,2021/2022,Southampton,Leeds United,1,0,1.83082,0.446173,6.807,6.902,-0.095,-0.6248,-0.04177,0.23609,-0.27786,-0.5499,0.0862,-0.1627,0.1349,-0.2373,-0.0486,0.0745,1.7098,1.3621,0.3477
2021-10-16,2021/2022,Leicester City,Manchester United,4,2,2.96611,1.02494,6.973,7.032,-0.059,-0.389,0.40513,1.0633,-0.65817,-0.9614,0.1459,-0.0427,0.2585,0.1344,-0.1126,-0.1771,1.257,1.3611,-0.1041
2021-10-16,2021/2022,Norwich City,Brighton & Hove Albion,0,0,1.16088,1.17572,6.9,6.974,-0.074,-0.4853,-0.98688,0.3083,-1.29518,-1.6507,-0.245,-0.2721,0.039,0.1227,-0.284,-0.3947,0.8588,1.3771,-0.5183
2021-10-17,2021/2022,Everton,West Ham United,0,1,0.854165,2.03034,6.917,6.937,-0.02,-0.1368,0.63317,0.6574,-0.02424,-0.2755,0.11,0.0688,0.32,-0.01,-0.2099,0.0789,1.4076,1.2887,0.1189
2021-10-17,2021/2022,Newcastle United,Tottenham Hotspur,2,3,0.645658,1.55008,6.852,6.983,-0.131,-0.8545,-0.10273,0.3023,-0.40503,-0.6875,0.053,-0.2345,0.0982,-0.1877,-0.0451,-0.0468,1.5673,1.4166,0.1507
2021-10-18,2021/2022,Arsenal,Crystal Palace,2,2,1.7436,0.492239,6.951,6.85,0.102,0.659,0.91853,-0.23065,1.14918,0.9943,0.0643,-0.0885,-0.0558,-0.0666,0.1202,-0.0219,1.4439,1.0208,0.4231
2021-10-22,2021/2022,Arsenal,Aston Villa,3,1,3.4984,1.41088,6.97,6.951,0.02,0.1243,0.82595,0.22931,0.59664,0.3964,0.0754,-0.0743,0.0367,-0.1084,0.0387,0.0341,1.5075,1.1148,0.3926
2021-10-23,2021/2022,Chelsea,Norwich City,7,0,3.10509,0.267429,7.133,6.898,0.235,1.5274,1.53852,-1.02115,2.55968,2.5205,0.3879,0.2394,-0.229,-0.2646,0.6169,0.504,2.4714,0.6087,1.8627
2021-10-23,2021/2022,Everton,Watford,2,5,1.84089,3.10344,6.876,6.662,0.214,1.3916,0.54865,-0.6029,1.15155,0.9968,0.0834,0.0447,-0.0886,-0.2303,0.172,0.2751,1.7569,0.8531,0.9038
2021-10-23,2021/2022,Crystal Palace,Newcastle United,1,1,2.25588,0.721813,6.872,6.865,0.007,0.0418,0.08247,-0.33726,0.41974,0.205,-0.0823,-0.0746,-0.0004,-0.2363,-0.0819,0.1616,1.4609,1.0762,0.3847
2021-10-23,2021/2022,Brighton & Hove Albion,Manchester City,1,4,1.1695,3.57376,6.967,7.205,-0.238,-1.5544,0.3316,1.66862,-1.33702,-1.696,0.0318,0.1143,0.4691,0.3745,-0.4374,-0.2602,0.8634,1.4671,-0.6037
2021-10-23,2021/2022,Leeds United,Wolverhampton Wanderers,1,1,1.71313,0.858644,6.941,6.958,-0.017,-0.1175,0.23701,0.11792,0.11909,-0.1204,0.1015,-0.2392,0.0046,0.0234,0.0969,-0.2626,1.3503,1.2788,0.0715
2021-10-23,2021/2022,Southampton,Burnley,2,2,1.42567,0.673195,6.917,6.907,0.01,0.0632,0.05611,-0.36168,0.41779,0.2029,0.0929,-0.1369,-0.0836,-0.1908,0.1765,0.0539,1.6641,1.0536,0.6105
2021-10-24,2021/2022,Brentford,Leicester City,1,2,1.16789,1.00254,6.901,6.971,-0.071,-0.4629,0.27792,0.34638,-0.06845,-0.3233,0.3813,0.3229,0.2197,-0.0311,0.1615,0.3541,1.8743,0.9096,0.9647
2021-10-24,2021/2022,West Ham United,Tottenham Hotspur,1,0,1.73468,0.672198,6.941,6.975,-0.035,-0.2311,0.7177,0.36401,0.3537,0.1335,0.3427,0.0085,0.1025,-0.1546,0.2402,0.1631,2.0491,1.1032,0.9459
2021-10-24,2021/2022,Manchester United,Liverpool,0,5,1.35584,4.04765,7.078,7.192,-0.114,-0.7468,0.9126,1.34867,-0.43606,-0.7211,0.2458,0.0719,0.5519,0.0745,-0.3062,-0.0026,1.4651,1.6384,-0.1733
2021-10-30,2021/2022,Tottenham Hotspur,Manchester United,0,3,1.15787,1.38612,6.989,7.047,-0.058,-0.3792,0.75726,0.82692,-0.06966,-0.3246,0.0861,-0.1402,0.2388,-0.0348,-0.1527,-0.1055,1.4026,1.4711,-0.0685
2021-10-30,2021/2022,Leicester City,Arsenal,0,2,1.98801,1.10288,6.939,6.976,-0.036,-0.2411,0.59316,0.43493,0.15823,-0.078,0.2203,-0.0043,0.1629,-0.082,0.0574,0.0777,1.6856,1.1872,0.4985
2021-10-30,2021/2022,Watford,Southampton,0,1,0.852556,1.90757,6.803,6.892,-0.089,-0.5835,-0.14015,-0.1004,-0.03975,-0.2922,-0.0089,-0.2312,0.0799,-0.1275,-0.0888,-0.1037,1.3941,1.3796,0.0145
2021-10-30,2021/2022,Newcastle United,Chelsea,0,3,0.157616,2.16608,6.866,7.059,-0.193,-1.2603,-0.13252,1.28577,-1.41829,-1.7839,-0.0139,-0.2572,0.4062,0.2438,-0.42,-0.501,0.9452,1.9867,-1.0415
2021-10-30,2021/2022,Liverpool,Brighton & Hove Albion,2,2,1.39778,1.51032,7.188,6.912,0.276,1.7931,1.67809,0.13575,1.54234,1.4197,0.6301,0.0779,0.0429,0.0305,0.5872,0.0474,2.3556,0.9345,1.4212
2021-10-30,2021/2022,Burnley,Brentford,3,1,2.72901,0.834312,6.946,6.931,0.015,0.0949,-0.31844,0.25622,-0.57466,-0.8711,-0.0981,-0.1817,0.3059,0.3125,-0.404,-0.4942,0.8315,1.6255,-0.794
2021-10-30,2021/2022,Manchester City,Crystal Palace,0,2,0.65739,1.05029,7.244,6.809,0.435,2.8271,2.01122,-0.16999,2.18121,2.111,0.5146,0.3627,-0.036,-0.0659,0.5506,0.4286,2.3552,0.6373,1.7179
2021-10-31,2021/2022,Norwich City,Leeds United,1,2,0.661887,1.16855,6.759,6.972,-0.213,-1.3905,-0.99087,0.12729,-1.11816,-1.4592,-0.24,-0.2873,0.115,-0.2261,-0.3549,-0.0612,1.2033,1.5338,-0.3305
2021-10-31,2021/2022,Aston Villa,West Ham United,1,4,0.687551,2.66391,6.944,6.947,-0.003,-0.0254,0.25162,0.78545,-0.53383,-0.8269,0.0486,-0.1717,0.3236,0.0202,-0.275,-0.1919,1.287,1.6418,-0.3548
2021-11-01,2021/2022,Wolverhampton Wanderers,Everton,2,1,1.69344,1.69767,6.948,6.866,0.081,0.5254,0.17537,0.18896,-0.01359,-0.2639,-0.0148,0.0108,0.0863,-0.0052,-0.1011,0.016,1.2515,1.0681,0.1834
2021-11-05,2021/2022,Southampton,Aston Villa,1,0,0.89818,0.536077,6.893,6.932,-0.039,-0.2568,0.06422,0.0402,0.02401,-0.2232,0.1011,-0.1111,0.0187,-0.2057,0.0824,0.0946,1.693,1.144,0.549
2021-11-06,2021/2022,Brighton & Hove Albion,Newcastle United,1,1,1.43123,0.227321,6.972,6.86,0.112,0.7254,0.29211,-0.36173,0.65384,0.4583,0.0659,0.0803,-0.0471,-0.2618,0.113,0.3421,1.7601,0.8688,0.8914
2021-11-06,2021/2022,Brentford,Norwich City,1,2,2.79229,1.15797,6.835,6.812,0.023,0.1452,0.10782,-1.16411,1.27193,1.1271,0.2484,0.1755,-0.2727,-0.2748,0.5211,0.4503,2.1174,0.6371,1.4803
2021-11-06,2021/2022,Chelsea,Burnley,1,1,3.00585,0.674072,7.059,6.959,0.1,0.6472,1.76468,-0.22612,1.9908,1.905,0.4085,0.2645,-0.0335,-0.1567,0.442,0.4212,2.2287,0.7336,1.4951
2021-11-06,2021/2022,Manchester United,Manchester City,0,2,0.759561,2.04202,7.081,7.231,-0.15,-0.9819,0.84946,1.67853,-0.82907,-1.1463,0.2335,-0.0254,0.4603,0.3508,-0.2267,-0.3761,1.0932,1.6547,-0.5615
2021-11-06,2021/2022,Crystal Palace,Wolverhampton Wanderers,2,0,2.65161,0.25416,6.846,6.946,-0.1,-0.6552,0.13568,0.1919,-0.05622,-0.3101,-0.0201,0.0072,0.0056,-0.0068,-0.0257,0.0141,1.2203,1.0104,0.2099
2021-11-07,2021/2022,West Ham United,Liverpool,3,2,1.25298,1.45641,6.956,7.17,-0.214,-1.3961,0.86954,1.43194,-0.5624,-0.8578,0.3601,0.0386,0.5889,0.063,-0.2288,-0.0244,1.6419,1.7786,-0.1367
2021-11-07,2021/2022,Leeds United,Leicester City,1,1,1.96551,0.795292,6.976,6.942,0.034,0.2206,0.20976,0.34622,-0.13646,-0.3969,0.1018,-0.2106,0.234,-0.0018,-0.1321,-0.2088,1.3938,1.5535,-0.1598
2021-11-07,2021/2022,Everton,Tottenham Hotspur,0,0,0.597906,0.801798,6.919,6.972,-0.053,-0.3469,0.33969,0.20707,0.13261,-0.1057,0.1067,-0.0189,0.074,-0.1363,0.0327,0.1174,1.5857,1.1044,0.4814
2021-11-07,2021/2022,Arsenal,Watford,1,0,1.49208,0.491659,6.94,6.773,0.167,1.0836,1.01092,-0.50734,1.51826,1.3936,0.1583,-0.0931,-0.0357,-0.2442,0.194,0.1511,1.9093,1.0383,0.871
2021-11-20,2021/2022,Wolverhampton Wanderers,West Ham United,1,0,1.31903,0.436331,6.941,6.956,-0.016,-0.1059,0.18086,0.9872,-0.80635,-1.1218,-0.0211,-0.0511,0.3376,0.0514,-0.3587,-0.1025,1.1616,1.4779,-0.3162
2021-11-20,2021/2022,Norwich City,Southampton,2,1,0.43778,1.13118,6.807,6.885,-0.078,-0.5143,-0.89057,0.03969,-0.93026,-1.2558,-0.2536,-0.2944,0.0578,-0.0954,-0.3114,-0.199,1.0584,1.4357,-0.3773
2021-11-20,2021/2022,Liverpool,Arsenal,4,0,3.97374,0.268025,7.191,6.986,0.205,1.3307,1.49888,0.52123,0.97765,0.8087,0.5728,0.0781,0.1389,-0.0781,0.4338,0.1561,2.4586,1.0372,1.4214
2021-11-20,2021/2022,Watford,Manchester United,4,1,2.73393,1.66794,6.781,6.996,-0.214,-1.4003,-0.18656,0.90203,-1.08859,-1.4272,-0.0593,-0.2269,0.2192,-0.0415,-0.2785,-0.1853,1.1983,1.6027,-0.4044
2021-11-20,2021/2022,Leicester City,Chelsea,0,3,0.499504,2.57178,6.909,7.141,-0.232,-1.5156,0.45716,1.31444,-0.85728,-1.1769,0.1978,-0.0206,0.4326,0.2636,-0.2348,-0.2842,1.1397,1.6177,-0.4779
2021-11-20,2021/2022,Burnley,Crystal Palace,3,3,1.04224,1.74839,6.951,6.887,0.064,0.4133,-0.10682,0.06253,-0.16936,-0.4325,-0.0354,-0.1862,0.0562,0.023,-0.0915,-0.2091,1.1895,1.2646,-0.0751
2021-11-20,2021/2022,Newcastle United,Brentford,3,3,2.18388,1.23275,6.885,6.886,-0.001,-0.0096,-0.19717,0.04043,-0.2376,-0.5063,-0.0687,-0.2486,0.2941,0.1465,-0.3628,-0.3951,1.009,1.7209,-0.7119
2021-11-20,2021/2022,Aston Villa,Brighton & Hove Albion,2,0,1.06946,0.582787,6.933,6.959,-0.026,-0.1704,0.06545,0.19914,-0.13369,-0.3939,-0.005,-0.1763,0.0487,0.0938,-0.0537,-0.2702,1.1302,1.2563,-0.1261
2021-11-21,2021/2022,Manchester City,Everton,3,0,2.61302,0.266894,7.154,6.922,0.232,1.5066,1.92192,0.09052,1.8314,1.7325,0.4677,0.3595,0.0568,-0.0102,0.4109,0.3697,2.0746,0.7187,1.3559
2021-11-21,2021/2022,Tottenham Hotspur,Leeds United,2,1,2.31744,1.46689,6.953,6.951,0.002,0.0113,0.63186,0.12338,0.50848,0.301,0.0628,-0.1024,0.1248,-0.1846,-0.0621,0.0822,1.603,1.2549,0.3482
2021-11-27,2021/2022,Brighton & Hove Albion,Leeds United,0,0,1.90498,0.864829,6.934,6.949,-0.014,-0.0966,0.14425,0.06951,0.07474,-0.1684,0.0222,0.0947,0.132,-0.2062,-0.1098,0.301,1.5699,1.0398,0.5301
2021-11-27,2021/2022,Norwich City,Wolverhampton Wanderers,0,0,1.4047,0.297157,6.793,6.94,-0.147,-0.9625,-0.77228,0.14728,-0.91956,-1.2443,-0.2853,-0.2839,-0.0132,-0.0122,-0.2721,-0.2717,0.9357,1.3342,-0.3985
2021-11-27,2021/2022,Arsenal,Newcastle United,2,0,2.84493,0.185383,6.924,6.907,0.017,0.105,0.86243,-0.27575,1.13818,0.9824,0.1086,-0.1533,-0.0244,-0.2308,0.133,0.0775,1.7606,1.1353,0.6252
2021-11-27,2021/2022,Liverpool,Southampton,4,0,3.07278,0.966132,7.17,6.955,0.214,1.391,1.63766,-0.0786,1.71626,1.6079,0.6318,0.0979,0.0462,-0.0804,0.5856,0.1783,2.6169,0.9257,1.6912
2021-11-27,2021/2022,Crystal Palace,Aston Villa,1,2,0.962129,0.454305,6.899,6.909,-0.01,-0.0661,0.24198,0.03773,0.20425,-0.0282,0.0793,0.0264,-0.0075,-0.1564,0.0869,0.1828,1.5822,0.9678,0.6145
2021-11-28,2021/2022,Brentford,Everton,1,0,1.19813,0.968075,6.876,6.901,-0.025,-0.1654,-0.03838,-0.00289,-0.03549,-0.2876,0.2622,0.0562,0.0425,-0.0353,0.2196,0.0914,1.6799,0.9894,0.6905
2021-11-28,2021/2022,Leicester City,Watford,4,2,2.16027,2.38383,6.936,6.82,0.116,0.7505,0.33387,-0.35081,0.68468,0.4916,0.1684,-0.056,0.0194,-0.227,0.1489,0.171,1.8841,1.0637,0.8204
2021-11-28,2021/2022,Chelsea,Manchester United,1,1,2.34525,0.563367,7.13,6.983,0.147,0.95,1.7271,0.75121,0.97588,0.8067,0.457,0.2836,0.2195,-0.089,0.2375,0.3725,2.1983,0.9218,1.2766
2021-11-28,2021/2022,Manchester City,West Ham United,2,1,2.72187,0.171763,7.168,6.928,0.24,1.5582,2.01533,0.87214,1.14319,0.9878,0.4804,0.3672,0.2996,0.0466,0.1808,0.3205,1.9871,0.9084,1.0787
2021-11-30,2021/2022,Newcastle United,Norwich City,1,1,1.15636,1.51084,6.863,6.738,0.125,0.8113,-0.21926,-0.90479,0.68553,0.4926,-0.0687,-0.2649,-0.2598,-0.2556,0.1911,-0.0094,1.5312,0.9904,0.5409
2021-11-30,2021/2022,Leeds United,Crystal Palace,1,0,1.9818,0.707328,6.956,6.838,0.117,0.7598,0.19949,-0.02328,0.22277,-0.0082,0.1253,-0.2152,0.042,0.0371,0.0834,-0.2523,1.3861,1.2754,0.1107
2021-12-01,2021/2022,Wolverhampton Wanderers,Burnley,0,0,0.711691,0.195537,6.959,6.931,0.028,0.1787,0.2415,-0.09131,0.33281,0.1109,-0.0533,-0.0235,-0.042,-0.1964,-0.0112,0.1729,1.4488,0.9784,0.4704
2021-12-01,2021/2022,Aston Villa,Manchester City,1,2,0.772083,1.01897,6.922,7.15,-0.228,-1.4854,0.25181,1.82139,-1.56957,-1.9476,-0.0255,-0.1348,0.5014,0.3861,-0.5269,-0.5209,0.807,1.9415,-1.1345
2021-12-01,2021/2022,Southampton,Leicester City,2,2,1.91169,1.4401,6.864,6.939,-0.076,-0.4974,-0.0143,0.31167,-0.32598,-0.602,0.0473,-0.101,0.1805,-0.0893,-0.1331,-0.0116,1.4217,1.3371,0.0846
2021-12-01,2021/2022,Everton,Liverpool,1,4,0.512263,2.86067,6.911,7.18,-0.268,-1.7515,0.20103,1.50073,-1.2997,-1.6556,0.0415,-0.0172,0.6433,0.0961,-0.6019,-0.1133,1.1476,1.9989,-0.8514
2021-12-01,2021/2022,Watford,Chelsea,1,2,0.990877,0.908574,6.772,6.957,-0.185,-1.2057,-0.10196,1.38138,-1.48334,-1.8543,0.0733,-0.2348,0.4589,0.2914,-0.3856,-0.5262,0.9843,2.0459,-1.0616
2021-12-01,2021/2022,West Ham United,Brighton & Hove Albion,1,1,1.14679,1.2607,6.963,6.934,0.029,0.1842,0.91367,0.06898,0.84469,0.6648,0.274,0.0144,0.0389,0.0986,0.2351,-0.0842,1.4964,1.0213,0.4751
2021-12-02,2021/2022,Manchester United,Arsenal,3,2,1.85597,1.16638,6.983,6.931,0.052,0.3362,0.71175,0.4348,0.27694,0.0504,0.2063,-0.0954,0.1564,-0.1272,0.0498,0.0318,1.7576,1.2785,0.4791
2021-12-02,2021/2022,Tottenham Hotspur,Brentford,2,0,2.07248,0.225492,6.966,6.935,0.031,0.1952,0.68573,0.06847,0.61726,0.4187,0.0964,-0.1073,0.2303,0.0572,-0.1339,-0.1645,1.3063,1.3967,-0.0904
2021-12-04,2021/2022,Southampton,Brighton & Hove Albion,1,1,1.34236,1.4872,6.87,6.954,-0.084,-0.5534,0.02499,0.14655,-0.12156,-0.3808,0.071,-0.1029,0.0474,0.1106,0.0236,-0.2135,1.1907,1.174,0.0167
2021-12-04,2021/2022,West Ham United,Chelsea,3,2,2.0174,1.37049,6.987,7.08,-0.093,-0.6102,0.83611,1.32817,-0.49206,-0.7817,0.2583,0.0085,0.4185,0.2886,-0.1602,-0.2801,1.2006,1.5238,-0.3232
2021-12-04,2021/2022,Newcastle United,Burnley,1,0,1.70609,0.604599,6.838,6.96,-0.122,-0.7971,-0.28718,-0.05136,-0.23581,-0.5044,-0.0861,-0.2733,-0.0721,-0.1739,-0.0139,-0.0994,1.3466,1.2408,0.1058
2021-12-04,2021/2022,Watford,Manchester City,1,3,0.675105,4.03223,6.789,7.191,-0.401,-2.6175,-0.04875,1.76152,-1.81027,-2.2081,0.073,-0.1895,0.4703,0.3837,-0.3973,-0.5732,0.8743,2.0294,-1.1551
2021-12-04,2021/2022,Wolverhampton Wanderers,Liverpool,0,1,0.095167,2.42332,6.966,7.179,-0.213,-1.3904,0.20155,1.61283,-1.41128,-1.7763,-0.0894,-0.003,0.6631,0.1142,-0.7525,-0.1173,0.9953,1.997,-1.0017
2021-12-05,2021/2022,Manchester United,Crystal Palace,1,0,0.870376,0.520593,6.987,6.871,0.115,0.746,0.78207,-0.09693,0.879,0.7019,0.2092,-0.0911,0.0137,0.019,0.1955,-0.1102,1.5344,1.0955,0.4389
2021-12-05,2021/2022,Leeds United,Brentford,2,2,1.41896,1.19959,6.949,6.789,0.16,1.0401,0.27314,-0.03335,0.30649,0.0824,0.1486,-0.198,0.1673,-0.0051,-0.0186,-0.1929,1.4875,1.4137,0.0738
2021-12-05,2021/2022,Aston Villa,Leicester City,2,1,1.84818,0.982614,6.923,6.948,-0.025,-0.1635,0.31168,0.27238,0.03929,-0.2067,-0.0266,-0.0974,0.1827,-0.1048,-0.2093,0.0074,1.3491,1.3272,0.022
2021-12-05,2021/2022,Tottenham Hotspur,Norwich City,3,0,2.00668,1.06562,6.958,6.833,0.124,0.8052,0.78755,-0.83688,1.62443,1.5085,0.1233,-0.0711,-0.2327,-0.2427,0.3561,0.1715,1.8314,0.8383,0.9931
2021-12-06,2021/2022,Everton,Arsenal,2,1,1.06108,1.05723,6.868,6.941,-0.072,-0.4758,0.08894,0.36448,-0.27555,-0.5474,0.0095,-0.0539,0.1506,-0.1298,-0.1411,0.0759,1.4261,1.2376,0.1884
2021-12-10,2021/2022,Brentford,Watford,2,1,1.82799,0.561554,6.854,6.737,0.117,0.7546,0.00609,-0.43127,0.43735,0.224,0.1548,0.0005,0.0634,-0.2621,0.0914,0.2625,1.9252,1.0504,0.8748
2021-12-11,2021/2022,Norwich City,Manchester United,0,1,0.986107,2.09817,6.771,6.999,-0.227,-1.484,-0.71308,0.89371,-1.60679,-1.9879,-0.2203,-0.2464,0.1819,-0.0749,-0.4023,-0.1715,1.0531,1.5769,-0.5239
2021-12-11,2021/2022,Liverpool,Aston Villa,1,0,2.71181,0.140573,7.193,6.915,0.277,1.8018,1.80723,0.22839,1.57884,1.4592,0.6699,0.1371,-0.0015,-0.0868,0.6714,0.2239,2.7568,0.8424,1.9144
2021-12-11,2021/2022,Manchester City,Wolverhampton Wanderers,1,0,2.99915,0.0762839,7.186,6.99,0.196,1.2704,1.97264,0.07045,1.90219,1.8091,0.5196,0.3861,-0.1302,-0.023,0.6498,0.4091,2.204,0.583,1.621
2021-12-11,2021/2022,Arsenal,Southampton,3,0,2.08429,0.502215,6.944,6.839,0.104,0.6751,0.82887,-0.16754,0.99642,0.829,0.143,-0.1172,0.0766,-0.1097,0.0664,-0.0075,1.6313,1.199,0.4323
2021-12-11,2021/2022,Chelsea,Leeds United,3,2,2.74844,1.72934,7.052,6.914,0.138,0.8913,1.53669,0.10431,1.43238,1.3007,0.4101,0.2565,0.1447,-0.1899,0.2654,0.4464,2.3179,0.8797,1.4382
2021-12-12,2021/2022,Leicester City,Newcastle United,4,0,2.05771,0.511934,6.92,6.84,0.08,0.5183,0.35116,-0.33541,0.68657,0.4937,0.1676,-0.1195,-0.0669,-0.2545,0.2346,0.135,1.927,1.044,0.883
2021-12-12,2021/2022,Burnley,West Ham United,0,0,0.54801,0.998813,6.91,6.952,-0.043,-0.2821,-0.12179,0.91024,-1.03202,-1.366,-0.0986,-0.1821,0.2882,0.0138,-0.3869,-0.1959,1.1126,1.6088,-0.4962
2021-12-12,2021/2022,Crystal Palace,Everton,3,1,2.09864,1.27556,6.843,6.881,-0.038,-0.2515,0.08688,-0.09986,0.18674,-0.0472,-0.013,0.0405,-0.0092,-0.0483,-0.0038,0.0888,1.2906,0.9559,0.3347
2021-12-14,2021/2022,Norwich City,Aston Villa,0,2,0.502647,1.96261,6.787,6.941,-0.153,-1.0026,-0.65052,0.28894,-0.93946,-1.2658,-0.2225,-0.2598,-0.0296,-0.0839,-0.1929,-0.1758,1.0698,1.2822,-0.2124
2021-12-14,2021/2022,Manchester City,Leeds United,7,0,3.31349,0.227498,7.235,6.895,0.34,2.2104,1.89192,0.15328,1.73864,1.6321,0.5409,0.3929,0.1724,-0.2069,0.3684,0.5998,2.7527,0.7703,1.9824
2021-12-15,2021/2022,Arsenal,West Ham United,2,0,2.81482,0.338855,6.963,6.949,0.014,0.0867,0.94896,0.82298,0.12598,-0.1129,0.1608,-0.0971,0.2629,0.0284,-0.1021,-0.1256,1.4309,1.4311,-0.0002
2021-12-15,2021/2022,Brighton & Hove Albion,Wolverhampton Wanderers,0,1,1.20118,1.11736,6.877,6.955,-0.078,-0.5117,0.1742,0.15116,0.02304,-0.2243,0.0584,0.1051,-0.1435,-0.0604,0.2019,0.1655,1.3962,0.7872,0.609
2021-12-15,2021/2022,Crystal Palace,Southampton,2,2,1.49244,0.625183,6.864,6.867,-0.004,-0.0274,0.20213,-0.28763,0.48976,0.2807,0.0261,0.0332,0.0449,-0.1235,-0.0188,0.1567,1.4528,1.0123,0.4405
2021-12-16,2021/2022,Chelsea,Everton,1,1,3.20239,0.627528,7.098,6.856,0.242,1.5722,1.48771,-0.21511,1.70283,1.5934,0.4234,0.2311,0.0013,-0.0714,0.4221,0.3025,2.1124,0.7721,1.3404
2021-12-16,2021/2022,Liverpool,Newcastle United,3,1,2.93912,0.2064,7.182,6.848,0.333,2.1662,1.74669,-0.47802,2.22472,2.1581,0.6624,0.1521,-0.0877,-0.2571,0.7501,0.4092,3.2659,0.7562,2.5098
2021-12-18,2021/2022,Leeds United,Arsenal,1,4,1.31408,3.69008,6.937,6.97,-0.033,-0.219,0.16203,0.42466,-0.26262,-0.5334,0.1526,-0.2307,0.2193,-0.0612,-0.0668,-0.1695,1.5436,1.5747,-0.0311
2021-12-19,2021/2022,Tottenham Hotspur,Liverpool,2,2,2.79777,1.54944,6.963,7.149,-0.186,-1.215,0.88911,1.50609,-0.61698,-0.9168,0.1296,-0.075,0.6459,0.1624,-0.5163,-0.2374,1.1844,2.1024,-0.918
2021-12-19,2021/2022,Wolverhampton Wanderers,Chelsea,0,0,0.321371,0.793952,6.979,7.156,-0.177,-1.1569,0.3604,1.11512,-0.75472,-1.0659,-0.1327,-0.0537,0.4554,0.2327,-0.588,-0.2864,0.8503,1.6994,-0.8491
2021-12-19,2021/2022,Newcastle United,Manchester City,0,4,0.174208,3.64686,6.838,7.217,-0.379,-2.4736,-0.26682,1.839,-2.10582,-2.5279,-0.108,-0.2387,0.5562,0.4038,-0.6642,-0.6425,0.7169,2.3168,-1.5999
2021-12-26,2021/2022,Brighton & Hove Albion,Brentford,2,0,0.943363,1.10342,6.846,6.929,-0.083,-0.5454,0.08737,0.0436,0.04378,-0.2019,0.0486,0.0973,0.148,0.0275,-0.0994,0.0698,1.2654,1.0625,0.2029
2021-12-26,2021/2022,Aston Villa,Chelsea,1,3,0.474029,2.8285,6.935,7.131,-0.196,-1.2777,0.49487,1.04283,-0.54796,-0.8422,-0.0038,-0.071,0.4232,0.2448,-0.427,-0.3158,0.9535,1.678,-0.7245
2021-12-26,2021/2022,West Ham United,Southampton,2,3,1.53745,1.35643,6.888,6.888,0.001,-0.0005,0.80565,-0.2339,1.03955,0.8756,0.2159,-0.0174,0.0308,-0.1236,0.1851,0.1062,1.7574,1.0494,0.708
2021-12-26,2021/2022,Manchester City,Leicester City,6,3,3.82869,2.43425,7.216,6.889,0.327,2.1235,2.12974,0.2837,1.84604,1.7483,0.5857,0.4137,0.1726,-0.1049,0.4131,0.5186,2.5957,0.7558,1.8399
2021-12-26,2021/2022,Norwich City,Arsenal,0,5,0.154212,2.87539,6.702,6.973,-0.272,-1.7729,-0.73913,0.55915,-1.29828,-1.6541,-0.252,-0.2746,0.3084,-0.0529,-0.5605,-0.2217,0.9928,1.8506,-0.8578
2021-12-26,2021/2022,Tottenham Hotspur,Crystal Palace,3,0,2.82148,0.178324,6.954,6.845,0.11,0.7091,0.95238,-0.07256,1.02494,0.8598,0.1977,-0.0502,0.0279,0.042,0.1699,-0.0922,1.4815,1.0672,0.4143
2021-12-27,2021/2022,Newcastle United,Manchester United,1,1,1.26586,1.75587,6.874,7.081,-0.207,-1.3534,-0.38419,0.83116,-1.21535,-1.5643,-0.1282,-0.2871,0.1963,-0.0725,-0.3245,-0.2146,1.1547,1.6623,-0.5077
2021-12-28,2021/2022,Crystal Palace,Norwich City,3,0,2.38978,0.594134,6.795,6.796,-0.0,-0.0067,0.0688,-1.05384,1.12264,0.9656,-0.0119,-0.0026,-0.2959,-0.3074,0.284,0.3048,1.6816,0.7459,0.9357
2021-12-28,2021/2022,Watford,West Ham United,1,4,1.0143,2.84084,6.724,6.957,-0.233,-1.5182,-0.11323,0.62549,-0.73872,-1.0486,0.0434,-0.2565,0.2045,-0.025,-0.1611,-0.2315,1.3033,1.6304,-0.3271
2021-12-28,2021/2022,Leicester City,Liverpool,1,0,0.615892,2.72682,6.872,7.195,-0.323,-2.1061,0.43191,1.44282,-1.0109,-1.3431,0.2228,-0.1673,0.6226,0.1088,-0.3998,-0.276,1.3496,2.2898,-0.9402
2021-12-28,2021/2022,Southampton,Tottenham Hotspur,1,1,0.353043,2.80917,6.806,6.994,-0.188,-1.2276,0.07809,0.51844,-0.44036,-0.7257,0.0428,-0.1149,0.248,-0.0285,-0.2051,-0.0864,1.3142,1.4701,-0.1559
2021-12-29,2021/2022,Chelsea,Brighton & Hove Albion,1,1,0.763458,0.78663,7.097,6.892,0.205,1.3284,1.39686,0.15124,1.24562,1.0986,0.457,0.257,0.0347,0.0953,0.4222,0.1616,1.841,0.7815,1.0595
2021-12-29,2021/2022,Brentford,Manchester City,0,1,0.238829,1.01763,6.727,7.235,-0.508,-3.3085,-0.01385,2.01824,-2.03209,-2.4481,0.1481,0.047,0.6197,0.3659,-0.4716,-0.3189,0.9473,1.8836,-0.9363
2021-12-30,2021/2022,Manchester United,Burnley,3,1,1.80776,0.871738,6.975,6.876,0.099,0.6418,0.69343,-0.08939,0.78282,0.5978,0.1978,-0.0751,-0.1262,-0.1611,0.324,0.0861,1.8131,0.939,0.8741
2022-01-01,2021/2022,Crystal Palace,West Ham United,2,3,2.69204,2.23146,6.875,6.962,-0.087,-0.5731,0.18575,0.75131,-0.56556,-0.8612,0.0234,0.0001,0.2468,-0.0159,-0.2234,0.0161,1.2881,1.2933,-0.0052
2022-01-01,2021/2022,Arsenal,Manchester City,1,2,0.836949,1.94623,6.989,7.21,-0.22,-1.4378,1.2535,1.93098,-0.67747,-0.9823,0.3436,-0.033,0.5979,0.3857,-0.2543,-0.4187,1.1687,1.9295,-0.7608
2022-01-01,2021/2022,Watford,Tottenham Hotspur,0,1,0.303514,1.93752,6.734,6.991,-0.256,-1.6726,-0.23904,0.46879,-0.70783,-1.0152,0.0268,-0.291,0.297,-0.0003,-0.2702,-0.2907,1.247,1.8563,-0.6093
2022-01-02,2021/2022,Leeds United,Burnley,3,1,2.04186,0.960493,6.878,6.875,0.003,0.0157,0.02754,-0.18484,0.21238,-0.0194,0.1391,-0.2903,-0.1278,-0.1595,0.267,-0.1307,1.6876,1.176,0.5116
2022-01-02,2021/2022,Chelsea,Liverpool,2,2,1.389,1.78897,7.091,7.223,-0.132,-0.8601,1.30026,1.32256,-0.0223,-0.2734,0.417,0.2546,0.6306,0.1342,-0.2136,0.1204,1.6347,1.4795,0.1551
2022-01-02,2021/2022,Everton,Brighton & Hove Albion,2,3,1.82698,1.48397,6.845,6.924,-0.079,-0.5185,0.18467,0.24784,-0.06317,-0.3176,-0.0038,-0.1178,0.0346,0.142,-0.0384,-0.2598,1.0714,1.1757,-0.1043
2022-01-02,2021/2022,Brentford,Aston Villa,2,1,0.501329,1.13821,6.82,6.949,-0.129,-0.8428,0.07341,0.30803,-0.23462,-0.5031,0.1135,0.1134,-0.0236,-0.1084,0.1372,0.2219,1.5386,0.8855,0.6531
2022-01-03,2021/2022,Manchester United,Wolverhampton Wanderers,0,1,0.768752,0.840925,7.004,6.98,0.024,0.1521,0.78887,0.28619,0.50269,0.2947,0.1959,-0.0728,-0.1525,-0.0194,0.3484,-0.0534,1.5563,0.9208,0.6356
2022-01-11,2021/2022,Southampton,Brentford,4,1,1.59306,0.621466,6.829,6.916,-0.087,-0.5725,0.12774,0.04694,0.0808,-0.1618,-0.0063,-0.1542,0.0553,0.103,-0.0615,-0.2572,1.1103,1.246,-0.1357
2022-01-12,2021/2022,West Ham United,Norwich City,2,0,2.89217,0.343347,6.913,6.759,0.154,0.9965,0.80135,-1.17078,1.97213,1.8848,0.2749,-0.0587,-0.2989,-0.327,0.5738,0.2683,2.3267,0.7722,1.5545
2022-01-14,2021/2022,Brighton & Hove Albion,Crystal Palace,1,1,2.18053,0.509681,6.935,6.829,0.106,0.6839,0.32573,-0.14676,0.47249,0.262,0.046,0.1203,0.0931,-0.0285,-0.047,0.1488,1.3654,0.9611,0.4043
2022-01-15,2021/2022,Norwich City,Everton,2,1,1.00153,0.541027,6.765,6.848,-0.083,-0.5442,-0.96686,-0.15797,-0.80889,-1.1245,-0.3153,-0.3464,0.0271,-0.1248,-0.3424,-0.2216,1.0242,1.4673,-0.4432
2022-01-15,2021/2022,Aston Villa,Manchester United,2,2,1.82784,1.35378,6.959,7.016,-0.057,-0.3753,0.3265,0.72877,-0.40227,-0.6845,-0.0158,-0.0762,0.1623,-0.0702,-0.1781,-0.006,1.3124,1.2781,0.0343
2022-01-15,2021/2022,Manchester City,Chelsea,1,0,0.901703,0.613757,7.232,7.138,0.094,0.6074,2.19032,1.08489,1.10544,0.9469,0.5932,0.3952,0.4033,0.2386,0.1899,0.1565,1.8041,0.9971,0.807
2022-01-15,2021/2022,Wolverhampton Wanderers,Southampton,3,1,2.29917,0.91728,6.95,6.829,0.12,0.7794,0.50333,0.01167,0.49167,0.2828,-0.1543,0.0076,0.0127,-0.1364,-0.167,0.144,1.247,0.9909,0.2561
2022-01-15,2021/2022,Newcastle United,Watford,1,1,1.03855,1.49623,6.942,6.79,0.152,0.9866,-0.28882,-0.59846,0.30964,0.0858,-0.1211,-0.2873,-0.0243,-0.2911,-0.0968,0.0038,1.5105,1.2776,0.2329
2022-01-16,2021/2022,Liverpool,Brentford,3,0,3.49099,0.376656,7.111,6.845,0.265,1.724,1.5933,-0.09035,1.68365,1.5726,0.6337,0.1432,0.03,0.0805,0.6037,0.0628,2.2459,0.8652,1.3807
2022-01-16,2021/2022,West Ham United,Leeds United,2,3,2.3549,2.26884,6.915,6.888,0.027,0.1748,0.80545,-0.01957,0.82502,0.6435,0.296,-0.0498,0.1563,-0.2828,0.1397,0.233,2.2396,1.2249,1.0147
2022-01-18,2021/2022,Brighton & Hove Albion,Chelsea,1,1,0.747557,0.572994,6.908,7.111,-0.203,-1.3261,0.2734,1.09954,-0.82614,-1.1432,0.0808,0.1305,0.3885,0.2813,-0.3077,-0.1507,0.9996,1.3262,-0.3266
2022-01-19,2021/2022,Leicester City,Tottenham Hotspur,2,3,1.95031,4.24711,6.965,6.954,0.011,0.0649,0.55217,0.50474,0.04744,-0.1979,0.1831,-0.1852,0.2978,0.0261,-0.1147,-0.2113,1.4659,1.6191,-0.1531
2022-01-19,2021/2022,Brentford,Manchester United,1,3,2.081,2.05969,6.863,7.036,-0.173,-1.1327,0.0118,0.68242,-0.67061,-0.9749,0.011,-0.01,0.1634,-0.0867,-0.1523,0.0767,1.3516,1.2142,0.1374
2022-01-21,2021/2022,Watford,Norwich City,0,3,1.30606,0.925212,6.936,6.769,0.167,1.0827,-0.24986,-1.09812,0.84825,0.6686,-0.0135,-0.2753,-0.3137,-0.318,0.3002,0.0427,1.7309,0.9434,0.7875
2022-01-22,2021/2022,Brentford,Wolverhampton Wanderers,1,2,0.742573,0.218211,6.86,6.956,-0.095,-0.625,-0.08805,0.46293,-0.55098,-0.8454,0.0496,-0.0444,-0.1056,0.0092,0.1552,-0.0536,1.2883,0.9514,0.3368
2022-01-22,2021/2022,Leeds United,Newcastle United,0,1,1.12992,1.15904,6.921,6.937,-0.016,-0.108,0.21914,-0.48898,0.70812,0.517,0.199,-0.2848,-0.1441,-0.2899,0.3431,0.0051,2.0366,1.1534,0.8833
2022-01-22,2021/2022,Southampton,Manchester City,1,1,1.00222,1.62907,6.883,7.233,-0.351,-2.2864,0.19426,1.96016,-1.7659,-2.1601,0.0098,-0.1632,0.5595,0.4045,-0.5497,-0.5677,0.8088,2.1481,-1.3394
2022-01-22,2021/2022,Everton,Aston Villa,0,1,1.2384,0.860245,6.854,7.03,-0.176,-1.1468,0.02537,0.24278,-0.21741,-0.4845,-0.0123,-0.1232,0.0118,-0.0776,-0.0241,-0.0456,1.3081,1.1688,0.1393
2022-01-22,2021/2022,Manchester United,West Ham United,1,0,1.75857,0.238027,7.062,6.98,0.082,0.5302,0.71857,0.72614,-0.00758,-0.2574,0.1863,-0.1108,0.299,-0.081,-0.1127,-0.0298,1.651,1.4919,0.1591
2022-01-23,2021/2022,Crystal Palace,Liverpool,1,3,1.62615,1.49697,6.819,7.112,-0.293,-1.9123,0.17148,1.38551,-1.21402,-1.5629,0.0759,-0.0542,0.6644,0.1534,-0.5885,-0.2076,1.1183,2.1247,-1.0064
2022-01-23,2021/2022,Chelsea,Tottenham Hotspur,2,0,1.04212,0.328818,7.142,6.913,0.229,1.4855,1.26231,0.59273,0.66958,0.4753,0.3642,0.286,0.4139,0.0102,-0.0496,0.2759,1.8324,1.1059,0.7265
2022-01-23,2021/2022,Leicester City,Brighton & Hove Albion,1,1,1.70979,1.19738,6.96,6.923,0.036,0.2332,0.46418,0.3465,0.11769,-0.1219,0.2034,-0.2684,0.0695,0.1548,0.1339,-0.4231,1.3195,1.396,-0.0765
2022-01-23,2021/2022,Arsenal,Burnley,0,0,1.35507,0.388963,6.978,6.909,0.069,0.4463,1.21455,-0.29939,1.51394,1.389,0.3271,-0.0334,-0.1365,-0.1696,0.4636,0.1362,2.0735,0.8948,1.1787
2022-02-05,2021/2022,Burnley,Watford,0,0,0.765905,0.933965,6.969,6.807,0.162,1.0503,-0.10363,-0.65979,0.55616,0.3526,-0.1566,-0.1413,-0.0345,-0.2726,-0.1221,0.1313,1.4327,1.0915,0.3412
2022-02-08,2021/2022,Burnley,Manchester United,1,1,0.772721,1.83387,6.968,7.015,-0.048,-0.3139,-0.1625,0.83966,-1.00215,-1.3336,-0.1876,-0.1365,0.1897,-0.0633,-0.3773,-0.0732,1.0989,1.3937,-0.2948
2022-02-08,2021/2022,West Ham United,Watford,1,0,0.905143,0.335474,6.946,6.861,0.084,0.546,0.63249,-0.60092,1.23341,1.0854,0.2495,-0.0845,-0.0407,-0.2514,0.2902,0.1669,2.086,1.0344,1.0516
2022-02-08,2021/2022,Newcastle United,Everton,3,1,2.68732,0.823607,6.95,6.847,0.103,0.6667,-0.25163,-0.32242,0.07078,-0.1726,-0.1426,-0.2564,-0.0157,-0.1138,-0.1269,-0.1426,1.231,1.2568,-0.0258
2022-02-09,2021/2022,Aston Villa,Leeds United,3,3,1.5013,2.52914,7.032,6.92,0.112,0.7254,0.42217,0.02112,0.40105,0.1847,-0.0002,-0.075,0.148,-0.2825,-0.1482,0.2075,1.6818,1.2333,0.4484
2022-02-09,2021/2022,Norwich City,Crystal Palace,1,1,0.296411,1.22883,6.766,6.853,-0.087,-0.5735,-0.7527,-0.14388,-0.60882,-0.908,-0.3119,-0.3019,0.101,-0.0254,-0.4128,-0.2764,0.93,1.5119,-0.5819
2022-02-09,2021/2022,Manchester City,Brentford,2,0,1.98246,0.461305,7.234,6.807,0.426,2.7721,2.09969,-0.28987,2.38956,2.3365,0.5404,0.3957,0.0223,-0.0205,0.5181,0.4162,2.3071,0.6543,1.6528
2022-02-09,2021/2022,Tottenham Hotspur,Southampton,2,3,1.74286,1.73293,7.011,6.859,0.151,0.9806,1.05471,-0.01852,1.07322,0.9121,0.3813,0.0406,0.0176,-0.14,0.3637,0.1806,2.146,0.9599,1.1861
2022-02-10,2021/2022,Liverpool,Leicester City,2,0,2.72997,0.544954,7.107,6.932,0.175,1.1338,1.74211,0.20161,1.54049,1.4177,0.6399,0.137,0.2174,-0.2604,0.4224,0.3974,3.1436,1.0615,2.0821
2022-02-10,2021/2022,Wolverhampton Wanderers,Arsenal,0,1,0.641359,1.45247,6.965,6.97,-0.005,-0.0343,0.64308,0.60932,0.03376,-0.2127,-0.1284,0.0252,0.2924,-0.0226,-0.4208,0.0478,1.1251,1.3071,-0.182
2022-02-12,2021/2022,Everton,Leeds United,3,0,2.58561,0.242668,6.862,6.912,-0.051,-0.3356,-0.12744,0.06736,-0.1948,-0.46,-0.0345,-0.1542,0.1978,-0.2744,-0.2324,0.1202,1.581,1.4307,0.1503
2022-02-12,2021/2022,Brentford,Crystal Palace,0,0,1.97576,0.49802,6.826,6.837,-0.011,-0.0781,-0.10829,-0.20657,0.09829,-0.1429,0.0157,-0.0,0.0876,-0.0115,-0.0719,0.0115,1.2842,1.0931,0.191
2022-02-12,2021/2022,Norwich City,Manchester City,0,4,0.356755,4.44653,6.776,7.155,-0.379,-2.4683,-0.69001,1.81606,-2.50606,-2.961,-0.3388,-0.2912,0.5275,0.3966,-0.8663,-0.6878,0.5733,2.3723,-1.799
2022-02-12,2021/2022,Watford,Brighton & Hove Albion,0,2,0.532979,1.80456,6.851,6.953,-0.102,-0.6687,-0.33929,0.36272,-0.70201,-1.0089,-0.0698,-0.2037,0.0595,0.1405,-0.1294,-0.3442,1.0018,1.3172,-0.3154
2022-02-12,2021/2022,Manchester United,Southampton,1,1,2.99207,0.677386,7.049,6.863,0.186,1.2069,0.74744,0.1032,0.64424,0.4479,0.2026,-0.0536,0.0493,-0.123,0.1532,0.0694,1.7719,1.0842,0.6876
2022-02-13,2021/2022,Tottenham Hotspur,Wolverhampton Wanderers,0,2,0.838197,1.87026,6.969,6.976,-0.007,-0.0524,0.93299,0.45509,0.4779,0.2679,0.3588,0.0232,-0.1492,0.0206,0.508,0.0026,1.7534,0.8425,0.9109
2022-02-13,2021/2022,Leicester City,West Ham United,2,2,1.40693,0.745068,6.962,6.954,0.008,0.0472,0.41379,0.6202,-0.20641,-0.4726,0.1941,-0.2377,0.1984,-0.0658,-0.0043,-0.1719,1.6243,1.5454,0.079
2022-02-13,2021/2022,Burnley,Liverpool,0,1,1.16081,1.95722,6.945,7.186,-0.241,-1.5714,-0.07668,1.49385,-1.57053,-1.9487,-0.2019,-0.1478,0.6179,0.1506,-0.8198,-0.2984,0.8547,2.2132,-1.3585
2022-02-13,2021/2022,Newcastle United,Aston Villa,1,0,0.527571,0.455206,6.923,7.043,-0.12,-0.788,-0.13337,0.28592,-0.41929,-0.7029,-0.0775,-0.244,-0.0101,-0.1086,-0.0674,-0.1354,1.2726,1.2819,-0.0093
2022-02-15,2021/2022,Manchester United,Brighton & Hove Albion,2,0,2.74936,1.26179,6.992,6.974,0.017,0.1093,0.68228,0.46137,0.22091,-0.0102,0.2539,-0.0418,0.0774,0.1515,0.1765,-0.1933,1.3893,1.1244,0.2648
2022-02-19,2021/2022,Manchester City,Tottenham Hotspur,2,3,2.31773,2.00235,7.237,7.047,0.19,1.2306,2.12492,0.325,1.79992,1.6984,0.5727,0.3975,0.3143,0.0023,0.2584,0.3952,2.2642,0.8997,1.3645
2022-02-19,2021/2022,Aston Villa,Watford,0,1,1.0267,1.82051,7.042,6.825,0.218,1.4128,0.30717,-0.6369,0.94407,0.7723,-0.0426,-0.0873,-0.0886,-0.2147,0.0461,0.1274,1.5256,0.9732,0.5524
2022-02-19,2021/2022,Southampton,Everton,2,0,2.72851,0.19991,6.891,6.87,0.021,0.1303,0.4328,-0.34661,0.77941,0.5942,0.0308,-0.1629,0.0217,-0.1141,0.0091,-0.0489,1.4501,1.1999,0.2502
2022-02-19,2021/2022,Arsenal,Brentford,2,1,1.52247,0.640726,6.975,6.83,0.146,0.9442,1.16643,-0.2538,1.42023,1.2876,0.2951,-0.0097,0.0472,0.019,0.2479,-0.0287,1.6782,1.0404,0.6378
2022-02-19,2021/2022,Crystal Palace,Chelsea,0,1,0.624023,1.12339,6.844,7.084,-0.241,-1.5696,0.06467,1.08962,-1.02496,-1.3583,0.0647,-0.0317,0.3293,0.3082,-0.2646,-0.3399,0.9533,1.4766,-0.5234
2022-02-19,2021/2022,Brighton & Hove Albion,Burnley,0,3,0.44587,0.821228,6.939,6.927,0.012,0.0738,0.35028,-0.13513,0.48541,0.276,0.0821,0.1026,-0.1868,-0.136,0.2689,0.2386,1.5586,0.7477,0.8109
2022-02-19,2021/2022,Liverpool,Norwich City,3,1,3.15449,0.66975,7.15,6.777,0.373,2.4241,1.75341,-0.97824,2.73165,2.7066,0.6053,0.1421,-0.3442,-0.3735,0.9496,0.5156,3.4819,0.5882,2.8937
2022-02-19,2021/2022,West Ham United,Newcastle United,1,1,0.847948,0.932574,6.936,6.854,0.082,0.5272,0.58482,-0.22906,0.81388,0.6315,0.1673,-0.057,-0.1147,-0.2216,0.282,0.1645,1.8642,0.9349,0.9293
2022-02-20,2021/2022,Leeds United,Manchester United,2,4,1.74476,2.60999,6.881,7.045,-0.164,-1.0727,0.04358,0.78662,-0.74304,-1.0533,0.149,-0.3022,0.305,-0.0455,-0.156,-0.2567,1.4906,1.8717,-0.3811
2022-02-20,2021/2022,Wolverhampton Wanderers,Leicester City,2,1,0.472777,1.55048,7.004,6.898,0.106,0.6848,0.64243,0.16823,0.4742,0.2639,-0.1118,0.0553,0.1812,-0.2127,-0.2931,0.268,1.4018,1.1201,0.2817
2022-02-23,2021/2022,Burnley,Tottenham Hotspur,1,0,1.55576,0.691655,6.947,7.066,-0.119,-0.7777,0.0797,0.46049,-0.38079,-0.6613,-0.1829,-0.1017,0.3483,-0.0002,-0.5312,-0.1015,1.0277,1.5908,-0.5631
2022-02-23,2021/2022,Watford,Crystal Palace,1,4,1.71917,0.818403,6.845,6.884,-0.039,-0.258,-0.35886,-0.19039,-0.16846,-0.4315,-0.0529,-0.1979,0.0502,-0.0196,-0.1032,-0.1783,1.2048,1.2877,-0.083
2022-02-23,2021/2022,Liverpool,Leeds United,6,0,5.3303,0.141547,7.184,6.885,0.299,1.9454,1.68255,-0.13845,1.82099,1.7212,0.5907,0.1394,0.1609,-0.3251,0.4298,0.4646,3.2408,0.9859,2.2549
2022-02-24,2021/2022,Arsenal,Wolverhampton Wanderers,2,1,2.50961,1.10934,6.969,6.999,-0.03,-0.1989,1.11851,0.62283,0.49568,0.2871,0.2869,0.0003,-0.1575,0.0436,0.4444,-0.0433,1.5905,0.8571,0.7333
2022-02-25,2021/2022,Southampton,Norwich City,2,0,3.08863,0.424877,6.9,6.779,0.121,0.787,0.52839,-0.90738,1.43576,1.3044,0.0906,-0.1371,-0.338,-0.3547,0.4286,0.2176,1.982,0.8063,1.1757
2022-02-26,2021/2022,Brentford,Newcastle United,0,2,0.494232,2.25373,6.836,6.856,-0.021,-0.1379,-0.09007,-0.15326,0.06319,-0.1809,0.0289,0.0259,-0.1138,-0.1848,0.1426,0.2107,1.5457,0.8719,0.6738
2022-02-26,2021/2022,Leeds United,Tottenham Hotspur,0,4,1.89569,2.47025,6.861,7.024,-0.163,-1.0677,-0.15455,0.35874,-0.51329,-0.8046,0.1255,-0.424,0.3096,-0.0124,-0.1841,-0.4116,1.4086,2.1235,-0.7149
2022-02-26,2021/2022,Brighton & Hove Albion,Aston Villa,0,2,0.627107,1.3027,6.937,7.026,-0.089,-0.5815,0.20562,0.10371,0.10191,-0.139,0.0265,0.1003,-0.0637,-0.1052,0.0902,0.2055,1.4126,0.8579,0.5548
2022-02-26,2021/2022,Everton,Manchester City,0,1,0.770819,1.93422,6.851,7.239,-0.388,-2.5297,-0.05005,1.83141,-1.88147,-2.2851,-0.0223,-0.1546,0.5694,0.3598,-0.5917,-0.5144,0.8154,2.1606,-1.3451
2022-02-26,2021/2022,Manchester United,Watford,0,0,2.41457,0.437185,7.076,6.791,0.284,1.8471,0.86131,-0.60891,1.47022,1.3417,0.3328,-0.0545,-0.0287,-0.1838,0.3615,0.1293,2.1701,0.992,1.1781
2022-02-26,2021/2022,Crystal Palace,Burnley,1,1,1.03765,0.255988,6.897,6.939,-0.042,-0.2781,0.15899,0.07737,0.08162,-0.1609,0.0299,-0.0338,-0.1572,-0.0731,0.1871,0.0393,1.3802,0.8884,0.4918
2022-02-27,2021/2022,West Ham United,Wolverhampton Wanderers,1,0,1.62241,0.892018,6.965,6.917,0.048,0.306,0.50901,0.56794,-0.05893,-0.313,0.1244,-0.0565,-0.1473,0.0108,0.2717,-0.0673,1.4099,0.9081,0.5018
2022-03-01,2021/2022,Burnley,Leicester City,0,2,1.04214,1.79558,6.951,6.882,0.07,0.4487,0.18914,0.11166,0.07747,-0.1654,-0.1779,-0.063,0.196,-0.1866,-0.3738,0.1236,1.2729,1.285,-0.0121
2022-03-05,2021/2022,Burnley,Chelsea,0,4,0.849232,2.2868,6.93,6.988,-0.058,-0.3822,0.06732,1.08595,-1.01863,-1.3515,-0.1878,-0.076,0.316,0.3146,-0.5039,-0.3905,0.752,1.4903,-0.7384
2022-03-05,2021/2022,Leicester City,Leeds United,1,0,0.359129,2.14389,6.888,6.861,0.026,0.1663,0.4841,-0.38652,0.87062,0.6928,0.2151,-0.1793,0.1486,-0.4319,0.0665,0.2527,2.3975,1.3838,1.0138
2022-03-05,2021/2022,Liverpool,West Ham United,1,0,2.18865,1.33829,7.198,6.929,0.269,1.7464,1.83417,0.60187,1.23231,1.0842,0.6537,0.1621,0.1312,-0.0556,0.5225,0.2177,2.6264,0.9391,1.6873
2022-03-05,2021/2022,Wolverhampton Wanderers,Crystal Palace,0,2,0.710865,2.53759,6.987,6.882,0.105,0.68,0.60338,-0.06211,0.66549,0.4709,-0.1466,0.0039,0.0129,-0.0198,-0.1594,0.0238,1.1163,0.9965,0.1199
2022-03-05,2021/2022,Newcastle United,Brighton & Hove Albion,2,1,1.58028,1.64995,6.866,6.949,-0.083,-0.5456,0.10129,0.16903,-0.06774,-0.3225,-0.0687,-0.1528,-0.0114,0.089,-0.0573,-0.2418,1.0582,1.1634,-0.1052
2022-03-05,2021/2022,Norwich City,Brentford,1,3,0.77334,2.22064,6.801,6.922,-0.121,-0.7918,-0.78809,-0.28686,-0.50123,-0.7916,-0.3523,-0.3849,-0.0281,-0.009,-0.3242,-0.376,0.875,1.4497,-0.5747
2022-03-05,2021/2022,Aston Villa,Southampton,4,0,2.85379,1.32947,7.013,6.87,0.144,0.9329,0.27012,0.27173,-0.0016,-0.251,-0.0501,-0.0799,0.1459,-0.1293,-0.196,0.0493,1.3779,1.2321,0.1458
2022-03-06,2021/2022,Watford,Arsenal,2,3,1.29603,1.00457,6.803,6.969,-0.166,-1.0837,-0.42491,0.70131,-1.12621,-1.4679,-0.0538,-0.1919,0.3235,-0.005,-0.3773,-0.1869,1.1685,1.708,-0.5394
2022-03-06,2021/2022,Manchester City,Manchester United,4,1,2.74434,0.361782,7.246,7.045,0.201,1.3062,1.93638,0.81375,1.12263,0.9655,0.5587,0.3579,0.3398,-0.0397,0.219,0.3976,2.3318,0.9588,1.373
2022-03-07,2021/2022,Tottenham Hotspur,Everton,5,0,3.24279,0.208263,7.049,6.848,0.2,1.3002,0.92189,-0.38913,1.31102,1.1694,0.3231,-0.0274,-0.0239,-0.1432,0.347,0.1158,2.0431,0.9799,1.0632
2022-03-10,2021/2022,Southampton,Newcastle United,1,2,1.79835,0.812233,6.905,6.877,0.028,0.1792,0.48784,0.02752,0.46032,0.2489,0.1486,-0.1708,-0.0461,-0.1628,0.1947,-0.008,1.7144,1.1292,0.5852
2022-03-10,2021/2022,Wolverhampton Wanderers,Watford,4,0,1.55037,0.498696,6.993,6.818,0.175,1.1357,0.47006,-0.4925,0.96256,0.7923,-0.1616,-0.0324,-0.0466,-0.1672,-0.115,0.1348,1.285,0.9656,0.3194
2022-03-10,2021/2022,Leeds United,Aston Villa,0,3,0.194028,1.2729,6.859,7.036,-0.177,-1.1555,-0.31102,0.32609,-0.63712,-0.9386,0.183,-0.3561,0.0193,-0.082,0.1637,-0.2741,1.597,1.4867,0.1103
2022-03-10,2021/2022,Norwich City,Chelsea,1,3,0.965723,2.1308,6.773,7.01,-0.237,-1.5446,-0.89393,1.22414,-2.11808,-2.5411,-0.354,-0.4004,0.339,0.3097,-0.6929,-0.71,0.6265,2.1547,-1.5281
2022-03-12,2021/2022,Manchester United,Tottenham Hotspur,3,2,1.0181,1.62374,7.021,7.086,-0.065,-0.4279,0.67846,0.60135,0.07711,-0.1658,0.318,-0.0604,0.3685,-0.0095,-0.0505,-0.0508,1.723,1.5476,0.1753
2022-03-12,2021/2022,Brentford,Burnley,2,0,1.82002,0.825311,6.938,6.915,0.023,0.1456,-0.14099,-0.08444,-0.05655,-0.3104,0.0047,-0.0063,-0.1827,-0.0997,0.1874,0.0933,1.3929,0.8361,0.5567
2022-03-12,2021/2022,Brighton & Hove Albion,Liverpool,0,2,0.629316,2.48312,6.933,7.203,-0.27,-1.7619,0.02396,1.46798,-1.44402,-1.8118,0.0065,0.0734,0.6343,0.1498,-0.6279,-0.0763,1.05,1.8098,-0.7598
2022-03-13,2021/2022,Chelsea,Newcastle United,1,0,1.07072,0.246037,7.085,6.839,0.246,1.5988,1.44104,0.13207,1.30897,1.1672,0.3353,0.3005,-0.0597,-0.1642,0.3949,0.4646,2.1234,0.6775,1.446
2022-03-13,2021/2022,Southampton,Watford,1,2,1.25696,1.29385,6.858,6.801,0.057,0.3657,0.3833,-0.63149,1.01479,0.8489,0.1516,-0.1615,-0.0656,-0.1726,0.2172,0.011,1.7423,1.0933,0.649
2022-03-13,2021/2022,Leeds United,Norwich City,2,1,3.11755,1.40148,6.893,6.726,0.167,1.0829,-0.43888,-1.02656,0.58768,0.3867,0.1034,-0.3476,-0.3368,-0.3961,0.4401,0.0484,2.1035,0.9911,1.1124
2022-03-13,2021/2022,Arsenal,Leicester City,2,0,2.93665,0.54911,6.974,6.895,0.079,0.5097,1.16186,0.24527,0.91659,0.7426,0.2957,-0.0087,0.0952,-0.1985,0.2004,0.1899,2.0707,1.0992,0.9715
2022-03-13,2021/2022,West Ham United,Aston Villa,2,1,1.58468,1.05391,6.953,7.04,-0.086,-0.5658,0.61732,0.45395,0.16338,-0.0724,0.1426,-0.0314,0.0103,-0.0326,0.1323,0.0012,1.4758,1.0534,0.4223
2022-03-13,2021/2022,Everton,Wolverhampton Wanderers,0,1,0.397268,0.712135,6.808,6.981,-0.172,-1.1269,-0.06839,0.48319,-0.55159,-0.8461,-0.0563,-0.1901,-0.149,-0.0212,0.0927,-0.1689,1.1837,1.0637,0.12
2022-03-14,2021/2022,Crystal Palace,Manchester City,0,0,0.474002,2.04021,6.896,7.246,-0.351,-2.2857,0.23633,1.82978,-1.59345,-1.9735,0.0724,-0.0087,0.5686,0.3745,-0.4962,-0.3832,0.8873,1.8574,-0.9702
2022-03-16,2021/2022,Brighton & Hove Albion,Tottenham Hotspur,0,2,1.04171,2.05196,6.987,7.064,-0.077,-0.5043,-0.0349,0.51954,-0.55444,-0.8492,-0.0132,0.0422,0.3683,0.0169,-0.3815,0.0253,1.2032,1.3983,-0.1951
2022-03-16,2021/2022,Arsenal,Liverpool,0,2,0.534265,1.27681,6.981,7.176,-0.195,-1.2721,1.25152,1.52683,-0.27531,-0.5471,0.3331,0.0066,0.6436,0.1611,-0.3105,-0.1545,1.4521,1.9352,-0.4832
2022-03-17,2021/2022,Everton,Newcastle United,1,0,0.708809,0.75803,6.843,6.851,-0.008,-0.0533,-0.11873,0.1697,-0.28842,-0.5613,-0.0939,-0.1803,-0.0731,-0.1224,-0.0207,-0.0579,1.2865,1.1142,0.1723
2022-03-18,2021/2022,Wolverhampton Wanderers,Leeds United,2,3,1.24075,2.82103,6.996,6.876,0.12,0.7757,0.64261,-0.45795,1.10056,0.9417,-0.16,0.0013,0.1552,-0.352,-0.3152,0.3534,1.5382,1.1499,0.3882
2022-03-19,2021/2022,Aston Villa,Arsenal,0,1,0.309375,1.14522,7.025,6.98,0.044,0.2846,0.45397,0.66858,-0.21462,-0.4815,0.0102,-0.0359,0.2907,0.0359,-0.2805,-0.0718,1.2261,1.379,-0.1529
2022-03-20,2021/2022,Leicester City,Brentford,2,1,1.27865,1.72466,6.929,6.91,0.018,0.1137,0.44202,-0.10013,0.54215,0.3374,0.0744,-0.2293,0.025,-0.006,0.0494,-0.2233,1.3591,1.287,0.0722
2022-03-20,2021/2022,Tottenham Hotspur,West Ham United,3,1,2.54795,0.644964,7.067,6.945,0.122,0.7908,1.08362,0.68295,0.40067,0.1843,0.3863,0.0212,0.1459,-0.0311,0.2404,0.0523,1.9275,1.1165,0.8109
2022-04-02,2021/2022,Manchester United,Leicester City,1,1,0.902127,1.07638,7.038,6.961,0.077,0.4945,0.76027,0.1897,0.57057,0.3682,0.2818,-0.0625,0.0707,-0.2385,0.2111,0.176,2.125,1.1322,0.9928
2022-04-02,2021/2022,Leeds United,Southampton,1,1,1.50715,2.06387,6.903,6.898,0.005,0.0273,-0.31008,-0.02822,-0.28185,-0.5542,0.2192,-0.3408,0.1281,-0.165,0.0911,-0.1758,1.8388,1.5976,0.2412
2022-04-02,2021/2022,Burnley,Manchester City,0,2,0.0591223,1.62008,6.891,7.235,-0.344,-2.2445,-0.15177,1.72089,-1.87266,-2.2756,-0.1814,-0.1111,0.5682,0.3838,-0.7496,-0.4949,0.6825,2.0551,-1.3726
2022-04-02,2021/2022,Brighton & Hove Albion,Norwich City,0,0,2.38297,0.494112,6.958,6.806,0.153,0.9889,-0.13894,-1.0738,0.93486,0.7624,-0.0206,0.019,-0.3129,-0.4258,0.2923,0.4447,1.9109,0.7047,1.2063
2022-04-02,2021/2022,Chelsea,Brentford,1,4,1.29014,2.43422,7.064,6.918,0.146,0.9452,1.40341,-0.15125,1.55466,1.433,0.2913,0.307,0.0445,-0.0029,0.2468,0.3099,1.7089,0.756,0.953
2022-04-02,2021/2022,Liverpool,Watford,2,0,2.23651,0.753307,7.131,6.831,0.301,1.9541,1.91893,-0.51113,2.43007,2.3803,0.6178,0.1963,-0.0558,-0.1548,0.6737,0.3511,2.8088,0.7499,2.0589
2022-04-02,2021/2022,Wolverhampton Wanderers,Aston Villa,2,1,1.62151,1.91256,6.93,6.992,-0.062,-0.4075,0.52027,0.32741,0.19286,-0.0405,-0.1728,-0.0458,-0.0302,-0.0283,-0.1425,-0.0175,1.0751,1.0233,0.0518
2022-04-03,2021/2022,Tottenham Hotspur,Newcastle United,5,1,3.6081,0.538152,7.075,6.899,0.176,1.1406,1.19269,0.07141,1.12128,0.9641,0.4111,0.0334,-0.0867,-0.1068,0.4979,0.1401,2.145,0.8685,1.2765
2022-04-03,2021/2022,West Ham United,Everton,2,1,1.49657,0.657846,6.938,6.861,0.077,0.4975,0.62172,-0.50406,1.12578,0.9689,0.1286,-0.0558,-0.1211,-0.17,0.2497,0.1142,1.7024,0.9283,0.7741
2022-04-04,2021/2022,Crystal Palace,Arsenal,3,0,1.39707,1.05199,6.861,6.98,-0.118,-0.7745,0.34521,0.74272,-0.39751,-0.6794,0.0538,-0.0163,0.2798,0.0623,-0.226,-0.0786,1.2234,1.3638,-0.1404
2022-04-06,2021/2022,Burnley,Everton,3,2,2.24439,2.31574,6.873,6.876,-0.003,-0.0242,-0.1692,-0.48682,0.31762,0.0945,-0.2048,-0.0928,-0.1305,-0.1611,-0.0743,0.0684,1.1975,0.9634,0.2341
2022-04-08,2021/2022,Newcastle United,Wolverhampton Wanderers,1,0,1.43878,0.306867,6.923,6.933,-0.009,-0.0643,0.12835,0.50224,-0.37389,-0.6538,-0.0993,-0.1618,-0.1488,-0.0682,0.0495,-0.0936,1.2117,1.0143,0.1974
2022-04-09,2021/2022,Arsenal,Brighton & Hove Albion,1,2,2.35153,0.596106,6.979,6.965,0.014,0.09,1.09239,-0.08346,1.17585,1.0231,0.2669,0.0567,0.0036,0.0228,0.2632,0.0339,1.6002,0.9468,0.6534
2022-04-09,2021/2022,Aston Villa,Tottenham Hotspur,0,4,1.48712,0.983601,7.026,7.086,-0.06,-0.3928,0.32955,0.78742,-0.45787,-0.7447,0.0014,-0.0416,0.4696,0.0401,-0.4683,-0.0817,1.1953,1.6794,-0.4841
2022-04-09,2021/2022,Watford,Leeds United,0,3,1.07422,0.895612,6.818,6.899,-0.081,-0.5301,-0.38752,-0.31234,-0.07517,-0.3306,-0.0552,-0.1268,0.1995,-0.3514,-0.2547,0.2246,1.6667,1.3994,0.2673
2022-04-09,2021/2022,Everton,Manchester United,1,0,0.357295,0.762357,6.885,7.042,-0.157,-1.0275,-0.05408,0.71138,-0.76546,-1.0775,-0.0806,-0.1872,0.2196,-0.0605,-0.3002,-0.1267,1.2037,1.5306,-0.3269
2022-04-09,2021/2022,Southampton,Chelsea,0,6,0.564726,4.39683,6.899,7.036,-0.137,-0.893,0.23968,1.07965,-0.83997,-1.1581,0.1477,-0.151,0.2755,0.2643,-0.1278,-0.4153,1.0956,1.5571,-0.4615
2022-04-10,2021/2022,Brentford,West Ham United,2,0,1.85534,0.244824,6.97,6.968,0.003,0.013,0.0494,0.56238,-0.51298,-0.8043,0.0987,0.0159,0.1193,-0.0495,-0.0206,0.0654,1.4518,1.1086,0.3431
2022-04-10,2021/2022,Manchester City,Liverpool,2,2,1.34647,1.29983,7.222,7.193,0.029,0.1845,1.99235,1.60711,0.38524,0.1676,0.5521,0.3953,0.5962,0.1945,-0.0442,0.2008,1.7955,1.2184,0.5771
2022-04-10,2021/2022,Norwich City,Burnley,2,0,1.6723,1.44652,6.757,6.878,-0.121,-0.7913,-0.8542,-0.17226,-0.68194,-0.9871,-0.3183,-0.4363,-0.1523,-0.1198,-0.166,-0.3165,1.0114,1.3479,-0.3364
2022-04-10,2021/2022,Leicester City,Crystal Palace,2,1,0.879235,1.52767,6.911,6.868,0.044,0.2814,0.5331,0.23955,0.29355,0.0684,0.068,-0.1898,0.0619,-0.0063,0.0062,-0.1835,1.355,1.2796,0.0755
2022-04-16,2021/2022,Southampton,Arsenal,1,0,1.04007,1.35002,6.78,6.924,-0.143,-0.9375,0.08075,0.51642,-0.43567,-0.7207,0.1251,-0.2443,0.2929,0.0645,-0.1678,-0.3088,1.307,1.7408,-0.4338
2022-04-16,2021/2022,Watford,Brentford,1,2,1.50381,2.12457,6.793,6.98,-0.187,-1.2198,-0.52489,0.09057,-0.61546,-0.9152,-0.0919,-0.1125,0.1194,0.0421,-0.2113,-0.1545,1.0704,1.2894,-0.219
2022-04-16,2021/2022,Manchester United,Norwich City,3,2,1.66737,1.79754,7.026,6.766,0.259,1.6847,0.62437,-0.90231,1.52668,1.4028,0.1926,-0.0358,-0.2793,-0.4348,0.4719,0.399,2.4173,0.7601,1.6572
2022-04-16,2021/2022,Tottenham Hotspur,Brighton & Hove Albion,0,1,0.58624,0.711155,7.077,6.984,0.093,0.6002,1.42625,0.04055,1.3857,1.2502,0.4399,0.0314,-0.0089,-0.0069,0.4488,0.0383,1.9781,0.95,1.0281
2022-04-17,2021/2022,Newcastle United,Leicester City,2,1,2.54294,0.541084,6.904,6.873,0.031,0.196,0.22985,0.29581,-0.06596,-0.3206,-0.087,-0.1459,0.0482,-0.1944,-0.1352,0.0485,1.3985,1.2099,0.1886
2022-04-17,2021/2022,West Ham United,Burnley,1,1,2.79175,1.88137,6.919,6.895,0.024,0.1512,0.51737,-0.30585,0.82321,0.6415,0.0931,-0.062,-0.1465,-0.1332,0.2397,0.0712,1.5738,0.9164,0.6573
2022-04-19,2021/2022,Liverpool,Manchester United,4,0,2.25967,0.110227,7.204,7.06,0.144,0.9332,1.90004,0.55968,1.34036,1.2011,0.5931,0.2138,0.1597,-0.0553,0.4334,0.2691,2.4346,0.9313,1.5033
2022-04-20,2021/2022,Chelsea,Arsenal,2,4,0.593801,1.87331,7.088,6.923,0.165,1.0703,1.35465,0.41272,0.94193,0.77,0.3632,0.2799,0.2745,0.0724,0.0886,0.2075,1.7069,0.9753,0.7315
2022-04-20,2021/2022,Manchester City,Brighton & Hove Albion,3,0,1.52844,0.117354,7.24,6.947,0.293,1.902,1.94752,0.16885,1.77868,1.6754,0.531,0.3885,-0.018,0.0554,0.549,0.3332,2.0851,0.6431,1.4419
2022-04-20,2021/2022,Everton,Leicester City,1,1,1.68819,0.786333,6.89,6.966,-0.077,-0.5034,0.05986,0.20695,-0.14709,-0.4084,-0.1235,-0.16,0.0232,-0.2242,-0.1468,0.0642,1.3713,1.2122,0.1591
2022-04-20,2021/2022,Newcastle United,Crystal Palace,1,0,0.767855,0.432788,6.931,6.876,0.056,0.3578,0.31871,0.17028,0.14843,-0.0886,-0.0247,-0.128,0.0729,0.0086,-0.0976,-0.1367,1.2184,1.2145,0.0039
2022-04-21,2021/2022,Burnley,Southampton,2,0,2.14743,1.31837,6.897,6.789,0.109,0.7032,-0.13966,-0.09995,-0.03971,-0.2922,-0.1062,-0.1723,0.1117,-0.2282,-0.2179,0.0559,1.4322,1.3115,0.1207
2022-04-23,2021/2022,Manchester City,Watford,5,1,3.68,0.42632,7.221,6.771,0.45,2.9248,2.04314,-0.58379,2.62692,2.5933,0.5096,0.3969,-0.0713,-0.1323,0.5809,0.5291,2.5087,0.5935,1.9152
2022-04-23,2021/2022,Norwich City,Newcastle United,0,3,0.657661,1.87558,6.78,6.872,-0.093,-0.6069,-0.68286,0.11359,-0.79645,-1.111,-0.23,-0.4031,-0.0448,-0.1071,-0.1852,-0.296,1.0945,1.447,-0.3524
2022-04-23,2021/2022,Brentford,Tottenham Hotspur,0,0,1.3153,0.517755,6.904,7.039,-0.136,-0.8878,0.20992,0.84719,-0.63728,-0.9388,0.1487,0.029,0.3834,0.0368,-0.2347,-0.0078,1.3772,1.4487,-0.0716
2022-04-23,2021/2022,Leicester City,Aston Villa,0,0,0.235635,0.593202,6.938,6.973,-0.034,-0.2272,0.52988,0.15512,0.37476,0.1563,0.0079,-0.231,0.0149,-0.0156,-0.007,-0.2154,1.2759,1.2841,-0.0082
2022-04-23,2021/2022,Arsenal,Manchester United,3,1,2.54173,2.04244,6.923,7.024,-0.101,-0.6591,0.99101,0.42647,0.56454,0.3616,0.3012,0.1157,0.1342,-0.046,0.167,0.1617,1.7497,1.031,0.7187
2022-04-24,2021/2022,Burnley,Wolverhampton Wanderers,1,0,1.27298,0.592902,6.901,6.926,-0.025,-0.1679,-0.01872,0.40075,-0.41946,-0.7031,-0.066,-0.171,-0.1724,-0.0743,0.1064,-0.0967,1.2581,1.0017,0.2564
2022-04-24,2021/2022,Brighton & Hove Albion,Southampton,2,2,1.87343,0.926764,6.936,6.869,0.068,0.4379,-0.11691,-0.22089,0.10398,-0.1367,-0.0336,0.0798,0.111,-0.2475,-0.1447,0.3273,1.5625,1.0235,0.5389
2022-04-24,2021/2022,Liverpool,Everton,2,0,1.70397,0.424961,7.182,6.873,0.309,2.0054,2.03326,-0.46532,2.49858,2.4544,0.5818,0.2332,-0.1059,-0.1471,0.6877,0.3803,2.6909,0.6867,2.0042
2022-04-24,2021/2022,Chelsea,West Ham United,1,0,2.34959,0.388975,7.071,6.901,0.17,1.1044,1.21703,0.38082,0.83621,0.6556,0.3199,0.2503,0.1419,-0.0824,0.178,0.3327,1.9096,0.8793,1.0303
2022-04-25,2021/2022,Crystal Palace,Leeds United,0,0,1.61656,0.374044,6.869,6.935,-0.066,-0.4342,0.3907,-0.17497,0.56567,0.3629,0.0382,0.0214,0.1788,-0.3307,-0.1406,0.3521,1.7956,1.1798,0.6158
2022-04-28,2021/2022,Manchester United,Chelsea,1,1,0.618456,2.46868,7.022,7.083,-0.061,-0.4032,0.4098,1.16142,-0.75162,-1.0625,0.1624,-0.0748,0.3346,0.2616,-0.1723,-0.3364,1.1249,1.5171,-0.3921
2022-04-30,2021/2022,Leeds United,Manchester City,0,4,1.03608,3.01431,6.892,7.195,-0.303,-1.9792,-0.14388,1.83983,-1.9837,-2.3957,0.1484,-0.3221,0.5362,0.3969,-0.3879,-0.7191,0.9413,2.4464,-1.5051
2022-04-30,2021/2022,Watford,Burnley,1,2,0.785742,1.37022,6.78,6.896,-0.117,-0.7631,-0.63731,-0.08012,-0.55719,-0.8521,-0.0763,-0.1803,-0.0646,-0.1603,-0.0116,-0.02,1.3423,1.1384,0.2039
2022-04-30,2021/2022,Newcastle United,Liverpool,0,1,0.115353,2.73435,6.938,7.142,-0.204,-1.3292,0.47973,1.70447,-1.22474,-1.5745,-0.0258,-0.096,0.5494,0.2363,-0.5751,-0.3323,0.9398,1.9536,-1.0138
2022-04-30,2021/2022,Southampton,Crystal Palace,1,2,0.650256,0.756217,6.841,6.857,-0.017,-0.1136,0.11346,0.05261,0.06085,-0.1834,0.1068,-0.2554,0.0277,0.044,0.0791,-0.2994,1.3299,1.3301,-0.0002
2022-04-30,2021/2022,Aston Villa,Norwich City,2,0,2.31192,0.352212,7.0,6.749,0.251,1.6294,0.2135,-0.92875,1.14225,0.9868,-0.0164,0.0146,-0.2537,-0.4103,0.2373,0.4248,1.9119,0.7422,1.1696
2022-04-30,2021/2022,Wolverhampton Wanderers,Brighton & Hove Albion,0,3,0.525912,2.90679,6.933,6.932,0.001,0.0033,0.45927,0.06358,0.39568,0.1789,-0.1851,-0.0741,-0.0171,0.0814,-0.168,-0.1556,0.9587,1.0586,-0.0999
2022-05-01,2021/2022,Tottenham Hotspur,Leicester City,3,1,1.65338,0.274133,7.011,6.815,0.195,1.2683,1.25483,0.15783,1.097,0.9378,0.3515,0.0385,-0.034,-0.2106,0.3855,0.2491,2.2473,0.9088,1.3385
2022-05-01,2021/2022,Everton,Chelsea,1,0,1.11712,1.21141,6.906,7.064,-0.158,-1.0298,0.11602,1.08932,-0.9733,-1.3024,-0.1145,-0.0971,0.3627,0.2768,-0.4772,-0.3739,0.8304,1.6138,-0.7834
2022-05-01,2021/2022,West Ham United,Arsenal,1,2,0.451976,0.964564,6.944,6.934,0.01,0.0614,0.42643,0.61947,-0.19304,-0.4581,0.1258,-0.0997,0.3357,0.0889,-0.2099,-0.1886,1.2999,1.5438,-0.2439
2022-05-02,2021/2022,Manchester United,Brentford,3,0,1.84111,0.681425,7.032,6.932,0.1,0.646,0.4819,0.17846,0.30344,0.0791,0.1424,-0.1053,0.1442,0.0644,-0.0017,-0.1698,1.3691,1.2683,0.1008
2022-05-07,2021/2022,Crystal Palace,Watford,1,0,2.49142,0.255373,6.888,6.778,0.11,0.7114,0.39021,-0.7185,1.1087,0.9505,0.0029,0.065,-0.1069,-0.1838,0.1097,0.2487,1.528,0.8312,0.6968
2022-05-07,2021/2022,Burnley,Aston Villa,1,3,1.31028,1.81256,6.908,6.984,-0.076,-0.4972,0.11765,0.2512,-0.13355,-0.3937,-0.0554,-0.1424,0.0031,0.0214,-0.0585,-0.1638,1.1484,1.1672,-0.0187
2022-05-07,2021/2022,Brighton & Hove Albion,Manchester United,4,0,2.82636,0.930715,6.979,7.044,-0.065,-0.4263,-0.03564,0.46006,-0.4957,-0.7856,0.0527,0.0907,0.1588,-0.088,-0.1061,0.1787,1.4293,1.0789,0.3504
2022-05-07,2021/2022,Chelsea,Wolverhampton Wanderers,2,2,1.82098,1.6842,7.06,6.985,0.075,0.4862,1.11127,0.20188,0.9094,0.7348,0.3465,0.267,-0.1992,-0.1232,0.5457,0.3902,2.0197,0.6218,1.3978
2022-05-07,2021/2022,Brentford,Southampton,3,0,3.68223,0.988574,6.927,6.84,0.087,0.5632,0.18538,-0.2655,0.45088,0.2387,0.117,0.047,0.0762,-0.2368,0.0409,0.2838,1.8013,1.019,0.7822
2022-05-07,2021/2022,Liverpool,Tottenham Hotspur,1,1,1.0481,0.982635,7.209,7.05,0.159,1.0321,1.95959,0.83635,1.12324,0.9662,0.5662,0.2563,0.3233,0.0529,0.2428,0.2035,2.1309,1.0493,1.0816
2022-05-08,2021/2022,Leicester City,Everton,1,2,1.47479,1.55635,6.883,6.901,-0.018,-0.121,0.43216,-0.33132,0.76348,0.5769,-0.0563,-0.1843,-0.1025,-0.0833,0.0462,-0.101,1.2829,1.0877,0.1952
2022-05-08,2021/2022,Norwich City,West Ham United,0,4,0.77895,3.25894,6.746,6.946,-0.2,-1.3041,-0.85966,0.30867,-1.16832,-1.5134,-0.2678,-0.4192,0.0894,-0.0793,-0.3571,-0.34,1.012,1.7031,-0.6911
2022-05-08,2021/2022,Arsenal,Leeds United,2,1,2.7227,0.696785,6.951,6.857,0.094,0.6058,1.14496,-0.19565,1.34062,1.2014,0.3094,0.1148,0.1509,-0.3424,0.1585,0.4572,2.4284,1.0253,1.4031
2022-05-08,2021/2022,Manchester City,Newcastle United,5,0,4.05613,0.995099,7.241,6.902,0.338,2.198,2.22486,0.25743,1.96744,1.8797,0.5477,0.3904,-0.0617,-0.126,0.6094,0.5163,2.5556,0.6112,1.9444
2022-05-10,2021/2022,Aston Villa,Liverpool,1,2,1.44726,1.75417,7.013,7.173,-0.16,-1.045,0.36957,1.61465,-1.24508,-1.5965,0.0261,0.0168,0.5252,0.2561,-0.4991,-0.2393,0.9755,1.6948,-0.7193
2022-05-11,2021/2022,Leeds United,Chelsea,0,3,0.499789,1.46853,6.914,7.105,-0.191,-1.2498,-0.23713,0.9159,-1.15303,-1.4969,0.1369,-0.3505,0.3351,0.2434,-0.1982,-0.5939,1.0997,2.031,-0.9313
2022-05-11,2021/2022,Watford,Everton,0,0,0.232236,0.812193,6.746,6.904,-0.158,-1.0351,-0.67712,-0.21743,-0.45969,-0.7466,-0.1272,-0.2098,-0.0808,-0.0876,-0.0464,-0.1222,1.1804,1.1595,0.0209
2022-05-11,2021/2022,Wolverhampton Wanderers,Manchester City,1,5,0.411857,3.39304,6.977,7.246,-0.269,-1.7542,0.36972,2.05283,-1.68311,-2.0705,-0.1677,-0.1132,0.5894,0.3787,-0.7571,-0.4918,0.7017,2.0849,-1.3831
2022-05-11,2021/2022,Leicester City,Norwich City,3,0,2.57058,1.21966,6.971,6.736,0.235,1.5272,0.31827,-1.09769,1.41596,1.2829,-0.0482,-0.1932,-0.279,-0.4612,0.2308,0.268,1.945,0.8925,1.0525
2022-05-12,2021/2022,Tottenham Hotspur,Arsenal,3,0,3.42522,0.387446,7.026,6.965,0.061,0.3946,1.39655,0.66775,0.72881,0.5394,0.3184,0.1037,0.3208,0.1222,-0.0024,-0.0185,1.5338,1.2335,0.3002
2022-05-15,2021/2022,Leeds United,Brighton & Hove Albion,1,1,2.22282,2.25898,6.868,6.999,-0.131,-0.8569,-0.35328,0.31003,-0.66331,-0.967,0.1094,-0.3288,0.1271,0.0938,-0.0178,-0.4226,1.2514,1.6026,-0.3512
2022-05-15,2021/2022,West Ham United,Manchester City,2,2,1.0088,2.14723,6.967,7.251,-0.284,-1.8531,0.44168,2.17978,-1.7381,-2.13,0.1469,-0.0732,0.6187,0.3826,-0.4718,-0.4558,0.9557,2.0664,-1.1107
2022-05-15,2021/2022,Tottenham Hotspur,Burnley,1,0,2.39449,0.629888,7.005,6.909,0.097,0.6259,1.52257,-0.10803,1.63061,1.5152,0.3836,0.1276,-0.0474,-0.1584,0.431,0.286,2.1768,0.8299,1.3469
2022-05-15,2021/2022,Aston Villa,Crystal Palace,1,1,0.799443,1.39009,7.01,6.908,0.103,0.664,0.40062,0.13118,0.26944,0.0423,0.0454,0.0144,0.0431,0.0764,0.0022,-0.062,1.2281,1.0168,0.2114
2022-05-15,2021/2022,Wolverhampton Wanderers,Norwich City,1,1,0.999066,1.53212,6.908,6.738,0.17,1.1047,0.24278,-1.20628,1.44906,1.3188,-0.1775,-0.1709,-0.2599,-0.4773,0.0824,0.3065,1.7236,0.8965,0.8271
2022-05-15,2021/2022,Watford,Leicester City,1,5,2.58968,2.27297,6.741,6.969,-0.228,-1.4851,-0.62584,0.07354,-0.69938,-1.006,-0.1742,-0.1999,-0.0198,-0.1979,-0.1545,-0.0021,1.2471,1.2305,0.0166
2022-05-15,2021/2022,Everton,Brentford,2,3,2.69589,1.81626,6.857,6.953,-0.097,-0.6341,0.27712,0.13217,0.14495,-0.0924,-0.0932,-0.0632,0.2144,0.0474,-0.3076,-0.1106,1.0747,1.3354,-0.2606
2022-05-16,2021/2022,Newcastle United,Arsenal,2,0,1.68299,0.492454,6.896,6.938,-0.042,-0.2784,0.41596,0.54173,-0.12577,-0.3853,-0.049,-0.1927,0.2876,0.0519,-0.3366,-0.2445,1.1257,1.6247,-0.4991
2022-05-17,2021/2022,Southampton,Liverpool,1,2,0.121506,1.19178,6.804,7.03,-0.226,-1.4767,-0.0627,1.5836,-1.6463,-2.0306,0.0744,-0.3027,0.5222,0.2407,-0.4478,-0.5434,1.0315,2.3443,-1.3127
2022-05-19,2021/2022,Everton,Crystal Palace,3,2,0.813157,1.6023,6.859,6.871,-0.012,-0.0845,0.18472,0.1648,0.01992,-0.2277,-0.0238,-0.0763,0.056,0.0886,-0.0798,-0.165,1.1167,1.1433,-0.0265
2022-05-19,2021/2022,Aston Villa,Burnley,1,1,0.996403,1.63117,6.943,6.928,0.015,0.0917,0.367,-0.04381,0.41081,0.1953,0.0278,0.0051,-0.0549,-0.1665,0.0828,0.1717,1.5226,0.9402,0.5824
2022-05-19,2021/2022,Chelsea,Leicester City,1,1,1.61996,0.0417972,7.13,6.94,0.19,1.2307,1.10761,0.216,0.89162,0.7156,0.3117,0.2618,0.0131,-0.2321,0.2986,0.4939,2.2048,0.7624,1.4423
2022-05-22,2021/2022,Leicester City,Southampton,4,1,3.42058,1.05141,6.977,6.856,0.121,0.7825,0.57527,-0.35328,0.92855,0.7555,-0.0079,-0.2054,0.0318,-0.2496,-0.0397,0.0442,1.6166,1.2496,0.367
2022-05-22,2021/2022,Liverpool,Wolverhampton Wanderers,3,1,3.19385,1.11708,7.166,6.959,0.207,1.3434,1.80391,0.1289,1.67501,1.5633,0.4825,0.2655,-0.2121,-0.1828,0.6947,0.4483,2.4949,0.6052,1.8897
2022-05-22,2021/2022,Brighton & Hove Albion,West Ham United,3,1,1.67774,0.268845,6.995,6.967,0.029,0.1832,0.07432,0.52009,-0.44577,-0.7316,0.1548,0.0637,0.1477,-0.076,0.007,0.1397,1.5817,1.084,0.4976
2022-05-22,2021/2022,Burnley,Newcastle United,1,2,1.49164,1.74291,6.925,6.959,-0.034,-0.2223,0.07521,0.20044,-0.12523,-0.3847,-0.0281,-0.1483,-0.0232,-0.156,-0.0049,0.0077,1.4165,1.1379,0.2786
2022-05-22,2021/2022,Norwich City,Tottenham Hotspur,0,5,0.310789,3.815,6.746,7.032,-0.287,-1.8708,-0.99859,0.969,-1.96759,-2.3783,-0.2257,-0.4521,0.3889,0.1306,-0.6146,-0.5827,0.8469,2.3996,-1.5527
2022-05-22,2021/2022,Crystal Palace,Manchester United,1,0,0.354618,0.782005,6.851,6.977,-0.127,-0.829,0.34106,0.30581,0.03525,-0.2111,0.0728,0.0963,0.1532,-0.1306,-0.0804,0.2269,1.5107,1.0748,0.4359
2022-05-22,2021/2022,Chelsea,Watford,2,1,2.59231,0.575755,7.051,6.781,0.27,1.7541,1.02746,-0.76421,1.79167,1.6895,0.2844,0.2772,-0.0986,-0.2244,0.383,0.5016,2.1497,0.6651,1.4847
2022-05-22,2021/2022,Manchester City,Aston Villa,3,2,3.3209,0.247841,7.254,7.027,0.227,1.471,2.37296,0.33475,2.03822,1.9563,0.6154,0.3775,0.0023,-0.0109,0.6131,0.3884,2.4052,0.6689,1.7363
2022-05-22,2021/2022,Brentford,Leeds United,1,2,0.844985,1.47786,6.942,6.891,0.051,0.326,0.37829,-0.18809,0.56638,0.3636,0.2322,0.0002,0.154,-0.3439,0.0781,0.3441,2.2397,1.1593,1.0804
2022-05-22,2021/2022,Arsenal,Everton,5,1,4.35597,1.08601,6.923,6.782,0.14,0.9098,0.93832,-0.27381,1.21213,1.0624,0.2394,0.0361,-0.0368,-0.0872,0.2762,0.1233,1.7641,0.9143,0.8498
2022-08-05,2022/2023,Crystal Palace,Arsenal,0,2,1.20637,1.43601,6.862,7.008,-0.146,-0.9541,0.42502,0.50902,-0.084,-0.3401,0.012,0.1034,0.3345,0.0317,-0.3226,0.0717,1.2057,1.2822,-0.0765
2022-08-06,2022/2023,Tottenham Hotspur,Southampton,4,1,1.6172,0.386546,7.074,6.846,0.228,1.4803,1.55097,-0.47496,2.02593,1.943,0.432,0.1409,0.022,-0.304,0.41,0.4449,2.6843,0.8642,1.8202
2022-08-06,2022/2023,Bournemouth,Aston Villa,2,0,0.588341,0.488895,6.82,6.994,-0.174,-1.1358,-0.09816,0.4223,-0.52047,-0.8124,0.0262,-0.1101,-0.0106,-0.0562,0.0368,-0.054,1.331,1.1278,0.2032
2022-08-06,2022/2023,Fulham,Liverpool,2,2,1.26822,2.34111,6.768,7.211,-0.443,-2.887,-0.48971,1.54443,-2.03414,-2.4503,-0.1247,-0.1389,0.502,0.2539,-0.6267,-0.3928,0.8129,2.0012,-1.1883
2022-08-06,2022/2023,Newcastle United,Nottingham Forest,2,0,1.8591,0.235825,6.973,6.942,0.032,0.2032,0.59169,0.0,0.59169,0.391,0.0017,-0.1567,0.0,0.0,0.0017,-0.1567,1.2583,1.1653,0.0931
2022-08-06,2022/2023,Everton,Chelsea,0,1,0.541983,1.92315,6.916,7.085,-0.169,-1.1032,0.17925,0.92895,-0.74969,-1.0604,-0.0293,-0.1813,0.2968,0.2767,-0.3261,-0.458,0.9031,1.6459,-0.7428
2022-08-06,2022/2023,Leeds United,Wolverhampton Wanderers,2,1,0.88917,1.10119,6.889,6.947,-0.057,-0.377,-0.21482,0.08971,-0.30453,-0.5788,0.1655,-0.2922,-0.1947,-0.2152,0.3603,-0.077,1.8187,1.11,0.7087
2022-08-07,2022/2023,Manchester United,Brighton & Hove Albion,1,2,1.42103,1.7289,7.041,6.986,0.055,0.3529,0.45692,0.32988,0.12704,-0.1118,0.1428,-0.0919,0.1586,0.085,-0.0158,-0.1769,1.3345,1.2764,0.0581
2022-08-07,2022/2023,Leicester City,Brentford,2,2,0.455695,0.931067,7.001,6.96,0.041,0.2618,0.69695,0.15255,0.5444,0.3399,0.0713,-0.1984,0.1493,-0.0097,-0.078,-0.1887,1.3636,1.409,-0.0455
2022-08-07,2022/2023,West Ham United,Manchester City,0,2,0.246188,2.58739,6.968,7.228,-0.26,-1.6971,0.46856,2.00823,-1.53966,-1.9153,0.1207,-0.0785,0.638,0.3843,-0.5173,-0.4628,0.9321,2.1119,-1.1798
2022-08-13,2022/2023,Arsenal,Leicester City,4,2,3.0107,0.690679,7.055,6.987,0.068,0.4357,1.15223,0.3386,0.81363,0.6312,0.3366,0.0315,0.0341,-0.1825,0.3025,0.214,2.1199,0.9946,1.1253
2022-08-13,2022/2023,Southampton,Leeds United,2,2,1.40906,1.99694,6.851,6.799,0.052,0.3352,-0.13481,-0.01412,-0.12069,-0.3798,0.0027,-0.254,0.1085,-0.2895,-0.1058,0.0354,1.6865,1.4282,0.2583
2022-08-13,2022/2023,Aston Villa,Everton,2,1,2.66696,1.37507,6.971,6.875,0.096,0.6217,0.29106,-0.43018,0.72124,0.5312,-0.032,-0.0339,-0.0442,-0.1893,0.0122,0.1554,1.4814,0.9785,0.5029
2022-08-13,2022/2023,Brighton & Hove Albion,Newcastle United,0,0,1.60835,0.183952,6.992,6.977,0.015,0.0952,0.26483,0.34817,-0.08333,-0.3394,0.1758,0.0815,0.0085,-0.1491,0.1673,0.2305,1.7349,0.928,0.8069
2022-08-13,2022/2023,Wolverhampton Wanderers,Fulham,0,0,0.975375,1.08813,6.948,6.788,0.16,1.0403,0.04655,-0.38878,0.43533,0.2218,-0.1934,-0.18,-0.1031,-0.1509,-0.0903,-0.0292,1.2225,1.0596,0.1628
2022-08-13,2022/2023,Manchester City,Bournemouth,4,0,1.69064,0.123946,7.284,6.908,0.376,2.4439,2.31963,-0.43237,2.752,2.7286,0.6457,0.4034,-0.0146,-0.0951,0.6603,0.4984,2.7453,0.6296,2.1158
2022-08-13,2022/2023,Brentford,Manchester United,4,0,1.38785,0.896038,6.634,7.104,-0.47,-3.0632,0.30891,0.16077,0.14814,-0.0889,0.1273,0.0227,0.1451,-0.104,-0.0177,0.1267,1.4912,1.1954,0.2958
2022-08-14,2022/2023,Nottingham Forest,West Ham United,1,0,1.9717,2.08634,6.712,6.945,-0.233,-1.5238,-0.06849,0.35644,-0.42493,-0.709,-0.6117,-0.3568,0.092,-0.0977,-0.7037,-0.2591,0.7279,1.6108,-0.8829
2022-08-14,2022/2023,Chelsea,Tottenham Hotspur,2,2,1.83945,1.58708,7.121,7.085,0.036,0.2322,0.97403,1.16421,-0.19018,-0.455,0.3029,0.2848,0.389,0.1504,-0.0862,0.1344,1.4639,1.1051,0.3587
2022-08-15,2022/2023,Liverpool,Crystal Palace,1,1,2.23596,1.64468,7.177,6.826,0.351,2.2791,1.76257,0.05743,1.70514,1.5959,0.5052,0.2405,0.0119,0.0976,0.4934,0.1429,1.9615,0.7631,1.1985
2022-08-20,2022/2023,Tottenham Hotspur,Wolverhampton Wanderers,1,0,1.46608,0.686123,7.085,7.0,0.085,0.55,1.61875,-0.04202,1.66077,1.5478,0.3976,0.1354,-0.2025,-0.1791,0.6001,0.3146,2.2505,0.7061,1.5444
2022-08-20,2022/2023,Fulham,Brentford,3,2,2.89934,1.59352,6.872,6.803,0.069,0.4454,-0.33608,0.30958,-0.64566,-0.9479,-0.1009,-0.1434,0.1211,0.032,-0.222,-0.1753,1.1047,1.2922,-0.1875
2022-08-20,2022/2023,Everton,Nottingham Forest,1,1,1.43408,0.918315,6.867,6.854,0.013,0.08,0.12459,-0.03385,0.15844,-0.0778,-0.027,-0.2242,-0.1705,-0.5125,0.1435,0.2883,2.0367,1.0536,0.9831
2022-08-20,2022/2023,Leicester City,Southampton,1,2,0.242948,1.24155,6.92,6.786,0.134,0.8699,0.57618,-0.54833,1.12451,0.9676,0.0228,-0.2167,-0.0131,-0.2671,0.0359,0.0505,1.6992,1.2064,0.4928
2022-08-20,2022/2023,Bournemouth,Arsenal,0,3,0.211335,1.71081,6.893,7.011,-0.118,-0.7689,-0.03182,0.68973,-0.72155,-1.03,-0.032,-0.0475,0.3755,0.039,-0.4075,-0.0865,1.1494,1.5481,-0.3988
2022-08-20,2022/2023,Crystal Palace,Aston Villa,3,1,2.91137,0.803828,6.865,6.951,-0.086,-0.565,0.38191,0.31455,0.06736,-0.1763,0.0425,0.0844,0.0215,-0.0426,0.021,0.127,1.3487,0.9489,0.3998
2022-08-21,2022/2023,Leeds United,Chelsea,3,0,2.20971,0.692492,6.752,7.13,-0.378,-2.4654,-0.12698,0.9772,-1.10418,-1.444,0.132,-0.2788,0.3141,0.2653,-0.1822,-0.5441,1.0469,1.8928,-0.8459
2022-08-21,2022/2023,West Ham United,Brighton & Hove Albion,0,2,0.768634,1.82645,6.947,6.989,-0.042,-0.2805,0.34836,0.42934,-0.08098,-0.3369,0.101,-0.1129,0.1674,0.0982,-0.0665,-0.2111,1.2485,1.3304,-0.0819
2022-08-21,2022/2023,Newcastle United,Manchester City,3,3,2.2127,3.67382,6.993,7.255,-0.262,-1.7117,0.68658,2.12402,-1.43744,-1.8046,-0.0182,-0.1435,0.612,0.4113,-0.6302,-0.5548,0.7894,2.1964,-1.4071
2022-08-22,2022/2023,Manchester United,Liverpool,2,1,2.01764,1.52301,6.991,7.195,-0.204,-1.3329,0.26626,1.3488,-1.08254,-1.4206,0.1342,-0.0997,0.5083,0.2178,-0.3741,-0.3175,1.1234,1.8822,-0.7588
2022-08-27,2022/2023,Brentford,Everton,1,1,2.28391,1.65465,6.813,6.896,-0.084,-0.5476,0.38382,-0.47893,0.86275,0.6843,0.1305,-0.0209,-0.0516,-0.22,0.1821,0.199,1.7591,0.9796,0.7794
2022-08-27,2022/2023,Southampton,Manchester United,0,1,1.35887,1.34359,6.812,6.993,-0.18,-1.1768,-0.03629,0.09349,-0.12978,-0.3897,-0.0113,-0.2195,0.1727,-0.0846,-0.184,-0.1348,1.318,1.5123,-0.1944
2022-08-27,2022/2023,Liverpool,Bournemouth,9,0,4.86035,0.180991,7.159,6.75,0.409,2.6582,1.56904,-0.61318,2.18222,2.1121,0.4933,0.1859,-0.0783,-0.0517,0.5716,0.2375,2.2658,0.7313,1.5345
2022-08-27,2022/2023,Brighton & Hove Albion,Leeds United,1,0,1.60986,1.14874,6.988,6.841,0.147,0.9534,0.35527,0.06992,0.28535,0.0595,0.1854,0.1123,0.1811,-0.2365,0.0043,0.3488,1.9419,1.0527,0.8892
2022-08-27,2022/2023,Manchester City,Crystal Palace,4,2,2.3853,0.091976,7.25,6.844,0.406,2.6373,2.34715,0.24856,2.09859,2.0216,0.649,0.3676,0.1169,0.0871,0.5321,0.2806,2.3038,0.7415,1.5623
2022-08-27,2022/2023,Chelsea,Leicester City,2,1,1.74916,1.96023,7.097,6.849,0.248,1.61,0.89835,0.16252,0.73584,0.547,0.2732,0.2245,-0.0415,-0.2157,0.3147,0.4401,2.1016,0.7442,1.3574
2022-08-27,2022/2023,Arsenal,Fulham,2,1,2.47427,0.926007,7.014,6.862,0.152,0.9884,1.33051,-0.2659,1.59641,1.4782,0.3777,0.0663,-0.0164,-0.1503,0.3941,0.2166,2.1608,0.9041,1.2567
2022-08-28,2022/2023,Wolverhampton Wanderers,Newcastle United,1,1,1.13248,1.93362,7.02,6.895,0.125,0.8101,0.0415,0.40557,-0.36407,-0.6432,-0.2014,-0.1442,0.0418,-0.2031,-0.2432,0.0589,1.2723,1.1866,0.0857
2022-08-28,2022/2023,Aston Villa,West Ham United,0,1,0.304555,0.334589,7.027,6.883,0.144,0.9348,0.24674,0.17444,0.0723,-0.171,0.0167,-0.0902,0.0791,-0.1263,-0.0624,0.0361,1.4688,1.1643,0.3045
2022-08-28,2022/2023,Nottingham Forest,Tottenham Hotspur,0,2,0.801369,2.44473,6.841,7.135,-0.295,-1.9229,0.04899,1.09506,-1.04607,-1.3812,-0.2086,-0.3779,0.3649,0.1346,-0.5734,-0.5126,0.8572,2.1772,-1.32
2022-08-30,2022/2023,Fulham,Brighton & Hove Albion,2,1,1.07093,1.75359,6.857,6.965,-0.109,-0.7118,-0.18439,0.59387,-0.77826,-1.0914,-0.0153,-0.1617,0.1663,0.1087,-0.1816,-0.2704,1.0912,1.4063,-0.3151
2022-08-30,2022/2023,Crystal Palace,Brentford,1,1,0.777363,1.61808,6.873,6.885,-0.011,-0.0776,0.50944,0.14671,0.36273,0.1433,0.0921,0.0823,0.1536,-0.0387,-0.0615,0.1211,1.4244,1.0754,0.349
2022-08-30,2022/2023,Southampton,Chelsea,2,1,1.44086,1.5047,6.87,7.115,-0.246,-1.6029,-0.11527,0.84829,-0.96357,-1.2919,-0.0092,-0.2127,0.2565,0.193,-0.2657,-0.4058,0.9927,1.6464,-0.6536
2022-08-30,2022/2023,Leeds United,Everton,1,1,1.04551,1.17189,6.854,6.929,-0.075,-0.4911,-0.02255,-0.40035,0.37781,0.1596,0.183,-0.2235,-0.0242,-0.2372,0.2071,0.0137,1.888,1.2316,0.6564
2022-08-31,2022/2023,Arsenal,Aston Villa,2,1,2.79971,0.297168,7.034,6.951,0.083,0.5363,1.2687,0.13677,1.13193,0.9756,0.3868,0.0652,-0.0397,-0.0667,0.4265,0.1319,1.9891,0.8917,1.0974
2022-08-31,2022/2023,Liverpool,Newcastle United,2,1,1.76119,0.643546,7.18,6.936,0.243,1.5792,1.73633,0.36268,1.37365,1.2372,0.5617,0.1967,0.0752,-0.1978,0.4865,0.3945,2.7531,0.8603,1.8928
2022-08-31,2022/2023,Bournemouth,Wolverhampton Wanderers,0,0,0.362035,1.53246,6.726,6.997,-0.271,-1.7702,-0.26951,0.05285,-0.32237,-0.5981,-0.0993,-0.1494,-0.2069,-0.1613,0.1075,0.0119,1.289,0.9753,0.3138
2022-08-31,2022/2023,West Ham United,Tottenham Hotspur,1,1,1.52267,0.723285,6.907,7.073,-0.166,-1.084,0.28978,1.17847,-0.88869,-1.2109,0.0452,-0.0887,0.3682,0.1345,-0.3231,-0.2232,1.122,1.6108,-0.4889
2022-08-31,2022/2023,Manchester City,Nottingham Forest,6,0,3.83759,0.729752,7.218,6.895,0.324,2.1021,2.33338,-0.06822,2.4016,2.3495,0.6455,0.3818,-0.2206,-0.4168,0.8661,0.7986,3.7625,0.5268,3.2357
2022-09-01,2022/2023,Leicester City,Manchester United,0,1,0.615266,1.09969,6.921,7.024,-0.103,-0.6749,0.43125,0.17247,0.25878,0.0308,-0.0066,-0.1998,0.164,-0.0851,-0.1706,-0.1147,1.337,1.4566,-0.1196
2022-09-03,2022/2023,Chelsea,West Ham United,2,1,0.707333,1.4196,7.064,6.921,0.143,0.9265,0.85202,0.31692,0.5351,0.3298,0.25,0.1772,0.0632,-0.0572,0.1868,0.2344,1.7307,0.8773,0.8535
2022-09-03,2022/2023,Tottenham Hotspur,Fulham,2,1,2.67823,0.381556,7.035,6.867,0.168,1.0921,1.55476,-0.12789,1.68265,1.5715,0.3384,0.1214,-0.0162,-0.1701,0.3546,0.2916,2.1231,0.8542,1.269
2022-09-03,2022/2023,Everton,Liverpool,0,0,1.39169,1.38617,6.876,7.037,-0.161,-1.0516,0.18517,1.3092,-1.12404,-1.4655,-0.0267,-0.2037,0.5188,0.2008,-0.5456,-0.4044,0.9778,2.0996,-1.1218
2022-09-03,2022/2023,Newcastle United,Crystal Palace,0,0,2.90672,0.920595,6.965,6.873,0.092,0.5939,0.79093,0.23382,0.55711,0.3536,0.0652,-0.1508,0.0605,0.068,0.0047,-0.2188,1.2616,1.2219,0.0398
2022-09-03,2022/2023,Nottingham Forest,Bournemouth,2,3,1.32895,0.905041,6.693,6.814,-0.121,-0.791,-0.13171,-0.7545,0.6228,0.4247,-0.1864,-0.4224,-0.1501,-0.1584,-0.0364,-0.264,1.1994,1.3322,-0.1328
2022-09-03,2022/2023,Wolverhampton Wanderers,Southampton,1,0,1.10039,1.20838,6.988,6.836,0.152,0.985,0.05844,-0.39869,0.45713,0.2454,-0.1868,-0.1349,0.0096,-0.2064,-0.1964,0.0715,1.2995,1.1348,0.1647
2022-09-03,2022/2023,Brentford,Leeds United,5,2,2.7485,1.796,6.828,6.883,-0.054,-0.357,0.33377,-0.02931,0.36308,0.1437,0.1702,-0.0147,0.1342,-0.2202,0.036,0.2055,1.837,1.1681,0.6689
2022-09-03,2022/2023,Aston Villa,Manchester City,1,1,0.279392,1.92143,6.925,7.322,-0.396,-2.582,0.1696,2.10837,-1.93877,-2.3471,-0.0608,-0.1003,0.6415,0.3747,-0.7023,-0.475,0.7722,2.2013,-1.4291
2022-09-04,2022/2023,Brighton & Hove Albion,Leicester City,5,2,2.73166,1.06549,6.973,6.908,0.066,0.423,0.34886,0.0647,0.28417,0.0583,0.1768,0.1083,-0.0388,-0.1876,0.2156,0.2959,1.8158,0.8565,0.9593
2022-09-04,2022/2023,Manchester United,Arsenal,3,1,2.02904,1.42238,7.021,7.046,-0.025,-0.1684,0.50559,0.76268,-0.25709,-0.5274,0.1469,-0.0632,0.4157,0.079,-0.2689,-0.1422,1.3352,1.6193,-0.284
2022-09-16,2022/2023,Aston Villa,Southampton,1,0,1.34365,0.218302,6.983,6.826,0.157,1.0195,0.2881,-0.45656,0.74466,0.5565,-0.0799,-0.087,0.0126,-0.1995,-0.0925,0.1125,1.4371,1.0843,0.3528
2022-09-16,2022/2023,Nottingham Forest,Fulham,2,3,1.41541,1.3496,6.724,6.924,-0.2,-1.3058,-0.2415,-0.06016,-0.18134,-0.4455,-0.1601,-0.3969,-0.0362,-0.1905,-0.1239,-0.2063,1.2597,1.469,-0.2093
2022-09-17,2022/2023,Wolverhampton Wanderers,Manchester City,0,3,0.310995,1.4242,7.013,7.304,-0.291,-1.8971,0.11631,1.98987,-1.87356,-2.2766,-0.1943,-0.1355,0.6293,0.3854,-0.8236,-0.5209,0.677,2.2245,-1.5475
2022-09-17,2022/2023,Newcastle United,Bournemouth,1,1,1.54758,0.976948,6.966,6.669,0.297,1.928,0.73199,-0.64471,1.3767,1.2405,0.1407,-0.1424,-0.1694,-0.1594,0.3101,0.017,1.7503,0.9396,0.8107
2022-09-17,2022/2023,Tottenham Hotspur,Leicester City,6,2,1.98619,1.59449,7.03,6.931,0.099,0.6429,1.48704,-0.06945,1.55649,1.435,0.355,0.1315,-0.0321,-0.2178,0.3872,0.3493,2.2455,0.8391,1.4064
2022-09-18,2022/2023,Brentford,Arsenal,0,3,0.54011,1.32021,6.831,6.992,-0.16,-1.0487,0.4666,0.63695,-0.17035,-0.4336,0.2155,-0.034,0.4048,0.0542,-0.1893,-0.0882,1.4426,1.581,-0.1384
2022-09-18,2022/2023,Everton,West Ham United,1,0,0.39773,0.655351,6.926,6.921,0.005,0.0258,0.27665,0.26521,0.01144,-0.2368,-0.0075,-0.1727,0.0809,-0.0198,-0.0883,-0.1529,1.2677,1.288,-0.0204
2022-10-01,2022/2023,West Ham United,Wolverhampton Wanderers,2,0,1.03934,0.575988,6.864,6.971,-0.107,-0.702,0.27853,-0.00857,0.2871,0.0614,0.0526,0.004,-0.2062,-0.0996,0.2588,0.1036,1.4386,0.8209,0.6177
2022-10-01,2022/2023,Fulham,Newcastle United,1,4,0.683701,4.67198,6.809,6.937,-0.128,-0.8381,0.02578,0.29943,-0.27365,-0.5453,-0.0415,-0.1922,0.1298,-0.1419,-0.1713,-0.0503,1.3625,1.4012,-0.0387
2022-10-01,2022/2023,Liverpool,Brighton & Hove Albion,3,3,2.1515,2.36567,7.212,6.98,0.232,1.5054,1.63156,0.569,1.06256,0.9005,0.4921,0.1866,0.2204,0.1026,0.2717,0.084,1.8991,1.0063,0.8928
2022-10-01,2022/2023,Arsenal,Tottenham Hotspur,3,1,2.48403,1.5027,7.04,7.07,-0.031,-0.2043,1.2575,1.13959,0.11791,-0.1216,0.3921,0.0869,0.3422,0.1126,0.0499,-0.0257,1.649,1.2957,0.3533
2022-10-01,2022/2023,Southampton,Everton,1,2,1.95961,1.99979,6.844,6.942,-0.099,-0.6457,-0.05617,-0.23844,0.18227,-0.052,-0.0243,-0.1951,-0.0499,-0.1545,0.0256,-0.0407,1.4087,1.1701,0.2386
2022-10-01,2022/2023,Bournemouth,Brentford,0,0,0.758128,1.046,6.744,6.92,-0.176,-1.1493,-0.08964,0.18741,-0.27706,-0.549,-0.1662,-0.1516,0.1728,-0.0233,-0.3391,-0.1283,1.0622,1.4127,-0.3505
2022-10-01,2022/2023,Crystal Palace,Chelsea,1,2,0.70987,1.25506,6.893,7.066,-0.173,-1.1294,0.50596,0.76365,-0.25769,-0.5281,0.0462,0.0201,0.2092,0.1602,-0.163,-0.1401,1.0937,1.2334,-0.1397
2022-10-02,2022/2023,Leeds United,Aston Villa,0,0,0.298626,1.89645,6.916,6.958,-0.042,-0.2763,-0.15526,0.25521,-0.41047,-0.6934,0.1562,-0.248,-0.0833,-0.0657,0.2395,-0.1823,1.5546,1.185,0.3695
2022-10-02,2022/2023,Manchester City,Manchester United,6,3,3.01103,1.71335,7.324,7.04,0.284,1.8465,2.46136,0.35341,2.10795,2.0317,0.6032,0.3912,0.1764,-0.0558,0.4268,0.447,2.5022,0.7799,1.7224
2022-10-03,2022/2023,Leicester City,Nottingham Forest,4,0,1.2497,1.22169,6.861,6.767,0.094,0.6069,0.15844,-0.33807,0.49651,0.288,-0.0047,-0.2055,-0.1307,-0.3872,0.1261,0.1817,1.8552,1.0657,0.7895
2022-10-08,2022/2023,Manchester City,Southampton,4,0,2.73536,0.101148,7.325,6.849,0.477,3.0995,2.54154,-0.55137,3.0929,3.0975,0.6128,0.3609,0.0032,-0.2135,0.6096,0.5745,3.0267,0.6607,2.366
2022-10-08,2022/2023,Newcastle United,Brentford,5,1,2.44631,1.13466,6.954,6.819,0.135,0.8729,0.71993,0.153,0.56693,0.3642,0.2751,-0.1222,0.158,-0.0147,0.1171,-0.1075,1.6992,1.3024,0.3968
2022-10-08,2022/2023,Bournemouth,Leicester City,2,1,1.14891,1.18125,6.809,6.868,-0.059,-0.3869,-0.05524,-0.10226,0.04703,-0.1983,-0.1785,-0.1402,-0.0363,-0.2067,-0.1422,0.0665,1.2782,1.1174,0.1609
2022-10-08,2022/2023,Brighton & Hove Albion,Tottenham Hotspur,0,1,0.899735,0.771641,6.998,7.04,-0.042,-0.2781,0.54214,1.02253,-0.48039,-0.769,0.2669,0.0902,0.3454,0.0762,-0.0784,0.0141,1.5068,1.2972,0.2096
2022-10-08,2022/2023,Chelsea,Wolverhampton Wanderers,3,0,2.43092,0.748449,7.017,6.985,0.032,0.2051,0.95141,-0.12103,1.07243,0.9112,0.208,0.1721,-0.2124,-0.087,0.4204,0.2591,1.6873,0.6782,1.0091
2022-10-09,2022/2023,Arsenal,Liverpool,3,2,2.81968,0.765151,7.02,7.146,-0.127,-0.8285,1.37457,1.15859,0.21598,-0.0155,0.4236,0.0792,0.4956,0.1427,-0.072,-0.0635,1.6325,1.5397,0.0928
2022-10-09,2022/2023,Everton,Manchester United,1,2,0.365844,1.82612,6.936,7.01,-0.073,-0.482,0.42446,0.27324,0.15122,-0.0856,-0.0142,-0.1691,0.2071,-0.0791,-0.2214,-0.09,1.3236,1.4697,-0.146
2022-10-09,2022/2023,Crystal Palace,Leeds United,2,1,1.65194,1.06564,6.903,6.882,0.021,0.1334,0.43443,-0.13076,0.56519,0.3623,0.0294,0.0193,0.0895,-0.2622,-0.0601,0.2815,1.6793,1.0701,0.6093
2022-10-09,2022/2023,West Ham United,Fulham,3,1,3.43676,0.549848,6.918,6.802,0.116,0.7481,0.39099,-0.07362,0.46461,0.2535,0.0323,0.0086,-0.0789,-0.2828,0.1112,0.2914,1.7386,0.9037,0.8349
2022-10-10,2022/2023,Nottingham Forest,Aston Villa,1,1,0.221346,0.657187,6.783,7.002,-0.219,-1.4325,-0.41416,0.20813,-0.62229,-0.9226,-0.1096,-0.3487,-0.0556,-0.0241,-0.054,-0.3247,1.1191,1.3762,-0.2571
2022-10-14,2022/2023,Brentford,Brighton & Hove Albion,2,0,1.90636,2.15668,6.927,6.993,-0.066,-0.4337,0.21168,0.62031,-0.40863,-0.6914,0.1496,-0.0447,0.2352,0.1064,-0.0856,-0.151,1.2964,1.3334,-0.037
2022-10-15,2022/2023,Fulham,Bournemouth,2,2,1.61738,1.62829,6.824,6.816,0.008,0.0478,-0.17989,-0.46459,0.2847,0.0588,-0.0913,-0.3374,-0.1833,-0.1404,0.092,-0.197,1.3156,1.1656,0.1501
2022-10-15,2022/2023,Leicester City,Crystal Palace,0,0,0.973426,0.346808,6.882,6.874,0.008,0.0501,0.24773,0.27786,-0.03013,-0.2818,-0.0337,-0.2016,0.0277,0.0193,-0.0614,-0.2208,1.188,1.2566,-0.0685
2022-10-15,2022/2023,Tottenham Hotspur,Everton,2,0,2.49409,0.560039,7.061,6.934,0.126,0.8183,1.57578,-0.20622,1.782,1.679,0.3274,0.0986,-0.0619,-0.1784,0.3893,0.277,2.1067,0.839,1.2676
2022-10-15,2022/2023,Wolverhampton Wanderers,Nottingham Forest,1,0,1.22368,1.24761,6.988,6.785,0.203,1.3167,-0.12907,-0.44051,0.31144,0.0878,-0.2083,-0.1115,-0.2257,-0.3142,0.0174,0.2027,1.4252,0.8708,0.5544
2022-10-16,2022/2023,Liverpool,Manchester City,1,0,1.9992,0.911493,7.131,7.328,-0.197,-1.2888,1.49349,2.18889,-0.69539,-1.0017,0.4667,0.0867,0.6008,0.3716,-0.1341,-0.2849,1.3443,1.7122,-0.3679
2022-10-16,2022/2023,Manchester United,Newcastle United,0,0,1.41606,0.78815,7.08,6.972,0.108,0.6994,0.63966,0.52978,0.10988,-0.1303,0.2215,-0.0527,0.3109,-0.1166,-0.0894,0.0639,1.7776,1.4202,0.3574
2022-10-16,2022/2023,Southampton,West Ham United,1,1,0.524479,1.70727,6.812,6.919,-0.107,-0.7035,-0.20415,0.3264,-0.53054,-0.8233,-0.0173,-0.1974,0.1194,0.0161,-0.1367,-0.2134,1.1949,1.3905,-0.1956
2022-10-16,2022/2023,Aston Villa,Chelsea,0,2,2.44542,1.23643,6.913,7.06,-0.147,-0.9617,0.24644,0.91399,-0.66755,-0.9716,-0.0826,-0.0034,0.2337,0.169,-0.3163,-0.1724,0.9561,1.29,-0.3339
2022-10-16,2022/2023,Leeds United,Arsenal,0,1,2.02232,0.821757,6.868,7.018,-0.15,-0.9795,-0.14097,0.90031,-1.04128,-1.376,0.0885,-0.2591,0.4699,0.1083,-0.3813,-0.3674,1.2052,2.1104,-0.9052
2022-10-18,2022/2023,Crystal Palace,Wolverhampton Wanderers,2,1,1.25617,0.857837,6.905,6.997,-0.092,-0.6016,0.48067,-0.19384,0.67451,0.4806,-0.0097,0.0252,-0.2168,-0.1174,0.2071,0.1427,1.3786,0.7938,0.5848
2022-10-18,2022/2023,Brighton & Hove Albion,Nottingham Forest,0,0,2.10188,0.195003,6.995,6.83,0.164,1.0643,0.40023,-0.50862,0.90884,0.7342,0.2624,0.086,-0.1909,-0.3028,0.4533,0.3888,2.2457,0.7435,1.5022
2022-10-19,2022/2023,Liverpool,West Ham United,1,0,2.24066,2.48649,7.121,6.929,0.192,1.2452,1.60544,0.26947,1.33598,1.1964,0.486,0.1232,0.1307,0.0346,0.3553,0.0886,2.0108,0.9848,1.026
2022-10-19,2022/2023,Bournemouth,Southampton,0,1,0.810452,1.23878,6.811,6.786,0.025,0.1593,0.05159,-0.59439,0.64598,0.4498,-0.1614,-0.1473,-0.0496,-0.2039,-0.1119,0.0566,1.3096,1.0995,0.2101
2022-10-19,2022/2023,Newcastle United,Everton,1,0,1.13393,0.0609567,6.973,6.928,0.045,0.2902,0.87414,-0.23433,1.10847,0.9502,0.2778,-0.1031,-0.0725,-0.1924,0.3504,0.0893,2.0135,1.0256,0.9879
2022-10-19,2022/2023,Manchester United,Tottenham Hotspur,2,0,1.70973,0.658526,7.041,7.069,-0.028,-0.1867,0.62443,1.09735,-0.47292,-0.761,0.2006,-0.0339,0.3385,0.104,-0.1379,-0.1379,1.3736,1.4562,-0.0825
2022-10-19,2022/2023,Brentford,Chelsea,0,0,1.45228,0.557405,6.906,7.024,-0.118,-0.7713,0.34042,1.01395,-0.67353,-0.978,0.1745,-0.0715,0.2301,0.1216,-0.0557,-0.1932,1.3009,1.3713,-0.0704
2022-10-20,2022/2023,Fulham,Aston Villa,3,0,2.892,0.711487,6.896,6.908,-0.012,-0.0799,-0.21508,0.07785,-0.29293,-0.5662,-0.076,-0.3458,-0.0227,-0.0018,-0.0532,-0.344,1.1603,1.3834,-0.223
2022-10-20,2022/2023,Leicester City,Leeds United,2,0,0.655249,1.19464,6.863,6.85,0.013,0.0808,0.25215,-0.17594,0.42809,0.214,-0.0423,-0.176,0.1263,-0.2088,-0.1685,0.0327,1.4804,1.351,0.1294
2022-10-22,2022/2023,Everton,Crystal Palace,3,0,1.93396,0.597167,6.924,6.915,0.009,0.057,0.32309,0.2996,0.02348,-0.2238,-0.1148,-0.1585,-0.015,0.0237,-0.0998,-0.1822,1.0908,1.1531,-0.0624
2022-10-22,2022/2023,Nottingham Forest,Liverpool,1,0,2.50163,2.19752,6.846,7.087,-0.24,-1.5669,-0.34188,1.13233,-1.47421,-1.8444,-0.2311,-0.292,0.4898,0.0805,-0.7209,-0.3725,0.8905,2.249,-1.3585
2022-10-22,2022/2023,Manchester City,Brighton & Hove Albion,3,1,1.86239,0.52863,7.286,6.996,0.291,1.8875,2.54787,0.43753,2.11035,2.0343,0.5748,0.3377,0.2532,0.0956,0.3216,0.2421,2.0919,0.8877,1.2041
2022-10-22,2022/2023,Chelsea,Manchester United,1,1,1.20238,0.730935,7.083,7.084,-0.001,-0.0137,1.09153,0.44239,0.64914,0.4532,0.2029,0.1145,0.2144,-0.0093,-0.0115,0.1238,1.5469,1.1054,0.4416
2022-10-23,2022/2023,Aston Villa,Brentford,4,0,3.45617,1.00462,6.914,6.886,0.028,0.181,0.05156,0.13952,-0.08796,-0.3444,-0.0523,-0.0475,0.1797,-0.0433,-0.2321,-0.0042,1.2444,1.251,-0.0066
2022-10-23,2022/2023,Wolverhampton Wanderers,Leicester City,0,4,1.61785,0.989075,7.001,6.919,0.082,0.5303,-0.08712,-0.11054,0.02342,-0.2239,-0.2127,-0.1128,-0.0807,-0.1701,-0.132,0.0573,1.211,1.0226,0.1883
2022-10-23,2022/2023,Southampton,Arsenal,1,1,0.622653,1.57897,6.809,7.018,-0.209,-1.3657,-0.07355,0.89431,-0.96786,-1.2965,-0.0432,-0.1896,0.4151,0.0825,-0.4583,-0.2721,1.0764,1.877,-0.8007
2022-10-23,2022/2023,Leeds United,Fulham,2,3,1.96384,2.47512,6.844,6.917,-0.073,-0.4776,-0.20711,-0.10922,-0.09789,-0.3552,0.1182,-0.184,0.005,-0.3235,0.1132,0.1395,1.9295,1.2186,0.7109
2022-10-23,2022/2023,Tottenham Hotspur,Newcastle United,1,2,1.56513,1.1294,6.971,6.981,-0.01,-0.0666,1.51726,0.53497,0.98228,0.8137,0.3099,0.0913,0.2297,-0.0811,0.0802,0.1724,1.848,1.1499,0.6981
2022-10-24,2022/2023,West Ham United,Bournemouth,2,0,1.97715,0.730443,6.873,6.814,0.059,0.3801,0.48692,-0.50307,0.98998,0.822,0.1892,0.0245,-0.1824,-0.1493,0.3716,0.1738,1.768,0.8075,0.9605
2022-10-29,2022/2023,Fulham,Everton,0,0,1.76438,1.19166,6.912,6.93,-0.018,-0.1219,-0.01892,-0.1272,0.10828,-0.1321,0.0578,-0.3219,-0.0779,-0.144,0.1357,-0.178,1.5278,1.2792,0.2486
2022-10-29,2022/2023,Crystal Palace,Southampton,1,0,1.00384,1.35803,6.905,6.843,0.062,0.4017,0.42783,-0.42782,0.85565,0.6766,-0.036,0.0005,-0.0646,-0.1776,0.0285,0.1781,1.4524,0.9302,0.5222
2022-10-29,2022/2023,Newcastle United,Aston Villa,4,0,4.18808,0.270814,6.976,6.924,0.052,0.3342,0.93881,0.03603,0.90278,0.7276,0.2269,-0.07,0.0469,-0.04,0.1799,-0.03,1.6443,1.1172,0.5271
2022-10-29,2022/2023,Liverpool,Leeds United,1,2,1.90889,1.61271,7.129,6.848,0.281,1.8248,1.47855,-0.33796,1.81651,1.7164,0.4839,0.0403,0.1192,-0.2126,0.3647,0.2528,2.5966,1.0466,1.55
2022-10-29,2022/2023,Bournemouth,Tottenham Hotspur,2,3,0.887533,2.1946,6.743,6.952,-0.209,-1.3632,-0.11637,0.88769,-1.00407,-1.3357,-0.1835,-0.1553,0.296,0.0911,-0.4794,-0.2464,0.9276,1.6101,-0.6825
2022-10-29,2022/2023,Leicester City,Manchester City,0,1,0.693597,0.703827,6.974,7.381,-0.407,-2.651,0.46051,2.06674,-1.60623,-1.9873,-0.0812,-0.1791,0.5639,0.3461,-0.6451,-0.5252,0.7777,2.2068,-1.4292
2022-10-29,2022/2023,Brighton & Hove Albion,Chelsea,4,1,2.881,1.07554,6.993,7.039,-0.047,-0.3087,0.32935,0.90317,-0.57382,-0.8701,0.2383,0.1057,0.1876,0.1263,0.0507,-0.0206,1.3919,1.0915,0.3004
2022-10-29,2022/2023,Brentford,Wolverhampton Wanderers,1,1,1.29257,0.557605,6.872,6.897,-0.024,-0.1622,0.307,-0.33323,0.64023,0.4435,0.169,-0.1109,-0.1912,-0.1111,0.3602,0.0001,1.6511,0.9256,0.7255
2022-10-30,2022/2023,Manchester United,West Ham United,1,0,1.7514,1.00033,7.112,6.901,0.211,1.3688,0.79803,0.36719,0.43084,0.217,0.1987,0.0018,0.1976,0.0258,0.0011,-0.024,1.5256,1.1862,0.3394
2022-10-30,2022/2023,Arsenal,Nottingham Forest,5,0,3.00699,0.206127,7.017,6.815,0.202,1.3079,1.38854,-0.34091,1.72945,1.6222,0.4011,0.0943,-0.0719,-0.2867,0.473,0.3811,2.55,0.8268,1.7232
2022-11-05,2022/2023,Everton,Leicester City,0,2,1.3729,2.2679,6.942,6.927,0.015,0.0929,0.47123,0.08135,0.38987,0.1726,-0.0813,-0.1499,-0.0837,-0.1131,0.0023,-0.0368,1.2941,1.0666,0.2275
2022-11-05,2022/2023,Leeds United,Bournemouth,4,3,2.22532,1.55594,6.889,6.774,0.115,0.7453,-0.19732,-0.58886,0.39154,0.1744,0.1423,-0.1809,-0.1836,-0.1733,0.3259,-0.0076,1.7395,0.9838,0.7557
2022-11-05,2022/2023,Nottingham Forest,Brentford,2,2,1.29696,1.2204,6.825,6.763,0.062,0.4,-0.30664,-0.05454,-0.25209,-0.522,-0.1237,-0.3081,0.151,-0.1012,-0.2747,-0.2069,1.2327,1.5711,-0.3384
2022-11-05,2022/2023,Wolverhampton Wanderers,Brighton & Hove Albion,2,3,1.29252,1.87375,6.883,7.044,-0.16,-1.0478,-0.19409,0.54992,-0.74401,-1.0543,-0.204,-0.0976,0.3035,0.1052,-0.5075,-0.2028,0.9012,1.5224,-0.6212
2022-11-05,2022/2023,Manchester City,Fulham,2,1,2.39332,0.843884,7.26,6.907,0.353,2.2915,2.49091,-0.03852,2.52944,2.4878,0.5195,0.3454,0.0702,-0.3168,0.4493,0.6622,3.0121,0.7282,2.2838
2022-11-06,2022/2023,Aston Villa,Manchester United,3,1,0.578563,0.517189,6.915,7.038,-0.123,-0.8038,0.10917,0.54777,-0.4386,-0.7238,0.0095,-0.1307,0.2066,0.0065,-0.1972,-0.1372,1.2369,1.422,-0.1851
2022-11-06,2022/2023,West Ham United,Crystal Palace,1,2,0.192579,1.03344,6.93,6.902,0.028,0.1804,0.53323,0.1745,0.35873,0.1389,0.1881,0.0179,-0.0549,-0.0098,0.2431,0.0277,1.5305,0.9267,0.6037
2022-11-06,2022/2023,Tottenham Hotspur,Liverpool,1,2,1.81736,1.46548,6.982,7.128,-0.146,-0.9575,1.39728,0.91187,0.48541,0.276,0.3113,0.0913,0.4553,0.023,-0.1439,0.0683,1.6407,1.4645,0.1763
2022-11-06,2022/2023,Chelsea,Arsenal,0,1,0.278815,2.37846,7.076,7.039,0.037,0.238,0.92893,0.90491,0.02403,-0.2232,0.1856,0.0641,0.4152,0.1068,-0.2297,-0.0427,1.36,1.4145,-0.0545
2022-11-06,2022/2023,Southampton,Newcastle United,1,4,1.65228,1.42101,6.817,6.964,-0.147,-0.9629,-0.00246,0.74775,-0.75022,-1.061,-0.0476,-0.1635,0.3377,-0.0491,-0.3853,-0.1144,1.2315,1.6801,-0.4486
2022-11-12,2022/2023,West Ham United,Leicester City,0,2,0.720721,1.60566,6.924,6.917,0.007,0.0412,0.43229,0.20973,0.22256,-0.0084,0.1249,0.0153,-0.0359,-0.1142,0.1608,0.1295,1.5908,0.9493,0.6414
2022-11-12,2022/2023,Manchester City,Brentford,1,2,1.605,3.29012,7.292,6.897,0.395,2.5682,2.38406,-0.08634,2.47041,2.4239,0.4972,0.3393,0.1344,-0.1022,0.3629,0.4415,2.3888,0.7772,1.6115
2022-11-12,2022/2023,Nottingham Forest,Crystal Palace,1,0,1.23752,1.14552,6.805,6.906,-0.101,-0.6608,-0.27483,0.27545,-0.55028,-0.8447,-0.1167,-0.2932,-0.051,0.0399,-0.0657,-0.3331,1.0573,1.2897,-0.2324
2022-11-12,2022/2023,Newcastle United,Chelsea,1,0,1.3601,0.359105,6.97,7.027,-0.057,-0.375,1.16234,0.6996,0.46274,0.2515,0.3241,-0.0599,0.1415,0.0241,0.1827,-0.084,1.6778,1.2314,0.4464
2022-11-12,2022/2023,Liverpool,Southampton,3,1,2.74418,1.43427,7.136,6.871,0.264,1.7178,1.41307,-0.53107,1.94414,1.8545,0.4513,0.0151,-0.0249,-0.1539,0.4762,0.169,2.3656,0.931,1.4345
2022-11-12,2022/2023,Tottenham Hotspur,Leeds United,4,3,2.58046,1.71731,7.034,6.903,0.131,0.8516,1.29188,-0.16044,1.45232,1.3223,0.3157,0.0905,0.1645,-0.1904,0.1512,0.2809,2.1087,1.0602,1.0485
2022-11-12,2022/2023,Bournemouth,Everton,3,0,2.45642,0.768756,6.749,6.953,-0.203,-1.3276,-0.15755,-0.19776,0.04022,-0.2057,-0.1589,-0.1885,-0.077,-0.1759,-0.0819,-0.0126,1.2424,1.1455,0.0969
2022-11-12,2022/2023,Wolverhampton Wanderers,Arsenal,0,2,0.512339,2.27996,6.914,7.041,-0.127,-0.8334,-0.2263,0.99179,-1.21808,-1.5673,-0.1852,-0.1082,0.4433,0.1435,-0.6285,-0.2517,0.8872,1.7625,-0.8753
2022-11-13,2022/2023,Brighton & Hove Albion,Aston Villa,1,2,0.829107,1.15437,6.998,6.958,0.04,0.2544,0.49648,-0.01758,0.51407,0.307,0.3136,0.0954,-0.0227,-0.1009,0.3364,0.1963,1.9031,0.8844,1.0187
2022-11-13,2022/2023,Fulham,Manchester United,1,2,1.70218,3.37664,6.885,7.019,-0.134,-0.8774,0.03729,0.41846,-0.38117,-0.6617,0.074,-0.2835,0.1702,0.0242,-0.0962,-0.3076,1.2945,1.5996,-0.3051
2022-12-26,2022/2023,Southampton,Brighton & Hove Albion,1,3,1.70709,1.00714,6.798,7.053,-0.255,-1.6613,-0.1334,0.51124,-0.64464,-0.9468,-0.0016,-0.168,0.2584,0.0885,-0.26,-0.2565,1.1094,1.5791,-0.4697
2022-12-26,2022/2023,Everton,Wolverhampton Wanderers,1,2,1.22653,1.22076,6.956,6.94,0.016,0.1015,0.25093,-0.33911,0.59004,0.3892,-0.0909,-0.2066,-0.2006,-0.1263,0.1097,-0.0803,1.2989,1.0041,0.2948
2022-12-26,2022/2023,Aston Villa,Liverpool,1,3,1.69155,3.50694,6.925,7.189,-0.264,-1.7207,0.30937,1.02263,-0.71326,-1.021,-0.0134,-0.0578,0.4599,0.0019,-0.4733,-0.0597,1.1943,1.7318,-0.5376
2022-12-26,2022/2023,Brentford,Tottenham Hotspur,2,2,2.25263,0.883787,6.929,6.995,-0.066,-0.4337,0.31725,0.78305,-0.4658,-0.7533,0.2211,-0.0608,0.3315,0.0712,-0.1104,-0.1319,1.4424,1.4921,-0.0498
2022-12-26,2022/2023,Leicester City,Newcastle United,0,3,0.31099,1.76382,6.867,6.967,-0.101,-0.661,0.69194,0.91163,-0.21968,-0.4869,-0.0129,-0.0853,0.3065,-0.0356,-0.3193,-0.0497,1.2649,1.4975,-0.2327
2022-12-26,2022/2023,Arsenal,West Ham United,3,1,1.88828,1.02652,6.998,6.935,0.063,0.4039,1.63783,0.15672,1.4811,1.3534,0.4559,0.1512,0.0817,-0.0,0.3742,0.1512,1.9891,0.926,1.063
2022-12-26,2022/2023,Crystal Palace,Fulham,0,3,0.421754,2.69927,6.898,6.939,-0.041,-0.2713,0.44298,0.02606,0.41692,0.2019,-0.0559,0.0349,0.0947,-0.3335,-0.1507,0.3683,1.6436,1.0669,0.5766
2022-12-27,2022/2023,Manchester United,Nottingham Forest,3,0,2.13668,0.477076,7.07,6.776,0.294,1.9084,0.81392,-0.3901,1.20403,1.0536,0.244,0.0124,-0.1009,-0.2865,0.3449,0.2989,2.2028,0.8621,1.3406
2022-12-27,2022/2023,Chelsea,Bournemouth,2,0,1.91378,0.44307,7.059,6.743,0.315,2.0494,0.80376,-0.55961,1.36337,1.226,0.1081,0.0381,-0.0957,-0.1777,0.2037,0.2158,1.7292,0.8426,0.8866
2022-12-28,2022/2023,Leeds United,Manchester City,1,3,0.603751,4.16249,6.804,7.24,-0.435,-2.8382,-0.10088,1.83667,-1.93755,-2.3458,0.1894,-0.2063,0.4742,0.266,-0.2848,-0.4723,1.1004,2.0802,-0.9798
2022-12-30,2022/2023,Liverpool,Leicester City,2,1,2.02463,0.863312,7.171,6.849,0.322,2.0915,1.48659,0.24462,1.24197,1.0947,0.509,-0.0143,-0.0597,-0.0927,0.5687,0.0785,2.3736,0.9197,1.4539
2022-12-30,2022/2023,West Ham United,Brentford,0,2,1.13979,1.51436,6.91,6.857,0.053,0.3414,0.26993,0.09267,0.17726,-0.0574,0.0846,0.0043,0.2589,-0.0395,-0.1742,0.0438,1.4258,1.2818,0.144
2022-12-31,2022/2023,Wolverhampton Wanderers,Manchester United,0,1,0.587672,2.44728,6.921,6.996,-0.075,-0.4937,-0.22771,0.55839,-0.7861,-1.0998,-0.1893,-0.1232,0.2389,0.0199,-0.4282,-0.1431,1.0061,1.4493,-0.4432
2022-12-31,2022/2023,Bournemouth,Crystal Palace,0,2,0.895819,1.75264,6.634,6.894,-0.26,-1.6957,-0.06275,0.07201,-0.13476,-0.395,-0.1112,-0.1826,-0.119,-0.0102,0.0078,-0.1723,1.0967,1.0992,-0.0025
2022-12-31,2022/2023,Fulham,Southampton,2,1,1.49305,0.698711,6.951,6.799,0.152,0.984,0.0698,-0.60633,0.67613,0.4824,0.1587,-0.2936,0.0279,-0.1498,0.1307,-0.1438,1.7347,1.3547,0.3801
2022-12-31,2022/2023,Brighton & Hove Albion,Arsenal,2,4,1.15663,3.22106,6.964,7.019,-0.056,-0.3654,0.45735,1.10307,-0.64572,-0.9479,0.2357,0.0708,0.4482,0.1473,-0.2125,-0.0765,1.3581,1.4683,-0.1103
2022-12-31,2022/2023,Newcastle United,Leeds United,0,0,2.78846,0.517099,6.974,6.833,0.141,0.9144,1.30989,-0.11574,1.42564,1.2934,0.3144,-0.0087,0.1632,-0.2815,0.1512,0.2729,2.3094,1.1678,1.1416
2022-12-31,2022/2023,Manchester City,Everton,1,1,2.36333,0.0760019,7.231,6.935,0.296,1.9254,2.24554,-0.40817,2.65371,2.6223,0.517,0.2826,-0.0934,-0.2096,0.6104,0.4922,2.6811,0.6628,2.0182
2023-01-01,2022/2023,Tottenham Hotspur,Aston Villa,0,2,0.569383,1.21733,7.041,6.922,0.119,0.7703,1.2067,0.02329,1.18342,1.0313,0.3086,0.041,0.0122,-0.1223,0.2964,0.1633,1.953,0.958,0.9949
2023-01-01,2022/2023,Nottingham Forest,Chelsea,1,1,0.985219,1.37305,6.794,6.983,-0.189,-1.2369,-0.24383,0.68524,-0.92908,-1.2546,-0.127,-0.2811,0.1139,0.0474,-0.2409,-0.3285,1.0277,1.5184,-0.4907
2023-01-02,2022/2023,Brentford,Liverpool,3,1,2.0991,2.10461,6.899,7.152,-0.253,-1.6494,0.45172,1.10037,-0.64865,-0.9511,0.266,-0.03,0.4919,-0.0127,-0.2258,-0.0173,1.6045,1.7368,-0.1323
2023-01-03,2022/2023,Arsenal,Newcastle United,0,0,0.970637,0.959523,7.019,6.982,0.037,0.2372,1.76104,0.9779,0.78314,0.5982,0.4985,0.1532,0.3341,0.0087,0.1643,0.1445,2.0513,1.1931,0.8581
2023-01-03,2022/2023,Everton,Brighton & Hove Albion,1,4,1.16896,2.50731,6.92,6.898,0.022,0.138,0.23089,0.54487,-0.31398,-0.589,-0.1136,-0.1922,0.2249,0.0062,-0.3385,-0.1985,1.113,1.5138,-0.4008
2023-01-03,2022/2023,Leicester City,Fulham,0,1,1.45221,1.33493,6.892,6.955,-0.063,-0.412,0.57725,0.19598,0.38127,0.1633,-0.0615,-0.0768,0.1447,-0.274,-0.2062,0.1972,1.5361,1.2574,0.2788
2023-01-03,2022/2023,Manchester United,Bournemouth,3,0,2.97383,0.679022,7.067,6.675,0.391,2.5442,0.94714,-0.702,1.64914,1.5353,0.2711,0.0296,-0.1198,-0.1966,0.391,0.2262,2.0931,0.822,1.2711
2023-01-04,2022/2023,Aston Villa,Wolverhampton Wanderers,1,1,1.03226,0.832522,6.932,6.917,0.015,0.0909,0.30512,-0.24877,0.55388,0.3501,0.0228,-0.0674,-0.2079,-0.1533,0.2307,0.0859,1.4949,0.8675,0.6274
2023-01-04,2022/2023,Crystal Palace,Tottenham Hotspur,0,4,0.787525,1.66514,6.906,6.965,-0.059,-0.3879,0.37687,0.63729,-0.26042,-0.531,-0.0968,-0.0045,0.2525,0.034,-0.3493,-0.0385,1.0902,1.3022,-0.212
2023-01-04,2022/2023,Leeds United,West Ham United,2,2,1.2577,1.29245,6.841,6.906,-0.065,-0.4267,-0.04093,0.018,-0.05893,-0.313,0.1321,-0.2969,0.0711,-0.0026,0.061,-0.2943,1.4208,1.4562,-0.0354
2023-01-04,2022/2023,Southampton,Nottingham Forest,0,1,0.62937,1.22324,6.816,6.789,0.027,0.171,-0.26028,-0.45013,0.18985,-0.0438,-0.008,-0.141,-0.1292,-0.274,0.1211,0.1329,1.6378,1.0087,0.6291
2023-01-05,2022/2023,Chelsea,Manchester City,0,1,0.493576,1.71972,6.998,7.281,-0.283,-1.8431,0.81364,1.75687,-0.94324,-1.2699,0.108,0.0482,0.5041,0.2941,-0.3961,-0.2459,1.0045,1.6317,-0.6273
2023-01-12,2022/2023,Fulham,Chelsea,2,1,0.711266,2.39911,6.917,6.994,-0.078,-0.5094,0.17673,0.59767,-0.42093,-0.7047,0.1468,-0.2691,0.088,0.0439,0.0588,-0.3131,1.3742,1.4427,-0.0685
2023-01-13,2022/2023,Aston Villa,Leeds United,2,1,1.64599,2.46295,6.921,6.853,0.068,0.4387,0.24642,-0.00675,0.25317,0.0247,-0.0004,-0.0662,0.1232,-0.29,-0.1236,0.2238,1.6854,1.1988,0.4866
2023-01-14,2022/2023,Brentford,Bournemouth,2,0,1.29815,0.269283,6.937,6.749,0.189,1.2234,0.58475,-0.80265,1.3874,1.252,0.2917,-0.0438,-0.1249,-0.2302,0.4167,0.1864,2.1569,0.9016,1.2552
2023-01-14,2022/2023,Wolverhampton Wanderers,West Ham United,1,0,0.806232,0.735105,6.923,6.889,0.034,0.2154,-0.21623,0.00954,-0.22576,-0.4935,-0.2074,-0.1374,0.0635,0.0027,-0.2709,-0.14,1.0183,1.2176,-0.1993
2023-01-14,2022/2023,Brighton & Hove Albion,Liverpool,3,0,2.40062,1.28853,7.048,7.139,-0.091,-0.5936,0.44567,0.96734,-0.52166,-0.8137,0.2627,0.0046,0.4987,-0.033,-0.236,0.0376,1.664,1.657,0.007
2023-01-14,2022/2023,Nottingham Forest,Leicester City,2,0,1.75313,0.803421,6.786,6.891,-0.105,-0.6846,-0.09883,0.2075,-0.30632,-0.5807,-0.1149,-0.2377,-0.0654,-0.0781,-0.0494,-0.1596,1.1913,1.203,-0.0117
2023-01-14,2022/2023,Manchester United,Manchester City,2,1,1.98228,0.73695,7.085,7.248,-0.162,-1.0589,1.0478,1.76504,-0.71725,-1.0253,0.3016,0.0322,0.5018,0.3095,-0.2002,-0.2772,1.2178,1.6306,-0.4128
2023-01-14,2022/2023,Everton,Southampton,1,2,1.18191,1.08412,6.919,6.797,0.122,0.7918,0.09724,-0.70829,0.80553,0.6224,-0.1101,-0.2205,-0.064,-0.144,-0.0461,-0.0765,1.3136,1.1526,0.1609
2023-01-15,2022/2023,Tottenham Hotspur,Arsenal,0,2,1.71032,2.04232,7.018,7.019,-0.001,-0.0116,1.16403,1.15451,0.00952,-0.2389,0.2613,0.0425,0.4478,0.1593,-0.1865,-0.1168,1.3857,1.5001,-0.1145
2023-01-15,2022/2023,Chelsea,Crystal Palace,1,0,2.12987,0.837366,6.948,6.902,0.046,0.2958,0.73668,0.09035,0.64633,0.4501,0.1237,0.0675,-0.1081,-0.0166,0.2318,0.0841,1.4478,0.8345,0.6133
2023-01-15,2022/2023,Newcastle United,Fulham,1,0,1.96256,0.989872,6.981,6.895,0.086,0.5551,1.25589,0.36653,0.88935,0.7131,0.3227,0.0539,0.1117,-0.2941,0.2111,0.348,2.3429,1.0488,1.2941
2023-01-18,2022/2023,Crystal Palace,Manchester United,1,1,0.413339,1.39437,6.898,7.091,-0.193,-1.2612,0.20149,0.72819,-0.52671,-0.8192,-0.1071,-0.041,0.3292,0.0659,-0.4362,-0.1069,1.0287,1.4818,-0.4531
2023-01-19,2022/2023,Manchester City,Tottenham Hotspur,4,2,2.34166,1.16499,7.195,7.093,0.102,0.6583,2.04281,0.70458,1.33824,1.1988,0.4728,0.2755,0.2711,0.0214,0.2017,0.2541,1.9894,0.9837,1.0057
2023-01-21,2022/2023,Southampton,Aston Villa,0,1,0.672444,1.16432,6.795,6.907,-0.113,-0.7382,-0.27789,0.17298,-0.45088,-0.7371,-0.0665,-0.1393,-0.0025,-0.0991,-0.064,-0.0402,1.2756,1.1622,0.1134
2023-01-21,2022/2023,Leicester City,Brighton & Hove Albion,2,2,1.35941,1.94491,6.856,6.976,-0.12,-0.782,0.39099,0.77524,-0.38425,-0.665,-0.0801,-0.0909,0.2982,0.0193,-0.3783,-0.1102,1.117,1.4969,-0.3799
2023-01-21,2022/2023,West Ham United,Everton,2,0,2.46879,0.286826,6.926,6.937,-0.011,-0.0775,0.07638,-0.44085,0.51723,0.3105,0.0451,0.0078,-0.1148,-0.217,0.1599,0.2248,1.6242,0.8859,0.7383
2023-01-21,2022/2023,Liverpool,Chelsea,0,0,1.30125,1.84467,7.029,7.089,-0.06,-0.3944,1.27047,0.52244,0.74803,0.5602,0.4826,-0.0633,0.1496,0.0668,0.333,-0.1301,1.883,1.2462,0.6368
2023-01-21,2022/2023,Crystal Palace,Newcastle United,0,0,0.333154,1.44384,6.905,6.983,-0.078,-0.5132,0.25812,1.06213,-0.80401,-1.1192,-0.1323,-0.0375,0.3009,0.0548,-0.4332,-0.0923,1.0282,1.4158,-0.3876
2023-01-21,2022/2023,Bournemouth,Nottingham Forest,1,1,1.80549,1.57544,6.756,6.812,-0.056,-0.3691,-0.28846,-0.27133,-0.01713,-0.2678,-0.1518,-0.1945,-0.0721,-0.2252,-0.0797,0.0306,1.3377,1.138,0.1997
2023-01-22,2022/2023,Manchester City,Wolverhampton Wanderers,3,0,3.32757,0.469277,7.213,6.946,0.267,1.732,2.10915,-0.1262,2.23535,2.1696,0.4802,0.267,-0.2151,-0.1231,0.6953,0.3901,2.3616,0.5982,1.7634
2023-01-22,2022/2023,Leeds United,Brentford,0,0,0.374736,0.17114,6.825,6.874,-0.049,-0.3218,-0.08033,0.34737,-0.4277,-0.712,0.1726,-0.2863,0.2499,-0.03,-0.0773,-0.2563,1.5235,1.7196,-0.1961
2023-01-22,2022/2023,Arsenal,Manchester United,3,2,2.90273,0.272246,7.02,7.04,-0.02,-0.1373,1.76719,0.67156,1.09563,0.9363,0.4631,0.1462,0.3233,0.0807,0.1399,0.0656,1.83,1.1967,0.6333
2023-01-23,2022/2023,Fulham,Tottenham Hotspur,0,1,1.09339,0.993805,6.954,7.084,-0.129,-0.8461,0.2697,0.63824,-0.36854,-0.648,0.1083,-0.2762,0.2746,0.0048,-0.1663,-0.281,1.3666,1.7618,-0.3952
2023-02-03,2022/2023,Chelsea,Fulham,0,0,1.41471,0.493341,7.124,6.952,0.173,1.1196,0.82653,0.30836,0.51818,0.3115,0.172,0.0933,0.0933,-0.2489,0.0788,0.3422,1.9459,0.9796,0.9663
2023-02-04,2022/2023,Newcastle United,West Ham United,1,1,1.22883,1.27831,6.963,6.921,0.041,0.2651,1.22105,-0.01606,1.23711,1.0894,0.2991,0.0708,0.085,0.0208,0.2141,0.05,1.6611,1.0095,0.6517
2023-02-04,2022/2023,Wolverhampton Wanderers,Liverpool,3,0,2.63328,1.30193,6.874,7.071,-0.197,-1.2875,-0.16903,0.77435,-0.94337,-1.27,-0.2178,-0.1659,0.4558,-0.082,-0.6736,-0.0839,1.0672,1.9066,-0.8395
2023-02-04,2022/2023,Manchester United,Crystal Palace,2,1,2.07035,1.3798,7.056,6.912,0.144,0.9353,1.13155,0.13634,0.99521,0.8277,0.2848,0.0363,-0.1613,-0.0381,0.4461,0.0744,1.7584,0.8068,0.9517
2023-02-04,2022/2023,Brentford,Southampton,3,0,2.36747,0.644385,6.904,6.826,0.078,0.5051,0.61533,-0.63214,1.24747,1.1006,0.182,0.0093,-0.0961,-0.1382,0.278,0.1474,1.7397,0.8917,0.8479
2023-02-04,2022/2023,Brighton & Hove Albion,Bournemouth,1,0,2.55696,0.908298,6.954,6.857,0.097,0.6246,0.56092,-0.86392,1.42484,1.2926,0.3123,0.0124,-0.1251,-0.2029,0.4374,0.2152,2.1189,0.8616,1.2573
2023-02-04,2022/2023,Everton,Arsenal,1,0,2.09191,0.690102,6.935,7.02,-0.084,-0.5527,-0.08801,1.26582,-1.35383,-1.7142,-0.1348,-0.2426,0.5005,0.1739,-0.6353,-0.4165,0.9098,2.1238,-1.214
2023-02-04,2022/2023,Aston Villa,Leicester City,2,4,1.4989,2.49784,6.93,6.967,-0.037,-0.2451,0.35712,0.11059,0.24653,0.0175,-0.0024,-0.0812,-0.0686,-0.1039,0.0662,0.0226,1.3789,1.0172,0.3617
2023-02-05,2022/2023,Nottingham Forest,Leeds United,1,0,0.3325,1.12331,6.81,6.873,-0.064,-0.4185,0.02622,-0.04617,0.07239,-0.1709,-0.0458,-0.2367,0.1107,-0.2359,-0.1564,-0.0008,1.5021,1.4263,0.0758
2023-02-05,2022/2023,Tottenham Hotspur,Manchester City,1,0,1.42168,0.773747,7.081,7.162,-0.081,-0.5287,1.04243,1.74528,-0.70285,-1.0098,0.2405,0.0137,0.5046,0.2674,-0.2641,-0.2537,1.2065,1.6497,-0.4432
2023-02-08,2022/2023,Manchester United,Leeds United,2,2,2.00007,0.554798,6.928,6.842,0.085,0.5499,1.13226,-0.12823,1.26049,1.1147,0.2951,0.0247,0.0967,-0.2027,0.1984,0.2274,2.0798,1.0639,1.0159
2023-02-11,2022/2023,Fulham,Nottingham Forest,2,0,1.69704,0.686824,6.954,6.924,0.03,0.1895,0.24273,-0.21916,0.46189,0.2506,0.0742,-0.2284,-0.1345,-0.2252,0.2087,-0.0032,1.6943,1.0947,0.5996
2023-02-11,2022/2023,Arsenal,Brentford,1,1,1.36738,2.17538,7.017,6.942,0.076,0.4892,1.66869,0.37452,1.29417,1.1512,0.4435,0.1435,0.205,0.0145,0.2385,0.129,1.9393,1.054,0.8853
2023-02-11,2022/2023,West Ham United,Chelsea,1,1,1.07615,0.900465,6.924,7.021,-0.096,-0.6301,0.24586,0.557,-0.31114,-0.5859,0.0944,0.0371,0.1443,0.1052,-0.0499,-0.0681,1.2239,1.1261,0.0978
2023-02-11,2022/2023,Southampton,Wolverhampton Wanderers,1,2,1.30203,0.615651,6.849,6.891,-0.042,-0.2784,-0.41196,-0.09945,-0.3125,-0.5874,-0.1045,-0.1585,-0.13,-0.1419,0.0254,-0.0166,1.2926,1.0342,0.2583
2023-02-11,2022/2023,Crystal Palace,Brighton & Hove Albion,1,1,0.928279,2.64981,6.886,6.917,-0.031,-0.2041,0.33288,0.69828,-0.3654,-0.6446,-0.14,-0.0503,0.3287,0.0112,-0.4687,-0.0615,1.0718,1.4663,-0.3944
2023-02-11,2022/2023,Bournemouth,Newcastle United,1,1,1.54458,1.54853,6.816,6.97,-0.154,-1.0056,-0.2537,0.92272,-1.17642,-1.5222,-0.1221,-0.2181,0.2807,0.0637,-0.4029,-0.2818,1.0202,1.6774,-0.6571
2023-02-11,2022/2023,Leicester City,Tottenham Hotspur,4,1,1.41208,1.11709,6.976,7.03,-0.054,-0.3571,0.51941,0.77729,-0.25788,-0.5283,-0.0137,-0.1064,0.2467,0.0473,-0.2604,-0.1537,1.1697,1.4328,-0.2631
2023-02-12,2022/2023,Leeds United,Manchester United,0,2,1.89163,1.30375,6.814,7.012,-0.198,-1.2958,-0.02167,0.62063,-0.6423,-0.9442,0.0753,-0.1981,0.289,0.0377,-0.2137,-0.2358,1.2689,1.6667,-0.3978
2023-02-12,2022/2023,Manchester City,Aston Villa,3,1,3.60987,0.275348,7.265,6.921,0.344,2.2356,2.10726,0.14765,1.95961,1.8712,0.4742,0.2565,0.0032,-0.1154,0.471,0.3719,2.3511,0.7451,1.606
2023-02-13,2022/2023,Liverpool,Everton,2,0,2.23291,0.402331,7.048,6.909,0.139,0.8985,1.09895,-0.46104,1.55999,1.4388,0.4318,-0.1248,-0.082,-0.1834,0.5138,0.0587,2.3536,1.0266,1.327
2023-02-15,2022/2023,Arsenal,Manchester City,1,3,1.70139,2.00841,7.017,7.251,-0.234,-1.5263,1.57018,1.63703,-0.06685,-0.3216,0.4186,0.1102,0.5086,0.2662,-0.0899,-0.156,1.4174,1.5316,-0.1142
2023-02-18,2022/2023,Brentford,Crystal Palace,1,1,0.610105,1.12202,6.919,6.898,0.021,0.1324,0.79459,0.1643,0.63029,0.4328,0.2432,0.0383,-0.145,-0.0905,0.3883,0.1288,1.7515,0.8305,0.921
2023-02-18,2022/2023,Aston Villa,Arsenal,2,4,0.335752,2.85981,6.963,7.012,-0.048,-0.3184,0.22769,0.99356,-0.76587,-1.078,-0.0134,-0.1728,0.4257,0.0904,-0.4391,-0.2632,1.1215,1.83,-0.7085
2023-02-18,2022/2023,Brighton & Hove Albion,Fulham,0,1,2.71375,0.224214,7.057,6.94,0.117,0.7568,0.48391,0.43575,0.04816,-0.1971,0.3683,0.0151,0.0737,-0.2177,0.2946,0.2328,2.2802,1.0458,1.2344
2023-02-18,2022/2023,Chelsea,Southampton,0,1,1.61723,0.619532,7.097,6.794,0.303,1.9712,0.74533,-0.79109,1.53642,1.4133,0.1362,0.1089,-0.1032,-0.148,0.2394,0.2569,1.7239,0.7802,0.9437
2023-02-18,2022/2023,Nottingham Forest,Manchester City,1,1,1.12735,2.80966,6.876,7.269,-0.394,-2.567,0.03685,1.75539,-1.71854,-2.1088,-0.1558,-0.2234,0.5183,0.2511,-0.6742,-0.4745,0.7948,2.2006,-1.4058
2023-02-18,2022/2023,Newcastle United,Liverpool,0,2,1.74852,2.16549,6.981,7.082,-0.101,-0.6594,1.0623,0.65797,0.40433,0.1883,0.274,0.0504,0.4234,-0.1067,-0.1495,0.1571,1.8093,1.4698,0.3395
2023-02-18,2022/2023,Wolverhampton Wanderers,Bournemouth,0,1,0.911415,1.15274,6.86,6.88,-0.021,-0.1383,0.0258,-0.75309,0.77889,0.5936,-0.1456,-0.141,-0.0947,-0.212,-0.0509,0.0711,1.334,1.05,0.2841
2023-02-18,2022/2023,Everton,Leeds United,1,0,1.53811,0.597403,6.925,6.793,0.131,0.8519,0.00658,-0.09831,0.10489,-0.1357,-0.1116,-0.1768,0.1047,-0.1853,-0.2163,0.0085,1.3685,1.3047,0.0638
2023-02-19,2022/2023,Tottenham Hotspur,West Ham United,2,0,1.43042,0.365173,6.979,6.902,0.078,0.5013,1.05999,0.10543,0.95456,0.7837,0.2329,0.0401,0.0872,0.0429,0.1457,-0.0028,1.5272,1.0386,0.4887
2023-02-19,2022/2023,Manchester United,Leicester City,3,0,4.24663,1.39678,6.944,6.941,0.003,0.0176,1.10234,0.33072,0.77163,0.5857,0.2733,0.0183,-0.0025,-0.096,0.2758,0.1143,1.811,0.9791,0.832
2023-02-24,2022/2023,Fulham,Wolverhampton Wanderers,1,1,0.913133,0.997097,6.934,6.864,0.07,0.4511,0.40855,-0.10762,0.51617,0.3093,0.0435,-0.2328,-0.1656,-0.142,0.209,-0.0908,1.5191,1.0608,0.4583
2023-02-25,2022/2023,Leicester City,Arsenal,0,1,0.0203463,0.722059,6.873,7.014,-0.14,-0.9159,0.57791,1.0897,-0.51179,-0.803,0.0138,-0.1835,0.4602,0.1127,-0.4465,-0.2963,1.1147,1.9359,-0.8212
2023-02-25,2022/2023,Everton,Aston Villa,0,2,1.54109,2.06037,6.925,6.905,0.02,0.1257,0.08692,0.07768,0.00924,-0.2392,-0.1021,-0.1574,-0.049,-0.2092,-0.0531,0.0519,1.3962,1.1119,0.2843
2023-02-25,2022/2023,Crystal Palace,Liverpool,0,0,0.989086,1.35123,6.896,7.162,-0.266,-1.7354,0.41869,0.78662,-0.36793,-0.6474,-0.1339,-0.0455,0.4431,-0.1031,-0.5769,0.0576,1.1756,1.6827,-0.507
2023-02-25,2022/2023,West Ham United,Nottingham Forest,4,0,3.05032,0.350849,6.95,6.938,0.012,0.072,0.2251,-0.25121,0.47631,0.2662,0.0602,0.046,-0.1367,-0.2476,0.1969,0.2935,1.7048,0.832,0.8729
2023-02-25,2022/2023,Leeds United,Southampton,1,0,0.720048,0.391128,6.777,6.789,-0.012,-0.0796,-0.17613,-0.66,0.48386,0.2743,0.0731,-0.1881,-0.1081,-0.143,0.1812,-0.0451,1.551,1.0848,0.4663
2023-02-25,2022/2023,Bournemouth,Manchester City,1,4,1.08527,2.98206,6.855,7.172,-0.317,-2.0681,-0.08374,1.64277,-1.72651,-2.1174,-0.0893,-0.199,0.5309,0.2403,-0.6202,-0.4393,0.8667,2.1552,-1.2885
2023-02-26,2022/2023,Tottenham Hotspur,Chelsea,2,0,0.926313,0.262281,6.98,7.047,-0.067,-0.4412,1.14788,0.43177,0.71612,0.5257,0.2272,0.057,0.1312,0.1114,0.096,-0.0544,1.3938,1.0857,0.3081
2023-03-01,2022/2023,Liverpool,Wolverhampton Wanderers,2,0,2.70191,0.78681,7.059,6.921,0.138,0.8943,1.20551,-0.05181,1.25731,1.1113,0.4284,-0.0967,-0.167,-0.1217,0.5954,0.025,2.2052,0.9169,1.2883
2023-03-01,2022/2023,Arsenal,Everton,4,0,3.06919,1.604,7.015,6.936,0.079,0.5104,1.55164,-0.53725,2.0889,2.0111,0.409,0.1438,-0.0937,-0.1774,0.5026,0.3212,2.2706,0.7813,1.4893
2023-03-04,2022/2023,Arsenal,Bournemouth,3,2,2.46279,1.74267,7.022,6.84,0.181,1.1763,1.66945,-0.70391,2.37336,2.3189,0.4342,0.1249,-0.0781,-0.2302,0.5123,0.355,2.4849,0.7989,1.686
2023-03-04,2022/2023,Aston Villa,Crystal Palace,1,0,0.890605,0.152761,6.891,6.919,-0.028,-0.1851,0.2117,0.25733,-0.04563,-0.2986,-0.0117,-0.2116,-0.1422,-0.0328,0.1305,-0.1788,1.2738,1.0754,0.1984
2023-03-04,2022/2023,Wolverhampton Wanderers,Tottenham Hotspur,1,0,0.562477,1.25588,6.906,6.953,-0.046,-0.3059,-0.09901,0.75938,-0.85839,-1.1781,-0.1714,-0.1415,0.2076,0.0789,-0.379,-0.2203,0.9689,1.4258,-0.4568
2023-03-04,2022/2023,Southampton,Leicester City,1,0,1.34332,1.67051,6.827,6.887,-0.061,-0.3987,-0.42982,0.16985,-0.59967,-0.8981,-0.136,-0.1155,-0.0375,-0.1362,-0.0985,0.0207,1.2427,1.0891,0.1536
2023-03-04,2022/2023,Chelsea,Leeds United,1,0,1.8678,0.633995,6.981,6.834,0.147,0.9532,0.54884,-0.14143,0.69027,0.4977,0.1017,0.1274,0.0333,-0.1714,0.0685,0.2988,1.6734,0.8944,0.779
2023-03-04,2022/2023,Manchester City,Newcastle United,2,0,1.34144,0.359809,7.23,6.984,0.246,1.5952,2.18211,0.7432,1.43891,1.3078,0.5499,0.232,0.2688,0.0259,0.2811,0.206,2.176,1.0077,1.1684
2023-03-04,2022/2023,Brighton & Hove Albion,West Ham United,4,0,3.49993,0.250045,6.997,6.963,0.034,0.2183,0.39589,0.11426,0.28163,0.0555,0.3887,0.0374,0.1282,0.0554,0.2605,-0.018,1.7534,1.0906,0.6628
2023-03-05,2022/2023,Nottingham Forest,Everton,2,2,0.799733,1.70877,6.911,6.934,-0.023,-0.1523,0.05274,-0.65506,0.7078,0.5167,-0.1559,-0.2905,-0.0615,-0.2082,-0.0944,-0.0823,1.3151,1.2609,0.0541
2023-03-05,2022/2023,Liverpool,Manchester United,7,0,3.44269,0.837542,7.102,7.048,0.054,0.3485,1.27706,0.80495,0.4721,0.2616,0.444,-0.0927,0.3753,0.0079,0.0688,-0.1006,1.9481,1.5867,0.3614
2023-03-06,2022/2023,Brentford,Fulham,3,2,2.44358,1.67531,6.975,6.958,0.017,0.1097,0.73039,0.48656,0.24383,0.0146,0.1901,0.0322,0.0148,-0.2295,0.1753,0.2616,1.9077,0.9808,0.9269
2023-03-11,2022/2023,Bournemouth,Liverpool,1,0,1.10128,2.13465,6.815,7.067,-0.252,-1.6459,-0.11379,0.90178,-1.01558,-1.3482,-0.0353,-0.2272,0.5006,-0.0627,-0.5359,-0.1645,1.2481,2.134,-0.8859
2023-03-11,2022/2023,Leeds United,Brighton & Hove Albion,2,2,0.596738,1.51388,6.834,7.045,-0.212,-1.3823,-0.14545,0.69472,-0.84017,-1.1584,0.0244,-0.1761,0.4596,0.0613,-0.4352,-0.2374,1.176,1.9367,-0.7607
2023-03-11,2022/2023,Everton,Brentford,1,0,1.71599,1.95088,6.932,6.98,-0.048,-0.3184,-0.06561,0.47848,-0.54409,-0.838,-0.0388,-0.1934,0.2152,0.0154,-0.254,-0.2088,1.1786,1.5135,-0.3349
2023-03-11,2022/2023,Tottenham Hotspur,Nottingham Forest,3,1,1.73482,1.62805,6.949,6.879,0.07,0.4501,1.16836,-0.44254,1.6109,1.4939,0.2,0.0882,-0.1837,-0.2998,0.3837,0.388,2.08,0.7557,1.3243
2023-03-11,2022/2023,Leicester City,Chelsea,1,3,2.36139,1.49478,6.894,6.907,-0.013,-0.0857,0.45158,0.35879,0.09279,-0.1488,-0.0167,-0.1376,0.1092,0.1326,-0.1259,-0.2703,1.0762,1.282,-0.2058
2023-03-11,2022/2023,Crystal Palace,Manchester City,0,1,0.185498,2.1884,6.896,7.177,-0.281,-1.83,0.40334,1.77996,-1.37662,-1.7388,-0.1771,-0.0215,0.5172,0.2513,-0.6943,-0.2728,0.7885,1.7721,-0.9836
2023-03-12,2022/2023,Fulham,Arsenal,0,3,0.61832,2.64355,6.882,7.023,-0.141,-0.921,0.30448,1.15419,-0.84971,-1.1687,0.0382,-0.2462,0.4297,0.1027,-0.3914,-0.3489,1.1537,1.9991,-0.8454
2023-03-12,2022/2023,Manchester United,Southampton,0,0,0.910911,1.18053,7.009,6.828,0.181,1.1719,1.11675,-0.64309,1.75984,1.6551,0.3397,-0.0578,-0.1297,-0.1282,0.4694,0.0704,2.0416,0.9109,1.1307
2023-03-12,2022/2023,West Ham United,Aston Villa,1,1,2.14634,1.99139,6.938,6.851,0.087,0.5655,0.27206,0.25651,0.01555,-0.2324,0.0966,-0.0147,-0.0295,-0.1881,0.1262,0.1733,1.681,0.9752,0.7059
2023-03-12,2022/2023,Newcastle United,Wolverhampton Wanderers,2,1,2.45527,0.709895,6.973,6.977,-0.004,-0.0283,0.89415,-0.04572,0.93988,0.7678,0.2442,0.0636,-0.1888,-0.1353,0.433,0.1989,1.8281,0.7773,1.0508
2023-03-15,2022/2023,Brighton & Hove Albion,Crystal Palace,1,0,0.588727,1.21452,6.994,6.885,0.109,0.7032,0.49156,0.19879,0.29276,0.0676,0.4398,0.0785,-0.1999,-0.0373,0.6397,0.1159,2.0429,0.7473,1.2956
2023-03-15,2022/2023,Southampton,Brentford,0,2,0.358977,1.66591,6.795,6.973,-0.178,-1.1641,-0.24488,0.37116,-0.61603,-0.9158,-0.1169,-0.0822,0.2292,0.0001,-0.3461,-0.0822,1.0899,1.3947,-0.3048
2023-03-17,2022/2023,Nottingham Forest,Newcastle United,1,2,0.531985,2.50027,6.864,6.978,-0.114,-0.7459,-0.04673,0.68972,-0.73645,-1.0461,-0.1445,-0.2837,0.2691,0.0643,-0.4136,-0.3479,1.0019,1.762,-0.7601
2023-03-18,2022/2023,Wolverhampton Wanderers,Leeds United,2,4,2.76358,1.6549,6.946,6.78,0.167,1.081,0.01169,-0.12759,0.13929,-0.0985,-0.1896,-0.1564,-0.0032,-0.1593,-0.1865,0.003,1.2384,1.1427,0.0957
2023-03-18,2022/2023,Southampton,Tottenham Hotspur,3,3,2.52077,1.88473,6.839,6.949,-0.11,-0.7213,-0.34674,0.67305,-1.01979,-1.3527,-0.1506,-0.0894,0.1835,0.07,-0.3341,-0.1594,0.9905,1.3312,-0.3406
2023-03-18,2022/2023,Chelsea,Everton,2,2,1.90027,1.64675,6.989,6.932,0.057,0.3679,0.66798,-0.51416,1.18214,1.0299,0.1162,0.0942,-0.0122,-0.2048,0.1285,0.299,1.7369,0.893,0.8439
2023-03-18,2022/2023,Aston Villa,Bournemouth,3,0,3.45474,0.50014,6.868,6.814,0.054,0.3464,0.30114,-0.52219,0.82333,0.6417,0.0065,-0.2025,-0.044,-0.2253,0.0505,0.0228,1.588,1.1643,0.4237
2023-03-18,2022/2023,Brentford,Leicester City,1,1,0.476467,1.42133,6.957,6.889,0.067,0.4334,0.79913,-0.02068,0.8198,0.6379,0.236,0.0196,0.0361,-0.1422,0.1999,0.1618,1.8412,1.0086,0.8327
2023-03-19,2022/2023,Arsenal,Crystal Palace,4,1,1.53568,1.19194,7.023,6.903,0.12,0.7785,1.65027,0.12948,1.52079,1.3964,0.4484,0.1187,-0.1834,0.0228,0.6318,0.0959,1.9429,0.7288,1.2142
2023-04-01,2022/2023,Manchester City,Liverpool,4,1,3.01243,0.318171,7.224,7.114,0.11,0.712,2.21198,0.78141,1.43056,1.2987,0.5238,0.2649,0.4963,-0.0577,0.0275,0.3225,2.2678,1.2441,1.0237
2023-04-01,2022/2023,Brighton & Hove Albion,Brentford,3,3,3.8195,1.2788,7.022,6.948,0.074,0.4759,0.56088,0.42225,0.13862,-0.0992,0.3697,0.0683,0.1744,0.009,0.1953,0.0593,1.8108,1.1023,0.7085
2023-04-01,2022/2023,Bournemouth,Fulham,2,1,3.14054,0.601049,6.8,6.898,-0.098,-0.642,-0.07611,0.33189,-0.40799,-0.6907,-0.0773,-0.2758,0.0128,-0.2674,-0.0902,-0.0083,1.4958,1.3503,0.1455
2023-04-01,2022/2023,Crystal Palace,Leicester City,2,1,1.93471,0.198959,6.884,6.864,0.02,0.1256,0.33106,0.05547,0.27558,0.049,-0.1649,0.0384,0.053,-0.0912,-0.218,0.1296,1.1652,1.0124,0.1527
2023-04-01,2022/2023,Chelsea,Aston Villa,0,2,2.38024,0.765794,6.937,6.901,0.036,0.2278,0.57399,0.3415,0.2325,0.0024,0.1221,0.0747,0.0976,-0.1839,0.0245,0.2586,1.7066,1.0189,0.6877
2023-04-01,2022/2023,Arsenal,Leeds United,4,1,3.29548,0.497609,7.046,6.783,0.263,1.7087,1.75546,-0.00439,1.75984,1.6551,0.4311,0.108,0.0174,-0.1953,0.4136,0.3033,2.4158,0.8853,1.5305
2023-04-01,2022/2023,Nottingham Forest,Wolverhampton Wanderers,1,1,1.11441,0.383739,6.73,6.939,-0.209,-1.3623,-0.07974,-0.13649,0.05675,-0.1878,-0.1686,-0.3065,-0.1135,-0.1673,-0.0551,-0.1392,1.219,1.2435,-0.0245
2023-04-02,2022/2023,Newcastle United,Manchester United,2,0,3.33162,0.334127,6.991,7.008,-0.017,-0.1152,0.92479,0.56302,0.36177,0.1422,0.295,0.0748,0.2951,-0.0633,-0.0001,0.1381,1.787,1.2491,0.5379
2023-04-02,2022/2023,West Ham United,Southampton,1,0,1.40363,0.318261,6.939,6.81,0.128,0.832,0.26975,-0.53943,0.80918,0.6264,0.1199,-0.0388,-0.0801,-0.1043,0.2,0.0654,1.5899,0.945,0.6449
2023-04-03,2022/2023,Everton,Tottenham Hotspur,1,1,0.823365,1.39177,6.93,7.012,-0.082,-0.5399,0.10438,0.58638,-0.482,-0.7708,0.0173,-0.2084,0.1984,0.0294,-0.1811,-0.2378,1.2242,1.5169,-0.2927
2023-04-04,2022/2023,Leeds United,Nottingham Forest,2,1,2.43248,0.613917,6.773,6.743,0.031,0.1974,-0.05025,-0.51517,0.46492,0.2539,0.0018,-0.2307,-0.1733,-0.2821,0.1751,0.0514,1.6683,1.0553,0.613
2023-04-04,2022/2023,Leicester City,Aston Villa,1,2,0.671597,1.00159,6.933,6.894,0.039,0.2503,0.33324,0.46671,-0.13347,-0.3937,0.0207,-0.1094,0.0876,-0.2062,-0.0669,0.0968,1.5774,1.2121,0.3653
2023-04-04,2022/2023,Chelsea,Liverpool,0,0,2.18903,0.202217,7.012,7.052,-0.04,-0.2624,0.44878,0.67328,-0.2245,-0.4922,0.1526,0.0812,0.4594,-0.0937,-0.3068,0.1749,1.5934,1.4667,0.1267
2023-04-04,2022/2023,Bournemouth,Brighton & Hove Albion,0,2,1.15322,2.63392,6.83,7.027,-0.197,-1.2867,0.02662,0.65106,-0.62444,-0.9249,0.0262,-0.2545,0.4514,0.0624,-0.4252,-0.3169,1.1789,2.0738,-0.8949
2023-04-05,2022/2023,Manchester United,Brentford,1,0,1.1445,0.64499,6.985,6.937,0.048,0.3057,0.92946,0.44109,0.48837,0.2792,0.2616,-0.1247,0.1785,-0.0749,0.0831,-0.0499,1.7619,1.3466,0.4153
2023-04-05,2022/2023,West Ham United,Newcastle United,1,5,0.83342,2.84091,6.944,6.981,-0.036,-0.2392,0.29479,0.79623,-0.50144,-0.7918,0.1109,-0.0237,0.3614,0.1013,-0.2505,-0.125,1.258,1.4762,-0.2182
2023-04-08,2022/2023,Brentford,Newcastle United,1,2,2.06521,1.02337,6.936,6.981,-0.044,-0.2933,0.69856,0.94105,-0.24248,-0.5116,0.1486,-0.0499,0.4055,0.1131,-0.2569,-0.163,1.2898,1.5853,-0.2955
2023-04-08,2022/2023,Aston Villa,Nottingham Forest,2,0,1.42718,0.232452,6.894,6.806,0.088,0.5662,0.56117,-0.57245,1.13362,0.9774,0.0782,-0.175,-0.1933,-0.3046,0.2715,0.1296,1.8542,0.9718,0.8825
2023-04-08,2022/2023,Manchester United,Everton,2,0,4.38578,0.949183,6.987,6.907,0.08,0.5168,0.98492,-0.38477,1.36969,1.2329,0.233,-0.1016,-0.0033,-0.2028,0.2362,0.1012,1.9535,1.093,0.8605
2023-04-08,2022/2023,Fulham,West Ham United,0,1,0.456524,1.23261,6.892,6.943,-0.051,-0.3341,0.11255,-0.11434,0.22688,-0.0037,-0.0177,-0.3108,0.0914,-0.0718,-0.1091,-0.239,1.3131,1.5043,-0.1913
2023-04-08,2022/2023,Southampton,Manchester City,1,4,0.492801,3.05999,6.798,7.215,-0.417,-2.72,-0.27676,1.808,-2.08476,-2.5051,-0.1049,-0.0973,0.5462,0.2993,-0.6512,-0.3966,0.7948,2.0003,-1.2056
2023-04-08,2022/2023,Leicester City,Bournemouth,0,1,0.731965,1.92396,6.919,6.803,0.116,0.7524,0.25446,-0.64544,0.8999,0.7245,-0.032,-0.1029,0.0246,-0.2725,-0.0566,0.1697,1.614,1.1205,0.4935
2023-04-08,2022/2023,Wolverhampton Wanderers,Chelsea,1,0,0.601153,0.815308,6.879,7.026,-0.146,-0.9558,-0.10607,0.35404,-0.46011,-0.7471,-0.1517,-0.1631,0.1796,0.1299,-0.3313,-0.293,0.928,1.4337,-0.5057
2023-04-08,2022/2023,Tottenham Hotspur,Brighton & Hove Albion,2,1,0.594139,1.47549,7.009,7.014,-0.005,-0.0334,1.12035,0.75262,0.36774,0.1487,0.192,0.0418,0.4695,0.0626,-0.2775,-0.0208,1.4234,1.5346,-0.1112
2023-04-09,2022/2023,Leeds United,Crystal Palace,1,5,1.02075,3.22687,6.797,6.89,-0.093,-0.6119,0.00702,0.07123,-0.06421,-0.3187,0.0415,-0.2195,-0.1278,0.0559,0.1693,-0.2754,1.2198,1.1084,0.1115
2023-04-09,2022/2023,Liverpool,Arsenal,2,2,4.64012,1.53631,7.1,7.047,0.053,0.3386,1.27158,1.41201,-0.14043,-0.4012,0.414,-0.1141,0.4578,0.1169,-0.0439,-0.231,1.6948,1.7606,-0.0658
2023-04-15,2022/2023,Southampton,Crystal Palace,0,2,0.678449,0.86306,6.799,6.903,-0.105,-0.6858,-0.35816,0.22062,-0.57878,-0.8755,-0.1176,-0.1382,-0.0386,0.0607,-0.0791,-0.1988,1.034,1.1187,-0.0846
2023-04-15,2022/2023,Wolverhampton Wanderers,Brentford,2,0,0.93912,1.5133,6.887,6.921,-0.035,-0.2286,-0.00154,0.33732,-0.33886,-0.6159,-0.1644,-0.143,0.1788,-0.0295,-0.3432,-0.1134,1.089,1.3853,-0.2963
2023-04-15,2022/2023,Manchester City,Leicester City,3,1,1.60702,1.92692,7.227,6.986,0.241,1.5669,2.37438,-0.1458,2.52019,2.4778,0.5666,0.3045,-0.0742,-0.122,0.6407,0.4265,2.564,0.6654,1.8986
2023-04-15,2022/2023,Chelsea,Brighton & Hove Albion,1,2,0.46331,2.52107,6.92,7.022,-0.103,-0.6726,0.40791,0.68829,-0.28038,-0.5526,0.1562,0.1371,0.4632,0.0929,-0.307,0.0442,1.3171,1.4027,-0.0857
2023-04-15,2022/2023,Aston Villa,Newcastle United,3,0,1.91802,0.425086,6.919,6.984,-0.065,-0.427,0.63994,1.01351,-0.37356,-0.6534,0.0561,-0.1574,0.3803,0.0883,-0.3242,-0.2457,1.2025,1.7255,-0.5231
2023-04-15,2022/2023,Everton,Fulham,1,3,2.24262,1.92209,6.932,6.917,0.015,0.0936,0.11468,0.16527,-0.05059,-0.304,-0.0102,-0.2896,-0.0558,-0.3003,0.0456,0.0107,1.6755,1.2613,0.4142
2023-04-15,2022/2023,Tottenham Hotspur,Bournemouth,2,3,2.30604,1.20598,7.012,6.855,0.157,1.0165,1.18469,-0.52791,1.7126,1.6039,0.1579,0.0438,0.0628,-0.2446,0.0952,0.2884,1.9069,1.0004,0.9065
2023-04-16,2022/2023,Nottingham Forest,Manchester United,0,2,1.05289,3.33747,6.734,7.043,-0.309,-2.0182,-0.1786,0.53253,-0.71113,-1.0187,-0.2281,-0.287,0.3276,-0.097,-0.5557,-0.19,1.0579,1.9185,-0.8606
2023-04-16,2022/2023,West Ham United,Arsenal,2,2,1.96095,2.71782,6.93,7.028,-0.098,-0.6411,0.21387,1.39296,-1.17908,-1.5251,0.0783,-0.0442,0.4456,-0.0152,-0.3673,-0.029,1.3582,1.6513,-0.2931
2023-04-17,2022/2023,Leeds United,Liverpool,1,6,1.16748,2.65476,6.811,7.098,-0.287,-1.8736,-0.14237,0.65716,-0.79953,-1.1144,0.0324,-0.2654,0.5336,-0.1044,-0.5012,-0.161,1.3866,2.301,-0.9144
2023-04-21,2022/2023,Arsenal,Southampton,3,3,2.39609,1.43063,7.035,6.794,0.241,1.5646,1.77656,-0.68753,2.46409,2.4171,0.4723,-0.0367,-0.1332,-0.1309,0.6055,0.0943,2.3542,0.8823,1.4719
2023-04-22,2022/2023,Leicester City,Wolverhampton Wanderers,2,1,2.66929,0.59626,6.893,6.896,-0.002,-0.0179,0.17436,0.02629,0.14807,-0.089,-0.031,-0.0757,-0.1701,-0.1455,0.1391,0.0698,1.4029,0.9102,0.4927
2023-04-22,2022/2023,Fulham,Leeds United,2,1,1.43763,1.07482,6.928,6.828,0.1,0.6454,0.09588,-0.26338,0.35926,0.1395,-0.028,-0.3153,0.02,-0.2776,-0.048,-0.0377,1.6253,1.3818,0.2435
2023-04-22,2022/2023,Liverpool,Nottingham Forest,3,2,3.32745,0.724666,7.115,6.743,0.372,2.4201,1.39185,-0.71676,2.10861,2.0324,0.543,-0.0968,-0.2264,-0.336,0.7694,0.2392,3.151,0.8404,2.3106
2023-04-22,2022/2023,Crystal Palace,Everton,0,0,0.368137,0.433712,6.907,6.939,-0.032,-0.213,0.56985,-0.52814,1.098,0.9389,-0.0481,0.0684,0.0239,-0.3038,-0.072,0.3722,1.6099,0.9602,0.6497
2023-04-22,2022/2023,Brentford,Aston Villa,1,1,2.03162,1.66602,6.943,6.931,0.012,0.0769,0.54118,0.69357,-0.15239,-0.4141,0.1819,-0.0254,0.0871,-0.1088,0.0949,0.0834,1.6761,1.1175,0.5586
2023-04-23,2022/2023,Newcastle United,Tottenham Hotspur,6,1,3.98532,0.883001,6.964,6.985,-0.021,-0.1418,1.08433,0.48677,0.59757,0.3974,0.3247,0.0668,0.1718,0.038,0.1529,0.0288,1.6626,1.1136,0.5491
2023-04-23,2022/2023,Bournemouth,West Ham United,0,4,0.974687,2.52322,6.837,6.944,-0.108,-0.7058,0.0928,0.04408,0.04872,-0.1965,0.072,-0.2559,0.1082,-0.0849,-0.0361,-0.171,1.4454,1.4579,-0.0125
2023-04-25,2022/2023,Aston Villa,Fulham,1,0,0.839159,0.079864,6.923,6.919,0.004,0.0235,0.76961,0.32731,0.4423,0.2294,0.106,-0.1202,-0.0371,-0.3042,0.1432,0.184,1.887,1.0862,0.8008
2023-04-25,2022/2023,Leeds United,Leicester City,1,1,2.09645,2.08594,6.822,6.92,-0.097,-0.6384,-0.33746,-0.03769,-0.29976,-0.5736,0.0053,-0.2694,0.032,-0.0689,-0.0268,-0.2006,1.3321,1.3678,-0.0357
2023-04-25,2022/2023,Wolverhampton Wanderers,Crystal Palace,2,0,1.12829,0.580294,6.887,6.962,-0.075,-0.4913,0.07387,0.2636,-0.18973,-0.4545,-0.1803,-0.182,-0.1129,0.0796,-0.0673,-0.2616,0.9564,1.0812,-0.1248
2023-04-26,2022/2023,Nottingham Forest,Brighton & Hove Albion,3,1,2.43846,2.33064,6.775,7.004,-0.229,-1.4972,-0.21638,0.75839,-0.97477,-1.304,-0.2303,-0.3414,0.4945,0.1213,-0.7248,-0.4627,0.8567,2.371,-1.5144
2023-04-26,2022/2023,Chelsea,Brentford,0,2,1.21124,0.695344,7.059,6.919,0.14,0.9061,0.3378,0.22361,0.11419,-0.1257,0.1192,0.0942,0.198,-0.0398,-0.0788,0.134,1.4918,1.0912,0.4006
2023-04-26,2022/2023,West Ham United,Liverpool,1,2,0.939348,1.7045,6.956,7.137,-0.181,-1.1792,0.40804,0.74844,-0.34041,-0.6176,0.1522,-0.0686,0.5447,-0.0937,-0.3925,0.025,1.5662,1.8869,-0.3208
2023-04-26,2022/2023,Manchester City,Arsenal,4,1,2.01168,0.398372,7.206,7.045,0.16,1.0406,2.31825,1.21258,1.10567,0.9472,0.5329,0.2739,0.4695,-0.0497,0.0635,0.3235,2.2842,1.1931,1.0911
2023-04-27,2022/2023,Southampton,Bournemouth,0,1,0.477034,0.988554,6.825,6.922,-0.097,-0.6335,-0.37484,-0.49413,0.11929,-0.1201,-0.1053,-0.1316,0.0454,-0.2827,-0.1507,0.1511,1.4771,1.2076,0.2696
2023-04-27,2022/2023,Tottenham Hotspur,Manchester United,2,2,2.37239,1.96508,6.954,7.05,-0.096,-0.6295,0.94826,0.63083,0.31743,0.0943,0.1626,-0.0562,0.3768,-0.096,-0.2142,0.0398,1.6023,1.5597,0.0426
2023-04-27,2022/2023,Everton,Newcastle United,1,4,0.777008,2.86368,6.938,6.979,-0.041,-0.269,0.05613,0.9725,-0.91637,-1.2408,0.0032,-0.2628,0.4171,0.0726,-0.4139,-0.3354,1.1618,1.9834,-0.8216
2023-04-29,2022/2023,Crystal Palace,West Ham United,4,3,2.31888,1.98262,6.915,6.948,-0.033,-0.2214,0.39666,0.1504,0.24626,0.0172,-0.1309,0.075,0.118,-0.0605,-0.2488,0.1355,1.1617,1.0481,0.1136
2023-04-29,2022/2023,Brentford,Nottingham Forest,2,1,1.32059,0.939693,6.91,6.799,0.111,0.7207,0.64346,-0.53389,1.17735,1.0248,0.183,-0.0298,-0.1541,-0.3369,0.3372,0.3071,2.1328,0.8715,1.2613
2023-04-29,2022/2023,Brighton & Hove Albion,Wolverhampton Wanderers,6,0,3.60471,0.603985,6.864,6.932,-0.069,-0.4509,0.52153,0.03119,0.49034,0.2814,0.4886,0.0836,-0.1714,-0.1683,0.66,0.2519,2.394,0.7814,1.6126
2023-04-30,2022/2023,Liverpool,Tottenham Hotspur,4,3,2.42911,1.44927,7.116,7.0,0.116,0.7518,1.34518,0.30762,1.03756,0.8735,0.5338,-0.071,0.1958,-0.071,0.338,-0.0,2.3231,1.2879,1.0352
2023-04-30,2022/2023,Manchester United,Aston Villa,1,0,1.3056,0.434738,7.037,6.922,0.114,0.7411,1.14029,0.71238,0.42791,0.2138,0.3891,-0.1237,0.0467,-0.0948,0.3424,-0.0289,2.0582,1.1698,0.8885
2023-04-30,2022/2023,Newcastle United,Southampton,3,1,3.91457,0.897175,6.991,6.805,0.187,1.2128,1.31915,-0.6186,1.93775,1.8476,0.4495,0.0829,-0.1625,-0.1251,0.612,0.208,2.2729,0.7652,1.5077
2023-04-30,2022/2023,Bournemouth,Leeds United,4,1,2.51723,1.33691,6.847,6.799,0.048,0.3088,0.0032,-0.30382,0.30702,0.083,0.0357,-0.2527,0.0418,-0.2863,-0.0061,0.0336,1.7368,1.3349,0.4019
2023-04-30,2022/2023,Fulham,Manchester City,1,2,0.431813,2.32338,6.864,7.189,-0.326,-2.1239,0.12147,1.93024,-1.80877,-2.2065,-0.0746,-0.2652,0.5185,0.302,-0.5931,-0.5672,0.826,2.2764,-1.4504
2023-05-01,2022/2023,Leicester City,Everton,2,2,3.32486,3.28648,6.94,6.926,0.014,0.0847,0.22786,-0.51913,0.74698,0.5591,0.0624,-0.0899,-0.0157,-0.2931,0.0781,0.2032,1.7884,1.0753,0.7132
2023-05-02,2022/2023,Arsenal,Chelsea,3,1,2.7832,0.785202,7.042,7.046,-0.004,-0.033,1.56853,0.12099,1.44753,1.3171,0.4396,-0.0349,0.1065,0.1051,0.3332,-0.14,1.7477,1.1526,0.5951
2023-05-03,2022/2023,Manchester City,West Ham United,3,0,2.99908,0.492075,7.189,6.855,0.334,2.1732,2.38529,0.07817,2.30712,2.2472,0.5153,0.31,0.1477,-0.0909,0.3676,0.4008,2.3876,0.817,1.5706
2023-05-03,2022/2023,Liverpool,Fulham,1,0,1.67372,0.740125,7.133,6.912,0.221,1.4368,1.3397,0.31867,1.02103,0.8556,0.5332,-0.0752,-0.0895,-0.2648,0.6227,0.1896,2.854,0.9602,1.8938
2023-05-04,2022/2023,Brighton & Hove Albion,Manchester United,1,0,2.09953,1.32105,7.013,7.036,-0.023,-0.1536,0.68256,0.70932,-0.02677,-0.2782,0.544,0.0867,0.3514,-0.1019,0.1926,0.1886,2.3807,1.3066,1.0741
2023-05-06,2022/2023,Liverpool,Brentford,1,0,1.992,0.183892,7.109,6.916,0.193,1.2537,1.33659,0.33061,1.00598,0.8393,0.4789,-0.0695,0.1425,-0.031,0.3364,-0.0384,2.1324,1.2081,0.9243
2023-05-06,2022/2023,Bournemouth,Chelsea,1,3,1.21755,1.76852,6.812,6.978,-0.166,-1.0838,0.13697,0.0624,0.07456,-0.1685,0.0799,-0.2506,0.0907,0.059,-0.0109,-0.3095,1.2528,1.4349,-0.1822
2023-05-06,2022/2023,Wolverhampton Wanderers,Aston Villa,1,0,0.80605,1.50158,6.925,6.93,-0.005,-0.0397,0.09082,0.65233,-0.56151,-0.8568,-0.1758,-0.2217,0.0169,-0.0632,-0.1928,-0.1585,1.1174,1.2705,-0.1531
2023-05-06,2022/2023,Tottenham Hotspur,Crystal Palace,1,0,1.15665,0.306669,6.96,6.914,0.046,0.2956,0.91345,0.18744,0.72601,0.5364,0.2009,-0.0755,-0.0789,0.0506,0.2798,-0.1261,1.4624,0.9913,0.4711
2023-05-06,2022/2023,Manchester City,Leeds United,2,1,2.83472,0.140924,7.218,6.798,0.421,2.7345,2.45368,-0.43759,2.89128,2.8794,0.5277,0.316,0.0415,-0.3092,0.4862,0.6252,3.0383,0.7228,2.3154
2023-05-07,2022/2023,West Ham United,Manchester United,1,0,1.76618,1.1942,6.913,7.031,-0.118,-0.772,0.24809,0.62231,-0.37422,-0.6542,0.1343,-0.119,0.3488,-0.0874,-0.2145,-0.0316,1.5402,1.6191,-0.0789
2023-05-07,2022/2023,Newcastle United,Arsenal,0,2,1.37224,1.29061,7.006,7.05,-0.044,-0.2931,1.32807,1.13426,0.19381,-0.0395,0.5068,0.0796,0.4702,-0.024,0.0366,0.1036,2.1165,1.4859,0.6306
2023-05-08,2022/2023,Nottingham Forest,Southampton,4,3,1.91326,3.31096,6.79,6.854,-0.064,-0.4225,-0.06262,-0.62752,0.5649,0.362,-0.1497,-0.3067,-0.1559,-0.1908,0.0062,-0.1159,1.2939,1.1718,0.1222
2023-05-08,2022/2023,Fulham,Leicester City,5,3,1.75276,2.92566,6.956,6.921,0.034,0.2191,0.19906,-0.12228,0.32134,0.0985,-0.0975,-0.2106,0.1429,-0.1417,-0.2404,-0.069,1.3133,1.4183,-0.1051
2023-05-08,2022/2023,Brighton & Hove Albion,Everton,1,5,3.23717,2.94223,7.008,6.921,0.087,0.5626,0.76957,-0.44731,1.21688,1.0675,0.5253,0.0855,0.0782,-0.3413,0.447,0.4268,3.0078,0.9826,2.0251
2023-05-13,2022/2023,Chelsea,Nottingham Forest,2,2,0.999181,1.96797,7.008,6.819,0.189,1.227,0.25726,-0.47761,0.73486,0.5459,0.1032,0.0596,-0.1153,-0.3488,0.2185,0.4084,2.0114,0.8209,1.1905
2023-05-13,2022/2023,Crystal Palace,Bournemouth,2,0,1.40237,0.262022,6.919,6.829,0.089,0.5783,0.44616,-0.39484,0.841,0.6608,-0.1063,0.0606,0.0776,-0.2579,-0.1838,0.3184,1.4718,1.0064,0.4654
2023-05-13,2022/2023,Aston Villa,Tottenham Hotspur,2,1,1.79987,1.18505,6.896,6.973,-0.077,-0.504,0.71664,0.33583,0.38081,0.1628,0.0252,-0.0551,0.1874,-0.059,-0.1622,0.0038,1.3489,1.2863,0.0626
2023-05-13,2022/2023,Manchester United,Wolverhampton Wanderers,2,0,3.10118,0.268789,7.039,6.923,0.115,0.7468,1.07466,-0.05792,1.13258,0.9763,0.3302,-0.0941,-0.1902,-0.226,0.5204,0.1319,2.2126,0.896,1.3166
2023-05-13,2022/2023,Southampton,Fulham,0,2,0.149649,1.27085,6.815,6.962,-0.147,-0.9619,-0.50486,0.39608,-0.90095,-1.2241,-0.054,-0.2048,-0.0771,-0.2467,0.0231,0.0419,1.491,1.1564,0.3346
2023-05-13,2022/2023,Leeds United,Newcastle United,2,2,2.01567,2.35118,6.784,7.01,-0.225,-1.4716,-0.31172,1.01747,-1.3292,-1.6875,0.0196,-0.2969,0.4666,0.086,-0.4471,-0.3829,1.1399,2.2044,-1.0645
2023-05-14,2022/2023,Brentford,West Ham United,2,0,4.42571,0.203312,6.864,6.875,-0.012,-0.081,0.62058,0.07745,0.54312,0.3385,0.0999,-0.0243,0.1453,-0.1036,-0.0454,0.0793,1.5318,1.1866,0.3452
2023-05-14,2022/2023,Everton,Manchester City,0,3,1.18597,1.04338,6.921,7.193,-0.272,-1.775,0.08824,1.82212,-1.73388,-2.1254,0.1606,-0.3489,0.5178,0.3274,-0.3572,-0.6763,1.0254,2.4577,-1.4323
2023-05-14,2022/2023,Arsenal,Brighton & Hove Albion,0,3,0.958651,2.21276,7.043,6.981,0.062,0.3989,1.71005,0.67946,1.03059,0.8659,0.4593,0.0106,0.531,0.0318,-0.0717,-0.0212,1.9331,1.6704,0.2628
2023-05-15,2022/2023,Leicester City,Liverpool,0,3,0.527496,1.77085,6.953,7.128,-0.175,-1.1451,0.08173,0.80832,-0.72658,-1.0354,0.2126,-0.1531,0.47,-0.0392,-0.2574,-0.1139,1.5764,1.9042,-0.3278
2023-05-18,2022/2023,Newcastle United,Brighton & Hove Albion,4,1,4.11359,0.593493,7.007,6.907,0.1,0.6473,1.13711,0.82974,0.30736,0.0834,0.4677,0.0602,0.5474,0.0774,-0.0797,-0.0172,1.8711,1.6086,0.2626
2023-05-20,2022/2023,Bournemouth,Manchester United,0,1,0.815723,1.71783,6.739,7.043,-0.304,-1.9814,-0.04679,0.57336,-0.62014,-0.9203,0.0474,-0.2536,0.3659,-0.0803,-0.3185,-0.1733,1.3713,1.9267,-0.5554
2023-05-20,2022/2023,Fulham,Crystal Palace,2,2,1.95519,1.70785,6.988,6.915,0.073,0.469,0.37077,0.21535,0.15541,-0.0811,-0.0727,-0.209,-0.1086,0.0784,0.036,-0.2874,1.0853,1.0961,-0.0108
2023-05-20,2022/2023,Tottenham Hotspur,Brentford,1,3,1.61667,1.15344,6.926,6.89,0.036,0.2295,0.90526,0.40112,0.50414,0.2963,0.1819,-0.0724,0.2196,0.0028,-0.0377,-0.0752,1.5033,1.3336,0.1698
2023-05-20,2022/2023,Liverpool,Aston Villa,1,1,0.918508,1.46948,7.131,6.918,0.213,1.381,1.41974,0.58673,0.83301,0.6522,0.4618,-0.0013,0.0445,-0.0518,0.4173,0.0505,2.1451,1.0208,1.1243
2023-05-20,2022/2023,Wolverhampton Wanderers,Everton,1,1,1.28976,2.46976,7.023,6.923,0.1,0.6503,0.14615,-0.35297,0.49912,0.2909,-0.2159,-0.2606,0.1675,-0.2903,-0.3833,0.0297,1.3644,1.5162,-0.1519
2023-05-20,2022/2023,Nottingham Forest,Arsenal,1,0,1.1397,0.4902,6.827,7.028,-0.202,-1.3163,0.03396,1.15846,-1.1245,-1.466,-0.068,-0.3121,0.4177,-0.01,-0.4858,-0.3021,1.1527,2.1253,-0.9726
2023-05-21,2022/2023,Brighton & Hove Albion,Southampton,3,1,2.41418,0.863659,6.983,6.816,0.167,1.0808,0.62129,-0.73698,1.35827,1.2205,0.5062,-0.0218,-0.1417,-0.2057,0.6479,0.1839,2.6016,0.8697,1.7319
2023-05-21,2022/2023,West Ham United,Leeds United,3,1,2.48001,0.645828,6.936,6.816,0.12,0.7756,0.27999,-0.25373,0.53371,0.3283,0.1047,-0.1951,0.0633,-0.2996,0.0415,0.1045,1.9019,1.2765,0.6253
2023-05-21,2022/2023,Manchester City,Chelsea,1,0,1.20557,1.15648,7.179,6.995,0.184,1.1938,2.40132,0.13678,2.26455,2.2012,0.4731,0.3192,0.0535,0.0339,0.4196,0.2853,1.9845,0.7501,1.2343
2023-05-22,2022/2023,Newcastle United,Leicester City,0,0,2.05089,0.0839072,6.942,6.887,0.055,0.3559,1.27087,-0.31779,1.58866,1.4698,0.5534,0.0992,0.1503,-0.1464,0.4031,0.2456,2.5362,1.0456,1.4906
2023-05-24,2022/2023,Brighton & Hove Albion,Manchester City,1,1,2.11486,1.92973,6.907,7.33,-0.423,-2.7566,0.68628,1.85464,-1.16836,-1.5135,0.4944,-0.0215,0.4499,0.3062,0.0446,-0.3277,1.4364,1.6852,-0.2488
2023-05-25,2022/2023,Manchester United,Chelsea,4,1,4.92231,1.68364,7.051,6.881,0.17,1.102,1.18305,0.23413,0.94892,0.7776,0.3551,-0.0626,0.0654,0.0705,0.2897,-0.133,1.6975,1.1138,0.5838
2023-05-28,2022/2023,Chelsea,Newcastle United,1,1,2.01924,1.51899,7.007,6.981,0.026,0.1655,0.17029,0.93431,-0.76402,-1.076,0.0873,-0.0579,0.5288,0.1236,-0.4415,-0.1814,1.2106,1.7925,-0.5819
2023-05-28,2022/2023,Arsenal,Wolverhampton Wanderers,5,0,3.02466,0.38772,7.018,6.903,0.115,0.744,1.47785,-0.17307,1.65091,1.5372,0.3544,-0.0095,-0.2178,-0.2868,0.5722,0.2773,2.4089,0.801,1.6079
2023-05-28,2022/2023,Aston Villa,Brighton & Hove Albion,2,1,2.55845,1.23117,6.918,6.908,0.01,0.0615,0.83134,0.80157,0.02976,-0.217,0.0616,0.0009,0.5176,-0.0312,-0.456,0.0322,1.3748,1.6746,-0.2998
2023-05-28,2022/2023,Brentford,Manchester City,1,0,1.43893,1.18649,6.868,7.083,-0.216,-1.4075,0.81201,1.76123,-0.94922,-1.2764,0.2104,-0.001,0.4516,0.273,-0.2412,-0.274,1.1457,1.6136,-0.4679
2023-05-28,2022/2023,Crystal Palace,Nottingham Forest,1,1,1.00786,0.436439,6.914,6.823,0.091,0.5852,0.55309,-0.32462,0.87771,0.7005,-0.0825,0.0544,-0.0682,-0.2522,-0.0143,0.3066,1.4988,0.8751,0.6237
2023-05-28,2022/2023,Everton,Bournemouth,1,0,1.12933,0.432084,6.925,6.745,0.18,1.1701,0.02714,-0.51741,0.54455,0.34,0.2206,-0.286,0.0156,-0.2438,0.205,-0.0423,2.0341,1.3234,0.7108
2023-05-28,2022/2023,Southampton,Liverpool,4,4,1.33964,4.00345,6.766,7.143,-0.377,-2.4584,-0.63855,0.88311,-1.52166,-1.8958,-0.1407,-0.1956,0.4136,-0.0124,-0.5543,-0.1831,1.0524,1.9236,-0.8712
2023-05-28,2022/2023,Leicester City,West Ham United,2,1,2.03013,0.970352,6.914,6.872,0.042,0.2681,0.02816,0.04286,-0.0147,-0.2651,0.1093,-0.1231,0.1339,-0.1761,-0.0246,0.0531,1.6731,1.2867,0.3864
2023-05-28,2022/2023,Manchester United,Fulham,2,1,2.74766,1.88167,6.941,6.955,-0.014,-0.0947,1.30426,0.47253,0.83173,0.6508,0.4643,-0.0769,-0.0388,-0.2201,0.5031,0.1432,2.4768,1.0406,1.4362
2023-05-28,2022/2023,Leeds United,Tottenham Hotspur,1,4,1.19151,2.03315,6.822,6.965,-0.143,-0.936,-0.28171,0.1854,-0.46711,-0.7547,0.0331,-0.3151,0.1851,-0.0662,-0.152,-0.2489,1.3587,1.6775,-0.3188
2023-08-11,2023/2024,Burnley,Manchester City,0,3,0.311032,2.40074,6.889,7.187,-0.298,-1.9421,-0.00402,1.64247,-1.64649,-2.0309,-0.0236,-0.1622,0.4364,0.2602,-0.46,-0.4224,0.9094,1.8855,-0.9761
2023-08-12,2023/2024,Newcastle United,Aston Villa,5,1,4.32208,1.486,7.008,6.924,0.084,0.5437,1.11356,0.7198,0.39377,0.1769,0.5149,0.0981,0.1152,0.0161,0.3997,0.082,2.0815,1.0072,1.0743
2023-08-12,2023/2024,Brighton & Hove Albion,Luton Town,4,1,4.36748,1.88594,6.987,6.921,0.066,0.4237,0.72352,0.0,0.72352,0.5337,0.497,-0.0696,0.0,0.0,0.497,-0.0696,2.0732,1.0638,1.0093
2023-08-12,2023/2024,Sheffield United,Crystal Palace,0,1,0.422704,2.27616,6.871,6.882,-0.011,-0.0739,-0.52629,0.1833,-0.70959,-1.0171,-0.3129,-0.2712,-0.1048,0.0638,-0.2081,-0.335,0.8575,1.1827,-0.3251
2023-08-12,2023/2024,Bournemouth,West Ham United,1,1,1.51025,1.4834,6.784,6.937,-0.154,-1.0035,-0.12508,-0.04357,-0.08151,-0.3374,-0.0289,-0.2091,0.1205,-0.1868,-0.1494,-0.0223,1.4389,1.4162,0.0227
2023-08-12,2023/2024,Everton,Fulham,0,1,2.59001,1.58144,6.912,6.926,-0.014,-0.096,0.07806,0.45012,-0.37206,-0.6518,0.1665,-0.2621,-0.0044,-0.2292,0.1708,-0.0329,1.8556,1.2963,0.5593
2023-08-12,2023/2024,Arsenal,Nottingham Forest,2,1,0.84262,0.966305,6.993,6.841,0.151,0.9805,1.62089,-0.24523,1.86613,1.7701,0.3753,-0.0013,-0.0861,-0.2372,0.4614,0.2358,2.3508,0.9023,1.4484
2023-08-13,2023/2024,Brentford,Tottenham Hotspur,2,2,1.90756,1.45316,6.896,6.997,-0.101,-0.6633,0.93077,0.31642,0.61435,0.4155,0.2208,0.0144,0.1981,-0.0604,0.0227,0.0748,1.6379,1.2165,0.4215
2023-08-13,2023/2024,Chelsea,Liverpool,1,1,1.93258,1.29994,6.987,7.12,-0.133,-0.8687,0.24315,0.77651,-0.53337,-0.8264,0.121,-0.0463,0.4638,-0.0197,-0.3428,-0.0266,1.4179,1.6922,-0.2743
2023-08-14,2023/2024,Manchester United,Wolverhampton Wanderers,1,0,1.97087,1.72228,7.013,6.846,0.167,1.0813,1.32667,-0.31612,1.64279,1.5284,0.4735,-0.0971,-0.2327,-0.3104,0.7062,0.2132,2.7955,0.8561,1.9394
2023-08-18,2023/2024,Nottingham Forest,Sheffield United,2,1,1.37181,0.551038,6.885,6.87,0.016,0.0972,0.26227,-0.79924,1.06152,0.8994,-0.0822,-0.178,-0.3281,-0.2966,0.2459,0.1186,1.5535,0.8591,0.6944
2023-08-19,2023/2024,Wolverhampton Wanderers,Brighton & Hove Albion,1,4,2.68821,3.15562,6.853,6.985,-0.132,-0.8641,0.03968,0.80142,-0.76174,-1.0735,-0.1922,-0.2716,0.504,-0.0759,-0.6962,-0.1957,1.0966,2.2065,-1.1099
2023-08-19,2023/2024,Liverpool,Bournemouth,3,1,3.25448,1.3867,7.125,6.747,0.379,2.4605,1.23368,-0.56065,1.79433,1.6924,0.4476,-0.0369,-0.025,-0.2092,0.4726,0.1723,2.5249,0.9674,1.5575
2023-08-19,2023/2024,Fulham,Brentford,0,3,0.399899,3.46888,6.859,6.924,-0.064,-0.4222,0.37764,0.56875,-0.19111,-0.456,0.0077,-0.2505,0.2313,0.0076,-0.2236,-0.2581,1.2419,1.6315,-0.3896
2023-08-19,2023/2024,Tottenham Hotspur,Manchester United,2,0,2.53904,2.44604,7.066,7.129,-0.063,-0.4156,0.90416,0.67008,0.23408,0.0041,0.2052,-0.0697,0.4357,-0.1146,-0.2305,0.0449,1.7101,1.6703,0.0398
2023-08-19,2023/2024,Manchester City,Newcastle United,1,0,1.22528,0.257154,7.156,7.067,0.089,0.5733,2.22969,0.9588,1.27089,1.126,0.4461,0.275,0.6051,0.0849,-0.159,0.1902,1.8149,1.3765,0.4384
2023-08-20,2023/2024,Aston Villa,Everton,4,0,3.24336,0.721465,6.937,6.929,0.008,0.0451,0.81823,-0.30723,1.12546,0.9686,0.1313,-0.0728,0.2098,-0.2667,-0.0785,0.194,1.8649,1.3254,0.5395
2023-08-20,2023/2024,West Ham United,Chelsea,3,1,1.71234,1.60916,6.97,6.937,0.033,0.2086,0.31943,0.19959,0.11984,-0.1196,0.1221,-0.1874,0.1455,-0.0311,-0.0234,-0.1563,1.4642,1.3897,0.0745
2023-08-21,2023/2024,Crystal Palace,Arsenal,0,1,1.06916,2.20593,6.891,6.991,-0.101,-0.6598,0.49754,1.07844,-0.58091,-0.8778,-0.0638,0.0729,0.3185,-0.0027,-0.3823,0.0757,1.1632,1.2939,-0.1307
2023-08-25,2023/2024,Chelsea,Luton Town,3,0,3.41419,0.465741,6.993,6.851,0.142,0.9203,0.22228,-0.12613,0.34841,0.1278,0.1536,-0.0389,0.577,-0.9747,-0.4234,0.9358,3.9334,1.8204,2.113
2023-08-26,2023/2024,Manchester United,Nottingham Forest,3,2,3.02803,0.960354,7.154,6.877,0.277,1.7992,1.18565,-0.17235,1.358,1.2202,0.4595,-0.1458,-0.0913,-0.1715,0.5508,0.0257,2.431,1.0218,1.4093
2023-08-26,2023/2024,Everton,Wolverhampton Wanderers,0,1,1.89792,1.40228,6.799,6.827,-0.028,-0.1855,-0.07705,-0.33462,0.25756,0.0295,0.1798,-0.3096,-0.1067,-0.3034,0.2865,-0.0062,2.0221,1.2292,0.7929
2023-08-26,2023/2024,Arsenal,Fulham,2,2,3.23088,0.849817,7.008,6.897,0.111,0.7187,1.57402,0.42374,1.15028,0.9955,0.3391,-0.0,-0.0321,-0.302,0.3712,0.302,2.4077,0.9558,1.4519
2023-08-26,2023/2024,Bournemouth,Tottenham Hotspur,0,2,0.483582,2.26115,6.812,7.134,-0.322,-2.1004,-0.13138,0.45548,-0.58686,-0.8843,-0.006,-0.2386,0.2437,-0.0979,-0.2497,-0.1407,1.3201,1.6833,-0.3632
2023-08-26,2023/2024,Brighton & Hove Albion,West Ham United,1,3,1.3743,2.9527,7.001,6.964,0.036,0.2334,0.93321,0.02292,0.91029,0.7358,0.5387,-0.1193,0.1321,-0.1923,0.4066,0.073,2.6105,1.2803,1.3302
2023-08-26,2023/2024,Brentford,Crystal Palace,1,1,0.948011,1.06061,6.94,6.891,0.05,0.3205,0.9581,0.18719,0.77092,0.585,0.3087,0.0315,-0.0677,0.0419,0.3764,-0.0104,1.6437,0.9003,0.7434
2023-08-27,2023/2024,Burnley,Aston Villa,1,3,0.630605,2.83691,6.752,6.923,-0.171,-1.1176,-0.10477,0.66487,-0.76964,-1.082,-0.0516,-0.181,0.1992,-0.0559,-0.2508,-0.1251,1.2314,1.4928,-0.2614
2023-08-27,2023/2024,Sheffield United,Manchester City,1,2,0.762232,3.84804,6.887,7.131,-0.243,-1.5879,-0.55618,1.7207,-2.27688,-2.713,-0.338,-0.2883,0.4232,0.3191,-0.7612,-0.6074,0.6301,2.0971,-1.467
2023-08-27,2023/2024,Newcastle United,Liverpool,1,2,1.62037,0.856121,7.011,7.172,-0.161,-1.0519,1.28209,0.73719,0.54491,0.3404,0.5584,0.1093,0.4679,-0.0468,0.0905,0.1561,2.2485,1.4591,0.7894
2023-09-01,2023/2024,Luton Town,West Ham United,1,2,2.02244,1.22528,6.866,6.947,-0.081,-0.5309,-0.17281,0.16008,-0.33288,-0.6094,0.0613,-0.8751,0.2037,-0.1332,-0.1424,-0.7419,1.5054,2.97,-1.4646
2023-09-02,2023/2024,Brentford,Bournemouth,2,2,3.07185,2.11013,6.963,6.782,0.181,1.174,0.88483,-0.65598,1.54081,1.418,0.277,0.0277,-0.0512,-0.2542,0.3282,0.2819,2.1749,0.9044,1.2705
2023-09-02,2023/2024,Manchester City,Fulham,5,1,2.00152,1.46427,7.133,6.888,0.244,1.5857,2.1307,0.51637,1.61433,1.4976,0.4648,0.3137,-0.036,-0.3316,0.5008,0.6453,2.8569,0.6847,2.1722
2023-09-02,2023/2024,Sheffield United,Everton,2,2,1.575,2.73871,6.975,6.835,0.14,0.906,-0.45834,-0.50858,0.05024,-0.1949,-0.3299,-0.3574,0.1711,-0.311,-0.501,-0.0464,1.2486,1.6685,-0.4199
2023-09-02,2023/2024,Chelsea,Nottingham Forest,0,1,2.28442,1.1505,7.098,6.899,0.199,1.2886,0.35536,-0.13002,0.48538,0.276,0.1391,-0.0189,-0.0937,-0.1935,0.2328,0.1746,1.7871,0.9063,0.8807
2023-09-02,2023/2024,Brighton & Hove Albion,Newcastle United,3,1,1.32258,0.90476,6.987,7.004,-0.017,-0.1144,0.79605,0.921,-0.12496,-0.3844,0.4762,-0.172,0.5239,0.1295,-0.0478,-0.3015,1.7663,2.0098,-0.2435
2023-09-02,2023/2024,Burnley,Tottenham Hotspur,2,5,1.66604,2.39785,6.749,7.168,-0.419,-2.7326,-0.20076,0.55839,-0.75914,-1.0707,-0.0844,-0.2216,0.2633,-0.0722,-0.3477,-0.1494,1.176,1.7074,-0.5314
2023-09-03,2023/2024,Arsenal,Manchester United,3,1,1.90973,0.966109,7.007,7.109,-0.101,-0.6646,1.48139,0.5279,0.9535,0.7825,0.3707,0.0026,0.4778,-0.143,-0.1071,0.1456,2.0666,1.6281,0.4385
2023-09-03,2023/2024,Crystal Palace,Wolverhampton Wanderers,3,2,2.32935,1.13911,6.892,6.837,0.055,0.3552,0.49856,-0.23754,0.7361,0.5473,-0.0613,0.069,-0.0972,-0.2967,0.0359,0.3657,1.594,0.8414,0.7526
2023-09-03,2023/2024,Liverpool,Aston Villa,3,0,2.73138,0.615503,7.112,6.976,0.136,0.8816,1.33197,0.76085,0.57112,0.3688,0.4446,-0.0164,0.248,-0.04,0.1966,0.0237,2.0651,1.2818,0.7833
2023-09-16,2023/2024,Tottenham Hotspur,Sheffield United,2,1,2.15909,0.790655,7.177,6.94,0.237,1.5406,1.17032,-0.73004,1.90036,1.8071,0.2851,-0.0848,-0.3101,-0.3897,0.5952,0.3049,2.5278,0.7761,1.7517
2023-09-16,2023/2024,Wolverhampton Wanderers,Liverpool,1,3,0.538833,2.82701,6.877,7.074,-0.197,-1.2839,-0.04297,0.93062,-0.97359,-1.3027,-0.0852,-0.3141,0.4672,0.0034,-0.5524,-0.3175,1.1188,2.2363,-1.1175
2023-09-16,2023/2024,Newcastle United,Brentford,1,0,1.50126,0.633678,6.948,6.973,-0.025,-0.169,1.09281,0.58404,0.50877,0.3013,0.4744,0.1462,0.313,0.0005,0.1614,0.1457,2.004,1.1852,0.8188
2023-09-16,2023/2024,Fulham,Luton Town,1,0,1.75704,1.45705,6.936,6.829,0.108,0.6986,0.21824,-0.30367,0.52191,0.3155,-0.0102,-0.2931,0.1787,-0.6814,-0.189,0.3882,2.48,1.5826,0.8974
2023-09-16,2023/2024,Aston Villa,Crystal Palace,3,1,2.31518,1.11696,6.964,6.884,0.08,0.5176,0.93277,0.28249,0.65028,0.4544,0.2167,-0.0661,-0.0237,0.0619,0.2404,-0.128,1.475,1.0335,0.4415
2023-09-16,2023/2024,Manchester United,Brighton & Hove Albion,1,3,0.719951,1.93908,7.067,6.981,0.086,0.5584,1.08468,0.91724,0.16744,-0.068,0.4487,-0.1348,0.4539,-0.1202,-0.0053,-0.0146,2.2331,1.7833,0.4498
2023-09-16,2023/2024,West Ham United,Manchester City,1,3,0.895632,4.15046,6.973,7.16,-0.187,-1.2237,0.57236,1.7084,-1.13604,-1.4785,0.1185,-0.1434,0.4272,0.2938,-0.3087,-0.4372,1.027,1.8094,-0.7824
2023-09-17,2023/2024,Bournemouth,Chelsea,0,0,1.32515,1.39677,6.782,7.021,-0.24,-1.5637,-0.1628,0.10103,-0.26383,-0.5347,-0.0029,-0.2847,0.1606,-0.0241,-0.1635,-0.2606,1.2422,1.6064,-0.3641
2023-09-17,2023/2024,Everton,Arsenal,0,1,0.28317,0.802605,6.914,7.03,-0.116,-0.7603,-0.16929,1.12315,-1.29244,-1.6477,0.2208,-0.3163,0.3612,0.0286,-0.1405,-0.3449,1.4957,1.9966,-0.5009
2023-09-18,2023/2024,Nottingham Forest,Burnley,1,1,0.705795,0.807651,6.914,6.713,0.201,1.3029,0.35194,-0.26428,0.61622,0.4176,-0.0829,-0.2069,-0.0564,-0.2439,-0.0265,0.0369,1.5055,1.135,0.3706
2023-09-23,2023/2024,Manchester City,Nottingham Forest,2,0,1.33984,0.729109,7.203,6.904,0.299,1.9395,2.31142,-0.06677,2.37819,2.3242,0.4898,0.2955,-0.1232,-0.1982,0.613,0.4938,2.5803,0.6349,1.9454
2023-09-23,2023/2024,Luton Town,Wolverhampton Wanderers,1,1,2.24101,0.762984,6.885,6.843,0.043,0.2739,-0.27469,-0.32858,0.05389,-0.1909,0.1554,-0.6202,-0.1165,-0.333,0.2718,-0.2872,2.0497,1.6467,0.4031
2023-09-23,2023/2024,Crystal Palace,Fulham,0,0,0.37236,0.542678,6.892,6.91,-0.018,-0.1224,0.46453,0.42327,0.04126,-0.2046,-0.0202,0.031,-0.0539,-0.2879,0.0337,0.319,1.6321,0.9207,0.7114
2023-09-23,2023/2024,Brentford,Everton,1,3,1.57402,2.51497,6.878,6.916,-0.039,-0.2556,0.74171,-0.47733,1.21905,1.0699,0.2914,0.0226,0.155,-0.2691,0.1364,0.2917,2.1817,1.1469,1.0348
2023-09-23,2023/2024,Burnley,Manchester United,0,1,0.935444,0.840273,6.764,6.933,-0.169,-1.1012,-0.284,0.3574,-0.6414,-0.9433,-0.0716,-0.2171,0.3775,-0.1396,-0.4491,-0.0776,1.3128,1.8494,-0.5365
2023-09-24,2023/2024,Sheffield United,Newcastle United,0,8,0.579392,5.1082,6.936,6.957,-0.021,-0.1396,-0.41186,0.83401,-1.24587,-1.5974,-0.3068,-0.3705,0.4493,0.1604,-0.7561,-0.531,0.7824,2.2761,-1.4937
2023-09-24,2023/2024,Liverpool,West Ham United,3,1,4.14262,1.53878,7.111,6.96,0.151,0.9797,1.51909,0.17435,1.34474,1.2059,0.4843,0.0186,0.1127,-0.2256,0.3717,0.2441,2.5914,1.0791,1.5122
2023-09-24,2023/2024,Chelsea,Aston Villa,0,1,1.19716,1.13479,7.042,6.939,0.103,0.6695,0.22794,0.6988,-0.47086,-0.7587,0.151,-0.0263,0.2498,-0.0674,-0.0987,0.041,1.5762,1.302,0.2742
2023-09-24,2023/2024,Brighton & Hove Albion,Bournemouth,3,1,2.14533,1.58984,6.917,6.769,0.148,0.9564,1.00149,-0.52674,1.52823,1.4044,0.4563,-0.0488,0.0012,-0.2761,0.4551,0.2273,2.6492,1.0331,1.6161
2023-09-24,2023/2024,Arsenal,Tottenham Hotspur,2,2,2.3429,2.21166,7.058,7.122,-0.064,-0.4221,1.54536,0.63003,0.91532,0.7412,0.3196,0.0714,0.2673,-0.0844,0.0523,0.1558,1.86,1.2259,0.6341
2023-09-30,2023/2024,Aston Villa,Brighton & Hove Albion,6,1,1.90746,1.72819,6.951,6.967,-0.016,-0.1061,1.07126,1.07592,-0.00466,-0.2543,0.2413,-0.0546,0.4317,-0.0617,-0.1905,0.007,1.691,1.6295,0.0615
2023-09-30,2023/2024,Everton,Luton Town,1,2,3.65377,1.5102,6.918,6.88,0.038,0.2465,-0.03903,-0.36164,0.32261,0.0999,0.2064,-0.2438,0.1819,-0.5681,0.0246,0.3243,2.7274,1.5237,1.2037
2023-09-30,2023/2024,Tottenham Hotspur,Liverpool,2,1,2.18823,1.12299,7.107,7.126,-0.019,-0.1283,1.14397,1.06155,0.08243,-0.16,0.2996,-0.1036,0.5412,0.0064,-0.2416,-0.11,1.6739,1.91,-0.2361
2023-09-30,2023/2024,Manchester United,Crystal Palace,0,1,1.55408,1.19015,7.012,6.89,0.122,0.7895,0.98911,0.17787,0.81124,0.6286,0.3408,-0.1274,-0.091,0.0398,0.4319,-0.1673,1.7156,1.0222,0.6934
2023-09-30,2023/2024,Wolverhampton Wanderers,Manchester City,2,1,0.673985,0.98075,6.879,7.153,-0.274,-1.7869,-0.12479,1.75757,-1.88236,-2.2861,-0.1666,-0.3351,0.4483,0.291,-0.6149,-0.6261,0.7664,2.2616,-1.4951
2023-09-30,2023/2024,Bournemouth,Arsenal,0,4,0.644443,4.0742,6.762,7.047,-0.284,-1.8554,-0.16461,1.0329,-1.19752,-1.545,0.0264,-0.2529,0.3347,0.0412,-0.3083,-0.294,1.1919,1.8618,-0.6698
2023-09-30,2023/2024,West Ham United,Sheffield United,2,0,3.19753,0.911997,6.963,6.813,0.15,0.9727,0.44978,-0.76077,1.21056,1.0607,0.1295,-0.2919,-0.3126,-0.4786,0.442,0.1866,2.3401,0.9623,1.3778
2023-09-30,2023/2024,Newcastle United,Burnley,2,0,3.08516,0.801849,6.995,6.856,0.139,0.8981,1.25801,-0.22932,1.48733,1.3602,0.5517,0.163,-0.0922,-0.1775,0.6438,0.3404,2.6377,0.7622,1.8755
2023-10-01,2023/2024,Nottingham Forest,Brentford,1,1,0.800317,1.75862,6.906,6.881,0.025,0.1602,0.31818,0.43592,-0.11773,-0.3766,-0.1187,-0.1455,0.26,-0.0146,-0.3787,-0.1309,1.131,1.4957,-0.3646
2023-10-02,2023/2024,Fulham,Chelsea,0,2,0.889383,1.98461,6.925,7.007,-0.082,-0.5364,0.27502,0.03011,0.24491,0.0158,-0.0649,-0.2508,0.1319,-0.0209,-0.1968,-0.2299,1.186,1.4808,-0.2949
2023-10-03,2023/2024,Luton Town,Burnley,1,2,1.53058,0.920206,6.868,6.75,0.119,0.7695,-0.21606,-0.28487,0.0688,-0.1748,0.179,-0.6243,-0.09,-0.1963,0.2689,-0.428,1.8473,1.6824,0.1649
2023-10-07,2023/2024,Fulham,Sheffield United,3,1,2.26612,0.251809,6.9,6.881,0.019,0.1176,0.14955,-0.83515,0.9847,0.8163,-0.0765,-0.2619,-0.3123,-0.5066,0.2358,0.2447,1.9282,0.9488,0.9794
2023-10-07,2023/2024,Crystal Palace,Nottingham Forest,0,0,0.982452,1.22105,6.842,7.022,-0.18,-1.1749,0.53532,-0.01176,0.54708,0.3428,-0.0836,0.0462,-0.1332,-0.1512,0.0496,0.1974,1.3106,0.854,0.4567
2023-10-07,2023/2024,Everton,Bournemouth,3,0,3.16482,0.981732,6.896,6.777,0.119,0.7716,-0.13863,-0.66936,0.53073,0.3251,0.2581,-0.2413,-0.0034,-0.321,0.2615,0.0797,2.2648,1.2508,1.0141
2023-10-07,2023/2024,Burnley,Chelsea,1,4,0.956642,1.97566,6.835,7.063,-0.227,-1.4848,-0.3041,0.15559,-0.45968,-0.7466,-0.1335,-0.1849,0.1515,-0.0123,-0.2851,-0.1727,1.0788,1.4386,-0.3598
2023-10-07,2023/2024,Luton Town,Tottenham Hotspur,0,1,0.848118,2.37947,6.9,7.118,-0.218,-1.4219,-0.30505,0.7658,-1.07085,-1.408,0.1475,-0.5857,0.3197,-0.0705,-0.1721,-0.5152,1.5164,2.538,-1.0217
2023-10-07,2023/2024,Manchester United,Brentford,2,1,1.29356,1.02509,7.058,6.899,0.159,1.0301,0.87392,0.41969,0.45423,0.2423,0.3325,-0.1303,0.2678,-0.0056,0.0647,-0.1247,1.7883,1.4612,0.3272
2023-10-08,2023/2024,Arsenal,Manchester City,1,0,0.386558,0.858071,7.066,7.158,-0.092,-0.6022,1.5543,1.62083,-0.06653,-0.3212,0.398,0.0567,0.409,0.2908,-0.0109,-0.2341,1.3779,1.438,-0.0601
2023-10-08,2023/2024,Wolverhampton Wanderers,Aston Villa,1,1,1.76232,1.81618,6.878,6.947,-0.069,-0.4518,0.01196,0.86091,-0.84895,-1.1679,-0.169,-0.2852,0.2504,-0.0574,-0.4194,-0.2278,1.1102,1.7227,-0.6125
2023-10-08,2023/2024,West Ham United,Newcastle United,2,2,0.931345,1.97865,6.978,6.993,-0.016,-0.1049,0.52416,1.03807,-0.51391,-0.8053,0.1705,-0.2884,0.5645,0.1608,-0.394,-0.4492,1.2613,2.351,-1.0897
2023-10-08,2023/2024,Brighton & Hove Albion,Liverpool,2,2,2.23187,2.51029,6.969,7.148,-0.18,-1.1732,0.94848,0.98002,-0.03154,-0.2834,0.4314,-0.069,0.5068,-0.0131,-0.0754,-0.0558,1.9105,1.8171,0.0935
2023-10-21,2023/2024,Liverpool,Everton,2,0,2.28568,0.0937725,7.139,6.912,0.227,1.4725,1.52756,-0.31572,1.84328,1.7453,0.5265,-0.0263,0.3006,-0.2326,0.2259,0.2063,2.7467,1.3498,1.3969
2023-10-21,2023/2024,Brentford,Burnley,3,0,3.15685,0.693129,6.93,6.779,0.151,0.9798,0.55075,-0.28332,0.83406,0.6533,0.2471,0.0142,-0.1379,-0.1983,0.385,0.2125,1.9892,0.8436,1.1455
2023-10-21,2023/2024,Bournemouth,Wolverhampton Wanderers,1,2,1.01839,2.30454,6.787,6.862,-0.076,-0.4984,-0.38672,-0.17778,-0.20894,-0.4753,-0.0162,-0.3503,-0.1344,-0.2854,0.1182,-0.0649,1.6233,1.2523,0.3709
2023-10-21,2023/2024,Manchester City,Brighton & Hove Albion,2,1,0.962509,0.963733,7.331,7.005,0.325,2.114,2.11681,0.92107,1.19573,1.0446,0.3889,0.3305,0.442,-0.0952,-0.0531,0.4257,2.1108,1.0755,1.0353
2023-10-21,2023/2024,Newcastle United,Crystal Palace,4,0,3.73336,1.08795,6.965,6.882,0.083,0.5372,1.27646,0.25428,1.02218,0.8568,0.5445,0.1698,-0.0977,0.0377,0.6422,0.1321,2.098,0.7578,1.3402
2023-10-21,2023/2024,Sheffield United,Manchester United,1,2,1.41074,1.46187,6.834,7.017,-0.183,-1.1923,-0.68611,0.36172,-1.04783,-1.3831,-0.3418,-0.513,0.3113,-0.1148,-0.6532,-0.3982,0.9758,2.3307,-1.355
2023-10-21,2023/2024,Chelsea,Arsenal,2,2,1.71838,1.05791,7.081,7.081,-0.001,-0.0083,0.34221,1.22768,-0.88547,-1.2074,0.1688,-0.0089,0.3607,0.0765,-0.1919,-0.0854,1.3723,1.4474,-0.0752
2023-10-21,2023/2024,Nottingham Forest,Luton Town,2,2,3.27549,1.49555,7.009,6.895,0.114,0.7388,0.3732,-0.31464,0.68784,0.4951,-0.1193,-0.142,0.086,-0.5719,-0.2053,0.4298,1.9946,1.2392,0.7554
2023-10-22,2023/2024,Aston Villa,West Ham United,4,1,2.34143,0.659622,6.929,6.978,-0.049,-0.3232,1.17731,0.19513,0.98219,0.8136,0.2522,-0.0724,0.1562,-0.2707,0.096,0.1983,2.0986,1.2642,0.8343
2023-10-23,2023/2024,Tottenham Hotspur,Fulham,2,0,1.63523,0.745838,7.139,6.767,0.372,2.4177,1.21878,0.40326,0.81552,0.6332,0.3103,-0.049,-0.0581,-0.247,0.3684,0.198,2.284,0.9481,1.336
2023-10-27,2023/2024,Crystal Palace,Tottenham Hotspur,1,2,0.561834,0.989103,6.878,7.122,-0.243,-1.5889,0.38504,0.81843,-0.43339,-0.7182,-0.0866,-0.0398,0.2809,-0.0442,-0.3675,0.0044,1.1651,1.4187,-0.2537
2023-10-28,2023/2024,Wolverhampton Wanderers,Newcastle United,2,2,0.863393,2.31987,6.877,6.98,-0.102,-0.6711,0.13941,1.07452,-0.93511,-1.2611,-0.0867,-0.2662,0.5977,0.1617,-0.6844,-0.4279,0.9642,2.4018,-1.4375
2023-10-28,2023/2024,Chelsea,Brentford,0,2,1.71801,2.48137,7.036,6.915,0.121,0.7833,0.42203,0.44413,-0.02211,-0.2732,0.1831,0.0048,0.296,0.0171,-0.1129,-0.0123,1.4988,1.3191,0.1797
2023-10-28,2023/2024,Arsenal,Sheffield United,5,0,3.03496,0.0281554,6.996,6.828,0.168,1.0892,1.58997,-0.91699,2.50696,2.4635,0.346,0.0645,-0.3162,-0.476,0.6622,0.5405,2.9046,0.6699,2.2347
2023-10-28,2023/2024,Bournemouth,Burnley,2,1,1.10052,0.90255,6.733,6.747,-0.014,-0.0925,-0.46119,-0.40711,-0.05408,-0.3077,-0.0516,-0.3707,-0.1421,-0.2387,0.0905,-0.132,1.5064,1.2589,0.2475
2023-10-29,2023/2024,Aston Villa,Luton Town,3,1,3.07654,0.453117,6.944,6.978,-0.034,-0.225,1.29774,-0.24658,1.54432,1.4218,0.2623,-0.0552,0.1016,-0.6205,0.1607,0.5653,3.0132,1.1746,1.8386
2023-10-29,2023/2024,West Ham United,Everton,0,1,0.618578,0.733813,6.954,6.895,0.059,0.3778,0.49952,-0.33676,0.83628,0.6557,0.1309,-0.277,0.2418,-0.21,-0.111,-0.067,1.772,1.6684,0.1036
2023-10-29,2023/2024,Manchester United,Manchester City,0,3,0.714628,4.54595,7.049,7.223,-0.174,-1.1377,0.92739,1.51488,-0.58749,-0.8849,0.2757,-0.1238,0.3473,0.3314,-0.0716,-0.4552,1.1593,1.6355,-0.4762
2023-10-29,2023/2024,Liverpool,Nottingham Forest,3,0,2.70428,0.642014,7.155,6.971,0.184,1.1915,1.54859,0.00105,1.54754,1.4253,0.5053,0.0122,-0.0395,-0.1467,0.5448,0.159,2.455,0.9291,1.5259
2023-10-29,2023/2024,Brighton & Hove Albion,Fulham,1,1,1.31996,0.552523,6.898,6.83,0.067,0.4352,0.97017,0.30917,0.661,0.466,0.4346,-0.0463,-0.0651,-0.2199,0.4997,0.1736,2.4275,0.9736,1.4539
2023-11-04,2023/2024,Burnley,Crystal Palace,0,2,1.4998,1.43653,6.724,6.877,-0.153,-0.9974,-0.57665,0.07637,-0.65303,-0.9559,-0.1567,-0.225,-0.115,-0.0251,-0.0417,-0.1999,1.0773,1.1369,-0.0596
2023-11-04,2023/2024,Brentford,West Ham United,3,2,1.82944,1.75505,6.948,6.86,0.088,0.5697,0.75419,-0.00254,0.75673,0.5696,0.3346,0.0094,0.0793,-0.2463,0.2553,0.2557,2.2606,1.0612,1.1994
2023-11-04,2023/2024,Newcastle United,Arsenal,1,0,1.12355,0.535473,6.978,7.004,-0.026,-0.1706,1.35964,1.23474,0.1249,-0.1141,0.5894,0.1629,0.3478,0.075,0.2416,0.0879,2.0869,1.2069,0.88
2023-11-04,2023/2024,Everton,Brighton & Hove Albion,1,1,0.617607,0.442489,6.927,6.985,-0.058,-0.3842,0.05447,0.90248,-0.84802,-1.1668,0.1959,-0.1721,0.3782,-0.0369,-0.1822,-0.1352,1.5685,1.746,-0.1775
2023-11-04,2023/2024,Sheffield United,Wolverhampton Wanderers,2,1,1.10165,1.14803,6.789,6.844,-0.056,-0.3659,-0.76606,-0.04834,-0.71771,-1.0258,-0.3397,-0.4772,-0.0905,-0.2608,-0.2492,-0.2164,1.1488,1.482,-0.3332
2023-11-04,2023/2024,Manchester City,Bournemouth,6,1,2.39949,0.643127,7.197,6.767,0.43,2.7942,2.17708,-0.79001,2.96709,2.9614,0.4311,0.3443,-0.0721,-0.3592,0.5032,0.7035,2.9031,0.6265,2.2766
2023-11-04,2023/2024,Fulham,Manchester United,0,1,1.18241,0.697095,6.89,6.994,-0.104,-0.6803,0.21747,0.26892,-0.05144,-0.3049,-0.0796,-0.1751,0.2591,-0.2308,-0.3387,0.0557,1.4378,1.5631,-0.1253
2023-11-05,2023/2024,Luton Town,Liverpool,1,1,1.3411,3.03925,6.908,7.14,-0.232,-1.5114,-0.28355,1.05894,-1.34248,-1.7019,0.0554,-0.6183,0.5096,0.0184,-0.4542,-0.6367,1.2632,3.1759,-1.9127
2023-11-05,2023/2024,Nottingham Forest,Aston Villa,2,0,0.592447,1.33116,6.889,6.96,-0.071,-0.4647,0.23562,0.89735,-0.66173,-0.9653,-0.0515,-0.1557,0.2633,-0.0363,-0.3148,-0.1195,1.2222,1.5335,-0.3113
2023-11-06,2023/2024,Tottenham Hotspur,Chelsea,1,4,0.959108,4.05865,7.112,7.09,0.022,0.1372,1.35263,0.26031,1.09231,0.9327,0.266,-0.0276,0.1909,-0.0324,0.0751,0.0049,1.691,1.241,0.45
2023-11-11,2023/2024,Bournemouth,Newcastle United,2,0,2.78424,0.306141,6.716,6.951,-0.235,-1.536,-0.45341,1.04491,-1.49832,-1.8705,-0.0709,-0.3342,0.5446,0.1828,-0.6156,-0.5171,0.9441,2.4769,-1.5328
2023-11-11,2023/2024,Crystal Palace,Everton,2,3,1.89194,1.7904,6.889,6.917,-0.029,-0.1895,0.3924,-0.16906,0.56146,0.3583,-0.1037,-0.0358,0.1494,-0.1296,-0.2531,0.0937,1.2799,1.2077,0.0721
2023-11-11,2023/2024,Arsenal,Burnley,3,1,2.63194,0.327706,7.024,6.723,0.301,1.9543,1.66744,-0.56242,2.22986,2.1636,0.3262,0.1193,-0.1357,-0.2299,0.4619,0.3492,2.262,0.7477,1.5143
2023-11-11,2023/2024,Manchester United,Luton Town,1,0,2.74105,0.408265,6.973,6.943,0.029,0.1857,0.854,-0.23062,1.08463,0.9244,0.2264,-0.2205,0.0604,-0.6061,0.166,0.3856,2.8872,1.3199,1.5673
2023-11-11,2023/2024,Wolverhampton Wanderers,Tottenham Hotspur,2,1,1.90884,0.432315,6.788,7.033,-0.245,-1.5976,0.14679,0.77751,-0.63072,-0.9317,-0.1054,-0.2575,0.2378,-0.1089,-0.3431,-0.1486,1.2198,1.6897,-0.47
2023-11-12,2023/2024,Liverpool,Brentford,3,0,1.56004,1.44954,7.12,6.951,0.169,1.0963,1.58597,0.58417,1.0018,0.8348,0.5002,0.016,0.3106,-0.0085,0.1897,0.0245,2.1237,1.3159,0.8078
2023-11-12,2023/2024,Aston Villa,Fulham,3,1,2.86039,0.648745,7.011,6.891,0.12,0.774,1.25985,0.32003,0.93982,0.7677,0.2544,-0.0188,-0.0917,-0.1495,0.3461,0.1307,1.9012,0.9167,0.9845
2023-11-12,2023/2024,Chelsea,Manchester City,4,4,3.47238,3.19324,7.141,7.29,-0.149,-0.9752,0.40313,1.72421,-1.32108,-1.6787,0.3059,-0.0037,0.4138,0.341,-0.108,-0.3447,1.1869,1.5455,-0.3586
2023-11-12,2023/2024,Brighton & Hove Albion,Sheffield United,1,1,1.08601,0.84434,6.88,6.781,0.1,0.6442,0.85204,-0.97224,1.82428,1.7248,0.3315,-0.0051,-0.3394,-0.4649,0.671,0.4598,2.8082,0.7074,2.1008
2023-11-12,2023/2024,West Ham United,Nottingham Forest,3,2,2.06402,1.42128,6.979,6.972,0.007,0.0406,0.36308,-0.01439,0.37747,0.1592,0.1023,-0.2281,-0.0833,-0.1487,0.1857,-0.0794,1.6097,1.1549,0.4548
2023-11-25,2023/2024,Manchester City,Liverpool,1,1,1.79622,0.766278,7.258,7.16,0.098,0.6323,2.2315,1.03857,1.19294,1.0416,0.4505,0.2552,0.4777,0.0117,-0.0272,0.2434,1.9634,1.2349,0.7286
2023-11-25,2023/2024,Nottingham Forest,Brighton & Hove Albion,2,3,2.22655,1.21792,6.908,6.962,-0.055,-0.3602,0.32643,0.7477,-0.42126,-0.7051,-0.071,-0.1607,0.2579,-0.0073,-0.3289,-0.1534,1.1666,1.5299,-0.3634
2023-11-25,2023/2024,Sheffield United,Bournemouth,1,3,0.816227,3.13975,6.793,6.748,0.045,0.2914,-0.57643,-0.81425,0.23783,0.0081,-0.3311,-0.3929,0.0108,-0.2491,-0.3418,-0.1438,1.1591,1.4893,-0.3301
2023-11-25,2023/2024,Brentford,Arsenal,0,1,1.66315,1.82699,6.951,7.058,-0.106,-0.6949,0.70507,1.13588,-0.43081,-0.7154,0.3132,0.0173,0.3348,0.126,-0.0216,-0.1087,1.49,1.3912,0.0987
2023-11-25,2023/2024,Newcastle United,Chelsea,4,1,2.15227,0.968061,7.01,7.129,-0.119,-0.779,1.34236,0.47752,0.86483,0.6866,0.4692,0.1346,0.4056,-0.0627,0.0636,0.1974,2.1002,1.33,0.7701
2023-11-25,2023/2024,Burnley,West Ham United,1,2,1.44228,1.36963,6.72,6.962,-0.241,-1.5739,-0.65756,0.00904,-0.66659,-0.9705,-0.151,-0.2429,0.1218,-0.2319,-0.2728,-0.011,1.3183,1.4821,-0.1638
2023-11-25,2023/2024,Luton Town,Crystal Palace,2,1,0.996153,1.83546,6.903,6.943,-0.039,-0.2587,-0.17525,0.10496,-0.28021,-0.5524,0.003,-0.5947,-0.076,-0.0526,0.079,-0.5421,1.3168,1.6879,-0.371
2023-11-26,2023/2024,Everton,Manchester United,0,3,2.49764,2.07334,6.926,7.012,-0.087,-0.568,0.20414,0.3441,-0.13996,-0.4007,0.168,-0.1432,0.2172,-0.1916,-0.0492,0.0484,1.7746,1.449,0.3256
2023-11-26,2023/2024,Tottenham Hotspur,Aston Villa,1,2,2.22542,2.39755,7.007,6.948,0.058,0.3753,1.12842,0.82316,0.30526,0.0811,0.1933,-0.1276,0.2901,-0.0129,-0.0968,-0.1147,1.5487,1.5081,0.0406
2023-11-27,2023/2024,Fulham,Wolverhampton Wanderers,3,2,2.49057,1.57875,6.897,6.839,0.057,0.37,0.07528,-0.08759,0.16286,-0.073,-0.1004,-0.1795,-0.0677,-0.2176,-0.0327,0.0381,1.4166,1.1107,0.3058
2023-12-02,2023/2024,Burnley,Sheffield United,5,0,2.60469,0.618131,6.727,6.82,-0.092,-0.6049,-0.69756,-0.94024,0.24268,0.0134,-0.1425,-0.2376,-0.3452,-0.4293,0.2027,0.1917,1.6489,0.908,0.7409
2023-12-02,2023/2024,Arsenal,Wolverhampton Wanderers,2,1,3.30368,1.07886,7.081,6.809,0.273,1.7701,1.67792,-0.16472,1.84265,1.7447,0.3445,0.1188,-0.0475,-0.2435,0.392,0.3623,2.3273,0.8197,1.5076
2023-12-02,2023/2024,Brentford,Luton Town,3,1,3.25952,0.227176,6.944,6.852,0.091,0.5911,0.64524,-0.15338,0.79862,0.6149,0.318,0.0035,-0.0156,-0.5936,0.3336,0.5971,3.1482,0.9706,2.1776
2023-12-02,2023/2024,Nottingham Forest,Everton,0,1,0.673085,0.623789,6.902,6.938,-0.036,-0.2385,0.2659,-0.15212,0.41802,0.2031,-0.0201,-0.1503,0.2022,-0.1595,-0.2223,0.0092,1.4324,1.4288,0.0036
2023-12-02,2023/2024,Newcastle United,Manchester United,1,0,2.90191,0.422674,7.028,7.073,-0.045,-0.2946,1.46547,0.4805,0.98497,0.8166,0.4671,0.1459,0.2345,-0.2177,0.2326,0.3636,2.4688,1.0985,1.3703
2023-12-03,2023/2024,West Ham United,Crystal Palace,1,1,1.1466,0.987682,6.922,6.904,0.018,0.1122,0.45341,0.00699,0.44641,0.2338,0.1168,-0.233,-0.0677,-0.0422,0.1845,-0.1907,1.4703,1.1773,0.293
2023-12-03,2023/2024,Chelsea,Brighton & Hove Albion,3,2,1.66304,0.855058,7.021,6.82,0.201,1.3039,0.42059,0.80823,-0.38765,-0.6687,0.3867,-0.0645,0.2462,-0.0353,0.1406,-0.0292,1.9546,1.3321,0.6225
2023-12-03,2023/2024,Manchester City,Tottenham Hotspur,3,3,2.90729,0.433077,7.276,6.999,0.277,1.8013,2.13706,0.60152,1.53554,1.4123,0.4409,0.2705,0.217,-0.1574,0.2238,0.4279,2.3528,0.9171,1.4356
2023-12-03,2023/2024,Bournemouth,Aston Villa,2,2,2.54937,0.89511,6.765,6.903,-0.139,-0.9069,-0.22505,0.92209,-1.14714,-1.4905,0.0962,-0.24,0.3217,-0.0364,-0.2255,-0.2037,1.4054,1.7831,-0.3777
2023-12-03,2023/2024,Liverpool,Fulham,4,3,2.72831,1.51005,7.178,6.875,0.303,1.9684,1.76889,0.28287,1.48602,1.3588,0.4598,0.0187,-0.0491,-0.1877,0.5089,0.2064,2.4789,0.9014,1.5776
2023-12-05,2023/2024,Wolverhampton Wanderers,Burnley,1,0,1.11886,0.781542,6.877,6.853,0.024,0.1512,0.25703,-0.45554,0.71257,0.5218,-0.0365,-0.279,-0.0849,-0.2301,0.0484,-0.0489,1.523,1.2108,0.3122
2023-12-05,2023/2024,Luton Town,Arsenal,3,4,0.526254,2.58815,6.819,7.056,-0.237,-1.5451,-0.14048,1.14408,-1.28456,-1.6392,-0.0486,-0.5931,0.3756,0.1125,-0.4242,-0.7055,1.0356,2.7101,-1.6745
2023-12-06,2023/2024,Manchester United,Chelsea,2,1,4.03949,2.3512,7.006,7.052,-0.046,-0.3006,0.93152,0.4224,0.50912,0.3017,0.2126,-0.2363,0.3672,-0.0497,-0.1546,-0.1866,1.6179,1.8385,-0.2206
2023-12-06,2023/2024,Aston Villa,Manchester City,1,0,2.1922,1.00198,6.935,7.138,-0.203,-1.3249,1.35273,1.49034,-0.13761,-0.3981,0.2888,-0.072,0.456,0.2819,-0.1672,-0.3539,1.2299,1.7371,-0.5072
2023-12-06,2023/2024,Crystal Palace,Bournemouth,0,2,1.26441,1.79997,6.907,6.766,0.14,0.909,0.25265,-0.62726,0.87992,0.7029,-0.075,-0.0307,0.1616,-0.211,-0.2366,0.1803,1.4579,1.192,0.2659
2023-12-06,2023/2024,Fulham,Nottingham Forest,5,0,3.09427,0.218659,6.938,6.908,0.03,0.1946,0.18804,-0.18712,0.37516,0.1567,-0.0245,-0.1962,-0.0579,-0.1268,0.0334,-0.0693,1.3912,1.1442,0.2471
2023-12-06,2023/2024,Brighton & Hove Albion,Brentford,2,1,1.54099,1.22007,6.845,6.88,-0.034,-0.2263,0.70886,0.48752,0.22134,-0.0097,0.2296,-0.0233,0.3216,0.0203,-0.092,-0.0436,1.5364,1.4177,0.1187
2023-12-06,2023/2024,Sheffield United,Liverpool,0,2,0.834172,1.80116,6.707,7.089,-0.382,-2.4896,-0.8059,1.09739,-1.90329,-2.3087,-0.3535,-0.4511,0.4644,0.0056,-0.8178,-0.4567,0.835,2.6145,-1.7795
2023-12-07,2023/2024,Everton,Newcastle United,3,0,2.95393,1.29564,6.909,7.022,-0.112,-0.7345,0.13645,0.98367,-0.84722,-1.166,0.1687,-0.1373,0.4807,0.1646,-0.3121,-0.3018,1.2398,1.8803,-0.6405
2023-12-07,2023/2024,Tottenham Hotspur,West Ham United,1,2,1.61268,1.7409,7.015,6.979,0.036,0.2303,1.10085,0.0156,1.08525,0.9251,0.2,-0.1821,0.1027,-0.2265,0.0973,0.0444,1.9252,1.3239,0.6013
2023-12-09,2023/2024,Wolverhampton Wanderers,Nottingham Forest,1,1,1.02199,1.21801,6.852,6.864,-0.012,-0.0824,0.2925,-0.34237,0.63487,0.4377,-0.0567,-0.2669,-0.0968,-0.1717,0.0402,-0.0952,1.4019,1.1871,0.2148
2023-12-09,2023/2024,Aston Villa,Arsenal,1,0,0.628499,1.71667,6.947,7.069,-0.121,-0.7948,1.44481,1.10891,0.3359,0.1142,0.3203,-0.0434,0.3677,0.1247,-0.0474,-0.1681,1.4998,1.5306,-0.0308
2023-12-09,2023/2024,Manchester United,Bournemouth,0,3,1.11296,1.9742,7.052,6.781,0.271,1.7584,0.98534,-0.49056,1.47589,1.3478,0.3034,-0.2525,0.1881,-0.2042,0.1152,-0.0483,2.1471,1.5045,0.6426
2023-12-09,2023/2024,Crystal Palace,Liverpool,1,2,1.79152,1.3708,6.865,7.139,-0.274,-1.7844,0.11594,1.11091,-0.99497,-1.3259,-0.0825,-0.0479,0.4372,0.0056,-0.5198,-0.0534,1.1091,1.6783,-0.5692
2023-12-09,2023/2024,Brighton & Hove Albion,Burnley,1,1,2.96247,1.05162,7.0,6.818,0.183,1.1859,0.78259,-0.49101,1.2736,1.1289,0.2277,-0.017,-0.104,-0.2159,0.3318,0.199,1.9932,0.8969,1.0962
2023-12-09,2023/2024,Sheffield United,Brentford,1,0,0.841976,0.644638,6.684,6.861,-0.177,-1.1548,-0.81943,0.41378,-1.23321,-1.5837,-0.3504,-0.4155,0.3122,0.02,-0.6626,-0.4355,0.846,2.1146,-1.2686
2023-12-10,2023/2024,Fulham,West Ham United,5,0,2.1884,0.983,6.96,6.982,-0.021,-0.1434,0.34328,0.13759,0.20568,-0.0267,0.0536,-0.1748,0.1201,-0.2134,-0.0665,0.0386,1.6302,1.3465,0.2837
2023-12-10,2023/2024,Everton,Chelsea,2,0,1.11437,0.885512,6.936,7.027,-0.091,-0.5953,0.28498,0.36858,-0.08361,-0.3397,0.2372,-0.1153,0.3903,-0.134,-0.153,0.0187,1.7944,1.6761,0.1183
2023-12-10,2023/2024,Tottenham Hotspur,Newcastle United,4,1,4.40118,1.61368,7.019,7.023,-0.004,-0.0275,0.97886,0.83514,0.14371,-0.0937,0.185,-0.1926,0.4585,0.1072,-0.2734,-0.2998,1.3521,1.9185,-0.5664
2023-12-10,2023/2024,Luton Town,Manchester City,1,2,0.689037,2.23353,6.843,7.179,-0.337,-2.1955,-0.1053,1.39827,-1.50357,-1.8762,-0.0759,-0.5833,0.4277,0.2441,-0.5037,-0.8275,0.8729,2.8613,-1.9884
2023-12-15,2023/2024,Nottingham Forest,Tottenham Hotspur,0,2,1.70569,1.60738,6.868,7.035,-0.166,-1.0874,0.10233,0.71814,-0.6158,-0.9156,-0.0946,-0.1597,0.2943,-0.1789,-0.389,0.0191,1.3347,1.6064,-0.2717
2023-12-16,2023/2024,Chelsea,Sheffield United,2,0,3.27322,0.44014,7.02,6.736,0.284,1.8481,0.4054,-1.02199,1.42739,1.2953,0.3531,-0.1076,-0.3476,-0.364,0.7007,0.2564,2.6521,0.7605,1.8916
2023-12-16,2023/2024,Manchester City,Crystal Palace,2,2,2.41646,1.64977,7.155,6.877,0.277,1.8004,1.93207,-0.03448,1.96655,1.8787,0.4017,0.2469,-0.0498,-0.0355,0.4514,0.2823,2.0026,0.7192,1.2834
2023-12-16,2023/2024,Newcastle United,Fulham,3,0,4.27933,0.471042,6.921,6.946,-0.025,-0.1653,1.27779,0.54411,0.73367,0.5447,0.4428,-0.0004,0.0827,-0.164,0.3601,0.1636,2.2891,1.0899,1.1992
2023-12-16,2023/2024,Burnley,Everton,0,2,0.811435,2.22305,6.853,6.931,-0.078,-0.511,-0.49985,0.13128,-0.63114,-0.9322,-0.097,-0.2507,0.2006,-0.0893,-0.2976,-0.1615,1.2303,1.5852,-0.3549
2023-12-17,2023/2024,Brentford,Aston Villa,1,2,0.796812,1.4664,6.845,6.927,-0.082,-0.5379,0.60739,0.93532,-0.32793,-0.6041,0.2571,0.0199,0.2828,-0.0493,-0.0257,0.0692,1.6836,1.3136,0.37
2023-12-17,2023/2024,Liverpool,Manchester United,0,0,1.97111,0.632715,7.106,6.958,0.148,0.9591,1.72498,0.41142,1.31356,1.1721,0.4256,-0.0129,0.2624,-0.2645,0.1632,0.2516,2.5397,1.294,1.2457
2023-12-17,2023/2024,Arsenal,Brighton & Hove Albion,2,0,2.76976,0.663054,7.067,7.02,0.046,0.2983,1.53269,0.69026,0.84244,0.6624,0.3706,0.1553,0.2612,-0.02,0.1094,0.1753,1.8597,1.1057,0.754
2023-12-17,2023/2024,West Ham United,Wolverhampton Wanderers,3,0,1.03828,0.556206,6.963,6.894,0.069,0.4427,0.38025,-0.10664,0.48689,0.2776,0.1046,-0.2287,-0.074,-0.2653,0.1786,0.0366,1.8263,1.1578,0.6685
2023-12-21,2023/2024,Crystal Palace,Brighton & Hove Albion,1,1,1.65409,1.33653,6.898,6.994,-0.096,-0.6309,0.19465,0.59731,-0.40266,-0.6849,-0.0178,-0.053,0.2453,-0.0559,-0.2631,0.0028,1.2851,1.3633,-0.0782
2023-12-22,2023/2024,Aston Villa,Sheffield United,1,1,1.21861,0.646159,6.955,6.729,0.226,1.4676,1.55599,-1.08208,2.63806,2.6053,0.2852,-0.0169,-0.3583,-0.3835,0.6435,0.3665,2.509,0.692,1.8171
2023-12-23,2023/2024,West Ham United,Manchester United,2,0,1.51468,0.730496,6.956,7.003,-0.047,-0.3098,0.51092,0.51068,0.00025,-0.249,0.0657,-0.2126,0.2347,-0.2368,-0.169,0.0242,1.6841,1.573,0.111
2023-12-23,2023/2024,Fulham,Burnley,0,2,1.38096,0.41714,6.904,6.864,0.04,0.2597,0.41581,-0.46084,0.87665,0.6994,0.058,-0.2406,-0.1174,-0.2684,0.1753,0.0278,1.7428,1.1258,0.617
2023-12-23,2023/2024,Luton Town,Newcastle United,1,0,1.81844,1.41488,6.859,6.99,-0.13,-0.8526,-0.05047,0.78274,-0.83321,-1.1508,-0.0843,-0.5548,0.5226,0.0174,-0.6069,-0.5722,1.113,2.9833,-1.8703
2023-12-23,2023/2024,Nottingham Forest,Bournemouth,2,3,0.791806,1.89067,6.873,6.835,0.038,0.2432,0.00046,-0.33646,0.33692,0.1153,-0.0736,-0.1584,0.2155,-0.1657,-0.289,0.0073,1.3784,1.4469,-0.0685
2023-12-23,2023/2024,Tottenham Hotspur,Everton,2,1,1.57527,1.98385,7.025,6.942,0.083,0.5389,1.18312,0.2326,0.95052,0.7793,0.2918,-0.1878,0.2224,-0.0783,0.0694,-0.1095,1.83,1.4924,0.3376
2023-12-23,2023/2024,Liverpool,Arsenal,1,1,0.982901,0.851681,7.129,7.072,0.057,0.3683,1.62573,1.10437,0.52135,0.3149,0.4006,0.008,0.4004,0.1663,0.0002,-0.1582,1.5927,1.4706,0.1222
2023-12-24,2023/2024,Wolverhampton Wanderers,Chelsea,2,1,1.74626,1.75447,6.883,7.011,-0.129,-0.8432,0.14087,0.28668,-0.14581,-0.407,-0.0998,-0.2368,0.3788,-0.1011,-0.4786,-0.1356,1.234,1.8795,-0.6455
2023-12-26,2023/2024,Newcastle United,Nottingham Forest,1,3,2.79106,3.1074,7.013,6.808,0.205,1.3294,1.32651,-0.41252,1.73904,1.6325,0.4509,-0.0033,-0.1003,-0.1698,0.5512,0.1665,2.3855,0.8857,1.4998
2023-12-26,2023/2024,Manchester United,Aston Villa,3,2,1.20104,1.83637,7.036,6.919,0.117,0.7559,0.81741,0.91377,-0.09636,-0.3535,0.201,-0.2294,0.2368,-0.0161,-0.0358,-0.2134,1.5765,1.5721,0.0044
2023-12-26,2023/2024,Burnley,Liverpool,0,2,0.972389,1.68451,6.82,7.043,-0.223,-1.4563,-0.51006,1.00802,-1.51808,-1.8919,-0.1483,-0.2541,0.3783,0.0297,-0.5267,-0.2838,1.0199,1.9332,-0.9133
2023-12-26,2023/2024,Bournemouth,Fulham,3,0,2.07911,0.324365,6.816,6.926,-0.11,-0.7204,0.12807,0.32709,-0.19902,-0.4646,0.235,-0.1497,0.0398,-0.2233,0.1952,0.0736,1.9532,1.2248,0.7285
2023-12-26,2023/2024,Sheffield United,Luton Town,2,3,3.61788,0.715575,6.754,6.864,-0.11,-0.7192,-0.64568,-0.11098,-0.53471,-0.8278,-0.3572,-0.3355,-0.0454,-0.4916,-0.3118,0.156,1.4127,1.3544,0.0583
2023-12-27,2023/2024,Chelsea,Crystal Palace,2,1,2.73005,0.958077,6.963,6.927,0.036,0.2303,0.40386,0.11564,0.28823,0.0627,0.3703,-0.1145,0.0007,-0.0518,0.3696,-0.0627,1.9168,1.1174,0.7994
2023-12-27,2023/2024,Brentford,Wolverhampton Wanderers,1,4,2.59347,1.89483,6.88,6.862,0.018,0.1124,0.54036,-0.17569,0.71605,0.5256,0.2168,0.015,-0.0745,-0.2304,0.2913,0.2454,1.9614,0.9125,1.0489
2023-12-27,2023/2024,Everton,Manchester City,1,3,1.23529,2.28321,6.899,7.139,-0.24,-1.5661,0.46971,1.26398,-0.79427,-1.1087,0.2431,-0.0688,0.4093,0.2238,-0.1663,-0.2925,1.2398,1.6599,-0.4201
2023-12-28,2023/2024,Arsenal,West Ham United,0,2,2.7884,1.59711,7.088,6.958,0.129,0.8384,1.66312,0.14822,1.51489,1.39,0.3748,0.1882,0.0569,-0.1843,0.3179,0.3725,2.2227,0.8636,1.3592
2023-12-28,2023/2024,Brighton & Hove Albion,Tottenham Hotspur,4,2,3.84702,2.06955,6.953,7.036,-0.083,-0.5412,0.592,0.82478,-0.23278,-0.5011,0.2424,-0.0658,0.2788,-0.2017,-0.0364,0.1359,1.9319,1.4255,0.5064
2023-12-30,2023/2024,Luton Town,Chelsea,2,3,2.64093,1.57463,6.887,7.04,-0.153,-0.9978,0.09981,0.24065,-0.14085,-0.4016,-0.0748,-0.5327,0.403,-0.1094,-0.4778,-0.4233,1.272,2.5958,-1.3238
2023-12-30,2023/2024,Wolverhampton Wanderers,Everton,3,0,2.64477,0.519641,6.897,6.925,-0.028,-0.188,0.33144,0.16213,0.16931,-0.066,-0.0385,-0.2506,0.2407,-0.0884,-0.2792,-0.1622,1.3111,1.6402,-0.3291
2023-12-30,2023/2024,Manchester City,Sheffield United,2,0,2.24229,0.263211,7.166,6.689,0.477,3.1021,1.8762,-0.98371,2.85991,2.8454,0.4232,0.222,-0.2022,-0.3189,0.6254,0.5409,2.7821,0.6182,2.1639
2023-12-30,2023/2024,Crystal Palace,Brentford,3,1,1.61057,1.28731,6.925,6.876,0.049,0.3171,0.19464,0.14574,0.0489,-0.1963,-0.0057,-0.0837,0.2411,-0.0073,-0.2468,-0.0765,1.2608,1.3758,-0.115
2023-12-30,2023/2024,Aston Villa,Burnley,3,2,2.92587,1.11923,6.905,6.884,0.021,0.1313,1.36297,-0.35958,1.72255,1.6147,0.245,-0.0028,-0.1494,-0.2428,0.3944,0.24,2.0434,0.8616,1.1818
2023-12-30,2023/2024,Nottingham Forest,Manchester United,2,1,0.744348,0.651905,6.867,7.079,-0.212,-1.3832,-0.00139,0.45085,-0.45223,-0.7386,-0.0095,-0.1857,0.1841,-0.2354,-0.1936,0.0497,1.5294,1.4846,0.0447
2023-12-31,2023/2024,Fulham,Arsenal,2,1,1.52829,1.6591,6.963,7.026,-0.062,-0.41,0.18505,1.06393,-0.87888,-1.2002,0.0069,-0.2256,0.3927,0.1704,-0.3859,-0.3961,1.0547,1.8699,-0.8152
2023-12-31,2023/2024,Tottenham Hotspur,Bournemouth,3,1,2.15027,1.58229,7.041,6.827,0.214,1.3882,1.1068,-0.14222,1.24901,1.1023,0.2988,-0.2735,0.2409,-0.1276,0.0579,-0.1459,1.9662,1.6307,0.3355
2024-01-01,2023/2024,Liverpool,Newcastle United,4,2,6.67151,0.910974,7.108,6.963,0.145,0.94,1.60491,0.56867,1.03624,0.8721,0.3681,0.0306,0.4597,-0.0569,-0.0916,0.0875,1.9477,1.5098,0.4379
2024-01-02,2023/2024,West Ham United,Brighton & Hove Albion,0,0,0.9831,2.1552,6.91,6.953,-0.043,-0.2851,0.72758,0.63441,0.09317,-0.1484,0.0796,-0.2055,0.3379,-0.0856,-0.2583,-0.1199,1.4686,1.7309,-0.2623
2024-01-12,2023/2024,Burnley,Luton Town,1,1,1.52023,0.965167,6.824,6.944,-0.12,-0.7829,-0.5163,-0.11149,-0.40481,-0.6873,-0.1379,-0.2732,-0.0003,-0.493,-0.1375,0.2197,1.7596,1.3327,0.4269
2024-01-13,2023/2024,Chelsea,Fulham,1,0,2.0456,0.697847,7.084,7.002,0.081,0.5266,0.52572,0.26391,0.2618,0.0341,0.3484,-0.1483,0.0262,-0.2166,0.3222,0.0683,2.2232,1.1792,1.044
2024-01-13,2023/2024,Newcastle United,Manchester City,2,3,1.23638,2.55452,7.003,7.239,-0.236,-1.5374,1.12314,1.30668,-0.18353,-0.4478,0.4347,-0.2791,0.4054,0.227,0.0294,-0.506,1.4978,2.0392,-0.5415
2024-01-14,2023/2024,Everton,Aston Villa,0,0,1.03664,1.3435,6.873,6.908,-0.036,-0.2365,0.28409,0.77667,-0.49257,-0.7822,0.1884,-0.1225,0.2765,-0.0081,-0.0881,-0.1144,1.5167,1.4968,0.0199
2024-01-14,2023/2024,Manchester United,Tottenham Hotspur,2,2,0.923233,1.31224,7.023,7.003,0.021,0.1315,0.83815,0.7476,0.09055,-0.1512,0.1552,-0.2105,0.3035,-0.2695,-0.1483,0.059,1.9183,1.6679,0.2504
2024-01-20,2023/2024,Arsenal,Crystal Palace,5,0,3.52167,0.288083,7.071,6.886,0.185,1.1989,1.44013,0.12523,1.3149,1.1736,0.382,0.1562,0.0099,-0.0803,0.3721,0.2366,2.0312,0.8451,1.186
2024-01-20,2023/2024,Brentford,Nottingham Forest,3,2,1.94219,1.22251,6.91,6.89,0.021,0.1303,0.31397,-0.19558,0.50955,0.3021,0.2361,-0.0178,-0.0566,-0.1602,0.2927,0.1424,1.8645,0.9597,0.9049
2024-01-21,2023/2024,Bournemouth,Liverpool,0,4,0.834585,1.53344,6.834,7.022,-0.188,-1.2307,0.22119,1.11706,-0.89586,-1.2186,0.236,-0.1328,0.5241,0.052,-0.2881,-0.1849,1.4708,1.9728,-0.502
2024-01-21,2023/2024,Sheffield United,West Ham United,2,2,2.61362,2.4241,6.716,6.941,-0.225,-1.4698,-0.64515,0.28451,-0.92966,-1.2552,-0.2151,-0.2954,0.0574,-0.2175,-0.2725,-0.0779,1.2212,1.4619,-0.2407
2024-01-22,2023/2024,Brighton & Hove Albion,Wolverhampton Wanderers,0,0,1.3701,1.14116,6.988,6.952,0.036,0.2315,0.72593,0.06214,0.66378,0.469,0.3527,-0.0692,0.0255,-0.2147,0.3272,0.1455,2.2166,1.0947,1.1219
2024-01-30,2023/2024,Luton Town,Brighton & Hove Albion,4,0,3.63312,1.01366,6.941,6.981,-0.04,-0.2624,-0.00962,0.60315,-0.61277,-0.9123,-0.0167,-0.4826,0.3095,-0.0698,-0.3262,-0.4128,1.3134,2.2186,-0.9053
2024-01-30,2023/2024,Crystal Palace,Sheffield United,3,2,1.1601,0.768467,6.934,6.766,0.168,1.0884,0.21554,-0.85053,1.06606,0.9043,-0.0109,-0.1404,-0.1243,-0.3153,0.1135,0.1749,1.7311,0.9962,0.7349
2024-01-30,2023/2024,Fulham,Everton,0,0,2.37499,2.83317,6.972,6.889,0.082,0.5319,0.25452,0.06214,0.19238,-0.0411,0.0065,-0.208,0.1643,-0.1168,-0.1578,-0.0912,1.4296,1.437,-0.0075
2024-01-30,2023/2024,Aston Villa,Newcastle United,1,3,1.44485,3.3224,6.966,6.987,-0.021,-0.1416,1.25671,0.43412,0.82259,0.6409,0.269,0.0084,0.4217,-0.3005,-0.1528,0.3089,2.2061,1.5157,0.6903
2024-01-30,2023/2024,Nottingham Forest,Arsenal,1,2,0.631618,1.39143,6.885,7.079,-0.194,-1.2661,0.06703,1.04485,-0.97783,-1.3073,-0.0467,-0.1615,0.4311,0.1673,-0.4778,-0.3288,0.9872,1.8511,-0.8638
2024-01-31,2023/2024,Liverpool,Chelsea,4,1,3.6627,0.477972,7.075,7.135,-0.06,-0.3965,1.78209,0.36654,1.41555,1.2825,0.505,0.0734,0.3373,-0.1336,0.1678,0.207,2.353,1.3115,1.0416
2024-01-31,2023/2024,Manchester City,Burnley,3,1,1.84756,1.49114,7.247,6.831,0.416,2.7057,1.84842,-0.25824,2.10666,2.0303,0.4197,0.2364,-0.1529,-0.2614,0.5726,0.4979,2.5986,0.6447,1.9539
2024-01-31,2023/2024,Tottenham Hotspur,Brentford,3,2,3.36194,1.59637,7.068,6.939,0.129,0.8367,1.18734,0.06279,1.12455,0.9676,0.2858,-0.2302,0.2373,-0.024,0.0485,-0.2062,1.7324,1.5717,0.1606
2024-02-01,2023/2024,Wolverhampton Wanderers,Manchester United,3,4,2.27609,3.22698,6.938,7.023,-0.085,-0.5556,0.51171,0.3381,0.17361,-0.0614,0.0273,-0.181,0.1061,-0.1973,-0.0789,0.0163,1.5507,1.3462,0.2045
2024-02-01,2023/2024,West Ham United,Bournemouth,1,1,1.3128,1.13487,6.984,6.86,0.124,0.8021,0.65974,-0.30755,0.96729,0.7975,0.0894,-0.2491,0.2005,-0.1163,-0.1111,-0.1327,1.5601,1.5448,0.0153
2024-02-03,2023/2024,Burnley,Fulham,2,2,1.00428,1.28806,6.839,6.924,-0.085,-0.5594,-0.45984,0.17583,-0.63567,-0.9371,-0.1237,-0.2266,0.0498,-0.2431,-0.1735,0.0165,1.3958,1.3319,0.0639
2024-02-03,2023/2024,Newcastle United,Luton Town,4,4,2.37353,2.67463,6.974,6.979,-0.005,-0.0382,1.13774,-0.05463,1.19237,1.041,0.4835,-0.2633,0.1107,-0.4401,0.3728,0.1768,3.1494,1.4546,1.6948
2024-02-03,2023/2024,Sheffield United,Aston Villa,0,5,1.52784,2.99015,6.766,6.91,-0.144,-0.9435,-0.55669,0.63216,-1.18884,-1.5356,-0.1346,-0.2971,0.2317,-0.0538,-0.3663,-0.2433,1.1346,1.7265,-0.5918
2024-02-03,2023/2024,Brighton & Hove Albion,Crystal Palace,4,1,1.92591,0.241137,6.964,6.864,0.101,0.6531,0.55602,-0.02792,0.58394,0.3826,0.2542,-0.1377,-0.0385,-0.1342,0.2927,-0.0035,1.8676,1.0911,0.7765
2024-02-03,2023/2024,Everton,Tottenham Hotspur,2,2,3.25881,0.922371,6.943,7.058,-0.115,-0.753,0.35486,0.74893,-0.39407,-0.6756,0.2211,-0.1431,0.343,-0.229,-0.122,0.0859,1.9359,1.6485,0.2874
2024-02-04,2023/2024,Arsenal,Liverpool,3,1,2.8526,0.542052,7.059,7.082,-0.023,-0.1516,1.58917,1.32937,0.25981,0.0319,0.4125,0.1751,0.552,0.099,-0.1395,0.0761,1.7075,1.4618,0.2457
2024-02-04,2023/2024,Manchester United,West Ham United,3,0,0.96721,1.1807,7.046,6.989,0.057,0.366,0.88785,0.14629,0.74156,0.5532,0.1703,-0.2171,0.0789,-0.2345,0.0913,0.0174,1.8885,1.3355,0.5529
2024-02-04,2023/2024,Bournemouth,Nottingham Forest,1,1,1.1895,0.456548,6.808,6.893,-0.085,-0.5578,0.13735,-0.25155,0.3889,0.1716,0.1776,-0.1083,-0.0618,-0.1443,0.2394,0.0361,1.7092,1.0583,0.6509
2024-02-04,2023/2024,Chelsea,Wolverhampton Wanderers,2,4,2.35967,2.48996,7.078,6.918,0.16,1.037,0.52458,0.0662,0.45839,0.2468,0.3051,-0.1946,0.0668,-0.2273,0.2383,0.0327,2.1721,1.2743,0.8977
2024-02-05,2023/2024,Brentford,Manchester City,1,3,0.865741,2.10785,6.95,7.259,-0.308,-2.0121,0.37914,1.37276,-0.99362,-1.3244,0.2363,-0.0893,0.3938,0.2175,-0.1574,-0.3068,1.2292,1.6819,-0.4527
2024-02-10,2023/2024,Nottingham Forest,Newcastle United,2,3,0.968075,0.511375,6.863,6.988,-0.124,-0.8124,0.09386,0.50701,-0.41314,-0.6963,-0.0846,-0.1266,0.4411,-0.2994,-0.5257,0.1727,1.5284,1.7907,-0.2623
2024-02-10,2023/2024,Manchester City,Everton,2,0,1.58971,0.192072,7.225,6.948,0.278,1.8046,1.89096,0.11777,1.77319,1.6695,0.4012,0.2289,0.2946,-0.1178,0.1066,0.3467,2.1736,1.0332,1.1404
2024-02-10,2023/2024,Liverpool,Burnley,3,1,3.14734,1.11123,7.069,6.931,0.139,0.9005,1.8152,-0.20038,2.01558,1.9318,0.5177,0.0538,-0.1448,-0.2235,0.6625,0.2773,2.6698,0.8065,1.8633
2024-02-10,2023/2024,Fulham,Bournemouth,3,1,1.7456,2.60612,6.963,6.857,0.106,0.6873,0.18625,-0.25357,0.43982,0.2267,0.0477,-0.2308,0.1507,-0.0948,-0.103,-0.136,1.4614,1.4461,0.0153
2024-02-10,2023/2024,Tottenham Hotspur,Brighton & Hove Albion,2,1,2.10928,1.49285,7.086,6.944,0.143,0.9248,1.13983,0.53392,0.60591,0.4064,0.3129,-0.2753,0.2542,-0.1147,0.0587,-0.1606,1.9521,1.6696,0.2825
2024-02-10,2023/2024,Luton Town,Sheffield United,1,3,1.76215,1.98283,6.988,6.644,0.344,2.2349,0.20848,-0.93986,1.14834,0.9934,0.1813,-0.4063,-0.1102,-0.3305,0.2915,-0.0759,2.175,1.2907,0.8843
2024-02-10,2023/2024,Wolverhampton Wanderers,Brentford,0,2,1.05781,1.84908,6.926,6.959,-0.033,-0.2184,0.50453,0.02252,0.48201,0.2723,0.1239,-0.2323,0.2199,-0.1051,-0.096,-0.1272,1.5673,1.578,-0.0107
2024-02-11,2023/2024,Aston Villa,Manchester United,1,2,2.64675,2.44591,6.912,7.051,-0.14,-0.9126,1.21965,0.51557,0.70409,0.5126,0.2701,-0.0636,0.129,-0.211,0.1411,0.1474,1.9912,1.2329,0.7583
2024-02-11,2023/2024,West Ham United,Arsenal,0,6,0.191065,3.99893,6.994,7.035,-0.041,-0.2685,0.49182,1.12362,-0.6318,-0.9329,0.0716,-0.1996,0.4534,0.208,-0.3819,-0.4076,1.0866,1.9308,-0.8443
2024-02-12,2023/2024,Crystal Palace,Chelsea,1,3,0.719516,1.26948,6.87,7.085,-0.215,-1.4041,0.12018,0.17149,-0.05131,-0.3047,-0.0729,-0.1352,0.3106,-0.2269,-0.3835,0.0916,1.4228,1.6025,-0.1797
2024-02-17,2023/2024,Fulham,Aston Villa,1,2,1.41796,1.57297,6.983,6.959,0.024,0.153,0.29409,0.70552,-0.41142,-0.6944,0.0598,-0.2609,0.2971,-0.0983,-0.2373,-0.1625,1.47,1.7422,-0.2722
2024-02-17,2023/2024,Nottingham Forest,West Ham United,2,0,2.66942,0.520016,6.858,6.988,-0.131,-0.854,0.03274,-0.08627,0.11901,-0.1205,-0.1169,-0.0826,0.0371,-0.2724,-0.154,0.1898,1.4393,1.1449,0.2944
2024-02-17,2023/2024,Brentford,Liverpool,1,4,1.69518,3.08952,6.937,7.162,-0.225,-1.467,0.37985,1.21459,-0.83473,-1.1525,0.2293,-0.0864,0.5307,0.0473,-0.3014,-0.1337,1.4616,1.904,-0.4424
2024-02-17,2023/2024,Burnley,Arsenal,0,5,0.335143,2.20575,6.823,7.046,-0.223,-1.4571,-0.39373,1.28383,-1.67756,-2.0645,-0.1318,-0.2418,0.5279,0.2316,-0.6597,-0.4734,0.8473,2.2174,-1.3701
2024-02-17,2023/2024,Tottenham Hotspur,Wolverhampton Wanderers,1,2,1.59768,1.77591,7.072,6.905,0.167,1.0827,1.18546,0.10913,1.07633,0.9154,0.317,-0.2671,0.0973,-0.2381,0.2197,-0.029,2.2239,1.4114,0.8125
2024-02-17,2023/2024,Manchester City,Chelsea,1,1,2.77713,1.82903,7.305,7.081,0.224,1.4563,1.92004,0.29023,1.6298,1.5143,0.3799,0.253,0.2968,-0.2032,0.0832,0.4561,2.3028,1.0173,1.2855
2024-02-17,2023/2024,Newcastle United,Bournemouth,2,2,2.38425,2.08098,6.978,6.812,0.166,1.0757,1.08407,-0.36141,1.44548,1.3149,0.3962,-0.2784,0.2011,-0.102,0.1951,-0.1764,2.1006,1.5838,0.5169
2024-02-18,2023/2024,Sheffield United,Brighton & Hove Albion,0,5,0.586214,3.35549,6.769,6.957,-0.189,-1.2324,-0.61119,0.48829,-1.09948,-1.4389,-0.0645,-0.3142,0.2445,-0.1202,-0.3089,-0.194,1.2936,1.7882,-0.4946
2024-02-18,2023/2024,Luton Town,Manchester United,1,2,1.57234,3.58973,6.956,7.06,-0.104,-0.6799,0.06798,0.62777,-0.55979,-0.855,0.1581,-0.4163,0.1692,-0.2337,-0.0111,-0.1826,1.8289,1.8184,0.0105
2024-02-19,2023/2024,Everton,Crystal Palace,1,1,2.44588,0.734685,6.952,6.873,0.079,0.5091,0.3811,-0.23597,0.61707,0.4185,0.2598,-0.0931,-0.1091,-0.1229,0.3689,0.0298,1.8522,0.975,0.8772
2024-02-20,2023/2024,Manchester City,Brentford,1,0,2.53766,0.503799,7.178,6.91,0.268,1.741,1.81003,0.07011,1.73992,1.6335,0.3922,0.2258,0.2382,-0.1343,0.154,0.3602,2.1875,0.9806,1.2068
2024-02-21,2023/2024,Liverpool,Luton Town,4,1,3.70302,0.956512,7.104,6.949,0.154,1.0017,1.89541,-0.08697,1.98238,1.8959,0.5628,0.0388,0.1408,-0.4615,0.4221,0.5003,3.5502,1.0872,2.4631
2024-02-24,2023/2024,Bournemouth,Manchester City,0,1,0.925889,1.79636,6.804,7.146,-0.343,-2.2362,0.08965,1.35725,-1.2676,-1.6209,0.2265,-0.112,0.3994,0.238,-0.173,-0.35,1.1875,1.7373,-0.5499
2024-02-24,2023/2024,Manchester United,Fulham,1,2,1.96036,1.1385,7.055,6.907,0.148,0.9596,1.1215,0.14232,0.97918,0.8103,0.2399,-0.223,0.0567,-0.2531,0.1832,0.03,2.0852,1.2997,0.7855
2024-02-24,2023/2024,Arsenal,Newcastle United,4,1,2.59336,0.217373,7.052,7.0,0.052,0.3344,1.90437,0.49877,1.40559,1.2717,0.5229,0.2413,0.4021,-0.2929,0.1208,0.5342,2.847,1.1674,1.6797
2024-02-24,2023/2024,Crystal Palace,Burnley,3,0,2.41612,0.0760216,6.878,6.761,0.116,0.7542,0.04361,-0.29322,0.33683,0.1152,-0.117,-0.1435,-0.1525,-0.2392,0.0354,0.0957,1.4339,0.9775,0.4564
2024-02-24,2023/2024,Brighton & Hove Albion,Everton,1,1,1.6538,0.286655,6.978,6.948,0.03,0.1928,0.75384,0.04651,0.70733,0.5162,0.2931,-0.0989,0.2848,-0.0874,0.0083,-0.0114,1.8375,1.4625,0.375
2024-02-24,2023/2024,Aston Villa,Nottingham Forest,4,2,3.48861,2.25569,6.957,6.905,0.053,0.3396,1.14828,-0.16911,1.31739,1.1763,0.2881,-0.0957,-0.0524,-0.0676,0.3405,-0.0282,1.7972,1.0378,0.7594
2024-02-25,2023/2024,Wolverhampton Wanderers,Sheffield United,1,0,1.21618,0.654342,6.91,6.703,0.207,1.342,0.45562,-0.89873,1.35434,1.2163,0.1162,-0.2127,-0.1086,-0.3578,0.2247,0.1451,2.0604,1.0828,0.9776
2024-02-26,2023/2024,West Ham United,Brentford,4,2,2.06873,1.33683,6.984,6.918,0.066,0.4258,0.25358,0.14149,0.11209,-0.1279,0.0154,-0.3042,0.2192,-0.1485,-0.2038,-0.1557,1.4859,1.6747,-0.1888
2024-03-02,2023/2024,Fulham,Brighton & Hove Albion,3,0,1.37604,1.15198,6.917,6.968,-0.051,-0.3381,0.31251,0.59112,-0.27862,-0.5507,0.0485,-0.2463,0.2832,-0.0597,-0.2347,-0.1866,1.3859,1.7087,-0.3227
2024-03-02,2023/2024,Nottingham Forest,Liverpool,0,1,0.971466,1.32259,6.868,7.14,-0.272,-1.7765,0.10463,1.39608,-1.29145,-1.6467,-0.0003,-0.1247,0.5642,0.042,-0.5644,-0.1666,1.1614,2.0572,-0.8959
2024-03-02,2023/2024,Everton,West Ham United,1,3,3.12075,2.17948,6.945,6.991,-0.046,-0.3053,0.36404,-0.12517,0.4892,0.2801,0.2311,-0.0801,0.0417,-0.2907,0.1894,0.2106,2.0971,1.1359,0.9613
2024-03-02,2023/2024,Tottenham Hotspur,Crystal Palace,3,1,2.6625,0.277887,7.077,6.932,0.145,0.9403,1.06367,-0.08384,1.14751,0.9925,0.2873,-0.275,-0.0705,-0.1231,0.3577,-0.1519,1.9193,1.206,0.7133
2024-03-02,2023/2024,Luton Town,Aston Villa,2,3,2.43312,2.08586,6.891,6.95,-0.059,-0.3887,-0.03937,0.81191,-0.85129,-1.1704,0.1337,-0.4638,0.3459,-0.1252,-0.2122,-0.3386,1.6099,2.2633,-0.6534
2024-03-02,2023/2024,Newcastle United,Wolverhampton Wanderers,3,0,3.33495,0.507769,6.982,6.922,0.06,0.3864,0.90743,0.20293,0.7045,0.5131,0.3693,-0.2779,0.0747,-0.2021,0.2945,-0.0758,2.2317,1.4128,0.8189
2024-03-02,2023/2024,Brentford,Chelsea,2,2,2.4732,2.1523,6.902,7.083,-0.181,-1.1808,0.22552,0.40024,-0.17472,-0.4383,0.2019,-0.1652,0.3203,-0.2227,-0.1184,0.0575,1.8726,1.6604,0.2122
2024-03-03,2023/2024,Manchester City,Manchester United,3,1,2.64173,0.153764,7.294,7.05,0.245,1.5888,1.71637,0.59775,1.11862,0.9612,0.3974,0.2451,0.2324,-0.2169,0.165,0.462,2.3816,0.9591,1.4225
2024-03-03,2023/2024,Burnley,Bournemouth,0,2,1.60461,1.43616,6.704,6.811,-0.107,-0.6983,-0.62531,-0.23508,-0.39022,-0.6715,-0.1866,-0.2618,0.2125,-0.113,-0.3991,-0.1489,1.1479,1.6277,-0.4798
2024-03-04,2023/2024,Sheffield United,Arsenal,0,6,0.201374,2.47294,6.739,7.057,-0.318,-2.0726,-0.73224,1.49916,-2.2314,-2.6638,-0.1301,-0.3277,0.5074,0.2689,-0.6375,-0.5966,0.8084,2.3942,-1.5858
2024-03-09,2023/2024,Manchester United,Everton,2,0,2.9016,1.8214,7.049,6.938,0.111,0.7177,0.94894,0.02901,0.91993,0.7462,0.2055,-0.2259,0.2823,-0.1042,-0.0768,-0.1217,1.7283,1.6406,0.0876
2024-03-09,2023/2024,Wolverhampton Wanderers,Fulham,2,1,1.29589,2.94155,6.915,6.929,-0.014,-0.0925,0.32928,0.35661,-0.02733,-0.2788,0.0319,-0.2425,0.0476,-0.2265,-0.0157,-0.0159,1.6178,1.3388,0.279
2024-03-09,2023/2024,Bournemouth,Sheffield United,2,2,3.92657,1.91752,6.82,6.707,0.113,0.734,0.19601,-0.95522,1.15123,0.9965,0.2027,-0.1223,-0.1577,-0.3277,0.3604,0.2054,2.1559,0.9524,1.2035
2024-03-09,2023/2024,Crystal Palace,Luton Town,1,1,3.25103,1.08531,6.911,6.943,-0.032,-0.2114,0.12489,-0.18692,0.31181,0.0882,-0.1146,-0.1505,0.1791,-0.4543,-0.2937,0.3039,1.751,1.3958,0.3553
2024-03-09,2023/2024,Arsenal,Brentford,2,1,1.59369,0.733239,7.056,6.89,0.166,1.079,2.11177,0.03972,2.07205,1.9929,0.5051,0.2801,0.2325,-0.1805,0.2726,0.4606,2.5338,0.9348,1.5989
2024-03-10,2023/2024,West Ham United,Burnley,2,2,1.87414,0.88131,6.993,6.734,0.26,1.6858,0.45762,-0.49942,0.95704,0.7864,0.08,-0.3265,-0.1627,-0.2541,0.2427,-0.0724,1.8026,1.1421,0.6605
2024-03-10,2023/2024,Liverpool,Manchester City,1,1,2.25492,1.37289,7.139,7.258,-0.119,-0.7799,1.95807,1.37688,0.58119,0.3797,0.5392,0.047,0.4037,0.2662,0.1355,-0.2193,1.6211,1.4492,0.1718
2024-03-10,2023/2024,Aston Villa,Tottenham Hotspur,0,4,1.23267,2.25381,6.983,7.092,-0.109,-0.7111,1.22938,0.70453,0.52485,0.3187,0.3353,-0.1539,0.3124,-0.2494,0.0229,0.0954,2.2167,1.6151,0.6016
2024-03-10,2023/2024,Brighton & Hove Albion,Nottingham Forest,1,0,0.534518,0.687034,6.987,6.855,0.132,0.856,0.58973,-0.21292,0.80265,0.6193,0.26,-0.0589,-0.0102,-0.0957,0.2701,0.0368,1.8143,1.0336,0.7807
2024-03-11,2023/2024,Chelsea,Newcastle United,3,2,1.78315,0.568435,7.106,6.947,0.159,1.0323,0.53197,0.4742,0.05777,-0.1867,0.3355,-0.2426,0.413,-0.2501,-0.0775,0.0075,2.2905,1.8903,0.4003
2024-03-13,2023/2024,Bournemouth,Luton Town,4,3,2.84403,2.79419,6.848,6.94,-0.092,-0.6003,0.10334,-0.14902,0.25235,0.0238,0.2854,-0.1404,0.1642,-0.488,0.1212,0.3476,2.6826,1.371,1.3116
2024-03-16,2023/2024,Luton Town,Nottingham Forest,1,1,0.853782,1.95268,6.906,6.84,0.066,0.4281,-0.08208,-0.2387,0.15663,-0.0797,0.2217,-0.4893,-0.0244,-0.0522,0.2461,-0.4371,1.6588,1.5794,0.0794
2024-03-16,2023/2024,Burnley,Brentford,2,1,2.69776,1.25123,6.737,6.899,-0.162,-1.0594,-0.67899,0.12886,-0.80784,-1.1234,-0.1745,-0.2541,0.2234,-0.1363,-0.398,-0.1178,1.1814,1.6436,-0.4622
2024-03-16,2023/2024,Fulham,Tottenham Hotspur,3,0,2.47234,2.14564,6.995,7.091,-0.096,-0.6291,0.39666,0.85901,-0.46234,-0.7495,0.1132,-0.2149,0.3349,-0.2068,-0.2217,-0.0081,1.7037,1.7529,-0.0492
2024-03-17,2023/2024,West Ham United,Aston Villa,1,1,1.32829,0.911274,6.988,6.942,0.045,0.29,0.37405,0.72899,-0.35494,-0.6333,0.0824,-0.3177,0.2863,-0.1759,-0.2039,-0.1419,1.6289,1.8198,-0.1909
2024-03-30,2023/2024,Newcastle United,West Ham United,4,3,3.80922,0.994584,6.929,7.005,-0.076,-0.5015,0.97873,-0.02261,1.00134,0.8343,0.3546,-0.2273,0.0665,-0.2834,0.2881,0.056,2.3471,1.354,0.9931
2024-03-30,2023/2024,Nottingham Forest,Crystal Palace,1,1,0.784652,0.900972,6.862,6.91,-0.048,-0.3179,0.13733,-0.18711,0.32444,0.1018,-0.004,-0.0271,-0.0295,-0.1402,0.0256,0.113,1.4257,1.0034,0.4223
2024-03-30,2023/2024,Brentford,Manchester United,1,1,3.16487,0.989565,6.892,7.036,-0.145,-0.9464,0.23138,0.57783,-0.34645,-0.6241,0.207,-0.1711,0.2497,-0.2295,-0.0427,0.0584,1.9031,1.5498,0.3533
2024-03-30,2023/2024,Tottenham Hotspur,Luton Town,2,1,2.46523,0.402402,7.064,6.924,0.14,0.91,1.14839,-0.23489,1.38328,1.2476,0.3466,-0.2298,0.1804,-0.4938,0.1662,0.264,2.9489,1.4823,1.4667
2024-03-30,2023/2024,Aston Villa,Wolverhampton Wanderers,2,0,1.28271,1.66232,6.934,6.93,0.004,0.0219,1.04687,0.13444,0.91243,0.7381,0.2493,-0.1636,0.0156,-0.2804,0.2337,0.1168,2.1264,1.1958,0.9306
2024-03-30,2023/2024,Sheffield United,Fulham,3,3,1.78824,1.10254,6.754,7.011,-0.257,-1.6783,-0.8182,0.36583,-1.18403,-1.5304,-0.1125,-0.3826,0.1565,-0.2258,-0.269,-0.1568,1.3593,1.7681,-0.4088
2024-03-30,2023/2024,Chelsea,Burnley,2,2,4.46643,2.10422,7.079,6.923,0.156,1.0124,0.61478,-0.33911,0.95389,0.783,0.3071,-0.192,-0.093,-0.2403,0.4001,0.0483,2.204,1.0838,1.1201
2024-03-30,2023/2024,Bournemouth,Everton,2,1,1.39268,0.93378,6.849,6.933,-0.084,-0.5511,0.17519,-0.0605,0.23569,0.0058,0.293,-0.1794,0.2886,-0.1435,0.0044,-0.0358,1.917,1.6129,0.3041
2024-03-31,2023/2024,Manchester City,Arsenal,0,0,1.22009,0.511402,7.305,7.088,0.217,1.4109,1.83644,1.58747,0.24897,0.0202,0.3978,0.2352,0.4702,0.2829,-0.0724,-0.0477,1.4405,1.2326,0.208
2024-03-31,2023/2024,Liverpool,Brighton & Hove Albion,2,1,3.21149,0.43922,7.172,6.996,0.175,1.1386,1.89735,0.46614,1.43122,1.2995,0.5545,0.0492,0.2089,-0.05,0.3455,0.0992,2.3388,1.149,1.1898
2024-04-02,2023/2024,Burnley,Wolverhampton Wanderers,1,1,1.12581,1.01021,7.026,6.852,0.174,1.1318,-0.50827,0.04459,-0.55286,-0.8475,-0.0443,-0.3219,0.0342,-0.2469,-0.0785,-0.075,1.5646,1.3985,0.1662
2024-04-02,2023/2024,Nottingham Forest,Fulham,3,1,1.94619,1.04304,6.874,6.99,-0.117,-0.7631,0.09819,0.27176,-0.17358,-0.4371,-0.0345,-0.0248,0.1298,-0.235,-0.1643,0.2101,1.5081,1.1837,0.3244
2024-04-02,2023/2024,Newcastle United,Everton,1,1,2.65009,1.69834,6.926,6.954,-0.028,-0.1893,0.97853,-0.13337,1.1119,0.9539,0.4149,-0.2158,0.2579,-0.1229,0.157,-0.0929,2.1356,1.6116,0.524
2024-04-02,2023/2024,Bournemouth,Crystal Palace,1,0,1.30969,0.174389,6.854,6.917,-0.063,-0.4113,0.24807,-0.14797,0.39604,0.1793,0.2664,-0.1556,-0.0328,-0.1199,0.2991,-0.0356,1.8278,1.1392,0.6886
2024-04-02,2023/2024,West Ham United,Tottenham Hotspur,1,1,1.47017,1.39423,6.988,7.077,-0.089,-0.583,0.41623,0.68484,-0.26861,-0.5399,0.0501,-0.3405,0.3206,-0.1963,-0.2705,-0.1442,1.5842,1.9579,-0.3737
2024-04-03,2023/2024,Brentford,Brighton & Hove Albion,0,0,0.423299,1.22404,6.905,7.007,-0.102,-0.6687,0.27262,0.51501,-0.24239,-0.5115,0.2758,-0.1523,0.1816,-0.0905,0.0941,-0.0618,1.7831,1.4137,0.3694
2024-04-03,2023/2024,Manchester City,Aston Villa,4,1,3.87704,1.18643,7.318,6.829,0.49,3.1829,1.80497,0.74685,1.05812,0.8957,0.3876,0.2583,0.212,-0.175,0.1755,0.4334,2.3285,0.9007,1.4278
2024-04-03,2023/2024,Arsenal,Luton Town,2,0,1.14384,0.292082,7.02,6.834,0.185,1.2025,2.04361,-0.19023,2.23384,2.168,0.4458,0.2889,0.1216,-0.4716,0.3242,0.7605,3.2019,0.8275,2.3744
2024-04-04,2023/2024,Chelsea,Manchester United,4,3,3.48048,1.56686,7.095,7.075,0.021,0.1312,0.53137,0.53658,-0.00521,-0.2549,0.3988,-0.2134,0.2272,-0.2707,0.1716,0.0573,2.4503,1.5499,0.9004
2024-04-04,2023/2024,Liverpool,Sheffield United,3,1,2.51772,0.720948,7.186,6.786,0.4,2.5973,1.84848,-0.79984,2.64832,2.6165,0.5795,0.0689,-0.0826,-0.3604,0.6621,0.4294,3.3596,0.8195,2.5401
2024-04-06,2023/2024,Luton Town,Bournemouth,2,1,1.30478,0.616108,6.877,6.83,0.048,0.3056,-0.05343,-0.04942,-0.00402,-0.2536,0.1017,-0.3894,0.2419,-0.1307,-0.1402,-0.2587,1.5878,1.8697,-0.2819
2024-04-06,2023/2024,Fulham,Newcastle United,0,1,0.834564,1.18012,7.049,6.938,0.112,0.7232,0.3957,0.33062,0.06508,-0.1788,0.124,-0.2456,0.4312,-0.2167,-0.3072,-0.029,1.7829,1.9418,-0.1589
2024-04-06,2023/2024,Brighton & Hove Albion,Arsenal,0,3,0.428514,4.16518,7.022,7.095,-0.074,-0.4837,0.62759,1.59904,-0.97145,-1.3004,0.1737,-0.0405,0.365,0.2988,-0.1913,-0.3392,1.0946,1.5134,-0.4188
2024-04-06,2023/2024,Crystal Palace,Manchester City,2,4,1.49472,2.26381,6.912,7.304,-0.392,-2.5587,0.07151,1.49567,-1.42416,-1.7903,-0.07,-0.0999,0.4396,0.2486,-0.5095,-0.3485,0.8684,1.7973,-0.9289
2024-04-06,2023/2024,Everton,Burnley,1,0,0.659844,0.34699,6.901,6.958,-0.057,-0.3738,0.18618,-0.21662,0.4028,0.1866,0.2598,-0.1421,-0.0697,-0.3091,0.3295,0.167,2.1955,1.0825,1.1131
2024-04-06,2023/2024,Wolverhampton Wanderers,West Ham United,1,2,1.78341,1.14133,6.915,6.99,-0.075,-0.4932,0.31734,-5e-05,0.31739,0.0942,0.0183,-0.2324,0.0439,-0.3179,-0.0257,0.0855,1.7357,1.3303,0.4055
2024-04-06,2023/2024,Aston Villa,Brentford,3,3,1.16333,1.42064,6.965,6.887,0.077,0.4995,1.05766,0.06176,0.9959,0.8284,0.2181,-0.2447,0.2046,-0.1455,0.0135,-0.0991,1.817,1.5529,0.264
2024-04-07,2023/2024,Manchester United,Liverpool,2,2,0.814509,4.43457,7.018,7.187,-0.169,-1.1048,0.95364,1.24352,-0.28989,-0.5629,0.2259,-0.3099,0.5495,0.0704,-0.3235,-0.3803,1.4328,2.41,-0.9772
2024-04-07,2023/2024,Sheffield United,Chelsea,2,2,1.74265,0.521789,6.777,7.107,-0.33,-2.1502,-0.6805,0.43398,-1.11449,-1.4552,-0.0866,-0.3211,0.4486,-0.212,-0.5352,-0.109,1.3639,2.2458,-0.8819
2024-04-07,2023/2024,Tottenham Hotspur,Nottingham Forest,3,1,1.61978,2.00122,7.069,6.881,0.188,1.2218,1.08138,-0.16113,1.24251,1.0953,0.2964,-0.1911,-0.0107,-0.0212,0.3071,-0.1699,1.7582,1.1711,0.5871
2024-04-13,2023/2024,Brentford,Sheffield United,2,0,1.09071,0.834498,6.895,6.793,0.102,0.6593,0.3604,-0.6737,1.0341,0.8697,0.1967,-0.1211,-0.0605,-0.2626,0.2571,0.1415,2.0051,1.0497,0.9554
2024-04-13,2023/2024,Burnley,Brighton & Hove Albion,1,1,1.8522,0.889445,6.863,7.02,-0.158,-1.0313,-0.4909,0.40379,-0.89469,-1.2173,-0.0985,-0.2504,0.1484,-0.1253,-0.2469,-0.1251,1.2614,1.5185,-0.257
2024-04-13,2023/2024,Bournemouth,Manchester United,2,2,2.38519,1.52274,6.826,7.025,-0.199,-1.2998,0.25314,0.47442,-0.22128,-0.4887,0.1849,-0.1203,0.1972,-0.387,-0.0123,0.2667,2.165,1.4068,0.7582
2024-04-13,2023/2024,Newcastle United,Tottenham Hotspur,4,0,3.1483,0.737596,6.925,7.091,-0.165,-1.0786,0.9468,0.69961,0.24719,0.0183,0.3961,-0.1831,0.2894,-0.2096,0.1067,0.0265,2.2486,1.6361,0.6125
2024-04-13,2023/2024,Manchester City,Luton Town,5,1,4.64245,0.809775,7.223,6.884,0.339,2.2022,1.96376,-0.10311,2.06688,1.9873,0.448,0.2306,0.087,-0.3532,0.361,0.5838,2.9034,0.832,2.0714
2024-04-13,2023/2024,Nottingham Forest,Wolverhampton Wanderers,2,2,1.76244,1.45688,6.882,6.94,-0.058,-0.3811,0.17384,-0.0803,0.25414,0.0258,0.0282,-0.0162,0.0205,-0.2256,0.0076,0.2094,1.6018,1.0447,0.5571
2024-04-14,2023/2024,West Ham United,Fulham,0,2,1.45307,3.61413,6.965,7.008,-0.042,-0.2781,0.51604,0.08859,0.42744,0.2133,0.0361,-0.3166,0.0749,-0.2158,-0.0389,-0.1008,1.6017,1.4868,0.115
2024-04-14,2023/2024,Liverpool,Crystal Palace,0,1,3.04497,2.12879,7.146,6.953,0.193,1.2526,1.75923,-0.25054,2.00977,1.9255,0.619,0.0914,-0.0438,-0.1157,0.6628,0.2072,2.6698,0.8537,1.8161
2024-04-14,2023/2024,Arsenal,Aston Villa,0,2,1.89003,0.929049,7.101,6.929,0.172,1.1162,2.09422,0.57126,1.52297,1.3987,0.4286,0.3163,0.1917,-0.2382,0.2369,0.5546,2.4884,0.865,1.6234
2024-04-15,2023/2024,Chelsea,Everton,6,0,3.37093,1.21791,7.09,6.951,0.139,0.9038,0.55663,-0.00118,0.55781,0.3544,0.3862,-0.2208,0.1768,-0.1247,0.2094,-0.096,2.1209,1.4638,0.6571
2024-04-20,2023/2024,Wolverhampton Wanderers,Arsenal,0,2,0.164516,1.66179,6.864,7.09,-0.226,-1.4754,0.23929,1.623,-1.38371,-1.7465,0.0336,-0.2284,0.4037,0.312,-0.3701,-0.5404,0.9221,1.9332,-1.0111
2024-04-20,2023/2024,Sheffield United,Burnley,1,4,1.97816,2.42338,6.775,6.883,-0.108,-0.7069,-0.64546,-0.22495,-0.42051,-0.7043,-0.07,-0.2334,-0.0655,-0.2308,-0.0045,-0.0026,1.4509,1.1982,0.2527
2024-04-20,2023/2024,Luton Town,Brentford,1,5,0.497799,3.7809,6.939,6.926,0.013,0.0814,-0.04643,0.20329,-0.24972,-0.5194,0.0854,-0.412,0.1549,-0.1153,-0.0695,-0.2967,1.5319,1.7601,-0.2283
2024-04-21,2023/2024,Fulham,Liverpool,1,3,0.83885,1.02445,6.956,7.078,-0.122,-0.7997,0.39295,1.11541,-0.72246,-1.031,0.1682,-0.2094,0.6252,0.0625,-0.4569,-0.2719,1.3708,2.3377,-0.9669
2024-04-21,2023/2024,Everton,Nottingham Forest,2,0,0.473233,1.18916,6.9,6.937,-0.037,-0.2448,0.14095,-0.25494,0.39589,0.1792,0.1652,-0.1725,0.0362,-0.0252,0.129,-0.1473,1.5072,1.2376,0.2695
2024-04-21,2023/2024,Crystal Palace,West Ham United,5,2,3.7185,1.34536,6.954,6.989,-0.035,-0.2323,0.10358,0.01329,0.0903,-0.1515,0.0078,-0.1321,0.0289,-0.3729,-0.0212,0.2409,1.8235,1.1797,0.6439
2024-04-21,2023/2024,Aston Villa,Bournemouth,3,1,2.62687,2.05211,6.986,6.808,0.178,1.1578,1.06888,-0.11635,1.18523,1.0333,0.1919,-0.2089,0.1952,-0.1227,-0.0033,-0.0862,1.7509,1.4666,0.2843
2024-04-23,2023/2024,Arsenal,Chelsea,5,0,3.45858,1.60343,7.063,7.005,0.058,0.3709,1.99128,0.45002,1.54126,1.4185,0.3927,0.3292,0.4328,-0.2113,-0.0401,0.5405,2.3052,1.1016,1.2036
2024-04-24,2023/2024,Wolverhampton Wanderers,Bournemouth,0,1,0.484454,2.40311,6.897,6.777,0.121,0.7816,0.17606,-0.19221,0.36827,0.1493,0.0044,-0.2167,0.218,-0.1529,-0.2136,-0.0638,1.4858,1.5226,-0.0368
2024-04-24,2023/2024,Crystal Palace,Newcastle United,2,0,1.43661,0.55129,6.908,6.943,-0.035,-0.2303,0.24074,0.51782,-0.27708,-0.549,0.1229,-0.1348,0.4351,-0.153,-0.3122,0.0182,1.6422,1.7755,-0.1334
2024-04-24,2023/2024,Manchester United,Sheffield United,4,2,3.51311,1.20517,7.108,6.773,0.335,2.1797,0.97038,-0.84562,1.816,1.7158,0.1994,-0.3913,-0.0375,-0.2555,0.237,-0.1358,2.0527,1.3687,0.684
2024-04-24,2023/2024,Everton,Liverpool,2,0,1.89111,1.87155,6.943,7.169,-0.225,-1.4714,0.25017,1.21327,-0.9631,-1.2914,0.1235,-0.1698,0.5754,0.0801,-0.4519,-0.2499,1.2723,2.1645,-0.8922
2024-04-25,2023/2024,Brighton & Hove Albion,Manchester City,0,4,0.572021,1.90507,6.973,7.249,-0.276,-1.8026,0.45337,1.6349,-1.18153,-1.5277,0.1262,-0.1401,0.507,0.2291,-0.3808,-0.3692,1.0924,1.974,-0.8816
2024-04-27,2023/2024,Aston Villa,Chelsea,2,2,0.612257,1.56401,6.996,7.085,-0.089,-0.5802,1.14473,0.30567,0.83907,0.6587,0.2217,-0.2244,0.4444,-0.2592,-0.2227,0.0349,2.003,1.9727,0.0304
2024-04-27,2023/2024,Everton,Brentford,1,0,1.21399,0.956356,6.966,7.013,-0.047,-0.3096,0.3881,0.35083,0.03727,-0.2089,0.1486,-0.1566,0.2391,-0.082,-0.0905,-0.0746,1.5672,1.494,0.0733
2024-04-27,2023/2024,Fulham,Crystal Palace,1,1,1.39418,1.05387,6.943,6.938,0.005,0.029,0.29509,0.06359,0.2315,0.0013,0.1418,-0.1534,0.1103,-0.0923,0.0315,-0.0611,1.5824,1.3011,0.2813
2024-04-27,2023/2024,Wolverhampton Wanderers,Luton Town,2,1,1.49011,0.90435,6.905,6.873,0.032,0.2031,0.07477,-0.31984,0.39461,0.1778,-0.0394,-0.2405,0.0323,-0.459,-0.0718,0.2184,1.9109,1.3088,0.6021
2024-04-27,2023/2024,Newcastle United,Sheffield United,5,1,2.93477,1.82408,6.97,6.773,0.198,1.2842,1.01027,-0.86987,1.88015,1.7852,0.3883,-0.1452,-0.048,-0.2993,0.4363,0.154,2.5483,1.0765,1.4717
2024-04-27,2023/2024,Manchester United,Burnley,1,1,3.06197,1.89591,7.113,6.92,0.193,1.2525,0.99463,-0.0931,1.08773,0.9278,0.2509,-0.384,-0.0181,-0.2428,0.269,-0.1412,2.0979,1.4091,0.6888
2024-04-27,2023/2024,West Ham United,Liverpool,2,2,0.794025,2.29298,6.983,7.09,-0.107,-0.7025,0.29551,1.07534,-0.77983,-1.0931,0.0345,-0.4308,0.5616,0.0596,-0.5272,-0.4904,1.2049,2.7328,-1.5279
2024-04-28,2023/2024,Nottingham Forest,Manchester City,0,2,2.17312,0.932063,6.873,7.308,-0.435,-2.8363,0.06901,1.77067,-1.70166,-2.0906,0.0339,0.0072,0.5006,0.2437,-0.4666,-0.2365,0.9633,1.725,-0.7618
2024-04-28,2023/2024,Bournemouth,Brighton & Hove Albion,3,0,2.48132,1.35682,6.799,6.934,-0.135,-0.8806,0.29857,0.23297,0.0656,-0.1782,0.2509,-0.1208,0.1044,-0.1361,0.1465,0.0153,1.8135,1.273,0.5406
2024-04-28,2023/2024,Tottenham Hotspur,Arsenal,2,3,2.60458,1.51469,7.112,7.071,0.041,0.2634,1.05546,1.78245,-0.72699,-1.0359,0.2547,-0.2451,0.43,0.3106,-0.1753,-0.5557,1.1891,1.9548,-0.7656
2024-05-02,2023/2024,Chelsea,Tottenham Hotspur,2,0,2.22432,1.27064,6.993,7.046,-0.053,-0.3484,0.67254,0.52938,0.14316,-0.0943,0.4217,-0.2055,0.2987,-0.2269,0.123,0.0213,2.3785,1.6662,0.7123
2024-05-03,2023/2024,Luton Town,Everton,1,1,0.950391,1.22959,6.884,6.957,-0.073,-0.4799,-0.23561,0.05885,-0.29446,-0.5679,0.0147,-0.4436,0.1318,-0.1398,-0.1171,-0.3038,1.4478,1.7936,-0.3459
2024-05-04,2023/2024,Sheffield United,Nottingham Forest,1,3,2.48986,1.93818,6.776,6.882,-0.106,-0.6951,-0.87533,-0.38853,-0.48679,-0.776,-0.0091,-0.3109,0.0881,0.035,-0.0972,-0.3459,1.1823,1.5094,-0.3271
2024-05-04,2023/2024,Arsenal,Bournemouth,3,0,3.91372,0.4687,7.067,6.804,0.263,1.7077,2.1583,0.00076,2.15753,2.0854,0.411,0.2605,0.2796,-0.1221,0.1314,0.3826,2.2005,0.9879,1.2126
2024-05-04,2023/2024,Manchester City,Wolverhampton Wanderers,5,1,4.52542,0.396887,7.255,6.871,0.384,2.4929,2.19702,-0.11632,2.31334,2.254,0.4783,0.2072,-0.0619,-0.228,0.5402,0.4352,2.6547,0.73,1.9247
2024-05-04,2023/2024,Brentford,Fulham,0,0,0.809379,1.45579,6.96,6.993,-0.033,-0.2203,0.48687,0.13272,0.35415,0.134,0.2169,-0.07,0.132,-0.1459,0.0849,0.076,1.7916,1.2287,0.563
2024-05-04,2023/2024,Burnley,Newcastle United,1,4,1.28632,4.25643,6.964,6.951,0.013,0.0826,-0.26278,0.47353,-0.73631,-1.046,0.0102,-0.2755,0.3988,-0.1605,-0.3886,-0.1149,1.4867,1.9596,-0.4729
2024-05-05,2023/2024,Liverpool,Tottenham Hotspur,4,2,3.26222,1.17205,7.138,7.06,0.078,0.5025,1.54472,0.41297,1.13175,0.9754,0.5401,0.0715,0.2804,-0.2187,0.2597,0.2902,2.6975,1.221,1.4765
2024-05-05,2023/2024,Chelsea,West Ham United,5,0,4.21838,0.893899,7.108,6.984,0.125,0.8066,0.78895,-0.07466,0.86361,0.6853,0.4102,-0.1911,0.0164,-0.4078,0.3938,0.2167,2.8782,1.2125,1.6657
2024-05-05,2023/2024,Brighton & Hove Albion,Aston Villa,1,0,2.63566,0.0644055,6.978,6.956,0.022,0.1411,0.22592,0.71542,-0.4895,-0.7789,0.1064,-0.1589,0.1567,-0.2072,-0.0502,0.0483,1.717,1.3675,0.3495
2024-05-06,2023/2024,Crystal Palace,Manchester United,4,0,2.0656,0.341417,6.977,7.078,-0.101,-0.6583,0.3866,0.40222,-0.01562,-0.2661,0.0989,-0.0858,0.2896,-0.3929,-0.1907,0.3072,2.0221,1.4732,0.5489
2024-05-11,2023/2024,Everton,Sheffield United,1,0,1.82411,0.465523,6.975,6.796,0.179,1.1586,0.44784,-1.06353,1.51137,1.3862,0.1064,-0.1245,0.0553,-0.3186,0.051,0.1941,1.9553,1.1719,0.7834
2024-05-11,2023/2024,Nottingham Forest,Chelsea,2,3,2.44569,2.41068,6.875,7.14,-0.265,-1.7264,0.10332,0.56135,-0.45803,-0.7449,0.1058,0.002,0.4691,-0.1816,-0.3634,0.1837,1.6163,1.6466,-0.0303
2024-05-11,2023/2024,Tottenham Hotspur,Burnley,2,1,3.00238,0.950331,7.062,6.933,0.129,0.8375,0.89128,-0.08715,0.97843,0.8095,0.2762,-0.2409,-0.0013,-0.3524,0.2775,0.1115,2.3829,1.2514,1.1314
2024-05-11,2023/2024,Bournemouth,Brentford,1,2,1.07237,1.92722,6.796,6.963,-0.167,-1.093,0.38445,0.23899,0.14547,-0.0918,0.259,-0.1938,0.1707,-0.0753,0.0883,-0.1185,1.7137,1.469,0.2447
2024-05-11,2023/2024,West Ham United,Luton Town,3,1,3.71009,0.640456,7.003,6.884,0.12,0.7757,0.26848,-0.35817,0.62666,0.4289,0.0026,-0.46,-0.01,-0.4247,0.0126,-0.0353,1.946,1.5461,0.3999
2024-05-11,2023/2024,Wolverhampton Wanderers,Crystal Palace,1,3,1.1561,2.51452,6.892,6.994,-0.103,-0.6713,0.06276,0.19327,-0.13052,-0.3905,-0.0721,-0.3081,0.1008,-0.0522,-0.1729,-0.2559,1.2118,1.5237,-0.3119
2024-05-11,2023/2024,Newcastle United,Brighton & Hove Albion,1,1,2.45163,1.91556,6.958,6.983,-0.025,-0.1695,1.21696,0.16581,1.05115,0.8882,0.4763,-0.1532,0.1536,-0.1204,0.3227,-0.0327,2.2658,1.3632,0.9026
2024-05-11,2023/2024,Fulham,Manchester City,0,4,0.0886245,3.15218,6.995,7.272,-0.277,-1.8064,0.29348,1.8817,-1.58822,-1.9678,0.1393,-0.1122,0.5308,0.2128,-0.3915,-0.3251,1.1249,1.9661,-0.8412
2024-05-12,2023/2024,Manchester United,Arsenal,0,1,0.551669,1.73104,7.002,7.075,-0.073,-0.4777,0.80468,1.86807,-1.06339,-1.3999,0.2465,-0.391,0.4562,0.2729,-0.2097,-0.6639,1.2082,2.3536,-1.1454
2024-05-13,2023/2024,Aston Villa,Liverpool,3,3,2.71655,1.89968,6.992,7.137,-0.145,-0.9476,0.99713,1.05411,-0.05698,-0.3109,0.1134,-0.2353,0.5569,0.0724,-0.4435,-0.3077,1.2814,2.2468,-0.9654
2024-05-14,2023/2024,Tottenham Hotspur,Manchester City,0,2,1.84285,2.70331,7.058,7.275,-0.217,-1.4177,0.89446,2.0105,-1.11604,-1.4569,0.3026,-0.232,0.5581,0.2455,-0.2554,-0.4775,1.2912,2.2616,-0.9704
2024-05-15,2023/2024,Brighton & Hove Albion,Chelsea,1,2,1.32423,1.544,7.005,7.122,-0.117,-0.7658,0.39023,0.61915,-0.22892,-0.4969,0.1763,-0.1272,0.4871,-0.2061,-0.3108,0.0789,1.8088,1.8744,-0.0656
2024-05-15,2023/2024,Manchester United,Newcastle United,3,2,1.49706,2.27657,7.067,7.017,0.05,0.3221,0.81375,0.54062,0.27314,0.0463,0.2187,-0.3637,0.4796,-0.1675,-0.2608,-0.1962,1.8523,2.3102,-0.4579
2024-05-19,2023/2024,Burnley,Nottingham Forest,1,2,1.08222,1.57962,6.96,6.885,0.075,0.4827,-0.39077,-0.32075,-0.07002,-0.325,-0.016,-0.3729,0.1537,-0.0242,-0.1698,-0.3488,1.2729,1.6784,-0.4055
2024-05-19,2023/2024,Brighton & Hove Albion,Manchester United,0,2,1.9717,1.00404,6.884,7.114,-0.231,-1.5049,0.31695,0.30516,0.01179,-0.2365,0.1485,-0.1143,0.2003,-0.3593,-0.0518,0.2449,2.023,1.4081,0.6149
2024-05-19,2023/2024,Chelsea,Bournemouth,2,1,1.59771,2.002,7.14,6.915,0.226,1.4651,1.02758,-0.13829,1.16588,1.0123,0.471,-0.1876,0.2271,-0.2059,0.2439,0.0183,2.5297,1.4739,1.0557
2024-05-19,2023/2024,Brentford,Newcastle United,2,4,1.70157,3.65044,6.989,6.957,0.033,0.208,0.50651,0.47005,0.03646,-0.2098,0.1859,-0.0522,0.4738,-0.1531,-0.2879,0.1009,1.7633,1.6858,0.0775
2024-05-19,2023/2024,Sheffield United,Tottenham Hotspur,0,3,0.697312,3.19675,6.786,7.063,-0.278,-1.8125,-0.94468,0.28306,-1.22775,-1.5777,0.0174,-0.3118,0.3222,-0.2465,-0.3048,-0.0653,1.5763,1.9488,-0.3725
2024-05-19,2023/2024,Arsenal,Everton,2,1,3.2117,0.664904,7.065,6.979,0.086,0.557,2.22968,-0.01429,2.24397,2.1789,0.4296,0.2928,0.1004,-0.1066,0.3292,0.3994,2.1614,0.8166,1.3447
2024-05-19,2023/2024,Luton Town,Fulham,2,4,2.06743,1.11598,6.885,6.944,-0.059,-0.3848,-0.26708,0.08883,-0.35591,-0.6343,-0.0568,-0.4716,0.0906,-0.1537,-0.1474,-0.3179,1.3691,1.7669,-0.3977
2024-05-19,2023/2024,Manchester City,West Ham United,3,1,2.31504,0.240159,7.386,6.981,0.406,2.636,2.44774,-0.15826,2.60599,2.5706,0.5681,0.2227,0.0928,-0.4327,0.4753,0.6554,3.573,0.8368,2.7362
2024-05-19,2023/2024,Crystal Palace,Aston Villa,5,0,2.23189,0.598846,7.005,6.935,0.07,0.4508,0.61457,0.61535,-0.00078,-0.2501,0.1413,-0.0504,0.1654,-0.2192,-0.0241,0.1688,1.8095,1.2306,0.5789
2024-05-19,2023/2024,Liverpool,Wolverhampton Wanderers,2,0,5.65937,0.731254,7.156,6.879,0.277,1.797,1.61813,-0.30585,1.92397,1.8327,0.5395,0.0254,-0.0738,-0.3331,0.6133,0.3585,3.0953,0.8762,2.2191
2024-08-16,2024/2025,Manchester United,Fulham,1,0,2.04268,0.418711,7.127,6.969,0.158,1.0233,0.96451,0.19927,0.76524,0.5788,0.1847,-0.3545,0.0594,-0.1706,0.1252,-0.1839,1.8191,1.4847,0.3344
2024-08-17,2024/2025,Nottingham Forest,Bournemouth,1,1,1.24405,1.90915,6.89,6.863,0.027,0.1742,0.10031,-0.11616,0.21647,-0.015,0.1475,-0.0188,0.2496,-0.1628,-0.1022,0.144,1.7122,1.3037,0.4085
2024-08-17,2024/2025,Newcastle United,Southampton,1,0,0.433489,1.95483,6.998,6.799,0.2,1.2949,1.16233,-0.7309,1.89323,1.7994,0.5383,-0.1497,-0.1239,-0.2671,0.6622,0.1174,2.8676,1.0021,1.8655
2024-08-17,2024/2025,West Ham United,Aston Villa,1,2,2.8047,2.6703,6.972,6.982,-0.01,-0.0696,0.41163,0.45745,-0.04583,-0.2988,0.0695,-0.3734,0.1426,-0.231,-0.0731,-0.1424,1.6879,1.6774,0.0106
2024-08-17,2024/2025,Ipswich Town,Liverpool,0,2,0.342601,3.92906,6.914,7.183,-0.269,-1.7533,0.0,1.05311,-1.05311,-1.3888,0.0,0.0,0.6191,0.0285,-0.6191,-0.0285,1.1779,1.9178,-0.7399
2024-08-17,2024/2025,Everton,Brighton & Hove Albion,0,3,0.405325,1.79083,6.927,6.995,-0.069,-0.4507,0.45676,0.12493,0.33183,0.1098,0.095,-0.1479,0.1443,-0.1021,-0.0493,-0.0458,1.5116,1.3505,0.1611
2024-08-17,2024/2025,Arsenal,Wolverhampton Wanderers,2,0,1.6283,0.575835,7.098,6.908,0.19,1.2355,2.13315,-0.31664,2.44979,2.4016,0.4568,0.2938,-0.0787,-0.4483,0.5355,0.7422,3.1647,0.6735,2.4912
2024-08-18,2024/2025,Brentford,Crystal Palace,2,1,1.38064,1.14757,6.952,6.997,-0.045,-0.2953,0.38565,0.41528,-0.02963,-0.2813,0.1815,-0.12,0.1618,-0.0336,0.0196,-0.0864,1.5435,1.3327,0.2107
2024-08-18,2024/2025,Chelsea,Manchester City,0,2,1.06123,1.18038,7.031,7.265,-0.234,-1.5293,1.00546,2.04857,-1.04311,-1.378,0.4305,-0.2015,0.5241,0.2357,-0.0937,-0.4373,1.4785,2.1249,-0.6463
2024-08-19,2024/2025,Leicester City,Tottenham Hotspur,1,1,1.02614,1.40775,6.877,7.068,-0.191,-1.2453,0.11459,0.3972,-0.28261,-0.555,0.1271,-0.1137,0.3619,-0.2205,-0.2348,0.1068,1.7317,1.6461,0.0856
2024-08-24,2024/2025,Fulham,Leicester City,2,1,1.96218,0.857005,6.967,7.024,-0.057,-0.3771,0.21835,-0.12811,0.34646,0.1257,0.0067,-0.1766,0.085,-0.1049,-0.0783,-0.0717,1.3896,1.308,0.0816
2024-08-24,2024/2025,Crystal Palace,West Ham United,0,2,1.3761,1.53421,6.977,6.957,0.02,0.1261,0.71437,-0.15138,0.86575,0.6876,0.1535,-0.0282,0.1267,-0.3957,0.0268,0.3675,2.1725,1.1649,1.0077
2024-08-24,2024/2025,Brighton & Hove Albion,Manchester United,2,1,2.14153,1.28556,7.025,7.175,-0.15,-0.9781,0.29189,0.44541,-0.15351,-0.4153,0.1593,-0.0682,0.1923,-0.3241,-0.033,0.2559,1.9934,1.3211,0.6723
2024-08-24,2024/2025,Aston Villa,Arsenal,0,2,1.31664,1.41399,6.989,7.064,-0.076,-0.4958,0.95568,1.761,-0.80533,-1.1207,0.1847,-0.2633,0.401,0.2932,-0.2162,-0.5566,1.1127,1.9608,-0.8481
2024-08-24,2024/2025,Manchester City,Ipswich Town,4,1,3.07818,0.479999,7.297,6.946,0.35,2.277,2.44095,-0.05537,2.49632,2.452,0.4922,0.2511,-0.6449,-0.9103,1.1371,1.1615,5.3046,0.3915,4.9131
2024-08-24,2024/2025,Tottenham Hotspur,Everton,4,0,2.61143,0.648869,7.074,6.931,0.143,0.9246,0.8675,-0.01298,0.88048,0.7035,0.3502,-0.1974,0.0479,-0.1585,0.3023,-0.0389,2.117,1.2566,0.8604
2024-08-24,2024/2025,Southampton,Nottingham Forest,0,1,0.214952,2.86475,6.822,6.899,-0.077,-0.5057,-0.47847,-0.25719,-0.22127,-0.4887,-0.0752,-0.1578,0.1228,-0.0358,-0.198,-0.122,1.1921,1.3362,-0.1442
2024-08-25,2024/2025,Wolverhampton Wanderers,Chelsea,2,6,2.4181,2.02935,6.853,7.103,-0.251,-1.6349,-0.02754,0.62197,-0.64952,-0.9521,-0.0812,-0.3792,0.4103,-0.1622,-0.4914,-0.2169,1.3171,2.2691,-0.952
2024-08-25,2024/2025,Liverpool,Brentford,2,0,2.71877,0.457239,7.18,6.947,0.233,1.5136,1.68428,0.30893,1.37535,1.239,0.6206,0.0354,0.173,-0.1137,0.4476,0.1491,2.6816,1.1162,1.5654
2024-08-25,2024/2025,Bournemouth,Newcastle United,1,1,2.53513,1.89287,6.896,6.935,-0.039,-0.257,0.32541,0.53743,-0.21202,-0.4786,0.2691,-0.1466,0.4439,-0.1686,-0.1748,0.0221,1.9298,1.8134,0.1164
2024-08-31,2024/2025,Nottingham Forest,Wolverhampton Wanderers,1,1,1.41069,0.937632,6.925,6.819,0.106,0.6884,0.12153,-0.36156,0.4831,0.2735,0.1786,-0.0099,-0.0217,-0.3679,0.2003,0.358,2.1891,0.9759,1.2132
2024-08-31,2024/2025,Everton,Bournemouth,2,3,2.55629,2.95688,6.909,6.827,0.082,0.5277,0.22051,-0.06994,0.29044,0.065,0.0227,-0.1761,0.2986,-0.148,-0.2759,-0.0281,1.4989,1.5921,-0.0932
2024-08-31,2024/2025,Ipswich Town,Fulham,1,1,0.707048,1.18883,6.782,6.972,-0.19,-1.2436,-0.11961,0.21318,-0.33279,-0.6093,-0.6152,-0.5636,0.0303,-0.1635,-0.6455,-0.4001,0.7787,1.8527,-1.074
2024-08-31,2024/2025,Brentford,Southampton,3,1,3.86281,1.64713,6.967,6.827,0.139,0.9037,0.43026,-0.69982,1.13008,0.9736,0.1465,-0.1145,-0.1226,-0.1932,0.2692,0.0787,1.7871,0.9756,0.8115
2024-08-31,2024/2025,Leicester City,Aston Villa,1,2,0.774741,2.16385,7.015,6.989,0.026,0.1633,0.10571,0.47787,-0.37216,-0.6519,0.0661,-0.1203,0.1906,-0.2415,-0.1246,0.1213,1.7074,1.3606,0.3468
2024-08-31,2024/2025,Arsenal,Brighton & Hove Albion,1,1,2.41798,1.81748,7.074,7.036,0.038,0.2448,2.14571,0.32961,1.8161,1.7159,0.3805,0.2841,0.1662,-0.0666,0.2143,0.3507,1.9659,0.8848,1.0811
2024-08-31,2024/2025,West Ham United,Manchester City,1,3,0.947201,3.19297,6.978,7.297,-0.319,-2.0833,0.4192,2.16869,-1.74949,-2.1423,0.1402,-0.3672,0.4703,0.2479,-0.3301,-0.6151,1.0816,2.4003,-1.3188
2024-09-01,2024/2025,Manchester United,Liverpool,0,3,1.50087,2.10397,7.097,7.186,-0.089,-0.5843,0.9326,1.1787,-0.2461,-0.5155,0.1895,-0.3261,0.6165,0.0548,-0.427,-0.381,1.4167,2.5945,-1.1778
2024-09-01,2024/2025,Newcastle United,Tottenham Hotspur,2,1,1.58694,1.63304,6.933,7.068,-0.135,-0.8829,1.0638,0.45563,0.60818,0.4089,0.4428,-0.1898,0.3682,-0.1814,0.0746,-0.0084,2.2986,1.7757,0.5229
2024-09-01,2024/2025,Chelsea,Crystal Palace,1,1,2.97743,0.459708,7.13,6.944,0.186,1.2047,1.01727,0.23714,0.78013,0.5949,0.3976,-0.1894,0.1109,-0.0372,0.2867,-0.1522,1.9762,1.3208,0.6555
2024-09-14,2024/2025,Brighton & Hove Albion,Ipswich Town,0,0,1.75696,0.721323,6.89,6.818,0.072,0.4637,0.46155,-0.08357,0.54512,0.3406,0.1935,-0.0832,-0.6334,-0.5131,0.827,0.4299,2.5586,0.572,1.9867
2024-09-14,2024/2025,Aston Villa,Everton,3,2,3.15876,0.852158,6.921,6.945,-0.024,-0.161,0.90385,-0.21867,1.12252,0.9654,0.218,-0.2107,0.0661,-0.2162,0.152,0.0054,1.9263,1.3228,0.6035
2024-09-14,2024/2025,Southampton,Manchester United,0,3,1.35593,3.02693,6.897,6.893,0.004,0.0222,-0.60485,0.2628,-0.86765,-1.1881,-0.0919,-0.2562,0.1914,-0.3038,-0.2833,0.0476,1.5475,1.5639,-0.0163
2024-09-14,2024/2025,Fulham,West Ham United,1,1,2.88601,0.682719,6.95,6.966,-0.016,-0.1063,0.2575,-0.03597,0.29348,0.0683,0.0023,-0.1611,0.1327,-0.3917,-0.1304,0.2306,1.8523,1.3442,0.5081
2024-09-14,2024/2025,Bournemouth,Chelsea,0,1,1.53731,0.932726,6.803,7.082,-0.279,-1.819,0.41843,0.71582,-0.2974,-0.571,0.355,-0.1771,0.4301,-0.1647,-0.0751,-0.0124,2.0354,1.8974,0.138
2024-09-14,2024/2025,Manchester City,Brentford,2,1,1.55279,1.05094,7.271,6.964,0.307,1.9966,2.51688,0.29777,2.21911,2.152,0.4886,0.2501,0.2277,-0.1269,0.2609,0.377,2.4023,0.9428,1.4595
2024-09-14,2024/2025,Crystal Palace,Leicester City,2,2,2.88716,1.65187,6.975,6.948,0.026,0.1668,0.6271,-0.23658,0.86368,0.6853,0.0739,-0.0762,0.0154,-0.142,0.0585,0.0658,1.5578,1.0925,0.4653
2024-09-14,2024/2025,Liverpool,Nottingham Forest,0,1,1.17044,0.589532,7.19,6.928,0.262,1.7019,1.83793,-0.21891,2.05684,1.9764,0.5911,0.0513,0.1342,-0.009,0.4569,0.0602,2.3527,1.0531,1.2996
2024-09-15,2024/2025,Wolverhampton Wanderers,Newcastle United,1,2,1.46969,1.48343,6.851,6.998,-0.146,-0.9575,-0.13515,0.54027,-0.67542,-0.9801,-0.0229,-0.3404,0.4077,-0.1832,-0.4306,-0.1572,1.4434,2.1503,-0.7069
2024-09-15,2024/2025,Tottenham Hotspur,Arsenal,0,1,0.792595,1.1209,7.089,7.041,0.048,0.3092,0.97733,1.77863,-0.8013,-1.1163,0.3589,-0.1521,0.3904,0.257,-0.0315,-0.4091,1.3936,1.7107,-0.3171
2024-09-21,2024/2025,Leicester City,Everton,1,1,1.33793,1.82377,6.976,6.936,0.039,0.2518,0.0941,-0.20184,0.29594,0.071,0.036,-0.1831,0.0453,-0.2574,-0.0093,0.0742,1.6859,1.2508,0.4351
2024-09-21,2024/2025,Aston Villa,Wolverhampton Wanderers,3,1,2.37351,0.520117,6.962,6.882,0.08,0.5183,0.88702,-0.33448,1.22149,1.0725,0.2722,-0.1969,-0.0213,-0.316,0.2935,0.1191,2.275,1.1808,1.0943
2024-09-21,2024/2025,Southampton,Ipswich Town,1,1,2.89813,1.645,6.88,6.825,0.054,0.3482,-0.72791,-0.02553,-0.70237,-1.0092,-0.1035,-0.2953,-0.5978,-0.4504,0.4943,0.155,1.7818,0.7343,1.0475
2024-09-21,2024/2025,West Ham United,Chelsea,0,3,0.758267,2.39727,6.947,7.094,-0.148,-0.9642,0.41162,0.78484,-0.37323,-0.6531,0.1034,-0.4173,0.3931,-0.1444,-0.2897,-0.2729,1.5754,2.289,-0.7135
2024-09-21,2024/2025,Tottenham Hotspur,Brentford,3,1,3.89481,0.893565,7.087,6.907,0.181,1.1724,0.95139,0.3933,0.5581,0.3547,0.3324,-0.1326,0.2297,-0.0895,0.1026,-0.0432,1.9497,1.4062,0.5434
2024-09-21,2024/2025,Fulham,Newcastle United,3,1,3.21141,1.09768,6.954,7.004,-0.05,-0.3321,0.22142,0.57943,-0.35801,-0.6366,0.0547,-0.1413,0.3803,-0.1823,-0.3256,0.041,1.5766,1.6951,-0.1184
2024-09-21,2024/2025,Crystal Palace,Manchester United,0,0,1.66928,2.35056,6.994,7.081,-0.088,-0.5738,0.54847,0.38586,0.16262,-0.0733,0.1251,-0.0887,0.2433,-0.2962,-0.1182,0.2076,1.8874,1.4084,0.479
2024-09-21,2024/2025,Liverpool,Bournemouth,3,0,2.43731,1.46979,7.188,6.822,0.366,2.3805,1.69867,-0.01758,1.71625,1.6079,0.5532,0.0639,0.3233,-0.1415,0.2299,0.2054,2.6185,1.2409,1.3776
2024-09-22,2024/2025,Manchester City,Arsenal,2,2,2.75588,1.28411,7.306,7.048,0.258,1.6775,2.42135,1.80457,0.61678,0.4182,0.4609,0.2448,0.3689,0.2785,0.092,-0.0336,1.5488,1.0978,0.4509
2024-09-22,2024/2025,Brighton & Hove Albion,Nottingham Forest,2,2,1.56836,1.36923,6.996,6.956,0.04,0.2546,0.40351,-0.07966,0.48317,0.2736,0.1514,-0.0842,0.1141,0.0462,0.0373,-0.1304,1.3968,1.2136,0.1832
2024-09-28,2024/2025,Chelsea,Brighton & Hove Albion,4,2,3.65839,1.20712,7.113,6.981,0.132,0.8577,1.0779,0.37078,0.70712,0.5159,0.3942,-0.1183,0.1561,-0.0875,0.238,-0.0308,2.058,1.2953,0.7627
2024-09-28,2024/2025,Newcastle United,Manchester City,1,1,1.34344,1.26516,7.019,7.194,-0.175,-1.1439,1.05016,2.09447,-1.04431,-1.3792,0.3578,-0.2325,0.4895,0.2366,-0.1317,-0.4691,1.3834,2.1021,-0.7187
2024-09-28,2024/2025,Arsenal,Leicester City,4,2,6.05305,0.337909,7.095,7.019,0.076,0.4879,2.08985,-0.18218,2.27202,2.2093,0.3709,0.225,0.0188,-0.1969,0.3521,0.4218,2.2278,0.8065,1.4213
2024-09-28,2024/2025,Nottingham Forest,Fulham,0,1,0.614351,1.43592,6.925,6.955,-0.03,-0.1993,0.19664,0.23435,-0.03771,-0.29,0.119,0.0407,0.1319,-0.1194,-0.0129,0.1602,1.5827,1.0995,0.4832
2024-09-28,2024/2025,Wolverhampton Wanderers,Liverpool,1,2,0.748925,2.11724,6.872,7.198,-0.326,-2.1271,-0.22345,1.28602,-1.50947,-1.8826,-0.0522,-0.3164,0.5428,0.0558,-0.595,-0.3722,1.0804,2.455,-1.3746
2024-09-28,2024/2025,Brentford,West Ham United,1,1,0.370222,0.878617,6.91,6.98,-0.07,-0.46,0.50363,-0.08833,0.59197,0.3913,0.2051,-0.1567,0.0584,-0.4173,0.1467,0.2606,2.3124,1.2505,1.062
2024-09-28,2024/2025,Everton,Crystal Palace,2,1,1.10959,1.12358,6.93,7.003,-0.073,-0.4821,0.15758,0.24405,-0.08647,-0.3428,0.0666,-0.2442,0.1127,-0.1161,-0.0462,-0.1282,1.4891,1.4417,0.0474
2024-09-29,2024/2025,Manchester United,Tottenham Hotspur,0,3,0.600721,5.4072,7.061,7.056,0.005,0.0291,0.89438,0.46218,0.43219,0.2184,0.277,-0.2869,0.4116,-0.1181,-0.1346,-0.1688,1.8589,2.0097,-0.1508
2024-09-29,2024/2025,Ipswich Town,Aston Villa,2,2,1.84608,1.14494,6.962,6.949,0.013,0.0794,-0.08697,0.57982,-0.6668,-0.9708,-0.4279,-0.5029,0.2745,-0.1797,-0.7024,-0.3233,0.9778,2.1727,-1.1949
2024-09-30,2024/2025,Bournemouth,Southampton,3,1,1.44215,0.696068,6.846,6.957,-0.111,-0.7242,0.284,-0.81482,1.09882,0.9398,0.3304,-0.1324,-0.0311,-0.3044,0.3615,0.172,2.33,1.1214,1.2086
2024-10-05,2024/2025,Everton,Newcastle United,0,0,0.692214,1.79048,6.956,7.018,-0.062,-0.407,0.24738,0.51023,-0.26285,-0.5337,0.0485,-0.2332,0.3532,-0.1972,-0.3047,-0.036,1.5881,1.8108,-0.2227
2024-10-05,2024/2025,Leicester City,Bournemouth,1,0,0.912063,1.94963,6.991,6.858,0.133,0.8628,0.08036,-0.06192,0.14228,-0.0953,0.003,-0.3567,0.2834,-0.1223,-0.2804,-0.2344,1.4411,1.8669,-0.4258
2024-10-05,2024/2025,West Ham United,Ipswich Town,4,1,4.39402,1.18463,7.016,6.956,0.061,0.3922,0.31995,-0.05009,0.37004,0.1512,0.0428,-0.3501,-0.219,-0.4416,0.2618,0.0915,2.046,1.1319,0.9142
2024-10-05,2024/2025,Arsenal,Southampton,3,1,3.25165,1.27313,7.16,6.928,0.231,1.5007,2.05596,-0.89548,2.95144,2.9445,0.4905,0.2338,-0.0492,-0.2667,0.5397,0.5006,2.7429,0.7331,2.0098
2024-10-05,2024/2025,Crystal Palace,Liverpool,0,1,0.609481,2.07332,7.015,7.158,-0.143,-0.9343,0.46687,1.23073,-0.76386,-1.0758,0.1,-0.1032,0.5283,0.0649,-0.4283,-0.168,1.2742,1.9127,-0.6385
2024-10-05,2024/2025,Brentford,Wolverhampton Wanderers,5,3,4.13513,0.696254,6.942,6.899,0.043,0.278,0.44214,-0.37134,0.81348,0.631,0.0934,-0.1463,-0.0684,-0.3017,0.1618,0.1554,1.8674,1.0756,0.7919
2024-10-05,2024/2025,Manchester City,Fulham,3,2,1.36684,2.75846,7.241,6.951,0.29,1.8851,2.29953,0.31819,1.98134,1.8947,0.4584,0.2361,0.1411,-0.0875,0.3173,0.3236,2.2362,0.8785,1.3577
2024-10-06,2024/2025,Chelsea,Nottingham Forest,1,1,2.27752,1.66654,7.109,6.952,0.157,1.0211,1.17636,-0.08235,1.25871,1.1128,0.4514,-0.115,0.0716,0.0322,0.3798,-0.1471,1.9392,1.1828,0.7564
2024-10-06,2024/2025,Aston Villa,Manchester United,0,0,0.532809,0.448537,6.982,7.077,-0.095,-0.6247,0.91629,0.31157,0.60473,0.4051,0.2279,-0.1927,0.2143,-0.396,0.0136,0.2033,2.3089,1.5195,0.7894
2024-10-06,2024/2025,Brighton & Hove Albion,Tottenham Hotspur,3,2,1.97217,1.09279,6.9,7.063,-0.162,-1.0598,0.28467,0.60623,-0.32155,-0.5972,0.1513,-0.1514,0.5731,-0.0757,-0.4218,-0.0757,1.5403,2.1042,-0.5639
2024-10-19,2024/2025,Manchester United,Brentford,2,1,1.76555,0.892843,7.118,6.944,0.173,1.1251,0.79194,0.31117,0.48077,0.271,0.167,-0.329,0.1909,-0.1368,-0.0238,-0.1923,1.7311,1.6476,0.0835
2024-10-19,2024/2025,Fulham,Aston Villa,1,3,2.63074,1.43595,6.968,6.95,0.018,0.1129,0.4616,0.47155,-0.00994,-0.26,0.2069,-0.0505,0.1361,-0.1578,0.0708,0.1072,1.8059,1.2026,0.6033
2024-10-19,2024/2025,Tottenham Hotspur,West Ham United,4,1,1.44052,0.858803,7.084,7.009,0.075,0.485,1.08496,0.06164,1.02332,0.8581,0.5261,-0.0874,0.1684,-0.3479,0.3577,0.2605,3.0258,1.2801,1.7457
2024-10-19,2024/2025,Ipswich Town,Everton,0,2,1.174,1.60804,6.907,6.973,-0.066,-0.4332,-0.10877,-0.08369,-0.02508,-0.2764,-0.2068,-0.5513,0.0036,-0.2305,-0.2104,-0.3209,1.2714,1.7557,-0.4843
2024-10-19,2024/2025,Newcastle United,Brighton & Hove Albion,0,1,1.93657,1.6779,7.005,6.895,0.11,0.7131,1.11605,0.3387,0.77735,0.5919,0.3493,-0.1679,0.1702,-0.1103,0.1791,-0.0576,2.0078,1.3841,0.6237
2024-10-19,2024/2025,Southampton,Leicester City,2,3,2.42776,2.83826,6.841,6.977,-0.135,-0.8855,-0.65715,-0.09609,-0.56106,-0.8563,-0.0278,-0.286,-0.0201,-0.3565,-0.0077,0.0705,1.7106,1.326,0.3845
2024-10-19,2024/2025,Bournemouth,Arsenal,2,0,2.18419,0.740758,6.821,7.106,-0.285,-1.8622,0.31247,1.78971,-1.47724,-1.8477,0.2848,-0.1069,0.5009,0.2202,-0.2162,-0.3271,1.2902,1.9001,-0.6099
2024-10-20,2024/2025,Liverpool,Chelsea,2,1,2.22517,1.33904,7.177,7.113,0.064,0.4121,1.77997,0.9184,0.86157,0.6831,0.5284,0.0866,0.4587,-0.126,0.0697,0.2126,2.4259,1.4399,0.9861
2024-10-20,2024/2025,Wolverhampton Wanderers,Manchester City,1,2,0.761217,1.36569,6.88,7.274,-0.394,-2.5658,-0.23094,1.9501,-2.18104,-2.6093,-0.0836,-0.3629,0.4289,0.1853,-0.5125,-0.5482,0.9125,2.3135,-1.401
2024-10-21,2024/2025,Nottingham Forest,Crystal Palace,1,0,1.88573,0.835001,6.92,6.998,-0.078,-0.5099,0.17755,0.13419,0.04336,-0.2023,0.0916,0.0185,0.0711,-0.1085,0.0204,0.1271,1.5145,1.0639,0.4506
2024-10-25,2024/2025,Leicester City,Nottingham Forest,1,3,0.832415,2.54488,7.056,6.942,0.114,0.7367,0.19168,0.07047,0.12121,-0.1181,0.0339,-0.3765,0.1082,0.0238,-0.0743,-0.4003,1.2814,1.6019,-0.3205
2024-10-26,2024/2025,Manchester City,Southampton,1,0,3.16286,0.369989,7.226,6.845,0.381,2.4748,2.15211,-0.84522,2.99733,2.9941,0.4013,0.1878,0.0193,-0.3196,0.382,0.5074,2.6928,0.8076,1.8853
2024-10-26,2024/2025,Brighton & Hove Albion,Wolverhampton Wanderers,2,2,1.51347,1.11074,6.957,6.882,0.075,0.4838,0.46041,-0.40289,0.8633,0.6849,0.1813,-0.1067,-0.0901,-0.3277,0.2714,0.221,2.1003,1.0077,1.0926
2024-10-26,2024/2025,Aston Villa,Bournemouth,1,1,1.974,0.328651,6.987,6.849,0.138,0.897,0.93373,-0.04383,0.97756,0.8086,0.1417,-0.1854,0.321,-0.0655,-0.1792,-0.1198,1.5652,1.6322,-0.067
2024-10-26,2024/2025,Brentford,Ipswich Town,4,3,4.09663,1.65698,6.963,6.985,-0.021,-0.1422,0.49894,-0.2624,0.76134,0.5746,0.1544,-0.1367,-0.222,-0.5404,0.3764,0.4036,2.5005,0.9207,1.5798
2024-10-26,2024/2025,Everton,Fulham,1,1,0.884845,1.49531,6.983,6.955,0.028,0.1778,0.35991,0.32314,0.03677,-0.2094,-0.0031,-0.2264,0.2484,-0.0559,-0.2515,-0.1705,1.3236,1.6025,-0.2789
2024-10-27,2024/2025,Chelsea,Newcastle United,2,1,1.61794,1.74225,7.119,6.991,0.128,0.8305,1.0667,0.40112,0.66558,0.471,0.4511,-0.116,0.3435,-0.1746,0.1076,0.0586,2.3756,1.5594,0.8162
2024-10-27,2024/2025,Crystal Palace,Tottenham Hotspur,1,0,0.978611,1.0192,6.992,7.071,-0.078,-0.5141,0.38108,0.58629,-0.20522,-0.4713,0.0636,-0.1191,0.4423,-0.0762,-0.3786,-0.0429,1.4258,1.7697,-0.3439
2024-10-27,2024/2025,West Ham United,Manchester United,2,1,2.99312,2.62598,6.925,7.124,-0.2,-1.3036,0.37304,0.41134,-0.0383,-0.2907,0.1486,-0.2814,0.167,-0.3052,-0.0184,0.0238,1.9238,1.6037,0.32
2024-10-27,2024/2025,Arsenal,Liverpool,2,2,1.0883,1.35346,7.073,7.166,-0.093,-0.6118,1.87629,1.27336,0.60293,0.4032,0.4655,0.1858,0.516,0.0896,-0.0506,0.0963,1.8022,1.4069,0.3953
2024-11-02,2024/2025,Wolverhampton Wanderers,Crystal Palace,2,2,1.65018,2.64849,6.897,6.964,-0.068,-0.4444,-0.0846,0.11395,-0.19854,-0.4641,-0.0851,-0.3068,0.0429,-0.0912,-0.128,-0.2156,1.249,1.4302,-0.1812
2024-11-02,2024/2025,Southampton,Everton,1,0,0.540345,1.78581,6.814,6.971,-0.157,-1.026,-0.62673,0.03212,-0.65885,-0.9622,0.0003,-0.3363,-0.0203,-0.2211,0.0206,-0.1152,1.5326,1.3977,0.1349
2024-11-02,2024/2025,Liverpool,Brighton & Hove Albion,2,1,1.81037,1.01568,7.188,6.964,0.225,1.4599,1.8403,0.40057,1.43973,1.3087,0.51,0.1198,0.1516,-0.1079,0.3584,0.2277,2.3844,1.005,1.3794
2024-11-02,2024/2025,Bournemouth,Manchester City,2,1,2.4493,2.3527,6.859,7.188,-0.33,-2.1494,0.51344,1.7762,-1.26276,-1.6156,0.2563,-0.077,0.4095,0.1968,-0.1531,-0.2738,1.277,1.6919,-0.4149
2024-11-02,2024/2025,Nottingham Forest,West Ham United,3,0,2.35011,0.132317,6.942,6.904,0.037,0.2391,0.34298,0.00057,0.3424,0.1213,0.1518,0.0362,0.2097,-0.3049,-0.0579,0.3411,1.9846,1.1843,0.8003
2024-11-02,2024/2025,Ipswich Town,Leicester City,1,1,1.33617,2.33858,6.931,6.979,-0.049,-0.3197,-0.24841,-0.12843,-0.11998,-0.3791,-0.1339,-0.6157,0.0157,-0.4026,-0.1496,-0.2131,1.6278,1.8914,-0.2636
2024-11-02,2024/2025,Newcastle United,Arsenal,1,0,0.859715,0.911305,6.993,7.068,-0.075,-0.4934,0.97504,1.60363,-0.62859,-0.9294,0.3478,-0.1413,0.4354,0.1863,-0.0876,-0.3276,1.4576,1.7963,-0.3387
2024-11-03,2024/2025,Tottenham Hotspur,Aston Villa,4,1,2.09751,2.48749,7.041,6.985,0.056,0.3598,1.14109,0.5349,0.60619,0.4067,0.4125,-0.0631,0.1543,-0.1412,0.2581,0.0781,2.1915,1.2347,0.9568
2024-11-03,2024/2025,Manchester United,Chelsea,1,1,2.1605,1.21071,7.059,7.123,-0.064,-0.4189,0.78962,0.92632,-0.1367,-0.3971,0.2059,-0.336,0.4139,-0.1206,-0.208,-0.2155,1.7213,2.1331,-0.4117
2024-11-04,2024/2025,Fulham,Brentford,2,1,1.43017,0.739231,6.923,6.969,-0.046,-0.3055,0.34542,0.27536,0.07006,-0.1734,0.2414,-0.0434,0.2337,-0.1488,0.0078,0.1054,1.8386,1.3267,0.512
2024-11-09,2024/2025,Crystal Palace,Fulham,0,2,1.96037,2.25331,6.942,6.935,0.007,0.0442,0.45875,0.38329,0.07545,-0.1676,0.0901,-0.1009,0.2183,-0.0266,-0.1282,-0.0743,1.4075,1.3749,0.0327
2024-11-09,2024/2025,West Ham United,Everton,0,0,1.1237,0.865983,6.898,6.962,-0.065,-0.4248,0.37181,-0.07875,0.45057,0.2383,0.1701,-0.3133,-0.0068,-0.1893,0.177,-0.124,1.779,1.3692,0.4097
2024-11-09,2024/2025,Brighton & Hove Albion,Manchester City,2,1,2.87116,2.60334,7.011,7.225,-0.214,-1.3991,0.41488,1.65035,-1.23547,-1.5861,0.1506,-0.0827,0.4218,0.1516,-0.2712,-0.2343,1.2186,1.699,-0.4804
2024-11-09,2024/2025,Wolverhampton Wanderers,Southampton,2,0,0.912781,0.792655,6.902,6.833,0.07,0.4495,-0.05868,-0.65136,0.59269,0.3921,-0.0648,-0.3324,-0.0595,-0.3429,-0.0053,0.0105,1.6664,1.3029,0.3634
2024-11-09,2024/2025,Brentford,Bournemouth,3,2,1.56474,2.49234,7.003,6.873,0.13,0.8416,0.47452,0.12467,0.34985,0.1293,0.2126,-0.133,0.3056,-0.0976,-0.093,-0.0354,1.7332,1.5268,0.2064
2024-11-09,2024/2025,Liverpool,Aston Villa,2,0,2.68196,1.66337,7.156,6.946,0.21,1.364,1.7907,0.40645,1.38425,1.2486,0.4857,0.1185,0.1968,-0.1362,0.2889,0.2547,2.3897,1.0547,1.335
2024-11-10,2024/2025,Manchester United,Leicester City,3,0,1.2369,0.417295,7.043,6.946,0.098,0.6312,0.80822,-0.14494,0.95316,0.7822,0.2253,-0.3012,0.0383,-0.3914,0.187,0.0902,2.3459,1.3882,0.9577
2024-11-10,2024/2025,Nottingham Forest,Newcastle United,1,3,1.17852,1.86904,6.949,6.998,-0.049,-0.3229,0.47616,0.43432,0.04183,-0.204,0.1697,0.0639,0.3211,-0.1104,-0.1514,0.1743,1.6464,1.301,0.3454
2024-11-10,2024/2025,Chelsea,Arsenal,1,1,1.24067,1.9605,7.095,7.083,0.013,0.08,1.0944,1.49366,-0.39926,-0.6813,0.3718,-0.1339,0.4019,0.2079,-0.0301,-0.3418,1.4765,1.7063,-0.2298
2024-11-10,2024/2025,Tottenham Hotspur,Ipswich Town,1,2,1.75088,2.18392,7.044,6.91,0.134,0.8667,1.26955,-0.28176,1.5513,1.4294,0.405,-0.0941,-0.177,-0.6277,0.582,0.5336,3.5711,0.9059,2.6651
2024-11-23,2024/2025,Arsenal,Nottingham Forest,3,0,1.66016,0.403136,7.131,6.956,0.175,1.1323,1.70998,0.20141,1.50857,1.3832,0.4073,0.2152,0.1463,0.0466,0.261,0.1686,1.8326,0.9143,0.9184
2024-11-23,2024/2025,Aston Villa,Crystal Palace,2,2,3.04455,1.61437,6.854,6.949,-0.095,-0.6226,0.72137,0.00684,0.71452,0.5239,0.2168,-0.1471,0.1127,-0.1256,0.1041,-0.0215,1.7424,1.3116,0.4309
2024-11-23,2024/2025,Manchester City,Tottenham Hotspur,0,4,2.15899,3.30449,7.257,7.053,0.204,1.3225,1.86476,0.48941,1.37535,1.239,0.4419,0.0923,0.324,-0.1171,0.1179,0.2094,2.2424,1.2305,1.0118
2024-11-23,2024/2025,Bournemouth,Brighton & Hove Albion,1,2,1.91157,1.23059,6.888,7.001,-0.113,-0.7402,0.59558,0.53369,0.06189,-0.1823,0.3445,-0.0913,0.2212,-0.111,0.1232,0.0197,1.9468,1.3855,0.5614
2024-11-23,2024/2025,Fulham,Wolverhampton Wanderers,1,4,0.717158,1.33903,6.933,6.862,0.072,0.4641,0.50878,-0.23854,0.74731,0.5594,0.25,-0.0427,-0.1038,-0.3182,0.3538,0.2756,2.2279,0.9327,1.2952
2024-11-23,2024/2025,Leicester City,Chelsea,1,2,0.967987,2.81658,6.954,7.09,-0.136,-0.8891,-0.02287,0.93845,-0.96132,-1.2894,-0.0078,-0.3427,0.3601,-0.1411,-0.368,-0.2016,1.4068,2.0526,-0.6458
2024-11-23,2024/2025,Everton,Brentford,0,0,1.5951,1.34314,7.004,6.999,0.005,0.0311,0.3143,0.23688,0.07742,-0.1655,-0.0275,-0.1653,0.2039,-0.1616,-0.2314,-0.0037,1.432,1.4459,-0.0139
2024-11-24,2024/2025,Ipswich Town,Manchester United,1,1,1.98714,1.26912,6.874,7.145,-0.272,-1.7732,-0.14433,0.41692,-0.56125,-0.8565,-0.0543,-0.5257,0.1702,-0.275,-0.2245,-0.2507,1.5107,2.0717,-0.561
2024-11-24,2024/2025,Southampton,Liverpool,2,3,1.53985,3.18835,6.834,7.17,-0.336,-2.1907,-0.58432,1.34469,-1.92901,-2.3366,-0.0834,-0.3185,0.4916,0.1009,-0.575,-0.4194,1.0,2.3403,-1.3403
2024-11-25,2024/2025,Newcastle United,West Ham United,0,2,1.49781,0.942824,6.987,6.886,0.102,0.6589,1.16567,-0.16628,1.33195,1.192,0.3363,-0.095,0.1367,-0.299,0.1996,0.2039,2.3908,1.2456,1.1452
2024-11-29,2024/2025,Brighton & Hove Albion,Southampton,1,1,1.86986,0.934969,6.989,6.818,0.17,1.1056,0.59927,-0.69931,1.29858,1.1559,0.2134,-0.1088,-0.0563,-0.348,0.2698,0.2392,2.239,1.0327,1.2063
2024-11-30,2024/2025,West Ham United,Arsenal,2,5,1.23539,3.99935,6.908,7.111,-0.203,-1.3249,0.41653,1.51797,-1.10144,-1.4411,0.1224,-0.2643,0.3983,0.2261,-0.2759,-0.4904,1.1012,1.9874,-0.8862
2024-11-30,2024/2025,Brentford,Leicester City,4,1,2.21885,0.907555,6.979,6.92,0.059,0.3822,0.5474,-0.26981,0.81721,0.6351,0.1984,-0.165,-0.0301,-0.3678,0.2285,0.2028,2.2202,1.1365,1.0837
2024-11-30,2024/2025,Wolverhampton Wanderers,Bournemouth,2,4,0.866034,3.07901,6.873,6.87,0.003,0.0131,0.14236,0.0,0.14236,-0.0952,-0.0881,-0.2638,0.3396,-0.0863,-0.4277,-0.1775,1.2495,1.8279,-0.5784
2024-11-30,2024/2025,Crystal Palace,Newcastle United,1,1,2.29595,0.020989,6.965,7.006,-0.041,-0.2682,0.3835,0.46009,-0.07659,-0.3321,0.1242,-0.1704,0.2941,-0.0867,-0.17,-0.0837,1.5377,1.5991,-0.0614
2024-11-30,2024/2025,Nottingham Forest,Ipswich Town,1,0,1.76587,0.462771,6.961,6.906,0.055,0.3525,0.28477,-0.1109,0.39567,0.1789,0.1281,0.0529,0.0066,-0.4925,0.1215,0.5454,2.343,0.9487,1.3943
2024-12-01,2024/2025,Liverpool,Manchester City,2,0,3.70054,0.745015,7.207,7.178,0.028,0.1791,1.79913,1.41824,0.38089,0.1629,0.5101,0.0859,0.4352,0.018,0.0749,0.0679,2.0538,1.4134,0.6404
2024-12-01,2024/2025,Tottenham Hotspur,Fulham,1,1,1.01086,1.57274,7.011,6.92,0.09,0.5847,1.24503,0.40672,0.8383,0.6579,0.3849,-0.1125,0.1704,-0.0507,0.2145,-0.0618,1.9556,1.3128,0.6427
2024-12-01,2024/2025,Manchester United,Everton,4,0,1.76161,0.766749,7.086,7.002,0.084,0.5406,0.88983,-0.03556,0.92538,0.7521,0.1369,-0.2841,-0.0202,-0.1609,0.1572,-0.1232,1.7024,1.2891,0.4134
2024-12-01,2024/2025,Chelsea,Aston Villa,3,0,1.94939,0.875443,7.081,6.977,0.104,0.6728,1.14425,0.29675,0.8475,0.6678,0.3842,-0.1277,0.2724,-0.1534,0.1118,0.0258,2.169,1.4736,0.6953
2024-12-03,2024/2025,Ipswich Town,Crystal Palace,0,1,0.471708,1.65422,6.745,6.977,-0.232,-1.512,-0.12667,0.08387,-0.21054,-0.477,-0.0265,-0.4668,0.1592,-0.1168,-0.1858,-0.35,1.3323,1.9227,-0.5903
2024-12-03,2024/2025,Leicester City,West Ham United,3,1,2.78061,2.87716,6.872,6.926,-0.053,-0.3506,-0.11129,-0.10177,-0.00952,-0.2595,-0.0387,-0.3646,0.1269,-0.3256,-0.1656,-0.039,1.6566,1.6452,0.0114
2024-12-04,2024/2025,Everton,Wolverhampton Wanderers,4,0,1.49904,0.847724,6.969,6.95,0.018,0.1142,0.21032,-0.17321,0.38353,0.1658,-0.0428,-0.1615,-0.1044,-0.2989,0.0616,0.1375,1.6202,1.0565,0.5637
2024-12-04,2024/2025,Manchester City,Nottingham Forest,3,0,3.20169,0.802155,7.349,6.985,0.364,2.3641,1.63139,0.13739,1.494,1.3674,0.4101,-0.067,0.0943,0.0627,0.3157,-0.1297,1.8496,1.1253,0.7244
2024-12-04,2024/2025,Southampton,Chelsea,1,5,1.91014,5.8331,6.841,7.037,-0.196,-1.2772,-0.4364,1.02642,-1.46282,-1.8321,-0.0602,-0.3321,0.3719,-0.109,-0.432,-0.2232,1.2837,2.0697,-0.786
2024-12-04,2024/2025,Aston Villa,Brentford,3,1,3.21673,1.13266,6.97,6.98,-0.01,-0.0694,0.56925,0.33063,0.23862,0.009,0.2432,-0.1438,0.1966,-0.158,0.0466,0.0142,1.8669,1.4073,0.4596
2024-12-04,2024/2025,Arsenal,Manchester United,2,0,2.96684,0.256083,7.088,7.055,0.033,0.208,1.8939,0.45068,1.44322,1.3124,0.4625,0.2201,0.1379,-0.269,0.3246,0.4891,2.6107,0.9176,1.6932
2024-12-04,2024/2025,Newcastle United,Liverpool,3,3,1.52057,2.22766,7.01,7.13,-0.12,-0.7847,1.01558,1.33568,-0.3201,-0.5956,0.2344,-0.1087,0.5674,0.1092,-0.3329,-0.2179,1.3982,1.9945,-0.5964
2024-12-05,2024/2025,Fulham,Brighton & Hove Albion,3,1,0.666644,1.09939,6.947,6.994,-0.047,-0.3077,0.41273,0.55657,-0.14384,-0.4049,0.1792,-0.0126,0.1946,-0.1058,-0.0154,0.0932,1.6549,1.2372,0.4177
2024-12-05,2024/2025,Bournemouth,Tottenham Hotspur,1,0,3.27716,0.623934,6.886,6.981,-0.095,-0.6248,0.5891,0.59819,-0.00909,-0.2591,0.3941,-0.076,0.3484,-0.1185,0.0456,0.0425,2.0657,1.5463,0.5194
2024-12-07,2024/2025,Crystal Palace,Manchester City,2,2,1.21476,1.5846,6.971,7.286,-0.315,-2.0545,0.44395,1.37928,-0.93533,-1.2613,0.1454,-0.093,0.4458,-0.0567,-0.3005,-0.0363,1.4752,1.7797,-0.3046
2024-12-07,2024/2025,Brentford,Newcastle United,4,2,1.746,1.95645,6.975,6.976,-0.001,-0.0117,0.59567,0.47504,0.12063,-0.1187,0.1851,-0.2065,0.2371,-0.1165,-0.052,-0.0901,1.6916,1.5587,0.133
2024-12-07,2024/2025,Aston Villa,Southampton,1,0,2.51338,0.385832,6.849,6.719,0.13,0.8417,0.68308,-0.68803,1.37112,1.2344,0.3063,-0.1352,-0.0234,-0.4552,0.3297,0.32,2.7216,1.1011,1.6205
2024-12-07,2024/2025,Manchester United,Nottingham Forest,2,3,1.4697,0.651217,7.058,6.967,0.09,0.5835,0.99005,0.03131,0.95874,0.7882,0.1177,-0.2814,0.0806,0.009,0.0371,-0.2904,1.4101,1.4208,-0.0107
2024-12-08,2024/2025,Leicester City,Brighton & Hove Albion,2,2,1.42438,1.12184,6.951,7.003,-0.053,-0.3463,0.00894,0.43326,-0.42432,-0.7084,0.0198,-0.3978,0.1885,-0.0736,-0.1687,-0.3242,1.3653,1.8087,-0.4434
2024-12-08,2024/2025,Tottenham Hotspur,Chelsea,3,4,3.25488,2.57326,7.026,7.092,-0.066,-0.4361,1.11038,1.15752,-0.04714,-0.3002,0.3162,-0.1639,0.4875,-0.1244,-0.1713,-0.0395,1.929,1.9336,-0.0046
2024-12-08,2024/2025,Fulham,Arsenal,1,1,0.150988,2.4333,6.951,7.088,-0.138,-0.9007,0.53604,1.67473,-1.13869,-1.4814,0.1312,-0.0088,0.4736,0.2351,-0.3425,-0.2439,1.1095,1.6469,-0.5375
2024-12-08,2024/2025,Ipswich Town,Bournemouth,1,2,1.5668,3.49127,6.903,6.913,-0.011,-0.0741,-0.20105,0.18072,-0.38176,-0.6623,-0.1058,-0.4541,0.4539,-0.0467,-0.5597,-0.4075,1.178,2.4827,-1.3047
2024-12-09,2024/2025,West Ham United,Wolverhampton Wanderers,2,1,1.19808,1.47567,6.915,6.902,0.013,0.079,0.21889,-0.31933,0.53822,0.3332,0.1819,-0.3533,-0.1116,-0.293,0.2935,-0.0603,2.0152,1.2716,0.7436
2024-12-14,2024/2025,Wolverhampton Wanderers,Ipswich Town,1,2,1.23748,1.73349,6.878,6.862,0.016,0.1015,-0.11263,-0.26511,0.15248,-0.0842,-0.101,-0.2639,-0.0758,-0.4886,-0.0252,0.2248,1.8474,1.2047,0.6427
2024-12-14,2024/2025,Liverpool,Fulham,2,2,2.09698,1.2862,7.18,6.941,0.24,1.556,1.883,0.62755,1.25545,1.1093,0.5707,0.104,0.093,-0.036,0.4776,0.14,2.3619,0.9613,1.4006
2024-12-14,2024/2025,Nottingham Forest,Aston Villa,2,1,2.2861,0.389423,6.971,6.929,0.042,0.2701,0.35576,0.2201,0.13565,-0.1024,0.0452,0.0071,0.2936,-0.1183,-0.2484,0.1255,1.4811,1.3251,0.156
2024-12-14,2024/2025,Newcastle United,Leicester City,4,0,3.95461,0.186759,6.999,6.911,0.088,0.5671,0.9763,-0.28163,1.25793,1.1119,0.2504,-0.1172,0.0223,-0.3722,0.2281,0.255,2.357,1.1379,1.2191
2024-12-14,2024/2025,Arsenal,Everton,0,0,1.30865,0.132166,7.075,6.94,0.135,0.8736,1.8914,-0.07764,1.96904,1.8814,0.4915,0.2624,-0.048,-0.1554,0.5395,0.4178,2.4283,0.7215,1.7068
2024-12-15,2024/2025,Chelsea,Brentford,2,1,2.59146,1.65861,7.119,6.964,0.155,1.0067,1.41072,0.2948,1.11592,0.9583,0.5084,-0.173,0.1858,-0.2174,0.3225,0.0445,2.6342,1.4055,1.2287
2024-12-15,2024/2025,Brighton & Hove Albion,Crystal Palace,1,3,1.32323,3.00618,6.991,6.973,0.018,0.1118,0.38619,0.21322,0.17297,-0.0621,0.1574,-0.0746,0.1307,-0.0851,0.0268,0.0106,1.5983,1.2253,0.373
2024-12-15,2024/2025,Manchester City,Manchester United,1,2,0.638103,2.04662,7.314,7.114,0.201,1.303,1.6825,0.31243,1.37007,1.2333,0.4361,-0.0465,0.1186,-0.2592,0.3175,0.2127,2.5689,1.1517,1.4173
2024-12-15,2024/2025,Southampton,Tottenham Hotspur,0,5,1.27356,3.89322,6.825,7.016,-0.191,-1.2454,-0.53847,0.45646,-0.99493,-1.3258,-0.0568,-0.4433,0.3711,-0.1857,-0.4278,-0.2576,1.3916,2.3098,-0.9182
2024-12-16,2024/2025,Bournemouth,West Ham United,1,1,2.04842,1.81827,6.889,6.95,-0.061,-0.3986,0.71749,-0.1877,0.90519,0.7303,0.4998,-0.0554,0.1379,-0.3548,0.3619,0.2994,2.92,1.2222,1.6979
2024-12-21,2024/2025,West Ham United,Brighton & Hove Albion,1,1,1.22937,1.34379,6.975,6.969,0.006,0.038,0.32425,0.30235,0.0219,-0.2255,0.1593,-0.3155,0.1443,-0.119,0.0151,-0.1966,1.6542,1.5827,0.0715
2024-12-21,2024/2025,Brentford,Nottingham Forest,0,2,0.769004,0.964897,6.995,6.97,0.025,0.1611,0.72333,0.20275,0.52058,0.3141,0.195,-0.2136,0.0784,0.0347,0.1167,-0.2483,1.4734,1.3351,0.1383
2024-12-21,2024/2025,Ipswich Town,Newcastle United,0,4,1.06427,3.23386,6.863,7.006,-0.143,-0.9376,-0.20259,0.44775,-0.65034,-0.9529,-0.0401,-0.4662,0.3191,-0.0942,-0.3592,-0.372,1.2986,2.2311,-0.9325
2024-12-21,2024/2025,Crystal Palace,Arsenal,1,5,1.6052,3.05434,6.899,7.113,-0.214,-1.3948,0.60904,1.50311,-0.89407,-1.2167,0.1937,-0.0754,0.4481,0.2723,-0.2544,-0.3477,1.1278,1.7317,-0.6039
2024-12-21,2024/2025,Aston Villa,Manchester City,2,1,2.05988,1.09627,6.96,7.254,-0.293,-1.9143,0.5871,1.21149,-0.6244,-0.9249,0.26,-0.1408,0.3543,-0.0731,-0.0943,-0.0677,1.6859,1.6992,-0.0132
2024-12-22,2024/2025,Fulham,Southampton,0,0,1.25255,0.280031,6.966,6.831,0.135,0.8728,0.69283,-0.74452,1.43735,1.3061,0.1035,-0.024,-0.0632,-0.494,0.1667,0.47,2.3113,0.9463,1.365
2024-12-22,2024/2025,Manchester United,Bournemouth,0,3,2.28533,1.82831,7.097,6.905,0.192,1.2446,0.95639,0.19016,0.76623,0.5799,0.1524,-0.1795,0.4505,-0.0705,-0.2981,-0.1091,1.6,1.8354,-0.2355
2024-12-22,2024/2025,Everton,Chelsea,0,0,1.07081,1.51591,6.941,7.1,-0.16,-1.0423,0.43595,1.23022,-0.79427,-1.1087,-0.0649,-0.1052,0.5021,-0.1787,-0.567,0.0735,1.3759,1.871,-0.4951
2024-12-22,2024/2025,Leicester City,Wolverhampton Wanderers,0,3,0.78868,1.13531,6.866,6.866,-0.001,-0.0073,-0.03249,-0.4326,0.40011,0.1837,-0.0174,-0.4303,-0.1366,-0.2727,0.1192,-0.1576,1.6153,1.3416,0.2737
2024-12-22,2024/2025,Tottenham Hotspur,Liverpool,3,6,1.20245,5.20214,7.173,7.199,-0.026,-0.1717,1.12706,1.2323,-0.10524,-0.3631,0.4264,-0.1809,0.5563,0.0949,-0.13,-0.2758,1.7378,2.0966,-0.3588
2024-12-26,2024/2025,Newcastle United,Aston Villa,3,0,2.82867,0.225522,7.07,6.974,0.096,0.6236,1.20624,0.21467,0.99157,0.8237,0.3579,-0.0874,0.2761,-0.1195,0.0817,0.0321,2.0404,1.4221,0.6183
2024-12-26,2024/2025,Liverpool,Leicester City,3,1,1.89935,0.22097,7.145,6.852,0.294,1.908,1.87729,-0.51197,2.38926,2.3361,0.6725,0.1165,-0.0564,-0.4215,0.7289,0.538,3.8701,0.8123,3.0578
2024-12-26,2024/2025,Manchester City,Everton,1,1,2.51965,0.653289,7.295,6.928,0.367,2.3848,1.48128,0.09138,1.38989,1.2547,0.3333,-0.0878,-0.0797,-0.0918,0.413,0.004,1.9999,0.965,1.0349
2024-12-26,2024/2025,Chelsea,Fulham,1,2,1.55626,1.77929,7.112,6.935,0.178,1.1517,1.34495,0.65537,0.68958,0.4969,0.4864,-0.1685,0.0525,-0.0104,0.434,-0.1581,2.1007,1.2213,0.8794
2024-12-26,2024/2025,Southampton,West Ham United,0,1,2.19833,1.90111,6.838,6.886,-0.048,-0.3174,-0.61935,-0.10898,-0.51037,-0.8015,-0.09,-0.4547,0.1379,-0.3065,-0.2279,-0.1482,1.545,1.8192,-0.2742
2024-12-26,2024/2025,Nottingham Forest,Tottenham Hotspur,1,0,1.30018,1.05758,6.974,7.005,-0.031,-0.2063,0.52162,0.51522,0.0064,-0.2423,0.0628,0.0572,0.4017,-0.299,-0.339,0.3562,1.7901,1.4166,0.3735
2024-12-26,2024/2025,Wolverhampton Wanderers,Manchester United,2,0,0.826489,0.358876,6.905,7.025,-0.12,-0.7882,-0.10958,0.34195,-0.45153,-0.7378,-0.1448,-0.2466,0.1772,-0.1778,-0.3219,-0.0689,1.2749,1.5499,-0.275
2024-12-26,2024/2025,Bournemouth,Crystal Palace,0,0,1.20189,0.500066,6.929,6.971,-0.042,-0.2751,0.73509,0.24388,0.49121,0.2823,0.4463,-0.0924,0.2117,-0.1212,0.2346,0.0288,2.1963,1.3623,0.8341
2024-12-27,2024/2025,Arsenal,Ipswich Town,1,0,2.16462,0.0783327,7.079,6.831,0.248,1.6131,1.86543,-0.26775,2.13319,2.059,0.4832,0.2548,-0.0579,-0.4975,0.5411,0.7523,3.4368,0.7101,2.7267
2024-12-27,2024/2025,Brighton & Hove Albion,Brentford,0,0,1.33538,0.961233,7.007,6.98,0.027,0.1716,0.2644,0.22359,0.04081,-0.2051,0.1331,-0.104,0.1673,-0.202,-0.0342,0.098,1.7552,1.3075,0.4477
2024-12-29,2024/2025,Leicester City,Manchester City,0,2,1.84208,1.58002,6.909,7.304,-0.394,-2.5711,-0.14602,1.0336,-1.17962,-1.5257,-0.0773,-0.3234,0.3469,-0.0792,-0.4242,-0.2442,1.1962,2.0491,-0.8529
2024-12-29,2024/2025,Everton,Nottingham Forest,0,2,0.615191,2.02753,6.923,6.949,-0.026,-0.1732,0.57866,0.39049,0.18817,-0.0456,-0.0913,-0.1099,0.0373,0.0681,-0.1286,-0.178,1.0637,1.1623,-0.0985
2024-12-29,2024/2025,Crystal Palace,Southampton,2,1,3.05417,1.21853,6.964,6.813,0.151,0.9799,0.505,-0.67658,1.18158,1.0293,0.1736,-0.0795,-0.0509,-0.4531,0.2245,0.3736,2.3843,1.0107,1.3736
2024-12-29,2024/2025,Fulham,Bournemouth,2,2,0.961566,1.70692,6.92,6.976,-0.056,-0.3709,0.6636,0.30197,0.36163,0.1421,0.0733,0.0115,0.3992,-0.0668,-0.3259,0.0782,1.4299,1.4837,-0.0538
2024-12-29,2024/2025,Tottenham Hotspur,Wolverhampton Wanderers,2,2,2.28433,0.640697,6.982,6.893,0.088,0.5714,0.93319,-0.20257,1.13577,0.9798,0.3869,-0.2803,-0.1649,-0.2107,0.5518,-0.0696,2.2989,1.1106,1.1883
2024-12-29,2024/2025,West Ham United,Liverpool,0,5,0.518279,3.29868,6.957,7.171,-0.214,-1.3992,0.35683,1.3391,-0.98227,-1.3121,0.1403,-0.3208,0.599,0.128,-0.4587,-0.4488,1.2349,2.5739,-1.3391
2024-12-30,2024/2025,Manchester United,Newcastle United,0,2,1.00073,2.2424,7.076,7.078,-0.002,-0.0146,0.72232,0.67094,0.05137,-0.1936,0.1312,-0.1659,0.3855,-0.0515,-0.2543,-0.1144,1.5019,1.7362,-0.2343
2024-12-30,2024/2025,Aston Villa,Brighton & Hove Albion,2,2,1.87997,0.938042,6.952,7.049,-0.097,-0.6381,0.6168,0.30162,0.31518,0.0918,0.2241,-0.1481,0.1122,-0.0936,0.1119,-0.0544,1.6996,1.3126,0.387
2024-12-30,2024/2025,Ipswich Town,Chelsea,2,0,1.50093,1.60622,6.78,7.102,-0.322,-2.0991,-0.28439,1.08103,-1.36542,-1.7267,-0.0889,-0.4383,0.4614,-0.1816,-0.5504,-0.2567,1.3212,2.5554,-1.2342
2025-01-01,2024/2025,Brentford,Arsenal,1,3,0.272604,1.99848,6.958,7.107,-0.149,-0.9731,0.59648,1.58178,-0.9853,-1.3154,0.1537,-0.1863,0.4304,0.2656,-0.2767,-0.4519,1.0992,1.8862,-0.787
2025-01-04,2024/2025,Bournemouth,Everton,1,0,2.61852,0.561015,6.958,6.933,0.025,0.1607,0.70969,0.11061,0.59908,0.399,0.4032,-0.052,-0.1065,-0.1289,0.5097,0.077,2.1369,0.9441,1.1928
2025-01-04,2024/2025,Crystal Palace,Chelsea,1,1,1.2766,1.51541,6.969,7.107,-0.138,-0.902,0.48103,0.93778,-0.45675,-0.7435,0.2063,-0.0831,0.4249,-0.1849,-0.2186,0.1018,1.8203,1.6897,0.1306
2025-01-04,2024/2025,Southampton,Brentford,0,5,0.249614,5.54874,6.812,6.961,-0.149,-0.9727,-0.65709,0.17191,-0.829,-1.1463,-0.0417,-0.4718,0.1211,-0.1887,-0.1628,-0.2831,1.424,1.8417,-0.4177
2025-01-04,2024/2025,Brighton & Hove Albion,Arsenal,1,1,1.76513,1.81142,7.027,7.106,-0.078,-0.5137,0.28395,1.66821,-1.38426,-1.7471,0.0979,-0.099,0.4299,0.2894,-0.332,-0.3883,1.0237,1.7131,-0.6894
2025-01-04,2024/2025,Aston Villa,Leicester City,2,1,2.3456,0.81548,6.995,6.874,0.121,0.7841,0.57856,-0.51756,1.09613,0.9369,0.23,-0.137,-0.0443,-0.3059,0.2744,0.1689,2.1699,1.0815,1.0884
2025-01-04,2024/2025,Tottenham Hotspur,Newcastle United,1,2,1.00333,2.42963,6.956,7.025,-0.068,-0.4484,0.8412,0.79216,0.04904,-0.1962,0.383,-0.2674,0.4019,-0.0356,-0.0189,-0.2318,1.8864,1.9689,-0.0825
2025-01-04,2024/2025,Manchester City,West Ham United,4,1,1.97986,1.53286,7.312,6.925,0.387,2.5173,1.42999,-0.15537,1.58536,1.4662,0.3294,-0.0983,0.1083,-0.3469,0.2212,0.2486,2.5773,1.174,1.4032
2025-01-05,2024/2025,Liverpool,Manchester United,2,2,2.862,1.67469,7.182,7.069,0.113,0.7308,1.93221,0.1316,1.80061,1.6992,0.6176,0.1494,0.1087,-0.1801,0.5089,0.3295,2.8163,0.9474,1.8689
2025-01-05,2024/2025,Fulham,Ipswich Town,2,2,2.65469,1.4434,6.94,6.82,0.12,0.777,0.62093,-0.08037,0.7013,0.5096,0.0539,0.0047,-0.0731,-0.4011,0.127,0.4058,2.001,0.9121,1.0888
2025-01-06,2024/2025,Wolverhampton Wanderers,Nottingham Forest,0,3,1.90463,2.57227,6.896,6.992,-0.096,-0.6278,0.0813,0.51476,-0.43347,-0.7183,-0.1837,-0.2083,0.066,0.0784,-0.2497,-0.2867,0.9519,1.3308,-0.3789
2025-01-14,2024/2025,West Ham United,Fulham,3,2,0.937322,2.83581,6.907,6.935,-0.028,-0.1864,0.13803,0.69275,-0.55473,-0.8495,0.1233,-0.3214,0.0845,-0.0057,0.0387,-0.3158,1.4188,1.5059,-0.0871
2025-01-14,2024/2025,Chelsea,Bournemouth,2,2,2.53808,1.14845,7.063,6.954,0.109,0.7031,1.10365,0.37547,0.72818,0.5387,0.4158,-0.1634,0.4201,-0.0433,-0.0043,-0.1201,2.0065,1.7695,0.237
2025-01-14,2024/2025,Brentford,Manchester City,2,2,2.39088,2.65315,6.983,7.308,-0.325,-2.1164,0.61109,1.17842,-0.56734,-0.8631,0.2702,-0.1548,0.3052,-0.1083,-0.035,-0.0465,1.7579,1.6467,0.1111
2025-01-14,2024/2025,Nottingham Forest,Liverpool,1,1,0.5292,2.72291,6.989,7.216,-0.227,-1.4814,0.77762,1.41266,-0.63504,-0.9364,0.1084,0.0562,0.6138,0.1299,-0.5054,-0.0737,1.192,1.7944,-0.6024
2025-01-15,2024/2025,Newcastle United,Wolverhampton Wanderers,3,0,2.13327,1.47433,7.024,6.885,0.139,0.8979,1.46596,-0.19832,1.66429,1.5517,0.4178,-0.0024,-0.1468,-0.2371,0.5646,0.2347,2.449,0.8514,1.5976
2025-01-15,2024/2025,Arsenal,Tottenham Hotspur,2,1,2.25501,0.777071,7.101,6.969,0.131,0.851,1.76325,0.30978,1.45348,1.3235,0.4288,0.2649,0.3416,-0.2819,0.0872,0.5468,2.5873,1.0631,1.5243
2025-01-15,2024/2025,Everton,Aston Villa,0,1,1.23126,1.28522,6.94,6.978,-0.038,-0.2503,0.42357,0.06001,0.36356,0.1442,-0.1187,-0.1463,0.2357,-0.1299,-0.3544,-0.0164,1.2597,1.472,-0.2122
2025-01-15,2024/2025,Leicester City,Crystal Palace,0,2,2.09904,2.2647,6.869,6.96,-0.091,-0.5966,-0.21324,0.31576,-0.529,-0.8216,-0.0549,-0.3089,0.1753,-0.0765,-0.2303,-0.2325,1.2648,1.6408,-0.376
2025-01-16,2024/2025,Manchester United,Southampton,3,1,3.10847,1.36705,6.989,6.811,0.179,1.1588,0.67771,-0.75364,1.43135,1.2996,0.1332,-0.1805,-0.109,-0.5738,0.2422,0.3933,2.5925,1.0516,1.5409
2025-01-16,2024/2025,Ipswich Town,Brighton & Hove Albion,0,2,0.268127,1.06343,6.845,7.026,-0.181,-1.1802,-0.09518,0.40777,-0.50296,-0.7935,-0.0462,-0.4165,0.1243,-0.1015,-0.1706,-0.315,1.2943,1.755,-0.4607
2025-01-18,2024/2025,Leicester City,Fulham,0,2,0.676934,2.36823,6.864,6.929,-0.066,-0.4323,-0.31815,0.58509,-0.90323,-1.2266,-0.0152,-0.3227,0.1321,0.0087,-0.1473,-0.3314,1.2123,1.5884,-0.3761
2025-01-18,2024/2025,Arsenal,Aston Villa,2,2,1.64458,1.20602,7.101,6.939,0.162,1.0537,1.71249,0.16113,1.55137,1.4295,0.4124,0.2714,0.2267,-0.128,0.1858,0.3994,2.1904,0.938,1.2524
2025-01-18,2024/2025,Newcastle United,Bournemouth,1,4,0.837801,2.70174,7.032,6.945,0.087,0.5639,1.56605,0.44611,1.11994,0.9626,0.402,-0.014,0.3899,-0.0647,0.0121,0.0508,2.0164,1.4821,0.5343
2025-01-18,2024/2025,Brentford,Liverpool,0,2,1.20021,4.16249,6.97,7.223,-0.253,-1.6525,0.67079,1.34814,-0.67735,-0.9822,0.3027,-0.1858,0.6329,0.1493,-0.3302,-0.3351,1.4155,2.3372,-0.9218
2025-01-18,2024/2025,West Ham United,Crystal Palace,0,2,0.221062,1.62561,6.923,6.959,-0.036,-0.2355,0.24569,0.42067,-0.17498,-0.4386,0.0999,-0.3517,0.1976,-0.0977,-0.0977,-0.254,1.5184,1.7395,-0.2211
2025-01-19,2024/2025,Nottingham Forest,Southampton,3,2,2.36419,1.25922,7.004,6.797,0.207,1.3428,0.84214,-0.81344,1.65558,1.5422,0.0794,0.0185,-0.0938,-0.5872,0.1732,0.6058,2.4982,0.872,1.6262
2025-01-19,2024/2025,Everton,Tottenham Hotspur,3,2,2.56089,1.35719,6.942,7.041,-0.1,-0.6525,0.32244,0.36053,-0.03809,-0.2904,-0.1189,-0.1397,0.3298,-0.2652,-0.4487,0.1255,1.4315,1.6184,-0.187
2025-01-19,2024/2025,Ipswich Town,Manchester City,0,6,0.795637,3.20228,6.836,7.295,-0.459,-2.991,-0.20097,1.11873,-1.31969,-1.6772,-0.1163,-0.3944,0.3312,-0.1337,-0.4475,-0.2607,1.2056,2.1824,-0.9768
2025-01-19,2024/2025,Manchester United,Brighton & Hove Albion,1,3,1.31823,2.17172,7.024,7.005,0.018,0.116,0.7375,0.51356,0.22395,-0.0069,0.1575,-0.1849,0.0947,-0.0738,0.0628,-0.1112,1.5804,1.3198,0.2606
2025-01-20,2024/2025,Chelsea,Wolverhampton Wanderers,3,1,3.14882,1.06726,7.122,6.888,0.234,1.5199,1.033,-0.29841,1.33141,1.1915,0.432,-0.1397,-0.122,-0.2225,0.554,0.0828,2.4761,0.99,1.4861
2025-01-25,2024/2025,Southampton,Newcastle United,1,3,0.825621,3.08319,6.798,7.03,-0.232,-1.5133,-0.80456,0.84622,-1.65077,-2.0355,-0.0776,-0.5776,0.3555,-0.0522,-0.4331,-0.5254,1.1867,2.6137,-1.427
2025-01-25,2024/2025,Wolverhampton Wanderers,Arsenal,0,1,0.514724,0.887358,6.875,7.073,-0.198,-1.2947,-0.16158,1.46079,-1.62237,-2.0048,-0.1175,-0.2467,0.3912,0.2617,-0.5087,-0.5084,0.8365,1.9379,-1.1014
2025-01-25,2024/2025,Brighton & Hove Albion,Everton,0,1,0.64378,0.870883,6.975,6.965,0.01,0.0584,0.53971,0.05533,0.48438,0.2749,0.1263,-0.0646,-0.0609,-0.1304,0.1872,0.0658,1.6195,1.0027,0.6169
2025-01-25,2024/2025,Liverpool,Ipswich Town,4,1,2.16809,0.804707,7.217,6.785,0.432,2.8094,1.84068,-0.18573,2.02641,1.9435,0.6875,0.1556,-0.1449,-0.4242,0.8324,0.5799,4.0048,0.7033,3.3015
2025-01-25,2024/2025,Manchester City,Chelsea,3,1,2.23213,1.49843,7.166,7.151,0.015,0.0934,1.59692,0.88418,0.71274,0.522,0.3589,-0.1205,0.4536,-0.1402,-0.0947,0.0197,2.065,1.7726,0.2924
2025-01-25,2024/2025,Bournemouth,Nottingham Forest,5,0,2.8254,0.996166,6.965,6.968,-0.003,-0.0234,0.90376,0.64545,0.2583,0.0303,0.4348,-0.0174,0.0724,0.0103,0.3624,-0.0278,1.9125,1.0945,0.818
2025-01-26,2024/2025,Crystal Palace,Brentford,1,2,1.23177,1.92037,6.972,6.976,-0.004,-0.0308,0.67905,0.29687,0.38218,0.1643,0.191,-0.0565,0.2901,-0.2599,-0.0991,0.2033,1.9634,1.4151,0.5483
2025-01-26,2024/2025,Fulham,Manchester United,0,1,0.560571,0.201988,6.937,7.063,-0.126,-0.8227,0.54039,0.20302,0.33738,0.1158,0.1587,0.0226,0.1454,-0.204,0.0133,0.2266,1.7718,1.1478,0.624
2025-01-26,2024/2025,Tottenham Hotspur,Leicester City,1,2,1.27483,1.40469,6.97,6.851,0.118,0.767,0.7286,-0.63423,1.36283,1.2255,0.3173,-0.2925,-0.0404,-0.3404,0.3577,0.0479,2.4502,1.2688,1.1813
2025-01-26,2024/2025,Aston Villa,West Ham United,1,1,0.907851,1.67886,6.967,6.939,0.028,0.1763,0.70423,-0.2636,0.96783,0.798,0.2331,-0.1042,0.0383,-0.3453,0.1947,0.2411,2.2389,1.1495,1.0894
2025-02-01,2024/2025,Wolverhampton Wanderers,Aston Villa,2,0,2.00146,0.742809,6.906,6.949,-0.043,-0.2841,-0.09793,0.21261,-0.31054,-0.5853,-0.1297,-0.2107,0.167,-0.116,-0.2967,-0.0947,1.228,1.4665,-0.2385
2025-02-01,2024/2025,Everton,Leicester City,4,0,3.11261,0.447136,6.995,6.906,0.089,0.5776,0.48024,-0.50638,0.98661,0.8184,-0.0651,-0.0992,-0.0332,-0.2946,-0.0319,0.1954,1.5911,1.057,0.5341
2025-02-01,2024/2025,Newcastle United,Fulham,1,2,1.22716,1.60881,7.036,6.951,0.085,0.5471,1.44263,0.60859,0.83404,0.6533,0.3687,-0.0424,0.0997,0.0467,0.269,-0.0891,1.7443,1.1413,0.603
2025-02-01,2024/2025,Ipswich Town,Southampton,1,2,1.94845,1.17566,6.849,6.854,-0.004,-0.0328,-0.41289,-0.77519,0.36229,0.1428,-0.1391,-0.3401,-0.0972,-0.5893,-0.0419,0.2492,1.962,1.2757,0.6864
2025-02-01,2024/2025,Nottingham Forest,Brighton & Hove Albion,7,0,4.0677,0.756296,6.965,6.981,-0.016,-0.1103,0.67215,0.56835,0.1038,-0.1369,0.0687,-0.0273,0.0827,-0.0612,-0.014,0.0339,1.4222,1.1186,0.3037
2025-02-01,2024/2025,Bournemouth,Liverpool,0,2,1.65273,2.7219,6.983,7.224,-0.241,-1.5715,1.05986,1.504,-0.44414,-0.7298,0.4701,-0.015,0.6194,0.1524,-0.1493,-0.1674,1.6708,1.9409,-0.2701
2025-02-02,2024/2025,Manchester United,Crystal Palace,0,2,1.50706,2.44633,7.03,6.94,0.091,0.5857,0.67924,0.46837,0.21086,-0.0211,0.1148,-0.1641,0.1542,-0.071,-0.0394,-0.0931,1.5233,1.3602,0.1631
2025-02-02,2024/2025,Brentford,Tottenham Hotspur,0,2,1.66475,0.945355,6.956,6.939,0.017,0.1056,0.63905,0.18775,0.45131,0.2391,0.3079,-0.2324,0.2639,-0.2933,0.0439,0.0609,2.2875,1.6395,0.648
2025-02-02,2024/2025,Arsenal,Manchester City,5,1,1.53202,0.743191,7.072,7.243,-0.171,-1.1152,1.56251,1.33988,0.22263,-0.0083,0.3593,0.2674,0.3624,-0.1081,-0.003,0.3755,1.9569,1.1223,0.8346
2025-02-03,2024/2025,Chelsea,West Ham United,2,1,1.39066,1.1868,7.135,6.946,0.189,1.2256,1.0343,-0.17948,1.21378,1.0642,0.4389,-0.1457,0.0585,-0.2966,0.3804,0.1508,2.6705,1.1994,1.4711
2025-02-12,2024/2025,Everton,Liverpool,2,2,0.910523,0.929103,7.012,7.22,-0.207,-1.3536,0.61889,1.61171,-0.99282,-1.3235,0.0043,-0.0851,0.6354,0.1518,-0.6311,-0.2369,1.0534,2.1071,-1.0537
2025-02-14,2024/2025,Brighton & Hove Albion,Chelsea,3,0,2.06892,0.649788,6.939,7.111,-0.172,-1.1235,0.32262,0.76752,-0.4449,-0.7306,0.0703,-0.1413,0.3828,-0.1442,-0.3125,0.0029,1.5193,1.7239,-0.2046
2025-02-15,2024/2025,Southampton,Bournemouth,1,3,0.974418,2.08722,6.853,6.977,-0.124,-0.8098,-0.77868,0.62948,-1.40816,-1.773,-0.101,-0.5839,0.4652,-0.0454,-0.5663,-0.5384,1.1664,2.8977,-1.7313
2025-02-15,2024/2025,Manchester City,Newcastle United,4,0,2.12004,0.157211,7.07,7.071,-0.001,-0.0085,1.59661,0.81052,0.78609,0.6014,0.3498,-0.0888,0.3485,-0.054,0.0013,-0.0348,1.8739,1.5488,0.3251
2025-02-15,2024/2025,Crystal Palace,Everton,1,2,2.30646,1.01565,6.965,6.951,0.015,0.0917,0.66042,0.31003,0.35039,0.1299,0.1932,-0.0699,-0.002,-0.0375,0.1952,-0.0324,1.5788,1.0684,0.5104
2025-02-15,2024/2025,Fulham,Nottingham Forest,2,1,2.20993,0.331301,6.954,6.983,-0.029,-0.1905,0.51745,0.60108,-0.08363,-0.3397,0.1155,0.0654,0.1762,-0.0177,-0.0607,0.0831,1.4248,1.121,0.3037
2025-02-15,2024/2025,Leicester City,Arsenal,0,2,0.233209,1.75,6.907,7.069,-0.163,-1.0628,-0.41561,1.49569,-1.9113,-2.3174,-0.0578,-0.3316,0.3387,0.2776,-0.3966,-0.6091,0.8776,1.9932,-1.1156
2025-02-15,2024/2025,Aston Villa,Ipswich Town,1,1,2.89841,0.332864,6.891,6.822,0.069,0.4467,0.53557,-0.33752,0.87309,0.6955,0.1404,-0.1348,-0.1389,-0.3353,0.2793,0.2005,2.0304,0.9877,1.0426
2025-02-15,2024/2025,West Ham United,Brentford,0,1,0.673466,1.96499,6.948,6.994,-0.046,-0.3062,0.20463,0.3123,-0.10768,-0.3657,0.0574,-0.2447,0.2716,-0.2093,-0.2141,-0.0354,1.6249,1.6852,-0.0603
2025-02-16,2024/2025,Liverpool,Wolverhampton Wanderers,2,1,1.86758,1.05329,7.195,6.927,0.268,1.7429,1.93998,-0.23823,2.17821,2.1078,0.5967,0.1544,-0.0908,-0.1902,0.6875,0.3446,2.8382,0.758,2.0802
2025-02-16,2024/2025,Tottenham Hotspur,Manchester United,1,0,1.97109,1.42652,7.078,7.028,0.05,0.3224,0.68711,0.21999,0.46711,0.2562,0.2341,-0.2668,0.1131,-0.1907,0.121,-0.0761,1.9252,1.4535,0.4717
2025-02-19,2024/2025,Aston Villa,Liverpool,2,2,1.02269,2.04279,6.935,7.162,-0.227,-1.4831,0.45643,1.4638,-1.00736,-1.3393,0.1777,-0.1194,0.5625,0.147,-0.3848,-0.2664,1.2559,2.0322,-0.7763
2025-02-21,2024/2025,Leicester City,Brentford,0,4,0.727901,2.03465,6.894,7.013,-0.119,-0.7759,-0.42808,0.39249,-0.82057,-1.1371,-0.084,-0.3208,0.2807,-0.1791,-0.3647,-0.1417,1.3569,1.8509,-0.4939
2025-02-22,2024/2025,Southampton,Brighton & Hove Albion,0,4,0.154147,5.12018,6.822,6.991,-0.169,-1.1049,-0.84017,0.49689,-1.33705,-1.696,-0.1102,-0.5486,0.0971,-0.1012,-0.2073,-0.4474,1.2154,1.9464,-0.731
2025-02-22,2024/2025,Everton,Manchester United,2,2,2.10444,0.645685,6.969,7.078,-0.109,-0.7151,0.77134,0.16289,0.60845,0.4092,-0.004,-0.0594,0.111,-0.1906,-0.115,0.1312,1.4887,1.2014,0.2873
2025-02-22,2024/2025,Ipswich Town,Tottenham Hotspur,1,4,1.15389,1.58741,6.883,7.004,-0.121,-0.7946,-0.46121,0.35536,-0.81657,-1.1328,-0.1669,-0.3575,0.234,-0.2637,-0.4009,-0.0938,1.3588,1.8332,-0.4745
2025-02-22,2024/2025,Fulham,Crystal Palace,0,2,0.23426,1.46203,6.961,6.975,-0.014,-0.0939,0.60711,0.52604,0.08107,-0.1615,0.1473,0.0847,0.2212,-0.068,-0.0739,0.1527,1.5496,1.1483,0.4013
2025-02-22,2024/2025,Arsenal,West Ham United,0,1,1.37264,1.02684,7.135,6.957,0.178,1.1543,1.71864,-0.2053,1.92395,1.8326,0.3291,0.292,0.0085,-0.2501,0.3207,0.5422,2.2813,0.7373,1.544
2025-02-22,2024/2025,Aston Villa,Chelsea,2,1,2.69413,2.17418,6.899,7.093,-0.195,-1.2703,0.54251,0.62333,-0.08082,-0.3367,0.1668,-0.1188,0.3465,-0.1602,-0.1797,0.0413,1.6956,1.63,0.0656
2025-02-22,2024/2025,Bournemouth,Wolverhampton Wanderers,0,1,0.629691,2.10124,6.969,6.907,0.063,0.4053,0.99315,-0.14441,1.13756,0.9817,0.4269,-0.0403,-0.0785,-0.1476,0.5053,0.1073,2.2394,0.9554,1.2839
2025-02-23,2024/2025,Newcastle United,Nottingham Forest,4,3,3.45858,2.38603,7.014,7.007,0.007,0.0437,1.23258,0.51141,0.72117,0.5311,0.294,-0.0631,0.1499,-0.0428,0.1441,-0.0203,1.754,1.2364,0.5176
2025-02-23,2024/2025,Manchester City,Liverpool,0,2,0.58248,0.807058,7.319,7.18,0.138,0.8963,1.73797,1.37772,0.36025,0.1406,0.3563,-0.0395,0.5579,0.1534,-0.2016,-0.1929,1.5583,1.7879,-0.2295
2025-02-25,2024/2025,Wolverhampton Wanderers,Fulham,1,2,0.928973,1.43473,6.934,6.907,0.027,0.1702,0.17355,0.70291,-0.52936,-0.822,-0.0295,-0.091,0.0881,0.0757,-0.1176,-0.1667,1.13,1.1924,-0.0624
2025-02-25,2024/2025,Crystal Palace,Aston Villa,4,1,4.02522,0.667217,6.996,6.878,0.118,0.7618,0.64105,0.15011,0.49094,0.282,0.2291,-0.0243,0.2126,-0.136,0.0165,0.1117,1.8284,1.2497,0.5786
2025-02-25,2024/2025,Brighton & Hove Albion,Bournemouth,2,1,2.57927,1.70169,7.003,6.963,0.039,0.2521,0.55566,0.60885,-0.05319,-0.3068,0.2208,-0.0724,0.36,-0.0641,-0.1392,-0.0083,1.6718,1.5339,0.1379
2025-02-25,2024/2025,Chelsea,Southampton,4,0,2.98234,0.845039,7.038,6.818,0.22,1.4292,0.85084,-0.80395,1.65479,1.5414,0.3608,-0.1932,-0.167,-0.6326,0.5279,0.4394,3.4692,1.0,2.4693
2025-02-26,2024/2025,Brentford,Everton,1,1,1.34009,1.44955,7.006,6.96,0.046,0.2976,0.65691,0.36889,0.28802,0.0624,0.2853,-0.1612,0.0258,-0.0452,0.2595,-0.116,1.7512,1.1991,0.5521
2025-02-26,2024/2025,Liverpool,Newcastle United,2,0,1.40027,0.45882,7.202,6.992,0.21,1.3662,1.87398,0.69223,1.18175,1.0295,0.5183,0.1903,0.3534,-0.0938,0.1649,0.2841,2.3665,1.148,1.2185
2025-02-26,2024/2025,Nottingham Forest,Arsenal,0,0,0.508611,1.31766,7.001,7.11,-0.109,-0.714,0.75691,1.41659,-0.65969,-0.9631,0.194,-0.1074,0.2964,0.2829,-0.1025,-0.3904,1.1301,1.5173,-0.3872
2025-02-26,2024/2025,Manchester United,Ipswich Town,3,2,1.40202,1.04498,7.007,6.779,0.228,1.4827,0.55818,-0.34116,0.89934,0.7239,0.0904,-0.2059,-0.1782,-0.3476,0.2686,0.1417,1.9927,1.0006,0.9921
2025-02-26,2024/2025,Tottenham Hotspur,Manchester City,0,1,1.28426,2.38641,6.966,7.23,-0.264,-1.7242,0.827,1.20109,-0.37409,-0.654,0.2233,-0.2562,0.3197,-0.0011,-0.0964,-0.2551,1.5176,1.8357,-0.318
2025-02-27,2024/2025,West Ham United,Leicester City,2,0,1.70437,0.289578,7.022,6.896,0.126,0.8166,0.21602,-0.74728,0.9633,0.7931,0.0172,-0.2164,-0.1177,-0.3236,0.1349,0.1071,1.7861,1.0873,0.6988
2025-03-08,2024/2025,Brentford,Aston Villa,0,1,0.637743,1.29638,7.024,6.965,0.059,0.3804,0.62138,0.01951,0.60187,0.402,0.2652,-0.1658,0.1897,-0.2131,0.0755,0.0473,2.0331,1.417,0.6161
2025-03-08,2024/2025,Crystal Palace,Ipswich Town,1,0,3.13879,1.63282,7.006,6.88,0.126,0.8185,0.77165,-0.3552,1.12685,0.9701,0.3253,-0.008,-0.1746,-0.3272,0.4999,0.3192,2.4397,0.8339,1.6057
2025-03-08,2024/2025,Liverpool,Southampton,3,1,4.98996,0.511566,7.183,6.801,0.382,2.4848,1.95004,-0.93146,2.88149,2.8688,0.4806,0.2092,-0.1727,-0.6077,0.6533,0.8169,3.8891,0.6522,3.2369
2025-03-08,2024/2025,Wolverhampton Wanderers,Everton,1,1,0.812432,1.3672,6.879,6.968,-0.089,-0.5845,0.12137,0.40442,-0.28305,-0.5555,-0.0388,-0.0952,0.0359,-0.0309,-0.0747,-0.0643,1.2284,1.1524,0.0761
2025-03-08,2024/2025,Brighton & Hove Albion,Fulham,2,1,1.94417,0.708227,7.015,6.935,0.08,0.5166,0.64392,0.75508,-0.11117,-0.3695,0.261,-0.0774,0.095,0.0803,0.166,-0.1576,1.5137,1.1769,0.3368
2025-03-08,2024/2025,Nottingham Forest,Manchester City,1,0,0.501476,0.721234,7.001,7.232,-0.23,-1.5028,0.82311,1.26498,-0.44188,-0.7274,0.1676,-0.0998,0.3368,0.0067,-0.1692,-0.1065,1.4301,1.5905,-0.1605
2025-03-09,2024/2025,Chelsea,Leicester City,1,0,1.76844,0.108487,7.092,6.879,0.212,1.3789,0.97835,-0.83477,1.81312,1.7127,0.3368,-0.1881,-0.1515,-0.3183,0.4883,0.1302,2.4713,1.0115,1.4598
2025-03-09,2024/2025,Tottenham Hotspur,Bournemouth,2,2,1.35053,2.22536,7.041,6.989,0.052,0.3354,0.76311,0.52059,0.24252,0.0132,0.2116,-0.2727,0.3624,-0.0952,-0.1508,-0.1776,1.7112,1.8757,-0.1645
2025-03-09,2024/2025,Manchester United,Arsenal,1,1,1.31107,1.82996,7.025,7.114,-0.089,-0.5827,0.57222,1.35039,-0.77817,-1.0913,0.0631,-0.205,0.2883,0.3013,-0.2252,-0.5064,0.9757,1.6553,-0.6796
2025-03-10,2024/2025,West Ham United,Newcastle United,0,1,0.823986,1.62976,6.99,7.02,-0.03,-0.1995,0.3035,0.61617,-0.31267,-0.5876,0.0133,-0.1995,0.3273,-0.0492,-0.314,-0.1504,1.3273,1.6997,-0.3725
2025-03-15,2024/2025,Bournemouth,Brentford,1,2,2.02714,1.60321,6.999,7.026,-0.027,-0.1794,0.83166,0.43695,0.39471,0.1779,0.3738,-0.0816,0.1999,-0.1609,0.1739,0.0794,2.1293,1.3294,0.7999
2025-03-15,2024/2025,Ipswich Town,Nottingham Forest,2,4,0.520839,1.30722,6.875,7.003,-0.129,-0.8423,-0.58316,0.59023,-1.17338,-1.5189,-0.1417,-0.3481,0.1197,-0.0689,-0.2614,-0.2791,1.1458,1.6213,-0.4754
2025-03-15,2024/2025,Southampton,Wolverhampton Wanderers,1,2,1.2821,0.540718,6.849,6.893,-0.045,-0.2954,-1.00538,-0.03267,-0.97271,-1.3018,-0.1763,-0.6462,-0.0595,-0.0988,-0.1168,-0.5474,1.1519,1.8078,-0.6559
2025-03-15,2024/2025,Manchester City,Brighton & Hove Albion,2,2,2.02642,2.11119,7.247,7.026,0.221,1.4356,1.58349,0.74961,0.83388,0.6531,0.3058,0.0355,0.277,-0.0644,0.0288,0.0999,1.8605,1.2402,0.6204
2025-03-15,2024/2025,Everton,West Ham United,1,1,1.189,0.516029,6.967,6.973,-0.006,-0.0434,0.70901,-0.05497,0.76398,0.5775,0.0433,-0.0202,-0.0089,-0.1958,0.0522,0.1756,1.5882,1.0121,0.576
2025-03-16,2024/2025,Arsenal,Chelsea,1,0,0.695725,0.286036,7.089,7.057,0.032,0.2021,1.48801,0.56828,0.91973,0.746,0.2912,0.2888,0.3114,-0.166,-0.0203,0.4548,1.9841,1.0191,0.9651
2025-03-16,2024/2025,Fulham,Tottenham Hotspur,2,0,1.03966,1.40865,6.981,6.976,0.005,0.0261,0.45939,0.41642,0.04297,-0.2027,0.0781,0.065,0.1952,-0.2824,-0.1171,0.3474,1.7956,1.1385,0.657
2025-03-16,2024/2025,Leicester City,Manchester United,0,3,1.30455,1.13892,6.879,7.026,-0.147,-0.9599,-0.57681,0.28405,-0.86086,-1.1807,-0.1919,-0.2886,0.0736,-0.2089,-0.2654,-0.0797,1.2508,1.4619,-0.2111
2025-04-01,2024/2025,Arsenal,Fulham,2,1,2.30189,1.44206,7.092,6.937,0.155,1.007,1.49937,0.74348,0.75589,0.5687,0.2392,0.309,0.0384,0.0572,0.2008,0.2518,1.5292,0.749,0.7802
2025-04-01,2024/2025,Nottingham Forest,Manchester United,1,0,0.512063,1.86688,6.971,6.979,-0.008,-0.0575,0.97804,0.40726,0.57079,0.3684,0.107,-0.0524,0.0619,-0.2084,0.045,0.1561,1.7138,1.1223,0.5915
2025-04-01,2024/2025,Wolverhampton Wanderers,West Ham United,1,0,1.10359,1.73057,6.896,7.017,-0.121,-0.7911,0.15907,0.01788,0.14119,-0.0964,-0.1241,-0.1008,-0.026,-0.1832,-0.0981,0.0825,1.3086,1.0933,0.2153
2025-04-02,2024/2025,Bournemouth,Ipswich Town,1,2,1.99637,1.41263,6.95,6.835,0.115,0.7468,0.72941,-0.38885,1.11826,0.9608,0.366,-0.0887,-0.1754,-0.3371,0.5415,0.2484,2.5629,0.9045,1.6585
2025-04-02,2024/2025,Brighton & Hove Albion,Aston Villa,0,3,0.558009,1.20715,6.986,6.958,0.028,0.1789,0.78613,0.12866,0.65747,0.4622,0.31,-0.0702,0.1831,-0.1582,0.127,0.088,2.0054,1.284,0.7214
2025-04-02,2024/2025,Manchester City,Leicester City,2,0,2.07165,0.104741,7.229,6.872,0.357,2.3202,1.50653,-0.84114,2.34768,2.2911,0.3094,0.0109,-0.1874,-0.2781,0.4967,0.289,2.3496,0.786,1.5635
2025-04-02,2024/2025,Southampton,Crystal Palace,1,1,0.687304,0.93776,6.822,6.995,-0.174,-1.1334,-1.00939,0.72343,-1.73282,-2.1243,-0.1682,-0.6114,0.3563,-0.0234,-0.5245,-0.5881,1.0606,2.6873,-1.6267
2025-04-02,2024/2025,Newcastle United,Brentford,2,1,2.26584,1.53201,7.022,7.015,0.007,0.0435,1.26182,0.5392,0.72262,0.5327,0.3218,-0.0349,0.2077,-0.1555,0.1141,0.1206,2.0187,1.2736,0.7452
2025-04-02,2024/2025,Liverpool,Everton,1,0,1.29718,0.823136,7.15,6.978,0.173,1.1195,1.87044,0.32082,1.54961,1.4276,0.5087,0.2099,0.0238,-0.0092,0.4849,0.2191,2.144,0.8133,1.3307
2025-04-03,2024/2025,Chelsea,Tottenham Hotspur,1,0,1.30443,1.40274,7.108,7.083,0.025,0.159,0.89502,0.29746,0.59755,0.3974,0.2914,-0.1124,0.2013,-0.2554,0.0901,0.143,2.1685,1.3644,0.804
2025-04-05,2024/2025,Everton,Arsenal,1,1,1.22875,1.4031,6.929,7.052,-0.123,-0.8045,0.67507,1.30489,-0.62982,-0.9307,0.0239,0.0265,0.2612,0.2902,-0.2373,-0.2638,0.9448,1.2834,-0.3386
2025-04-05,2024/2025,Crystal Palace,Brighton & Hove Albion,2,1,0.443965,1.27226,7.006,7.002,0.004,0.0203,0.67892,0.72885,-0.04992,-0.3032,0.2845,-0.014,0.2365,-0.0675,0.048,0.0535,1.7801,1.2842,0.4959
2025-04-05,2024/2025,Ipswich Town,Wolverhampton Wanderers,1,2,0.872356,2.8096,6.858,6.888,-0.03,-0.1967,-0.57787,0.02357,-0.60144,-0.9,-0.1523,-0.3136,-0.1327,-0.1135,-0.0196,-0.2002,1.1995,1.2026,-0.0031
2025-04-05,2024/2025,West Ham United,Bournemouth,2,2,0.907832,1.94869,6.985,6.956,0.029,0.1821,0.2318,0.40137,-0.16957,-0.4327,-0.0041,-0.1767,0.3386,-0.0983,-0.3427,-0.0784,1.3797,1.6686,-0.2889
2025-04-05,2024/2025,Aston Villa,Nottingham Forest,2,1,2.63349,0.96769,6.923,7.024,-0.101,-0.6621,0.71546,0.69924,0.01622,-0.2317,0.1785,-0.1041,0.0499,-0.0712,0.1286,-0.0329,1.5871,1.1807,0.4064
2025-04-06,2024/2025,Brentford,Chelsea,0,0,1.36123,1.47829,7.004,7.062,-0.058,-0.3839,0.55744,0.58784,-0.0304,-0.2821,0.2153,-0.1632,0.254,-0.1125,-0.0386,-0.0507,1.7248,1.5284,0.1964
2025-04-06,2024/2025,Tottenham Hotspur,Southampton,3,1,2.648,0.780439,7.112,6.836,0.275,1.7891,0.62211,-0.77918,1.40129,1.2671,0.201,-0.2203,-0.1864,-0.55,0.3874,0.3297,2.7404,1.0012,1.7392
2025-04-06,2024/2025,Fulham,Liverpool,3,2,1.72764,1.40638,6.934,7.158,-0.224,-1.4605,0.55771,1.46425,-0.90653,-1.2302,0.056,0.0299,0.4809,0.2078,-0.425,-0.178,1.0468,1.6125,-0.5658
2025-04-06,2024/2025,Manchester United,Manchester City,0,0,1.23317,0.687894,7.028,7.334,-0.306,-1.9976,0.6956,1.08219,-0.38659,-0.6675,0.0875,-0.1667,0.2979,0.0235,-0.2105,-0.1903,1.2862,1.6507,-0.3646
2025-04-07,2024/2025,Leicester City,Newcastle United,0,3,0.354575,3.44111,6.865,7.027,-0.162,-1.0554,-0.67243,0.70716,-1.37959,-1.742,-0.2133,-0.2656,0.3297,-0.0416,-0.543,-0.2239,1.0339,1.8489,-0.8151
2025-04-12,2024/2025,Brighton & Hove Albion,Leicester City,2,2,3.6978,1.98444,7.013,6.837,0.175,1.138,0.58082,-0.87292,1.45375,1.3238,0.234,-0.0175,-0.2444,-0.3116,0.4784,0.2941,2.2052,0.7806,1.4247
2025-04-12,2024/2025,Arsenal,Brentford,1,1,0.767369,0.588583,7.054,7.016,0.038,0.2443,1.48754,0.50773,0.97981,0.811,0.2622,0.2795,0.1964,-0.1603,0.0657,0.4398,1.918,0.9162,1.0019
2025-04-12,2024/2025,Southampton,Aston Villa,0,3,0.412256,2.99927,6.832,6.984,-0.152,-0.993,-0.93768,0.33184,-1.26952,-1.6229,-0.1952,-0.5423,0.2251,-0.0981,-0.4203,-0.4441,1.1152,2.1936,-1.0784
2025-04-12,2024/2025,Manchester City,Crystal Palace,5,2,4.59724,1.33808,7.203,6.997,0.206,1.3345,1.4352,0.66914,0.76606,0.5797,0.2646,0.0249,0.2266,-0.0135,0.038,0.0384,1.6935,1.1939,0.4997
2025-04-12,2024/2025,Nottingham Forest,Everton,0,1,0.423949,1.26036,7.005,6.962,0.043,0.2762,0.97014,0.42198,0.54816,0.3439,0.0423,-0.1072,0.0345,0.023,0.0078,-0.1302,1.2823,1.1464,0.1359
2025-04-13,2024/2025,Chelsea,Ipswich Town,2,2,2.90758,1.60301,7.125,6.947,0.178,1.1541,0.93841,-0.29679,1.23521,1.0874,0.2502,-0.0986,-0.1685,-0.3427,0.4186,0.2441,2.3126,0.913,1.3996
2025-04-13,2024/2025,Liverpool,West Ham United,2,1,1.42902,1.46598,7.159,6.941,0.218,1.4153,1.7336,-0.04543,1.77903,1.6758,0.4719,0.1865,-0.0257,-0.1837,0.4977,0.3703,2.4742,0.7881,1.6862
2025-04-13,2024/2025,Newcastle United,Manchester United,4,1,2.6383,0.786568,7.03,6.983,0.047,0.3022,1.36941,0.38852,0.98088,0.8122,0.3778,-0.0258,0.0843,-0.1338,0.2935,0.108,2.099,1.1102,0.9888
2025-04-13,2024/2025,Wolverhampton Wanderers,Tottenham Hotspur,4,2,2.22977,1.62887,6.897,7.007,-0.11,-0.7175,0.2681,0.29241,-0.02431,-0.2755,-0.0721,-0.1048,0.195,-0.2141,-0.267,0.1093,1.4237,1.3674,0.0563
2025-04-14,2024/2025,Bournemouth,Fulham,1,0,1.8577,1.07203,6.967,6.934,0.033,0.2135,0.59162,0.79099,-0.19937,-0.465,0.3453,-0.0831,0.0828,0.0371,0.2625,-0.1202,1.7099,1.1758,0.534
2025-04-16,2024/2025,Newcastle United,Crystal Palace,5,0,2.32947,2.37548,7.034,6.977,0.057,0.3657,1.48986,0.54389,0.94597,0.7744,0.3969,-0.0175,0.2294,-0.1229,0.1676,0.1054,2.1188,1.2715,0.8473
2025-04-19,2024/2025,West Ham United,Southampton,1,1,0.98423,0.922877,6.934,6.827,0.107,0.6913,0.30354,-0.91646,1.22001,1.0709,-0.0024,-0.1397,-0.2308,-0.56,0.2283,0.4204,2.2135,0.9014,1.3121
2025-04-19,2024/2025,Aston Villa,Newcastle United,4,1,3.05371,1.27176,6.985,7.038,-0.053,-0.3471,0.87568,0.99752,-0.12183,-0.3811,0.2571,-0.0811,0.4021,-0.0491,-0.145,-0.0319,1.6891,1.6315,0.0576
2025-04-19,2024/2025,Crystal Palace,Bournemouth,0,0,0.337818,0.664093,6.984,6.967,0.017,0.1059,0.5832,0.44195,0.14125,-0.0964,0.2672,-0.1309,0.3481,-0.0796,-0.0809,-0.0513,1.7738,1.6113,0.1625
2025-04-19,2024/2025,Brentford,Brighton & Hove Albion,4,2,2.95516,1.24107,7.019,7.017,0.002,0.0092,0.61837,0.57119,0.04718,-0.1982,0.1853,-0.1185,0.2967,-0.0387,-0.1115,-0.0798,1.566,1.5145,0.0515
2025-04-19,2024/2025,Everton,Manchester City,0,2,0.81683,1.87989,6.962,7.289,-0.327,-2.1312,0.81087,1.12074,-0.30986,-0.5845,0.0391,0.046,0.3623,0.0206,-0.3232,0.0254,1.2261,1.4268,-0.2007
2025-04-20,2024/2025,Fulham,Chelsea,1,2,0.306122,0.75172,6.928,7.154,-0.226,-1.4782,0.61227,0.51926,0.09301,-0.1486,0.0784,0.0313,0.2706,-0.1118,-0.1923,0.1431,1.4732,1.3053,0.1679
2025-04-20,2024/2025,Leicester City,Liverpool,0,1,0.232205,4.52706,6.868,7.215,-0.346,-2.258,-0.71261,1.29738,-2.00999,-2.4242,-0.1983,-0.3596,0.435,0.1698,-0.6333,-0.5294,0.831,2.3071,-1.476
2025-04-20,2024/2025,Ipswich Town,Arsenal,0,4,0.192879,2.81362,6.888,7.11,-0.222,-1.4471,-0.55978,1.18425,-1.74402,-2.1364,-0.1367,-0.3605,0.214,0.2864,-0.3506,-0.6469,0.7983,1.8239,-1.0256
2025-04-20,2024/2025,Manchester United,Wolverhampton Wanderers,0,1,1.13966,0.187814,6.916,6.902,0.014,0.0855,0.66025,0.14999,0.51026,0.3029,0.0711,-0.1534,-0.03,-0.1111,0.1011,-0.0423,1.5039,1.1296,0.3743
2025-04-21,2024/2025,Tottenham Hotspur,Nottingham Forest,1,2,2.4024,0.557682,7.052,6.98,0.072,0.4644,0.6037,0.54269,0.06101,-0.1832,0.2015,-0.2343,0.0103,-0.1092,0.1912,-0.125,1.7222,1.2663,0.4559
2025-04-22,2024/2025,Manchester City,Aston Villa,2,1,1.36232,1.85906,7.241,6.964,0.278,1.804,1.63498,0.53823,1.09675,0.9375,0.3725,0.0323,0.3175,-0.0685,0.0551,0.1007,2.0105,1.2868,0.7237
2025-04-23,2024/2025,Arsenal,Crystal Palace,2,2,1.92149,2.50515,7.086,6.989,0.096,0.6239,1.48663,0.38062,1.10601,0.9476,0.2409,0.299,0.202,-0.0973,0.0389,0.3964,1.7753,0.8972,0.8781
2025-04-26,2024/2025,Southampton,Fulham,1,2,0.935581,1.9956,6.8,6.975,-0.175,-1.1454,-0.98693,0.63621,-1.62315,-2.0056,-0.2279,-0.5207,0.02,0.0473,-0.2479,-0.568,0.9307,1.7535,-0.8228
2025-04-26,2024/2025,Wolverhampton Wanderers,Leicester City,3,0,2.57666,1.04978,6.944,6.876,0.068,0.4385,0.4595,-0.71113,1.17063,1.0175,-0.0682,-0.0992,-0.2238,-0.4364,0.1556,0.3372,1.823,0.8758,0.9473
2025-04-26,2024/2025,Chelsea,Everton,1,0,0.768313,0.916838,7.115,6.936,0.179,1.1587,0.9023,0.4549,0.4474,0.2349,0.2533,-0.0739,0.0183,0.0319,0.235,-0.1058,1.5951,1.0735,0.5216
2025-04-26,2024/2025,Brighton & Hove Albion,West Ham United,3,2,1.29433,1.24134,6.988,6.971,0.017,0.1045,0.39727,-0.03538,0.43265,0.2189,0.2835,-0.0853,-0.0685,-0.1388,0.3519,0.0536,1.9127,1.015,0.8977
2025-04-26,2024/2025,Newcastle United,Ipswich Town,3,0,4.11539,0.127203,7.022,6.915,0.107,0.695,1.54694,-0.28442,1.83135,1.7324,0.3858,-0.0982,-0.162,-0.3861,0.5478,0.2879,2.7428,0.9263,1.8165
2025-04-27,2024/2025,Liverpool,Tottenham Hotspur,5,1,2.51104,0.512812,7.22,6.974,0.246,1.5953,1.60237,0.11275,1.48962,1.3627,0.4863,0.1825,0.228,-0.2142,0.2582,0.3967,2.5961,1.0164,1.5797
2025-04-27,2024/2025,Bournemouth,Manchester United,1,1,0.60995,1.91039,6.973,7.029,-0.056,-0.3679,0.69911,0.19725,0.50185,0.2938,0.3106,-0.0245,0.0546,-0.1305,0.2559,0.106,1.9322,1.0896,0.8426
2025-05-01,2024/2025,Nottingham Forest,Brentford,0,2,0.670607,1.52054,6.996,6.973,0.024,0.1499,0.92177,0.67168,0.25009,0.0214,-0.0174,-0.1339,0.2448,-0.1096,-0.2621,-0.0243,1.3761,1.4563,-0.0801
2025-05-02,2024/2025,Manchester City,Wolverhampton Wanderers,1,0,0.859463,0.622455,7.303,6.951,0.352,2.2894,1.62145,0.33333,1.28812,1.1446,0.3449,0.0144,-0.0305,-0.1016,0.3754,0.116,2.0397,0.9169,1.1228
2025-05-03,2024/2025,Leicester City,Southampton,2,0,1.60739,0.550774,6.843,6.814,0.029,0.1816,-0.70353,-0.77844,0.07491,-0.1682,-0.2149,-0.4542,-0.2257,-0.5221,0.0107,0.0679,1.7072,1.2525,0.4546
2025-05-03,2024/2025,Aston Villa,Fulham,1,0,1.29013,0.702787,6.999,6.937,0.062,0.4014,1.02485,0.57251,0.45233,0.2402,0.3385,-0.0432,0.0287,0.0468,0.3098,-0.09,1.6878,1.0667,0.6211
2025-05-03,2024/2025,Arsenal,Bournemouth,1,2,2.05484,1.41783,7.101,6.939,0.162,1.048,1.39595,0.42464,0.9713,0.8018,0.244,0.2509,0.2521,-0.0447,-0.0081,0.2956,1.7028,0.9822,0.7206
2025-05-03,2024/2025,Everton,Ipswich Town,2,2,0.808481,1.14351,6.955,6.867,0.088,0.5708,0.66,-0.37783,1.03784,0.8738,0.0117,0.0591,-0.199,-0.435,0.2107,0.4942,1.9768,0.7644,1.2123
2025-05-04,2024/2025,West Ham United,Tottenham Hotspur,1,1,1.15166,0.847022,6.967,6.927,0.04,0.2578,0.16818,-0.01788,0.18605,-0.0479,-0.0604,-0.1169,0.2093,-0.2085,-0.2696,0.0917,1.4582,1.3791,0.0791
2025-05-04,2024/2025,Brighton & Hove Albion,Newcastle United,1,1,0.687863,1.63777,7.008,7.028,-0.02,-0.1339,0.45697,0.91965,-0.46268,-0.7499,0.2521,-0.0898,0.439,-0.0803,-0.1869,-0.0095,1.7407,1.701,0.0397
2025-05-04,2024/2025,Chelsea,Liverpool,3,1,3.51944,1.4267,7.118,7.16,-0.042,-0.2784,0.9609,1.29826,-0.33736,-0.6143,0.2233,-0.0694,0.4792,0.1956,-0.2559,-0.2651,1.2801,1.7397,-0.4596
2025-05-04,2024/2025,Brentford,Manchester United,4,3,3.58737,1.13404,7.016,6.912,0.104,0.6751,0.82095,0.25195,0.569,0.3665,0.2453,-0.0896,0.083,-0.0809,0.1622,-0.0087,1.7557,1.1738,0.5819
2025-05-05,2024/2025,Crystal Palace,Nottingham Forest,1,1,2.34037,0.63684,6.981,6.978,0.003,0.0172,0.6245,0.54759,0.07691,-0.166,0.2453,-0.1018,-0.0468,-0.1348,0.2921,0.033,1.8308,1.0562,0.7746
2025-05-10,2024/2025,Wolverhampton Wanderers,Brighton & Hove Albion,0,2,0.73395,1.41254,6.936,6.988,-0.052,-0.3417,0.59887,0.52649,0.07239,-0.1709,-0.0416,-0.0543,0.1993,-0.0867,-0.2409,0.0324,1.301,1.2967,0.0043
2025-05-10,2024/2025,Southampton,Manchester City,0,0,0.136995,1.58463,6.806,7.202,-0.396,-2.582,-1.00201,1.19982,-2.20183,-2.6318,-0.2571,-0.5151,0.3004,0.021,-0.5575,-0.5361,0.9039,2.3698,-1.4659
2025-05-10,2024/2025,Ipswich Town,Brentford,0,1,0.717433,1.32077,6.844,7.048,-0.204,-1.3326,-0.6894,0.82983,-1.51923,-1.8931,-0.1833,-0.3973,0.3233,-0.0879,-0.5066,-0.3094,1.1102,2.1065,-0.9963
2025-05-10,2024/2025,Fulham,Everton,1,3,1.20869,1.32604,6.942,6.939,0.003,0.0125,0.44088,0.33794,0.10294,-0.1378,0.0156,0.061,-0.0517,0.0521,0.0673,0.009,1.2069,0.8932,0.3137
2025-05-10,2024/2025,Bournemouth,Aston Villa,0,1,1.02272,1.12376,6.968,6.972,-0.004,-0.0308,0.72395,0.59058,0.13337,-0.1049,0.2621,-0.0573,0.3188,-0.0347,-0.0567,-0.0226,1.6831,1.4575,0.2256
2025-05-11,2024/2025,Tottenham Hotspur,Crystal Palace,0,2,0.806792,3.98546,6.957,6.968,-0.011,-0.0778,0.44432,0.46403,-0.01971,-0.2706,0.1876,-0.1983,0.2674,-0.0912,-0.0797,-0.1072,1.6516,1.5954,0.0562
2025-05-11,2024/2025,Manchester United,West Ham United,0,2,2.31287,2.15985,6.93,6.946,-0.016,-0.1052,0.55792,-0.1114,0.66932,0.475,0.0807,-0.141,-0.0735,-0.102,0.1542,-0.039,1.4995,1.0719,0.4276
2025-05-11,2024/2025,Nottingham Forest,Leicester City,2,2,1.76909,1.22949,6.957,6.86,0.097,0.6259,0.80346,-0.74804,1.5515,1.4296,-0.0603,-0.1531,-0.2193,-0.435,0.159,0.2819,1.8414,0.9253,0.9161
2025-05-11,2024/2025,Newcastle United,Chelsea,2,0,1.6703,0.646426,7.019,7.12,-0.102,-0.6649,1.606,0.73333,0.87268,0.6951,0.4331,-0.0401,0.2969,-0.057,0.1362,0.0169,2.0182,1.4179,0.6003
2025-05-11,2024/2025,Liverpool,Arsenal,2,2,2.74682,2.18795,7.186,7.092,0.095,0.6127,1.64809,1.16996,0.47813,0.2681,0.4655,0.1137,0.2542,0.2352,0.2114,-0.1215,1.5934,1.1379,0.4555
2025-05-16,2024/2025,Aston Villa,Tottenham Hotspur,2,0,1.69061,0.523016,6.971,6.907,0.063,0.4091,1.14434,-0.07307,1.21741,1.0681,0.3031,-0.0122,0.1482,-0.2686,0.155,0.2565,2.2335,1.1651,1.0684
2025-05-16,2024/2025,Chelsea,Manchester United,1,0,1.29571,0.337632,7.146,7.111,0.035,0.2231,1.02717,0.11417,0.913,0.7387,0.2654,-0.0423,0.1159,-0.1638,0.1495,0.1215,1.9303,1.1666,0.7637
2025-05-18,2024/2025,Leicester City,Ipswich Town,2,0,0.788544,1.36957,6.851,6.834,0.018,0.1106,-0.51366,-0.25292,-0.26073,-0.5314,-0.2045,-0.429,-0.2052,-0.3691,0.0006,-0.0599,1.4784,1.2483,0.23
2025-05-18,2024/2025,Brentford,Fulham,2,3,2.43045,1.61741,7.059,6.973,0.087,0.5601,0.83243,0.43268,0.39975,0.1833,0.291,-0.078,0.0155,0.0513,0.2754,-0.1294,1.6068,1.0869,0.5199
2025-05-18,2024/2025,Arsenal,Newcastle United,1,0,1.15958,2.24634,7.093,6.996,0.098,0.6317,1.31183,0.92921,0.38262,0.1648,0.2848,0.1796,0.4152,-0.0154,-0.1305,0.195,1.7093,1.2511,0.4582
2025-05-18,2024/2025,West Ham United,Nottingham Forest,1,2,0.850457,2.14756,6.948,6.976,-0.028,-0.1845,0.23261,0.48679,-0.25418,-0.5243,-0.0334,-0.124,-0.0629,-0.1582,0.0295,0.0342,1.4132,1.0666,0.3465
2025-05-18,2024/2025,Everton,Southampton,2,0,2.67793,1.05025,6.963,6.812,0.15,0.9733,0.65406,-0.81355,1.46762,1.3388,-0.0382,0.0516,-0.2942,-0.4847,0.256,0.5363,1.9911,0.6951,1.296
2025-05-19,2024/2025,Brighton & Hove Albion,Liverpool,3,2,2.17789,3.065,6.98,7.16,-0.18,-1.1745,0.58963,1.13572,-0.54609,-0.8401,0.2014,-0.0695,0.496,0.0791,-0.2946,-0.1487,1.3842,1.7986,-0.4145
2025-05-20,2024/2025,Crystal Palace,Wolverhampton Wanderers,4,2,1.68451,1.42886,6.941,6.895,0.045,0.29,0.69327,0.28774,0.40554,0.1896,0.3614,-0.0612,-0.0667,-0.0569,0.428,-0.0042,1.9116,0.9892,0.9224
2025-05-20,2024/2025,Manchester City,Bournemouth,3,1,1.59779,0.962014,7.239,6.949,0.29,1.8825,1.50287,0.48269,1.02018,0.8547,0.2753,0.0384,0.2324,-0.0461,0.0429,0.0845,1.7865,1.173,0.6135
2025-05-25,2024/2025,Fulham,Manchester City,0,2,2.21797,2.45923,6.983,7.203,-0.221,-1.4398,0.38677,1.13173,-0.74496,-1.0553,0.0351,0.0213,0.2668,0.0443,-0.2317,-0.023,1.2078,1.3124,-0.1046
2025-05-25,2024/2025,Tottenham Hotspur,Brighton & Hove Albion,1,4,1.85265,3.11624,6.945,6.991,-0.046,-0.3023,0.27548,0.71978,-0.4443,-0.73,0.1227,-0.2456,0.2338,-0.1176,-0.1111,-0.1281,1.5826,1.6241,-0.0415
2025-05-25,2024/2025,Liverpool,Crystal Palace,1,1,1.92122,1.4144,7.178,6.959,0.22,1.426,1.52371,0.65616,0.86755,0.6895,0.5313,0.0487,0.3478,-0.0704,0.1836,0.1191,2.3448,1.3138,1.031
2025-05-25,2024/2025,Ipswich Town,West Ham United,1,3,0.893095,0.967379,6.77,6.934,-0.164,-1.0707,-0.71721,-0.02585,-0.69136,-0.9973,-0.1977,-0.3494,-0.0597,-0.1462,-0.1379,-0.2032,1.1657,1.3625,-0.1968
2025-05-25,2024/2025,Bournemouth,Leicester City,2,0,2.72449,0.156702,6.925,6.789,0.136,0.8822,0.57558,-0.55661,1.13219,0.9759,0.2226,-0.0386,-0.2417,-0.428,0.4643,0.3894,2.438,0.8032,1.6348
2025-05-25,2024/2025,Manchester United,Aston Villa,2,0,2.96259,0.335222,7.092,6.992,0.1,0.6459,0.41637,0.73179,-0.31542,-0.5905,0.0806,-0.1391,0.2756,0.0039,-0.195,-0.143,1.3674,1.4961,-0.1288
2025-05-25,2024/2025,Wolverhampton Wanderers,Brentford,1,1,1.10889,1.97196,6.931,7.041,-0.111,-0.7249,0.40456,0.70549,-0.30093,-0.5749,-0.0505,-0.0481,0.3211,-0.0899,-0.3716,0.0418,1.2846,1.4658,-0.1812
2025-05-25,2024/2025,Southampton,Arsenal,1,2,0.598144,2.40711,6.805,7.06,-0.256,-1.6676,-0.91549,1.26495,-2.18044,-2.6086,-0.2794,-0.5,0.2598,0.1417,-0.5393,-0.6417,0.7966,2.2042,-1.4076
2025-05-25,2024/2025,Nottingham Forest,Chelsea,0,1,1.58014,1.30874,6.981,7.131,-0.151,-0.9857,0.74372,0.64986,0.09386,-0.1477,-0.0287,-0.1392,0.2369,-0.0209,-0.2656,-0.1183,1.2195,1.4832,-0.2637
2025-05-25,2024/2025,Newcastle United,Everton,0,1,1.1591,1.07279,7.024,6.964,0.059,0.3823,1.65543,0.49838,1.15705,1.0028,0.4423,0.0047,-0.0051,0.0453,0.4474,-0.0405,1.8746,0.9833,0.8913
2025-08-15,2025/2026,Liverpool,Bournemouth,4,2,2.33007,1.57303,7.13,6.938,0.192,1.2483,1.44487,0.45054,0.99434,0.8267,0.5104,0.0447,0.2339,-0.0263,0.2764,0.071,2.1899,1.181,1.009
2025-08-16,2025/2026,Brighton & Hove Albion,Fulham,1,1,1.44008,0.902883,7.006,6.939,0.066,0.4281,0.78464,0.47046,0.31417,0.0907,0.2902,-0.1256,0.0822,-0.0137,0.2079,-0.1119,1.7092,1.2214,0.4878
2025-08-16,2025/2026,Aston Villa,Newcastle United,0,0,0.318601,1.40098,6.981,7.036,-0.055,-0.3609,1.1337,0.78351,0.35019,0.1297,0.2301,-0.042,0.4124,0.0027,-0.1823,-0.0447,1.5607,1.5856,-0.0249
2025-08-16,2025/2026,Tottenham Hotspur,Burnley,3,0,1.97858,0.734138,6.957,6.845,0.112,0.7229,0.14405,-0.14512,0.28917,0.0637,0.1345,-0.288,-0.0243,-0.3669,0.1588,0.0788,2.0937,1.2846,0.8091
2025-08-16,2025/2026,Wolverhampton Wanderers,Manchester City,0,4,0.519436,2.29903,6.904,7.118,-0.214,-1.3963,0.44139,1.22871,-0.78732,-1.1012,-0.0585,-0.0627,0.2938,0.0133,-0.3523,-0.076,1.1354,1.4654,-0.33
2025-08-16,2025/2026,Sunderland,West Ham United,3,0,0.724368,0.558948,6.966,6.955,0.011,0.0676,-0.99652,0.07321,-1.06973,-1.4068,-0.2442,-0.3058,-0.0733,-0.1385,-0.1709,-0.1673,1.1274,1.2601,-0.1327
2025-08-17,2025/2026,Manchester United,Arsenal,0,1,1.37653,1.3304,7.065,7.097,-0.031,-0.2074,0.54329,1.17103,-0.62775,-0.9285,0.1523,-0.1034,0.2639,0.1452,-0.1116,-0.2486,1.2556,1.4493,-0.1936
2025-08-17,2025/2026,Nottingham Forest,Brentford,3,1,1.7555,1.32516,6.989,6.882,0.107,0.6946,0.65359,0.66866,-0.01508,-0.2655,-0.0137,-0.1322,0.336,-0.0842,-0.3497,-0.048,1.3601,1.577,-0.2169
2025-08-17,2025/2026,Chelsea,Crystal Palace,0,0,1.36793,1.03414,7.102,6.984,0.118,0.765,1.09951,0.735,0.36451,0.1452,0.2288,-0.0304,0.3488,-0.0507,-0.12,0.0203,1.6784,1.4407,0.2376
2025-08-18,2025/2026,Leeds United,Everton,1,0,2.3812,0.674338,6.863,6.971,-0.108,-0.7045,-0.41274,0.62198,-1.03472,-1.3689,0.0241,-0.3227,-0.0018,0.0737,0.0259,-0.3964,1.1757,1.3963,-0.2206
2025-08-22,2025/2026,West Ham United,Chelsea,1,5,0.978572,3.94997,6.903,7.048,-0.145,-0.9492,0.12648,0.71137,-0.5849,-0.8821,-0.0959,-0.1278,0.2145,-0.0173,-0.3104,-0.1105,1.1369,1.4329,-0.2959
2025-08-23,2025/2026,Arsenal,Leeds United,5,0,2.73761,0.156761,7.037,6.805,0.232,1.5064,1.34162,-0.36528,1.7069,1.5978,0.2578,0.1396,0.0824,-0.3016,0.1754,0.4412,2.2508,0.9187,1.3322
2025-08-23,2025/2026,Burnley,Sunderland,2,0,1.00381,1.12127,6.719,7.196,-0.476,-3.1052,-0.56232,-1.07861,0.51629,0.3094,-0.0492,-0.3597,-0.2668,-0.2845,0.2176,-0.0752,1.4961,1.1616,0.3344
2025-08-23,2025/2026,Bournemouth,Wolverhampton Wanderers,1,0,1.78462,0.373367,6.757,6.84,-0.082,-0.539,0.5971,0.10914,0.48796,0.2788,0.2456,-0.0322,-0.0869,-0.0874,0.3324,0.0551,1.7287,0.9562,0.7725
2025-08-23,2025/2026,Manchester City,Tottenham Hotspur,0,2,1.2475,1.28015,7.163,7.033,0.13,0.8416,1.74646,-0.14529,1.89175,1.7978,0.3155,0.0309,0.1275,-0.2719,0.188,0.3028,2.2868,1.0845,1.2023
2025-08-23,2025/2026,Brentford,Aston Villa,1,0,1.12964,0.976852,6.942,6.992,-0.05,-0.3291,0.62521,0.57714,0.04808,-0.1972,0.3226,-0.0951,0.1778,-0.0355,0.1449,-0.0596,1.7797,1.3217,0.458
2025-08-24,2025/2026,Everton,Brighton & Hove Albion,2,0,1.80116,2.08487,7.016,6.977,0.039,0.2494,0.71298,0.82579,-0.1128,-0.3713,-0.0275,0.0408,0.2759,-0.1159,-0.3034,0.1568,1.3735,1.2593,0.1142
2025-08-24,2025/2026,Fulham,Manchester United,1,1,1.65333,1.54603,6.919,7.106,-0.187,-1.219,0.31522,0.15743,0.15779,-0.0785,0.0683,-0.0036,0.1564,-0.099,-0.0881,0.0954,1.4467,1.2,0.2467
2025-08-24,2025/2026,Crystal Palace,Nottingham Forest,1,1,1.10188,1.32987,6.949,7.029,-0.08,-0.522,0.88337,0.57868,0.30469,0.0805,0.3291,-0.0398,0.0033,-0.1224,0.3258,0.0826,1.947,1.0541,0.893
2025-08-25,2025/2026,Newcastle United,Liverpool,2,3,1.96342,0.646559,7.035,7.181,-0.146,-0.9567,1.55957,1.0331,0.52647,0.3205,0.4018,0.0452,0.511,0.0318,-0.1092,0.0135,1.7804,1.6214,0.159
2025-08-30,2025/2026,Wolverhampton Wanderers,Everton,2,3,0.943257,2.03791,6.864,7.036,-0.172,-1.1237,0.26305,0.5829,-0.31985,-0.5953,-0.1062,-0.0885,-0.0079,0.0165,-0.0983,-0.105,1.0844,1.1065,-0.0221
2025-08-30,2025/2026,Chelsea,Fulham,2,0,2.4324,0.736228,7.074,6.904,0.17,1.1054,1.15246,0.49449,0.65797,0.4627,0.292,-0.0131,0.078,-0.013,0.214,-0.0001,1.7325,1.0734,0.6591
2025-08-30,2025/2026,Tottenham Hotspur,Bournemouth,0,1,0.17067,2.1201,7.033,6.862,0.171,1.1095,0.37742,0.40154,-0.02412,-0.2753,0.1338,-0.2288,0.2458,-0.0195,-0.112,-0.2093,1.4888,1.5751,-0.0863
2025-08-30,2025/2026,Sunderland,Brentford,2,1,1.57127,1.44604,6.752,6.96,-0.207,-1.3542,-0.9161,0.60384,-1.51994,-1.8939,-0.2664,-0.2669,0.2887,-0.0842,-0.5551,-0.1827,1.0175,1.7869,-0.7693
2025-08-30,2025/2026,Manchester United,Burnley,3,2,4.02237,1.32618,7.122,6.803,0.319,2.0723,0.51375,-0.20896,0.7227,0.5328,0.1678,-0.1041,-0.0752,-0.3557,0.243,0.2516,2.1941,0.991,1.2031
2025-08-30,2025/2026,Leeds United,Newcastle United,0,0,0.6773,0.303635,6.585,6.986,-0.401,-2.6137,-0.38682,0.75395,-1.14077,-1.4836,0.0503,-0.317,0.4059,0.0794,-0.3556,-0.3964,1.1588,2.1614,-1.0026
2025-08-31,2025/2026,Nottingham Forest,West Ham United,0,3,0.716018,2.236,6.994,6.881,0.113,0.729,0.79875,-0.17333,0.97208,0.8026,0.0127,-0.0879,-0.1019,-0.2026,0.1145,0.1148,1.573,0.973,0.6
2025-08-31,2025/2026,Brighton & Hove Albion,Manchester City,2,1,2.20864,2.13418,6.896,7.135,-0.24,-1.5632,0.66475,1.27074,-0.60599,-0.905,0.3014,-0.1278,0.2737,0.0251,0.0278,-0.1529,1.6032,1.5374,0.0658
2025-08-31,2025/2026,Liverpool,Arsenal,1,0,0.481404,0.485679,7.142,7.124,0.018,0.1119,1.60203,1.30959,0.29244,0.0672,0.4728,0.0234,0.2739,0.1592,0.1989,-0.1358,1.716,1.2821,0.4339
2025-08-31,2025/2026,Aston Villa,Crystal Palace,0,3,1.20586,2.59713,6.961,6.95,0.011,0.0652,1.03656,0.75314,0.28342,0.0575,0.1643,-0.012,0.2843,-0.0457,-0.12,0.0337,1.5458,1.3433,0.2025
2025-09-13,2025/2026,Brentford,Chelsea,2,2,1.17533,0.755999,6.965,7.012,-0.047,-0.3079,0.62133,0.9221,-0.30077,-0.5747,0.2753,-0.0963,0.3167,-0.0046,-0.0414,-0.0917,1.6464,1.52,0.1264
2025-09-13,2025/2026,Fulham,Leeds United,1,0,1.13979,0.830398,6.909,6.803,0.106,0.6847,0.22718,-0.44616,0.67334,0.4794,0.0639,-0.0391,0.0242,-0.2483,0.0397,0.2092,1.7316,1.0521,0.6795
2025-09-13,2025/2026,Everton,Aston Villa,0,0,1.8927,0.354327,7.007,6.953,0.054,0.3466,0.88064,0.399,0.48164,0.2719,0.0218,0.02,0.1489,-0.0475,-0.127,0.0675,1.3499,1.1304,0.2195
2025-09-13,2025/2026,West Ham United,Tottenham Hotspur,0,3,0.793248,1.51402,6.91,7.015,-0.105,-0.6895,0.08246,-0.05267,0.13513,-0.103,-0.054,-0.1733,0.0795,-0.2428,-0.1335,0.0695,1.4926,1.304,0.1886
2025-09-13,2025/2026,Bournemouth,Brighton & Hove Albion,2,1,1.44187,0.624923,6.938,6.954,-0.016,-0.1109,0.70894,0.77602,-0.06708,-0.3218,0.2659,0.0231,0.3297,-0.1467,-0.0639,0.1698,1.8868,1.3616,0.5252
2025-09-13,2025/2026,Crystal Palace,Sunderland,0,0,1.75805,0.354129,6.958,6.883,0.075,0.4843,0.941,-1.09675,2.03775,1.9558,0.3279,-0.0344,-0.2313,-0.2524,0.5592,0.2181,2.2559,0.814,1.4419
2025-09-13,2025/2026,Newcastle United,Wolverhampton Wanderers,1,0,1.19186,0.375942,7.024,6.891,0.133,0.8644,1.39134,0.00861,1.38273,1.247,0.3389,0.0913,-0.1115,-0.1097,0.4503,0.201,1.9912,0.8037,1.1875
2025-09-13,2025/2026,Arsenal,Nottingham Forest,3,0,2.8817,0.293681,7.087,6.969,0.118,0.7637,1.43776,0.51606,0.9217,0.7481,0.2455,0.2152,-0.0237,-0.1149,0.2692,0.3301,1.8198,0.7766,1.0433
2025-09-14,2025/2026,Burnley,Liverpool,0,1,0.168041,2.79492,6.771,7.127,-0.356,-2.324,-0.47994,1.18608,-1.66602,-2.052,-0.0613,-0.4177,0.424,0.0495,-0.4852,-0.4671,1.0736,2.421,-1.3473
2025-09-14,2025/2026,Manchester City,Manchester United,3,0,1.99725,1.51915,7.243,7.022,0.221,1.4367,1.52465,0.20155,1.3231,1.1825,0.2894,0.0014,0.2614,-0.1104,0.0279,0.1118,1.9163,1.2634,0.653
2025-09-20,2025/2026,Brighton & Hove Albion,Tottenham Hotspur,2,2,1.40466,1.19181,6.951,7.026,-0.075,-0.4921,0.71476,0.08765,0.6271,0.4293,0.2999,-0.1283,0.0862,-0.2212,0.2137,0.0929,2.0884,1.2504,0.8379
2025-09-20,2025/2026,Manchester United,Chelsea,2,1,1.34458,0.469843,7.02,7.147,-0.127,-0.8329,0.4739,0.88529,-0.41138,-0.6944,0.2709,-0.1125,0.2864,0.0125,-0.0155,-0.125,1.596,1.5131,0.0829
2025-09-20,2025/2026,Wolverhampton Wanderers,Leeds United,1,3,1.5661,0.456988,6.801,6.734,0.067,0.433,0.22523,-0.48552,0.71075,0.5199,-0.1258,-0.0777,0.0149,-0.2288,-0.1407,0.151,1.3983,1.0884,0.3099
2025-09-20,2025/2026,West Ham United,Crystal Palace,1,2,0.466365,2.33565,6.902,6.883,0.02,0.1236,-0.05786,0.81478,-0.87264,-1.1935,-0.0887,-0.1777,0.3055,-0.0257,-0.3942,-0.152,1.1776,1.6175,-0.4399
2025-09-20,2025/2026,Burnley,Nottingham Forest,1,1,1.14159,0.830779,6.737,6.958,-0.222,-1.4459,-0.41332,0.39422,-0.80754,-1.123,-0.1066,-0.4284,-0.0377,-0.1541,-0.0689,-0.2743,1.2782,1.5178,-0.2396
2025-09-20,2025/2026,Fulham,Brentford,3,1,1.52431,0.826556,6.909,6.973,-0.064,-0.4186,0.26653,0.49759,-0.23106,-0.4993,0.0343,-0.0334,0.2512,-0.0696,-0.2169,0.0362,1.378,1.3395,0.0385
2025-09-20,2025/2026,Liverpool,Everton,2,1,1.06166,0.721371,7.156,7.035,0.121,0.7846,1.62696,0.61508,1.01188,0.8457,0.432,0.0743,0.0442,0.0408,0.3878,0.0335,1.8773,0.9565,0.9208
2025-09-21,2025/2026,Arsenal,Manchester City,1,1,0.718575,1.1227,7.119,7.258,-0.139,-0.911,1.55959,1.23574,0.32385,0.1012,0.2842,0.2242,0.2897,-0.0067,-0.0055,0.2309,1.6463,1.0857,0.5607
2025-09-21,2025/2026,Sunderland,Aston Villa,1,1,0.938312,0.939354,6.96,6.899,0.061,0.391,-0.7047,0.45208,-1.15678,-1.501,-0.2509,-0.2298,0.1213,-0.0626,-0.3722,-0.1672,1.0441,1.4106,-0.3664
2025-09-21,2025/2026,Bournemouth,Newcastle United,0,0,0.55066,0.153629,6.908,7.037,-0.128,-0.8383,0.79785,0.63199,0.16586,-0.0698,0.2422,0.0449,0.3072,0.0987,-0.0651,-0.0537,1.4226,1.32,0.1026
2025-09-27,2025/2026,Tottenham Hotspur,Wolverhampton Wanderers,1,1,0.818711,1.15951,7.015,6.882,0.134,0.8658,0.4291,-0.03616,0.46526,0.2542,0.0833,-0.1944,-0.117,-0.0625,0.2003,-0.1319,1.471,1.0634,0.4076
2025-09-27,2025/2026,Crystal Palace,Liverpool,2,1,3.53323,3.10176,6.936,7.099,-0.162,-1.0608,0.83173,1.11828,-0.28655,-0.5593,0.328,-0.0066,0.4006,0.0797,-0.0726,-0.0863,1.5733,1.5321,0.0413
2025-09-27,2025/2026,Manchester City,Burnley,5,1,3.22133,0.509491,7.205,6.734,0.471,3.0635,1.66212,-0.14868,1.8108,1.7102,0.2882,0.0296,-0.1129,-0.4066,0.4011,0.4362,2.6519,0.8199,1.832
2025-09-27,2025/2026,Leeds United,Bournemouth,2,2,2.04728,1.06033,6.813,6.927,-0.114,-0.7469,-0.23147,0.53058,-0.76205,-1.0738,-0.0123,-0.231,0.2066,0.079,-0.2189,-0.31,1.1268,1.5703,-0.4436
2025-09-27,2025/2026,Brentford,Manchester United,3,1,2.78726,2.23609,6.924,7.001,-0.077,-0.506,0.57468,0.1587,0.41598,0.2009,0.232,-0.0735,0.2555,-0.0791,-0.0235,0.0056,1.6925,1.4025,0.29
2025-09-27,2025/2026,Chelsea,Brighton & Hove Albion,1,3,2.02653,2.4751,6.989,6.926,0.063,0.4049,1.15969,0.64446,0.51522,0.3083,0.2473,0.0211,0.262,-0.1255,-0.0147,0.1466,1.8305,1.263,0.5675
2025-09-27,2025/2026,Nottingham Forest,Sunderland,0,1,1.4203,1.94154,6.856,6.939,-0.083,-0.5451,0.51749,-0.91392,1.43141,1.2997,-0.0639,-0.149,-0.2545,-0.2145,0.1906,0.0655,1.4404,0.9089,0.5315
2025-09-28,2025/2026,Aston Villa,Fulham,3,1,1.36575,0.952612,6.913,6.874,0.039,0.2512,0.86776,0.50386,0.3639,0.1445,0.1046,-0.0596,0.0409,-0.0174,0.0637,-0.0423,1.4203,1.1007,0.3196
2025-09-28,2025/2026,Newcastle United,Arsenal,1,2,0.739851,2.07048,7.013,7.157,-0.145,-0.947,1.36148,1.29542,0.06606,-0.1777,0.2686,0.1264,0.2432,0.2211,0.0254,-0.0947,1.2897,1.1435,0.1462
2025-09-29,2025/2026,Everton,West Ham United,1,1,0.909703,0.775766,7.027,6.872,0.155,1.0064,0.82875,-0.12877,0.95751,0.7869,0.0351,0.0743,-0.1198,-0.2004,0.1549,0.2746,1.6133,0.8086,0.8047
2025-10-03,2025/2026,Bournemouth,Fulham,3,1,1.33458,0.84335,6.907,6.852,0.055,0.3531,0.72723,0.39367,0.33357,0.1117,0.1874,0.0548,0.0351,-0.0155,0.1524,0.0702,1.5429,0.9742,0.5688
2025-10-04,2025/2026,Manchester United,Sunderland,2,0,1.9298,0.807119,7.072,7.03,0.042,0.2726,0.50435,-0.78475,1.2891,1.1457,0.288,-0.1155,-0.2042,-0.2121,0.4922,0.0966,2.0739,0.9106,1.1633
2025-10-04,2025/2026,Arsenal,West Ham United,2,0,3.0585,0.864549,7.092,6.868,0.225,1.4579,1.57975,-0.04517,1.62492,1.5091,0.2676,0.239,-0.1198,-0.1755,0.3873,0.4145,2.0018,0.6801,1.3217
2025-10-04,2025/2026,Leeds United,Tottenham Hotspur,1,2,1.48051,0.688198,6.808,6.999,-0.191,-1.2451,-0.15873,0.11714,-0.27587,-0.5477,0.0318,-0.2143,0.0568,-0.1947,-0.0251,-0.0196,1.5342,1.3417,0.1924
2025-10-04,2025/2026,Chelsea,Liverpool,2,1,1.23721,2.05981,7.062,7.152,-0.089,-0.5859,1.02898,1.02006,0.00891,-0.2396,0.2538,-0.0138,0.4449,0.0018,-0.1912,-0.0156,1.5929,1.5992,-0.0063
2025-10-05,2025/2026,Newcastle United,Nottingham Forest,2,0,3.81662,0.337689,7.038,6.924,0.114,0.7411,1.27262,0.23267,1.03995,0.8761,0.2472,0.1,-0.0642,-0.1692,0.3114,0.2692,1.9238,0.8371,1.0867
2025-10-05,2025/2026,Everton,Crystal Palace,2,1,2.13876,2.17789,6.975,6.959,0.015,0.0961,0.74515,0.89769,-0.15254,-0.4143,0.004,0.0743,0.4125,-0.0598,-0.4085,0.134,1.3363,1.4,-0.0637
2025-10-05,2025/2026,Aston Villa,Burnley,2,1,1.73572,0.502292,6.89,6.692,0.199,1.2901,0.97796,-0.27298,1.25094,1.1044,0.1015,-0.0554,-0.1243,-0.4256,0.2258,0.3702,2.1707,0.9117,1.2591
2025-10-05,2025/2026,Wolverhampton Wanderers,Brighton & Hove Albion,1,1,0.369404,1.39158,6.838,6.951,-0.113,-0.7401,0.12566,0.77517,-0.64951,-0.952,-0.112,-0.042,0.3045,-0.1318,-0.4165,0.0898,1.2592,1.4333,-0.1741
2025-10-05,2025/2026,Brentford,Manchester City,0,1,0.693758,1.09647,6.937,7.183,-0.246,-1.6048,0.68327,1.35769,-0.67442,-0.979,0.2785,-0.0991,0.3068,0.0359,-0.0282,-0.135,1.549,1.5454,0.0036
2025-10-18,2025/2026,Crystal Palace,Bournemouth,3,3,4.56284,2.0471,6.971,6.92,0.051,0.3293,0.86812,0.53192,0.33621,0.1146,0.4363,-0.083,0.1777,0.0573,0.2587,-0.1403,1.8393,1.29,0.5493
2025-10-18,2025/2026,Fulham,Arsenal,0,1,0.502332,2.07823,6.877,7.075,-0.198,-1.295,0.24419,1.41355,-1.16937,-1.5146,0.0303,-0.0081,0.3039,0.2332,-0.2736,-0.2414,0.9977,1.399,-0.4013
2025-10-18,2025/2026,Burnley,Leeds United,2,0,0.509647,2.33152,6.832,6.766,0.066,0.4232,-0.39962,-0.34989,-0.04973,-0.303,-0.1396,-0.4073,0.0283,-0.1958,-0.1679,-0.2115,1.3342,1.534,-0.1998
2025-10-18,2025/2026,Manchester City,Everton,2,0,2.4799,0.794622,7.173,6.983,0.191,1.2365,1.81258,0.62293,1.18965,1.0381,0.2908,0.0673,0.0401,0.0482,0.2507,0.0191,1.6317,0.9514,0.6803
2025-10-18,2025/2026,Brighton & Hove Albion,Newcastle United,2,1,0.857104,1.28313,6.926,7.057,-0.132,-0.862,0.69424,0.65069,0.04355,-0.2021,0.3004,-0.1065,0.3197,0.1095,-0.0193,-0.2161,1.491,1.5559,-0.0649
2025-10-18,2025/2026,Nottingham Forest,Chelsea,0,3,2.0555,2.5583,6.971,6.983,-0.012,-0.0808,0.33251,0.75215,-0.41964,-0.7033,-0.0798,-0.2435,0.2361,-0.0299,-0.3159,-0.2136,1.1889,1.6179,-0.429
2025-10-18,2025/2026,Sunderland,Wolverhampton Wanderers,2,0,1.02481,0.676323,7.045,6.865,0.18,1.1654,-0.57205,0.05925,-0.6313,-0.9323,-0.2073,-0.2048,-0.1572,-0.0403,-0.0501,-0.1645,1.0818,1.0266,0.0553
2025-10-19,2025/2026,Tottenham Hotspur,Aston Villa,1,2,1.51461,0.352231,6.954,6.932,0.023,0.1449,0.42429,0.41151,0.01278,-0.2354,0.0336,-0.1914,0.081,-0.0461,-0.0474,-0.1453,1.359,1.3097,0.0493
2025-10-19,2025/2026,Liverpool,Manchester United,1,2,2.60972,2.53117,7.162,7.254,-0.092,-0.6035,1.50286,0.09647,1.40639,1.2726,0.4571,0.0156,0.2788,-0.1125,0.1783,0.1281,2.1877,1.3155,0.8722
2025-10-20,2025/2026,West Ham United,Brentford,0,2,0.260251,3.46635,6.913,6.948,-0.035,-0.2325,-0.04884,0.41863,-0.46747,-0.7551,-0.113,-0.2149,0.2342,-0.0828,-0.3473,-0.1321,1.2091,1.5736,-0.3646
2025-10-24,2025/2026,Leeds United,West Ham United,2,1,2.2214,0.498653,6.7,6.874,-0.174,-1.1355,-0.30991,-0.16038,-0.14953,-0.411,0.0683,-0.1729,-0.157,-0.2732,0.2254,0.1003,1.7247,1.0374,0.6874
2025-10-25,2025/2026,Manchester United,Brighton & Hove Albion,4,2,1.96231,0.947154,7.136,6.922,0.214,1.3877,0.6597,0.76535,-0.10565,-0.3635,0.3282,-0.1291,0.27,-0.0966,0.0581,-0.0325,1.963,1.4532,0.5099
2025-10-25,2025/2026,Brentford,Liverpool,3,2,3.27126,2.11838,6.965,7.061,-0.096,-0.6285,0.71532,0.84899,-0.13367,-0.3939,0.3037,-0.056,0.4703,-0.0242,-0.1666,-0.0319,1.7171,1.7122,0.0049
2025-10-25,2025/2026,Newcastle United,Fulham,2,1,2.76806,1.52001,7.033,6.928,0.106,0.684,1.30065,0.29759,1.00306,0.8362,0.307,0.1308,0.009,-0.0296,0.2979,0.1604,1.7743,0.8743,0.9
2025-10-25,2025/2026,Chelsea,Sunderland,1,2,1.21332,1.5506,7.086,7.017,0.069,0.4455,1.20216,-0.76581,1.96797,1.8803,0.2701,-0.0531,-0.2084,-0.1955,0.4785,0.1424,2.0099,0.8492,1.1607
2025-10-26,2025/2026,Bournemouth,Nottingham Forest,2,0,0.656601,0.305493,7.058,6.928,0.13,0.8438,0.86519,0.06104,0.80415,0.6209,0.2036,-0.0511,-0.0413,-0.2736,0.2449,0.2225,2.0482,0.9943,1.0539
2025-10-26,2025/2026,Arsenal,Crystal Palace,1,0,0.856175,0.350534,7.07,6.969,0.102,0.6578,1.60863,0.77811,0.83051,0.6494,0.32,0.2455,0.5551,-0.1045,-0.2351,0.35,1.9364,1.3465,0.5898
2025-10-26,2025/2026,Aston Villa,Manchester City,1,0,0.843906,1.36914,6.965,7.176,-0.211,-1.3767,1.00384,1.44734,-0.44351,-0.7291,0.0462,-0.0506,0.3153,0.0705,-0.2691,-0.1211,1.191,1.4786,-0.2876
2025-10-26,2025/2026,Wolverhampton Wanderers,Burnley,2,3,2.58132,1.54544,6.823,6.768,0.054,0.3504,0.10268,-0.16052,0.2632,0.0356,-0.1681,-0.0386,-0.1784,-0.4243,0.0102,0.3856,1.6272,0.864,0.7632
2025-10-26,2025/2026,Everton,Tottenham Hotspur,0,3,1.4032,2.09327,7.019,6.964,0.055,0.3565,0.78748,0.12997,0.6575,0.4622,0.0338,0.0165,0.0397,-0.1645,-0.0059,0.181,1.536,1.0168,0.5191
2025-11-01,2025/2026,Fulham,Wolverhampton Wanderers,3,0,1.91207,0.209934,6.895,6.83,0.065,0.4188,0.26703,-0.13835,0.40539,0.1894,0.0317,-0.0671,-0.1147,-0.0519,0.1464,-0.0153,1.3711,0.9463,0.4248
2025-11-01,2025/2026,Liverpool,Aston Villa,2,0,1.47021,0.43502,7.104,6.924,0.181,1.1727,1.3129,0.56716,0.74574,0.5577,0.4808,-0.086,0.0322,-0.0465,0.4485,-0.0395,2.1663,1.1015,1.0648
2025-11-01,2025/2026,Crystal Palace,Brentford,2,0,0.734558,0.820498,6.939,6.967,-0.028,-0.1859,0.81281,0.58685,0.22596,-0.0047,0.5107,-0.0603,0.3758,-0.0707,0.1349,0.0105,2.2308,1.5519,0.6789
2025-11-01,2025/2026,Brighton & Hove Albion,Leeds United,3,0,2.64127,0.35919,6.909,6.734,0.175,1.1345,0.69615,-0.40934,1.10548,0.947,0.2467,-0.0957,0.0974,-0.16,0.1493,0.0643,1.919,1.1881,0.7309
2025-11-01,2025/2026,Burnley,Arsenal,0,2,0.679177,2.51649,6.803,7.06,-0.257,-1.675,-0.21358,1.40605,-1.61963,-2.0018,-0.1545,-0.4468,0.2715,0.2809,-0.426,-0.7277,0.7853,2.1148,-1.3295
2025-11-01,2025/2026,Tottenham Hotspur,Chelsea,0,1,0.146954,3.34251,6.934,7.077,-0.144,-0.9391,0.43567,0.79201,-0.35635,-0.6348,0.0759,-0.159,0.2385,-0.0668,-0.1625,-0.0922,1.4189,1.5139,-0.095
2025-11-01,2025/2026,Nottingham Forest,Manchester United,2,2,1.55066,0.91622,6.907,7.116,-0.209,-1.3666,0.13761,0.30681,-0.1692,-0.4323,-0.0674,-0.2156,0.3253,-0.113,-0.3927,-0.1026,1.2775,1.7611,-0.4836
2025-11-02,2025/2026,West Ham United,Newcastle United,3,1,1.41383,0.523615,6.891,6.988,-0.098,-0.6391,-0.21753,0.56685,-0.78437,-1.098,-0.174,-0.2875,0.3417,0.1155,-0.5157,-0.403,0.926,1.8982,-0.9721
2025-11-02,2025/2026,Manchester City,Bournemouth,3,1,2.48999,0.899846,7.223,7.002,0.221,1.4354,1.81887,0.63524,1.18364,1.0316,0.3091,0.0804,0.1391,-0.0346,0.1701,0.1149,1.8118,1.0329,0.7789
2025-11-03,2025/2026,Sunderland,Everton,1,1,1.18068,1.00741,6.993,6.977,0.016,0.1023,-0.34731,0.44962,-0.79693,-1.1116,-0.1731,-0.1637,0.0275,-0.0099,-0.2006,-0.1539,1.065,1.2085,-0.1435
2025-11-08,2025/2026,Tottenham Hotspur,Manchester United,2,2,1.35532,0.820256,6.942,7.145,-0.203,-1.3282,0.37055,0.28428,0.08627,-0.1559,0.0139,-0.2135,0.2876,-0.1193,-0.2737,-0.0942,1.3955,1.6911,-0.2956
2025-11-08,2025/2026,Everton,Fulham,2,0,2.30607,0.424478,6.925,6.93,-0.005,-0.0384,0.59103,0.38612,0.2049,-0.0275,0.0203,-0.0127,0.0557,-0.0504,-0.0354,0.0376,1.3422,1.0716,0.2706
2025-11-08,2025/2026,Chelsea,Wolverhampton Wanderers,3,0,3.98342,0.111462,7.04,6.811,0.229,1.4852,1.10757,-0.27046,1.37803,1.2419,0.2995,-0.0248,-0.1398,-0.0679,0.4393,0.0432,1.8571,0.8675,0.9896
2025-11-08,2025/2026,Sunderland,Arsenal,2,2,1.20495,2.32943,6.984,7.115,-0.131,-0.8566,-0.27249,1.45044,-1.72293,-2.1136,-0.1655,-0.1573,0.2828,0.2809,-0.4483,-0.4382,0.7884,1.5775,-0.7891
2025-11-08,2025/2026,West Ham United,Burnley,3,2,2.96728,1.87478,6.886,6.789,0.097,0.6297,-0.08229,-0.09281,0.01053,-0.2378,-0.1529,-0.2349,-0.1574,-0.4567,0.0045,0.2218,1.7154,1.0682,0.6472
2025-11-09,2025/2026,Crystal Palace,Brighton & Hove Albion,0,0,0.839547,0.637037,6.959,6.95,0.009,0.0527,0.92699,0.72115,0.20584,-0.0265,0.4264,-0.0355,0.2749,-0.0737,0.1515,0.0382,2.0657,1.3627,0.703
2025-11-09,2025/2026,Nottingham Forest,Leeds United,3,1,2.49097,0.419461,6.858,6.691,0.166,1.0797,0.16013,-0.52672,0.68685,0.494,-0.0536,-0.1842,0.0587,-0.1846,-0.1123,0.0004,1.4552,1.25,0.2052
2025-11-09,2025/2026,Brentford,Newcastle United,3,1,2.73729,0.432277,6.936,7.019,-0.084,-0.5503,0.73111,0.43161,0.2995,0.0749,0.3425,-0.0055,0.2862,0.103,0.0563,-0.1085,1.5741,1.3523,0.2218
2025-11-09,2025/2026,Manchester City,Liverpool,3,0,1.59542,1.0281,7.2,7.036,0.164,1.0621,1.89482,0.82171,1.07311,0.912,0.3304,0.0832,0.4483,-0.0671,-0.1179,0.1503,1.8988,1.4129,0.486
2025-11-09,2025/2026,Aston Villa,Bournemouth,4,0,1.88282,2.00992,6.965,6.917,0.048,0.3102,1.04318,0.55928,0.48389,0.2744,0.0075,-0.0154,0.1333,-0.0608,-0.1258,0.0455,1.3476,1.1537,0.1939
2025-11-22,2025/2026,Bournemouth,West Ham United,2,2,3.48299,0.390782,6.941,6.875,0.066,0.4249,0.81244,-0.10602,0.91847,0.7446,0.1618,-0.0765,-0.0785,-0.2508,0.2403,0.1744,1.9055,0.9902,0.9153
2025-11-22,2025/2026,Burnley,Chelsea,0,2,0.660943,1.72093,6.795,6.98,-0.185,-1.2057,-0.31477,0.93031,-1.24508,-1.5965,-0.1233,-0.4886,0.3731,-0.0085,-0.4964,-0.4801,1.0915,2.4201,-1.3287
2025-11-22,2025/2026,Newcastle United,Manchester City,2,1,2.40555,2.45648,7.003,7.193,-0.19,-1.2434,1.1353,1.47282,-0.33752,-0.6144,0.252,0.0583,0.3161,0.0961,-0.0641,-0.0378,1.4296,1.3239,0.1058
2025-11-22,2025/2026,Liverpool,Nottingham Forest,0,3,1.79273,1.19459,7.138,6.854,0.284,1.8467,1.33104,0.04765,1.28339,1.1395,0.4295,-0.0536,-0.0086,-0.1608,0.4381,0.1072,2.3361,1.0113,1.3248
2025-11-22,2025/2026,Fulham,Sunderland,1,0,2.83729,0.222768,6.871,6.933,-0.062,-0.4054,0.32264,-0.50276,0.8254,0.6439,0.031,-0.0792,-0.145,-0.1799,0.1759,0.1007,1.5339,0.9434,0.5905
2025-11-22,2025/2026,Brighton & Hove Albion,Brentford,2,1,0.977488,2.19979,6.948,6.969,-0.02,-0.1369,0.83136,0.5474,0.28396,0.058,0.245,-0.024,0.3889,0.0212,-0.1438,-0.0452,1.5616,1.515,0.0466
2025-11-22,2025/2026,Wolverhampton Wanderers,Crystal Palace,0,2,1.66409,1.44933,6.781,6.953,-0.171,-1.1191,-0.15587,0.81385,-0.96972,-1.2985,-0.1681,-0.1504,0.3632,-0.0136,-0.5312,-0.1368,1.0506,1.7058,-0.6552
2025-11-23,2025/2026,Leeds United,Aston Villa,1,2,1.84668,1.35978,6.769,6.98,-0.211,-1.3743,-0.36173,0.56689,-0.92861,-1.2541,0.0202,-0.2126,0.0278,-0.0374,-0.0075,-0.1752,1.2928,1.3041,-0.0114
2025-11-23,2025/2026,Arsenal,Tottenham Hotspur,4,1,2.27827,0.0300672,7.089,6.968,0.121,0.7828,1.58561,0.22503,1.36059,1.223,0.3009,0.2688,0.012,-0.1826,0.2889,0.4514,2.0589,0.7625,1.2964
2025-11-24,2025/2026,Manchester United,Everton,0,1,2.2737,0.155063,7.042,6.942,0.1,0.6476,0.77524,0.4513,0.32394,0.1013,0.2492,-0.1171,0.0624,0.0044,0.1868,-0.1215,1.6177,1.1825,0.4352
2025-11-29,2025/2026,Tottenham Hotspur,Fulham,1,2,1.04396,0.494736,6.903,6.901,0.003,0.0131,0.28487,0.2868,-0.00194,-0.2513,-0.0099,-0.1894,0.0932,-0.0624,-0.1031,-0.127,1.3193,1.3262,-0.0069
2025-11-29,2025/2026,Manchester City,Leeds United,3,2,2.85292,1.75142,7.192,6.736,0.456,2.9632,1.94626,-0.63274,2.579,2.5414,0.3467,0.0609,0.0487,-0.2122,0.298,0.2732,2.3106,0.9357,1.3749
2025-11-29,2025/2026,Sunderland,Bournemouth,3,2,1.16955,1.79274,6.92,6.838,0.082,0.5274,-0.17518,0.35989,-0.53507,-0.8282,-0.1759,-0.2182,0.2309,-0.0619,-0.4068,-0.1563,1.1275,1.5519,-0.4244
2025-11-29,2025/2026,Everton,Newcastle United,1,4,1.01125,2.45882,6.922,6.956,-0.034,-0.2252,0.77222,0.38628,0.38594,0.1684,0.0198,-0.0203,0.291,0.0211,-0.2711,-0.0414,1.2448,1.3708,-0.126
2025-11-29,2025/2026,Brentford,Burnley,3,1,3.72106,0.874025,6.957,6.787,0.169,1.0993,0.79662,-0.22621,1.02283,0.8576,0.4137,0.0401,-0.1445,-0.4582,0.5583,0.4983,3.0538,0.8149,2.239
2025-11-30,2025/2026,Aston Villa,Wolverhampton Wanderers,1,0,1.15486,0.692588,6.982,6.789,0.193,1.2529,1.19496,-0.43835,1.63331,1.5181,0.0292,-0.053,-0.1377,-0.1399,0.167,0.0869,1.5165,0.8979,0.6186
2025-11-30,2025/2026,Nottingham Forest,Brighton & Hove Albion,0,2,0.960325,2.0572,6.86,6.931,-0.071,-0.4663,0.36105,0.79448,-0.43344,-0.7182,-0.0007,-0.1362,0.2179,-0.045,-0.2185,-0.0912,1.2971,1.4371,-0.1399
2025-11-30,2025/2026,Crystal Palace,Manchester United,1,2,2.13561,1.47768,6.967,7.064,-0.097,-0.6365,0.95837,0.23001,0.72836,0.5389,0.3516,-0.0281,0.2738,-0.0897,0.0778,0.0616,1.9232,1.3683,0.5549
2025-11-30,2025/2026,Chelsea,Arsenal,1,1,0.791914,1.22828,7.073,7.034,0.038,0.2466,1.26553,1.41122,-0.14569,-0.4069,0.3414,0.003,0.3069,0.2834,0.0345,-0.2803,1.3323,1.349,-0.0167
2025-11-30,2025/2026,West Ham United,Liverpool,0,2,0.364152,1.56793,6.862,7.047,-0.185,-1.2096,0.05729,0.60183,-0.54453,-0.8384,-0.1014,-0.3063,0.4049,-0.0577,-0.5062,-0.2486,1.1717,2.082,-0.9103
2025-12-02,2025/2026,Bournemouth,Everton,0,1,0.635415,1.19573,6.877,6.899,-0.021,-0.1423,0.65951,0.45529,0.20422,-0.0282,0.2382,-0.0624,0.0102,-0.0554,0.2281,-0.007,1.6743,1.0781,0.5962
2025-12-02,2025/2026,Fulham,Manchester City,4,5,0.972635,1.96225,6.925,7.191,-0.266,-1.7371,0.40287,1.30037,-0.89749,-1.2204,0.0564,-0.0534,0.3593,0.0407,-0.3029,-0.0941,1.2314,1.5597,-0.3283
2025-12-02,2025/2026,Newcastle United,Tottenham Hotspur,2,2,1.88558,1.05205,6.976,6.931,0.045,0.2899,1.33112,0.05765,1.27347,1.1288,0.329,0.028,-0.0218,-0.1658,0.3507,0.1938,2.0635,0.9464,1.1171
2025-12-03,2025/2026,Leeds United,Chelsea,3,1,2.2047,0.964018,6.715,6.966,-0.251,-1.6376,-0.2996,1.01574,-1.31534,-1.6725,0.0862,-0.2328,0.3199,0.0069,-0.2337,-0.2397,1.3147,1.7907,-0.476
2025-12-03,2025/2026,Burnley,Crystal Palace,0,1,1.16852,0.987797,6.77,6.964,-0.194,-1.2636,-0.44346,0.82576,-1.26922,-1.6226,-0.1411,-0.481,0.3578,-0.0312,-0.4989,-0.4498,1.0956,2.3679,-1.2723
2025-12-03,2025/2026,Wolverhampton Wanderers,Nottingham Forest,0,1,1.02461,1.12389,6.777,6.83,-0.053,-0.3509,-0.20011,0.12814,-0.32825,-0.6044,-0.1453,-0.127,-0.0171,-0.1528,-0.1281,0.0258,1.2529,1.1233,0.1296
2025-12-03,2025/2026,Brighton & Hove Albion,Aston Villa,3,4,1.96298,3.15745,6.969,6.826,0.143,0.9268,0.97327,0.53412,0.43916,0.226,0.2382,-0.0355,0.0168,-0.0482,0.2215,0.0127,1.6951,1.0359,0.6592
2025-12-03,2025/2026,Liverpool,Sunderland,1,1,1.37633,0.712662,7.074,6.937,0.137,0.8871,1.2481,-0.45456,1.70267,1.5932,0.3819,-0.0344,-0.1721,-0.2239,0.554,0.1895,2.3313,0.8573,1.474
2025-12-03,2025/2026,Arsenal,Brentford,2,0,2.63126,0.588716,7.029,6.896,0.133,0.8614,1.68278,0.53391,1.14886,0.9939,0.3003,0.3017,0.4461,0.0386,-0.1458,0.2631,1.6516,1.1373,0.5143
2025-12-04,2025/2026,Manchester United,West Ham United,1,1,2.27674,1.36584,7.142,6.846,0.296,1.9223,0.75087,-0.09403,0.8449,0.665,0.2757,-0.0971,-0.1393,-0.2837,0.415,0.1866,2.2681,0.9256,1.3425
2025-12-06,2025/2026,Manchester City,Sunderland,3,0,2.41605,0.626486,7.147,6.944,0.203,1.3182,1.84734,-0.3424,2.18974,2.1202,0.368,0.0484,-0.1774,-0.1816,0.5454,0.23,2.2213,0.7789,1.4424
2025-12-06,2025/2026,Everton,Nottingham Forest,3,0,1.25348,0.31234,6.939,6.846,0.093,0.6,0.692,0.19515,0.49685,0.2884,0.0143,-0.0158,-0.017,-0.1456,0.0313,0.1299,1.4849,0.9879,0.4969
2025-12-06,2025/2026,Tottenham Hotspur,Brentford,2,0,2.42388,0.470563,6.892,6.954,-0.062,-0.4065,0.26438,0.45599,-0.19161,-0.4566,-0.0177,-0.1576,0.4241,0.0037,-0.4418,-0.1614,1.2159,1.8025,-0.5866
2025-12-06,2025/2026,Aston Villa,Arsenal,2,1,2.71986,1.85965,6.969,7.098,-0.128,-0.8397,1.19977,1.44347,-0.24371,-0.5129,0.0902,-0.0577,0.3316,0.3172,-0.2414,-0.3749,0.9821,1.4988,-0.5167
2025-12-06,2025/2026,Newcastle United,Burnley,2,1,1.80708,1.58375,6.97,6.83,0.139,0.9017,1.23342,-0.2884,1.52181,1.3975,0.3184,0.0252,-0.136,-0.4296,0.4544,0.4548,2.6882,0.8372,1.851
2025-12-06,2025/2026,Bournemouth,Chelsea,0,0,1.41931,0.672602,6.861,7.097,-0.237,-1.5441,0.5646,0.87311,-0.30851,-0.5831,0.1895,-0.065,0.2912,-0.0212,-0.1017,-0.0438,1.5018,1.4687,0.0331
2025-12-06,2025/2026,Leeds United,Liverpool,3,3,1.79333,2.04805,6.778,7.01,-0.232,-1.5119,-0.15696,0.63143,-0.78839,-1.1023,0.1356,-0.2029,0.344,-0.031,-0.2085,-0.172,1.4379,1.7765,-0.3386
2025-12-07,2025/2026,Brighton & Hove Albion,West Ham United,1,1,2.10077,1.7064,6.936,6.869,0.067,0.4334,0.86945,-0.01645,0.88591,0.7094,0.2476,-0.0837,-0.1206,-0.2816,0.3682,0.1979,2.1414,0.9561,1.1853
2025-12-07,2025/2026,Fulham,Crystal Palace,1,2,0.766771,1.71109,6.969,6.944,0.025,0.1569,0.3886,0.79216,-0.40357,-0.6859,0.0427,-0.0673,0.3011,-0.0328,-0.2584,-0.0346,1.3535,1.4413,-0.0878
2025-12-08,2025/2026,Wolverhampton Wanderers,Manchester United,1,4,0.262147,4.04708,6.791,7.159,-0.368,-2.3975,-0.26712,0.29119,-0.55831,-0.8534,-0.1555,-0.1259,0.2737,-0.1053,-0.4292,-0.0206,1.1391,1.5582,-0.4192
2025-12-13,2025/2026,Chelsea,Everton,2,0,2.64457,1.34,7.124,6.968,0.156,1.013,1.16509,0.6372,0.5279,0.322,0.2632,-0.0181,0.0037,0.0004,0.2595,-0.0185,1.658,1.0032,0.6548
2025-12-13,2025/2026,Liverpool,Brighton & Hove Albion,2,0,2.4127,1.69004,7.003,6.929,0.074,0.4759,1.08639,0.78009,0.3063,0.0822,0.3495,-0.0429,0.2435,-0.0992,0.106,0.0563,1.9773,1.3201,0.6572
2025-12-13,2025/2026,Arsenal,Wolverhampton Wanderers,2,1,1.61796,0.61997,7.025,6.835,0.189,1.2283,1.69636,-0.50485,2.20121,2.1326,0.3412,0.2644,-0.199,-0.2087,0.5403,0.4732,2.2184,0.6151,1.6033
2025-12-13,2025/2026,Burnley,Fulham,2,3,2.05486,1.65053,6.742,6.957,-0.215,-1.4024,-0.37236,0.32169,-0.69405,-1.0002,-0.1044,-0.3941,0.0138,-0.0757,-0.1182,-0.3184,1.1852,1.5428,-0.3576
2025-12-14,2025/2026,West Ham United,Aston Villa,2,3,1.27701,0.595093,6.869,6.891,-0.022,-0.1498,0.05786,0.70228,-0.64442,-0.9465,-0.09,-0.2776,0.1498,-0.0692,-0.2397,-0.2084,1.2225,1.5375,-0.315
2025-12-14,2025/2026,Sunderland,Newcastle United,1,0,0.630045,0.169329,6.864,7.024,-0.16,-1.044,-0.04377,0.42713,-0.4709,-0.7588,-0.1829,-0.1876,0.2752,0.0087,-0.4581,-0.1963,1.0138,1.6192,-0.6054
2025-12-14,2025/2026,Brentford,Leeds United,1,1,0.697006,1.63409,6.922,6.748,0.174,1.1311,0.74636,-0.37967,1.12602,0.9692,0.3666,-0.0289,0.1545,-0.2103,0.2121,0.1814,2.2749,1.1766,1.0982
2025-12-14,2025/2026,Crystal Palace,Manchester City,0,3,1.30092,1.35317,6.938,7.143,-0.205,-1.3409,0.86427,1.36505,-0.50077,-0.7911,0.307,-0.0144,0.3714,0.0511,-0.0643,-0.0655,1.5773,1.5074,0.0699
2025-12-14,2025/2026,Nottingham Forest,Tottenham Hotspur,3,0,2.32658,0.380246,6.888,6.927,-0.039,-0.2568,0.21068,0.23826,-0.02758,-0.2791,-0.042,-0.1374,0.0352,-0.1111,-0.0772,-0.0263,1.3348,1.194,0.1408
2025-12-15,2025/2026,Manchester United,Bournemouth,4,4,3.21204,2.35196,7.118,6.872,0.246,1.5991,0.75953,0.21463,0.5449,0.3404,0.3502,-0.0822,0.184,-0.0369,0.1662,-0.0453,1.8979,1.2673,0.6306
2025-12-20,2025/2026,Everton,Arsenal,0,1,0.213273,1.84723,6.915,7.036,-0.121,-0.7903,0.75253,1.28376,-0.53124,-0.8241,0.0162,-0.0367,0.3173,0.262,-0.3011,-0.2987,0.9647,1.4455,-0.4808
2025-12-20,2025/2026,Tottenham Hotspur,Liverpool,1,2,1.34905,1.23164,6.905,7.037,-0.132,-0.861,0.29616,0.63172,-0.33555,-0.6123,0.0036,-0.1361,0.3643,-0.0545,-0.3607,-0.0817,1.3056,1.6757,-0.3701
2025-12-20,2025/2026,Wolverhampton Wanderers,Brentford,0,2,1.26823,1.56309,6.806,6.892,-0.086,-0.5654,-0.33328,0.27059,-0.60388,-0.9027,-0.1972,-0.1813,0.2969,-0.0408,-0.4941,-0.1405,1.0593,1.63,-0.5707
2025-12-20,2025/2026,Leeds United,Crystal Palace,4,1,2.90786,1.53058,6.748,6.938,-0.19,-1.2414,-0.0216,0.76703,-0.78863,-1.1026,0.1743,-0.1469,0.2922,-0.009,-0.1179,-0.1378,1.4695,1.5869,-0.1174
2025-12-20,2025/2026,Newcastle United,Chelsea,2,2,2.87863,1.0261,7.031,7.12,-0.089,-0.5842,1.10722,0.90549,0.20173,-0.0309,0.2248,0.0187,0.2984,-0.0263,-0.0737,0.0449,1.5915,1.3371,0.2544
2025-12-20,2025/2026,Manchester City,West Ham United,3,0,3.58188,1.02143,7.156,6.877,0.279,1.8122,2.00989,0.03531,1.97458,1.8874,0.3634,0.0615,-0.0864,-0.2487,0.4498,0.3102,2.3859,0.8343,1.5516
2025-12-20,2025/2026,Brighton & Hove Albion,Sunderland,0,0,0.919272,1.31044,6.857,6.909,-0.052,-0.3402,0.71501,-0.34806,1.06307,0.9011,0.255,-0.1161,-0.2008,-0.1418,0.4558,0.0257,1.8495,0.9245,0.925
2025-12-20,2025/2026,Bournemouth,Burnley,1,1,1.81847,0.480528,6.871,6.647,0.224,1.4561,0.64086,-0.25702,0.89789,0.7224,0.2257,-0.0907,-0.056,-0.3933,0.2817,0.3026,2.3869,1.0081,1.3788
2025-12-21,2025/2026,Aston Villa,Manchester United,2,1,1.86917,1.30455,6.972,6.975,-0.003,-0.0252,1.32436,0.38187,0.94249,0.7706,0.1092,-0.0701,0.4015,-0.1124,-0.2923,0.0423,1.5613,1.6033,-0.0421
2025-12-22,2025/2026,Fulham,Nottingham Forest,1,0,1.70568,0.486296,6.917,6.96,-0.043,-0.2852,0.35167,0.15722,0.19444,-0.0388,0.0181,-0.0991,0.0063,-0.1156,0.0117,0.0165,1.423,1.117,0.306
2025-12-26,2025/2026,Manchester United,Newcastle United,1,0,0.940811,1.12998,6.995,7.025,-0.03,-0.1976,0.696,0.3047,0.39129,0.1742,0.3846,-0.1219,0.2734,0.0292,0.1112,-0.1511,1.7792,1.4902,0.289
2025-12-27,2025/2026,Arsenal,Brighton & Hove Albion,2,1,2.54318,0.710064,7.035,6.974,0.061,0.3921,1.63625,0.60904,1.02721,0.8623,0.3272,0.2815,0.2128,-0.1231,0.1144,0.4046,1.9774,0.9269,1.0506
2025-12-27,2025/2026,Chelsea,Aston Villa,1,2,1.97155,2.05918,7.14,6.958,0.182,1.1779,1.28756,0.7499,0.53766,0.3326,0.2852,-0.0742,0.1214,-0.0589,0.1639,-0.0153,1.8041,1.1901,0.6141
2025-12-27,2025/2026,West Ham United,Fulham,0,1,1.13719,1.11436,6.869,6.954,-0.084,-0.5536,-0.04221,0.40924,-0.45145,-0.7377,-0.0779,-0.2935,0.0311,-0.0814,-0.1089,-0.2121,1.2432,1.3975,-0.1543
2025-12-27,2025/2026,Brentford,Bournemouth,4,1,2.8513,2.56183,6.887,6.882,0.005,0.0283,0.72299,0.219,0.50399,0.2961,0.2921,-0.0456,0.1955,-0.0774,0.0966,0.0318,1.8118,1.272,0.5398
2025-12-27,2025/2026,Nottingham Forest,Manchester City,1,2,0.600141,1.46468,6.912,7.178,-0.266,-1.7371,0.29931,1.55343,-1.25412,-1.6063,-0.018,-0.123,0.4027,0.0569,-0.4207,-0.1799,1.1248,1.7463,-0.6214
2025-12-27,2025/2026,Liverpool,Wolverhampton Wanderers,2,1,1.56502,0.780664,6.968,6.79,0.178,1.153,1.24264,-0.47827,1.72091,1.6129,0.3462,-0.0554,-0.1857,-0.1775,0.5319,0.1221,2.158,0.8595,1.2985
2025-12-27,2025/2026,Burnley,Everton,0,0,1.24948,1.25204,6.731,6.906,-0.175,-1.1414,-0.35603,0.49757,-0.8536,-1.1729,-0.0797,-0.3707,-0.0127,-0.0497,-0.067,-0.321,1.1894,1.4606,-0.2712
2025-12-28,2025/2026,Crystal Palace,Tottenham Hotspur,0,1,0.929681,0.870768,6.906,6.865,0.041,0.2608,0.63523,0.05506,0.58017,0.3786,0.2879,-0.056,0.0057,-0.1204,0.2822,0.0645,1.8916,1.0585,0.8331
2025-12-28,2025/2026,Sunderland,Leeds United,1,1,0.805957,2.60653,6.884,6.777,0.108,0.6964,0.12028,-0.18947,0.30975,0.0859,-0.1817,-0.1094,0.2545,-0.1439,-0.4362,0.0345,1.2206,1.4207,-0.2001
2025-12-30,2025/2026,Manchester United,Wolverhampton Wanderers,1,1,1.13306,1.21784,6.958,6.704,0.254,1.6492,0.75868,-0.40808,1.16676,1.0133,0.3449,-0.109,-0.1875,-0.152,0.5324,0.043,2.12,0.897,1.223
2025-12-30,2025/2026,Arsenal,Aston Villa,4,1,4.41335,2.94195,7.034,6.958,0.076,0.4898,1.63225,0.85702,0.77523,0.5896,0.3476,0.2852,0.1558,-0.0648,0.1919,0.35,1.9074,0.8708,1.0367
2025-12-30,2025/2026,West Ham United,Brighton & Hove Albion,2,2,2.27644,3.08914,6.893,6.968,-0.075,-0.4916,-0.10051,0.61304,-0.71355,-1.0213,-0.0826,-0.2837,0.2045,-0.1447,-0.2871,-0.139,1.3197,1.6441,-0.3244
2025-12-30,2025/2026,Nottingham Forest,Everton,0,2,1.75445,1.69525,6.935,6.845,0.09,0.5841,0.33133,0.4195,-0.08817,-0.3446,-0.0445,-0.1118,-0.0209,-0.051,-0.0236,-0.0609,1.2732,1.0835,0.1896
2025-12-30,2025/2026,Chelsea,Bournemouth,2,2,2.33294,3.49142,7.06,6.876,0.183,1.189,1.18044,0.08864,1.0918,0.9322,0.2897,-0.0986,0.2397,-0.1178,0.05,0.0192,1.9225,1.3723,0.5501
2025-12-30,2025/2026,Burnley,Newcastle United,1,3,1.32551,2.49248,6.681,7.053,-0.373,-2.4296,-0.27797,0.24202,-0.51998,-0.8119,-0.0757,-0.3626,0.2575,0.0644,-0.3332,-0.427,1.0406,1.9437,-0.9031
2026-01-01,2025/2026,Sunderland,Manchester City,0,0,0.962141,2.44247,6.871,7.185,-0.315,-2.0522,0.08258,1.52141,-1.43883,-1.8061,-0.2008,-0.1405,0.391,0.0718,-0.5918,-0.2122,0.9177,1.7665,-0.8488
2026-01-01,2025/2026,Brentford,Tottenham Hotspur,0,0,0.556304,0.608309,6.915,6.954,-0.039,-0.2584,0.85335,0.16353,0.68982,0.4972,0.3319,-0.0835,-0.0016,-0.0853,0.3335,0.0018,1.8905,1.0905,0.8
2026-01-01,2025/2026,Liverpool,Leeds United,0,0,1.67833,0.15936,7.059,6.802,0.257,1.6664,1.17246,-0.15177,1.32422,1.1837,0.3228,-0.0532,0.3092,-0.133,0.0136,0.0798,2.0352,1.3936,0.6417
2026-01-01,2025/2026,Crystal Palace,Fulham,1,1,2.35346,1.75434,6.893,6.944,-0.051,-0.3361,0.52676,0.46753,0.05922,-0.1851,0.2442,-0.0508,0.0196,-0.0775,0.2247,0.0267,1.7159,1.0795,0.6364
2026-01-03,2025/2026,Wolverhampton Wanderers,West Ham United,3,0,2.23925,0.235678,6.708,6.883,-0.176,-1.1466,-0.32657,-0.04402,-0.28255,-0.555,-0.172,-0.1128,-0.0293,-0.3245,-0.1427,0.2117,1.4274,1.1102,0.3172
2026-01-03,2025/2026,Bournemouth,Arsenal,2,3,0.947846,1.28,6.881,7.038,-0.157,-1.0262,0.5335,1.41649,-0.88299,-1.2047,0.3301,-0.1332,0.4471,0.2273,-0.117,-0.3605,1.3611,1.8205,-0.4594
2026-01-03,2025/2026,Brighton & Hove Albion,Burnley,2,0,1.4717,0.254551,6.914,6.731,0.183,1.1868,0.58248,-0.19464,0.77712,0.5917,0.258,-0.1704,-0.0611,-0.3763,0.319,0.2059,2.4117,1.0915,1.3201
2026-01-03,2025/2026,Aston Villa,Nottingham Forest,3,1,1.42988,0.8982,6.961,6.809,0.152,0.9827,1.32067,0.02469,1.29598,1.1531,0.2196,-0.1616,-0.0223,-0.1253,0.2419,-0.0363,1.799,1.129,0.67
2026-01-04,2025/2026,Tottenham Hotspur,Sunderland,1,1,1.4175,0.467481,6.946,6.924,0.022,0.1416,0.34742,-0.21527,0.56269,0.3596,-0.0208,-0.0378,-0.1968,-0.1617,0.176,0.1239,1.4445,0.8508,0.5937
2026-01-04,2025/2026,Leeds United,Manchester United,1,1,0.970138,1.94781,6.817,6.957,-0.14,-0.9164,0.21791,0.35317,-0.13526,-0.3956,0.2395,-0.1186,0.3024,-0.1147,-0.0629,-0.0039,1.7538,1.5493,0.2045
2026-01-04,2025/2026,Newcastle United,Crystal Palace,2,0,2.72764,1.27825,7.055,6.923,0.132,0.8545,1.10929,0.54111,0.56818,0.3656,0.2757,0.0564,0.2696,-0.0678,0.0061,0.1241,1.7922,1.2185,0.5737
2026-01-04,2025/2026,Fulham,Liverpool,2,2,0.609182,1.7188,6.945,7.061,-0.116,-0.7583,0.47153,0.585,-0.11348,-0.372,0.0426,-0.1016,0.3078,-0.0107,-0.2652,-0.0909,1.3018,1.527,-0.2252
2026-01-04,2025/2026,Manchester City,Chelsea,1,1,1.03049,2.03726,7.219,7.08,0.139,0.9002,2.00629,0.80033,1.20595,1.0557,0.4066,0.07,0.3032,-0.1674,0.1034,0.2374,2.2587,1.242,1.0167
2026-01-04,2025/2026,Everton,Brentford,2,4,1.00566,3.05179,6.926,6.922,0.004,0.0205,0.72701,0.41434,0.31267,0.0891,0.0019,-0.0648,0.2731,-0.0702,-0.2712,0.0054,1.3455,1.4015,-0.0559
2026-01-06,2025/2026,West Ham United,Nottingham Forest,1,2,1.73697,1.26683,6.879,6.906,-0.027,-0.1778,-0.12561,-0.04442,-0.08119,-0.3371,-0.0606,-0.3432,-0.0331,-0.1109,-0.0275,-0.2323,1.3118,1.3679,-0.0561
2026-01-07,2025/2026,Everton,Wolverhampton Wanderers,1,1,1.63321,0.71329,6.951,6.79,0.162,1.0483,0.60015,-0.21992,0.82007,0.6381,-0.0134,-0.1186,-0.1213,-0.0923,0.1078,-0.0263,1.3805,0.9784,0.4021
2026-01-07,2025/2026,Bournemouth,Tottenham Hotspur,3,2,1.19014,1.6261,6.901,6.925,-0.024,-0.1617,0.51736,0.19215,0.32521,0.1027,0.3087,-0.1117,-0.0219,-0.0307,0.3306,-0.081,1.7521,1.0973,0.6549
2026-01-07,2025/2026,Brentford,Sunderland,3,0,3.86096,1.50644,6.911,6.944,-0.032,-0.2146,0.86973,-0.15591,1.02564,0.8606,0.3288,-0.059,-0.2101,-0.1595,0.5389,0.1005,2.0313,0.8631,1.1682
2026-01-07,2025/2026,Crystal Palace,Aston Villa,0,0,1.32505,2.07015,6.996,6.979,0.017,0.1049,0.44921,0.77804,-0.32883,-0.605,0.2693,-0.1044,0.2015,-0.1545,0.0678,0.0501,1.9157,1.3552,0.5605
2026-01-07,2025/2026,Fulham,Chelsea,2,1,1.06013,2.45107,6.946,7.07,-0.123,-0.8072,0.48721,0.89532,-0.4081,-0.6908,0.0105,-0.1075,0.3313,-0.1084,-0.3209,0.0009,1.3888,1.574,-0.1851
2026-01-07,2025/2026,Manchester City,Brighton & Hove Albion,1,1,2.95904,1.33162,7.144,6.959,0.185,1.2018,1.9113,0.6071,1.3042,1.162,0.3543,0.0433,0.2081,-0.1486,0.1461,0.1918,2.1152,1.1536,0.9617
2026-01-07,2025/2026,Newcastle United,Leeds United,4,3,2.43495,2.35318,7.034,6.824,0.211,1.3682,1.21285,-0.03983,1.25268,1.1063,0.3099,0.054,0.1925,-0.1293,0.1175,0.1834,1.9911,1.1201,0.871
2026-01-07,2025/2026,Burnley,Manchester United,2,2,0.31971,2.52488,6.66,7.038,-0.378,-2.4638,-0.44697,0.33475,-0.78171,-1.0951,-0.1007,-0.3401,0.3139,-0.0845,-0.4146,-0.2556,1.1771,2.0119,-0.8348
2026-01-08,2025/2026,Arsenal,Liverpool,0,0,0.701832,0.318642,7.05,7.059,-0.009,-0.0624,1.76806,0.56932,1.19874,1.0479,0.4244,0.2417,0.3113,0.0115,0.1131,0.2302,1.889,1.0733,0.8157
2026-01-17,2025/2026,Leeds United,Fulham,1,0,2.16898,0.258796,6.801,6.912,-0.111,-0.7264,0.25757,0.55498,-0.29741,-0.571,0.2436,-0.1441,-0.0062,-0.1374,0.2498,-0.0067,1.8078,1.1633,0.6445
2026-01-17,2025/2026,Chelsea,Brentford,2,0,1.62263,1.47521,7.132,6.948,0.184,1.197,1.08524,0.62079,0.46445,0.2533,0.3603,-0.0974,0.4041,-0.0722,-0.0438,-0.0252,1.9714,1.6154,0.356
2026-01-17,2025/2026,Manchester United,Manchester City,2,0,3.07278,0.387015,7.107,7.235,-0.128,-0.8396,0.60379,1.28836,-0.68457,-0.99,0.3299,-0.061,0.3818,0.0374,-0.052,-0.0984,1.6511,1.5812,0.0699
2026-01-17,2025/2026,Tottenham Hotspur,West Ham United,1,2,1.65292,2.76761,6.887,6.829,0.059,0.3771,0.24326,-0.24064,0.48391,0.2744,-0.0015,-0.0115,-0.039,-0.3375,0.0376,0.326,1.7635,0.9661,0.7974
2026-01-17,2025/2026,Nottingham Forest,Arsenal,0,0,0.318481,2.86323,6.932,7.03,-0.098,-0.6407,0.22182,1.3695,-1.14768,-1.4911,-0.0374,-0.1218,0.3752,0.2637,-0.4126,-0.3855,0.9153,1.6632,-0.7479
2026-01-17,2025/2026,Sunderland,Crystal Palace,2,1,1.84601,1.15169,6.921,6.897,0.023,0.1485,0.14637,0.46392,-0.31755,-0.5928,-0.1814,-0.2255,0.2373,-0.1256,-0.4187,-0.0999,1.1868,1.5841,-0.3973
2026-01-17,2025/2026,Liverpool,Burnley,1,1,3.49045,0.546971,7.049,6.707,0.342,2.2203,1.12546,-0.24104,1.36651,1.2294,0.2858,0.0623,-0.1482,-0.3531,0.434,0.4154,2.4693,0.7779,1.6914
2026-01-18,2025/2026,Aston Villa,Everton,0,1,0.905393,0.745859,6.917,6.941,-0.024,-0.1592,1.36341,0.40198,0.96143,0.7911,0.2276,-0.1304,-0.0031,-0.1112,0.2307,-0.0191,1.7511,1.1391,0.612
2026-01-18,2025/2026,Wolverhampton Wanderers,Newcastle United,0,0,0.390216,0.813313,6.798,7.053,-0.256,-1.6692,-0.13356,0.39503,-0.52859,-0.8212,-0.1316,-0.0985,0.3238,0.0183,-0.4554,-0.1168,1.0449,1.5728,-0.528
2026-01-19,2025/2026,Brighton & Hove Albion,Bournemouth,1,1,0.995777,1.69737,6.952,6.857,0.095,0.6163,0.74409,0.21273,0.53136,0.3257,0.2129,-0.1829,0.2798,-0.1236,-0.0669,-0.0593,1.772,1.5705,0.2015
2026-01-24,2025/2026,Burnley,Tottenham Hotspur,2,2,1.54884,2.59093,6.766,6.945,-0.179,-1.1674,-0.30556,0.05472,-0.36028,-0.6391,-0.1559,-0.3863,-0.0073,-0.0481,-0.1486,-0.3382,1.0999,1.4924,-0.3925
2026-01-24,2025/2026,West Ham United,Sunderland,3,1,2.18675,0.713838,6.751,6.866,-0.115,-0.755,-0.13697,-0.20902,0.07205,-0.1713,0.0294,-0.331,-0.1443,-0.2105,0.1737,-0.1206,1.5688,1.222,0.3468
2026-01-24,2025/2026,Bournemouth,Liverpool,3,2,3.31474,0.937335,6.816,7.102,-0.286,-1.8669,0.62256,0.59652,0.02605,-0.221,0.2831,-0.0941,0.3245,0.0663,-0.0413,-0.1603,1.5023,1.5726,-0.0703
2026-01-24,2025/2026,Fulham,Brighton & Hove Albion,2,1,1.13243,1.94652,6.945,6.996,-0.051,-0.3329,0.52418,0.668,-0.14382,-0.4049,-0.0375,-0.1499,0.1783,-0.1854,-0.2158,0.0355,1.4421,1.397,0.0451
2026-01-24,2025/2026,Manchester City,Wolverhampton Wanderers,2,0,1.0654,0.542683,7.116,6.808,0.309,2.007,1.72332,-0.10591,1.82923,1.7301,0.342,-0.0214,-0.1617,-0.0736,0.5037,0.0522,1.9674,0.8377,1.1297
2026-01-25,2025/2026,Crystal Palace,Chelsea,1,3,2.41793,3.08817,7.017,7.043,-0.026,-0.1716,0.42251,0.86396,-0.44145,-0.7269,0.2189,-0.1425,0.3417,-0.0916,-0.1228,-0.0509,1.7018,1.6279,0.0739
2026-01-25,2025/2026,Brentford,Nottingham Forest,0,2,2.00413,1.38958,6.934,6.937,-0.002,-0.0188,0.91775,0.09885,0.81889,0.6369,0.3946,-0.0565,-0.0609,-0.1624,0.4556,0.1058,2.1837,0.996,1.1878
2026-01-25,2025/2026,Arsenal,Manchester United,2,3,1.42411,0.640902,7.124,7.112,0.012,0.0756,1.6117,0.34991,1.26178,1.1161,0.4099,0.2778,0.393,-0.0184,0.017,0.2963,1.9234,1.1205,0.8029
2026-01-25,2025/2026,Newcastle United,Aston Villa,0,2,1.95484,1.32143,7.059,6.948,0.11,0.713,1.14314,0.6591,0.48404,0.2745,0.2968,0.0358,0.1866,-0.1195,0.1102,0.1552,1.9226,1.1478,0.7748
2026-01-26,2025/2026,Everton,Leeds United,1,1,0.889916,1.6766,6.912,6.825,0.087,0.5613,0.60336,0.05779,0.54557,0.3411,-0.0198,-0.0774,0.2626,-0.1222,-0.2824,0.0448,1.4007,1.3905,0.0101
2026-01-31,2025/2026,Chelsea,West Ham United,3,2,2.66133,1.72585,6.993,6.735,0.259,1.6794,1.26415,-0.05648,1.32062,1.1798,0.3934,-0.1167,0.0645,-0.3158,0.3289,0.1992,2.6232,1.1623,1.4609
2026-01-31,2025/2026,Leeds United,Arsenal,0,4,0.17871,3.54427,6.816,6.981,-0.165,-1.0783,0.39492,1.1931,-0.79818,-1.1129,0.2732,-0.1071,0.3871,0.2914,-0.1139,-0.3985,1.2049,1.6719,-0.467
2026-01-31,2025/2026,Brighton & Hove Albion,Everton,1,1,1.42825,1.28126,6.956,6.942,0.014,0.09,0.62553,0.48233,0.1432,-0.0943,0.196,-0.1745,-0.0419,-0.0859,0.2379,-0.0886,1.6616,1.1399,0.5218
2026-01-31,2025/2026,Wolverhampton Wanderers,Bournemouth,0,2,2.10353,1.59116,6.818,6.84,-0.022,-0.1473,-0.09192,0.326,-0.41792,-0.7014,-0.1732,-0.0392,0.3629,-0.0721,-0.5361,0.0329,1.1281,1.499,-0.371
2026-01-31,2025/2026,Liverpool,Newcastle United,4,1,3.09973,0.284319,7.117,7.017,0.1,0.644,0.96795,0.25149,0.71647,0.526,0.3007,0.0011,0.2956,0.0303,0.0051,-0.0291,1.6596,1.3267,0.3329
2026-02-01,2025/2026,Tottenham Hotspur,Manchester City,2,2,1.49738,2.03614,6.859,7.106,-0.248,-1.6158,0.10955,1.16986,-1.06031,-1.3966,0.0384,-0.0583,0.3114,-0.0147,-0.273,-0.0436,1.2812,1.4907,-0.2095
2026-02-01,2025/2026,Manchester United,Fulham,3,2,1.84362,1.71998,7.128,6.955,0.173,1.1216,0.8213,0.51791,0.30339,0.0791,0.3734,0.0017,-0.0526,-0.1657,0.4259,0.1674,2.1901,0.928,1.2621
2026-02-01,2025/2026,Nottingham Forest,Crystal Palace,1,1,0.987254,1.648,6.944,6.907,0.038,0.2409,0.40486,0.29266,0.1122,-0.1278,-0.0449,-0.1536,0.2507,-0.1945,-0.2957,0.041,1.4599,1.4916,-0.0317
2026-02-01,2025/2026,Aston Villa,Brentford,0,1,2.15316,0.314916,6.883,6.932,-0.049,-0.3244,1.33111,0.42322,0.90789,0.7332,0.1916,-0.1197,0.3831,-0.0655,-0.1915,-0.0542,1.6087,1.6631,-0.0544
2026-02-02,2025/2026,Sunderland,Burnley,3,0,1.8865,0.126371,6.824,6.746,0.078,0.5023,0.16695,-0.11145,0.2784,0.052,-0.1675,-0.2268,-0.1325,-0.4095,-0.035,0.1827,1.6089,1.0889,0.52
2026-02-06,2025/2026,Leeds United,Nottingham Forest,3,1,3.38179,1.6608,6.787,6.935,-0.149,-0.9729,0.25372,0.22428,0.02944,-0.2174,0.2255,-0.1671,-0.0686,-0.157,0.294,-0.0101,1.8021,1.1233,0.6788
2026-02-07,2025/2026,Wolverhampton Wanderers,Chelsea,1,3,1.11372,3.76278,6.808,7.089,-0.28,-1.8289,-0.20045,0.9459,-1.14635,-1.4897,-0.1242,-0.0416,0.3917,-0.1303,-0.516,0.0887,1.2176,1.5949,-0.3773
2026-02-07,2025/2026,Manchester United,Tottenham Hotspur,2,0,2.16576,0.593404,7.135,6.926,0.209,1.3559,0.88993,0.07123,0.8187,0.6367,0.3534,-0.0152,0.0491,-0.075,0.3043,0.0598,1.9692,1.0402,0.9289
2026-02-07,2025/2026,Newcastle United,Brentford,2,3,3.3215,1.65022,7.056,6.915,0.141,0.9108,0.92881,0.54095,0.38786,0.1705,0.2547,-0.0284,0.322,-0.0846,-0.0673,0.0562,1.7865,1.3961,0.3904
2026-02-07,2025/2026,Arsenal,Sunderland,3,0,1.19401,0.427225,7.074,6.866,0.208,1.3498,1.58001,-0.23777,1.81777,1.7177,0.4458,0.3247,-0.1493,-0.2036,0.5951,0.5283,2.4557,0.6073,1.8484
2026-02-07,2025/2026,Burnley,West Ham United,0,2,1.84644,1.1223,6.742,6.832,-0.09,-0.5926,-0.35251,-0.01771,-0.3348,-0.6115,-0.1739,-0.4131,0.0923,-0.3147,-0.2662,-0.0984,1.4252,1.6758,-0.2505
2026-02-07,2025/2026,Bournemouth,Aston Villa,1,1,1.82646,0.646496,6.874,6.966,-0.092,-0.6019,0.77934,0.71076,0.06859,-0.175,0.3632,-0.0955,0.2137,-0.0726,0.1495,-0.0229,1.914,1.3775,0.5365
2026-02-07,2025/2026,Fulham,Everton,1,2,2.20126,1.88778,6.911,6.936,-0.025,-0.164,0.57078,0.50172,0.06906,-0.1745,-0.0256,-0.1494,-0.0361,-0.0765,0.0105,-0.0729,1.3129,1.1233,0.1896
2026-02-08,2025/2026,Liverpool,Manchester City,1,2,1.26652,2.41476,7.136,7.112,0.024,0.1506,1.09422,1.08127,0.01295,-0.2352,0.3489,0.0346,0.3234,-0.0217,0.0256,0.0562,1.8179,1.3311,0.4868
2026-02-08,2025/2026,Brighton & Hove Albion,Crystal Palace,0,1,0.737798,0.928404,6.966,6.92,0.046,0.298,0.60613,0.30818,0.29795,0.0732,0.184,-0.1765,0.2546,-0.1775,-0.0706,0.001,1.8064,1.5306,0.2758
2026-02-10,2025/2026,Tottenham Hotspur,Newcastle United,1,2,1.68925,2.46991,6.858,7.009,-0.151,-0.9879,0.13551,0.05721,0.0783,-0.1645,0.031,-0.082,0.3154,-0.0369,-0.2844,-0.0451,1.3154,1.5151,-0.1998
2026-02-10,2025/2026,West Ham United,Manchester United,1,1,1.30746,0.735767,6.865,7.137,-0.272,-1.7751,0.08115,0.58413,-0.50298,-0.7935,0.0639,-0.3232,0.3582,-0.0043,-0.2943,-0.3189,1.2969,2.0419,-0.745
2026-02-10,2025/2026,Everton,Bournemouth,1,2,2.33114,1.4121,6.916,6.984,-0.067,-0.4431,0.61755,0.42801,0.18954,-0.0441,-0.007,-0.1024,0.3555,-0.0727,-0.3625,-0.0297,1.3257,1.5937,-0.2679
2026-02-10,2025/2026,Chelsea,Leeds United,2,2,3.21176,1.28948,7.073,6.798,0.275,1.7893,1.27742,0.10125,1.17617,1.0235,0.4496,-0.1263,0.3117,-0.178,0.1379,0.0517,2.4223,1.4996,0.9227
2026-02-11,2025/2026,Sunderland,Liverpool,0,1,0.693794,3.08172,6.86,7.121,-0.26,-1.6996,0.23853,0.53871,-0.30018,-0.574,-0.1538,-0.1485,0.3221,-0.0006,-0.4759,-0.1479,1.0408,1.6516,-0.6108
2026-02-11,2025/2026,Manchester City,Fulham,3,0,1.67722,1.05283,7.145,6.917,0.228,1.48,1.74453,0.38995,1.35458,1.2165,0.3557,0.0025,0.0146,-0.1669,0.3411,0.1694,2.1684,0.9851,1.1833
2026-02-11,2025/2026,Nottingham Forest,Wolverhampton Wanderers,0,0,3.69094,0.406959,6.941,6.818,0.123,0.7965,0.30981,-0.25301,0.56282,0.3598,-0.0479,-0.2104,-0.1294,-0.11,0.0815,-0.1004,1.3512,1.0687,0.2825
2026-02-11,2025/2026,Aston Villa,Brighton & Hove Albion,1,0,0.576138,0.481306,6.911,6.959,-0.048,-0.3173,1.2199,0.49695,0.72295,0.5331,0.1829,-0.0688,0.1342,-0.1552,0.0486,0.0865,1.7448,1.2322,0.5126
2026-02-11,2025/2026,Crystal Palace,Burnley,2,3,2.1276,0.691273,6.858,6.74,0.118,0.7634,0.39084,-0.31973,0.71057,0.5197,0.2276,-0.1347,-0.1475,-0.3942,0.3752,0.2595,2.3636,0.9736,1.39
2026-02-12,2025/2026,Brentford,Arsenal,1,1,1.81154,0.78418,6.88,7.003,-0.123,-0.8056,0.92845,1.39696,-0.46851,-0.7562,0.3286,-0.1437,0.3936,0.3252,-0.065,-0.4689,1.2373,1.7369,-0.4996
2026-02-18,2025/2026,Wolverhampton Wanderers,Arsenal,2,2,0.173119,2.01018,6.807,7.015,-0.208,-1.3596,-0.23894,1.34496,-1.5839,-1.9631,-0.1581,-0.1728,0.3571,0.3015,-0.5152,-0.4743,0.771,1.7417,-0.9707
2026-02-21,2025/2026,Manchester City,Newcastle United,2,1,2.22648,0.507954,7.135,6.985,0.15,0.9706,1.85501,0.14664,1.70837,1.5994,0.3337,0.0008,0.3473,-0.0486,-0.0136,0.0493,1.8671,1.3893,0.4778
2026-02-21,2025/2026,Brentford,Brighton & Hove Albion,0,2,1.69023,1.37203,6.881,6.98,-0.099,-0.6491,0.98046,0.46254,0.51791,0.3112,0.3466,-0.1067,0.1062,-0.1122,0.2404,0.0055,1.9568,1.2521,0.7047
2026-02-21,2025/2026,West Ham United,Bournemouth,0,0,2.34412,0.522731,6.852,6.933,-0.082,-0.5369,0.13593,0.52231,-0.38638,-0.6673,0.0639,-0.273,0.3449,-0.1014,-0.2811,-0.1717,1.4619,1.8735,-0.4116
2026-02-21,2025/2026,Aston Villa,Leeds United,1,1,1.25439,1.27855,6.945,6.82,0.125,0.8091,1.25431,0.19499,1.05932,0.897,0.126,-0.0487,0.2978,-0.21,-0.1718,0.1614,1.7775,1.3933,0.3842
2026-02-21,2025/2026,Chelsea,Burnley,1,1,2.51534,1.01255,7.119,6.758,0.361,2.3488,1.18368,-0.20734,1.39102,1.256,0.4781,-0.1183,-0.1579,-0.3822,0.636,0.264,3.0885,0.9207,2.1678
2026-02-22,2025/2026,Crystal Palace,Wolverhampton Wanderers,1,0,2.03559,1.67749,6.876,6.749,0.128,0.8279,0.27844,-0.12125,0.3997,0.1833,0.2139,-0.1272,-0.1809,-0.1806,0.3948,0.0534,1.8851,0.9334,0.9517
2026-02-22,2025/2026,Tottenham Hotspur,Arsenal,1,4,0.383264,3.31701,6.845,7.034,-0.189,-1.2323,0.04609,1.23637,-1.19028,-1.5372,0.0478,-0.1111,0.3616,0.3129,-0.3138,-0.4239,0.9387,1.6409,-0.7022
2026-02-22,2025/2026,Sunderland,Fulham,1,3,1.7609,2.16696,6.86,6.921,-0.061,-0.3984,0.16969,0.27947,-0.10979,-0.368,-0.1692,-0.1917,0.0172,-0.1449,-0.1864,-0.0468,1.2126,1.2414,-0.0288
2026-02-22,2025/2026,Nottingham Forest,Liverpool,0,1,0.934768,2.39634,6.92,7.127,-0.207,-1.3516,0.25045,0.60755,-0.3571,-0.6356,0.0538,-0.1937,0.3684,0.0083,-0.3145,-0.202,1.2778,1.7982,-0.5204
2026-02-23,2025/2026,Everton,Manchester United,0,1,0.560924,1.4547,6.931,7.091,-0.161,-1.0495,0.52325,0.52935,-0.0061,-0.2558,0.0394,-0.0951,0.3043,-0.0045,-0.2649,-0.0906,1.2828,1.5199,-0.2371
2026-02-27,2025/2026,Wolverhampton Wanderers,Aston Villa,2,0,1.50771,1.31328,6.788,6.958,-0.17,-1.1079,-0.17175,0.68445,-0.8562,-1.1757,-0.1496,-0.1844,0.1027,-0.0449,-0.2523,-0.1395,1.1045,1.36,-0.2555
2026-02-28,2025/2026,Leeds United,Manchester City,0,1,1.37824,2.46834,6.822,7.14,-0.318,-2.0743,0.49453,1.19501,-0.70047,-1.0072,0.2897,-0.1911,0.3425,0.0312,-0.0527,-0.2223,1.5602,1.771,-0.2107
2026-02-28,2025/2026,Liverpool,West Ham United,5,2,2.09939,1.3517,7.125,6.868,0.257,1.6697,1.09715,0.15984,0.93731,0.765,0.3873,0.0189,0.1099,-0.2256,0.2774,0.2445,2.3818,1.0623,1.3195
2026-02-28,2025/2026,Newcastle United,Everton,2,3,1.11889,2.40731,6.996,6.99,0.006,0.0347,0.93268,0.47091,0.46177,0.2504,0.3044,-0.0634,0.0053,-0.092,0.2991,0.0286,1.8616,1.0704,0.7912
2026-02-28,2025/2026,Bournemouth,Sunderland,1,1,1.82434,1.07887,6.896,6.841,0.055,0.3546,0.80247,-0.45584,1.2583,1.1123,0.2838,-0.1285,-0.1397,-0.2126,0.4235,0.0841,2.0693,0.9825,1.0868
2026-02-28,2025/2026,Burnley,Brentford,3,4,0.823824,2.44595,6.767,6.834,-0.066,-0.4362,-0.32057,0.59045,-0.91101,-1.235,-0.1523,-0.3554,0.331,-0.1092,-0.4833,-0.2462,1.1891,2.0025,-0.8134
2026-03-01,2025/2026,Manchester United,Crystal Palace,2,1,2.34609,0.384699,7.042,6.92,0.122,0.7886,1.00431,0.3733,0.63101,0.4336,0.2994,0.0168,0.2184,-0.1426,0.081,0.1595,1.9755,1.2058,0.7698
2026-03-01,2025/2026,Arsenal,Chelsea,2,1,1.71598,1.35268,7.045,7.067,-0.022,-0.1444,1.64371,0.89339,0.75032,0.5627,0.408,0.326,0.4498,-0.1192,-0.0418,0.4452,2.1147,1.1349,0.9799
2026-03-01,2025/2026,Brighton & Hove Albion,Nottingham Forest,2,1,1.20107,0.83055,6.981,6.911,0.07,0.4525,0.57171,0.02204,0.54967,0.3456,0.1096,-0.101,0.0361,-0.2134,0.0734,0.1124,1.7429,1.1375,0.6054
2026-03-01,2025/2026,Fulham,Tottenham Hotspur,2,1,2.3207,0.952091,6.922,6.874,0.048,0.3082,0.48631,-0.15911,0.64542,0.4492,0.0541,-0.1576,0.0252,-0.1661,0.0289,0.0085,1.5685,1.1938,0.3747
2026-03-03,2025/2026,Everton,Burnley,2,0,1.15845,0.762229,6.994,6.764,0.23,1.4964,0.50757,-0.11356,0.62113,0.4229,0.0566,-0.0623,-0.1706,-0.3657,0.2272,0.3034,1.9621,0.8731,1.089
2026-03-03,2025/2026,Wolverhampton Wanderers,Liverpool,2,1,0.636033,2.17217,6.806,7.122,-0.315,-2.057,-0.0354,0.7536,-0.789,-1.103,-0.1269,-0.1815,0.3717,0.011,-0.4987,-0.1925,1.0499,1.8057,-0.7558
2026-03-03,2025/2026,Bournemouth,Brentford,0,0,2.3177,0.673328,6.921,6.952,-0.03,-0.2024,0.70536,0.60296,0.1024,-0.1384,0.2709,-0.1296,0.3459,-0.0984,-0.075,-0.0312,1.8038,1.6147,0.1891
2026-03-03,2025/2026,Leeds United,Sunderland,0,1,0.888232,0.843856,6.817,6.766,0.051,0.3289,0.45785,-0.35873,0.81658,0.6344,0.2772,-0.2125,-0.1341,-0.2016,0.4113,-0.0108,2.0324,1.0751,0.9574
2026-03-04,2025/2026,Newcastle United,Manchester United,2,1,1.96637,1.80571,6.998,7.046,-0.047,-0.3117,0.82809,0.64367,0.18442,-0.0497,0.2684,-0.0976,0.3122,0.0402,-0.0439,-0.1378,1.5633,1.5152,0.0481
2026-03-04,2025/2026,Manchester City,Nottingham Forest,2,2,2.72655,1.23642,7.191,6.893,0.298,1.9373,1.81007,-0.02845,1.83853,1.7402,0.3625,0.0377,0.0227,-0.193,0.3397,0.2307,2.2598,0.9508,1.309
2026-03-04,2025/2026,Fulham,West Ham United,0,1,0.628123,1.49528,6.89,6.854,0.036,0.2336,0.52833,0.03836,0.48996,0.2809,0.0894,-0.15,0.1211,-0.2127,-0.0317,0.0627,1.7001,1.3058,0.3943
2026-03-04,2025/2026,Brighton & Hove Albion,Arsenal,0,1,0.919228,0.514803,6.944,7.027,-0.083,-0.5465,0.6222,1.37256,-0.75035,-1.0612,0.0848,-0.0927,0.3869,0.3157,-0.3021,-0.4083,0.9836,1.6316,-0.648
2026-03-04,2025/2026,Aston Villa,Chelsea,1,4,1.06854,3.38883,6.94,7.042,-0.102,-0.6681,1.07486,0.86185,0.21301,-0.0187,0.1003,-0.0542,0.4518,-0.1008,-0.3515,0.0467,1.5118,1.679,-0.1672
2026-03-05,2025/2026,Tottenham Hotspur,Crystal Palace,1,3,1.29615,1.91515,6.883,6.806,0.077,0.4971,-0.09708,0.32995,-0.42703,-0.7113,0.0144,-0.1883,0.1886,-0.157,-0.1742,-0.0313,1.4991,1.4445,0.0546
2026-03-14,2025/2026,Sunderland,Brighton & Hove Albion,0,1,0.659083,1.12832,6.813,6.98,-0.167,-1.0928,0.19404,0.60594,-0.4119,-0.6949,-0.1438,-0.1591,0.0819,-0.0539,-0.2257,-0.1052,1.1213,1.2983,-0.177
2026-03-14,2025/2026,Chelsea,Newcastle United,0,1,1.72508,1.03251,7.121,6.924,0.197,1.28,1.15477,0.1969,0.95786,0.7872,0.5101,-0.0856,0.2826,-0.1071,0.2275,0.0216,2.3751,1.4116,0.9634
2026-03-14,2025/2026,Burnley,Bournemouth,0,0,1.67695,2.36979,6.761,6.895,-0.135,-0.8804,-0.40087,0.40313,-0.80399,-1.1192,-0.1734,-0.339,0.2918,-0.0949,-0.4653,-0.2442,1.1384,1.9098,-0.7713
2026-03-14,2025/2026,Arsenal,Everton,2,0,1.90855,1.17847,7.087,6.956,0.131,0.8501,1.69628,0.64329,1.05299,0.8902,0.347,0.3149,0.0129,-0.0595,0.3341,0.3744,1.9087,0.7279,1.1807
2026-03-14,2025/2026,West Ham United,Manchester City,1,1,0.488982,1.9546,6.793,7.11,-0.317,-2.0686,0.17025,1.15441,-0.98416,-1.3142,0.1287,-0.1792,0.3754,0.0305,-0.2467,-0.2097,1.3293,1.8085,-0.4792
2026-03-15,2025/2026,Liverpool,Tottenham Hotspur,1,1,1.30076,1.15636,7.063,6.803,0.26,1.6897,1.14223,-0.27329,1.41551,1.2825,0.3802,0.0219,0.0036,-0.2008,0.3766,0.2226,2.3077,0.952,1.3557
2026-03-15,2025/2026,Crystal Palace,Leeds United,0,0,0.525205,1.13558,6.82,6.847,-0.027,-0.1775,0.3838,0.18219,0.20161,-0.0311,0.2035,-0.149,0.2182,-0.2057,-0.0147,0.0566,1.8781,1.4484,0.4297
2026-03-15,2025/2026,Nottingham Forest,Fulham,0,0,0.821011,0.933988,6.939,6.929,0.01,0.0633,0.22901,0.35439,-0.12538,-0.3849,0.0353,-0.2103,0.0341,-0.154,0.0012,-0.0563,1.5142,1.2755,0.2387
2026-03-15,2025/2026,Manchester United,Aston Villa,3,1,1.67823,1.21071,7.091,6.958,0.133,0.8614,0.99706,0.45387,0.54319,0.3385,0.3201,0.0255,0.0797,-0.1141,0.2404,0.1396,1.9626,1.0391,0.9235
2026-03-16,2025/2026,Brentford,Wolverhampton Wanderers,2,2,2.7966,1.80044,6.966,6.793,0.172,1.1184,0.86755,-0.01605,0.8836,0.7069,0.3063,-0.1173,-0.1472,-0.1929,0.4535,0.0755,2.1043,0.9509,1.1533
2026-03-20,2025/2026,Bournemouth,Manchester United,2,2,1.76664,1.74574,6.939,7.093,-0.153,-1.0025,0.64094,0.63738,0.00356,-0.2454,0.3069,-0.108,0.3053,0.021,0.0017,-0.1291,1.6354,1.5398,0.0956
2026-03-21,2025/2026,Fulham,Burnley,3,1,3.48438,1.92556,6.921,6.776,0.145,0.9388,0.41132,-0.16508,0.5764,0.3745,0.0204,-0.1305,-0.1438,-0.3498,0.1642,0.2193,1.8437,0.97,0.8737
2026-03-21,2025/2026,Everton,Chelsea,3,0,1.44532,1.35143,6.991,7.031,-0.04,-0.2635,0.55387,0.92388,-0.37,-0.6496,0.0256,-0.059,0.4794,-0.0731,-0.4538,0.0141,1.3747,1.7215,-0.3469
2026-03-21,2025/2026,Brighton & Hove Albion,Liverpool,2,1,3.42956,0.956801,6.983,7.025,-0.042,-0.2773,0.63147,0.57034,0.06113,-0.1831,0.0756,-0.0423,0.3393,0.0166,-0.2638,-0.0589,1.3208,1.472,-0.1513
2026-03-21,2025/2026,Leeds United,Brentford,0,0,0.417296,0.302221,6.842,6.949,-0.107,-0.6999,0.36002,0.56408,-0.20406,-0.47,0.2037,-0.1562,0.3328,-0.135,-0.1291,-0.0212,1.7337,1.6518,0.0818
2026-03-22,2025/2026,Newcastle United,Sunderland,1,2,1.26705,2.66657,6.941,6.942,-0.001,-0.0122,0.98331,-0.2842,1.26751,1.1223,0.2637,-0.0751,-0.1659,-0.1535,0.4295,0.0784,1.8988,0.9134,0.9854
2026-03-22,2025/2026,Aston Villa,West Ham United,2,0,2.48528,0.760054,6.972,6.828,0.144,0.9345,0.8639,0.20053,0.66337,0.4686,0.0848,-0.102,0.0812,-0.1823,0.0036,0.0803,1.663,1.1808,0.4822
2026-03-22,2025/2026,Tottenham Hotspur,Nottingham Forest,0,3,1.6189,1.54408,6.914,6.905,0.008,0.0507,-0.13666,0.09893,-0.2356,-0.5042,0.0119,-0.1564,-0.0024,-0.1998,0.0143,0.0434,1.5481,1.1655,0.3826
2026-04-10,2025/2026,West Ham United,Wolverhampton Wanderers,4,0,2.54379,0.571967,6.807,6.768,0.038,0.2439,0.18843,0.06366,0.12477,-0.1142,0.062,-0.2051,-0.1086,-0.2177,0.1706,0.0127,1.6629,1.0964,0.5665
2026-04-11,2025/2026,Arsenal,Bournemouth,1,2,3.16346,1.39461,6.992,6.906,0.085,0.5506,1.77934,0.32754,1.4518,1.3217,0.344,0.3019,0.3099,-0.1142,0.034,0.4162,1.9989,0.9979,1.001
2026-04-11,2025/2026,Burnley,Brighton & Hove Albion,0,2,0.812029,1.07182,6.763,6.968,-0.205,-1.3404,-0.39448,0.72225,-1.11673,-1.4576,-0.1026,-0.3941,0.16,-0.0255,-0.2625,-0.3687,1.1305,1.7836,-0.6531
2026-04-11,2025/2026,Liverpool,Fulham,2,0,2.01499,1.42024,7.139,6.932,0.207,1.3467,0.98415,0.40605,0.5781,0.3763,0.3192,-0.0541,0.1027,-0.1505,0.2165,0.0964,2.0518,1.1413,0.9105
2026-04-11,2025/2026,Brentford,Everton,2,2,2.26302,1.57033,6.936,7.0,-0.064,-0.4176,0.77014,0.65577,0.11437,-0.1255,0.2804,-0.0848,0.0289,-0.045,0.2515,-0.0398,1.7196,1.129,0.5906
2026-04-12,2025/2026,Chelsea,Manchester City,0,3,1.22108,2.40839,7.006,7.179,-0.173,-1.1299,0.94025,1.06948,-0.12922,-0.3891,0.4625,-0.0746,0.3767,0.0577,0.0858,-0.1323,1.8375,1.6031,0.2344
2026-04-12,2025/2026,Nottingham Forest,Aston Villa,1,1,0.85045,1.36297,6.913,6.924,-0.011,-0.0743,0.33615,0.41619,-0.08005,-0.3358,0.0122,-0.2002,0.1198,-0.0906,-0.1077,-0.1097,1.385,1.3791,0.0059
2026-04-12,2025/2026,Sunderland,Tottenham Hotspur,1,0,1.77584,1.01598,6.792,6.913,-0.121,-0.7917,0.21679,-0.26024,0.47703,0.267,-0.0905,-0.1302,0.0156,-0.1641,-0.1061,0.0339,1.3277,1.1739,0.1538
2026-04-12,2025/2026,Crystal Palace,Newcastle United,2,1,3.13933,1.27299,6.915,6.943,-0.028,-0.1859,0.35753,0.23192,0.12561,-0.1133,0.1376,-0.1377,0.2352,-0.1113,-0.0976,-0.0264,1.5997,1.4569,0.1427
2026-04-13,2025/2026,Manchester United,Leeds United,1,2,1.36555,2.95118,7.044,6.785,0.259,1.6841,1.10184,0.22615,0.87568,0.6983,0.3099,0.016,0.1348,-0.1119,0.175,0.1278,1.9678,1.092,0.8757
2026-04-18,2025/2026,Leeds United,Wolverhampton Wanderers,3,0,3.55804,0.568627,6.816,6.748,0.069,0.4422,0.4645,-0.08514,0.54964,0.3455,0.2024,-0.0891,-0.1307,-0.2432,0.3331,0.1541,1.9701,0.9515,1.0186
2026-04-18,2025/2026,Tottenham Hotspur,Brighton & Hove Albion,2,2,1.56052,1.1373,6.921,6.986,-0.065,-0.4255,-0.30915,0.80194,-1.11109,-1.4515,0.0092,-0.1748,0.1313,-0.0173,-0.1221,-0.1575,1.2751,1.3687,-0.0936
2026-04-18,2025/2026,Chelsea,Manchester United,0,1,1.28109,0.436043,6.985,7.06,-0.075,-0.4892,0.80368,0.55998,0.24371,0.0145,0.4312,-0.1018,0.2836,-0.0328,0.1476,-0.0691,1.9726,1.4835,0.4891
2026-04-18,2025/2026,Newcastle United,Bournemouth,1,2,1.61167,3.36662,6.929,6.9,0.028,0.1801,0.80456,0.45709,0.34747,0.1268,0.2263,-0.1643,0.3199,-0.1614,-0.0937,-0.0029,1.8502,1.6176,0.2326
2026-04-18,2025/2026,Brentford,Fulham,0,0,2.33552,0.790707,6.939,6.934,0.005,0.0294,0.75434,0.30283,0.45151,0.2393,0.3014,-0.0955,0.1129,-0.1476,0.1886,0.0522,1.962,1.231,0.731
2026-04-19,2025/2026,Manchester City,Arsenal,2,1,2.61528,2.28964,7.194,7.089,0.105,0.6787,1.72857,1.3731,0.35547,0.1354,0.401,0.0834,0.3835,0.2871,0.0174,-0.2037,1.4199,1.3334,0.0865
2026-04-19,2025/2026,Everton,Liverpool,1,2,1.4784,1.38333,6.997,7.092,-0.095,-0.62,0.70771,0.55651,0.15119,-0.0856,0.0449,-0.064,0.315,-0.0618,-0.2701,-0.0021,1.3767,1.4774,-0.1007
2026-04-19,2025/2026,Nottingham Forest,Burnley,4,1,1.4425,0.601418,6.865,6.779,0.086,0.5587,0.34747,-0.32149,0.66896,0.4746,-0.0143,-0.198,-0.1192,-0.3702,0.1049,0.1722,1.8049,1.0711,0.7338
2026-04-19,2025/2026,Aston Villa,Sunderland,4,3,3.90223,1.56008,6.982,6.82,0.162,1.0495,0.95647,-0.12069,1.07717,0.9164,0.1182,-0.0742,-0.0667,-0.1254,0.1848,0.0512,1.6277,0.9884,0.6393
2026-04-20,2025/2026,Crystal Palace,West Ham United,0,0,0.733442,0.622445,6.919,6.838,0.081,0.5233,0.43674,0.19961,0.23713,0.0074,0.2007,-0.1306,0.1082,-0.1922,0.0925,0.0617,1.8717,1.2576,0.6141
2026-04-21,2025/2026,Brighton & Hove Albion,Chelsea,3,0,2.51784,0.297865,6.963,6.942,0.021,0.1313,0.70664,0.62518,0.08146,-0.1611,0.1228,-0.0252,0.3973,-0.0671,-0.2745,0.0419,1.5169,1.5221,-0.0052
2026-04-22,2025/2026,Bournemouth,Leeds United,2,2,1.91355,1.21601,6.898,6.83,0.068,0.4391,0.79379,0.4294,0.36439,0.1451,0.3929,-0.151,0.2786,-0.0809,0.1143,-0.0701,2.0263,1.5244,0.5019
2026-04-22,2025/2026,Burnley,Manchester City,0,1,0.973776,3.40888,6.736,7.149,-0.413,-2.6934,-0.559,1.2495,-1.80849,-2.2061,-0.1395,-0.3565,0.4369,0.0521,-0.5765,-0.4086,0.9835,2.3227,-1.3392
2026-04-24,2025/2026,Sunderland,Nottingham Forest,0,5,0.614323,1.54208,6.828,6.832,-0.004,-0.0318,0.28043,0.32623,-0.0458,-0.2988,-0.0401,-0.1955,-0.0332,-0.1857,-0.0069,-0.0099,1.4467,1.1769,0.2698
2026-04-25,2025/2026,Liverpool,Crystal Palace,3,1,1.45071,2.19912,7.041,6.964,0.077,0.4941,1.14914,0.45336,0.69578,0.5037,0.309,-0.0648,0.1472,-0.1114,0.1618,0.0466,1.9228,1.225,0.6979
2026-04-25,2025/2026,Wolverhampton Wanderers,Tottenham Hotspur,0,1,0.762656,1.06403,6.805,6.908,-0.103,-0.6749,-0.05321,-0.25598,0.20277,-0.0298,-0.1454,-0.2975,0.0238,-0.1666,-0.1691,-0.1308,1.2627,1.396,-0.1333
2026-04-25,2025/2026,Arsenal,Newcastle United,1,0,0.639189,0.868897,7.084,6.949,0.135,0.8763,1.60634,0.08569,1.52066,1.3962,0.4131,0.2353,0.2134,-0.224,0.1997,0.4593,2.4051,0.9628,1.4422
2026-04-25,2025/2026,West Ham United,Everton,2,1,1.8356,1.1144,6.837,6.963,-0.126,-0.8241,0.35737,0.60979,-0.25242,-0.5224,0.0806,-0.1519,0.0492,-0.0604,0.0314,-0.0915,1.4195,1.2414,0.1781
2026-04-25,2025/2026,Fulham,Aston Villa,1,0,1.24069,0.906156,6.871,6.938,-0.068,-0.4442,0.47951,0.39757,0.08194,-0.1606,0.0942,-0.1609,0.2065,-0.0862,-0.1123,-0.0747,1.4867,1.4558,0.0309
2026-04-27,2025/2026,Manchester United,Brentford,2,1,1.84852,1.30383,7.073,6.94,0.133,0.8634,1.04929,0.49327,0.55601,0.3524,0.243,-0.0031,0.3155,-0.0822,-0.0725,0.0791,1.76,1.3535,0.4064
2026-05-01,2025/2026,Leeds United,Burnley,3,1,2.09546,0.434597,6.89,6.741,0.149,0.9682,0.62264,-0.39839,1.02102,0.8556,0.2628,-0.076,-0.1389,-0.3921,0.4016,0.3161,2.4522,0.9226,1.5296
2026-05-02,2025/2026,Arsenal,Fulham,3,0,4.09079,0.696714,7.018,6.9,0.118,0.7622,1.55018,0.4078,1.14238,0.9869,0.3379,0.2359,0.0817,-0.1429,0.2562,0.3788,2.0526,0.8452,1.2074
2026-05-02,2025/2026,Wolverhampton Wanderers,Sunderland,1,1,1.96131,0.923954,6.757,6.798,-0.041,-0.2682,-0.14806,-0.21481,0.06674,-0.177,-0.1697,-0.2859,-0.0864,-0.2026,-0.0833,-0.0833,1.287,1.2269,0.0602
2026-05-02,2025/2026,Brentford,West Ham United,3,0,2.27374,0.753895,6.931,6.837,0.095,0.6142,0.67044,0.29439,0.37605,0.1577,0.3109,-0.0848,0.1008,-0.1475,0.2101,0.0627,2.0016,1.1905,0.8111
2026-05-02,2025/2026,Newcastle United,Brighton & Hove Albion,3,1,3.12933,1.87112,6.947,6.989,-0.042,-0.2743,0.74148,0.80256,-0.06108,-0.3153,0.2085,-0.1425,0.1659,0.0162,0.0426,-0.1587,1.5092,1.3681,0.141
2026-05-03,2025/2026,Manchester United,Liverpool,3,2,2.55612,1.02814,6.941,6.942,-0.001,-0.0122,1.09925,0.71511,0.38413,0.1664,0.2444,-0.0015,0.2873,-0.0948,-0.043,0.0933,1.7564,1.3352,0.4212
2026-05-03,2025/2026,Bournemouth,Crystal Palace,3,0,2.29626,0.678329,6.91,6.869,0.041,0.2651,0.75087,0.35446,0.3964,0.1797,0.3841,-0.1399,0.1804,-0.0915,0.2037,-0.0484,2.0232,1.3708,0.6525
2026-05-03,2025/2026,Aston Villa,Tottenham Hotspur,1,2,0.609494,1.12225,6.912,6.937,-0.025,-0.1666,0.89116,-0.16113,1.05229,0.8894,0.1824,-0.0775,0.0088,-0.1519,0.1736,0.0743,1.7428,1.0934,0.6494
2026-05-04,2025/2026,Chelsea,Nottingham Forest,1,3,2.17132,2.31019,7.071,6.698,0.373,2.4252,0.61564,0.48381,0.13183,-0.1066,0.3509,-0.0991,-0.0192,-0.1593,0.3701,0.0602,2.1792,1.0361,1.1431
2026-05-04,2025/2026,Everton,Manchester City,3,3,1.68558,1.41706,6.931,7.159,-0.229,-1.4923,0.55046,1.174,-0.62354,-0.9239,0.0441,-0.0724,0.4674,0.0519,-0.4233,-0.1242,1.2083,1.7631,-0.5548
2026-05-09,2025/2026,Brighton & Hove Albion,Wolverhampton Wanderers,3,0,2.22427,0.515647,6.959,6.794,0.164,1.0653,0.76296,-0.28425,1.04721,0.8839,0.1836,-0.0373,-0.1337,-0.276,0.3173,0.2387,2.0208,0.8906,1.1302
2026-05-09,2025/2026,Liverpool,Chelsea,1,1,0.623191,0.597184,6.941,6.942,-0.001,-0.0122,1.20591,0.40587,0.80004,0.6165,0.2744,-0.1272,0.3475,-0.1283,-0.0731,0.0011,1.8717,1.6079,0.2638
2026-05-09,2025/2026,Fulham,Bournemouth,0,1,1.24334,0.998003,6.929,6.909,0.019,0.1217,0.48344,0.61717,-0.13373,-0.3939,0.0762,-0.2222,0.3934,-0.1183,-0.3173,-0.1039,1.5235,1.8467,-0.3232
2026-05-09,2025/2026,Sunderland,Manchester United,0,0,1.2376,0.535981,6.794,7.084,-0.29,-1.8948,0.1292,0.73193,-0.60274,-0.9014,-0.0991,-0.2186,0.2756,0.0079,-0.3747,-0.2265,1.0862,1.6971,-0.6109
2026-05-09,2025/2026,Manchester City,Brentford,3,0,4.37429,0.670038,7.161,6.897,0.264,1.7142,1.70093,0.53172,1.16921,1.0159,0.4517,0.0373,0.3205,-0.0722,0.1311,0.1095,2.1807,1.2864,0.8943
2026-05-10,2025/2026,Crystal Palace,Everton,2,2,3.28826,2.10265,6.924,6.915,0.008,0.0512,0.25243,0.55541,-0.30297,-0.5771,0.1522,-0.1016,0.0665,-0.0592,0.0856,-0.0424,1.5475,1.182,0.3655
2026-05-10,2025/2026,Nottingham Forest,Newcastle United,1,1,1.46434,1.65067,6.851,6.96,-0.109,-0.716,0.66179,0.22281,0.43898,0.2258,0.0298,-0.1576,0.2771,-0.1556,-0.2473,-0.002,1.4867,1.5649,-0.0782
2026-05-10,2025/2026,West Ham United,Arsenal,0,1,1.32011,1.42953,6.875,7.029,-0.154,-1.007,0.36583,1.34811,-0.98228,-1.3121,0.0821,-0.1561,0.4127,0.2377,-0.3306,-0.3938,1.0516,1.7989,-0.7474
2026-05-10,2025/2026,Burnley,Aston Villa,2,2,1.71234,1.75493,6.719,6.961,-0.242,-1.5793,-0.53995,0.23519,-0.77514,-1.088,-0.1585,-0.376,0.1316,-0.0776,-0.2901,-0.2984,1.1213,1.71,-0.5888
2026-05-11,2025/2026,Tottenham Hotspur,Leeds United,1,1,1.49036,1.86976,6.925,6.862,0.064,0.4095,-0.07418,0.52878,-0.60296,-0.9017,0.0099,-0.1106,0.2428,-0.066,-0.2329,-0.0446,1.3603,1.4132,-0.0528
