match_id,season,round,timestamp,status,home_team,away_team,home_team_id,away_team_id,home_goals,away_goals,home_lineup_strength_rating,away_lineup_strength_rating,home_lineup_strength_mv,away_lineup_strength_mv
7089875,2016-2017,1.0,2016-08-13 11:30,Ended,Hull City,Leicester City,96.0,31.0,2.0,1.0,6.940892705079528,7.053340258545722,12.608539584914539,14.076381873749554
7089874,2016-2017,1.0,2016-08-13 14:00,Ended,Crystal Palace,West Bromwich Albion,7.0,8.0,0.0,1.0,6.8111038542112246,6.843358602935578,12.8180105567403,12.200959460886992
7089879,2016-2017,1.0,2016-08-13 14:00,Ended,Southampton,Watford,45.0,24.0,1.0,1.0,7.010005568161717,6.892259300154037,14.184995694487306,12.344997945281518
7089878,2016-2017,1.0,2016-08-13 14:00,Ended,Burnley,Swansea City,6.0,74.0,0.0,1.0,6.777462508251983,6.864467666172212,12.412708990872375,12.321581955231864
7089880,2016-2017,1.0,2016-08-13 14:00,Ended,Middlesbrough,Stoke City,36.0,29.0,1.0,1.0,7.004660223738079,6.8760758370547785,12.426138906020435,12.95638937779329
7089876,2016-2017,1.0,2016-08-13 14:00,Ended,Everton,Tottenham Hotspur,48.0,33.0,1.0,1.0,6.977476461559357,7.094835666839407,13.204346007437886,14.817407334605305
7089877,2016-2017,1.0,2016-08-13 16:30,Ended,Manchester City,Sunderland,17.0,41.0,2.0,1.0,7.119489538829881,6.866161392060647,16.12201913615796,12.422078029508201
7089873,2016-2017,1.0,2016-08-14 12:30,Ended,Bournemouth,Manchester United,60.0,35.0,1.0,3.0,6.841313359281762,7.009687421509762,13.750107657577114,14.427693838272797
7089871,2016-2017,1.0,2016-08-14 15:00,Ended,Arsenal,Liverpool,42.0,44.0,3.0,4.0,7.036256196028782,7.069549447285067,14.471893299213956,14.349597722983289
7089872,2016-2017,1.0,2016-08-15 19:00,Ended,Chelsea,West Ham United,38.0,37.0,2.0,1.0,7.0088141118403575,6.956120074624079,14.509316433503864,13.11614822130561
7090014,2016-2017,2.0,2016-08-19 19:00,Ended,Manchester United,Southampton,35.0,45.0,2.0,0.0,7.103807031627562,7.012781907605224,14.774149183285136,14.275782814686275
7090031,2016-2017,2.0,2016-08-20 11:30,Ended,Stoke City,Manchester City,29.0,17.0,1.0,4.0,6.890372338414466,7.10359632996799,12.493139567382238,15.569219536560619
7090019,2016-2017,2.0,2016-08-20 14:00,Ended,Watford,Chelsea,24.0,38.0,1.0,2.0,6.899255365212303,7.009297657720742,12.344997945281518,14.631644629350566
7090382,2016-2017,2.0,2016-08-20 14:00,Ended,Burnley,Liverpool,6.0,44.0,2.0,0.0,6.756160968660968,7.054727898472749,12.412708990872375,14.161424037453815
7090030,2016-2017,2.0,2016-08-20 14:00,Ended,Tottenham Hotspur,Crystal Palace,33.0,7.0,1.0,0.0,7.069541250736965,6.800931923127044,15.169059811871307,12.8180105567403
7090016,2016-2017,2.0,2016-08-20 14:00,Ended,West Bromwich Albion,Everton,8.0,48.0,1.0,2.0,6.843884834914532,6.990936081718479,12.200959460886992,13.204346007437886
7090015,2016-2017,2.0,2016-08-20 14:00,Ended,Swansea City,Hull City,74.0,96.0,0.0,2.0,6.935077932713049,7.071821152703506,12.380616624631918,12.608539584914539
7090013,2016-2017,2.0,2016-08-20 16:30,Ended,Leicester City,Arsenal,31.0,42.0,0.0,0.0,7.017911976086461,7.137726584044895,14.082148507918381,14.29461637332136
7090017,2016-2017,2.0,2016-08-21 12:30,Ended,Sunderland,Middlesbrough,41.0,36.0,1.0,2.0,6.767198358410968,6.8859568735394765,13.030102650606795,12.42476637708421
7090018,2016-2017,2.0,2016-08-21 15:00,Ended,West Ham United,Bournemouth,37.0,60.0,1.0,0.0,6.933767741770041,6.912029662290337,13.358813641197726,13.467887379482587
7090025,2016-2017,3.0,2016-08-27 11:30,Ended,Tottenham Hotspur,Liverpool,33.0,44.0,1.0,1.0,7.088251444723881,7.117042945171288,14.989466665292928,14.332663611847465
7090024,2016-2017,3.0,2016-08-27 14:00,Ended,Crystal Palace,Bournemouth,7.0,60.0,1.0,1.0,6.919433442774204,6.907675422669083,12.694909106880111,13.467887379482587
7090029,2016-2017,3.0,2016-08-27 14:00,Ended,Everton,Stoke City,48.0,29.0,1.0,0.0,7.007073101719201,6.860370477451971,14.565564538016096,12.493139567382238
7090023,2016-2017,3.0,2016-08-27 14:00,Ended,Leicester City,Swansea City,31.0,74.0,2.0,1.0,7.030894257379276,6.93376679128952,14.062137830999998,12.380616624631918
7090022,2016-2017,3.0,2016-08-27 14:00,Ended,Southampton,Sunderland,45.0,41.0,1.0,1.0,6.977087319590162,6.893181967263948,14.02573350616142,12.949745354664966
7090026,2016-2017,3.0,2016-08-27 14:00,Ended,Watford,Arsenal,24.0,42.0,1.0,3.0,6.8944478192708685,7.167908521079895,12.67492037601856,14.402537117818367
7090021,2016-2017,3.0,2016-08-27 14:00,Ended,Chelsea,Burnley,38.0,6.0,3.0,0.0,7.010695060916178,6.801526083344265,14.509316433503864,12.412708990872375
7090027,2016-2017,3.0,2016-08-27 16:30,Ended,Hull City,Manchester United,96.0,35.0,0.0,1.0,7.14506797296271,7.1333394466347135,12.608539584914539,14.774149183285136
7090020,2016-2017,3.0,2016-08-28 12:30,Ended,West Bromwich Albion,Middlesbrough,8.0,36.0,0.0,0.0,6.846628181190414,7.0782730646909755,12.92715369495035,12.42476637708421
7090028,2016-2017,3.0,2016-08-28 15:00,Ended,Manchester City,West Ham United,17.0,37.0,3.0,1.0,7.079194263732561,7.046796499932579,15.569219536560619,13.091561641875682
7090039,2016-2017,4.0,2016-09-10 11:30,Ended,Manchester United,Manchester City,35.0,17.0,1.0,2.0,7.123376957274834,7.101334607285351,14.957434153468293,15.444758163139568
7090037,2016-2017,4.0,2016-09-10 14:00,Ended,Arsenal,Southampton,42.0,45.0,2.0,1.0,7.098915499709109,6.931554276760878,13.4794961229824,13.72654088776101
7090036,2016-2017,4.0,2016-09-10 14:00,Ended,Bournemouth,West Bromwich Albion,60.0,8.0,1.0,0.0,6.861768085813481,6.847411259544154,13.302974535373574,12.649529387066252
7090041,2016-2017,4.0,2016-09-10 14:00,Ended,Burnley,Hull City,6.0,96.0,1.0,1.0,6.803457809170975,7.149681020733652,12.737548274745462,12.608539584914537
7090034,2016-2017,4.0,2016-09-10 14:00,Ended,Middlesbrough,Crystal Palace,36.0,7.0,1.0,2.0,7.235404035907108,6.844690916907658,12.864474090061297,13.828506821730763
7090032,2016-2017,4.0,2016-09-10 14:00,Ended,West Ham United,Watford,37.0,24.0,2.0,4.0,7.09488692460631,6.881484266226891,13.302734935094191,12.927527362253157
7090035,2016-2017,4.0,2016-09-10 14:00,Ended,Stoke City,Tottenham Hotspur,29.0,33.0,0.0,4.0,6.911769061291153,7.065354231141772,13.193421384163235,15.089121149153321
7090038,2016-2017,4.0,2016-09-10 16:30,Ended,Liverpool,Leicester City,44.0,31.0,4.0,1.0,7.095260490148788,7.030816084312448,14.406010918725661,14.062137830999998
7090040,2016-2017,4.0,2016-09-11 15:00,Ended,Swansea City,Chelsea,74.0,38.0,2.0,2.0,6.94765324774322,7.01644673013839,12.345085182462544,14.509316433503864
7090033,2016-2017,4.0,2016-09-12 19:00,Ended,Sunderland,Everton,41.0,48.0,0.0,3.0,6.875735518988562,7.0073611047173765,13.092584990091026,14.10814835672448
7090047,2016-2017,5.0,2016-09-16 19:00,Ended,Chelsea,Liverpool,38.0,44.0,1.0,2.0,7.023992070014975,7.09670704859771,14.190613129733284,14.19865334294329
7090046,2016-2017,5.0,2016-09-17 14:00,Ended,Manchester City,Bournemouth,17.0,60.0,4.0,0.0,7.041134974425393,6.894669906778969,15.08932602917819,12.866925966743818
7090050,2016-2017,5.0,2016-09-17 14:00,Ended,Leicester City,Burnley,31.0,6.0,3.0,0.0,7.037875252724385,6.785222156880874,13.914413646965382,12.692094376772564
7090048,2016-2017,5.0,2016-09-17 14:00,Ended,Hull City,Arsenal,96.0,42.0,1.0,4.0,7.122433425160699,7.174188313314778,12.608539584914539,14.378690301787021
7090045,2016-2017,5.0,2016-09-17 14:00,Ended,West Bromwich Albion,West Ham United,8.0,37.0,4.0,2.0,6.856909690382866,6.989763107811527,12.523201900049346,13.082801103990654
7090049,2016-2017,5.0,2016-09-17 16:30,Ended,Everton,Middlesbrough,48.0,36.0,3.0,1.0,7.026290439042325,6.984848484848484,14.10814835672448,12.787799299075186
7090051,2016-2017,5.0,2016-09-18 11:00,Ended,Watford,Manchester United,24.0,35.0,3.0,1.0,6.881051215357442,7.079231051080581,12.927527362253157,15.407876876991443
7090044,2016-2017,5.0,2016-09-18 13:15,Ended,Crystal Palace,Stoke City,7.0,29.0,4.0,1.0,6.856017549949981,6.876759983006314,13.828506821730763,13.86543322544913
7090042,2016-2017,5.0,2016-09-18 13:15,Ended,Southampton,Swansea City,45.0,74.0,1.0,0.0,6.974941444880668,6.9456803802584695,13.861817551673468,12.428065069957775
7090043,2016-2017,5.0,2016-09-18 15:30,Ended,Tottenham Hotspur,Sunderland,33.0,41.0,1.0,0.0,7.069905700732725,6.902339735138287,14.746087048536,13.337513370509818
7090058,2016-2017,6.0,2016-09-24 11:30,Ended,Manchester United,Leicester City,35.0,31.0,4.0,1.0,7.071785530412753,7.166383112479963,14.56115424046055,13.914413646965382
7090055,2016-2017,6.0,2016-09-24 14:00,Ended,Sunderland,Crystal Palace,41.0,7.0,2.0,3.0,6.8946922429717095,6.895585952789659,13.115315947875494,13.35447740122315
7090052,2016-2017,6.0,2016-09-24 14:00,Ended,Stoke City,West Bromwich Albion,29.0,8.0,1.0,1.0,6.867896324674433,6.84295055860593,13.481600740379037,12.48979108311671
7090054,2016-2017,6.0,2016-09-24 14:00,Ended,Liverpool,Hull City,44.0,96.0,5.0,1.0,7.077046584379944,7.053935921476028,14.471693489505828,12.608539584914539
7090061,2016-2017,6.0,2016-09-24 14:00,Ended,Bournemouth,Everton,60.0,48.0,1.0,0.0,6.863705655997664,7.022707415252276,13.133172883531191,13.698904865161298
7090056,2016-2017,6.0,2016-09-24 14:00,Ended,Middlesbrough,Tottenham Hotspur,36.0,33.0,1.0,2.0,6.8470409982174685,6.987091822624548,13.271739760871275,14.424367442779662
7090059,2016-2017,6.0,2016-09-24 14:00,Ended,Swansea City,Manchester City,74.0,17.0,1.0,3.0,6.917020497494372,7.167053696514157,12.64989010401448,15.385059565428373
7090060,2016-2017,6.0,2016-09-24 16:30,Ended,Arsenal,Chelsea,42.0,38.0,3.0,0.0,7.174865146237624,7.070455974713139,14.378690301787021,14.26433168331036
7090053,2016-2017,6.0,2016-09-25 15:00,Ended,West Ham United,Southampton,37.0,45.0,0.0,3.0,7.001890004021342,6.957659235273726,12.761165465725151,13.91985263264936
7090057,2016-2017,6.0,2016-09-26 19:00,Ended,Burnley,Watford,6.0,24.0,2.0,0.0,6.806029776674938,6.851509739159675,12.72816310213099,12.64890303604501
7090063,2016-2017,7.0,2016-09-30 19:00,Ended,Everton,Crystal Palace,48.0,7.0,1.0,1.0,7.014852072231583,6.843756737186886,13.698904865161298,13.828506821730763
7090066,2016-2017,7.0,2016-10-01 11:30,Ended,Swansea City,Liverpool,74.0,44.0,1.0,2.0,6.816727049843019,7.097041974168112,12.702537601389768,14.311288957108859
7090069,2016-2017,7.0,2016-10-01 14:00,Ended,Watford,Bournemouth,24.0,60.0,2.0,2.0,6.872957607333245,6.862829839562192,12.64890303604501,13.133172883531191
7090065,2016-2017,7.0,2016-10-01 14:00,Ended,Sunderland,West Bromwich Albion,41.0,8.0,1.0,1.0,6.752069511370982,6.83684428875228,13.871517115203687,12.48979108311671
7090068,2016-2017,7.0,2016-10-01 14:00,Ended,Hull City,Chelsea,96.0,38.0,0.0,2.0,6.962239591731875,6.995266206970007,12.718588344182784,14.048075245987157
7090062,2016-2017,7.0,2016-10-01 14:00,Ended,West Ham United,Middlesbrough,37.0,36.0,1.0,1.0,7.071176467182005,6.820797047847109,12.699522325399485,13.652672995453994
7090067,2016-2017,7.0,2016-10-02 11:00,Ended,Manchester United,Stoke City,35.0,29.0,1.0,1.0,7.082934033059375,6.872674384322352,14.56115424046055,13.481600740379037
7090070,2016-2017,7.0,2016-10-02 13:15,Ended,Leicester City,Southampton,31.0,45.0,0.0,0.0,7.054879622086898,6.975181106973408,13.844018362333946,13.91985263264936
7090064,2016-2017,7.0,2016-10-02 13:15,Ended,Tottenham Hotspur,Manchester City,33.0,17.0,2.0,0.0,7.057677439851862,7.089434914005711,14.159238150982478,14.703107933568155
7090071,2016-2017,7.0,2016-10-02 15:30,Ended,Burnley,Arsenal,6.0,42.0,0.0,1.0,6.835407741899678,7.1572711248723015,12.72816310213099,14.884544832335617
7090079,2016-2017,8.0,2016-10-15 11:30,Ended,Chelsea,Leicester City,38.0,31.0,3.0,0.0,7.006470240495008,6.986366785968181,14.139821392872182,13.492336929540386
7090081,2016-2017,8.0,2016-10-15 14:00,Ended,Stoke City,Sunderland,29.0,41.0,2.0,0.0,6.962581295921029,6.78221661423875,13.481600740379037,13.632804542128659
7090075,2016-2017,8.0,2016-10-15 14:00,Ended,Arsenal,Swansea City,42.0,74.0,3.0,2.0,7.1614077503527,6.877271072300946,14.884544832335616,12.570577570240237
7090072,2016-2017,8.0,2016-10-15 14:00,Ended,West Bromwich Albion,Tottenham Hotspur,8.0,33.0,1.0,1.0,6.838958752961747,6.9997130562107,12.48979108311671,14.13507935579169
7090073,2016-2017,8.0,2016-10-15 14:00,Ended,Manchester City,Everton,17.0,48.0,1.0,1.0,7.210341373281844,6.997654730513499,15.552253554987063,13.327624234357812
7090078,2016-2017,8.0,2016-10-15 14:00,Ended,Bournemouth,Hull City,60.0,96.0,6.0,1.0,6.856955156965299,6.993129140228257,13.133172883531191,14.158461981201835
7090074,2016-2017,8.0,2016-10-15 16:30,Ended,Crystal Palace,West Ham United,7.0,37.0,0.0,1.0,6.835351072724067,7.009993795294054,13.828506821730763,12.83191464438895
7090076,2016-2017,8.0,2016-10-16 12:30,Ended,Middlesbrough,Watford,36.0,24.0,0.0,1.0,6.833929141034404,6.875654492921643,13.31193343700742,12.769615978975905
7090077,2016-2017,8.0,2016-10-16 15:00,Ended,Southampton,Burnley,45.0,6.0,3.0,1.0,6.9946404749593025,6.848395127599673,13.590423437535236,12.72816310213099
7090080,2016-2017,8.0,2016-10-17 19:00,Ended,Liverpool,Manchester United,44.0,35.0,0.0,0.0,7.114432163288242,7.07435532452866,14.426721518660692,14.560004607076923
7090122,2016-2017,9.0,2016-10-22 11:30,Ended,Bournemouth,Tottenham Hotspur,60.0,33.0,0.0,0.0,6.856187148290877,7.094632402225048,13.302974535373574,14.626047577987853
7090102,2016-2017,9.0,2016-10-22 14:00,Ended,Burnley,Everton,6.0,48.0,2.0,1.0,6.819860697349784,7.0132414662227776,12.463860829331457,13.698904865161298
7090123,2016-2017,9.0,2016-10-22 14:00,Ended,West Ham United,Sunderland,37.0,41.0,1.0,0.0,7.049971410612709,6.771765747621362,13.078660494116162,13.403139372091896
7090098,2016-2017,9.0,2016-10-22 14:00,Ended,Hull City,Stoke City,96.0,29.0,0.0,2.0,6.845254245754247,6.96728814380102,12.131169662971537,13.481600740379037
7090119,2016-2017,9.0,2016-10-22 14:00,Ended,Leicester City,Crystal Palace,31.0,7.0,3.0,1.0,7.022448171864403,6.856527643586173,13.63227812908789,13.828506821730763
7090116,2016-2017,9.0,2016-10-22 14:00,Ended,Arsenal,Middlesbrough,42.0,36.0,0.0,0.0,7.125242713522701,6.964898989898989,14.799642171719848,13.387826979599508
7090109,2016-2017,9.0,2016-10-22 14:00,Ended,Swansea City,Watford,74.0,24.0,0.0,0.0,6.687567957099807,6.909847808336547,12.478455542898796,12.927527362253157
7090096,2016-2017,9.0,2016-10-22 16:30,Ended,Liverpool,West Bromwich Albion,44.0,8.0,2.0,1.0,7.115036150394127,6.81126011979032,14.426721518660692,12.48979108311671
7090088,2016-2017,9.0,2016-10-23 12:30,Ended,Manchester City,Southampton,17.0,45.0,1.0,1.0,7.217355577517737,6.995235987234736,16.001608295537096,13.436174778620268
7090092,2016-2017,9.0,2016-10-23 15:00,Ended,Chelsea,Manchester United,38.0,35.0,4.0,0.0,7.023291532818711,7.071007053752701,14.139821392872182,14.77206076825489
7090090,2016-2017,10.0,2016-10-29 11:30,Ended,Sunderland,Arsenal,41.0,42.0,1.0,4.0,6.762602875593306,7.136115685920833,13.403139372091896,14.703197754111946
7090085,2016-2017,10.0,2016-10-29 14:00,Ended,West Bromwich Albion,Manchester City,8.0,17.0,0.0,4.0,6.848142092686265,7.100008662113572,12.624443754920543,14.6921702830344
7090110,2016-2017,10.0,2016-10-29 14:00,Ended,Manchester United,Burnley,35.0,6.0,0.0,0.0,7.028337609591324,6.796798169151111,14.526112354280096,12.505110639469061
7090087,2016-2017,10.0,2016-10-29 14:00,Ended,Middlesbrough,Bournemouth,36.0,60.0,2.0,0.0,6.975589826839826,6.868728198184224,13.177926544721963,13.302974535373574
7090107,2016-2017,10.0,2016-10-29 14:00,Ended,Tottenham Hotspur,Leicester City,33.0,31.0,1.0,1.0,7.068333683839485,7.040604959590372,14.718175764074408,13.835655844790345
7090095,2016-2017,10.0,2016-10-29 14:00,Ended,Watford,Hull City,24.0,96.0,1.0,0.0,6.880439868751921,6.753171945014049,12.64890303604501,13.181621733121252
7090097,2016-2017,10.0,2016-10-29 16:30,Ended,Crystal Palace,Liverpool,7.0,44.0,2.0,4.0,6.854012179940634,7.097178099198539,13.641197659928014,14.443655629796515
7090127,2016-2017,10.0,2016-10-30 13:30,Ended,Everton,West Ham United,48.0,37.0,2.0,0.0,7.025094872754381,7.0819117394576105,13.311375628410625,13.079020605212152
7090100,2016-2017,10.0,2016-10-30 16:00,Ended,Southampton,Chelsea,45.0,38.0,0.0,2.0,6.979837687456637,7.039826707797346,13.436174778620268,14.139821392872182
7090118,2016-2017,10.0,2016-10-31 20:00,Ended,Stoke City,Swansea City,29.0,74.0,3.0,1.0,6.99303216776901,6.84646856804182,13.481600740379037,12.512881896600378
7090121,2016-2017,11.0,2016-11-05 15:00,Ended,West Ham United,Stoke City,37.0,29.0,1.0,1.0,7.039229468156603,6.983592124088428,12.795743424109256,12.863041843273038
7090083,2016-2017,11.0,2016-11-05 15:00,Ended,Manchester City,Middlesbrough,17.0,36.0,1.0,1.0,7.146166800344185,6.966814400691406,15.876783537831711,13.749768268857268
7090084,2016-2017,11.0,2016-11-05 15:00,Ended,Bournemouth,Sunderland,60.0,41.0,1.0,2.0,6.8760400680014895,6.780077257617673,12.866925966743818,13.239267777900887
7090130,2016-2017,11.0,2016-11-05 15:00,Ended,Burnley,Crystal Palace,6.0,7.0,3.0,2.0,6.823953839978423,6.878840726576893,12.463860829331457,13.828506821730763
7090106,2016-2017,11.0,2016-11-05 17:30,Ended,Chelsea,Everton,38.0,48.0,5.0,0.0,7.049936537347846,7.020133753988244,14.139821392872182,13.287142061122436
7090156,2016-2017,11.0,2016-11-06 12:00,Ended,Arsenal,Tottenham Hotspur,42.0,33.0,1.0,1.0,7.125808229971439,7.114652156155214,15.177812246094302,14.876211324832887
7090108,2016-2017,11.0,2016-11-06 14:15,Ended,Liverpool,Watford,44.0,24.0,6.0,1.0,7.128615650511434,6.886999897755246,14.60155512125164,12.64890303604501
7090113,2016-2017,11.0,2016-11-06 14:15,Ended,Hull City,Southampton,96.0,45.0,2.0,1.0,6.771779448621555,6.96080280710073,13.181621733121252,13.476944939076482
7090157,2016-2017,11.0,2016-11-06 15:00,Ended,Swansea City,Manchester United,74.0,35.0,1.0,3.0,6.8175480462698435,7.043153676574729,12.639833474620724,13.79923330898477
7090126,2016-2017,11.0,2016-11-06 16:30,Ended,Leicester City,West Bromwich Albion,31.0,8.0,1.0,2.0,7.0181846058905855,6.859210104329834,13.720272234877184,12.754852889888095
7090112,2016-2017,12.0,2016-11-19 12:30,Ended,Manchester United,Arsenal,35.0,42.0,1.0,1.0,7.037862373539028,7.089223288241055,14.483289601210846,13.297985067453165
7090082,2016-2017,12.0,2016-11-19 15:00,Ended,Southampton,Liverpool,45.0,44.0,0.0,0.0,6.913783089526578,7.132966976999998,13.913845163619328,14.448891334884559
7090125,2016-2017,12.0,2016-11-19 15:00,Ended,Sunderland,Hull City,41.0,96.0,3.0,0.0,6.818207849581199,6.910632868492299,13.32321189788435,13.287590459552154
7090161,2016-2017,12.0,2016-11-19 15:00,Ended,Watford,Leicester City,24.0,31.0,2.0,1.0,6.891602022032334,6.98179052966556,12.441609587219146,14.150131936789291
7090129,2016-2017,12.0,2016-11-19 15:00,Ended,Crystal Palace,Manchester City,7.0,17.0,1.0,2.0,6.895935322523521,7.140656359994408,13.828506821730763,15.2837659318454
7090099,2016-2017,12.0,2016-11-19 15:00,Ended,Stoke City,Bournemouth,29.0,60.0,0.0,1.0,6.986476492836918,6.896652888645335,13.481600740379037,14.336043327578988
7090103,2016-2017,12.0,2016-11-19 15:00,Ended,Everton,Swansea City,48.0,74.0,1.0,1.0,7.000558223831283,6.88195881156442,13.546189743182273,12.654828000226281
7090114,2016-2017,12.0,2016-11-19 17:30,Ended,Tottenham Hotspur,West Ham United,33.0,37.0,3.0,2.0,7.102201203891244,6.992088546047384,15.014874772055995,12.775701941951601
7090131,2016-2017,12.0,2016-11-20 16:00,Ended,Middlesbrough,Chelsea,36.0,38.0,0.0,1.0,6.932691651238975,7.072435451639302,13.443835036845453,14.139821392872182
7090101,2016-2017,12.0,2016-11-21 20:00,Ended,West Bromwich Albion,Burnley,8.0,6.0,4.0,0.0,6.866604448747018,6.860132440586986,12.754852889888095,12.463860829331457
7090132,2016-2017,13.0,2016-11-26 12:30,Ended,Burnley,Manchester City,6.0,17.0,1.0,2.0,6.815053633710947,7.088992549784407,12.903916182238898,14.12895046118878
7090115,2016-2017,13.0,2016-11-26 15:00,Ended,Hull City,West Bromwich Albion,96.0,8.0,1.0,1.0,6.859015479470025,6.88363280942552,13.287590459552154,12.754852889888095
7090188,2016-2017,13.0,2016-11-26 15:00,Ended,Swansea City,Crystal Palace,74.0,7.0,5.0,4.0,6.871819571803664,6.902278790925849,12.654828000226281,13.414517339713514
7090128,2016-2017,13.0,2016-11-26 15:00,Ended,Liverpool,Sunderland,44.0,41.0,2.0,0.0,7.133799232786194,6.821669141950689,14.448891334884559,13.487752933038012
7090117,2016-2017,13.0,2016-11-26 15:00,Ended,Leicester City,Middlesbrough,31.0,36.0,2.0,2.0,6.95973667499344,6.929479739627961,14.150131936789291,13.443835036845453
7090089,2016-2017,13.0,2016-11-26 17:30,Ended,Chelsea,Tottenham Hotspur,38.0,33.0,2.0,1.0,7.072640216436926,7.102241154460557,14.139821392872182,14.810578309541459
7090135,2016-2017,13.0,2016-11-27 12:00,Ended,Watford,Stoke City,24.0,29.0,0.0,1.0,6.880792893051173,6.895831151334898,12.441609587219146,12.932175765274058
7090111,2016-2017,13.0,2016-11-27 14:15,Ended,Arsenal,Bournemouth,42.0,60.0,3.0,1.0,7.100153329164098,6.862516255331153,14.725957519609295,13.91319761097023
7090150,2016-2017,13.0,2016-11-27 16:30,Ended,Southampton,Everton,45.0,48.0,1.0,0.0,6.943183526079387,7.009081968460185,13.91308713938067,14.10814835672448
7090104,2016-2017,13.0,2016-11-27 16:30,Ended,Manchester United,West Ham United,35.0,37.0,1.0,1.0,7.0589101777601,6.980001262369683,14.372990953686037,12.814561451918303
7090091,2016-2017,14.0,2016-12-03 12:30,Ended,Manchester City,Chelsea,17.0,38.0,1.0,3.0,7.203902598692684,7.1037368202928,15.70694714791519,14.110347476278717
7090105,2016-2017,14.0,2016-12-03 15:00,Ended,Stoke City,Burnley,29.0,6.0,2.0,0.0,6.907258843716615,6.729035087719299,12.932175765274058,12.79790220003778
7090166,2016-2017,14.0,2016-12-03 15:00,Ended,West Bromwich Albion,Watford,8.0,24.0,3.0,1.0,6.88391367433789,6.898589599081503,12.754852889888095,12.488113298227853
7090175,2016-2017,14.0,2016-12-03 15:00,Ended,Tottenham Hotspur,Swansea City,33.0,74.0,5.0,0.0,7.102929235276312,6.852634571368913,15.057565435115071,12.566467219803958
7090094,2016-2017,14.0,2016-12-03 15:00,Ended,Sunderland,Leicester City,41.0,31.0,2.0,1.0,6.827187464729482,6.974655062337794,13.100781984016873,13.914413646965382
7090120,2016-2017,14.0,2016-12-03 15:00,Ended,Crystal Palace,Southampton,7.0,45.0,3.0,0.0,6.872399638258222,6.932644191581869,13.828506821730763,14.072651598410847
7090172,2016-2017,14.0,2016-12-03 17:30,Ended,West Ham United,Arsenal,37.0,42.0,1.0,5.0,6.92926934140402,7.161139301960208,13.50168650198931,14.35324152213821
7090086,2016-2017,14.0,2016-12-04 13:30,Ended,Bournemouth,Liverpool,60.0,44.0,4.0,3.0,6.936919787697662,7.065803437341654,14.138689802923468,14.25362235128049
7090124,2016-2017,14.0,2016-12-04 16:00,Ended,Everton,Manchester United,48.0,35.0,1.0,1.0,6.996702149842363,7.09557026093544,13.307125671025648,14.368372009068095
7090093,2016-2017,14.0,2016-12-05 20:00,Ended,Middlesbrough,Hull City,36.0,96.0,1.0,0.0,6.826759301304756,6.852564577553136,13.04168572851571,12.718588344182784
7090151,2016-2017,15.0,2016-12-10 12:30,Ended,Watford,Everton,24.0,48.0,3.0,2.0,6.865230647469738,7.008477200365542,11.738420171524696,13.018177731803249
7090181,2016-2017,15.0,2016-12-10 15:00,Ended,Hull City,Crystal Palace,96.0,7.0,3.0,3.0,6.860488006548805,6.831528700541387,13.585379832995121,13.828506821730763
7090177,2016-2017,15.0,2016-12-10 15:00,Ended,Arsenal,Stoke City,42.0,29.0,3.0,1.0,7.177866810614239,6.963783472848044,14.35324152213821,12.932175765274058
7090160,2016-2017,15.0,2016-12-10 15:00,Ended,Burnley,Bournemouth,6.0,60.0,3.0,2.0,6.813471521147474,6.934646834055897,12.349183937612388,14.074606872709115
7090143,2016-2017,15.0,2016-12-10 15:00,Ended,Swansea City,Sunderland,74.0,41.0,3.0,0.0,6.817750865364502,6.888009604239112,12.987251231499886,13.087473600431634
7090180,2016-2017,15.0,2016-12-10 17:30,Ended,Leicester City,Manchester City,31.0,17.0,4.0,2.0,6.971472573994569,7.061797119247603,13.914413646965382,15.133833490574025
7090164,2016-2017,15.0,2016-12-11 12:00,Ended,Chelsea,West Bromwich Albion,38.0,8.0,1.0,0.0,7.07711910215678,6.896902202084887,14.139821392872182,12.754852889888095
7090149,2016-2017,15.0,2016-12-11 14:15,Ended,Southampton,Middlesbrough,45.0,36.0,1.0,0.0,6.9688466007223,6.89194005994006,13.770198547424869,13.37951095502545
7090138,2016-2017,15.0,2016-12-11 14:15,Ended,Manchester United,Tottenham Hotspur,35.0,33.0,1.0,0.0,7.093761164790909,7.1366525766245505,14.368372009068095,14.972066184222687
7090141,2016-2017,15.0,2016-12-11 16:30,Ended,Liverpool,West Ham United,44.0,37.0,2.0,2.0,7.054650866944389,6.9720091927665555,14.094323419771003,12.913122199626637
7090167,2016-2017,16.0,2016-12-13 19:45,Ended,Everton,Arsenal,48.0,42.0,2.0,1.0,6.96785936826806,7.168620110233423,13.862376407329918,14.42287160228046
7090159,2016-2017,16.0,2016-12-13 19:45,Ended,Bournemouth,Leicester City,60.0,31.0,1.0,0.0,6.874131078487707,6.948953388549473,13.788941513481712,13.914413646965382
7090136,2016-2017,16.0,2016-12-14 19:45,Ended,Middlesbrough,Liverpool,36.0,44.0,0.0,3.0,6.982140485776849,7.011025720514922,13.749768268857268,14.11569807450961
7090137,2016-2017,16.0,2016-12-14 19:45,Ended,Sunderland,Chelsea,41.0,38.0,0.0,1.0,6.865021786188538,7.090852547905575,12.999774273155412,13.981746714604386
7090165,2016-2017,16.0,2016-12-14 19:45,Ended,West Ham United,Burnley,37.0,6.0,1.0,0.0,7.032006909714014,6.79995470080606,12.753680416261995,12.412708990872375
7090173,2016-2017,16.0,2016-12-14 20:00,Ended,Stoke City,Southampton,29.0,45.0,0.0,0.0,6.946096369861076,7.012199524564654,13.481600740379037,13.825036681706337
7090168,2016-2017,16.0,2016-12-14 20:00,Ended,West Bromwich Albion,Swansea City,8.0,74.0,3.0,1.0,6.870772920814274,6.8357405291473325,12.40803456963521,12.524661655493968
7090187,2016-2017,16.0,2016-12-14 20:00,Ended,Tottenham Hotspur,Hull City,33.0,96.0,3.0,0.0,7.075600287803571,6.869052059052058,14.513780693070158,13.585379832995121
7090133,2016-2017,16.0,2016-12-14 20:00,Ended,Manchester City,Watford,17.0,24.0,2.0,0.0,7.10490159091369,6.879533189993119,15.124929369108893,12.881477249426217
7090171,2016-2017,16.0,2016-12-14 20:00,Ended,Crystal Palace,Manchester United,7.0,35.0,1.0,2.0,6.84582053721075,7.1512566243290685,13.641197659928014,13.87568859343412
7090179,2016-2017,17.0,2016-12-17 12:30,Ended,Crystal Palace,Chelsea,7.0,38.0,0.0,1.0,6.871619769423535,7.083918602049374,14.032117909904798,14.048075245987157
7090158,2016-2017,17.0,2016-12-17 15:00,Ended,Sunderland,Watford,41.0,24.0,1.0,0.0,6.890754915234538,6.91266056545222,12.993138957078896,12.344997945281518
7090163,2016-2017,17.0,2016-12-17 15:00,Ended,West Ham United,Hull City,37.0,96.0,1.0,0.0,7.045179093018192,6.906670706153844,12.753680416261995,14.51398125162924
7090139,2016-2017,17.0,2016-12-17 15:00,Ended,Stoke City,Leicester City,29.0,31.0,2.0,2.0,6.929694096702699,6.991612797228509,11.889413715687185,13.844018362333946
7090147,2016-2017,17.0,2016-12-17 15:00,Ended,Middlesbrough,Swansea City,36.0,74.0,3.0,0.0,6.890185159215907,6.830586898063173,13.04168572851571,12.987251231499886
7090193,2016-2017,17.0,2016-12-17 17:30,Ended,West Bromwich Albion,Manchester United,8.0,35.0,0.0,2.0,6.864908159641313,7.106262761649125,12.754852889888095,14.109488148948634
7090190,2016-2017,17.0,2016-12-18 13:30,Ended,Bournemouth,Southampton,60.0,45.0,1.0,3.0,6.904762580763016,6.958691317623141,14.138689802923468,14.184341440939718
7090214,2016-2017,17.0,2016-12-18 16:00,Ended,Tottenham Hotspur,Burnley,33.0,6.0,2.0,1.0,7.118163934227858,6.800935731924401,14.88017991212221,12.615335087396858
7090142,2016-2017,17.0,2016-12-18 16:00,Ended,Manchester City,Arsenal,17.0,42.0,2.0,1.0,7.144162060894036,7.141385102573967,15.187353270753608,14.89831017393268
7090185,2016-2017,17.0,2016-12-19 20:00,Ended,Everton,Liverpool,48.0,44.0,0.0,1.0,6.977987667909118,7.030613336542829,13.498390424317988,14.11569807450961
7090134,2016-2017,18.0,2016-12-26 12:30,Ended,Watford,Crystal Palace,24.0,7.0,1.0,1.0,6.872097611257768,6.872461861124955,12.541906719971585,13.828506821730763
7090162,2016-2017,18.0,2016-12-26 15:00,Ended,Chelsea,Bournemouth,38.0,60.0,3.0,0.0,7.114951712280244,6.855256103355188,13.86287467837163,13.09525190149418
7090169,2016-2017,18.0,2016-12-26 15:00,Ended,Manchester United,Sunderland,35.0,41.0,3.0,1.0,7.131266387144908,6.884559651527757,13.942831969040654,12.95794234859081
7090230,2016-2017,18.0,2016-12-26 15:00,Ended,Swansea City,West Ham United,74.0,37.0,1.0,4.0,6.79410391534848,7.00104764595157,12.828152674664285,12.511127239801374
7090186,2016-2017,18.0,2016-12-26 15:00,Ended,Leicester City,Everton,31.0,48.0,0.0,2.0,6.851799081583315,6.996680342424427,14.181438106614568,13.70708803721157
7090170,2016-2017,18.0,2016-12-26 15:00,Ended,Arsenal,West Bromwich Albion,42.0,8.0,1.0,0.0,7.163406241870834,6.891385483228661,14.743624514508623,12.754852889888095
7090148,2016-2017,18.0,2016-12-26 15:00,Ended,Burnley,Middlesbrough,6.0,36.0,1.0,0.0,6.763000771745379,6.911318052862171,12.63981811696339,13.126471624989607
7090183,2016-2017,18.0,2016-12-26 17:15,Ended,Hull City,Manchester City,96.0,17.0,0.0,3.0,6.912435530810655,7.104905413422491,14.51398125162924,15.569219536560619
7090182,2016-2017,18.0,2016-12-27 17:15,Ended,Liverpool,Stoke City,44.0,29.0,4.0,1.0,7.038795735340551,6.92991478840658,14.11569807450961,11.889413715687185
7090144,2016-2017,18.0,2016-12-28 19:45,Ended,Southampton,Tottenham Hotspur,45.0,33.0,1.0,4.0,6.994700606780097,7.097522484431827,13.887653129483898,14.513780693070158
7090145,2016-2017,19.0,2016-12-30 20:00,Ended,Hull City,Everton,96.0,48.0,2.0,2.0,6.861967667488196,6.997983438835782,14.390361391985678,14.236827179763184
7090229,2016-2017,19.0,2016-12-31 15:00,Ended,Southampton,West Bromwich Albion,45.0,8.0,1.0,2.0,7.006918996619763,6.903544312846474,14.056534251215426,12.682623690627546
7090189,2016-2017,19.0,2016-12-31 15:00,Ended,Chelsea,Stoke City,38.0,29.0,4.0,2.0,7.1292993250598675,6.921240788365345,14.005494736981545,12.503594989022
7090285,2016-2017,19.0,2016-12-31 15:00,Ended,Swansea City,Bournemouth,74.0,60.0,0.0,3.0,6.8336753254968015,6.975155454601927,12.364775326160832,13.977421710159117
7090286,2016-2017,19.0,2016-12-31 15:00,Ended,Manchester United,Middlesbrough,35.0,36.0,2.0,1.0,7.124008672920481,6.965108230428132,14.580633074766665,14.09698177205218
7090146,2016-2017,19.0,2016-12-31 15:00,Ended,Leicester City,West Ham United,31.0,37.0,1.0,0.0,6.910556513558279,7.017589747335919,14.44946368617652,12.511127239801374
7090176,2016-2017,19.0,2016-12-31 15:00,Ended,Burnley,Sunderland,6.0,41.0,4.0,1.0,6.83218818452086,6.895849975854606,12.615335087396858,12.098653868872919
7090140,2016-2017,19.0,2016-12-31 17:30,Ended,Liverpool,Manchester City,44.0,17.0,1.0,0.0,7.063228495876217,7.163777286443149,14.395271318208732,15.569219536560619
7090174,2016-2017,19.0,2017-01-01 13:30,Ended,Watford,Tottenham Hotspur,24.0,33.0,1.0,4.0,6.89682771755883,7.093904378921821,13.152090577840301,14.810578309541459
7090184,2016-2017,19.0,2017-01-01 16:00,Ended,Arsenal,Crystal Palace,42.0,7.0,2.0,0.0,7.067348532995795,6.883797694816504,14.552678760549213,13.828506821730763
7090178,2016-2017,20.0,2017-01-02 12:30,Ended,Middlesbrough,Leicester City,36.0,31.0,0.0,0.0,6.942561318657575,6.913413934365676,13.443835036845453,14.135343698988047
7090224,2016-2017,20.0,2017-01-02 15:00,Ended,Sunderland,Liverpool,41.0,44.0,2.0,2.0,,,,
7090236,2016-2017,20.0,2017-01-02 15:00,Ended,Manchester City,Burnley,17.0,6.0,2.0,1.0,7.102120274427264,6.818768978308804,15.199552616247892,12.682408473927985
7090228,2016-2017,20.0,2017-01-02 15:00,Ended,Everton,Southampton,48.0,45.0,3.0,0.0,6.975172599002579,6.917330872806151,14.31549148350095,13.41515030642916
7090199,2016-2017,20.0,2017-01-02 15:00,Ended,West Bromwich Albion,Hull City,8.0,96.0,3.0,1.0,6.91415987839731,6.883448512506351,12.906009578072627,12.718588344182784
7090200,2016-2017,20.0,2017-01-02 17:15,Ended,West Ham United,Manchester United,37.0,35.0,0.0,2.0,7.019605889101682,7.121153167174899,12.681693961844648,14.242316411896883
7090213,2016-2017,20.0,2017-01-03 19:45,Ended,Bournemouth,Arsenal,60.0,42.0,3.0,3.0,6.978283851214547,7.119443381728823,14.356263513671934,14.693784852583093
7090220,2016-2017,20.0,2017-01-03 20:00,Ended,Crystal Palace,Swansea City,7.0,74.0,1.0,2.0,6.861218268970054,6.825398937144097,13.828506821730763,12.622068114338546
7090226,2016-2017,20.0,2017-01-03 20:00,Ended,Stoke City,Watford,29.0,24.0,2.0,0.0,6.919520516617593,6.860770874786933,12.609815787513316,13.729745513215908
7090284,2016-2017,20.0,2017-01-04 20:00,Ended,Tottenham Hotspur,Chelsea,33.0,38.0,2.0,0.0,7.1438615034227615,7.0858974436432955,14.817407334605305,14.139821392872182
7090219,2016-2017,21.0,2017-01-14 12:30,Ended,Tottenham Hotspur,West Bromwich Albion,33.0,8.0,4.0,0.0,7.146723210271056,6.885861346535378,14.817407334605305,12.906009578072627
7090245,2016-2017,21.0,2017-01-14 15:00,Ended,Burnley,Southampton,6.0,45.0,1.0,0.0,6.841000262956785,6.973427946618347,12.904883069873959,14.365886172043645
7090204,2016-2017,21.0,2017-01-14 15:00,Ended,Watford,Middlesbrough,24.0,36.0,0.0,0.0,6.9087218524296565,6.915741542995942,13.160071650224966,13.652672995453994
7090221,2016-2017,21.0,2017-01-14 15:00,Ended,West Ham United,Crystal Palace,37.0,7.0,3.0,0.0,6.631903041819843,6.902458573958521,12.744153077047898,13.35447740122315
7090283,2016-2017,21.0,2017-01-14 15:00,Ended,Swansea City,Arsenal,74.0,42.0,0.0,4.0,6.826007367035226,7.164948418295734,12.256452946879394,14.65652997864587
7090208,2016-2017,21.0,2017-01-14 15:00,Ended,Sunderland,Stoke City,41.0,29.0,1.0,3.0,6.848657085119536,6.942508126200017,12.613470373456925,13.481600740379037
7090211,2016-2017,21.0,2017-01-14 15:00,Ended,Hull City,Bournemouth,96.0,60.0,3.0,1.0,6.922695550063971,6.949866565089734,13.323982527818055,13.646708320051149
7090222,2016-2017,21.0,2017-01-14 17:30,Ended,Leicester City,Chelsea,31.0,38.0,0.0,3.0,6.971008189829923,7.092949336358768,14.318263755188276,14.022234725095725
7090215,2016-2017,21.0,2017-01-15 13:30,Ended,Everton,Manchester City,48.0,17.0,4.0,0.0,6.998230852283325,7.1355862710487346,14.103425356712252,15.569219536560619
7090210,2016-2017,21.0,2017-01-15 16:00,Ended,Manchester United,Liverpool,35.0,44.0,1.0,1.0,7.1349070791877915,7.089768987675938,14.368372009068095,14.666269521249047
7090218,2016-2017,22.0,2017-01-21 12:30,Ended,Liverpool,Swansea City,44.0,74.0,2.0,3.0,7.0919393888057805,6.857868374908594,14.330967226055154,12.06544654380507
7090217,2016-2017,22.0,2017-01-21 15:00,Ended,Bournemouth,Watford,60.0,24.0,2.0,2.0,6.931615971378039,6.905081186724422,14.199114775388347,13.160071650224966
7090216,2016-2017,22.0,2017-01-21 15:00,Ended,West Bromwich Albion,Sunderland,8.0,41.0,2.0,0.0,6.873573906557474,6.842882940523245,12.754852889888095,12.92321428691513
7090198,2016-2017,22.0,2017-01-21 15:00,Ended,Stoke City,Manchester United,29.0,35.0,1.0,1.0,6.963462527847909,7.141570050230879,13.481600740379037,14.246374639235723
7090207,2016-2017,22.0,2017-01-21 15:00,Ended,Middlesbrough,West Ham United,36.0,37.0,1.0,3.0,6.9654571503097396,6.845653607795786,13.733399516710945,12.809981865232235
7090209,2016-2017,22.0,2017-01-21 15:00,Ended,Crystal Palace,Everton,7.0,48.0,0.0,1.0,6.888408478862714,7.019078396794222,13.585526461409799,14.103425356712252
7090197,2016-2017,22.0,2017-01-21 17:30,Ended,Manchester City,Tottenham Hotspur,17.0,33.0,2.0,2.0,7.164313813722842,7.138477643566002,15.711215545962103,14.56956658089871
7090241,2016-2017,22.0,2017-01-22 12:00,Ended,Southampton,Leicester City,45.0,31.0,3.0,0.0,6.9477518351190435,6.924433641488526,14.19373031248541,14.326901736902773
7090203,2016-2017,22.0,2017-01-22 14:15,Ended,Arsenal,Burnley,42.0,6.0,2.0,1.0,7.168392664569135,6.846792769751775,14.65652997864587,12.904883069873959
7090238,2016-2017,22.0,2017-01-22 16:30,Ended,Chelsea,Hull City,38.0,96.0,2.0,0.0,7.084359488191907,6.969828293526106,14.139821392872182,13.95508426549938
7090343,2016-2017,23.0,2017-01-31 19:45,Ended,Arsenal,Watford,42.0,24.0,1.0,2.0,7.181053634332207,6.883040665570554,14.23498453652204,12.807934032065537
7090242,2016-2017,23.0,2017-01-31 19:45,Ended,Bournemouth,Crystal Palace,60.0,7.0,0.0,2.0,6.896940569561671,6.915487004662354,13.39705296571109,13.668497482919262
7090361,2016-2017,23.0,2017-01-31 19:45,Ended,Burnley,Leicester City,6.0,31.0,1.0,0.0,6.847436184366336,7.002831821239209,12.904883069873959,14.669245089213678
7090212,2016-2017,23.0,2017-01-31 19:45,Ended,Sunderland,Tottenham Hotspur,41.0,33.0,0.0,0.0,6.747927419183389,7.1284464429420265,12.688668529582078,15.23935316149157
7090192,2016-2017,23.0,2017-01-31 19:45,Ended,Swansea City,Southampton,74.0,45.0,2.0,1.0,6.858602036145926,6.874504376894468,12.06544654380507,13.574441642717698
7090205,2016-2017,23.0,2017-01-31 19:45,Ended,Middlesbrough,West Bromwich Albion,36.0,8.0,1.0,1.0,6.982045245626481,6.878897325757001,13.725652206109247,12.754852889888095
7090243,2016-2017,23.0,2017-01-31 20:00,Ended,Liverpool,Chelsea,44.0,38.0,1.0,1.0,7.113309049554004,7.089921639363232,14.330967226055154,14.048075245987157
7090202,2016-2017,23.0,2017-02-01 19:45,Ended,West Ham United,Manchester City,37.0,17.0,0.0,4.0,6.912170036801357,7.1837603912954195,12.76129876938702,16.021745921707065
7090206,2016-2017,23.0,2017-02-01 20:00,Ended,Stoke City,Everton,29.0,48.0,1.0,1.0,6.956624478575319,7.022768117580705,13.193421384163235,14.103425356712252
7090235,2016-2017,23.0,2017-02-01 20:00,Ended,Manchester United,Hull City,35.0,96.0,0.0,0.0,7.1410208885952295,6.8691361668634405,14.64676073959109,14.490863059232709
7090369,2016-2017,24.0,2017-02-04 12:30,Ended,Chelsea,Arsenal,38.0,42.0,3.0,1.0,7.084079138063749,7.13088846233644,14.139821392872182,14.786734467492332
7090386,2016-2017,24.0,2017-02-04 15:00,Ended,Everton,Bournemouth,48.0,60.0,6.0,3.0,7.0779286597916835,6.92704207751959,13.855413836131762,13.899116578674938
7090237,2016-2017,24.0,2017-02-04 15:00,Ended,Watford,Burnley,24.0,6.0,2.0,1.0,6.899453329725026,6.8397121688225,12.807934032065537,12.615335087396858
7090234,2016-2017,24.0,2017-02-04 15:00,Ended,Crystal Palace,Sunderland,7.0,41.0,0.0,4.0,6.91825645763023,6.794736960365398,13.668497482919262,12.860896302111916
7090195,2016-2017,24.0,2017-02-04 15:00,Ended,Southampton,West Ham United,45.0,37.0,1.0,3.0,6.806311852502765,6.907526318005218,13.526870162613355,12.422182372930095
7090196,2016-2017,24.0,2017-02-04 15:00,Ended,West Bromwich Albion,Stoke City,8.0,29.0,1.0,0.0,6.87643785126471,6.9671736061618,12.754852889888095,13.193421384163235
7090194,2016-2017,24.0,2017-02-04 15:00,Ended,Hull City,Liverpool,96.0,44.0,2.0,0.0,6.886413188725464,7.140778613821647,13.333844864788345,14.625601607832571
7090232,2016-2017,24.0,2017-02-04 17:30,Ended,Tottenham Hotspur,Middlesbrough,33.0,36.0,1.0,0.0,7.110304090193003,6.963396369712158,15.089121149153321,13.749768268857268
7090246,2016-2017,24.0,2017-02-05 13:30,Ended,Manchester City,Swansea City,17.0,74.0,2.0,1.0,7.195135127087817,6.86012898647397,16.443930958494757,12.06544654380507
7090256,2016-2017,24.0,2017-02-05 16:00,Ended,Leicester City,Manchester United,31.0,35.0,0.0,3.0,6.996425304252628,7.109442709980718,14.279768725280324,14.386566890852801
7090362,2016-2017,25.0,2017-02-11 12:30,Ended,Arsenal,Hull City,42.0,96.0,2.0,0.0,7.127947327399312,7.097146067913331,14.786734467492332,13.53871694330254
7090244,2016-2017,25.0,2017-02-11 15:00,Ended,West Ham United,West Bromwich Albion,37.0,8.0,2.0,2.0,6.9124331745961225,6.8870552749252285,12.626056138021545,12.754852889888095
7090231,2016-2017,25.0,2017-02-11 15:00,Ended,Sunderland,Southampton,41.0,45.0,0.0,4.0,6.842391884631213,6.885919160535192,12.860896302111916,13.683267024787483
7090255,2016-2017,25.0,2017-02-11 15:00,Ended,Manchester United,Watford,35.0,24.0,2.0,0.0,7.1499564523082,6.976254367239476,14.390996290693238,12.807934032065537
7090191,2016-2017,25.0,2017-02-11 15:00,Ended,Stoke City,Crystal Palace,29.0,7.0,1.0,0.0,6.92114701270604,6.893313029656656,13.340036883202707,13.564265070453752
7090240,2016-2017,25.0,2017-02-11 15:00,Ended,Middlesbrough,Everton,36.0,48.0,0.0,0.0,6.963323593378195,7.074290318666143,13.733399516710945,14.372933024673255
7090239,2016-2017,25.0,2017-02-11 17:30,Ended,Liverpool,Tottenham Hotspur,44.0,33.0,2.0,0.0,7.124020253023224,7.1096728833902345,14.49573997608676,15.089121149153321
7090375,2016-2017,25.0,2017-02-12 13:30,Ended,Burnley,Chelsea,6.0,38.0,1.0,1.0,6.902766239798558,7.08364954757491,12.804691147252614,14.139821392872182
7090233,2016-2017,25.0,2017-02-12 16:00,Ended,Swansea City,Leicester City,74.0,31.0,2.0,0.0,6.838665954216529,6.99134987693449,12.06544654380507,14.669245089213678
7090227,2016-2017,25.0,2017-02-13 20:00,Ended,Bournemouth,Manchester City,60.0,17.0,0.0,2.0,6.916529679543839,7.185072538759022,13.131999046309295,16.443930958494757
7090292,2016-2017,26.0,2017-02-25 15:00,Ended,West Bromwich Albion,Bournemouth,8.0,60.0,2.0,1.0,6.912556302476932,6.8847411394617675,13.022743721217,13.774584178836761
7090388,2016-2017,26.0,2017-02-25 15:00,Ended,Chelsea,Swansea City,38.0,74.0,3.0,1.0,7.118035809316257,6.873609471893544,14.110347476278717,12.06544654380507
7090291,2016-2017,26.0,2017-02-25 15:00,Ended,Hull City,Burnley,96.0,6.0,1.0,1.0,6.967138274726252,6.9025606080086925,14.138560181399203,12.804691147252614
7090364,2016-2017,26.0,2017-02-25 15:00,Ended,Everton,Sunderland,48.0,41.0,2.0,0.0,7.066554418224075,6.806483439041579,14.372933024673255,13.19479090671526
7090223,2016-2017,26.0,2017-02-25 15:00,Ended,Crystal Palace,Middlesbrough,7.0,36.0,1.0,0.0,6.929854023240512,6.943924553707163,13.564265070453752,13.21834344834468
7090278,2016-2017,26.0,2017-02-25 17:30,Ended,Watford,West Ham United,24.0,37.0,1.0,1.0,6.911917035016453,6.932793079115296,12.807934032065537,12.626056138021545
7090225,2016-2017,26.0,2017-02-26 13:30,Ended,Tottenham Hotspur,Stoke City,33.0,29.0,4.0,0.0,7.1247980875363615,6.952846053750746,14.882927275462057,13.340036883202707
7090259,2016-2017,26.0,2017-02-27 20:00,Ended,Leicester City,Liverpool,31.0,44.0,3.0,1.0,6.983215767113754,7.101283660095583,14.576734864120498,14.631158078153927
7090357,2016-2017,27.0,2017-03-04 12:30,Ended,Manchester United,Bournemouth,35.0,60.0,1.0,1.0,7.139531931958566,6.863467869814728,14.546412629364262,13.71889038784177
7090270,2016-2017,27.0,2017-03-04 15:00,Ended,Watford,Southampton,24.0,45.0,3.0,4.0,6.920795768440414,6.950060901924882,12.355639375127739,13.683267024787483
7090376,2016-2017,27.0,2017-03-04 15:00,Ended,Leicester City,Hull City,31.0,96.0,3.0,1.0,6.98765460724947,6.945452479338843,14.576734864120498,13.53871694330254
7090280,2016-2017,27.0,2017-03-04 15:00,Ended,Stoke City,Middlesbrough,29.0,36.0,2.0,0.0,6.92141195765611,6.995091978728342,13.340036883202707,13.614419813579488
7090265,2016-2017,27.0,2017-03-04 15:00,Ended,West Bromwich Albion,Crystal Palace,8.0,7.0,0.0,2.0,6.908591778185721,6.930631984369459,13.022743721217,13.564265070453752
7090290,2016-2017,27.0,2017-03-04 15:00,Ended,Swansea City,Burnley,74.0,6.0,3.0,2.0,6.9110744417212375,6.8005753997526135,11.963710813433913,12.69586979914394
7090271,2016-2017,27.0,2017-03-04 17:30,Ended,Liverpool,Arsenal,44.0,42.0,3.0,1.0,7.078392398872117,7.072671717724219,14.631158078153927,14.993595267384197
7090345,2016-2017,27.0,2017-03-05 13:30,Ended,Tottenham Hotspur,Everton,33.0,48.0,3.0,2.0,7.127909450508832,7.081179547995987,14.882927275462057,13.932909639956483
7090252,2016-2017,27.0,2017-03-05 16:00,Ended,Sunderland,Manchester City,41.0,17.0,0.0,2.0,6.796092671308428,7.12335064945707,13.19479090671526,16.267757071632207
7090289,2016-2017,27.0,2017-03-06 20:00,Ended,West Ham United,Chelsea,37.0,38.0,1.0,2.0,6.963960508604634,7.121985421475639,12.516980712689868,14.110347476278717
7090263,2016-2017,28.0,2017-03-08 20:00,Ended,Manchester City,Stoke City,17.0,29.0,0.0,0.0,7.155986991647671,6.910436549049862,15.820245235990098,11.906786727342553
7090281,2016-2017,28.0,2017-03-11 15:00,Ended,Everton,West Bromwich Albion,48.0,8.0,3.0,0.0,7.031858434033955,6.916955399549289,14.486168320593885,12.508744844004143
7090282,2016-2017,28.0,2017-03-11 15:00,Ended,Hull City,Swansea City,96.0,74.0,2.0,1.0,6.911229818502545,6.900123840880908,13.358670709560718,12.260231080181512
7090266,2016-2017,28.0,2017-03-11 15:00,Ended,Bournemouth,West Ham United,60.0,37.0,3.0,2.0,6.87661540123863,6.965043113070615,13.459684522371433,12.596348396059367
7090012,2016-2017,28.0,2017-03-12 16:00,Ended,Liverpool,Burnley,44.0,6.0,2.0,1.0,7.030708680806219,6.828376196958234,14.351959050465538,12.615335087396858
7090251,2016-2017,29.0,2017-03-18 12:30,Ended,West Bromwich Albion,Arsenal,8.0,42.0,3.0,1.0,6.867955852842244,7.077476159959988,12.624443754920543,14.631975859519727
7090272,2016-2017,29.0,2017-03-18 15:00,Ended,Sunderland,Burnley,41.0,6.0,0.0,0.0,6.769270518544951,6.831313771187754,13.683293527009265,12.615335087396858
7090262,2016-2017,29.0,2017-03-18 15:00,Ended,Crystal Palace,Watford,7.0,24.0,1.0,0.0,6.92704216743721,6.880063125907641,13.786462493088075,12.807934032065537
7090373,2016-2017,29.0,2017-03-18 15:00,Ended,Everton,Hull City,48.0,96.0,4.0,0.0,7.022447662213099,6.913830203060431,14.744208191680173,13.503868310326112
7090301,2016-2017,29.0,2017-03-18 15:00,Ended,West Ham United,Leicester City,37.0,31.0,2.0,3.0,6.970754036386025,6.986720650465486,12.744402934638469,14.576734864120498
7090279,2016-2017,29.0,2017-03-18 15:00,Ended,Stoke City,Chelsea,29.0,38.0,1.0,2.0,6.903239595066557,7.0137742922662305,12.689191328428183,14.186151512144741
7090360,2016-2017,29.0,2017-03-18 17:30,Ended,Bournemouth,Swansea City,60.0,74.0,2.0,0.0,6.872684162853499,6.917297921521783,13.564414667003152,12.522755817674982
7090300,2016-2017,29.0,2017-03-19 12:00,Ended,Middlesbrough,Manchester United,36.0,35.0,1.0,3.0,6.92083483907397,6.980241866226586,13.053842045268382,14.474398793135718
7090257,2016-2017,29.0,2017-03-19 14:15,Ended,Tottenham Hotspur,Southampton,33.0,45.0,2.0,1.0,7.089292667529972,6.946752687662547,14.715487488421788,13.683267024787483
7090264,2016-2017,29.0,2017-03-19 16:30,Ended,Manchester City,Liverpool,17.0,44.0,1.0,1.0,7.188399531035409,7.077134116427032,15.854088506910937,14.631158078153927
7090275,2016-2017,30.0,2017-04-01 11:30,Ended,Liverpool,Everton,44.0,48.0,3.0,1.0,7.099465744090344,7.011112543715289,14.453035258129388,14.759271806272743
7090389,2016-2017,30.0,2017-04-01 14:00,Ended,Chelsea,Crystal Palace,38.0,7.0,1.0,2.0,7.133329939172768,6.924238514939276,14.362990705859257,13.786462493088075
7090277,2016-2017,30.0,2017-04-01 14:00,Ended,Manchester United,West Bromwich Albion,35.0,8.0,0.0,0.0,6.9870243192314945,6.881172664732151,14.660381500231246,12.508744844004143
7090276,2016-2017,30.0,2017-04-01 14:00,Ended,Watford,Sunderland,24.0,41.0,1.0,0.0,6.850089858646009,6.812316510623575,13.125534065604763,13.21575247126343
7090254,2016-2017,30.0,2017-04-01 14:00,Ended,Burnley,Tottenham Hotspur,6.0,33.0,0.0,2.0,6.836848243971286,7.0647679662457135,12.615335087396858,14.629765421123523
7090294,2016-2017,30.0,2017-04-01 14:00,Ended,Leicester City,Stoke City,31.0,29.0,2.0,0.0,6.938598774588056,6.8832367758504125,14.669245089213678,12.689191328428183
7090260,2016-2017,30.0,2017-04-01 14:00,Ended,Hull City,West Ham United,96.0,37.0,2.0,1.0,6.839276102319581,6.9095898975884635,13.503868310326112,12.562019931786278
7090287,2016-2017,30.0,2017-04-01 16:30,Ended,Southampton,Bournemouth,45.0,60.0,0.0,0.0,6.890150301294478,6.878029845554284,13.6382153461088,13.564414667003152
7090299,2016-2017,30.0,2017-04-02 12:30,Ended,Swansea City,Middlesbrough,74.0,36.0,0.0,0.0,6.821018402758704,6.951440437152129,12.240783439067553,13.614419813579488
7090387,2016-2017,30.0,2017-04-02 15:00,Ended,Arsenal,Manchester City,42.0,17.0,2.0,2.0,7.096192199939202,7.141600164089962,14.394572007178974,15.854088506910937
7090258,2016-2017,31.0,2017-04-04 18:45,Ended,Leicester City,Sunderland,31.0,41.0,2.0,0.0,6.965389784210776,6.7926635753429965,14.669245089213678,13.166948559271397
7090250,2016-2017,31.0,2017-04-04 18:45,Ended,Burnley,Stoke City,6.0,29.0,1.0,0.0,6.8586700541182894,6.919931654731524,12.668485957262059,12.222120815324663
7090268,2016-2017,31.0,2017-04-04 18:45,Ended,Watford,West Bromwich Albion,24.0,8.0,2.0,0.0,6.867162524288971,6.866511447136745,13.250566649267073,12.508744844004143
7090269,2016-2017,31.0,2017-04-04 19:00,Ended,Manchester United,Everton,35.0,48.0,1.0,1.0,7.043471481715972,7.050157429615397,14.24129437141058,14.750495643317846
7090295,2016-2017,31.0,2017-04-05 18:45,Ended,Southampton,Crystal Palace,45.0,7.0,3.0,1.0,6.912036947512624,6.888307512360709,13.762451317314733,13.786462493088075
7090374,2016-2017,31.0,2017-04-05 18:45,Ended,Arsenal,West Ham United,42.0,37.0,3.0,0.0,7.093953340980397,6.962925596625797,14.955430010897263,12.921628815620934
7090390,2016-2017,31.0,2017-04-05 18:45,Ended,Hull City,Middlesbrough,96.0,36.0,4.0,2.0,6.79029307856894,6.984174094940301,13.358670709560718,13.743745246564497
7090348,2016-2017,31.0,2017-04-05 18:45,Ended,Swansea City,Tottenham Hotspur,74.0,33.0,1.0,3.0,6.8481196590075335,7.057164791163234,12.364436281346519,14.848406936699247
7090274,2016-2017,31.0,2017-04-05 19:00,Ended,Liverpool,Bournemouth,44.0,60.0,2.0,2.0,7.0319656299800535,6.8423979856964285,14.171765628637957,12.953226245931818
7090247,2016-2017,31.0,2017-04-05 19:00,Ended,Chelsea,Manchester City,38.0,17.0,2.0,1.0,7.120571556414588,7.152829203294925,14.495560244664592,16.658498440302658
7090302,2016-2017,32.0,2017-04-08 11:30,Ended,Tottenham Hotspur,Watford,33.0,24.0,4.0,0.0,7.0740482434045395,6.856877738115409,15.087322346466308,13.251154283333047
7090267,2016-2017,32.0,2017-04-08 14:00,Ended,West Ham United,Swansea City,37.0,74.0,1.0,0.0,6.924483720200118,6.846770928603343,12.99780518894905,12.364436281346519
7090296,2016-2017,32.0,2017-04-08 14:00,Ended,West Bromwich Albion,Southampton,8.0,45.0,0.0,1.0,6.875216305837261,6.898653072417779,12.754852889888095,14.132190317096969
7090311,2016-2017,32.0,2017-04-08 14:00,Ended,Stoke City,Liverpool,29.0,44.0,1.0,2.0,6.896196473234238,7.009047950074796,12.802442414169246,14.179460099596021
7090333,2016-2017,32.0,2017-04-08 14:00,Ended,Middlesbrough,Burnley,36.0,6.0,0.0,0.0,6.92999902933283,6.8644354634805405,12.864474090061297,12.777571310303781
7090310,2016-2017,32.0,2017-04-08 14:00,Ended,Manchester City,Hull City,17.0,96.0,3.0,1.0,7.104548737675341,6.8240273896932475,16.267757071632207,13.00930947207662
7090365,2016-2017,32.0,2017-04-08 16:30,Ended,Bournemouth,Chelsea,60.0,38.0,1.0,3.0,6.911064418176807,7.081392096491546,13.459684522371433,14.139821392872182
7090261,2016-2017,32.0,2017-04-09 12:30,Ended,Sunderland,Manchester United,41.0,35.0,0.0,3.0,6.830403826197391,7.092300769871539,13.3641873036165,14.105211873818902
7090377,2016-2017,32.0,2017-04-09 15:00,Ended,Everton,Leicester City,48.0,31.0,4.0,2.0,7.009164523743999,6.930398498874568,14.440087151695675,14.115373647258734
7090249,2016-2017,32.0,2017-04-10 19:00,Ended,Crystal Palace,Arsenal,7.0,42.0,3.0,0.0,6.887319833338876,7.093698675893545,13.786462493088075,14.955430010897263
7090298,2016-2017,33.0,2017-04-15 11:30,Ended,Tottenham Hotspur,Bournemouth,33.0,60.0,4.0,0.0,7.122815700946484,6.8835317896207675,15.42671201750697,13.260148538018385
7090304,2016-2017,33.0,2017-04-15 14:00,Ended,Stoke City,Hull City,29.0,96.0,3.0,1.0,6.9009408240031656,6.8371029758625665,12.803310783901809,13.53871694330254
7090297,2016-2017,33.0,2017-04-15 14:00,Ended,Everton,Burnley,48.0,6.0,3.0,1.0,7.0402337758961115,6.891768947586292,14.750495643317846,12.483648076737916
7090338,2016-2017,33.0,2017-04-15 14:00,Ended,Watford,Swansea City,24.0,74.0,1.0,0.0,6.842910439829908,6.850901270852265,13.250566649267073,12.130320741584036
7090358,2016-2017,33.0,2017-04-15 14:00,Ended,Crystal Palace,Leicester City,7.0,31.0,2.0,2.0,6.897156910957732,6.996781491694393,13.786462493088075,14.576734864120498
7090307,2016-2017,33.0,2017-04-15 14:00,Ended,Sunderland,West Ham United,41.0,37.0,2.0,2.0,6.756757981407142,6.9237705486053756,14.76340063940095,13.128733834537021
7090326,2016-2017,33.0,2017-04-15 16:30,Ended,Southampton,Manchester City,45.0,17.0,0.0,3.0,6.94968848936965,7.137120297350876,14.026852602631555,15.820245235990098
7090318,2016-2017,33.0,2017-04-16 12:30,Ended,West Bromwich Albion,Liverpool,8.0,44.0,0.0,1.0,6.891409003390527,7.048030274365501,12.87324412327407,14.171765628637957
7090368,2016-2017,33.0,2017-04-16 15:00,Ended,Manchester United,Chelsea,35.0,38.0,2.0,0.0,7.037778171024248,7.053501277704833,14.369503475927704,13.719325387885458
7090308,2016-2017,33.0,2017-04-17 19:00,Ended,Middlesbrough,Arsenal,36.0,42.0,1.0,2.0,6.910192099442099,7.169028432004442,13.053842045268382,14.275954059586761
7090335,2016-2017,34.0,2017-04-22 14:00,Ended,Bournemouth,Middlesbrough,60.0,36.0,4.0,0.0,6.877407653267645,6.9035518463461045,13.459684522371433,13.199050312278931
7090313,2016-2017,34.0,2017-04-22 14:00,Ended,Hull City,Watford,96.0,24.0,2.0,0.0,6.786673295508494,6.875428759902942,13.53871694330254,13.250566649267073
7090337,2016-2017,34.0,2017-04-22 14:00,Ended,Swansea City,Stoke City,74.0,29.0,2.0,0.0,6.869899394242879,6.924058201794851,12.107141962431422,13.038864622819778
7090312,2016-2017,34.0,2017-04-22 14:00,Ended,West Ham United,Everton,37.0,48.0,0.0,0.0,6.9324058339960395,7.0280194305437655,13.324030134734034,15.10397450996725
7090356,2016-2017,34.0,2017-04-23 13:15,Ended,Burnley,Manchester United,6.0,35.0,0.0,2.0,6.872841215095269,7.072534649729504,12.777571310303781,14.373932875768142
7090353,2016-2017,34.0,2017-04-23 15:30,Ended,Liverpool,Crystal Palace,44.0,7.0,1.0,2.0,7.057512515717878,6.892970974916062,14.171765628637957,13.786462493088075
7374909,2016-2017,34.0,2017-04-25 18:45,Ended,Chelsea,Southampton,38.0,45.0,4.0,2.0,7.090034964038508,6.935223723874864,14.186151512144741,13.728318703466169
7374903,2016-2017,28.0,2017-04-26 18:45,Ended,Arsenal,Leicester City,42.0,31.0,1.0,0.0,7.119938493016662,6.990052374704351,14.463250789522068,14.576734864120498
7374907,2016-2017,28.0,2017-04-26 18:45,Ended,Middlesbrough,Sunderland,36.0,41.0,1.0,0.0,6.862882991398205,6.759945622341869,13.37951095502545,14.76340063940095
7374906,2016-2017,28.0,2017-04-26 19:00,Ended,Crystal Palace,Tottenham Hotspur,7.0,33.0,0.0,1.0,6.866858407948811,7.13322818209866,13.786462493088075,14.882927275462057
7374908,2016-2017,26.0,2017-04-27 19:00,Ended,Manchester City,Manchester United,17.0,35.0,0.0,0.0,7.126315002642588,7.047342980681375,15.711215545962103,14.838512513053256
7090336,2016-2017,35.0,2017-04-29 14:00,Ended,Southampton,Hull City,45.0,96.0,0.0,0.0,6.921687089348375,6.7741936300010455,13.56119899271325,13.53871694330254
7090344,2016-2017,35.0,2017-04-29 14:00,Ended,Stoke City,West Ham United,29.0,37.0,0.0,0.0,6.898750830253818,6.87680806010832,13.198573777981977,13.324030134734034
7090354,2016-2017,35.0,2017-04-29 14:00,Ended,Sunderland,Bournemouth,41.0,60.0,0.0,1.0,6.794968702889193,6.873638568431545,13.118592512331407,13.884430503575278
7090305,2016-2017,35.0,2017-04-29 14:00,Ended,West Bromwich Albion,Leicester City,8.0,31.0,0.0,1.0,6.908640508205337,6.968051619565614,13.022743721217,14.576734864120498
7090370,2016-2017,35.0,2017-04-29 16:30,Ended,Crystal Palace,Burnley,7.0,6.0,0.0,2.0,6.867369924242696,6.855092501826108,13.564265070453752,12.74937784977905
7090385,2016-2017,35.0,2017-04-30 11:00,Ended,Manchester United,Swansea City,35.0,74.0,1.0,1.0,7.023696144946257,6.873816135086657,14.80650676318967,12.239022478311695
7090339,2016-2017,35.0,2017-04-30 13:05,Ended,Middlesbrough,Manchester City,36.0,17.0,2.0,2.0,6.8608054781001035,7.1724085494754055,13.37951095502545,16.046809327758368
7090331,2016-2017,35.0,2017-04-30 13:05,Ended,Everton,Chelsea,48.0,38.0,0.0,3.0,6.9632726291693015,7.081445497415635,15.23791710467628,14.139821392872182
7090334,2016-2017,35.0,2017-04-30 15:30,Ended,Tottenham Hotspur,Arsenal,33.0,42.0,2.0,0.0,7.1200862086581616,7.171352931304946,15.089121149153321,14.18109140699365
7090328,2016-2017,35.0,2017-05-01 19:00,Ended,Watford,Liverpool,24.0,44.0,0.0,1.0,6.838801392633662,7.050552301244937,13.250566649267073,14.171765628637957
7090350,2016-2017,36.0,2017-05-05 19:00,Ended,West Ham United,Tottenham Hotspur,37.0,33.0,1.0,0.0,6.915347362851315,7.111223049297569,12.930603027123277,15.089121149153321
7090323,2016-2017,36.0,2017-05-06 11:30,Ended,Manchester City,Crystal Palace,17.0,7.0,5.0,0.0,7.176050650490456,6.862977667608595,15.940979035907223,13.613773022927303
7090332,2016-2017,36.0,2017-05-06 14:00,Ended,Leicester City,Watford,31.0,24.0,3.0,0.0,6.97416512623431,6.81145407559132,14.576734864120498,13.23336478612975
7090371,2016-2017,36.0,2017-05-06 14:00,Ended,Burnley,West Bromwich Albion,6.0,8.0,2.0,2.0,6.827924122362018,6.833197522452604,12.374911315584802,13.285826215950763
7090330,2016-2017,36.0,2017-05-06 14:00,Ended,Hull City,Sunderland,96.0,41.0,0.0,2.0,6.776415907324997,6.840138248795331,13.358670709560718,13.436631221800932
7090325,2016-2017,36.0,2017-05-06 14:00,Ended,Bournemouth,Stoke City,60.0,29.0,2.0,2.0,6.882118246895684,6.9192978950888975,13.55001697248664,13.327438759354223
7090315,2016-2017,36.0,2017-05-06 16:30,Ended,Swansea City,Everton,74.0,48.0,1.0,0.0,6.865490588866035,6.9829603269003195,12.331073480653197,15.438769796681584
7090341,2016-2017,36.0,2017-05-07 12:30,Ended,Liverpool,Southampton,44.0,45.0,0.0,0.0,7.052479998046992,6.907469086456163,14.171765628637957,13.728318703466169
7090363,2016-2017,36.0,2017-05-07 15:00,Ended,Arsenal,Manchester United,42.0,35.0,2.0,0.0,7.118755434696143,7.055138648560658,14.644327188212012,14.388299469573429
7090322,2016-2017,36.0,2017-05-08 19:00,Ended,Chelsea,Middlesbrough,38.0,36.0,3.0,0.0,7.10710240632899,6.915399557431652,13.974493720584137,13.749768268857268
7389496,2016-2017,26.0,2017-05-10 18:45,Ended,Southampton,Arsenal,45.0,42.0,0.0,2.0,6.919065343294159,7.09344480014237,13.683267024787483,14.644327188212012
7090372,2016-2017,37.0,2017-05-12 18:45,Ended,Everton,Watford,48.0,24.0,1.0,0.0,7.039118459364975,6.86018748862334,14.750495643317846,13.160071650224966
7090314,2016-2017,37.0,2017-05-12 19:00,Ended,West Bromwich Albion,Chelsea,8.0,38.0,0.0,1.0,6.844321840963655,7.116126586107459,13.08893753782751,13.974493720584137
7090329,2016-2017,37.0,2017-05-13 11:30,Ended,Manchester City,Leicester City,17.0,31.0,2.0,1.0,7.190016023103988,6.955636489584884,15.940979035907223,14.905879024552911
7090359,2016-2017,37.0,2017-05-13 14:00,Ended,Bournemouth,Burnley,60.0,6.0,2.0,1.0,6.843753481810344,6.843816280497858,13.55001697248664,12.374911315584802
7090352,2016-2017,37.0,2017-05-13 14:00,Ended,Middlesbrough,Southampton,36.0,45.0,1.0,2.0,6.819777747760558,6.889634910571559,13.439951806846322,13.446522672708605
7090342,2016-2017,37.0,2017-05-13 14:00,Ended,Sunderland,Swansea City,41.0,74.0,0.0,2.0,6.806734679050468,6.87274363233955,13.469800789656599,12.331073480653197
7090316,2016-2017,37.0,2017-05-13 16:30,Ended,Stoke City,Arsenal,29.0,42.0,1.0,4.0,6.91853191009393,7.13491895938186,13.167729604192026,14.57934911126591
7090347,2016-2017,37.0,2017-05-14 11:00,Ended,Crystal Palace,Hull City,7.0,96.0,4.0,0.0,6.880754463237091,6.802124424739946,13.786462493088075,13.544935176324051
7090306,2016-2017,37.0,2017-05-14 13:15,Ended,West Ham United,Liverpool,37.0,44.0,0.0,4.0,6.857939820105801,7.025660809309263,13.287800769007426,14.017643111832594
7090319,2016-2017,37.0,2017-05-14 15:30,Ended,Tottenham Hotspur,Manchester United,33.0,35.0,2.0,1.0,7.121891502429093,7.026774484612916,15.089121149153321,14.501134478926666
7389498,2016-2017,28.0,2017-05-15 19:00,Ended,Chelsea,Watford,38.0,24.0,4.0,3.0,6.995965788274464,6.817046648874452,14.23931204216244,13.68369540038897
7389502,2016-2017,34.0,2017-05-16 18:45,Ended,Arsenal,Sunderland,42.0,41.0,2.0,0.0,7.101298051241002,6.790986802751323,14.496820823483672,13.018174123571958
7389503,2016-2017,34.0,2017-05-16 19:00,Ended,Manchester City,West Bromwich Albion,17.0,8.0,3.0,1.0,7.245804062627334,6.848454713039747,16.080192175914497,13.022743721217
7389497,2016-2017,28.0,2017-05-17 18:45,Ended,Southampton,Manchester United,45.0,35.0,0.0,0.0,6.925378829531497,6.993377401401097,13.812806459085731,14.15773571524673
7389501,2016-2017,34.0,2017-05-18 18:45,Ended,Leicester City,Tottenham Hotspur,31.0,33.0,1.0,6.0,6.921015310779066,7.06695418151208,14.754537872920464,14.832730446105991
7090327,2016-2017,38.0,2017-05-21 14:00,Ended,Manchester United,Crystal Palace,35.0,7.0,2.0,0.0,6.9951979099925214,6.867065961719127,14.034377753249286,13.679789600547076
7090366,2016-2017,38.0,2017-05-21 14:00,Ended,Chelsea,Sunderland,38.0,41.0,5.0,1.0,7.115507687845826,6.760202241397894,14.005494736981545,13.626411724319432
7090320,2016-2017,38.0,2017-05-21 14:00,Ended,Liverpool,Middlesbrough,44.0,36.0,3.0,0.0,7.090259796187225,6.869649107523491,14.29684213952098,13.120084970298308
7090317,2016-2017,38.0,2017-05-21 14:00,Ended,Watford,Manchester City,24.0,17.0,0.0,5.0,6.840676183341154,7.240423504192891,12.890663331664086,16.080192175914497
7090324,2016-2017,38.0,2017-05-21 14:00,Ended,Leicester City,Bournemouth,31.0,60.0,1.0,1.0,6.961321642577903,6.8873564570376224,14.583489268405716,13.171936391955331
7090321,2016-2017,38.0,2017-05-21 14:00,Ended,Swansea City,West Bromwich Albion,74.0,8.0,2.0,1.0,6.880265832802914,6.847356127097114,12.154384742079346,13.022743721217
7090309,2016-2017,38.0,2017-05-21 14:00,Ended,Southampton,Stoke City,45.0,29.0,0.0,1.0,6.91472740728523,6.920750149055496,13.541655585328398,13.002539833746928
7090384,2016-2017,38.0,2017-05-21 14:00,Ended,Arsenal,Everton,42.0,48.0,3.0,1.0,7.116435361956289,6.992135362610614,14.559544182759415,14.555894783292002
7090351,2016-2017,38.0,2017-05-21 14:00,Ended,Hull City,Tottenham Hotspur,96.0,33.0,1.0,7.0,6.775387864882574,7.128156935585246,13.903074755862232,15.089121149153321
7090349,2016-2017,38.0,2017-05-21 14:00,Ended,Burnley,West Ham United,6.0,37.0,1.0,2.0,6.846433629662064,6.862872184121875,12.405785692983422,12.872506820239275
7437077,2017-2018,1.0,2017-08-11 18:45,Ended,Arsenal,Leicester City,42.0,31.0,4.0,3.0,7.022131678286717,6.999561791330995,15.088078425075967,14.441245517842793
7437084,2017-2018,1.0,2017-08-12 11:30,Ended,Watford,Liverpool,24.0,44.0,3.0,3.0,6.787753001810095,7.149796359748546,13.17839876727233,15.186306574483751
7437082,2017-2018,1.0,2017-08-12 14:00,Ended,Southampton,Swansea City,45.0,74.0,0.0,0.0,6.909737465623235,6.816126509115954,13.683267024787483,12.760414722969973
7437085,2017-2018,1.0,2017-08-12 14:00,Ended,Crystal Palace,Huddersfield Town,7.0,59.0,0.0,3.0,6.893988318374284,6.586953391868589,13.954664966199767,13.177504039860777
7437076,2017-2018,1.0,2017-08-12 14:00,Ended,Chelsea,Burnley,38.0,6.0,2.0,3.0,7.131762553059824,6.903211302236417,14.704638241069501,12.821195883675273
7437080,2017-2018,1.0,2017-08-12 14:00,Ended,West Bromwich Albion,Bournemouth,8.0,60.0,1.0,0.0,6.81832582801213,6.921643288855221,12.983452247399256,13.756279165011525
7437079,2017-2018,1.0,2017-08-12 14:00,Ended,Everton,Stoke City,48.0,29.0,1.0,0.0,7.0475724113037135,6.884237508494493,15.169352126270576,12.77257431070796
7437078,2017-2018,1.0,2017-08-12 16:30,Ended,Brighton & Hove Albion,Manchester City,30.0,17.0,0.0,2.0,6.827833218148211,7.247629611884506,14.460302477051282,15.638949079670775
7437081,2017-2018,1.0,2017-08-13 12:30,Ended,Newcastle United,Tottenham Hotspur,39.0,33.0,0.0,2.0,6.87295352792274,7.149189580621399,13.786348264381939,15.090464316670506
7437083,2017-2018,1.0,2017-08-13 15:00,Ended,Manchester United,West Ham United,35.0,37.0,4.0,0.0,7.111630329340534,6.898308185576583,15.013070698214818,13.458099992075793
7437724,2017-2018,2.0,2017-08-19 11:30,Ended,Swansea City,Manchester United,74.0,35.0,0.0,4.0,6.879546329794386,7.1216988229415445,12.73318099286765,15.013070698214818
7437726,2017-2018,2.0,2017-08-19 14:00,Ended,Burnley,West Bromwich Albion,6.0,8.0,0.0,1.0,6.912273692314917,6.944022935628872,12.821195883675273,12.983452247399256
7438040,2017-2018,2.0,2017-08-19 14:00,Ended,Southampton,West Ham United,45.0,37.0,3.0,2.0,6.907269297347383,6.895811859979236,13.66545117477913,13.514726589631671
7437733,2017-2018,2.0,2017-08-19 14:00,Ended,Liverpool,Crystal Palace,44.0,7.0,1.0,0.0,7.052356346190385,6.929485346204597,15.058462156666636,13.585105780718424
7437729,2017-2018,2.0,2017-08-19 14:00,Ended,Leicester City,Brighton & Hove Albion,31.0,30.0,2.0,0.0,6.980752433294154,6.8015534839402685,14.441245517842793,13.73122024909775
7437730,2017-2018,2.0,2017-08-19 14:00,Ended,Bournemouth,Watford,60.0,24.0,0.0,2.0,6.89957893415405,6.767127635219694,13.429387902247282,14.071114895332405
7437725,2017-2018,2.0,2017-08-19 16:30,Ended,Stoke City,Arsenal,29.0,42.0,1.0,0.0,6.934267279909417,7.059337643006786,13.303586438805509,14.96084363112831
7437727,2017-2018,2.0,2017-08-20 12:30,Ended,Huddersfield Town,Newcastle United,59.0,39.0,1.0,0.0,6.477286324786325,6.847122235211386,12.960151305648184,14.457006891104653
7437731,2017-2018,2.0,2017-08-20 15:00,Ended,Tottenham Hotspur,Chelsea,33.0,38.0,1.0,2.0,7.166825804302435,7.031096164901483,14.882927275462057,14.513967832230424
7437728,2017-2018,2.0,2017-08-21 19:00,Ended,Manchester City,Everton,17.0,48.0,1.0,1.0,7.224670537139745,6.999578850197232,15.956455134716562,15.403727163931043
7437801,2017-2018,3.0,2017-08-26 11:30,Ended,Bournemouth,Manchester City,60.0,17.0,1.0,2.0,6.894201131318874,7.136505352077779,13.839701404197408,15.55212442578614
7437798,2017-2018,3.0,2017-08-26 14:00,Ended,Huddersfield Town,Southampton,59.0,45.0,0.0,0.0,6.58307783125965,6.905697405277096,12.960151305648184,13.66545117477913
7437778,2017-2018,3.0,2017-08-26 14:00,Ended,Newcastle United,West Ham United,39.0,37.0,3.0,0.0,6.840866432042902,6.876131679584057,14.548355107150607,13.799119630842366
7437784,2017-2018,3.0,2017-08-26 14:00,Ended,Watford,Brighton & Hove Albion,24.0,30.0,0.0,0.0,6.771108112116736,6.718672993672993,14.01305386288916,14.195902400560376
7437746,2017-2018,3.0,2017-08-26 14:00,Ended,Crystal Palace,Swansea City,7.0,74.0,0.0,2.0,6.904161560409066,6.812645645759869,13.154809108316869,12.68227001368362
7437750,2017-2018,3.0,2017-08-26 16:30,Ended,Manchester United,Leicester City,35.0,31.0,2.0,0.0,7.147921955363331,6.977587087781121,14.804212004639929,14.441245517842793
7437793,2017-2018,3.0,2017-08-27 12:30,Ended,West Bromwich Albion,Stoke City,8.0,29.0,1.0,1.0,6.948790803585144,7.000283354685896,12.913208282329663,13.603707217425937
7437762,2017-2018,3.0,2017-08-27 12:30,Ended,Chelsea,Everton,38.0,48.0,2.0,0.0,7.089729729278343,6.966933774778755,14.383126474772542,14.567279959139594
7437766,2017-2018,3.0,2017-08-27 15:00,Ended,Liverpool,Arsenal,44.0,42.0,4.0,0.0,7.0845544650828325,7.124811140606206,15.014014988222561,14.662426447466256
7437780,2017-2018,3.0,2017-08-27 15:00,Ended,Tottenham Hotspur,Burnley,33.0,6.0,1.0,1.0,7.160150576269265,6.9273644590494285,15.42671201750697,12.605290473548495
7437749,2017-2018,4.0,2017-09-09 11:30,Ended,Manchester City,Liverpool,17.0,44.0,5.0,0.0,7.179929305042072,7.1487637656849135,15.379157733253862,15.426112560767159
7437756,2017-2018,4.0,2017-09-09 14:00,Ended,Everton,Tottenham Hotspur,48.0,33.0,0.0,3.0,6.994624354583052,7.097896112266881,14.042696276747009,15.088522165971666
7437779,2017-2018,4.0,2017-09-09 14:00,Ended,Leicester City,Chelsea,31.0,38.0,1.0,2.0,6.989333049243601,6.9790470299690375,14.2312876563895,14.43103416731768
7437760,2017-2018,4.0,2017-09-09 14:00,Ended,Southampton,Watford,45.0,24.0,0.0,2.0,6.8380961246711385,6.814568335439114,13.933102343867903,14.275062698448979
7437773,2017-2018,4.0,2017-09-09 14:00,Ended,Arsenal,Bournemouth,42.0,60.0,3.0,0.0,7.044556080001763,6.919014001532815,15.08415495863762,13.916909284189815
7437790,2017-2018,4.0,2017-09-09 14:00,Ended,Brighton & Hove Albion,West Bromwich Albion,30.0,8.0,3.0,1.0,6.768668414918415,6.91231389101693,14.195902400560376,13.079589216629964
7437737,2017-2018,4.0,2017-09-09 16:30,Ended,Stoke City,Manchester United,29.0,35.0,2.0,2.0,6.93105227319075,7.123371859479579,13.244973297073889,15.023747018089542
7437735,2017-2018,4.0,2017-09-10 12:30,Ended,Burnley,Crystal Palace,6.0,7.0,1.0,0.0,6.96814093554816,6.858579573025111,13.136180806751549,13.206091526978001
7437781,2017-2018,4.0,2017-09-10 15:00,Ended,Swansea City,Newcastle United,74.0,39.0,0.0,1.0,6.850912691047455,6.888926368445407,12.783420679945214,14.80432074561176
7437757,2017-2018,4.0,2017-09-11 19:00,Ended,West Ham United,Huddersfield Town,37.0,59.0,2.0,0.0,6.9682953592727905,6.667629870129871,12.51099497529835,12.960151305648184
7437800,2017-2018,5.0,2017-09-15 19:00,Ended,Bournemouth,Brighton & Hove Albion,60.0,30.0,2.0,1.0,6.908536507835356,6.861348948232046,13.897512069679804,14.195902400560376
7437742,2017-2018,5.0,2017-09-16 11:30,Ended,Crystal Palace,Southampton,7.0,45.0,0.0,1.0,6.915629891653865,6.874132897643082,13.822499677833015,13.742408486055336
7437803,2017-2018,5.0,2017-09-16 14:00,Ended,West Bromwich Albion,West Ham United,8.0,37.0,0.0,0.0,6.9394749414869175,6.972408640119583,13.2568402406811,12.51099497529835
7437799,2017-2018,5.0,2017-09-16 14:00,Ended,Watford,Manchester City,24.0,17.0,0.0,6.0,6.877936607341666,7.175943630189827,14.38071361972056,15.455795792364663
7437771,2017-2018,5.0,2017-09-16 14:00,Ended,Newcastle United,Stoke City,39.0,29.0,2.0,1.0,6.901035928499417,6.990343499998437,14.456749538502317,13.213292313833072
7437802,2017-2018,5.0,2017-09-16 14:00,Ended,Huddersfield Town,Leicester City,59.0,31.0,1.0,1.0,6.712513174618736,6.96515928379471,12.518208925069878,15.094580298807438
7437764,2017-2018,5.0,2017-09-16 14:00,Ended,Liverpool,Burnley,44.0,6.0,1.0,1.0,7.1492538718864544,6.909288698336059,15.629654489688,13.581722017844081
7437768,2017-2018,5.0,2017-09-16 16:30,Ended,Tottenham Hotspur,Swansea City,33.0,74.0,0.0,0.0,7.100513290905926,6.750246863816151,15.243756085663234,12.97926544493817
7437763,2017-2018,5.0,2017-09-17 12:30,Ended,Chelsea,Arsenal,38.0,42.0,0.0,0.0,7.109270147895842,7.019077570838331,14.198415532177991,15.368362406830213
7437751,2017-2018,5.0,2017-09-17 15:00,Ended,Manchester United,Everton,35.0,48.0,4.0,0.0,7.041261918770453,7.050241528232099,14.803377680025465,14.121077132570315
7437752,2017-2018,6.0,2017-09-23 11:30,Ended,West Ham United,Tottenham Hotspur,37.0,33.0,2.0,3.0,6.931613783360987,7.0198999056900995,12.710677032063513,15.0251282928086
7437758,2017-2018,6.0,2017-09-23 14:00,Ended,Everton,Bournemouth,48.0,60.0,2.0,1.0,6.95595148890802,6.863456141762864,14.485564929632279,13.482057792045662
7437747,2017-2018,6.0,2017-09-23 14:00,Ended,Manchester City,Crystal Palace,17.0,7.0,5.0,0.0,7.152904387388056,6.967621345169752,15.47248721644273,13.77804524907811
7437755,2017-2018,6.0,2017-09-23 14:00,Ended,Southampton,Manchester United,45.0,35.0,0.0,1.0,6.905801598189268,7.044765226942355,13.742408486055336,14.803377680025465
7437788,2017-2018,6.0,2017-09-23 14:00,Ended,Swansea City,Watford,74.0,24.0,1.0,2.0,6.873919438744007,6.811261296196587,12.177252313167617,14.405251992551007
7437740,2017-2018,6.0,2017-09-23 14:00,Ended,Burnley,Huddersfield Town,6.0,59.0,0.0,0.0,6.9785249784682,6.6977400703871295,13.635446997618857,12.244848636313941
7437738,2017-2018,6.0,2017-09-23 14:00,Ended,Stoke City,Chelsea,29.0,38.0,0.0,4.0,6.924598343487139,7.0341023036346595,13.073838414900306,14.653705764126284
7437782,2017-2018,6.0,2017-09-23 16:30,Ended,Leicester City,Liverpool,31.0,44.0,2.0,3.0,6.936416903276776,7.13178960938647,15.119191570366114,14.975378494549087
7437789,2017-2018,6.0,2017-09-24 15:00,Ended,Brighton & Hove Albion,Newcastle United,30.0,39.0,1.0,0.0,6.798641987097869,6.902500880147077,14.195902400560376,14.456749538502317
7437774,2017-2018,6.0,2017-09-25 19:00,Ended,Arsenal,West Bromwich Albion,42.0,8.0,2.0,0.0,7.067019390346048,6.89287889438784,14.82297493169351,13.326880726567726
7437786,2017-2018,7.0,2017-09-30 11:30,Ended,Huddersfield Town,Tottenham Hotspur,59.0,33.0,0.0,4.0,6.665244755244756,7.126722908417389,11.889726163636043,15.414210360684605
7437796,2017-2018,7.0,2017-09-30 14:00,Ended,West Bromwich Albion,Watford,8.0,24.0,2.0,2.0,6.903337296628833,6.853858485105298,13.209290281845876,14.264805506795854
7437734,2017-2018,7.0,2017-09-30 14:00,Ended,Stoke City,Southampton,29.0,45.0,2.0,1.0,6.910700985536393,6.993380717690053,12.933494910494817,14.065744654067577
7437745,2017-2018,7.0,2017-09-30 14:00,Ended,Manchester United,Crystal Palace,35.0,7.0,4.0,0.0,7.028897513373024,6.8936639766005525,14.78549007457038,13.152060378005501
7437753,2017-2018,7.0,2017-09-30 14:00,Ended,West Ham United,Swansea City,37.0,74.0,1.0,0.0,6.958281858365069,6.815246570376982,12.454782272861001,13.142265991725822
7437794,2017-2018,7.0,2017-09-30 14:00,Ended,Bournemouth,Leicester City,60.0,31.0,0.0,0.0,6.869334473020396,6.940809922269268,14.484916113105536,14.748477632302846
7437759,2017-2018,7.0,2017-09-30 16:30,Ended,Chelsea,Manchester City,38.0,17.0,0.0,1.0,7.135223501234173,7.212467098257343,15.214509407822268,15.884914052361756
7437772,2017-2018,7.0,2017-10-01 11:00,Ended,Arsenal,Brighton & Hove Albion,42.0,30.0,2.0,0.0,7.039978692204347,6.753526870875942,15.174255925721969,14.460302477051282
7437754,2017-2018,7.0,2017-10-01 13:15,Ended,Everton,Burnley,48.0,6.0,0.0,1.0,6.950036857754734,6.944720763504166,14.688377067486032,13.635446997618857
7437776,2017-2018,7.0,2017-10-01 15:30,Ended,Newcastle United,Liverpool,39.0,44.0,1.0,1.0,6.917631284486124,7.132501619717693,14.452806391943394,14.929367406060091
7437765,2017-2018,8.0,2017-10-14 11:30,Ended,Liverpool,Manchester United,44.0,35.0,0.0,0.0,7.121335456860763,7.066913371788209,14.975378494549087,14.524583877703773
7437743,2017-2018,8.0,2017-10-14 14:00,Ended,Crystal Palace,Chelsea,7.0,38.0,2.0,1.0,6.874840373449223,7.115668517459803,13.501816162213517,13.91007846701097
7437770,2017-2018,8.0,2017-10-14 14:00,Ended,Tottenham Hotspur,Bournemouth,33.0,60.0,1.0,0.0,7.132480929287118,6.904420246607933,15.56944428037617,14.183442806717265
7437744,2017-2018,8.0,2017-10-14 14:00,Ended,Manchester City,Stoke City,17.0,29.0,7.0,2.0,7.212796107881579,6.908408004820493,15.884914052361754,13.137575520411211
7437736,2017-2018,8.0,2017-10-14 14:00,Ended,Burnley,West Ham United,6.0,37.0,1.0,1.0,6.950013315022607,6.983301509711264,13.635446997618857,12.903432948603951
7437797,2017-2018,8.0,2017-10-14 14:00,Ended,Swansea City,Huddersfield Town,74.0,59.0,2.0,0.0,6.812345809119484,6.666496591321516,12.571807970203205,12.292494576008176
7437787,2017-2018,8.0,2017-10-14 16:30,Ended,Watford,Arsenal,24.0,42.0,2.0,1.0,6.767621215917685,7.014350210336656,14.390839726217036,15.530304122196517
7437785,2017-2018,8.0,2017-10-15 12:30,Ended,Brighton & Hove Albion,Everton,30.0,48.0,1.0,1.0,6.849130196839848,6.959482731246291,14.195902400560376,15.18783351181238
7437761,2017-2018,8.0,2017-10-15 15:00,Ended,Southampton,Newcastle United,45.0,39.0,2.0,2.0,6.985906138917133,6.858386598121077,13.952861101901124,13.969314627633615
7437769,2017-2018,8.0,2017-10-16 19:00,Ended,Leicester City,West Bromwich Albion,31.0,8.0,1.0,1.0,6.965776921228102,6.926147187141935,14.906601070894917,13.460912259034775
7437843,2017-2018,9.0,2017-10-20 19:00,Ended,West Ham United,Brighton & Hove Albion,37.0,30.0,0.0,3.0,6.976642358232296,6.7709004605176855,13.173067637269302,14.12359330013372
7437863,2017-2018,9.0,2017-10-21 11:30,Ended,Chelsea,Watford,38.0,24.0,4.0,2.0,7.146076634832821,6.814335391806739,14.554448796540708,14.250393240461884
7437845,2017-2018,9.0,2017-10-21 14:00,Ended,Manchester City,Burnley,17.0,6.0,3.0,0.0,7.2016377831253315,6.94523930470102,15.986965720473426,13.635446997618857
7437847,2017-2018,9.0,2017-10-21 14:00,Ended,Newcastle United,Crystal Palace,39.0,7.0,1.0,0.0,6.853063912341963,6.8782474871132075,13.969314627633615,13.501816162213517
7437826,2017-2018,9.0,2017-10-21 14:00,Ended,Stoke City,Bournemouth,29.0,60.0,1.0,2.0,6.863627964326699,6.810784460757464,13.129827710435352,13.575302942030627
7438096,2017-2018,9.0,2017-10-21 14:00,Ended,Swansea City,Leicester City,74.0,31.0,1.0,2.0,6.801002366734813,6.937188984647921,12.905927830364572,14.898538751182826
7437924,2017-2018,9.0,2017-10-21 14:00,Ended,Huddersfield Town,Manchester United,59.0,35.0,2.0,1.0,6.7529767098226845,7.051846220496494,11.836715526134729,14.343874158731788
7437864,2017-2018,9.0,2017-10-21 16:30,Ended,Southampton,West Bromwich Albion,45.0,8.0,1.0,0.0,6.991391887588219,6.908563124854686,13.947239725293986,13.460912259034775
7437880,2017-2018,9.0,2017-10-22 12:30,Ended,Everton,Arsenal,48.0,42.0,2.0,5.0,6.992871801353294,7.114007468705979,15.146736072890699,14.912551722440762
7437904,2017-2018,9.0,2017-10-22 15:00,Ended,Tottenham Hotspur,Liverpool,33.0,44.0,4.0,1.0,7.082459729531843,7.143504554884415,15.39409035049506,14.872242488383193
7437748,2017-2018,10.0,2017-10-28 11:30,Ended,Manchester United,Tottenham Hotspur,35.0,33.0,1.0,0.0,7.076024946357731,6.9992917018547836,14.741108445888326,14.719215889294137
7437775,2017-2018,10.0,2017-10-28 14:00,Ended,Arsenal,Swansea City,42.0,74.0,2.0,1.0,7.116450040982085,6.882315853608577,14.912551722440762,12.80587063710589
7437795,2017-2018,10.0,2017-10-28 14:00,Ended,West Bromwich Albion,Manchester City,8.0,17.0,2.0,3.0,6.896863600004793,7.216836267149466,13.162127253972324,16.09609912987521
7437791,2017-2018,10.0,2017-10-28 14:00,Ended,Watford,Stoke City,24.0,29.0,0.0,1.0,6.841413186524224,6.865364923014005,14.264805506795854,13.395254194368697
7437741,2017-2018,10.0,2017-10-28 14:00,Ended,Crystal Palace,West Ham United,7.0,37.0,2.0,2.0,6.907409670465044,6.89921235100552,13.882540398344123,12.777326601612154
7437767,2017-2018,10.0,2017-10-28 14:00,Ended,Liverpool,Huddersfield Town,44.0,59.0,3.0,0.0,7.0773158916161085,6.740083372509844,14.941454469289738,12.01735925619609
7437792,2017-2018,10.0,2017-10-28 16:30,Ended,Bournemouth,Chelsea,60.0,38.0,0.0,1.0,6.886283850243969,7.141221011008915,14.055566947931652,14.620677999669141
7437783,2017-2018,10.0,2017-10-29 13:30,Ended,Brighton & Hove Albion,Southampton,30.0,45.0,1.0,1.0,6.817140226599557,6.930583066690018,14.12359330013372,14.271571418698613
7437777,2017-2018,10.0,2017-10-29 16:00,Ended,Leicester City,Everton,31.0,48.0,2.0,0.0,6.946793290497666,6.921830602297772,15.107776487397583,15.402167506704004
7437739,2017-2018,10.0,2017-10-30 20:00,Ended,Burnley,Newcastle United,6.0,39.0,1.0,0.0,6.935238942820579,6.820718462751739,13.482021265980416,14.053930203613001
7437804,2017-2018,11.0,2017-11-04 12:30,Ended,Stoke City,Leicester City,29.0,31.0,2.0,2.0,6.866176686243549,6.951496881206941,13.395254194368697,14.921996624250085
7437921,2017-2018,11.0,2017-11-04 15:00,Ended,Huddersfield Town,West Bromwich Albion,59.0,8.0,1.0,0.0,6.640651577290333,6.874509580974328,12.094693421002404,13.209773945547965
7437881,2017-2018,11.0,2017-11-04 15:00,Ended,Southampton,Burnley,45.0,6.0,0.0,1.0,6.968716427418741,6.950830457553035,13.848608919835243,13.919681371007808
7437894,2017-2018,11.0,2017-11-04 15:00,Ended,Swansea City,Brighton & Hove Albion,74.0,30.0,0.0,1.0,6.8426232155407085,6.829508288154534,12.700717978451713,14.12359330013372
7437883,2017-2018,11.0,2017-11-04 15:00,Ended,Newcastle United,Bournemouth,39.0,60.0,0.0,1.0,6.869734848484848,6.87361881766059,13.726101210391288,13.621956319013362
7437817,2017-2018,11.0,2017-11-04 17:30,Ended,West Ham United,Liverpool,37.0,44.0,1.0,4.0,6.920440341609071,7.0746310416605125,12.9491163728713,15.213497424964876
7437832,2017-2018,11.0,2017-11-05 12:00,Ended,Tottenham Hotspur,Crystal Palace,33.0,7.0,1.0,0.0,7.005451197891092,6.891834618919018,15.381081136916237,13.913429413839784
7437820,2017-2018,11.0,2017-11-05 14:15,Ended,Manchester City,Arsenal,17.0,42.0,3.0,1.0,7.217326684929234,7.125156289596896,15.745611346172335,14.958970279778184
7437811,2017-2018,11.0,2017-11-05 16:30,Ended,Everton,Watford,48.0,24.0,3.0,2.0,6.912670594756848,6.794335401538407,14.60292714578065,14.56453865792982
7437866,2017-2018,11.0,2017-11-05 16:30,Ended,Chelsea,Manchester United,38.0,35.0,1.0,0.0,7.144232688825455,7.074484979830453,15.102632741143909,14.741108445888326
7437887,2017-2018,12.0,2017-11-18 12:30,Ended,Arsenal,Tottenham Hotspur,42.0,33.0,2.0,0.0,7.125570252574372,7.129826976948632,14.912551722440762,15.088522165971666
7437915,2017-2018,12.0,2017-11-18 15:00,Ended,West Bromwich Albion,Chelsea,8.0,38.0,0.0,4.0,6.887902187405519,7.132207764156686,13.092086768085698,15.102632741143909
7437816,2017-2018,12.0,2017-11-18 15:00,Ended,Crystal Palace,Everton,7.0,48.0,2.0,2.0,6.881392626856904,6.91078664997363,14.100024431074367,15.073526646914972
7437839,2017-2018,12.0,2017-11-18 15:00,Ended,Leicester City,Manchester City,31.0,17.0,0.0,2.0,6.972285196278267,7.207798821603988,14.921996624250085,16.16692738301792
7437809,2017-2018,12.0,2017-11-18 15:00,Ended,Burnley,Swansea City,6.0,74.0,2.0,0.0,6.954054047789513,6.806030827619489,13.482021265980416,12.981571424922048
7437879,2017-2018,12.0,2017-11-18 15:00,Ended,Bournemouth,Huddersfield Town,60.0,59.0,4.0,0.0,6.877479087072947,6.752107389329296,13.621956319013362,12.268500025069281
7437914,2017-2018,12.0,2017-11-18 15:00,Ended,Liverpool,Southampton,44.0,45.0,3.0,0.0,7.158814165044243,6.942224621881797,15.12995963875861,14.236284085867718
7437818,2017-2018,12.0,2017-11-18 17:30,Ended,Manchester United,Newcastle United,35.0,39.0,4.0,1.0,7.030590762077103,6.865843731935272,14.98555407415616,14.08743812644255
7438102,2017-2018,12.0,2017-11-19 16:00,Ended,Watford,West Ham United,24.0,37.0,2.0,0.0,6.7915980617727705,6.960696023325215,14.717446449861571,12.984980391025685
7437891,2017-2018,12.0,2017-11-20 20:00,Ended,Brighton & Hove Albion,Stoke City,30.0,29.0,2.0,2.0,6.841018456729919,6.881430759880632,14.12359330013372,13.277293984125306
7438079,2017-2018,13.0,2017-11-24 20:00,Ended,West Ham United,Leicester City,37.0,31.0,1.0,1.0,6.94417948082347,6.961058471939425,13.198230254062246,14.921996624250085
7437830,2017-2018,13.0,2017-11-25 15:00,Ended,Crystal Palace,Stoke City,7.0,29.0,2.0,1.0,6.887117112128831,6.890160992451488,14.100024431074367,13.277293984125306
7437870,2017-2018,13.0,2017-11-25 15:00,Ended,Tottenham Hotspur,West Bromwich Albion,33.0,8.0,1.0,1.0,7.125650006813867,6.809392851268538,15.546656538484488,13.105142418797767
7437873,2017-2018,13.0,2017-11-25 15:00,Ended,Newcastle United,Watford,39.0,24.0,0.0,3.0,6.795876511442847,6.825250973338706,14.20584354821999,14.717446449861571
7437885,2017-2018,13.0,2017-11-25 15:00,Ended,Swansea City,Bournemouth,74.0,60.0,0.0,0.0,6.7943566054553,6.873973527171975,12.696748860591605,13.563202051592425
7437840,2017-2018,13.0,2017-11-25 15:00,Ended,Manchester United,Brighton & Hove Albion,35.0,30.0,1.0,0.0,7.037444041094355,6.878926905387797,14.98555407415616,14.195902400560376
7437888,2017-2018,13.0,2017-11-25 17:30,Ended,Liverpool,Chelsea,44.0,38.0,1.0,1.0,7.132992331430658,7.11189775445197,14.85291116925307,15.102632741143909
7438083,2017-2018,13.0,2017-11-26 13:30,Ended,Southampton,Everton,45.0,48.0,4.0,1.0,6.91195155924739,6.9480762214717116,14.473545557083598,14.9969379253519
7437829,2017-2018,13.0,2017-11-26 14:00,Ended,Burnley,Arsenal,6.0,42.0,0.0,1.0,6.960828844154961,7.083136096850413,13.482021265980416,15.221273918661476
7437909,2017-2018,13.0,2017-11-26 16:00,Ended,Huddersfield Town,Manchester City,59.0,17.0,1.0,2.0,6.75563335215509,7.2343090549626545,11.88083516685183,15.63228317875001
7438098,2017-2018,14.0,2017-11-28 19:45,Ended,Leicester City,Tottenham Hotspur,31.0,33.0,2.0,1.0,6.916968426204067,7.053807972900646,15.119191570366114,14.98557347172726
7438097,2017-2018,14.0,2017-11-28 19:45,Ended,Brighton & Hove Albion,Crystal Palace,30.0,7.0,0.0,0.0,6.847507548049152,6.915973083932799,14.12359330013372,14.126522967665172
7437919,2017-2018,14.0,2017-11-28 20:00,Ended,West Bromwich Albion,Newcastle United,8.0,39.0,2.0,2.0,6.805760118043102,6.879919305735706,13.197305387265056,14.489558197421363
7437923,2017-2018,14.0,2017-11-28 20:00,Ended,Watford,Manchester United,24.0,35.0,2.0,4.0,6.887598882433295,7.047093556503361,14.717446449861571,14.65209041264178
7437884,2017-2018,14.0,2017-11-29 19:45,Ended,Arsenal,Huddersfield Town,42.0,59.0,5.0,0.0,7.128478947861286,6.7334295565870805,14.912551722440762,12.502331868196697
7437874,2017-2018,14.0,2017-11-29 19:45,Ended,Chelsea,Swansea City,38.0,74.0,1.0,0.0,7.129610206319353,6.812006270917497,15.14357775355767,12.696748860591605
7437916,2017-2018,14.0,2017-11-29 19:45,Ended,Bournemouth,Burnley,60.0,6.0,1.0,2.0,6.8871617067508915,6.94036147235268,13.621956319013362,14.127002008294971
7437834,2017-2018,14.0,2017-11-29 20:00,Ended,Stoke City,Liverpool,29.0,44.0,0.0,3.0,6.938376300301723,7.10001847013336,13.214389608585003,15.021981985235689
7437822,2017-2018,14.0,2017-11-29 20:00,Ended,Manchester City,Southampton,17.0,45.0,2.0,1.0,7.242323467685608,6.9774949901207775,15.47265533725356,14.314139027640714
7437868,2017-2018,14.0,2017-11-29 20:00,Ended,Everton,West Ham United,48.0,37.0,4.0,0.0,6.901468111182675,6.9177764152616215,14.533228058650973,13.217499089040652
7437819,2017-2018,15.0,2017-12-02 12:30,Ended,Chelsea,Newcastle United,38.0,39.0,3.0,1.0,7.130153728881644,6.8065519712544225,15.091636644525664,14.658088773863588
7437895,2017-2018,15.0,2017-12-02 15:00,Ended,Leicester City,Burnley,31.0,6.0,1.0,0.0,6.92712378985731,6.93648597008982,15.107776487397583,14.127002008294971
7437886,2017-2018,15.0,2017-12-02 15:00,Ended,Brighton & Hove Albion,Liverpool,30.0,44.0,1.0,5.0,6.8662185546677525,7.1559626450426626,14.12359330013372,15.21069783769682
7437824,2017-2018,15.0,2017-12-02 15:00,Ended,Everton,Huddersfield Town,48.0,59.0,2.0,0.0,6.917205911015116,6.66930241833612,14.533228058650973,11.900749031653982
7437806,2017-2018,15.0,2017-12-02 15:00,Ended,Stoke City,Swansea City,29.0,74.0,2.0,1.0,6.928767363606045,6.864081228089182,13.358187616797494,12.86109644839852
7438100,2017-2018,15.0,2017-12-02 15:00,Ended,West Bromwich Albion,Crystal Palace,8.0,7.0,0.0,0.0,6.828404715758415,6.839789168666768,13.335934823377045,14.126522967665172
7437896,2017-2018,15.0,2017-12-02 15:00,Ended,Watford,Tottenham Hotspur,24.0,33.0,1.0,1.0,6.8721290165934965,7.149090637439582,14.250393240461884,15.5718863811227
7437892,2017-2018,15.0,2017-12-02 17:30,Ended,Arsenal,Manchester United,42.0,35.0,1.0,3.0,7.138049637592895,7.045995303212671,14.912551722440762,14.65209041264178
7437902,2017-2018,15.0,2017-12-03 13:30,Ended,Bournemouth,Southampton,60.0,45.0,1.0,1.0,6.926172948699573,6.931955467130967,14.480324168277392,14.242864552553396
7437814,2017-2018,15.0,2017-12-03 16:00,Ended,Manchester City,West Ham United,17.0,37.0,2.0,1.0,7.209222105263579,6.893556785331066,15.064487683924146,13.787485314337417
7437823,2017-2018,16.0,2017-12-09 12:30,Ended,West Ham United,Chelsea,37.0,38.0,1.0,0.0,6.938352616130359,7.167589116967225,13.416777926641394,15.102632741143909
7437925,2017-2018,16.0,2017-12-09 15:00,Ended,Huddersfield Town,Brighton & Hove Albion,59.0,30.0,2.0,0.0,6.681669212430081,6.8598642526545754,12.273490345801719,13.55746279549481
7437807,2017-2018,16.0,2017-12-09 15:00,Ended,Burnley,Watford,6.0,24.0,1.0,0.0,6.8756752688965355,6.844530449722122,13.83464140475879,14.25138236304852
7437815,2017-2018,16.0,2017-12-09 15:00,Ended,Crystal Palace,Bournemouth,7.0,60.0,2.0,2.0,6.918370151767618,6.953754667443753,14.159896517833959,14.40101651746573
7437878,2017-2018,16.0,2017-12-09 15:00,Ended,Tottenham Hotspur,Stoke City,33.0,29.0,5.0,1.0,7.147745318643624,6.857686954087305,15.414809343866258,13.207567935217282
7437908,2017-2018,16.0,2017-12-09 15:00,Ended,Swansea City,West Bromwich Albion,74.0,8.0,1.0,0.0,6.773628784794306,6.831108402916715,12.179418199784873,13.335934823377045
7438099,2017-2018,16.0,2017-12-09 17:30,Ended,Newcastle United,Leicester City,39.0,31.0,2.0,3.0,6.832563776802908,6.927317683922808,14.321919218123044,15.107776487397583
7437825,2017-2018,16.0,2017-12-10 12:00,Ended,Southampton,Arsenal,45.0,42.0,1.0,1.0,6.965239389504763,7.1252007921202845,14.199352467968742,14.912551722440762
7437844,2017-2018,16.0,2017-12-10 14:15,Ended,Liverpool,Everton,44.0,48.0,1.0,1.0,7.108088754459027,6.902688052055544,15.229946327899977,14.533228058650973
7437841,2017-2018,16.0,2017-12-10 16:30,Ended,Manchester United,Manchester City,35.0,17.0,1.0,2.0,7.026291231145336,7.234170625477361,14.597544495350542,15.80767600974111
7437808,2017-2018,17.0,2017-12-12 19:45,Ended,Burnley,Stoke City,6.0,29.0,1.0,0.0,6.894914685244407,6.904857518232242,13.83464140475879,13.388253355873132
7437813,2017-2018,17.0,2017-12-12 20:00,Ended,Crystal Palace,Watford,7.0,24.0,2.0,1.0,6.917112912423272,6.851987701462952,14.159896517833959,14.389535173991126
7438101,2017-2018,17.0,2017-12-12 20:00,Ended,Huddersfield Town,Chelsea,59.0,38.0,1.0,3.0,6.760755320145554,7.130453366896439,12.273490345801719,14.525899733262232
7437875,2017-2018,17.0,2017-12-13 19:45,Ended,Southampton,Leicester City,45.0,31.0,1.0,4.0,6.983821142376434,6.946245836346623,13.856301341120723,15.119191570366114
7437905,2017-2018,17.0,2017-12-13 19:45,Ended,Swansea City,Manchester City,74.0,17.0,0.0,4.0,6.8261902792565925,7.180086168504705,12.464161480328848,15.135360642595332
7437906,2017-2018,17.0,2017-12-13 19:45,Ended,Newcastle United,Everton,39.0,48.0,0.0,1.0,6.853020319215563,6.951848356057846,13.873374149383398,14.474130257107488
7437898,2017-2018,17.0,2017-12-13 20:00,Ended,Tottenham Hotspur,Brighton & Hove Albion,33.0,30.0,2.0,0.0,7.0354239171855255,6.679581405184853,15.115506548747936,13.136510925561984
7437890,2017-2018,17.0,2017-12-13 20:00,Ended,Liverpool,West Bromwich Albion,44.0,8.0,0.0,0.0,7.131548441396084,6.833865705201024,15.460685699144523,12.91917050988629
7437821,2017-2018,17.0,2017-12-13 20:00,Ended,West Ham United,Arsenal,37.0,42.0,0.0,0.0,6.943783437671447,7.111225857877188,13.416777926641394,15.376958871549308
7437833,2017-2018,17.0,2017-12-13 20:00,Ended,Manchester United,Bournemouth,35.0,60.0,1.0,0.0,7.01208733560395,6.932375334036681,15.185639564190474,14.124041399514454
7437877,2017-2018,18.0,2017-12-16 12:30,Ended,Leicester City,Crystal Palace,31.0,7.0,0.0,3.0,6.928476040270871,6.876353435181614,15.107776487397583,14.566297876113723
7437882,2017-2018,18.0,2017-12-16 15:00,Ended,Arsenal,Newcastle United,42.0,39.0,1.0,0.0,7.110006304630359,6.78591768272579,15.654910008308988,15.002328899997568
7437828,2017-2018,18.0,2017-12-16 15:00,Ended,Chelsea,Southampton,38.0,45.0,1.0,0.0,7.14283483416783,6.89071854210514,14.357052486055428,13.945069723931317
7437942,2017-2018,18.0,2017-12-16 15:00,Ended,Watford,Huddersfield Town,24.0,59.0,1.0,4.0,6.856650387396356,6.661417410340855,14.38953517399113,12.118567686031023
7437899,2017-2018,18.0,2017-12-16 15:00,Ended,Brighton & Hove Albion,Burnley,30.0,6.0,0.0,0.0,6.852941268368299,6.890110663105994,14.195902400560376,14.03885105005125
7437805,2017-2018,18.0,2017-12-16 16:00,Ended,Stoke City,West Ham United,29.0,37.0,0.0,3.0,6.894056975315857,6.941084568886937,12.98167930992126,13.416777926641394
7437869,2017-2018,18.0,2017-12-16 17:30,Ended,Manchester City,Tottenham Hotspur,17.0,33.0,4.0,1.0,7.19508615754061,7.157764277851057,15.049162393662604,15.423964654167124
7437920,2017-2018,18.0,2017-12-17 14:15,Ended,West Bromwich Albion,Manchester United,8.0,35.0,1.0,2.0,6.878327562042481,7.037673260299835,13.295389943421888,14.552732852306677
7437910,2017-2018,18.0,2017-12-17 16:30,Ended,Bournemouth,Liverpool,60.0,44.0,0.0,4.0,6.84704445129436,7.112822360912216,13.973865891837777,15.070373555666672
7437867,2017-2018,18.0,2017-12-18 20:00,Ended,Everton,Swansea City,48.0,74.0,3.0,1.0,6.958922761657316,6.808984383196093,14.474130257107488,11.705318940261245
7437836,2017-2018,19.0,2017-12-22 19:45,Ended,Arsenal,Liverpool,42.0,44.0,3.0,3.0,7.118332530183466,7.14052527786445,15.654910008308988,15.322423315155742
7437838,2017-2018,19.0,2017-12-23 12:30,Ended,Everton,Chelsea,48.0,38.0,0.0,0.0,6.940722572414526,7.1443034634598,14.551375809881536,14.525899733262232
7437835,2017-2018,19.0,2017-12-23 15:00,Ended,Southampton,Huddersfield Town,45.0,59.0,1.0,1.0,6.930752797823988,6.711743424635274,13.96059824338614,12.437989912441525
7437889,2017-2018,19.0,2017-12-23 15:00,Ended,West Ham United,Newcastle United,37.0,39.0,2.0,3.0,6.908300914274559,6.779955652299838,13.112493125913296,13.435140326111917
7437827,2017-2018,19.0,2017-12-23 15:00,Ended,Stoke City,West Bromwich Albion,29.0,8.0,3.0,1.0,6.8608060809074995,6.856855948590104,13.82535779709721,12.629494431749924
7438075,2017-2018,19.0,2017-12-23 15:00,Ended,Manchester City,Bournemouth,17.0,60.0,4.0,0.0,7.233384582426575,6.955762610857843,15.63228317875001,13.532919808175235
7437918,2017-2018,19.0,2017-12-23 15:00,Ended,Brighton & Hove Albion,Watford,30.0,24.0,1.0,0.0,6.856696317759266,6.811553432113689,14.441886820528637,14.155520923461077
7437871,2017-2018,19.0,2017-12-23 15:00,Ended,Swansea City,Crystal Palace,74.0,7.0,1.0,1.0,6.758719553218409,6.87685087121918,12.243198791782637,14.407980425439083
7437810,2017-2018,19.0,2017-12-23 17:30,Ended,Burnley,Tottenham Hotspur,6.0,33.0,0.0,3.0,6.887154749077073,7.041758975863044,13.581165990060523,15.196482677396082
7437911,2017-2018,19.0,2017-12-23 19:45,Ended,Leicester City,Manchester United,31.0,35.0,2.0,2.0,6.953840379310117,7.051557726108317,14.921996624250085,14.709342331918913
7437897,2017-2018,20.0,2017-12-26 12:30,Ended,Tottenham Hotspur,Southampton,33.0,45.0,5.0,2.0,7.097998568780278,6.91602126017117,15.529358213772172,14.239579710257626
7437926,2017-2018,20.0,2017-12-26 15:00,Ended,West Bromwich Albion,Everton,8.0,48.0,0.0,0.0,6.879312362537181,6.9306485646579805,13.035573373728699,14.428831034004698
7437903,2017-2018,20.0,2017-12-26 15:00,Ended,Huddersfield Town,Stoke City,59.0,29.0,1.0,1.0,6.727658659423366,6.896274608630264,12.424026787519518,13.82535779709721
7437812,2017-2018,20.0,2017-12-26 15:00,Ended,Manchester United,Burnley,35.0,6.0,2.0,2.0,7.102460775189101,6.864391332502336,14.776503560074588,13.14350588503313
7437913,2017-2018,20.0,2017-12-26 15:00,Ended,Bournemouth,West Ham United,60.0,37.0,3.0,3.0,6.8832371058306885,6.9270077764382645,14.051094827606843,13.186225167948672
7438089,2017-2018,20.0,2017-12-26 15:00,Ended,Chelsea,Brighton & Hove Albion,38.0,30.0,2.0,0.0,7.128843723695187,6.726164467253176,14.777054726012842,13.47322010247955
7437922,2017-2018,20.0,2017-12-26 15:00,Ended,Watford,Leicester City,24.0,31.0,2.0,1.0,6.813801735551951,6.936549019327807,14.317158061715844,14.908891618362286
7437907,2017-2018,20.0,2017-12-26 17:30,Ended,Liverpool,Swansea City,44.0,74.0,5.0,0.0,7.150690736695864,6.809206643625018,15.58773018280393,12.552145238224169
7437837,2017-2018,20.0,2017-12-27 19:45,Ended,Newcastle United,Manchester City,39.0,17.0,0.0,1.0,6.757110814479236,7.18905817002975,14.180782614267015,15.411647933008087
7437865,2017-2018,20.0,2017-12-28 20:00,Ended,Crystal Palace,Arsenal,7.0,42.0,2.0,3.0,6.9085009565462405,7.123684203695058,14.387569385734238,15.017211922553303
7437893,2017-2018,21.0,2017-12-30 15:00,Ended,Liverpool,Leicester City,44.0,31.0,2.0,1.0,7.159894546909595,6.935546546405734,15.204495295982184,14.789973122894107
7437900,2017-2018,21.0,2017-12-30 15:00,Ended,Bournemouth,Everton,60.0,48.0,2.0,1.0,6.884632451455081,6.971785344445421,14.051094827606843,14.025061310633518
7437917,2017-2018,21.0,2017-12-30 15:00,Ended,Watford,Swansea City,24.0,74.0,1.0,2.0,6.913176389007448,6.7706575834811495,13.965563353868623,12.856537997806178
7437872,2017-2018,21.0,2017-12-30 15:00,Ended,Chelsea,Stoke City,38.0,29.0,5.0,0.0,7.089985925698903,6.780861475855764,14.616985715623956,12.780498218347203
7437912,2017-2018,21.0,2017-12-30 15:00,Ended,Huddersfield Town,Burnley,59.0,6.0,0.0,0.0,6.738752946626973,6.861148270116155,12.215140952454773,13.14350588503313
7437842,2017-2018,21.0,2017-12-30 15:00,Ended,Newcastle United,Brighton & Hove Albion,39.0,30.0,0.0,0.0,6.872752406274307,6.872638568402391,13.941232984069837,14.195902400560376
7437831,2017-2018,21.0,2017-12-30 17:30,Ended,Manchester United,Southampton,35.0,45.0,0.0,0.0,7.067513042325934,6.840694334107521,14.853768625806733,14.14931817041111
7438087,2017-2018,21.0,2017-12-31 12:00,Ended,Crystal Palace,Manchester City,7.0,17.0,0.0,0.0,6.912141735785815,7.187435458628241,13.732551858918319,15.371383476808788
7437901,2017-2018,21.0,2017-12-31 16:30,Ended,West Bromwich Albion,Arsenal,8.0,42.0,1.0,1.0,6.868689470299231,7.077858168605716,13.051581595243436,15.310982661615082
7438002,2017-2018,22.0,2018-01-01 12:30,Ended,Brighton & Hove Albion,Bournemouth,30.0,60.0,2.0,2.0,6.834645355221028,6.812167027960563,13.443535999263313,13.467295157503218
7437935,2017-2018,22.0,2018-01-01 15:00,Ended,Burnley,Liverpool,6.0,44.0,1.0,2.0,6.876662699272868,7.08380735829575,13.601190945023857,15.451756738574268
7437928,2017-2018,22.0,2018-01-01 15:00,Ended,Stoke City,Newcastle United,29.0,39.0,0.0,1.0,6.923360454243067,6.782815002481088,13.543077783453526,13.93124921965072
7437974,2017-2018,22.0,2018-01-01 15:00,Ended,Leicester City,Huddersfield Town,31.0,59.0,3.0,0.0,6.920657420493882,6.743762779424503,14.261684908429308,12.900610424846235
7437954,2017-2018,22.0,2018-01-01 17:30,Ended,Everton,Manchester United,48.0,35.0,0.0,2.0,6.884389613739157,7.056991775981927,14.489514467157582,14.492794412451213
7437957,2017-2018,22.0,2018-01-02 19:45,Ended,West Ham United,West Bromwich Albion,37.0,8.0,2.0,1.0,6.952812421393839,6.854496632715205,13.169097314634534,13.122350858534174
7438103,2017-2018,22.0,2018-01-02 19:45,Ended,Southampton,Crystal Palace,45.0,7.0,1.0,2.0,6.911833760906057,6.87004752187976,14.148985092389312,13.825398301618328
7437986,2017-2018,22.0,2018-01-02 19:45,Ended,Swansea City,Tottenham Hotspur,74.0,33.0,0.0,2.0,6.78564111188117,7.083767891616785,12.742034008726494,15.25859837438734
7437936,2017-2018,22.0,2018-01-02 20:00,Ended,Manchester City,Watford,17.0,24.0,3.0,1.0,7.229849887463636,6.866899812781611,15.745611346172335,14.189364895398647
7437976,2017-2018,22.0,2018-01-03 19:45,Ended,Arsenal,Chelsea,42.0,38.0,2.0,2.0,7.068995639180827,7.152138648558892,15.068695187047817,14.781023313302164
7437876,2017-2018,21.0,2018-01-04 20:00,Ended,Tottenham Hotspur,West Ham United,33.0,37.0,1.0,1.0,7.053389025793968,6.956465864155428,15.196482677396082,13.667350560981271
7437989,2017-2018,23.0,2018-01-13 15:00,Ended,Newcastle United,Swansea City,39.0,74.0,1.0,1.0,6.849590372967689,6.79990783361793,13.513094231237934,12.839821046452528
7437999,2017-2018,23.0,2018-01-13 15:00,Ended,Huddersfield Town,West Ham United,59.0,37.0,1.0,4.0,6.6529157453437255,6.943603392217102,12.146080002515076,13.266685203673333
7437971,2017-2018,23.0,2018-01-13 15:00,Ended,Chelsea,Leicester City,38.0,31.0,0.0,0.0,7.1324745336410675,6.862939441641308,14.777054726012842,14.501650310492984
7437946,2017-2018,23.0,2018-01-13 15:00,Ended,Crystal Palace,Burnley,7.0,6.0,1.0,0.0,6.846507390674821,6.9167601833072645,13.818364909203263,13.583484630390979
7438109,2017-2018,23.0,2018-01-13 15:00,Ended,West Bromwich Albion,Brighton & Hove Albion,8.0,30.0,2.0,0.0,6.890594159873476,6.876050304419288,13.209290281845876,14.12359330013372
7438001,2017-2018,23.0,2018-01-13 15:00,Ended,Watford,Southampton,24.0,45.0,2.0,2.0,6.8232928611244,6.870572438995814,14.189364895398647,14.28973650024634
7437978,2017-2018,23.0,2018-01-13 17:30,Ended,Tottenham Hotspur,Everton,33.0,48.0,4.0,0.0,7.104089938441084,6.973043815353011,15.508492507959634,13.37040108426195
7438013,2017-2018,23.0,2018-01-14 13:30,Ended,Bournemouth,Arsenal,60.0,42.0,2.0,1.0,6.87846541693902,6.969862990895797,14.038483831734514,15.448011602812706
7437991,2017-2018,23.0,2018-01-14 16:00,Ended,Liverpool,Manchester City,44.0,17.0,4.0,3.0,7.1046264803284,7.221246476137892,15.217344530993879,15.608462388013216
7437963,2017-2018,23.0,2018-01-15 20:00,Ended,Manchester United,Stoke City,35.0,29.0,3.0,0.0,7.077268569265332,6.8915221106298,14.953527231668696,14.367277063584718
7438004,2017-2018,24.0,2018-01-20 12:30,Ended,Brighton & Hove Albion,Chelsea,30.0,38.0,0.0,4.0,6.955785039333426,7.105921861786713,13.84317282612305,14.41668526424925
7437940,2017-2018,24.0,2018-01-20 15:00,Ended,Burnley,Manchester United,6.0,35.0,0.0,1.0,6.875613932016216,7.082761635504631,13.601190945023857,14.61333942707472
7437964,2017-2018,24.0,2018-01-20 15:00,Ended,West Ham United,Bournemouth,37.0,60.0,1.0,1.0,6.947212774899996,6.883491598533009,13.266685203673333,14.038483831734514
7437970,2017-2018,24.0,2018-01-20 15:00,Ended,Arsenal,Crystal Palace,42.0,7.0,4.0,1.0,7.078606301582255,6.88223168925261,15.557945044758423,13.680306343339074
7437948,2017-2018,24.0,2018-01-20 15:00,Ended,Everton,West Bromwich Albion,48.0,8.0,1.0,1.0,6.899526428703683,6.895968682455387,13.792402569537732,13.209290281845876
7437929,2017-2018,24.0,2018-01-20 15:00,Ended,Stoke City,Huddersfield Town,29.0,59.0,2.0,0.0,6.89768206020479,6.768961499541339,13.424578144945984,12.498653054218755
7438104,2017-2018,24.0,2018-01-20 15:00,Ended,Leicester City,Watford,31.0,24.0,2.0,0.0,6.888203513347393,6.824232754535379,14.501650310492984,13.979161252313778
7437945,2017-2018,24.0,2018-01-20 17:30,Ended,Manchester City,Newcastle United,17.0,39.0,3.0,1.0,7.195988538144493,6.795195123179664,15.795866734550776,14.103397734843734
7437953,2017-2018,24.0,2018-01-21 16:00,Ended,Southampton,Tottenham Hotspur,45.0,33.0,1.0,1.0,6.863341930989839,7.047709366167994,14.270925154799954,15.41244426606557
7437977,2017-2018,24.0,2018-01-22 20:00,Ended,Swansea City,Liverpool,74.0,44.0,1.0,0.0,6.80340787021645,7.134316505438508,12.378432052221878,15.588406475068913
7437984,2017-2018,25.0,2018-01-30 19:45,Ended,Swansea City,Arsenal,74.0,42.0,3.0,1.0,6.809842288033545,7.087114280049888,12.378432052221878,15.156941233906332
7438105,2017-2018,25.0,2018-01-30 19:45,Ended,West Ham United,Crystal Palace,37.0,7.0,1.0,1.0,6.899054769690707,6.861721526024419,13.588246255612278,13.603200878984003
7437993,2017-2018,25.0,2018-01-30 20:00,Ended,Huddersfield Town,Liverpool,59.0,44.0,0.0,3.0,6.773254210655396,7.113782175028532,13.200070959916504,15.152507750053596
7437950,2017-2018,25.0,2018-01-31 19:45,Ended,Everton,Leicester City,48.0,31.0,2.0,1.0,6.9345583008303375,6.8826580076195,13.916863322390538,14.418283022226328
7437968,2017-2018,25.0,2018-01-31 19:45,Ended,Chelsea,Bournemouth,38.0,60.0,0.0,3.0,7.145469877344877,6.902838515793855,14.89159937434325,14.165135496318603
7437965,2017-2018,25.0,2018-01-31 19:45,Ended,Newcastle United,Burnley,39.0,6.0,1.0,1.0,6.8202403001817835,6.859214304356022,14.489827556684347,13.126953009573276
7437947,2017-2018,25.0,2018-01-31 19:45,Ended,Southampton,Brighton & Hove Albion,45.0,30.0,1.0,1.0,6.87460388977068,6.846251196251196,14.28973650024634,13.724126980027952
7437933,2017-2018,25.0,2018-01-31 20:00,Ended,Stoke City,Watford,29.0,24.0,0.0,0.0,6.922854064614214,6.843439243220976,13.424578144945984,14.278497626707189
7437943,2017-2018,25.0,2018-01-31 20:00,Ended,Manchester City,West Bromwich Albion,17.0,8.0,3.0,0.0,7.183719806802759,6.838770699475506,15.759702060076712,13.247800080749364
7437980,2017-2018,25.0,2018-01-31 20:00,Ended,Tottenham Hotspur,Manchester United,33.0,35.0,2.0,0.0,7.148328957183714,7.136149525159502,15.5718863811227,14.763014276848786
7437934,2017-2018,26.0,2018-02-03 12:30,Ended,Burnley,Manchester City,6.0,17.0,1.0,1.0,6.883401470785802,7.199335890458414,13.125799570400252,15.411647933008087
7437988,2017-2018,26.0,2018-02-03 15:00,Ended,Leicester City,Swansea City,31.0,74.0,1.0,1.0,6.92025261448706,6.8136149456782675,14.42558370186604,12.378432052221878
7438108,2017-2018,26.0,2018-02-03 15:00,Ended,Bournemouth,Stoke City,60.0,29.0,2.0,1.0,6.905660782669452,6.962298889565982,14.165135496318603,13.732552967592502
7437956,2017-2018,26.0,2018-02-03 15:00,Ended,Manchester United,Huddersfield Town,35.0,59.0,2.0,0.0,7.068846007752694,6.674624875609115,14.761974609360454,12.871130232345925
7438006,2017-2018,26.0,2018-02-03 15:00,Ended,Brighton & Hove Albion,West Ham United,30.0,37.0,3.0,1.0,6.861148164166741,6.925536089392824,13.443535999263313,13.588246255612278
7437997,2017-2018,26.0,2018-02-03 15:00,Ended,West Bromwich Albion,Southampton,8.0,45.0,2.0,3.0,6.915169375572307,6.868878330492437,12.96698442350333,14.024993973095174
7438107,2017-2018,26.0,2018-02-03 17:30,Ended,Arsenal,Everton,42.0,48.0,5.0,1.0,7.103994584029501,6.917053463870254,15.182070520374788,13.697530473779056
7437941,2017-2018,26.0,2018-02-04 14:15,Ended,Crystal Palace,Newcastle United,7.0,39.0,1.0,1.0,6.8794387621152815,6.8735446970785326,13.603200878984003,13.501201923511413
7437981,2017-2018,26.0,2018-02-04 16:30,Ended,Liverpool,Tottenham Hotspur,44.0,33.0,2.0,2.0,7.172823701351401,7.151688804144555,15.435844873562163,15.5718863811227
7437995,2017-2018,26.0,2018-02-05 20:00,Ended,Watford,Chelsea,24.0,38.0,4.0,1.0,6.880721255287392,7.130060381972758,14.431950116326565,14.03823644264386
7437982,2017-2018,27.0,2018-02-10 12:30,Ended,Tottenham Hotspur,Arsenal,33.0,42.0,1.0,0.0,7.146807594520381,7.106161577647511,15.5718863811227,15.03048160676542
7437962,2017-2018,27.0,2018-02-10 15:00,Ended,Everton,Crystal Palace,48.0,7.0,3.0,1.0,6.9107549313767285,6.9260646926140685,13.671152956579395,13.684126806512703
7437961,2017-2018,27.0,2018-02-10 15:00,Ended,West Ham United,Watford,37.0,24.0,2.0,0.0,6.946462225139903,6.879163083449007,13.100802729831805,14.431950116326565
7438106,2017-2018,27.0,2018-02-10 15:00,Ended,Swansea City,Burnley,74.0,6.0,1.0,0.0,6.80725809405608,6.893696760379229,12.292647764562856,13.052759274799964
7437927,2017-2018,27.0,2018-02-10 15:00,Ended,Stoke City,Brighton & Hove Albion,29.0,30.0,1.0,1.0,6.937037699973339,6.85835774801719,13.322045257588368,13.724126980027952
7437944,2017-2018,27.0,2018-02-10 17:30,Ended,Manchester City,Leicester City,17.0,31.0,5.0,1.0,7.192990224700284,6.8494225318011805,15.63622624016812,14.301176032629012
7437992,2017-2018,27.0,2018-02-11 12:00,Ended,Huddersfield Town,Bournemouth,59.0,60.0,4.0,1.0,6.7233590904045455,6.904371768233554,12.498653054218755,14.165135496318603
7437973,2017-2018,27.0,2018-02-11 14:15,Ended,Newcastle United,Manchester United,39.0,35.0,1.0,0.0,6.8400520801615645,7.13459894388255,13.775605254106722,14.763014276848786
7437958,2017-2018,27.0,2018-02-11 16:30,Ended,Southampton,Liverpool,45.0,44.0,0.0,2.0,6.875855887535474,7.168138148846429,14.245331817386234,15.741460872065357
7437966,2017-2018,27.0,2018-02-12 20:00,Ended,Chelsea,West Bromwich Albion,38.0,8.0,3.0,0.0,7.148121084442877,6.9278102722805945,14.817987128665688,13.322282822922784
7437985,2017-2018,28.0,2018-02-24 12:30,Ended,Leicester City,Stoke City,31.0,29.0,1.0,1.0,6.894866267404228,6.957593425942946,14.738651845365712,13.414096692461655
7437983,2017-2018,28.0,2018-02-24 15:00,Ended,Liverpool,West Ham United,44.0,37.0,4.0,1.0,7.1911599007290965,6.963422087126525,15.638324865899463,13.280547568427476
7437930,2017-2018,28.0,2018-02-24 15:00,Ended,Burnley,Southampton,6.0,45.0,1.0,1.0,6.896856220404374,6.87295699995378,13.146939862616154,13.98444746228436
7438008,2017-2018,28.0,2018-02-24 15:00,Ended,Brighton & Hove Albion,Swansea City,30.0,74.0,4.0,1.0,6.876563160333183,6.811733340411188,13.443535999263313,12.292647764562856
7438005,2017-2018,28.0,2018-02-24 15:00,Ended,West Bromwich Albion,Huddersfield Town,8.0,59.0,1.0,2.0,6.850974241959604,6.717447488298881,12.955040792443777,12.65955219263603
7438007,2017-2018,28.0,2018-02-24 15:00,Ended,Bournemouth,Newcastle United,60.0,39.0,2.0,2.0,6.930989559756314,6.856733730640298,14.555616640473819,13.775605254106722
7438009,2017-2018,28.0,2018-02-24 17:30,Ended,Watford,Everton,24.0,48.0,1.0,0.0,6.861108864430102,6.928667695797699,14.257683754728347,14.202491727248582
7437939,2017-2018,28.0,2018-02-25 12:00,Ended,Crystal Palace,Tottenham Hotspur,7.0,33.0,0.0,1.0,6.925890263651686,7.102916693531371,14.324666740068755,15.0251282928086
7437955,2017-2018,28.0,2018-02-25 14:05,Ended,Manchester United,Chelsea,35.0,38.0,2.0,1.0,7.102830826734631,7.127453357252108,15.130269784808519,14.868292726565487
7437969,2017-2018,28.0,2018-03-01 19:45,Ended,Arsenal,Manchester City,42.0,17.0,0.0,3.0,7.086801874367052,7.245874707670897,14.99160280826378,15.612827672062348
7437932,2017-2018,29.0,2018-03-03 12:30,Ended,Burnley,Everton,6.0,48.0,2.0,1.0,6.902164550200564,6.929079529772573,13.604624922606883,14.158734500754722
7437951,2017-2018,29.0,2018-03-03 15:00,Ended,Southampton,Stoke City,45.0,29.0,0.0,0.0,6.884631426972342,6.935574093039335,13.71502177438737,13.414096692461655
7437979,2017-2018,29.0,2018-03-03 15:00,Ended,Tottenham Hotspur,Huddersfield Town,33.0,59.0,2.0,0.0,7.117709255940753,6.735950211404757,15.508492507959634,12.65955219263603
7438000,2017-2018,29.0,2018-03-03 15:00,Ended,Watford,West Bromwich Albion,24.0,8.0,1.0,0.0,6.852937775483624,6.866037658038422,14.368721302012284,13.209290281845876
7437975,2017-2018,29.0,2018-03-03 15:00,Ended,Swansea City,West Ham United,74.0,37.0,4.0,1.0,6.841990944910813,6.903653153750742,12.460689034815463,13.944739197613364
7437987,2017-2018,29.0,2018-03-03 15:00,Ended,Leicester City,Bournemouth,31.0,60.0,1.0,1.0,6.899352472458677,6.895149011769391,14.377900745973568,14.369124888403705
7437967,2017-2018,29.0,2018-03-03 17:30,Ended,Liverpool,Newcastle United,44.0,39.0,2.0,0.0,7.192315383053449,6.798044549089156,15.490746332365074,14.685306809062213
7438003,2017-2018,29.0,2018-03-04 13:30,Ended,Brighton & Hove Albion,Arsenal,30.0,42.0,2.0,1.0,6.886957281121557,7.086116795643037,13.443535999263313,15.436861811377028
7437937,2017-2018,29.0,2018-03-04 16:00,Ended,Manchester City,Chelsea,17.0,38.0,1.0,0.0,7.233350011100011,7.173409548036286,15.81505267488302,14.550157990674792
7437938,2017-2018,29.0,2018-03-05 20:00,Ended,Crystal Palace,Manchester United,7.0,35.0,2.0,3.0,6.888712427621718,7.092325234566389,14.457948229908876,15.042030866788673
7437960,2017-2018,30.0,2018-03-10 12:30,Ended,Manchester United,Liverpool,35.0,44.0,2.0,1.0,7.072947580821207,7.193162146378486,14.923976611536919,15.401027396084338
7437949,2017-2018,30.0,2018-03-10 15:00,Ended,Everton,Brighton & Hove Albion,48.0,30.0,2.0,0.0,6.932744332499519,6.851694233986916,13.9174844743164,13.443535999263313
7437994,2017-2018,30.0,2018-03-10 15:00,Ended,West Bromwich Albion,Leicester City,8.0,31.0,1.0,4.0,6.855235335904351,6.88860951296501,13.441326293006899,15.107776487397583
7437959,2017-2018,30.0,2018-03-10 15:00,Ended,West Ham United,Burnley,37.0,6.0,0.0,3.0,6.927636274731995,6.904248266638621,13.311388765632197,13.604624922606883
7437998,2017-2018,30.0,2018-03-10 15:00,Ended,Huddersfield Town,Swansea City,59.0,74.0,0.0,0.0,6.752544760298472,6.850354694087812,12.498653054218755,12.460689034815463
7437990,2017-2018,30.0,2018-03-10 15:00,Ended,Newcastle United,Southampton,39.0,45.0,3.0,0.0,6.853037175213433,6.885663218202928,13.775605254106722,14.293674482344022
7437952,2017-2018,30.0,2018-03-10 17:30,Ended,Chelsea,Crystal Palace,38.0,7.0,2.0,1.0,7.171996022999402,6.885019124113199,14.778216186112164,14.457948229908876
7437972,2017-2018,30.0,2018-03-11 13:30,Ended,Arsenal,Watford,42.0,24.0,3.0,0.0,7.018534778385869,6.863929382187896,15.522025624686982,14.367534354908324
7437996,2017-2018,30.0,2018-03-11 16:00,Ended,Bournemouth,Tottenham Hotspur,60.0,33.0,1.0,4.0,6.855828203152348,7.126185952372527,14.054724545734548,15.120899965142467
7437931,2017-2018,30.0,2018-03-12 20:00,Ended,Stoke City,Manchester City,29.0,17.0,0.0,2.0,6.920898475458146,7.230857572533094,13.62892634301154,15.850173315173453
7438020,2017-2018,31.0,2018-03-17 15:00,Ended,Huddersfield Town,Crystal Palace,59.0,7.0,0.0,2.0,6.790718039659281,6.898164653065805,12.54163726710327,14.228028528132574
7438014,2017-2018,31.0,2018-03-17 15:00,Ended,Stoke City,Everton,29.0,48.0,1.0,2.0,6.931515201837787,6.941800665349817,13.879330226631003,14.059083337180295
7438016,2017-2018,31.0,2018-03-17 15:00,Ended,Bournemouth,West Bromwich Albion,60.0,8.0,2.0,1.0,6.866322905145293,6.858197454883913,14.000311125540616,13.105613859615321
7438018,2017-2018,31.0,2018-03-17 17:30,Ended,Liverpool,Watford,44.0,24.0,5.0,0.0,7.1422154977046315,6.854140095438666,15.626705700294522,14.367534354908324
7438035,2017-2018,32.0,2018-03-31 11:30,Ended,Crystal Palace,Liverpool,7.0,44.0,1.0,2.0,6.901466264332749,7.17654488335734,14.280896493193238,15.572734785728423
7438059,2017-2018,32.0,2018-03-31 14:00,Ended,Newcastle United,Huddersfield Town,39.0,59.0,1.0,0.0,6.867632093703825,6.705708070210492,13.775605254106722,11.978519733102136
7437732,2017-2018,32.0,2018-03-31 14:00,Ended,West Ham United,Southampton,37.0,45.0,3.0,0.0,6.889027749100234,6.863189003791459,14.075862387892254,13.946605841548063
7438090,2017-2018,32.0,2018-03-31 14:00,Ended,Brighton & Hove Albion,Leicester City,30.0,31.0,0.0,2.0,6.8407134413947235,6.909022481874698,13.344284547430641,15.119191570366114
7438031,2017-2018,32.0,2018-03-31 14:00,Ended,Manchester United,Swansea City,35.0,74.0,2.0,0.0,7.109165238390983,6.827162219752079,14.574103050974491,12.17544969062672
7438092,2017-2018,32.0,2018-03-31 14:00,Ended,West Bromwich Albion,Burnley,8.0,6.0,1.0,2.0,6.861807306530777,6.939189064242945,13.105613859615321,14.038952268778628
7438077,2017-2018,32.0,2018-03-31 14:00,Ended,Watford,Bournemouth,24.0,60.0,2.0,2.0,6.835252461347144,6.901368254020252,14.049316600155143,14.163491408601965
7438045,2017-2018,32.0,2018-03-31 16:30,Ended,Everton,Manchester City,48.0,17.0,1.0,3.0,6.945266080207417,7.224667122979463,14.445863954773225,15.8387440394285
7438050,2017-2018,32.0,2018-04-01 12:30,Ended,Arsenal,Stoke City,42.0,29.0,3.0,0.0,7.043861470470981,6.883357263271617,14.06007727910193,12.96029813370346
7438061,2017-2018,32.0,2018-04-01 15:00,Ended,Chelsea,Tottenham Hotspur,38.0,33.0,1.0,3.0,7.16415239426939,7.114294010486231,14.642831721863079,15.25859837438734
7438047,2017-2018,33.0,2018-04-07 11:30,Ended,Everton,Liverpool,48.0,44.0,0.0,0.0,6.926657495695692,7.0757787100958955,14.10475533496375,14.715575962497667
7438073,2017-2018,33.0,2018-04-07 14:00,Ended,Bournemouth,Crystal Palace,60.0,7.0,2.0,2.0,6.8829144158117685,6.929372934536205,14.622888948121874,14.594458431179527
7438025,2017-2018,33.0,2018-04-07 14:00,Ended,Stoke City,Tottenham Hotspur,29.0,33.0,1.0,2.0,6.859606527578955,7.135243386714018,12.96029813370346,15.120899965142469
7438053,2017-2018,33.0,2018-04-07 14:00,Ended,Leicester City,Newcastle United,31.0,39.0,1.0,2.0,6.838597299497426,6.874001313372867,14.723484723382702,13.775605254106722
7438082,2017-2018,33.0,2018-04-07 14:00,Ended,Watford,Burnley,24.0,6.0,1.0,2.0,6.836127736472418,6.874792255405756,14.049316600155143,13.937744417178093
7438086,2017-2018,33.0,2018-04-07 14:00,Ended,West Bromwich Albion,Swansea City,8.0,74.0,1.0,1.0,6.815856801721861,6.844686496173211,12.701256221429881,12.542640192470573
7438070,2017-2018,33.0,2018-04-07 14:00,Ended,Brighton & Hove Albion,Huddersfield Town,30.0,59.0,1.0,1.0,6.8712947893754945,6.773973626938946,13.724126980027952,12.680482674754535
7438032,2017-2018,33.0,2018-04-07 16:30,Ended,Manchester City,Manchester United,17.0,35.0,2.0,3.0,7.197195221825129,7.159106200736685,15.583139655655438,14.455371745066014
7438052,2017-2018,33.0,2018-04-08 13:15,Ended,Arsenal,Southampton,42.0,45.0,3.0,2.0,6.980796583292391,6.861248498384029,15.364971504409745,14.01858774484024
7438049,2017-2018,33.0,2018-04-08 15:30,Ended,Chelsea,West Ham United,38.0,37.0,1.0,1.0,7.146242512771959,6.869006856886073,14.717170110331416,14.28296740680834
7438046,2017-2018,34.0,2018-04-14 11:30,Ended,Southampton,Chelsea,45.0,38.0,2.0,3.0,6.877017460943701,7.158820398737944,14.243519052006555,15.042748125462483
7438030,2017-2018,34.0,2018-04-14 14:00,Ended,Burnley,Leicester City,6.0,31.0,2.0,1.0,6.938793203899521,6.837633043585697,13.731354323090223,15.028589239439622
7438074,2017-2018,34.0,2018-04-14 14:00,Ended,Huddersfield Town,Watford,59.0,24.0,1.0,0.0,6.777376188404897,6.820815274510284,12.65955219263603,14.049316600155143
7438085,2017-2018,34.0,2018-04-14 14:00,Ended,Swansea City,Everton,74.0,48.0,1.0,1.0,6.8213585801479955,6.971804707943451,12.164720079640912,13.911111781801116
7438021,2017-2018,34.0,2018-04-14 14:00,Ended,Crystal Palace,Brighton & Hove Albion,7.0,30.0,3.0,2.0,6.913990592867773,6.839609406919132,13.877827008440043,13.344284547430641
7438054,2017-2018,34.0,2018-04-14 16:30,Ended,Liverpool,Bournemouth,44.0,60.0,3.0,0.0,7.17257478674494,6.8901379351225165,15.39630150927721,13.974959127184766
7438063,2017-2018,34.0,2018-04-14 18:45,Ended,Tottenham Hotspur,Manchester City,33.0,17.0,1.0,3.0,7.146641163537936,7.227349529255903,15.42603816142761,15.930943907319847
7438064,2017-2018,34.0,2018-04-15 12:30,Ended,Newcastle United,Arsenal,39.0,42.0,2.0,1.0,6.872965713284362,6.969357147569821,13.775605254106722,15.393606390568806
7438034,2017-2018,34.0,2018-04-15 15:00,Ended,Manchester United,West Bromwich Albion,35.0,8.0,0.0,1.0,7.146501356146825,6.8180818765109645,14.4089032982892,12.701256221429881
7438039,2017-2018,34.0,2018-04-16 19:00,Ended,West Ham United,Stoke City,37.0,29.0,1.0,1.0,6.860207032861814,6.870219365257373,14.282967406808341,13.249526564573502
7759900,2017-2018,35.0,2018-04-17 18:45,Ended,Brighton & Hove Albion,Tottenham Hotspur,30.0,33.0,1.0,1.0,6.863028435033159,7.1215428064334585,14.12359330013372,14.720791959848798
7759901,2017-2018,35.0,2018-04-18 18:45,Ended,Bournemouth,Manchester United,60.0,35.0,0.0,2.0,6.894933805346557,7.036717244909951,14.163491408601965,15.057345147915179
7759902,2017-2018,31.0,2018-04-19 18:45,Ended,Burnley,Chelsea,6.0,38.0,1.0,2.0,6.9401097192674825,7.03160560301636,13.731354323090223,14.765026822944591
7759903,2017-2018,35.0,2018-04-19 18:45,Ended,Leicester City,Southampton,31.0,45.0,0.0,0.0,6.760536552612257,6.875490365826753,14.769324934848632,14.243519052006555
7438072,2017-2018,35.0,2018-04-21 11:30,Ended,West Bromwich Albion,Liverpool,8.0,44.0,2.0,2.0,6.822855968157693,7.118050123653979,12.701256221429881,15.106674973958786
7438094,2017-2018,35.0,2018-04-21 14:00,Ended,Watford,Crystal Palace,24.0,7.0,0.0,0.0,6.830687331322008,6.913149816918959,13.620193926573009,13.877827008440043
7438051,2017-2018,35.0,2018-04-22 12:30,Ended,Arsenal,West Ham United,42.0,37.0,4.0,1.0,7.033250510589994,6.86722437489936,14.811703164003262,14.28296740680834
7438022,2017-2018,35.0,2018-04-22 12:30,Ended,Stoke City,Burnley,29.0,6.0,1.0,1.0,6.889840532635777,6.933873683586259,12.823700592600517,13.731354323090223
7438036,2017-2018,35.0,2018-04-22 15:30,Ended,Manchester City,Swansea City,17.0,74.0,5.0,0.0,7.213647835860931,6.851654376995393,15.956274536040581,12.464161480328848
7438042,2017-2018,35.0,2018-04-23 19:00,Ended,Everton,Newcastle United,48.0,39.0,1.0,0.0,6.974450264975585,6.874374088605254,13.911111781801116,13.686264724502614
7438066,2017-2018,36.0,2018-04-28 11:30,Ended,Liverpool,Stoke City,44.0,29.0,0.0,0.0,7.127694188820384,6.9208870189951375,15.517205885378687,13.173761305180985
7438048,2017-2018,36.0,2018-04-28 14:00,Ended,Southampton,Bournemouth,45.0,60.0,2.0,1.0,6.892997901552167,6.8818672400393694,13.719777499640276,14.230062109902264
7438027,2017-2018,36.0,2018-04-28 14:00,Ended,Burnley,Brighton & Hove Albion,6.0,30.0,0.0,0.0,6.930642468254319,6.874660577839143,13.731354323090223,14.12359330013372
7438091,2017-2018,36.0,2018-04-28 14:00,Ended,Huddersfield Town,Everton,59.0,48.0,0.0,2.0,6.779775759302851,6.954694668992453,12.65955219263603,14.542888806538429
7438056,2017-2018,36.0,2018-04-28 14:00,Ended,Newcastle United,West Bromwich Albion,39.0,8.0,0.0,1.0,6.8679292742706375,6.821398939961504,13.775605254106722,12.701256221429881
7438028,2017-2018,36.0,2018-04-28 14:00,Ended,Crystal Palace,Leicester City,7.0,31.0,5.0,0.0,6.913154083637212,6.866321471511141,13.877827008440043,14.97541577987032
7438093,2017-2018,36.0,2018-04-28 16:30,Ended,Swansea City,Chelsea,74.0,38.0,0.0,1.0,6.83384846648957,7.104757993026538,12.70849906376021,14.737873949839353
7438038,2017-2018,36.0,2018-04-29 13:15,Ended,West Ham United,Manchester City,37.0,17.0,1.0,4.0,6.8618276244251,7.213000396771602,13.983367484023624,15.706485777369709
7438037,2017-2018,36.0,2018-04-29 15:30,Ended,Manchester United,Arsenal,35.0,42.0,2.0,1.0,7.132714367690998,6.959898057516761,14.590611026010436,15.354568372465577
7438078,2017-2018,36.0,2018-04-30 19:00,Ended,Tottenham Hotspur,Watford,33.0,24.0,2.0,0.0,7.148479800192467,6.801470566424712,15.5718863811227,14.717446449861571
7438071,2017-2018,37.0,2018-05-04 19:00,Ended,Brighton & Hove Albion,Manchester United,30.0,35.0,1.0,0.0,6.889755188111152,7.024680390263044,14.12359330013372,14.424587867857415
7438026,2017-2018,37.0,2018-05-05 11:30,Ended,Stoke City,Crystal Palace,29.0,7.0,1.0,2.0,6.9095332999597465,6.918749092853295,13.209414114726725,13.877827008440043
7438081,2017-2018,37.0,2018-05-05 14:00,Ended,Bournemouth,Swansea City,60.0,74.0,1.0,0.0,6.901843236504448,6.796777326171483,14.555616640473819,12.938441476550318
7438095,2017-2018,37.0,2018-05-05 14:00,Ended,Watford,Newcastle United,24.0,39.0,2.0,1.0,6.809444150889644,6.813658801054076,13.843995468103033,14.420717371944889
7438084,2017-2018,37.0,2018-05-05 14:00,Ended,West Bromwich Albion,Tottenham Hotspur,8.0,33.0,1.0,0.0,6.825614308968131,7.143756616031919,12.701256221429881,14.971296062989131
7438065,2017-2018,37.0,2018-05-05 14:00,Ended,Leicester City,West Ham United,31.0,37.0,0.0,2.0,6.773187628543021,6.9244681314682115,14.36597443526801,14.022946808963253
7438044,2017-2018,37.0,2018-05-05 16:30,Ended,Everton,Southampton,48.0,45.0,1.0,1.0,6.922646081203095,6.881655752118392,14.307388539798193,13.980661854742152
7438029,2017-2018,37.0,2018-05-06 12:30,Ended,Manchester City,Huddersfield Town,17.0,59.0,0.0,0.0,7.225081211969546,6.772336250705816,15.884914052361756,12.73166259856366
7438062,2017-2018,37.0,2018-05-06 15:30,Ended,Arsenal,Burnley,42.0,6.0,5.0,0.0,7.02107947816316,6.901456160878596,15.49800954617258,13.490766089556281
7438057,2017-2018,37.0,2018-05-06 15:30,Ended,Chelsea,Liverpool,38.0,44.0,1.0,0.0,7.117388488690498,7.131606614690074,14.512522786662522,15.200111392859844
7769665,2017-2018,31.0,2018-05-08 18:45,Ended,Swansea City,Southampton,74.0,45.0,0.0,1.0,6.84751882106002,6.85733435515703,12.591174958437822,14.076546889371446
7769669,2017-2018,35.0,2018-05-09 18:45,Ended,Chelsea,Huddersfield Town,38.0,59.0,1.0,1.0,7.11729419301765,6.742035479522738,14.836782195066986,12.646155993391508
7769666,2017-2018,31.0,2018-05-09 18:45,Ended,Leicester City,Arsenal,31.0,42.0,3.0,1.0,6.85684625250183,7.014543714712809,14.981866430037934,15.48998837389623
7769667,2017-2018,31.0,2018-05-09 19:00,Ended,Tottenham Hotspur,Newcastle United,33.0,39.0,1.0,0.0,7.115044605971787,6.868404559934404,14.92677056433908,13.775605254106722
7769670,2017-2018,31.0,2018-05-09 19:00,Ended,Manchester City,Brighton & Hove Albion,17.0,30.0,3.0,1.0,7.163233652546999,6.898162735754969,16.078645837759552,14.12359330013372
7769668,2017-2018,31.0,2018-05-10 18:45,Ended,West Ham United,Manchester United,37.0,35.0,0.0,0.0,6.930324840239927,7.103316654337852,14.022946808963253,15.07613140680895
7438024,2017-2018,38.0,2018-05-13 14:00,Ended,Burnley,Bournemouth,6.0,60.0,1.0,2.0,6.885826935933346,6.874299022211602,13.928426194583672,13.385167908627958
7438076,2017-2018,38.0,2018-05-13 14:00,Ended,Huddersfield Town,Arsenal,59.0,42.0,0.0,1.0,6.801023948581157,7.035756288999239,12.746195590206023,14.93939618495809
7438080,2017-2018,38.0,2018-05-13 14:00,Ended,Swansea City,Stoke City,74.0,29.0,1.0,2.0,6.777778281782531,6.922051795832832,12.66814998075329,13.24090468078752
7438023,2017-2018,38.0,2018-05-13 14:00,Ended,Crystal Palace,West Bromwich Albion,7.0,8.0,2.0,0.0,6.936479601891475,6.838958687741933,14.594458431179527,13.00506971093422
7438067,2017-2018,38.0,2018-05-13 14:00,Ended,Tottenham Hotspur,Leicester City,33.0,31.0,5.0,4.0,7.110883800366763,6.925918205884065,14.786723752249175,15.14931917858795
7438033,2017-2018,38.0,2018-05-13 14:00,Ended,Manchester United,Watford,35.0,24.0,1.0,0.0,7.081418513439189,6.821503118960689,14.197393063029185,14.473720572372148
7438043,2017-2018,38.0,2018-05-13 14:00,Ended,West Ham United,Everton,37.0,48.0,3.0,1.0,6.929374886749117,6.925563623845651,14.022946808963253,13.924742153829836
7438041,2017-2018,38.0,2018-05-13 14:00,Ended,Southampton,Manchester City,45.0,17.0,0.0,1.0,6.869887076782809,7.1653564489101464,13.64385020362236,15.988611352987895
7438055,2017-2018,38.0,2018-05-13 14:00,Ended,Liverpool,Brighton & Hove Albion,44.0,30.0,4.0,0.0,7.162472418143679,6.813309401189943,15.690130695787959,13.216913691087626
7438058,2017-2018,38.0,2018-05-13 14:00,Ended,Newcastle United,Chelsea,39.0,38.0,3.0,0.0,6.834840740978138,7.090593062814704,14.151896638228614,14.806036472418883
7827867,2019-2020,1.0,2018-08-11 14:00,Ended,Watford,Brighton & Hove Albion,24.0,30.0,2.0,0.0,6.819493930208439,6.9175855172383445,13.843995468103033,14.359568752117367
7827864,2019-2020,1.0,2018-08-11 14:00,Ended,Huddersfield Town,Chelsea,59.0,38.0,0.0,3.0,6.783404660170265,7.085953040085688,13.076858520970049,14.65637598236613
7827869,2019-2020,1.0,2018-08-12 12:30,Ended,Southampton,Burnley,45.0,6.0,0.0,0.0,6.902987507905397,6.8699825733416136,13.603402817982467,13.802951733816142
7827903,2019-2020,2.0,2018-08-18 14:00,Ended,Tottenham Hotspur,Fulham,33.0,43.0,3.0,1.0,7.148901736811779,6.795192337552453,15.357451958043937,14.201074481354993
7827909,2019-2020,2.0,2018-08-18 14:00,Ended,West Ham United,Bournemouth,37.0,60.0,1.0,2.0,6.944355220048899,6.926875313689511,13.536568717727816,14.371661000131763
7827902,2019-2020,2.0,2018-08-19 12:30,Ended,Manchester City,Huddersfield Town,17.0,59.0,6.0,1.0,7.1675396896596855,6.699276400367309,15.84641369808673,13.777892195140032
7827896,2019-2020,2.0,2018-08-19 15:00,Ended,Brighton & Hove Albion,Manchester United,30.0,35.0,3.0,2.0,6.8679478854116445,6.990710128873886,13.985328602024207,15.131624156373897
7827911,2019-2020,3.0,2018-08-25 14:00,Ended,Huddersfield Town,Cardiff City,59.0,61.0,0.0,0.0,6.7168797415307555,6.827961122279304,13.018781508992754,12.407004440055813
7827912,2019-2020,3.0,2018-08-25 14:00,Ended,Southampton,Leicester City,45.0,31.0,1.0,2.0,6.8756055784717685,6.9296091719297985,14.490034858728356,15.117463784004476
7827908,2019-2020,3.0,2018-08-25 16:30,Ended,Liverpool,Brighton & Hove Albion,44.0,30.0,1.0,0.0,7.145813847439173,6.756570194778073,15.904991838993357,13.585574088986885
7827913,2019-2020,3.0,2018-08-26 12:30,Ended,Watford,Crystal Palace,24.0,7.0,2.0,1.0,6.825193023063812,6.867850586250984,13.843995468103033,13.613773022927303
7827910,2019-2020,3.0,2018-08-26 15:00,Ended,Fulham,Burnley,43.0,6.0,4.0,2.0,6.7775211455211455,6.8726476581105915,13.10856104310663,13.802951733816142
7827906,2019-2020,3.0,2018-08-26 15:00,Ended,Newcastle United,Chelsea,39.0,38.0,1.0,2.0,6.8034607711825,7.062517668959944,13.855238179868893,14.90855221244794
7827919,2019-2020,4.0,2018-09-01 11:30,Ended,Leicester City,Liverpool,31.0,44.0,1.0,2.0,6.8913381478617,7.179412842446886,15.081946537114014,15.939809316471186
7827918,2019-2020,4.0,2018-09-01 14:00,Ended,Chelsea,Bournemouth,38.0,60.0,2.0,0.0,7.076137248084498,6.91567938611695,14.83515529493992,14.269239438344098
7827926,2019-2020,4.0,2018-09-01 14:00,Ended,West Ham United,Wolverhampton,37.0,3.0,0.0,1.0,6.933426004611254,6.8214057871952605,13.998394587232065,14.65087553063265
7827915,2019-2020,4.0,2018-09-01 14:00,Ended,Everton,Huddersfield Town,48.0,59.0,1.0,1.0,6.9306505580416635,6.743054600936374,14.789669669757899,13.325142664588048
7827916,2019-2020,4.0,2018-09-01 14:00,Ended,Crystal Palace,Southampton,7.0,45.0,0.0,2.0,6.876106967452546,6.894430254187904,14.114709865401585,14.490034858728356
7827922,2019-2020,4.0,2018-09-01 16:30,Ended,Manchester City,Newcastle United,17.0,39.0,2.0,1.0,7.154661540253314,6.835721732635889,15.628125856310719,13.728729710755179
7827921,2019-2020,4.0,2018-09-02 12:30,Ended,Cardiff City,Arsenal,61.0,42.0,2.0,3.0,6.887123025123025,7.063743438639159,12.014984399907686,15.262349139861257
7827923,2019-2020,4.0,2018-09-02 15:00,Ended,Watford,Tottenham Hotspur,24.0,33.0,2.0,1.0,6.827770124867595,7.152080810636653,13.843995468103033,15.539422297222016
7827942,2019-2020,5.0,2018-09-15 11:30,Ended,Tottenham Hotspur,Liverpool,33.0,44.0,1.0,2.0,7.132135658681716,7.147469149306588,15.565206981323088,15.904991838993357
7827940,2019-2020,5.0,2018-09-15 14:00,Ended,Huddersfield Town,Crystal Palace,59.0,7.0,0.0,1.0,6.757516296005392,6.907050436745226,13.116098697357463,13.972629944569638
7827925,2019-2020,5.0,2018-09-15 14:00,Ended,Chelsea,Cardiff City,38.0,61.0,4.0,1.0,7.082877866366392,6.895106313144591,14.696926660967685,12.014984399907686
7827932,2019-2020,5.0,2018-09-15 14:00,Ended,Newcastle United,Arsenal,39.0,42.0,1.0,2.0,6.795138636402651,7.062529950401762,14.211273118579246,15.262349139861257
7827939,2019-2020,5.0,2018-09-15 14:00,Ended,Manchester City,Fulham,17.0,43.0,3.0,0.0,7.192045314832651,6.759159159570641,15.766739404833798,13.403149599748259
7827946,2019-2020,5.0,2018-09-16 12:30,Ended,Wolverhampton,Burnley,3.0,6.0,1.0,0.0,6.834109598320125,6.8685759971220115,14.65087553063265,13.278608422680948
7827961,2019-2020,6.0,2018-09-22 14:00,Ended,Crystal Palace,Newcastle United,7.0,39.0,0.0,0.0,6.908485026430726,6.866723160605148,13.972629944569638,13.589877259548356
7827963,2019-2020,6.0,2018-09-22 14:00,Ended,Manchester United,Wolverhampton,35.0,3.0,1.0,1.0,7.0645407990781655,6.864082287329896,15.253917792328341,14.65087553063265
7827947,2019-2020,6.0,2018-09-22 14:00,Ended,Cardiff City,Manchester City,61.0,17.0,0.0,5.0,6.785263675718221,7.1816741638776564,12.169487913659893,15.626949439341995
7827955,2019-2020,6.0,2018-09-22 14:00,Ended,Burnley,Bournemouth,6.0,60.0,4.0,0.0,6.870920969207277,6.949544805965528,13.31882110174879,14.478811067398672
7827962,2019-2020,6.0,2018-09-22 14:00,Ended,Liverpool,Southampton,44.0,45.0,3.0,0.0,7.174402676608267,6.915471341250036,15.957732246357825,14.318981600525335
7827949,2019-2020,6.0,2018-09-22 16:30,Ended,Brighton & Hove Albion,Tottenham Hotspur,30.0,33.0,1.0,2.0,6.809780778012485,7.146698629284941,14.163013501811722,15.623967710653583
7827966,2019-2020,6.0,2018-09-23 12:30,Ended,West Ham United,Chelsea,37.0,38.0,0.0,0.0,6.927922576980199,7.097769691932997,14.46952684037856,14.623529743459665
7827984,2019-2020,7.0,2018-09-29 14:00,Ended,Wolverhampton,Southampton,3.0,45.0,2.0,0.0,6.871371328044194,6.897163208608013,14.65087553063265,14.218560345799293
7827977,2019-2020,7.0,2018-09-29 14:00,Ended,Manchester City,Brighton & Hove Albion,17.0,30.0,2.0,0.0,7.197758492037954,6.765751038777625,15.814353785879556,13.927435977473982
7827982,2019-2020,7.0,2018-09-29 14:00,Ended,Newcastle United,Leicester City,39.0,31.0,0.0,2.0,6.841421984220701,6.946710829904785,13.85549024901793,14.992040320093796
7827971,2019-2020,7.0,2018-09-29 14:00,Ended,Everton,Fulham,48.0,43.0,3.0,0.0,6.946134067304461,6.731719993464646,15.313100378437358,13.948705584665129
7827969,2019-2020,7.0,2018-09-29 16:30,Ended,Chelsea,Liverpool,38.0,44.0,1.0,1.0,7.100909235450524,7.170163116394724,14.623529743459665,15.939809316471186
7827970,2019-2020,7.0,2018-09-30 15:00,Ended,Cardiff City,Burnley,61.0,6.0,1.0,2.0,6.75754662004662,6.899083647298059,12.697153856396529,13.31882110174879
7827965,2019-2020,7.0,2018-10-01 19:00,Ended,Bournemouth,Crystal Palace,60.0,7.0,2.0,1.0,6.920832049043869,6.88999298798895,14.722318495002686,14.229361574908129
7827987,2019-2020,8.0,2018-10-05 19:00,Ended,Brighton & Hove Albion,West Ham United,30.0,37.0,1.0,0.0,6.726516952051711,6.933462991774956,13.911256069685814,14.64942682075032
7827985,2019-2020,8.0,2018-10-06 14:00,Ended,Burnley,Huddersfield Town,6.0,59.0,1.0,1.0,6.910034096844435,6.751616763350043,13.157025097184306,12.594463505340867
7827990,2019-2020,8.0,2018-10-06 14:00,Ended,Crystal Palace,Wolverhampton,7.0,3.0,0.0,1.0,6.903500822305144,6.888545933644749,14.252578564836384,14.65087553063265
7828003,2019-2020,8.0,2018-10-07 13:15,Ended,Southampton,Chelsea,45.0,38.0,0.0,3.0,6.879790821214027,7.142887727162406,14.179816300331268,14.52883697332606
7827991,2019-2020,8.0,2018-10-07 15:30,Ended,Liverpool,Manchester City,44.0,17.0,0.0,0.0,7.1608185883746,7.139856718253511,15.485977454705536,15.654822618847977
7828013,2019-2020,9.0,2018-10-20 14:00,Ended,West Ham United,Tottenham Hotspur,37.0,33.0,0.0,1.0,6.9212883401945025,7.051890535676151,14.662421209388244,15.195479366365934
7828005,2019-2020,9.0,2018-10-20 14:00,Ended,Bournemouth,Southampton,60.0,45.0,0.0,0.0,6.919247550518324,6.879749991239181,14.722318495002686,14.199144744355198
7828014,2019-2020,9.0,2018-10-20 14:00,Ended,Newcastle United,Brighton & Hove Albion,39.0,30.0,0.0,1.0,6.84270678403609,6.762448215415034,13.678682094257107,14.118726880001812
7828009,2019-2020,9.0,2018-10-20 14:00,Ended,Manchester City,Burnley,17.0,6.0,5.0,0.0,7.172646061385708,6.882187034136167,16.02851416890265,13.323416645374525
7828010,2019-2020,9.0,2018-10-20 14:00,Ended,Cardiff City,Fulham,61.0,43.0,4.0,2.0,6.806569300538959,6.688826141179083,12.57693114879984,13.358018402488536
7828024,2019-2020,9.0,2018-10-20 14:00,Ended,Wolverhampton,Watford,3.0,24.0,0.0,2.0,6.892054728227748,6.821450055085703,14.65087553063265,14.1741166787817
7828008,2019-2020,9.0,2018-10-20 16:30,Ended,Huddersfield Town,Liverpool,59.0,44.0,0.0,1.0,6.767920812035371,7.134311852150898,12.938829557829168,15.437349462201162
7827928,2019-2020,10.0,2018-10-27 14:00,Ended,Brighton & Hove Albion,Wolverhampton,30.0,3.0,1.0,0.0,6.794302989573595,6.9271939726939715,14.118726880001812,14.470615384269315
7827934,2019-2020,10.0,2018-10-27 14:00,Ended,Southampton,Newcastle United,45.0,39.0,0.0,0.0,6.887973187716438,6.840248183746357,13.889917724295533,13.678682094257107
7827927,2019-2020,10.0,2018-10-27 14:00,Ended,Liverpool,Cardiff City,44.0,61.0,4.0,1.0,7.152509369256532,6.784816731100153,15.753102971226884,12.330084923193132
7827951,2019-2020,11.0,2018-11-03 17:30,Ended,Arsenal,Liverpool,42.0,44.0,1.0,1.0,7.053245737843143,7.152453200102277,15.446360815262715,16.093271229176022
7827948,2019-2020,11.0,2018-11-05 20:00,Ended,Huddersfield Town,Fulham,59.0,43.0,1.0,0.0,6.83163656679102,6.755292349505736,13.11562788700803,14.221427500626
7827968,2019-2020,12.0,2018-11-10 12:30,Ended,Cardiff City,Brighton & Hove Albion,61.0,30.0,2.0,1.0,6.682422360335039,6.825050383308096,12.54674089587229,13.819773141066582
7827973,2019-2020,12.0,2018-11-10 15:00,Ended,Huddersfield Town,West Ham United,59.0,37.0,1.0,1.0,6.837306654427508,6.894708821420941,13.11562788700803,14.602336348886281
7827978,2019-2020,12.0,2018-11-10 15:00,Ended,Leicester City,Burnley,31.0,6.0,0.0,0.0,6.851762642549871,6.8960360505334934,14.54290643709517,13.157312028632202
7827979,2019-2020,12.0,2018-11-10 15:00,Ended,Southampton,Watford,45.0,24.0,1.0,1.0,6.9003785119449725,6.8222948486316115,13.844305672885076,14.090695551839563
7827972,2019-2020,12.0,2018-11-10 17:30,Ended,Crystal Palace,Tottenham Hotspur,7.0,33.0,0.0,1.0,6.903273147378869,7.062292172408519,13.7580166195721,14.702069231181262
7827976,2019-2020,12.0,2018-11-11 12:00,Ended,Liverpool,Fulham,44.0,43.0,2.0,0.0,7.1337660294992675,6.7489478656452775,16.159551155520205,14.412111551272885
7827974,2019-2020,12.0,2018-11-11 14:15,Ended,Chelsea,Everton,38.0,48.0,0.0,0.0,7.0918846879168855,6.93021064449207,14.83515529493992,14.761986569430528
7827981,2019-2020,12.0,2018-11-11 16:30,Ended,Manchester City,Manchester United,17.0,35.0,3.0,1.0,7.149256888918099,6.976899254277592,15.654822618847977,14.8813991643537
7827980,2019-2020,12.0,2018-11-11 16:30,Ended,Arsenal,Wolverhampton,42.0,3.0,1.0,1.0,7.039930673566558,6.861306581446116,15.672396493751535,14.163412415724395
7828002,2019-2020,13.0,2018-11-24 15:00,Ended,West Ham United,Manchester City,37.0,17.0,0.0,4.0,6.905624685330253,7.221916542981737,14.61823872320565,15.420284059821457
7827994,2019-2020,13.0,2018-11-24 15:00,Ended,Brighton & Hove Albion,Leicester City,30.0,31.0,1.0,1.0,6.894099779399498,6.893781088481038,14.326588893687985,14.997986418193134
7827996,2019-2020,13.0,2018-11-24 15:00,Ended,Manchester United,Crystal Palace,35.0,7.0,0.0,0.0,7.026673214379735,6.912482889000515,14.658673283070419,13.87133528230309
7827993,2019-2020,13.0,2018-11-25 13:30,Ended,Bournemouth,Arsenal,60.0,42.0,1.0,2.0,6.925865818986818,6.969565450236825,14.704794547447827,15.62307078386976
7827999,2019-2020,13.0,2018-11-25 16:00,Ended,Wolverhampton,Huddersfield Town,3.0,59.0,0.0,2.0,6.8772501908865555,6.788629209522626,14.163412415724395,13.182956502800414
7827995,2019-2020,13.0,2018-11-26 20:30,Ended,Burnley,Newcastle United,6.0,39.0,1.0,2.0,6.900107123838237,6.829728909281827,13.015034350286808,13.706018091804626
7828015,2019-2020,14.0,2018-11-30 20:00,Ended,Cardiff City,Wolverhampton,61.0,3.0,2.0,1.0,6.752656241169469,6.935444572363613,12.472121000611766,14.438752125300933
7828011,2019-2020,14.0,2018-12-01 15:00,Ended,Crystal Palace,Burnley,7.0,6.0,2.0,0.0,6.910397670465042,6.857337286883904,13.87133528230309,13.503157079083769
7828021,2019-2020,14.0,2018-12-01 15:00,Ended,Manchester City,Bournemouth,17.0,60.0,3.0,1.0,7.216528927586835,6.897753734234425,15.814588528571585,14.645430257997566
7828023,2019-2020,14.0,2018-12-01 17:30,Ended,Southampton,Manchester United,45.0,35.0,2.0,2.0,6.849329052349634,7.046125761526352,13.898175775878865,15.378378793549318
7828037,2019-2020,15.0,2018-12-04 19:45,Ended,Bournemouth,Huddersfield Town,60.0,59.0,2.0,1.0,6.918529099112678,6.8139159880838065,14.896806974486774,12.923951235989652
7828035,2019-2020,15.0,2018-12-04 19:45,Ended,Brighton & Hove Albion,Crystal Palace,30.0,7.0,3.0,1.0,6.856635099780539,6.9284240522806675,14.573427590475688,13.87133528230309
7828033,2019-2020,15.0,2018-12-05 19:45,Ended,Fulham,Leicester City,43.0,31.0,1.0,1.0,6.751382383147779,6.860702551860687,13.69930902598653,14.999581261912143
7828041,2019-2020,15.0,2018-12-05 20:00,Ended,Tottenham Hotspur,Southampton,33.0,45.0,3.0,1.0,7.112040533113841,6.904457667818395,15.612143911895137,13.889108145137774
7828044,2019-2020,15.0,2018-12-05 20:00,Ended,Manchester United,Arsenal,35.0,42.0,2.0,2.0,6.9952169265851,6.944570260392814,14.728357206274325,15.517250678863737
7828058,2019-2020,16.0,2018-12-08 12:30,Ended,Bournemouth,Liverpool,60.0,44.0,0.0,4.0,6.9504306991040945,7.1222330412602295,14.593591285865752,15.538065540429244
7828060,2019-2020,16.0,2018-12-08 15:00,Ended,Burnley,Brighton & Hove Albion,6.0,30.0,1.0,0.0,6.918111964891472,6.760626137946102,13.65312813704826,14.121908861768652
7828064,2019-2020,16.0,2018-12-08 15:00,Ended,Arsenal,Huddersfield Town,42.0,59.0,1.0,0.0,6.908349486806725,6.7850863379702355,15.780522349575154,12.088659615947302
7828062,2019-2020,16.0,2018-12-08 15:00,Ended,West Ham United,Crystal Palace,37.0,7.0,3.0,2.0,6.8923936949549045,6.91663841981049,14.413847285840363,13.87133528230309
7828056,2019-2020,16.0,2018-12-08 15:00,Ended,Cardiff City,Southampton,61.0,45.0,1.0,0.0,6.80942057216567,6.875090184543587,12.434968868786829,14.212992328453284
7828061,2019-2020,16.0,2018-12-08 17:30,Ended,Chelsea,Manchester City,38.0,17.0,2.0,0.0,7.117918467914862,7.161845221808881,14.623529743459665,16.08394087884507
7828063,2019-2020,16.0,2018-12-09 16:00,Ended,Newcastle United,Wolverhampton,39.0,3.0,1.0,2.0,6.829271635517139,6.857966125654214,13.507964131362382,14.827204981363987
7828057,2019-2020,16.0,2018-12-10 20:00,Ended,Everton,Watford,48.0,24.0,2.0,2.0,6.931693663245798,6.761857365894371,14.761986569430528,13.715546874323735
7828067,2019-2020,17.0,2018-12-15 15:00,Ended,Watford,Cardiff City,24.0,61.0,3.0,2.0,6.777259944173918,6.7868648137821905,13.632830501282916,12.242235418188152
7828068,2019-2020,17.0,2018-12-15 15:00,Ended,Crystal Palace,Leicester City,7.0,31.0,1.0,0.0,6.838538498981695,6.96791280240467,13.659707103084305,14.974061092503522
7828070,2019-2020,17.0,2018-12-15 15:00,Ended,Huddersfield Town,Newcastle United,59.0,39.0,0.0,1.0,6.789498945348987,6.79057219818705,13.139509791603368,13.979852270405518
7828080,2019-2020,18.0,2018-12-21 20:00,Ended,Wolverhampton,Liverpool,3.0,44.0,0.0,2.0,6.960375569777198,7.159617628448742,14.619985402271633,15.429154339784082
7828081,2019-2020,18.0,2018-12-22 15:00,Ended,Newcastle United,Fulham,39.0,43.0,0.0,0.0,6.809758347907141,6.782019456840885,13.759086691012723,13.168711833814841
7828076,2019-2020,18.0,2018-12-22 15:00,Ended,Bournemouth,Brighton & Hove Albion,60.0,30.0,2.0,0.0,6.912156476906332,6.744393109985486,14.740141705063706,13.922355685572905
7828077,2019-2020,18.0,2018-12-22 15:00,Ended,Chelsea,Leicester City,38.0,31.0,0.0,1.0,7.1204460220274255,6.919355166190663,14.623529743459665,15.164174214250984
7828075,2019-2020,18.0,2018-12-22 15:00,Ended,Manchester City,Crystal Palace,17.0,7.0,2.0,3.0,7.175025283640162,6.8966521924753,15.830120886112994,14.003815975707322
7828089,2019-2020,19.0,2018-12-26 12:30,Ended,Fulham,Wolverhampton,43.0,3.0,1.0,1.0,6.774084231154496,6.943598669499494,13.08068538012549,14.716096228659033
7828096,2019-2020,19.0,2018-12-26 15:00,Ended,Manchester United,Huddersfield Town,35.0,59.0,3.0,1.0,6.996737818062945,6.758260657104999,15.431760304802248,12.982271877746953
7828094,2019-2020,19.0,2018-12-26 15:00,Ended,Crystal Palace,Cardiff City,7.0,61.0,0.0,0.0,6.901623651499889,6.710625685321503,13.75886093297392,12.024394904938003
7828093,2019-2020,19.0,2018-12-26 15:00,Ended,Liverpool,Newcastle United,44.0,39.0,4.0,0.0,7.178225467465155,6.802078647136478,15.691397741955575,13.586253061583585
7828102,2019-2020,20.0,2018-12-29 15:00,Ended,Fulham,Huddersfield Town,43.0,59.0,1.0,0.0,6.776957095582905,6.8201159985377755,13.273938217040604,13.11562788700803
7828106,2019-2020,20.0,2018-12-29 15:00,Ended,Tottenham Hotspur,Wolverhampton,33.0,3.0,1.0,3.0,7.099781518344932,6.891771929249202,15.219889939580721,14.719164425757725
7828109,2019-2020,20.0,2018-12-29 15:00,Ended,Leicester City,Cardiff City,31.0,61.0,0.0,1.0,6.909005740390623,6.768517420897594,15.135651126777006,12.425145309225416
7828110,2019-2020,20.0,2018-12-30 12:00,Ended,Crystal Palace,Chelsea,7.0,38.0,0.0,1.0,6.919102683909767,7.15348974602276,13.779175799161143,14.52883697332606
7828027,2019-2020,21.0,2019-01-01 12:30,Ended,Everton,Leicester City,48.0,31.0,0.0,1.0,6.944340679647623,6.864469870912334,15.348120621380668,14.776847702015734
7828032,2019-2020,21.0,2019-01-01 17:30,Ended,Cardiff City,Tottenham Hotspur,61.0,33.0,0.0,3.0,6.840734779035582,7.086853223840677,12.801678006163566,15.20637028159421
7828028,2019-2020,21.0,2019-01-02 19:45,Ended,Wolverhampton,Crystal Palace,3.0,7.0,0.0,2.0,6.89893503773476,6.914879653804798,13.847681127532535,13.847493762457152
7828025,2019-2020,21.0,2019-01-02 19:45,Ended,Bournemouth,Watford,60.0,24.0,3.0,3.0,6.930364889112738,6.811275924118484,14.704794547447827,13.60562317974282
7828031,2019-2020,21.0,2019-01-02 19:45,Ended,Chelsea,Southampton,38.0,45.0,0.0,0.0,7.136291816952837,6.866786074999675,14.740462524806315,14.044399831225654
7828030,2019-2020,21.0,2019-01-02 19:45,Ended,West Ham United,Brighton & Hove Albion,37.0,30.0,2.0,2.0,6.937947646350852,6.903560617774164,14.083704066334121,13.620618776298263
7828034,2019-2020,21.0,2019-01-02 20:00,Ended,Newcastle United,Manchester United,39.0,35.0,0.0,2.0,6.806900940468373,7.058184431408346,13.837308794783326,15.043186524616678
7828036,2019-2020,21.0,2019-01-03 20:00,Ended,Manchester City,Liverpool,17.0,44.0,2.0,1.0,7.206157691258903,7.194940782136187,16.14350539555237,15.625117815611391
7828052,2019-2020,22.0,2019-01-12 12:30,Ended,West Ham United,Arsenal,37.0,42.0,1.0,0.0,6.919556892485747,6.983269511634648,14.322603846889502,16.052228775777422
7828047,2019-2020,22.0,2019-01-12 15:00,Ended,Brighton & Hove Albion,Liverpool,30.0,44.0,0.0,1.0,6.852984757438609,7.166732583534029,13.374769049846682,15.988124674696364
7828054,2019-2020,22.0,2019-01-12 15:00,Ended,Burnley,Fulham,6.0,43.0,2.0,1.0,6.911739524235491,6.738255218605886,14.070615010942548,13.52367697052563
7828050,2019-2020,22.0,2019-01-12 15:00,Ended,Crystal Palace,Watford,7.0,24.0,1.0,2.0,6.922356905431719,6.844441712187964,13.847493762457152,13.889747861782554
7828049,2019-2020,22.0,2019-01-12 15:00,Ended,Cardiff City,Huddersfield Town,61.0,59.0,0.0,0.0,6.802588346532952,6.799679061139867,12.079812983340592,12.917737811493438
7828051,2019-2020,22.0,2019-01-13 16:30,Ended,Tottenham Hotspur,Manchester United,33.0,35.0,0.0,1.0,7.115798644969769,7.035258655691325,15.051735345084296,15.02002860046569
7828086,2019-2020,23.0,2019-01-19 15:00,Ended,Watford,Burnley,24.0,6.0,0.0,0.0,6.818166604193053,6.908079977300363,13.28750971186166,14.070615010942548
7828087,2019-2020,23.0,2019-01-19 15:00,Ended,Southampton,Everton,45.0,48.0,2.0,1.0,6.863449741583131,6.937537239818974,14.61360657626426,15.045632547046756
7828101,2019-2020,23.0,2019-01-19 15:00,Ended,Newcastle United,Cardiff City,39.0,61.0,3.0,0.0,6.811711796601771,6.766831454734773,14.169919818876593,12.035546874331216
7828131,2019-2020,24.0,2019-01-29 19:45,Ended,Fulham,Brighton & Hove Albion,43.0,30.0,4.0,2.0,6.769443908881218,6.836998814571026,13.116538638837138,13.900255929024775
7828130,2019-2020,24.0,2019-01-29 19:45,Ended,Arsenal,Cardiff City,42.0,61.0,2.0,1.0,6.975947787688548,6.811112112491367,15.654615203105319,12.429738208977582
7828134,2019-2020,24.0,2019-01-29 20:00,Ended,Newcastle United,Manchester City,39.0,17.0,2.0,1.0,6.827397689709684,7.2289425562798675,14.169919818876593,15.891962616958711
7828127,2019-2020,24.0,2019-01-30 20:00,Ended,Tottenham Hotspur,Watford,33.0,24.0,2.0,1.0,7.039687389869911,6.836063049291888,14.8461547219521,13.530990381089797
7828125,2019-2020,24.0,2019-01-30 20:00,Ended,Liverpool,Leicester City,44.0,31.0,1.0,1.0,7.149975326627247,6.949173832385721,15.577809495229545,15.112771600701194
7828147,2019-2020,25.0,2019-02-02 12:30,Ended,Tottenham Hotspur,Newcastle United,33.0,39.0,1.0,0.0,7.04592231817573,6.823228033015611,14.912798780388359,14.169919818876593
7828150,2019-2020,25.0,2019-02-02 15:00,Ended,Brighton & Hove Albion,Watford,30.0,24.0,0.0,0.0,6.826284349068441,6.8276853234239345,14.190530896181999,13.594713443496994
7828146,2019-2020,25.0,2019-02-02 15:00,Ended,Chelsea,Huddersfield Town,38.0,59.0,5.0,0.0,7.1508748257346895,6.73163518318211,14.61162309706788,13.148668217481859
7828151,2019-2020,25.0,2019-02-02 15:00,Ended,Crystal Palace,Fulham,7.0,43.0,2.0,0.0,6.931346180328964,6.791462596984337,13.971813693185105,13.168711833814843
7828152,2019-2020,25.0,2019-02-03 16:30,Ended,Manchester City,Arsenal,17.0,42.0,3.0,1.0,7.2289015567992,6.963051633387237,15.572297713539152,16.052914190073285
7828168,2019-2020,26.0,2019-02-09 15:00,Ended,Southampton,Cardiff City,45.0,61.0,1.0,2.0,6.850227226113279,6.805353589635721,14.564447963979859,12.429738208977582
7828169,2019-2020,26.0,2019-02-09 15:00,Ended,Huddersfield Town,Arsenal,59.0,42.0,1.0,2.0,6.672306187844609,6.99487612046319,12.347501370742807,16.091717171542754
7828184,2019-2020,27.0,2019-02-23 12:30,Ended,Burnley,Tottenham Hotspur,6.0,33.0,2.0,1.0,6.907374671098335,7.0910724976936725,14.070615010942548,15.232790253572052
7828182,2019-2020,27.0,2019-02-23 17:30,Ended,Leicester City,Crystal Palace,31.0,7.0,1.0,4.0,7.032740026075143,6.899409047665927,15.445212115927704,13.620137353590101
7828187,2019-2020,27.0,2019-02-24 14:05,Ended,Arsenal,Southampton,42.0,45.0,2.0,0.0,6.956643505455756,6.875790407260118,15.593300417487779,14.58714705290695
7828189,2019-2020,27.0,2019-02-24 14:05,Ended,Manchester United,Liverpool,35.0,44.0,0.0,0.0,7.038223715151355,7.17192576217582,15.14403778627015,15.712008905451876
7828202,2019-2020,28.0,2019-02-26 19:45,Ended,Leicester City,Brighton & Hove Albion,31.0,30.0,2.0,1.0,6.9987645637409805,6.868176828729557,15.67610249210233,13.985328602024207
7828206,2019-2020,28.0,2019-02-26 19:45,Ended,Huddersfield Town,Wolverhampton,59.0,3.0,1.0,0.0,6.8821718677751855,6.900622676105072,13.342590469884716,14.908230057860408
7828204,2019-2020,28.0,2019-02-26 19:45,Ended,Cardiff City,Everton,61.0,48.0,0.0,3.0,6.783542528709993,6.990324456590951,12.063309707711378,15.113820837531012
7828205,2019-2020,28.0,2019-02-26 20:00,Ended,Newcastle United,Burnley,39.0,6.0,2.0,0.0,6.860023093098548,6.911263284772974,14.386252121442647,14.088103030248263
7828207,2019-2020,28.0,2019-02-27 20:00,Ended,Chelsea,Tottenham Hotspur,38.0,33.0,2.0,0.0,7.117532058288337,7.0901169071263235,14.667095686692273,15.323709467621914
7828203,2019-2020,28.0,2019-02-27 20:00,Ended,Manchester City,West Ham United,17.0,37.0,1.0,0.0,7.2748714570429165,6.9293416282265925,15.639730079599975,14.21215847528901
7828209,2019-2020,28.0,2019-02-27 20:00,Ended,Crystal Palace,Manchester United,7.0,35.0,1.0,3.0,6.878624479423362,7.0421454963029495,13.620137353590101,15.480882371447136
7828219,2019-2020,29.0,2019-03-02 15:00,Ended,Wolverhampton,Cardiff City,3.0,61.0,2.0,0.0,6.892339058000823,6.793831380851459,14.912775590244346,12.430019525073163
7828221,2019-2020,29.0,2019-03-02 15:00,Ended,Brighton & Hove Albion,Huddersfield Town,30.0,59.0,1.0,0.0,6.801160531111478,6.871768993234568,14.149499606746291,13.582694311654826
7828227,2019-2020,29.0,2019-03-02 15:00,Ended,Bournemouth,Manchester City,60.0,17.0,0.0,1.0,6.8813284639891625,7.229494487380506,14.37584393142332,15.677266251664346
7828225,2019-2020,29.0,2019-03-02 15:00,Ended,Manchester United,Southampton,35.0,45.0,3.0,2.0,7.018181314910865,6.860644958271285,15.580196975987617,14.213140256602975
7828223,2019-2020,29.0,2019-03-02 15:00,Ended,Burnley,Crystal Palace,6.0,7.0,1.0,3.0,6.898137403278937,6.921002854838495,14.070615010942548,14.096394440556441
7828226,2019-2020,29.0,2019-03-03 16:15,Ended,Everton,Liverpool,48.0,44.0,0.0,0.0,6.969536959257291,7.127528851600087,14.737107018364307,15.928964039112646
7828245,2019-2020,30.0,2019-03-09 12:30,Ended,Crystal Palace,Brighton & Hove Albion,7.0,30.0,1.0,2.0,6.928403735108103,6.821733247643072,14.157610920644714,14.149499606746291
7828114,2019-2020,31.0,2019-03-16 15:00,Ended,Bournemouth,Newcastle United,60.0,39.0,2.0,2.0,6.867073776156213,6.84709874197521,14.687250865734699,13.956309896592854
7828118,2019-2020,31.0,2019-03-17 14:15,Ended,Fulham,Liverpool,43.0,44.0,1.0,2.0,6.823783072059792,7.159270512450874,13.772250584834016,16.32436274381167
7828142,2019-2020,32.0,2019-03-30 12:30,Ended,Fulham,Manchester City,43.0,17.0,0.0,2.0,6.727507719699582,7.231696897001682,14.102845611831238,15.63622624016812
7828141,2019-2020,32.0,2019-03-30 15:00,Ended,Burnley,Wolverhampton,6.0,3.0,2.0,0.0,6.889880226316915,6.936338623641754,14.070615010942548,14.780311762274664
7828124,2019-2020,32.0,2019-03-30 15:00,Ended,Crystal Palace,Huddersfield Town,7.0,59.0,2.0,0.0,6.921326652514154,6.726557405632089,14.11213213038095,12.80470242519815
7828140,2019-2020,32.0,2019-03-30 15:00,Ended,Brighton & Hove Albion,Southampton,30.0,45.0,0.0,1.0,6.806449041397736,6.868044868534574,14.149499606746291,14.352221160750418
7828138,2019-2020,32.0,2019-03-30 17:30,Ended,West Ham United,Everton,37.0,48.0,0.0,2.0,6.9077511873398265,6.924176302174908,14.033413856719248,15.003856880739624
7828262,2019-2020,32.0,2019-03-31 13:05,Ended,Cardiff City,Chelsea,61.0,38.0,1.0,2.0,6.706521124281388,7.089031075975763,12.129744094874106,14.625777029044873
7828137,2019-2020,32.0,2019-03-31 15:30,Ended,Liverpool,Tottenham Hotspur,44.0,33.0,2.0,1.0,7.1877076989643065,7.092937774799753,15.884824327379224,14.950979346487312
8170431,2019-2020,27.0,2019-04-03 18:45,Ended,Chelsea,Brighton & Hove Albion,38.0,30.0,3.0,0.0,7.120340367501705,6.73048716749592,15.216993067525696,14.152993267998749
8167494,2019-2020,31.0,2019-04-03 18:45,Ended,Tottenham Hotspur,Crystal Palace,33.0,7.0,2.0,0.0,7.1197352090445465,6.8878502046925965,15.018253768877265,13.999299275481306
7828159,2019-2020,33.0,2019-04-03 18:45,Ended,Manchester City,Cardiff City,17.0,61.0,2.0,0.0,7.2331216940777265,6.688398931579369,16.404667771001662,12.118730686435322
7828156,2019-2020,33.0,2019-04-06 14:00,Ended,Huddersfield Town,Leicester City,59.0,31.0,1.0,4.0,6.7463441746693515,6.9610495547220985,12.837487474239156,15.59168374830505
7828155,2019-2020,33.0,2019-04-06 14:00,Ended,Bournemouth,Burnley,60.0,6.0,1.0,3.0,6.862589302127137,6.899355190132988,14.617342799545877,13.910397200848058
7828157,2019-2020,33.0,2019-04-06 14:00,Ended,Newcastle United,Crystal Palace,39.0,7.0,0.0,1.0,6.8953422019399,6.899872746224923,13.9947564562357,14.157610920644714
7828153,2019-2020,33.0,2019-04-07 13:05,Ended,Everton,Arsenal,48.0,42.0,1.0,0.0,6.941971668822336,7.00791232036596,14.99185823105214,15.658919633284432
7828176,2019-2020,34.0,2019-04-12 19:00,Ended,Leicester City,Newcastle United,31.0,39.0,0.0,1.0,6.999653119803346,6.868898933478925,15.67610249210233,13.963271779610197
7828180,2019-2020,34.0,2019-04-14 13:05,Ended,Crystal Palace,Manchester City,7.0,17.0,1.0,3.0,6.919250734196326,7.225950084338972,14.07096752307472,15.51851707140082
7828178,2019-2020,34.0,2019-04-15 19:00,Ended,Watford,Arsenal,24.0,42.0,0.0,1.0,6.839245962744423,7.006495706254216,13.888912356219139,15.634784296722959
8170432,2019-2020,31.0,2019-04-16 18:45,Ended,Brighton & Hove Albion,Cardiff City,30.0,61.0,0.0,2.0,6.869142550332302,6.7075236965622915,14.416266089891192,11.936005447231818
7828260,2019-2020,35.0,2019-04-20 14:00,Ended,Wolverhampton,Brighton & Hove Albion,3.0,30.0,0.0,0.0,6.889798598252546,6.860259389809763,15.212087663214227,14.460302477051282
7828193,2019-2020,35.0,2019-04-20 14:00,Ended,Huddersfield Town,Watford,59.0,24.0,1.0,2.0,6.727045142778167,6.802354252974826,12.664113116320692,14.073419022469542
7828192,2019-2020,35.0,2019-04-20 14:00,Ended,West Ham United,Leicester City,37.0,31.0,2.0,2.0,6.916156054837201,7.009440497864168,14.244179371514855,15.487796255729958
8167491,2019-2020,33.0,2019-04-23 18:45,Ended,Tottenham Hotspur,Brighton & Hove Albion,33.0,30.0,1.0,0.0,7.096014805259003,6.779830686438084,14.505005026503968,13.983401232044386
8170438,2019-2020,31.0,2019-04-24 18:45,Ended,Wolverhampton,Arsenal,3.0,42.0,3.0,1.0,6.905436731310456,7.07181284214951,14.908230057860408,16.018135137017975
8151144,2019-2020,31.0,2019-04-24 19:00,Ended,Manchester United,Manchester City,35.0,17.0,0.0,2.0,6.936515937509074,7.189623576351509,15.242172180277567,15.751266405979285
7828213,2019-2020,36.0,2019-04-26 19:00,Ended,Liverpool,Huddersfield Town,44.0,59.0,5.0,0.0,7.126532269130222,6.751566504934751,15.707546625547646,13.366667547984079
7828218,2019-2020,36.0,2019-04-27 14:00,Ended,Fulham,Cardiff City,43.0,61.0,1.0,0.0,6.741382618260089,6.720031414769273,14.292258528629706,11.893286785516562
7828211,2019-2020,36.0,2019-04-27 14:00,Ended,Crystal Palace,Everton,7.0,48.0,0.0,0.0,6.901289105597804,6.971698174380517,13.89234101172409,14.974531058924736
7828216,2019-2020,36.0,2019-04-27 14:00,Ended,Southampton,Bournemouth,45.0,60.0,3.0,3.0,6.854573405535282,6.861222249897116,14.778170935097535,14.597083226564074
7828263,2019-2020,36.0,2019-04-27 14:00,Ended,Watford,Wolverhampton,24.0,3.0,1.0,2.0,6.812508546165342,6.9079534791376895,14.030194347537707,14.908230057860408
7828217,2019-2020,36.0,2019-04-28 13:05,Ended,Burnley,Manchester City,6.0,17.0,0.0,1.0,6.899676965156598,7.206427293191498,13.910397200848061,15.906553653770903
7828258,2019-2020,37.0,2019-05-04 14:00,Ended,Wolverhampton,Fulham,3.0,43.0,1.0,0.0,6.912625243385552,6.745683978398218,14.908230057860408,14.275130675315564
7828232,2019-2020,37.0,2019-05-04 14:00,Ended,West Ham United,Southampton,37.0,45.0,3.0,0.0,6.872906144442961,6.864640463589954,14.109869371058371,14.73425158430404
7828236,2019-2020,37.0,2019-05-04 16:30,Ended,Cardiff City,Crystal Palace,61.0,7.0,2.0,3.0,6.782751262626263,6.877243086964171,12.260239516590644,14.22375491610174
7828228,2019-2020,37.0,2019-05-05 13:00,Ended,Huddersfield Town,Manchester United,59.0,35.0,1.0,1.0,6.742607020276491,7.064274622904648,12.879338905891318,15.154501432578272
7828231,2019-2020,37.0,2019-05-06 19:00,Ended,Manchester City,Leicester City,17.0,31.0,1.0,0.0,7.2464845135466325,7.005384311455364,16.050638592513202,15.539198869279751
7828252,2019-2020,38.0,2019-05-12 14:00,Ended,Fulham,Newcastle United,43.0,39.0,0.0,4.0,6.73846891263901,6.869859607132835,14.536927655036775,13.803004189070606
7828255,2019-2020,38.0,2019-05-12 14:00,Ended,Crystal Palace,Bournemouth,7.0,60.0,5.0,3.0,6.893932439390188,7.024380377394615,13.962068099434525,14.01616121070257
7828250,2019-2020,38.0,2019-05-12 14:00,Ended,Leicester City,Chelsea,31.0,38.0,0.0,0.0,7.003826781269768,7.090207615007725,15.539198869279751,14.382904061988732
7828254,2019-2020,38.0,2019-05-12 14:00,Ended,Tottenham Hotspur,Everton,33.0,48.0,2.0,2.0,7.065414052565098,6.993004799270806,14.681785803666628,14.534550128060735
7828248,2019-2020,38.0,2019-05-12 14:00,Ended,Manchester United,Cardiff City,35.0,61.0,0.0,2.0,6.958843938680977,6.7748026921525515,15.858796835917625,12.418465593157615
7828251,2019-2020,38.0,2019-05-12 14:00,Ended,Brighton & Hove Albion,Manchester City,30.0,17.0,1.0,4.0,6.863029704433587,7.192039275690214,14.431596551366635,15.756057053230162
8243388,2019-2020,1.0,2019-08-09 19:00,Ended,Liverpool,Norwich City,44.0,263.0,4.0,1.0,7.107752129904022,7.0739915889179805,15.975694553062205,14.238089353797696
8243390,2019-2020,1.0,2019-08-10 11:30,Ended,West Ham United,Manchester City,37.0,17.0,0.0,5.0,6.963794001128434,7.1545167141475465,14.53990064203131,16.29329652265155
8243396,2019-2020,1.0,2019-08-10 14:00,Ended,Watford,Brighton & Hove Albion,24.0,30.0,0.0,3.0,6.858982102461999,6.832386603697958,13.766719431919842,14.14442818168585
8243397,2019-2020,1.0,2019-08-10 14:00,Ended,Bournemouth,Sheffield United,60.0,15.0,1.0,1.0,6.93594965627571,6.72583670142645,14.864563898263162,13.337128239691488
8243395,2019-2020,1.0,2019-08-10 14:00,Ended,Burnley,Southampton,6.0,45.0,3.0,0.0,6.945664532752232,6.790169546769705,13.973067858385981,14.701095284367872
8243391,2019-2020,1.0,2019-08-10 14:00,Ended,Crystal Palace,Everton,7.0,48.0,0.0,0.0,6.882754317623995,6.895471876525406,13.471373353148389,15.043533614402833
8243393,2019-2020,1.0,2019-08-10 16:30,Ended,Tottenham Hotspur,Aston Villa,33.0,40.0,3.0,1.0,7.092660115622743,6.836588124529257,15.3657948972712,14.433110355225175
8243392,2019-2020,1.0,2019-08-11 13:00,Ended,Newcastle United,Arsenal,39.0,42.0,0.0,1.0,6.8991836361571925,6.91713205178676,14.69419201878953,15.798128652666612
8243389,2019-2020,1.0,2019-08-11 13:00,Ended,Leicester City,Wolverhampton,31.0,3.0,0.0,0.0,6.960296800153967,6.916295286828824,15.516814592206936,14.96030940657328
8243394,2019-2020,1.0,2019-08-11 15:30,Ended,Manchester United,Chelsea,35.0,38.0,4.0,0.0,6.951856789686095,6.95547582387064,16.082660190911728,15.61612953209115
8243414,2019-2020,2.0,2019-08-17 11:30,Ended,Arsenal,Burnley,42.0,6.0,2.0,1.0,6.9451100847420415,6.954061556494708,15.654775210495043,13.973067858385981
8243415,2019-2020,2.0,2019-08-17 14:00,Ended,Everton,Watford,48.0,24.0,1.0,0.0,6.899273662368216,6.853048569608368,14.999344004247455,13.876256431620297
8243422,2019-2020,2.0,2019-08-17 14:00,Ended,Southampton,Liverpool,45.0,44.0,1.0,2.0,6.758926212731541,7.197916980231863,14.62757574268753,15.490842566800694
8243411,2019-2020,2.0,2019-08-17 14:00,Ended,Brighton & Hove Albion,West Ham United,30.0,37.0,1.0,1.0,6.966213356296947,6.933122094270078,14.717133142758087,14.509423765066773
8243421,2019-2020,2.0,2019-08-17 14:00,Ended,Norwich City,Newcastle United,263.0,39.0,3.0,1.0,6.760150099122061,6.845958602294919,14.38396676264531,14.26804750470967
8243412,2019-2020,2.0,2019-08-17 14:00,Ended,Aston Villa,Bournemouth,40.0,60.0,1.0,2.0,6.814818846424592,6.907936818194117,14.730692251752222,15.140949075102242
8243413,2019-2020,2.0,2019-08-17 16:30,Ended,Manchester City,Tottenham Hotspur,17.0,33.0,2.0,2.0,7.2037194130294315,7.118480270617534,15.967052584125558,15.374727267768968
8243417,2019-2020,2.0,2019-08-18 13:00,Ended,Sheffield United,Crystal Palace,15.0,7.0,1.0,0.0,6.659090909090909,6.895130041803866,13.337128239691488,13.570527183038005
8243416,2019-2020,2.0,2019-08-18 15:30,Ended,Chelsea,Leicester City,38.0,31.0,1.0,1.0,7.059104248254936,6.995611878307018,15.517294660014379,15.438410028420755
8243418,2019-2020,2.0,2019-08-19 19:00,Ended,Wolverhampton,Manchester United,3.0,35.0,1.0,1.0,6.915124507958975,6.985307390723586,14.96030940657328,16.084521875579323
8243420,2019-2020,3.0,2019-08-23 19:00,Ended,Aston Villa,Everton,40.0,48.0,2.0,0.0,6.968510555809158,6.9047839080235205,14.732613529208898,15.043533614402833
8243423,2019-2020,3.0,2019-08-24 11:30,Ended,Norwich City,Chelsea,263.0,38.0,2.0,3.0,6.973232323232323,6.934783078013722,14.38396676264531,15.994209812396576
8243429,2019-2020,3.0,2019-08-24 14:00,Ended,Watford,West Ham United,24.0,37.0,1.0,3.0,6.8335975951205485,6.905265619896804,14.069309271256252,14.52051501066262
8243432,2019-2020,3.0,2019-08-24 14:00,Ended,Sheffield United,Leicester City,15.0,31.0,1.0,2.0,6.849502558610021,6.9459822729982195,13.549473376009335,15.271879767915578
8243419,2019-2020,3.0,2019-08-24 14:00,Ended,Manchester United,Crystal Palace,35.0,7.0,1.0,2.0,6.963398984830669,6.860508425503995,16.084521875579323,13.502014783286437
8243426,2019-2020,3.0,2019-08-24 16:30,Ended,Liverpool,Arsenal,44.0,42.0,3.0,1.0,7.164458464994381,6.958521586825906,15.79664072591044,15.637647357180905
8243425,2019-2020,3.0,2019-08-25 13:00,Ended,Bournemouth,Manchester City,60.0,17.0,1.0,3.0,6.931480630473477,7.2429605650831865,14.951237076613655,15.737278619790576
8243435,2019-2020,3.0,2019-08-25 15:30,Ended,Wolverhampton,Burnley,3.0,6.0,1.0,1.0,6.90344467990028,6.953280917243905,15.273509580506051,13.973067858385981
8243433,2019-2020,3.0,2019-08-25 15:30,Ended,Tottenham Hotspur,Newcastle United,33.0,39.0,0.0,1.0,7.023516093787151,6.787678486221567,15.585796243635386,14.917792294348539
8243437,2019-2020,4.0,2019-08-31 11:30,Ended,Southampton,Manchester United,45.0,35.0,1.0,1.0,6.80116457808522,6.940750883057839,15.106152223764973,15.724296713153507
8243439,2019-2020,4.0,2019-08-31 14:00,Ended,West Ham United,Norwich City,37.0,263.0,2.0,0.0,7.00797508008788,6.888389154704944,14.52051501066262,14.568547133034695
8243428,2019-2020,4.0,2019-08-31 14:00,Ended,Leicester City,Bournemouth,31.0,60.0,3.0,1.0,6.972763708005431,6.915224304043636,15.707254053517627,15.128993070678103
8243430,2019-2020,4.0,2019-08-31 14:00,Ended,Chelsea,Sheffield United,38.0,15.0,2.0,2.0,6.986830247820083,6.821212121212121,16.05384686999753,13.997229602796503
8243440,2019-2020,4.0,2019-08-31 14:00,Ended,Manchester City,Brighton & Hove Albion,17.0,30.0,4.0,0.0,7.210959893913937,6.926051588963825,15.93078636697993,15.116479049640073
8243431,2019-2020,4.0,2019-08-31 14:00,Ended,Crystal Palace,Aston Villa,7.0,40.0,1.0,0.0,6.858752148552355,6.97945535869654,13.502014783286437,14.732613529208898
8243438,2019-2020,4.0,2019-08-31 14:00,Ended,Newcastle United,Watford,39.0,24.0,1.0,1.0,6.891611436914167,6.788633820891485,14.848022888811029,14.078465347740437
8243434,2019-2020,4.0,2019-08-31 16:30,Ended,Burnley,Liverpool,6.0,44.0,0.0,3.0,6.923124278761865,7.168165383545343,14.055182426259993,15.79664072591044
8243436,2019-2020,4.0,2019-09-01 13:00,Ended,Everton,Wolverhampton,48.0,3.0,3.0,2.0,6.979922073936512,6.9369649517394985,15.499195508592937,15.01592999950101
8243427,2019-2020,4.0,2019-09-01 15:30,Ended,Arsenal,Tottenham Hotspur,42.0,33.0,2.0,2.0,6.951436124522599,7.072623246197841,15.565840365491534,15.492730414642608
8243442,2019-2020,5.0,2019-09-14 11:30,Ended,Liverpool,Newcastle United,44.0,39.0,3.0,1.0,7.13679905718399,6.885984592949629,15.53498227853412,14.501428863308677
8243456,2019-2020,5.0,2019-09-14 14:00,Ended,Sheffield United,Southampton,15.0,45.0,0.0,1.0,6.751969696969696,6.817230727182904,13.450873904190932,14.555962299317297
8243452,2019-2020,5.0,2019-09-14 14:00,Ended,Wolverhampton,Chelsea,3.0,38.0,2.0,5.0,6.953221131069231,7.052171438616255,15.06854149241253,15.610311014338844
8243444,2019-2020,5.0,2019-09-14 14:00,Ended,Manchester United,Leicester City,35.0,31.0,1.0,0.0,6.944423929190327,6.963528185430303,15.622657588196667,15.453562336332585
8243454,2019-2020,5.0,2019-09-14 14:00,Ended,Tottenham Hotspur,Crystal Palace,33.0,7.0,4.0,0.0,7.078787366857645,6.915549722195567,15.113386633554496,13.470421313722237
8243445,2019-2020,5.0,2019-09-14 14:00,Ended,Brighton & Hove Albion,Burnley,30.0,6.0,1.0,1.0,6.861844991799964,6.916008367839424,14.89812856618256,14.055182426259993
8243446,2019-2020,5.0,2019-09-14 16:30,Ended,Norwich City,Manchester City,263.0,17.0,3.0,2.0,6.864316495960302,7.193618424156285,14.282355806464377,15.962736741989204
8243443,2019-2020,5.0,2019-09-15 13:00,Ended,Bournemouth,Everton,60.0,48.0,3.0,1.0,6.922668726762499,6.990414166935281,15.505275280693718,15.405689981421126
8243453,2019-2020,5.0,2019-09-15 15:30,Ended,Watford,Arsenal,24.0,42.0,2.0,2.0,6.832732592331593,7.018301794469964,14.0115061851096,15.531746834403473
8243441,2019-2020,5.0,2019-09-16 19:00,Ended,Aston Villa,West Ham United,40.0,37.0,0.0,0.0,6.923059163059164,7.004793388427924,14.203465050793076,14.52051501066262
8243465,2019-2020,6.0,2019-09-20 19:00,Ended,Southampton,Bournemouth,45.0,60.0,1.0,3.0,6.799543204761719,6.935255847161534,15.011474598780593,15.44928293227336
8243450,2019-2020,6.0,2019-09-21 11:30,Ended,Leicester City,Tottenham Hotspur,31.0,33.0,2.0,1.0,6.960551710301666,7.1006822837520325,15.703709502998853,15.237791865701258
8243447,2019-2020,6.0,2019-09-21 14:00,Ended,Burnley,Norwich City,6.0,263.0,2.0,0.0,6.905678684802939,6.840037856879962,14.055182426259993,14.282355806464377
8243459,2019-2020,6.0,2019-09-21 14:00,Ended,Manchester City,Watford,17.0,24.0,8.0,0.0,7.230210642482752,6.846834821776988,15.751825675266598,14.283311856589497
8243451,2019-2020,6.0,2019-09-21 14:00,Ended,Everton,Sheffield United,48.0,15.0,0.0,2.0,6.953016226442542,6.770454545454545,15.131316799932288,13.784884466478658
8243462,2019-2020,6.0,2019-09-21 16:30,Ended,Newcastle United,Brighton & Hove Albion,39.0,30.0,0.0,0.0,6.880601845335744,6.841372764474276,14.52841819782101,14.831185286364994
8243464,2019-2020,6.0,2019-09-22 13:00,Ended,West Ham United,Manchester United,37.0,35.0,2.0,0.0,6.893481736157887,6.9275320697986675,14.578158765486528,15.62265758819667
8243455,2019-2020,6.0,2019-09-22 13:00,Ended,Crystal Palace,Wolverhampton,7.0,3.0,1.0,1.0,6.888040917403603,6.94131554439723,13.502014783286437,14.765793395225671
8243449,2019-2020,6.0,2019-09-22 15:30,Ended,Arsenal,Aston Villa,42.0,40.0,3.0,2.0,6.929867439897919,6.863552894501998,15.85138869533316,14.305768274490976
8243448,2019-2020,6.0,2019-09-22 15:30,Ended,Chelsea,Liverpool,38.0,44.0,1.0,2.0,7.122356620014845,7.169688655557016,15.680012593768652,15.79664072591044
8243470,2019-2020,7.0,2019-09-28 11:30,Ended,Sheffield United,Liverpool,15.0,44.0,0.0,1.0,6.809134199134198,7.166272369723382,13.784884466478658,15.79664072591044
8243458,2019-2020,7.0,2019-09-28 14:00,Ended,Chelsea,Brighton & Hove Albion,38.0,30.0,2.0,0.0,7.131687309238658,6.8475805761442095,15.275059402951458,15.009962382338598
8243461,2019-2020,7.0,2019-09-28 14:00,Ended,Aston Villa,Burnley,40.0,6.0,2.0,2.0,6.961143975376712,6.912995747994049,14.280984682490764,14.055182426259993
8243474,2019-2020,7.0,2019-09-28 14:00,Ended,Wolverhampton,Watford,3.0,24.0,2.0,0.0,6.975903827819106,6.821303357904681,14.805481531667349,15.004638739753474
8243457,2019-2020,7.0,2019-09-28 14:00,Ended,Crystal Palace,Norwich City,7.0,263.0,2.0,0.0,6.857691527468882,6.77628987291778,13.502014783286437,14.227671022410554
8243463,2019-2020,7.0,2019-09-28 14:00,Ended,Bournemouth,West Ham United,60.0,37.0,2.0,2.0,6.9433827260599825,6.904319208807419,15.44928293227336,14.578158765486528
8243466,2019-2020,7.0,2019-09-28 16:30,Ended,Everton,Manchester City,48.0,17.0,1.0,3.0,6.969609828366881,7.22882575360824,15.197200342100544,15.919032307770355
8243468,2019-2020,7.0,2019-09-30 19:00,Ended,Manchester United,Arsenal,35.0,42.0,1.0,1.0,6.907193201909157,6.974220438499086,15.751443180697503,15.647896175321506
8243475,2019-2020,8.0,2019-10-05 11:30,Ended,Brighton & Hove Albion,Tottenham Hotspur,30.0,33.0,3.0,0.0,6.834414257248667,7.118563020069371,14.815606842915347,15.254507480209874
8243467,2019-2020,8.0,2019-10-05 14:00,Ended,Burnley,Everton,6.0,48.0,1.0,0.0,6.9258655768675546,6.978294558079296,14.01826069448841,15.405689981421126
8243485,2019-2020,8.0,2019-10-05 14:00,Ended,Norwich City,Aston Villa,263.0,40.0,1.0,5.0,6.765555988455989,6.9576847239518465,14.520568772536537,14.280984682490764
8243473,2019-2020,8.0,2019-10-05 14:00,Ended,Liverpool,Leicester City,44.0,31.0,2.0,1.0,7.164926106953535,6.939862284123333,15.455231968904487,15.592273438435228
8243484,2019-2020,8.0,2019-10-05 14:00,Ended,Watford,Sheffield United,24.0,15.0,0.0,0.0,6.810958149005404,6.8110930735930735,14.168625769153541,13.784884466478658
8243482,2019-2020,8.0,2019-10-05 16:30,Ended,West Ham United,Crystal Palace,37.0,7.0,1.0,2.0,6.979059131042456,6.852089470103355,14.575845034191476,13.157323500990739
8243480,2019-2020,8.0,2019-10-06 13:00,Ended,Southampton,Chelsea,45.0,38.0,1.0,4.0,6.850269622726563,7.126738909430349,14.561028890794663,15.515069854876314
8243469,2019-2020,8.0,2019-10-06 13:00,Ended,Manchester City,Wolverhampton,17.0,3.0,0.0,2.0,7.196718614880214,6.896241111907906,15.675417902208629,14.831452353708286
8243471,2019-2020,8.0,2019-10-06 13:00,Ended,Arsenal,Bournemouth,42.0,60.0,1.0,0.0,6.957818055324785,6.943849848257838,15.608949698645336,15.44928293227336
8243476,2019-2020,8.0,2019-10-06 15:30,Ended,Newcastle United,Manchester United,39.0,35.0,1.0,0.0,6.813487032916179,6.83772569063629,15.00488258961395,15.758327094018323
8243479,2019-2020,9.0,2019-10-19 11:30,Ended,Everton,West Ham United,48.0,37.0,2.0,0.0,6.867427112670706,6.890140318888556,15.428071507529129,15.031139964001357
8243477,2019-2020,9.0,2019-10-19 14:00,Ended,Bournemouth,Norwich City,60.0,263.0,0.0,0.0,6.927773937371285,6.757925685425686,15.393122965591798,14.520568772536535
8243494,2019-2020,9.0,2019-10-19 14:00,Ended,Tottenham Hotspur,Watford,33.0,24.0,1.0,1.0,7.014753665070839,6.813959403291915,15.096845920211068,14.223084053303163
8243486,2019-2020,9.0,2019-10-19 14:00,Ended,Chelsea,Newcastle United,38.0,39.0,1.0,0.0,7.091468294691858,6.887986990104713,15.517112841771954,15.00488258961395
8243493,2019-2020,9.0,2019-10-19 14:00,Ended,Wolverhampton,Southampton,3.0,45.0,1.0,1.0,6.875293686829369,6.844954489771618,14.906948971388598,14.539539882617841
8243483,2019-2020,9.0,2019-10-19 14:00,Ended,Leicester City,Burnley,31.0,6.0,2.0,1.0,6.952034776966059,6.913258257162483,15.703709502998853,13.953393374343966
8243481,2019-2020,9.0,2019-10-19 16:30,Ended,Crystal Palace,Manchester City,7.0,17.0,0.0,2.0,6.877560096368068,7.215751598778274,13.577796825517392,16.122791132990354
8243489,2019-2020,9.0,2019-10-20 15:30,Ended,Manchester United,Liverpool,35.0,44.0,1.0,1.0,6.883162565429358,7.11328200506716,15.707936941380863,15.776275469533937
8243488,2019-2020,9.0,2019-10-21 19:00,Ended,Sheffield United,Arsenal,15.0,42.0,1.0,0.0,6.8189935064935066,6.940083386869776,13.133364800293911,15.677066797596657
8243497,2019-2020,10.0,2019-10-25 19:00,Ended,Southampton,Leicester City,45.0,31.0,0.0,9.0,6.843026894747954,6.9649271634676815,14.539539882617841,15.703709502998853
8243490,2019-2020,10.0,2019-10-26 11:30,Ended,Manchester City,Aston Villa,17.0,40.0,3.0,0.0,7.246086554683368,6.911543268490636,15.964086399949979,14.680273078947147
8243487,2019-2020,10.0,2019-10-26 14:00,Ended,Brighton & Hove Albion,Everton,30.0,48.0,3.0,2.0,6.9241736648557115,6.915298459581149,14.815606842915347,15.44142464679158
8243506,2019-2020,10.0,2019-10-26 14:00,Ended,Watford,Bournemouth,24.0,60.0,0.0,0.0,6.816051157453842,6.919996966644823,13.893955461273825,14.877389225377698
8243498,2019-2020,10.0,2019-10-26 14:00,Ended,West Ham United,Sheffield United,37.0,15.0,1.0,1.0,6.960040855143654,6.8320165945165945,14.998864587750234,13.337128239691488
8243491,2019-2020,10.0,2019-10-26 16:30,Ended,Burnley,Chelsea,6.0,38.0,2.0,4.0,6.8998840649116495,7.013040413238763,13.725240957524772,15.686496335700156
8243504,2019-2020,10.0,2019-10-27 16:30,Ended,Norwich City,Manchester United,263.0,35.0,1.0,3.0,6.785235842330704,6.883017538652871,14.520568772536535,16.005390182306513
8243492,2019-2020,10.0,2019-10-27 16:30,Ended,Arsenal,Crystal Palace,42.0,7.0,2.0,2.0,7.006839101024867,6.893834960439867,15.302947125976937,13.400698127384818
8243495,2019-2020,10.0,2019-10-27 16:30,Ended,Liverpool,Tottenham Hotspur,44.0,33.0,2.0,1.0,7.168199632936399,7.045877489578732,15.891132749059041,15.287210940483792
8243499,2019-2020,11.0,2019-11-02 12:30,Ended,Bournemouth,Manchester United,60.0,35.0,1.0,0.0,6.9616105980929515,6.897530382619762,15.037029351434605,16.005390182306513
8243502,2019-2020,11.0,2019-11-02 15:00,Ended,Arsenal,Wolverhampton,42.0,3.0,1.0,1.0,7.015656279325963,6.93686124341318,15.275970391585076,15.109088003223345
8243503,2019-2020,11.0,2019-11-02 15:00,Ended,Aston Villa,Liverpool,40.0,44.0,1.0,2.0,6.87373991797676,7.170867137516236,14.370371312787505,15.85104112815677
8243510,2019-2020,11.0,2019-11-02 15:00,Ended,Manchester City,Southampton,17.0,45.0,2.0,1.0,7.216807230391165,6.829707688713122,16.036789021873883,14.486819066192403
8243505,2019-2020,11.0,2019-11-02 15:00,Ended,Brighton & Hove Albion,Norwich City,30.0,263.0,2.0,0.0,6.910225357740725,6.7595586504608605,14.815606842915347,14.128071037236719
8243515,2019-2020,11.0,2019-11-02 15:00,Ended,West Ham United,Newcastle United,37.0,39.0,2.0,3.0,6.942918666971087,6.868275162615689,14.998864587750234,14.517249107160872
8243507,2019-2020,11.0,2019-11-02 15:00,Ended,Sheffield United,Burnley,15.0,6.0,3.0,0.0,6.840835629017447,6.895276100427859,13.133364800293911,13.725240957524772
8243516,2019-2020,11.0,2019-11-02 17:30,Ended,Watford,Chelsea,24.0,38.0,1.0,2.0,6.807951984652945,7.037829575098888,13.756443442418634,15.85038809073785
8243500,2019-2020,11.0,2019-11-03 14:00,Ended,Crystal Palace,Leicester City,7.0,31.0,0.0,2.0,6.8917047798152336,6.983478934383092,13.502014783286437,15.703709502998853
8243501,2019-2020,11.0,2019-11-03 16:30,Ended,Everton,Tottenham Hotspur,48.0,33.0,1.0,1.0,6.920758290700348,7.038770754827541,15.619434973012366,14.897963839819061
8243518,2019-2020,12.0,2019-11-08 20:00,Ended,Norwich City,Watford,263.0,24.0,0.0,2.0,6.658360033905489,6.8259880878525445,14.128071037236719,14.201024187141817
8243513,2019-2020,12.0,2019-11-09 12:30,Ended,Chelsea,Crystal Palace,38.0,7.0,2.0,0.0,7.03774105059207,6.905916926168172,16.184041483565284,13.347053422420435
8243524,2019-2020,12.0,2019-11-09 15:00,Ended,Tottenham Hotspur,Sheffield United,33.0,15.0,1.0,1.0,7.019554398484633,6.906361668634395,15.411039771391387,13.133364800293911
8243509,2019-2020,12.0,2019-11-09 15:00,Ended,Newcastle United,Bournemouth,39.0,60.0,2.0,1.0,6.881533208026906,6.958261436136838,14.517249107160872,15.093021699854965
8243520,2019-2020,12.0,2019-11-09 15:00,Ended,Southampton,Everton,45.0,48.0,1.0,2.0,7.001544313438538,6.947682214832143,14.19842698362239,14.890561637157317
8243508,2019-2020,12.0,2019-11-09 15:00,Ended,Burnley,West Ham United,6.0,37.0,3.0,0.0,6.8708811655465665,6.8912006536208645,14.532381950411608,15.289281948613796
8243512,2019-2020,12.0,2019-11-09 17:30,Ended,Leicester City,Arsenal,31.0,42.0,2.0,0.0,6.992278825835603,7.011627874207425,15.703709502998853,15.09712209000953
8243526,2019-2020,12.0,2019-11-10 14:00,Ended,Wolverhampton,Aston Villa,3.0,40.0,2.0,1.0,6.940430978815724,6.865914605082381,15.109088003223345,15.222157135364842
8243514,2019-2020,12.0,2019-11-10 14:00,Ended,Manchester United,Brighton & Hove Albion,35.0,30.0,3.0,1.0,6.898235439269302,6.923509627259521,16.080024777949223,14.722221076769037
8243511,2019-2020,12.0,2019-11-10 16:30,Ended,Liverpool,Manchester City,44.0,17.0,3.0,1.0,7.171410487055815,7.215912758106271,15.89113274905904,16.2361439110005
8243536,2019-2020,13.0,2019-11-23 12:30,Ended,West Ham United,Tottenham Hotspur,37.0,33.0,2.0,3.0,6.955229392826336,7.032548853986322,14.684464245081076,15.593343035123038
8243535,2019-2020,13.0,2019-11-23 15:00,Ended,Watford,Burnley,24.0,6.0,0.0,3.0,6.815817357495402,6.879594025944152,14.069309271256252,14.532381950411608
8243521,2019-2020,13.0,2019-11-23 15:00,Ended,Crystal Palace,Liverpool,7.0,44.0,1.0,2.0,6.903211127468793,7.150935340601347,13.347053422420435,15.621875410706467
8243522,2019-2020,13.0,2019-11-23 15:00,Ended,Arsenal,Southampton,42.0,45.0,2.0,2.0,7.016681678912729,6.817755683918264,15.145668140382652,14.468463125090443
8243525,2019-2020,13.0,2019-11-23 15:00,Ended,Brighton & Hove Albion,Leicester City,30.0,31.0,0.0,2.0,6.864809091899144,6.998858365305722,14.82022358505167,15.703709502998853
8243517,2019-2020,13.0,2019-11-23 15:00,Ended,Everton,Norwich City,48.0,263.0,0.0,2.0,6.960569750520232,6.6991967270266395,14.890561637157317,13.778568665480698
8243529,2019-2020,13.0,2019-11-23 17:30,Ended,Manchester City,Chelsea,17.0,38.0,2.0,1.0,7.241546792093242,7.077879746173099,16.069789291070787,15.678961609914007
8243530,2019-2020,13.0,2019-11-24 16:30,Ended,Sheffield United,Manchester United,15.0,35.0,3.0,3.0,6.918501467179323,6.928430334454571,12.328485043088849,15.932709238119383
8243519,2019-2020,13.0,2019-11-25 20:00,Ended,Aston Villa,Newcastle United,40.0,39.0,2.0,0.0,6.884536727228115,6.8714943494877225,15.200725812568496,14.524734690038896
8243532,2019-2020,14.0,2019-11-30 12:30,Ended,Newcastle United,Manchester City,39.0,17.0,2.0,2.0,6.854278133107814,7.187002295206347,14.626052423192414,15.650603052113063
8243531,2019-2020,14.0,2019-11-30 15:00,Ended,Chelsea,West Ham United,38.0,37.0,0.0,1.0,6.999858489515836,6.850823423219197,16.037615885092613,14.552151724671177
8243534,2019-2020,14.0,2019-11-30 15:00,Ended,Liverpool,Brighton & Hove Albion,44.0,30.0,2.0,1.0,7.192019785825034,6.870576214953218,15.702853358876375,14.972890180700222
8243533,2019-2020,14.0,2019-11-30 15:00,Ended,Burnley,Crystal Palace,6.0,7.0,0.0,2.0,6.887262254835215,6.8841990495559635,14.423400922299193,13.459454702873241
8243546,2019-2020,14.0,2019-11-30 15:00,Ended,Tottenham Hotspur,Bournemouth,33.0,60.0,3.0,2.0,7.041300799128877,6.892409879376283,15.298148726351931,15.374634000237444
8243537,2019-2020,14.0,2019-11-30 17:30,Ended,Southampton,Watford,45.0,24.0,2.0,1.0,6.862589956416024,6.7765731585891125,14.544677130295133,14.869430234720165
8243540,2019-2020,14.0,2019-12-01 14:00,Ended,Norwich City,Arsenal,263.0,42.0,2.0,2.0,6.732492507492508,7.0175624642698,13.738175812801414,15.313682189310217
8243542,2019-2020,14.0,2019-12-01 14:00,Ended,Wolverhampton,Sheffield United,3.0,15.0,1.0,1.0,6.933639480432948,6.912198912198912,15.379893023333565,13.133364800293911
8243527,2019-2020,14.0,2019-12-01 16:30,Ended,Leicester City,Everton,31.0,48.0,2.0,1.0,7.006529994939023,6.949116447688561,15.703709502998853,15.436002195133835
8243528,2019-2020,14.0,2019-12-01 16:30,Ended,Manchester United,Aston Villa,35.0,40.0,2.0,2.0,6.926135224902246,6.966327330170963,15.654635854481786,15.200725812568496
8243556,2019-2020,15.0,2019-12-03 19:30,Ended,Crystal Palace,Bournemouth,7.0,60.0,1.0,0.0,6.886932446535894,6.860021808157153,13.459454702873241,15.612267338282415
8243539,2019-2020,15.0,2019-12-03 20:15,Ended,Burnley,Manchester City,6.0,17.0,1.0,4.0,6.8763809607662605,7.233314496628045,14.70486828508074,16.164897275486005
8243543,2019-2020,15.0,2019-12-04 19:30,Ended,Wolverhampton,West Ham United,3.0,37.0,2.0,0.0,6.945522422053751,7.0016951878197,15.109088003223345,14.689785654714013
8243538,2019-2020,15.0,2019-12-04 19:30,Ended,Leicester City,Watford,31.0,24.0,2.0,0.0,7.026849245182387,6.8242775068144645,15.646071040411774,14.452537400603195
8243541,2019-2020,15.0,2019-12-04 19:30,Ended,Manchester United,Tottenham Hotspur,35.0,33.0,2.0,1.0,6.962980570992934,7.018464166769619,16.035870406714295,15.279271055596887
8243553,2019-2020,15.0,2019-12-04 19:30,Ended,Chelsea,Aston Villa,38.0,40.0,2.0,1.0,7.048459253007801,6.936888561888562,15.932316768353559,15.187395765965286
8243548,2019-2020,15.0,2019-12-04 19:30,Ended,Southampton,Norwich City,45.0,263.0,2.0,1.0,6.902855759069371,6.757375200557019,14.632570683189462,13.738175812801414
8243555,2019-2020,15.0,2019-12-04 20:15,Ended,Liverpool,Everton,44.0,48.0,5.0,2.0,7.087456997259477,6.9538327460114635,14.86452428994362,15.436002195133835
8243544,2019-2020,15.0,2019-12-05 19:30,Ended,Sheffield United,Newcastle United,15.0,39.0,0.0,2.0,6.841161338661338,6.890033997259581,13.446145058144399,13.927073529129574
8243545,2019-2020,15.0,2019-12-05 20:15,Ended,Arsenal,Brighton & Hove Albion,42.0,30.0,1.0,2.0,7.0017204758971925,6.895207586567644,15.33734865922991,15.077321971928864
8243554,2019-2020,16.0,2019-12-07 12:30,Ended,Everton,Chelsea,48.0,38.0,3.0,1.0,6.960505458834993,7.053555179696891,15.555997944652372,15.932316768353559
8243566,2019-2020,16.0,2019-12-07 15:00,Ended,Watford,Crystal Palace,24.0,7.0,0.0,0.0,6.8191715523072425,6.876482069266922,14.109101141323105,13.685663620877648
8243558,2019-2020,16.0,2019-12-07 15:00,Ended,Tottenham Hotspur,Burnley,33.0,6.0,5.0,0.0,7.029125309067945,6.881995543365704,15.279271055596887,14.006054323490691
8243550,2019-2020,16.0,2019-12-07 15:00,Ended,Bournemouth,Liverpool,60.0,44.0,0.0,3.0,6.9018419153257335,7.143252273176,15.613382997427475,15.328718625042494
8243547,2019-2020,16.0,2019-12-07 17:30,Ended,Manchester City,Manchester United,17.0,35.0,1.0,2.0,7.2212001878051355,6.9189424477641985,16.46443671193138,16.120209303149526
8243560,2019-2020,16.0,2019-12-08 14:00,Ended,Norwich City,Sheffield United,263.0,15.0,1.0,2.0,6.7902589430552105,6.904787712287713,14.219514915849313,13.133364800293911
8243552,2019-2020,16.0,2019-12-08 14:00,Ended,Newcastle United,Southampton,39.0,45.0,2.0,1.0,6.861936134041398,6.882545134509863,14.626052423192414,14.632570683189462
8243551,2019-2020,16.0,2019-12-08 14:00,Ended,Aston Villa,Leicester City,40.0,31.0,1.0,4.0,6.915011778045633,7.000938604254057,15.223609969811381,15.372836287599847
8243549,2019-2020,16.0,2019-12-08 16:30,Ended,Brighton & Hove Albion,Wolverhampton,30.0,3.0,2.0,2.0,6.896966124262363,6.953217496206897,15.348453684475055,15.109088003223345
8243564,2019-2020,16.0,2019-12-09 20:00,Ended,West Ham United,Arsenal,37.0,42.0,1.0,3.0,6.931480534584012,6.973122187059162,14.552151724671177,15.811492382264154
8243565,2019-2020,17.0,2019-12-14 12:30,Ended,Liverpool,Watford,44.0,24.0,2.0,0.0,7.181694421065758,6.833265329111561,15.779114590036585,14.393510664288613
8243562,2019-2020,17.0,2019-12-14 15:00,Ended,Burnley,Newcastle United,6.0,39.0,1.0,0.0,6.879543906367186,6.882894241845393,14.231487483622471,14.471269712378842
8243559,2019-2020,17.0,2019-12-14 15:00,Ended,Leicester City,Norwich City,31.0,263.0,1.0,1.0,7.0255427690077275,6.816219828151646,15.372836287599847,14.233039869080697
8243567,2019-2020,17.0,2019-12-14 15:00,Ended,Sheffield United,Aston Villa,15.0,40.0,2.0,0.0,6.912784134314882,6.940876630795009,13.133364800293911,14.106354972975634
8243557,2019-2020,17.0,2019-12-14 15:00,Ended,Chelsea,Bournemouth,38.0,60.0,0.0,1.0,7.030505803807144,6.881122063455649,15.705604602740067,15.190008989138704
8243572,2019-2020,17.0,2019-12-14 17:30,Ended,Southampton,West Ham United,45.0,37.0,0.0,1.0,6.87553725485006,6.865441169191169,14.632570683189462,14.51877817450239
8243575,2019-2020,17.0,2019-12-15 14:00,Ended,Manchester United,Everton,35.0,48.0,1.0,1.0,6.9239267062373075,6.88004204231944,16.120209303149526,15.39486753344715
8243571,2019-2020,17.0,2019-12-15 14:00,Ended,Wolverhampton,Tottenham Hotspur,3.0,33.0,1.0,2.0,6.952384069747134,7.036962767956584,15.109088003223345,15.279271055596887
8243563,2019-2020,17.0,2019-12-15 16:30,Ended,Arsenal,Manchester City,42.0,17.0,0.0,3.0,6.970866172369704,7.209033721530895,15.894832440752184,15.855124311841388
8243561,2019-2020,17.0,2019-12-16 19:45,Ended,Crystal Palace,Brighton & Hove Albion,7.0,30.0,1.0,1.0,6.88576365435161,6.876588591094318,13.783999479205713,15.242074714860374
8243573,2019-2020,18.0,2019-12-21 12:30,Ended,Everton,Arsenal,48.0,42.0,0.0,0.0,6.965446032485366,6.908753322193276,15.467218076885771,15.919254545115367
8243569,2019-2020,18.0,2019-12-21 15:00,Ended,Newcastle United,Crystal Palace,39.0,7.0,1.0,0.0,6.912351663925071,6.905180252837331,14.511401676030438,13.25255252819816
8243570,2019-2020,18.0,2019-12-21 15:00,Ended,Brighton & Hove Albion,Sheffield United,30.0,15.0,0.0,1.0,6.889690471156552,6.858363042186571,15.092311660451992,13.663219040508778
8243574,2019-2020,18.0,2019-12-21 15:00,Ended,Norwich City,Wolverhampton,263.0,3.0,1.0,2.0,6.799070226886865,6.949715908654918,13.93893400310883,15.109088003223345
8243576,2019-2020,18.0,2019-12-21 15:00,Ended,Bournemouth,Burnley,60.0,6.0,0.0,1.0,6.89924878982934,6.871626438653129,15.190008989138704,14.532381950411608
8243577,2019-2020,18.0,2019-12-21 15:00,Ended,Aston Villa,Southampton,40.0,45.0,1.0,3.0,6.916239699462343,6.852464691604603,14.426407641595635,14.54788845518425
8243568,2019-2020,18.0,2019-12-21 17:30,Ended,Manchester City,Leicester City,17.0,31.0,3.0,1.0,7.1873731168549675,7.012771871209929,15.523317963699492,15.703709502998853
8243579,2019-2020,18.0,2019-12-22 14:00,Ended,Watford,Manchester United,24.0,35.0,2.0,0.0,6.82891812279793,6.930013738365273,14.393510664288613,16.120209303149526
8243578,2019-2020,18.0,2019-12-22 16:30,Ended,Tottenham Hotspur,Chelsea,33.0,38.0,0.0,2.0,7.037418788960294,7.0373761582124805,15.279271055596885,15.51867987902791
8243594,2019-2020,19.0,2019-12-26 12:30,Ended,Tottenham Hotspur,Brighton & Hove Albion,33.0,30.0,2.0,1.0,6.962467130881757,6.886569673835577,15.283950109524678,14.292437659904607
8243581,2019-2020,19.0,2019-12-26 15:00,Ended,Chelsea,Southampton,38.0,45.0,0.0,2.0,7.071758059918631,6.771647120483647,15.601725304698055,14.556498985160129
8243585,2019-2020,19.0,2019-12-26 15:00,Ended,Crystal Palace,West Ham United,7.0,37.0,2.0,1.0,6.875497922291197,6.879105378853029,13.558475728667519,14.51877817450239
8243580,2019-2020,19.0,2019-12-26 15:00,Ended,Bournemouth,Arsenal,60.0,42.0,1.0,1.0,6.844054428184654,7.0085176560979585,14.74565517369939,15.827856776300486
8243587,2019-2020,19.0,2019-12-26 15:00,Ended,Sheffield United,Watford,15.0,24.0,1.0,1.0,6.914932421379789,6.819995809028611,13.450873904190932,14.09644758690578
8243586,2019-2020,19.0,2019-12-26 15:00,Ended,Aston Villa,Norwich City,40.0,263.0,1.0,0.0,6.829295067520448,6.807223692083317,14.922664068334376,13.93893400310883
8243582,2019-2020,19.0,2019-12-26 15:00,Ended,Everton,Burnley,48.0,6.0,1.0,0.0,6.952712745971916,6.890350885686602,14.890385977306394,14.329468653190588
8243598,2019-2020,19.0,2019-12-26 17:30,Ended,Manchester United,Newcastle United,35.0,39.0,4.0,1.0,6.939872740542366,6.8656256252367,16.392561396732546,15.005945129842887
8243583,2019-2020,19.0,2019-12-26 20:00,Ended,Leicester City,Liverpool,31.0,44.0,0.0,4.0,7.008044615305238,7.158972678798375,15.592273438435228,16.017544859736166
8243588,2019-2020,20.0,2019-12-28 12:30,Ended,Brighton & Hove Albion,Bournemouth,30.0,60.0,2.0,0.0,6.819100686266466,6.922489929135806,14.78208731678604,15.22650505699201
8243600,2019-2020,20.0,2019-12-28 15:00,Ended,Southampton,Crystal Palace,45.0,7.0,1.0,1.0,6.814047530119667,6.874767898128382,14.801824584709655,13.556931312081202
8243591,2019-2020,20.0,2019-12-28 15:00,Ended,Newcastle United,Everton,39.0,48.0,1.0,2.0,6.938001247520983,6.9103987163240195,14.243125034285649,15.52271649684666
8243596,2019-2020,20.0,2019-12-28 15:00,Ended,Watford,Aston Villa,24.0,40.0,3.0,0.0,6.82092817065049,6.858457603098018,14.393510664288613,15.203519284224774
8243605,2019-2020,20.0,2019-12-28 17:30,Ended,West Ham United,Leicester City,37.0,31.0,1.0,2.0,6.9068411246434485,6.8732006701119,14.990928780076956,14.925235612619087
8243602,2019-2020,20.0,2019-12-28 17:30,Ended,Norwich City,Tottenham Hotspur,263.0,33.0,2.0,2.0,6.710910333685454,7.036425248270195,14.216544743627923,15.636617283414942
8243597,2019-2020,20.0,2019-12-28 19:45,Ended,Burnley,Manchester United,6.0,35.0,0.0,2.0,6.869071525332723,6.889084953558409,14.532381950411608,15.43706620003882
8243589,2019-2020,20.0,2019-12-29 14:00,Ended,Arsenal,Chelsea,42.0,38.0,1.0,2.0,6.9828189763324096,7.022526268635497,15.716557723191181,15.682571634065603
8243592,2019-2020,20.0,2019-12-29 16:30,Ended,Liverpool,Wolverhampton,44.0,3.0,1.0,0.0,7.167958265226668,6.830335542523819,16.19720177910254,15.670840162334953
8243595,2019-2020,20.0,2019-12-29 18:00,Ended,Manchester City,Sheffield United,17.0,15.0,2.0,0.0,7.1675375985149365,6.915543403964457,16.403283831452452,13.203298355342998
8243590,2019-2020,21.0,2020-01-01 12:30,Ended,Brighton & Hove Albion,Chelsea,30.0,38.0,1.0,1.0,6.854591293166413,7.036336673317984,15.219003674329457,15.865788011833642
8243603,2019-2020,21.0,2020-01-01 12:30,Ended,Burnley,Aston Villa,6.0,40.0,1.0,2.0,6.901402146430879,6.82499823705706,14.28051383065872,14.953939639334767
8243601,2019-2020,21.0,2020-01-01 15:00,Ended,Southampton,Tottenham Hotspur,45.0,33.0,1.0,0.0,6.869034397526209,7.01570294469273,14.492882821141645,15.002788018559828
8243593,2019-2020,21.0,2020-01-01 15:00,Ended,Newcastle United,Leicester City,39.0,31.0,0.0,3.0,6.895772579485574,7.007501455884153,14.434369416434201,15.673074685683908
8243615,2019-2020,21.0,2020-01-01 17:30,Ended,West Ham United,Bournemouth,37.0,60.0,4.0,0.0,6.880237143775845,6.870403317174524,14.412117061624471,15.569479204933433
8243606,2019-2020,21.0,2020-01-01 17:30,Ended,Manchester City,Everton,17.0,48.0,2.0,1.0,7.180486537292463,6.9659448316297325,16.369538816123278,15.029015413418383
8243604,2019-2020,21.0,2020-01-01 20:00,Ended,Arsenal,Manchester United,42.0,35.0,2.0,0.0,7.035477153082008,6.944078398178866,15.394117358994082,15.8286600879476
8243607,2019-2020,21.0,2020-01-02 20:00,Ended,Liverpool,Sheffield United,44.0,15.0,2.0,0.0,7.183276314888391,6.918899046859573,15.962643400933258,13.133364800293911
8243620,2019-2020,22.0,2020-01-10 20:00,Ended,Sheffield United,West Ham United,15.0,37.0,1.0,0.0,6.904189502682326,6.920797395933153,13.450873904190932,14.206631564718297
8243618,2019-2020,22.0,2020-01-11 12:30,Ended,Crystal Palace,Arsenal,7.0,42.0,1.0,1.0,6.853790939784698,7.0450032421409245,13.336538949518998,15.394117358994082
8243608,2019-2020,22.0,2020-01-11 15:00,Ended,Everton,Brighton & Hove Albion,48.0,30.0,1.0,0.0,6.929972171974115,6.846947726420253,15.143790538367645,14.697709920552578
8243622,2019-2020,22.0,2020-01-11 15:00,Ended,Manchester United,Norwich City,35.0,263.0,4.0,0.0,6.925657658329271,6.8339507568051685,15.457908679053798,14.556372700461164
8243617,2019-2020,22.0,2020-01-11 15:00,Ended,Chelsea,Burnley,38.0,6.0,3.0,0.0,7.075328858955628,6.845948661528186,15.877831080112403,14.567232790284391
8243625,2019-2020,22.0,2020-01-11 15:00,Ended,Wolverhampton,Newcastle United,3.0,39.0,1.0,1.0,6.968964752375797,6.835393484980199,15.148776139665022,14.770547673552528
8243614,2019-2020,22.0,2020-01-11 15:00,Ended,Leicester City,Southampton,31.0,45.0,1.0,2.0,6.937562385008258,6.863406455330354,15.358713547928579,14.54788845518425
8243613,2019-2020,22.0,2020-01-11 17:30,Ended,Tottenham Hotspur,Liverpool,33.0,44.0,0.0,1.0,7.005556086686824,7.1908650311505315,15.1540282043622,16.017544859736166
8243609,2019-2020,22.0,2020-01-12 14:00,Ended,Bournemouth,Watford,60.0,24.0,0.0,3.0,6.900063546252529,6.8368144643396045,15.30094711342043,14.185082966811962
8243616,2019-2020,22.0,2020-01-12 16:30,Ended,Aston Villa,Manchester City,40.0,17.0,1.0,6.0,6.900698889872796,7.2321459409320275,15.40299494144261,16.254277606046983
8243635,2019-2020,23.0,2020-01-18 12:30,Ended,Watford,Tottenham Hotspur,24.0,33.0,0.0,0.0,6.849587060175448,7.00894871743735,14.185082966811962,15.15866041761664
8243634,2019-2020,23.0,2020-01-18 15:00,Ended,West Ham United,Everton,37.0,48.0,1.0,1.0,6.887052521495224,6.888654741784416,14.84981464346551,15.29765521386702
8243621,2019-2020,23.0,2020-01-18 15:00,Ended,Manchester City,Crystal Palace,17.0,7.0,2.0,2.0,7.224444893574631,6.870049730661756,15.852093075482763,13.208850681515843
8243610,2019-2020,23.0,2020-01-18 15:00,Ended,Arsenal,Sheffield United,42.0,15.0,1.0,1.0,7.001551507740749,6.910745366777684,16.030708000845344,13.581121027081082
8243631,2019-2020,23.0,2020-01-18 15:00,Ended,Southampton,Wolverhampton,45.0,3.0,2.0,3.0,6.868203186438766,6.9540935607825425,14.54788845518425,15.148776139665022
8243629,2019-2020,23.0,2020-01-18 15:00,Ended,Brighton & Hove Albion,Aston Villa,30.0,40.0,1.0,1.0,6.877064642573518,6.872129592424559,15.29716813515704,14.973848428850069
8243611,2019-2020,23.0,2020-01-18 17:30,Ended,Newcastle United,Chelsea,39.0,38.0,1.0,0.0,6.842152049966049,7.091091850063716,14.569471732632618,15.875788093216762
8243624,2019-2020,23.0,2020-01-19 14:00,Ended,Burnley,Leicester City,6.0,31.0,2.0,1.0,6.848091625667262,6.949347113682806,14.586776197669243,15.104516124877835
8243623,2019-2020,23.0,2020-01-19 16:30,Ended,Liverpool,Manchester United,44.0,35.0,2.0,0.0,7.192625977639292,6.918992720818706,16.01754485973617,15.661486792706349
8243626,2019-2020,24.0,2020-01-21 19:30,Ended,Bournemouth,Brighton & Hove Albion,60.0,30.0,3.0,1.0,6.906587098431154,6.871932968221069,15.603236051410992,14.920701558294487
8243627,2019-2020,24.0,2020-01-21 19:30,Ended,Everton,Newcastle United,48.0,39.0,2.0,2.0,6.94440610920991,6.838565780597031,15.493903066475568,14.651395100469795
8243633,2019-2020,24.0,2020-01-21 19:30,Ended,Sheffield United,Manchester City,15.0,17.0,0.0,1.0,6.895391022021457,7.20520831690668,13.182068050905757,16.02371102985071
8243641,2019-2020,24.0,2020-01-21 19:30,Ended,Aston Villa,Watford,40.0,24.0,2.0,1.0,6.863908664781962,6.843839535544256,14.973848428850069,13.649168708084066
8243643,2019-2020,24.0,2020-01-21 19:30,Ended,Crystal Palace,Southampton,7.0,45.0,0.0,2.0,6.869595350053933,6.831781968136877,13.208850681515843,14.2016799456958
8243640,2019-2020,24.0,2020-01-22 19:30,Ended,Leicester City,West Ham United,31.0,37.0,4.0,1.0,6.959843562588662,6.897301370032528,15.505874960518009,14.670848505109031
8243628,2019-2020,24.0,2020-01-22 19:30,Ended,Tottenham Hotspur,Norwich City,33.0,263.0,2.0,1.0,6.94598799260934,6.8437786604575015,15.32865634148165,13.66007885459193
8243636,2019-2020,24.0,2020-01-22 20:15,Ended,Manchester United,Burnley,35.0,6.0,0.0,2.0,6.942725439538183,6.854464556107529,15.352066801511878,14.374942268902084
8243630,2019-2020,24.0,2020-01-23 20:00,Ended,Wolverhampton,Liverpool,3.0,44.0,1.0,2.0,6.962010958890116,7.196019314707289,15.148776139665022,16.01754485973617
8532930,2019-2020,18.0,2020-01-29 19:45,Ended,West Ham United,Liverpool,37.0,44.0,0.0,2.0,6.924134429097044,7.153448753143587,14.396408185403029,15.78741516287954
8243648,2019-2020,25.0,2020-02-01 12:30,Ended,Leicester City,Chelsea,31.0,38.0,2.0,2.0,6.975610849026062,7.079396400753189,15.648278429428283,15.955064764229018
8243642,2019-2020,25.0,2020-02-01 15:00,Ended,Newcastle United,Norwich City,39.0,263.0,0.0,0.0,6.862161345905482,6.765081957855571,14.66604328301578,13.66007885459193
8243637,2019-2020,25.0,2020-02-01 15:00,Ended,Bournemouth,Aston Villa,60.0,40.0,2.0,1.0,6.9172736763632825,6.883895506071881,15.397695977379916,15.033716318230153
8243644,2019-2020,25.0,2020-02-01 15:00,Ended,Crystal Palace,Sheffield United,7.0,15.0,0.0,1.0,6.9263512008277965,6.858261904761904,13.328685536116835,13.725718301843521
8243647,2019-2020,25.0,2020-02-01 15:00,Ended,Watford,Everton,24.0,48.0,2.0,3.0,6.841478403805678,7.00128019947746,13.630508682024486,15.525029788822483
8243650,2019-2020,25.0,2020-02-01 15:00,Ended,West Ham United,Brighton & Hove Albion,37.0,30.0,3.0,3.0,6.901127760830039,6.906044135974588,14.552291147798979,15.05562766767879
8243655,2019-2020,25.0,2020-02-01 15:00,Ended,Liverpool,Southampton,44.0,45.0,4.0,0.0,7.172751228014448,6.879698323643927,16.07113292801663,14.632570683189462
8243645,2019-2020,25.0,2020-02-01 17:30,Ended,Manchester United,Wolverhampton,35.0,3.0,0.0,0.0,6.918872220833411,6.966495131721669,15.855912349226678,14.952765496295447
8243646,2019-2020,25.0,2020-02-02 14:00,Ended,Burnley,Arsenal,6.0,42.0,0.0,0.0,6.85902854694751,7.003596727584056,14.374942268902084,15.866544682750426
8243639,2019-2020,25.0,2020-02-02 16:30,Ended,Tottenham Hotspur,Manchester City,33.0,17.0,2.0,0.0,7.003754977364377,7.233225301549353,15.359512380765745,15.81447667577954
8243663,2019-2020,26.0,2020-02-08 12:30,Ended,Everton,Crystal Palace,48.0,7.0,3.0,1.0,6.937537307472585,6.924761959630632,15.01535789390443,13.328685536116835
8243659,2019-2020,26.0,2020-02-08 17:30,Ended,Brighton & Hove Albion,Watford,30.0,24.0,1.0,1.0,6.8842244697738835,6.834824627288987,14.382303603271097,13.919984641505327
8243654,2019-2020,26.0,2020-02-09 14:00,Ended,Sheffield United,Bournemouth,15.0,60.0,2.0,1.0,6.888374784635655,6.925840994540005,13.725718301843521,15.345284154780607
8243729,2019-2020,26.0,2020-02-14 20:00,Ended,Wolverhampton,Leicester City,3.0,31.0,0.0,0.0,6.920003825986868,6.9763459409227355,15.349956748068195,15.648278429428283
8243652,2019-2020,26.0,2020-02-15 12:30,Ended,Southampton,Burnley,45.0,6.0,1.0,2.0,6.869027669199337,6.860110660171907,14.700060666677464,14.586776197669243
8243651,2019-2020,26.0,2020-02-15 17:30,Ended,Norwich City,Liverpool,263.0,44.0,0.0,1.0,6.8224728483424135,7.172227802788817,13.66007885459193,15.882853537833967
8243649,2019-2020,26.0,2020-02-16 14:00,Ended,Aston Villa,Tottenham Hotspur,40.0,33.0,2.0,3.0,6.911458413718264,7.010743036052471,14.731306746655592,15.344779909290057
8243653,2019-2020,26.0,2020-02-16 16:30,Ended,Arsenal,Newcastle United,42.0,39.0,4.0,0.0,7.023309844349697,6.882856779213816,15.65737228618847,15.591039492309678
8243660,2019-2020,26.0,2020-02-17 20:00,Ended,Chelsea,Manchester United,38.0,35.0,0.0,2.0,7.098821948806279,6.94201056949095,15.327150102273043,15.623702833958486
8578694,2019-2020,26.0,2020-02-19 19:30,Ended,Manchester City,West Ham United,17.0,37.0,2.0,0.0,7.235089829194368,6.889071082574744,15.904585229008271,14.581493004196666
8243730,2019-2020,27.0,2020-02-22 12:30,Ended,Chelsea,Tottenham Hotspur,38.0,33.0,2.0,1.0,7.046955462741315,7.053706476349041,15.663755318195163,15.423698987617946
8243734,2019-2020,27.0,2020-02-22 15:00,Ended,Sheffield United,Brighton & Hove Albion,15.0,30.0,1.0,1.0,6.919134291634292,6.836887482456237,13.725718301843521,14.467860392159235
8243722,2019-2020,27.0,2020-02-22 15:00,Ended,Burnley,Bournemouth,6.0,60.0,3.0,0.0,6.864218918316302,6.884820582945458,14.32757632304807,14.901665401526339
8243733,2019-2020,27.0,2020-02-22 15:00,Ended,Crystal Palace,Newcastle United,7.0,39.0,1.0,0.0,6.89752052946264,6.8460047462753915,13.135842218874906,15.589076045999342
8243731,2019-2020,27.0,2020-02-22 15:00,Ended,Southampton,Aston Villa,45.0,40.0,2.0,0.0,6.857968562298523,6.906309986702602,14.755635234150667,15.033716318230153
8243696,2019-2020,27.0,2020-02-22 17:30,Ended,Leicester City,Manchester City,31.0,17.0,0.0,1.0,7.008281179845315,7.2115648601826,15.296904736528695,15.907715326449015
8243703,2019-2020,27.0,2020-02-23 14:00,Ended,Wolverhampton,Norwich City,3.0,263.0,3.0,0.0,6.930916165419027,6.7975487035494035,14.8794767453745,13.990218110671561
8243721,2019-2020,27.0,2020-02-23 14:00,Ended,Manchester United,Watford,35.0,24.0,3.0,0.0,6.975633296067315,6.8518452366056914,16.100449480099833,13.904400042648005
8243732,2019-2020,27.0,2020-02-23 16:30,Ended,Arsenal,Everton,42.0,48.0,3.0,2.0,7.024321903907355,6.9768328149003045,15.317777075591756,15.488534692653493
8243724,2019-2020,27.0,2020-02-24 20:00,Ended,Liverpool,West Ham United,44.0,37.0,3.0,2.0,7.160745120195589,6.847125938012866,16.171006772441004,14.561693472937748
8243697,2019-2020,28.0,2020-02-28 20:00,Ended,Norwich City,Leicester City,263.0,31.0,1.0,0.0,6.8514519706075765,6.932873363818468,14.528393800608573,15.49785712399061
8243704,2019-2020,28.0,2020-02-29 12:30,Ended,Brighton & Hove Albion,Crystal Palace,30.0,7.0,0.0,1.0,6.843322746658955,6.902404708532146,15.23854708171431,13.135842218874906
8243680,2019-2020,28.0,2020-02-29 15:00,Ended,West Ham United,Southampton,37.0,45.0,3.0,1.0,6.832954581417536,6.823902878179911,14.784072409557561,14.657836820013776
8243700,2019-2020,28.0,2020-02-29 15:00,Ended,Newcastle United,Burnley,39.0,6.0,0.0,0.0,6.896346713551083,6.860837103777512,14.287705678829349,14.32757632304807
8243695,2019-2020,28.0,2020-02-29 15:00,Ended,Bournemouth,Chelsea,60.0,38.0,2.0,2.0,6.9140888939094,7.055429600135502,15.056983947801486,15.553355004464866
8243705,2019-2020,28.0,2020-02-29 17:30,Ended,Watford,Liverpool,24.0,44.0,3.0,0.0,6.853817079017262,7.189150972138401,14.354056184056507,15.856315271581213
8243707,2019-2020,28.0,2020-03-01 14:00,Ended,Everton,Manchester United,48.0,35.0,1.0,1.0,6.8646023286160665,7.094412202271712,15.126463482177595,16.19527151987377
8243712,2019-2020,28.0,2020-03-01 14:00,Ended,Tottenham Hotspur,Wolverhampton,33.0,3.0,2.0,3.0,6.980376634991301,6.971751290508164,15.32967957036447,14.952765496295447
8243674,2019-2020,29.0,2020-03-07 12:30,Ended,Liverpool,Bournemouth,44.0,60.0,2.0,1.0,7.176091741412107,6.933756833524171,15.575016191326334,15.147484063123088
8243687,2019-2020,29.0,2020-03-07 15:00,Ended,Arsenal,West Ham United,42.0,37.0,1.0,0.0,6.999110644428905,6.876582628838463,15.661565655964344,14.784072409557561
8243664,2019-2020,29.0,2020-03-07 15:00,Ended,Wolverhampton,Brighton & Hove Albion,3.0,30.0,0.0,0.0,6.936049191828736,6.850278458914823,14.8794767453745,15.23854708171431
8243683,2019-2020,29.0,2020-03-07 15:00,Ended,Southampton,Newcastle United,45.0,39.0,0.0,1.0,6.8137424048878925,6.895658630420852,14.740230068229412,14.13120679863908
8243686,2019-2020,29.0,2020-03-07 15:00,Ended,Crystal Palace,Watford,7.0,24.0,1.0,0.0,6.9064952221713805,6.85251256373536,13.135842218874906,14.41264545135849
8243685,2019-2020,29.0,2020-03-07 15:00,Ended,Sheffield United,Norwich City,15.0,263.0,1.0,0.0,6.9139770405866665,6.877166937283217,13.446145058144399,14.528393800608573
8243672,2019-2020,29.0,2020-03-07 17:30,Ended,Burnley,Tottenham Hotspur,6.0,33.0,1.0,1.0,6.866645425698553,7.003720026514008,14.586776197669243,15.273047120850675
8243682,2019-2020,29.0,2020-03-08 14:00,Ended,Chelsea,Everton,38.0,48.0,4.0,0.0,7.076938437240273,6.910783606507491,15.047313076596236,15.157729134778632
8243670,2019-2020,29.0,2020-03-08 16:30,Ended,Manchester United,Manchester City,35.0,17.0,2.0,0.0,7.013986646898561,7.199063410299257,15.74664763481705,16.30461483654547
8243661,2019-2020,29.0,2020-03-09 20:00,Ended,Leicester City,Aston Villa,31.0,40.0,4.0,0.0,6.942337425589107,6.9107747258527725,15.552424976841628,14.643470301747753
8674007,2019-2020,28.0,2020-06-17 17:00,Ended,Aston Villa,Sheffield United,40.0,15.0,0.0,0.0,6.815224886108303,6.878612695816594,15.45157824530311,14.008006155381949
8684143,2019-2020,30.0,2020-06-19 17:00,Ended,Norwich City,Southampton,263.0,45.0,0.0,3.0,6.853945091876316,6.805990963687461,14.159921579620418,14.524810060815586
8684147,2019-2020,30.0,2020-06-19 19:15,Ended,Tottenham Hotspur,Manchester United,33.0,35.0,1.0,1.0,7.000195570243986,7.0026076317114425,15.500934921168426,16.36888650090319
8684146,2019-2020,30.0,2020-06-20 11:30,Ended,Watford,Leicester City,24.0,31.0,1.0,1.0,6.848399166579822,6.978448067165157,14.344052384612743,15.857759127162662
8684149,2019-2020,30.0,2020-06-20 14:00,Ended,Brighton & Hove Albion,Arsenal,30.0,42.0,2.0,1.0,6.852217844700409,6.973797556813733,14.944448457538606,15.895422509659962
8684148,2019-2020,30.0,2020-06-20 16:30,Ended,West Ham United,Wolverhampton,37.0,3.0,0.0,2.0,6.867377954334066,6.946827651538987,15.238967420693232,14.8794767453745
8684151,2019-2020,30.0,2020-06-20 18:45,Ended,Bournemouth,Crystal Palace,60.0,7.0,0.0,2.0,6.881866629678297,6.920182737366889,15.316912083422391,13.480533501170605
8684155,2019-2020,30.0,2020-06-21 15:15,Ended,Aston Villa,Chelsea,40.0,38.0,1.0,2.0,6.85139958153062,7.070913513914297,15.45157824530311,15.308435099930447
8684156,2019-2020,30.0,2020-06-21 18:00,Ended,Everton,Liverpool,48.0,44.0,0.0,0.0,6.881687091288706,7.167063581736733,15.834323147848687,15.768277668536587
8684152,2019-2020,30.0,2020-06-22 19:00,Ended,Manchester City,Burnley,17.0,6.0,5.0,0.0,7.215189880649427,6.894192465530566,16.517195701322585,14.311759904793707
8684166,2019-2020,31.0,2020-06-23 17:00,Ended,Leicester City,Brighton & Hove Albion,31.0,30.0,0.0,0.0,6.955132799558928,6.8774024008112296,15.218952473043762,15.717840723559204
8684165,2019-2020,31.0,2020-06-23 19:15,Ended,Tottenham Hotspur,West Ham United,33.0,37.0,2.0,0.0,6.991318167586375,6.856404857787724,15.325376536026887,15.271931164814804
8684158,2019-2020,31.0,2020-06-24 17:00,Ended,Manchester United,Sheffield United,35.0,15.0,3.0,0.0,7.118052029659597,6.799758158508158,16.15048559607111,12.42105160391871
8684160,2019-2020,31.0,2020-06-24 17:00,Ended,Wolverhampton,Bournemouth,3.0,60.0,1.0,0.0,6.992653247736112,6.906084270489612,14.952765496295447,15.323088201785685
8684157,2019-2020,31.0,2020-06-24 17:00,Ended,Newcastle United,Aston Villa,39.0,40.0,1.0,1.0,6.89259796628773,6.822917630788184,14.524961756404696,15.29122360358959
8684159,2019-2020,31.0,2020-06-24 17:00,Ended,Norwich City,Everton,263.0,48.0,0.0,1.0,6.737707969392461,6.864125640629613,13.776322603051616,15.435957090151062
8684161,2019-2020,31.0,2020-06-24 19:15,Ended,Liverpool,Crystal Palace,44.0,7.0,4.0,0.0,7.171311666785902,6.8757900212472345,16.205824249918834,13.006765233332592
8684162,2019-2020,31.0,2020-06-25 17:00,Ended,Burnley,Watford,6.0,24.0,1.0,0.0,6.806659039526095,6.865573130785413,14.311759904793707,14.401634970114518
8684167,2019-2020,32.0,2020-06-27 11:30,Ended,Aston Villa,Wolverhampton,40.0,3.0,0.0,1.0,6.8246695959699055,6.952912926716468,15.19599335016336,14.8794767453745
8684169,2019-2020,32.0,2020-06-28 15:30,Ended,Watford,Southampton,24.0,45.0,1.0,3.0,6.8412893865340605,6.892459746730699,14.428972974160622,14.77506965211733
8684168,2019-2020,32.0,2020-06-29 19:00,Ended,Crystal Palace,Burnley,7.0,6.0,0.0,1.0,6.910238345087999,6.838520409920576,13.347053422420435,14.416599216786324
8684177,2019-2020,32.0,2020-06-30 19:15,Ended,Brighton & Hove Albion,Manchester United,30.0,35.0,0.0,3.0,6.8824692652986865,7.111641485789348,15.137123501314825,16.15048559607111
8684170,2019-2020,32.0,2020-07-01 17:00,Ended,Everton,Leicester City,48.0,31.0,2.0,1.0,6.901425163195816,6.939897353891562,15.638591024301137,15.566052628800763
8684171,2019-2020,32.0,2020-07-01 17:00,Ended,Arsenal,Norwich City,42.0,263.0,4.0,0.0,6.94329702908421,6.74462170271905,15.409411707356032,14.091798860410817
8684172,2019-2020,32.0,2020-07-01 17:00,Ended,Bournemouth,Newcastle United,60.0,39.0,1.0,4.0,6.813686910078604,6.846572602639361,15.476309371443493,15.178194828703566
8684176,2019-2020,32.0,2020-07-01 19:15,Ended,West Ham United,Chelsea,37.0,38.0,3.0,2.0,6.873442705595587,7.049400851617019,14.906208864261341,15.535138242104226
8684175,2019-2020,32.0,2020-07-02 17:00,Ended,Sheffield United,Tottenham Hotspur,15.0,33.0,3.0,1.0,6.902776340276952,6.996339585606922,13.912579157388013,15.5144166761796
8684174,2019-2020,32.0,2020-07-02 19:15,Ended,Manchester City,Liverpool,17.0,44.0,4.0,0.0,7.1807175667206335,7.178460283940677,16.17085900143966,16.205824249918834
8692237,2019-2020,33.0,2020-07-04 11:30,Ended,Norwich City,Brighton & Hove Albion,263.0,30.0,0.0,1.0,6.799640549451243,6.848200955457927,14.381770254230753,15.552498828511444
8692233,2019-2020,33.0,2020-07-04 14:00,Ended,Manchester United,Bournemouth,35.0,60.0,5.0,2.0,7.138894672432652,6.808895655448839,16.15048559607111,15.704016878584387
8692232,2019-2020,33.0,2020-07-04 14:00,Ended,Leicester City,Crystal Palace,31.0,7.0,3.0,0.0,6.948660064533571,6.906226139159819,15.446051421832143,13.746370304486902
8692236,2019-2020,33.0,2020-07-04 16:30,Ended,Wolverhampton,Arsenal,3.0,42.0,0.0,2.0,6.982178010346578,6.954151301285979,14.7172426136475,15.615144147241386
8692229,2019-2020,33.0,2020-07-04 19:00,Ended,Chelsea,Watford,38.0,24.0,3.0,0.0,7.077607783944271,6.822837055145382,15.594178911664848,14.36898815807303
8692234,2019-2020,33.0,2020-07-05 11:00,Ended,Burnley,Sheffield United,6.0,15.0,1.0,1.0,6.868576480336278,6.9068686868686875,14.237830958255804,13.912579157388013
8692235,2019-2020,33.0,2020-07-05 13:15,Ended,Newcastle United,West Ham United,39.0,37.0,2.0,2.0,6.844946743782284,6.892445618308522,14.825089902130609,14.906208864261341
8692230,2019-2020,33.0,2020-07-05 15:30,Ended,Liverpool,Aston Villa,44.0,40.0,2.0,0.0,7.146412309588789,6.821101171961538,15.92909438731973,15.668964278655974
8692231,2019-2020,33.0,2020-07-05 18:00,Ended,Southampton,Manchester City,45.0,17.0,1.0,0.0,6.852526483062059,7.152408540033776,14.655268103173148,16.392074313130877
8692238,2019-2020,33.0,2020-07-06 19:00,Ended,Tottenham Hotspur,Everton,33.0,48.0,1.0,0.0,6.998164402888263,6.904820299314789,15.321640661039897,15.366251726705316
8692246,2019-2020,34.0,2020-07-07 17:00,Ended,Watford,Norwich City,24.0,263.0,2.0,1.0,6.85615003768209,6.744518146800544,14.531827581825866,14.608685898257079
8692245,2019-2020,34.0,2020-07-07 17:00,Ended,Crystal Palace,Chelsea,7.0,38.0,2.0,3.0,6.913412281572653,7.052900038532721,13.480533501170605,15.72620185065682
8692239,2019-2020,34.0,2020-07-08 17:00,Ended,Sheffield United,Wolverhampton,15.0,3.0,1.0,0.0,6.924499498546419,6.987628884634114,13.991294207655969,14.952765496295447
8692240,2019-2020,34.0,2020-07-08 17:00,Ended,Manchester City,Newcastle United,17.0,39.0,5.0,0.0,7.264461583793575,6.861506390390691,16.508701775794908,14.505099958206253
8692241,2019-2020,34.0,2020-07-08 17:00,Ended,West Ham United,Burnley,37.0,6.0,0.0,1.0,6.8679153853592405,6.865222727878352,14.915739882241775,14.237830958255804
8692244,2019-2020,34.0,2020-07-08 19:15,Ended,Brighton & Hove Albion,Liverpool,30.0,44.0,1.0,3.0,6.869209084729953,7.150864668384125,15.796455825560543,15.936130723743384
8692247,2019-2020,34.0,2020-07-09 17:00,Ended,Bournemouth,Tottenham Hotspur,60.0,33.0,0.0,0.0,6.822469712593811,7.026167270240479,15.404153672875244,15.297233459783634
8692248,2019-2020,34.0,2020-07-09 17:00,Ended,Everton,Southampton,48.0,45.0,1.0,1.0,6.889986545554475,6.875155658228606,15.822183930337367,14.655268103173148
8692242,2019-2020,34.0,2020-07-09 19:15,Ended,Aston Villa,Manchester United,40.0,35.0,0.0,3.0,6.810645469591443,7.161397912348755,15.497984267398456,16.15048559607111
8692256,2019-2020,35.0,2020-07-11 11:30,Ended,Watford,Newcastle United,24.0,39.0,2.0,1.0,6.855411935613932,6.931745305933635,14.531827581825866,14.444972924316044
8692260,2019-2020,35.0,2020-07-11 11:30,Ended,Norwich City,West Ham United,263.0,37.0,0.0,4.0,6.74872754612148,6.875382290188757,14.608685898257079,15.027397564961015
8692257,2019-2020,35.0,2020-07-11 14:00,Ended,Liverpool,Burnley,44.0,6.0,1.0,1.0,7.068965308620153,6.885753017390507,16.361093058671123,14.47111084541486
8692251,2019-2020,35.0,2020-07-11 16:30,Ended,Sheffield United,Chelsea,15.0,38.0,3.0,0.0,6.9101102086452615,7.0506369612009765,13.996023053702501,15.844564328353174
8692255,2019-2020,35.0,2020-07-11 19:00,Ended,Brighton & Hove Albion,Manchester City,30.0,17.0,0.0,5.0,6.888240859818032,7.158506416215645,15.168950235466347,16.144270070101907
8692252,2019-2020,35.0,2020-07-12 11:00,Ended,Wolverhampton,Everton,3.0,48.0,3.0,0.0,6.950091210903449,6.933752659111655,15.14846644601397,15.752842209773027
8692253,2019-2020,35.0,2020-07-12 13:15,Ended,Aston Villa,Crystal Palace,40.0,7.0,2.0,0.0,6.812147950633795,6.9037594504933955,16.04133460754913,13.480533501170605
8692254,2019-2020,35.0,2020-07-12 15:30,Ended,Tottenham Hotspur,Arsenal,33.0,42.0,2.0,1.0,6.989796201285333,7.023691638580897,15.429362770908577,15.32468192131731
8692259,2019-2020,35.0,2020-07-13 19:00,Ended,Manchester United,Southampton,35.0,45.0,2.0,2.0,7.164518433936227,6.878208197417629,16.15048559607111,14.655268103173148
8692270,2019-2020,36.0,2020-07-14 19:15,Ended,Chelsea,Norwich City,38.0,263.0,1.0,0.0,7.055773381542175,6.676777722134412,15.326001789952715,13.788236375527157
8692269,2019-2020,36.0,2020-07-15 17:00,Ended,Burnley,Wolverhampton,6.0,3.0,1.0,1.0,6.893648810669377,7.039946184747464,14.47111084541486,15.07708484804337
8692263,2019-2020,36.0,2020-07-15 17:00,Ended,Manchester City,Bournemouth,17.0,60.0,2.0,1.0,7.182462858074263,6.848560726347299,15.806225617696517,15.31106478100343
8692265,2019-2020,36.0,2020-07-15 17:00,Ended,Newcastle United,Tottenham Hotspur,39.0,33.0,1.0,3.0,6.88611865085943,6.9896748161631175,14.475414380161403,15.429362770908577
8692267,2019-2020,36.0,2020-07-15 19:15,Ended,Arsenal,Liverpool,42.0,44.0,2.0,1.0,6.972047304017942,7.168261037808332,15.631891916824225,16.171006772441004
8692266,2019-2020,36.0,2020-07-16 17:00,Ended,Everton,Aston Villa,48.0,40.0,1.0,1.0,6.863595584003039,6.85997144648683,15.435957090151062,15.908500452576734
8692268,2019-2020,36.0,2020-07-16 17:00,Ended,Leicester City,Sheffield United,31.0,15.0,2.0,0.0,6.938485463611133,6.932393272077067,15.62726591710939,13.996023053702503
8692264,2019-2020,36.0,2020-07-16 19:15,Ended,Crystal Palace,Manchester United,7.0,35.0,0.0,2.0,6.904293183851262,7.111438557827373,13.195205457366665,16.145456544290496
8692262,2019-2020,36.0,2020-07-16 19:15,Ended,Southampton,Brighton & Hove Albion,45.0,30.0,1.0,1.0,6.88172755710132,6.836846349930462,14.504704368650989,15.473530460076596
8692271,2019-2020,36.0,2020-07-17 19:00,Ended,West Ham United,Watford,37.0,24.0,3.0,1.0,6.829669886016251,6.844567255660196,15.110330897147303,14.531827581825866
8692272,2019-2020,37.0,2020-07-18 16:30,Ended,Norwich City,Burnley,263.0,6.0,0.0,2.0,6.755209665772326,6.909068116649724,14.393684026706293,14.330558273110082
8692275,2019-2020,37.0,2020-07-19 13:00,Ended,Bournemouth,Southampton,60.0,45.0,0.0,2.0,6.865556113024588,6.900679464531185,15.204310952062523,14.31142341015471
8692273,2019-2020,37.0,2020-07-19 15:00,Ended,Tottenham Hotspur,Leicester City,33.0,31.0,3.0,0.0,6.989238739029336,6.964158046616976,15.429362770908577,15.62726591710939
8692280,2019-2020,37.0,2020-07-20 17:00,Ended,Sheffield United,Everton,15.0,48.0,0.0,1.0,6.917272932633463,6.914298446690057,13.996023053702503,15.583989276091287
8692276,2019-2020,37.0,2020-07-20 17:00,Ended,Brighton & Hove Albion,Newcastle United,30.0,39.0,0.0,0.0,6.881041266123737,6.8698777570771625,15.58446350322831,14.412835769710242
8692278,2019-2020,37.0,2020-07-20 19:15,Ended,Wolverhampton,Crystal Palace,3.0,7.0,2.0,0.0,6.990635660646444,6.875654120586668,14.848461252544118,13.825272990627598
8692277,2019-2020,37.0,2020-07-21 17:00,Ended,Watford,Manchester City,24.0,17.0,0.0,4.0,6.794072672576931,7.211517439879833,14.377324579885364,16.597159916043815
8692281,2019-2020,37.0,2020-07-21 19:15,Ended,Aston Villa,Arsenal,40.0,42.0,1.0,0.0,6.8562625185340345,6.982214142394532,15.908500452576734,15.525445491886428
8692279,2019-2020,37.0,2020-07-22 17:00,Ended,Manchester United,West Ham United,35.0,37.0,1.0,1.0,7.095330537310591,6.8692154932620415,15.577132562022804,15.110330897147303
8692274,2019-2020,37.0,2020-07-22 19:15,Ended,Liverpool,Chelsea,44.0,38.0,5.0,3.0,7.151697733701521,7.071520552804724,16.171006772441004,15.401213553863208
8692290,2019-2020,38.0,2020-07-26 15:00,Ended,Chelsea,Wolverhampton,38.0,3.0,2.0,0.0,7.022324594164034,6.953881127769989,15.848921079276076,15.349956748068195
8692285,2019-2020,38.0,2020-07-26 15:00,Ended,Everton,Bournemouth,48.0,60.0,1.0,3.0,6.9196698296634445,6.81017836776108,15.56642826387069,15.215376421652497
8692288,2019-2020,38.0,2020-07-26 15:00,Ended,Leicester City,Manchester United,31.0,35.0,0.0,2.0,6.965125695176135,7.111498512379774,15.33173209896574,15.946784715227842
8692282,2019-2020,38.0,2020-07-26 15:00,Ended,Crystal Palace,Tottenham Hotspur,7.0,33.0,1.0,1.0,6.792766169182323,7.003658278453911,13.617040480102462,15.321640661039897
8692284,2019-2020,38.0,2020-07-26 15:00,Ended,Manchester City,Norwich City,17.0,263.0,5.0,0.0,7.236803736167514,6.667663026893123,16.54951519804962,13.86112966119536
8692291,2019-2020,38.0,2020-07-26 15:00,Ended,Southampton,Sheffield United,45.0,15.0,3.0,1.0,6.885694261335951,6.916125991398719,14.472245528167562,13.870795182769157
8692283,2019-2020,38.0,2020-07-26 15:00,Ended,Burnley,Brighton & Hove Albion,6.0,30.0,1.0,2.0,6.915154689010242,6.825134936148464,14.330558273110082,15.640747918148822
8692287,2019-2020,38.0,2020-07-26 15:00,Ended,Arsenal,Watford,42.0,24.0,3.0,2.0,6.9641483354650315,6.816014472798156,15.49802774886573,14.434706654476827
8692289,2019-2020,38.0,2020-07-26 15:00,Ended,West Ham United,Aston Villa,37.0,40.0,1.0,1.0,6.886338735570788,6.8737259484665225,15.335751954287664,15.661109198439293
8692286,2019-2020,38.0,2020-07-26 15:00,Ended,Newcastle United,Liverpool,39.0,44.0,1.0,3.0,6.871573782461287,6.988519847649176,14.536406832208328,15.403038705510669
8896967,2020-2021,1.0,2020-09-12 11:30,finished,Fulham,Arsenal,43.0,42.0,0.0,3.0,6.822414633166624,6.99575107038088,13.20710564995265,15.405910124818536
8896988,2020-2021,1.0,2020-09-12 14:00,finished,Crystal Palace,Southampton,7.0,45.0,1.0,0.0,6.802873066727589,6.868609738467893,13.617040480102462,14.870111544489825
8896944,2020-2021,1.0,2020-09-12 16:30,finished,Liverpool,Leeds United,44.0,34.0,4.0,3.0,7.1639426529785,6.862646489413043,16.01754485973617,14.859808417578433
8896949,2020-2021,1.0,2020-09-12 19:00,finished,West Ham United,Newcastle United,37.0,39.0,0.0,2.0,6.89077000381533,6.8566506162403815,15.027397564961015,14.018129610786497
8896963,2020-2021,1.0,2020-09-13 13:00,finished,West Bromwich Albion,Leicester City,8.0,31.0,0.0,3.0,6.8579495105263995,6.919034756254214,14.680979642242903,15.42622761093243
8896992,2020-2021,1.0,2020-09-13 15:30,finished,Tottenham Hotspur,Everton,33.0,48.0,0.0,1.0,7.018789179306721,6.914592287352655,15.517752901838543,15.296688567227214
8896986,2020-2021,1.0,2020-09-14 17:00,finished,Sheffield United,Wolverhampton,15.0,3.0,0.0,2.0,6.918569830675094,7.032555590944894,13.353522945252283,14.699542374115865
8896998,2020-2021,1.0,2020-09-14 19:15,finished,Brighton & Hove Albion,Chelsea,30.0,38.0,1.0,3.0,6.8707054653629145,7.002459951167546,15.664662307414886,15.995892472093493
8896970,2020-2021,2.0,2020-09-19 11:30,finished,Everton,West Bromwich Albion,48.0,8.0,5.0,2.0,7.0049516529701625,6.480450052091204,15.296688567227214,14.680979642242905
8896915,2020-2021,2.0,2020-09-19 14:00,finished,Leeds United,Fulham,34.0,43.0,4.0,3.0,6.772244635717062,6.744524580337022,14.438143050693686,14.252602380977903
8896928,2020-2021,2.0,2020-09-19 16:30,finished,Manchester United,Crystal Palace,35.0,7.0,1.0,3.0,7.024142983911999,6.830257457866403,15.963546920127952,13.617040480102462
8896947,2020-2021,2.0,2020-09-19 19:00,finished,Arsenal,West Ham United,42.0,37.0,2.0,1.0,7.1202304592039525,6.868879443679072,15.769291746146761,14.99375573799673
8896924,2020-2021,2.0,2020-09-20 11:00,finished,Southampton,Tottenham Hotspur,45.0,33.0,2.0,5.0,6.868312014353976,6.988185275091225,14.655268103173148,15.69126886263581
8896922,2020-2021,2.0,2020-09-20 13:00,finished,Newcastle United,Brighton & Hove Albion,39.0,30.0,0.0,3.0,6.8651254003960815,6.7962551251152545,14.018129610786497,15.576145669951547
8897016,2020-2021,2.0,2020-09-20 15:30,finished,Chelsea,Liverpool,38.0,44.0,0.0,2.0,6.980941442847512,7.163968338407779,16.025235507753766,15.999580291617162
8896919,2020-2021,2.0,2020-09-20 18:00,finished,Leicester City,Burnley,31.0,6.0,4.0,2.0,7.031077108273616,6.887677017345488,15.42622761093243,14.423633154615022
8896950,2020-2021,2.0,2020-09-21 17:00,finished,Aston Villa,Sheffield United,40.0,15.0,1.0,0.0,6.951576347653899,6.909946261266176,16.411375545681988,13.902561457294336
8896925,2020-2021,2.0,2020-09-21 19:15,finished,Wolverhampton,Manchester City,3.0,17.0,1.0,3.0,7.0605302805758186,7.179735876174896,14.886514475185644,16.28504568518044
8896929,2020-2021,3.0,2020-09-26 11:30,finished,Brighton & Hove Albion,Manchester United,30.0,35.0,2.0,3.0,6.864729072570913,7.1166023271661265,15.48974232193396,16.15048559607111
8896933,2020-2021,3.0,2020-09-26 14:00,finished,Crystal Palace,Everton,7.0,48.0,1.0,2.0,6.85348006421336,7.058175959319969,14.016179659927447,15.296688567227216
8896983,2020-2021,3.0,2020-09-26 16:30,finished,West Bromwich Albion,Chelsea,8.0,38.0,3.0,3.0,6.466857700698336,6.967891301592946,14.504415700873649,15.928521272651995
8896923,2020-2021,3.0,2020-09-26 19:00,finished,Burnley,Southampton,6.0,45.0,0.0,1.0,6.917157782335995,6.869123016847092,14.798805178781018,14.674683704617243
8896946,2020-2021,3.0,2020-09-27 11:00,finished,Sheffield United,Leeds United,15.0,34.0,0.0,1.0,6.850996097633773,6.747070829408335,14.341566038244386,14.386013358330356
8896939,2020-2021,3.0,2020-09-27 13:00,finished,Tottenham Hotspur,Newcastle United,33.0,39.0,1.0,1.0,6.988725585867124,6.853891389465037,15.82925710980932,14.282261625773822
8896934,2020-2021,3.0,2020-09-27 15:30,finished,Manchester City,Leicester City,17.0,31.0,2.0,5.0,7.160136692464753,6.987702305007644,16.23561461622767,15.195830703944484
8896960,2020-2021,3.0,2020-09-27 18:00,finished,West Ham United,Wolverhampton,37.0,3.0,4.0,0.0,6.85325374836479,6.978378098661988,14.794188572135294,15.145059263086631
8896937,2020-2021,3.0,2020-09-28 16:45,finished,Fulham,Aston Villa,43.0,40.0,0.0,3.0,6.6940764527736,6.987123406639468,14.20587387459225,16.411375545681988
8896930,2020-2021,3.0,2020-09-28 19:00,finished,Liverpool,Arsenal,44.0,42.0,3.0,1.0,7.145320982056807,7.017267496381185,16.171006772441004,14.87994535273637
8897005,2020-2021,4.0,2020-10-03 11:30,finished,Chelsea,Crystal Palace,38.0,7.0,4.0,0.0,6.827552555153054,6.847855701704265,15.546942581186677,14.016179659927447
8896893,2020-2021,4.0,2020-10-03 14:00,finished,Everton,Brighton & Hove Albion,48.0,30.0,4.0,2.0,7.043936888972374,6.840700177598543,15.141386211446642,15.57614566995155
8896898,2020-2021,4.0,2020-10-03 16:30,finished,Leeds United,Manchester City,34.0,17.0,1.0,1.0,6.93147879037569,7.1470390089208715,14.131806851967562,16.40101460201235
8896897,2020-2021,4.0,2020-10-03 19:00,finished,Newcastle United,Burnley,39.0,6.0,3.0,1.0,6.83380277449243,6.90312446780053,14.71548970703576,14.70801805858205
8896905,2020-2021,4.0,2020-10-04 11:00,finished,Southampton,West Bromwich Albion,45.0,8.0,2.0,0.0,6.868864880636678,6.562527786596106,14.674683704617243,14.163616674480746
8896896,2020-2021,4.0,2020-10-04 11:00,finished,Leicester City,West Ham United,31.0,37.0,0.0,3.0,6.962126540679406,6.875233117890761,15.307266768508105,14.792082520394967
8896901,2020-2021,4.0,2020-10-04 13:00,finished,Arsenal,Sheffield United,42.0,15.0,2.0,1.0,7.073583287285553,6.854549324894927,15.48410891514081,14.067482035851867
8896910,2020-2021,4.0,2020-10-04 13:00,finished,Wolverhampton,Fulham,3.0,43.0,1.0,0.0,6.973953475047381,6.732092649215558,15.517977446400426,14.92097022275639
8896904,2020-2021,4.0,2020-10-04 15:30,finished,Manchester United,Tottenham Hotspur,35.0,33.0,1.0,6.0,7.136689415478468,6.988413787178882,16.027540795212545,15.463684922660113
8896884,2020-2021,4.0,2020-10-04 18:15,finished,Aston Villa,Liverpool,40.0,44.0,7.0,2.0,7.000672007760216,7.105463078629595,16.312122128323676,15.986324201030577
8897007,2020-2021,5.0,2020-10-17 11:30,finished,Everton,Liverpool,48.0,44.0,2.0,2.0,7.061283278636842,7.169159514439198,15.296688567227214,15.924220842022777
8896911,2020-2021,5.0,2020-10-17 14:00,finished,Chelsea,Southampton,38.0,45.0,3.0,3.0,6.941727196552409,6.888216959069937,15.989893025971538,14.83457166482901
8896916,2020-2021,5.0,2020-10-17 16:30,finished,Manchester City,Arsenal,17.0,42.0,1.0,0.0,7.195691733616076,7.1101846523992185,16.63056301073788,15.57270524604973
8897001,2020-2021,5.0,2020-10-17 19:00,finished,Newcastle United,Manchester United,39.0,35.0,1.0,4.0,6.831229196600291,7.011291273708437,14.591489259104653,16.12348045932039
8896879,2020-2021,5.0,2020-10-18 11:00,finished,Sheffield United,Fulham,15.0,43.0,1.0,1.0,6.896002417430751,6.774669043378398,14.077585774255102,15.662213029243071
8896907,2020-2021,5.0,2020-10-18 13:00,finished,Crystal Palace,Brighton & Hove Albion,7.0,30.0,1.0,1.0,6.829831203128847,6.854186755171838,14.046237710168443,15.733977025470882
8896878,2020-2021,5.0,2020-10-18 15:30,finished,Tottenham Hotspur,West Ham United,33.0,37.0,3.0,3.0,6.950770966944817,6.9428203465780225,15.534574476412919,14.792082520394967
8896913,2020-2021,5.0,2020-10-18 18:15,finished,Leicester City,Aston Villa,31.0,40.0,0.0,1.0,6.942671456023786,7.056255405017617,15.656646577157224,16.312122128323676
8896881,2020-2021,5.0,2020-10-19 16:30,finished,West Bromwich Albion,Burnley,8.0,6.0,0.0,0.0,6.7542743749837975,6.90738301854787,15.066018511261307,14.30668021895234
8896918,2020-2021,5.0,2020-10-19 19:00,finished,Leeds United,Wolverhampton,34.0,3.0,0.0,1.0,6.89530303030303,6.9824789334162345,14.871693712597585,15.13573636172658
8896882,2020-2021,6.0,2020-10-23 19:00,finished,Aston Villa,Leeds United,40.0,34.0,0.0,3.0,7.057267754777612,6.8013708513708515,16.312122128323676,14.683165159873695
8896890,2020-2021,6.0,2020-10-24 11:30,finished,West Ham United,Manchester City,37.0,17.0,1.0,1.0,6.8984005202985825,7.1729131731225175,14.792082520394969,16.373883379169687
8896887,2020-2021,6.0,2020-10-24 14:00,finished,Fulham,Crystal Palace,43.0,7.0,1.0,2.0,6.866179529282977,6.843961705265638,15.882972527450624,14.039961455067148
8897003,2020-2021,6.0,2020-10-24 16:30,finished,Manchester United,Chelsea,35.0,38.0,0.0,0.0,7.021338551745216,6.981739067667815,16.12348045932039,15.739123846930903
8896880,2020-2021,6.0,2020-10-24 19:00,finished,Liverpool,Sheffield United,44.0,15.0,2.0,1.0,7.119731714246314,6.893903879460631,16.273133346774333,14.791398966760369
8896891,2020-2021,6.0,2020-10-25 14:00,finished,Southampton,Everton,45.0,48.0,2.0,0.0,6.897054698054555,7.074072557273991,14.674683704617243,15.315977159949364
8896892,2020-2021,6.0,2020-10-25 16:30,finished,Wolverhampton,Newcastle United,3.0,39.0,1.0,1.0,6.984488474488475,6.840513282891874,15.517977446400426,15.032034336592554
8896875,2020-2021,6.0,2020-10-25 19:15,finished,Arsenal,Leicester City,42.0,31.0,0.0,1.0,7.045685995309384,7.0045116577616575,15.762089088278799,15.877886277788134
8896886,2020-2021,6.0,2020-10-26 17:30,finished,Brighton & Hove Albion,West Bromwich Albion,30.0,8.0,1.0,1.0,6.859098856550151,6.753140495867768,15.688429496992844,15.046645912689664
8896877,2020-2021,6.0,2020-10-26 20:00,finished,Burnley,Tottenham Hotspur,6.0,33.0,0.0,1.0,6.912198183215764,7.00635825693299,14.362956510625635,15.279225220954626
8896874,2020-2021,7.0,2020-10-30 20:00,finished,Wolverhampton,Crystal Palace,3.0,7.0,2.0,0.0,6.962408640228295,6.8917654877898205,15.850686387351269,13.632251179488389
8896861,2020-2021,7.0,2020-10-31 12:30,finished,Sheffield United,Manchester City,15.0,17.0,0.0,1.0,6.854377220399318,7.19005344956899,14.800496144580944,16.54215089190615
8896888,2020-2021,7.0,2020-10-31 15:00,finished,Burnley,Chelsea,6.0,38.0,0.0,3.0,6.903732327652923,7.026267203495774,14.484059943723611,15.83055731978172
8896865,2020-2021,7.0,2020-10-31 17:30,finished,Liverpool,West Ham United,44.0,37.0,2.0,1.0,7.095706167415899,6.902104437767296,16.142423969544485,14.879667748604048
8896885,2020-2021,7.0,2020-11-01 12:00,finished,Aston Villa,Southampton,40.0,45.0,3.0,4.0,7.067242306894283,6.900945071876231,16.324538108224424,14.7498894368238
8896867,2020-2021,7.0,2020-11-01 14:00,finished,Newcastle United,Everton,39.0,48.0,2.0,1.0,6.813806238304613,6.887060577959439,15.276818280775558,14.77551402379127
8896859,2020-2021,7.0,2020-11-01 16:30,finished,Manchester United,Arsenal,35.0,42.0,0.0,1.0,7.091022230951013,7.00895931835838,16.46779503048279,15.563333216936426
8897002,2020-2021,7.0,2020-11-01 19:15,finished,Tottenham Hotspur,Brighton & Hove Albion,33.0,30.0,2.0,1.0,6.964972307009873,6.863455390999039,15.338518753354805,15.898532489548439
8896858,2020-2021,7.0,2020-11-02 17:30,finished,Fulham,West Bromwich Albion,43.0,8.0,2.0,0.0,6.906857420780256,6.77725677830941,16.144604276350407,15.046645912689664
8896863,2020-2021,7.0,2020-11-02 20:00,finished,Leeds United,Leicester City,34.0,31.0,1.0,4.0,6.8987235533720535,6.964069912263034,14.206924899802194,15.456469739375684
8896871,2020-2021,8.0,2020-11-06 17:30,finished,Brighton & Hove Albion,Burnley,30.0,6.0,0.0,0.0,6.858071645342548,6.9200755118202295,15.530660575580892,14.342288259502151
8896876,2020-2021,8.0,2020-11-06 20:00,finished,Southampton,Newcastle United,45.0,39.0,2.0,0.0,6.866337507808385,6.813614598858595,14.585953385117154,15.276818280775558
8896866,2020-2021,8.0,2020-11-07 12:30,finished,Everton,Manchester United,48.0,35.0,1.0,3.0,7.046402507803225,7.037635026134746,14.758465520730415,16.038319617209694
8896869,2020-2021,8.0,2020-11-07 15:00,finished,Crystal Palace,Leeds United,7.0,34.0,4.0,1.0,6.830720872504384,6.892673202949883,13.98883783953763,14.437751660761572
8896868,2020-2021,8.0,2020-11-07 17:30,finished,Chelsea,Sheffield United,38.0,15.0,4.0,1.0,7.156391859104985,6.810106080787898,15.712726113952122,14.077585774255102
8896847,2020-2021,8.0,2020-11-07 20:00,finished,West Ham United,Fulham,37.0,43.0,1.0,0.0,6.873418635663696,6.965468709918471,14.879667748604048,16.095368159765613
8896851,2020-2021,8.0,2020-11-08 12:00,finished,West Bromwich Albion,Tottenham Hotspur,8.0,33.0,0.0,1.0,6.753654375927104,6.982504997602141,14.919116620560223,15.338518753354805
8896870,2020-2021,8.0,2020-11-08 14:00,finished,Leicester City,Wolverhampton,31.0,3.0,1.0,0.0,6.995282030788723,7.0341326455861415,15.435575046986466,15.850686387351269
8896883,2020-2021,8.0,2020-11-08 16:30,finished,Manchester City,Liverpool,17.0,44.0,1.0,1.0,7.16943256799836,7.128323893814317,16.451811559374548,16.27124178564359
8896873,2020-2021,8.0,2020-11-08 19:15,finished,Arsenal,Aston Villa,42.0,40.0,0.0,3.0,7.0544845673972105,7.005294646440092,15.563333216936426,16.312122128323676
8896848,2020-2021,9.0,2020-11-21 12:30,finished,Newcastle United,Chelsea,39.0,38.0,0.0,2.0,6.787665037413951,7.165908634013825,15.139274643232262,15.994318383757934
8896994,2020-2021,9.0,2020-11-21 15:00,finished,Aston Villa,Brighton & Hove Albion,40.0,30.0,1.0,2.0,7.037151274875765,6.909220260808431,16.312122128323676,15.5244824526493
8896862,2020-2021,9.0,2020-11-21 17:30,finished,Tottenham Hotspur,Manchester City,33.0,17.0,2.0,0.0,6.9935667805053985,7.159926667338221,15.426852366544242,16.67632421188884
8896854,2020-2021,9.0,2020-11-21 20:00,finished,Manchester United,West Bromwich Albion,35.0,8.0,1.0,0.0,7.044042662954359,6.74173137468592,15.639861406345625,14.724907155467776
8896850,2020-2021,9.0,2020-11-22 12:00,finished,Fulham,Everton,43.0,48.0,2.0,3.0,6.925671630422364,7.0335773843115215,15.672830230286841,15.708476079361757
8896852,2020-2021,9.0,2020-11-22 14:00,finished,Sheffield United,West Ham United,15.0,37.0,0.0,1.0,6.894388561703101,6.887267929537035,14.256580150542458,14.879667748604048
8896855,2020-2021,9.0,2020-11-22 16:30,finished,Leeds United,Arsenal,34.0,42.0,0.0,0.0,6.936392022249401,7.009989212684556,14.83402848120491,15.614840198564467
8896849,2020-2021,9.0,2020-11-22 19:15,finished,Liverpool,Leicester City,44.0,31.0,3.0,0.0,7.040002731405708,7.004456282274865,15.792698862687075,15.757722198913545
8896853,2020-2021,9.0,2020-11-23 17:30,finished,Burnley,Crystal Palace,6.0,7.0,1.0,0.0,6.9138412656880055,6.9046244936797585,14.490267318782317,13.95862298226167
8896856,2020-2021,9.0,2020-11-23 20:00,finished,Wolverhampton,Southampton,3.0,45.0,1.0,1.0,7.011015747407791,6.879220840451026,15.55068119388142,14.634172339620669
8896999,2020-2021,10.0,2020-11-27 20:00,finished,Crystal Palace,Newcastle United,7.0,39.0,0.0,2.0,6.904904123664907,6.808893611291376,13.878554386786247,15.09385976154195
8896860,2020-2021,10.0,2020-11-28 12:30,finished,Brighton & Hove Albion,Liverpool,30.0,44.0,1.0,1.0,6.873518697408223,6.966380915732954,15.354858265334935,15.984625831726225
8896975,2020-2021,10.0,2020-11-28 15:00,finished,Manchester City,Burnley,17.0,6.0,5.0,0.0,7.108249270331114,6.9016486669798205,16.300064698969845,13.89591647699375
8896979,2020-2021,10.0,2020-11-28 17:30,finished,Everton,Leeds United,48.0,34.0,0.0,1.0,6.964736010506115,6.977700077700078,15.641517306989527,14.83402848120491
8896996,2020-2021,10.0,2020-11-28 20:00,finished,West Bromwich Albion,Sheffield United,8.0,15.0,1.0,0.0,6.780060987230798,6.875052386256346,14.579196816251466,14.469406687550112
8896981,2020-2021,10.0,2020-11-29 14:00,finished,Southampton,Manchester United,45.0,35.0,2.0,3.0,6.883528609140416,7.118329804345612,14.634172339620672,15.986907612267997
8896864,2020-2021,10.0,2020-11-29 16:30,finished,Chelsea,Tottenham Hotspur,38.0,33.0,0.0,0.0,7.158533749062546,6.9794267502475416,15.712726113952122,15.509978442519541
8896857,2020-2021,10.0,2020-11-29 19:15,finished,Arsenal,Wolverhampton,42.0,3.0,1.0,2.0,7.018426511483859,7.017965979565431,15.656553704807015,14.859047291614067
8896962,2020-2021,10.0,2020-11-30 17:30,finished,Leicester City,Fulham,31.0,43.0,1.0,2.0,6.964923837599383,6.870034696424856,15.435575046986466,16.041384244796003
8896995,2020-2021,10.0,2020-11-30 20:00,finished,West Ham United,Aston Villa,37.0,40.0,2.0,1.0,6.8836511154249544,7.016127434834275,14.792082520394969,16.411375545681988
8896961,2020-2021,11.0,2020-12-05 12:30,finished,Burnley,Everton,6.0,48.0,1.0,1.0,6.91006210831332,7.014223014405772,14.386792643622032,15.69762463148049
8896966,2020-2021,11.0,2020-12-05 15:00,finished,Manchester City,Fulham,17.0,43.0,2.0,0.0,7.190430611885892,6.885694860694861,16.21978892532278,16.041384244796003
8897000,2020-2021,11.0,2020-12-05 17:30,finished,West Ham United,Manchester United,37.0,35.0,1.0,3.0,6.888480472042383,7.056828192416779,14.879667748604048,15.880872929752208
8896957,2020-2021,11.0,2020-12-05 20:00,finished,Chelsea,Leeds United,38.0,34.0,3.0,1.0,7.1324733671488785,7.015829725829726,15.598789576970303,14.83402848120491
8897014,2020-2021,11.0,2020-12-06 12:00,finished,West Bromwich Albion,Crystal Palace,8.0,7.0,1.0,5.0,6.78707954813218,6.910630885025015,14.598160069465747,14.042603699693897
8896976,2020-2021,11.0,2020-12-06 14:15,finished,Sheffield United,Leicester City,15.0,31.0,1.0,2.0,6.8186361752367555,6.975427213899709,14.693284800943697,15.54534094002307
8896985,2020-2021,11.0,2020-12-06 16:30,finished,Tottenham Hotspur,Arsenal,33.0,42.0,2.0,0.0,6.997595136727153,7.0393684856649426,15.5786394384351,15.73522870528845
8896977,2020-2021,11.0,2020-12-06 19:15,finished,Liverpool,Wolverhampton,44.0,3.0,4.0,0.0,7.030943661110404,7.006904726164788,16.140481863147663,15.033344222119927
8897009,2020-2021,11.0,2020-12-07 20:00,finished,Brighton & Hove Albion,Southampton,30.0,45.0,1.0,2.0,6.88435091748427,6.880491305145532,15.40730259427553,14.634172339620672
8896956,2020-2021,12.0,2020-12-11 20:00,finished,Leeds United,West Ham United,34.0,37.0,1.0,2.0,6.992265840220386,6.8984250734176165,14.672461634986437,14.993555291194532
8896980,2020-2021,12.0,2020-12-12 12:30,finished,Wolverhampton,Aston Villa,3.0,40.0,0.0,1.0,6.97652949340788,6.98692350094336,15.104258974310568,16.513578248377137
8897011,2020-2021,12.0,2020-12-12 15:00,finished,Newcastle United,West Bromwich Albion,39.0,8.0,2.0,1.0,6.842226656378144,6.785308356742527,14.520402713518427,14.469304144016343
8896973,2020-2021,12.0,2020-12-12 17:30,finished,Manchester United,Manchester City,35.0,17.0,0.0,0.0,7.0813057704901725,7.197023763516217,16.46779503048279,16.44960465246778
8896941,2020-2021,12.0,2020-12-12 20:00,finished,Everton,Chelsea,48.0,38.0,1.0,0.0,6.930974390261515,7.033679397055635,15.481036595351862,15.748292234447156
8896974,2020-2021,12.0,2020-12-13 12:00,finished,Southampton,Sheffield United,45.0,15.0,3.0,0.0,6.907902090241785,6.908745466685897,14.7498894368238,14.099332550788299
8896997,2020-2021,12.0,2020-12-13 14:15,finished,Crystal Palace,Tottenham Hotspur,7.0,33.0,1.0,1.0,6.919775201394024,6.989420216774994,14.042603699693897,15.426852366544242
8896952,2020-2021,12.0,2020-12-13 16:30,finished,Fulham,Liverpool,43.0,44.0,1.0,1.0,6.885962058090372,7.111499656342315,16.0906203613808,16.24888321207236
8896991,2020-2021,12.0,2020-12-13 19:15,finished,Arsenal,Burnley,42.0,6.0,0.0,1.0,7.019578825535169,6.91245723805723,15.635354860864076,14.386792643622032
8896948,2020-2021,12.0,2020-12-13 19:15,finished,Leicester City,Brighton & Hove Albion,31.0,30.0,3.0,0.0,7.012797865799704,6.842275855458784,15.792634118124129,15.221260382648602
8896989,2020-2021,13.0,2020-12-15 18:00,finished,Wolverhampton,Chelsea,3.0,38.0,2.0,1.0,6.9339907322167855,7.013806041676491,15.25688880113557,15.883268092077442
8896943,2020-2021,13.0,2020-12-15 20:00,finished,Manchester City,West Bromwich Albion,17.0,8.0,1.0,1.0,7.177923914542532,6.73797758814695,16.43458605989607,14.616341116552613
8896954,2020-2021,13.0,2020-12-16 18:00,finished,Leicester City,Everton,31.0,48.0,0.0,2.0,7.007965091367095,6.897806131963074,15.782057804554523,15.202263745857119
8896953,2020-2021,13.0,2020-12-16 18:00,finished,Leeds United,Newcastle United,34.0,39.0,5.0,2.0,6.992024957365867,6.799249713358308,14.672461634986437,15.05145752811854
8896993,2020-2021,13.0,2020-12-16 18:00,finished,Arsenal,Southampton,42.0,45.0,1.0,1.0,6.925042069211326,6.916333919352195,16.086020445718617,14.7498894368238
8896987,2020-2021,13.0,2020-12-16 20:00,finished,West Ham United,Crystal Palace,37.0,7.0,1.0,1.0,6.9187653241710025,6.945884292412935,15.174979987432204,13.850466020555372
8897012,2020-2021,13.0,2020-12-16 20:00,finished,Liverpool,Tottenham Hotspur,44.0,33.0,2.0,1.0,7.10385880794995,7.002350616060119,15.960943045782516,15.57232154827295
8896938,2020-2021,13.0,2020-12-16 20:00,finished,Fulham,Brighton & Hove Albion,43.0,30.0,0.0,0.0,6.8687992624522565,6.828487755643869,16.041384244796003,15.901958671518845
8896990,2020-2021,13.0,2020-12-17 18:00,finished,Aston Villa,Burnley,40.0,6.0,0.0,0.0,6.948850050137039,6.916111229100789,15.401469973699701,14.386792643622032
8896958,2020-2021,13.0,2020-12-17 20:00,finished,Sheffield United,Manchester United,15.0,35.0,2.0,3.0,6.866260955530138,7.1270017691690635,14.046586144219642,16.24115599691025
8896984,2020-2021,14.0,2020-12-19 12:30,finished,Crystal Palace,Liverpool,7.0,44.0,0.0,7.0,6.89255731590335,7.029087530624082,14.061698172685748,15.834042033723119
8896972,2020-2021,14.0,2020-12-19 15:00,finished,Southampton,Manchester City,45.0,17.0,0.0,1.0,6.905321229328485,7.147403012465957,14.83457166482901,16.52126878835953
8896964,2020-2021,14.0,2020-12-19 17:30,finished,Everton,Arsenal,48.0,42.0,2.0,1.0,6.913107827881043,6.95392943387258,15.553302947612762,15.396539317993485
8896982,2020-2021,14.0,2020-12-19 20:00,finished,Newcastle United,Fulham,39.0,43.0,1.0,1.0,6.886802828727179,6.925126694433513,14.612456683252994,16.144604276350407
8896968,2020-2021,14.0,2020-12-20 12:00,finished,Brighton & Hove Albion,Sheffield United,30.0,15.0,1.0,1.0,6.884616554935079,6.833591929875397,15.788308330890647,13.7581977468779
8896959,2020-2021,14.0,2020-12-20 14:15,finished,Tottenham Hotspur,Leicester City,33.0,31.0,0.0,2.0,7.00570068341255,7.035170004983689,15.440010002323111,16.011880596965288
8896951,2020-2021,14.0,2020-12-20 16:30,finished,Manchester United,Leeds United,35.0,34.0,6.0,2.0,7.009892571251157,7.038243521184698,16.36888650090319,14.672461634986437
8897010,2020-2021,14.0,2020-12-20 19:15,finished,West Bromwich Albion,Aston Villa,8.0,40.0,0.0,3.0,6.751203915634295,6.991977050063175,14.616341116552613,15.819674447169255
8896969,2020-2021,14.0,2020-12-21 17:30,finished,Burnley,Wolverhampton,6.0,3.0,2.0,1.0,6.932500820381207,6.971631468910599,14.342288259502151,15.2810031904683
8896945,2020-2021,14.0,2020-12-21 20:00,finished,Chelsea,West Ham United,38.0,37.0,3.0,0.0,7.008564316256917,6.919594542932331,15.555138135458884,14.898536593932633
8897006,2020-2021,15.0,2020-12-26 12:30,finished,Leicester City,Manchester United,31.0,35.0,2.0,2.0,7.035042900998624,7.027247379055726,16.011880596965288,16.1289721982109
8896971,2020-2021,15.0,2020-12-26 15:00,finished,Aston Villa,Crystal Palace,40.0,7.0,3.0,0.0,7.021107653066057,6.902036279087683,15.819674447169255,13.988209452436264
8896912,2020-2021,15.0,2020-12-26 15:00,finished,Fulham,Southampton,43.0,45.0,0.0,0.0,6.87283392780719,6.882537197560802,16.041384244796003,14.897205571663298
8896978,2020-2021,15.0,2020-12-26 17:30,finished,Arsenal,Chelsea,42.0,38.0,3.0,1.0,6.836530808755168,7.020400742061759,15.921483666399173,15.997204629059258
8896921,2020-2021,15.0,2020-12-26 20:00,finished,Manchester City,Newcastle United,17.0,39.0,2.0,0.0,7.139653297687792,6.8240434109117265,16.699848074806752,14.520374497478794
8896920,2020-2021,15.0,2020-12-26 20:00,finished,Sheffield United,Everton,15.0,48.0,0.0,1.0,6.804281446844471,6.88880746545476,14.059119982949724,15.62887544934374
8896914,2020-2021,15.0,2020-12-27 12:00,finished,Leeds United,Burnley,34.0,6.0,1.0,0.0,6.945406613588432,6.8953872949113055,15.106012296890336,13.908699783385844
8896936,2020-2021,15.0,2020-12-27 14:15,finished,West Ham United,Brighton & Hove Albion,37.0,30.0,2.0,2.0,6.918571526926672,6.890563063272052,14.88983545623367,15.913584627740184
8896927,2020-2021,15.0,2020-12-27 16:30,finished,Liverpool,West Bromwich Albion,44.0,8.0,1.0,1.0,7.12887786234159,6.728422905572325,16.24888321207236,14.533212139945311
8896926,2020-2021,15.0,2020-12-27 19:15,finished,Wolverhampton,Tottenham Hotspur,3.0,33.0,1.0,1.0,6.97131818289696,6.984467122171204,15.291231075380344,15.745449174645474
8896931,2020-2021,16.0,2020-12-28 15:00,finished,Crystal Palace,Leicester City,7.0,31.0,1.0,1.0,6.8682309908414005,6.828173981267809,13.970646737011156,15.10353104839827
8896932,2020-2021,16.0,2020-12-28 17:30,finished,Chelsea,Aston Villa,38.0,40.0,1.0,1.0,7.0250936383059095,7.036972877257955,15.89944125894354,16.015338346255138
8897008,2020-2021,16.0,2020-12-29 18:00,finished,Burnley,Sheffield United,6.0,15.0,1.0,0.0,6.927978024503445,6.8067996060266855,13.86736013273903,13.736589311429876
8896935,2020-2021,16.0,2020-12-29 18:00,finished,Brighton & Hove Albion,Arsenal,30.0,42.0,0.0,1.0,6.82741473816987,6.837130748489049,15.67404394089385,15.866665840620477
8896889,2020-2021,16.0,2020-12-29 18:00,finished,West Bromwich Albion,Leeds United,8.0,34.0,0.0,5.0,6.7297587783002655,6.96697653223969,14.533212139945311,15.106012296890336
8896965,2020-2021,16.0,2020-12-29 18:00,finished,Southampton,West Ham United,45.0,37.0,0.0,0.0,6.883622920154317,6.914932887980428,14.812998774335572,14.424212920554833
8896942,2020-2021,16.0,2020-12-29 20:00,finished,Manchester United,Wolverhampton,35.0,3.0,1.0,0.0,7.0705347259210445,6.96366277960804,15.700500318107611,16.03650830212998
8897013,2020-2021,16.0,2020-12-30 20:00,finished,Newcastle United,Liverpool,39.0,44.0,0.0,0.0,6.836956051222438,7.144721171492072,14.465306030245188,16.030699395820122
8897004,2020-2021,17.0,2021-01-01 17:30,finished,Everton,West Ham United,48.0,37.0,0.0,1.0,6.882429373123788,6.865750972014154,15.012825519980682,15.210399634920346
8896909,2020-2021,17.0,2021-01-01 20:00,finished,Manchester United,Aston Villa,35.0,40.0,2.0,1.0,7.0969774158388255,7.030443793087917,16.150853649573477,16.174092627632525
8896917,2020-2021,17.0,2021-01-02 12:30,finished,Tottenham Hotspur,Leeds United,33.0,34.0,3.0,0.0,6.994236962234393,7.0224427844882396,15.742686959686065,15.106012296890336
8896899,2020-2021,17.0,2021-01-02 15:00,finished,Crystal Palace,Sheffield United,7.0,15.0,2.0,0.0,6.867139634235524,6.880388367552768,13.90433825804012,13.48369165862369
8896894,2020-2021,17.0,2021-01-02 17:30,finished,Brighton & Hove Albion,Wolverhampton,30.0,3.0,3.0,3.0,6.84251180092804,6.925372035372035,15.758841135678011,16.09793029432701
8896902,2020-2021,17.0,2021-01-02 20:00,finished,West Bromwich Albion,Arsenal,8.0,42.0,0.0,4.0,6.725261164274323,6.941936349424986,14.674088861642506,15.82923541142759
8896906,2020-2021,17.0,2021-01-03 14:15,finished,Newcastle United,Leicester City,39.0,31.0,1.0,2.0,6.867305791468965,7.026359069663906,14.77886922796776,16.011880596965288
8896903,2020-2021,17.0,2021-01-03 16:30,finished,Chelsea,Manchester City,38.0,17.0,1.0,3.0,7.0599168013036975,7.194747272850217,15.506767584741784,16.535417865960543
8896908,2020-2021,17.0,2021-01-04 20:00,finished,Southampton,Liverpool,45.0,44.0,1.0,0.0,6.844157074285301,7.15390294869415,14.776473918658631,15.925671106910537
8897056,2020-2021,18.0,2021-01-12 18:00,finished,Sheffield United,Newcastle United,15.0,39.0,1.0,0.0,6.869785333802247,6.864745838478359,14.105795557498936,14.51739274334302
8897047,2020-2021,18.0,2021-01-12 20:15,finished,Wolverhampton,Everton,3.0,48.0,1.0,2.0,6.86495105458803,7.027299764815502,15.974857700582149,15.240801654716385
9258868,2020-2021,1.0,2021-01-12 20:15,finished,Burnley,Manchester United,6.0,35.0,0.0,1.0,6.9486619954866,7.027726377449201,13.739585067007415,15.613412733719
8897049,2020-2021,18.0,2021-01-13 18:00,finished,Manchester City,Brighton & Hove Albion,17.0,30.0,1.0,0.0,7.2191227539888185,6.836313691531899,16.762645634070466,15.941434016770168
9277342,2020-2021,16.0,2021-01-13 20:15,finished,Tottenham Hotspur,Fulham,33.0,43.0,1.0,1.0,6.969255130003958,6.873633309180483,15.48117358345117,15.93583444846792
8897071,2020-2021,18.0,2021-01-14 20:00,finished,Arsenal,Crystal Palace,42.0,7.0,0.0,0.0,6.962570232473644,6.895188454352976,15.630796632928563,14.303477437865105
8897068,2020-2021,19.0,2021-01-16 12:30,finished,Wolverhampton,West Bromwich Albion,3.0,8.0,2.0,3.0,6.944876453179885,6.728654254714844,15.37442090538776,13.607770779413746
8897061,2020-2021,19.0,2021-01-16 15:00,finished,Leeds United,Brighton & Hove Albion,34.0,30.0,0.0,1.0,6.947496313266802,6.85871441811241,14.646105317064594,15.958442315081818
8897059,2020-2021,19.0,2021-01-16 15:00,finished,West Ham United,Burnley,37.0,6.0,1.0,0.0,6.872982826163272,6.944644763059447,14.873545068081937,13.739585067007415
8897062,2020-2021,19.0,2021-01-16 17:30,finished,Fulham,Chelsea,43.0,38.0,0.0,1.0,6.884631832813651,7.053346532273627,16.052762712337277,15.528063625230542
8897065,2020-2021,19.0,2021-01-16 20:00,finished,Leicester City,Southampton,31.0,45.0,2.0,0.0,7.024626511346029,6.831848194640574,16.011880596965288,14.951307894353834
8897052,2020-2021,19.0,2021-01-17 14:00,finished,Sheffield United,Tottenham Hotspur,15.0,33.0,1.0,3.0,6.878290864983176,7.006075998262168,13.905905289579355,15.761244866110145
8897066,2020-2021,19.0,2021-01-17 16:30,finished,Liverpool,Manchester United,44.0,35.0,0.0,0.0,7.139861534168276,7.078543732596558,15.938187421205935,16.27379845043204
8897057,2020-2021,19.0,2021-01-17 19:15,finished,Manchester City,Crystal Palace,17.0,7.0,4.0,0.0,7.18113609315028,6.89805282046952,16.312507308243095,14.054721049253608
8897048,2020-2021,19.0,2021-01-18 20:00,finished,Arsenal,Newcastle United,42.0,39.0,3.0,0.0,6.976267113863076,6.852307559051468,15.434089834190178,14.420574604511254
8897046,2020-2021,18.0,2021-01-19 18:00,finished,West Ham United,West Bromwich Albion,37.0,8.0,2.0,1.0,6.927791090318923,6.741921252313409,14.680069458459274,14.662565953388624
8897055,2020-2021,18.0,2021-01-19 20:15,finished,Leicester City,Chelsea,31.0,38.0,2.0,0.0,7.02692705378607,6.980050492833512,16.011880596965288,16.54119420252816
9258869,2020-2021,1.0,2021-01-20 18:00,finished,Manchester City,Aston Villa,17.0,40.0,2.0,0.0,7.21562755187663,7.048412513917241,16.552336905970627,16.324538108224424
8897060,2020-2021,18.0,2021-01-20 20:15,finished,Fulham,Manchester United,43.0,35.0,1.0,2.0,6.895804801323592,7.057386304452209,15.869767094118094,15.773851480644607
8897041,2020-2021,18.0,2021-01-21 20:00,finished,Liverpool,Burnley,44.0,6.0,0.0,1.0,7.109698501061131,6.9314690544260715,15.509164816705047,14.342288259502151
9282832,2020-2021,11.0,2021-01-23 20:00,finished,Aston Villa,Newcastle United,40.0,39.0,2.0,0.0,7.013928817727691,6.851209456540224,16.090098247349676,14.167942738444589
8897037,2020-2021,20.0,2021-01-26 18:00,finished,Crystal Palace,West Ham United,7.0,37.0,2.0,3.0,6.888500184233997,6.898334352747319,14.303477437865105,14.873545068081937
8897044,2020-2021,20.0,2021-01-26 18:00,finished,Newcastle United,Leeds United,39.0,34.0,1.0,2.0,6.834881470554968,6.985714344634221,14.602063403794128,14.909389281735708
8897045,2020-2021,20.0,2021-01-26 20:15,finished,Southampton,Arsenal,45.0,42.0,1.0,3.0,6.816700507684683,6.979264815119712,14.451061575140628,15.410148927663611
8897031,2020-2021,20.0,2021-01-26 20:15,finished,West Bromwich Albion,Manchester City,8.0,17.0,0.0,5.0,6.756428859678501,7.186779191201293,14.6701032201192,16.656079806251253
8897040,2020-2021,20.0,2021-01-27 18:00,finished,Chelsea,Wolverhampton,38.0,3.0,0.0,0.0,7.025335426469217,6.9330905967641225,15.519868070958331,15.911299967708299
8897025,2020-2021,20.0,2021-01-27 18:00,finished,Burnley,Aston Villa,6.0,40.0,3.0,2.0,6.929073655060015,7.046108815863579,14.14060626170365,16.324538108224424
8897020,2020-2021,20.0,2021-01-27 19:30,finished,Brighton & Hove Albion,Fulham,30.0,43.0,0.0,0.0,6.882356199210424,6.8939684968513575,16.047170493861437,15.95145719909762
8897038,2020-2021,20.0,2021-01-27 20:15,finished,Manchester United,Sheffield United,35.0,15.0,1.0,2.0,7.05833785177741,6.857103319507042,16.02250372640376,13.416378107621444
8897042,2020-2021,20.0,2021-01-27 20:15,finished,Everton,Leicester City,48.0,31.0,1.0,1.0,6.977985614517235,7.007885090385894,15.565178876636839,16.221520285615323
8897033,2020-2021,20.0,2021-01-28 20:00,finished,Tottenham Hotspur,Liverpool,33.0,44.0,1.0,3.0,7.0131298944054095,7.183822361348868,15.653629402745747,15.817860673799068
8897054,2020-2021,21.0,2021-01-30 12:30,finished,Everton,Newcastle United,48.0,39.0,0.0,2.0,7.042868862292744,6.849400083367831,15.334722068403948,14.397828320868207
8897043,2020-2021,21.0,2021-01-30 15:00,finished,Crystal Palace,Wolverhampton,7.0,3.0,1.0,0.0,6.887942472854693,6.925213782175146,13.781297715327625,15.155988788137728
8897018,2020-2021,21.0,2021-01-30 15:00,finished,West Bromwich Albion,Fulham,8.0,43.0,2.0,2.0,6.776727914140867,6.932059612352112,15.447364026851094,16.37922140557689
8897021,2020-2021,21.0,2021-01-30 15:00,finished,Manchester City,Sheffield United,17.0,15.0,1.0,0.0,7.134905890094019,6.825801737235835,16.658487910890575,14.59845077518751
8897030,2020-2021,21.0,2021-01-30 17:30,finished,Arsenal,Manchester United,42.0,35.0,0.0,0.0,6.946139003614826,7.048120568519527,15.303332085167911,16.05366696898924
8897023,2020-2021,21.0,2021-01-30 20:00,finished,Southampton,Aston Villa,45.0,40.0,0.0,1.0,6.871498786429395,7.032218584133486,14.38897861577568,16.324538108224424
8897050,2020-2021,21.0,2021-01-31 12:00,finished,Chelsea,Burnley,38.0,6.0,2.0,0.0,7.033165333987679,6.908911271803706,15.514865260699224,14.00197173241482
8897051,2020-2021,21.0,2021-01-31 14:00,finished,Leicester City,Leeds United,31.0,34.0,1.0,3.0,6.978106135544496,6.982362979460961,16.001704127303274,15.10070131435894
8897027,2020-2021,21.0,2021-01-31 16:30,finished,West Ham United,Liverpool,37.0,44.0,1.0,3.0,6.906859296420318,7.0989124795153,14.873545068081937,15.365093373967103
8897039,2020-2021,21.0,2021-01-31 19:15,finished,Brighton & Hove Albion,Tottenham Hotspur,30.0,33.0,1.0,0.0,6.90605660100758,6.931559000056555,16.047170493861433,15.496415534149207
8897019,2020-2021,22.0,2021-02-02 18:00,finished,Sheffield United,West Bromwich Albion,15.0,8.0,2.0,1.0,6.8366168581256055,6.83194058228919,13.75146112751619,14.321959880194795
8897028,2020-2021,22.0,2021-02-02 18:00,finished,Wolverhampton,Arsenal,3.0,42.0,2.0,1.0,6.960624968966778,6.984776875818114,15.390221330302083,15.410148927663611
8897034,2020-2021,22.0,2021-02-02 20:15,finished,Newcastle United,Crystal Palace,39.0,7.0,1.0,2.0,6.853406961025356,6.889567505075795,14.390386305459648,14.355919433815043
8897029,2020-2021,22.0,2021-02-02 20:15,finished,Manchester United,Southampton,35.0,45.0,9.0,0.0,7.005299676075051,6.817615357393711,16.257590757400447,14.358143977818576
8897015,2020-2021,22.0,2021-02-03 18:00,finished,Fulham,Leicester City,43.0,31.0,0.0,2.0,6.924369025473831,6.97921778763584,16.524536758400846,15.798497141919583
8897024,2020-2021,22.0,2021-02-03 18:00,finished,Burnley,Manchester City,6.0,17.0,0.0,2.0,6.903811806578371,7.195244095048107,13.805499617815816,16.49368514832288
8897022,2020-2021,22.0,2021-02-03 19:30,finished,Leeds United,Everton,34.0,48.0,1.0,2.0,7.009545929216983,6.928904109849324,14.86059879777821,15.36938006266284
8897036,2020-2021,22.0,2021-02-03 20:15,finished,Liverpool,Brighton & Hove Albion,44.0,30.0,0.0,1.0,7.202110250911509,6.900337437726247,15.594168437501803,15.784994051355447
8897017,2020-2021,22.0,2021-02-03 20:15,finished,Aston Villa,West Ham United,40.0,37.0,1.0,3.0,7.019532279550194,6.890739785040424,16.170139435638006,14.501436169782547
8897035,2020-2021,22.0,2021-02-04 20:00,finished,Tottenham Hotspur,Chelsea,33.0,38.0,0.0,1.0,6.965845610959703,7.063630042492606,15.153190009189615,15.644033146392546
8897032,2020-2021,23.0,2021-02-06 12:30,finished,Aston Villa,Arsenal,40.0,42.0,1.0,0.0,7.0298630273979645,6.957443899291298,16.033581136751696,15.812511325742348
8897130,2020-2021,23.0,2021-02-06 15:00,finished,Newcastle United,Southampton,39.0,45.0,3.0,2.0,6.807646812394816,6.871713334837744,14.830710394699935,14.762092742355623
8897026,2020-2021,23.0,2021-02-06 15:00,finished,Burnley,Brighton & Hove Albion,6.0,30.0,1.0,1.0,6.914706529887909,6.897592597238134,13.760995233695933,15.89700711329114
8897144,2020-2021,23.0,2021-02-06 17:30,finished,Fulham,West Ham United,43.0,37.0,0.0,0.0,6.914189014013914,6.908535901709291,15.868821614607386,14.759657525491447
8897150,2020-2021,23.0,2021-02-06 20:00,finished,Manchester United,Everton,35.0,48.0,3.0,3.0,7.06088711630806,6.988967590617148,16.22190332983024,15.352609527175842
8897161,2020-2021,23.0,2021-02-07 12:00,finished,Tottenham Hotspur,West Bromwich Albion,33.0,8.0,2.0,0.0,7.028820187464345,6.668380830633321,15.68319291806997,14.494588808741808
8897104,2020-2021,23.0,2021-02-07 14:00,finished,Wolverhampton,Leicester City,3.0,31.0,0.0,0.0,6.950559089989827,6.981174004891804,15.46922484840663,15.798497141919583
8897173,2020-2021,23.0,2021-02-07 16:30,finished,Liverpool,Manchester City,44.0,17.0,1.0,4.0,7.135535624674038,7.196812436092269,16.24888321207236,16.656079806251253
8897118,2020-2021,23.0,2021-02-07 19:15,finished,Sheffield United,Chelsea,15.0,38.0,1.0,2.0,6.822064855217897,7.021837131777041,14.381876761106042,15.76924457285956
8897151,2020-2021,23.0,2021-02-08 20:00,finished,Leeds United,Crystal Palace,34.0,7.0,2.0,0.0,6.9972865070945565,6.894893622412268,14.86059879777821,14.819791104988436
8897201,2020-2021,24.0,2021-02-13 12:30,finished,Leicester City,Liverpool,31.0,44.0,3.0,1.0,6.99706230822593,7.1107385140395,15.460073658903813,15.928962594996648
8897225,2020-2021,24.0,2021-02-13 15:00,finished,Crystal Palace,Burnley,7.0,6.0,0.0,3.0,6.903861517950105,6.923969526373065,14.018937440419318,13.673121068626688
8897202,2020-2021,24.0,2021-02-13 17:30,finished,Manchester City,Tottenham Hotspur,17.0,33.0,3.0,0.0,7.191861104111217,7.010141550514785,16.577603790895047,15.737534131245912
8897111,2020-2021,24.0,2021-02-13 20:00,finished,Brighton & Hove Albion,Aston Villa,30.0,40.0,0.0,0.0,6.9071755393215115,7.041186230163922,16.000342640313196,16.324538108224424
8897165,2020-2021,24.0,2021-02-14 12:00,finished,Southampton,Wolverhampton,45.0,3.0,1.0,2.0,6.888372230117404,6.953734223908117,14.709370811196578,15.198419828296412
8897096,2020-2021,24.0,2021-02-14 14:00,finished,West Bromwich Albion,Manchester United,8.0,35.0,1.0,1.0,6.785393531977581,7.034053211656879,15.032640812737927,16.063594177349696
8897124,2020-2021,24.0,2021-02-14 16:30,finished,Arsenal,Leeds United,42.0,34.0,4.0,2.0,6.986174045923659,6.941606167896276,15.927889393797232,14.706554293683496
8897177,2020-2021,24.0,2021-02-14 19:00,finished,Everton,Fulham,48.0,43.0,0.0,2.0,6.953133057179806,6.943309197833296,14.785434490260123,16.079968442333588
8897107,2020-2021,24.0,2021-02-15 18:00,finished,West Ham United,Sheffield United,37.0,15.0,3.0,0.0,6.942218490117983,6.850009449625977,15.16247991680384,13.700914561247695
8897182,2020-2021,24.0,2021-02-15 20:00,finished,Chelsea,Newcastle United,38.0,39.0,2.0,0.0,7.003540619315681,6.835196731228032,15.820452265518554,14.573631814400787
9326482,2020-2021,17.0,2021-02-17 18:00,finished,Burnley,Fulham,6.0,43.0,1.0,1.0,6.907961057157769,7.01508885796251,13.836501026508271,16.079968442333588
9326472,2020-2021,16.0,2021-02-17 20:15,finished,Everton,Manchester City,48.0,17.0,1.0,3.0,6.943259524136348,7.191701219302069,15.482072834701107,16.60082650168072
8897178,2020-2021,25.0,2021-02-19 20:00,finished,Wolverhampton,Leeds United,3.0,34.0,1.0,0.0,6.951517928075969,6.884262915131317,15.198419828296412,14.786991575250514
8897137,2020-2021,25.0,2021-02-20 12:30,finished,Southampton,Chelsea,45.0,38.0,1.0,1.0,6.867142424900843,7.039979551157518,14.758184619546494,15.72742845306821
8897117,2020-2021,25.0,2021-02-20 15:00,finished,Burnley,West Bromwich Albion,6.0,8.0,0.0,0.0,6.899263586403435,6.7599849663252165,14.311759904793707,14.70925281927615
8897136,2020-2021,25.0,2021-02-20 17:30,finished,Liverpool,Everton,44.0,48.0,0.0,2.0,7.001510470344422,6.93439838925799,16.160152892572267,15.276024073135064
8897125,2020-2021,25.0,2021-02-20 20:00,finished,Fulham,Sheffield United,43.0,15.0,1.0,0.0,6.9542306261255336,6.853531027424911,16.207461589254123,13.797500206130545
8897140,2020-2021,25.0,2021-02-21 12:00,finished,West Ham United,Tottenham Hotspur,37.0,33.0,2.0,1.0,6.920970562430545,6.984618268788929,15.141155167064035,15.743852021408063
8897102,2020-2021,25.0,2021-02-21 14:05,finished,Aston Villa,Leicester City,40.0,31.0,1.0,2.0,6.975793721012588,7.005365733213227,15.93598072670478,15.688144172027673
8897093,2020-2021,25.0,2021-02-21 16:30,finished,Arsenal,Manchester City,42.0,17.0,0.0,1.0,6.945480816868061,7.220595378223948,15.826701022844048,16.359196628926227
8897145,2020-2021,25.0,2021-02-21 19:00,finished,Manchester United,Newcastle United,35.0,39.0,3.0,1.0,7.033158274767009,6.819341260949184,16.077337285701265,14.84439327903711
8897100,2020-2021,25.0,2021-02-22 20:00,finished,Brighton & Hove Albion,Crystal Palace,30.0,7.0,1.0,2.0,6.9125135078600985,6.825413656237208,16.000342640313196,14.518352365458142
9326456,2020-2021,18.0,2021-02-23 18:00,finished,Leeds United,Southampton,34.0,45.0,3.0,0.0,6.926293820364966,6.843016792371339,14.881899630720227,14.800906958603553
8897092,2020-2021,26.0,2021-02-27 12:30,finished,Manchester City,West Ham United,17.0,37.0,2.0,1.0,7.18907296097097,6.886049953196157,16.377932522599355,15.25991297319502
8897098,2020-2021,26.0,2021-02-27 15:00,finished,West Bromwich Albion,Brighton & Hove Albion,8.0,30.0,1.0,0.0,6.7763278892824355,6.907564613487983,15.003320068913245,15.993066030524693
8897163,2020-2021,26.0,2021-02-27 17:30,finished,Leeds United,Aston Villa,34.0,40.0,0.0,1.0,6.917379014495406,6.917648023364427,14.543159224767246,15.823872212252766
8897089,2020-2021,26.0,2021-02-27 20:00,finished,Newcastle United,Wolverhampton,39.0,3.0,1.0,1.0,6.804370389656066,6.954675206047607,14.968299691450829,15.198419828296412
8897080,2020-2021,26.0,2021-02-28 12:00,finished,Leicester City,Arsenal,31.0,42.0,1.0,3.0,6.969279439774394,7.017108256324078,15.487512244342588,14.89234028131606
8897153,2020-2021,26.0,2021-02-28 12:00,finished,Crystal Palace,Fulham,7.0,43.0,0.0,0.0,6.912093879395184,6.946961070691722,13.793883836831318,16.213905327616274
8897088,2020-2021,26.0,2021-02-28 14:00,finished,Tottenham Hotspur,Burnley,33.0,6.0,4.0,0.0,7.002033126011654,6.897617448927676,15.690212796027916,14.311759904793707
8897114,2020-2021,26.0,2021-02-28 16:30,finished,Chelsea,Manchester United,38.0,35.0,0.0,0.0,7.07307692017953,7.036008275781976,15.70475817073243,16.56288308095394
8897094,2020-2021,26.0,2021-02-28 19:15,finished,Sheffield United,Liverpool,15.0,44.0,0.0,2.0,6.882100936129247,7.020214862618829,13.66278957173495,15.806978201973886
8897122,2020-2021,26.0,2021-03-01 20:00,finished,Everton,Southampton,48.0,45.0,1.0,0.0,6.92129855394819,6.8470230190313,15.407888284982016,14.764940890776256
8897077,2020-2021,29.0,2021-03-02 20:00,finished,Manchester City,Wolverhampton,17.0,3.0,4.0,1.0,7.22360882370268,6.911999235916005,16.45629074564789,15.314734909276979
8897085,2020-2021,29.0,2021-03-03 18:00,finished,Burnley,Leicester City,6.0,31.0,1.0,1.0,6.890659399540678,6.913739364892644,14.611706694553,15.037279247669709
8897191,2020-2021,29.0,2021-03-03 18:00,finished,Sheffield United,Aston Villa,15.0,40.0,1.0,0.0,6.853978988573387,6.934692472799523,13.66278957173495,15.823872212252766
8897074,2020-2021,29.0,2021-03-03 20:15,finished,Crystal Palace,Manchester United,7.0,35.0,0.0,0.0,6.917395281968402,7.072208676961668,13.459736022135266,16.04067613784123
8897121,2020-2021,33.0,2021-03-04 18:00,finished,Fulham,Tottenham Hotspur,43.0,33.0,0.0,1.0,6.95096585755363,7.0888735707104615,16.07352470397144,15.640954329167316
8897142,2020-2021,29.0,2021-03-04 18:00,finished,West Bromwich Albion,Everton,8.0,48.0,0.0,1.0,6.796582995604825,6.893175910449106,15.003320068913245,15.743195857645969
8897072,2020-2021,29.0,2021-03-04 20:15,finished,Liverpool,Chelsea,44.0,38.0,0.0,1.0,7.063121174396173,7.060685718446546,16.32896099654759,15.754433237284907
8897091,2020-2021,27.0,2021-03-06 12:30,finished,Burnley,Arsenal,6.0,42.0,1.0,1.0,6.910126239658709,6.984833486309906,14.578141483851562,15.364855402284894
8897101,2020-2021,27.0,2021-03-06 15:00,finished,Sheffield United,Southampton,15.0,45.0,0.0,2.0,6.828757801123362,6.782262975094286,13.915086044504667,15.202662532168421
8897087,2020-2021,27.0,2021-03-06 17:30,finished,Aston Villa,Wolverhampton,40.0,3.0,0.0,0.0,6.940901353547526,6.946682262959462,16.085262401510327,15.198419828296412
8897097,2020-2021,27.0,2021-03-06 20:00,finished,Brighton & Hove Albion,Leicester City,30.0,31.0,1.0,2.0,6.9261152625444025,6.962005593045592,16.123274704045343,15.23368560736772
8897095,2020-2021,27.0,2021-03-07 12:00,finished,West Bromwich Albion,Newcastle United,8.0,39.0,0.0,0.0,6.790692723407208,6.824465214534286,15.003320068913245,14.68980112893142
8897090,2020-2021,27.0,2021-03-07 14:00,finished,Liverpool,Fulham,44.0,43.0,0.0,1.0,7.006382218264474,6.939225289214897,15.410566329975659,15.800424656405575
8897099,2020-2021,27.0,2021-03-07 16:30,finished,Manchester City,Manchester United,17.0,35.0,0.0,2.0,7.235592404645535,7.041960046407635,16.492128222918602,16.56646589740447
8897106,2020-2021,27.0,2021-03-07 19:15,finished,Tottenham Hotspur,Crystal Palace,33.0,7.0,4.0,1.0,7.03067477042705,6.914406049315148,15.781379425720417,13.793883836831318
8897082,2020-2021,27.0,2021-03-08 18:00,finished,Chelsea,Everton,38.0,48.0,2.0,0.0,7.0039454897178635,6.931898585318522,15.86089643979081,15.544273614115571
8897105,2020-2021,27.0,2021-03-08 20:00,finished,West Ham United,Leeds United,37.0,34.0,2.0,0.0,6.8835574389361085,6.952543512043513,15.014052547176135,14.410983640769013
8897185,2020-2021,33.0,2021-03-10 18:00,finished,Manchester City,Southampton,17.0,45.0,5.0,2.0,7.216396809086081,6.825889058209268,16.426629367456524,14.60689585322017
8897079,2020-2021,28.0,2021-03-12 20:00,finished,Newcastle United,Aston Villa,39.0,40.0,1.0,1.0,6.8559008036126015,6.919099650338873,14.68980112893142,16.300105842827
8897063,2020-2021,28.0,2021-03-13 12:30,finished,Leeds United,Chelsea,34.0,38.0,0.0,0.0,6.963985605038237,7.019121485826307,15.290810251276278,16.038911752392043
8897078,2020-2021,28.0,2021-03-13 15:00,finished,Crystal Palace,West Bromwich Albion,7.0,8.0,1.0,0.0,6.893818973510232,6.8243080499888285,13.997175989435814,15.003320068913245
8897069,2020-2021,28.0,2021-03-13 17:30,finished,Everton,Burnley,48.0,6.0,1.0,2.0,6.892033878630457,6.92007838696876,15.740005737663125,14.331955101933177
8897067,2020-2021,28.0,2021-03-13 20:00,finished,Fulham,Manchester City,43.0,17.0,0.0,3.0,6.953629609791947,7.130044638185353,16.075845913244635,16.661249845811458
8897081,2020-2021,28.0,2021-03-14 12:00,finished,Southampton,Brighton & Hove Albion,45.0,30.0,1.0,2.0,6.824856297874437,6.926194614147639,15.290698392238108,15.81352320725895
8897064,2020-2021,28.0,2021-03-14 14:00,finished,Leicester City,Sheffield United,31.0,15.0,5.0,0.0,6.982880251816798,6.845099067413892,15.468707021192293,13.69891903459123
8897076,2020-2021,28.0,2021-03-14 16:30,finished,Arsenal,Tottenham Hotspur,42.0,33.0,2.0,1.0,6.938005638827628,7.0932139205089895,16.030533864657453,15.706112889765771
8897073,2020-2021,28.0,2021-03-14 19:15,finished,Manchester United,West Ham United,35.0,37.0,1.0,0.0,7.045531359693217,6.9273211627076074,16.76046247745522,15.177471616539659
8897083,2020-2021,28.0,2021-03-15 20:00,finished,Wolverhampton,Liverpool,3.0,44.0,0.0,1.0,6.960983923097704,7.046641142835646,15.042097321368516,16.2791060983755
8897086,2020-2021,29.0,2021-03-19 20:00,finished,Fulham,Leeds United,43.0,34.0,1.0,2.0,6.921402355647354,6.972875617072986,16.148677301533663,15.290810251276278
8897075,2020-2021,29.0,2021-03-20 20:00,finished,Brighton & Hove Albion,Newcastle United,30.0,39.0,3.0,0.0,6.942076036781526,6.859296577118278,15.887533623623721,14.90146605348327
8897203,2020-2021,29.0,2021-03-21 15:00,finished,West Ham United,Arsenal,37.0,42.0,3.0,3.0,6.905158412169942,6.9822387838264754,15.141155167064035,15.583189583706554
9356100,2020-2021,18.0,2021-03-21 19:30,finished,Aston Villa,Tottenham Hotspur,40.0,33.0,0.0,2.0,6.974307592482578,6.91004891567035,16.150346955524366,15.753300448733398
8897167,2020-2021,30.0,2021-04-03 11:30,finished,Chelsea,West Bromwich Albion,38.0,8.0,2.0,5.0,7.071692722962717,6.80252609807847,15.39825035710556,14.633248677737154
8897210,2020-2021,30.0,2021-04-03 14:00,finished,Leeds United,Sheffield United,34.0,15.0,2.0,1.0,6.9940830694905936,6.845241593707286,14.85725958937238,13.597280661469872
8897181,2020-2021,30.0,2021-04-03 16:30,finished,Leicester City,Manchester City,31.0,17.0,0.0,2.0,6.963414845133636,7.204729828764431,15.340686789877319,16.21514762657403
8897146,2020-2021,30.0,2021-04-03 19:00,finished,Arsenal,Liverpool,42.0,44.0,0.0,3.0,7.000105153718946,7.113896920823817,15.816259820534036,15.968537448108298
8897159,2020-2021,30.0,2021-04-04 11:00,finished,Southampton,Burnley,45.0,6.0,3.0,2.0,6.87458043292934,6.921963252179483,14.798046809152071,14.331955101933177
8897195,2020-2021,30.0,2021-04-04 13:05,finished,Newcastle United,Tottenham Hotspur,39.0,33.0,2.0,2.0,6.826613780327372,6.952498306298653,14.891449715016515,15.753300448733398
8897171,2020-2021,30.0,2021-04-04 15:30,finished,Aston Villa,Fulham,40.0,43.0,3.0,1.0,6.947772460948823,6.947695661030721,16.008364262838697,16.106121358011023
8897164,2020-2021,30.0,2021-04-04 18:30,finished,Manchester United,Brighton & Hove Albion,35.0,30.0,2.0,1.0,7.078044936712555,6.969715178177284,16.26526006365663,15.887533623623721
8897189,2020-2021,30.0,2021-04-05 17:00,finished,Everton,Crystal Palace,48.0,7.0,1.0,1.0,6.945527873785352,6.894356199142004,15.03611778747094,13.997175989435814
8897148,2020-2021,30.0,2021-04-05 19:15,finished,Wolverhampton,West Ham United,3.0,37.0,2.0,3.0,6.9224021840434835,6.899575146687064,15.706530683371776,14.535010604408336
8897128,2020-2021,31.0,2021-04-09 19:00,finished,Fulham,Wolverhampton,43.0,3.0,0.0,1.0,6.915493589284287,6.922601748383321,15.72455754458722,15.706530683371776
8897120,2020-2021,31.0,2021-04-10 11:30,finished,Manchester City,Leeds United,17.0,34.0,1.0,2.0,7.0796969802486185,6.95934436473437,16.308463100946046,14.518519183419397
8897154,2020-2021,31.0,2021-04-10 14:00,finished,Liverpool,Aston Villa,44.0,40.0,2.0,1.0,7.066159966617049,6.939501866236742,16.010026014461786,16.028549287753002
8897172,2020-2021,31.0,2021-04-10 16:30,finished,Crystal Palace,Chelsea,7.0,38.0,1.0,4.0,6.893973053627391,6.99512557071635,13.997175989435814,16.29577652678719
8897175,2020-2021,31.0,2021-04-11 11:00,finished,Burnley,Newcastle United,6.0,39.0,1.0,2.0,6.758195563723259,6.852196860013839,14.150462537763348,15.040024114828853
8897180,2020-2021,31.0,2021-04-11 13:05,finished,West Ham United,Leicester City,37.0,31.0,3.0,2.0,6.8935175004316,6.957768245900443,14.9198050192827,15.19304818310296
8897188,2020-2021,31.0,2021-04-11 15:30,finished,Tottenham Hotspur,Manchester United,33.0,35.0,1.0,3.0,7.025348512423824,7.079043212235326,15.724769577683235,16.25124636549052
8897206,2020-2021,31.0,2021-04-11 18:00,finished,Sheffield United,Arsenal,15.0,42.0,0.0,3.0,6.849166470812431,6.935425871397152,13.717389213530323,15.838376613532404
8897170,2020-2021,31.0,2021-04-12 17:00,finished,West Bromwich Albion,Southampton,8.0,45.0,3.0,0.0,6.835101654786403,6.878911057383491,14.647638095703162,14.798046809152071
8897179,2020-2021,31.0,2021-04-12 19:15,finished,Brighton & Hove Albion,Everton,30.0,48.0,0.0,0.0,6.924752898971738,6.998480098318506,15.887533623623721,14.703479015565101
8897119,2020-2021,32.0,2021-04-16 19:00,finished,Everton,Tottenham Hotspur,48.0,33.0,2.0,2.0,6.999890346260324,7.016629539946243,15.317604542706567,15.424480713882508
8897127,2020-2021,32.0,2021-04-17 11:30,finished,Newcastle United,West Ham United,39.0,37.0,3.0,2.0,6.8629531103212775,6.895327116214698,15.183240387904263,14.923344079735003
8897113,2020-2021,32.0,2021-04-17 19:15,finished,Wolverhampton,Sheffield United,3.0,15.0,1.0,0.0,6.9283109259906945,6.823561034269881,14.892756072680408,13.596610866601461
8897211,2020-2021,32.0,2021-04-18 12:30,finished,Arsenal,Fulham,42.0,43.0,1.0,1.0,6.91723012522748,6.886026351075043,16.101722642034716,16.07352470397144
8897194,2020-2021,32.0,2021-04-18 15:00,finished,Manchester United,Burnley,35.0,6.0,3.0,1.0,7.102352839261763,6.8082735129187935,16.665374426984066,14.388484929239791
8897214,2020-2021,32.0,2021-04-19 19:00,finished,Leeds United,Liverpool,34.0,44.0,1.0,1.0,6.921885964200261,7.057721629051059,14.762357846834709,15.974983868316887
8897187,2020-2021,32.0,2021-04-20 19:00,finished,Chelsea,Brighton & Hove Albion,38.0,30.0,0.0,0.0,7.025684139973626,6.9260242426786816,16.254401540991942,16.096384522004872
9437903,2020-2021,29.0,2021-04-21 17:00,finished,Tottenham Hotspur,Southampton,33.0,45.0,2.0,1.0,7.028120452831487,6.83612282029999,15.394781746359715,15.184483400625032
8897196,2020-2021,32.0,2021-04-21 19:15,finished,Aston Villa,Manchester City,40.0,17.0,1.0,2.0,6.92630145997793,7.184337725684688,16.226052215811936,16.650495433640057
8897126,2020-2021,32.0,2021-04-22 19:00,finished,Leicester City,West Bromwich Albion,31.0,8.0,3.0,0.0,7.012622351498402,6.857828288714652,15.689121523210371,14.647638095703162
8897132,2020-2021,33.0,2021-04-23 19:00,finished,Arsenal,Everton,42.0,48.0,0.0,1.0,6.936462178610035,6.9694928882883005,15.874168996770504,15.085318562465421
8897149,2020-2021,33.0,2021-04-24 11:30,finished,Liverpool,Newcastle United,44.0,39.0,1.0,1.0,7.078540974825355,6.863766057884745,16.331558545187914,15.183240387904263
8897186,2020-2021,33.0,2021-04-24 16:30,finished,West Ham United,Chelsea,37.0,38.0,0.0,1.0,6.90173253570589,7.017870803859004,14.859264983829426,15.625265351591587
8897209,2020-2021,33.0,2021-04-24 19:00,finished,Sheffield United,Brighton & Hove Albion,15.0,30.0,1.0,0.0,6.799819785408999,6.970124166441903,13.54131908267633,15.756737371838724
8897205,2020-2021,33.0,2021-04-25 11:00,finished,Wolverhampton,Burnley,3.0,6.0,0.0,4.0,6.929916670004347,6.898155566842633,15.274997157354255,14.611706694553
8897213,2020-2021,33.0,2021-04-25 13:00,finished,Leeds United,Manchester United,34.0,35.0,0.0,0.0,6.939519464926676,7.047523927090065,14.762357846834709,16.76046247745522
8897183,2020-2021,33.0,2021-04-25 18:00,finished,Aston Villa,West Bromwich Albion,40.0,8.0,2.0,2.0,6.962740494524815,6.834230803713992,15.93598072670478,14.892639914733968
8897169,2020-2021,33.0,2021-04-26 19:00,finished,Leicester City,Crystal Palace,31.0,7.0,2.0,1.0,7.023121214557826,6.883391252829535,15.689121523210371,13.997175989435814
8897115,2020-2021,34.0,2021-04-30 19:00,finished,Southampton,Leicester City,45.0,31.0,1.0,1.0,6.831186948596801,7.026447842718443,15.017014958187724,15.689121523210371
8897139,2020-2021,34.0,2021-05-01 11:30,finished,Crystal Palace,Manchester City,7.0,17.0,0.0,2.0,6.875649691881554,7.1221730895683635,14.28091717632177,16.326581797354315
8897116,2020-2021,34.0,2021-05-01 14:00,finished,Brighton & Hove Albion,Leeds United,30.0,34.0,2.0,0.0,6.936907013626046,6.9307320928531535,15.812601543518921,14.844961471199444
8897109,2020-2021,34.0,2021-05-01 16:30,finished,Chelsea,Fulham,38.0,43.0,2.0,0.0,7.010093213967457,6.879265824382111,15.936427343096256,16.07352470397144
8897190,2020-2021,34.0,2021-05-01 19:00,finished,Everton,Aston Villa,48.0,40.0,1.0,2.0,6.910456910505582,6.977315722551666,15.323158803542611,16.014636342064783
8897166,2020-2021,34.0,2021-05-02 13:00,finished,Newcastle United,Arsenal,39.0,42.0,0.0,2.0,6.873575004631291,6.985607978093167,14.958486752624056,15.428507202152236
8897134,2020-2021,34.0,2021-05-02 18:15,finished,Tottenham Hotspur,Sheffield United,33.0,15.0,4.0,0.0,7.091111077866844,6.819607508189358,15.681035182300949,13.54131908267633
8897129,2020-2021,34.0,2021-05-03 17:00,finished,West Bromwich Albion,Wolverhampton,8.0,3.0,1.0,1.0,6.826552258523585,6.811279103900373,15.17231774640506,15.597112767501471
8897212,2020-2021,34.0,2021-05-03 19:15,finished,Burnley,West Ham United,6.0,37.0,1.0,2.0,6.904105201063168,6.89965847560766,14.611706694553,14.583489051867547
8897123,2020-2021,35.0,2021-05-07 19:00,finished,Leicester City,Newcastle United,31.0,39.0,2.0,4.0,7.036713588175728,6.826459366441907,15.619806805154377,14.879766835527285
8897204,2020-2021,35.0,2021-05-08 11:30,finished,Leeds United,Tottenham Hotspur,34.0,33.0,3.0,1.0,6.925563270016409,7.11537997240186,14.844961471199444,15.681035182300949
8897112,2020-2021,35.0,2021-05-08 14:00,finished,Sheffield United,Crystal Palace,15.0,7.0,0.0,2.0,6.829275266912105,6.875342189720769,13.678683343900751,14.318866138492263
8897219,2020-2021,35.0,2021-05-08 16:30,finished,Manchester City,Chelsea,17.0,38.0,1.0,2.0,7.132714494220976,7.0386902880716145,16.492913400404877,15.757848252687522
8897193,2020-2021,35.0,2021-05-08 19:15,finished,Liverpool,Southampton,44.0,45.0,2.0,0.0,7.091358056291875,6.844156191629707,16.046785660355823,14.961379606454832
8897143,2020-2021,35.0,2021-05-09 11:00,finished,Wolverhampton,Brighton & Hove Albion,3.0,30.0,2.0,1.0,6.822924275263733,6.904634667364229,16.299857732190937,15.702564844004717
8897208,2020-2021,35.0,2021-05-09 13:05,finished,Aston Villa,Manchester United,40.0,35.0,1.0,3.0,6.9747007345437195,7.10650785010427,16.01463634206478,16.665374426984066
8897162,2020-2021,35.0,2021-05-09 15:30,finished,West Ham United,Everton,37.0,48.0,0.0,1.0,6.9128748579195705,6.938563859762566,14.583489051867547,15.101931754412705
8897110,2020-2021,35.0,2021-05-09 18:00,finished,Arsenal,West Bromwich Albion,42.0,8.0,3.0,1.0,6.9611481561365505,6.847171632913893,15.873816018729555,14.46733061960417
8897103,2020-2021,35.0,2021-05-10 19:00,finished,Fulham,Burnley,43.0,6.0,0.0,2.0,6.915597643405841,6.902201417621092,16.061051874742944,14.611706694553
8897133,2020-2021,36.0,2021-05-11 17:00,finished,Manchester United,Leicester City,35.0,31.0,1.0,2.0,6.9249650654777035,6.969794931289565,15.28605176524885,15.538021739248288
9502921,2020-2021,32.0,2021-05-11 19:15,finished,Southampton,Crystal Palace,45.0,7.0,3.0,1.0,6.859563468672019,6.868312733499253,14.940370655655828,14.404886265014573
8897155,2020-2021,36.0,2021-05-12 19:15,finished,Chelsea,Arsenal,38.0,42.0,0.0,1.0,6.988463008981349,6.922323684274523,16.13092422884026,16.15482905360217
9501660,2020-2021,19.0,2021-05-13 17:00,finished,Aston Villa,Everton,40.0,48.0,0.0,0.0,6.9414401929259215,6.949708196107147,15.830727208003204,15.17102149974778
9507199,2020-2021,34.0,2021-05-13 19:15,finished,Manchester United,Liverpool,35.0,44.0,2.0,4.0,7.0810433316975825,7.093141582592637,16.072630126094182,16.017002215964244
8897157,2020-2021,36.0,2021-05-14 19:00,finished,Newcastle United,Manchester City,39.0,17.0,3.0,4.0,6.820491350288119,7.104232294606365,15.079547844665244,16.479648466175828
8897141,2020-2021,36.0,2021-05-15 11:30,finished,Burnley,Leeds United,6.0,34.0,0.0,4.0,6.827323333946234,6.999789591351426,14.430214130383167,15.102837427058876
8897156,2020-2021,36.0,2021-05-15 14:00,finished,Southampton,Fulham,45.0,43.0,3.0,1.0,6.835741821002216,6.820590008549408,14.864479955871921,15.524808202830885
8897138,2020-2021,36.0,2021-05-15 19:00,finished,Brighton & Hove Albion,West Ham United,30.0,37.0,1.0,1.0,6.871537915157651,6.918445312434269,15.750046732608986,14.759657525491447
8897192,2020-2021,36.0,2021-05-16 11:00,finished,Crystal Palace,Aston Villa,7.0,40.0,3.0,2.0,6.89237379810478,6.920847846103323,14.168056630495974,15.969295171357638
8897184,2020-2021,36.0,2021-05-16 13:05,finished,Tottenham Hotspur,Wolverhampton,33.0,3.0,2.0,0.0,7.0868566979207595,6.867550805581019,15.744429055464016,15.708132757885522
8897197,2020-2021,36.0,2021-05-16 15:30,finished,West Bromwich Albion,Liverpool,8.0,44.0,1.0,2.0,6.825832002528225,7.115187538933787,14.706840064852408,16.119820719933646
8897215,2020-2021,36.0,2021-05-16 18:00,finished,Everton,Sheffield United,48.0,15.0,0.0,1.0,6.993920997185976,6.860511492952863,15.322249239175449,13.27567453980141
8897200,2020-2021,37.0,2021-05-18 17:00,finished,Manchester United,Fulham,35.0,43.0,1.0,1.0,7.032959232296645,6.9440950910076005,16.000034850844827,15.130679632042494
8897160,2020-2021,37.0,2021-05-18 17:00,finished,Southampton,Leeds United,45.0,34.0,0.0,2.0,6.808082459856606,6.961330789781877,14.877899836692535,14.762496497899084
8897108,2020-2021,37.0,2021-05-18 18:00,finished,Brighton & Hove Albion,Manchester City,30.0,17.0,3.0,2.0,6.845144023438763,7.195764184550972,15.885326464920787,16.8761132724922
8897174,2020-2021,37.0,2021-05-18 19:15,finished,Chelsea,Leicester City,38.0,31.0,2.0,1.0,7.042244189443836,6.996640206024242,15.780586152962343,15.738653666933377
8897158,2020-2021,37.0,2021-05-19 17:00,finished,Newcastle United,Sheffield United,39.0,15.0,1.0,0.0,6.818675224186484,6.862643697435658,15.079547844665244,13.448513525330956
8897207,2020-2021,37.0,2021-05-19 17:00,finished,Everton,Wolverhampton,48.0,3.0,1.0,0.0,6.957928551376839,6.897512844938084,15.158882282236458,15.486025720582536
8897198,2020-2021,37.0,2021-05-19 17:00,finished,Tottenham Hotspur,Aston Villa,33.0,40.0,1.0,2.0,6.977272237737162,6.98910821991665,15.722434533274917,15.58555710978232
8897168,2020-2021,37.0,2021-05-19 18:00,finished,Crystal Palace,Arsenal,7.0,42.0,1.0,3.0,6.891212793710694,6.939221128296331,13.597946007110611,15.832235549158053
8897199,2020-2021,37.0,2021-05-19 19:15,finished,West Bromwich Albion,West Ham United,8.0,37.0,1.0,3.0,6.846593070302353,6.873972811325421,14.829932169716077,14.848966705164136
8897152,2020-2021,37.0,2021-05-19 19:15,finished,Burnley,Liverpool,6.0,44.0,0.0,3.0,6.902486392289597,7.119138627858967,14.284524595009758,15.839353016254515
8897227,2020-2021,38.0,2021-05-23 15:00,finished,Liverpool,Crystal Palace,44.0,7.0,2.0,0.0,7.139080846554332,6.859624679388068,15.839353016254517,13.574874966579694
8897229,2020-2021,38.0,2021-05-23 15:00,finished,Arsenal,Brighton & Hove Albion,42.0,30.0,2.0,0.0,6.963967641442441,6.861001331501453,15.958136888558096,16.07304584648574
8897226,2020-2021,38.0,2021-05-23 15:00,finished,Sheffield United,Burnley,15.0,6.0,1.0,0.0,6.845168265600009,6.80442374128493,13.27567453980141,14.476481854667151
8897218,2020-2021,38.0,2021-05-23 15:00,finished,Aston Villa,Chelsea,40.0,38.0,2.0,1.0,6.991569739420674,7.033352407710078,15.58555710978232,15.88899925373528
8897224,2020-2021,38.0,2021-05-23 15:00,finished,Wolverhampton,Manchester United,3.0,35.0,1.0,2.0,6.920481931117203,6.814432456691298,15.334732768946083,15.374795423810076
8897228,2020-2021,38.0,2021-05-23 15:00,finished,Leicester City,Tottenham Hotspur,31.0,33.0,2.0,4.0,7.0085122604629495,6.974387679228354,15.689121523210371,15.787412241660906
8897222,2020-2021,38.0,2021-05-23 15:00,finished,Manchester City,Everton,17.0,48.0,5.0,0.0,7.19816109885399,6.942760566406505,16.49778684422454,15.376051700488098
8897221,2020-2021,38.0,2021-05-23 15:00,finished,Fulham,Newcastle United,43.0,39.0,0.0,2.0,6.753414713724138,6.827716293990272,14.916712851861375,15.010567120334096
8897220,2020-2021,38.0,2021-05-23 15:00,finished,Leeds United,West Bromwich Albion,34.0,8.0,3.0,1.0,6.982180524342552,6.789843207917371,14.845389099554023,14.741807030170605
8897223,2020-2021,38.0,2021-05-23 15:00,finished,West Ham United,Southampton,37.0,45.0,3.0,0.0,6.920663451761627,6.834126307384068,14.759657525491447,14.980954890900415
9576151,2021-2022,1.0,2021-08-13 19:00,finished,Brentford,Arsenal,50.0,42.0,2.0,0.0,6.937225795164517,6.925803898766543,16.03953911884086,16.031633615991726
9576081,2021-2022,1.0,2021-08-14 11:30,finished,Manchester United,Leeds United,35.0,34.0,5.0,1.0,7.058175611158581,7.002733153558461,16.382071486941307,15.098771039133487
9576259,2021-2022,1.0,2021-08-14 14:00,finished,Chelsea,Crystal Palace,38.0,7.0,3.0,0.0,7.012725874533661,6.789390477191763,15.932701762154254,14.78970199049104
9576149,2021-2022,1.0,2021-08-14 14:00,finished,Everton,Southampton,48.0,45.0,3.0,1.0,6.923000988071704,6.869919677700068,15.17268960326307,15.113673476968481
9576162,2021-2022,1.0,2021-08-14 14:00,finished,Burnley,Brighton & Hove Albion,6.0,30.0,1.0,2.0,6.9077518430087,6.94907455186345,14.263758624424247,15.414095934027372
9576403,2021-2022,1.0,2021-08-14 14:00,finished,Leicester City,Wolverhampton,31.0,3.0,1.0,0.0,6.964989675001174,6.955570043364497,15.498570911526736,15.181065375938447
9576160,2021-2022,1.0,2021-08-14 14:00,finished,Watford,Aston Villa,24.0,40.0,3.0,2.0,6.834481543604867,6.967356177610051,13.971798675689708,15.425545566090362
9576193,2021-2022,1.0,2021-08-14 16:30,finished,Norwich City,Liverpool,263.0,44.0,0.0,3.0,6.812301696414631,7.149274318989597,14.378866510702599,16.008598909138883
9576414,2021-2022,1.0,2021-08-15 13:00,finished,Newcastle United,West Ham United,39.0,37.0,2.0,4.0,6.858776836694494,6.90880010351132,14.680331066423918,14.873545068081937
9576188,2021-2022,1.0,2021-08-15 15:30,finished,Tottenham Hotspur,Manchester City,33.0,17.0,1.0,0.0,6.90800941244726,7.127769212910331,15.524051954322845,16.18504942043892
9576069,2021-2022,2.0,2021-08-21 11:30,finished,Liverpool,Burnley,44.0,6.0,2.0,0.0,7.117731284005979,6.909699273365524,16.41014194868539,14.493636524795823
9576143,2021-2022,2.0,2021-08-21 14:00,finished,Crystal Palace,Brentford,7.0,50.0,0.0,0.0,6.81161464505382,7.2,15.060967628642752,16.03953911884086
9576170,2021-2022,2.0,2021-08-21 14:00,finished,Leeds United,Everton,34.0,48.0,2.0,2.0,7.01592551789172,6.926853649735438,15.052636482483226,15.51108979836785
9576187,2021-2022,2.0,2021-08-21 14:00,finished,Manchester City,Norwich City,17.0,263.0,5.0,0.0,7.16629023029557,6.852692242440819,16.652424026120357,14.378866510702599
9576209,2021-2022,2.0,2021-08-21 14:00,finished,Aston Villa,Newcastle United,40.0,39.0,2.0,0.0,6.930305844047513,6.825367993973811,15.936536003804036,15.09520378713228
9576184,2021-2022,2.0,2021-08-21 16:30,finished,Brighton & Hove Albion,Watford,30.0,24.0,2.0,0.0,6.95744759416034,6.815375877807045,15.771804738839952,14.381674170591257
9576076,2021-2022,2.0,2021-08-22 13:00,finished,Southampton,Manchester United,45.0,35.0,1.0,1.0,6.75816910371708,7.089551361702243,15.113673476968481,16.005361429628678
9576150,2021-2022,2.0,2021-08-22 13:00,finished,Wolverhampton,Tottenham Hotspur,3.0,33.0,0.0,1.0,7.011597387908116,6.903338826416098,15.214056784455662,15.524051954322845
9576412,2021-2022,2.0,2021-08-22 15:30,finished,Arsenal,Chelsea,42.0,38.0,0.0,2.0,6.945238238287138,7.0653316421622065,15.975745184011554,16.09773013154932
9576389,2021-2022,2.0,2021-08-23 19:00,finished,West Ham United,Leicester City,37.0,31.0,4.0,1.0,6.919170197131445,6.964849435808957,14.873545068081937,15.49857091152674
9576260,2021-2022,3.0,2021-08-28 11:30,finished,Manchester City,Arsenal,17.0,42.0,5.0,0.0,7.168701388990194,6.931778578286779,16.652424026120357,15.84574297713284
9576386,2021-2022,3.0,2021-08-28 14:00,finished,West Ham United,Crystal Palace,37.0,7.0,2.0,2.0,6.930685101487973,6.842895642591063,14.873545068081937,15.060967628642752
9576383,2021-2022,3.0,2021-08-28 14:00,finished,Newcastle United,Southampton,39.0,45.0,2.0,2.0,6.795317183158193,6.824255862718078,15.42354522173286,15.186780406505887
9576147,2021-2022,3.0,2021-08-28 14:00,finished,Brighton & Hove Albion,Everton,30.0,48.0,0.0,2.0,6.9259336109910326,6.9237480447966115,15.897540806614353,15.17268960326307
9576240,2021-2022,3.0,2021-08-28 14:00,finished,Norwich City,Leicester City,263.0,31.0,1.0,2.0,6.8059675361544745,6.957787883484494,14.395304334911396,15.481247147846421
9576152,2021-2022,3.0,2021-08-28 14:00,finished,Aston Villa,Brentford,40.0,50.0,1.0,1.0,6.944939794005432,7.154509863738051,15.764574069135648,15.89047154957455
9576148,2021-2022,3.0,2021-08-28 16:30,finished,Liverpool,Chelsea,44.0,38.0,1.0,1.0,7.165636605797807,7.076942175811072,16.43754856232664,15.98931703077638
9576190,2021-2022,3.0,2021-08-29 13:00,finished,Burnley,Leeds United,6.0,34.0,1.0,1.0,6.931253159672215,7.029396482163122,14.445762934662438,15.230093418457827
9576132,2021-2022,3.0,2021-08-29 13:00,finished,Tottenham Hotspur,Watford,33.0,24.0,1.0,0.0,6.948643073140203,6.828306871944862,15.821272691052938,13.914759164614704
9576382,2021-2022,3.0,2021-08-29 15:30,finished,Wolverhampton,Manchester United,3.0,35.0,0.0,1.0,7.036274380448603,7.057568646932816,15.214056784455662,16.385702132862363
9576085,2021-2022,4.0,2021-09-11 11:30,finished,Crystal Palace,Tottenham Hotspur,7.0,33.0,3.0,0.0,6.843340113861354,6.945378176712993,15.060967628642752,15.49930241316394
9576173,2021-2022,4.0,2021-09-11 14:00,finished,Southampton,West Ham United,45.0,37.0,0.0,0.0,6.805995279399308,6.9288676995436616,14.959680832329012,14.873545068081937
9576087,2021-2022,4.0,2021-09-11 14:00,finished,Brentford,Brighton & Hove Albion,50.0,30.0,0.0,1.0,7.044763729246489,6.959658786358724,15.91485918471952,15.72327346628477
9576135,2021-2022,4.0,2021-09-11 14:00,finished,Manchester United,Newcastle United,35.0,39.0,4.0,1.0,7.070715247396308,6.788584206197661,16.217753071436437,15.266326585522673
9576166,2021-2022,4.0,2021-09-11 14:00,finished,Watford,Wolverhampton,24.0,3.0,0.0,2.0,6.810807941745364,6.9882546726366375,13.947301404658168,15.214056784455662
9576165,2021-2022,4.0,2021-09-11 14:00,finished,Leicester City,Manchester City,31.0,17.0,0.0,1.0,6.968130026153029,7.18230801260643,15.619678957022593,16.652424026120357
9576408,2021-2022,4.0,2021-09-11 14:00,finished,Arsenal,Norwich City,42.0,263.0,1.0,0.0,6.9088358772116285,6.7243824081176005,16.67374036731133,14.158877741227027
9576168,2021-2022,4.0,2021-09-11 16:30,finished,Chelsea,Aston Villa,38.0,40.0,3.0,0.0,7.149871362077729,6.871970293629736,15.826899540580149,16.31107946559819
9576077,2021-2022,4.0,2021-09-12 15:30,finished,Leeds United,Liverpool,34.0,44.0,0.0,3.0,6.989730718866985,7.1588597865222905,15.101426966440723,16.871760460661214
9576114,2021-2022,4.0,2021-09-13 19:00,finished,Everton,Burnley,48.0,6.0,3.0,1.0,6.928461080716442,6.93165640902611,15.055480321887382,14.445762934662438
9576075,2021-2022,5.0,2021-09-17 19:00,finished,Newcastle United,Leeds United,39.0,34.0,1.0,1.0,6.838893987811942,6.941161908823362,14.9672099344387,14.89600742435544
9576397,2021-2022,5.0,2021-09-18 11:30,finished,Wolverhampton,Brentford,3.0,50.0,0.0,2.0,7.014423147711846,6.947727272727272,15.214056784455662,15.91485918471952
9576156,2021-2022,5.0,2021-09-18 14:00,finished,Liverpool,Crystal Palace,44.0,7.0,3.0,0.0,7.152967520418182,6.852723572431808,16.221463223521962,15.060967628642752
9576406,2021-2022,5.0,2021-09-18 14:00,finished,Burnley,Arsenal,6.0,42.0,0.0,1.0,6.929314976016872,6.954367964454449,14.445762934662438,16.680235946394394
9576189,2021-2022,5.0,2021-09-18 14:00,finished,Norwich City,Watford,263.0,24.0,1.0,3.0,6.795949170549123,6.808112141180556,14.660543382143164,14.10149594506629
9576080,2021-2022,5.0,2021-09-18 14:00,finished,Manchester City,Southampton,17.0,45.0,0.0,0.0,7.1609020724857775,6.866395977500548,16.32778494801117,15.19965772623889
9576229,2021-2022,5.0,2021-09-18 16:30,finished,Aston Villa,Everton,40.0,48.0,3.0,0.0,6.920421388904976,6.912649601408072,16.32668485641165,14.683003292625557
9576251,2021-2022,5.0,2021-09-19 13:00,finished,West Ham United,Manchester United,37.0,35.0,1.0,2.0,6.916393216756663,7.271546535766592,15.239946500291364,16.44605193443759
9576398,2021-2022,5.0,2021-09-19 13:00,finished,Brighton & Hove Albion,Leicester City,30.0,31.0,2.0,1.0,6.9403706643507,6.980907965099799,15.637626242618444,15.575548528047912
9576161,2021-2022,5.0,2021-09-19 15:30,finished,Tottenham Hotspur,Chelsea,33.0,38.0,0.0,3.0,6.9195189185918515,7.047723324683983,15.972852637568424,15.731345136138486
9576159,2021-2022,6.0,2021-09-25 11:30,finished,Manchester United,Aston Villa,35.0,40.0,0.0,1.0,7.196115276155217,6.939610107936186,16.44605193443759,16.161799549507393
9576243,2021-2022,6.0,2021-09-25 11:30,finished,Chelsea,Manchester City,38.0,17.0,0.0,1.0,7.073824560608809,7.24939869776012,15.658969787419027,16.82412101240898
9576145,2021-2022,6.0,2021-09-25 14:00,finished,Leeds United,West Ham United,34.0,37.0,1.0,2.0,6.886406095864998,6.947838432888587,15.249981053957171,15.00798304353803
9576154,2021-2022,6.0,2021-09-25 14:00,finished,Watford,Newcastle United,24.0,39.0,1.0,1.0,6.815816066879264,6.842548068126089,14.10149594506629,15.030940620726454
9576195,2021-2022,6.0,2021-09-25 14:00,finished,Leicester City,Burnley,31.0,6.0,2.0,2.0,6.912561660659457,6.91778998562487,15.602577561021903,14.775202008860168
9576417,2021-2022,6.0,2021-09-25 14:00,finished,Everton,Norwich City,48.0,263.0,2.0,0.0,6.929180854986867,6.9075098809561695,15.077500294466928,14.3622773629445
9576163,2021-2022,6.0,2021-09-25 16:30,finished,Brentford,Liverpool,50.0,44.0,3.0,3.0,7.013636363636363,7.137886590507702,16.03953911884086,16.665341101952073
9576116,2021-2022,6.0,2021-09-26 13:00,finished,Southampton,Wolverhampton,45.0,3.0,0.0,1.0,6.887225014880258,6.944679053527232,15.370815112369234,14.884366041876467
9576157,2021-2022,6.0,2021-09-26 15:30,finished,Arsenal,Tottenham Hotspur,42.0,33.0,3.0,1.0,6.963823778629418,6.9734078794501935,16.72330725112945,15.611275854662786
9576384,2021-2022,6.0,2021-09-27 19:00,finished,Crystal Palace,Brighton & Hove Albion,7.0,30.0,1.0,1.0,6.86312564667927,6.9914127790098,15.37105674424095,15.543200115792326
9576409,2021-2022,7.0,2021-10-02 11:30,finished,Manchester United,Everton,35.0,48.0,1.0,1.0,7.0561425689665525,6.902819356724592,16.076801578979875,15.156503735105439
9576127,2021-2022,7.0,2021-10-02 14:00,finished,Chelsea,Southampton,38.0,45.0,3.0,1.0,7.1158292115498405,6.848185704547955,15.79075452115032,15.43932752823162
9576478,2021-2022,7.0,2021-10-02 14:00,finished,Wolverhampton,Newcastle United,3.0,39.0,2.0,1.0,6.942539285405962,6.846142777995331,15.230237071291604,15.030940620726454
9576371,2021-2022,7.0,2021-10-02 14:00,finished,Leeds United,Watford,34.0,24.0,1.0,0.0,6.902097926147094,6.803875215407813,15.097095311379695,14.112715244959446
9576411,2021-2022,7.0,2021-10-02 14:00,finished,Burnley,Norwich City,6.0,263.0,0.0,0.0,6.883720829506029,6.861567242952021,15.151052345683647,14.475417574093608
9576124,2021-2022,7.0,2021-10-02 16:30,finished,Brighton & Hove Albion,Arsenal,30.0,42.0,0.0,0.0,6.9517648592466905,6.973005104197543,15.638567942186901,16.699969072147724
9576376,2021-2022,7.0,2021-10-03 13:00,finished,West Ham United,Brentford,37.0,50.0,1.0,2.0,6.949631983066675,6.905767350928642,15.00798304353803,15.456409772235071
9576219,2021-2022,7.0,2021-10-03 13:00,finished,Crystal Palace,Leicester City,7.0,31.0,2.0,2.0,6.838299063906834,6.9267961849678334,15.37105674424095,15.54695773183374
9576442,2021-2022,7.0,2021-10-03 13:00,finished,Tottenham Hotspur,Aston Villa,33.0,40.0,2.0,1.0,6.968440177855547,6.93983065484436,15.950957112771365,16.161799549507393
9576109,2021-2022,7.0,2021-10-03 15:30,finished,Liverpool,Manchester City,44.0,17.0,2.0,2.0,7.126848232654075,7.249081547763793,16.217829396178082,16.82412101240898
9576185,2021-2022,8.0,2021-10-16 11:30,finished,Watford,Liverpool,24.0,44.0,0.0,5.0,6.8198474287841995,7.212052635039182,14.406904322772641,15.872913260188804
9576394,2021-2022,8.0,2021-10-16 14:00,finished,Aston Villa,Wolverhampton,40.0,3.0,2.0,3.0,6.95440987319623,7.02211071412988,16.25576135117987,15.078505224452003
9576368,2021-2022,8.0,2021-10-16 14:00,finished,Leicester City,Manchester United,31.0,35.0,4.0,2.0,6.97302937379919,7.032181183468247,15.322338918718762,16.159172653625546
9576230,2021-2022,8.0,2021-10-16 14:00,finished,Manchester City,Burnley,17.0,6.0,2.0,0.0,7.166845931276652,6.929326843580961,16.43568352294775,14.9120233923285
9576136,2021-2022,8.0,2021-10-16 14:00,finished,Southampton,Leeds United,45.0,34.0,1.0,0.0,6.806930524119121,6.902301460891736,15.107394595229778,14.927958493751339
9576177,2021-2022,8.0,2021-10-16 14:00,finished,Norwich City,Brighton & Hove Albion,263.0,30.0,0.0,0.0,6.8999604436560595,6.973901457894626,14.475417574093608,15.638567942186901
9576374,2021-2022,8.0,2021-10-16 16:30,finished,Brentford,Chelsea,50.0,38.0,0.0,1.0,6.952131259954914,7.09774020717824,15.637782535257445,15.854446135728345
9576391,2021-2022,8.0,2021-10-17 13:00,finished,Everton,West Ham United,48.0,37.0,0.0,1.0,6.916537736909351,6.936947429023471,14.881723065936605,15.10668385115914
9576480,2021-2022,8.0,2021-10-17 15:30,finished,Newcastle United,Tottenham Hotspur,39.0,33.0,2.0,3.0,6.85219511102139,6.982853545373657,14.912141467205092,15.950957112771363
9576126,2021-2022,8.0,2021-10-18 19:00,finished,Arsenal,Crystal Palace,42.0,7.0,2.0,2.0,6.951373138057047,6.849536042378845,16.680235946394394,15.27454865463659
9576120,2021-2022,9.0,2021-10-22 19:00,finished,Arsenal,Aston Villa,42.0,40.0,3.0,1.0,6.970236766963733,6.950542438410026,16.515735250037583,16.25576135117987
9576385,2021-2022,9.0,2021-10-23 11:30,finished,Chelsea,Norwich City,38.0,263.0,7.0,0.0,7.133404027839512,6.898177323099659,16.412920439976272,14.475417574093608
9576479,2021-2022,9.0,2021-10-23 14:00,finished,Crystal Palace,Newcastle United,7.0,39.0,1.0,1.0,6.872246578603335,6.8652259661093105,15.693194639749581,14.338443569122417
9576115,2021-2022,9.0,2021-10-23 14:00,finished,Southampton,Burnley,45.0,6.0,2.0,2.0,6.916877131923676,6.906570287942102,15.218350843276934,15.158209774246883
9576121,2021-2022,9.0,2021-10-23 14:00,finished,Leeds United,Wolverhampton,34.0,3.0,1.0,1.0,6.940986230953681,6.95843967597651,15.291439717035706,15.382842378698472
9576422,2021-2022,9.0,2021-10-23 14:00,finished,Everton,Watford,48.0,24.0,2.0,5.0,6.876210262305372,6.661839060150461,14.903775978751362,14.41304136723005
9576113,2021-2022,9.0,2021-10-23 16:30,finished,Brighton & Hove Albion,Manchester City,30.0,17.0,1.0,4.0,6.967198852353772,7.205373082529392,15.825105070844032,16.683492143731453
9576232,2021-2022,9.0,2021-10-24 13:00,finished,West Ham United,Tottenham Hotspur,37.0,33.0,1.0,0.0,6.940512242214768,6.97540946162347,15.10668385115914,15.950957112771363
9576373,2021-2022,9.0,2021-10-24 13:00,finished,Brentford,Leicester City,50.0,31.0,1.0,2.0,6.90065340909091,6.971160577422487,15.637782535257445,15.322338918718762
9576117,2021-2022,9.0,2021-10-24 15:30,finished,Manchester United,Liverpool,35.0,44.0,0.0,5.0,7.077975208928319,7.192093734452346,16.547528668548324,16.201383678335553
9576470,2021-2022,10.0,2021-10-30 11:30,finished,Leicester City,Arsenal,31.0,42.0,0.0,2.0,6.93921756980903,6.975646187383115,15.391653636774757,16.515735250037583
9576183,2021-2022,10.0,2021-10-30 14:00,finished,Watford,Southampton,24.0,45.0,0.0,1.0,6.80328652062965,6.892311594592059,14.83058273674126,15.370815112369234
9576072,2021-2022,10.0,2021-10-30 14:00,finished,Newcastle United,Chelsea,39.0,38.0,0.0,3.0,6.866468057566727,7.059463104165908,14.338443569122417,15.969340864023723
9576423,2021-2022,10.0,2021-10-30 14:00,finished,Manchester City,Crystal Palace,17.0,7.0,0.0,2.0,7.244361907647547,6.80948516496139,16.82412101240898,15.216782090447406
9576186,2021-2022,10.0,2021-10-30 14:00,finished,Liverpool,Brighton & Hove Albion,44.0,30.0,2.0,2.0,7.1876045942124875,6.91155838116068,16.38861505118582,15.789271489150906
9576098,2021-2022,10.0,2021-10-30 14:00,finished,Burnley,Brentford,6.0,50.0,3.0,1.0,6.946129186817319,6.930955042657644,14.733472807716794,15.047079412135798
9576169,2021-2022,10.0,2021-10-30 16:30,finished,Tottenham Hotspur,Manchester United,33.0,35.0,0.0,3.0,6.989000084776805,7.04665440936272,16.083201823433825,16.00143099599119
9576140,2021-2022,10.0,2021-10-31 14:00,finished,Norwich City,Leeds United,263.0,34.0,1.0,2.0,6.759248640494035,6.972246507113895,14.511496027969974,15.587503812409977
9576070,2021-2022,10.0,2021-10-31 16:30,finished,Aston Villa,West Ham United,40.0,37.0,1.0,4.0,6.94376609397306,6.947065992512378,16.138868355172296,15.10668385115914
9576134,2021-2022,10.0,2021-11-01 20:00,finished,Wolverhampton,Everton,3.0,48.0,2.0,1.0,6.947702432094544,6.8663943820728885,15.693025980543403,15.08950099076128
9576130,2021-2022,11.0,2021-11-05 20:00,finished,Southampton,Aston Villa,45.0,40.0,1.0,0.0,6.892767749515647,6.931608524523575,15.301529653092244,15.768604142246062
9576129,2021-2022,11.0,2021-11-06 12:30,finished,Manchester United,Manchester City,35.0,17.0,0.0,2.0,7.081132260190236,7.231368855707967,16.253699482037575,16.686510225953313
9576137,2021-2022,11.0,2021-11-06 15:00,finished,Chelsea,Burnley,38.0,6.0,1.0,1.0,7.059064881172216,6.95904045179471,16.01247340762328,14.733472807716794
9576216,2021-2022,11.0,2021-11-06 15:00,finished,Brentford,Norwich City,50.0,263.0,1.0,2.0,6.835151515151515,6.812251454952787,15.458266333509103,14.263410761312667
9576401,2021-2022,11.0,2021-11-06 15:00,finished,Crystal Palace,Wolverhampton,7.0,3.0,2.0,0.0,6.8457678539373665,6.9458133558109925,15.199597064754741,15.693025980543403
9576153,2021-2022,11.0,2021-11-06 17:30,finished,Brighton & Hove Albion,Newcastle United,30.0,39.0,1.0,1.0,6.971912138433353,6.859873096394009,15.744728329030822,14.388829418219615
9576125,2021-2022,11.0,2021-11-07 14:00,finished,Leeds United,Leicester City,34.0,31.0,1.0,1.0,6.976024138904574,6.9415402407444935,15.413206881904117,15.774643915776334
9576141,2021-2022,11.0,2021-11-07 14:00,finished,Everton,Tottenham Hotspur,48.0,33.0,0.0,0.0,6.919032159290009,6.971721424270701,15.313443003310846,15.983948521288578
9576180,2021-2022,11.0,2021-11-07 14:00,finished,Arsenal,Watford,42.0,24.0,1.0,0.0,6.940397943473484,6.77334914530709,16.59029405652133,14.112082798231109
9576419,2021-2022,11.0,2021-11-07 16:30,finished,West Ham United,Liverpool,37.0,44.0,3.0,2.0,6.956131403481609,7.1699880406462535,15.10668385115914,16.342128996790247
9576217,2021-2022,12.0,2021-11-20 12:30,finished,Leicester City,Chelsea,31.0,38.0,0.0,3.0,6.908915564072868,7.141127546179688,15.479168131895664,16.304507339203333
9576214,2021-2022,12.0,2021-11-20 15:00,finished,Watford,Manchester United,24.0,35.0,4.0,1.0,6.781303356211082,6.99579992735172,14.628478724225426,16.325970549472068
9576399,2021-2022,12.0,2021-11-20 15:00,finished,Burnley,Crystal Palace,6.0,7.0,3.0,3.0,6.9508337758398575,6.886737896167964,14.733472807716794,14.918509383660393
9576067,2021-2022,12.0,2021-11-20 15:00,finished,Norwich City,Southampton,263.0,45.0,2.0,1.0,6.806571906811309,6.884973790448125,14.304733472657034,15.47796556658211
9576264,2021-2022,12.0,2021-11-20 15:00,finished,Wolverhampton,West Ham United,3.0,37.0,1.0,0.0,6.940716193317919,6.956383019903783,15.517129588464428,15.274331801590534
9576133,2021-2022,12.0,2021-11-20 15:00,finished,Newcastle United,Brentford,39.0,50.0,3.0,3.0,6.8853094060537305,6.886179467537536,14.972646900519084,15.527731478238904
9576068,2021-2022,12.0,2021-11-20 15:00,finished,Aston Villa,Brighton & Hove Albion,40.0,30.0,2.0,0.0,6.9332222183575105,6.958803525430962,16.151846437430876,15.564474744189969
9576276,2021-2022,12.0,2021-11-20 17:30,finished,Liverpool,Arsenal,44.0,42.0,4.0,0.0,7.191456602632162,6.986440982223555,16.504444751573075,16.515735250037583
9576142,2021-2022,12.0,2021-11-21 14:00,finished,Manchester City,Everton,17.0,48.0,3.0,0.0,7.154343445549452,6.9223151908194245,16.55469715699313,15.313443003310846
9576106,2021-2022,12.0,2021-11-21 16:30,finished,Tottenham Hotspur,Leeds United,33.0,34.0,2.0,1.0,6.95302425049787,6.950692719600539,15.686783471599067,14.914077648778804
9576128,2021-2022,13.0,2021-11-27 12:30,finished,Arsenal,Newcastle United,42.0,39.0,2.0,0.0,6.923613554796417,6.906887934123574,16.764736379738142,14.842566600958845
9576204,2021-2022,13.0,2021-11-27 15:00,finished,Liverpool,Southampton,44.0,45.0,4.0,0.0,7.169619481363603,6.955340485557059,16.696706857837576,15.515480615402986
9576082,2021-2022,13.0,2021-11-27 15:00,finished,Crystal Palace,Aston Villa,7.0,40.0,1.0,2.0,6.898998558292692,6.908551197525859,15.121645597540848,15.968137097188198
9576084,2021-2022,13.0,2021-11-27 15:00,finished,Norwich City,Wolverhampton,263.0,3.0,0.0,0.0,6.79262299076136,6.939870122205614,14.475483385218064,15.693025980543403
9576090,2021-2022,13.0,2021-11-27 17:30,finished,Brighton & Hove Albion,Leeds United,30.0,34.0,0.0,0.0,6.934318309321921,6.948548906402181,15.989719801617998,15.284540429887011
9576071,2021-2022,13.0,2021-11-28 14:00,finished,Brentford,Everton,50.0,48.0,1.0,0.0,6.875891245162726,6.900700656747201,15.378306834231962,15.145664788975058
9576167,2021-2022,13.0,2021-11-28 14:00,finished,Leicester City,Watford,31.0,24.0,4.0,2.0,6.935914655289139,6.820026324636692,15.816929600858339,14.339429121552488
9576424,2021-2022,13.0,2021-11-28 14:00,finished,Manchester City,West Ham United,17.0,37.0,2.0,1.0,7.168197020992255,6.928229779551319,16.315661876970367,15.033341639112148
9576155,2021-2022,13.0,2021-11-28 16:30,finished,Chelsea,Manchester United,38.0,35.0,1.0,1.0,7.129774189672384,6.9832445862116765,15.721774776189958,15.996399103918264
9576099,2021-2022,14.0,2021-11-30 19:30,finished,Newcastle United,Norwich City,39.0,263.0,1.0,1.0,6.863014188203664,6.737794011308975,15.233136600214952,14.417174527523452
9576178,2021-2022,14.0,2021-11-30 20:15,finished,Leeds United,Crystal Palace,34.0,7.0,1.0,0.0,6.955587735752126,6.838269201519239,14.99933514052761,14.955157825262498
9576402,2021-2022,14.0,2021-12-01 19:30,finished,Southampton,Leicester City,45.0,31.0,2.0,2.0,6.863685428624529,6.939489575685827,15.482992715690859,15.816929600858339
9576175,2021-2022,14.0,2021-12-01 19:30,finished,Wolverhampton,Burnley,3.0,6.0,0.0,0.0,6.958841821735706,6.930793087625895,15.382842378698472,14.922462715904196
9576088,2021-2022,14.0,2021-12-01 19:30,finished,Watford,Chelsea,24.0,38.0,1.0,2.0,6.772490379272447,6.957098336063595,14.482871808365328,16.096971661053487
9576206,2021-2022,14.0,2021-12-01 19:30,finished,West Ham United,Brighton & Hove Albion,37.0,30.0,1.0,1.0,6.963372052557292,6.93447050833644,15.427920948873048,16.04464384053687
9576367,2021-2022,14.0,2021-12-01 20:15,finished,Everton,Liverpool,48.0,44.0,1.0,4.0,6.9114159506577115,7.179865840139964,14.885154004844138,16.57781270020334
9576400,2021-2022,14.0,2021-12-01 20:15,finished,Aston Villa,Manchester City,40.0,17.0,1.0,2.0,6.92249910640824,7.150079668489294,16.271469720872254,16.6927350105806
9576207,2021-2022,14.0,2021-12-02 19:30,finished,Tottenham Hotspur,Brentford,33.0,50.0,2.0,0.0,6.9659345197199265,6.935343822843823,15.88325934322941,15.378306834231962
9576372,2021-2022,14.0,2021-12-02 20:15,finished,Manchester United,Arsenal,35.0,42.0,3.0,2.0,6.983203547343101,6.930954484525347,16.375803933636796,16.50936222787215
9576375,2021-2022,15.0,2021-12-04 12:30,finished,West Ham United,Chelsea,37.0,38.0,3.0,2.0,6.987009565149851,7.080147453031296,15.252982811012782,15.857509104316074
9576079,2021-2022,15.0,2021-12-04 15:00,finished,Southampton,Brighton & Hove Albion,45.0,30.0,1.0,1.0,6.869741579155927,6.954146409146409,15.413242247262344,15.719847284314364
9576369,2021-2022,15.0,2021-12-04 15:00,finished,Wolverhampton,Liverpool,3.0,44.0,0.0,1.0,6.966476893241776,7.179451750578938,15.730334273856512,16.57781270020334
9576095,2021-2022,15.0,2021-12-04 15:00,finished,Newcastle United,Burnley,39.0,6.0,1.0,0.0,6.838473031565508,6.960319400246246,15.307706298555939,15.124644563545445
9576089,2021-2022,15.0,2021-12-04 17:30,finished,Watford,Manchester City,24.0,17.0,1.0,3.0,6.789164840334077,7.190641450946017,14.533496431607023,16.549318823748767
9576122,2021-2022,15.0,2021-12-05 14:00,finished,Leeds United,Brentford,34.0,50.0,2.0,2.0,6.949416902902254,6.7890409590409595,14.906508448235522,15.141377403474923
9576255,2021-2022,15.0,2021-12-05 14:00,finished,Tottenham Hotspur,Norwich City,33.0,263.0,3.0,0.0,6.957737428248536,6.8334397519567975,15.77580535253785,14.530588977616627
9576379,2021-2022,15.0,2021-12-05 14:00,finished,Manchester United,Crystal Palace,35.0,7.0,1.0,0.0,6.986629213509705,6.871429468851306,16.375803933636796,14.848298185989714
9576270,2021-2022,15.0,2021-12-05 16:30,finished,Aston Villa,Leicester City,40.0,31.0,2.0,1.0,6.9231065062272314,6.947622078457999,16.15984008038603,16.1099659934623
9576078,2021-2022,15.0,2021-12-06 20:00,finished,Everton,Arsenal,48.0,42.0,2.0,1.0,6.868326829219811,6.940821690318433,15.24872162959965,16.845573926429
9576380,2021-2022,16.0,2021-12-10 20:00,finished,Brentford,Watford,50.0,24.0,2.0,1.0,6.8539011028232695,6.737387251891686,15.585764382863044,13.965711671143676
9576111,2021-2022,16.0,2021-12-11 12:30,finished,Manchester City,Wolverhampton,17.0,3.0,1.0,0.0,7.185873920411024,6.990125579055351,16.605838823605783,15.470010591997832
9576086,2021-2022,16.0,2021-12-11 15:00,finished,Arsenal,Southampton,42.0,45.0,3.0,0.0,6.943680473673643,6.8393710447809175,16.845573926429,15.748956271884634
9576139,2021-2022,16.0,2021-12-11 15:00,finished,Chelsea,Leeds United,38.0,34.0,3.0,2.0,7.051896051476396,6.914377680907194,15.660558838982485,15.11951697568538
9576107,2021-2022,16.0,2021-12-11 15:00,finished,Liverpool,Aston Villa,44.0,40.0,1.0,0.0,7.192837212609371,6.915455674431757,16.21580197375651,16.010730119376863
9576179,2021-2022,16.0,2021-12-11 17:30,finished,Norwich City,Manchester United,263.0,35.0,0.0,1.0,6.771181946467223,6.998541545411441,14.398212441595893,16.375803933636796
9576203,2021-2022,16.0,2021-12-12 14:00,finished,Burnley,West Ham United,6.0,37.0,0.0,0.0,6.909524563939701,6.952256590955742,14.263758624424247,15.207879637525872
9576469,2021-2022,16.0,2021-12-12 14:00,finished,Leicester City,Newcastle United,31.0,39.0,4.0,0.0,6.920144003593061,6.839926483224491,16.1099659934623,15.307706298555939
9576405,2021-2022,16.0,2021-12-12 16:30,finished,Crystal Palace,Everton,7.0,48.0,3.0,1.0,6.843284225619828,6.881314446769081,15.0614472458691,15.10719566795143
9576413,2021-2022,17.0,2021-12-14 19:45,finished,Norwich City,Aston Villa,263.0,40.0,0.0,2.0,6.78742926081786,6.940842013285004,14.411568926054006,16.256916501295247
9576407,2021-2022,17.0,2021-12-14 20:00,finished,Manchester City,Leeds United,17.0,34.0,7.0,0.0,7.235172312654678,6.89502669987964,16.938521999284756,15.11951697568538
9576104,2021-2022,17.0,2021-12-15 19:30,finished,Brighton & Hove Albion,Wolverhampton,30.0,3.0,0.0,1.0,6.8768243257174015,6.954831678645294,15.975393811669045,15.249652898591426
9576105,2021-2022,17.0,2021-12-15 19:30,finished,Crystal Palace,Southampton,7.0,45.0,2.0,2.0,6.863811103815564,6.867419733845895,15.186390763709369,15.630329867203798
9576377,2021-2022,17.0,2021-12-15 20:00,finished,Arsenal,West Ham United,42.0,37.0,2.0,0.0,6.96316714786198,6.949251856934918,16.845573926429,15.207879637525872
9576237,2021-2022,17.0,2021-12-16 19:45,finished,Chelsea,Everton,38.0,48.0,1.0,1.0,7.097932529196763,6.855816937001802,15.677703490783172,16.02001667482085
9576393,2021-2022,17.0,2021-12-16 20:00,finished,Liverpool,Newcastle United,44.0,39.0,3.0,1.0,7.181796306957613,6.848433049831029,16.461924794187,14.926464796012747
9576378,2021-2022,18.0,2021-12-18 17:30,finished,Leeds United,Arsenal,34.0,42.0,1.0,4.0,6.9372542461220625,6.970299395727394,14.972101559679777,16.845573926429
9576096,2021-2022,18.0,2021-12-19 14:00,finished,Newcastle United,Manchester City,39.0,17.0,0.0,4.0,6.8375533533297155,7.216934207729596,14.947854026565613,16.629739009374262
9576254,2021-2022,18.0,2021-12-19 14:00,finished,Wolverhampton,Chelsea,3.0,38.0,0.0,0.0,6.979291541566181,7.156397242037162,14.938542846658612,15.77358969467724
9576093,2021-2022,18.0,2021-12-19 16:30,finished,Tottenham Hotspur,Liverpool,33.0,44.0,2.0,2.0,6.962757446160996,7.1488001700330415,15.80584138326546,16.39144489304197
9576286,2021-2022,19.0,2021-12-26 15:00,finished,Norwich City,Arsenal,263.0,42.0,0.0,5.0,6.701684437708173,6.973425644671087,14.458260176669002,16.70670048150296
9576366,2021-2022,19.0,2021-12-26 15:00,finished,Manchester City,Leicester City,17.0,31.0,6.0,3.0,7.215973172900607,6.889173228904096,16.30415108707255,15.687864899210174
9576387,2021-2022,19.0,2021-12-26 15:00,finished,Tottenham Hotspur,Crystal Palace,33.0,7.0,3.0,0.0,6.954475994912389,6.844942767075046,15.820245963178506,15.117076045653373
9576092,2021-2022,19.0,2021-12-26 15:00,finished,West Ham United,Southampton,37.0,45.0,2.0,3.0,6.888114136772121,6.887597165023484,15.633318703901866,15.377836085418455
9576381,2021-2022,19.0,2021-12-26 17:30,finished,Aston Villa,Chelsea,40.0,38.0,1.0,3.0,6.935094287682835,7.130758330669318,16.33016121580022,16.139699263712192
9576390,2021-2022,19.0,2021-12-26 20:00,finished,Brighton & Hove Albion,Brentford,30.0,50.0,2.0,0.0,6.8463205252647015,6.929493263044211,16.47587080486733,15.173502385568753
9576182,2021-2022,19.0,2021-12-27 20:00,finished,Newcastle United,Manchester United,39.0,35.0,1.0,1.0,6.8735298364607615,7.080825352109341,15.141925027760148,16.548702202652944
9576221,2021-2022,20.0,2021-12-28 15:00,finished,Crystal Palace,Norwich City,7.0,263.0,3.0,0.0,6.795103434136089,6.795534354634225,15.182370413697278,14.773619415815277
9576191,2021-2022,20.0,2021-12-28 15:00,finished,Southampton,Tottenham Hotspur,45.0,33.0,1.0,1.0,6.806176569286749,6.994146929445875,15.174207934723574,15.828748332088578
9576225,2021-2022,20.0,2021-12-28 15:00,finished,Watford,West Ham United,24.0,37.0,1.0,4.0,6.724070753399124,6.956678606236522,13.959207340659768,14.990071859793156
9576144,2021-2022,20.0,2021-12-28 20:00,finished,Leicester City,Liverpool,31.0,44.0,1.0,0.0,6.872266485026405,7.195191239134997,15.421000665569613,16.314397068248624
9576395,2021-2022,20.0,2021-12-29 19:30,finished,Chelsea,Brighton & Hove Albion,38.0,30.0,1.0,1.0,7.09713646066053,6.892477458657577,16.393081219231057,16.17775331645742
9576192,2021-2022,20.0,2021-12-29 20:15,finished,Brentford,Manchester City,50.0,17.0,0.0,1.0,6.726961527035056,7.234580088090877,15.26218274907465,16.899468502427784
9576112,2021-2022,20.0,2021-12-30 20:15,finished,Manchester United,Burnley,35.0,6.0,3.0,1.0,6.975207954751768,6.876025575613983,15.83754646201547,14.282155467538242
9576271,2021-2022,21.0,2022-01-01 12:30,finished,Arsenal,Manchester City,42.0,17.0,1.0,2.0,6.989297615952739,7.209559772454647,16.845573926429,16.63487003209511
9576171,2021-2022,21.0,2022-01-01 15:00,finished,Watford,Tottenham Hotspur,24.0,33.0,0.0,1.0,6.734313566699376,6.990640757792775,13.910816192473717,15.88325934322941
9576415,2021-2022,21.0,2022-01-01 17:30,finished,Crystal Palace,West Ham United,7.0,37.0,2.0,3.0,6.874962906884377,6.962402981957852,15.03465805073862,15.313857054935484
9576446,2021-2022,21.0,2022-01-02 14:00,finished,Everton,Brighton & Hove Albion,48.0,30.0,2.0,3.0,6.844905546564337,6.923959638737585,15.34835903932402,16.387375571511903
9576174,2021-2022,21.0,2022-01-02 14:00,finished,Leeds United,Burnley,34.0,6.0,3.0,1.0,6.877652830283195,6.874632516616388,14.985916593527858,14.282155467538242
9576103,2021-2022,21.0,2022-01-02 14:00,finished,Brentford,Aston Villa,50.0,40.0,2.0,1.0,6.820201807995926,6.9490619788719945,15.473622926816317,16.112555973365385
9576392,2021-2022,21.0,2022-01-02 16:30,finished,Chelsea,Liverpool,38.0,44.0,2.0,2.0,7.091008503159572,7.222535363293518,15.923092352154093,16.396724302367264
9576123,2021-2022,21.0,2022-01-03 17:30,finished,Manchester United,Wolverhampton,35.0,3.0,0.0,1.0,7.0037897763164105,6.979822117276603,15.97847567962951,15.178369356885456
10045752,2021-2022,18.0,2022-01-11 19:45,finished,Southampton,Brentford,45.0,50.0,4.0,1.0,6.8290847209217125,6.916431592573233,15.237878539620919,15.559790694500014
10045754,2021-2022,18.0,2022-01-12 19:45,finished,West Ham United,Norwich City,37.0,263.0,2.0,0.0,6.913164955763654,6.75948461093069,15.04147703658158,14.192817790867059
9576268,2021-2022,22.0,2022-01-14 20:00,finished,Brighton & Hove Albion,Crystal Palace,30.0,7.0,1.0,1.0,6.934726546270503,6.829064864473505,16.222913570844902,16.220834601068415
9576278,2021-2022,22.0,2022-01-15 12:30,finished,Manchester City,Chelsea,17.0,38.0,1.0,0.0,7.2317958474796535,7.137891638574769,16.564200223146024,15.526364340411256
9576350,2021-2022,22.0,2022-01-15 15:00,finished,Norwich City,Everton,263.0,48.0,2.0,1.0,6.764780748663102,6.8477777756711244,14.578167934247906,15.48659896885769
9576349,2021-2022,22.0,2022-01-15 15:00,finished,Newcastle United,Watford,39.0,24.0,1.0,1.0,6.942262350007999,6.790112326496006,15.224268065658205,14.519910526777222
9576316,2021-2022,22.0,2022-01-15 15:00,finished,Wolverhampton,Southampton,3.0,45.0,3.0,1.0,6.949530523680551,6.829196891040443,15.736785838019301,15.237878539620919
9576274,2021-2022,22.0,2022-01-15 17:30,finished,Aston Villa,Manchester United,40.0,35.0,2.0,2.0,6.95920323328244,7.0162563679524546,16.406372960382445,15.871189266394762
9576361,2021-2022,22.0,2022-01-16 14:00,finished,West Ham United,Leeds United,37.0,34.0,2.0,3.0,6.915201156172483,6.887745972897244,15.041477036581579,15.382505955610858
9576342,2021-2022,22.0,2022-01-16 14:00,finished,Liverpool,Brentford,44.0,50.0,3.0,0.0,7.110569401513561,6.8451399280504965,16.33937458537266,15.827124557806467
9576438,2021-2022,24.0,2022-01-18 20:00,finished,Brighton & Hove Albion,Chelsea,30.0,38.0,1.0,1.0,6.907787481507344,7.110896880413514,15.99705521975938,15.465050245179638
10065225,2021-2022,17.0,2022-01-19 19:30,finished,Leicester City,Tottenham Hotspur,31.0,33.0,2.0,3.0,6.965051388284376,6.954485547655895,15.890692374960988,15.693236392521767
10054009,2021-2022,17.0,2022-01-19 20:00,finished,Brentford,Manchester United,50.0,35.0,1.0,3.0,6.863032179378928,7.036429819150934,15.375382664907875,16.510825105379546
9576363,2021-2022,23.0,2022-01-21 20:00,finished,Watford,Norwich City,24.0,263.0,0.0,3.0,6.935564126581055,6.768643405092666,14.450669115179508,14.551563048153554
9576324,2021-2022,23.0,2022-01-22 12:30,finished,Everton,Aston Villa,48.0,40.0,0.0,1.0,6.854226833113222,7.029786965387453,15.399378537386747,16.526702188761103
9576451,2021-2022,23.0,2022-01-22 15:00,finished,Brentford,Wolverhampton,50.0,3.0,1.0,2.0,6.860256962244903,6.955661866384369,15.56065184878271,15.869084677347196
9576333,2021-2022,23.0,2022-01-22 15:00,finished,Manchester United,West Ham United,35.0,37.0,1.0,0.0,7.061854738900311,6.979812424177481,16.572063687771095,15.274780459334783
9576440,2021-2022,23.0,2022-01-22 15:00,finished,Leeds United,Newcastle United,34.0,39.0,0.0,1.0,6.920754011743316,6.93674733516416,15.592240230811765,15.220717396812514
9576439,2021-2022,23.0,2022-01-22 17:30,finished,Southampton,Manchester City,45.0,17.0,1.0,1.0,6.8825753231521825,7.233192005773727,15.076862873797474,16.689947692426287
9576332,2021-2022,23.0,2022-01-23 14:00,finished,Crystal Palace,Liverpool,7.0,44.0,1.0,3.0,6.818950558543194,7.112095979996479,16.053020462589004,16.33937458537266
9576297,2021-2022,23.0,2022-01-23 14:00,finished,Arsenal,Burnley,42.0,6.0,0.0,0.0,6.977748942365431,6.908597872983233,16.813100153033968,14.361195363922594
9576339,2021-2022,23.0,2022-01-23 14:00,finished,Leicester City,Brighton & Hove Albion,31.0,30.0,1.0,1.0,6.959608091282212,6.923181451405099,16.069161199439648,16.090923428312795
9576334,2021-2022,23.0,2022-01-23 16:30,finished,Chelsea,Tottenham Hotspur,38.0,33.0,2.0,0.0,7.142277366031997,6.913482111109479,15.751225972589834,15.806547335035344
10085333,2021-2022,17.0,2022-02-05 18:00,finished,Burnley,Watford,6.0,24.0,0.0,0.0,6.969026943553967,6.807086289478256,14.639997765934222,14.347621925398206
9576351,2021-2022,24.0,2022-02-08 19:45,finished,West Ham United,Watford,37.0,24.0,1.0,0.0,6.9456177362783285,6.861143737416708,15.175630993969428,14.000899946095217
9576323,2021-2022,24.0,2022-02-08 19:45,finished,Newcastle United,Everton,39.0,48.0,3.0,1.0,6.950408274541889,6.84739766535253,15.198712303263191,15.181235892640307
9576359,2021-2022,24.0,2022-02-08 20:00,finished,Burnley,Manchester United,6.0,35.0,1.0,1.0,6.967750021978673,7.015362157144029,14.58336750956089,16.21545950208727
9576326,2021-2022,24.0,2022-02-09 19:45,finished,Manchester City,Brentford,17.0,50.0,2.0,0.0,7.233591867337115,6.8071615363117335,16.751242280869757,15.524968884651361
9576345,2021-2022,24.0,2022-02-09 19:45,finished,Norwich City,Crystal Palace,263.0,7.0,1.0,1.0,6.765835541850493,6.8533303057303865,14.201244735989144,15.999105578770552
9576317,2021-2022,24.0,2022-02-09 19:45,finished,Tottenham Hotspur,Southampton,33.0,45.0,2.0,3.0,7.010737462832546,6.859496314605883,16.07493471400696,15.19902057804303
9576341,2021-2022,24.0,2022-02-09 20:00,finished,Aston Villa,Leeds United,40.0,34.0,3.0,3.0,7.03177750068565,6.9197427554919635,16.526702188761103,15.592240230811765
9576289,2021-2022,24.0,2022-02-10 19:45,finished,Liverpool,Leicester City,44.0,31.0,2.0,0.0,7.106580851808618,6.9318156889984825,16.968338463064025,15.861949390999328
9576290,2021-2022,24.0,2022-02-10 19:45,finished,Wolverhampton,Arsenal,3.0,42.0,0.0,1.0,6.96491929681967,6.969594250220468,15.355886614707337,16.585725526051586
9576432,2021-2022,25.0,2022-02-12 12:30,finished,Manchester United,Southampton,35.0,45.0,1.0,1.0,7.049303303678896,6.863311217140983,16.534391204349937,15.19902057804303
9576319,2021-2022,25.0,2022-02-12 15:00,finished,Everton,Leeds United,48.0,34.0,3.0,0.0,6.861531995735725,6.912484093783974,15.592449662946784,15.592240230811765
9576314,2021-2022,25.0,2022-02-12 15:00,finished,Brentford,Crystal Palace,50.0,7.0,0.0,0.0,6.826008848477644,6.837399022827344,16.13309241211536,15.472205782082911
9576449,2021-2022,25.0,2022-02-12 15:00,finished,Watford,Brighton & Hove Albion,24.0,30.0,0.0,2.0,6.850690415912589,6.952810155296006,14.000899946095217,15.783730075523644
9576309,2021-2022,25.0,2022-02-12 17:30,finished,Norwich City,Manchester City,263.0,17.0,0.0,4.0,6.776080988898617,7.15463373902869,14.540550605630388,16.36506411531325
9576295,2021-2022,25.0,2022-02-13 14:00,finished,Tottenham Hotspur,Wolverhampton,33.0,3.0,0.0,2.0,6.968603068029691,6.976043409026089,16.096164839345814,15.589692960189712
9576463,2021-2022,25.0,2022-02-13 14:00,finished,Newcastle United,Aston Villa,39.0,40.0,1.0,0.0,6.922590174720617,7.043033262189097,15.321397870754012,16.19519808964407
9576300,2021-2022,25.0,2022-02-13 14:00,finished,Burnley,Liverpool,6.0,44.0,0.0,1.0,6.94529613150543,7.186088519681806,14.334343550918405,16.13469635268894
9576305,2021-2022,25.0,2022-02-13 16:30,finished,Leicester City,West Ham United,31.0,37.0,2.0,2.0,6.962342013527151,6.954494420496105,15.879159049347798,15.061567100031864
10098608,2021-2022,18.0,2022-02-15 20:15,finished,Manchester United,Brighton & Hove Albion,35.0,30.0,2.0,0.0,6.991709174478044,6.974315350710682,16.50395064304271,16.22105845116335
9576222,2021-2022,26.0,2022-02-19 12:30,finished,West Ham United,Newcastle United,37.0,39.0,1.0,1.0,6.935714084950149,6.854133021738116,15.216091893067198,15.280378130210549
9576420,2021-2022,26.0,2022-02-19 15:00,finished,Aston Villa,Watford,40.0,24.0,0.0,1.0,7.042451846821435,6.8248290257201,15.994269746656522,14.719687757381603
9576421,2021-2022,26.0,2022-02-19 15:00,finished,Liverpool,Norwich City,44.0,263.0,3.0,1.0,7.1497141926018655,6.776743956823975,16.01375516150441,14.458213458126425
9576227,2021-2022,26.0,2022-02-19 15:00,finished,Arsenal,Brentford,42.0,50.0,2.0,1.0,6.9754341872677434,6.829794206981225,16.518276676530736,15.954215127052477
9576226,2021-2022,26.0,2022-02-19 15:00,finished,Southampton,Everton,45.0,48.0,2.0,0.0,6.891070218772757,6.870456122287919,15.357805944765538,15.592449662946784
9576211,2021-2022,26.0,2022-02-19 15:00,finished,Crystal Palace,Chelsea,7.0,38.0,0.0,1.0,6.8435049267318,7.084014005755372,15.257302798135902,15.910332937590455
9576210,2021-2022,26.0,2022-02-19 15:00,finished,Brighton & Hove Albion,Burnley,30.0,6.0,0.0,3.0,6.93851395577309,6.926576468245032,15.969858777770483,14.985160401876987
9576459,2021-2022,26.0,2022-02-19 17:30,finished,Manchester City,Tottenham Hotspur,17.0,33.0,2.0,3.0,7.237039518690832,7.047406104425415,16.502295504285467,16.484689398352227
9576301,2021-2022,26.0,2022-02-20 14:00,finished,Leeds United,Manchester United,34.0,35.0,2.0,4.0,6.881020507413431,7.045196062275212,15.008508844083693,16.17650809057686
9576223,2021-2022,26.0,2022-02-20 16:30,finished,Wolverhampton,Leicester City,3.0,31.0,2.0,1.0,7.0036160879158444,6.897826105279825,15.434323164427626,15.690878277086663
10114687,2021-2022,13.0,2022-02-23 19:30,finished,Burnley,Tottenham Hotspur,6.0,33.0,1.0,0.0,6.9472620859519205,7.066122126698213,14.562406414189653,16.484689398352227
10114688,2021-2022,18.0,2022-02-23 19:30,finished,Watford,Crystal Palace,24.0,7.0,1.0,4.0,6.845162593618347,6.88419902164484,14.719687757381603,15.929360065632922
10114693,2021-2022,19.0,2022-02-23 19:45,finished,Liverpool,Leeds United,44.0,34.0,6.0,0.0,7.1844177447667965,6.884979354055823,16.96851275503876,15.220939109392384
10114694,2021-2022,20.0,2022-02-24 19:45,finished,Arsenal,Wolverhampton,42.0,3.0,2.0,1.0,6.969447164441777,6.999398654869037,16.585725526051586,15.517129588464426
9576208,2021-2022,27.0,2022-02-25 20:00,finished,Southampton,Norwich City,45.0,263.0,2.0,0.0,6.9002193532074605,6.778720493343135,15.357805944765538,14.458213458126425
9576445,2021-2022,27.0,2022-02-26 12:30,finished,Leeds United,Tottenham Hotspur,34.0,33.0,0.0,4.0,6.860636011907564,7.024042009672606,15.619433602360129,16.209508960437855
9576199,2021-2022,27.0,2022-02-26 15:00,finished,Manchester United,Watford,35.0,24.0,0.0,0.0,7.075821048551138,6.791478224327999,15.944447391375297,14.814955263887466
9576228,2021-2022,27.0,2022-02-26 15:00,finished,Crystal Palace,Burnley,7.0,6.0,1.0,1.0,6.897064709457428,6.939184571265872,15.824971633614092,14.562406414189653
9576307,2021-2022,27.0,2022-02-26 15:00,finished,Brentford,Newcastle United,50.0,39.0,0.0,2.0,6.835655757789447,6.8562435349620054,16.235807396858288,15.280378130210549
9576460,2021-2022,27.0,2022-02-26 15:30,finished,Brighton & Hove Albion,Aston Villa,30.0,40.0,0.0,2.0,6.936958573441444,7.025687985299371,16.21817220586203,16.383103557007974
9576231,2021-2022,27.0,2022-02-26 17:30,finished,Everton,Manchester City,48.0,17.0,0.0,1.0,6.851272961872772,7.239267561173753,15.499072087975332,16.680318775637975
9576201,2021-2022,27.0,2022-02-27 14:00,finished,West Ham United,Wolverhampton,37.0,3.0,1.0,0.0,6.964658099265992,6.9170550526297925,15.080856191967875,15.543922224297633
10131311,2021-2022,22.0,2022-03-01 19:45,finished,Burnley,Leicester City,6.0,31.0,0.0,2.0,6.951217775517162,6.8816901333529135,15.048076522981068,15.682654467262964
9576287,2021-2022,28.0,2022-03-05 12:30,finished,Leicester City,Leeds United,31.0,34.0,1.0,0.0,6.887634903775424,6.861482077902327,15.540241099672745,15.654885811417893
9576418,2021-2022,28.0,2022-03-05 15:00,finished,Burnley,Chelsea,6.0,38.0,0.0,4.0,6.9302248854301665,6.988340821284033,15.210839416564664,16.228295594621112
9576213,2021-2022,28.0,2022-03-05 15:00,finished,Newcastle United,Brighton & Hove Albion,39.0,30.0,2.0,1.0,6.865537423112662,6.948741759977159,15.280378130210549,15.592728631173566
9576288,2021-2022,28.0,2022-03-05 15:00,finished,Wolverhampton,Crystal Palace,3.0,7.0,0.0,2.0,6.987435295167336,6.8823747540951,15.260018223900602,15.719148303408495
9576202,2021-2022,28.0,2022-03-05 15:00,finished,Norwich City,Brentford,263.0,50.0,1.0,3.0,6.800562294289478,6.921592409932331,14.284913012360338,15.963412137985905
9576200,2021-2022,28.0,2022-03-05 15:00,finished,Aston Villa,Southampton,40.0,45.0,4.0,0.0,7.013478693879,6.869569757444569,15.795012134956401,15.134259209506043
9576292,2021-2022,28.0,2022-03-05 17:30,finished,Liverpool,West Ham United,44.0,37.0,1.0,0.0,7.198263141156736,6.929388246208169,16.53229235805499,14.853021278491939
9576302,2021-2022,28.0,2022-03-06 14:00,finished,Watford,Arsenal,24.0,42.0,2.0,3.0,6.803371840392685,6.9692477373488515,15.10277840051172,16.585725526051586
9576215,2021-2022,28.0,2022-03-06 16:30,finished,Manchester City,Manchester United,17.0,35.0,4.0,1.0,7.246127501491198,7.044877755414306,16.601060687519496,16.29789218201521
9576205,2021-2022,28.0,2022-03-07 20:00,finished,Tottenham Hotspur,Everton,33.0,48.0,5.0,0.0,7.048740969674535,6.848415067203285,16.338376860858215,15.456064333813229
9576461,2021-2022,30.0,2022-03-10 19:30,finished,Norwich City,Chelsea,263.0,38.0,1.0,3.0,6.773211777891913,7.009873462409332,14.452069759512792,15.676692443206457
10144893,2021-2022,19.0,2022-03-10 19:30,finished,Wolverhampton,Watford,3.0,24.0,4.0,0.0,6.993053331673067,6.817997171604696,15.121178010137015,14.63304435981161
10144889,2021-2022,21.0,2022-03-10 19:30,finished,Southampton,Newcastle United,45.0,39.0,1.0,2.0,6.905495874166977,6.877368667701441,15.357805944765538,15.360202631942725
10144887,2021-2022,20.0,2022-03-10 19:45,finished,Leeds United,Aston Villa,34.0,40.0,0.0,3.0,6.859448558573644,7.036345324416123,15.622608472191587,16.05159945789094
9576337,2021-2022,29.0,2022-03-12 12:30,finished,Brighton & Hove Albion,Liverpool,30.0,44.0,0.0,2.0,6.933269757415971,7.2033159048624915,16.087876629115875,16.408846166205915
9576448,2021-2022,29.0,2022-03-12 15:00,finished,Brentford,Burnley,50.0,6.0,2.0,0.0,6.938073111466281,6.915099400627036,15.963412137985905,15.478365454392584
9576426,2021-2022,29.0,2022-03-12 17:30,finished,Manchester United,Tottenham Hotspur,35.0,33.0,3.0,2.0,7.021034181239449,7.086170286829128,15.939117414021007,16.213282509862516
9576325,2021-2022,29.0,2022-03-13 14:00,finished,Southampton,Watford,45.0,24.0,1.0,2.0,6.85760123548983,6.8008281860074895,15.140869805714942,14.68327494602288
9576253,2021-2022,29.0,2022-03-13 14:00,finished,Chelsea,Newcastle United,38.0,39.0,1.0,0.0,7.085293109595853,6.839093588672482,16.069843839615785,15.714998132397918
9576252,2021-2022,29.0,2022-03-13 14:00,finished,Everton,Wolverhampton,48.0,3.0,0.0,1.0,6.808415317042963,6.980913230700887,15.608909443891788,14.927397181013852
9576444,2021-2022,29.0,2022-03-13 14:00,finished,West Ham United,Aston Villa,37.0,40.0,2.0,1.0,6.9534135583537156,7.039732454039659,14.953753572079977,16.05159945789094
9576249,2021-2022,29.0,2022-03-13 14:00,finished,Leeds United,Norwich City,34.0,263.0,2.0,1.0,6.892562370807065,6.725621384796594,14.938571071052635,14.299930636952302
9576212,2021-2022,29.0,2022-03-13 16:30,finished,Arsenal,Leicester City,42.0,31.0,2.0,0.0,6.973999923688981,6.895104998065694,16.585725526051586,15.40219628590348
9576250,2021-2022,29.0,2022-03-14 20:00,finished,Crystal Palace,Manchester City,7.0,17.0,0.0,0.0,6.89587066319296,7.2463835913369765,15.719148303408495,16.601060687519496
10144879,2021-2022,16.0,2022-03-16 19:30,finished,Brighton & Hove Albion,Tottenham Hotspur,30.0,33.0,0.0,2.0,6.987181398403593,7.064046593321405,15.859312614710758,16.213282509862516
10144875,2021-2022,27.0,2022-03-16 20:15,finished,Arsenal,Liverpool,42.0,44.0,0.0,2.0,6.981364967061061,7.176178714336956,16.585725526051586,16.684861312458878
10144888,2021-2022,20.0,2022-03-17 19:45,finished,Everton,Newcastle United,48.0,39.0,1.0,0.0,6.843119201468016,6.850698950588733,15.2169032578857,15.658277830306258
9576425,2021-2022,30.0,2022-03-18 20:00,finished,Wolverhampton,Leeds United,3.0,34.0,2.0,3.0,6.9960682063731205,6.876303295940357,15.038371586100213,14.748859072564045
9576257,2021-2022,30.0,2022-03-19 12:30,finished,Aston Villa,Arsenal,40.0,42.0,0.0,1.0,7.024683834268743,6.980365959775651,16.270114865826564,16.469893329826434
9576248,2021-2022,30.0,2022-03-20 14:00,finished,Leicester City,Brentford,31.0,50.0,2.0,1.0,6.928516108518507,6.910443531481013,15.747690822524696,16.42994657943382
9576338,2021-2022,30.0,2022-03-20 16:30,finished,Tottenham Hotspur,West Ham United,33.0,37.0,3.0,1.0,7.06746622270895,6.945388053590897,16.213282509862516,14.839866029489487
9576236,2021-2022,31.0,2022-04-02 11:30,finished,Liverpool,Watford,44.0,24.0,2.0,0.0,7.131393491498718,6.830617100981788,16.495667794214846,14.954079966133103
9576447,2021-2022,31.0,2022-04-02 14:00,finished,Wolverhampton,Aston Villa,3.0,40.0,2.0,1.0,6.930375362146081,6.992375545417937,15.02778882684163,16.35972045242542
9576320,2021-2022,31.0,2022-04-02 14:00,finished,Brighton & Hove Albion,Norwich City,30.0,263.0,0.0,0.0,6.958272776455515,6.8057689393486775,15.998608928925366,14.262667314972774
9576306,2021-2022,31.0,2022-04-02 14:00,finished,Burnley,Manchester City,6.0,17.0,0.0,2.0,6.891272034572683,7.235446439527262,14.777144610802702,16.377104050099913
9576234,2021-2022,31.0,2022-04-02 14:00,finished,Leeds United,Southampton,34.0,45.0,1.0,1.0,6.902618380068862,6.897818291113927,14.724742866882357,15.534241858255404
9576238,2021-2022,31.0,2022-04-02 14:00,finished,Chelsea,Brentford,38.0,50.0,1.0,4.0,7.064105166783395,6.918314264279781,15.374607301799125,16.14801680866867
9576327,2021-2022,31.0,2022-04-02 16:30,finished,Manchester United,Leicester City,35.0,31.0,1.0,1.0,7.03763868956953,6.961071960258173,16.509301857923226,16.076951347094884
9576239,2021-2022,31.0,2022-04-03 13:00,finished,West Ham United,Everton,37.0,48.0,2.0,1.0,6.937693852192711,6.860664746715005,15.216091893067198,15.936754804508872
9576315,2021-2022,31.0,2022-04-03 15:30,finished,Tottenham Hotspur,Newcastle United,33.0,39.0,5.0,1.0,7.075213365819976,6.899404669932375,16.251979583992124,15.35442203944107
9576241,2021-2022,31.0,2022-04-04 19:00,finished,Crystal Palace,Arsenal,7.0,42.0,3.0,0.0,6.8613216584669265,6.979685693103526,15.338561044214867,16.583043984121158
10196719,2021-2022,19.0,2022-04-06 18:30,finished,Burnley,Everton,6.0,48.0,3.0,2.0,6.872998593767199,6.8761151035876455,15.035437502440141,16.429815489078138
9576280,2021-2022,32.0,2022-04-08 19:00,finished,Newcastle United,Wolverhampton,39.0,3.0,1.0,0.0,6.923434756776647,6.932716129993,15.396739755282901,15.057509079187982
9576242,2021-2022,32.0,2022-04-09 11:30,finished,Everton,Manchester United,48.0,35.0,1.0,0.0,6.8848731801754335,7.042110330362008,15.980821592031315,16.064838891135047
9576285,2021-2022,32.0,2022-04-09 14:00,finished,Watford,Leeds United,24.0,34.0,0.0,3.0,6.818412636677067,6.899237216542144,14.954079966133099,15.158689568907866
9576245,2021-2022,32.0,2022-04-09 14:00,finished,Arsenal,Brighton & Hove Albion,42.0,30.0,1.0,2.0,6.979313765320409,6.96489403544258,16.721182804151542,16.50085251912879
9576284,2021-2022,32.0,2022-04-09 14:00,finished,Southampton,Chelsea,45.0,38.0,0.0,6.0,6.899381085181447,7.03595705713947,15.364543033143148,15.721060224609566
9576431,2021-2022,32.0,2022-04-09 16:30,finished,Aston Villa,Tottenham Hotspur,40.0,33.0,0.0,4.0,7.026470815846755,7.086200908917643,16.383103557007974,16.251979583992124
9576244,2021-2022,32.0,2022-04-10 13:00,finished,Brentford,West Ham United,50.0,37.0,2.0,0.0,6.970351857478875,6.96775807020228,16.217416595050533,14.982155384346765
9576452,2021-2022,32.0,2022-04-10 13:00,finished,Leicester City,Crystal Palace,31.0,7.0,2.0,1.0,6.911348920354019,6.867519590182358,15.769799036074017,15.338561044214867
9576281,2021-2022,32.0,2022-04-10 13:00,finished,Norwich City,Burnley,263.0,6.0,2.0,0.0,6.757299844548459,6.878246121125989,13.90949792791362,14.794259063944239
9576282,2021-2022,32.0,2022-04-10 15:30,finished,Manchester City,Liverpool,17.0,44.0,2.0,2.0,7.222005119409396,7.193060536324368,16.5447843958462,16.57781270020334
9576304,2021-2022,33.0,2022-04-16 11:30,finished,Tottenham Hotspur,Brighton & Hove Albion,33.0,30.0,0.0,1.0,7.076629865791437,6.983823330903156,16.359595047356525,16.556131501415297
9576296,2021-2022,33.0,2022-04-16 14:00,finished,Watford,Brentford,24.0,50.0,1.0,2.0,6.792803311798488,6.979584683349086,14.752589664078874,16.297126769677842
9576435,2021-2022,33.0,2022-04-16 14:00,finished,Southampton,Arsenal,45.0,42.0,1.0,0.0,6.780289928182717,6.923693893101798,14.981450902465902,16.80241753134688
9576291,2021-2022,33.0,2022-04-16 14:00,finished,Manchester United,Norwich City,35.0,263.0,3.0,2.0,7.025689180879613,6.766296472418238,16.101154139725864,13.90949792791362
9576279,2021-2022,33.0,2022-04-17 13:15,finished,Newcastle United,Leicester City,39.0,31.0,2.0,1.0,6.903692337274521,6.872983887328484,15.535055131600005,15.632435596108486
9576303,2021-2022,33.0,2022-04-17 13:15,finished,West Ham United,Burnley,37.0,6.0,1.0,1.0,6.919123256555773,6.8952993569040935,15.169520879862967,14.774963827044486
10196718,2021-2022,30.0,2022-04-19 19:00,finished,Liverpool,Manchester United,44.0,35.0,4.0,0.0,7.204269307945882,7.060313705285726,16.65194288844297,16.30787406428084
10196711,2021-2022,18.0,2022-04-20 18:45,finished,Everton,Leicester City,48.0,31.0,1.0,1.0,6.889695401733493,6.9664225561657735,15.79682667072279,15.941496780814353
10196712,2021-2022,25.0,2022-04-20 18:45,finished,Chelsea,Arsenal,38.0,42.0,2.0,4.0,7.088047869846127,6.923032831269316,15.768177152206318,16.707386327907106
10196717,2021-2022,30.0,2022-04-20 18:45,finished,Newcastle United,Crystal Palace,39.0,7.0,1.0,0.0,6.931262521509316,6.875692559836099,15.535055131600005,15.572835765914487
10196714,2021-2022,30.0,2022-04-20 19:00,finished,Manchester City,Brighton & Hove Albion,17.0,30.0,3.0,0.0,7.239789831960508,6.947023582829052,16.591987785825893,16.24586106210468
10196713,2021-2022,30.0,2022-04-21 18:45,finished,Burnley,Southampton,6.0,45.0,2.0,0.0,6.897343848578311,6.788727872076977,15.268599237441311,14.981450902465902
9576258,2021-2022,34.0,2022-04-23 11:30,finished,Arsenal,Manchester United,42.0,35.0,3.0,1.0,6.923104292234464,7.0237448698141325,16.586411372455732,16.267111174395666
9576277,2021-2022,34.0,2022-04-23 14:00,finished,Manchester City,Watford,17.0,24.0,5.0,1.0,7.221037885405488,6.771150299352062,16.71375375191306,14.687147753258822
9576267,2021-2022,34.0,2022-04-23 14:00,finished,Leicester City,Aston Villa,31.0,40.0,0.0,0.0,6.938212151623463,6.972511657071772,16.095250679840692,16.272292433192245
9576273,2021-2022,34.0,2022-04-23 14:00,finished,Norwich City,Newcastle United,263.0,39.0,0.0,3.0,6.779604874322234,6.872225556972963,13.94898149836737,15.821042291068828
9576263,2021-2022,34.0,2022-04-23 16:30,finished,Brentford,Tottenham Hotspur,50.0,33.0,0.0,0.0,6.903567715406823,7.039341724137506,15.98333473227798,16.484689398352227
9576262,2021-2022,34.0,2022-04-24 13:00,finished,Burnley,Wolverhampton,6.0,3.0,1.0,0.0,6.900534151900596,6.925716980043159,15.11326791357608,14.943488646063628
9576428,2021-2022,34.0,2022-04-24 13:00,finished,Brighton & Hove Albion,Southampton,30.0,45.0,2.0,2.0,6.936369729792907,6.868502037014609,16.461956686728122,15.490817410951859
9576443,2021-2022,34.0,2022-04-24 13:00,finished,Chelsea,West Ham United,38.0,37.0,1.0,0.0,7.070795137909295,6.90054477992073,15.533698299655699,14.672883925013457
9576266,2021-2022,34.0,2022-04-24 15:30,finished,Liverpool,Everton,44.0,48.0,2.0,0.0,7.181871111700153,6.873217639477303,16.535258005508215,15.759478077753544
9576265,2021-2022,34.0,2022-04-25 19:00,finished,Crystal Palace,Leeds United,7.0,34.0,0.0,0.0,6.869326712735927,6.935427080632855,15.597448339424437,15.053084301482935
9576293,2021-2022,37.0,2022-04-28 18:45,finished,Manchester United,Chelsea,35.0,38.0,1.0,1.0,7.021837496912782,7.083173513728641,16.334342483761375,15.581488773869825
9576434,2021-2022,35.0,2022-04-30 11:30,finished,Newcastle United,Liverpool,39.0,44.0,0.0,1.0,6.938030772487795,7.141617923422229,15.596979767010298,16.01072206697715
9576318,2021-2022,35.0,2022-04-30 14:00,finished,Wolverhampton,Brighton & Hove Albion,3.0,30.0,0.0,3.0,6.932886121786495,6.931778441951951,15.355403392775845,16.497677649297337
9576269,2021-2022,35.0,2022-04-30 14:00,finished,Aston Villa,Norwich City,40.0,263.0,2.0,0.0,6.999883525435808,6.7489893858969285,16.12663562124672,14.326421582969852
9576275,2021-2022,35.0,2022-04-30 14:00,finished,Southampton,Crystal Palace,45.0,7.0,1.0,2.0,6.840561795496768,6.857415188908453,15.3161535075571,15.518125275512745
9576358,2021-2022,35.0,2022-04-30 14:00,finished,Watford,Burnley,24.0,6.0,1.0,2.0,6.7798487371267475,6.896466287530322,14.752589664078874,15.360161947287555
9576272,2021-2022,35.0,2022-04-30 16:30,finished,Leeds United,Manchester City,34.0,17.0,0.0,4.0,6.891741622315146,7.195174372299798,15.557699753114997,16.708482282896163
9576360,2021-2022,35.0,2022-05-01 13:00,finished,Tottenham Hotspur,Leicester City,33.0,31.0,3.0,1.0,7.01061849460732,6.815196233092203,16.230967774633317,15.097769845253458
9576335,2021-2022,35.0,2022-05-01 13:00,finished,Everton,Chelsea,48.0,38.0,1.0,0.0,6.905944015659548,7.063539626007807,15.892356265823448,15.660558838982485
9576429,2021-2022,35.0,2022-05-01 15:30,finished,West Ham United,Arsenal,37.0,42.0,1.0,2.0,6.943772633305103,6.9337376308654175,15.243522339007534,16.707688854279166
9576283,2021-2022,35.0,2022-05-02 19:00,finished,Manchester United,Brentford,35.0,50.0,3.0,0.0,7.032118818403682,6.932279890467834,15.876423013802892,16.185692606676938
9576330,2021-2022,36.0,2022-05-07 14:00,finished,Brentford,Southampton,50.0,45.0,3.0,0.0,6.92746433774451,6.840350135223394,16.29867230073966,15.24416560100448
9576343,2021-2022,36.0,2022-05-07 14:00,finished,Chelsea,Wolverhampton,38.0,3.0,2.0,2.0,7.060246375826665,6.9849564804928805,15.704485537628296,15.257624712005581
9576321,2021-2022,36.0,2022-05-07 14:00,finished,Burnley,Aston Villa,6.0,40.0,1.0,3.0,6.907769612168576,6.983549362862431,15.214545543179517,16.190001870204075
9576336,2021-2022,36.0,2022-05-07 14:00,finished,Crystal Palace,Watford,7.0,24.0,1.0,0.0,6.887842323549754,6.7779662465605135,15.938290832867779,14.621672887535894
9576322,2021-2022,36.0,2022-05-07 16:30,finished,Brighton & Hove Albion,Manchester United,30.0,35.0,4.0,0.0,6.97915146123874,7.044029024485925,16.359585260067572,15.876423013802892
9576357,2021-2022,36.0,2022-05-07 18:45,finished,Liverpool,Tottenham Hotspur,44.0,33.0,1.0,1.0,7.208738307477583,7.049586054075944,16.763424027253244,16.484689398352227
9576344,2021-2022,36.0,2022-05-08 13:00,finished,Norwich City,West Ham United,263.0,37.0,0.0,4.0,6.746030554751942,6.945750855179475,14.309236557277185,14.95281234868649
9576454,2021-2022,36.0,2022-05-08 13:00,finished,Arsenal,Leeds United,42.0,34.0,2.0,1.0,6.9507710298948435,6.857110180282661,16.429982871993875,15.517933007946958
9576331,2021-2022,36.0,2022-05-08 13:00,finished,Leicester City,Everton,31.0,48.0,1.0,2.0,6.882896591211438,6.900885084478386,15.528471526620361,15.892356265823448
9576340,2021-2022,36.0,2022-05-08 15:30,finished,Manchester City,Newcastle United,17.0,39.0,5.0,0.0,7.240556160280298,6.902319320292711,16.558815504142483,15.717177149612839
10236821,2021-2022,33.0,2022-05-10 19:00,finished,Aston Villa,Liverpool,40.0,44.0,1.0,2.0,7.013134268821092,7.173057459864205,16.065993669857814,16.695653699214823
10236820,2021-2022,33.0,2022-05-11 18:30,finished,Leeds United,Chelsea,34.0,38.0,0.0,3.0,6.913847907203586,7.105233857767502,15.628725701442699,16.43447548633545
10236824,2021-2022,21.0,2022-05-11 18:45,finished,Leicester City,Norwich City,31.0,263.0,3.0,0.0,6.971462549283846,6.7362599296901555,15.956832533239492,14.168404903591709
10236818,2021-2022,30.0,2022-05-11 18:45,finished,Watford,Everton,24.0,48.0,0.0,0.0,6.745717820004355,6.904122333036413,14.461628137309962,15.92022760607035
10277713,2021-2022,33.0,2022-05-11 19:15,finished,Wolverhampton,Manchester City,3.0,17.0,1.0,5.0,6.976690019079549,7.245557540109427,15.29448517637905,16.544328362027034
10236815,2021-2022,22.0,2022-05-12 18:45,finished,Tottenham Hotspur,Arsenal,33.0,42.0,3.0,0.0,7.025899736534856,6.964688275400133,16.384000220293053,16.429982871993875
9576298,2021-2022,37.0,2022-05-15 11:00,finished,Tottenham Hotspur,Burnley,33.0,6.0,1.0,0.0,7.0053242544353616,6.908578515468563,16.130278596574147,14.652323219380111
9576433,2021-2022,37.0,2022-05-15 13:00,finished,Watford,Leicester City,24.0,31.0,1.0,5.0,6.741349819342124,6.968874851505345,14.462161098956622,16.02626197438881
9576362,2021-2022,37.0,2022-05-15 13:00,finished,Aston Villa,Crystal Palace,40.0,7.0,1.0,1.0,7.010381036881966,6.907775759276149,16.065993669857814,15.691129252081021
9576453,2021-2022,37.0,2022-05-15 13:00,finished,Leeds United,Brighton & Hove Albion,34.0,30.0,1.0,1.0,6.868395260213558,6.999423873994362,15.341298117626183,16.359585260067572
9576310,2021-2022,37.0,2022-05-15 13:00,finished,West Ham United,Manchester City,37.0,17.0,2.0,2.0,6.966800641480489,7.250856295138115,14.982155384346765,16.66267118953646
9576462,2021-2022,37.0,2022-05-15 13:00,finished,Wolverhampton,Norwich City,3.0,263.0,1.0,1.0,6.908283058882294,6.737989007724301,15.250394890221667,14.280433299775716
9576464,2021-2022,37.0,2022-05-15 15:30,finished,Everton,Brentford,48.0,50.0,2.0,3.0,6.856670014136686,6.953467129984689,16.23463050427701,16.29867230073966
9576356,2021-2022,37.0,2022-05-16 19:00,finished,Newcastle United,Arsenal,39.0,42.0,2.0,0.0,6.896119875957823,6.938279535981349,15.776766162893638,16.846259772833147
9576430,2021-2022,37.0,2022-05-17 18:45,finished,Southampton,Liverpool,45.0,44.0,1.0,2.0,6.803603463001132,7.029838018890055,15.20932538431572,16.45580717318668
10236819,2021-2022,33.0,2022-05-19 18:45,finished,Everton,Crystal Palace,48.0,7.0,3.0,2.0,6.858691842522288,6.871069321325257,16.005511542746202,15.840948263549876
10236816,2021-2022,27.0,2022-05-19 19:00,finished,Chelsea,Leicester City,38.0,31.0,1.0,1.0,7.130050679707721,6.940392037979549,15.855220748605053,15.306704311679692
10236823,2021-2022,18.0,2022-05-19 19:00,finished,Aston Villa,Burnley,40.0,6.0,1.0,1.0,6.942814214796459,6.928125518005952,16.361303671123977,14.954246371560895
9576352,2021-2022,38.0,2022-05-22 15:00,finished,Crystal Palace,Manchester United,7.0,35.0,1.0,0.0,6.8505565568569295,6.977303647596371,15.141655883864049,16.08126268738224
9576220,2021-2022,38.0,2022-05-22 15:00,finished,Manchester City,Aston Villa,17.0,40.0,3.0,2.0,7.253528618881713,7.026963452244601,16.7749673781517,15.926569882459184
9576353,2021-2022,38.0,2022-05-22 15:00,finished,Burnley,Newcastle United,6.0,39.0,1.0,2.0,6.925372307346922,6.958925995686429,14.954246371560895,15.70830265946722
9576312,2021-2022,38.0,2022-05-22 15:00,finished,Brentford,Leeds United,50.0,34.0,1.0,2.0,6.941533436182359,6.89086050702253,16.367748533017718,15.559573132699574
9576354,2021-2022,38.0,2022-05-22 15:00,finished,Brighton & Hove Albion,West Ham United,30.0,37.0,3.0,1.0,6.995281617481016,6.96654275126219,16.26352634283402,14.982155384346765
9576355,2021-2022,38.0,2022-05-22 15:00,finished,Leicester City,Southampton,31.0,45.0,4.0,1.0,6.976862362386966,6.856063886189973,15.937807771032855,14.761343374401934
9576311,2021-2022,38.0,2022-05-22 15:00,finished,Arsenal,Everton,42.0,48.0,5.0,1.0,6.922850877004967,6.782492373534074,16.44784045390175,15.291973547528396
9576218,2021-2022,38.0,2022-05-22 15:00,finished,Norwich City,Tottenham Hotspur,263.0,33.0,0.0,5.0,6.745504907850744,7.032286520189669,14.193176470059944,16.384000220293053
9576308,2021-2022,38.0,2022-05-22 15:00,finished,Chelsea,Watford,38.0,24.0,2.0,1.0,7.050613899389308,6.780555651212376,15.435847155221056,14.37182337914308
9576299,2021-2022,38.0,2022-05-22 15:00,finished,Liverpool,Wolverhampton,44.0,3.0,3.0,1.0,7.166004177566771,6.959042451119473,16.568973406442538,15.523226921223788
10385741,2022-2023,1.0,2022-08-05 19:00,finished,Crystal Palace,Arsenal,7.0,42.0,0.0,2.0,6.8624057815122175,7.0083713693244425,15.677557165927237,17.205742949824785
10385502,2022-2023,1.0,2022-08-06 11:30,finished,Fulham,Liverpool,43.0,44.0,2.0,2.0,6.768022246434565,7.210901485602505,15.402184774242903,16.618850172452326
10385498,2022-2023,1.0,2022-08-06 14:00,finished,Newcastle United,Nottingham Forest,39.0,14.0,2.0,0.0,6.973377635868693,6.941563206904477,16.008683431598804,15.474426754830024
10385483,2022-2023,1.0,2022-08-06 14:00,finished,Bournemouth,Aston Villa,60.0,40.0,2.0,0.0,6.820385208153749,6.994256935084735,15.339435142297207,16.428527261753967
10385501,2022-2023,1.0,2022-08-06 14:00,finished,Leeds United,Wolverhampton,34.0,3.0,2.0,1.0,6.889312198423738,6.9466300474553115,15.928033047834639,16.471906505143274
10385518,2022-2023,1.0,2022-08-06 14:00,finished,Tottenham Hotspur,Southampton,33.0,45.0,4.0,1.0,7.073711776100461,6.845720049456992,16.484689398352227,15.459199518936428
10385509,2022-2023,1.0,2022-08-06 16:30,finished,Everton,Chelsea,48.0,38.0,0.0,1.0,6.9159489521839825,7.084818554958531,16.277872622602512,15.726161132619433
10385511,2022-2023,1.0,2022-08-07 13:00,finished,Manchester United,Brighton & Hove Albion,35.0,30.0,1.0,2.0,7.041020211897472,6.986212626071801,16.518353119096755,16.15518893401888
10385491,2022-2023,1.0,2022-08-07 13:00,finished,Leicester City,Brentford,31.0,50.0,2.0,2.0,7.0007919432654795,6.959971721395909,15.886793866400112,16.236109513093243
10385514,2022-2023,1.0,2022-08-07 15:30,finished,West Ham United,Manchester City,37.0,17.0,0.0,2.0,6.967513154866423,7.227608206213108,15.169557478544688,16.899791025144907
10385503,2022-2023,2.0,2022-08-13 11:30,finished,Aston Villa,Everton,40.0,48.0,2.0,1.0,6.970832904862559,6.874731729663484,16.288015506536823,16.172487448922098
10385527,2022-2023,2.0,2022-08-13 14:00,finished,Wolverhampton,Fulham,3.0,43.0,0.0,0.0,6.947954739965429,6.787549757307676,16.47190650514327,15.402184774242903
10385737,2022-2023,2.0,2022-08-13 14:00,finished,Southampton,Leeds United,45.0,34.0,2.0,2.0,6.851368588541339,6.799275849346693,15.579399181347652,15.928033047834639
10385743,2022-2023,2.0,2022-08-13 14:00,finished,Brighton & Hove Albion,Newcastle United,30.0,39.0,0.0,0.0,6.992216940102645,6.97699909422548,16.155188934018877,16.22080677265888
10385530,2022-2023,2.0,2022-08-13 14:00,finished,Manchester City,Bournemouth,17.0,60.0,4.0,0.0,7.284363415696626,6.90834631246582,16.783062342235862,15.235671151602162
10385500,2022-2023,2.0,2022-08-13 14:00,finished,Arsenal,Leicester City,42.0,31.0,4.0,2.0,7.0546458079179635,6.987108103361805,17.205742949824785,15.886793866400112
10385510,2022-2023,2.0,2022-08-13 16:30,finished,Brentford,Manchester United,50.0,35.0,4.0,0.0,6.634029377141607,7.103974756068943,15.908122267021191,16.4081766669172
10385528,2022-2023,2.0,2022-08-14 13:00,finished,Nottingham Forest,West Ham United,14.0,37.0,1.0,0.0,6.711607852653802,6.945073469512601,15.925917500955855,15.36303308816735
10385525,2022-2023,2.0,2022-08-14 15:30,finished,Chelsea,Tottenham Hotspur,38.0,33.0,2.0,2.0,7.121340229083962,7.085076386623745,16.071648740585093,16.484689398352227
10385740,2022-2023,2.0,2022-08-15 19:00,finished,Liverpool,Crystal Palace,44.0,7.0,1.0,1.0,7.176978081879212,6.826283882071022,16.59899663709746,15.379064952653984
10385739,2022-2023,3.0,2022-08-20 11:30,finished,Tottenham Hotspur,Wolverhampton,33.0,3.0,1.0,0.0,7.084997897030568,6.999915248847626,16.138281238329256,16.201448087702893
10385539,2022-2023,3.0,2022-08-20 14:00,finished,Fulham,Brentford,43.0,50.0,3.0,2.0,6.871536692815096,6.802517374125116,15.821281500271533,16.05723222803036
10385738,2022-2023,3.0,2022-08-20 14:00,finished,Leicester City,Southampton,31.0,45.0,1.0,2.0,6.920045231584617,6.785817556277433,15.72747027261433,15.68274115549802
10385520,2022-2023,3.0,2022-08-20 14:00,finished,Crystal Palace,Aston Villa,7.0,40.0,3.0,1.0,6.865139957030363,6.9513248750209184,15.633052781807356,16.698220878070575
10385537,2022-2023,3.0,2022-08-20 14:00,finished,Everton,Nottingham Forest,48.0,14.0,1.0,1.0,6.867004225376201,6.854120314644704,15.7426217748878,15.578603336237432
10385519,2022-2023,3.0,2022-08-20 16:30,finished,Bournemouth,Arsenal,60.0,42.0,0.0,3.0,6.893139136515731,7.010649675482657,15.281084789008805,17.205742949824785
10385543,2022-2023,3.0,2022-08-21 13:00,finished,Leeds United,Chelsea,34.0,38.0,3.0,0.0,6.752354086635865,7.130470892191729,16.156424468196104,16.257535648193453
10385538,2022-2023,3.0,2022-08-21 13:00,finished,West Ham United,Brighton & Hove Albion,37.0,30.0,0.0,2.0,6.946588439815673,6.989074599816542,15.442719488460499,16.155188934018877
10385532,2022-2023,3.0,2022-08-21 15:30,finished,Newcastle United,Manchester City,39.0,17.0,3.0,3.0,6.993122479577096,7.255454005662685,16.22080677265888,16.77404355586464
10385531,2022-2023,3.0,2022-08-22 19:00,finished,Manchester United,Liverpool,35.0,44.0,2.0,1.0,6.990712812009452,7.194862898949203,16.677310782396255,16.421256289369985
10385567,2022-2023,4.0,2022-08-27 11:30,finished,Southampton,Manchester United,45.0,35.0,0.0,1.0,6.812344621657678,6.992509753611066,15.757577536121376,16.677310782396255
10385556,2022-2023,4.0,2022-08-27 14:00,finished,Brentford,Everton,50.0,48.0,1.0,1.0,6.812706757482089,6.896228656610646,15.977522053403055,16.34337183457428
10385552,2022-2023,4.0,2022-08-27 14:00,finished,Chelsea,Leicester City,38.0,31.0,2.0,1.0,7.096541028823433,6.848619207781619,16.443199465896218,15.664092781908332
10385554,2022-2023,4.0,2022-08-27 14:00,finished,Manchester City,Crystal Palace,17.0,7.0,4.0,2.0,7.249781334804464,6.844057711435352,16.970158515281977,15.432979836472436
10385557,2022-2023,4.0,2022-08-27 14:00,finished,Brighton & Hove Albion,Leeds United,30.0,34.0,1.0,0.0,6.988018995377043,6.840967530426895,16.174966109956426,16.156424468196104
10385547,2022-2023,4.0,2022-08-27 14:00,finished,Liverpool,Bournemouth,44.0,60.0,9.0,0.0,7.158939850728498,6.750001308314982,16.66443713835556,15.516488403151305
10385742,2022-2023,4.0,2022-08-27 16:30,finished,Arsenal,Fulham,42.0,43.0,2.0,1.0,7.0140743683507765,6.8616356543455765,17.042267314939906,15.4873456163536
10385568,2022-2023,4.0,2022-08-28 13:00,finished,Wolverhampton,Newcastle United,3.0,39.0,1.0,1.0,7.0201380188452625,6.895088022472419,16.024574057264303,16.12640939513678
10385563,2022-2023,4.0,2022-08-28 13:00,finished,Aston Villa,West Ham United,40.0,37.0,0.0,1.0,7.02740753875462,6.8832129572345995,16.254539966765325,15.87755331406391
10385551,2022-2023,4.0,2022-08-28 15:30,finished,Nottingham Forest,Tottenham Hotspur,14.0,33.0,0.0,2.0,6.840620633903232,7.135399315501271,15.738958047728927,16.138281238329256
10385559,2022-2023,5.0,2022-08-30 18:30,finished,Fulham,Brighton & Hove Albion,43.0,30.0,2.0,1.0,6.856515437841079,6.965261546457348,15.4873456163536,16.26740321262671
10385588,2022-2023,5.0,2022-08-30 18:30,finished,Crystal Palace,Brentford,7.0,50.0,1.0,1.0,6.87322695963361,6.8845479944250485,15.805296934010999,15.966882984071264
10385585,2022-2023,5.0,2022-08-30 18:45,finished,Southampton,Chelsea,45.0,38.0,2.0,1.0,6.869556901056011,7.115176668346364,15.90639231665085,15.678288117176836
10385758,2022-2023,5.0,2022-08-30 19:00,finished,Leeds United,Everton,34.0,48.0,1.0,1.0,6.854186139865548,6.929024342802602,16.13427700613631,16.340485589272955
10385590,2022-2023,5.0,2022-08-31 18:30,finished,Manchester City,Nottingham Forest,17.0,14.0,6.0,0.0,7.218331454832148,6.894816787049613,17.065950551375483,15.887470241029973
10385759,2022-2023,5.0,2022-08-31 18:30,finished,Bournemouth,Wolverhampton,60.0,3.0,0.0,0.0,6.726125377734463,6.997449149168923,15.667236410115263,16.024574057264303
10385574,2022-2023,5.0,2022-08-31 18:30,finished,Arsenal,Aston Villa,42.0,40.0,2.0,1.0,7.03406950394479,6.951078885375333,17.1908246243102,16.698220878070575
10385564,2022-2023,5.0,2022-08-31 18:45,finished,West Ham United,Tottenham Hotspur,37.0,33.0,1.0,1.0,6.906660820727454,7.072573441716748,15.442719488460499,16.080696879614862
10385582,2022-2023,5.0,2022-08-31 19:00,finished,Liverpool,Newcastle United,44.0,39.0,2.0,1.0,7.179671878929205,6.93649056094771,16.66443713835556,15.900436597084008
10385573,2022-2023,5.0,2022-09-01 19:00,finished,Leicester City,Manchester United,31.0,35.0,0.0,1.0,6.921004595290375,7.024078200560441,16.092968062858155,16.677310782396255
10385599,2022-2023,6.0,2022-09-03 11:30,finished,Everton,Liverpool,48.0,44.0,0.0,0.0,6.875722749015067,7.036653830233834,16.172566515798984,16.9609579701751
10385757,2022-2023,6.0,2022-09-03 14:00,finished,Chelsea,West Ham United,38.0,37.0,2.0,1.0,7.063872043891511,6.920945900267655,16.364475726890166,15.842495017661394
10385608,2022-2023,6.0,2022-09-03 14:00,finished,Newcastle United,Crystal Palace,39.0,7.0,0.0,0.0,6.964590115302625,6.87276532847353,16.16987777592574,15.779365319301364
10385595,2022-2023,6.0,2022-09-03 14:00,finished,Wolverhampton,Southampton,3.0,45.0,1.0,0.0,6.988378722055043,6.8364708016995275,16.096659041344857,15.736065999607604
10385744,2022-2023,6.0,2022-09-03 14:00,finished,Tottenham Hotspur,Fulham,33.0,43.0,2.0,1.0,7.03515063496504,6.8667877021650705,16.467429418410596,15.4873456163536
10385600,2022-2023,6.0,2022-09-03 14:00,finished,Nottingham Forest,Bournemouth,14.0,60.0,2.0,3.0,6.6930046836590416,6.81391403545949,15.606930331443607,15.667236410115263
10385577,2022-2023,6.0,2022-09-03 14:00,finished,Brentford,Leeds United,50.0,34.0,5.0,2.0,6.82840280481582,6.88263825105642,16.04659315869857,16.03245052246856
10385569,2022-2023,6.0,2022-09-03 16:30,finished,Aston Villa,Manchester City,40.0,17.0,1.0,1.0,6.925484302213328,7.321513966434461,16.74299146762492,16.899235010050194
10385576,2022-2023,6.0,2022-09-04 13:00,finished,Brighton & Hove Albion,Leicester City,30.0,31.0,5.0,2.0,6.973473975072571,6.907888164034105,16.155188934018877,16.08040517968988
10385750,2022-2023,6.0,2022-09-04 15:30,finished,Manchester United,Arsenal,35.0,42.0,3.0,1.0,7.021083054173554,7.046352724050291,16.619774367905897,17.254426414770705
10385627,2022-2023,8.0,2022-09-16 19:00,finished,Nottingham Forest,Fulham,14.0,43.0,2.0,3.0,6.724483407489867,6.924473526402093,15.899438759366591,15.383349725935448
10385745,2022-2023,8.0,2022-09-16 19:00,finished,Aston Villa,Southampton,40.0,45.0,1.0,0.0,6.982841272082587,6.825636701007499,16.216249055249968,15.620039320888917
10385639,2022-2023,8.0,2022-09-17 11:30,finished,Wolverhampton,Manchester City,3.0,17.0,0.0,3.0,7.013052562378121,7.303872022545337,16.201448087702893,17.283507484610915
10385624,2022-2023,8.0,2022-09-17 14:00,finished,Newcastle United,Bournemouth,39.0,60.0,1.0,1.0,6.965818041756265,6.669055474916719,16.138154785212578,15.662800940645313
10385641,2022-2023,8.0,2022-09-17 16:30,finished,Tottenham Hotspur,Leicester City,33.0,31.0,6.0,2.0,7.029861412671974,6.93050529086615,16.28569381281727,16.336265315184143
10385635,2022-2023,8.0,2022-09-18 11:00,finished,Brentford,Arsenal,50.0,42.0,0.0,3.0,6.831279191887673,6.991766014528117,16.067599273039075,16.996930563736843
10385623,2022-2023,8.0,2022-09-18 13:15,finished,Everton,West Ham United,48.0,37.0,1.0,0.0,6.925875180584637,6.9213088370415905,15.672445757687084,15.575018327788394
10385648,2022-2023,9.0,2022-10-01 11:30,finished,Arsenal,Tottenham Hotspur,42.0,33.0,3.0,1.0,7.039621338571905,7.0703990986487355,17.205742949824785,16.221710436446795
10385659,2022-2023,9.0,2022-10-01 14:00,finished,Liverpool,Brighton & Hove Albion,44.0,30.0,3.0,3.0,7.21163610468939,6.979780361915985,16.379178224942297,16.174966109956426
10385629,2022-2023,9.0,2022-10-01 14:00,finished,Crystal Palace,Chelsea,7.0,38.0,1.0,2.0,6.893239892239605,7.066127205487893,15.64783873087223,16.1334793178057
10385657,2022-2023,9.0,2022-10-01 14:00,finished,Southampton,Everton,45.0,48.0,1.0,2.0,6.843798788641359,6.942381646441141,15.332210799477012,15.632021573029482
10385748,2022-2023,9.0,2022-10-01 14:00,finished,Bournemouth,Brentford,60.0,50.0,0.0,0.0,6.743698265526624,6.919646789515491,15.46490860376304,16.08024038714041
10385749,2022-2023,9.0,2022-10-01 14:00,finished,Fulham,Newcastle United,43.0,39.0,1.0,4.0,6.8087792134204115,6.936914496866987,15.029062769474727,16.187497530087512
10385661,2022-2023,9.0,2022-10-01 16:30,finished,West Ham United,Wolverhampton,37.0,3.0,2.0,0.0,6.864253049717679,6.971491976568731,15.75843214858056,16.056462713792627
10385656,2022-2023,9.0,2022-10-02 13:00,finished,Manchester City,Manchester United,17.0,35.0,6.0,3.0,7.324031283845434,7.039777181304473,16.705239555736156,16.619774367905897
10385642,2022-2023,9.0,2022-10-02 15:30,finished,Leeds United,Aston Villa,34.0,40.0,0.0,0.0,6.915808528321187,6.957642998322004,15.914060070426613,16.06831565201305
10385631,2022-2023,9.0,2022-10-03 19:00,finished,Leicester City,Nottingham Forest,31.0,14.0,4.0,0.0,6.860683118078442,6.766857633107634,16.141527133217465,15.620701207519703
10385695,2022-2023,10.0,2022-10-08 14:00,finished,Manchester City,Southampton,17.0,45.0,4.0,0.0,7.3252626884710965,6.848540192887197,17.167334816796583,15.544622836085061
10385760,2022-2023,10.0,2022-10-08 14:00,finished,Chelsea,Wolverhampton,38.0,3.0,3.0,0.0,7.016913286982438,6.984811214865689,16.568980857182645,15.468258878533753
10385689,2022-2023,10.0,2022-10-08 14:00,finished,Newcastle United,Brentford,39.0,50.0,5.0,1.0,6.954038775642927,6.819354119935073,16.187497530087512,15.99579659582051
10385649,2022-2023,10.0,2022-10-08 14:00,finished,Bournemouth,Leicester City,60.0,31.0,2.0,1.0,6.808732206427712,6.867562614227965,15.719436594367213,16.357294856067778
10385653,2022-2023,10.0,2022-10-08 16:30,finished,Brighton & Hove Albion,Tottenham Hotspur,30.0,33.0,0.0,1.0,6.9980420076842655,7.04016626471215,16.17496610995643,16.232965857062297
10385686,2022-2023,10.0,2022-10-09 13:00,finished,Crystal Palace,Leeds United,7.0,34.0,2.0,1.0,6.902657638937657,6.881565752663605,15.78694546556855,15.707816112124942
10385687,2022-2023,10.0,2022-10-09 13:00,finished,West Ham United,Fulham,37.0,43.0,3.0,1.0,6.917663896943531,6.802151337828364,15.815173449405377,15.428829151595135
10385644,2022-2023,10.0,2022-10-09 15:30,finished,Arsenal,Liverpool,42.0,44.0,3.0,2.0,7.019551993901792,7.146214874606671,17.18905088504682,16.928428467816666
10385762,2022-2023,10.0,2022-10-09 18:00,finished,Everton,Manchester United,48.0,35.0,1.0,2.0,6.936380596946754,7.0098260369338385,15.71102501366799,16.307900418604326
10385761,2022-2023,10.0,2022-10-10 19:00,finished,Nottingham Forest,Aston Villa,14.0,40.0,1.0,1.0,6.782785908577764,7.002238046039991,15.17664458921531,16.270114865826564
10385682,2022-2023,11.0,2022-10-14 19:00,finished,Brentford,Brighton & Hove Albion,50.0,30.0,2.0,0.0,6.9266625578846295,6.992682250346445,16.362367195055636,16.174966109956426
10385704,2022-2023,11.0,2022-10-15 11:30,finished,Leicester City,Crystal Palace,31.0,7.0,0.0,0.0,6.882094704717398,6.873793685728484,16.142798243221453,15.633052781807356
10385705,2022-2023,11.0,2022-10-15 14:00,finished,Wolverhampton,Nottingham Forest,3.0,14.0,1.0,0.0,6.987879237436058,6.7850119001142675,15.75640686853683,15.437838221166372
10385696,2022-2023,11.0,2022-10-15 14:00,finished,Fulham,Bournemouth,43.0,60.0,2.0,2.0,6.824180845131185,6.816231259867847,15.442410183459488,15.71943659436721
10385753,2022-2023,11.0,2022-10-15 16:30,finished,Tottenham Hotspur,Everton,33.0,48.0,2.0,0.0,7.060686549388382,6.934381005692334,16.048262172720424,15.632021573029482
10385692,2022-2023,11.0,2022-10-16 13:00,finished,Southampton,West Ham United,45.0,37.0,1.0,1.0,6.812029564223534,6.919498976716062,15.829501111980285,15.964115464512526
10385700,2022-2023,11.0,2022-10-16 13:00,finished,Leeds United,Arsenal,34.0,42.0,0.0,1.0,6.867804265172686,7.017661679690315,15.914060070426613,17.18905088504682
10385680,2022-2023,11.0,2022-10-16 13:00,finished,Aston Villa,Chelsea,40.0,38.0,0.0,2.0,6.913013439938276,7.0601448864917185,16.264605397916966,16.214347517013003
10385693,2022-2023,11.0,2022-10-16 13:00,finished,Manchester United,Newcastle United,35.0,39.0,0.0,0.0,7.079970721258948,6.971926071136291,16.488560335409694,16.247164185309078
10385752,2022-2023,11.0,2022-10-16 15:30,finished,Liverpool,Manchester City,44.0,17.0,1.0,0.0,7.131092663432767,7.328465301642672,16.356255185168603,17.096411311564804
10385713,2022-2023,12.0,2022-10-18 18:30,finished,Brighton & Hove Albion,Nottingham Forest,30.0,14.0,0.0,0.0,6.9945180654280215,6.830430996001849,16.155188934018877,15.77725018091768
10385707,2022-2023,12.0,2022-10-18 19:15,finished,Crystal Palace,Wolverhampton,7.0,3.0,2.0,1.0,6.905424336481644,6.997237452142605,16.013640041000983,15.96124996700491
10385755,2022-2023,12.0,2022-10-19 18:30,finished,Bournemouth,Southampton,60.0,45.0,0.0,1.0,6.81142456589065,6.78635676681381,15.71943659436721,15.752893937932022
10385715,2022-2023,12.0,2022-10-19 18:30,finished,Newcastle United,Everton,39.0,48.0,1.0,0.0,6.973112337180916,6.927931399243739,16.247164185309078,15.835936332979857
10385718,2022-2023,12.0,2022-10-19 18:30,finished,Brentford,Chelsea,50.0,38.0,0.0,0.0,6.906461966563715,7.024349015744412,15.847630917409498,16.391652796288383
10385729,2022-2023,12.0,2022-10-19 18:30,finished,Liverpool,West Ham United,44.0,37.0,1.0,0.0,7.121143541850427,6.929260982239691,16.489146073455373,15.918004909617038
10385725,2022-2023,12.0,2022-10-19 19:15,finished,Manchester United,Tottenham Hotspur,35.0,33.0,2.0,0.0,7.041203007463966,7.069279187092926,16.599746086951505,15.987246875098498
10385708,2022-2023,12.0,2022-10-20 18:30,finished,Fulham,Aston Villa,43.0,40.0,3.0,0.0,6.8961830795225065,6.907861171634798,15.130719605654917,16.20780285822765
10385706,2022-2023,12.0,2022-10-20 19:15,finished,Leicester City,Leeds United,31.0,34.0,2.0,0.0,6.863004599756482,6.849991346544335,15.727094579137468,16.00073281732131
10385728,2022-2023,13.0,2022-10-22 11:30,finished,Nottingham Forest,Liverpool,14.0,44.0,1.0,0.0,6.846449641571923,7.086543100892215,15.292698720475626,16.345735638305396
10385730,2022-2023,13.0,2022-10-22 14:00,finished,Manchester City,Brighton & Hove Albion,17.0,30.0,3.0,1.0,7.286492606292857,6.995943976091186,17.019224963447183,16.15518893401888
10385721,2022-2023,13.0,2022-10-22 14:00,finished,Everton,Crystal Palace,48.0,7.0,3.0,0.0,6.924448776142944,6.915085885863448,15.835936332979857,15.732921610696105
10385751,2022-2023,13.0,2022-10-22 16:30,finished,Chelsea,Manchester United,38.0,35.0,1.0,1.0,7.0827430673951275,7.0842404768706695,15.77228102341263,16.502095127764782
10385361,2022-2023,13.0,2022-10-23 13:00,finished,Wolverhampton,Leicester City,3.0,31.0,0.0,4.0,7.0007545525798855,6.918687720404361,15.664065820772759,16.142798243221453
10385368,2022-2023,13.0,2022-10-23 13:00,finished,Southampton,Arsenal,45.0,42.0,1.0,1.0,6.808992080409192,7.018181173896545,15.340417811048745,17.18905088504682
10385754,2022-2023,13.0,2022-10-23 13:00,finished,Leeds United,Fulham,34.0,43.0,2.0,3.0,6.843950455074051,6.91671885128099,15.39747164423848,15.542267549644992
10385732,2022-2023,13.0,2022-10-23 13:00,finished,Aston Villa,Brentford,40.0,50.0,4.0,0.0,6.914344171891366,6.885945910706434,16.06951681725097,16.177379580227928
10385365,2022-2023,13.0,2022-10-23 15:30,finished,Tottenham Hotspur,Newcastle United,33.0,39.0,1.0,2.0,6.971235794664493,6.980861352180576,16.22624835221762,16.263958194690836
10385359,2022-2023,13.0,2022-10-24 19:00,finished,West Ham United,Bournemouth,37.0,60.0,2.0,0.0,6.873105035510949,6.814122422321673,15.918004909617038,15.71943659436721
10385380,2022-2023,14.0,2022-10-29 11:30,finished,Leicester City,Manchester City,31.0,17.0,0.0,1.0,6.974427564187909,7.381052880414303,15.908813004518906,16.748937254000072
10385366,2022-2023,14.0,2022-10-29 14:00,finished,Bournemouth,Tottenham Hotspur,60.0,33.0,2.0,3.0,6.742791236942898,6.95159723129745,15.57760777530195,16.15520973766206
10385367,2022-2023,14.0,2022-10-29 14:00,finished,Brentford,Wolverhampton,50.0,3.0,1.0,1.0,6.872297078638211,6.89661658699789,16.27631300584023,15.96124996700491
10385362,2022-2023,14.0,2022-10-29 14:00,finished,Newcastle United,Aston Villa,39.0,40.0,4.0,0.0,6.975961263027273,6.924028100440858,16.263958194690836,16.06951681725097
10385377,2022-2023,14.0,2022-10-29 14:00,finished,Crystal Palace,Southampton,7.0,45.0,1.0,0.0,6.905067363909322,6.8427526739441085,15.732921610696105,15.324213415288968
10385363,2022-2023,14.0,2022-10-29 14:00,finished,Brighton & Hove Albion,Chelsea,30.0,38.0,4.0,1.0,6.992658166112933,7.039481943047411,16.505072519141486,16.597400949982557
10385378,2022-2023,14.0,2022-10-29 16:30,finished,Fulham,Everton,43.0,48.0,0.0,0.0,6.9117625353466075,6.929893082842917,15.130719605654917,15.835936332979857
10385373,2022-2023,14.0,2022-10-29 18:45,finished,Liverpool,Leeds United,44.0,34.0,1.0,2.0,7.129354397637261,6.848445526962157,16.7839843166096,15.98015540972076
10385364,2022-2023,14.0,2022-10-30 14:00,finished,Arsenal,Nottingham Forest,42.0,14.0,5.0,0.0,7.016514362636328,6.815008087576342,17.18905088504682,15.240831006069477
10385360,2022-2023,14.0,2022-10-30 16:15,finished,Manchester United,West Ham United,35.0,37.0,1.0,0.0,7.112041224962752,6.9011738444933055,16.485684118202048,15.730602815419116
10385374,2022-2023,15.0,2022-11-05 15:00,finished,Wolverhampton,Brighton & Hove Albion,3.0,30.0,2.0,3.0,6.883181615749729,7.043529029526035,15.830165779995271,16.505072519141486
10385384,2022-2023,15.0,2022-11-05 15:00,finished,Leeds United,Bournemouth,34.0,60.0,4.0,3.0,6.8890719262911775,6.773983049691617,15.98015540972076,15.625724112489511
10385385,2022-2023,15.0,2022-11-05 15:00,finished,Manchester City,Fulham,17.0,43.0,2.0,1.0,7.260027640530538,6.907426500989837,16.79953467077994,15.593714615827965
10385388,2022-2023,15.0,2022-11-05 15:00,finished,Nottingham Forest,Brentford,14.0,50.0,2.0,2.0,6.824830322744948,6.7627861465025605,15.39424066841529,16.18168313976996
10385390,2022-2023,15.0,2022-11-05 17:30,finished,Everton,Leicester City,48.0,31.0,0.0,2.0,6.9420867961688035,6.927221514965911,15.756932892341348,16.142798243221453
10385376,2022-2023,15.0,2022-11-06 12:00,finished,Chelsea,Arsenal,38.0,42.0,0.0,1.0,7.076388180806773,7.039231473710254,15.86714205486244,17.205742949824785
10385379,2022-2023,15.0,2022-11-06 14:00,finished,Aston Villa,Manchester United,40.0,35.0,3.0,1.0,6.9152872882034195,7.038163378269357,16.54062627717042,16.15705704688797
10385371,2022-2023,15.0,2022-11-06 14:00,finished,Southampton,Newcastle United,45.0,39.0,1.0,4.0,6.816528603657119,6.963847444459064,15.41368342037596,16.187497530087512
10385372,2022-2023,15.0,2022-11-06 14:00,finished,West Ham United,Crystal Palace,37.0,7.0,1.0,2.0,6.929967856910582,6.901660268787349,15.81517344940538,15.932117665019057
10385375,2022-2023,15.0,2022-11-06 16:30,finished,Tottenham Hotspur,Liverpool,33.0,44.0,1.0,2.0,6.981500406024105,7.127989275256766,15.937314784107599,16.91169382352509
10385383,2022-2023,16.0,2022-11-12 12:30,finished,Manchester City,Brentford,17.0,50.0,1.0,2.0,7.291786334726834,6.896674743994868,16.920066425504668,15.847630917409498
10385400,2022-2023,16.0,2022-11-12 15:00,finished,Liverpool,Southampton,44.0,45.0,3.0,1.0,7.135956472647897,6.871477934515692,16.7839843166096,15.606156099423565
10385382,2022-2023,16.0,2022-11-12 15:00,finished,Nottingham Forest,Crystal Palace,14.0,7.0,1.0,0.0,6.804829832070346,6.905728767618057,15.435481785285019,15.932117665019057
10385395,2022-2023,16.0,2022-11-12 15:00,finished,West Ham United,Leicester City,37.0,31.0,0.0,2.0,6.923820619480245,6.916889602031166,15.815173449405377,16.082671108471878
10385386,2022-2023,16.0,2022-11-12 15:00,finished,Bournemouth,Everton,60.0,48.0,3.0,0.0,6.7494078023357735,6.952741023800059,15.499657754224568,15.987939318889945
10385387,2022-2023,16.0,2022-11-12 15:00,finished,Tottenham Hotspur,Leeds United,33.0,34.0,4.0,3.0,7.034145381737235,6.902728279131551,16.072777042443068,16.044836893286956
10385381,2022-2023,16.0,2022-11-12 17:30,finished,Newcastle United,Chelsea,39.0,38.0,1.0,0.0,6.969890306293696,7.026897754178152,16.30582409335367,16.17655597262195
10385393,2022-2023,16.0,2022-11-12 19:45,finished,Wolverhampton,Arsenal,3.0,42.0,0.0,2.0,6.913850169549456,7.041266090721766,15.960298030653338,17.205742949824785
10385389,2022-2023,16.0,2022-11-13 14:00,finished,Brighton & Hove Albion,Aston Villa,30.0,40.0,1.0,2.0,6.998160000620294,6.958481870823755,16.51730640436071,16.53988555727169
10385399,2022-2023,16.0,2022-11-13 16:30,finished,Fulham,Manchester United,43.0,35.0,1.0,2.0,6.8850182520853815,7.0191986935805115,15.272566421497986,16.215625366553432
10385397,2022-2023,17.0,2022-12-26 12:30,finished,Brentford,Tottenham Hotspur,50.0,33.0,2.0,2.0,6.928541982716921,6.994567712080895,15.871377780978918,15.736982082387204
10385394,2022-2023,17.0,2022-12-26 15:00,finished,Crystal Palace,Fulham,7.0,43.0,0.0,3.0,6.897605504797948,6.938674216757646,15.748654003866392,15.421641859124206
10385406,2022-2023,17.0,2022-12-26 15:00,finished,Leicester City,Newcastle United,31.0,39.0,0.0,3.0,6.866543558589887,6.967477546253372,15.844002155266686,16.30582409335367
10385391,2022-2023,17.0,2022-12-26 15:00,finished,Everton,Wolverhampton,48.0,3.0,1.0,2.0,6.955857849665535,6.93965890167719,16.314894421979304,15.411314363945133
10385404,2022-2023,17.0,2022-12-26 15:00,finished,Southampton,Brighton & Hove Albion,45.0,30.0,1.0,3.0,6.798328047902172,7.05292990237948,15.542922010316193,16.34930959803672
10385398,2022-2023,17.0,2022-12-26 17:30,finished,Aston Villa,Liverpool,40.0,44.0,1.0,3.0,6.925007407722107,7.188728665767713,16.057379528865496,16.391209335286213
10385396,2022-2023,17.0,2022-12-26 20:00,finished,Arsenal,West Ham United,42.0,37.0,3.0,1.0,6.99801542491681,6.935362513813209,17.120217336017287,15.4405803523323
10385392,2022-2023,17.0,2022-12-27 17:30,finished,Chelsea,Bournemouth,38.0,60.0,2.0,0.0,7.05868909747599,6.74326867506693,16.444728311728674,15.561666603713054
10385401,2022-2023,17.0,2022-12-27 20:00,finished,Manchester United,Nottingham Forest,35.0,14.0,3.0,0.0,7.070014254535616,6.776256338178883,16.165675093674672,15.504006548107649
10385403,2022-2023,17.0,2022-12-28 20:00,finished,Leeds United,Manchester City,34.0,17.0,1.0,3.0,6.804380183652747,7.2397680528975314,15.423596229029824,16.856012919290677
10385402,2022-2023,18.0,2022-12-30 19:45,finished,West Ham United,Brentford,37.0,50.0,0.0,2.0,6.910282890218749,6.857231736869091,15.312633889731854,15.692500495916034
10385405,2022-2023,18.0,2022-12-30 20:00,finished,Liverpool,Leicester City,44.0,31.0,2.0,1.0,7.171248091628019,6.849369010773208,16.49759253577151,15.818318898465396
10385408,2022-2023,18.0,2022-12-31 12:30,finished,Wolverhampton,Manchester United,3.0,35.0,0.0,1.0,6.92069016769357,6.99592655799923,15.77625089617682,16.17568343953037
10385410,2022-2023,18.0,2022-12-31 15:00,finished,Bournemouth,Crystal Palace,60.0,7.0,0.0,2.0,6.633776120283297,6.893650427870225,15.725807766563998,15.532957636415182
10385418,2022-2023,18.0,2022-12-31 15:00,finished,Manchester City,Everton,17.0,48.0,1.0,1.0,7.231003519543057,6.934634761900598,17.043665107431504,15.964772820175341
10385413,2022-2023,18.0,2022-12-31 15:00,finished,Newcastle United,Leeds United,39.0,34.0,0.0,0.0,6.974049120095538,6.832990946560696,16.30582409335367,15.373767172411918
10385407,2022-2023,18.0,2022-12-31 15:00,finished,Fulham,Southampton,43.0,45.0,2.0,1.0,6.951049709440823,6.799291718043123,15.421641859124206,15.75758002084756
10385409,2022-2023,18.0,2022-12-31 17:30,finished,Brighton & Hove Albion,Arsenal,30.0,42.0,2.0,4.0,6.96380690878417,7.019336917366927,16.271438362496674,17.183819126477793
10385414,2022-2023,18.0,2023-01-01 14:00,finished,Tottenham Hotspur,Aston Villa,33.0,40.0,0.0,2.0,7.040910969927517,6.921987353386085,15.918483201756958,16.057379528865496
10385412,2022-2023,18.0,2023-01-01 16:30,finished,Nottingham Forest,Chelsea,14.0,38.0,1.0,1.0,6.7935972092177375,6.982994115805602,15.952230683338037,16.092457245024328
10385428,2022-2023,19.0,2023-01-02 17:30,finished,Brentford,Liverpool,50.0,44.0,3.0,1.0,6.899229897912568,7.151992317179099,15.90823824535239,16.765584885282625
10385421,2022-2023,19.0,2023-01-03 19:45,finished,Everton,Brighton & Hove Albion,48.0,30.0,1.0,4.0,6.920206698723543,6.898405540160805,15.885015724725879,16.28054338819158
10385419,2022-2023,19.0,2023-01-03 19:45,finished,Leicester City,Fulham,31.0,43.0,0.0,1.0,6.892397844098522,6.955083996713898,15.659793183517621,15.486403544804915
10385416,2022-2023,19.0,2023-01-03 19:45,finished,Arsenal,Newcastle United,42.0,39.0,0.0,0.0,7.019119195676694,6.982080128067784,17.183819126477793,16.263958194690836
10385415,2022-2023,19.0,2023-01-03 20:00,finished,Manchester United,Bournemouth,35.0,60.0,3.0,0.0,7.066909827668931,6.675488291339334,15.9435233465362,15.915789978265396
10385411,2022-2023,19.0,2023-01-04 19:30,finished,Southampton,Nottingham Forest,45.0,14.0,0.0,1.0,6.816088490183724,6.789222276908493,15.843236110033395,15.952230683338037
10385417,2022-2023,19.0,2023-01-04 19:45,finished,Leeds United,West Ham United,34.0,37.0,2.0,2.0,6.840700512505706,6.905647256887716,15.718698078754805,16.121206159708766
10385424,2022-2023,19.0,2023-01-04 20:00,finished,Crystal Palace,Tottenham Hotspur,7.0,33.0,0.0,4.0,6.906126633090124,6.965112600937436,15.532957636415182,15.882732960840718
10385420,2022-2023,19.0,2023-01-04 20:00,finished,Aston Villa,Wolverhampton,40.0,3.0,1.0,1.0,6.931839641330979,6.917273230306616,16.354328944075288,15.77625089617682
10385429,2022-2023,19.0,2023-01-05 20:00,finished,Chelsea,Manchester City,38.0,17.0,0.0,1.0,6.998236644389465,7.280762234581559,15.969736634392602,16.77404355586464
10913240,2022-2023,7.0,2023-01-12 20:00,finished,Fulham,Chelsea,43.0,38.0,2.0,1.0,6.916637944690091,6.994289105304586,15.408060827259847,16.228745981447574
10385423,2022-2023,20.0,2023-01-13 20:00,finished,Aston Villa,Leeds United,40.0,34.0,2.0,1.0,6.920848579761517,6.852864246970762,16.408677762325798,15.646106470007735
10385426,2022-2023,20.0,2023-01-14 12:30,finished,Manchester United,Manchester City,35.0,17.0,2.0,1.0,7.085453812285021,7.2475109990140565,16.040213439960205,16.863564076163808
10385425,2022-2023,20.0,2023-01-14 15:00,finished,Nottingham Forest,Leicester City,14.0,31.0,2.0,0.0,6.786498087072456,6.891052344257465,16.032909740740845,15.439727563671912
10385438,2022-2023,20.0,2023-01-14 15:00,finished,Wolverhampton,West Ham United,3.0,37.0,1.0,0.0,6.923121612595184,6.889436375189212,16.245156351527104,15.292725445886798
10385436,2022-2023,20.0,2023-01-14 15:00,finished,Brighton & Hove Albion,Liverpool,30.0,44.0,3.0,0.0,7.048061060119789,7.138649167323697,16.73214984567739,16.587546985781046
10385422,2022-2023,20.0,2023-01-14 15:00,finished,Everton,Southampton,48.0,45.0,1.0,2.0,6.918931327561035,6.796705572104489,15.608855074314874,15.757864051469857
10385439,2022-2023,20.0,2023-01-14 17:30,finished,Brentford,Bournemouth,50.0,60.0,2.0,0.0,6.937194656155636,6.748664438468052,16.221495180061535,15.6209800008856
10385435,2022-2023,20.0,2023-01-15 14:00,finished,Chelsea,Crystal Palace,38.0,7.0,1.0,0.0,6.947546106997664,6.9015045067321985,16.361483999811487,15.932117665019057
10385427,2022-2023,20.0,2023-01-15 14:00,finished,Newcastle United,Fulham,39.0,43.0,1.0,0.0,6.981308644844182,6.895431357199985,16.26395819469084,15.08628918147748
10385433,2022-2023,20.0,2023-01-15 16:30,finished,Tottenham Hotspur,Arsenal,33.0,42.0,0.0,2.0,7.017658767018106,7.018838316722927,16.38438889297951,17.183819126477793
10979293,2022-2023,7.0,2023-01-18 20:00,finished,Crystal Palace,Manchester United,7.0,35.0,1.0,1.0,6.898279457053769,7.091417909091703,16.08939638322112,16.312303795674257
10913242,2022-2023,7.0,2023-01-19 20:00,finished,Manchester City,Tottenham Hotspur,17.0,33.0,4.0,2.0,7.194587442735553,7.092865053167429,17.022728460615966,16.238970416388426
10385443,2022-2023,21.0,2023-01-21 12:30,finished,Liverpool,Chelsea,44.0,38.0,0.0,0.0,7.029409351334129,7.089389006317986,16.338837907786576,16.43564304550715
10385449,2022-2023,21.0,2023-01-21 15:00,finished,Southampton,Aston Villa,45.0,40.0,0.0,1.0,6.794505064938654,6.90730205409449,15.826620968031811,16.343173566439614
10385434,2022-2023,21.0,2023-01-21 15:00,finished,Leicester City,Brighton & Hove Albion,31.0,30.0,2.0,2.0,6.856293424096214,6.975817435095251,15.468000095874721,16.50909990905528
10385444,2022-2023,21.0,2023-01-21 15:00,finished,West Ham United,Everton,37.0,48.0,2.0,0.0,6.925927695535777,6.9372255490590815,15.469984856176819,15.554344063174046
10385431,2022-2023,21.0,2023-01-21 15:00,finished,Bournemouth,Nottingham Forest,60.0,14.0,1.0,1.0,6.756245648817096,6.812348524204174,15.170913140762526,15.79863494792165
10385430,2022-2023,21.0,2023-01-21 17:30,finished,Crystal Palace,Newcastle United,7.0,39.0,0.0,0.0,6.9052048498081895,6.983443683116151,15.621907116162596,16.26395819469084
10385432,2022-2023,21.0,2023-01-22 14:00,finished,Leeds United,Brentford,34.0,50.0,0.0,0.0,6.8251492299865655,6.873983315383992,15.882408015550073,16.058126812553006
10385445,2022-2023,21.0,2023-01-22 14:00,finished,Manchester City,Wolverhampton,17.0,3.0,3.0,0.0,7.212869642972871,6.946204599072911,16.805415502510808,16.2348192511673
10652685,2022-2023,21.0,2023-01-22 16:30,finished,Arsenal,Manchester United,42.0,35.0,3.0,2.0,7.019922463645801,7.040409525609174,17.183819126477793,16.48728332268716
10385437,2022-2023,21.0,2023-01-23 20:15,finished,Fulham,Tottenham Hotspur,43.0,33.0,0.0,1.0,6.954269869445591,7.08364549497135,15.421641859124206,16.238970416388426
10385441,2022-2023,22.0,2023-02-03 20:00,finished,Chelsea,Fulham,38.0,43.0,0.0,0.0,7.124230868574688,6.951645235787546,16.79645725951516,15.421641859124206
10385450,2022-2023,22.0,2023-02-04 12:30,finished,Everton,Arsenal,48.0,42.0,1.0,0.0,6.935410350405866,7.019712071433059,15.805485845607736,17.183819126477793
10385446,2022-2023,22.0,2023-02-04 15:00,finished,Brentford,Southampton,50.0,45.0,3.0,0.0,6.903758922895287,6.825560203608436,16.20293258078061,15.752498021804007
10385454,2022-2023,22.0,2023-02-04 15:00,finished,Wolverhampton,Liverpool,3.0,44.0,3.0,0.0,6.8736378643044445,7.07080909299095,16.22208649541415,16.68094339526384
10385448,2022-2023,22.0,2023-02-04 15:00,finished,Aston Villa,Leicester City,40.0,31.0,2.0,4.0,6.929910020970554,6.966954257905933,16.408677762325798,16.246871904417404
10688772,2022-2023,22.0,2023-02-04 15:00,finished,Manchester United,Crystal Palace,35.0,7.0,2.0,1.0,7.056056559249783,6.911783260597082,16.409954754860976,15.744945209341948
10385440,2022-2023,22.0,2023-02-04 15:00,finished,Brighton & Hove Albion,Bournemouth,30.0,60.0,1.0,0.0,6.953591100798701,6.8570492187063685,15.88967320567056,15.818827513099789
10385458,2022-2023,22.0,2023-02-04 17:30,finished,Newcastle United,West Ham United,39.0,37.0,1.0,1.0,6.96260434737509,6.921277310701901,16.084543496473945,15.602635375211797
10385459,2022-2023,22.0,2023-02-05 14:00,finished,Nottingham Forest,Leeds United,14.0,34.0,1.0,0.0,6.809727694229469,6.873407971380391,15.934079426010545,15.396910958083657
10385442,2022-2023,22.0,2023-02-05 16:30,finished,Tottenham Hotspur,Manchester City,33.0,17.0,1.0,0.0,7.081165708446003,7.16177606571388,16.238970416388426,17.03235737740428
11007089,2022-2023,8.0,2023-02-08 20:00,finished,Manchester United,Leeds United,35.0,34.0,2.0,2.0,6.927557068798662,6.8424785736469795,16.474116107905452,15.921475789351456
10385467,2022-2023,23.0,2023-02-11 12:30,finished,West Ham United,Chelsea,37.0,38.0,1.0,1.0,6.924416052083351,7.02060360522869,15.602635375211797,16.941469746996244
10385457,2022-2023,23.0,2023-02-11 15:00,finished,Southampton,Wolverhampton,45.0,3.0,1.0,2.0,6.848732246109478,6.89089943711038,16.027489060634895,15.961762813555469
10385451,2022-2023,23.0,2023-02-11 15:00,finished,Arsenal,Brentford,42.0,50.0,1.0,1.0,7.017453116724969,6.941697938782284,17.183819126477793,16.237004097615888
10385466,2022-2023,23.0,2023-02-11 15:00,finished,Leicester City,Tottenham Hotspur,31.0,33.0,4.0,1.0,6.975686628821029,7.029945596640463,15.940033550302957,16.058835515281604
10385461,2022-2023,23.0,2023-02-11 15:00,finished,Fulham,Nottingham Forest,43.0,14.0,2.0,0.0,6.953878173049441,6.924164566021704,15.421641859124206,15.547646130570685
10385468,2022-2023,23.0,2023-02-11 15:00,finished,Crystal Palace,Brighton & Hove Albion,7.0,30.0,1.0,1.0,6.8863509100394475,6.9170950511760765,15.78528304413021,16.33590868079704
10385460,2022-2023,23.0,2023-02-11 17:30,finished,Bournemouth,Newcastle United,60.0,39.0,1.0,1.0,6.81563164414896,6.969502744299496,15.686648369761416,16.371141200569124
10385464,2022-2023,23.0,2023-02-12 14:00,finished,Leeds United,Manchester United,34.0,35.0,0.0,2.0,6.813871565309852,7.012321193109265,15.870601626811874,16.201027975835128
10385452,2022-2023,23.0,2023-02-12 16:30,finished,Manchester City,Aston Villa,17.0,40.0,3.0,1.0,7.2653440246341345,6.921327943207027,16.715666379482244,16.27283756229465
10385456,2022-2023,23.0,2023-02-13 20:00,finished,Liverpool,Everton,44.0,48.0,2.0,0.0,7.047658684437832,6.909042666282238,16.68035317677124,15.737868489846035
10913239,2022-2023,12.0,2023-02-15 19:30,finished,Arsenal,Manchester City,42.0,17.0,1.0,3.0,7.017277688198555,7.251132335273323,17.127380352025035,16.766263796262113
10385462,2022-2023,24.0,2023-02-18 12:30,finished,Aston Villa,Arsenal,40.0,42.0,2.0,4.0,6.963292616630554,7.011599066987689,16.46847460266342,17.131513295122925
10385465,2022-2023,24.0,2023-02-18 15:00,finished,Nottingham Forest,Manchester City,14.0,17.0,1.0,1.0,6.8755751286929865,7.269300806064146,15.185418172395055,16.929907498960816
10385475,2022-2023,24.0,2023-02-18 15:00,finished,Brighton & Hove Albion,Fulham,30.0,43.0,0.0,1.0,7.057167263434885,6.940305527426816,16.370278329335225,15.479827073237477
10385479,2022-2023,24.0,2023-02-18 15:00,finished,Wolverhampton,Bournemouth,3.0,60.0,0.0,1.0,6.859775061215854,6.88041099725282,15.87562251579381,15.706684739340368
10385463,2022-2023,24.0,2023-02-18 15:00,finished,Everton,Leeds United,48.0,34.0,1.0,0.0,6.924962658344118,6.79349124208187,15.680574526295867,15.870601626811874
10385472,2022-2023,24.0,2023-02-18 15:00,finished,Chelsea,Southampton,38.0,45.0,0.0,1.0,7.0969278136968255,6.793531551653921,16.37848161629554,15.76063291304102
10385474,2022-2023,24.0,2023-02-18 15:00,finished,Brentford,Crystal Palace,50.0,7.0,1.0,1.0,6.918589818129875,6.89764595579861,16.20293258078061,15.93871122521531
10385470,2022-2023,24.0,2023-02-18 17:30,finished,Newcastle United,Liverpool,39.0,44.0,0.0,2.0,6.981222486240184,7.081917031322348,16.47837586886019,16.68565490058144
10652688,2022-2023,24.0,2023-02-19 14:00,finished,Manchester United,Leicester City,35.0,31.0,3.0,0.0,6.944485635389447,6.941185879434599,16.39222995950647,15.940033550302957
10385477,2022-2023,24.0,2023-02-19 16:30,finished,Tottenham Hotspur,West Ham United,33.0,37.0,2.0,0.0,6.9793890104268,6.901779237009822,16.257936793711366,15.547407776885812
10385473,2022-2023,25.0,2023-02-24 20:00,finished,Fulham,Wolverhampton,43.0,3.0,1.0,1.0,6.934131025611823,6.864232626475613,15.343299141579138,16.034074270799138
10385480,2022-2023,25.0,2023-02-25 15:00,finished,Leicester City,Arsenal,31.0,42.0,0.0,1.0,6.873464802541057,7.0135609213298915,15.881214181171265,17.216450498520818
10385482,2022-2023,25.0,2023-02-25 15:00,finished,West Ham United,Nottingham Forest,37.0,14.0,4.0,0.0,6.949504406949466,6.937842499333488,15.685502587676746,15.372004916533234
10385478,2022-2023,25.0,2023-02-25 15:00,finished,Leeds United,Southampton,34.0,45.0,1.0,0.0,6.77717249168689,6.788794466096519,15.830854917137081,15.76063291304102
10385471,2022-2023,25.0,2023-02-25 15:00,finished,Everton,Aston Villa,48.0,40.0,0.0,2.0,6.925398083738106,6.9054929684338875,15.680574526295867,16.74299146762492
10385476,2022-2023,25.0,2023-02-25 17:30,finished,Bournemouth,Manchester City,60.0,17.0,1.0,4.0,6.855352868324024,7.172441702997102,15.551457546103068,17.362717049374808
10385486,2022-2023,25.0,2023-02-25 19:45,finished,Crystal Palace,Liverpool,7.0,44.0,0.0,0.0,6.896022584575831,7.162000525867455,15.93871122521531,16.306392359941974
10385488,2022-2023,25.0,2023-02-26 13:30,finished,Tottenham Hotspur,Chelsea,33.0,38.0,2.0,0.0,6.9799357823293455,7.047104344982308,16.257936793711366,16.167527833251935
11047751,2022-2023,7.0,2023-03-01 19:45,finished,Arsenal,Everton,42.0,48.0,4.0,0.0,7.014942351936782,6.935939169088954,17.216450498520818,15.768925488389412
11047752,2022-2023,7.0,2023-03-01 20:00,finished,Liverpool,Wolverhampton,44.0,3.0,2.0,0.0,7.05943056733339,6.921456988111646,16.967852596454005,15.585454592841057
10517280,2022-2023,26.0,2023-03-04 12:30,finished,Manchester City,Newcastle United,17.0,39.0,2.0,0.0,7.229953023621172,6.984309617057149,16.95665361897092,16.282297072718347
10385487,2022-2023,26.0,2023-03-04 15:00,finished,Brighton & Hove Albion,West Ham United,30.0,37.0,4.0,0.0,6.997018372685208,6.962884746759824,16.161748368890528,16.092015205255255
10385485,2022-2023,26.0,2023-03-04 15:00,finished,Aston Villa,Crystal Palace,40.0,7.0,1.0,0.0,6.890755626265059,6.918583945624177,16.67530970437305,16.065052223759654
10385495,2022-2023,26.0,2023-03-04 15:00,finished,Chelsea,Leeds United,38.0,34.0,1.0,0.0,6.980913375306949,6.833893774652868,16.574602546902216,16.140054679106367
10385492,2022-2023,26.0,2023-03-04 15:00,finished,Wolverhampton,Tottenham Hotspur,3.0,33.0,1.0,0.0,6.906329088259977,6.952714548554264,15.667103459856202,16.22567808806471
10385490,2022-2023,26.0,2023-03-04 15:00,finished,Arsenal,Bournemouth,42.0,60.0,3.0,2.0,7.0217282223366375,6.840438551883542,17.179373780698217,15.530436933720972
10385496,2022-2023,26.0,2023-03-04 17:30,finished,Southampton,Leicester City,45.0,31.0,1.0,0.0,6.826506221850464,6.887153462305547,16.214210278664773,15.79898410175612
10385507,2022-2023,26.0,2023-03-05 14:00,finished,Nottingham Forest,Everton,14.0,48.0,2.0,2.0,6.911353153211487,6.934153765783105,15.084691921387067,15.603828461436967
10652686,2022-2023,26.0,2023-03-05 16:30,finished,Liverpool,Manchester United,44.0,35.0,7.0,0.0,7.101917998237773,7.047786458874804,16.939669415259438,16.431312164890784
11014934,2022-2023,26.0,2023-03-06 20:00,finished,Brentford,Fulham,50.0,43.0,3.0,2.0,6.9751878053793215,6.9577286969425245,16.422185706685976,15.523110886290427
10385494,2022-2023,27.0,2023-03-11 12:30,finished,Bournemouth,Liverpool,60.0,44.0,1.0,0.0,6.814529293037628,7.066763275505483,15.622987947186068,17.042257165424694
10385516,2022-2023,27.0,2023-03-11 15:00,finished,Everton,Brentford,48.0,50.0,1.0,0.0,6.931796098902573,6.9801104674448915,15.603828461436967,16.370063344799856
10385504,2022-2023,27.0,2023-03-11 15:00,finished,Tottenham Hotspur,Nottingham Forest,33.0,14.0,3.0,1.0,6.948737511597153,6.878994299751512,16.32475377906617,15.423107512967798
10385513,2022-2023,27.0,2023-03-11 15:00,finished,Leicester City,Chelsea,31.0,38.0,1.0,3.0,6.894043716087026,6.906611520310292,15.45638052754152,16.921567731956355
10385515,2022-2023,27.0,2023-03-11 15:00,finished,Leeds United,Brighton & Hove Albion,34.0,30.0,2.0,2.0,6.833512389017005,7.045245263416911,15.68418234316888,16.06789719587899
10385499,2022-2023,27.0,2023-03-11 17:30,finished,Crystal Palace,Manchester City,7.0,17.0,0.0,1.0,6.896255818448619,7.17676154046294,15.457765373597972,17.181700209786726
10385512,2022-2023,27.0,2023-03-12 14:00,finished,Fulham,Arsenal,43.0,42.0,0.0,3.0,6.881735479234371,7.022604568481999,15.68518542758036,17.205742949824785
10385517,2022-2023,27.0,2023-03-12 14:00,finished,West Ham United,Aston Villa,37.0,40.0,1.0,1.0,6.9384736150022235,6.851000432066697,16.473787531435892,16.59928715671845
10652679,2022-2023,27.0,2023-03-12 14:00,finished,Manchester United,Southampton,35.0,45.0,0.0,0.0,7.009094020479705,6.828477347585467,16.50236002858194,16.167026260959467
10385505,2022-2023,27.0,2023-03-12 16:30,finished,Newcastle United,Wolverhampton,39.0,3.0,2.0,1.0,6.973317520981127,6.977067952695509,16.49290620834699,15.339450029165096
11055513,2022-2023,7.0,2023-03-15 19:30,finished,Southampton,Brentford,45.0,50.0,0.0,2.0,6.79514752072289,6.97336309099283,15.91278195581949,16.38971999102437
11055512,2022-2023,8.0,2023-03-15 19:30,finished,Brighton & Hove Albion,Crystal Palace,30.0,7.0,1.0,0.0,6.9940770077103585,6.885459754024264,16.08232505918473,15.994670267204354
10385521,2022-2023,28.0,2023-03-17 20:00,finished,Nottingham Forest,Newcastle United,14.0,39.0,1.0,2.0,6.864185309196694,6.9781665765741545,15.314267354220934,16.49290620834699
10385544,2022-2023,28.0,2023-03-18 15:00,finished,Southampton,Tottenham Hotspur,45.0,33.0,3.0,3.0,6.838885720912887,6.9490789774231425,15.707327800819304,16.32475377906617
10385529,2022-2023,28.0,2023-03-18 15:00,finished,Brentford,Leicester City,50.0,31.0,1.0,1.0,6.956507677396733,6.8893287308794875,16.422185706685976,15.917654286680396
10385540,2022-2023,28.0,2023-03-18 15:00,finished,Wolverhampton,Leeds United,3.0,34.0,2.0,4.0,6.946242062308941,6.779586024408413,15.907368087031768,15.665126552343246
10385536,2022-2023,28.0,2023-03-18 15:00,finished,Aston Villa,Bournemouth,40.0,60.0,3.0,0.0,6.868052660001055,6.8142448773042625,16.59928715671845,15.622987947186072
10385526,2022-2023,28.0,2023-03-18 17:30,finished,Chelsea,Everton,38.0,48.0,2.0,2.0,6.989024518876846,6.931912946770464,16.957255621614443,15.603828461436967
10385522,2022-2023,28.0,2023-03-19 14:00,finished,Arsenal,Crystal Palace,42.0,7.0,4.0,1.0,7.023423071371014,6.903240023604287,16.895467328069405,15.595249996149699
10385561,2022-2023,29.0,2023-04-01 11:30,finished,Manchester City,Liverpool,17.0,44.0,4.0,1.0,7.223835496135322,7.11386179385217,16.84681903590979,16.95765357374398
10385534,2022-2023,29.0,2023-04-01 14:00,finished,Brighton & Hove Albion,Brentford,30.0,50.0,3.0,3.0,7.021644604454573,6.94793578049935,16.08232505918473,16.07756037740697
10385545,2022-2023,29.0,2023-04-01 14:00,finished,Crystal Palace,Leicester City,7.0,31.0,2.0,1.0,6.8835809012116576,6.8636897124943035,16.013640041000983,16.27318377492456
10385560,2022-2023,29.0,2023-04-01 14:00,finished,Nottingham Forest,Wolverhampton,14.0,3.0,1.0,1.0,6.730305345278608,6.938964425663275,15.992415772862746,15.99152848638286
10385541,2022-2023,29.0,2023-04-01 14:00,finished,Bournemouth,Fulham,60.0,43.0,2.0,1.0,6.799503446667913,6.89752399356312,15.622987947186068,15.606689341646478
10385553,2022-2023,29.0,2023-04-01 14:00,finished,Arsenal,Leeds United,42.0,34.0,4.0,1.0,7.046140407168267,6.783061947646956,16.725637105522804,15.998257508848182
10385535,2022-2023,29.0,2023-04-01 16:30,finished,Chelsea,Aston Villa,38.0,40.0,0.0,2.0,6.937003525502575,6.901412895877624,16.97638555773505,16.329249478030295
10385555,2022-2023,29.0,2023-04-02 13:00,finished,West Ham United,Southampton,37.0,45.0,1.0,0.0,6.9385083338537905,6.8100965821776045,16.181162456447876,15.540739890680522
10385558,2022-2023,29.0,2023-04-02 15:30,finished,Newcastle United,Manchester United,39.0,35.0,2.0,0.0,6.990963698654618,7.00805395337379,16.49290620834699,16.599577761619923
10385542,2022-2023,29.0,2023-04-03 19:00,finished,Everton,Tottenham Hotspur,48.0,33.0,1.0,1.0,6.929972310320945,7.012305181203946,15.603828461436967,16.28927350319011
11077461,2022-2023,7.0,2023-04-04 18:45,finished,Leeds United,Nottingham Forest,34.0,14.0,2.0,1.0,6.773468289231229,6.74254773004773,15.764776758054815,15.992415772862746
11077466,2022-2023,7.0,2023-04-04 18:45,finished,Leicester City,Aston Villa,31.0,40.0,1.0,2.0,6.932692646586445,6.893642991188173,15.909769867738515,16.253226930375693
11077408,2022-2023,7.0,2023-04-04 18:45,finished,Bournemouth,Brighton & Hove Albion,60.0,30.0,0.0,2.0,6.829655443941394,7.026699441843567,15.80980227422109,16.06789719587899
11077468,2022-2023,8.0,2023-04-04 19:00,finished,Chelsea,Liverpool,38.0,44.0,0.0,0.0,7.011995766111389,7.05170784328973,16.813391527971305,16.560226203127467
11077474,2022-2023,25.0,2023-04-05 19:00,finished,Manchester United,Brentford,35.0,50.0,1.0,0.0,6.984957118528794,6.937394767063236,16.768011683680644,15.99146379644871
11077467,2022-2023,7.0,2023-04-05 19:00,finished,West Ham United,Newcastle United,37.0,39.0,1.0,5.0,6.9444076887225235,6.980556579035291,16.04067526956155,16.26597515947338
10385578,2022-2023,30.0,2023-04-08 11:30,finished,Manchester United,Everton,35.0,48.0,2.0,0.0,6.9865648336584885,6.906582613992475,16.643572197020237,15.629588680646718
10385571,2022-2023,30.0,2023-04-08 14:00,finished,Wolverhampton,Chelsea,3.0,38.0,1.0,0.0,6.879328762610478,7.025543426098037,15.972415745793922,16.92306669099744
10385550,2022-2023,30.0,2023-04-08 14:00,finished,Fulham,West Ham United,43.0,37.0,0.0,1.0,6.891962560934894,6.942687594133394,15.155547782450629,14.925759745881015
10385548,2022-2023,30.0,2023-04-08 14:00,finished,Brentford,Newcastle United,50.0,39.0,1.0,2.0,6.936407824774364,6.9808619561441825,15.794039933075034,16.59249640483171
10385562,2022-2023,30.0,2023-04-08 14:00,finished,Tottenham Hotspur,Brighton & Hove Albion,33.0,30.0,2.0,1.0,7.009197812687407,7.0137279677878945,16.28927350319011,16.08232505918473
10385549,2022-2023,30.0,2023-04-08 14:00,finished,Aston Villa,Nottingham Forest,40.0,14.0,2.0,0.0,6.893533022913683,6.805963739634422,16.253226930375693,15.468516008535255
10385570,2022-2023,30.0,2023-04-08 14:00,finished,Leicester City,Bournemouth,31.0,60.0,0.0,1.0,6.9192961575447365,6.803120460738635,15.753004113530174,15.42201472461457
10385580,2022-2023,30.0,2023-04-08 16:30,finished,Southampton,Manchester City,45.0,17.0,1.0,4.0,6.7979661749244285,7.215188859202713,16.156402505782378,16.92043577084485
10385546,2022-2023,30.0,2023-04-09 13:00,finished,Leeds United,Crystal Palace,34.0,7.0,1.0,5.0,6.796784004993759,6.8901797272142895,15.764776758054815,16.169862427522407
10385572,2022-2023,30.0,2023-04-09 15:30,finished,Liverpool,Arsenal,44.0,42.0,2.0,2.0,7.099564559128945,7.0469454211300615,16.976162569674997,16.895467328069405
10385566,2022-2023,31.0,2023-04-15 11:30,finished,Aston Villa,Newcastle United,40.0,39.0,3.0,0.0,6.9194010258738965,6.98439088745086,16.11513776653216,16.709062314034043
10385581,2022-2023,31.0,2023-04-15 14:00,finished,Southampton,Crystal Palace,45.0,7.0,0.0,2.0,6.7985507168277115,6.903299910382245,16.149658377702828,16.169862427522407
10385583,2022-2023,31.0,2023-04-15 14:00,finished,Everton,Fulham,48.0,43.0,1.0,3.0,6.9318564296645775,6.9168710749896976,15.939592657183079,15.75896648111354
10385565,2022-2023,31.0,2023-04-15 14:00,finished,Chelsea,Brighton & Hove Albion,38.0,30.0,1.0,2.0,6.919707127749508,7.022432453822599,17.038441813391856,16.370278329335225
10385589,2022-2023,31.0,2023-04-15 14:00,finished,Wolverhampton,Brentford,3.0,50.0,2.0,0.0,6.886542242071093,6.9210599914600754,15.941477036163269,16.210842705961486
10385575,2022-2023,31.0,2023-04-15 14:15,finished,Tottenham Hotspur,Bournemouth,33.0,60.0,2.0,3.0,7.011680578668253,6.8549362806517165,16.28927350319011,15.548603612228463
10385586,2022-2023,31.0,2023-04-15 16:30,finished,Manchester City,Leicester City,17.0,31.0,3.0,1.0,7.226997466397704,6.985701669685085,16.860870255785905,16.059262879176742
10385579,2022-2023,31.0,2023-04-16 13:00,finished,West Ham United,Arsenal,37.0,42.0,2.0,2.0,6.9301619847219476,7.028037178144234,15.575018327788394,16.831865537608902
10385587,2022-2023,31.0,2023-04-16 15:30,finished,Nottingham Forest,Manchester United,14.0,35.0,0.0,2.0,6.733797822124481,7.043221506510989,16.24388954575722,16.207066371660144
10385584,2022-2023,31.0,2023-04-17 19:00,finished,Leeds United,Liverpool,34.0,44.0,1.0,6.0,6.811136977278564,7.098339379888514,16.180081868315302,16.976162569674997
10385607,2022-2023,32.0,2023-04-21 19:00,finished,Arsenal,Southampton,42.0,45.0,3.0,3.0,7.035439648936319,6.794495302816827,16.93624448209163,16.051236638551778
10385592,2022-2023,32.0,2023-04-22 11:30,finished,Fulham,Leeds United,43.0,34.0,2.0,1.0,6.927742199753564,6.8280056464410075,15.544588758918188,15.811174324251162
10385593,2022-2023,32.0,2023-04-22 14:00,finished,Leicester City,Wolverhampton,31.0,3.0,2.0,1.0,6.893466633754682,6.8956128262452685,15.802435394765705,15.941477036163269
10385597,2022-2023,32.0,2023-04-22 14:00,finished,Liverpool,Nottingham Forest,44.0,14.0,3.0,2.0,7.114873945233799,6.742520715374153,16.976162569674997,16.106307239631956
10385601,2022-2023,32.0,2023-04-22 14:00,finished,Brentford,Aston Villa,50.0,40.0,1.0,1.0,6.942969122051863,6.9305534040619,16.38971999102437,16.11513776653216
10385594,2022-2023,32.0,2023-04-22 14:00,finished,Crystal Palace,Everton,7.0,48.0,0.0,0.0,6.906541060848272,6.938659396624462,16.169862427522407,16.022132182865437
10385596,2022-2023,32.0,2023-04-23 13:00,finished,Bournemouth,West Ham United,60.0,37.0,0.0,4.0,6.8365235829999,6.944338550990719,15.360005875126081,15.59481137177429
10385610,2022-2023,32.0,2023-04-23 13:00,finished,Newcastle United,Tottenham Hotspur,39.0,33.0,6.0,1.0,6.964046613838819,6.985231593918692,16.59249640483171,16.438472285985444
10385613,2022-2023,33.0,2023-04-25 18:30,finished,Wolverhampton,Crystal Palace,3.0,7.0,2.0,0.0,6.887365047665886,6.962235501162416,15.907554777291027,16.391838570466202
10385630,2022-2023,33.0,2023-04-25 18:45,finished,Aston Villa,Fulham,40.0,43.0,1.0,0.0,6.923163253221836,6.918957011503392,16.11513776653216,16.02235668118088
10385621,2022-2023,33.0,2023-04-25 19:00,finished,Leeds United,Leicester City,34.0,31.0,1.0,1.0,6.822290466258915,6.919760629568285,15.227213500494951,16.260269984472846
10385602,2022-2023,33.0,2023-04-26 18:30,finished,Nottingham Forest,Brighton & Hove Albion,14.0,30.0,3.0,1.0,6.774964513020939,7.004357619569674,16.22437032710555,16.386492988785037
10385633,2022-2023,33.0,2023-04-26 18:45,finished,Chelsea,Brentford,38.0,50.0,0.0,2.0,7.058778834008334,6.918996442858385,16.04819959576932,15.775453473802052
10385616,2022-2023,33.0,2023-04-26 18:45,finished,West Ham United,Liverpool,37.0,44.0,1.0,2.0,6.9564434329818905,7.1369776320048315,15.594811371774291,16.89710339898793
10385636,2022-2023,33.0,2023-04-26 19:00,finished,Manchester City,Arsenal,17.0,42.0,4.0,1.0,7.205786599222776,7.045334794467329,16.858585167306675,16.895467328069405
10385628,2022-2023,33.0,2023-04-27 18:45,finished,Southampton,Bournemouth,45.0,60.0,0.0,1.0,6.82518870775689,6.921906694315785,15.64568908141463,15.790354524676898
10385612,2022-2023,33.0,2023-04-27 18:45,finished,Everton,Newcastle United,48.0,39.0,1.0,4.0,6.938428795616011,6.979153536354969,16.14412504737243,16.219821120528863
10385604,2022-2023,33.0,2023-04-27 19:15,finished,Tottenham Hotspur,Manchester United,33.0,35.0,2.0,2.0,6.953939451249449,7.050031796523652,16.20987268460912,16.36617493438579
10385640,2022-2023,34.0,2023-04-29 11:30,finished,Crystal Palace,West Ham United,7.0,37.0,4.0,3.0,6.915075932135173,6.94848938546159,16.115947543703957,15.862288061647291
10385619,2022-2023,34.0,2023-04-29 14:00,finished,Brentford,Nottingham Forest,50.0,14.0,2.0,1.0,6.910109856286243,6.798795674874118,16.49917206414491,16.046918560826192
10385622,2022-2023,34.0,2023-04-29 14:00,finished,Brighton & Hove Albion,Wolverhampton,30.0,3.0,6.0,0.0,6.863572834958759,6.9322376997330455,15.551560927840724,16.010672870363678
10385632,2022-2023,34.0,2023-04-30 13:00,finished,Manchester United,Aston Villa,35.0,40.0,1.0,0.0,7.036874361825514,6.922428759453791,16.120850256463275,16.11513776653216
10385638,2022-2023,34.0,2023-04-30 13:00,finished,Fulham,Manchester City,43.0,17.0,1.0,2.0,6.863667148435261,7.189328331068399,15.755789157117896,16.908572025722922
10385625,2022-2023,34.0,2023-04-30 13:00,finished,Bournemouth,Leeds United,60.0,34.0,4.0,1.0,6.8470077180490785,6.798974333882603,15.683498751729854,15.55495283316205
10385645,2022-2023,34.0,2023-04-30 13:00,finished,Newcastle United,Southampton,39.0,45.0,3.0,1.0,6.9914230456774495,6.8045184610426475,16.709062314034043,15.411102704392402
10385647,2022-2023,34.0,2023-04-30 15:30,finished,Liverpool,Tottenham Hotspur,44.0,33.0,4.0,3.0,7.116281899039208,7.000187555106251,17.27731725497296,16.22713266455075
10385652,2022-2023,34.0,2023-05-01 19:00,finished,Leicester City,Everton,31.0,48.0,2.0,2.0,6.939665509678822,6.926050477919,16.049210143686768,15.862768690090183
11205391,2022-2023,34.0,2023-05-02 19:00,finished,Arsenal,Chelsea,42.0,38.0,3.0,1.0,7.041797844242698,7.046266112769103,17.05248741425945,15.858782899978076
11157238,2022-2023,28.0,2023-05-03 19:00,finished,Manchester City,West Ham United,17.0,37.0,3.0,0.0,7.189375483299265,6.854947830545456,16.982178425322946,15.06150629568483
11157124,2022-2023,28.0,2023-05-03 19:00,finished,Liverpool,Fulham,44.0,43.0,1.0,0.0,7.133071023493969,6.911755233736236,16.944425814415837,15.617325958318753
11157237,2022-2023,28.0,2023-05-04 19:00,finished,Brighton & Hove Albion,Manchester United,30.0,35.0,1.0,0.0,7.012899326248464,7.035899541189536,16.391486592125975,16.345183520144907
10385637,2022-2023,35.0,2023-05-06 14:00,finished,Bournemouth,Chelsea,60.0,38.0,1.0,3.0,6.812281418957613,6.9781717779072014,15.683498751729854,16.721002780346964
10385655,2022-2023,35.0,2023-05-06 14:00,finished,Manchester City,Leeds United,17.0,34.0,2.0,1.0,7.218165545094513,6.797513282846842,16.935775160841168,14.972346564227559
10385662,2022-2023,35.0,2023-05-06 14:00,finished,Wolverhampton,Aston Villa,3.0,40.0,1.0,0.0,6.924647698385564,6.93014726568585,16.15480840732582,16.1368859200836
10385651,2022-2023,35.0,2023-05-06 14:00,finished,Tottenham Hotspur,Crystal Palace,33.0,7.0,1.0,0.0,6.960181211717898,6.914170210781446,16.340604086988424,16.115947543703957
10385654,2022-2023,35.0,2023-05-06 16:30,finished,Liverpool,Brentford,44.0,50.0,1.0,0.0,7.108958983756995,6.915769870653313,17.219551528078224,15.933727498367762
10385658,2022-2023,35.0,2023-05-07 15:30,finished,Newcastle United,Arsenal,39.0,42.0,0.0,2.0,7.005538379697785,7.049966045714911,16.485477989989768,17.115500794310353
10385646,2022-2023,35.0,2023-05-07 18:00,finished,West Ham United,Manchester United,37.0,35.0,1.0,0.0,6.912558725020233,7.030546868218716,15.47111265380106,16.068472303652097
10385660,2022-2023,35.0,2023-05-08 14:00,finished,Fulham,Leicester City,43.0,31.0,5.0,3.0,6.955570288575147,6.9213166186786745,15.755143374408645,15.990994180860286
11155330,2022-2023,35.0,2023-05-08 16:30,finished,Brighton & Hove Albion,Everton,30.0,48.0,1.0,5.0,7.008012758517935,6.920987962489468,16.228568660306745,16.19334885390801
10385650,2022-2023,35.0,2023-05-08 19:00,finished,Nottingham Forest,Southampton,14.0,45.0,4.0,3.0,6.78996474461176,6.854261593385707,16.144035295036193,15.548728675362472
10385683,2022-2023,36.0,2023-05-13 11:30,finished,Leeds United,Newcastle United,34.0,39.0,2.0,2.0,6.7840781104047005,7.009538615284945,15.166859442520177,16.443537483944077
10385702,2022-2023,36.0,2023-05-13 14:00,finished,Manchester United,Wolverhampton,35.0,3.0,2.0,0.0,7.038682422531391,6.923358405553245,16.107458894008392,16.003633262108995
10385698,2022-2023,36.0,2023-05-13 14:00,finished,Southampton,Fulham,45.0,43.0,0.0,2.0,6.815332284784772,6.962486515402659,15.490132780789285,15.755143374408645
10385697,2022-2023,36.0,2023-05-13 14:00,finished,Chelsea,Nottingham Forest,38.0,14.0,2.0,2.0,7.008052664659972,6.818976060140202,16.55307908181256,15.916374334377114
10385694,2022-2023,36.0,2023-05-13 14:00,finished,Aston Villa,Tottenham Hotspur,40.0,33.0,2.0,1.0,6.895698449465238,6.972514532251363,16.253226930375693,16.340604086988424
10385681,2022-2023,36.0,2023-05-13 14:00,finished,Crystal Palace,Bournemouth,7.0,60.0,2.0,0.0,6.9185682089352785,6.829133541420034,16.21257428970996,15.928082385341304
10385685,2022-2023,36.0,2023-05-14 13:00,finished,Everton,Manchester City,48.0,17.0,0.0,3.0,6.920794805526686,7.192848026877703,16.002899242252028,16.956043060607293
10385688,2022-2023,36.0,2023-05-14 13:00,finished,Brentford,West Ham United,50.0,37.0,2.0,0.0,6.863572693798599,6.8754181998018655,16.53603252851838,15.100412080259662
10385684,2022-2023,36.0,2023-05-14 15:30,finished,Arsenal,Brighton & Hove Albion,42.0,30.0,0.0,3.0,7.043154898254442,6.981275482221847,17.051899003849847,16.595675747920907
11196472,2022-2023,36.0,2023-05-15 19:00,finished,Leicester City,Liverpool,31.0,44.0,0.0,3.0,6.9529819975230875,7.128275346197611,16.02081045499792,17.03681454187106
11227333,2022-2023,25.0,2023-05-18 18:30,finished,Newcastle United,Brighton & Hove Albion,39.0,30.0,4.0,1.0,7.006931885013432,6.906901420258572,16.443537483944077,16.233202222875352
10385723,2022-2023,37.0,2023-05-20 11:30,finished,Tottenham Hotspur,Brentford,33.0,50.0,1.0,3.0,6.926308058236959,6.890449716705455,16.06227303677948,16.402833591828422
10385716,2022-2023,37.0,2023-05-20 14:00,finished,Wolverhampton,Everton,3.0,48.0,1.0,1.0,7.023262733072744,6.922773149799081,15.868279022910487,16.227847910426636
10385691,2022-2023,37.0,2023-05-20 14:00,finished,Fulham,Crystal Palace,43.0,7.0,2.0,2.0,6.987718474933905,6.915076519987974,15.833486091953711,16.26648917352841
10385703,2022-2023,37.0,2023-05-20 14:00,finished,Bournemouth,Manchester United,60.0,35.0,0.0,1.0,6.739193028295488,7.042963088253639,16.07988533878655,16.107458894008392
10385690,2022-2023,37.0,2023-05-20 14:00,finished,Liverpool,Aston Villa,44.0,40.0,1.0,1.0,7.130619732367168,6.9178730284822905,17.03681454187106,16.74299146762492
10385719,2022-2023,37.0,2023-05-20 16:30,finished,Nottingham Forest,Arsenal,14.0,42.0,1.0,0.0,6.826650073050635,7.028247101905273,15.916374334377114,16.945921586440235
10385722,2022-2023,37.0,2023-05-21 12:30,finished,West Ham United,Leeds United,37.0,34.0,3.0,1.0,6.935594096370823,6.815849333143328,15.548245759625248,15.03621089362024
10385714,2022-2023,37.0,2023-05-21 13:00,finished,Brighton & Hove Albion,Southampton,30.0,45.0,3.0,1.0,6.982764498260681,6.816140657036681,16.415826163847413,15.520801699308166
10385699,2022-2023,37.0,2023-05-21 15:00,finished,Manchester City,Chelsea,17.0,38.0,1.0,0.0,7.179370646146226,6.995382785411388,16.641646625558653,16.335487437015566
11227334,2022-2023,37.0,2023-05-22 19:00,finished,Newcastle United,Leicester City,39.0,31.0,0.0,0.0,6.942455311637341,6.887179705399226,16.494333377782393,15.716413368424991
11230172,2022-2023,32.0,2023-05-24 19:00,finished,Brighton & Hove Albion,Manchester City,30.0,17.0,1.0,1.0,6.907250923978362,7.3301028300958615,16.471178372457715,16.70279257761464
11230171,2022-2023,32.0,2023-05-25 19:00,finished,Manchester United,Chelsea,35.0,38.0,4.0,1.0,7.051239781359708,6.88135489453121,16.107458894008392,17.069556984635334
10385724,2022-2023,38.0,2023-05-28 15:30,finished,Everton,Bournemouth,48.0,60.0,1.0,0.0,6.925021336697998,6.74467385203753,15.86276348480775,16.217400503512923
10385731,2022-2023,38.0,2023-05-28 15:30,finished,Southampton,Liverpool,45.0,44.0,4.0,4.0,6.765857327381892,7.142892592898357,15.66116028513116,16.489949447364786
10385709,2022-2023,38.0,2023-05-28 15:30,finished,Chelsea,Newcastle United,38.0,39.0,1.0,1.0,7.007372059623257,6.981347896761346,16.39200454761355,16.42847546467597
10385727,2022-2023,38.0,2023-05-28 15:30,finished,Crystal Palace,Nottingham Forest,7.0,14.0,1.0,1.0,6.913985469966747,6.823482611296279,16.26648917352841,15.956176592767417
10385717,2022-2023,38.0,2023-05-28 15:30,finished,Manchester United,Fulham,35.0,43.0,2.0,1.0,6.940656563804984,6.954603239578767,16.38172591431059,15.94818172067304
10385726,2022-2023,38.0,2023-05-28 15:30,finished,Leeds United,Tottenham Hotspur,34.0,33.0,1.0,4.0,6.822022671010173,6.9652037352656615,14.902274008337558,16.269174568226017
10385712,2022-2023,38.0,2023-05-28 15:30,finished,Arsenal,Wolverhampton,42.0,3.0,5.0,0.0,7.018270215674362,6.903386024227154,16.945921586440235,16.271679715540767
10385711,2022-2023,38.0,2023-05-28 15:30,finished,Brentford,Manchester City,50.0,17.0,1.0,0.0,6.8675472510896505,7.0831484560696625,16.04709407053016,16.719610414154094
10385710,2022-2023,38.0,2023-05-28 15:30,finished,Aston Villa,Brighton & Hove Albion,40.0,30.0,2.0,1.0,6.918050423431427,6.908004223987973,16.74299146762492,16.320681849336832
10385733,2022-2023,38.0,2023-05-28 15:30,finished,Leicester City,West Ham United,31.0,37.0,2.0,1.0,6.914024973057431,6.872243045492664,16.348596500636866,15.618744440602724
11352303,23/24,1.0,2023-08-11 19:00,finished,Burnley,Manchester City,6.0,17.0,0.0,3.0,6.888793234803037,7.186523840233358,15.92765614272315,17.199575177419558
11352251,23/24,1.0,2023-08-12 12:00,finished,Arsenal,Nottingham Forest,42.0,14.0,2.0,1.0,6.992622344338195,6.841399381568943,17.515342811568924,15.818041119886516
11352254,23/24,1.0,2023-08-12 14:00,finished,Sheffield United,Crystal Palace,15.0,7.0,0.0,1.0,6.871168644595371,6.881915378006982,14.4297467501449,15.91287754233221
11352252,23/24,1.0,2023-08-12 14:00,finished,Brighton & Hove Albion,Luton Town,30.0,72.0,4.0,1.0,6.987006864694879,6.921314750941672,15.544285140258593,14.455169364204858
11352250,23/24,1.0,2023-08-12 14:00,finished,Bournemouth,West Ham United,60.0,37.0,1.0,1.0,6.783646141442215,6.937197113698966,16.102152123544638,15.91782525094938
11352253,23/24,1.0,2023-08-12 14:00,finished,Everton,Fulham,48.0,43.0,0.0,1.0,6.911788066374208,6.925928418286534,15.757448983149105,15.251132435483196
11352255,23/24,1.0,2023-08-12 16:30,finished,Newcastle United,Aston Villa,39.0,40.0,5.0,1.0,7.008119342690753,6.923998871555896,16.7966403361006,16.72641678064365
11352309,23/24,1.0,2023-08-13 13:00,finished,Brentford,Tottenham Hotspur,50.0,33.0,2.0,2.0,6.895683642197798,6.996965653888949,16.61499471730081,17.00645115272384
11352316,23/24,1.0,2023-08-13 15:30,finished,Chelsea,Liverpool,38.0,44.0,1.0,1.0,6.987026415600119,7.119874813102126,16.720755194977663,17.54930405468274
11352327,23/24,1.0,2023-08-14 19:00,finished,Manchester United,Wolverhampton,35.0,3.0,1.0,0.0,7.012577079594515,6.845881597050399,16.93203251942221,16.42633237128684
11352399,23/24,2.0,2023-08-18 18:45,finished,Nottingham Forest,Sheffield United,14.0,15.0,2.0,1.0,6.885282354746312,6.86975357599658,15.848544945523905,14.792482344124402
11352428,23/24,2.0,2023-08-19 14:00,finished,Wolverhampton,Brighton & Hove Albion,3.0,30.0,1.0,4.0,6.852841834378387,6.9849816915888425,16.607014557319037,15.484331054598874
11352367,23/24,2.0,2023-08-19 14:00,finished,Liverpool,Bournemouth,44.0,60.0,3.0,1.0,7.125242559685163,6.7466767394377145,17.54930405468274,16.269080417344536
11352358,23/24,2.0,2023-08-19 14:00,finished,Fulham,Brentford,43.0,50.0,0.0,3.0,6.859301733366738,6.923556302022152,15.612405455979173,16.681614029751024
11352407,23/24,2.0,2023-08-19 16:30,finished,Tottenham Hotspur,Manchester United,33.0,35.0,2.0,0.0,7.0657941079043605,7.1290321503123515,17.292344623880172,16.93203251942221
11352389,23/24,2.0,2023-08-19 19:00,finished,Manchester City,Newcastle United,17.0,39.0,1.0,0.0,7.155613999713288,7.066939047320084,17.381717159428863,16.7966403361006
11352337,23/24,2.0,2023-08-20 13:00,finished,Aston Villa,Everton,40.0,48.0,4.0,0.0,6.936764241271792,6.929229058697221,16.890006009309285,15.882360302460974
11352418,23/24,2.0,2023-08-20 15:30,finished,West Ham United,Chelsea,37.0,38.0,3.0,1.0,6.969614239334237,6.93697314918877,15.877658637105831,16.68559401542348
11352346,23/24,2.0,2023-08-21 19:00,finished,Crystal Palace,Arsenal,7.0,42.0,0.0,1.0,6.890707970647352,6.991461177164336,15.912877542332211,17.357776254316125
11352484,23/24,3.0,2023-08-25 19:00,finished,Chelsea,Luton Town,38.0,72.0,3.0,0.0,6.993411016250284,6.851446102916691,16.831906552917488,14.6479205947685
11352437,23/24,3.0,2023-08-26 11:30,finished,Bournemouth,Tottenham Hotspur,60.0,33.0,0.0,2.0,6.8116718646434915,7.133722794299849,16.341967311884563,17.292344623880172
11352447,23/24,3.0,2023-08-26 14:00,finished,Arsenal,Fulham,42.0,43.0,2.0,2.0,7.007822765760858,6.896818900304558,17.450152550281988,16.246441361118112
11352504,23/24,3.0,2023-08-26 14:00,finished,Manchester United,Nottingham Forest,35.0,14.0,3.0,2.0,7.153632541769423,6.876645663295861,16.60553152492426,15.833663870516212
11352456,23/24,3.0,2023-08-26 14:00,finished,Brentford,Crystal Palace,50.0,7.0,1.0,1.0,6.940378021715326,6.890543229681481,16.681614029751024,15.91287754233221
11352495,23/24,3.0,2023-08-26 14:00,finished,Everton,Wolverhampton,48.0,3.0,0.0,1.0,6.799024832647481,6.826923500276575,15.780261447943143,16.366257196737163
11352466,23/24,3.0,2023-08-26 16:30,finished,Brighton & Hove Albion,West Ham United,30.0,37.0,1.0,3.0,7.000712833112663,6.964253774830491,15.865117894752814,15.50642830564057
11352475,23/24,3.0,2023-08-27 13:00,finished,Burnley,Aston Villa,6.0,40.0,1.0,3.0,6.752024430443245,6.923095192552131,15.793283241780149,16.56409697988869
11352524,23/24,3.0,2023-08-27 13:00,finished,Sheffield United,Manchester City,15.0,17.0,1.0,2.0,6.887448491028442,7.130768636075074,14.77511368623688,17.266163722886656
11352515,23/24,3.0,2023-08-27 15:30,finished,Newcastle United,Liverpool,39.0,44.0,1.0,2.0,7.010863566460144,7.171841601640589,16.7966403361006,17.31380849823298
11352590,23/24,4.0,2023-09-01 19:00,finished,Luton Town,West Ham United,72.0,37.0,1.0,2.0,6.865618199802176,6.946574981119033,14.813478260387631,15.931614758888658
11352597,23/24,4.0,2023-09-02 11:30,finished,Sheffield United,Everton,15.0,48.0,2.0,2.0,6.974762613794831,6.83498126956213,14.799572994375598,15.96024432982778
11352570,23/24,4.0,2023-09-02 14:00,finished,Chelsea,Nottingham Forest,38.0,14.0,0.0,1.0,7.097663242761161,6.8991232154850115,16.831906552917488,15.708589046765978
11352594,23/24,4.0,2023-09-02 14:00,finished,Manchester City,Fulham,17.0,43.0,5.0,1.0,7.132622895899848,6.888445903540991,17.33395772440118,15.371113102338619
11352561,23/24,4.0,2023-09-02 14:00,finished,Burnley,Tottenham Hotspur,6.0,33.0,2.0,5.0,6.749179292929293,7.16833149903318,15.670664196906882,17.189388820212557
11352543,23/24,4.0,2023-09-02 14:00,finished,Brentford,Bournemouth,50.0,60.0,2.0,2.0,6.963022976089875,6.782086493128447,16.290442273922373,16.558902231145535
11352551,23/24,4.0,2023-09-02 16:30,finished,Brighton & Hove Albion,Newcastle United,30.0,39.0,3.0,1.0,6.986652258640446,7.003631648172128,16.36174827950337,16.584516995040527
11352584,23/24,4.0,2023-09-03 13:00,finished,Liverpool,Aston Villa,44.0,40.0,3.0,0.0,7.112086025905693,6.976059767801242,17.426164519067733,16.832725187073574
11352578,23/24,4.0,2023-09-03 13:00,finished,Crystal Palace,Wolverhampton,7.0,3.0,3.0,2.0,6.891926484775098,6.836768262197799,15.91287754233221,16.400179455609408
11352534,23/24,4.0,2023-09-03 15:30,finished,Arsenal,Manchester United,42.0,35.0,3.0,1.0,7.007483212644897,7.1089661345124675,17.618093712197318,16.51169852043266
11352626,23/24,5.0,2023-09-16 11:30,finished,Wolverhampton,Liverpool,3.0,44.0,1.0,3.0,6.877367597753857,7.073983571616026,16.444082428377097,17.381796420978937
11352621,23/24,5.0,2023-09-16 14:00,finished,Tottenham Hotspur,Sheffield United,33.0,15.0,2.0,1.0,7.177432352341464,6.940181111084198,17.189388820212557,15.54187129371087
11352602,23/24,5.0,2023-09-16 14:00,finished,Aston Villa,Crystal Palace,40.0,7.0,3.0,1.0,6.963712616743166,6.883596772023385,16.86112288571377,15.811742868639122
11352608,23/24,5.0,2023-09-16 14:00,finished,Fulham,Luton Town,43.0,72.0,1.0,0.0,6.936436908295563,6.828527744214713,15.469296908189738,14.512242686795366
11352611,23/24,5.0,2023-09-16 14:00,finished,Manchester United,Brighton & Hove Albion,35.0,30.0,1.0,3.0,7.067241199290384,6.980860741451694,16.61356287499906,15.56659829476342
11352625,23/24,5.0,2023-09-16 14:00,finished,West Ham United,Manchester City,37.0,17.0,1.0,3.0,6.973087331253847,7.1604675308794015,15.960957794548934,17.510825878773915
11352615,23/24,5.0,2023-09-16 16:30,finished,Newcastle United,Brentford,39.0,50.0,1.0,0.0,6.947511798457096,6.9728714256860345,16.557867728261385,16.28524605448238
11352600,23/24,5.0,2023-09-17 13:00,finished,Bournemouth,Chelsea,60.0,38.0,0.0,0.0,6.781817584980573,7.02142041047864,16.455778320929706,16.86069164699156
11352605,23/24,5.0,2023-09-17 15:30,finished,Everton,Arsenal,48.0,42.0,0.0,1.0,6.914161564201735,7.030349861893146,15.999261702757407,17.61291190561362
11352618,23/24,5.0,2023-09-18 18:45,finished,Nottingham Forest,Burnley,14.0,6.0,1.0,1.0,6.913530195521402,6.712790304399738,16.305492403270264,15.390186585526694
11352632,23/24,6.0,2023-09-23 14:00,finished,Crystal Palace,Fulham,7.0,43.0,0.0,0.0,6.891866613840835,6.9100658518181834,15.885901914334783,15.308808479639294
11352635,23/24,6.0,2023-09-23 14:00,finished,Manchester City,Nottingham Forest,17.0,14.0,2.0,0.0,7.202594015836113,6.904056978002887,17.54040973335888,15.992323271023421
11352634,23/24,6.0,2023-09-23 14:00,finished,Luton Town,Wolverhampton,72.0,3.0,1.0,1.0,6.885420091821754,6.8427398667573,14.654594201717229,16.444082428377097
11352628,23/24,6.0,2023-09-23 16:30,finished,Brentford,Everton,50.0,48.0,1.0,3.0,6.8775992638721934,6.916259482781566,16.54988515524255,16.177519502691226
11352630,23/24,6.0,2023-09-23 19:00,finished,Burnley,Manchester United,6.0,35.0,0.0,1.0,6.764194338281721,6.932744121148391,15.375878206094745,16.693907394610306
11352633,23/24,6.0,2023-09-24 13:00,finished,Liverpool,West Ham United,44.0,37.0,3.0,1.0,7.111454111670329,6.960362257134194,17.29081406523804,15.960957794548934
11352627,23/24,6.0,2023-09-24 13:00,finished,Arsenal,Tottenham Hotspur,42.0,33.0,2.0,2.0,7.058026715197127,7.122264983204108,17.549898525562714,17.323412741491268
11352629,23/24,6.0,2023-09-24 13:00,finished,Brighton & Hove Albion,Bournemouth,30.0,60.0,3.0,1.0,6.9165259370729615,6.769016858729063,16.06952133133711,16.442184526932348
11352631,23/24,6.0,2023-09-24 13:00,finished,Chelsea,Aston Villa,38.0,40.0,0.0,1.0,7.042144554578552,6.9387045080612175,17.003135128629314,16.86112288571377
11352636,23/24,6.0,2023-09-24 15:30,finished,Sheffield United,Newcastle United,15.0,39.0,0.0,8.0,6.936106281777923,6.956942489933061,15.19548432754943,16.379339422862788
11352638,23/24,7.0,2023-09-30 11:30,finished,Aston Villa,Brighton & Hove Albion,40.0,30.0,6.0,1.0,6.951465005517823,6.967159397406902,16.86112288571377,15.79269550510867
11352645,23/24,7.0,2023-09-30 14:00,finished,West Ham United,Sheffield United,37.0,15.0,2.0,0.0,6.962578316044321,6.81255589815952,15.960957794548934,15.401504095624267
11352641,23/24,7.0,2023-09-30 14:00,finished,Manchester United,Crystal Palace,35.0,7.0,0.0,1.0,7.011887945288003,6.890006638627072,16.666637113426965,16.032214451828793
11352642,23/24,7.0,2023-09-30 14:00,finished,Newcastle United,Burnley,39.0,6.0,2.0,0.0,6.994803396827742,6.856235243321857,16.458403731345385,15.732395016671099
11352637,23/24,7.0,2023-09-30 14:00,finished,Bournemouth,Arsenal,60.0,42.0,0.0,4.0,6.762152089310533,7.0465580562787915,16.437749057462398,17.6554339090345
11352639,23/24,7.0,2023-09-30 14:00,finished,Everton,Luton Town,48.0,72.0,1.0,2.0,6.9181133706313265,6.879640591966173,16.153927575828945,14.377708513337462
11352646,23/24,7.0,2023-09-30 14:00,finished,Wolverhampton,Manchester City,3.0,17.0,2.0,1.0,6.878907106501703,7.152790928518595,16.479554940738677,17.27614056379027
11352644,23/24,7.0,2023-09-30 16:30,finished,Tottenham Hotspur,Liverpool,33.0,44.0,2.0,1.0,7.107265940844539,7.126369917069488,17.292344623880172,17.36470973689716
11352643,23/24,7.0,2023-10-01 13:00,finished,Nottingham Forest,Brentford,14.0,50.0,1.0,1.0,6.905988386759123,6.880774051631615,16.130960737912297,16.640285928982376
11352640,23/24,7.0,2023-10-02 19:00,finished,Fulham,Chelsea,43.0,38.0,0.0,2.0,6.9249394035747365,7.006737021430803,15.559223953888123,17.178014583866442
11626262,23/24,2.0,2023-10-03 18:30,finished,Luton Town,Burnley,72.0,6.0,1.0,2.0,6.86831597280595,6.749503264430669,14.477582357761834,15.746703396103046
11352653,23/24,8.0,2023-10-07 11:30,finished,Luton Town,Tottenham Hotspur,72.0,33.0,0.0,1.0,6.900079365079365,7.117894191981133,14.437563465702784,17.292344623880172
11352649,23/24,8.0,2023-10-07 14:00,finished,Burnley,Chelsea,6.0,38.0,1.0,4.0,6.835025671653315,7.06251430551882,15.89511259374443,16.930574263572396
11352654,23/24,8.0,2023-10-07 14:00,finished,Manchester United,Brentford,35.0,50.0,2.0,1.0,7.058263445960292,6.899422673318543,16.711969226355546,16.413433066444288
11352652,23/24,8.0,2023-10-07 14:00,finished,Fulham,Sheffield United,43.0,15.0,3.0,1.0,6.899992576813663,6.881325542806646,15.513271789461392,15.342285811153712
11352651,23/24,8.0,2023-10-07 14:00,finished,Everton,Bournemouth,48.0,60.0,3.0,0.0,6.895760305092593,6.776624025791339,16.373018970521205,16.26729149405485
11352650,23/24,8.0,2023-10-07 16:30,finished,Crystal Palace,Nottingham Forest,7.0,14.0,0.0,0.0,6.84207470293054,7.021958180776085,15.64854491757925,15.950185059785126
11352648,23/24,8.0,2023-10-08 13:00,finished,Brighton & Hove Albion,Liverpool,30.0,44.0,2.0,2.0,6.968668373361752,7.148286736534942,16.429774498981544,17.43070591667287
11352655,23/24,8.0,2023-10-08 13:00,finished,West Ham United,Newcastle United,37.0,39.0,2.0,2.0,6.977527334866749,6.99304459845959,15.960957794548934,16.46812846948649
11352656,23/24,8.0,2023-10-08 13:00,finished,Wolverhampton,Aston Villa,3.0,40.0,1.0,1.0,6.87843879924985,6.947241457427702,16.479554940738677,16.832725187073574
11352647,23/24,8.0,2023-10-08 15:30,finished,Arsenal,Manchester City,42.0,17.0,1.0,0.0,7.066453447769646,7.158356582145066,17.277977053762267,17.29515145014924
11352662,23/24,9.0,2023-10-21 11:30,finished,Liverpool,Everton,44.0,48.0,2.0,0.0,7.138554524623178,6.911760425514473,17.55866365230668,16.373018970521205
11352665,23/24,9.0,2023-10-21 14:00,finished,Nottingham Forest,Luton Town,14.0,72.0,2.0,2.0,7.009169153946257,6.895083286278938,15.987045524158594,14.505763499339945
11352663,23/24,9.0,2023-10-21 14:00,finished,Manchester City,Brighton & Hove Albion,17.0,30.0,2.0,1.0,7.330617087974633,7.005284605486235,17.28907362092553,15.807347678779648
11352664,23/24,9.0,2023-10-21 14:00,finished,Newcastle United,Crystal Palace,39.0,7.0,4.0,0.0,6.965004567785822,6.881884150588373,16.166178520226396,15.955275166077223
11352660,23/24,9.0,2023-10-21 14:00,finished,Brentford,Burnley,50.0,6.0,3.0,0.0,6.930402039751038,6.779287022765888,16.409850605125538,15.966666837717499
11352657,23/24,9.0,2023-10-21 14:00,finished,Bournemouth,Wolverhampton,60.0,3.0,1.0,2.0,6.786523831769915,6.86247728706062,16.45650435289631,16.328446897300527
11352661,23/24,9.0,2023-10-21 16:30,finished,Chelsea,Arsenal,38.0,42.0,2.0,2.0,7.080513035890314,7.081193670927228,17.196470985586622,17.532744479706768
11352666,23/24,9.0,2023-10-21 19:00,finished,Sheffield United,Manchester United,15.0,35.0,1.0,2.0,6.83425585235891,7.0167994329474785,15.171647692353902,16.879802856970237
11352658,23/24,9.0,2023-10-22 15:30,finished,Aston Villa,West Ham United,40.0,37.0,4.0,1.0,6.928759048995364,6.977805631672168,16.86112288571377,15.960957794548934
11352667,23/24,9.0,2023-10-23 19:00,finished,Tottenham Hotspur,Fulham,33.0,43.0,2.0,0.0,7.139486369670586,6.767497946450542,17.307480670757403,15.531622527865729
11352673,23/24,10.0,2023-10-27 19:00,finished,Crystal Palace,Tottenham Hotspur,7.0,33.0,1.0,2.0,6.878354464037883,7.121830988755986,15.682935868481406,17.100387364222776
11352672,23/24,10.0,2023-10-28 11:30,finished,Chelsea,Brentford,38.0,50.0,0.0,2.0,7.035942140512091,6.9150164106301135,17.035863356271985,16.532265524677122
11352669,23/24,10.0,2023-10-28 14:00,finished,Arsenal,Sheffield United,42.0,15.0,5.0,0.0,6.996185704761275,6.828275815027479,17.50687658857773,15.05818005393217
11352668,23/24,10.0,2023-10-28 14:00,finished,Bournemouth,Burnley,60.0,6.0,2.0,1.0,6.732970160484669,6.746576418574204,16.49879678121945,15.60055403559296
11352677,23/24,10.0,2023-10-28 16:30,finished,Wolverhampton,Newcastle United,3.0,39.0,2.0,2.0,6.877396049363023,6.979881521030726,16.2963819388712,16.1242380141807
11352676,23/24,10.0,2023-10-29 13:00,finished,West Ham United,Everton,37.0,48.0,0.0,1.0,6.9537753762187,6.895145338917671,15.842875601413187,16.701395848692346
11352671,23/24,10.0,2023-10-29 14:00,finished,Brighton & Hove Albion,Fulham,30.0,43.0,1.0,1.0,6.8976921543375145,6.830245161907967,15.967510222285608,15.455999372670737
11352670,23/24,10.0,2023-10-29 14:00,finished,Aston Villa,Luton Town,40.0,72.0,3.0,1.0,6.944333560799731,6.978293177402626,16.86112288571377,14.74264504556915
11352674,23/24,10.0,2023-10-29 14:00,finished,Liverpool,Nottingham Forest,44.0,14.0,3.0,0.0,7.154815536646695,6.971182836771073,17.48002752162608,16.233615894360266
11352675,23/24,10.0,2023-10-29 15:30,finished,Manchester United,Manchester City,35.0,17.0,0.0,3.0,7.048869589324693,7.223037128547588,16.656690244069047,17.416206316051923
11352307,23/24,11.0,2023-11-04 12:30,finished,Fulham,Manchester United,43.0,35.0,0.0,1.0,6.88977646923473,6.993680200644743,16.012937590586457,16.87984821873105
11352312,23/24,11.0,2023-11-04 15:00,finished,Manchester City,Bournemouth,17.0,60.0,6.0,1.0,7.197301316989643,6.7674702021636115,17.110697818551383,16.45147546868373
11352306,23/24,11.0,2023-11-04 15:00,finished,Everton,Brighton & Hove Albion,48.0,30.0,1.0,1.0,6.926767288666451,6.985190970222985,16.039560300774745,16.131778980869726
11352320,23/24,11.0,2023-11-04 15:00,finished,Sheffield United,Wolverhampton,15.0,3.0,2.0,1.0,6.788649802347905,6.844249601839123,14.953223278576537,16.023649944807698
11352305,23/24,11.0,2023-11-04 15:00,finished,Burnley,Crystal Palace,6.0,7.0,0.0,2.0,6.723914347735119,6.876526984367318,15.411516885831007,15.682935868481406
11352304,23/24,11.0,2023-11-04 15:00,finished,Brentford,West Ham United,50.0,37.0,3.0,2.0,6.948216997376047,6.8600957820098465,16.409850605125538,16.04523824700394
11352314,23/24,11.0,2023-11-04 17:30,finished,Newcastle United,Arsenal,39.0,42.0,1.0,0.0,6.977906999181289,7.003513164651548,16.1242380141807,17.454453379426166
11352317,23/24,11.0,2023-11-05 14:00,finished,Nottingham Forest,Aston Villa,14.0,40.0,2.0,0.0,6.889317201703716,6.960105439689666,16.56735973644783,16.86112288571377
11352310,23/24,11.0,2023-11-05 16:30,finished,Luton Town,Liverpool,72.0,44.0,1.0,1.0,6.908187495564545,7.139750389270676,14.629945874030238,17.516575045618552
11352323,23/24,11.0,2023-11-06 20:00,finished,Tottenham Hotspur,Chelsea,33.0,38.0,1.0,4.0,7.112161108192361,7.090479961806662,17.323412741491268,17.075570937696593
11352349,23/24,12.0,2023-11-11 12:30,finished,Wolverhampton,Tottenham Hotspur,3.0,33.0,2.0,1.0,6.788492661278799,7.03330080308248,16.371141839965738,16.68698598316472
11352335,23/24,12.0,2023-11-11 15:00,finished,Crystal Palace,Everton,7.0,48.0,2.0,3.0,6.888978853223683,6.917489467171638,15.816371086242413,16.373018970521205
11352353,23/24,12.0,2023-11-11 15:00,finished,Arsenal,Burnley,42.0,6.0,3.0,1.0,7.023987202250575,6.723173812000221,17.425922944402327,15.411516885831007
11352341,23/24,12.0,2023-11-11 15:00,finished,Manchester United,Luton Town,35.0,72.0,1.0,0.0,6.972504691173905,6.943384220289023,16.659846611267486,14.629945874030238
11352350,23/24,12.0,2023-11-11 17:30,finished,Bournemouth,Newcastle United,60.0,39.0,2.0,0.0,6.716086454236915,6.951430311347047,16.581129287231672,16.269233618430604
11352339,23/24,12.0,2023-11-12 14:00,finished,Liverpool,Brentford,44.0,50.0,3.0,0.0,7.1201770619023055,6.951172276361672,17.11267304124034,16.206821054640255
11352329,23/24,12.0,2023-11-12 14:00,finished,Brighton & Hove Albion,Sheffield United,30.0,15.0,1.0,1.0,6.880457983437933,6.780897337435615,15.92861612158865,15.139702429914097
11352326,23/24,12.0,2023-11-12 14:00,finished,Aston Villa,Fulham,40.0,43.0,3.0,1.0,7.01088697278088,6.8913822906110775,16.963667149109042,15.593362812636268
11352345,23/24,12.0,2023-11-12 14:00,finished,West Ham United,Nottingham Forest,37.0,14.0,3.0,2.0,6.978670958125232,6.971834145386777,16.362405811489804,16.56735973644783
11352332,23/24,12.0,2023-11-12 16:30,finished,Chelsea,Manchester City,38.0,17.0,4.0,4.0,7.14096051795575,7.290163622715181,17.07047189527377,17.510825878773915
11352373,23/24,13.0,2023-11-25 12:30,finished,Manchester City,Liverpool,17.0,44.0,1.0,1.0,7.257723012054361,7.159993540529183,17.38704389609163,17.3566167142397
11352370,23/24,13.0,2023-11-25 15:00,finished,Luton Town,Crystal Palace,72.0,7.0,2.0,1.0,6.903406703123798,6.942545074720533,14.407409014987458,16.293464801525836
11352360,23/24,13.0,2023-11-25 15:00,finished,Burnley,West Ham United,6.0,37.0,1.0,2.0,6.720416629771344,6.961591476009288,15.411516885831007,16.15307989394489
11352382,23/24,13.0,2023-11-25 15:00,finished,Sheffield United,Bournemouth,15.0,60.0,1.0,3.0,6.793229603729603,6.747862760840994,15.139702429914097,16.397077929826764
11352375,23/24,13.0,2023-11-25 15:00,finished,Newcastle United,Chelsea,39.0,38.0,4.0,1.0,7.010219634778414,7.129276266457012,16.61215536140736,16.93854024839013
11352379,23/24,13.0,2023-11-25 15:00,finished,Nottingham Forest,Brighton & Hove Albion,14.0,30.0,2.0,3.0,6.907730503657674,6.962465082647433,16.539597768306812,16.25137163915476
11352356,23/24,13.0,2023-11-25 17:30,finished,Brentford,Arsenal,50.0,42.0,0.0,1.0,6.951357576007521,7.057505780135648,15.97356091481501,17.48871035095654
11352385,23/24,13.0,2023-11-26 14:00,finished,Tottenham Hotspur,Aston Villa,33.0,40.0,1.0,2.0,7.006569878690855,6.948322533460242,16.811738843428362,16.832725187073574
11352363,23/24,13.0,2023-11-26 16:30,finished,Everton,Manchester United,48.0,35.0,0.0,3.0,6.92577929126626,7.012424805115554,16.039560300774745,16.76588055975049
11352366,23/24,13.0,2023-11-27 20:00,finished,Fulham,Wolverhampton,43.0,3.0,3.0,2.0,6.896773829035633,6.839342036825287,15.362614739266041,16.574724220999602
11352391,23/24,14.0,2023-12-02 15:00,finished,Arsenal,Wolverhampton,42.0,3.0,2.0,1.0,7.081238526708997,6.808725567981687,17.589063927844627,16.1018285403366
11352393,23/24,14.0,2023-12-02 15:00,finished,Brentford,Luton Town,50.0,72.0,3.0,1.0,6.943715941634171,6.852320745920746,15.842677299206288,14.564406522116771
11352396,23/24,14.0,2023-12-02 15:00,finished,Burnley,Sheffield United,6.0,15.0,5.0,0.0,6.7272103208173295,6.819528016942337,15.625152097820882,14.52601583810365
11352411,23/24,14.0,2023-12-02 17:30,finished,Nottingham Forest,Everton,14.0,48.0,0.0,1.0,6.902408662481668,6.938439231344864,16.000445522260684,16.063152227637023
11352408,23/24,14.0,2023-12-02 20:00,finished,Newcastle United,Manchester United,39.0,35.0,1.0,0.0,7.028171092482508,7.072822796333373,16.61215536140736,16.88285006158422
11352400,23/24,14.0,2023-12-03 14:00,finished,Chelsea,Brighton & Hove Albion,38.0,30.0,3.0,2.0,7.021125927205009,6.820229248729974,16.937039789335167,16.43611866507165
11352414,23/24,14.0,2023-12-03 14:00,finished,West Ham United,Crystal Palace,37.0,7.0,1.0,1.0,6.921619382175294,6.903785897431965,16.483546728318277,16.09708450101167
11352388,23/24,14.0,2023-12-03 14:00,finished,Bournemouth,Aston Villa,60.0,40.0,2.0,2.0,6.7645717514978365,6.903276441185252,16.45790062337048,16.734912285122803
11352404,23/24,14.0,2023-12-03 14:00,finished,Liverpool,Fulham,44.0,43.0,4.0,3.0,7.177916006733577,6.874942976837991,17.523787856933783,16.036720703830266
11352405,23/24,14.0,2023-12-03 16:30,finished,Manchester City,Tottenham Hotspur,17.0,33.0,3.0,3.0,7.276344037909673,6.999042202351863,17.510825878773915,16.75415448471397
11352440,23/24,15.0,2023-12-05 19:30,finished,Wolverhampton,Burnley,3.0,6.0,1.0,0.0,6.877262256352004,6.853432858256341,15.961459277076786,15.66040350973077
11352430,23/24,15.0,2023-12-05 20:15,finished,Luton Town,Arsenal,72.0,42.0,3.0,4.0,6.819075339864813,7.055823322600298,14.474860096789946,17.794131520273304
11352421,23/24,15.0,2023-12-06 19:30,finished,Brighton & Hove Albion,Brentford,30.0,50.0,2.0,1.0,6.845455394278924,6.879608893996896,16.592277161804727,15.54514054050636
11352433,23/24,15.0,2023-12-06 19:30,finished,Sheffield United,Liverpool,15.0,44.0,0.0,2.0,6.7073087135522655,7.089138138992353,15.606390992493505,17.37151828647422
11352442,23/24,15.0,2023-12-06 19:30,finished,Crystal Palace,Bournemouth,7.0,60.0,0.0,2.0,6.906563854958739,6.766330918335615,16.000457755005666,16.41695366919135
11352426,23/24,15.0,2023-12-06 19:30,finished,Fulham,Nottingham Forest,43.0,14.0,5.0,0.0,6.938294315334637,6.907802462202702,15.967307608744704,16.200505616021125
11352417,23/24,15.0,2023-12-06 20:15,finished,Aston Villa,Manchester City,40.0,17.0,1.0,0.0,6.9348210672686035,7.137738935982881,16.839817956372915,17.323830309975207
11352445,23/24,15.0,2023-12-06 20:15,finished,Manchester United,Chelsea,35.0,38.0,2.0,1.0,7.006393303815042,7.051961605419923,16.8140302068636,17.143302821474915
11352424,23/24,15.0,2023-12-07 19:30,finished,Everton,Newcastle United,48.0,39.0,3.0,0.0,6.909336034534721,7.02155980906954,15.637763304169585,16.410001620450597
11777279,23/24,15.0,2023-12-07 20:15,finished,Tottenham Hotspur,West Ham United,33.0,37.0,1.0,2.0,7.015221436959917,6.979248512707155,16.961783330658935,16.069780736501787
11352455,23/24,16.0,2023-12-09 12:30,finished,Crystal Palace,Liverpool,7.0,44.0,1.0,2.0,6.865324180336304,7.138830333403973,15.361841597334045,17.250080694499772
11352471,23/24,16.0,2023-12-09 15:00,finished,Sheffield United,Brentford,15.0,50.0,1.0,0.0,6.6837138879928855,6.860509228145592,15.606390992493505,15.488735246232585
11352468,23/24,16.0,2023-12-09 15:00,finished,Manchester United,Bournemouth,35.0,60.0,0.0,3.0,7.051692529759884,6.780986649161915,16.604704289318683,16.45790062337048
11352452,23/24,16.0,2023-12-09 15:00,finished,Brighton & Hove Albion,Burnley,30.0,6.0,1.0,1.0,7.000430504848075,6.817662418145204,16.303946191679152,15.572836673357694
11352477,23/24,16.0,2023-12-09 15:00,finished,Wolverhampton,Nottingham Forest,3.0,14.0,1.0,1.0,6.852366681690285,6.8644300561781595,16.112634422293613,15.811626596684551
11352449,23/24,16.0,2023-12-09 17:30,finished,Aston Villa,Arsenal,40.0,42.0,1.0,0.0,6.947103180732977,7.06859045595578,16.839817956372915,17.740371112432396
11352459,23/24,16.0,2023-12-10 14:00,finished,Everton,Chelsea,48.0,38.0,2.0,0.0,6.9363601217941815,7.027200508555198,16.039560300774745,17.487037077483997
11352461,23/24,16.0,2023-12-10 14:00,finished,Fulham,West Ham United,43.0,37.0,5.0,0.0,6.960453029639524,6.98188047396778,15.967307608744704,15.719004889185682
11352464,23/24,16.0,2023-12-10 14:00,finished,Luton Town,Manchester City,72.0,17.0,1.0,2.0,6.842692060141419,7.179345108832705,14.483279167892777,17.170367202659133
11352473,23/24,16.0,2023-12-10 16:30,finished,Tottenham Hotspur,Newcastle United,33.0,39.0,4.0,1.0,7.019402592038798,7.023029338569072,17.079000251775028,16.410001620450597
11352505,23/24,17.0,2023-12-15 20:00,finished,Nottingham Forest,Tottenham Hotspur,14.0,33.0,0.0,2.0,6.868404188723319,7.034835336314157,15.811626596684551,17.079000251775028
11352492,23/24,17.0,2023-12-16 15:00,finished,Chelsea,Sheffield United,38.0,15.0,2.0,0.0,7.020322023329015,6.735822995625367,16.997979536315547,15.59324724441977
11352498,23/24,17.0,2023-12-16 15:00,finished,Manchester City,Crystal Palace,17.0,7.0,2.0,2.0,7.154544073565328,6.877385450635564,17.242329680238512,16.015215884692275
11352501,23/24,17.0,2023-12-16 15:00,finished,Newcastle United,Fulham,39.0,43.0,3.0,0.0,6.9213680252285235,6.946152851264457,16.17941632078708,16.22093121726176
11352489,23/24,17.0,2023-12-16 17:30,finished,Burnley,Everton,6.0,48.0,0.0,2.0,6.852917280699032,6.930814568064068,15.805887712647392,16.324199069135066
11352508,23/24,17.0,2023-12-17 14:00,finished,West Ham United,Wolverhampton,37.0,3.0,3.0,0.0,6.962758355324828,6.894149045894778,16.069780736501787,16.005854983250778
11352483,23/24,17.0,2023-12-17 14:00,finished,Arsenal,Brighton & Hove Albion,42.0,30.0,2.0,0.0,7.066919764653431,7.020494620565949,17.740371112432396,16.131778980869726
11352487,23/24,17.0,2023-12-17 14:00,finished,Brentford,Aston Villa,50.0,40.0,1.0,2.0,6.844527840138665,6.92655085577147,15.507706912740066,16.79337390686482
11352496,23/24,17.0,2023-12-17 16:30,finished,Liverpool,Manchester United,44.0,35.0,0.0,0.0,7.105752221951686,6.957814849686531,17.2673573856714,17.03309596162343
11352514,23/24,18.0,2023-12-21 20:00,finished,Crystal Palace,Brighton & Hove Albion,7.0,30.0,1.0,1.0,6.898054891516623,6.994371269129093,16.442409514391777,16.814612230323622
11352511,23/24,18.0,2023-12-22 20:00,finished,Aston Villa,Sheffield United,40.0,15.0,1.0,1.0,6.955449982938466,6.729407958351809,16.752406922614377,14.747283194956385
11352535,23/24,18.0,2023-12-23 12:30,finished,West Ham United,Manchester United,37.0,35.0,2.0,0.0,6.9560907478841925,7.003086008230869,16.331103165297403,16.94706996566168
11352517,23/24,18.0,2023-12-23 15:00,finished,Fulham,Burnley,43.0,6.0,0.0,2.0,6.904186334875263,6.863690706512927,16.484195242304114,16.104956146869252
11352531,23/24,18.0,2023-12-23 15:00,finished,Tottenham Hotspur,Everton,33.0,48.0,2.0,1.0,7.025284512834642,6.941899732194358,16.867143059123645,16.538821564598067
11352528,23/24,18.0,2023-12-23 15:00,finished,Nottingham Forest,Bournemouth,14.0,60.0,2.0,3.0,6.87342394352766,6.8354584269693595,15.872279626030673,16.314612806590574
11352522,23/24,18.0,2023-12-23 15:00,finished,Luton Town,Newcastle United,72.0,39.0,1.0,0.0,6.859180799886675,6.989547538221029,14.751745785169714,15.883792140035185
11352520,23/24,18.0,2023-12-23 17:30,finished,Liverpool,Arsenal,44.0,42.0,1.0,1.0,7.1287948611477505,7.0716227545402806,17.248409694548403,17.740371112432396
11352538,23/24,18.0,2023-12-24 13:00,finished,Wolverhampton,Chelsea,3.0,38.0,2.0,1.0,6.882511529347426,7.011429150148985,16.229363105202655,16.73234184600598
11352566,23/24,19.0,2023-12-26 12:30,finished,Newcastle United,Nottingham Forest,39.0,14.0,1.0,3.0,7.012800138525152,6.807979474219939,16.42990381461164,16.719160906668886
11352569,23/24,19.0,2023-12-26 15:00,finished,Sheffield United,Luton Town,15.0,72.0,2.0,3.0,6.754223218944627,6.864105987529324,15.300954022089114,14.790796958223323
11352541,23/24,19.0,2023-12-26 15:00,finished,Bournemouth,Fulham,60.0,43.0,3.0,0.0,6.815598556635782,6.9256622764647595,16.523199436253886,16.254256731829013
11352554,23/24,19.0,2023-12-26 17:30,finished,Burnley,Liverpool,6.0,44.0,0.0,2.0,6.8198808724862,7.042986781858695,16.07991867198176,17.192459224104617
11352563,23/24,19.0,2023-12-26 20:00,finished,Manchester United,Aston Villa,35.0,40.0,3.0,2.0,7.035598779410072,6.918883259037586,16.99226440333571,16.490468566034718
11352547,23/24,19.0,2023-12-27 19:30,finished,Brentford,Wolverhampton,50.0,3.0,1.0,4.0,6.8797041917846515,6.861834642430984,16.11641755144801,16.43294548623652
11352557,23/24,19.0,2023-12-27 19:30,finished,Chelsea,Crystal Palace,38.0,7.0,2.0,1.0,6.963118721064174,6.927145268773743,17.40945616607904,16.67235118824258
11352559,23/24,19.0,2023-12-27 20:15,finished,Everton,Manchester City,48.0,17.0,1.0,3.0,6.899482464722385,7.139456865313713,16.699873832224796,17.021548776944677
11777280,23/24,19.0,2023-12-28 19:30,finished,Brighton & Hove Albion,Tottenham Hotspur,30.0,33.0,4.0,2.0,6.9533310363792395,7.035864427426858,15.875866123597682,16.911368237725636
11777281,23/24,19.0,2023-12-28 20:15,finished,Arsenal,West Ham United,42.0,37.0,0.0,2.0,7.087630152826342,6.958244039913878,17.65621025099342,16.02901723940991
11352582,23/24,20.0,2023-12-30 12:30,finished,Luton Town,Chelsea,72.0,38.0,2.0,3.0,6.886978375160194,7.0396458158607835,14.751745785169714,17.09481879388468
11352576,23/24,20.0,2023-12-30 15:00,finished,Crystal Palace,Brentford,7.0,50.0,3.0,1.0,6.9254893283606656,6.8761727565762065,16.67235118824258,15.822372560779787
11352583,23/24,20.0,2023-12-30 15:00,finished,Manchester City,Sheffield United,17.0,15.0,2.0,0.0,7.165789347079076,6.688664635786481,17.063216748446255,14.821872886132438
11352573,23/24,20.0,2023-12-30 15:00,finished,Aston Villa,Burnley,40.0,6.0,3.0,2.0,6.90450473540817,6.883732009066645,16.61522478487689,15.891320934879378
11352592,23/24,20.0,2023-12-30 15:00,finished,Wolverhampton,Everton,3.0,48.0,3.0,0.0,6.897010977529906,6.925282338453361,16.259951490350037,16.66052993070124
11352586,23/24,20.0,2023-12-30 17:30,finished,Nottingham Forest,Manchester United,14.0,35.0,2.0,1.0,6.866767946831723,7.0786437557995185,16.575411931240833,16.926044021990563
11352587,23/24,20.0,2023-12-31 14:00,finished,Tottenham Hotspur,Bournemouth,33.0,60.0,3.0,1.0,7.040666824404414,6.826817696623948,16.8535285399988,16.283977483849284
11352577,23/24,20.0,2023-12-31 14:00,finished,Fulham,Arsenal,43.0,42.0,2.0,1.0,6.963427102489888,7.025806532179999,15.754791571216948,17.772207696926312
11352580,23/24,20.0,2024-01-01 20:00,finished,Liverpool,Newcastle United,44.0,39.0,4.0,2.0,7.108038972892062,6.963037717992881,17.2177793352144,16.8056370328238
11352589,23/24,20.0,2024-01-02 19:30,finished,West Ham United,Brighton & Hove Albion,37.0,30.0,0.0,0.0,6.9096307919508755,6.95282385611931,15.816681675305595,15.917056432779487
11352318,23/24,21.0,2024-01-12 19:45,finished,Burnley,Luton Town,6.0,72.0,1.0,1.0,6.824382322290365,6.944041642851834,15.87066633525099,14.687321132336898
11352321,23/24,21.0,2024-01-13 12:30,finished,Chelsea,Fulham,38.0,43.0,1.0,0.0,7.083603167452279,7.002112587879159,16.931378928857004,15.878493116208062
11352331,23/24,21.0,2024-01-13 17:30,finished,Newcastle United,Manchester City,39.0,17.0,2.0,3.0,7.003453817133181,7.239018334567819,16.42990381461164,17.246389750313735
11352324,23/24,21.0,2024-01-14 14:00,finished,Everton,Aston Villa,48.0,40.0,0.0,0.0,6.8725318075994215,6.908257832372309,16.170651241805597,16.622501394665395
11352328,23/24,21.0,2024-01-14 16:30,finished,Manchester United,Tottenham Hotspur,35.0,33.0,2.0,2.0,7.02349771414019,7.002698904704136,16.99226440333571,16.97128446891081
11352311,23/24,21.0,2024-01-20 12:30,finished,Arsenal,Crystal Palace,42.0,7.0,5.0,0.0,7.070873113162199,6.886101064659997,17.67735773238149,16.388390675054954
11352313,23/24,21.0,2024-01-20 17:30,finished,Brentford,Nottingham Forest,50.0,14.0,3.0,2.0,6.910394761180148,6.8897714302631705,16.035262047467242,16.297375706126047
11352334,23/24,21.0,2024-01-21 14:00,finished,Sheffield United,West Ham United,15.0,37.0,2.0,2.0,6.715703270744703,6.940884688597337,15.549873881895525,15.797803037647041
11352308,23/24,21.0,2024-01-21 16:30,finished,Bournemouth,Liverpool,60.0,44.0,0.0,4.0,6.833896173592646,7.022343151981352,16.16040622822442,17.364400447112875
11352315,23/24,21.0,2024-01-22 19:45,finished,Brighton & Hove Albion,Wolverhampton,30.0,3.0,0.0,0.0,6.987710716763047,6.951543988652973,15.864612103838892,15.960348957827517
11352348,23/24,22.0,2024-01-30 19:30,finished,Nottingham Forest,Arsenal,14.0,42.0,1.0,2.0,6.884948076959904,7.078828737152805,16.247650745700053,17.65177478152347
11352344,23/24,22.0,2024-01-30 19:45,finished,Luton Town,Brighton & Hove Albion,72.0,30.0,4.0,0.0,6.940896943965126,6.980602553354464,14.80766422362222,15.831566566656244
11352342,23/24,22.0,2024-01-30 19:45,finished,Fulham,Everton,43.0,48.0,0.0,0.0,6.971580522719815,6.889272298524705,15.607600678185507,16.152000564083377
11352361,23/24,22.0,2024-01-30 20:00,finished,Crystal Palace,Sheffield United,7.0,15.0,3.0,2.0,6.933648843706658,6.765861981138408,16.896939003300144,15.521699976118356
11352338,23/24,22.0,2024-01-30 20:15,finished,Aston Villa,Newcastle United,40.0,39.0,1.0,3.0,6.9659697522951385,6.987120695669197,16.767840476316454,16.471844320657336
11352369,23/24,22.0,2024-01-31 19:30,finished,Manchester City,Burnley,17.0,6.0,3.0,1.0,7.246776502024576,6.830547553335905,17.395636876924186,15.987395018160031
11352351,23/24,22.0,2024-01-31 19:30,finished,Tottenham Hotspur,Brentford,33.0,50.0,3.0,2.0,7.068303811224786,6.93916851629478,17.036987577671322,15.925809974346704
11352365,23/24,22.0,2024-01-31 20:15,finished,Liverpool,Chelsea,44.0,38.0,4.0,1.0,7.074924946749331,7.1352260158069045,17.44711119414638,16.8816764583017
11352354,23/24,22.0,2024-02-01 19:30,finished,West Ham United,Bournemouth,37.0,60.0,1.0,1.0,6.984173238601314,6.860356718029456,16.260644669217147,16.39996417512809
11896302,23/24,22.0,2024-02-01 20:15,finished,Wolverhampton,Manchester United,3.0,35.0,3.0,4.0,6.938355261408376,7.0230939560409205,16.1021276925906,17.04761589633443
11352395,23/24,23.0,2024-02-03 12:30,finished,Everton,Tottenham Hotspur,48.0,33.0,2.0,2.0,6.943164725280477,7.058237784912754,16.027867811881826,17.1031365796203
11352383,23/24,23.0,2024-02-03 15:00,finished,Brighton & Hove Albion,Crystal Palace,30.0,7.0,4.0,1.0,6.964466288240396,6.863534911133114,16.592144116811117,16.434360653704513
11352402,23/24,23.0,2024-02-03 15:00,finished,Newcastle United,Luton Town,39.0,72.0,4.0,4.0,6.973959273915105,6.9792266536925975,16.23030263520784,14.907538068046593
11352386,23/24,23.0,2024-02-03 15:00,finished,Burnley,Fulham,6.0,43.0,2.0,2.0,6.838510644067182,6.923844074490089,16.33997306071522,15.542729469021372
11352409,23/24,23.0,2024-02-03 17:30,finished,Sheffield United,Aston Villa,15.0,40.0,0.0,5.0,6.7661329165202195,6.910463562760008,15.526022585125753,16.643991283580327
11352392,23/24,23.0,2024-02-04 14:00,finished,Chelsea,Wolverhampton,38.0,3.0,2.0,4.0,7.077767249078186,6.917871002313499,16.903001208041506,16.396748516701873
11352372,23/24,23.0,2024-02-04 14:00,finished,Bournemouth,Nottingham Forest,60.0,14.0,1.0,1.0,6.808040415435375,6.893126879298711,16.356130975647634,16.78450081680665
11352398,23/24,23.0,2024-02-04 14:00,finished,Manchester United,West Ham United,35.0,37.0,3.0,0.0,7.046141540001844,6.989324795778577,16.969264842070586,16.222196846981035
11352376,23/24,23.0,2024-02-04 16:30,finished,Arsenal,Liverpool,42.0,44.0,3.0,1.0,7.058862157652762,7.081550177930716,17.61690534114574,17.607136406051623
11352380,23/24,23.0,2024-02-05 20:00,finished,Brentford,Manchester City,50.0,17.0,1.0,3.0,6.950238372526737,7.258721301505901,15.793511135018809,17.369739011683336
11352431,23/24,24.0,2024-02-10 12:30,finished,Manchester City,Everton,17.0,48.0,2.0,0.0,7.225389307242386,6.94758207814597,17.594651022029108,16.027867811881826
11352439,23/24,24.0,2024-02-10 15:00,finished,Tottenham Hotspur,Brighton & Hove Albion,33.0,30.0,2.0,1.0,7.086405563465187,6.943749500007101,17.177788785909293,15.907488538137141
11352427,23/24,24.0,2024-02-10 15:00,finished,Luton Town,Sheffield United,72.0,15.0,1.0,3.0,6.988076985237073,6.644161083650442,14.80766422362222,15.27589723969121
11352423,23/24,24.0,2024-02-10 15:00,finished,Liverpool,Burnley,44.0,6.0,3.0,1.0,7.069492729548511,6.930564092975757,17.238458537022932,16.29646676688856
11352446,23/24,24.0,2024-02-10 15:00,finished,Wolverhampton,Brentford,3.0,50.0,0.0,2.0,6.925716226231648,6.958665309159724,16.396748516701873,15.793511135018809
11352419,23/24,24.0,2024-02-10 15:00,finished,Fulham,Bournemouth,43.0,60.0,3.0,1.0,6.962954220503668,6.856769712009089,15.351371058419433,16.23786404726582
11352435,23/24,24.0,2024-02-10 17:30,finished,Nottingham Forest,Newcastle United,14.0,39.0,2.0,3.0,6.863422093223607,6.987610363866904,16.84266456224798,16.143306110516463
11352443,23/24,24.0,2024-02-11 14:00,finished,West Ham United,Arsenal,37.0,42.0,0.0,6.0,6.994093162915786,7.034737482643908,16.222196846981035,17.794131520273304
11352412,23/24,24.0,2024-02-11 16:30,finished,Aston Villa,Manchester United,40.0,35.0,1.0,2.0,6.911591751564506,7.051173259085218,16.58223644756087,16.923548479216795
11352415,23/24,24.0,2024-02-12 20:00,finished,Crystal Palace,Chelsea,7.0,38.0,1.0,3.0,6.869584602762688,7.084669675919354,16.596183519322413,17.14918758995989
11352450,23/24,25.0,2024-02-17 12:30,finished,Brentford,Liverpool,50.0,44.0,1.0,4.0,6.937359350189137,7.1621004010837375,15.933726924278222,17.184811722962777
11352478,23/24,25.0,2024-02-17 15:00,finished,Nottingham Forest,West Ham United,14.0,37.0,2.0,0.0,6.857666834783324,6.988251608055785,16.957612841874276,15.941192987584826
11352462,23/24,25.0,2024-02-17 15:00,finished,Fulham,Aston Villa,43.0,40.0,1.0,2.0,6.983472802083074,6.9593613980624065,15.351371058419433,16.676317945222873
11352453,23/24,25.0,2024-02-17 15:00,finished,Burnley,Arsenal,6.0,42.0,0.0,5.0,6.8231090388778775,7.046333447901092,16.29646676688856,17.794131520273304
11352486,23/24,25.0,2024-02-17 15:00,finished,Tottenham Hotspur,Wolverhampton,33.0,3.0,1.0,2.0,7.072151615350054,6.905234037368737,16.95529510130442,16.208452520602474
11352474,23/24,25.0,2024-02-17 15:00,finished,Newcastle United,Bournemouth,39.0,60.0,2.0,2.0,6.9779556963613,6.812107975253355,16.31490985969204,16.397077929826764
11352469,23/24,25.0,2024-02-17 17:30,finished,Manchester City,Chelsea,17.0,38.0,1.0,1.0,7.3052819349427605,7.080978367491335,17.340020576628334,17.34616791285398
11352481,23/24,25.0,2024-02-18 14:00,finished,Sheffield United,Brighton & Hove Albion,15.0,30.0,0.0,5.0,6.768663079521899,6.957379737787337,15.34718078139718,16.298956135436924
11352465,23/24,25.0,2024-02-18 16:30,finished,Luton Town,Manchester United,72.0,35.0,1.0,2.0,6.956219376869464,7.060061510270748,14.887632325847779,16.923548479216795
11352458,23/24,25.0,2024-02-19 20:00,finished,Everton,Crystal Palace,48.0,7.0,1.0,1.0,6.951911519981338,6.873106195544364,15.971350701283846,16.1542317599363
11971437,23/24,18.0,2024-02-20 19:30,finished,Manchester City,Brentford,17.0,50.0,1.0,0.0,7.17776123089432,6.909727739505389,17.303188723553816,15.639577488608063
11352512,23/24,26.0,2024-02-21 19:30,finished,Liverpool,Luton Town,44.0,72.0,4.0,1.0,7.103547419614986,6.949069208225555,17.31130476564496,14.887632325847779
11352502,23/24,26.0,2024-02-24 15:00,finished,Brighton & Hove Albion,Everton,30.0,48.0,1.0,1.0,6.977964231484257,6.947749494103683,16.35866336601775,16.262307672756574
11352518,23/24,26.0,2024-02-24 15:00,finished,Manchester United,Fulham,35.0,43.0,1.0,2.0,7.054701277737684,6.906689834793349,16.550266660850614,16.546183649933443
11352509,23/24,26.0,2024-02-24 15:00,finished,Crystal Palace,Burnley,7.0,6.0,3.0,0.0,6.877929179172678,6.761465628559449,16.1542317599363,16.01902002142487
11352499,23/24,26.0,2024-02-24 15:00,finished,Aston Villa,Nottingham Forest,40.0,14.0,4.0,2.0,6.9573018632031856,6.904536274166571,16.676317945222873,16.95034892351028
11352490,23/24,26.0,2024-02-24 17:30,finished,Bournemouth,Manchester City,60.0,17.0,0.0,1.0,6.80356561828739,7.146472513135553,16.45790062337048,17.345850080822064
11352493,23/24,26.0,2024-02-24 20:00,finished,Arsenal,Newcastle United,42.0,39.0,4.0,1.0,7.051744030103998,6.999779652022317,17.67066574898665,16.62482333752276
11352525,23/24,26.0,2024-02-25 13:30,finished,Wolverhampton,Sheffield United,3.0,15.0,1.0,0.0,6.910202248018862,6.7034509532652775,16.208452520602474,15.259764352537054
11352521,23/24,26.0,2024-02-26 20:00,finished,West Ham United,Brentford,37.0,50.0,4.0,2.0,6.984082014558541,6.918065587711058,16.331103165297403,15.52187482308881
11352556,23/24,27.0,2024-03-02 15:00,finished,Nottingham Forest,Liverpool,14.0,44.0,0.0,1.0,6.868214397317658,7.140497902893145,16.32180138595066,17.15977868236189
11352564,23/24,27.0,2024-03-02 15:00,finished,Tottenham Hotspur,Crystal Palace,33.0,7.0,3.0,1.0,7.076651233588007,6.931600582096508,16.92235628699805,16.3547734196913
11352537,23/24,27.0,2024-03-02 15:00,finished,Everton,West Ham United,48.0,37.0,1.0,3.0,6.94479928959116,6.991088864778539,16.619358269365314,16.331103165297403
11352530,23/24,27.0,2024-03-02 15:00,finished,Brentford,Chelsea,50.0,38.0,2.0,2.0,6.90195848524609,7.0827389100994,16.030749244436716,17.53183173055674
11352553,23/24,27.0,2024-03-02 15:00,finished,Newcastle United,Wolverhampton,39.0,3.0,3.0,0.0,6.981544055637342,6.92158177900664,16.450469798624525,16.12721586681999
11352540,23/24,27.0,2024-03-02 15:00,finished,Fulham,Brighton & Hove Albion,43.0,30.0,3.0,0.0,6.9167631002958725,6.968092291330598,16.546183649933443,16.06521349842089
11352545,23/24,27.0,2024-03-02 17:30,finished,Luton Town,Aston Villa,72.0,40.0,2.0,3.0,6.8905416979489384,6.949645715020352,14.599045762303746,16.70839261564312
11352533,23/24,27.0,2024-03-03 13:00,finished,Burnley,Bournemouth,6.0,60.0,0.0,2.0,6.704363958507827,6.811036716028172,16.20247828694538,16.45790062337048
11352548,23/24,27.0,2024-03-03 15:30,finished,Manchester City,Manchester United,17.0,35.0,3.0,1.0,7.294392721361641,7.049737032392627,17.201731339698952,16.934747560131665
11352560,23/24,27.0,2024-03-04 20:00,finished,Sheffield United,Arsenal,15.0,42.0,0.0,6.0,6.7390989334929055,7.056872620457368,15.246170558539696,17.67066574898665
11352591,23/24,28.0,2024-03-09 12:30,finished,Manchester United,Everton,35.0,48.0,2.0,0.0,7.049295325526601,6.93844347454205,16.934747560131665,16.619358269365314
11352567,23/24,28.0,2024-03-09 15:00,finished,Bournemouth,Sheffield United,60.0,15.0,2.0,2.0,6.820293551367939,6.706935812022843,16.29409973199943,14.841088038463619
11352585,23/24,28.0,2024-03-09 15:00,finished,Crystal Palace,Luton Town,7.0,72.0,1.0,1.0,6.911390742080769,6.943264278121578,16.3547734196913,14.86628601747674
11352595,23/24,28.0,2024-03-09 15:00,finished,Wolverhampton,Fulham,3.0,43.0,2.0,1.0,6.915221472531703,6.9288242673760605,16.13208901533833,16.546183649933447
11352572,23/24,28.0,2024-03-09 17:30,finished,Arsenal,Brentford,42.0,50.0,2.0,1.0,7.056176458052385,6.88983466642953,17.50729879204766,16.163048083764608
11352575,23/24,28.0,2024-03-10 13:00,finished,Aston Villa,Tottenham Hotspur,40.0,33.0,0.0,4.0,6.982971193041767,7.091610612140596,16.74431295694434,17.323412741491268
11352579,23/24,28.0,2024-03-10 14:00,finished,Brighton & Hove Albion,Nottingham Forest,30.0,14.0,1.0,0.0,6.987100033437492,6.854999164527762,16.401266258424613,16.13332765941164
11352593,23/24,28.0,2024-03-10 14:00,finished,West Ham United,Burnley,37.0,6.0,2.0,2.0,6.993248777584051,6.733693359443302,16.0959104166287,16.20247828694538
11352588,23/24,28.0,2024-03-10 15:45,finished,Liverpool,Manchester City,44.0,17.0,1.0,1.0,7.139187957975334,7.258388224154486,17.222203058971495,17.138250559693464
11352581,23/24,28.0,2024-03-11 20:00,finished,Chelsea,Newcastle United,38.0,39.0,3.0,2.0,7.1059545817402805,6.946773233548611,17.450520943551695,16.665861340141973
11977248,23/24,17.0,2024-03-13 19:30,finished,Bournemouth,Luton Town,60.0,72.0,4.0,3.0,6.848247906023889,6.939856747234748,16.2442160114627,14.840133101799307
11352599,23/24,29.0,2024-03-16 15:00,finished,Burnley,Brentford,6.0,50.0,2.0,1.0,6.736616276678532,6.898753062955681,16.07844960927255,16.063695209768323
11352606,23/24,29.0,2024-03-16 15:00,finished,Luton Town,Nottingham Forest,72.0,14.0,1.0,1.0,6.906161374510657,6.839791190799996,14.73795763846727,16.032167744742075
11352604,23/24,29.0,2024-03-16 17:30,finished,Fulham,Tottenham Hotspur,43.0,33.0,3.0,0.0,6.994822548438395,7.090852001951034,16.377759266086624,17.21910342759695
11352609,23/24,29.0,2024-03-17 14:00,finished,West Ham United,Aston Villa,37.0,40.0,1.0,1.0,6.98758670482548,6.942439198408982,16.148559294597614,16.86973695139937
11352620,23/24,30.0,2024-03-30 12:30,finished,Newcastle United,West Ham United,39.0,37.0,4.0,3.0,6.92869626736944,7.00512587298982,16.448287875706384,16.025093523310957
11352622,23/24,30.0,2024-03-30 15:00,finished,Nottingham Forest,Crystal Palace,14.0,7.0,1.0,1.0,6.861912657249476,6.910137609057792,16.454724602507255,16.509281511457516
11352624,23/24,30.0,2024-03-30 15:00,finished,Tottenham Hotspur,Luton Town,33.0,72.0,2.0,1.0,7.063967178268684,6.923585228117083,16.982015541911014,14.431673748356816
11352616,23/24,30.0,2024-03-30 15:00,finished,Chelsea,Burnley,38.0,6.0,2.0,2.0,7.079483647034784,6.923360354557723,17.629375108716314,16.27969268294784
11352623,23/24,30.0,2024-03-30 15:00,finished,Sheffield United,Fulham,15.0,43.0,3.0,3.0,6.7540131761993685,7.011225723404555,15.103618105847948,16.377759266086624
11352612,23/24,30.0,2024-03-30 15:00,finished,Bournemouth,Everton,60.0,48.0,2.0,1.0,6.849227847567169,6.933278026777855,16.383733427682355,16.197400284805408
11352613,23/24,30.0,2024-03-30 17:30,finished,Aston Villa,Wolverhampton,40.0,3.0,2.0,0.0,6.933929909341995,6.929971080907657,16.889602824622816,15.955136353838798
11352614,23/24,30.0,2024-03-30 20:00,finished,Brentford,Manchester United,50.0,35.0,1.0,1.0,6.891558928940287,7.0363370114088175,16.311989167637222,17.117670698682893
11352617,23/24,30.0,2024-03-31 13:00,finished,Liverpool,Brighton & Hove Albion,44.0,30.0,2.0,1.0,7.171782796913232,6.996283765413338,17.216140206744342,16.199931367632978
11352619,23/24,30.0,2024-03-31 15:30,finished,Manchester City,Arsenal,17.0,42.0,0.0,0.0,7.305330496590486,7.087995935605315,17.297576115982675,17.607652368935746
11352333,23/24,31.0,2024-04-02 18:30,finished,Nottingham Forest,Fulham,14.0,43.0,3.0,1.0,6.873849636125181,6.990465791826523,16.81086681265408,16.745964559718395
11352343,23/24,31.0,2024-04-02 18:30,finished,Newcastle United,Everton,39.0,48.0,1.0,1.0,6.925570362829973,6.9540508951940545,16.46406792172929,16.026010745757223
11352319,23/24,31.0,2024-04-02 18:45,finished,Bournemouth,Crystal Palace,60.0,7.0,1.0,0.0,6.853946873053747,6.916527738070314,16.249196403169837,16.37921368203109
11352330,23/24,31.0,2024-04-02 18:45,finished,Burnley,Wolverhampton,6.0,3.0,1.0,1.0,7.026052132451727,6.85159013684139,16.067644045374667,15.821007938322772
11352336,23/24,31.0,2024-04-02 19:15,finished,West Ham United,Tottenham Hotspur,37.0,33.0,1.0,1.0,6.987887996864985,7.076841187605956,15.73246844832294,17.054120961353508
11352325,23/24,31.0,2024-04-03 18:30,finished,Brentford,Brighton & Hove Albion,50.0,30.0,0.0,0.0,6.904561400613752,7.006680705035229,16.311989167637222,16.5587432876743
11352322,23/24,31.0,2024-04-03 18:30,finished,Arsenal,Luton Town,42.0,72.0,2.0,0.0,7.019511593854926,6.8341841324660555,17.18693408956635,14.32863098120863
11352352,23/24,31.0,2024-04-03 19:15,finished,Manchester City,Aston Villa,17.0,40.0,4.0,1.0,7.318194885768117,6.828667718603654,17.460860022487342,16.43649786463028
11352347,23/24,31.0,2024-04-04 18:30,finished,Liverpool,Sheffield United,44.0,15.0,3.0,1.0,7.186010235782507,6.786424750533027,17.51149973202283,15.464878990838857
11352340,23/24,31.0,2024-04-04 19:15,finished,Chelsea,Manchester United,38.0,35.0,4.0,3.0,7.095431742055298,7.074676242624315,17.629375108716314,16.969754824689335
11352362,23/24,32.0,2024-04-06 11:30,finished,Crystal Palace,Manchester City,7.0,17.0,2.0,4.0,6.911798391707166,7.304240166795381,16.37921368203109,17.407737050741073
11352355,23/24,32.0,2024-04-06 14:00,finished,Aston Villa,Brentford,40.0,50.0,3.0,3.0,6.964740774633229,6.8874106310865235,16.889011681214853,16.3059320544392
11352368,23/24,32.0,2024-04-06 14:00,finished,Fulham,Newcastle United,43.0,39.0,0.0,1.0,7.049296615616762,6.9375954296182805,16.136466912446068,16.40881382830692
11352364,23/24,32.0,2024-04-06 14:00,finished,Everton,Burnley,48.0,6.0,1.0,0.0,6.900725759577015,6.957540754974276,15.85852280237714,16.0937969610521
11352371,23/24,32.0,2024-04-06 14:00,finished,Luton Town,Bournemouth,72.0,60.0,2.0,1.0,6.877188985721167,6.829639669181886,14.615620449285016,16.46233609284043
11352384,23/24,32.0,2024-04-06 14:00,finished,Wolverhampton,West Ham United,3.0,37.0,1.0,2.0,6.914756903379423,6.989922824210103,16.06358389639692,16.038478090309386
11352359,23/24,32.0,2024-04-06 16:30,finished,Brighton & Hove Albion,Arsenal,30.0,42.0,0.0,3.0,7.021666380104156,7.095368856799553,16.380263229181903,17.553891961094834
11352374,23/24,32.0,2024-04-07 14:30,finished,Manchester United,Liverpool,35.0,44.0,2.0,2.0,7.017793978882732,7.1869069400864865,16.84234498439886,17.204803526880617
11352378,23/24,32.0,2024-04-07 16:30,finished,Sheffield United,Chelsea,15.0,38.0,2.0,2.0,6.777153500626855,7.106844852002348,15.034791205378838,17.292069188546364
11352381,23/24,32.0,2024-04-07 17:00,finished,Tottenham Hotspur,Nottingham Forest,33.0,14.0,3.0,1.0,7.068861035059015,6.88057393646418,17.07299726724244,16.81086681265408
11352410,23/24,33.0,2024-04-13 11:30,finished,Newcastle United,Tottenham Hotspur,39.0,33.0,4.0,0.0,6.925487573545519,7.090569408672088,16.530062194764103,17.054120961353508
11352397,23/24,33.0,2024-04-13 14:00,finished,Burnley,Brighton & Hove Albion,6.0,30.0,1.0,1.0,6.862645435878904,7.020457747287927,16.128145431001744,16.391428659820956
11352413,23/24,33.0,2024-04-13 14:00,finished,Nottingham Forest,Wolverhampton,14.0,3.0,2.0,2.0,6.881998274170831,6.939941354494066,16.627693810786603,16.12057460503499
11352394,23/24,33.0,2024-04-13 14:00,finished,Brentford,Sheffield United,50.0,15.0,2.0,0.0,6.89476991242663,6.792898573329231,16.17504843883048,15.210687597457813
11352406,23/24,33.0,2024-04-13 14:00,finished,Manchester City,Luton Town,17.0,72.0,5.0,1.0,7.2231712269075725,6.8842859299152925,17.494734679518327,14.188949907430622
11352387,23/24,33.0,2024-04-13 16:30,finished,Bournemouth,Manchester United,60.0,35.0,2.0,2.0,6.826322991536615,7.025385024630655,16.3578093449967,16.84234498439886
11352403,23/24,33.0,2024-04-14 13:00,finished,Liverpool,Crystal Palace,44.0,7.0,0.0,1.0,7.145998827230068,6.952978150284156,17.152682247509766,16.8043053253446
11352416,23/24,33.0,2024-04-14 13:00,finished,West Ham United,Fulham,37.0,43.0,0.0,2.0,6.965428302782968,7.007542488224741,15.729542215581729,16.377759266086624
11352390,23/24,33.0,2024-04-14 15:30,finished,Arsenal,Aston Villa,42.0,40.0,0.0,2.0,7.101149535626234,6.9290831294179975,17.67735773238149,16.869706786315508
11352401,23/24,33.0,2024-04-15 19:00,finished,Chelsea,Everton,38.0,48.0,6.0,0.0,7.090088601376146,6.950650946882927,17.358107289311366,16.078113058221433
11352434,23/24,34.0,2024-04-20 14:00,finished,Luton Town,Brentford,72.0,50.0,1.0,5.0,6.9389456491244,6.925846277842687,14.887407095241958,16.63936298612201
11352441,23/24,34.0,2024-04-20 14:00,finished,Sheffield United,Burnley,15.0,6.0,1.0,4.0,6.775349006610969,6.883332958245105,15.485709461837263,16.140584633786023
11352448,23/24,34.0,2024-04-20 18:30,finished,Wolverhampton,Arsenal,3.0,42.0,0.0,2.0,6.863772359553667,7.0898171252236635,15.775910730799911,17.7311181402224
11352429,23/24,34.0,2024-04-21 12:30,finished,Everton,Nottingham Forest,48.0,14.0,2.0,0.0,6.899822788261889,6.936823922995362,15.874630089403825,16.718194247005126
11352425,23/24,34.0,2024-04-21 14:00,finished,Crystal Palace,West Ham United,7.0,37.0,5.0,2.0,6.953563638253831,6.988646327748611,16.9073975267736,15.26543814316218
11352420,23/24,34.0,2024-04-21 14:00,finished,Aston Villa,Bournemouth,40.0,60.0,3.0,1.0,6.986321904860674,6.807869329980533,16.97026785176232,16.411765466779528
11352432,23/24,34.0,2024-04-21 15:30,finished,Fulham,Liverpool,43.0,44.0,1.0,3.0,6.9555936398848015,7.077833902246274,16.475072121695842,17.28669193093451
12190322,23/24,29.0,2024-04-23 19:00,finished,Arsenal,Chelsea,42.0,38.0,5.0,0.0,7.0626796564426435,7.0050957553406725,17.526492347620838,17.371520541899518
12190332,23/24,29.0,2024-04-24 18:45,finished,Wolverhampton,Bournemouth,3.0,60.0,0.0,1.0,6.897470833690866,6.776811076219196,16.228469203301177,16.621901095701844
12190340,23/24,29.0,2024-04-24 19:00,finished,Crystal Palace,Newcastle United,7.0,39.0,2.0,0.0,6.907905270518819,6.942684649759272,16.52681026757997,16.530062194764103
12190336,23/24,29.0,2024-04-24 19:00,finished,Manchester United,Sheffield United,35.0,15.0,4.0,2.0,7.108059173843419,6.772623900515307,16.77979723107728,15.202983849416439
12190339,23/24,29.0,2024-04-24 19:00,finished,Everton,Liverpool,48.0,44.0,2.0,0.0,6.943076821377584,7.16850088057196,16.262307672756574,17.47976476350142
12190341,23/24,29.0,2024-04-25 19:00,finished,Brighton & Hove Albion,Manchester City,30.0,17.0,0.0,4.0,6.973051331616247,7.249359085247877,16.026133974101917,17.016193428982955
11352476,23/24,35.0,2024-04-27 11:30,finished,West Ham United,Liverpool,37.0,44.0,2.0,2.0,6.983053742105517,7.090359281329608,15.725332451881648,17.365695371573022
11352479,23/24,35.0,2024-04-27 14:00,finished,Wolverhampton,Luton Town,3.0,72.0,2.0,1.0,6.904774068538493,6.872975324936949,16.291722279174415,14.775710261331609
11352467,23/24,35.0,2024-04-27 14:00,finished,Newcastle United,Sheffield United,39.0,15.0,5.0,1.0,6.970490427895007,6.772616791705027,16.806371952678344,15.202983849416439
11352463,23/24,35.0,2024-04-27 14:00,finished,Manchester United,Burnley,35.0,6.0,1.0,1.0,7.1126204295752125,6.919617005998364,16.77979723107728,16.22301384113675
11352460,23/24,35.0,2024-04-27 14:00,finished,Fulham,Crystal Palace,43.0,7.0,1.0,1.0,6.943180451551544,6.938120278128474,16.295614807295802,16.580829106916795
11352457,23/24,35.0,2024-04-27 16:30,finished,Everton,Brentford,48.0,50.0,1.0,0.0,6.965591931271773,7.012554213557336,15.80416776000397,16.534140005331917
11352454,23/24,35.0,2024-04-27 19:00,finished,Aston Villa,Chelsea,40.0,38.0,2.0,2.0,6.996031278451763,7.084563040638093,16.960689623066152,17.292011950017223
11352451,23/24,35.0,2024-04-28 13:00,finished,Bournemouth,Brighton & Hove Albion,60.0,30.0,3.0,0.0,6.799048963026913,6.933715082915577,16.517803128096066,16.05945988147743
11352472,23/24,35.0,2024-04-28 13:00,finished,Tottenham Hotspur,Arsenal,33.0,42.0,2.0,3.0,7.111667546569689,7.070609436553348,16.890627337136245,17.526492347620838
11352470,23/24,35.0,2024-04-28 15:30,finished,Nottingham Forest,Manchester City,14.0,17.0,0.0,2.0,6.87301282482379,7.308096518347455,16.633845454016832,17.047789711758476
12226774,23/24,26.0,2024-05-02 18:30,finished,Chelsea,Tottenham Hotspur,38.0,33.0,2.0,0.0,6.993220062847238,7.046138235377433,17.4773240880129,17.169399823021607
11352503,23/24,36.0,2024-05-03 19:00,finished,Luton Town,Everton,72.0,48.0,1.0,1.0,6.884086406931686,6.957201717297862,14.896857479913233,15.891482482748271
11352482,23/24,36.0,2024-05-04 11:30,finished,Arsenal,Bournemouth,42.0,60.0,3.0,0.0,7.067325082950927,6.804392619122433,17.526492347620838,16.610078084042918
11352510,23/24,36.0,2024-05-04 14:00,finished,Sheffield United,Nottingham Forest,15.0,14.0,1.0,3.0,6.775582154668703,6.8817559321556185,15.037795006033498,16.459685823881014
11352485,23/24,36.0,2024-05-04 14:00,finished,Brentford,Fulham,50.0,43.0,0.0,0.0,6.959755105599748,6.992995807157706,16.56955655641693,16.31299758040591
11352491,23/24,36.0,2024-05-04 14:00,finished,Burnley,Newcastle United,6.0,39.0,1.0,4.0,6.963901512274718,6.950613818511363,16.272883473113918,16.478269087740813
11352507,23/24,36.0,2024-05-04 16:30,finished,Manchester City,Wolverhampton,17.0,3.0,5.0,1.0,7.254529187883978,6.870994167456406,17.08981016391802,16.47118419063096
11352494,23/24,36.0,2024-05-05 13:00,finished,Chelsea,West Ham United,38.0,37.0,5.0,0.0,7.108267929231585,6.983763055297957,17.292011950017223,15.725332451881648
11352488,23/24,36.0,2024-05-05 13:00,finished,Brighton & Hove Albion,Aston Villa,30.0,40.0,1.0,0.0,6.978012977938987,6.955732713648317,16.18743000070128,16.59889358511504
11352500,23/24,36.0,2024-05-05 15:30,finished,Liverpool,Tottenham Hotspur,44.0,33.0,4.0,2.0,7.137892888078147,7.060095055066402,17.254997948965375,17.165968884114076
12226495,23/24,36.0,2024-05-06 19:00,finished,Crystal Palace,Manchester United,7.0,35.0,4.0,0.0,6.977413345271992,7.077927718638019,16.9073975267736,16.814839315976016
11352529,23/24,37.0,2024-05-11 11:30,finished,Fulham,Manchester City,43.0,17.0,0.0,4.0,6.995354522841725,7.272242431094125,16.123149354124358,17.393580904550795
11352536,23/24,37.0,2024-05-11 14:00,finished,Newcastle United,Brighton & Hove Albion,39.0,30.0,1.0,1.0,6.9575905322282665,6.983026137691968,16.68929429010501,16.082413397050686
11352519,23/24,37.0,2024-05-11 14:00,finished,Bournemouth,Brentford,60.0,50.0,1.0,2.0,6.795684488352601,6.962982996425569,16.571785950854164,16.56955655641693
11352542,23/24,37.0,2024-05-11 14:00,finished,Tottenham Hotspur,Burnley,33.0,6.0,2.0,1.0,7.06243819926278,6.933182140263065,17.1669887826236,16.140584633786023
11352527,23/24,37.0,2024-05-11 14:00,finished,Everton,Sheffield United,48.0,15.0,1.0,0.0,6.974781368625196,6.79620399049825,15.755561518131318,15.148684896659313
11352513,23/24,37.0,2024-05-11 14:00,finished,West Ham United,Luton Town,37.0,72.0,3.0,1.0,7.0033401249290685,6.883577709438777,15.601866680594993,14.896857479913233
11352516,23/24,37.0,2024-05-11 14:00,finished,Wolverhampton,Crystal Palace,3.0,7.0,1.0,3.0,6.891548256549954,6.994068649377843,16.14054713395759,16.9073975267736
11352539,23/24,37.0,2024-05-11 16:30,finished,Nottingham Forest,Chelsea,14.0,38.0,2.0,3.0,6.875019374462442,7.139607795342988,16.35148768913614,17.292011950017223
11352532,23/24,37.0,2024-05-12 15:30,finished,Manchester United,Arsenal,35.0,42.0,0.0,1.0,7.00214839451362,7.0749266514524445,17.050104474128325,17.526492347620838
11352523,23/24,37.0,2024-05-13 19:00,finished,Aston Villa,Liverpool,40.0,44.0,3.0,3.0,6.991771385521583,7.136732017801728,16.815966659603145,17.2663346288291
12240634,23/24,34.0,2024-05-14 19:00,finished,Tottenham Hotspur,Manchester City,33.0,17.0,0.0,2.0,7.058238873881437,7.275417806225121,17.232371789998577,17.215001618103575
12240570,23/24,34.0,2024-05-15 18:45,finished,Brighton & Hove Albion,Chelsea,30.0,38.0,1.0,2.0,7.005038742781907,7.122075809406394,16.418015482510658,17.6704971712635
12240571,23/24,34.0,2024-05-15 19:00,finished,Manchester United,Newcastle United,35.0,39.0,3.0,2.0,7.06731971665163,7.017241611711597,17.022014235581686,16.43196224254187
11352568,23/24,38.0,2024-05-19 15:00,finished,Luton Town,Fulham,72.0,43.0,2.0,4.0,6.885461735160763,6.943972471073596,14.919979811929977,15.97918176559691
11352549,23/24,38.0,2024-05-19 15:00,finished,Brentford,Newcastle United,50.0,39.0,2.0,4.0,6.989206393288299,6.956653595597408,16.016689821944897,16.618653649616547
11352552,23/24,38.0,2024-05-19 15:00,finished,Brighton & Hove Albion,Manchester United,30.0,35.0,0.0,2.0,6.883519891971286,7.114091202502156,16.206164549925536,17.05877916603867
11352562,23/24,38.0,2024-05-19 15:00,finished,Crystal Palace,Aston Villa,7.0,40.0,5.0,0.0,7.005106078907944,6.935260941932042,17.11162440189569,16.14927243934739
11352546,23/24,38.0,2024-05-19 15:00,finished,Arsenal,Everton,42.0,48.0,2.0,1.0,7.065336105280111,6.979172121067513,17.41967550512514,15.755561518131318
11352574,23/24,38.0,2024-05-19 15:00,finished,Sheffield United,Tottenham Hotspur,15.0,33.0,0.0,3.0,6.785666314344962,7.063480932710342,15.023218401481211,17.32264674691726
11352558,23/24,38.0,2024-05-19 15:00,finished,Chelsea,Bournemouth,38.0,60.0,2.0,1.0,7.140326427305163,6.914673710337303,17.044571629723173,16.49682781433296
11352555,23/24,38.0,2024-05-19 15:00,finished,Burnley,Nottingham Forest,6.0,14.0,1.0,2.0,6.9595645380301185,6.88481610116124,16.150475802863188,16.263369073939796
11352565,23/24,38.0,2024-05-19 15:00,finished,Liverpool,Wolverhampton,44.0,3.0,2.0,0.0,7.15599533696198,6.879360145655443,17.254997948965375,16.574724220999602
11352571,23/24,38.0,2024-05-19 15:00,finished,Manchester City,West Ham United,17.0,37.0,3.0,1.0,7.386186229509246,6.980657771424967,17.248105548880506,15.63779082333856
12436870,2024-2025,1.0,2024-08-16 19:00,finished,Manchester United,Fulham,35.0,43.0,1.0,0.0,7.126840100728392,6.969039708583719,17.008668383902457,16.573058867958242
12436871,2024-2025,1.0,2024-08-17 11:30,finished,Ipswich Town,Liverpool,32.0,44.0,0.0,2.0,6.914140286586416,7.182871465449195,15.18193364634813,17.566597805263807
12436874,2024-2025,1.0,2024-08-17 14:00,finished,Newcastle United,Southampton,39.0,45.0,1.0,0.0,6.998479723146567,6.798970538691392,16.960957680565603,15.53347044130971
12436872,2024-2025,1.0,2024-08-17 14:00,finished,Arsenal,Wolverhampton,42.0,3.0,2.0,0.0,7.098103013665265,6.90770846202091,17.606197792449702,16.36507859037478
12436875,2024-2025,1.0,2024-08-17 14:00,finished,Nottingham Forest,Bournemouth,14.0,60.0,1.0,1.0,6.890331414490043,6.862964262557313,16.675161152854546,16.594685517729296
12436873,2024-2025,1.0,2024-08-17 14:00,finished,Everton,Brighton & Hove Albion,48.0,30.0,0.0,3.0,6.926624108074526,6.995262279528725,15.739701303480901,16.01235496141444
12436877,2024-2025,1.0,2024-08-17 16:30,finished,West Ham United,Aston Villa,37.0,40.0,1.0,2.0,6.972150876748011,6.982242880431747,16.181826046356843,16.991757740677247
12436879,2024-2025,1.0,2024-08-18 13:00,finished,Brentford,Crystal Palace,50.0,7.0,2.0,1.0,6.951920511061826,6.996677901433376,16.6031890299089,17.12615610198132
12436880,2024-2025,1.0,2024-08-18 15:30,finished,Chelsea,Manchester City,38.0,17.0,0.0,2.0,7.030641893392628,7.264955312485117,17.66688736259762,17.39928142704306
12436881,2024-2025,1.0,2024-08-19 19:00,finished,Leicester City,Tottenham Hotspur,31.0,33.0,1.0,1.0,6.877131781195192,7.06782113074368,15.749559425988974,17.367669511642763
12436888,2024-2025,2.0,2024-08-24 11:30,finished,Brighton & Hove Albion,Manchester United,30.0,35.0,2.0,1.0,7.025261543169387,7.174912053496101,15.99015523773153,17.008668383902457
12436894,2024-2025,2.0,2024-08-24 14:00,finished,Fulham,Leicester City,43.0,31.0,2.0,1.0,6.967020283524563,7.024343967311655,16.573058867958242,15.749559425988974
12436900,2024-2025,2.0,2024-08-24 14:00,finished,Southampton,Nottingham Forest,45.0,14.0,0.0,1.0,6.821829939048832,6.898906715337444,15.53347044130971,17.078850842894465
12436902,2024-2025,2.0,2024-08-24 14:00,finished,Tottenham Hotspur,Everton,33.0,48.0,4.0,0.0,7.073755679469158,6.931131809191285,17.29339076995758,15.676687923429997
12436892,2024-2025,2.0,2024-08-24 14:00,finished,Crystal Palace,West Ham United,7.0,37.0,0.0,2.0,6.977152464498599,6.957183044192998,17.03525539677621,16.181826046356843
12436898,2024-2025,2.0,2024-08-24 14:00,finished,Manchester City,Ipswich Town,17.0,32.0,4.0,1.0,7.296709889030708,6.946326129786218,17.39928142704306,15.512531577575068
12436886,2024-2025,2.0,2024-08-24 16:30,finished,Aston Villa,Arsenal,40.0,42.0,0.0,2.0,6.988788320179605,7.064355427627777,16.991757740677247,17.74707228492454
12436904,2024-2025,2.0,2024-08-25 13:00,finished,Wolverhampton,Chelsea,3.0,38.0,2.0,6.0,6.852958240059843,7.103493670555741,16.511391127868787,17.798772036785888
12436884,2024-2025,2.0,2024-08-25 13:00,finished,Bournemouth,Newcastle United,60.0,39.0,1.0,1.0,6.896468092035169,6.9353375969890125,16.730239920966298,16.811455023088747
12436896,2024-2025,2.0,2024-08-25 15:30,finished,Liverpool,Brentford,44.0,50.0,2.0,0.0,7.179917657890768,6.946809495027538,17.58387449643543,16.55418934802411
12436906,2024-2025,3.0,2024-08-31 11:30,finished,Arsenal,Brighton & Hove Albion,42.0,30.0,1.0,1.0,7.074019239526965,7.035805860819025,17.684058904873634,16.440934004864722
12436915,2024-2025,3.0,2024-08-31 14:00,finished,Ipswich Town,Fulham,32.0,43.0,1.0,1.0,6.7817992761843024,6.9722339969187095,15.751818678225522,16.573058867958242
12436908,2024-2025,3.0,2024-08-31 14:00,finished,Brentford,Southampton,50.0,45.0,3.0,1.0,6.966577245103713,6.827163150034749,16.740552469874434,15.864594026625987
12436912,2024-2025,3.0,2024-08-31 14:00,finished,Everton,Bournemouth,48.0,60.0,2.0,3.0,6.908822760207366,6.827156822984577,15.89637241000666,16.903528086457733
12436926,2024-2025,3.0,2024-08-31 14:00,finished,Nottingham Forest,Wolverhampton,14.0,3.0,1.0,1.0,6.9249002677263345,6.818552884463116,17.078850842894465,16.455549401938494
12436918,2024-2025,3.0,2024-08-31 14:00,finished,Leicester City,Aston Villa,31.0,40.0,1.0,2.0,7.014530532374757,6.988837592803578,15.871868501891596,16.94315075526014
12436927,2024-2025,3.0,2024-08-31 16:30,finished,West Ham United,Manchester City,37.0,17.0,1.0,3.0,6.977509698879137,7.296926777152968,16.425692258384757,17.34545860307137
12436923,2024-2025,3.0,2024-09-01 12:30,finished,Newcastle United,Tottenham Hotspur,39.0,33.0,2.0,1.0,6.9325867772712,7.067607938541726,16.896062247572953,17.17345870543356
12436910,2024-2025,3.0,2024-09-01 12:30,finished,Chelsea,Crystal Palace,38.0,7.0,1.0,1.0,7.130037425335263,6.94437912643385,17.77786145218571,16.760354791852567
12436920,2024-2025,3.0,2024-09-01 15:00,finished,Manchester United,Liverpool,35.0,44.0,0.0,3.0,7.097225053928378,7.186380555155034,17.109038920722753,17.58387449643543
12436949,2024-2025,4.0,2024-09-14 11:30,finished,Southampton,Manchester United,45.0,35.0,0.0,3.0,6.897261292540861,6.89325373129796,16.21333261958059,17.039128654237786
12436938,2024-2025,4.0,2024-09-14 14:00,finished,Crystal Palace,Leicester City,7.0,31.0,2.0,2.0,6.974610506759759,6.948382603846204,16.926051030216055,15.788569344448492
12436944,2024-2025,4.0,2024-09-14 14:00,finished,Liverpool,Nottingham Forest,44.0,14.0,0.0,1.0,7.190247842401715,6.928208287159149,17.58387449643543,16.567887101302343
12436941,2024-2025,4.0,2024-09-14 14:00,finished,Fulham,West Ham United,43.0,37.0,1.0,1.0,6.950347357063572,6.966068591112579,16.488077077237417,16.32273645471714
12436936,2024-2025,4.0,2024-09-14 14:00,finished,Brighton & Hove Albion,Ipswich Town,30.0,32.0,0.0,0.0,6.889540709900212,6.817715617715618,16.704247714316775,15.824039903113487
12436946,2024-2025,4.0,2024-09-14 14:00,finished,Manchester City,Brentford,17.0,50.0,2.0,1.0,7.271041476585484,6.963739321119984,16.707497952837866,16.768058895778573
12436933,2024-2025,4.0,2024-09-14 16:30,finished,Aston Villa,Everton,40.0,48.0,3.0,2.0,6.920738994397173,6.944869648951763,17.01189669312624,15.923913277695982
12436931,2024-2025,4.0,2024-09-14 19:00,finished,Bournemouth,Chelsea,60.0,38.0,0.0,1.0,6.803315312721443,7.082132892042336,16.57059979490939,17.589557422054146
12436951,2024-2025,4.0,2024-09-15 13:00,finished,Tottenham Hotspur,Arsenal,33.0,42.0,0.0,1.0,7.088719568417407,7.04062824465664,17.396619850835357,17.34598171180044
12436954,2024-2025,4.0,2024-09-15 15:30,finished,Wolverhampton,Newcastle United,3.0,39.0,1.0,2.0,6.85145267812294,6.997942475643153,16.465476610298946,16.960957680565603
12436980,2024-2025,5.0,2024-09-21 11:30,finished,West Ham United,Chelsea,37.0,38.0,0.0,3.0,6.946533377944061,7.094040535821538,16.743841117882525,17.629300866257545
12436969,2024-2025,5.0,2024-09-21 14:00,finished,Liverpool,Bournemouth,44.0,60.0,3.0,0.0,7.188214862929865,6.821936112761083,17.57108655739089,17.026080190848617
12436977,2024-2025,5.0,2024-09-21 14:00,finished,Tottenham Hotspur,Brentford,33.0,50.0,3.0,1.0,7.087378590354425,6.906689004773429,17.396619850835357,16.76526147226341
12436964,2024-2025,5.0,2024-09-21 14:00,finished,Fulham,Newcastle United,43.0,39.0,3.0,1.0,6.953782596287495,7.004194227575568,16.488077077237417,16.752579981814332
12436967,2024-2025,5.0,2024-09-21 14:00,finished,Leicester City,Everton,31.0,48.0,1.0,1.0,6.9755907759296205,6.936308824354936,15.923503414401228,16.046995184097174
12436973,2024-2025,5.0,2024-09-21 14:00,finished,Southampton,Ipswich Town,45.0,32.0,1.0,1.0,6.879514272482061,6.825418800836817,16.132740388154772,15.851801871254503
12436957,2024-2025,5.0,2024-09-21 14:00,finished,Aston Villa,Wolverhampton,40.0,3.0,3.0,1.0,6.961939024165975,6.881713952563036,16.98882573669205,16.465476610298946
12436962,2024-2025,5.0,2024-09-21 16:30,finished,Crystal Palace,Manchester United,7.0,35.0,0.0,0.0,6.99386838737081,7.081404008351964,17.25810461682594,17.048227150470236
12436959,2024-2025,5.0,2024-09-22 13:00,finished,Brighton & Hove Albion,Nottingham Forest,30.0,14.0,2.0,2.0,6.9955124107494235,6.955794036309385,16.593881055102976,16.778518512637557
12436971,2024-2025,5.0,2024-09-22 15:30,finished,Manchester City,Arsenal,17.0,42.0,2.0,2.0,7.305973330246579,7.047692355182836,17.15979185617326,17.677416523339584
12436999,2024-2025,6.0,2024-09-28 11:30,finished,Newcastle United,Manchester City,39.0,17.0,1.0,1.0,7.018574198155441,7.193694468547363,16.714922325426297,16.908335603549574
12436992,2024-2025,6.0,2024-09-28 14:00,finished,Everton,Crystal Palace,48.0,7.0,2.0,1.0,6.929843563933173,7.003294423644306,16.27268320672045,17.15501241539694
12436987,2024-2025,6.0,2024-09-28 14:00,finished,Brentford,West Ham United,50.0,37.0,1.0,1.0,6.910039619972627,6.980107417413021,16.80212193663688,16.41061892906152
12437001,2024-2025,6.0,2024-09-28 14:00,finished,Nottingham Forest,Fulham,14.0,43.0,0.0,1.0,6.925338016106258,6.955351209788298,16.41393064406192,16.488077077237417
12436989,2024-2025,6.0,2024-09-28 14:00,finished,Chelsea,Brighton & Hove Albion,38.0,30.0,4.0,2.0,7.112982123102305,6.980628750997272,17.678300548142335,16.667029435812594
12436985,2024-2025,6.0,2024-09-28 14:00,finished,Arsenal,Leicester City,42.0,31.0,4.0,2.0,7.0945598288456715,7.019008660965628,17.677416523339584,15.98451728878323
12437002,2024-2025,6.0,2024-09-28 16:30,finished,Wolverhampton,Liverpool,3.0,44.0,1.0,2.0,6.871779125748151,7.197932243719517,16.748927209868388,17.58387449643543
12436993,2024-2025,6.0,2024-09-29 13:00,finished,Ipswich Town,Aston Villa,32.0,40.0,2.0,2.0,6.96202255144675,6.949219884566725,16.014856824727378,17.00274982510137
12436995,2024-2025,6.0,2024-09-29 15:30,finished,Manchester United,Tottenham Hotspur,35.0,33.0,0.0,3.0,7.061141475162414,7.056071065854696,17.23444087361658,17.224479654150084
12436982,2024-2025,6.0,2024-09-30 19:00,finished,Bournemouth,Southampton,60.0,45.0,3.0,1.0,6.8459030352128,6.956543206478458,16.64478258285928,16.13140904840964
12437015,2024-2025,7.0,2024-10-05 11:30,finished,Crystal Palace,Liverpool,7.0,44.0,0.0,1.0,7.015044284458117,7.157956420239859,17.24157085555815,17.483003653850076
12437004,2024-2025,7.0,2024-10-05 14:00,finished,Arsenal,Southampton,42.0,45.0,3.0,1.0,7.159507169802068,6.928372465099412,17.243497051707973,16.17323046267234
12437024,2024-2025,7.0,2024-10-05 14:00,finished,West Ham United,Ipswich Town,37.0,32.0,4.0,1.0,7.016454390308349,6.955613830613831,16.41061892906152,15.949876436966958
12437020,2024-2025,7.0,2024-10-05 14:00,finished,Leicester City,Bournemouth,31.0,60.0,1.0,0.0,6.990673165721356,6.857534194815907,15.875544948126405,16.631188788861916
12437008,2024-2025,7.0,2024-10-05 14:00,finished,Brentford,Wolverhampton,50.0,3.0,5.0,3.0,6.942368914423151,6.899057938295029,16.775969020959447,16.534378648126463
12437022,2024-2025,7.0,2024-10-05 14:00,finished,Manchester City,Fulham,17.0,43.0,3.0,2.0,7.2406932476938435,6.950524522832697,17.22631962330878,16.511928374007187
12437018,2024-2025,7.0,2024-10-05 16:30,finished,Everton,Newcastle United,48.0,39.0,0.0,0.0,6.956418941436468,7.018337431161032,16.066651830321685,16.714922325426297
12437006,2024-2025,7.0,2024-10-06 13:00,finished,Aston Villa,Manchester United,40.0,35.0,0.0,0.0,6.981755439525402,7.077113167535828,16.811726487000193,16.91161339294535
12437013,2024-2025,7.0,2024-10-06 13:00,finished,Chelsea,Nottingham Forest,38.0,14.0,1.0,1.0,7.109243696811919,6.951794709728779,17.678300548142335,16.63860422939462
12437011,2024-2025,7.0,2024-10-06 15:30,finished,Brighton & Hove Albion,Tottenham Hotspur,30.0,33.0,3.0,2.0,6.900310407518179,7.06251493510052,16.560770182717693,17.224479654150084
12437038,2024-2025,8.0,2024-10-19 11:30,finished,Tottenham Hotspur,West Ham United,33.0,37.0,4.0,1.0,7.08388829434451,7.00878911544388,17.339035492120964,16.41061892906152
12437037,2024-2025,8.0,2024-10-19 14:00,finished,Southampton,Leicester City,45.0,31.0,2.0,3.0,6.841130112933089,6.97655517660001,16.261281317610738,16.126394356807292
12437034,2024-2025,8.0,2024-10-19 14:00,finished,Manchester United,Brentford,35.0,50.0,2.0,1.0,7.117922340225667,6.944495577095636,16.932425756263985,16.775969020959447
12437035,2024-2025,8.0,2024-10-19 14:00,finished,Newcastle United,Brighton & Hove Albion,39.0,30.0,0.0,1.0,7.005258426450823,6.895118082172601,17.08724832790904,16.591833681785797
12437028,2024-2025,8.0,2024-10-19 14:00,finished,Fulham,Aston Villa,43.0,40.0,1.0,3.0,6.967505353142707,6.949559359550634,16.56383106017407,16.945910191015574
12437030,2024-2025,8.0,2024-10-19 14:15,finished,Ipswich Town,Everton,32.0,48.0,0.0,2.0,6.906878369721466,6.972826979535606,15.642123534570935,15.854837045417925
12437026,2024-2025,8.0,2024-10-19 16:30,finished,Bournemouth,Arsenal,60.0,42.0,2.0,0.0,6.820883377773618,7.106334693808001,17.025631882026946,17.25538525454281
12437039,2024-2025,8.0,2024-10-20 13:00,finished,Wolverhampton,Manchester City,3.0,17.0,1.0,2.0,6.880197672754047,7.273730942325386,16.47736425423149,17.240055543298148
12437032,2024-2025,8.0,2024-10-20 15:30,finished,Liverpool,Chelsea,44.0,38.0,2.0,1.0,7.1772365365321455,7.113332234282404,17.49624762002795,17.553006008653117
12437036,2024-2025,8.0,2024-10-21 19:00,finished,Nottingham Forest,Crystal Palace,14.0,7.0,1.0,0.0,6.920478147784272,6.998201134705227,16.70637833540164,16.930916517102823
12437048,2024-2025,9.0,2024-10-25 19:00,finished,Leicester City,Nottingham Forest,31.0,14.0,1.0,3.0,7.056211836040973,6.942445271052219,15.94597691528561,16.70637833540164
12437044,2024-2025,9.0,2024-10-26 14:00,finished,Brighton & Hove Albion,Wolverhampton,30.0,3.0,2.0,2.0,6.957035216397892,6.882117991438151,16.753258404307044,16.35681193594723
12437043,2024-2025,9.0,2024-10-26 14:00,finished,Brentford,Ipswich Town,50.0,32.0,4.0,3.0,6.963336790161424,6.9845851460418,16.677658122038746,15.738686057329915
12437049,2024-2025,9.0,2024-10-26 14:00,finished,Manchester City,Southampton,17.0,45.0,1.0,0.0,7.225885531741235,6.84512884513984,17.497378490006255,16.201951853749346
12437041,2024-2025,9.0,2024-10-26 14:00,finished,Aston Villa,Bournemouth,40.0,60.0,1.0,1.0,6.987234839409533,6.848837364145868,17.060503678543345,16.759823775551265
12437047,2024-2025,9.0,2024-10-26 16:30,finished,Everton,Fulham,48.0,43.0,1.0,1.0,6.983363875861749,6.955444585880125,15.854837045417925,16.479653547193532
12437045,2024-2025,9.0,2024-10-27 14:00,finished,Chelsea,Newcastle United,38.0,39.0,2.0,1.0,7.118890737792134,6.990709816687738,17.681909948356772,16.99332724699465
12437050,2024-2025,9.0,2024-10-27 14:00,finished,West Ham United,Manchester United,37.0,35.0,2.0,1.0,6.924500345645873,7.124154241736932,15.945231154766757,16.925844596211594
12437046,2024-2025,9.0,2024-10-27 14:00,finished,Crystal Palace,Tottenham Hotspur,7.0,33.0,1.0,0.0,6.992165668853459,7.070537461876455,17.31740956272359,17.32814447395618
12437040,2024-2025,9.0,2024-10-27 16:30,finished,Arsenal,Liverpool,42.0,44.0,2.0,2.0,7.073050710638939,7.1664245980861585,17.53153947932945,17.506884806288408
12437056,2024-2025,10.0,2024-11-02 12:30,finished,Newcastle United,Arsenal,39.0,42.0,1.0,0.0,6.992512560020232,7.067708669552214,16.977751689947358,17.635795333009995
12437054,2024-2025,10.0,2024-11-02 15:00,finished,Liverpool,Brighton & Hove Albion,44.0,30.0,2.0,1.0,7.188475090674673,6.963618470475268,17.534417465908014,16.66090198859586
12437057,2024-2025,10.0,2024-11-02 15:00,finished,Nottingham Forest,West Ham United,14.0,37.0,3.0,0.0,6.941629310115428,6.904299816340555,16.71893745708172,16.371627975862335
12437051,2024-2025,10.0,2024-11-02 15:00,finished,Bournemouth,Manchester City,60.0,17.0,2.0,1.0,6.858719223227291,7.188290796374102,16.57059979490939,16.891364134629587
12437053,2024-2025,10.0,2024-11-02 15:00,finished,Ipswich Town,Leicester City,32.0,31.0,1.0,1.0,6.930649920255183,6.979157023527105,15.781110573277731,15.78930613566377
12437058,2024-2025,10.0,2024-11-02 15:00,finished,Southampton,Everton,45.0,48.0,1.0,0.0,6.814010782564483,6.971011754305201,16.096969641299477,15.880989961095361
12437060,2024-2025,10.0,2024-11-02 17:30,finished,Wolverhampton,Crystal Palace,3.0,7.0,2.0,2.0,6.896509985090362,6.964170939891338,16.320774183893754,17.01259899131969
12437059,2024-2025,10.0,2024-11-03 14:00,finished,Tottenham Hotspur,Aston Villa,33.0,40.0,4.0,1.0,7.041018050525927,6.985143384922407,17.301259634469513,17.060503678543345
12437055,2024-2025,10.0,2024-11-03 16:30,finished,Manchester United,Chelsea,35.0,38.0,1.0,1.0,7.05930277616044,7.123052847418912,17.135170513756506,17.681909948356772
12437052,2024-2025,10.0,2024-11-04 20:00,finished,Fulham,Brentford,43.0,50.0,2.0,1.0,6.923037024819837,6.9693573744732955,16.626844440224975,16.677658122038746
12436486,2024-2025,11.0,2024-11-09 15:00,finished,West Ham United,Everton,37.0,48.0,0.0,0.0,6.897803359151164,6.962456496712279,16.0346946966304,15.973723593492617
12436483,2024-2025,11.0,2024-11-09 15:00,finished,Crystal Palace,Fulham,7.0,43.0,0.0,2.0,6.942134831305958,6.934737459557406,16.71872571698513,16.626844440224975
12436485,2024-2025,11.0,2024-11-09 15:00,finished,Wolverhampton,Southampton,3.0,45.0,2.0,0.0,6.902172334896559,6.83252449882425,16.29018579874637,15.977506947108708
12436876,2024-2025,11.0,2024-11-09 15:00,finished,Brentford,Bournemouth,50.0,60.0,3.0,2.0,7.002691943132432,6.8728166399455,16.738515454215346,16.663613783765438
12436882,2024-2025,11.0,2024-11-09 17:30,finished,Brighton & Hove Albion,Manchester City,30.0,17.0,2.0,1.0,7.010812686031488,7.2251256906854335,16.639829114590647,16.861887784528456
12436484,2024-2025,11.0,2024-11-09 20:00,finished,Liverpool,Aston Villa,44.0,40.0,2.0,0.0,7.156127986343479,6.946006869264312,17.506884806288408,17.00274982510137
12436492,2024-2025,11.0,2024-11-10 14:00,finished,Tottenham Hotspur,Ipswich Town,33.0,32.0,1.0,2.0,7.043506134768314,6.909766685998743,17.301259634469513,15.789380734932799
12436494,2024-2025,11.0,2024-11-10 14:00,finished,Manchester United,Leicester City,35.0,31.0,3.0,0.0,7.04313064230154,6.945567778240968,17.149184211922623,16.002909058275176
12436487,2024-2025,11.0,2024-11-10 14:00,finished,Nottingham Forest,Newcastle United,14.0,39.0,1.0,3.0,6.949387550644903,6.99838967219531,16.71893745708172,16.977751689947358
12436890,2024-2025,11.0,2024-11-10 16:30,finished,Chelsea,Arsenal,38.0,42.0,1.0,1.0,7.095463680948976,7.082570368370543,17.680178294268526,17.74707228492454
12436495,2024-2025,12.0,2024-11-23 12:30,finished,Leicester City,Chelsea,31.0,38.0,1.0,2.0,6.9536959844866715,7.0896674208867445,16.123377594283195,17.631548914691702
12436490,2024-2025,12.0,2024-11-23 15:00,finished,Fulham,Wolverhampton,43.0,3.0,1.0,4.0,6.933452968700482,6.861558476918092,16.55109045728832,16.781902404597027
12436491,2024-2025,12.0,2024-11-23 15:00,finished,Bournemouth,Brighton & Hove Albion,60.0,30.0,1.0,2.0,6.888163159238759,7.001269839482216,16.72082248454484,16.81935374360119
12436493,2024-2025,12.0,2024-11-23 15:00,finished,Aston Villa,Crystal Palace,40.0,7.0,2.0,2.0,6.8536554351070285,6.948686854807007,16.723770038665677,16.965915589916804
12436488,2024-2025,12.0,2024-11-23 15:00,finished,Everton,Brentford,48.0,50.0,0.0,0.0,7.004308248437175,6.998924406106412,16.064299360724224,16.738515454215346
12436489,2024-2025,12.0,2024-11-23 15:00,finished,Arsenal,Nottingham Forest,42.0,14.0,3.0,0.0,7.130669795046578,6.95613223784632,17.546403063784965,16.524814385997747
12436499,2024-2025,12.0,2024-11-23 17:30,finished,Manchester City,Tottenham Hotspur,17.0,33.0,0.0,4.0,7.257185280260898,7.053429413377845,16.98700956650098,16.991894756029662
12436506,2024-2025,12.0,2024-11-24 14:00,finished,Southampton,Liverpool,45.0,44.0,2.0,3.0,6.834067662004158,7.169981066323075,15.722239371786051,17.40733995631163
12436497,2024-2025,12.0,2024-11-24 16:30,finished,Ipswich Town,Manchester United,32.0,35.0,1.0,1.0,6.873646886710128,7.145426007360377,15.662165603779412,16.875786208771906
12436496,2024-2025,12.0,2024-11-25 20:00,finished,Newcastle United,West Ham United,39.0,37.0,0.0,2.0,6.987496971702556,6.88568802675382,17.104648400141546,16.05320369256142
12436501,2024-2025,13.0,2024-11-29 20:00,finished,Brighton & Hove Albion,Southampton,30.0,45.0,1.0,1.0,6.988776854425671,6.818343032130124,16.808337466549176,15.852187764076916
12436502,2024-2025,13.0,2024-11-30 15:00,finished,Crystal Palace,Newcastle United,7.0,39.0,1.0,1.0,6.965408809560353,7.006001546876032,17.095738050527856,17.1040423372908
12436500,2024-2025,13.0,2024-11-30 15:00,finished,Brentford,Leicester City,50.0,31.0,4.0,1.0,6.979464520444753,6.920154964168316,16.798547941282344,15.683174608421583
12436503,2024-2025,13.0,2024-11-30 15:00,finished,Nottingham Forest,Ipswich Town,14.0,32.0,1.0,0.0,6.961114314493421,6.906369539551358,16.90007801284908,15.762039448203785
12436922,2024-2025,13.0,2024-11-30 15:00,finished,Wolverhampton,Bournemouth,3.0,60.0,2.0,4.0,6.87267319841248,6.870065549327125,16.781902404597027,16.522506013715418
12436914,2024-2025,13.0,2024-11-30 17:30,finished,West Ham United,Arsenal,37.0,42.0,2.0,5.0,6.907583601524433,7.110507760194466,16.05320369256142,17.748946765579333
12436498,2024-2025,13.0,2024-12-01 13:30,finished,Chelsea,Aston Villa,38.0,40.0,3.0,0.0,7.080627783519662,6.976668705008128,17.6619500513879,16.99411914853209
12436507,2024-2025,13.0,2024-12-01 13:30,finished,Tottenham Hotspur,Fulham,33.0,43.0,1.0,1.0,7.010671926865435,6.920252563250125,16.397587347785553,16.519999115998232
12436505,2024-2025,13.0,2024-12-01 13:30,finished,Manchester United,Everton,35.0,48.0,4.0,0.0,7.085657137377876,7.002008797715561,17.123052618888867,16.087891287586505
12436504,2024-2025,13.0,2024-12-01 16:00,finished,Liverpool,Manchester City,44.0,17.0,2.0,0.0,7.206557239141927,7.1784464880813355,17.522164888976008,16.86873129514412
12436961,2024-2025,14.0,2024-12-03 19:30,finished,Ipswich Town,Crystal Palace,32.0,7.0,0.0,1.0,6.745220566407812,6.976886470355681,15.915798061860334,17.16526887862022
12436966,2024-2025,14.0,2024-12-03 20:15,finished,Leicester City,West Ham United,31.0,37.0,3.0,1.0,6.8723179613805545,6.925574027088067,15.835307143061703,16.07522001995598
12436972,2024-2025,14.0,2024-12-04 19:30,finished,Manchester City,Nottingham Forest,17.0,14.0,3.0,0.0,7.349241816324976,6.985489460576824,17.054119195421496,16.65005693874558
12436984,2024-2025,14.0,2024-12-04 19:30,finished,Southampton,Chelsea,45.0,38.0,1.0,5.0,6.840947712923626,7.03654070585454,15.23914151699046,17.498858178618732
12436978,2024-2025,14.0,2024-12-04 19:30,finished,Newcastle United,Liverpool,39.0,44.0,3.0,3.0,7.009695847058185,7.129639578291571,17.08724832790904,17.332466461436336
12436947,2024-2025,14.0,2024-12-04 19:30,finished,Everton,Wolverhampton,48.0,3.0,4.0,0.0,6.968537826291748,6.9503936757036096,16.073248458252703,16.20066546635185
12436935,2024-2025,14.0,2024-12-04 20:15,finished,Arsenal,Manchester United,42.0,35.0,2.0,0.0,7.087523818633022,7.054971171749145,17.613318869110604,16.968703965709913
12436942,2024-2025,14.0,2024-12-04 20:15,finished,Aston Villa,Brentford,40.0,50.0,3.0,1.0,6.969878605212199,6.979931199644489,16.830529919866457,16.92692646320037
12436955,2024-2025,14.0,2024-12-05 19:30,finished,Fulham,Brighton & Hove Albion,43.0,30.0,3.0,1.0,6.947049325073788,6.99371588462628,16.729248703893145,16.95103514706889
13015216,2024-2025,14.0,2024-12-05 20:15,finished,Bournemouth,Tottenham Hotspur,60.0,33.0,1.0,0.0,6.885791768881879,6.981168115164137,16.811986411906197,16.705263475759757
12436445,2024-2025,15.0,2024-12-07 15:00,finished,Crystal Palace,Manchester City,7.0,17.0,2.0,2.0,6.970650721515216,7.285641468111689,17.095738050527856,16.925651642535033
12436990,2024-2025,15.0,2024-12-07 15:00,finished,Aston Villa,Southampton,40.0,45.0,1.0,0.0,6.849271406227669,6.71937323721394,17.036566213292,15.8506468951393
12436450,2024-2025,15.0,2024-12-07 15:00,finished,Brentford,Newcastle United,50.0,39.0,4.0,2.0,6.974510011892357,6.975701611165643,16.777041889314493,16.908977105696902
12436449,2024-2025,15.0,2024-12-07 17:30,finished,Manchester United,Nottingham Forest,35.0,14.0,2.0,3.0,7.0575565383384715,6.967323329941906,17.39582824575061,16.90007801284908
12436459,2024-2025,15.0,2024-12-08 14:00,finished,Fulham,Arsenal,43.0,42.0,1.0,1.0,6.9507271544683675,7.08848240680594,16.456985735947327,17.45444720993652
12436462,2024-2025,15.0,2024-12-08 14:00,finished,Ipswich Town,Bournemouth,32.0,60.0,1.0,2.0,6.902626676153943,6.913409550525636,15.730236410738149,16.7537408932528
12436444,2024-2025,15.0,2024-12-08 14:00,finished,Leicester City,Brighton & Hove Albion,31.0,30.0,2.0,2.0,6.950565144673818,7.0031537837583295,15.639359198726963,16.96690651132259
12436441,2024-2025,15.0,2024-12-08 16:30,finished,Tottenham Hotspur,Chelsea,33.0,38.0,3.0,4.0,7.025664431372155,7.092053670454757,17.004092655654155,17.615511358318265
12436454,2024-2025,15.0,2024-12-09 20:00,finished,West Ham United,Wolverhampton,37.0,3.0,2.0,1.0,6.914829566228659,6.902091164161155,16.366769235157907,16.525069592237845
12436446,2024-2025,16.0,2024-12-14 15:00,finished,Liverpool,Fulham,44.0,43.0,2.0,2.0,7.180451894174596,6.940826173384304,17.435603821042662,16.34967279895499
12436438,2024-2025,16.0,2024-12-14 15:00,finished,Arsenal,Everton,42.0,48.0,0.0,0.0,7.07521024598493,6.940410639248964,17.958957242766406,15.99338023971713
12436456,2024-2025,16.0,2024-12-14 15:00,finished,Wolverhampton,Ipswich Town,3.0,32.0,1.0,2.0,6.877737963817702,6.861542443064182,16.460013225291302,15.635218717195727
12436460,2024-2025,16.0,2024-12-14 15:00,finished,Newcastle United,Leicester City,39.0,31.0,4.0,0.0,6.998724622535284,6.911012393165597,16.885094586952277,15.67553961673068
12436447,2024-2025,16.0,2024-12-14 17:30,finished,Nottingham Forest,Aston Villa,14.0,40.0,2.0,1.0,6.970615987481253,6.928522206438777,16.898241403092943,16.94787113147859
12436457,2024-2025,16.0,2024-12-15 14:00,finished,Brighton & Hove Albion,Crystal Palace,30.0,7.0,1.0,3.0,6.990539331839788,6.972761388394767,16.995550242835307,17.095738050527856
12436451,2024-2025,16.0,2024-12-15 16:30,finished,Manchester City,Manchester United,17.0,35.0,1.0,2.0,7.314432557728722,7.113681805106256,17.122492285466667,17.15937321770204
12436458,2024-2025,16.0,2024-12-15 19:00,finished,Southampton,Tottenham Hotspur,45.0,33.0,0.0,5.0,6.825296830070227,7.016000355119849,16.007259052321164,16.918438944260245
12436461,2024-2025,16.0,2024-12-15 19:00,finished,Chelsea,Brentford,38.0,50.0,2.0,1.0,7.119032172988185,6.9637961374911646,17.648957512482056,16.70083014473227
12436465,2024-2025,16.0,2024-12-16 20:00,finished,Bournemouth,West Ham United,60.0,37.0,1.0,1.0,6.889187287207716,6.949814123724348,16.815749742741286,16.289742156940893
12436453,2024-2025,17.0,2024-12-21 12:30,finished,Aston Villa,Manchester City,40.0,17.0,2.0,1.0,6.960260154956825,7.253722725944471,17.078813093514057,17.004567365460392
12436467,2024-2025,17.0,2024-12-21 15:00,finished,Ipswich Town,Newcastle United,32.0,39.0,0.0,4.0,6.86257683982684,7.006006603107877,15.487518227689828,16.82542793173071
12436478,2024-2025,17.0,2024-12-21 15:00,finished,West Ham United,Brighton & Hove Albion,37.0,30.0,1.0,1.0,6.975289873350634,6.968847887373033,16.41486733189203,16.868844059067943
12436463,2024-2025,17.0,2024-12-21 15:00,finished,Brentford,Nottingham Forest,50.0,14.0,0.0,2.0,6.99521660426873,6.969873523278644,16.598182668444068,17.03108498624109
12436464,2024-2025,17.0,2024-12-21 17:30,finished,Crystal Palace,Arsenal,7.0,42.0,1.0,5.0,6.898940037035744,7.112604283079906,16.52394204032137,17.63558930665346
12436469,2024-2025,17.0,2024-12-22 14:00,finished,Leicester City,Wolverhampton,31.0,3.0,0.0,3.0,6.865887346526421,6.8664116457235504,15.302178824416997,16.429986597923527
12436470,2024-2025,17.0,2024-12-22 14:00,finished,Manchester United,Bournemouth,35.0,60.0,0.0,3.0,7.097224047051239,6.9054303648062385,16.94506318851144,16.873995261394686
12436468,2024-2025,17.0,2024-12-22 14:00,finished,Fulham,Southampton,43.0,45.0,0.0,0.0,6.965686626751116,6.831008030175892,16.464249566658786,16.26315579826553
12436466,2024-2025,17.0,2024-12-22 14:00,finished,Everton,Chelsea,48.0,38.0,0.0,0.0,6.940538262021474,7.10003929153182,15.99338023971713,17.545417082420776
12436471,2024-2025,17.0,2024-12-22 16:30,finished,Tottenham Hotspur,Liverpool,33.0,44.0,3.0,6.0,7.173149626727274,7.198919031130962,16.81702333320358,17.516968669536013
12436481,2024-2025,18.0,2024-12-26 12:30,finished,Manchester City,Everton,17.0,48.0,1.0,1.0,7.295262946703496,6.9283340724259395,17.322620940322217,15.965839372027803
12436480,2024-2025,18.0,2024-12-26 15:00,finished,Southampton,West Ham United,45.0,37.0,0.0,1.0,6.8379780012699705,6.886125593121924,16.282408851858648,16.162563346725104
12436476,2024-2025,18.0,2024-12-26 15:00,finished,Bournemouth,Crystal Palace,60.0,7.0,0.0,0.0,6.929055729951796,6.97070757859568,16.85467693370376,17.095738050527856
12436473,2024-2025,18.0,2024-12-26 15:00,finished,Chelsea,Fulham,38.0,43.0,1.0,2.0,7.11220105652327,6.934691783011769,17.65545378193498,16.407273897252924
12436477,2024-2025,18.0,2024-12-26 15:00,finished,Newcastle United,Aston Villa,39.0,40.0,3.0,0.0,7.070292237582859,6.973901918365601,16.62776253938914,17.078813093514057
12436479,2024-2025,18.0,2024-12-26 15:00,finished,Nottingham Forest,Tottenham Hotspur,14.0,33.0,1.0,0.0,6.9743380612167725,7.005421395407269,17.005818995558688,16.901603926174523
12436482,2024-2025,18.0,2024-12-26 17:30,finished,Wolverhampton,Manchester United,3.0,35.0,2.0,0.0,6.904570946662614,7.025040701794432,16.51930842677947,17.208503422352837
12436474,2024-2025,18.0,2024-12-26 20:00,finished,Liverpool,Leicester City,44.0,31.0,3.0,1.0,7.145285612799907,6.85158866169551,17.374130787752932,15.54368149183274
12436475,2024-2025,18.0,2024-12-27 19:30,finished,Brighton & Hove Albion,Brentford,30.0,50.0,0.0,0.0,7.00702086376208,6.980052834571286,16.793526021804173,16.50778189470424
12436472,2024-2025,18.0,2024-12-27 20:15,finished,Arsenal,Ipswich Town,42.0,32.0,1.0,0.0,7.079408765251705,6.831008225500429,17.753721132332373,16.15231079015672
12436512,2024-2025,19.0,2024-12-29 14:30,finished,Leicester City,Manchester City,31.0,17.0,0.0,2.0,6.90915754701276,7.303512348797662,15.562594725288681,17.199575073204315
12436521,2024-2025,19.0,2024-12-29 15:00,finished,Tottenham Hotspur,Wolverhampton,33.0,3.0,2.0,2.0,6.981806458110075,6.893428646329666,16.835544202587357,16.18792341761722
12436532,2024-2025,19.0,2024-12-29 15:00,finished,Crystal Palace,Southampton,7.0,45.0,2.0,1.0,6.9644344943271195,6.813311288231433,17.02157900483219,16.10041908556455
12436515,2024-2025,19.0,2024-12-29 15:00,finished,Fulham,Bournemouth,43.0,60.0,2.0,2.0,6.919520801924994,6.9758948228018065,16.50271227220735,16.818779911517648
12436517,2024-2025,19.0,2024-12-29 15:00,finished,Everton,Nottingham Forest,48.0,14.0,0.0,2.0,6.923223928446792,6.949231880878897,15.940949618924806,16.81986884107301
12436513,2024-2025,19.0,2024-12-29 17:15,finished,West Ham United,Liverpool,37.0,44.0,0.0,5.0,6.95700526185152,7.171341360478603,16.560300806057136,17.452766918433532
12436510,2024-2025,19.0,2024-12-30 19:45,finished,Ipswich Town,Chelsea,32.0,38.0,2.0,0.0,6.779784751672094,7.101633277789591,15.593177023778757,17.537386746507494
12436530,2024-2025,19.0,2024-12-30 19:45,finished,Aston Villa,Brighton & Hove Albion,40.0,30.0,2.0,2.0,6.951709487728269,7.049132987090038,16.92244120668079,16.916106261111853
12436522,2024-2025,19.0,2024-12-30 20:00,finished,Manchester United,Newcastle United,35.0,39.0,0.0,2.0,7.076298227366904,7.0779468506586705,16.79257067684305,16.62776253938914
12436410,2024-2025,19.0,2025-01-01 17:30,finished,Brentford,Arsenal,50.0,42.0,1.0,3.0,6.958078250627946,7.106963693504249,16.847632759374907,17.485154964266528
12436519,2024-2025,20.0,2025-01-04 12:30,finished,Tottenham Hotspur,Newcastle United,33.0,39.0,1.0,2.0,6.956454818021063,7.0247402275849025,16.74850413431892,17.043153645489927
12436508,2024-2025,20.0,2025-01-04 15:00,finished,Manchester City,West Ham United,17.0,37.0,4.0,1.0,7.312221325470802,6.924939121145749,17.199575073204315,16.60082341181568
12436518,2024-2025,20.0,2025-01-04 15:00,finished,Bournemouth,Everton,60.0,48.0,1.0,0.0,6.957897332194773,6.932613232322649,16.997439692291355,15.921292972700297
12436520,2024-2025,20.0,2025-01-04 15:00,finished,Southampton,Brentford,45.0,50.0,0.0,5.0,6.811750198262066,6.960561283969391,16.129863187484162,16.84836295680193
12436419,2024-2025,20.0,2025-01-04 15:00,finished,Crystal Palace,Chelsea,7.0,38.0,1.0,1.0,6.969295809901956,7.10724960795237,17.149024170552643,17.647779478133835
12436523,2024-2025,20.0,2025-01-04 15:00,finished,Aston Villa,Leicester City,40.0,31.0,2.0,1.0,6.9953655284187395,6.874318709996729,16.5850194450833,15.288610712458008
12436528,2024-2025,20.0,2025-01-04 17:30,finished,Brighton & Hove Albion,Arsenal,30.0,42.0,1.0,1.0,7.0272147846378195,7.105529473067776,16.923525971676824,17.21536146726581
12436525,2024-2025,20.0,2025-01-05 14:00,finished,Fulham,Ipswich Town,43.0,32.0,2.0,2.0,6.940179532726484,6.820227175463248,16.238752107320593,15.587628306452723
12436514,2024-2025,20.0,2025-01-05 16:30,finished,Liverpool,Manchester United,44.0,35.0,2.0,2.0,7.182278427049667,7.069419323930919,17.568866470174886,17.19085287558548
12436437,2024-2025,20.0,2025-01-06 20:00,finished,Wolverhampton,Nottingham Forest,3.0,14.0,0.0,3.0,6.895694897072974,6.991525371307842,16.10613103350719,17.03815568633588
12436436,2024-2025,21.0,2025-01-14 19:30,finished,Brentford,Manchester City,50.0,17.0,2.0,2.0,6.983144841921748,7.307647249966797,16.788330469734934,17.21028262190035
12436509,2024-2025,21.0,2025-01-14 19:30,finished,West Ham United,Fulham,37.0,43.0,3.0,2.0,6.906738241418703,6.934777578933028,16.248919587480007,16.563038488418115
12436531,2024-2025,21.0,2025-01-14 19:30,finished,Chelsea,Bournemouth,38.0,60.0,2.0,2.0,7.062551734482591,6.953944352493516,17.61843644247356,16.868750460164836
12436526,2024-2025,21.0,2025-01-14 20:00,finished,Nottingham Forest,Liverpool,14.0,44.0,1.0,1.0,6.989061723543137,7.216020386832929,17.005818995558688,17.63306822127737
12436529,2024-2025,21.0,2025-01-15 19:30,finished,Newcastle United,Wolverhampton,39.0,3.0,3.0,0.0,7.024002933089196,6.885467999880342,17.043153645489927,16.36821009533224
12436434,2024-2025,21.0,2025-01-15 19:30,finished,Everton,Aston Villa,48.0,40.0,0.0,1.0,6.940295567038172,6.978141684468483,15.99338023971713,16.986861085941634
12436527,2024-2025,21.0,2025-01-15 19:30,finished,Leicester City,Crystal Palace,31.0,7.0,0.0,2.0,6.869129766703524,6.960180270132503,15.763061066819892,17.052517714462848
12436511,2024-2025,21.0,2025-01-15 20:00,finished,Arsenal,Tottenham Hotspur,42.0,33.0,2.0,1.0,7.100573616497879,6.969255304317417,17.422361112316093,17.123556194423717
12436524,2024-2025,21.0,2025-01-16 19:30,finished,Ipswich Town,Brighton & Hove Albion,32.0,30.0,0.0,2.0,6.844968641024111,7.025663196065205,15.837754353233557,16.857322471643077
12436516,2024-2025,21.0,2025-01-16 20:00,finished,Manchester United,Southampton,35.0,45.0,3.0,1.0,6.989470496662616,6.810866151397735,17.376412418450784,16.33399288558908
12436885,2024-2025,22.0,2025-01-18 12:30,finished,Newcastle United,Bournemouth,39.0,60.0,1.0,4.0,7.032127012161961,6.944897455112257,17.043153645489927,17.059567381778727
12436440,2024-2025,22.0,2025-01-18 15:00,finished,Brentford,Liverpool,50.0,44.0,0.0,2.0,6.970106881920486,7.22334518479481,16.847632759374907,17.60785737714862
12436442,2024-2025,22.0,2025-01-18 15:00,finished,Leicester City,Fulham,31.0,43.0,0.0,2.0,6.863671401348248,6.929469153372069,15.567113122485154,16.616124660108564
12436889,2024-2025,22.0,2025-01-18 15:00,finished,West Ham United,Crystal Palace,37.0,7.0,0.0,2.0,6.923204278176829,6.958780088801268,15.997818003627959,17.09944648468111
12436443,2024-2025,22.0,2025-01-18 17:30,finished,Arsenal,Aston Villa,42.0,40.0,2.0,2.0,7.101086565521797,6.938624216971334,17.527851080349215,17.089953287370637
12436887,2024-2025,22.0,2025-01-19 14:00,finished,Nottingham Forest,Southampton,14.0,45.0,3.0,2.0,7.003516647447419,6.796643861470972,17.03815568633588,16.14696663676738
12436448,2024-2025,22.0,2025-01-19 14:00,finished,Everton,Tottenham Hotspur,48.0,33.0,3.0,2.0,6.941688741422323,7.041318669986333,16.292087419018447,16.99911050184117
12436883,2024-2025,22.0,2025-01-19 14:00,finished,Manchester United,Brighton & Hove Albion,35.0,30.0,1.0,3.0,7.023813687599741,7.005399714160828,17.162415053766477,16.714296975625846
12436439,2024-2025,22.0,2025-01-19 16:30,finished,Ipswich Town,Manchester City,32.0,17.0,0.0,6.0,6.835788790157211,7.29463479593494,15.686321397161056,17.266026400196115
12436455,2024-2025,22.0,2025-01-20 20:00,finished,Chelsea,Wolverhampton,38.0,3.0,3.0,1.0,7.12196111621686,6.8878780223438465,17.65921165831895,16.449084866676966
12436895,2024-2025,23.0,2025-01-25 15:00,finished,Brighton & Hove Albion,Everton,30.0,48.0,0.0,1.0,6.974596508778505,6.965028092921164,16.640390153273938,16.292087419018447
12436891,2024-2025,23.0,2025-01-25 15:00,finished,Bournemouth,Nottingham Forest,60.0,14.0,5.0,0.0,6.965447165676843,6.968436759324644,17.059567381778727,16.93693847722255
12436901,2024-2025,23.0,2025-01-25 15:00,finished,Liverpool,Ipswich Town,44.0,32.0,4.0,1.0,7.217406534227271,6.785240104393214,17.63306822127737,15.719461416411617
12436909,2024-2025,23.0,2025-01-25 15:00,finished,Wolverhampton,Arsenal,3.0,42.0,0.0,1.0,6.874519419329255,7.072792828180076,16.449084866676966,17.551988030428358
12436905,2024-2025,23.0,2025-01-25 15:00,finished,Southampton,Newcastle United,45.0,39.0,1.0,3.0,6.7979408610996845,7.029795858522962,15.744574253386123,16.88509458695228
12436903,2024-2025,23.0,2025-01-25 17:30,finished,Manchester City,Chelsea,17.0,38.0,3.0,1.0,7.166003385622357,7.151052984732109,17.266727502058508,17.735609189756314
12436907,2024-2025,23.0,2025-01-26 14:00,finished,Tottenham Hotspur,Leicester City,33.0,31.0,1.0,2.0,6.969705058111827,6.851282509238441,16.970940502984156,15.404225898009877
12436897,2024-2025,23.0,2025-01-26 14:00,finished,Crystal Palace,Brentford,7.0,50.0,1.0,2.0,6.971687988575272,6.975820811948463,17.052517714462848,16.884493223748375
12436893,2024-2025,23.0,2025-01-26 16:30,finished,Aston Villa,West Ham United,40.0,37.0,1.0,1.0,6.9670358081116515,6.939358377880407,16.913199946141873,16.142074468839247
12436899,2024-2025,23.0,2025-01-26 19:00,finished,Fulham,Manchester United,43.0,35.0,0.0,1.0,6.9371154128102015,7.062886446938761,16.616124660108564,17.19304356209267
12436930,2024-2025,24.0,2025-02-01 12:30,finished,Nottingham Forest,Brighton & Hove Albion,14.0,30.0,7.0,0.0,6.96465298679507,6.98099875706682,17.001063014707402,16.58842399011911
12436921,2024-2025,24.0,2025-02-01 15:00,finished,Everton,Leicester City,48.0,31.0,4.0,0.0,6.994989821632677,6.9056634429110915,16.409686052019865,15.605154240997424
12436924,2024-2025,24.0,2025-02-01 15:00,finished,Ipswich Town,Southampton,32.0,45.0,1.0,2.0,6.849081214496234,6.853515829871708,16.064749914088473,16.0538109027939
12436928,2024-2025,24.0,2025-02-01 15:00,finished,Newcastle United,Fulham,39.0,43.0,1.0,2.0,7.036000808925729,6.951365280108711,16.88509458695228,16.520686285154138
12436911,2024-2025,24.0,2025-02-01 15:00,finished,Bournemouth,Liverpool,60.0,44.0,0.0,2.0,6.983265209176466,7.224060565871607,17.059567381778727,17.63306822127737
12436932,2024-2025,24.0,2025-02-01 17:30,finished,Wolverhampton,Aston Villa,3.0,40.0,2.0,0.0,6.906052282373012,6.9490922631141725,16.29910005992157,16.9024446200057
12436925,2024-2025,24.0,2025-02-02 14:00,finished,Manchester United,Crystal Palace,35.0,7.0,0.0,2.0,7.030342695029171,6.93977232780438,17.194489724186727,16.896480438827734
12436916,2024-2025,24.0,2025-02-02 14:00,finished,Brentford,Tottenham Hotspur,50.0,33.0,0.0,2.0,6.956213714590314,6.939387960172266,16.867207204900126,16.85725834766399
12436913,2024-2025,24.0,2025-02-02 16:30,finished,Arsenal,Manchester City,42.0,17.0,5.0,1.0,7.072294336481312,7.243008796852408,17.619547812349683,17.34807568436165
12436919,2024-2025,24.0,2025-02-03 20:00,finished,Chelsea,West Ham United,38.0,37.0,2.0,1.0,7.134506661712499,6.945634856127199,17.65596430994386,16.0134124781126
13344418,2024-2025,15.0,2025-02-12 19:30,finished,Everton,Liverpool,48.0,44.0,2.0,2.0,7.0122814147542165,7.219607973859905,16.409686052019865,17.56214471604559
12436937,2024-2025,25.0,2025-02-14 20:00,finished,Brighton & Hove Albion,Chelsea,30.0,38.0,3.0,0.0,6.9393102990462125,7.11129437988663,16.637786359816463,17.745701616475692
12436943,2024-2025,25.0,2025-02-15 12:30,finished,Leicester City,Arsenal,31.0,42.0,0.0,2.0,6.906768545098033,7.069418697026055,15.81611214126366,17.39447654255041
12436956,2024-2025,25.0,2025-02-15 15:00,finished,West Ham United,Brentford,37.0,50.0,0.0,1.0,6.94795873290629,6.994386731091675,16.696254774519396,16.974893997488202
12436934,2024-2025,25.0,2025-02-15 15:00,finished,Aston Villa,Ipswich Town,40.0,32.0,1.0,1.0,6.8911118236997,6.821894819088305,16.900149518112336,15.793402438454553
12436948,2024-2025,25.0,2025-02-15 15:00,finished,Manchester City,Newcastle United,17.0,39.0,4.0,0.0,7.070102030076385,7.070799082070985,17.400068704219624,16.568095884167573
12436950,2024-2025,25.0,2025-02-15 15:00,finished,Southampton,Bournemouth,45.0,60.0,1.0,3.0,6.85311232143502,6.97690689207505,15.80068152280419,17.059567381778727
12436940,2024-2025,25.0,2025-02-15 15:00,finished,Fulham,Nottingham Forest,43.0,14.0,2.0,1.0,6.954366142250458,6.983030696286895,16.520686285154138,17.001063014707402
12436939,2024-2025,25.0,2025-02-15 17:30,finished,Crystal Palace,Everton,7.0,48.0,1.0,2.0,6.965292214545246,6.950597965712732,16.853164425759427,16.365915153053848
12436945,2024-2025,25.0,2025-02-16 14:00,finished,Liverpool,Wolverhampton,44.0,3.0,2.0,1.0,7.194989083315622,6.926654222840196,17.58387449643543,16.36415642686812
12436952,2024-2025,25.0,2025-02-16 16:30,finished,Tottenham Hotspur,Manchester United,33.0,35.0,1.0,0.0,7.077957643567971,7.0278265277766705,17.04511082152341,16.984692776239005
12437019,2024-2025,29.0,2025-02-19 19:30,finished,Aston Villa,Liverpool,40.0,44.0,2.0,2.0,6.934760019485597,7.161985022240343,16.654160768636064,17.520861116384527
12436623,2024-2025,26.0,2025-02-21 20:00,finished,Leicester City,Brentford,31.0,50.0,0.0,4.0,6.89395008280382,7.012534487453462,15.65890858560487,16.787715542003085
12436625,2024-2025,26.0,2025-02-22 12:30,finished,Everton,Manchester United,48.0,35.0,2.0,2.0,6.968670621764518,7.077915931911385,16.281991188402767,16.951022431848376
12436958,2024-2025,26.0,2025-02-22 15:00,finished,Bournemouth,Wolverhampton,60.0,3.0,0.0,1.0,6.969367378569239,6.906514115695958,16.99110463482173,16.51308634797131
12436960,2024-2025,26.0,2025-02-22 15:00,finished,Arsenal,West Ham United,42.0,37.0,0.0,1.0,7.135090605106117,6.957173700849509,17.575930312458446,16.29153416037655
12436624,2024-2025,26.0,2025-02-22 15:00,finished,Fulham,Crystal Palace,43.0,7.0,0.0,2.0,6.960691936754875,6.974513969494032,16.520686285154138,17.052517714462848
12436965,2024-2025,26.0,2025-02-22 15:00,finished,Southampton,Brighton & Hove Albion,45.0,30.0,0.0,4.0,6.822048310320084,6.991169627964056,16.18392747000659,17.09229412871734
12436629,2024-2025,26.0,2025-02-22 15:00,finished,Ipswich Town,Tottenham Hotspur,32.0,33.0,1.0,4.0,6.882505351216168,7.003958854863277,16.198773752721124,17.253952894063698
12436621,2024-2025,26.0,2025-02-22 17:30,finished,Aston Villa,Chelsea,40.0,38.0,2.0,1.0,6.898561048324299,7.09308704660568,16.91848427532479,17.744002331656407
12436963,2024-2025,26.0,2025-02-23 14:00,finished,Newcastle United,Nottingham Forest,39.0,14.0,4.0,3.0,7.014445319016534,7.007133815300671,16.919437666608033,17.03815568633588
12436627,2024-2025,26.0,2025-02-23 16:30,finished,Manchester City,Liverpool,17.0,44.0,0.0,2.0,7.318547510725926,7.180267474039166,17.42396717884941,17.58151308858059
12436970,2024-2025,27.0,2025-02-25 19:30,finished,Brighton & Hove Albion,Bournemouth,30.0,60.0,2.0,1.0,7.002738609476046,6.963411221619021,17.047994571775906,16.893461800298823
12436981,2024-2025,27.0,2025-02-25 19:30,finished,Wolverhampton,Fulham,3.0,43.0,1.0,2.0,6.933685141739724,6.906945414752372,16.51308634797131,16.357420142407253
12436983,2024-2025,27.0,2025-02-25 19:30,finished,Crystal Palace,Aston Villa,7.0,40.0,4.0,1.0,6.995789907084601,6.878169280285479,17.24721359866116,16.81856083616893
12436986,2024-2025,27.0,2025-02-25 20:15,finished,Chelsea,Southampton,38.0,45.0,4.0,0.0,7.038276957624331,6.818128375494293,17.601146484165167,15.96774943364408
12436974,2024-2025,27.0,2025-02-26 19:30,finished,Nottingham Forest,Arsenal,14.0,42.0,0.0,0.0,7.000948951266387,7.110032150817482,17.03815568633588,17.586637861154482
12436975,2024-2025,27.0,2025-02-26 19:30,finished,Tottenham Hotspur,Manchester City,33.0,17.0,0.0,1.0,6.965762906750711,7.2300161246678325,17.24575736519606,17.64959984973137
12436991,2024-2025,27.0,2025-02-26 19:30,finished,Manchester United,Ipswich Town,35.0,32.0,3.0,2.0,7.00692742502344,6.778570346320347,17.190758655951097,15.944816038154032
12436968,2024-2025,27.0,2025-02-26 19:30,finished,Brentford,Everton,50.0,48.0,1.0,1.0,7.005959450062296,6.959636333896825,16.879963796974668,16.365915153053848
12436988,2024-2025,27.0,2025-02-26 20:15,finished,Liverpool,Newcastle United,44.0,39.0,2.0,0.0,7.202430947237217,6.991958656366362,17.55866365230668,16.740983968592296
13365051,2024-2025,27.0,2025-02-27 20:00,finished,West Ham United,Leicester City,37.0,31.0,2.0,0.0,7.0217479694167615,6.895707383935931,16.29153416037655,15.837480372230205
12437007,2024-2025,28.0,2025-03-08 12:30,finished,Nottingham Forest,Manchester City,14.0,17.0,1.0,0.0,7.001382591476417,7.2316235345696125,17.03815568633588,17.708872699898638
12437000,2024-2025,28.0,2025-03-08 15:00,finished,Crystal Palace,Ipswich Town,7.0,32.0,1.0,0.0,7.006129965176828,6.879792622591642,17.198350519493143,16.08237868152926
12436996,2024-2025,28.0,2025-03-08 15:00,finished,Brighton & Hove Albion,Fulham,30.0,43.0,2.0,1.0,7.015262402724948,6.93529897550024,17.144053489009455,16.56980169334361
12437003,2024-2025,28.0,2025-03-08 15:00,finished,Liverpool,Southampton,44.0,45.0,3.0,1.0,7.183433311420208,6.801137223111784,17.459314645328792,16.383155050253333
12436994,2024-2025,28.0,2025-03-08 17:30,finished,Brentford,Aston Villa,50.0,40.0,0.0,1.0,7.0243489657624165,6.965320591827325,16.787715542003085,16.532366747095313
12437012,2024-2025,28.0,2025-03-08 20:00,finished,Wolverhampton,Everton,3.0,48.0,1.0,1.0,6.878924062881561,6.968110267043148,16.524148154660875,16.281991188402767
12436998,2024-2025,28.0,2025-03-09 14:00,finished,Chelsea,Leicester City,38.0,31.0,1.0,0.0,7.091705116593143,6.879284357099483,17.609644220033033,15.877963197469388
12437009,2024-2025,28.0,2025-03-09 14:00,finished,Tottenham Hotspur,Bournemouth,33.0,60.0,2.0,2.0,7.041126281834777,6.989006318968641,17.20676173986628,16.944152122349244
12437005,2024-2025,28.0,2025-03-09 16:30,finished,Manchester United,Arsenal,35.0,42.0,1.0,1.0,7.024928542417178,7.113842852096897,16.726522388740406,17.575930312458446
12437010,2024-2025,28.0,2025-03-10 20:00,finished,West Ham United,Newcastle United,37.0,39.0,0.0,1.0,6.98956572665277,7.019602771300922,16.29153416037655,16.801787002246975
12437025,2024-2025,29.0,2025-03-15 15:00,finished,Ipswich Town,Nottingham Forest,32.0,14.0,2.0,4.0,6.874662836286939,7.0034493597630565,16.13613908937017,17.03815568633588
12436578,2024-2025,29.0,2025-03-15 15:00,finished,Southampton,Wolverhampton,45.0,3.0,1.0,2.0,6.848548805500221,6.8933303842949805,16.31770801192383,16.524148154660875
12437029,2024-2025,29.0,2025-03-15 15:00,finished,Manchester City,Brighton & Hove Albion,17.0,30.0,2.0,2.0,7.247453518835027,7.026324359873752,17.408321496016843,17.144053489009455
12437021,2024-2025,29.0,2025-03-15 15:00,finished,Everton,West Ham United,48.0,37.0,1.0,1.0,6.966569560037408,6.972637007170163,16.32905468868038,16.681036964830554
12437014,2024-2025,29.0,2025-03-15 17:30,finished,Bournemouth,Brentford,60.0,50.0,1.0,2.0,6.9993620430548935,7.026323907702715,17.110257703829152,16.787715542003085
12437017,2024-2025,29.0,2025-03-16 13:30,finished,Arsenal,Chelsea,42.0,38.0,1.0,0.0,7.088929886546588,7.057286785881061,17.57079283879814,17.52616779423819
12437023,2024-2025,29.0,2025-03-16 13:30,finished,Fulham,Tottenham Hotspur,43.0,33.0,2.0,0.0,6.980669027964438,6.9760597062472405,16.291064141496722,17.103790805614118
12437027,2024-2025,29.0,2025-03-16 19:00,finished,Leicester City,Manchester United,31.0,35.0,0.0,3.0,6.879010958982449,7.025868859743165,15.877963197469388,16.766719989678133
12436580,2024-2025,30.0,2025-04-01 18:45,finished,Arsenal,Fulham,42.0,43.0,2.0,1.0,7.092226761785653,6.936940850880102,17.627069130471433,16.262992335147516
12436599,2024-2025,30.0,2025-04-01 18:45,finished,Wolverhampton,West Ham United,3.0,37.0,1.0,0.0,6.895636911369141,7.016555371883098,16.524148154660875,16.219132232694225
12436591,2024-2025,30.0,2025-04-01 19:00,finished,Nottingham Forest,Manchester United,14.0,35.0,1.0,0.0,6.971143551485795,6.979380452953075,17.003558992166017,17.078970723796488
12436594,2024-2025,30.0,2025-04-02 18:45,finished,Manchester City,Leicester City,17.0,31.0,2.0,0.0,7.229499798182488,6.872487726088582,17.345787835959133,15.877963197469388
12436600,2024-2025,30.0,2025-04-02 18:45,finished,Newcastle United,Brentford,39.0,50.0,2.0,1.0,7.0223804641042,7.015089316696734,16.801787002246975,16.817474390079834
12436588,2024-2025,30.0,2025-04-02 18:45,finished,Southampton,Crystal Palace,45.0,7.0,1.0,1.0,6.821674478159438,6.99518092803032,16.180734768589165,16.91953358217459
12436576,2024-2025,30.0,2025-04-02 18:45,finished,Bournemouth,Ipswich Town,60.0,32.0,1.0,2.0,6.949867591131462,6.834541686630277,16.81863598804261,15.230526850798013
12436584,2024-2025,30.0,2025-04-02 18:45,finished,Brighton & Hove Albion,Aston Villa,30.0,40.0,0.0,3.0,6.985919830530981,6.957839657119942,16.967132653456392,17.08137408232921
12436593,2024-2025,30.0,2025-04-02 19:00,finished,Liverpool,Everton,44.0,48.0,1.0,0.0,7.150120202032554,6.977548919441972,17.53097253775818,16.32905468868038
12436587,2024-2025,30.0,2025-04-03 19:00,finished,Chelsea,Tottenham Hotspur,38.0,33.0,1.0,0.0,7.107843540661751,7.082813440759157,17.70694427965505,17.33415440881818
12436596,2024-2025,31.0,2025-04-05 11:30,finished,Everton,Arsenal,48.0,42.0,1.0,1.0,6.92861118554124,7.051594271575919,16.316154350644187,17.143034513992145
12436601,2024-2025,31.0,2025-04-05 14:00,finished,Ipswich Town,Wolverhampton,32.0,3.0,1.0,2.0,6.858485863243769,6.888101958441868,15.230526850798013,16.524148154660875
12436595,2024-2025,31.0,2025-04-05 14:00,finished,Crystal Palace,Brighton & Hove Albion,7.0,30.0,2.0,1.0,7.005812260092034,7.002087237599883,17.218025795447844,16.796257656564144
12436604,2024-2025,31.0,2025-04-05 14:00,finished,West Ham United,Bournemouth,37.0,60.0,2.0,2.0,6.984800823779398,6.95623054785812,16.684033079788943,16.908269683725532
12436597,2024-2025,31.0,2025-04-05 16:30,finished,Aston Villa,Nottingham Forest,40.0,14.0,2.0,1.0,6.922980316827682,7.024083076154908,16.813770080663048,17.03020663070366
12436589,2024-2025,31.0,2025-04-06 13:00,finished,Brentford,Chelsea,50.0,38.0,0.0,0.0,7.003952463934084,7.062330371029922,16.998066020181728,17.473362756902365
12436606,2024-2025,31.0,2025-04-06 13:00,finished,Tottenham Hotspur,Southampton,33.0,45.0,3.0,1.0,7.111616885302792,6.836189944894613,17.139458524619872,16.394925875291477
12436598,2024-2025,31.0,2025-04-06 13:00,finished,Fulham,Liverpool,43.0,44.0,3.0,2.0,6.934019491259149,7.157774657878551,16.744615508226612,17.519514290404057
12436602,2024-2025,31.0,2025-04-06 15:30,finished,Manchester United,Manchester City,35.0,17.0,0.0,0.0,7.0278723257010105,7.334128478022747,17.01227053136682,17.157608639486224
13560219,2024-2025,31.0,2025-04-07 19:00,finished,Leicester City,Newcastle United,31.0,39.0,0.0,3.0,6.865184090978213,7.026702030444937,15.877963197469388,16.801787002246975
12436610,2024-2025,32.0,2025-04-12 11:30,finished,Manchester City,Crystal Palace,17.0,7.0,5.0,2.0,7.202508927691853,6.996912248079434,17.085709597183236,17.14386674975218
12436614,2024-2025,32.0,2025-04-12 14:00,finished,Southampton,Aston Villa,45.0,40.0,0.0,3.0,6.8317108866090335,6.983646641376645,16.15585332945489,17.02457849946489
12436607,2024-2025,32.0,2025-04-12 14:00,finished,Brighton & Hove Albion,Leicester City,30.0,31.0,2.0,2.0,7.0127049429434,6.8372945939266225,16.81989839367775,15.871028099933488
12436613,2024-2025,32.0,2025-04-12 14:00,finished,Nottingham Forest,Everton,14.0,48.0,0.0,1.0,7.004723930895896,6.9616961747030555,16.785097635569844,16.353320150589777
12436608,2024-2025,32.0,2025-04-12 16:30,finished,Arsenal,Brentford,42.0,50.0,1.0,1.0,7.054092153858701,7.0159669557512325,16.963825948981707,16.974893997488202
12436617,2024-2025,32.0,2025-04-13 13:00,finished,Wolverhampton,Tottenham Hotspur,3.0,33.0,4.0,2.0,6.896954550659336,7.006563135905342,16.524148154660875,17.098095263344874
12436612,2024-2025,32.0,2025-04-13 13:00,finished,Liverpool,West Ham United,44.0,37.0,2.0,1.0,7.158976376701466,6.940972945117131,17.42353839597242,16.62255906335887
12436609,2024-2025,32.0,2025-04-13 13:00,finished,Chelsea,Ipswich Town,38.0,32.0,2.0,2.0,7.125267810308486,6.947379514855796,17.751009232360715,15.527825977846094
12436611,2024-2025,32.0,2025-04-13 15:30,finished,Newcastle United,Manchester United,39.0,35.0,4.0,1.0,7.030041124859392,6.983017281823137,16.801787002246975,16.597017321575095
13560222,2024-2025,32.0,2025-04-14 19:00,finished,Bournemouth,Fulham,60.0,43.0,1.0,0.0,6.967273551311016,6.933883431136649,16.832550672549615,16.744615508226612
12437031,2024-2025,29.0,2025-04-16 18:30,finished,Newcastle United,Crystal Palace,39.0,7.0,5.0,0.0,7.0341615364080665,6.977376586448596,16.801787002246975,17.052517714462848
12436616,2024-2025,33.0,2025-04-19 14:00,finished,Crystal Palace,Bournemouth,7.0,60.0,0.0,0.0,6.9843531774406244,6.967489237722173,17.24721359866116,16.98250526296654
12436628,2024-2025,33.0,2025-04-19 14:00,finished,Everton,Manchester City,48.0,17.0,0.0,2.0,6.9617426883295686,7.28851766641398,16.353320150589777,17.12673718027311
12436554,2024-2025,33.0,2025-04-19 14:00,finished,West Ham United,Southampton,37.0,45.0,1.0,1.0,6.934012497912181,6.827214909889202,16.394557805915166,16.180734768589165
12436619,2024-2025,33.0,2025-04-19 14:00,finished,Brentford,Brighton & Hove Albion,50.0,30.0,4.0,2.0,7.018571214145555,7.016555931797754,17.03510147804698,16.8548355671451
12436615,2024-2025,33.0,2025-04-19 16:30,finished,Aston Villa,Newcastle United,40.0,39.0,4.0,1.0,6.985327463898918,7.038049904247904,16.92576088511329,16.801787002246975
12436620,2024-2025,33.0,2025-04-20 13:00,finished,Ipswich Town,Arsenal,32.0,42.0,0.0,4.0,6.888088885458603,7.109775159622802,15.717462245321185,17.608316981437746
12436622,2024-2025,33.0,2025-04-20 13:00,finished,Manchester United,Wolverhampton,35.0,3.0,0.0,1.0,6.916062669718681,6.902322846992923,16.471857857821856,16.667182001721425
12436618,2024-2025,33.0,2025-04-20 13:00,finished,Fulham,Chelsea,43.0,38.0,1.0,2.0,6.927906785805361,7.154378904584719,16.595933168298973,17.83517009379969
12436626,2024-2025,33.0,2025-04-20 15:30,finished,Leicester City,Liverpool,31.0,44.0,0.0,1.0,6.868492703993744,7.214741644156958,15.557830554165953,17.53693387191684
12436537,2024-2025,33.0,2025-04-21 19:00,finished,Tottenham Hotspur,Nottingham Forest,33.0,14.0,1.0,2.0,7.0521921439216575,6.980256971973174,17.362469474544454,16.811816964860977
12436551,2024-2025,34.0,2025-04-22 19:00,finished,Manchester City,Aston Villa,17.0,40.0,2.0,1.0,7.241373869586348,6.963650929202009,16.944675587048746,17.168959310538288
12436547,2024-2025,34.0,2025-04-23 19:00,finished,Arsenal,Crystal Palace,42.0,7.0,2.0,2.0,7.085659030867333,6.989218651592558,17.31791447348492,17.009888248954507
12436550,2024-2025,34.0,2025-04-26 11:30,finished,Chelsea,Everton,38.0,48.0,1.0,0.0,7.1146182209631235,6.936021268532533,17.77716214803815,16.50362306931626
12436558,2024-2025,34.0,2025-04-26 14:00,finished,Wolverhampton,Leicester City,3.0,31.0,3.0,0.0,6.943597423661069,6.875629982416469,16.653471840033994,15.618653242166433
12436546,2024-2025,34.0,2025-04-26 14:00,finished,Brighton & Hove Albion,West Ham United,30.0,37.0,3.0,2.0,6.987567475600033,6.970913057677078,16.51118870885709,16.681036964830554
12436539,2024-2025,34.0,2025-04-26 14:00,finished,Southampton,Fulham,45.0,43.0,1.0,2.0,6.800013285827467,6.975354200820371,16.143138172021597,16.27470904554989
12436545,2024-2025,34.0,2025-04-26 14:00,finished,Newcastle United,Ipswich Town,39.0,32.0,3.0,0.0,7.022062455817966,6.914702220863939,16.74212034702541,15.469277780973822
12436535,2024-2025,34.0,2025-04-27 13:00,finished,Bournemouth,Manchester United,60.0,35.0,1.0,1.0,6.972803093150861,7.028721397463127,16.98250526296654,16.95126047572794
12436544,2024-2025,34.0,2025-04-27 15:30,finished,Liverpool,Tottenham Hotspur,44.0,33.0,5.0,1.0,7.220050984761912,6.974391951947788,17.63306822127737,17.123542943204516
12436552,2024-2025,34.0,2025-05-01 18:30,finished,Nottingham Forest,Brentford,14.0,50.0,0.0,2.0,6.996458122075193,6.972835281557133,17.005818995558688,17.03510147804698
12436562,2024-2025,35.0,2025-05-02 19:00,finished,Manchester City,Wolverhampton,17.0,3.0,1.0,0.0,7.303174881175496,6.950888028790074,17.136118750571292,16.57659246142852
12436553,2024-2025,35.0,2025-05-03 11:30,finished,Aston Villa,Fulham,40.0,43.0,1.0,0.0,6.999266206081742,6.937002140039359,17.089350113778927,16.633832605020043
12436571,2024-2025,35.0,2025-05-03 14:00,finished,Leicester City,Southampton,31.0,45.0,2.0,0.0,6.8428486302653875,6.814344889175447,15.494657628740947,16.143138172021597
12436572,2024-2025,35.0,2025-05-03 14:00,finished,Everton,Ipswich Town,48.0,32.0,2.0,2.0,6.955490174166533,6.867200784868769,16.66741525250292,15.495696902085719
12436543,2024-2025,35.0,2025-05-03 16:30,finished,Arsenal,Bournemouth,42.0,60.0,1.0,2.0,7.100693712902257,6.939100872273209,17.531497781910204,17.05656956233689
12436565,2024-2025,35.0,2025-05-04 13:00,finished,West Ham United,Tottenham Hotspur,37.0,33.0,1.0,1.0,6.967100252281903,6.926889983115475,16.40287596181204,16.970115564563127
12436567,2024-2025,35.0,2025-05-04 13:00,finished,Brighton & Hove Albion,Newcastle United,30.0,39.0,1.0,1.0,7.008323773437357,7.028291321973024,16.76766735384574,16.74212034702541
12436560,2024-2025,35.0,2025-05-04 13:00,finished,Brentford,Manchester United,50.0,35.0,4.0,3.0,7.016001913020445,6.9116970686642025,17.03510147804698,16.508026387158893
12436563,2024-2025,35.0,2025-05-04 15:30,finished,Chelsea,Liverpool,38.0,44.0,3.0,1.0,7.118032536651469,7.160202437752715,17.77716214803815,17.08777028414721
12436561,2024-2025,35.0,2025-05-05 19:00,finished,Crystal Palace,Nottingham Forest,7.0,14.0,1.0,1.0,6.9809194858050665,6.977682687624229,17.321117996876843,17.00813371480219
12436575,2024-2025,36.0,2025-05-10 14:00,finished,Southampton,Manchester City,45.0,17.0,0.0,0.0,6.806424650243807,7.202450513506246,16.16905487201968,17.34753266468648
12436581,2024-2025,36.0,2025-05-10 14:00,finished,Wolverhampton,Brighton & Hove Albion,3.0,30.0,0.0,2.0,6.936240818005524,6.988127127707003,16.474098577137283,16.738629370105073
12436564,2024-2025,36.0,2025-05-10 14:00,finished,Ipswich Town,Brentford,32.0,50.0,0.0,1.0,6.8439390180017545,7.0480472758489645,15.56698044379169,17.03510147804698
12436566,2024-2025,36.0,2025-05-10 14:00,finished,Fulham,Everton,43.0,48.0,1.0,3.0,6.941618724922472,6.939090897097142,16.613772813607543,15.950168298938932
12436570,2024-2025,36.0,2025-05-10 16:30,finished,Bournemouth,Aston Villa,60.0,40.0,0.0,1.0,6.967994177546114,6.972120738885982,16.846260834237047,16.905338709959707
12436573,2024-2025,36.0,2025-05-11 11:00,finished,Newcastle United,Chelsea,39.0,38.0,2.0,0.0,7.018641802535307,7.1201804582036194,17.104059449590316,17.77716214803815
12436574,2024-2025,36.0,2025-05-11 13:15,finished,Nottingham Forest,Leicester City,14.0,31.0,2.0,2.0,6.956711407951487,6.859962172449972,16.884477158364906,15.494657628740947
12436569,2024-2025,36.0,2025-05-11 13:15,finished,Manchester United,West Ham United,35.0,37.0,0.0,2.0,6.929953491121757,6.9455125694667545,16.963270670058446,16.086776337758433
12436583,2024-2025,36.0,2025-05-11 13:15,finished,Tottenham Hotspur,Crystal Palace,33.0,7.0,0.0,2.0,6.9571193686221,6.968470474916788,16.98750492413165,17.052517714462848
12436568,2024-2025,36.0,2025-05-11 15:30,finished,Liverpool,Arsenal,44.0,42.0,2.0,2.0,7.18647591879029,7.091751789490548,17.480779867552236,17.41311494155481
12436577,2024-2025,37.0,2025-05-16 18:30,finished,Aston Villa,Tottenham Hotspur,40.0,33.0,2.0,0.0,6.9708189340341615,6.90737183304246,17.089350113778927,16.684100658873312
12436582,2024-2025,37.0,2025-05-16 19:15,finished,Chelsea,Manchester United,38.0,35.0,1.0,0.0,7.145674911306083,7.110799313450403,17.724707285353333,16.736161087358617
12436579,2024-2025,37.0,2025-05-18 11:00,finished,Everton,Southampton,48.0,45.0,2.0,0.0,6.9625182677205775,6.8124036546754665,16.227573541991372,15.914567693537462
12436533,2024-2025,37.0,2025-05-18 13:15,finished,West Ham United,Nottingham Forest,37.0,14.0,1.0,2.0,6.948098758718998,6.97584436360888,16.086776337758433,17.00813371480219
12436586,2024-2025,37.0,2025-05-18 14:00,finished,Brentford,Fulham,50.0,43.0,2.0,3.0,7.059278042251659,6.972640705002638,17.03510147804698,16.541163248927866
12436534,2024-2025,37.0,2025-05-18 14:00,finished,Leicester City,Ipswich Town,31.0,32.0,2.0,0.0,6.851367024191554,6.833779205103099,15.543210582007333,15.834824443622601
12436585,2024-2025,37.0,2025-05-18 15:30,finished,Arsenal,Newcastle United,42.0,39.0,1.0,0.0,7.0932709225453285,6.995628203808828,17.531497781910204,16.817461745495137
12436590,2024-2025,37.0,2025-05-19 19:00,finished,Brighton & Hove Albion,Liverpool,30.0,44.0,3.0,2.0,6.9802841420339385,7.160102588703641,16.88481251900634,17.374393261637433
12436592,2024-2025,37.0,2025-05-20 19:00,finished,Crystal Palace,Wolverhampton,7.0,3.0,4.0,2.0,6.940630288492414,6.895484270210745,16.269369676363958,16.296920352110238
13854588,2024-2025,37.0,2025-05-20 19:00,finished,Manchester City,Bournemouth,17.0,60.0,3.0,1.0,7.2391733153895075,6.9493910341138125,17.183817174064696,17.115713886531537
12436549,2024-2025,38.0,2025-05-25 15:00,finished,Southampton,Arsenal,45.0,42.0,1.0,2.0,6.8047452446747565,7.060301342855468,15.923177754314366,16.884268434492558
12436538,2024-2025,38.0,2025-05-25 15:00,finished,Ipswich Town,West Ham United,32.0,37.0,1.0,3.0,6.7698557381316,6.933732912101281,15.644174788092528,16.142777442109466
12436536,2024-2025,38.0,2025-05-25 15:00,finished,Bournemouth,Leicester City,60.0,31.0,2.0,0.0,6.9247230571765925,6.788609936384493,16.700867888177957,15.628400773346568
12436557,2024-2025,38.0,2025-05-25 15:00,finished,Tottenham Hotspur,Brighton & Hove Albion,33.0,30.0,1.0,4.0,6.945265408230686,6.991094599772921,17.339402335768575,17.042379076259135
12436541,2024-2025,38.0,2025-05-25 15:00,finished,Newcastle United,Everton,39.0,48.0,0.0,1.0,7.023743359573938,6.964414571763686,17.104059449590316,16.030051194265393
12436548,2024-2025,38.0,2025-05-25 15:00,finished,Liverpool,Crystal Palace,44.0,7.0,1.0,1.0,7.178427699487167,6.958780248712473,17.480779867552236,16.922195237556444
12436540,2024-2025,38.0,2025-05-25 15:00,finished,Manchester United,Aston Villa,35.0,40.0,2.0,0.0,7.091931366806696,6.99211783485541,16.682086367712024,17.089350113778927
12436556,2024-2025,38.0,2025-05-25 15:00,finished,Nottingham Forest,Chelsea,14.0,38.0,0.0,1.0,6.980556443564612,7.131377681710302,17.00813371480219,17.709232635366075
12436542,2024-2025,38.0,2025-05-25 15:00,finished,Wolverhampton,Brentford,3.0,50.0,1.0,1.0,6.930671842247157,7.041429321709746,16.474098577137283,17.03510147804698
12436559,2024-2025,38.0,2025-05-25 15:00,finished,Fulham,Manchester City,43.0,17.0,0.0,2.0,6.982814108214674,7.203384591983977,16.006178865434514,17.415685983135447
14025013,2025-2026,1.0,2025-08-15 19:00,finished,Liverpool,Bournemouth,44.0,60.0,4.0,2.0,7.130450134607867,6.938098729215974,17.695225594801492,16.72307230167036
14025016,2025-2026,1.0,2025-08-16 11:30,finished,Aston Villa,Newcastle United,40.0,39.0,0.0,0.0,6.980771739908395,7.035613390324204,16.737434779334684,16.852094751172867
14025047,2025-2026,1.0,2025-08-16 14:00,finished,Tottenham Hotspur,Burnley,33.0,6.0,3.0,0.0,6.957140744593658,6.845489267429316,17.48611454008217,15.629410175061885
14025038,2025-2026,1.0,2025-08-16 14:00,finished,Sunderland,West Ham United,41.0,37.0,3.0,0.0,6.96561435279444,6.9546262531451015,16.549956548667495,16.663159710883264
14025020,2025-2026,1.0,2025-08-16 14:00,finished,Brighton & Hove Albion,Fulham,30.0,43.0,1.0,1.0,7.005511116620949,6.939155344212742,17.040098525214827,16.458571558797676
14025050,2025-2026,1.0,2025-08-16 16:30,finished,Wolverhampton,Manchester City,3.0,17.0,0.0,4.0,6.904083774987601,7.117977264121962,16.35985145868233,17.57187533281174
14025028,2025-2026,1.0,2025-08-17 13:00,finished,Nottingham Forest,Brentford,14.0,50.0,3.0,1.0,6.9894338313533755,6.882126507106091,17.059974537005534,16.884465494365216
14025053,2025-2026,1.0,2025-08-17 13:00,finished,Chelsea,Crystal Palace,38.0,7.0,0.0,0.0,7.102176667140021,6.9840645598936115,17.738579588213103,17.24721359866116
14025056,2025-2026,1.0,2025-08-17 15:30,finished,Manchester United,Arsenal,35.0,42.0,0.0,1.0,7.065445989183744,7.096700182712504,17.08500470103193,17.983064393049663
14025059,2025-2026,1.0,2025-08-18 19:00,finished,Leeds United,Everton,34.0,48.0,1.0,0.0,6.86346659374597,6.971092103083672,16.546440429699775,16.31269688363233
14025088,2025-2026,2.0,2025-08-22 19:00,finished,West Ham United,Chelsea,37.0,38.0,1.0,5.0,6.903229810875019,7.048441568728872,16.720110238707015,17.669200421260854
14025083,2025-2026,2.0,2025-08-23 11:30,finished,Manchester City,Tottenham Hotspur,17.0,33.0,0.0,2.0,7.162700352946183,7.032813921156665,17.653622862208284,17.40917437304855
14025071,2025-2026,2.0,2025-08-23 14:00,finished,Burnley,Sunderland,6.0,41.0,2.0,0.0,6.719488425713148,7.1958809691846986,15.885011281238066,16.63113321847451
14025062,2025-2026,2.0,2025-08-23 14:00,finished,Bournemouth,Wolverhampton,60.0,3.0,1.0,0.0,6.757499887676134,6.839694686787263,16.72307230167036,16.306353589773597
14025068,2025-2026,2.0,2025-08-23 14:00,finished,Brentford,Aston Villa,50.0,40.0,1.0,0.0,6.94192150705316,6.99187067689067,16.933121474173653,16.872116389245967
14025065,2025-2026,2.0,2025-08-23 16:30,finished,Arsenal,Leeds United,42.0,34.0,5.0,0.0,7.036763049201007,6.804763997248511,18.096331393361027,16.471983379845213
14025077,2025-2026,2.0,2025-08-24 13:00,finished,Everton,Brighton & Hove Albion,48.0,30.0,2.0,0.0,7.016022554346342,6.977112563099405,16.400564136002235,16.852696431016902
14025074,2025-2026,2.0,2025-08-24 13:00,finished,Crystal Palace,Nottingham Forest,7.0,14.0,1.0,1.0,6.949067943685071,7.028645369211035,17.047860309957738,17.059974537005534
14025080,2025-2026,2.0,2025-08-24 15:30,finished,Fulham,Manchester United,43.0,35.0,1.0,1.0,6.91917598058316,7.105829505592942,16.688358806918853,17.14261595194913
14147154,2025-2026,2.0,2025-08-25 19:00,finished,Newcastle United,Liverpool,39.0,44.0,2.0,3.0,7.034743366574461,7.1811002177558265,16.852094751172867,17.69762491290277
14025097,2025-2026,3.0,2025-08-30 11:30,finished,Chelsea,Fulham,38.0,43.0,2.0,0.0,7.0743576318050225,6.903955712627771,17.669200421260854,16.688358806918853
14025106,2025-2026,3.0,2025-08-30 14:00,finished,Manchester United,Burnley,35.0,6.0,3.0,2.0,7.121947959631168,6.8030184029667105,17.135878863571516,15.885011281238066
14025118,2025-2026,3.0,2025-08-30 14:00,finished,Wolverhampton,Everton,3.0,48.0,2.0,3.0,6.864192359167771,7.036210661233,16.487327251863917,16.432467344970302
14025115,2025-2026,3.0,2025-08-30 14:00,finished,Tottenham Hotspur,Bournemouth,33.0,60.0,0.0,1.0,7.033495933669223,6.8624542711351015,17.40917437304855,16.72307230167036
14025112,2025-2026,3.0,2025-08-30 14:00,finished,Sunderland,Brentford,41.0,50.0,2.0,1.0,6.752250741236878,6.95967522892405,16.591851175962105,16.933121474173653
14025100,2025-2026,3.0,2025-08-30 16:30,finished,Leeds United,Newcastle United,34.0,39.0,0.0,0.0,6.584879928698632,6.985772920398778,16.457059903936987,16.60754423517348
14025109,2025-2026,3.0,2025-08-31 13:00,finished,Nottingham Forest,West Ham United,14.0,37.0,0.0,3.0,6.993781550093403,6.881193405172221,17.059974537005534,16.658243446559723
14025094,2025-2026,3.0,2025-08-31 13:00,finished,Brighton & Hove Albion,Manchester City,30.0,17.0,2.0,1.0,6.895592981862149,7.1351107750020475,16.66315815761286,17.56792490884034
14025103,2025-2026,3.0,2025-08-31 15:30,finished,Liverpool,Arsenal,44.0,42.0,1.0,0.0,7.142050339672974,7.124265220783892,17.778989761396122,17.901084365158138
14025091,2025-2026,3.0,2025-08-31 18:00,finished,Aston Villa,Crystal Palace,40.0,7.0,0.0,3.0,6.960556964964212,6.949934131631926,16.776029337686655,17.091176323026044
14025124,2025-2026,4.0,2025-09-13 11:30,finished,Arsenal,Nottingham Forest,42.0,14.0,3.0,0.0,7.086811494131661,6.9688948031085145,17.830249273354482,17.033488009610924
14025145,2025-2026,4.0,2025-09-13 14:00,finished,Newcastle United,Wolverhampton,39.0,3.0,1.0,0.0,7.024321250392495,6.890942357155654,16.756078506604364,16.58768881718368
14025133,2025-2026,4.0,2025-09-13 14:00,finished,Crystal Palace,Sunderland,7.0,41.0,0.0,0.0,6.958235024507345,6.883243771099015,16.893683015312572,16.611646876205683
14025139,2025-2026,4.0,2025-09-13 14:00,finished,Fulham,Leeds United,43.0,34.0,1.0,0.0,6.909072293006783,6.803296318781803,16.76469977553265,16.212380042839907
14025136,2025-2026,4.0,2025-09-13 14:00,finished,Everton,Aston Villa,48.0,40.0,0.0,0.0,7.0072900357303745,6.953443653767414,16.365158248114803,16.718119939044655
14025121,2025-2026,4.0,2025-09-13 14:00,finished,Bournemouth,Brighton & Hove Albion,60.0,30.0,2.0,1.0,6.937837746320107,6.954264726962126,16.916026306801992,16.294228770903032
14025148,2025-2026,4.0,2025-09-13 16:30,finished,West Ham United,Tottenham Hotspur,37.0,33.0,0.0,3.0,6.910164652771733,7.015483913136168,16.751542685385946,17.511940461896994
14025127,2025-2026,4.0,2025-09-13 19:00,finished,Brentford,Chelsea,50.0,38.0,2.0,2.0,6.965187585908637,7.011890644435251,16.64978026467509,17.484988441502537
14025130,2025-2026,4.0,2025-09-14 13:00,finished,Burnley,Liverpool,6.0,44.0,0.0,1.0,6.770571857172154,7.126967875176519,15.798376929067853,17.778989761396122
14025142,2025-2026,4.0,2025-09-14 15:30,finished,Manchester City,Manchester United,17.0,35.0,3.0,0.0,7.243476363521711,7.0221855205311945,17.89277704539983,17.22528171329569
14025166,2025-2026,5.0,2025-09-20 11:30,finished,Liverpool,Everton,44.0,48.0,2.0,1.0,7.155855091076796,7.034731416647975,17.673766780606027,16.432467344970302
14025160,2025-2026,5.0,2025-09-20 14:00,finished,Burnley,Nottingham Forest,6.0,14.0,1.0,1.0,6.736738191274744,6.958239860261721,15.786237711556533,16.93042912227553
14025178,2025-2026,5.0,2025-09-20 14:00,finished,Wolverhampton,Leeds United,3.0,34.0,1.0,3.0,6.8009135590713585,6.733798051467212,16.609977931888228,16.212380042839907
14025157,2025-2026,5.0,2025-09-20 14:00,finished,Brighton & Hove Albion,Tottenham Hotspur,30.0,33.0,2.0,2.0,6.9512599870311655,7.026258711112735,16.909246323131338,17.398885538354662
14025175,2025-2026,5.0,2025-09-20 14:00,finished,West Ham United,Crystal Palace,37.0,7.0,1.0,2.0,6.902244910026384,6.882656169833052,16.601330310424327,17.088378899510882
14025169,2025-2026,5.0,2025-09-20 16:30,finished,Manchester United,Chelsea,35.0,38.0,2.0,1.0,7.019661643125263,7.147002192444315,16.957917770287636,17.843156709595856
14025163,2025-2026,5.0,2025-09-20 19:00,finished,Fulham,Brentford,43.0,50.0,3.0,1.0,6.90913032593285,6.972837429239914,16.76469977553265,16.72628637246402
14025151,2025-2026,5.0,2025-09-21 13:00,finished,Bournemouth,Newcastle United,60.0,39.0,0.0,0.0,6.9084312724026375,7.036602629411647,17.037140800409553,16.974886830443314
14025172,2025-2026,5.0,2025-09-21 13:00,finished,Sunderland,Aston Villa,41.0,40.0,1.0,1.0,6.959885273348193,6.899216127850656,16.559696853880006,16.797284234889677
14025154,2025-2026,5.0,2025-09-21 15:30,finished,Arsenal,Manchester City,42.0,17.0,1.0,1.0,7.118702087073069,7.258038172700362,17.838070985107233,17.89277704539983
14025184,2025-2026,6.0,2025-09-27 11:30,finished,Brentford,Manchester United,50.0,35.0,3.0,1.0,6.923714860762318,7.00084347609627,16.91119765082666,17.138975472575634
14025199,2025-2026,6.0,2025-09-27 14:00,finished,Manchester City,Burnley,17.0,6.0,5.0,1.0,7.205238477752044,6.734038870246365,17.92284574961892,15.786237711556533
14025196,2025-2026,6.0,2025-09-27 14:00,finished,Leeds United,Bournemouth,34.0,60.0,2.0,2.0,6.813359306980394,6.927486154163836,16.212380042839907,17.022320096644588
14025187,2025-2026,6.0,2025-09-27 14:00,finished,Chelsea,Brighton & Hove Albion,38.0,30.0,1.0,3.0,6.988781991196291,6.925986565713202,17.768548017669204,16.902750053678417
14025190,2025-2026,6.0,2025-09-27 14:00,finished,Crystal Palace,Liverpool,7.0,44.0,2.0,1.0,6.9362993463831835,7.09864801841077,17.25126612398616,17.753321338942314
14025205,2025-2026,6.0,2025-09-27 16:30,finished,Nottingham Forest,Sunderland,14.0,41.0,0.0,1.0,6.8560661259245625,6.939194129276036,16.77673809322632,16.4894068640406
14025208,2025-2026,6.0,2025-09-27 19:00,finished,Tottenham Hotspur,Wolverhampton,33.0,3.0,1.0,1.0,7.015423919958491,6.881820851685732,17.482929420426366,16.351560562362284
14025181,2025-2026,6.0,2025-09-28 13:00,finished,Aston Villa,Fulham,40.0,43.0,3.0,1.0,6.913278924054907,6.874088478410271,16.744381532667976,16.575063508057564
14025202,2025-2026,6.0,2025-09-28 15:30,finished,Newcastle United,Arsenal,39.0,42.0,1.0,2.0,7.012615815526768,7.157483416866358,17.218664393620628,17.9087661164036
14311407,2025-2026,6.0,2025-09-29 19:00,finished,Everton,West Ham United,48.0,37.0,1.0,1.0,7.026771644520628,6.871577297581196,16.432467344970302,16.756785500764877
14025211,2025-2026,7.0,2025-10-03 19:00,finished,Bournemouth,Fulham,60.0,43.0,3.0,1.0,6.906613949317972,6.851771349881247,16.96535124517295,16.656614359870858
14025225,2025-2026,7.0,2025-10-04 11:30,finished,Leeds United,Tottenham Hotspur,34.0,33.0,1.0,2.0,6.807960597739115,6.99861847530059,16.212380042839907,17.45333695123395
14025214,2025-2026,7.0,2025-10-04 14:00,finished,Arsenal,West Ham United,42.0,37.0,2.0,0.0,7.092309487473338,6.867762495343855,18.000498618261272,16.806905226684947
14025227,2025-2026,7.0,2025-10-04 14:00,finished,Manchester United,Sunderland,35.0,41.0,2.0,0.0,7.071998432850311,7.0295283432783435,17.2478415489411,16.353886011380894
14025221,2025-2026,7.0,2025-10-04 16:30,finished,Chelsea,Liverpool,38.0,44.0,2.0,1.0,7.06221874194438,7.151621868277291,17.57518857352162,17.752367209429533
14025229,2025-2026,7.0,2025-10-05 13:00,finished,Newcastle United,Nottingham Forest,39.0,14.0,2.0,0.0,7.038023794551278,6.923577346917944,17.07465347503428,16.75706436090909
14025217,2025-2026,7.0,2025-10-05 13:00,finished,Aston Villa,Burnley,40.0,6.0,2.0,1.0,6.890366867590021,6.691582567323064,16.928841165119476,15.768354957534164
14025231,2025-2026,7.0,2025-10-05 13:00,finished,Wolverhampton,Brighton & Hove Albion,3.0,30.0,1.0,1.0,6.8375554727404255,6.950646831382125,16.54926526431539,16.920587387219744
14025223,2025-2026,7.0,2025-10-05 13:00,finished,Everton,Crystal Palace,48.0,7.0,2.0,1.0,6.974740917288783,6.959371679747022,16.458620260647738,17.25126612398616
14025219,2025-2026,7.0,2025-10-05 15:30,finished,Brentford,Manchester City,50.0,17.0,0.0,1.0,6.937216553496862,7.183131384237131,16.844578338376447,17.871210837109285
14025245,2025-2026,8.0,2025-10-18 11:30,finished,Nottingham Forest,Chelsea,14.0,38.0,0.0,3.0,6.971198513415462,6.983005098497497,16.96192082693377,17.447785163258086
14025235,2025-2026,8.0,2025-10-18 14:00,finished,Burnley,Leeds United,6.0,34.0,2.0,0.0,6.83199748324186,6.766388637648862,15.901922370028155,16.157276787969877
14025233,2025-2026,8.0,2025-10-18 14:00,finished,Brighton & Hove Albion,Newcastle United,30.0,39.0,2.0,1.0,6.925583542660038,7.05739159947008,16.93233390826338,17.07465347503428
14025243,2025-2026,8.0,2025-10-18 14:00,finished,Manchester City,Everton,17.0,48.0,2.0,0.0,7.173398036787848,6.982860293898404,17.79906376693663,16.38000598048783
14025237,2025-2026,8.0,2025-10-18 14:00,finished,Crystal Palace,Bournemouth,7.0,60.0,3.0,3.0,6.970909579023495,6.9197244159427065,17.25126612398616,17.085686253854053
14025247,2025-2026,8.0,2025-10-18 14:00,finished,Sunderland,Wolverhampton,41.0,3.0,2.0,0.0,7.044710202602579,6.865093127451228,16.538367080289472,16.393544020967678
14025239,2025-2026,8.0,2025-10-18 16:30,finished,Fulham,Arsenal,43.0,42.0,0.0,1.0,6.876912776748093,7.075240112033436,16.160254717390924,17.994779179587585
14025249,2025-2026,8.0,2025-10-19 13:00,finished,Tottenham Hotspur,Aston Villa,33.0,40.0,1.0,2.0,6.954388495032716,6.931523280823638,17.351345328391073,17.02415304904068
14025241,2025-2026,8.0,2025-10-19 15:30,finished,Liverpool,Manchester United,44.0,35.0,1.0,2.0,7.162059582652949,7.25416730157057,17.752367209429533,17.119272714713862
14504827,2025-2026,8.0,2025-10-20 19:00,finished,West Ham United,Brentford,37.0,50.0,0.0,2.0,6.91260633307156,6.947724381726038,16.586020084313198,16.915501843608226
14025265,2025-2026,9.0,2025-10-24 19:00,finished,Leeds United,West Ham United,34.0,37.0,2.0,1.0,6.700156534507343,6.873988555711963,16.524530460277138,16.630076958006114
14025261,2025-2026,9.0,2025-10-25 14:00,finished,Chelsea,Sunderland,38.0,41.0,1.0,2.0,7.086224859248864,7.017193710908055,17.53762880500059,16.44928028530158
14025269,2025-2026,9.0,2025-10-25 14:00,finished,Newcastle United,Fulham,39.0,43.0,2.0,1.0,7.033193627514304,6.9275253157499375,16.853188339978047,16.41148911442638
14025267,2025-2026,9.0,2025-10-25 16:30,finished,Manchester United,Brighton & Hove Albion,35.0,30.0,4.0,2.0,7.135855205011384,6.922086700033635,17.33176551359218,16.909487142056026
14025259,2025-2026,9.0,2025-10-25 19:00,finished,Brentford,Liverpool,50.0,44.0,3.0,2.0,6.965276958874611,7.061227264167202,16.915501843608226,17.638562402804755
14025257,2025-2026,9.0,2025-10-26 14:00,finished,Aston Villa,Manchester City,40.0,17.0,1.0,0.0,6.964755513324681,7.175626880569638,16.991941581166408,17.695624821196972
14025271,2025-2026,9.0,2025-10-26 14:00,finished,Wolverhampton,Burnley,3.0,6.0,2.0,3.0,6.822790678098596,6.768367302753696,16.434228636730737,15.901922370028155
14025253,2025-2026,9.0,2025-10-26 14:00,finished,Bournemouth,Nottingham Forest,60.0,14.0,2.0,0.0,7.057915139592308,6.927700579884177,17.03636131548309,17.137813929421977
14025255,2025-2026,9.0,2025-10-26 14:00,finished,Arsenal,Crystal Palace,42.0,7.0,1.0,0.0,7.070402409765208,6.968756558678365,17.994779179587585,17.25126612398616
14025263,2025-2026,9.0,2025-10-26 16:30,finished,Everton,Tottenham Hotspur,48.0,33.0,0.0,3.0,7.018933462994858,6.963564032427353,16.432467344970302,17.369854324322095
14025279,2025-2026,10.0,2025-11-01 15:00,finished,Fulham,Wolverhampton,43.0,3.0,3.0,0.0,6.89524618875818,6.830305144305891,16.687284515355547,16.445824083222103
14025285,2025-2026,10.0,2025-11-01 15:00,finished,Nottingham Forest,Manchester United,14.0,35.0,2.0,2.0,6.906679749271252,7.116011934097397,17.137813929421977,17.33176551359218
14025277,2025-2026,10.0,2025-11-01 15:00,finished,Crystal Palace,Brentford,7.0,50.0,2.0,0.0,6.938910469927202,6.96685950698008,17.05657023978785,16.915501843608226
14025273,2025-2026,10.0,2025-11-01 15:00,finished,Brighton & Hove Albion,Leeds United,30.0,34.0,3.0,0.0,6.909063397887121,6.734185166904368,16.93233390826338,16.524530460277138
14025275,2025-2026,10.0,2025-11-01 15:00,finished,Burnley,Arsenal,6.0,42.0,0.0,2.0,6.803230841332837,7.059936759602351,15.806963727537441,17.994779179587585
14025289,2025-2026,10.0,2025-11-01 17:30,finished,Tottenham Hotspur,Chelsea,33.0,38.0,0.0,1.0,6.9337071584408045,7.077362523580876,17.312339282493188,17.680792068112474
14025281,2025-2026,10.0,2025-11-01 20:00,finished,Liverpool,Aston Villa,44.0,40.0,2.0,0.0,7.104428502032457,6.923683134496449,17.607825454273954,17.036712170720755
14025291,2025-2026,10.0,2025-11-02 14:00,finished,West Ham United,Newcastle United,37.0,39.0,3.0,1.0,6.890629960760851,6.988197506785755,16.73049944264753,16.928340937540273
14025283,2025-2026,10.0,2025-11-02 16:30,finished,Manchester City,Bournemouth,17.0,60.0,3.0,1.0,7.222837520651831,7.001733982049231,17.855009227481116,16.99149607824617
14723615,2025-2026,10.0,2025-11-03 20:00,finished,Sunderland,Everton,41.0,48.0,1.0,1.0,6.993487430697957,6.977175643886957,16.449280285301583,16.46787323285773
14025057,2025-2026,11.0,2025-11-08 12:30,finished,Tottenham Hotspur,Manchester United,33.0,35.0,2.0,2.0,6.9416446924437505,7.145066598331257,17.405305317192298,17.096666767431195
14025060,2025-2026,11.0,2025-11-08 15:00,finished,West Ham United,Burnley,37.0,6.0,3.0,2.0,6.886119691245667,6.7887861417142945,16.73049944264753,16.00066689445266
14025043,2025-2026,11.0,2025-11-08 15:00,finished,Everton,Fulham,48.0,43.0,2.0,0.0,6.925101057155277,6.930392673910544,16.453025500484703,16.63094635971872
14025054,2025-2026,11.0,2025-11-08 17:30,finished,Sunderland,Arsenal,41.0,42.0,2.0,2.0,6.98432985893163,7.115315979610654,16.44928028530158,17.926082130720197
14025023,2025-2026,11.0,2025-11-08 20:00,finished,Chelsea,Wolverhampton,38.0,3.0,3.0,0.0,7.039866106092723,6.811118728371395,17.637720763377413,16.62467250935759
14025033,2025-2026,11.0,2025-11-09 14:00,finished,Crystal Palace,Brighton & Hove Albion,7.0,30.0,0.0,0.0,6.959148167060122,6.950451865747045,17.022212698268046,16.932333908263384
14025014,2025-2026,11.0,2025-11-09 14:00,finished,Aston Villa,Bournemouth,40.0,60.0,4.0,0.0,6.964893951601433,6.916634635931695,16.991941581166408,16.767937538907287
14025017,2025-2026,11.0,2025-11-09 14:00,finished,Brentford,Newcastle United,50.0,39.0,3.0,1.0,6.935529224016781,7.019467930061844,16.91119765082666,16.909351771188792
14025051,2025-2026,11.0,2025-11-09 14:00,finished,Nottingham Forest,Leeds United,14.0,34.0,3.0,1.0,6.857600148959974,6.6911402038821395,17.05252019677741,16.50531137280942
14025048,2025-2026,11.0,2025-11-09 16:30,finished,Manchester City,Liverpool,17.0,44.0,3.0,0.0,7.200170614031401,7.036413921011782,17.855009227481116,17.648667975252735
14025072,2025-2026,12.0,2025-11-22 12:30,finished,Burnley,Chelsea,6.0,38.0,0.0,2.0,6.795362339837666,6.979968544035083,16.00066689445266,17.538495411417927
14025069,2025-2026,12.0,2025-11-22 15:00,finished,Brighton & Hove Albion,Brentford,30.0,50.0,2.0,1.0,6.948291267170156,6.968716983285848,17.06000863459201,16.915501843608226
14025090,2025-2026,12.0,2025-11-22 15:00,finished,Wolverhampton,Crystal Palace,3.0,7.0,0.0,2.0,6.781426682474307,6.952726776255084,16.71235896008668,17.25126612398616
14025081,2025-2026,12.0,2025-11-22 15:00,finished,Liverpool,Nottingham Forest,44.0,14.0,0.0,3.0,7.138298760340547,6.854017890083438,17.725304145078074,17.05252019677741
14025063,2025-2026,12.0,2025-11-22 15:00,finished,Bournemouth,West Ham United,60.0,37.0,2.0,2.0,6.940557107034341,6.874686464725539,16.921469749168935,16.57243167592549
14025075,2025-2026,12.0,2025-11-22 15:00,finished,Fulham,Sunderland,43.0,41.0,1.0,0.0,6.870931585012546,6.93259841102252,16.687284515355547,16.44928028530158
14025087,2025-2026,12.0,2025-11-22 17:30,finished,Newcastle United,Manchester City,39.0,17.0,2.0,1.0,7.002740743271901,7.193145205787935,17.16794646531199,17.855009227481116
14025078,2025-2026,12.0,2025-11-23 14:00,finished,Leeds United,Aston Villa,34.0,40.0,1.0,2.0,6.769003070820287,6.979513899754005,16.52613989265494,16.991941581166408
14025066,2025-2026,12.0,2025-11-23 16:30,finished,Arsenal,Tottenham Hotspur,42.0,33.0,4.0,1.0,7.08860275413612,6.967757596275468,17.887913599305627,17.327661903794787
14723574,2025-2026,12.0,2025-11-24 20:00,finished,Manchester United,Everton,35.0,48.0,0.0,1.0,7.042349233744758,6.942276039513849,17.144777584533884,16.121968539642577
14025096,2025-2026,13.0,2025-11-29 15:00,finished,Brentford,Burnley,50.0,6.0,3.0,1.0,6.956708024223769,6.787242090010735,16.851895361186692,15.923765991260627
14025114,2025-2026,13.0,2025-11-29 15:00,finished,Sunderland,Bournemouth,41.0,60.0,3.0,2.0,6.919996749078906,6.838373301343521,16.417928167651354,16.768346543986123
14025108,2025-2026,13.0,2025-11-29 15:00,finished,Manchester City,Leeds United,17.0,34.0,3.0,2.0,7.191785579804681,6.735997587649222,17.86902292564723,16.390640059723026
14025105,2025-2026,13.0,2025-11-29 17:30,finished,Everton,Newcastle United,48.0,39.0,1.0,4.0,6.922225432521879,6.95622304275513,16.699523749230067,17.220613587808938
14025117,2025-2026,13.0,2025-11-29 20:00,finished,Tottenham Hotspur,Fulham,33.0,43.0,1.0,2.0,6.903254850382336,6.900641749661459,17.334106877771294,16.587116941787407
14025102,2025-2026,13.0,2025-11-30 12:00,finished,Crystal Palace,Manchester United,7.0,35.0,1.0,2.0,6.9665465102106205,7.063713994315421,17.25126612398616,17.167383531816547
14025093,2025-2026,13.0,2025-11-30 14:05,finished,Aston Villa,Wolverhampton,40.0,3.0,1.0,0.0,6.9819210995895835,6.788866330656972,16.979382459486335,16.664023789566343
14025111,2025-2026,13.0,2025-11-30 14:05,finished,Nottingham Forest,Brighton & Hove Albion,14.0,30.0,0.0,2.0,6.8596088397678185,6.930630459652875,16.92886364034013,16.8399774925522
14025120,2025-2026,13.0,2025-11-30 14:05,finished,West Ham United,Liverpool,37.0,44.0,0.0,2.0,6.861574825782407,7.046787106342299,16.68331212486174,17.754688418702727
14025099,2025-2026,13.0,2025-11-30 16:30,finished,Chelsea,Arsenal,38.0,42.0,1.0,1.0,7.072653136449856,7.034168810676954,17.74161476165619,17.864913916172547
14025135,2025-2026,14.0,2025-12-02 19:30,finished,Fulham,Manchester City,43.0,17.0,4.0,5.0,6.924874062541878,7.191111053122361,16.591105002361342,17.86902292564723
14025123,2025-2026,14.0,2025-12-02 19:30,finished,Bournemouth,Everton,60.0,48.0,0.0,1.0,6.877404006418223,6.8986556590213155,17.0785880403408,16.82431363187226
14025141,2025-2026,14.0,2025-12-02 20:15,finished,Newcastle United,Tottenham Hotspur,39.0,33.0,2.0,2.0,6.976223531219012,6.9310935003685215,17.09731982999065,17.360101783075073
14025132,2025-2026,14.0,2025-12-03 19:30,finished,Burnley,Crystal Palace,6.0,7.0,0.0,1.0,6.770197665669027,6.96370497479189,15.941648745282997,17.115354527508313
14025144,2025-2026,14.0,2025-12-03 19:30,finished,Wolverhampton,Nottingham Forest,3.0,14.0,0.0,1.0,6.776819205359377,6.830115297910461,16.664023789566343,16.987441550921087
14025126,2025-2026,14.0,2025-12-03 19:30,finished,Arsenal,Brentford,42.0,50.0,2.0,0.0,7.028819501012936,6.895900433628929,17.706215673295375,16.754639164180286
14025129,2025-2026,14.0,2025-12-03 19:30,finished,Brighton & Hove Albion,Aston Villa,30.0,40.0,3.0,4.0,6.968795034232253,6.825822452177544,17.052323320161463,16.973048091818224
14025147,2025-2026,14.0,2025-12-03 20:15,finished,Liverpool,Sunderland,44.0,41.0,1.0,1.0,7.073691032772536,6.93681542692596,17.64885870090466,16.54250583171825
14025138,2025-2026,14.0,2025-12-03 20:15,finished,Leeds United,Chelsea,34.0,38.0,3.0,1.0,6.714604121244114,6.965562424168934,16.472370324504585,17.468718550453037
14025150,2025-2026,14.0,2025-12-04 20:00,finished,Manchester United,West Ham United,35.0,37.0,1.0,1.0,7.141679967232317,6.845795297387428,17.045478513543426,16.58035632119412
14025156,2025-2026,15.0,2025-12-06 12:30,finished,Aston Villa,Arsenal,40.0,42.0,2.0,1.0,6.969402624335842,7.0977948187599855,17.170872489760853,17.907493819219702
14025171,2025-2026,15.0,2025-12-06 15:00,finished,Manchester City,Sunderland,17.0,41.0,3.0,0.0,7.147046190583376,6.943958665401353,17.855009227481116,16.530456955108594
14025177,2025-2026,15.0,2025-12-06 15:00,finished,Tottenham Hotspur,Brentford,33.0,50.0,2.0,0.0,6.892134069644172,6.953976004091766,17.463485803229066,16.915501843608226
14025174,2025-2026,15.0,2025-12-06 15:00,finished,Newcastle United,Burnley,39.0,6.0,2.0,1.0,6.969582701384547,6.830462905568157,17.112532692603608,15.768188723643375
14025162,2025-2026,15.0,2025-12-06 15:00,finished,Everton,Nottingham Forest,48.0,14.0,3.0,0.0,6.938615274129649,6.845850300365566,16.714371481603095,16.987441550921087
14025153,2025-2026,15.0,2025-12-06 15:00,finished,Bournemouth,Chelsea,60.0,38.0,0.0,0.0,6.860883986538891,7.09747555409011,16.774814165441086,17.62240218053734
14025168,2025-2026,15.0,2025-12-06 17:30,finished,Leeds United,Liverpool,34.0,44.0,3.0,3.0,6.778470089514868,7.01011783057044,16.538042641571398,17.70937143394641
14025159,2025-2026,15.0,2025-12-07 14:00,finished,Brighton & Hove Albion,West Ham United,30.0,37.0,1.0,1.0,6.936129854632637,6.868956465705824,16.909487142056026,16.80502452205266
14025165,2025-2026,15.0,2025-12-07 16:30,finished,Fulham,Crystal Palace,43.0,7.0,1.0,2.0,6.968517047324048,6.9438089340685965,16.517774084366295,16.815714345428894
14912436,2025-2026,15.0,2025-12-08 20:00,finished,Wolverhampton,Manchester United,3.0,35.0,1.0,4.0,6.791324506958045,7.1590097473024565,16.523060388438054,17.05540572190388
14025192,2025-2026,16.0,2025-12-13 15:00,finished,Chelsea,Everton,38.0,48.0,2.0,0.0,7.123989528768984,6.967772423751753,17.676750998787853,16.46787323285773
14025198,2025-2026,16.0,2025-12-13 15:00,finished,Liverpool,Brighton & Hove Albion,44.0,30.0,2.0,0.0,7.003206585434043,6.929493741800687,17.66442124864844,17.085142715210313
14025189,2025-2026,16.0,2025-12-13 17:30,finished,Burnley,Fulham,6.0,43.0,2.0,3.0,6.742076423233406,6.956894294161613,15.938093187999668,16.62817809383841
14025183,2025-2026,16.0,2025-12-13 20:00,finished,Arsenal,Wolverhampton,42.0,3.0,2.0,1.0,7.024770033329708,6.8354811138184965,17.965443716214256,16.43150161013541
14025204,2025-2026,16.0,2025-12-14 14:00,finished,Nottingham Forest,Tottenham Hotspur,14.0,33.0,3.0,0.0,6.8877701094768815,6.926622697625319,17.100056946945156,17.463485803229066
14025210,2025-2026,16.0,2025-12-14 14:00,finished,West Ham United,Aston Villa,37.0,40.0,2.0,3.0,6.868759174445799,6.891164396762335,16.820616398479,16.867730880295763
14025207,2025-2026,16.0,2025-12-14 14:00,finished,Sunderland,Newcastle United,41.0,39.0,1.0,0.0,6.864309342876996,7.024083313080163,16.429451049982188,17.34244603556832
14025195,2025-2026,16.0,2025-12-14 14:00,finished,Crystal Palace,Manchester City,7.0,17.0,0.0,3.0,6.937883459708456,7.143265833421393,16.878727725479795,17.859444696951062
14025186,2025-2026,16.0,2025-12-14 16:30,finished,Brentford,Leeds United,50.0,34.0,1.0,1.0,6.922004741585823,6.74765371432184,16.762519838459415,16.563080105372418
15035359,2025-2026,16.0,2025-12-15 20:00,finished,Manchester United,Bournemouth,35.0,60.0,4.0,4.0,7.117791263206479,6.871555887660114,17.136069648722142,16.755937859552155
14025228,2025-2026,17.0,2025-12-20 12:30,finished,Newcastle United,Chelsea,39.0,38.0,2.0,2.0,7.031222612984248,7.120362613802382,17.231775505163476,17.707497624342306
14025226,2025-2026,17.0,2025-12-20 15:00,finished,Manchester City,West Ham United,17.0,37.0,3.0,0.0,7.155683789859628,6.87671003159075,17.859444696951062,16.668127204202438
14025213,2025-2026,17.0,2025-12-20 15:00,finished,Bournemouth,Burnley,60.0,6.0,1.0,1.0,6.871320329384313,6.6470388385549235,16.976009036454823,15.433169838441085
14025218,2025-2026,17.0,2025-12-20 15:00,finished,Brighton & Hove Albion,Sunderland,30.0,41.0,0.0,0.0,6.857145204185701,6.908797054469602,17.007761854288848,16.67906065557939
14025232,2025-2026,17.0,2025-12-20 15:00,finished,Wolverhampton,Brentford,3.0,50.0,0.0,2.0,6.806043143585331,6.8922928654501305,16.24927578977342,16.97638849285063
14025230,2025-2026,17.0,2025-12-20 17:30,finished,Tottenham Hotspur,Liverpool,33.0,44.0,1.0,2.0,6.905176664771113,7.036839214633795,17.501461730565428,17.73918114974298
14025220,2025-2026,17.0,2025-12-20 20:00,finished,Everton,Arsenal,48.0,42.0,0.0,1.0,6.914717429944734,7.0355211187287034,16.583245679078463,17.972302715688198
14025224,2025-2026,17.0,2025-12-20 20:00,finished,Leeds United,Crystal Palace,34.0,7.0,4.0,1.0,6.74814089051767,6.938226885250984,16.59592500444469,16.741809947213206
14025216,2025-2026,17.0,2025-12-21 16:30,finished,Aston Villa,Manchester United,40.0,35.0,2.0,1.0,6.971540094564233,6.974810631476788,17.034487160627297,17.197204283189404
14907281,2025-2026,17.0,2025-12-22 20:00,finished,Fulham,Nottingham Forest,43.0,14.0,1.0,0.0,6.916956665122587,6.960167476481647,16.47907524744381,17.114633551497445
14025246,2025-2026,18.0,2025-12-26 20:00,finished,Manchester United,Newcastle United,35.0,39.0,1.0,0.0,6.994811399818089,7.024558940481118,17.020481439137587,17.231775505163476
14025248,2025-2026,18.0,2025-12-27 12:30,finished,Nottingham Forest,Manchester City,14.0,17.0,1.0,2.0,6.911820809382046,7.178053062073056,17.059361790386568,17.859444696951062
14025236,2025-2026,18.0,2025-12-27 15:00,finished,Brentford,Bournemouth,50.0,60.0,4.0,1.0,6.88690877449236,6.881965169580043,16.929425826624925,16.654933864036696
14025238,2025-2026,18.0,2025-12-27 15:00,finished,Burnley,Everton,6.0,48.0,0.0,0.0,6.731328254967862,6.906054869425571,15.484284840822967,16.554576879568646
14025252,2025-2026,18.0,2025-12-27 15:00,finished,West Ham United,Fulham,37.0,43.0,0.0,1.0,6.869468240135308,6.953914209974363,16.66812720420244,16.47907524744381
14025234,2025-2026,18.0,2025-12-27 15:00,finished,Arsenal,Brighton & Hove Albion,42.0,30.0,2.0,1.0,7.035051003943863,6.974211884299861,17.882567041226352,16.893219062754635
14025244,2025-2026,18.0,2025-12-27 15:00,finished,Liverpool,Wolverhampton,44.0,3.0,2.0,1.0,6.967793682812217,6.790074557049452,17.614327426444436,15.878508173605491
14025240,2025-2026,18.0,2025-12-27 17:30,finished,Chelsea,Aston Villa,38.0,40.0,1.0,2.0,7.139747115217816,6.958207871725784,17.7358953229825,16.94608933178178
14025250,2025-2026,18.0,2025-12-28 14:00,finished,Sunderland,Leeds United,41.0,34.0,1.0,1.0,6.884219753511538,6.776642483121501,16.600813302786722,16.59592500444469
14025242,2025-2026,18.0,2025-12-28 16:30,finished,Crystal Palace,Tottenham Hotspur,7.0,33.0,0.0,1.0,6.905973474223185,6.865305309652049,16.56943228650721,17.332427216301515
14025260,2025-2026,19.0,2025-12-30 19:30,finished,Chelsea,Bournemouth,38.0,60.0,2.0,2.0,7.059592079355917,6.8763440762515184,17.63420016497901,16.920016688034465
14025258,2025-2026,19.0,2025-12-30 19:30,finished,Burnley,Newcastle United,6.0,39.0,1.0,3.0,6.680835392827694,7.053454277322735,15.731513310467788,17.17362337734889
14025272,2025-2026,19.0,2025-12-30 19:30,finished,West Ham United,Brighton & Hove Albion,37.0,30.0,2.0,2.0,6.893033110976597,6.967950816571121,16.530822930585177,16.30202286659667
14025268,2025-2026,19.0,2025-12-30 19:30,finished,Nottingham Forest,Everton,14.0,48.0,0.0,2.0,6.935258538623997,6.844937465861006,17.064799835405744,16.725406245022707
14025266,2025-2026,19.0,2025-12-30 20:15,finished,Manchester United,Wolverhampton,35.0,3.0,1.0,1.0,6.957657207746576,6.703721299241605,17.010554230777135,15.85782969974561
14025254,2025-2026,19.0,2025-12-30 20:15,finished,Arsenal,Aston Villa,42.0,40.0,4.0,1.0,7.03356024242702,6.957721772130636,17.88634487023632,16.831053714819337
14025264,2025-2026,19.0,2026-01-01 17:30,finished,Liverpool,Leeds United,44.0,34.0,0.0,0.0,7.0590251874745436,6.8024407688643445,17.554347991306404,16.371586321943415
14025262,2025-2026,19.0,2026-01-01 17:30,finished,Crystal Palace,Fulham,7.0,43.0,1.0,1.0,6.893463042077898,6.9444970718843955,16.56943228650721,16.47907524744381
14025256,2025-2026,19.0,2026-01-01 20:00,finished,Brentford,Tottenham Hotspur,50.0,33.0,0.0,0.0,6.914739054721689,6.9538340792031414,16.771492073539108,17.369040980141204
14025270,2025-2026,19.0,2026-01-01 20:00,finished,Sunderland,Manchester City,41.0,17.0,0.0,0.0,6.870851219194242,7.185489416564123,16.577641280093196,17.709027521115917
14025276,2025-2026,20.0,2026-01-03 12:30,finished,Aston Villa,Nottingham Forest,40.0,14.0,3.0,1.0,6.960787097097745,6.809228682488655,16.958648453461855,17.073531021680285
14025292,2025-2026,20.0,2026-01-03 15:00,finished,Wolverhampton,West Ham United,3.0,37.0,3.0,0.0,6.707860988954138,6.883383998308079,16.022715006649864,16.45507967375212
14025278,2025-2026,20.0,2026-01-03 15:00,finished,Brighton & Hove Albion,Burnley,30.0,6.0,2.0,0.0,6.914079333157358,6.731171732086962,16.811092942114794,15.627622224362199
14025274,2025-2026,20.0,2026-01-03 17:30,finished,Bournemouth,Arsenal,60.0,42.0,2.0,3.0,6.880755426127757,7.037797257492077,16.920016688034465,17.98377101435428
14025284,2025-2026,20.0,2026-01-04 12:30,finished,Leeds United,Manchester United,34.0,35.0,1.0,1.0,6.8166657314949815,6.956840968640687,16.449736981131174,17.071802330295572
14025290,2025-2026,20.0,2026-01-04 15:00,finished,Tottenham Hotspur,Sunderland,33.0,41.0,1.0,1.0,6.946243984634682,6.923888226692674,17.21704477383071,16.577641280093196
14025288,2025-2026,20.0,2026-01-04 15:00,finished,Newcastle United,Crystal Palace,39.0,7.0,2.0,0.0,7.0553016048966475,6.923432636059405,17.089016152864684,16.714556452949644
14025280,2025-2026,20.0,2026-01-04 15:00,finished,Everton,Brentford,48.0,50.0,2.0,4.0,6.925887629224985,6.922142314428226,16.642444131938547,16.962136250619782
14025282,2025-2026,20.0,2026-01-04 15:15,finished,Fulham,Liverpool,43.0,44.0,2.0,2.0,6.944751726761002,7.060639922331446,16.041384373524735,17.721930555626482
14025286,2025-2026,20.0,2026-01-04 17:30,finished,Manchester City,Chelsea,17.0,38.0,1.0,1.0,7.219298438578087,7.080419151140919,17.891108941884536,17.572877106017685
14025055,2025-2026,21.0,2026-01-06 20:00,finished,West Ham United,Nottingham Forest,37.0,14.0,1.0,2.0,6.879303198657811,6.9060183948899345,16.70586919836234,17.072455161894194
14025061,2025-2026,21.0,2026-01-07 19:30,finished,Manchester City,Brighton & Hove Albion,17.0,30.0,1.0,1.0,7.144376696187879,6.959165070301839,17.318516208987536,16.77777944613609
14025027,2025-2026,21.0,2026-01-07 19:30,finished,Brentford,Sunderland,50.0,41.0,3.0,0.0,6.911272768214413,6.9436395862916305,16.929425826624925,16.67906065557939
14025046,2025-2026,21.0,2026-01-07 19:30,finished,Everton,Wolverhampton,48.0,3.0,1.0,1.0,6.951493514637996,6.789864031603383,16.356091136176616,16.022715006649864
14025058,2025-2026,21.0,2026-01-07 19:30,finished,Crystal Palace,Aston Villa,7.0,40.0,0.0,0.0,6.996130754582879,6.979408676221436,17.051044647523835,16.870275587047647
14025049,2025-2026,21.0,2026-01-07 19:30,finished,Fulham,Chelsea,43.0,38.0,2.0,1.0,6.946217536695156,7.069612571390988,16.117138356461385,17.656743894209555
14025015,2025-2026,21.0,2026-01-07 19:30,finished,Bournemouth,Tottenham Hotspur,60.0,33.0,3.0,2.0,6.900671714364122,6.924909205261517,16.912835558168982,17.405895942708703
14025037,2025-2026,21.0,2026-01-07 20:15,finished,Burnley,Manchester United,6.0,35.0,2.0,2.0,6.660340151680254,7.038203961364437,15.800447714007833,17.042628901197382
14025052,2025-2026,21.0,2026-01-07 20:15,finished,Newcastle United,Leeds United,39.0,34.0,4.0,3.0,7.034312577844193,6.823546294376709,17.2482579729916,16.52918907951393
14025019,2025-2026,21.0,2026-01-08 20:00,finished,Arsenal,Liverpool,42.0,44.0,0.0,0.0,7.049956479971755,7.058933591552924,18.004727710591716,17.724291963481324
14025079,2025-2026,22.0,2026-01-17 12:30,finished,Manchester United,Manchester City,35.0,17.0,2.0,0.0,7.10680425212803,7.235182473150489,17.052115405632545,17.34774306688004
14025070,2025-2026,22.0,2026-01-17 15:00,finished,Chelsea,Brentford,38.0,50.0,2.0,0.0,7.132027549090131,6.9475552473823505,17.75299098039186,16.958768862285204
14025073,2025-2026,22.0,2026-01-17 15:00,finished,Leeds United,Fulham,34.0,43.0,1.0,0.0,6.800851840217069,6.911827585360931,16.104348047843658,16.415987907450457
14025085,2025-2026,22.0,2026-01-17 15:00,finished,Sunderland,Crystal Palace,41.0,7.0,2.0,1.0,6.920739267609366,6.897326423613981,16.429971799354465,16.895573607458928
14025076,2025-2026,22.0,2026-01-17 15:00,finished,Liverpool,Burnley,44.0,6.0,1.0,1.0,7.048701938496615,6.707029987764403,17.724558168915788,15.880829751946255
14025089,2025-2026,22.0,2026-01-17 15:00,finished,Tottenham Hotspur,West Ham United,33.0,37.0,1.0,2.0,6.887123859910584,6.828589114469792,17.234132414211896,16.580092532203427
14025082,2025-2026,22.0,2026-01-17 17:30,finished,Nottingham Forest,Arsenal,14.0,42.0,0.0,0.0,6.932412782584132,7.030235365748521,17.054572407871827,17.935334238855663
14025092,2025-2026,22.0,2026-01-18 14:00,finished,Wolverhampton,Newcastle United,3.0,39.0,0.0,0.0,6.797558569999637,7.053372675207566,16.076212875558596,17.205261275639398
14025064,2025-2026,22.0,2026-01-18 16:30,finished,Aston Villa,Everton,40.0,48.0,0.0,1.0,6.916911509006848,6.940767747454567,16.98480136913929,16.506362346116273
15129445,2025-2026,22.0,2026-01-19 20:00,finished,Brighton & Hove Albion,Bournemouth,30.0,60.0,1.0,1.0,6.952036272581439,6.856764142790535,16.406963531146,16.79118150668485
14025122,2025-2026,23.0,2026-01-24 12:30,finished,West Ham United,Sunderland,37.0,41.0,3.0,1.0,6.7508521532946215,6.866233932124729,16.58009253220343,16.481090670227296
14025116,2025-2026,23.0,2026-01-24 15:00,finished,Manchester City,Wolverhampton,17.0,3.0,2.0,0.0,7.116480284260348,6.807575772153626,17.699839751462335,16.05649351178009
14025104,2025-2026,23.0,2026-01-24 15:00,finished,Burnley,Tottenham Hotspur,6.0,33.0,2.0,2.0,6.765810484888932,6.94452890046183,15.880829751946255,17.341531187171345
14025113,2025-2026,23.0,2026-01-24 15:00,finished,Fulham,Brighton & Hove Albion,43.0,30.0,2.0,1.0,6.945004086326594,6.995546991859641,16.534352266606735,16.66190524780383
14025095,2025-2026,23.0,2026-01-24 17:30,finished,Bournemouth,Liverpool,60.0,44.0,3.0,2.0,6.816176901283999,7.102350540797093,16.467089691012017,17.596445890696334
14025101,2025-2026,23.0,2026-01-25 14:00,finished,Brentford,Nottingham Forest,50.0,14.0,0.0,2.0,6.934231053721783,6.936510142409167,16.958768862285204,17.054572407871827
14025107,2025-2026,23.0,2026-01-25 14:00,finished,Crystal Palace,Chelsea,7.0,38.0,1.0,3.0,7.017316919342061,7.0430683401730585,17.124020851642175,17.702452678375057
14025119,2025-2026,23.0,2026-01-25 14:00,finished,Newcastle United,Aston Villa,39.0,40.0,0.0,2.0,7.058515186971195,6.948394763488406,17.012510045075754,17.119138230799
14025098,2025-2026,23.0,2026-01-25 16:30,finished,Arsenal,Manchester United,42.0,35.0,2.0,3.0,7.124463718674257,7.112247517822135,17.9006247738369,17.052115405632545
15129439,2025-2026,23.0,2026-01-26 20:00,finished,Everton,Leeds United,48.0,34.0,1.0,1.0,6.9119899650660805,6.825171580168927,16.30707020017331,15.997801348712766
14025152,2025-2026,24.0,2026-01-31 15:00,finished,Wolverhampton,Bournemouth,3.0,60.0,0.0,2.0,6.817802224397258,6.839823152128759,16.07385405678431,16.467089691012017
14025134,2025-2026,24.0,2026-01-31 15:00,finished,Leeds United,Arsenal,34.0,42.0,0.0,4.0,6.816333125996784,6.98136562148733,16.102492695877185,17.881082422147724
14025128,2025-2026,24.0,2026-01-31 15:00,finished,Brighton & Hove Albion,Everton,30.0,48.0,1.0,1.0,6.956408792978624,6.941982399741249,16.70097655814591,16.24012503987956
14025131,2025-2026,24.0,2026-01-31 17:30,finished,Chelsea,West Ham United,38.0,37.0,3.0,2.0,6.993358617500108,6.734776582902123,17.576875675673982,16.705494485097258
14025137,2025-2026,24.0,2026-01-31 20:00,finished,Liverpool,Newcastle United,44.0,39.0,4.0,1.0,7.116931748396152,7.0174019885200325,17.778989761396122,16.867919845699188
14025140,2025-2026,24.0,2026-02-01 14:00,finished,Manchester United,Fulham,35.0,43.0,3.0,2.0,7.1275507220009535,6.954662813432475,17.13922949026647,16.434184693038596
14025125,2025-2026,24.0,2026-02-01 14:00,finished,Aston Villa,Brentford,40.0,50.0,0.0,1.0,6.882641863022437,6.931870885598826,16.899786195444847,16.74672903899941
14025143,2025-2026,24.0,2026-02-01 14:00,finished,Nottingham Forest,Crystal Palace,14.0,7.0,1.0,1.0,6.944463476981357,6.906852460481182,17.054572407871827,16.846280512438607
14025149,2025-2026,24.0,2026-02-01 16:30,finished,Tottenham Hotspur,Manchester City,33.0,17.0,2.0,2.0,6.858585262236108,7.10618724490492,17.250630326771347,17.758225397415597
15129444,2025-2026,24.0,2026-02-02 20:00,finished,Sunderland,Burnley,41.0,6.0,3.0,0.0,6.823865361691449,6.746107966958373,16.64846097021808,15.892090613920146
14025170,2025-2026,25.0,2026-02-06 20:00,finished,Leeds United,Nottingham Forest,34.0,14.0,3.0,1.0,6.786655167343479,6.935495958663353,16.104348047843658,16.50861564348778
14025176,2025-2026,25.0,2026-02-07 12:30,finished,Manchester United,Tottenham Hotspur,35.0,33.0,2.0,0.0,7.134521280819661,6.9256417451376455,17.13922949026647,17.431400305268994
14025182,2025-2026,25.0,2026-02-07 15:00,finished,Wolverhampton,Chelsea,3.0,38.0,1.0,3.0,6.808381726834775,7.088719267774139,15.772675190336031,17.740435748120344
14025158,2025-2026,25.0,2026-02-07 15:00,finished,Arsenal,Sunderland,42.0,41.0,3.0,0.0,7.07428811200283,6.866335803351354,17.78272302190396,16.64846097021808
14025167,2025-2026,25.0,2026-02-07 15:00,finished,Fulham,Everton,43.0,48.0,1.0,2.0,6.910930902803847,6.935517074777135,16.388688071517645,16.188257325473412
14025164,2025-2026,25.0,2026-02-07 15:00,finished,Burnley,West Ham United,6.0,37.0,0.0,2.0,6.742051006886211,6.832480629712017,15.998835758206248,16.742771779738288
14025155,2025-2026,25.0,2026-02-07 15:00,finished,Bournemouth,Aston Villa,60.0,40.0,1.0,1.0,6.874097912612341,6.96594965178827,16.816329891799867,16.82138868309327
14025179,2025-2026,25.0,2026-02-07 17:30,finished,Newcastle United,Brentford,39.0,50.0,2.0,3.0,7.05572357957409,6.915218710910074,16.934372225422216,16.69772935711462
14025161,2025-2026,25.0,2026-02-08 14:00,finished,Brighton & Hove Albion,Crystal Palace,30.0,7.0,0.0,1.0,6.965976734431806,6.919602248603538,16.376740623093475,17.007018288371075
14025173,2025-2026,25.0,2026-02-08 16:30,finished,Liverpool,Manchester City,44.0,17.0,1.0,2.0,7.135757544531757,7.112027451887922,17.778989761396122,17.783106836549873
14025200,2025-2026,26.0,2026-02-10 19:30,finished,Tottenham Hotspur,Newcastle United,33.0,39.0,1.0,2.0,6.85826109874127,7.009407005697031,17.278534519886534,16.886557036341074
14025188,2025-2026,26.0,2026-02-10 19:30,finished,Chelsea,Leeds United,38.0,34.0,2.0,2.0,7.073110529376657,6.79764758461871,17.73489806654236,15.884102834664695
14025191,2025-2026,26.0,2026-02-10 19:30,finished,Everton,Bournemouth,48.0,60.0,1.0,2.0,6.9162015797385985,6.9836669132071245,16.685846528743784,16.69760148800262
14025203,2025-2026,26.0,2026-02-10 20:15,finished,West Ham United,Manchester United,37.0,35.0,1.0,1.0,6.86494032961534,7.137016356219266,16.784637678401122,17.13922949026647
14025209,2025-2026,26.0,2026-02-11 19:30,finished,Crystal Palace,Burnley,7.0,6.0,2.0,3.0,6.857792715647782,6.739924792977002,17.065477319605364,15.750827489843916
14025194,2025-2026,26.0,2026-02-11 19:30,finished,Nottingham Forest,Wolverhampton,14.0,3.0,0.0,0.0,6.941018819092133,6.818059009315308,16.987619281360704,16.054572951633716
14025206,2025-2026,26.0,2026-02-11 19:30,finished,Aston Villa,Brighton & Hove Albion,40.0,30.0,1.0,0.0,6.911046461935427,6.959186223458034,16.875873899105166,16.469976911196905
14025212,2025-2026,26.0,2026-02-11 19:30,finished,Manchester City,Fulham,17.0,43.0,3.0,0.0,7.144757333947846,6.916816943623308,17.850918943065707,16.582681472317457
14025197,2025-2026,26.0,2026-02-11 20:15,finished,Sunderland,Liverpool,41.0,44.0,0.0,1.0,6.860394939830781,7.120867055022244,16.550387364638812,17.417001032838183
14025185,2025-2026,26.0,2026-02-12 20:00,finished,Brentford,Arsenal,50.0,42.0,1.0,1.0,6.880288774581943,7.003430459738709,16.91496539984041,17.81905250360421
14025018,2025-2026,31.0,2026-02-18 20:00,finished,Wolverhampton,Arsenal,3.0,42.0,2.0,2.0,6.806859745055456,7.01510689778949,16.014131026260852,18.029765163306262
14024006,2025-2026,27.0,2026-02-21 15:00,finished,Brentford,Brighton & Hove Albion,50.0,30.0,0.0,2.0,6.881373957823455,6.9804789516949795,16.656389706467806,16.28485404174693
14025215,2025-2026,27.0,2026-02-21 15:00,finished,Aston Villa,Leeds United,40.0,34.0,1.0,1.0,6.945345721723043,6.8204559174643995,16.91193911687316,16.102492695877185
14024007,2025-2026,27.0,2026-02-21 15:00,finished,Chelsea,Burnley,38.0,6.0,1.0,1.0,7.118914446582644,6.7575094490327965,17.74216740220859,15.750827489843916
14023969,2025-2026,27.0,2026-02-21 17:30,finished,West Ham United,Bournemouth,37.0,60.0,0.0,0.0,6.8515809102047305,6.933452529532891,16.855921220107092,16.874575410453268
14024010,2025-2026,27.0,2026-02-21 20:00,finished,Manchester City,Newcastle United,17.0,39.0,2.0,1.0,7.134842738705,6.985148312926981,17.844732264588885,16.937205304976178
14024011,2025-2026,27.0,2026-02-22 14:00,finished,Sunderland,Fulham,41.0,43.0,1.0,3.0,6.8601429622531835,6.920740863822923,16.31606662466896,16.6828490458856
14024008,2025-2026,27.0,2026-02-22 14:00,finished,Crystal Palace,Wolverhampton,7.0,3.0,1.0,0.0,6.876498153782183,6.748726594987795,16.982883663237416,16.016900045123098
14024013,2025-2026,27.0,2026-02-22 14:00,finished,Nottingham Forest,Liverpool,14.0,44.0,0.0,1.0,6.919735749755944,7.126754524191754,17.088429071590635,17.686592107720568
14024012,2025-2026,27.0,2026-02-22 16:30,finished,Tottenham Hotspur,Arsenal,33.0,42.0,1.0,4.0,6.8450626941546115,7.033759776692239,17.23288979772315,17.989035643076537
15238290,2025-2026,27.0,2026-02-23 20:00,finished,Everton,Manchester United,48.0,35.0,0.0,1.0,6.930584188964179,7.091204472433435,16.22527730750653,17.168402919364663
14023979,2025-2026,28.0,2026-02-27 20:00,Ended,Wolverhampton,Aston Villa,3.0,40.0,2.0,0.0,6.788059655361218,6.95765076442525,16.089751023777662,16.984977911758904
14023970,2025-2026,28.0,2026-02-28 12:30,Ended,Bournemouth,Sunderland,60.0,41.0,1.0,1.0,6.896347411631908,6.841279496951746,16.762377116715356,16.74197324360694
14023976,2025-2026,28.0,2026-02-28 15:00,Ended,Liverpool,West Ham United,44.0,37.0,5.0,2.0,7.124623473697462,6.867538267513018,17.59900687951149,16.855921220107092
14023975,2025-2026,28.0,2026-02-28 15:00,Ended,Burnley,Brentford,6.0,50.0,3.0,4.0,6.767100765316468,6.833509336427648,15.64841677947514,16.819779968688312
14023977,2025-2026,28.0,2026-02-28 15:00,Ended,Newcastle United,Everton,39.0,48.0,2.0,3.0,6.995701336618128,6.9897664254379315,16.996871960197744,16.66158630650111
14023974,2025-2026,28.0,2026-02-28 17:30,Ended,Leeds United,Manchester City,34.0,17.0,0.0,1.0,6.822300641808101,7.140340186067919,16.102492695877185,17.717867626750266
14023972,2025-2026,28.0,2026-03-01 14:00,Ended,Brighton & Hove Albion,Nottingham Forest,30.0,14.0,2.0,1.0,6.980959452109303,6.910849304442345,16.28485404174693,17.11315031845278
14023973,2025-2026,28.0,2026-03-01 14:00,Ended,Fulham,Tottenham Hotspur,43.0,33.0,2.0,1.0,6.9216205242342275,6.873669542849936,16.575404862528956,17.258913489369004
14023978,2025-2026,28.0,2026-03-01 14:00,Ended,Manchester United,Crystal Palace,35.0,7.0,2.0,1.0,7.041992084927202,6.920250759674513,17.191249685572014,17.1778574315857
14023971,2025-2026,28.0,2026-03-01 16:30,Ended,Arsenal,Chelsea,42.0,38.0,2.0,1.0,7.045145704577075,7.066730951476731,17.989035643076537,17.735671132755666
14023982,2025-2026,29.0,2026-03-03 19:30,Ended,Leeds United,Sunderland,34.0,41.0,0.0,1.0,6.817442902965638,6.7663246970845226,16.102492695877185,16.110983405985618
14023941,2025-2026,29.0,2026-03-03 19:30,Ended,Everton,Burnley,48.0,6.0,2.0,0.0,6.9940112847177405,6.7635508588861635,16.66158630650111,15.923107891817478
14023980,2025-2026,29.0,2026-03-03 19:30,Ended,Bournemouth,Brentford,60.0,50.0,0.0,0.0,6.9213687325145115,6.951857664835888,16.7965882582161,16.848527972852114
14023985,2025-2026,29.0,2026-03-03 20:15,Ended,Wolverhampton,Liverpool,3.0,44.0,2.0,1.0,6.8062170398602495,7.121600849702551,15.885148877198565,17.68895351557541
14023947,2025-2026,29.0,2026-03-04 19:30,Ended,Fulham,West Ham United,43.0,37.0,0.0,1.0,6.890070785572618,6.853581240459431,16.246576448719992,16.781654572197876
14023986,2025-2026,29.0,2026-03-04 19:30,Ended,Aston Villa,Chelsea,40.0,38.0,1.0,4.0,6.9399585938387,7.041978432431782,16.91193911687316,17.67739337466743
14023984,2025-2026,29.0,2026-03-04 19:30,Ended,Manchester City,Nottingham Forest,17.0,14.0,2.0,2.0,7.190988980479853,6.892796102777666,17.871626573144862,16.968387005127394
14023933,2025-2026,29.0,2026-03-04 19:30,Ended,Brighton & Hove Albion,Arsenal,30.0,42.0,0.0,1.0,6.943745920022665,7.027089342135195,16.98710303947987,17.966035959943454
14023983,2025-2026,29.0,2026-03-04 20:15,Ended,Newcastle United,Manchester United,39.0,35.0,2.0,1.0,6.998483852124526,7.045758444600181,16.9850037088808,17.17183385827219
14023981,2025-2026,29.0,2026-03-05 20:00,Ended,Tottenham Hotspur,Crystal Palace,33.0,7.0,1.0,3.0,6.883343898712734,6.806376310876118,17.101800353947798,17.0413426944717
14023988,2025-2026,30.0,2026-03-14 15:00,Ended,Burnley,Bournemouth,6.0,60.0,0.0,0.0,6.760629852515393,6.895269481849451,15.831136817306712,16.51772128414893
14023996,2025-2026,30.0,2026-03-14 15:00,Ended,Sunderland,Brighton & Hove Albion,41.0,30.0,0.0,1.0,6.812607032282765,6.979870954061678,16.696484317485382,16.326655417032878
14023989,2025-2026,30.0,2026-03-14 15:00,Not started,Brentford,Wolverhampton,50.0,3.0,,,6.950725559906701,6.803870934203817,16.848527972852114,15.885148877198565
14023987,2025-2026,30.0,2026-03-14 17:30,Ended,Arsenal,Everton,42.0,48.0,2.0,0.0,7.087092202819809,6.955900392499111,18.042195265600547,16.5627555647823
14023990,2025-2026,30.0,2026-03-14 17:30,Ended,Chelsea,Newcastle United,38.0,39.0,0.0,1.0,7.121238160299263,6.924015527173163,17.767155852686106,17.256639063808816
14023993,2025-2026,30.0,2026-03-14 20:00,Ended,West Ham United,Manchester City,37.0,17.0,1.0,1.0,6.792930366187648,7.110091076143922,16.878449826842147,17.82584990320021
14023995,2025-2026,30.0,2026-03-15 14:00,Ended,Nottingham Forest,Fulham,14.0,43.0,0.0,0.0,6.939198483242351,6.9288675922505805,17.018338185407007,16.729890591544855
14023991,2025-2026,30.0,2026-03-15 14:00,Ended,Crystal Palace,Leeds United,7.0,34.0,0.0,0.0,6.820327023901509,6.846986163975867,16.762688454823685,16.30046825103557
14023994,2025-2026,30.0,2026-03-15 14:00,Ended,Manchester United,Aston Villa,35.0,40.0,3.0,1.0,7.090948248157236,6.9580185103272045,17.221011983458677,16.63541651220443
14023992,2025-2026,30.0,2026-03-15 16:30,Ended,Liverpool,Tottenham Hotspur,44.0,33.0,1.0,1.0,7.062723657394428,6.80255842568211,17.409226634224197,16.97794032744238
15408501,2025-2026,30.0,2026-03-16 20:00,Ended,Brentford,Wolverhampton,50.0,3.0,2.0,2.0,6.9658780914268315,6.793471205295495,16.952190139100534,16.471445329311347
14023997,2025-2026,31.0,2026-03-20 20:00,Ended,Bournemouth,Manchester United,60.0,35.0,2.0,2.0,6.939112536004767,7.0925133183583595,16.94124524669402,17.211631598346386
14024015,2025-2026,31.0,2026-03-21 12:45,Ended,Brighton & Hove Albion,Liverpool,30.0,44.0,2.0,1.0,6.982689047540006,7.024685204990675,16.326655417032878,17.84854676768388
14024016,2025-2026,31.0,2026-03-21 15:00,Ended,Fulham,Burnley,43.0,6.0,3.0,1.0,6.920657922416413,6.775849140675447,16.878572931472494,15.831136817306712
14024017,2025-2026,31.0,2026-03-21 17:30,Ended,Everton,Chelsea,48.0,38.0,3.0,0.0,6.991375191568182,7.031255314947481,16.493050201336555,17.70026525361359
14024018,2025-2026,31.0,2026-03-21 20:00,Ended,Leeds United,Brentford,34.0,50.0,0.0,0.0,6.84180588587164,6.94871490358669,16.255461226781218,16.745355037390905
14024014,2025-2026,31.0,2026-03-22 14:15,Ended,Aston Villa,West Ham United,40.0,37.0,2.0,0.0,6.971809070726104,6.827654697157708,16.830275811057028,16.798716188776613
14024020,2025-2026,31.0,2026-03-22 14:15,Ended,Tottenham Hotspur,Nottingham Forest,33.0,14.0,0.0,3.0,6.91361641347383,6.905220661747433,17.28751730609774,17.069782312766012
14025029,2025-2026,32.0,2026-04-10 19:00,Ended,West Ham United,Wolverhampton,37.0,3.0,4.0,0.0,6.806570148469456,6.768495002008825,16.853569349703744,16.43866865470074
14025021,2025-2026,32.0,2026-04-11 11:30,Ended,Arsenal,Bournemouth,42.0,60.0,1.0,2.0,6.991620013568377,6.906440932664492,17.82343180091902,17.015577985642434
14024002,2025-2026,32.0,2026-04-11 14:00,Ended,Burnley,Brighton & Hove Albion,6.0,30.0,0.0,2.0,6.762838597843598,6.96813295763775,16.141912234750045,16.755309045674423
14025022,2025-2026,32.0,2026-04-11 14:00,Ended,Brentford,Everton,50.0,48.0,2.0,2.0,6.936463329763148,7.000004902697805,17.186629999975278,16.722169162867367
14024000,2025-2026,32.0,2026-04-11 16:30,Ended,Liverpool,Fulham,44.0,43.0,2.0,0.0,7.139221637451325,6.9317454241419645,17.391191907946016,16.878572931472494
14023999,2025-2026,32.0,2026-04-12 13:00,Ended,Crystal Palace,Newcastle United,7.0,39.0,2.0,1.0,6.915394113834651,6.943348779926888,16.930582592277826,17.210597383519183
14025025,2025-2026,32.0,2026-04-12 13:00,Ended,Nottingham Forest,Aston Villa,14.0,40.0,1.0,1.0,6.91311366061619,6.923929793552534,17.069782312766012,16.544656020991507
14025026,2025-2026,32.0,2026-04-12 13:00,Ended,Sunderland,Tottenham Hotspur,41.0,33.0,1.0,0.0,6.7919075346181765,6.912915486537401,16.486435775935888,17.30503054023288
14023998,2025-2026,32.0,2026-04-12 15:30,Ended,Chelsea,Manchester City,38.0,17.0,0.0,3.0,7.005927658190813,7.1788995715289055,17.753856757849846,17.87303858713095
14025024,2025-2026,32.0,2026-04-13 19:00,Ended,Manchester United,Leeds United,35.0,34.0,1.0,2.0,7.044062883593005,6.784756533539835,17.237026636764668,16.27998500435659
14025031,2025-2026,33.0,2026-04-18 11:30,Ended,Brentford,Fulham,50.0,43.0,0.0,0.0,6.9393771726968945,6.934262970604541,17.186629999975278,16.44135867958868
14025036,2025-2026,33.0,2026-04-18 14:00,Ended,Leeds United,Wolverhampton,34.0,3.0,3.0,0.0,6.8162185081358295,6.74769503403649,16.27998500435659,16.331091062234997
14025040,2025-2026,33.0,2026-04-18 14:00,Ended,Newcastle United,Bournemouth,39.0,60.0,1.0,2.0,6.928591954832084,6.900331303086528,17.26140777257954,17.015577985642434
14025042,2025-2026,33.0,2026-04-18 16:30,Ended,Tottenham Hotspur,Brighton & Hove Albion,33.0,30.0,2.0,2.0,6.921313805954198,6.986076346065482,17.12696815885664,16.755309045674423
14025032,2025-2026,33.0,2026-04-18 19:00,Ended,Chelsea,Manchester United,38.0,35.0,0.0,1.0,6.985364259912072,7.059909577777294,17.74011215437723,17.22423139588286
14025035,2025-2026,33.0,2026-04-19 13:00,Ended,Everton,Liverpool,48.0,44.0,1.0,2.0,6.99692712775703,7.091562206759904,16.722169162867367,17.634001404525545
14025041,2025-2026,33.0,2026-04-19 13:00,Ended,Nottingham Forest,Burnley,14.0,6.0,4.0,1.0,6.864956307534121,6.778529703722509,16.933183772101476,15.963888963397535
14025030,2025-2026,33.0,2026-04-19 13:00,Ended,Aston Villa,Sunderland,40.0,41.0,4.0,3.0,6.9822552487823515,6.820430169149533,16.85992657563817,16.486435775935888
14025039,2025-2026,33.0,2026-04-19 15:30,Ended,Manchester City,Arsenal,17.0,42.0,2.0,1.0,7.193602982983254,7.0887442963540215,17.87303858713095,17.91212864639931
14025034,2025-2026,33.0,2026-04-20 19:00,Ended,Crystal Palace,West Ham United,7.0,37.0,0.0,0.0,6.919377005210146,6.838388037936528,16.930582592277826,16.853569349703744
14024001,2025-2026,34.0,2026-04-21 19:00,Ended,Brighton & Hove Albion,Chelsea,30.0,38.0,3.0,0.0,6.963093635366394,6.9423290635044985,16.98376496173519,17.54691711506061
14025044,2025-2026,34.0,2026-04-22 19:00,Ended,Bournemouth,Leeds United,60.0,34.0,2.0,2.0,6.898189078481915,6.83014231253978,16.91429466971479,16.27998500435659
14024003,2025-2026,34.0,2026-04-22 19:00,Ended,Burnley,Manchester City,6.0,17.0,0.0,1.0,6.7359306025439025,7.1490703748530215,15.771846154154218,17.83540442369676
14023932,2025-2026,34.0,2026-04-24 19:00,Ended,Sunderland,Nottingham Forest,41.0,14.0,0.0,5.0,6.827502744734187,6.831779263279412,16.89504363528255,16.797117758684024
14024004,2025-2026,34.0,2026-04-25 11:30,Ended,Fulham,Aston Villa,43.0,40.0,1.0,0.0,6.870635009398501,6.938270904388116,16.542222393001225,16.915643587402243
14024005,2025-2026,34.0,2026-04-25 14:00,Ended,Liverpool,Crystal Palace,44.0,7.0,3.0,1.0,7.040936794774797,6.964434820059043,17.420953733372116,17.17178631320493
14024022,2025-2026,34.0,2026-04-25 14:00,Ended,Wolverhampton,Tottenham Hotspur,3.0,33.0,0.0,1.0,6.804531366004082,6.907599036998621,16.147299702116808,17.121284490040157
14023934,2025-2026,34.0,2026-04-25 14:00,Ended,West Ham United,Everton,37.0,48.0,2.0,1.0,6.8365282212034115,6.96252579034601,16.853569349703744,16.528456089223983
14025045,2025-2026,34.0,2026-04-25 16:30,Ended,Arsenal,Newcastle United,42.0,39.0,1.0,0.0,7.084292377739413,6.949083035392957,17.893885855902752,16.937948010633566
14023926,2025-2026,34.0,2026-04-27 19:00,Ended,Manchester United,Brentford,35.0,50.0,2.0,1.0,7.072871590047968,6.939633848493816,17.133897898824753,17.186629999975278
14023940,2025-2026,35.0,2026-05-01 19:00,Ended,Leeds United,Burnley,34.0,6.0,3.0,1.0,6.890191101294922,6.740867732322511,16.276227602640066,15.771846154154218
14023949,2025-2026,35.0,2026-05-02 14:00,Ended,Newcastle United,Brighton & Hove Albion,39.0,30.0,3.0,1.0,6.947082055153141,6.988616930426755,16.92724046193753,16.802046536353753
14023945,2025-2026,35.0,2026-05-02 14:00,Ended,Brentford,West Ham United,50.0,37.0,3.0,0.0,6.93149662066991,6.836547996888009,17.186629999975278,16.853569349703744
14023951,2025-2026,35.0,2026-05-02 14:00,Ended,Wolverhampton,Sunderland,3.0,41.0,1.0,1.0,6.757325773805618,6.797919463503817,16.2210513745539,16.720474406787318
14023931,2025-2026,35.0,2026-05-02 16:30,Ended,Arsenal,Fulham,42.0,43.0,3.0,0.0,7.017539651058565,6.899857030460653,17.81535775056968,16.381824035884794
14024023,2025-2026,35.0,2026-05-03 13:00,Ended,Bournemouth,Crystal Palace,60.0,7.0,3.0,0.0,6.910335971218324,6.869006783730104,17.105211681325354,16.879247327004716
14023939,2025-2026,35.0,2026-05-03 14:30,Ended,Manchester United,Liverpool FC,35.0,44.0,3.0,2.0,7.089807771873066,7.014086891263852,17.170137820919095,17.436086606000348
14023927,2025-2026,35.0,2026-05-03 18:00,Ended,Aston Villa,Tottenham Hotspur,40.0,33.0,1.0,2.0,6.911755606480653,6.936748982095282,16.564624396845804,17.065493474340588
14023925,2025-2026,35.0,2026-05-04 14:00,Ended,Chelsea,Nottingham Forest,38.0,14.0,1.0,3.0,7.070770392603539,6.697632434776676,17.655512030057405,16.143976529454918
14023930,2025-2026,35.0,2026-05-04 19:00,Ended,Everton,Manchester City,48.0,17.0,3.0,3.0,6.93059642458866,7.159230536434287,16.693145672897746,17.854280729585692
14024024,2025-2026,36.0,2026-05-09 11:30,Ended,Liverpool FC,Chelsea,44.0,38.0,1.0,1.0,7.1361837430400845,7.002142754708526,17.607953402331585,17.726255016309864
14023935,2025-2026,36.0,2026-05-09 14:00,Ended,Brighton & Hove Albion,Wolverhampton,30.0,3.0,3.0,0.0,6.9586123611647075,6.794365622644785,16.678916217903446,16.129427926790296
14023938,2025-2026,36.0,2026-05-09 14:00,Ended,Sunderland,Manchester United,41.0,35.0,0.0,0.0,6.7939917958430955,7.084447508417793,16.720474406787318,17.181196355523547
14023948,2025-2026,36.0,2026-05-09 14:00,Ended,Fulham,Bournemouth,43.0,60.0,0.0,1.0,6.928721333489992,6.90943261277492,16.424386614664932,16.683368157456172
14023946,2025-2026,36.0,2026-05-09 16:30,Ended,Manchester City,Brentford,17.0,50.0,3.0,0.0,7.160624640243301,6.8966961950950605,17.79156529967716,17.067879849661974
14023937,2025-2026,36.0,2026-05-10 13:00,Ended,Crystal Palace,Everton,7.0,48.0,2.0,2.0,6.923623319292433,6.915163491305275,17.201980298206983,16.693145672897746
14023929,2025-2026,36.0,2026-05-10 13:00,Ended,Burnley,Aston Villa,6.0,40.0,2.0,2.0,6.719469747338659,6.961465547854129,16.157937435382063,16.682134380260724
14023943,2025-2026,36.0,2026-05-10 13:00,Ended,Nottingham Forest,Newcastle United,14.0,39.0,1.0,1.0,6.850867225014967,6.960257001788777,16.543746188133195,17.07630984758744
14023942,2025-2026,36.0,2026-05-10 15:30,Ended,West Ham United,Arsenal,37.0,42.0,0.0,1.0,6.87509036903758,7.029174463337257,16.931062265876893,17.81535775056968
14023944,2025-2026,36.0,2026-05-11 19:00,Ended,Tottenham Hotspur,Leeds United,33.0,34.0,1.0,1.0,6.925074655983471,6.861564544734692,17.065493474340588,16.27031836706725
14023958,2025-2026,37.0,2026-05-17 14:00,Not started,Wolverhampton,Fulham,3.0,43.0,,,6.7807832307750795,6.915263863678908,15.885148877198565,16.575404862528956
14023950,2025-2026,37.0,2026-05-17 14:00,Not started,Arsenal,Burnley,42.0,6.0,,,7.043794931354574,6.741412806433624,17.989035643076537,15.923107891817478
14023936,2025-2026,37.0,2026-05-17 14:00,Not started,Bournemouth,Manchester City,60.0,17.0,,,6.944261826453177,7.13502212537044,16.7965882582161,17.717867626750266
14023956,2025-2026,37.0,2026-05-17 14:00,Not started,Manchester United,Nottingham Forest,35.0,14.0,,,7.059254461273161,6.92105220440188,17.191249685572014,17.11315031845278
14023953,2025-2026,37.0,2026-05-17 14:00,Not started,Brentford,Crystal Palace,50.0,7.0,,,6.948166968802838,6.923153280379991,16.848527972852114,17.1778574315857
14023928,2025-2026,37.0,2026-05-17 14:00,Not started,Aston Villa,Liverpool,40.0,44.0,,,6.94889736570689,7.093339792933215,16.984977911758904,17.68895351557541
14023952,2025-2026,37.0,2026-05-17 14:00,Not started,Chelsea,Tottenham Hotspur,38.0,33.0,,,6.97724895689397,6.870664604490117,17.735671132755666,17.258913489369004
14023955,2025-2026,37.0,2026-05-17 14:00,Not started,Everton,Sunderland,48.0,41.0,,,6.991777826373538,6.7262078445747795,16.66158630650111,16.110983405985618
14023954,2025-2026,37.0,2026-05-17 14:00,Not started,Leeds United,Brighton & Hove Albion,34.0,30.0,,,6.829964058341565,6.983326243221783,16.102492695877185,16.28485404174693
14023957,2025-2026,37.0,2026-05-17 14:00,Not started,Newcastle United,West Ham United,39.0,37.0,,,6.979001180674394,6.891102760245382,16.996871960197744,16.855921220107092
16087727,2025-2026,37.0,2026-05-19 19:15,Not started,Chelsea,Tottenham Hotspur,38.0,33.0,,,7.062909725472022,7.054456154909776,15.652591304072285,15.096545975331427
15999228,2025-2026,31.0,2026-05-22 14:00,Not started,Manchester City,Crystal Palace,17.0,7.0,,,7.220817780399184,6.844842907425482,15.710970208667877,13.556931312081202
14023968,2025-2026,38.0,2026-05-24 15:00,Not started,West Ham United,Leeds United,37.0,34.0,,,6.891102760245382,6.829964058341565,16.855921220107092,16.102492695877185
14023963,2025-2026,38.0,2026-05-24 15:00,Not started,Crystal Palace,Arsenal,7.0,42.0,,,6.923153280379991,7.043794931354574,17.1778574315857,17.989035643076537
14023967,2025-2026,38.0,2026-05-24 15:00,Not started,Tottenham Hotspur,Everton,33.0,48.0,,,6.870664604490117,6.991777826373538,17.258913489369004,16.66158630650111
14023965,2025-2026,38.0,2026-05-24 15:00,Not started,Fulham,Newcastle United,43.0,39.0,,,6.915263863678908,6.979001180674394,16.575404862528956,16.996871960197744
14023960,2025-2026,38.0,2026-05-24 15:00,Not started,Burnley,Wolverhampton,6.0,3.0,,,6.741412806433624,6.7807832307750795,15.923107891817478,15.885148877198565
14023959,2025-2026,38.0,2026-05-24 15:00,Not started,Brighton & Hove Albion,Manchester United,30.0,35.0,,,6.983326243221783,7.059254461273161,16.28485404174693,17.191249685572014
14023962,2025-2026,38.0,2026-05-24 15:00,Not started,Liverpool,Brentford,44.0,50.0,,,7.093339792933215,6.948166968802838,17.68895351557541,16.848527972852114
14023961,2025-2026,38.0,2026-05-24 15:00,Not started,Manchester City,Aston Villa,17.0,40.0,,,7.13502212537044,6.94889736570689,17.717867626750266,16.984977911758904
14023964,2025-2026,38.0,2026-05-24 15:00,Not started,Nottingham Forest,Bournemouth,14.0,60.0,,,6.92105220440188,6.944261826453177,17.11315031845278,16.7965882582161
14023966,2025-2026,38.0,2026-05-24 15:00,Not started,Sunderland,Chelsea,41.0,38.0,,,6.7262078445747795,6.97724895689397,16.110983405985618,17.735671132755666
