match_id,season,round,timestamp,status,home_team,away_team,home_team_id,away_team_id,home_goals,away_goals,venue,referee,attendance,away_accurateCross,away_accurateLongBalls,away_accuratePasses,away_aerialDuelsPercentage,away_ballPossession,away_ballRecovery,away_bigChanceCreated,away_bigChanceMissed,away_bigChanceScored,away_blockedScoringAttempt,away_cornerKicks,away_dispossessed,away_dribblesPercentage,away_duelWonPercent,away_finalThirdEntries,away_fouledFinalThird,away_fouls,away_freeKicks,away_goalKicks,away_goalkeeperSaves,away_groundDuelsPercentage,away_hitWoodwork,away_interceptionWon,away_passes,away_shotsOffGoal,away_shotsOnGoal,away_throwIns,away_totalClearance,away_totalShotsInsideBox,away_totalShotsOnGoal,away_totalShotsOutsideBox,away_totalTackle,away_wonTacklePercent,home_accurateCross,home_accurateLongBalls,home_accuratePasses,home_aerialDuelsPercentage,home_ballPossession,home_ballRecovery,home_bigChanceCreated,home_bigChanceMissed,home_bigChanceScored,home_blockedScoringAttempt,home_cornerKicks,home_dispossessed,home_dribblesPercentage,home_duelWonPercent,home_finalThirdEntries,home_fouledFinalThird,home_fouls,home_freeKicks,home_goalKicks,home_goalkeeperSaves,home_groundDuelsPercentage,home_hitWoodwork,home_interceptionWon,home_passes,home_shotsOffGoal,home_shotsOnGoal,home_throwIns,home_totalClearance,home_totalShotsInsideBox,home_totalShotsOnGoal,home_totalShotsOutsideBox,home_totalTackle,home_wonTacklePercent
7090315,2016-2017,36.0,1494088200.0,Ended,Swansea City,Everton,74.0,48.0,1.0,0.0,Swansea.com Stadium,Martin Atkinson,20827.0,3.0,55.0,490.0,21.0,62.0,58.0,0.0,0.0,0.0,2.0,5.0,14.0,10.0,45.0,84.0,2.0,13.0,5.0,4.0,3.0,26.0,0.0,7.0,568.0,5.0,2.0,23.0,24.0,4.0,9.0,5.0,11.0,6.0,7.0,25.0,260.0,22.0,38.0,51.0,3.0,2.0,1.0,3.0,9.0,8.0,5.0,55.0,54.0,2.0,5.0,12.0,9.0,2.0,36.0,1.0,10.0,341.0,2.0,4.0,19.0,50.0,8.0,9.0,1.0,19.0,12.0
7090312,2016-2017,34.0,1492869600.0,Ended,West Ham United,Everton,37.0,48.0,0.0,0.0,London Stadium,Roger East,56971.0,3.0,57.0,430.0,14.0,59.0,56.0,1.0,4.0,10.0,8.0,44.0,68.0,1.0,15.0,9.0,8.0,3.0,37.0,0.0,9.0,2.0,524.0,3.0,0.0,22.0,24.0,1.0,4.0,3.0,20.0,17.0,3.0,9.0,25.0,257.0,19.0,41.0,66.0,7.0,8.0,12.0,13.0,56.0,61.0,1.0,9.0,15.0,4.0,0.0,45.0,0.0,17.0,1.0,346.0,5.0,3.0,18.0,19.0,8.0,15.0,7.0,17.0,15.0,2.0,,
7090383,2016-2017,34.0,1492869600.0,Postponed,Arsenal,Sunderland,42.0,41.0,,,Emirates Stadium,,,,,,,,,,,,,,,,,,,,,,,,,,,,,,,,,,,,,,,,,,,,,,,,,,,,,,,,,,,,,,,,,,,,
7090303,2016-2017,34.0,1492945200.0,Postponed,Leicester City,Tottenham Hotspur,31.0,33.0,,,King Power Stadium,,,,,,,,,,,,,,,,,,,,,,,,,,,,,,,,,,,,,,,,,,,,,,,,,,,,,,,,,,,,,,,,,,,,
7090355,2016-2017,34.0,1492953300.0,Postponed,Chelsea,Southampton,38.0,45.0,,,Stamford Bridge,,,,,,,,,,,,,,,,,,,,,,,,,,,,,,,,,,,,,,,,,,,,,,,,,,,,,,,,,,,,,,,,,,,,
7374903,2016-2017,28.0,1493232300.0,Ended,Arsenal,Leicester City,42.0,31.0,1.0,0.0,Emirates Stadium,Mike Jones,59829.0,1.0,18.0,222.0,20.0,31.0,62.0,2.0,1.0,8.0,3.0,46.0,49.0,3.0,13.0,9.0,6.0,5.0,28.0,0.0,18.0,6.0,317.0,2.0,3.0,21.0,39.0,7.0,7.0,0.0,16.0,11.0,4.0,6.0,25.0,598.0,29.0,69.0,65.0,1.0,12.0,11.0,8.0,54.0,71.0,2.0,9.0,13.0,4.0,3.0,28.0,1.0,12.0,8.0,692.0,6.0,5.0,20.0,16.0,4.0,12.0,8.0,10.0,8.0,2.0,,
7090332,2016-2017,36.0,1494079200.0,Ended,Leicester City,Watford,31.0,24.0,3.0,0.0,King Power Stadium,Roger East,31628.0,5.0,39.0,404.0,0.0,22.0,58.0,65.0,2.0,1.0,11.0,12.0,46.0,59.0,0.0,10.0,8.0,7.0,3.0,31.0,0.0,14.0,4.0,487.0,5.0,7.0,23.0,45.0,8.0,14.0,6.0,12.0,8.0,5.0,28.0,248.0,1.0,24.0,42.0,61.0,3.0,10.0,5.0,5.0,54.0,47.0,3.0,8.0,10.0,11.0,7.0,38.0,2.0,17.0,5.0,333.0,3.0,5.0,14.0,29.0,6.0,11.0,5.0,24.0,17.0,,
7090258,2016-2017,31.0,1491331500.0,Ended,Leicester City,Sunderland,31.0,41.0,2.0,0.0,King Power Stadium,Graham Scott,21757.0,4.0,35.0,223.0,24.0,45.0,62.0,4.0,6.0,9.0,2.0,52.0,64.0,4.0,13.0,11.0,9.0,6.0,31.0,1.0,14.0,3.0,328.0,8.0,3.0,28.0,27.0,9.0,15.0,6.0,18.0,13.0,1.0,7.0,27.0,312.0,23.0,55.0,64.0,6.0,5.0,14.0,4.0,48.0,69.0,3.0,12.0,12.0,9.0,4.0,27.0,0.0,10.0,1.0,400.0,5.0,8.0,27.0,34.0,11.0,19.0,8.0,11.0,8.0,0.0,,
7090340,2016-2017,34.0,1492860600.0,Postponed,Manchester City,West Bromwich Albion,17.0,8.0,,,Etihad Stadium,,,,,,,,,,,,,,,,,,,,,,,,,,,,,,,,,,,,,,,,,,,,,,,,,,,,,,,,,,,,,,,,,,,,
7090253,2016-2017,28.0,1489244400.0,Postponed,Middlesbrough,Sunderland,36.0,41.0,,,Riverside,,,,,,,,,,,,,,,,,,,,,,,,,,,,,,,,,,,,,,,,,,,,,,,,,,,,,,,,,,,,,,,,,,,,
7090281,2016-2017,28.0,1489244400.0,Ended,Everton,West Bromwich Albion,48.0,8.0,3.0,0.0,Goodison Park,Graham Scott,39592.0,1.0,19.0,248.0,21.0,37.0,57.0,0.0,0.0,2.0,6.0,8.0,9.0,56.0,56.0,0.0,12.0,8.0,10.0,2.0,37.0,0.0,10.0,352.0,1.0,2.0,25.0,21.0,1.0,5.0,4.0,20.0,12.0,2.0,5.0,50.0,489.0,16.0,63.0,64.0,3.0,3.0,5.0,4.0,12.0,7.0,44.0,66.0,3.0,8.0,11.0,7.0,2.0,29.0,1.0,9.0,605.0,6.0,5.0,20.0,19.0,8.0,16.0,8.0,11.0,8.0,1.0
7090248,2016-2017,28.0,1489244400.0,Postponed,Crystal Palace,Tottenham Hotspur,7.0,33.0,,,Selhurst Park,,,,,,,,,,,,,,,,,,,,,,,,,,,,,,,,,,,,,,,,,,,,,,,,,,,,,,,,,,,,,,,,,,,,
7090367,2016-2017,28.0,1489253400.0,Postponed,Arsenal,Leicester City,42.0,31.0,,,Emirates Stadium,,,,,,,,,,,,,,,,,,,,,,,,,,,,,,,,,,,,,,,,,,,,,,,,,,,,,,,,,,,,,,,,,,,,
7090288,2016-2017,28.0,1489325400.0,Postponed,Southampton,Manchester United,45.0,35.0,,,St. Mary's Stadium,,,,,,,,,,,,,,,,,,,,,,,,,,,,,,,,,,,,,,,,,,,,,,,,,,,,,,,,,,,,,,,,,,,,
7090273,2016-2017,28.0,1489435200.0,Postponed,Chelsea,Watford,38.0,24.0,,,Stamford Bridge,,,,,,,,,,,,,,,,,,,,,,,,,,,,,,,,,,,,,,,,,,,,,,,,,,,,,,,,,,,,,,,,,,,,
7090277,2016-2017,30.0,1491055200.0,Ended,Manchester United,West Bromwich Albion,35.0,8.0,0.0,0.0,Old Trafford,Mike Dean,,2.0,20.0,166.0,12.0,25.0,67.0,0.0,0.0,1.0,1.0,13.0,7.0,48.0,41.0,2.0,13.0,14.0,12.0,3.0,38.0,1.0,18.0,261.0,1.0,1.0,16.0,46.0,1.0,3.0,2.0,18.0,13.0,3.0,2.0,34.0,672.0,14.0,75.0,69.0,1.0,1.0,7.0,6.0,8.0,13.0,52.0,83.0,3.0,15.0,13.0,5.0,1.0,41.0,0.0,12.0,761.0,8.0,3.0,19.0,12.0,9.0,18.0,9.0,15.0,12.0,3.0
7090346,2016-2017,26.0,1488034800.0,Postponed,Southampton,Arsenal,45.0,42.0,,,St. Mary's Stadium,,,,,,,,,,,,,,,,,,,,,,,,,,,,,,,,,,,,,,,,,,,,,,,,,,,,,,,,,,,,,,,,,,,,
7090293,2016-2017,26.0,1488118500.0,Postponed,Manchester City,Manchester United,17.0,35.0,,,Etihad Stadium,,,,,,,,,,,,,,,,,,,,,,,,,,,,,,,,,,,,,,,,,,,,,,,,,,,,,,,,,,,,,,,,,,,,
7090209,2016-2017,22.0,1485010800.0,Ended,Crystal Palace,Everton,7.0,48.0,0.0,1.0,Selhurst Park,Anthony Taylor,25594.0,5.0,27.0,379.0,1.0,9.0,56.0,64.0,3.0,7.0,13.0,17.0,42.0,60.0,3.0,15.0,9.0,4.0,2.0,39.0,1.0,6.0,1.0,476.0,6.0,8.0,22.0,40.0,9.0,17.0,8.0,14.0,10.0,1.0,6.0,38.0,272.0,0.0,25.0,44.0,67.0,4.0,8.0,8.0,8.0,58.0,62.0,6.0,10.0,15.0,3.0,7.0,40.0,1.0,9.0,1.0,371.0,2.0,2.0,16.0,36.0,5.0,8.0,3.0,18.0,13.0,0.0
7090140,2016-2017,19.0,1483205400.0,Ended,Liverpool,Manchester City,44.0,17.0,1.0,0.0,Anfield,Craig Pawson,53120.0,1.0,20.0,461.0,1.0,28.0,57.0,73.0,3.0,6.0,16.0,16.0,58.0,68.0,3.0,12.0,12.0,8.0,0.0,51.0,0.0,13.0,2.0,575.0,4.0,2.0,25.0,33.0,2.0,9.0,7.0,23.0,16.0,1.0,3.0,26.0,306.0,1.0,20.0,43.0,67.0,1.0,4.0,14.0,7.0,42.0,51.0,2.0,12.0,11.0,9.0,2.0,38.0,0.0,19.0,2.0,437.0,3.0,1.0,33.0,28.0,2.0,5.0,3.0,23.0,15.0,2.0
7090199,2016-2017,20.0,1483369200.0,Ended,West Bromwich Albion,Hull City,8.0,96.0,3.0,1.0,The Hawthorns,Mark Clattenburg,23402.0,9.0,34.0,440.0,23.0,59.0,64.0,1.0,1.0,2.0,9.0,11.0,9.0,53.0,66.0,1.0,4.0,5.0,5.0,2.0,27.0,0.0,12.0,516.0,9.0,6.0,17.0,40.0,9.0,17.0,8.0,14.0,13.0,8.0,36.0,269.0,13.0,41.0,56.0,1.0,1.0,3.0,7.0,9.0,11.0,47.0,60.0,0.0,5.0,4.0,11.0,5.0,32.0,0.0,16.0,346.0,0.0,5.0,14.0,35.0,6.0,8.0,2.0,18.0,13.0,,
7090224,2016-2017,20.0,1483369200.0,Ended,Sunderland,Liverpool,41.0,44.0,2.0,2.0,Stadium of Light,Anthony Taylor,46494.0,,,,,,,,,,,,,,,,,,,,,,,,,,,,,,,,,,,,,,,,,,,,,,,,,,,,,,,,,,,,,,,,,,
7090245,2016-2017,21.0,1484406000.0,Ended,Burnley,Southampton,6.0,45.0,1.0,0.0,Turf Moor,Paul Tierney,20254.0,7.0,27.0,317.0,32.0,59.0,73.0,8.0,7.0,10.0,10.0,55.0,53.0,2.0,14.0,14.0,7.0,2.0,34.0,0.0,16.0,2.0,405.0,7.0,5.0,23.0,41.0,15.0,20.0,5.0,13.0,9.0,2.0,1.0,23.0,179.0,22.0,41.0,66.0,2.0,2.0,10.0,7.0,45.0,65.0,4.0,14.0,13.0,11.0,5.0,31.0,0.0,12.0,0.0,292.0,4.0,3.0,27.0,47.0,2.0,9.0,7.0,12.0,8.0,1.0,,
7090215,2016-2017,21.0,1484487000.0,Ended,Everton,Manchester City,48.0,17.0,4.0,0.0,Goodison Park,Mark Clattenburg,39588.0,5.0,25.0,593.0,2.0,17.0,71.0,61.0,4.0,6.0,14.0,11.0,52.0,66.0,8.0,7.0,17.0,1.0,0.0,39.0,0.0,13.0,4.0,672.0,4.0,5.0,19.0,23.0,5.0,13.0,8.0,12.0,9.0,2.0,0.0,29.0,183.0,1.0,8.0,29.0,61.0,1.0,3.0,10.0,16.0,48.0,59.0,1.0,17.0,7.0,7.0,4.0,44.0,0.0,9.0,4.0,270.0,1.0,4.0,15.0,25.0,5.0,6.0,1.0,21.0,14.0,2.0
7090179,2016-2017,17.0,1481977800.0,Ended,Crystal Palace,Chelsea,7.0,38.0,0.0,1.0,Selhurst Park,Jonathan Moss,25259.0,1.0,32.0,322.0,17.0,46.0,67.0,4.0,3.0,10.0,13.0,56.0,63.0,4.0,15.0,12.0,7.0,2.0,48.0,1.0,13.0,2.0,418.0,3.0,6.0,21.0,35.0,8.0,13.0,5.0,23.0,14.0,3.0,4.0,34.0,370.0,21.0,54.0,58.0,0.0,5.0,13.0,5.0,44.0,59.0,6.0,12.0,14.0,5.0,5.0,30.0,0.0,7.0,1.0,476.0,4.0,2.0,23.0,20.0,3.0,6.0,3.0,12.0,9.0,2.0,,
7090170,2016-2017,18.0,1482764400.0,Ended,Arsenal,West Bromwich Albion,42.0,8.0,1.0,0.0,Emirates Stadium,Neil Swarbrick,59925.0,5.0,26.0,171.0,15.0,24.0,62.0,1.0,1.0,1.0,5.0,12.0,9.0,50.0,50.0,7.0,12.0,11.0,10.0,37.0,0.0,21.0,4.0,246.0,1.0,1.0,12.0,30.0,3.0,3.0,0.0,16.0,9.0,1.0,7.0,29.0,731.0,18.0,76.0,65.0,2.0,2.0,7.0,6.0,12.0,13.0,50.0,91.0,12.0,6.0,5.0,1.0,33.0,1.0,11.0,0.0,813.0,8.0,11.0,15.0,23.0,17.0,26.0,9.0,15.0,11.0,3.0
7090135,2016-2017,13.0,1480248000.0,Ended,Watford,Stoke City,24.0,29.0,0.0,1.0,Vicarage Road,Martin Atkinson,20058.0,5.0,27.0,273.0,25.0,50.0,68.0,6.0,3.0,15.0,8.0,55.0,58.0,4.0,14.0,23.0,8.0,2.0,48.0,1.0,11.0,6.0,371.0,0.0,7.0,1.0,13.0,38.0,7.0,14.0,7.0,17.0,12.0,0.0,7.0,34.0,250.0,17.0,50.0,63.0,1.0,3.0,10.0,12.0,45.0,58.0,2.0,24.0,13.0,7.0,1.0,43.0,0.0,13.0,1.0,356.0,1.0,8.0,2.0,23.0,15.0,7.0,11.0,4.0,18.0,14.0,5.0
7090120,2016-2017,14.0,1480777200.0,Ended,Crystal Palace,Southampton,7.0,45.0,3.0,0.0,Selhurst Park,Neil Swarbrick,25393.0,6.0,32.0,360.0,23.0,58.0,64.0,0.0,0.0,4.0,9.0,14.0,17.0,58.0,70.0,1.0,13.0,11.0,4.0,1.0,61.0,1.0,9.0,458.0,10.0,3.0,18.0,29.0,12.0,17.0,5.0,34.0,24.0,1.0,5.0,32.0,246.0,22.0,42.0,57.0,3.0,3.0,2.0,4.0,25.0,4.0,42.0,69.0,1.0,11.0,13.0,10.0,3.0,39.0,0.0,12.0,338.0,3.0,4.0,27.0,36.0,5.0,9.0,4.0,22.0,14.0,3.0
7090164,2016-2017,15.0,1481457600.0,Ended,Chelsea,West Bromwich Albion,38.0,8.0,1.0,0.0,Stamford Bridge,Mike Dean,41622.0,3.0,21.0,183.0,19.0,33.0,57.0,0.0,1.0,9.0,5.0,49.0,52.0,0.0,10.0,6.0,14.0,1.0,37.0,0.0,17.0,2.0,283.0,5.0,1.0,30.0,18.0,4.0,6.0,2.0,26.0,15.0,4.0,0.0,41.0,488.0,18.0,67.0,67.0,2.0,3.0,22.0,16.0,51.0,78.0,5.0,6.0,10.0,10.0,1.0,40.0,0.0,13.0,2.0,577.0,8.0,2.0,26.0,31.0,3.0,12.0,9.0,14.0,13.0,2.0,,
7090078,2016-2017,8.0,1476540000.0,Ended,Bournemouth,Hull City,60.0,96.0,6.0,1.0,Vitality Stadium,Lee Mason,11029.0,5.0,30.0,379.0,8.0,50.0,67.0,0.0,0.0,1.0,4.0,8.0,8.0,51.0,67.0,0.0,14.0,7.0,5.0,4.0,39.0,0.0,11.0,461.0,6.0,4.0,13.0,17.0,4.0,11.0,7.0,24.0,18.0,3.0,3.0,34.0,402.0,13.0,50.0,66.0,3.0,3.0,7.0,5.0,13.0,10.0,49.0,48.0,6.0,8.0,14.0,9.0,3.0,33.0,2.0,24.0,459.0,5.0,10.0,10.0,34.0,13.0,22.0,9.0,10.0,7.0,0.0
7090076,2016-2017,8.0,1476621000.0,Ended,Middlesbrough,Watford,36.0,24.0,0.0,1.0,Riverside,Roger East,28131.0,2.0,28.0,186.0,17.0,36.0,59.0,1.0,6.0,14.0,7.0,55.0,44.0,3.0,10.0,15.0,11.0,3.0,42.0,0.0,15.0,1.0,265.0,1.0,2.0,26.0,30.0,2.0,4.0,2.0,21.0,14.0,1.0,8.0,30.0,388.0,12.0,64.0,70.0,0.0,4.0,14.0,8.0,45.0,58.0,4.0,15.0,9.0,3.0,1.0,36.0,0.0,11.0,0.0,467.0,7.0,3.0,25.0,24.0,6.0,10.0,4.0,21.0,18.0,4.0,,
7090122,2016-2017,9.0,1477135800.0,Ended,Bournemouth,Tottenham Hotspur,60.0,33.0,0.0,0.0,Vitality Stadium,Craig Pawson,11201.0,2.0,42.0,451.0,4.0,62.0,61.0,6.0,4.0,16.0,10.0,43.0,80.0,1.0,15.0,9.0,10.0,1.0,37.0,1.0,9.0,3.0,543.0,6.0,4.0,27.0,34.0,9.0,16.0,7.0,18.0,14.0,4.0,2.0,24.0,232.0,7.0,38.0,71.0,4.0,7.0,13.0,9.0,57.0,59.0,0.0,10.0,15.0,8.0,4.0,47.0,1.0,19.0,1.0,323.0,3.0,1.0,19.0,37.0,7.0,8.0,1.0,23.0,16.0,2.0,,
7089879,2016-2017,1.0,1471096800.0,Ended,Southampton,Watford,45.0,24.0,1.0,1.0,St. Mary's Stadium,Roger East,31488.0,2.0,31.0,224.0,19.0,36.0,74.0,0.0,2.0,12.0,8.0,58.0,58.0,0.0,12.0,8.0,12.0,6.0,41.0,0.0,18.0,0.0,325.0,1.0,4.0,1.0,12.0,36.0,1.0,5.0,4.0,25.0,17.0,2.0,3.0,28.0,495.0,9.0,64.0,78.0,8.0,6.0,22.0,11.0,42.0,72.0,4.0,8.0,11.0,6.0,0.0,35.0,0.0,16.0,1.0,583.0,0.0,10.0,6.0,25.0,21.0,11.0,24.0,13.0,13.0,10.0,1.0
7089876,2016-2017,1.0,1471096800.0,Ended,Everton,Tottenham Hotspur,48.0,33.0,1.0,1.0,Goodison Park,Martin Atkinson,34494.0,4.0,51.0,384.0,10.0,57.0,40.0,1.0,1.0,5.0,6.0,16.0,13.0,44.0,77.0,2.0,14.0,10.0,6.0,5.0,40.0,1.0,15.0,0.0,483.0,4.0,4.0,42.0,22.0,8.0,13.0,5.0,18.0,13.0,2.0,31.0,262.0,16.0,43.0,56.0,1.0,1.0,2.0,5.0,12.0,9.0,56.0,76.0,2.0,10.0,14.0,4.0,3.0,47.0,0.0,16.0,5.0,361.0,4.0,6.0,21.0,40.0,6.0,12.0,6.0,25.0,19.0
7090014,2016-2017,2.0,1471633200.0,Ended,Manchester United,Southampton,35.0,45.0,2.0,0.0,Old Trafford,Anthony Taylor,75326.0,6.0,37.0,453.0,6.0,57.0,56.0,0.0,0.0,3.0,0.0,6.0,3.0,48.0,67.0,3.0,8.0,10.0,8.0,3.0,38.0,0.0,16.0,2.0,533.0,9.0,1.0,21.0,22.0,7.0,13.0,6.0,25.0,20.0,4.0,28.0,340.0,13.0,43.0,58.0,1.0,1.0,1.0,4.0,12.0,16.0,52.0,35.0,1.0,11.0,8.0,10.0,1.0,35.0,0.0,14.0,2.0,408.0,6.0,5.0,29.0,20.0,7.0,12.0,5.0,11.0,8.0
7090382,2016-2017,2.0,1471701600.0,Ended,Burnley,Liverpool,6.0,44.0,2.0,0.0,Turf Moor,Lee Mason,21313.0,4.0,39.0,765.0,11.0,80.0,50.0,8.0,12.0,3.0,16.0,60.0,94.0,2.0,5.0,13.0,5.0,0.0,47.0,0.0,8.0,0.0,848.0,13.0,5.0,22.0,8.0,9.0,26.0,17.0,18.0,12.0,1.0,0.0,23.0,130.0,15.0,20.0,45.0,0.0,1.0,15.0,7.0,40.0,50.0,0.0,14.0,5.0,16.0,5.0,24.0,0.0,18.0,3.0,210.0,1.0,2.0,11.0,34.0,0.0,3.0,3.0,13.0,10.0,0.0,,
7090013,2016-2017,2.0,1471710600.0,Ended,Leicester City,Arsenal,31.0,42.0,0.0,0.0,King Power Stadium,Mark Clattenburg,32008.0,2.0,17.0,450.0,1.0,23.0,60.0,69.0,5.0,7.0,14.0,22.0,60.0,62.0,1.0,7.0,11.0,4.0,1.0,53.0,0.0,21.0,2.0,555.0,4.0,4.0,36.0,27.0,5.0,13.0,8.0,20.0,14.0,2.0,2.0,30.0,256.0,1.0,15.0,40.0,66.0,5.0,2.0,8.0,6.0,40.0,58.0,2.0,11.0,6.0,7.0,4.0,35.0,0.0,29.0,1.0,362.0,2.0,1.0,27.0,28.0,3.0,8.0,5.0,23.0,19.0,1.0
7090020,2016-2017,3.0,1472387400.0,Ended,West Bromwich Albion,Middlesbrough,8.0,36.0,0.0,0.0,The Hawthorns,Anthony Taylor,23690.0,5.0,54.0,428.0,2.0,31.0,59.0,65.0,1.0,4.0,11.0,4.0,53.0,60.0,2.0,11.0,11.0,7.0,2.0,35.0,0.0,13.0,3.0,515.0,4.0,2.0,18.0,38.0,5.0,7.0,2.0,22.0,16.0,3.0,7.0,28.0,259.0,0.0,21.0,41.0,66.0,5.0,5.0,15.0,12.0,47.0,65.0,3.0,12.0,10.0,6.0,2.0,38.0,0.0,11.0,1.0,350.0,6.0,2.0,20.0,11.0,8.0,13.0,5.0,16.0,13.0,1.0
7090341,2016-2017,36,1494160200,Ended,Liverpool,Southampton,44,45,0,0,Anfield,Robert Madley,53159,3,23,206,0,13,35,77,0,0,1,6,10,3,51,45,0,4,8,14,8,33,0,14,3,318,3,0,26,33,3,4,1,22,17,3,3,31,499,1,17,65,73,1,1,5,3,17,12,49,98,1,9,3,3,0,28,0,17,1,599,4,8,32,20,5,17,12,13,9,1
7090363,2016-2017,36,1494169200,Ended,Arsenal,Manchester United,42,35,2,0,Emirates Stadium,Andre Marriner,60055,4,32,452,1,11,50,51,1,1,0,2,9,13,9,54,57,4,10,13,9,2,44,0,17,4,530,4,4,15,16,5,10,5,22,17,0,8,31,454,1,7,50,52,1,0,1,4,5,14,12,46,54,1,14,8,4,4,39,0,5,2,524,1,4,14,24,5,9,4,19,13,1
7090322,2016-2017,36,1494270000,Ended,Chelsea,Middlesbrough,38,36,3,0,Stamford Bridge,Craig Pawson,41500,1,41,393,0,12,43,52,0,0,1,1,6,6,42,59,2,21,8,13,4,27,0,12,2,466,0,1,16,24,1,2,1,13,9,2,4,31,531,5,7,57,69,2,2,3,8,7,14,58,61,7,8,19,0,1,46,2,7,0,619,11,7,8,10,13,21,8,14,11,0
7389496,2016-2017,26,1494441900,Ended,Southampton,Arsenal,45,42,0,2,St. Mary's Stadium,Jonathan Moss,31474,6,21,410,19,53,67,2,0,2,4,5,5,10,58,63,1,5,8,10,3,33,0,13,1,504,3,4,20,23,9,11,2,16,9,2,11,27,350,14,47,66,3,3,0,3,5,13,9,42,54,4,8,5,8,2,24,0,16,2,433,8,3,30,24,8,14,6,10,6,1
7090372,2016-2017,37,1494614700,Ended,Everton,Watford,48,24,1,0,Goodison Park,Kevin Friend,38550,5,25,237,1,25,38,67,2,2,6,8,6,10,48,63,1,11,7,7,5,33,0,18,1,317,6,2,15,46,12,14,2,16,15,3,7,50,449,0,31,62,65,1,1,5,9,10,8,52,69,0,7,11,8,2,31,0,15,2,538,4,6,22,53,6,15,9,12,6,0
7090314,2016-2017,37,1494615600,Ended,West Bromwich Albion,Chelsea,8,38,0,1,The Hawthorns,Michael Oliver,25367,7,33,500,1,14,68,50,1,1,9,8,11,8,48,70,6,8,13,7,2,28,0,5,1,571,10,5,17,24,13,24,11,7,5,0,6,28,194,1,15,32,52,0,0,3,5,3,6,52,49,3,13,7,12,4,30,0,15,3,262,2,2,14,28,6,7,1,18,13,3
7090329,2016-2017,37,1494675000,Ended,Manchester City,Leicester City,17,31,2,1,Etihad Stadium,Robert Madley,54407,3,28,187,2,7,34,63,2,2,0,2,3,9,5,42,59,3,16,11,8,3,33,0,22,276,3,4,22,21,6,9,3,17,11,3,6,29,463,0,18,66,52,2,1,1,7,9,12,9,58,63,3,12,15,4,3,38,0,11,541,5,5,25,29,12,17,5,15,12,3
7090359,2016-2017,37,1494684000,Ended,Bournemouth,Burnley,60,6,2,1,Vitality Stadium,Lee Probert,11388,3,37,286,0,29,45,62,1,1,0,4,1,9,5,57,66,1,11,6,9,4,33,0,12,5,393,7,3,21,19,5,14,9,22,17,1,0,54,387,1,18,55,69,2,0,2,6,7,11,7,43,61,1,6,10,10,2,28,0,19,3,481,6,6,18,27,11,18,7,11,9,0
7090342,2016-2017,37,1494684000,Ended,Sunderland,Swansea City,41,74,0,2,Stadium of Light,Andre Marriner,38781,1,33,322,16,47,52,1,0,1,0,4,15,2,51,66,1,6,11,8,4,29,0,11,1,400,0,3,18,25,2,3,1,17,12,0,5,37,364,9,53,53,1,1,0,3,8,13,8,49,72,2,13,5,2,1,34,0,10,2,441,6,4,26,18,9,13,4,21,16,4
7090352,2016-2017,37,1494684000,Ended,Middlesbrough,Southampton,36,45,1,2,Riverside,Anthony Taylor,28203,4,26,439,27,58,62,1,1,0,4,3,7,5,54,60,6,11,18,8,2,33,1,9,0,522,6,4,18,22,10,14,4,12,9,0,8,26,281,21,42,62,2,1,1,6,6,8,10,46,55,2,19,9,11,2,30,0,10,2,367,5,3,15,14,8,14,6,11,7,3
7090316,2016-2017,37,1494693000,Ended,Stoke City,Arsenal,29,42,1,4,bet365 Stadium,Mike Dean,27535,2,23,521,1,21,67,67,4,1,3,1,6,18,14,55,57,1,7,13,6,3,43,1,9,2,607,3,6,19,24,10,10,0,16,10,2,4,22,199,0,13,33,56,2,1,1,3,7,9,11,45,42,2,13,7,12,2,39,0,9,3,287,3,4,24,20,6,10,4,21,17,1
7090347,2016-2017,37,1494759600,Ended,Crystal Palace,Hull City,7,96,4,0,Selhurst Park,Martin Atkinson,25176,5,30,388,0,12,70,50,1,1,0,3,7,11,9,47,77,2,14,13,8,35,0,6,1,487,6,0,23,16,6,9,3,13,10,5,4,16,120,1,21,30,57,4,0,4,1,3,7,2,53,64,3,13,12,10,33,0,13,3,200,7,4,11,38,9,12,3,19,12,3
7090306,2016-2017,37,1494767700,Ended,West Ham United,Liverpool,37,44,0,4,London Stadium,Neil Swarbrick,56985,6,31,515,1,17,67,69,4,1,3,1,6,11,9,51,75,2,10,5,5,3,30,3,8,3,594,14,11,17,13,15,26,11,16,11,0,3,26,206,0,12,33,57,2,2,0,1,4,14,12,49,45,2,5,10,11,7,34,2,10,3,289,6,3,12,21,7,10,3,14,14,2
7090319,2016-2017,37,1494775800,Ended,Tottenham Hotspur,Manchester United,33,35,2,1,White Hart Lane,Jonathan Moss,31848,3,33,272,3,8,40,52,3,2,1,0,3,10,6,45,39,0,15,14,10,4,37,0,15,1,356,6,2,33,33,5,8,3,17,9,2,5,40,432,0,13,60,57,4,2,2,2,8,7,11,55,79,3,14,14,9,1,43,1,11,2,530,5,7,25,16,10,14,4,18,12,1
7389498,2016-2017,28,1494874800,Ended,Chelsea,Watford,38,24,4,3,Stamford Bridge,Lee Mason,41473,1,19,446,0,6,53,62,2,2,1,3,24,9,31,44,1,12,6,5,5,27,0,15,2,522,1,5,3,25,17,4,9,5,12,8,6,4,29,381,3,12,47,64,2,2,8,8,10,16,69,44,2,7,12,5,0,60,0,12,4,456,0,7,9,17,14,17,24,7,32,20,2
7389502,2016-2017,34,1494960300,Ended,Arsenal,Sunderland,42,41,2,0,Emirates Stadium,Roger East,59500,2,23,251,0,7,37,49,0,0,0,2,3,5,9,47,43,5,10,11,11,11,34,0,10,3,336,2,2,9,32,3,6,3,15,10,2,11,24,476,3,18,63,52,6,4,2,13,17,12,9,53,49,4,15,10,4,2,28,2,11,2,543,10,13,20,17,24,36,12,9,8,4
7389503,2016-2017,34,1494961200,Ended,Manchester City,West Bromwich Albion,17,8,3,1,Etihad Stadium,Craig Pawson,53624,2,21,209,1,6,29,56,1,0,1,2,1,19,9,34,46,1,11,7,13,7,26,0,28,1,283,2,2,15,16,3,6,3,11,8,2,9,24,601,1,15,71,61,3,1,2,2,7,8,14,66,74,4,8,11,3,1,47,0,14,2,686,9,10,21,9,10,21,11,23,16,1
7389497,2016-2017,28,1495046700,Ended,Southampton,Manchester United,45,35,0,0,St. Mary's Stadium,Mike Dean,31425,1,27,371,11,47,54,0,0,2,3,8,6,41,55,0,10,7,10,6,22,1,12,3,450,8,1,21,32,3,11,8,9,7,1,6,18,395,14,53,60,1,1,4,7,7,12,59,56,3,7,9,10,1,33,0,9,0,484,7,6,15,11,10,17,7,12,9,2
7389501,2016-2017,34,1495133100,Ended,Leicester City,Tottenham Hotspur,31,33,1,6,King Power Stadium,Michael Oliver,31351,7,40,476,13,63,71,3,1,2,3,4,9,21,53,59,3,8,10,5,4,48,0,8,2,561,11,12,24,28,12,26,14,17,16,1,3,27,231,12,37,69,1,0,1,4,4,6,11,47,48,3,11,8,12,6,43,0,13,4,321,3,5,24,16,5,12,7,24,17,3
7090321,2016-2017,38,1495375200,Ended,Swansea City,West Bromwich Albion,74,8,2,1,Swansea.com Stadium,Mike Dean,20889,5,24,251,1,12,35,51,3,2,1,5,4,14,2,43,52,2,10,8,9,0,28,0,12,0,316,6,5,14,24,10,16,6,18,13,1,13,44,510,0,18,65,51,3,1,2,4,7,16,9,57,71,3,8,10,9,4,34,0,12,1,589,6,2,20,17,9,12,3,17,13,1
7090309,2016-2017,38,1495375200,Ended,Southampton,Stoke City,45,29,0,1,St. Mary's Stadium,Lee Probert,31286,9,34,239,1,23,39,53,1,0,1,5,10,11,5,59,67,1,10,12,10,6,33,0,22,2,319,6,3,13,29,11,14,3,16,16,4,3,26,431,1,14,61,65,1,1,0,5,4,11,4,41,70,3,12,10,9,1,25,1,11,3,512,4,6,15,21,11,15,4,11,8,2
7090349,2016-2017,38,1495375200,Ended,Burnley,West Ham United,6,37,1,2,Turf Moor,Robert Madley,21634,2,21,374,22,55,61,2,0,2,5,5,10,10,50,65,1,14,11,11,0,34,1,10,3,489,5,4,22,24,6,14,8,13,9,2,2,35,278,25,45,45,3,2,1,1,2,8,6,50,81,2,11,13,7,2,30,0,7,0,396,7,1,24,20,4,9,5,12,7,2
7090324,2016-2017,38,1495375200,Ended,Leicester City,Bournemouth,31,60,1,1,King Power Stadium,Lee Mason,32000,3,18,350,23,51,61,1,0,1,4,1,20,12,47,49,6,10,11,11,4,43,0,14,1,446,2,4,19,28,2,10,8,20,16,1,9,38,324,23,49,68,2,1,1,7,9,6,14,53,62,4,11,10,7,3,50,0,12,5,412,9,4,30,10,17,20,3,26,15,4
7090351,2016-2017,38,1495375200,Ended,Hull City,Tottenham Hotspur,96,33,1,7,MKM Stadium,Andre Marriner,23804,10,52,523,3,11,65,62,6,2,4,2,3,13,10,53,86,5,5,12,5,3,36,0,11,0,603,3,14,24,15,12,19,7,14,12,5,25,235,0,8,35,53,2,1,1,2,2,10,5,47,34,1,14,5,12,7,34,0,18,2,320,4,4,18,25,6,10,4,24,16
7090317,2016-2017,38,1495375200,Ended,Watford,Manchester City,24,17,0,5,Vicarage Road,Jonathan Moss,20829,4,27,556,3,8,67,51,5,2,3,1,5,9,17,56,70,4,10,12,3,2,48,0,9,2,620,5,9,22,13,11,15,4,19,14,0,2,26,224,0,5,33,47,1,1,0,1,4,11,9,44,36,0,12,10,9,3,39,0,14,0,297,2,3,19,6,5,6,1,20,13,1
7090320,2016-2017,38,1495375200,Ended,Liverpool,Middlesbrough,44,36,3,0,Anfield,Martin Atkinson,53191,3,29,174,1,21,26,54,2,2,0,3,3,10,6,57,61,2,8,13,13,7,33,0,16,0,260,3,3,12,30,6,9,3,15,9,1,4,23,670,0,10,74,58,2,0,2,6,3,11,8,43,87,1,13,8,2,3,30,0,5,1,752,9,10,27,18,12,25,13,14,10,0
7090384,2016-2017,38,1495375200,Ended,Arsenal,Everton,42,48,3,1,Emirates Stadium,Michael Oliver,59976,7,41,366,0,8,50,59,1,0,1,7,6,13,5,39,69,3,15,9,8,6,23,0,8,1,428,0,8,7,13,20,15,22,7,10,7,4,2,25,369,1,9,50,59,6,4,2,5,4,8,8,61,47,4,10,14,14,6,39,0,11,0,438,1,3,9,12,30,13,17,4,18,12,2
7090366,2016-2017,38,1495375200,Ended,Chelsea,Sunderland,38,41,5,1,Stamford Bridge,Neil Swarbrick,41618,1,30,211,0,5,29,46,1,0,1,2,1,12,9,42,40,3,15,8,15,3,34,0,14,1,269,2,3,8,35,3,7,4,17,12,1,4,31,587,1,10,71,59,4,2,2,8,11,15,12,58,53,2,8,15,4,2,43,1,7,0,643,12,8,9,4,19,28,9,16,9,1
7090327,2016-2017,38,1495375200,Ended,Manchester United,Crystal Palace,35,7,2,0,Old Trafford,Anthony Taylor,75254,4,33,294,0,13,41,58,0,0,3,6,15,10,50,74,6,10,16,4,0,40,1,14,1,360,2,1,21,5,2,6,4,14,12,0,3,18,478,1,5,59,56,1,1,4,3,9,12,50,57,0,16,10,9,1,47,0,14,0,542,3,2,17,34,6,9,3,25,18,2
7090335,2016-2017,34,1492869600,Ended,Bournemouth,Middlesbrough,60,36,4,0,Vitality Stadium,Graham Scott,10890,2,38,215,1,14,32,48,0,0,0,0,3,12,7,42,29,0,14,4,11,6,31,0,17,2,276,1,3,2,21,31,1,5,4,20,13,4,2,54,540,1,12,68,61,5,3,2,4,4,13,14,58,88,6,4,13,5,2,49,0,12,2,601,0,7,10,24,5,11,21,10,22,18,0
7090313,2016-2017,34,1492869600,Ended,Hull City,Watford,96,24,2,0,MKM Stadium,Robert Madley,20432,6,26,487,14,66,68,2,2,0,6,7,13,7,48,69,3,11,8,4,1,30,0,6,2,573,0,6,2,23,12,7,14,7,15,9,1,2,19,206,16,34,63,2,1,1,2,4,10,7,52,38,2,10,7,11,2,31,1,7,2,300,1,3,3,15,31,3,8,5,17,13,3
7090337,2016-2017,34,1492869600,Ended,Swansea City,Stoke City,74,29,2,0,Swansea.com Stadium,Michael Oliver,20566,6,42,389,16,55,54,3,3,1,4,16,16,51,64,1,14,5,4,4,35,0,9,1,455,5,3,22,21,6,9,3,15,8,2,4,32,300,10,45,51,0,0,2,11,9,4,49,61,5,5,13,7,3,39,0,6,1,365,2,6,21,22,8,10,2,23,11,2
7090356,2016-2017,34,1492953300,Ended,Burnley,Manchester United,6,35,0,2,Turf Moor,Anthony Taylor,21870,3,35,369,15,54,75,3,1,2,3,3,21,15,46,61,0,16,17,8,0,49,0,16,1,471,3,6,30,33,7,12,5,18,11,1,4,40,274,20,46,59,1,1,0,4,3,12,10,54,77,1,17,15,11,4,56,0,6,3,385,4,0,25,10,4,8,4,32,24,2
7090353,2016-2017,34,1492961400,Ended,Liverpool,Crystal Palace,44,7,1,2,Anfield,Andre Marriner,53086,4,22,140,22,28,57,2,0,2,1,3,17,16,54,56,1,10,8,15,0,52,0,14,3,234,3,3,24,34,5,7,2,28,17,2,3,32,520,14,72,61,1,1,0,6,4,19,19,46,79,3,8,7,5,1,49,0,9,0,626,7,1,28,21,7,14,7,23,16,1
7374909,2016-2017,34,1493145900,Ended,Chelsea,Southampton,38,45,4,2,Stamford Bridge,Lee Mason,41168,5,22,427,7,52,63,1,1,4,7,8,6,42,46,5,9,13,6,3,29,0,15,2,509,4,4,18,19,8,12,4,10,7,2,4,31,388,16,48,58,1,1,5,6,9,9,58,51,3,13,9,4,2,33,0,7,0,477,5,7,22,25,12,17,5,15,14,2
7374907,2016-2017,28,1493232300,Ended,Middlesbrough,Sunderland,36,41,1,0,Riverside,Mike Dean,30742,6,44,302,1,39,51,67,0,0,0,2,5,9,9,58,75,2,11,14,7,1,38,0,17,6,416,4,4,19,23,4,10,6,15,11,3,3,34,282,1,28,49,67,2,1,1,1,3,12,5,42,55,2,15,10,7,4,27,0,14,1,397,3,2,23,32,2,6,4,13,8,3
7374906,2016-2017,28,1493233200,Ended,Crystal Palace,Tottenham Hotspur,7,33,0,1,Selhurst Park,Jonathan Moss,25596,6,43,492,20,69,65,1,1,6,11,14,11,50,89,0,15,13,5,1,48,0,5,0,593,8,4,28,26,10,18,8,24,17,3,6,25,157,22,31,75,0,0,3,2,22,8,50,53,3,13,15,13,3,47,0,16,1,264,2,1,15,26,5,6,1,24,15,3
7374908,2016-2017,26,1493319600,Ended,Manchester City,Manchester United,17,35,0,0,Etihad Stadium,Martin Atkinson,54176,2,20,199,7,31,56,1,1,1,4,8,12,49,45,1,8,10,14,6,43,0,16,1,288,1,1,1,23,26,2,3,1,21,10,1,8,16,556,11,69,69,1,1,5,7,11,14,51,71,2,10,8,1,1,41,1,13,2,643,0,8,6,20,10,8,19,11,19,15,1
7090354,2016-2017,35,1493474400,Ended,Sunderland,Bournemouth,41,60,0,1,Stadium of Light,Stuart Attwell,38394,4,35,414,16,59,57,2,1,1,4,5,17,9,45,73,3,9,13,14,5,35,1,11,1,501,4,7,22,34,11,15,4,15,9,2,1,25,253,20,41,64,2,2,0,3,6,12,8,55,61,2,13,8,6,5,43,0,17,4,338,9,5,19,20,10,17,7,27,19,3
7090336,2016-2017,35,1493474400,Ended,Southampton,Hull City,45,96,0,0,St. Mary's Stadium,Mike Dean,31120,4,29,294,18,48,63,0,0,5,6,14,10,50,54,3,13,9,9,2,37,1,18,1,399,3,1,25,26,4,9,5,18,14,3,1,17,331,12,52,57,1,1,6,6,12,10,50,55,3,9,13,9,1,42,0,7,2,431,3,2,26,27,5,11,6,19,15,0
7090344,2016-2017,35,1493474400,Ended,Stoke City,West Ham United,29,37,0,0,bet365 Stadium,Lee Probert,27628,4,19,292,21,43,71,0,0,4,3,8,12,54,44,1,3,12,9,4,41,0,20,4,374,4,4,18,38,8,12,4,17,14,0,5,38,402,22,57,65,2,2,8,5,7,9,46,85,1,12,3,8,4,31,0,8,2,507,7,4,13,24,9,19,10,19,13,1
7090305,2016-2017,35,1493474400,Ended,West Bromwich Albion,Leicester City,8,31,0,1,The Hawthorns,Mark Clattenburg,24611,2,26,225,1,16,45,59,1,1,1,6,12,6,44,75,4,9,14,14,4,37,1,15,1,323,4,1,20,30,4,6,2,17,14,2,6,37,295,0,35,55,67,0,0,5,5,11,8,56,62,5,14,9,7,0,33,0,9,1,392,7,4,21,27,9,16,7,16,9,2
7090370,2016-2017,35,1493483400,Ended,Crystal Palace,Burnley,7,6,0,2,Selhurst Park,Robert Madley,25013,9,40,176,1,30,36,53,2,2,4,4,10,0,46,77,2,12,10,12,5,27,0,8,1,273,2,3,18,51,6,9,3,21,14,0,11,37,348,0,26,64,55,0,0,4,14,16,18,54,75,3,11,11,8,1,42,0,6,2,463,6,5,38,22,11,15,4,13,7,2
7090385,2016-2017,35,1493550000,Ended,Manchester United,Swansea City,35,74,1,1,Old Trafford,Neil Swarbrick,75271,3,36,345,0,18,45,58,2,2,0,3,2,11,11,54,68,6,13,11,11,5,33,0,10,2,425,5,4,17,30,8,12,4,11,9,2,6,40,438,1,8,55,70,3,2,1,1,5,4,9,46,48,4,11,13,6,3,35,0,14,1,519,5,6,15,20,8,12,4,13,6,2
7090339,2016-2017,35,1493557500,Ended,Middlesbrough,Manchester City,36,17,2,2,Riverside,Kevin Friend,29763,8,22,473,17,68,56,4,2,2,8,11,11,14,51,63,4,9,9,9,4,33,0,9,1,540,10,4,23,20,14,22,8,10,5,4,1,23,174,14,32,52,1,0,1,2,4,7,11,49,37,2,9,9,11,2,34,0,13,1,256,6,6,13,46,7,14,7,15,10,4
7090331,2016-2017,35,1493557500,Ended,Everton,Chelsea,48,38,0,3,Goodison Park,Jonathan Moss,39595,1,18,340,4,14,50,67,3,2,1,3,4,13,16,51,55,3,11,13,10,2,41,0,11,1,426,3,5,22,29,8,11,3,12,8,4,1,51,332,0,14,50,62,0,0,0,2,2,8,8,49,79,4,13,10,11,2,39,1,15,2,423,7,3,15,26,6,12,6,21,14,3
7090334,2016-2017,35,1493566200,Ended,Tottenham Hotspur,Arsenal,33,42,2,0,White Hart Lane,Michael Oliver,31811,5,27,314,0,11,49,61,0,0,0,4,5,8,9,47,48,1,15,7,12,9,36,0,5,5,405,4,4,31,25,9,12,3,21,12,3,7,35,331,1,13,51,62,5,3,2,3,14,9,11,53,58,2,7,14,4,4,39,1,8,2,416,6,11,24,30,14,20,6,14,12,1
7090328,2016-2017,35,1493665200,Ended,Watford,Liverpool,24,44,0,1,Vicarage Road,Craig Pawson,20959,3,34,428,1,27,60,62,1,1,2,5,11,15,54,72,4,9,11,6,2,38,1,11,0,537,2,8,31,23,5,12,7,12,7,1,2,37,256,0,19,40,66,0,0,3,3,6,9,46,71,2,11,7,7,7,36,1,14,6,357,4,2,19,30,2,9,7,20,16,3
7090350,2016-2017,36,1494010800,Ended,West Ham United,Tottenham Hotspur,37,33,1,0,London Stadium,Anthony Taylor,56992,3,41,447,17,68,52,0,0,0,2,7,9,10,54,94,2,9,8,12,4,35,0,5,0,571,4,5,33,12,6,11,5,17,13,2,2,25,184,15,32,70,3,2,1,1,3,14,6,46,46,1,8,9,8,5,29,0,18,3,272,7,5,23,44,6,13,7,14,7,4
7090323,2016-2017,36,1494070200,Ended,Manchester City,Crystal Palace,17,7,5,0,Etihad Stadium,Michael Oliver,54119,1,29,189,0,12,31,54,0,0,1,3,8,10,45,54,3,8,12,11,7,38,0,16,0,265,2,2,15,19,2,5,3,16,11,3,9,24,537,1,15,69,66,2,2,4,9,10,21,55,59,4,12,8,5,2,45,1,13,2,612,10,12,13,25,22,26,4,16,11,1
7090371,2016-2017,36,1494079200,Ended,Burnley,West Bromwich Albion,6,8,2,2,Turf Moor,Mike Jones,20825,7,30,192,34,45,62,1,1,7,8,10,9,58,64,2,14,9,9,3,32,0,7,1,306,1,3,24,42,7,11,4,14,8,3,5,32,271,21,55,67,1,1,5,5,8,3,42,79,1,9,14,5,1,26,0,9,3,383,5,4,19,31,10,14,4,11,8,1
7090325,2016-2017,36,1494079200,Ended,Bournemouth,Stoke City,60,29,2,2,Vitality Stadium,Paul Tierney,11046,4,32,280,18,42,58,3,2,1,5,7,7,8,49,63,1,15,10,6,1,31,0,18,2,358,6,3,23,15,7,14,7,13,2,0,1,38,439,14,58,49,2,1,1,3,0,6,9,51,62,3,10,14,8,2,36,1,8,1,514,6,2,15,34,5,11,6,13,11,2
7090330,2016-2017,36,1494079200,Ended,Hull City,Sunderland,96,41,0,2,MKM Stadium,Neil Swarbrick,22480,5,35,220,20,40,62,4,2,2,1,4,7,10,64,63,4,8,10,17,5,36,0,13,4,317,6,5,20,27,8,12,4,16,11,1,5,28,358,8,60,60,2,2,0,5,7,13,4,36,77,1,10,7,6,3,24,0,12,0,451,5,6,18,18,8,16,8,13,12,3
7090250,2016-2017,31,1491331500,Ended,Burnley,Stoke City,6,29,1,0,Turf Moor,Kevin Friend,19881,3,26,275,1,38,52,66,2,2,6,5,5,16,51,69,1,16,9,5,2,34,0,20,3,400,7,2,27,40,8,15,7,10,9,2,4,42,242,0,35,48,55,0,0,3,3,8,9,49,87,4,9,15,13,2,33,0,24,4,372,1,3,21,41,4,7,3,10,7,3
7090269,2016-2017,31,1491332400,Ended,Manchester United,Everton,35,48,1,1,Old Trafford,Neil Swarbrick,75272,4,34,283,11,38,62,0,0,0,5,5,16,5,43,67,0,18,10,8,2,34,0,14,3,370,1,2,4,14,53,6,11,5,19,17,4,5,32,494,9,62,63,2,1,1,7,6,8,12,57,76,7,10,16,2,3,51,2,18,3,576,0,8,3,18,25,10,18,8,23,20,1
7090390,2016-2017,31,1491417900,Ended,Hull City,Middlesbrough,96,36,4,2,MKM Stadium,Michael Oliver,20380,6,45,326,0,35,52,52,2,2,4,4,6,10,61,73,1,12,12,9,1,39,1,17,1,433,4,4,24,16,7,12,5,17,12,1,5,28,307,1,19,48,67,2,2,5,8,8,12,39,58,2,13,11,7,2,29,0,9,1,400,7,5,23,42,15,17,2,6,4,2
7090295,2016-2017,31,1491417900,Ended,Southampton,Crystal Palace,45,7,3,1,St. Mary's Stadium,Roger East,29968,7,37,168,0,26,38,44,3,2,1,8,11,6,7,61,64,4,11,15,13,4,39,1,10,1,254,6,3,17,29,11,17,6,17,12,1,9,33,330,2,14,62,46,5,3,2,4,11,13,8,39,63,1,16,10,10,2,27,1,8,1,401,12,9,22,22,19,25,6,11,5,2
7090348,2016-2017,31,1491417900,Ended,Swansea City,Tottenham Hotspur,74,33,1,3,Swansea.com Stadium,Jonathan Moss,20855,1,37,558,1,18,72,53,3,1,2,5,7,8,4,51,86,1,8,7,2,0,29,0,5,4,642,5,8,25,20,11,18,7,20,13,1,2,37,170,0,12,28,54,1,0,1,1,5,10,10,49,48,1,7,7,10,5,33,0,11,3,246,2,1,25,30,3,4,1,18,13,1
7090374,2016-2017,31,1491417900,Ended,Arsenal,West Ham United,42,37,3,0,Emirates Stadium,Martin Atkinson,59961,2,23,266,0,13,34,63,0,0,0,1,0,8,18,53,55,4,5,11,11,5,47,0,19,3,347,4,2,21,28,2,7,5,18,13,2,2,23,596,3,15,66,70,4,3,1,6,5,14,16,47,71,2,11,5,6,2,39,0,13,2,680,7,8,18,10,13,21,8,18,13,2
7090274,2016-2017,31,1491418800,Ended,Liverpool,Bournemouth,44,60,2,2,Anfield,Lee Mason,53292,2,21,213,0,17,34,67,3,1,2,2,2,16,14,48,45,0,8,11,9,6,47,0,19,0,302,4,2,21,34,6,8,2,22,15,1,9,35,494,1,22,66,70,4,2,2,3,7,12,16,52,83,4,11,8,5,0,46,1,10,2,588,9,8,32,20,9,20,11,22,16,1
7090247,2016-2017,31,1491418800,Ended,Chelsea,Manchester City,38,17,2,1,Stamford Bridge,Mike Dean,41528,5,31,541,2,11,61,53,4,3,1,4,9,10,13,46,64,2,14,10,4,2,34,1,15,0,616,6,7,27,21,11,17,6,11,7,3,5,36,307,0,15,39,52,2,1,1,3,2,8,8,54,48,5,10,13,10,6,38,1,16,1,399,3,4,17,24,6,10,4,17,10,1
7090302,2016-2017,32,1491651000,Ended,Tottenham Hotspur,Watford,33,24,4,0,White Hart Lane,Anthony Taylor,31706,3,23,276,7,41,55,0,0,2,5,9,14,43,37,4,12,11,10,2,38,0,17,1,343,4,2,15,15,4,8,4,14,12,1,3,31,436,12,59,40,3,3,8,7,10,14,57,75,5,12,11,5,2,48,4,9,1,501,5,6,27,25,8,19,11,23,17,0
7090333,2016-2017,32,1491660000,Ended,Middlesbrough,Burnley,36,6,0,0,Riverside,Martin Atkinson,29547,6,33,259,0,17,43,63,1,1,0,3,9,5,43,66,2,12,8,6,3,28,1,16,2,340,5,2,17,22,5,7,2,16,12,3,7,45,372,1,30,57,61,0,0,3,4,13,8,57,66,2,9,12,9,2,30,0,9,2,451,5,5,21,25,8,13,5,12,10,0
7090296,2016-2017,32,1491660000,Ended,West Bromwich Albion,Southampton,8,45,0,1,The Hawthorns,Chris Kavanagh,24697,4,32,448,1,22,58,72,1,1,4,3,10,2,53,65,2,12,11,10,6,33,0,23,0,549,3,3,16,34,6,10,4,21,14,2,8,29,280,0,18,42,69,3,3,4,7,15,8,47,78,1,12,12,4,2,30,0,22,1,383,7,6,26,15,11,17,6,11,8,2
7090267,2016-2017,32,1491660000,Ended,West Ham United,Swansea City,37,74,1,0,London Stadium,Kevin Friend,56973,4,46,321,1,17,54,55,1,1,1,3,16,15,47,83,2,12,11,7,5,36,0,5,0,413,3,1,38,14,4,5,1,10,7,1,7,24,267,0,16,46,64,1,1,3,4,7,8,53,52,3,12,11,10,1,44,0,15,2,361,5,6,20,40,7,14,7,25,16,5
7090310,2016-2017,32,1491660000,Ended,Manchester City,Hull City,17,96,3,1,Etihad Stadium,Jonathan Moss,54393,1,24,257,0,10,33,56,0,0,0,2,3,14,5,44,38,0,8,6,13,6,31,0,22,2,340,4,1,21,26,5,7,2,21,20,2,7,38,644,1,11,67,55,2,1,1,6,7,15,11,56,70,3,6,8,6,0,41,0,17,1,713,10,7,27,23,15,23,8,22,17,0
7090311,2016-2017,32,1491660000,Ended,Stoke City,Liverpool,29,44,1,2,bet365 Stadium,Mike Dean,27568,6,28,380,19,56,67,1,0,1,5,8,13,6,47,78,1,11,6,8,3,34,1,9,2,486,6,4,31,26,9,15,6,23,14,2,6,25,281,15,44,66,4,3,1,1,5,19,13,53,69,2,7,11,11,2,44,0,14,7,380,4,4,22,25,6,9,3,20,17,0
7090365,2016-2017,32,1491669000,Ended,Bournemouth,Chelsea,60,38,1,3,Vitality Stadium,Andre Marriner,11283,0,45,457,3,12,49,69,1,1,3,4,12,9,51,60,1,11,7,8,1,34,1,14,1,524,7,5,20,24,10,15,5,19,14,3,3,38,466,0,6,51,57,0,0,5,4,12,5,49,61,4,7,9,7,3,38,1,13,0,540,5,1,26,12,2,11,9,24,20,2
7090261,2016-2017,32,1491741000,Ended,Sunderland,Manchester United,41,35,0,3,Stadium of Light,Craig Pawson,43779,2,36,506,19,70,61,2,2,4,5,12,12,49,81,5,20,14,4,4,37,0,10,2,582,0,5,9,14,34,6,18,12,11,8,5,3,26,158,12,30,57,1,1,2,4,9,11,51,54,5,14,20,7,6,47,0,23,2,237,1,3,4,17,24,3,9,6,16,12,1
7090377,2016-2017,32,1491750000,Ended,Everton,Leicester City,48,31,4,2,Goodison Park,Robert Madley,39573,3,27,279,0,18,40,58,1,0,1,1,6,12,10,46,72,3,15,8,7,3,36,0,14,382,1,4,23,31,4,6,2,18,11,2,5,49,479,1,19,60,50,5,1,4,4,4,10,13,54,92,2,8,13,5,2,44,0,11,594,1,7,32,26,7,12,5,18,14,2
7090249,2016-2017,32,1491850800,Ended,Crystal Palace,Arsenal,7,42,3,0,Selhurst Park,Michael Oliver,25648,3,30,529,21,72,65,0,0,2,8,16,17,52,74,1,10,11,5,3,47,0,10,2,628,6,3,21,18,8,11,3,20,6,1,6,25,151,21,28,69,2,2,4,5,13,11,48,53,3,11,10,11,3,42,0,19,5,233,7,6,14,37,13,17,4,22,14,0
7090298,2016-2017,33,1492255800,Ended,Tottenham Hotspur,Bournemouth,33,60,4,0,White Hart Lane,Michael Oliver,31943,2,32,219,0,9,31,64,0,0,0,1,1,11,3,46,34,0,10,8,3,10,29,0,7,2,297,3,1,28,27,3,5,2,18,13,1,4,40,582,2,14,69,50,5,2,3,9,13,11,8,54,85,3,8,10,5,1,30,0,4,3,655,1,14,26,14,16,24,8,13,7,0
7090338,2016-2017,33,1492264800,Ended,Watford,Swansea City,24,74,1,0,Vicarage Road,Lee Mason,20272,8,33,291,25,47,58,0,0,0,4,2,9,6,49,84,3,13,8,5,6,34,0,8,2,381,5,4,28,21,9,13,4,20,12,3,30,347,21,53,68,2,1,1,2,6,13,14,51,46,4,8,10,11,4,40,0,3,4,446,6,7,19,23,5,15,10,16,9
7090304,2016-2017,33,1492264800,Ended,Stoke City,Hull City,29,96,3,1,bet365 Stadium,Stuart Attwell,27505,6,31,330,1,9,55,49,1,1,5,7,9,11,54,67,1,5,12,8,1,41,0,14,3,436,6,3,27,18,10,14,4,18,13,2,4,26,264,2,14,45,44,3,3,4,3,13,9,46,50,1,12,5,13,2,28,1,10,4,359,6,4,24,25,10,14,4,14,6,0
7090307,2016-2017,33,1492264800,Ended,Sunderland,West Ham United,41,37,2,2,Stadium of Light,Andre Marriner,40168,3,30,322,14,52,61,2,0,2,2,1,12,9,53,52,2,10,14,10,2,35,0,10,0,416,1,2,3,19,30,4,7,3,12,9,2,2,42,285,10,48,62,1,1,0,4,7,8,7,47,70,5,14,10,5,1,34,0,11,2,367,0,6,4,23,21,7,14,7,17,14,1
7090297,2016-2017,33,1492264800,Ended,Everton,Burnley,48,6,3,1,Goodison Park,Mark Clattenburg,39328,5,32,197,1,26,37,56,1,0,1,3,7,15,6,59,72,5,14,15,5,5,45,0,15,0,301,4,6,21,24,7,13,6,25,19,0,4,41,446,0,17,63,57,1,1,0,13,6,18,6,41,73,4,15,10,8,3,33,1,8,3,529,9,7,17,45,16,29,13,18,17,2
7090358,2016-2017,33,1492264800,Ended,Crystal Palace,Leicester City,7,31,2,2,Selhurst Park,Mike Dean,25504,3,27,198,0,20,42,71,0,0,0,2,5,12,13,46,69,2,16,8,13,2,44,0,11,311,2,2,29,32,5,6,1,24,20,2,10,34,309,1,28,58,64,3,1,2,5,8,15,13,54,73,3,10,16,7,0,47,0,19,420,6,4,34,24,11,15,4,19,13,0
7090326,2016-2017,33,1492273800,Ended,Southampton,Manchester City,45,17,0,3,St. Mary's Stadium,Neil Swarbrick,31850,6,17,547,7,59,62,4,1,3,6,8,15,9,45,55,1,8,9,8,1,31,0,16,628,7,5,17,15,11,18,7,13,10,0,7,20,344,10,41,58,2,2,0,3,4,6,8,55,47,2,9,7,12,2,37,0,19,434,4,1,19,17,5,8,3,21,12,3
7090318,2016-2017,33,1492345800,Ended,West Bromwich Albion,Liverpool,8,44,0,1,The Hawthorns,Jonathan Moss,25669,4,39,464,24,64,53,2,1,1,4,4,11,15,57,74,3,9,14,6,2,50,0,18,2,566,9,2,27,34,7,15,8,21,17,1,2,26,213,23,36,54,2,2,0,0,4,14,9,43,57,1,15,9,12,1,33,0,9,6,311,5,2,30,20,3,7,4,15,10,3
7090368,2016-2017,33,1492354800,Ended,Manchester United,Chelsea,35,38,2,0,Old Trafford,Robert Madley,75272,1,29,379,0,9,54,75,0,0,1,3,25,8,44,60,3,20,15,11,1,45,0,21,1,479,4,0,21,8,3,5,2,23,12,3,2,42,320,1,14,46,80,1,1,0,1,12,8,56,66,3,16,20,7,0,55,0,19,1,416,6,3,15,24,4,9,5,28,19,3
7090308,2016-2017,33,1492455600,Ended,Middlesbrough,Arsenal,36,42,1,2,Riverside,Anthony Taylor,31298,5,36,492,1,25,65,64,1,1,0,4,4,11,8,47,64,3,16,11,9,4,37,0,12,0,584,4,4,21,31,7,12,5,19,13,2,5,32,216,0,24,35,59,2,1,1,2,2,14,13,53,50,4,11,15,12,2,45,0,14,3,308,6,5,20,20,9,13,4,18,13,2
7090282,2016-2017,28,1489244400,Ended,Hull City,Swansea City,96,74,2,1,MKM Stadium,Andre Marriner,19195,8,45,283,1,21,50,54,3,2,1,3,7,8,7,58,75,5,5,14,8,4,34,0,11,3,377,5,3,21,30,9,11,2,14,12,1,4,27,291,1,15,50,64,3,1,2,5,2,10,8,42,60,2,14,4,10,2,25,0,14,7,376,3,7,16,23,8,15,7,13,10,3
7090266,2016-2017,28,1489244400,Ended,Bournemouth,West Ham United,60,37,3,2,Vitality Stadium,Robert Madley,11369,3,44,257,1,16,49,46,1,0,1,5,6,12,14,47,71,3,15,16,10,6,43,0,19,340,4,7,25,28,9,16,7,13,8,2,7,22,270,0,23,51,54,5,3,2,5,5,9,14,53,55,5,20,14,7,5,43,0,10,358,8,9,23,31,17,22,5,18,14,4
7090012,2016-2017,28,1489334400,Ended,Liverpool,Burnley,44,6,2,1,Anfield,Craig Pawson,53145,3,33,194,1,34,36,61,1,1,2,1,3,1,57,86,1,16,12,6,1,35,0,12,3,309,8,1,17,53,6,11,5,26,17,2,5,32,423,1,26,64,49,1,1,5,11,10,6,43,82,4,12,16,14,0,25,0,7,3,558,2,3,20,29,6,10,4,6,4,2
7090251,2016-2017,29,1489840200,Ended,West Bromwich Albion,Arsenal,8,42,3,1,The Hawthorns,Neil Swarbrick,24065,6,31,659,1,17,77,62,1,1,0,5,5,12,10,50,88,2,6,5,7,4,24,1,10,1,752,4,2,11,19,6,11,5,10,8,0,6,16,130,2,12,23,65,3,1,2,1,4,7,10,50,45,1,5,6,5,1,29,0,18,2,221,3,8,21,23,11,12,1,14,10,1
7090272,2016-2017,29,1489849200,Ended,Sunderland,Burnley,41,6,0,0,Stadium of Light,Robert Madley,41518,7,40,272,1,31,56,58,1,1,6,5,9,7,54,94,4,7,13,8,5,28,0,9,1,384,7,3,28,37,9,16,7,9,4,1,7,27,186,0,24,44,64,2,2,2,3,5,4,46,68,0,14,7,15,3,26,0,10,0,297,7,5,19,51,7,14,7,15,12,3
7090262,2016-2017,29,1489849200,Ended,Crystal Palace,Watford,7,24,1,0,Selhurst Park,Martin Atkinson,25109,2,19,272,0,19,57,57,0,0,0,2,7,9,44,73,1,15,7,9,0,31,0,6,1,394,4,2,36,28,2,6,4,15,11,2,3,19,187,1,23,43,64,1,1,2,3,8,10,56,67,4,8,14,9,2,41,0,7,1,284,5,0,19,43,5,7,2,18,13,0
7090373,2016-2017,29,1489849200,Ended,Everton,Hull City,48,96,4,0,Goodison Park,Paul Tierney,39248,4,26,316,0,14,48,68,1,1,0,2,8,15,1,52,50,0,7,9,11,4,32,0,17,0,425,1,4,0,15,15,4,6,2,22,13,0,2,35,377,4,8,52,66,4,0,4,2,5,19,9,48,63,5,9,7,10,0,35,0,16,4,469,0,4,8,30,33,12,14,2,19,12,2
7090301,2016-2017,29,1489849200,Ended,West Ham United,Leicester City,37,31,2,3,London Stadium,Roger East,56979,1,26,234,3,16,41,76,4,2,2,2,5,7,8,40,70,2,14,10,12,4,38,0,5,0,354,4,5,18,28,8,11,3,23,17,1,7,50,394,1,35,59,72,3,2,1,5,6,12,13,60,70,6,10,14,7,2,46,0,15,2,478,8,7,25,22,12,20,8,20,15,0
7090279,2016-2017,29,1489849200,Ended,Stoke City,Chelsea,29,38,1,2,bet365 Stadium,Anthony Taylor,27724,3,38,439,2,16,64,66,2,1,1,8,11,16,11,57,52,6,11,15,3,0,48,2,15,2,522,0,5,7,23,29,13,20,7,23,18,2,3,19,194,0,13,36,62,1,0,1,2,5,20,7,43,70,3,16,9,10,5,36,0,16,3,290,1,2,1,22,17,5,5,0,21,13,6
7090360,2016-2017,29,1489858200,Ended,Bournemouth,Swansea City,60,74,2,0,Vitality Stadium,Mike Dean,11240,14,35,374,16,52,65,0,0,4,4,15,11,53,58,4,9,10,9,5,39,0,14,1,476,5,1,24,12,4,10,6,18,13,2,3,33,359,9,48,64,1,1,2,2,7,13,47,61,2,10,9,14,1,39,0,17,2,449,4,6,21,30,5,12,7,17,13,0
7090300,2016-2017,29,1489924800,Ended,Middlesbrough,Manchester United,36,35,1,3,Riverside,Jonathan Moss,32689,4,22,239,2,22,36,53,4,2,2,4,3,12,12,50,42,0,8,9,13,2,35,0,14,1,326,4,6,18,39,9,14,5,15,12,1,9,38,460,1,19,64,59,1,0,1,3,8,12,14,50,74,1,9,8,8,3,38,0,11,0,555,4,3,22,11,9,10,1,16,12,1
7090257,2016-2017,29,1489932900,Ended,Tottenham Hotspur,Southampton,33,45,2,1,White Hart Lane,Andre Marriner,31697,3,22,332,1,13,49,72,1,1,0,1,1,11,6,54,62,2,13,12,5,4,39,0,11,7,443,4,3,28,29,5,8,3,21,12,3,2,23,341,1,9,51,54,2,1,1,4,5,16,9,46,79,6,12,13,11,2,35,0,13,2,456,2,6,27,24,7,12,5,13,9,3
7090264,2016-2017,29,1489941000,Ended,Manchester City,Liverpool,17,44,1,1,Etihad Stadium,Michael Oliver,54449,5,24,299,1,16,40,58,3,2,1,4,8,15,11,55,66,5,7,14,8,2,54,0,12,2,383,5,4,17,29,13,13,0,29,18,3,7,26,489,2,11,60,68,5,4,1,2,9,15,16,45,59,2,14,6,5,3,47,1,15,6,563,8,3,20,18,12,13,1,25,15,3
7090275,2016-2017,30,1491046200,Ended,Liverpool,Everton,44,48,3,1,Anfield,Anthony Taylor,,7,37,312,28,49,65,2,1,1,2,3,16,15,52,57,2,10,16,2,2,56,0,16,1,429,3,4,34,17,5,9,4,25,19,3,0,28,368,28,51,62,0,0,0,3,2,17,17,48,81,0,17,9,10,3,48,0,11,1,472,1,6,20,26,6,10,4,23,17,1
7090276,2016-2017,30,1491055200,Ended,Watford,Sunderland,24,41,1,0,Vicarage Road,Lee Probert,,3,26,208,0,23,43,44,0,0,0,6,9,10,3,43,62,2,8,12,11,9,24,0,5,0,302,2,3,28,34,3,11,8,9,7,3,9,23,318,1,28,57,54,2,1,1,8,13,4,8,57,48,0,12,8,8,3,35,1,13,1,387,5,10,14,37,15,23,8,19,14,1
7090260,2016-2017,30,1491055200,Ended,Hull City,West Ham United,96,37,2,1,MKM Stadium,Mike Jones,,12,28,357,24,54,65,2,1,1,1,5,10,12,58,69,1,9,15,5,1,41,0,15,1,454,7,4,37,30,8,12,4,14,10,2,1,18,259,16,46,62,1,1,0,1,5,10,5,42,64,3,16,8,10,3,31,1,9,2,385,3,3,28,24,6,7,1,19,15,2
7090254,2016-2017,30,1491055200,Ended,Burnley,Tottenham Hotspur,6,33,0,2,Turf Moor,Stuart Attwell,,1,45,467,17,61,74,3,1,2,6,7,18,10,46,55,2,6,9,5,2,31,0,8,1,573,6,7,25,37,10,19,9,12,9,0,8,40,248,24,39,63,0,0,0,5,3,7,3,54,88,1,9,6,11,5,32,0,9,5,361,6,2,23,27,5,13,8,24,17,2
7090294,2016-2017,30,1491055200,Ended,Leicester City,Stoke City,31,29,2,0,King Power Stadium,Lee Mason,,7,29,310,1,40,52,62,2,2,3,4,9,10,52,57,1,11,7,10,8,28,0,13,4,418,5,2,30,40,9,10,1,11,10,4,2,16,277,0,25,48,65,1,1,6,10,7,8,48,59,3,7,11,11,2,39,1,19,1,394,7,10,19,28,12,23,11,20,9,1
7090389,2016-2017,30,1491055200,Ended,Chelsea,Crystal Palace,38,7,1,2,Stamford Bridge,Craig Pawson,,3,29,162,15,27,53,2,1,1,0,3,12,13,51,59,5,14,12,14,10,41,0,16,2,229,5,3,11,47,6,8,2,16,8,2,10,37,528,11,73,57,4,3,1,8,9,11,9,49,70,7,12,14,9,1,43,0,6,4,608,5,11,27,15,16,24,8,20,15,3
7090287,2016-2017,30,1491064200,Ended,Southampton,Bournemouth,45,60,0,0,St. Mary's Stadium,Jonathan Moss,31847,2,27,261,0,19,39,42,3,3,2,3,4,3,51,47,3,8,14,11,4,31,1,13,1,347,7,3,27,31,8,12,4,14,12,0,2,25,459,2,20,61,61,0,0,2,6,11,11,49,65,1,14,8,8,2,28,1,12,4,554,8,4,24,21,10,14,4,9,8,1
7090299,2016-2017,30,1491136200,Ended,Swansea City,Middlesbrough,74,36,0,0,Swansea.com Stadium,Robert Madley,20354,3,35,259,1,23,44,61,1,1,3,3,5,19,56,51,0,16,9,10,3,46,0,13,0,358,4,1,14,35,6,8,2,19,13,3,5,34,334,0,23,56,52,0,0,6,11,13,10,44,73,5,9,14,6,1,31,0,8,1,420,6,3,30,14,6,15,9,7,4,2
7090387,2016-2017,30,1491145200,Ended,Arsenal,Manchester City,42,17,2,2,Emirates Stadium,Andre Marriner,60001,5,24,398,1,16,56,65,2,1,1,3,8,15,14,49,52,0,15,7,13,1,46,1,22,6,506,6,5,22,23,9,14,5,25,19,2,1,26,306,0,13,44,73,1,0,1,0,3,16,14,51,59,3,8,14,8,3,51,0,20,5,405,5,3,17,21,6,8,2,24,19,3
7090268,2016-2017,31,1491331500,Ended,Watford,West Bromwich Albion,24,8,2,0,Vicarage Road,Paul Tierney,20090,5,20,258,1,14,44,59,2,2,0,6,6,13,11,46,57,5,14,11,3,0,33,1,12,0,335,0,10,2,17,11,11,18,7,12,8,4,4,42,373,1,15,56,48,1,0,1,4,5,4,6,54,37,3,11,14,11,2,40,0,7,1,441,1,3,2,22,40,6,9,3,20,14,3
7090191,2016-2017,25,1486825200,Ended,Stoke City,Crystal Palace,29,7,1,0,bet365 Stadium,Martin Atkinson,27007,2,33,227,24,42,64,0,0,1,5,13,5,47,60,3,14,10,7,2,34,0,21,2,327,4,1,34,17,3,6,3,19,15,3,5,33,339,21,58,62,1,1,1,5,11,8,53,81,1,10,13,13,1,45,0,14,3,451,2,4,33,33,5,7,2,24,21,1
7090231,2016-2017,25,1486825200,Ended,Sunderland,Southampton,41,45,0,4,Stadium of Light,Paul Tierney,39931,7,27,437,1,9,54,81,3,2,1,3,2,13,6,47,65,1,15,11,3,1,40,0,20,2,524,4,8,13,22,10,15,5,23,18,0,5,27,348,0,18,46,68,0,0,0,4,6,16,7,53,60,6,12,15,5,5,37,0,12,1,448,1,1,32,25,2,6,4,15,12,1
7090244,2016-2017,25,1486825200,Ended,West Ham United,West Bromwich Albion,37,8,2,2,London Stadium,Michael Oliver,56983,6,15,179,15,35,63,1,1,2,5,6,11,51,46,0,14,7,7,2,35,1,15,1,280,3,3,19,37,7,8,1,17,12,2,8,37,445,14,65,62,1,1,8,7,10,10,49,68,3,7,13,3,1,34,1,7,3,535,4,4,20,19,7,16,9,11,6,3
7090240,2016-2017,25,1486825200,Ended,Middlesbrough,Everton,36,48,0,0,Riverside,Mike Dean,31496,3,33,455,2,23,54,80,2,2,1,2,17,7,48,79,1,9,14,8,3,44,0,15,2,562,3,3,23,28,5,7,2,24,15,0,6,36,344,0,25,46,73,0,0,2,5,20,15,52,69,1,14,9,7,3,49,0,11,0,470,4,3,22,18,6,9,3,26,24,2
7090255,2016-2017,25,1486825200,Ended,Manchester United,Watford,35,24,2,0,Old Trafford,Robert Madley,75301,3,35,327,9,42,79,1,1,0,1,1,16,10,38,58,2,12,10,9,9,36,0,21,0,426,5,3,12,18,3,9,6,17,12,0,3,29,496,15,58,81,4,2,2,4,5,6,17,62,57,2,10,12,8,3,57,0,11,5,587,7,11,15,32,12,22,10,28,25,1
7090239,2016-2017,25,1486834200,Ended,Liverpool,Tottenham Hotspur,44,33,2,0,Anfield,Anthony Taylor,53159,2,47,297,1,18,49,63,1,1,0,1,3,10,13,55,58,2,14,12,5,7,44,0,11,1,421,4,2,28,35,5,7,2,20,13,5,6,21,299,1,13,51,68,4,2,2,4,10,10,6,45,76,6,14,14,5,2,37,0,12,2,425,4,9,34,16,11,17,6,17,10,3
7090375,2016-2017,25,1486906200,Ended,Burnley,Chelsea,6,38,1,1,Turf Moor,Kevin Friend,21744,2,31,615,1,14,72,76,0,0,6,1,7,22,62,97,1,11,11,4,3,47,0,17,0,729,5,2,21,25,7,13,6,14,13,2,3,34,182,1,16,28,70,2,2,2,1,10,4,38,63,1,12,10,10,1,22,0,19,3,291,1,4,22,44,3,7,4,10,4,3
7090233,2016-2017,25,1486915200,Ended,Swansea City,Leicester City,74,31,2,0,Swansea.com Stadium,Jonathan Moss,20391,1,38,371,1,29,51,64,2,2,0,4,3,7,11,47,68,1,14,7,8,2,36,0,11,505,4,1,22,23,4,9,5,18,10,2,5,39,352,0,34,49,56,1,0,1,1,7,15,8,53,71,2,7,13,9,1,38,0,3,478,5,4,27,42,7,10,3,20,17,2
7090227,2016-2017,25,1487016000,Ended,Bournemouth,Manchester City,60,17,0,2,Vitality Stadium,Neil Swarbrick,11129,3,31,522,2,11,62,60,5,4,1,4,7,11,15,50,59,2,11,7,1,1,42,2,9,2,598,8,5,29,32,11,17,6,20,12,3,1,32,282,1,11,38,51,0,0,0,4,3,11,16,50,58,2,8,11,9,4,41,0,11,2,362,0,1,23,26,1,5,4,16,10,2
7090292,2016-2017,26,1488034800,Ended,West Bromwich Albion,Bournemouth,8,60,2,1,The Hawthorns,Mark Clattenburg,24162,8,32,553,0,10,68,68,1,1,2,6,11,6,54,76,3,5,10,5,2,34,0,7,0,649,6,4,24,22,6,12,6,18,12,0,3,21,214,1,9,32,68,1,1,4,8,9,6,46,48,0,12,4,9,3,28,1,19,4,295,5,4,18,22,8,13,5,18,10,2
7090291,2016-2017,26,1488034800,Ended,Hull City,Burnley,96,6,1,1,MKM Stadium,Martin Atkinson,20156,4,25,136,20,33,54,1,1,4,3,8,5,43,67,3,13,8,14,0,22,1,10,6,240,1,4,3,20,32,5,11,6,9,3,3,7,31,371,28,67,52,1,1,5,6,7,6,57,72,3,8,12,11,2,27,0,5,0,477,0,9,1,22,45,10,15,5,9,5,1
7090223,2016-2017,26,1488034800,Ended,Crystal Palace,Middlesbrough,7,36,1,0,Selhurst Park,Robert Madley,25416,4,34,327,1,21,54,62,1,1,1,2,9,12,52,56,1,15,9,11,2,45,0,12,0,430,6,4,18,30,4,11,7,24,17,1,7,24,251,0,22,46,66,0,0,5,4,11,13,48,63,6,13,15,12,4,40,0,12,2,347,7,3,31,21,11,15,4,13,12,3
7090364,2016-2017,26,1488034800,Ended,Everton,Sunderland,48,41,2,0,Goodison Park,Stuart Attwell,39595,3,23,182,0,19,36,71,0,0,6,6,12,9,49,54,2,16,10,13,6,35,1,12,0,285,3,1,16,35,8,10,2,16,12,2,9,35,427,1,12,64,62,2,2,3,10,7,13,51,58,6,10,16,9,1,45,1,13,1,512,9,8,15,33,16,20,4,16,14,0
7090388,2016-2017,26,1488034800,Ended,Chelsea,Swansea City,38,74,3,1,Stamford Bridge,Neil Swarbrick,41612,1,35,291,11,34,54,1,1,0,1,7,7,44,58,1,14,11,14,2,31,0,20,0,382,1,2,21,23,2,3,1,13,9,3,4,42,636,13,66,65,1,1,5,8,7,19,56,80,4,11,11,5,1,40,1,7,1,734,6,5,20,10,10,16,6,11,10,1
7090278,2016-2017,26,1488043800,Ended,Watford,West Ham United,24,37,1,1,Vicarage Road,Craig Pawson,20702,3,41,370,22,64,65,2,1,1,4,6,10,14,52,52,4,14,18,8,0,46,1,12,2,463,1,7,2,25,31,6,13,7,14,12,3,1,25,168,31,36,63,3,2,1,5,4,5,7,48,44,1,18,13,9,1,32,0,15,2,258,0,3,1,22,22,5,9,4,13,9,4
7090225,2016-2017,26,1488115800,Ended,Tottenham Hotspur,Stoke City,33,29,4,0,White Hart Lane,Jonathan Moss,31864,2,26,219,14,36,57,1,1,0,0,5,8,8,52,48,2,14,11,9,5,39,0,12,2,317,2,3,25,18,5,5,0,20,15,3,4,31,504,13,64,56,1,0,1,5,8,12,10,48,67,6,11,14,2,3,35,1,7,1,588,7,9,26,25,11,21,10,11,10,2
7090259,2016-2017,26,1488225600,Ended,Leicester City,Liverpool,31,44,3,1,King Power Stadium,Michael Oliver,32034,8,23,526,0,25,69,71,0,0,0,5,12,20,16,46,82,1,5,8,5,5,44,0,13,2,620,5,7,25,37,11,17,6,20,16,4,25,159,1,39,31,78,3,1,2,2,5,11,8,54,63,0,8,5,9,6,43,0,18,3,277,4,8,29,31,10,14,4,31,22
7090357,2016-2017,27,1488630600,Ended,Manchester United,Bournemouth,35,60,1,1,Old Trafford,Kevin Friend,75245,2,20,219,0,13,31,54,2,1,1,1,2,7,12,49,46,2,11,9,12,6,35,0,14,0,294,1,1,1,10,49,2,3,1,14,9,4,8,37,539,1,18,69,58,6,5,1,8,15,11,8,51,69,5,9,10,1,0,31,0,5,3,620,0,5,7,24,14,13,20,7,13,5,3
7090290,2016-2017,27,1488639600,Ended,Swansea City,Burnley,74,6,3,2,Swansea.com Stadium,Anthony Taylor,20679,3,24,162,0,26,29,46,1,1,0,2,5,1,47,61,1,13,6,11,5,33,0,13,1,248,2,4,20,64,4,6,2,27,18,2,8,48,496,1,24,71,57,0,0,4,9,11,21,53,78,6,7,13,7,2,42,3,4,1,580,11,9,29,21,16,24,8,8,7,2
7090265,2016-2017,27,1488639600,Ended,West Bromwich Albion,Crystal Palace,8,7,0,2,The Hawthorns,Mike Jones,24051,4,35,240,1,37,49,61,3,2,1,4,5,7,12,66,79,1,12,8,8,1,39,0,19,341,2,4,18,31,8,10,2,21,15,1,1,34,266,0,14,51,44,0,0,0,5,5,17,1,34,70,2,8,12,8,1,26,0,10,370,5,1,39,34,3,11,8,13,11,0
7090280,2016-2017,27,1488639600,Ended,Stoke City,Middlesbrough,29,36,2,0,bet365 Stadium,Craig Pawson,27644,2,29,277,18,45,71,0,0,0,3,1,10,13,47,70,4,20,15,8,5,51,0,12,4,369,3,2,25,27,4,8,4,23,15,2,8,41,340,21,55,75,4,2,2,0,6,14,24,53,71,5,16,18,6,2,57,1,11,1,435,5,8,21,17,11,13,2,16,12,1
7090270,2016-2017,27,1488639600,Ended,Watford,Southampton,24,45,3,4,Vicarage Road,Jonathan Moss,20670,3,19,338,18,62,67,1,1,5,5,20,11,46,67,3,9,15,9,1,38,0,8,2,446,4,11,23,49,12,20,8,12,11,2,6,23,156,27,38,64,1,1,5,6,4,8,54,62,1,16,9,6,7,39,0,12,2,258,7,4,24,38,11,16,5,22,16,3
7090376,2016-2017,27,1488639600,Ended,Leicester City,Hull City,31,96,3,1,King Power Stadium,Mike Dean,31971,4,39,314,26,50,57,1,0,1,1,4,14,6,50,46,3,13,11,11,3,33,1,16,0,410,5,4,35,45,6,10,4,16,12,1,7,23,285,18,50,65,3,2,1,3,10,8,8,50,76,2,12,12,12,3,42,0,12,1,396,9,5,18,21,8,17,9,22,17,1
7090271,2016-2017,27,1488648600,Ended,Liverpool,Arsenal,44,42,3,1,Anfield,Robert Madley,53146,3,36,313,0,24,47,54,1,0,1,2,3,10,10,50,59,3,15,8,12,4,33,1,10,3,405,2,3,22,38,5,7,2,15,9,2,7,27,343,1,22,53,67,3,1,2,6,9,13,7,50,85,3,8,13,5,2,34,1,7,5,456,5,7,19,24,11,18,7,16,12,1
7090345,2016-2017,27,1488720600,Ended,Tottenham Hotspur,Everton,33,48,3,2,White Hart Lane,Michael Oliver,31962,3,35,328,0,10,48,71,2,0,2,3,2,11,5,44,61,2,14,9,11,4,36,0,19,4,440,1,4,22,13,4,8,4,22,12,2,6,45,367,1,19,52,69,2,1,1,8,7,12,11,56,81,7,9,14,3,2,40,1,8,2,462,5,7,31,19,11,20,9,15,9,1
7090252,2016-2017,27,1488729600,Ended,Sunderland,Manchester City,41,17,0,2,Stadium of Light,Martin Atkinson,41107,2,23,642,1,13,71,64,3,1,2,2,4,15,9,50,57,3,4,11,5,3,35,0,19,3,718,5,7,16,21,8,14,6,15,12,0,5,19,200,0,9,29,63,1,1,0,3,6,13,10,50,58,0,11,4,6,5,39,1,18,4,287,5,3,22,15,7,11,4,25,14,1
7090289,2016-2017,27,1488830400,Ended,West Ham United,Chelsea,37,38,1,2,London Stadium,Andre Marriner,56984,1,25,445,2,18,48,66,3,1,2,2,4,12,8,49,51,1,8,8,6,0,31,0,14,1,530,3,4,13,29,8,9,1,15,11,1,6,37,463,0,19,52,67,0,0,0,3,6,9,7,51,60,3,8,8,5,2,33,0,14,1,554,6,2,21,7,5,11,6,18,13,0
7090263,2016-2017,28,1489003200,Ended,Manchester City,Stoke City,17,29,0,0,Etihad Stadium,Neil Swarbrick,52625,3,33,228,21,35,71,0,0,1,1,15,11,48,56,0,11,6,10,1,37,0,24,1,331,2,2,28,25,5,5,0,20,12,3,5,20,515,16,65,77,2,2,4,8,13,15,52,75,1,8,11,2,2,47,0,13,1,621,7,1,26,27,5,12,7,21,17,1
7090217,2016-2017,22,1485010800,Ended,Bournemouth,Watford,60,24,2,2,Vitality Stadium,Lee Mason,11123,1,19,200,24,37,77,1,1,5,4,4,4,44,67,0,16,5,8,3,19,0,15,2,319,2,3,15,47,3,10,7,10,9,2,3,36,415,19,63,55,1,1,4,9,5,14,56,64,2,6,15,6,1,36,0,3,3,526,6,5,35,28,10,15,5,9,8,1
7090216,2016-2017,22,1485010800,Ended,West Bromwich Albion,Sunderland,8,41,2,0,The Hawthorns,Craig Pawson,24380,4,22,360,19,56,53,0,0,4,4,17,5,51,72,7,12,15,7,3,37,0,9,1,451,2,3,19,30,3,9,6,17,12,1,8,43,267,15,44,55,1,1,4,1,10,10,49,65,3,15,12,7,3,39,1,8,2,355,5,5,25,20,9,14,5,18,15,1
7090207,2016-2017,22,1485010800,Ended,Middlesbrough,West Ham United,36,37,1,3,Riverside,Martin Atkinson,30848,5,33,255,3,23,38,63,5,3,2,3,5,10,6,46,62,1,14,7,8,1,31,0,13,0,338,5,5,17,49,9,13,4,18,15,1,6,31,426,0,21,62,67,1,0,1,4,7,10,13,54,80,3,7,13,6,2,43,1,10,2,529,5,2,23,16,7,11,4,19,12,2
7090198,2016-2017,22,1485010800,Ended,Stoke City,Manchester United,29,35,1,1,bet365 Stadium,Mark Clattenburg,27423,12,34,499,2,20,65,64,2,2,9,7,12,12,50,62,6,12,10,2,1,36,1,6,6,591,8,8,31,34,14,25,11,14,9,0,0,39,235,0,26,35,55,0,0,2,1,12,5,50,57,1,13,11,13,7,31,0,16,0,331,3,1,17,42,3,6,3,16,10,4
7090197,2016-2017,22,1485019800,Ended,Manchester City,Tottenham Hotspur,17,33,2,2,Etihad Stadium,Andre Marriner,54402,1,29,287,0,17,45,59,2,0,2,1,4,16,11,52,57,0,7,10,10,5,40,0,12,5,399,3,2,40,31,3,6,3,19,12,4,4,32,361,3,10,55,69,4,2,2,1,5,16,15,48,71,3,10,6,3,0,43,0,19,3,473,9,7,26,21,14,17,3,22,16,2
7090241,2016-2017,22,1485086400,Ended,Southampton,Leicester City,45,31,3,0,St. Mary's Stadium,Michael Oliver,30548,4,19,200,32,40,55,1,1,0,2,2,6,12,53,58,2,10,7,15,4,36,0,14,1,337,7,2,27,38,3,11,8,17,11,1,7,28,362,35,60,68,3,1,2,3,7,13,6,47,63,3,8,10,15,2,26,0,16,3,500,10,7,22,21,14,20,6,12,9,0
7090203,2016-2017,22,1485094500,Ended,Arsenal,Burnley,42,6,2,1,Emirates Stadium,Jonathan Moss,59955,5,33,158,0,13,30,54,1,1,3,4,10,4,50,60,3,11,11,11,6,40,0,15,0,237,0,3,7,10,33,7,13,6,26,16,3,5,36,502,1,17,70,61,1,1,9,10,18,16,50,64,5,12,11,6,6,37,0,7,2,578,1,7,8,23,37,15,24,9,11,6,1
7090238,2016-2017,22,1485102600,Ended,Chelsea,Hull City,38,96,2,0,Stamford Bridge,Neil Swarbrick,41605,2,28,426,1,24,47,61,0,0,0,1,7,7,9,62,59,3,10,12,4,3,39,0,17,1,512,4,4,18,28,3,9,6,19,11,3,2,49,469,1,8,53,57,2,1,1,3,9,11,11,38,58,3,12,9,7,4,30,0,13,1,559,1,5,16,18,4,9,5,10,8,1
7090205,2016-2017,23,1485891900,Ended,Middlesbrough,West Bromwich Albion,36,8,1,1,Riverside,Stuart Attwell,27316,8,28,201,16,38,47,1,1,0,5,3,19,6,43,68,3,13,12,4,4,33,3,11,2,288,5,5,45,28,10,15,5,15,13,1,2,37,384,20,62,47,1,0,1,5,4,12,11,57,65,5,12,13,5,4,46,0,12,0,482,3,3,26,35,7,11,4,22,20,2
7090242,2016-2017,23,1485891900,Ended,Bournemouth,Crystal Palace,60,7,0,2,Vitality Stadium,Jonathan Moss,11286,9,24,154,24,35,41,2,2,1,3,7,7,50,58,3,23,14,14,2,38,1,12,0,233,6,4,22,23,6,11,5,17,14,4,4,36,377,12,65,52,0,0,3,2,10,15,50,67,6,14,22,10,2,51,1,12,1,453,5,2,31,21,2,10,8,14,10,0
7090192,2016-2017,23,1485891900,Ended,Swansea City,Southampton,74,45,2,1,Swansea.com Stadium,Roger East,20359,3,28,469,19,57,66,1,1,3,4,7,13,51,70,3,19,10,3,3,41,0,4,1,553,5,2,15,17,6,10,4,18,9,0,4,48,340,23,43,52,0,0,3,5,15,4,49,62,4,10,16,10,1,34,0,12,1,421,4,5,22,28,6,12,6,15,11,2
7090212,2016-2017,23,1485891900,Ended,Sunderland,Tottenham Hotspur,41,33,0,0,Stadium of Light,Lee Mason,40058,6,38,468,12,72,48,2,2,7,12,20,10,41,85,2,13,9,5,1,29,0,2,3,557,4,3,41,21,7,14,7,11,7,0,0,21,140,19,28,59,0,0,2,2,9,6,59,53,2,9,12,9,3,39,0,8,2,226,0,1,15,54,3,3,0,24,21,2
7090361,2016-2017,23,1485891900,Ended,Burnley,Leicester City,6,31,1,0,Turf Moor,Mike Dean,19202,4,24,160,31,40,64,1,1,0,5,2,7,7,40,58,1,8,3,18,2,22,0,11,4,286,3,5,25,53,7,13,6,12,7,0,8,39,286,52,60,54,1,0,1,9,10,9,5,60,104,2,4,8,2,5,29,0,7,1,422,12,3,40,38,15,24,9,16,9,1
7090343,2016-2017,23,1485891900,Ended,Arsenal,Watford,42,24,1,2,Emirates Stadium,Andre Marriner,60035,4,15,125,25,26,66,1,1,2,5,9,12,50,54,4,15,10,11,4,45,0,22,1,207,2,6,20,40,6,10,4,24,16,3,5,29,503,20,74,64,0,0,7,9,20,15,50,77,7,12,15,7,4,50,1,8,2,598,8,5,26,18,14,20,6,20,14,3
7090243,2016-2017,23,1485892800,Ended,Liverpool,Chelsea,44,38,1,1,Anfield,Mark Clattenburg,53157,0,24,267,28,38,77,1,1,0,2,3,13,10,61,59,4,8,12,13,2,45,1,18,3,386,4,2,28,38,4,8,4,23,13,1,4,45,507,22,62,75,3,2,1,2,3,16,4,39,79,2,13,6,7,1,25,0,13,5,638,2,3,34,21,4,7,3,15,13,2
7090202,2016-2017,23,1485978300,Ended,West Ham United,Manchester City,37,17,0,4,London Stadium,Kevin Friend,56980,4,23,591,2,14,70,52,4,0,4,2,4,10,14,51,59,5,14,10,4,1,38,0,7,3,673,5,4,21,12,7,11,4,13,10,3,4,25,211,1,16,30,60,1,1,0,4,2,9,9,49,46,3,11,14,5,0,34,0,23,6,281,1,1,15,24,1,6,5,13,11,3
7090206,2016-2017,23,1485979200,Ended,Stoke City,Everton,29,48,1,1,bet365 Stadium,Craig Pawson,27612,4,27,383,0,14,53,51,1,1,0,3,5,11,9,46,59,4,12,20,12,5,36,0,11,3,485,7,5,20,26,8,15,7,8,7,0,8,32,329,2,23,47,65,3,2,1,2,5,1,12,54,79,3,21,12,5,5,36,0,15,1,422,5,7,19,23,9,14,5,14,10,1
7090235,2016-2017,23,1485979200,Ended,Manchester United,Hull City,35,96,0,0,Old Trafford,Mike Jones,75297,5,22,228,0,15,33,70,1,1,0,1,12,9,47,53,5,16,19,10,6,41,1,21,1,314,4,2,14,35,3,6,3,16,9,4,10,31,538,2,19,67,68,2,2,6,7,7,9,53,85,1,20,16,4,2,43,0,13,6,634,4,6,33,22,11,16,5,18,13,1
7090369,2016-2017,24,1486211400,Ended,Chelsea,Arsenal,38,42,3,1,Stamford Bridge,Martin Atkinson,41490,6,21,472,11,58,71,3,2,1,2,13,14,15,52,62,2,8,14,6,3,54,0,11,3,561,2,5,17,22,6,9,3,25,18,1,3,32,326,17,42,70,3,0,3,2,10,21,17,48,59,3,14,8,3,4,43,1,17,4,410,5,6,21,26,8,13,5,19,15,1
7090237,2016-2017,24,1486220400,Ended,Watford,Burnley,24,6,2,1,Vicarage Road,Michael Oliver,20178,3,34,204,34,40,80,2,1,1,3,6,12,4,56,68,3,10,10,4,5,38,0,13,4,338,1,1,7,22,25,5,11,6,24,16,0,7,38,398,25,60,69,2,1,1,6,3,12,8,44,90,2,12,9,2,5,31,0,9,2,520,0,3,7,27,24,7,16,9,14,10,5
7090234,2016-2017,24,1486220400,Ended,Crystal Palace,Sunderland,7,41,0,4,Selhurst Park,Andre Marriner,25310,0,18,198,1,13,34,68,1,0,1,0,1,8,5,49,53,1,8,9,10,8,32,0,12,1,278,3,7,19,58,5,10,5,18,16,3,10,42,413,0,16,66,59,4,4,0,4,7,9,9,51,97,3,9,8,3,3,30,0,12,1,502,8,9,34,6,14,21,7,13,8,3
7090196,2016-2017,24,1486220400,Ended,West Bromwich Albion,Stoke City,8,29,1,0,The Hawthorns,Kevin Friend,23921,7,43,423,0,22,62,49,2,2,0,5,6,10,4,43,87,1,13,6,14,3,26,1,16,2,523,5,2,26,11,6,12,6,17,11,2,3,38,222,1,22,38,74,2,1,1,4,5,9,14,57,71,7,6,12,6,2,42,0,13,3,316,7,4,14,37,8,15,7,16,11,2
7090386,2016-2017,24,1486220400,Ended,Everton,Bournemouth,48,60,6,3,Goodison Park,Mike Jones,39026,3,38,477,3,10,54,60,4,1,3,2,8,11,8,47,66,4,4,13,4,4,41,1,8,0,555,8,8,21,21,8,18,10,21,18,1,2,33,391,1,11,46,66,4,0,4,3,4,14,20,53,58,0,14,4,9,5,46,0,16,4,477,2,10,15,33,12,15,3,22,19,3
7090195,2016-2017,24,1486220400,Ended,Southampton,West Ham United,45,37,1,3,St. Mary's Stadium,Graham Scott,31891,3,43,297,2,24,45,68,1,0,1,1,2,8,5,50,69,2,15,12,13,6,31,0,11,3,394,1,4,15,26,2,6,4,15,10,2,9,21,389,1,14,55,70,1,1,0,3,3,9,10,50,61,3,12,15,4,1,40,0,13,2,475,11,7,29,19,13,21,8,15,11,0
7090194,2016-2017,24,1486220400,Ended,Hull City,Liverpool,96,44,2,0,MKM Stadium,Jonathan Moss,24822,7,36,526,0,11,72,65,0,0,0,11,15,6,9,47,118,5,12,8,5,2,30,0,9,1,636,6,5,38,13,14,22,8,13,10,1,3,28,159,3,21,28,67,3,1,2,0,1,7,2,53,49,3,9,11,13,5,25,0,17,2,255,3,4,14,68,6,7,1,12,10,2
7090232,2016-2017,24,1486229400,Ended,Tottenham Hotspur,Middlesbrough,33,36,1,0,White Hart Lane,Mark Clattenburg,31949,2,35,216,0,22,35,59,1,1,0,3,2,10,8,55,52,2,11,7,13,4,46,0,11,1,315,5,0,17,47,5,8,3,31,25,1,6,33,494,1,19,65,53,3,2,1,6,11,16,6,45,93,4,8,11,7,0,36,2,4,5,583,6,5,36,24,11,17,6,20,16,0
7090246,2016-2017,24,1486301400,Ended,Manchester City,Swansea City,17,74,2,1,Etihad Stadium,Mike Dean,54065,2,39,212,19,31,47,0,0,0,0,3,7,5,47,63,3,13,8,12,3,35,1,12,0,319,2,2,19,22,1,4,3,23,17,3,7,38,624,15,69,59,5,3,2,7,10,15,16,53,80,2,9,13,5,1,45,1,8,4,702,5,5,15,29,14,17,3,17,14,2
7090256,2016-2017,24,1486310400,Ended,Leicester City,Manchester United,31,35,0,3,King Power Stadium,Anthony Taylor,32072,7,48,542,2,39,68,55,3,1,2,3,3,7,11,59,70,0,13,12,9,1,39,0,7,2,644,4,9,31,52,13,16,3,17,13,4,4,16,192,0,16,32,54,0,0,0,4,10,9,14,41,62,4,12,13,7,6,39,0,12,1,292,6,1,20,17,6,11,5,14,13,2
7090362,2016-2017,25,1486816200,Ended,Arsenal,Hull City,42,96,2,0,Emirates Stadium,Mark Clattenburg,59962,10,31,385,0,13,51,61,0,0,0,0,8,11,11,46,60,2,9,9,14,3,35,0,21,0,479,1,5,4,17,18,7,9,2,15,12,1,1,21,389,1,12,49,71,4,2,2,2,3,10,17,54,57,2,12,7,8,4,44,0,9,4,483,0,8,7,19,26,15,17,2,21,17,3
7090176,2016-2017,19,1483196400,Ended,Burnley,Sunderland,6,41,4,1,Turf Moor,Graham Scott,21124,0,33,314,0,18,54,64,0,0,3,2,13,16,53,79,3,9,9,9,2,35,0,13,2,418,5,3,25,39,5,11,6,12,8,1,4,37,233,2,11,46,74,4,4,2,6,10,6,47,70,3,10,9,7,2,36,0,12,3,344,8,6,25,10,11,16,5,21,17,1
7090285,2016-2017,19,1483196400,Ended,Swansea City,Bournemouth,74,60,0,3,Swansea.com Stadium,Kevin Friend,20316,2,32,483,4,17,55,68,4,1,3,0,3,11,10,54,63,2,9,14,8,5,40,0,16,2,571,5,6,14,19,6,11,5,16,12,0,9,35,370,0,19,45,58,0,0,0,4,4,9,9,46,75,3,14,8,5,4,30,0,11,1,451,5,5,20,21,7,14,7,14,11,2
7090229,2016-2017,19,1483196400,Ended,Southampton,West Bromwich Albion,45,8,1,2,St. Mary's Stadium,Mike Jones,30975,2,25,175,1,16,32,62,1,1,1,3,20,9,44,64,2,17,12,15,0,41,0,16,1,278,0,3,3,24,28,3,7,4,22,18,3,3,36,475,0,24,68,69,0,0,2,8,15,11,56,61,3,13,17,3,1,49,1,7,1,572,1,7,1,20,29,5,10,5,22,17,3
7090146,2016-2017,19,1483196400,Ended,Leicester City,West Ham United,31,37,1,0,King Power Stadium,Anthony Taylor,32060,7,43,368,40,60,60,2,2,0,9,7,12,8,57,53,6,8,10,9,4,28,1,7,2,481,10,5,25,21,11,24,13,10,7,3,5,27,205,19,40,63,1,0,1,2,7,6,9,43,52,1,11,8,9,5,32,1,13,3,311,6,4,14,41,9,12,3,15,14,5
7090189,2016-2017,19,1483196400,Ended,Chelsea,Stoke City,38,29,4,2,Stamford Bridge,Robert Madley,41601,2,38,242,0,22,40,49,1,0,1,0,3,10,4,56,46,2,10,12,12,3,32,0,11,2,322,3,2,16,31,4,5,1,17,12,2,3,34,401,1,11,60,52,2,1,1,3,8,10,11,44,60,4,12,9,5,0,32,0,10,2,473,8,7,23,21,10,18,8,12,9,3
7090286,2016-2017,19,1483196400,Ended,Manchester United,Middlesbrough,35,36,2,1,Old Trafford,Lee Mason,75314,3,27,241,0,10,34,52,1,0,1,3,2,4,17,43,45,2,14,9,10,10,38,0,14,0,332,4,2,14,49,3,9,6,12,6,1,15,39,532,2,21,66,63,2,2,0,8,12,7,22,57,67,2,9,13,5,1,42,2,8,5,610,12,12,15,20,24,32,8,7,7,1
7090174,2016-2017,19,1483277400,Ended,Watford,Tottenham Hotspur,24,33,1,4,Vicarage Road,Michael Oliver,20882,4,40,480,1,14,66,65,4,0,4,2,3,13,5,55,68,4,6,11,4,1,38,1,8,3,578,11,6,32,17,11,19,8,22,17,0,1,30,190,0,13,34,69,2,1,1,3,0,16,5,45,46,3,11,5,13,2,29,0,12,5,293,1,2,22,28,4,6,2,19,14,3
7090184,2016-2017,19,1483286400,Ended,Arsenal,Crystal Palace,42,7,2,0,Emirates Stadium,Andre Marriner,59975,4,26,258,0,23,36,75,1,1,1,4,14,7,51,62,3,7,9,13,5,36,0,21,3,351,2,4,9,26,4,7,3,20,14,1,4,36,541,2,15,64,71,1,1,10,8,17,10,49,67,4,9,7,8,4,42,0,9,2,637,5,7,20,36,14,22,8,25,18,1
7090178,2016-2017,20,1483360200,Ended,Middlesbrough,Leicester City,36,31,0,0,Riverside,Robert Madley,32437,3,30,219,0,32,38,70,0,0,2,2,10,4,51,64,3,9,10,13,1,36,0,13,331,4,4,31,36,4,10,6,22,19,0,7,43,431,1,25,62,81,1,1,3,2,15,16,49,60,1,10,7,5,4,41,0,11,530,5,1,21,25,4,9,5,18,13,3
7090228,2016-2017,20,1483369200,Ended,Everton,Southampton,48,45,3,0,Goodison Park,Kevin Friend,38891,6,20,297,3,14,46,69,1,1,0,3,8,16,8,43,51,1,14,5,8,3,37,0,21,2,403,6,3,25,34,7,12,5,24,17,1,3,37,367,1,20,54,59,3,1,2,6,10,16,11,57,69,1,5,14,8,3,47,0,12,4,487,5,6,23,31,10,17,7,23,14,0
7090236,2016-2017,20,1483369200,Ended,Manchester City,Burnley,17,6,2,1,Etihad Stadium,Lee Mason,54463,8,44,247,0,31,45,48,2,8,5,7,52,69,4,11,11,8,1,35,0,12,3,357,0,6,3,24,19,6,11,5,15,10,3,2,16,359,1,34,55,54,7,8,7,9,48,56,3,11,11,6,1,28,0,9,3,450,1,4,3,19,45,5,14,9,9,6,4
7090200,2016-2017,20,1483377300,Ended,West Ham United,Manchester United,37,35,0,2,London Stadium,Mike Dean,56996,2,46,642,0,8,64,55,2,2,2,1,9,6,47,80,3,13,8,8,2,32,2,19,5,713,0,5,6,12,25,8,13,5,18,13,2,3,25,309,1,8,36,60,1,1,1,2,10,13,53,46,3,9,13,8,4,38,0,12,0,396,1,5,2,18,18,3,8,5,13,9,2
7090213,2016-2017,20,1483472700,Ended,Bournemouth,Arsenal,60,42,3,3,Vitality Stadium,Michael Oliver,11202,4,29,469,0,16,60,67,1,1,5,7,7,7,48,73,1,12,9,5,3,33,0,12,3,571,0,5,4,21,11,9,14,5,17,13,3,2,31,275,1,17,40,70,2,2,2,4,11,15,52,61,4,10,10,8,1,37,0,12,2,376,1,5,6,15,42,6,13,7,12,8,3
7090226,2016-2017,20,1483473600,Ended,Stoke City,Watford,29,24,2,0,bet365 Stadium,Neil Swarbrick,27010,4,22,237,0,23,46,55,0,0,0,3,6,7,6,47,60,4,15,10,11,3,30,0,11,0,352,4,2,27,29,5,9,4,16,10,2,9,26,296,1,26,54,59,3,2,1,4,7,12,12,53,62,3,10,15,5,1,34,0,9,3,399,7,5,31,42,11,16,5,7,5,1
7090220,2016-2017,20,1483473600,Ended,Crystal Palace,Swansea City,7,74,1,2,Selhurst Park,Paul Tierney,24913,5,48,377,2,23,53,52,2,2,2,5,11,9,55,72,2,14,13,4,2,34,0,8,1,477,5,4,30,48,7,11,4,12,9,1,3,20,315,0,11,47,45,0,0,2,4,8,4,45,69,4,13,14,6,2,35,0,25,1,411,2,3,32,22,4,7,3,17,15,2
7090284,2016-2017,20,1483560000,Ended,Tottenham Hotspur,Chelsea,33,38,2,0,White Hart Lane,Martin Atkinson,31491,3,40,429,1,16,54,69,2,2,0,3,6,19,11,46,74,1,8,8,7,0,38,0,15,4,526,6,2,24,21,6,11,5,19,14,2,3,43,334,0,20,46,60,2,0,2,1,1,9,11,54,58,5,9,8,11,2,43,0,7,2,440,6,2,30,26,3,9,6,24,19,3
7090219,2016-2017,21,1484397000,Ended,Tottenham Hotspur,West Bromwich Albion,33,8,4,0,White Hart Lane,Anthony Taylor,31613,1,20,162,1,10,27,49,0,0,0,1,0,17,3,37,65,1,12,9,10,8,25,0,15,1,248,2,0,24,24,1,3,2,13,9,2,5,46,588,2,10,73,53,4,2,2,3,8,5,16,63,70,2,11,12,5,0,50,1,6,1,670,7,11,26,20,10,21,11,22,15,0
7090204,2016-2017,21,1484406000,Ended,Watford,Middlesbrough,24,36,0,0,Vicarage Road,Jonathan Moss,20659,6,45,325,0,27,54,60,0,0,0,1,3,3,53,58,2,15,13,7,5,34,0,14,3,431,4,1,24,42,3,5,2,18,15,1,9,25,250,1,28,46,54,1,1,1,3,11,4,47,71,5,15,15,6,1,26,1,18,2,355,6,5,33,17,9,12,3,8,7,3
7090211,2016-2017,21,1484406000,Ended,Hull City,Bournemouth,96,60,3,1,MKM Stadium,Martin Atkinson,17963,2,22,469,13,61,52,2,1,1,1,5,7,16,50,67,2,11,13,9,1,35,0,14,3,572,1,6,24,26,5,8,3,8,5,1,6,44,274,20,39,59,1,0,1,2,4,8,6,50,54,6,13,11,7,5,28,0,26,3,356,9,3,15,27,9,14,5,13,12,0
7090208,2016-2017,21,1484406000,Ended,Sunderland,Stoke City,41,29,1,3,Stadium of Light,Mike Dean,42722,7,38,321,1,27,49,65,1,0,1,5,2,7,13,60,57,4,11,16,9,2,40,1,11,1,424,3,6,16,36,10,14,4,12,10,1,2,21,342,1,10,51,59,2,1,1,6,5,8,8,40,78,3,16,9,4,3,34,0,11,5,439,4,3,38,22,6,13,7,17,12,3
7090221,2016-2017,21,1484406000,Ended,West Ham United,Crystal Palace,37,7,3,0,London Stadium,Neil Swarbrick,56984,2,28,356,0,20,56,45,1,1,0,3,2,14,4,43,60,3,14,9,8,0,29,0,12,1,438,6,1,24,21,3,10,7,17,12,2,6,40,254,1,20,44,55,2,0,2,4,2,8,13,57,51,4,10,13,7,1,45,0,6,1,342,7,3,28,28,8,14,6,19,12,4
7090283,2016-2017,21,1484406000,Ended,Swansea City,Arsenal,74,42,0,4,Swansea.com Stadium,Mike Jones,20875,1,34,507,17,57,58,3,1,2,6,2,9,9,56,62,1,8,11,10,3,36,0,21,0,605,2,6,18,20,10,14,4,17,14,0,2,38,373,10,43,69,0,0,0,3,3,12,12,44,64,0,12,8,4,4,32,0,15,2,446,6,3,21,19,6,12,6,12,11,2
7090222,2016-2017,21,1484415000,Ended,Leicester City,Chelsea,31,38,0,3,King Power Stadium,Andre Marriner,32066,1,33,543,19,65,59,1,1,3,5,12,13,52,72,3,9,8,8,2,27,0,16,1,640,2,3,31,38,5,8,3,6,5,0,2,26,232,14,35,63,0,0,0,3,4,6,48,53,2,8,9,5,0,28,0,17,2,341,5,2,30,17,3,7,4,13,9,1
7090210,2016-2017,21,1484496000,Ended,Manchester United,Liverpool,35,44,1,1,Old Trafford,Michael Oliver,75276,5,22,279,0,23,44,68,1,0,1,7,7,17,4,50,59,3,13,16,8,2,47,0,18,2,389,2,4,19,49,11,13,2,28,20,3,4,47,373,2,22,56,67,1,1,0,1,5,22,10,50,76,2,17,13,3,3,47,1,15,4,487,5,3,33,32,5,9,4,25,17,1
7090218,2016-2017,22,1485001800,Ended,Liverpool,Swansea City,44,74,2,3,Anfield,Kevin Friend,53169,5,30,215,0,18,26,47,3,0,3,1,3,21,12,42,52,1,7,7,13,3,30,1,16,1,288,2,3,25,44,5,6,1,11,10,1,6,40,683,1,17,74,53,1,1,0,4,6,8,12,58,110,1,7,6,4,0,48,1,4,2,785,7,5,22,11,9,16,7,30,21,1
7090167,2016-2017,16,1481658300,Ended,Everton,Arsenal,48,42,2,1,Goodison Park,Mark Clattenburg,39510,1,20,420,21,58,72,2,2,0,0,3,16,8,47,61,3,10,10,10,2,37,0,14,2,530,0,6,3,22,24,7,9,2,19,11,1,6,37,250,23,42,70,2,0,2,5,8,15,11,53,61,3,10,9,8,0,42,0,9,1,358,1,5,4,28,29,10,14,4,23,17,3
7090165,2016-2017,16,1481744700,Ended,West Ham United,Burnley,37,6,1,0,London Stadium,Robert Madley,56990,3,33,197,27,42,50,2,2,0,2,1,5,3,46,72,2,15,11,10,6,21,0,7,3,312,4,2,22,17,3,8,5,11,9,2,7,42,352,31,58,59,2,1,1,3,6,5,6,54,66,2,12,15,4,2,25,2,8,0,440,10,7,16,29,10,20,10,7,5,0
7090136,2016-2017,16,1481744700,Ended,Middlesbrough,Liverpool,36,44,0,3,Riverside,Jonathan Moss,32704,4,42,598,14,63,63,3,3,7,2,12,10,46,86,3,14,10,4,3,39,1,14,4,679,4,4,17,18,12,15,3,19,15,0,3,43,314,12,37,56,0,0,4,5,12,16,54,48,4,11,14,7,1,49,0,15,1,393,1,3,19,17,3,8,5,19,12,1
7090137,2016-2017,16,1481744700,Ended,Sunderland,Chelsea,41,38,0,1,Stadium of Light,Neil Swarbrick,41008,4,30,536,1,16,66,48,1,1,3,5,8,14,56,97,4,10,14,5,3,43,1,12,3,619,10,6,23,18,10,19,9,16,13,2,4,40,232,0,18,34,52,0,0,1,5,12,7,44,65,1,15,9,14,5,29,0,19,1,314,4,3,12,36,5,8,3,14,9,3
7090168,2016-2017,16,1481745600,Ended,West Bromwich Albion,Swansea City,8,74,3,1,The Hawthorns,Michael Oliver,21467,7,27,422,0,16,60,54,2,1,1,3,11,11,8,54,61,2,8,8,9,1,41,0,8,1,520,2,4,25,27,8,9,1,25,15,5,33,255,1,17,40,63,3,1,2,4,0,18,8,46,68,2,8,8,3,4,32,0,20,3,350,5,4,22,50,8,13,5,18,14
7090173,2016-2017,16,1481745600,Ended,Stoke City,Southampton,29,45,0,0,bet365 Stadium,Anthony Taylor,27002,5,26,492,12,72,60,1,1,4,11,13,10,50,71,5,10,9,4,3,37,0,11,2,560,0,7,4,23,17,5,15,10,19,10,2,4,25,140,17,28,53,0,0,1,3,12,7,50,34,1,9,9,15,4,32,0,12,1,227,1,1,3,19,45,4,5,1,16,10,1
7090187,2016-2017,16,1481745600,Ended,Tottenham Hotspur,Hull City,33,96,3,0,White Hart Lane,Andre Marriner,31347,3,31,277,19,37,63,0,0,4,5,4,10,52,64,1,14,6,11,6,31,0,23,4,383,1,5,15,14,6,10,4,15,11,2,2,48,588,13,63,67,2,2,12,5,8,13,48,65,6,6,14,2,5,33,1,5,2,670,6,9,14,26,9,27,18,6,5,0
7090133,2016-2017,16,1481745600,Ended,Manchester City,Watford,17,24,2,0,Etihad Stadium,Kevin Friend,51527,2,27,202,0,10,37,55,1,1,0,0,2,16,16,44,60,2,20,16,9,5,43,0,15,3,287,3,2,26,22,2,5,3,11,8,2,4,25,405,1,20,63,57,3,1,2,2,5,8,11,56,55,8,16,20,4,2,48,1,11,3,501,4,7,20,34,8,13,5,20,13,1
7090171,2016-2017,16,1481745600,Ended,Crystal Palace,Manchester United,7,35,1,2,Selhurst Park,Craig Pawson,25547,9,38,529,2,24,61,70,1,1,3,8,13,7,55,88,2,10,16,6,2,44,0,14,1,625,7,6,19,29,10,16,6,23,17,3,3,26,301,1,18,39,68,1,1,0,1,12,11,45,57,3,16,9,12,4,38,0,11,0,400,3,3,15,21,4,6,2,19,15,2
7090158,2016-2017,17,1481986800,Ended,Sunderland,Watford,41,24,1,0,Stadium of Light,Robert Madley,40267,7,36,264,18,57,56,1,1,0,2,11,8,9,45,70,5,9,9,8,1,31,0,8,2,364,4,4,32,17,6,10,4,13,11,2,6,30,187,29,43,69,1,0,1,6,4,9,8,55,71,4,10,9,6,4,32,0,19,2,275,3,2,18,44,9,11,2,17,14,1
7090147,2016-2017,17,1481986800,Ended,Middlesbrough,Swansea City,36,74,3,0,Riverside,Neil Swarbrick,28302,7,30,420,19,57,56,0,0,6,8,12,11,48,101,0,11,10,6,1,36,0,13,3,523,6,2,31,9,6,14,8,17,11,0,5,37,306,26,43,62,2,2,1,3,7,6,52,37,3,10,11,10,2,34,0,19,0,409,5,4,17,51,5,10,5,17,12,1
7090163,2016-2017,17,1481986800,Ended,West Ham United,Hull City,37,96,1,0,London Stadium,Lee Mason,56952,6,32,219,0,21,44,62,1,1,0,3,6,6,5,55,70,2,9,12,3,4,35,2,11,9,322,8,5,19,27,11,16,5,20,15,4,6,31,344,1,22,56,52,2,1,1,9,10,9,9,45,57,6,13,8,10,4,24,1,21,1,419,4,6,15,38,10,19,9,7,5,2
7090139,2016-2017,17,1481986800,Ended,Stoke City,Leicester City,29,31,2,2,bet365 Stadium,Craig Pawson,27663,9,32,227,15,35,58,2,0,2,3,9,4,6,50,50,2,12,9,5,5,30,0,8,0,311,1,3,8,19,34,9,14,5,16,11,6,7,26,490,18,65,64,3,1,2,5,9,12,8,50,72,3,9,11,4,6,27,1,7,3,573,0,4,7,28,21,7,16,9,9,5,2
7090193,2016-2017,17,1481995800,Ended,West Bromwich Albion,Manchester United,8,35,0,2,The Hawthorns,Anthony Taylor,,4,47,474,17,58,54,2,1,1,1,3,6,4,45,69,2,13,9,6,1,28,1,22,2,574,4,5,20,44,5,10,5,15,9,3,4,42,305,22,42,60,1,1,0,3,2,9,10,55,75,3,9,12,3,3,34,0,14,3,401,6,1,23,23,5,10,5,13,10,3
7090190,2016-2017,17,1482067800,Ended,Bournemouth,Southampton,60,45,1,3,Vitality Stadium,Mark Clattenburg,11113,4,41,424,18,53,78,1,1,2,4,11,10,48,67,1,12,6,8,4,41,0,8,2,519,4,8,21,22,7,14,7,25,18,3,6,31,368,18,47,74,0,0,3,7,12,12,52,60,2,6,12,6,4,45,0,15,0,454,2,5,26,36,8,10,2,21,13,0
7090214,2016-2017,17,1482076800,Ended,Tottenham Hotspur,Burnley,33,6,2,1,White Hart Lane,Kevin Friend,31467,3,32,202,0,19,40,69,2,1,1,2,2,8,5,45,66,1,11,10,13,7,35,0,16,2,325,1,2,16,36,4,5,1,22,18,2,5,38,401,1,24,60,72,0,0,0,9,11,12,14,55,49,3,10,11,6,1,41,1,9,0,482,12,9,26,52,13,30,17,16,11,1
7090142,2016-2017,17,1482076800,Ended,Manchester City,Arsenal,17,42,2,1,Etihad Stadium,Martin Atkinson,54409,2,29,288,0,13,39,47,1,0,1,0,1,12,11,44,41,1,13,9,14,3,35,0,14,1,388,5,1,18,27,3,6,3,15,10,2,5,30,502,2,20,61,60,3,2,1,2,8,11,9,56,75,2,9,12,7,0,40,1,11,4,594,7,5,26,20,9,14,5,19,12,4
7090185,2016-2017,17,1482177600,Ended,Everton,Liverpool,48,44,0,1,Goodison Park,Mike Dean,39590,3,40,500,19,68,65,3,2,1,2,6,7,6,48,84,3,9,13,4,1,38,1,14,1,607,5,4,34,30,9,11,2,20,14,1,3,36,180,31,32,66,1,1,0,2,1,11,8,52,60,1,13,7,8,2,30,0,19,1,285,3,1,23,29,3,6,3,16,13,3
7090134,2016-2017,18,1482755400,Ended,Watford,Crystal Palace,24,7,1,1,Vicarage Road,Mark Clattenburg,20304,3,23,174,1,28,44,61,2,1,1,1,3,7,8,57,64,4,17,18,8,2,45,0,12,1,292,5,4,22,45,5,10,5,21,17,4,7,31,235,0,20,56,63,1,0,1,2,7,11,8,43,75,2,18,16,6,3,36,0,9,0,355,4,3,29,29,3,9,6,14,7,2
7090148,2016-2017,18,1482764400,Ended,Burnley,Middlesbrough,6,36,1,0,Turf Moor,Craig Pawson,21562,4,37,275,24,54,66,1,1,2,3,3,13,53,61,4,18,16,8,3,37,0,25,4,396,4,2,25,25,4,8,4,11,9,5,0,34,190,25,46,66,0,0,0,7,8,6,47,77,4,17,18,8,2,30,0,15,3,321,2,4,26,14,2,6,4,10,6,6
7090230,2016-2017,18,1482764400,Ended,Swansea City,West Ham United,74,37,1,4,Swansea.com Stadium,Andre Marriner,20757,4,44,318,31,44,58,5,1,4,3,4,9,11,58,49,1,12,9,11,6,38,0,10,1,408,4,7,18,37,11,14,3,20,12,6,34,427,16,56,62,1,1,0,1,8,16,6,42,77,2,10,12,2,3,34,0,10,2,515,6,7,23,17,10,14,4,17,13
7090186,2016-2017,18,1482764400,Ended,Leicester City,Everton,31,48,0,2,King Power Stadium,Stuart Attwell,31985,3,35,407,32,58,66,2,1,1,0,4,11,9,54,74,0,7,13,5,2,34,0,12,3,549,5,3,24,35,5,8,3,14,10,0,1,25,266,21,42,73,1,1,0,2,3,8,10,46,72,1,14,7,7,1,36,0,15,3,393,3,2,19,17,1,7,6,19,12,3
7090162,2016-2017,18,1482764400,Ended,Chelsea,Bournemouth,38,60,3,0,Stamford Bridge,Mike Jones,41384,2,30,509,1,10,56,50,1,1,0,3,5,9,9,42,77,5,14,13,11,2,32,0,9,1,591,1,3,14,12,5,7,2,10,8,1,1,38,400,1,7,44,57,1,0,1,3,5,5,27,58,57,3,13,14,3,3,52,0,25,1,474,7,4,14,13,8,14,6,12,9,1
7090169,2016-2017,18,1482764400,Ended,Manchester United,Sunderland,35,41,3,1,Old Trafford,Martin Atkinson,75325,3,37,276,0,4,38,55,0,0,0,3,5,7,6,46,71,4,9,6,13,6,23,0,11,2,365,2,4,12,31,4,9,5,11,9,2,7,24,537,5,5,62,64,2,1,1,6,5,9,11,54,70,3,6,9,4,3,27,1,10,4,607,11,9,14,25,13,26,13,8,6,1
7090183,2016-2017,18,1482772500,Ended,Hull City,Manchester City,96,17,0,3,MKM Stadium,Robert Madley,23134,3,17,590,15,67,58,2,2,4,7,6,6,49,56,2,14,10,8,2,30,1,5,1,683,6,6,12,33,8,16,8,14,6,0,6,28,228,14,33,56,0,0,2,4,10,7,51,67,5,11,13,8,4,32,0,17,2,320,5,3,12,26,6,10,4,14,12,1
7090182,2016-2017,18,1482858900,Ended,Liverpool,Stoke City,44,29,4,1,Anfield,Michael Oliver,53094,2,40,256,32,36,54,0,0,2,2,14,10,58,55,1,6,8,12,2,42,0,20,2,352,2,2,22,36,4,6,2,25,12,1,2,46,515,13,64,59,1,1,8,8,17,9,42,62,0,9,6,3,1,41,0,7,0,625,6,6,31,22,11,20,9,26,18,0
7090144,2016-2017,18,1482954300,Ended,Southampton,Tottenham Hotspur,45,33,1,4,St. Mary's Stadium,Mike Dean,31853,2,23,521,10,66,63,1,1,5,10,17,8,47,71,3,16,7,5,1,44,1,5,0,622,0,7,5,23,18,10,17,7,29,24,4,3,24,221,14,34,69,0,0,4,2,20,5,53,41,3,7,15,7,1,48,0,11,2,319,1,3,2,20,23,5,9,4,28,20,1
7090145,2016-2017,19,1483128000,Ended,Hull City,Everton,96,48,2,2,MKM Stadium,Jonathan Moss,20111,5,32,425,1,19,57,66,1,1,6,5,11,13,49,55,2,13,10,3,2,46,3,13,0,525,7,7,15,35,12,20,8,23,19,2,5,32,289,0,23,43,65,0,0,4,5,17,10,51,67,5,10,12,14,6,44,1,17,4,405,5,4,18,22,8,13,5,22,15,2
7090115,2016-2017,13,1480172400,Ended,Hull City,West Bromwich Albion,96,8,1,1,MKM Stadium,Paul Tierney,18086,9,34,314,23,47,68,3,2,1,2,6,8,11,58,64,2,10,7,5,3,30,0,12,0,405,7,2,20,24,7,11,4,12,9,2,3,27,388,17,53,61,0,0,0,2,2,8,2,42,62,1,7,10,13,1,21,0,12,1,480,4,4,13,31,4,10,6,10,8,3
7090188,2016-2017,13,1480172400,Ended,Swansea City,Crystal Palace,74,7,5,4,Swansea.com Stadium,Kevin Friend,20276,7,39,203,0,33,43,40,4,1,3,4,6,13,10,50,74,2,24,12,8,3,37,1,8,0,289,4,4,22,35,10,12,2,15,11,5,4,42,293,1,21,57,45,4,1,3,2,10,7,8,50,59,8,12,24,7,1,49,1,6,2,371,7,9,17,33,11,18,7,18,13,4
7090117,2016-2017,13,1480172400,Ended,Leicester City,Middlesbrough,31,36,2,2,King Power Stadium,Lee Mason,32058,2,47,378,1,31,59,56,0,0,2,3,7,14,55,50,2,12,15,11,1,34,0,18,1,487,2,2,18,37,4,6,2,6,5,4,5,18,210,0,22,41,60,2,2,2,2,4,9,45,68,5,15,11,6,0,32,1,11,3,330,6,3,31,22,7,11,4,13,8,4
7090128,2016-2017,13,1480172400,Ended,Liverpool,Sunderland,44,41,2,0,Anfield,Anthony Taylor,53144,1,33,125,27,23,56,0,0,4,4,10,4,55,52,2,9,5,20,5,30,0,17,1,205,1,1,14,48,2,6,4,21,10,3,6,30,608,11,77,69,1,1,7,9,13,7,45,96,3,5,9,2,1,36,0,7,0,702,13,7,16,15,14,27,13,19,15,1
7090089,2016-2017,13,1480181400,Ended,Chelsea,Tottenham Hotspur,38,33,2,1,Stamford Bridge,Michael Oliver,41513,2,44,371,21,54,65,0,0,0,1,8,16,18,55,80,3,16,13,9,3,51,0,10,3,459,5,6,23,22,4,12,8,22,14,1,2,37,296,12,46,67,2,1,1,1,3,15,7,45,54,4,13,16,10,5,46,0,17,3,386,3,5,21,34,5,9,4,23,12,2
7090111,2016-2017,13,1480256100,Ended,Arsenal,Bournemouth,42,60,3,1,Emirates Stadium,Mike Jones,59978,7,27,337,14,48,72,3,2,1,1,10,7,13,47,59,3,13,12,7,0,42,0,19,4,432,5,3,27,33,7,9,2,17,13,5,3,22,382,14,52,70,4,1,3,6,3,13,11,53,62,5,12,13,7,2,48,1,20,1,466,7,3,22,20,13,16,3,24,19,3
7090150,2016-2017,13,1480264200,Ended,Southampton,Everton,45,48,1,0,St. Mary's Stadium,Craig Pawson,31132,4,32,323,1,23,47,55,0,0,0,1,2,14,10,50,68,3,15,11,12,5,44,0,16,415,11,1,31,29,8,13,5,23,16,2,8,23,365,0,19,53,70,4,3,1,3,5,18,13,50,57,2,11,15,10,1,49,1,20,461,7,7,18,20,11,17,6,22,18,0
7090104,2016-2017,13,1480264200,Ended,Manchester United,West Ham United,35,37,1,1,Old Trafford,Jonathan Moss,75313,6,35,191,0,10,32,59,1,0,1,0,4,14,12,45,42,4,16,14,14,7,42,0,12,2,278,4,2,18,38,3,6,3,16,15,1,13,49,540,2,25,68,56,3,2,1,2,8,7,9,55,92,3,16,16,5,1,39,1,14,4,611,7,8,25,34,13,17,4,16,11,3
7090091,2016-2017,14,1480768200,Ended,Manchester City,Chelsea,17,38,1,3,Etihad Stadium,Anthony Taylor,54457,2,28,270,2,6,39,67,2,0,2,1,2,7,18,56,50,2,9,13,9,4,48,0,13,1,364,0,5,4,21,22,7,10,3,18,15,3,6,21,456,1,13,61,64,3,3,0,2,9,13,11,44,59,1,14,8,6,1,29,1,22,2,541,2,7,5,22,17,11,14,3,11,9,2
7090166,2016-2017,14,1480777200,Ended,West Bromwich Albion,Watford,8,24,3,1,The Hawthorns,Graham Scott,22244,4,42,343,19,60,65,1,1,7,4,7,4,45,68,3,8,12,9,0,27,0,11,2,442,1,5,5,27,23,10,17,7,11,11,1,7,20,185,31,40,71,1,1,0,3,10,8,55,65,2,12,6,6,5,25,0,16,1,298,0,8,3,21,41,6,11,5,11,8,2
7090105,2016-2017,14,1480777200,Ended,Stoke City,Burnley,29,6,2,0,bet365 Stadium,Mark Clattenburg,27306,7,35,246,0,30,44,70,0,0,5,9,12,3,45,80,3,13,6,5,2,25,0,20,5,339,5,4,27,36,7,14,7,17,14,2,2,32,349,2,26,56,66,1,1,3,4,9,11,55,66,1,7,13,13,4,41,1,11,3,448,3,4,21,40,6,10,4,17,13,3
7090175,2016-2017,14,1480777200,Ended,Tottenham Hotspur,Swansea City,33,74,5,0,White Hart Lane,Jonathan Moss,31663,1,35,276,0,12,40,57,0,0,0,1,0,11,6,44,48,2,17,11,8,10,40,0,12,4,379,0,0,22,39,0,1,1,23,14,4,3,41,491,1,14,60,61,5,3,2,6,5,12,19,56,77,4,11,17,1,0,52,0,6,3,575,7,15,25,27,15,28,13,16,12,0
7090094,2016-2017,14,1480777200,Ended,Sunderland,Leicester City,41,31,2,1,Stadium of Light,Andre Marriner,39725,5,21,259,16,46,65,1,1,7,4,3,7,45,68,3,12,7,8,5,28,1,16,3,358,5,5,26,23,9,17,8,14,9,1,9,40,323,12,54,64,0,0,6,3,4,16,55,63,1,8,12,10,4,41,0,15,1,415,10,6,22,31,14,22,8,13,11,3
7090172,2016-2017,14,1480786200,Ended,West Ham United,Arsenal,37,42,1,5,London Stadium,Craig Pawson,56980,4,26,384,2,20,49,66,5,3,2,3,2,4,16,63,61,2,11,9,7,2,41,0,17,2,483,6,10,24,20,14,19,5,17,11,3,3,24,393,1,10,51,67,1,0,1,2,3,9,4,37,64,3,10,10,8,5,26,1,18,0,491,5,3,20,28,6,10,4,12,9,3
7090086,2016-2017,14,1480858200,Ended,Bournemouth,Liverpool,60,44,4,3,Vitality Stadium,Robert Madley,11183,6,47,474,1,12,60,68,2,1,1,2,9,12,11,46,75,4,17,8,4,4,38,0,11,1,563,5,3,21,31,6,10,4,19,15,2,5,15,301,0,13,40,63,4,2,2,2,4,15,11,54,42,4,9,15,10,0,46,0,12,1,376,2,8,18,38,8,12,4,20,14,2
7090124,2016-2017,14,1480867200,Ended,Everton,Manchester United,48,35,1,1,Goodison Park,Michael Oliver,39550,3,35,347,1,26,54,74,0,0,0,4,3,8,12,54,78,3,11,12,7,5,48,1,19,4,464,4,2,28,45,5,10,5,24,16,3,5,29,258,0,22,46,71,2,1,1,3,6,15,11,46,85,3,13,11,5,1,40,0,18,3,380,4,6,24,30,8,13,5,18,15,2
7090093,2016-2017,14,1480968000,Ended,Middlesbrough,Hull City,36,96,1,0,Riverside,Mike Dean,27395,3,16,300,1,15,39,53,0,0,0,1,7,18,8,45,44,0,10,6,6,3,30,0,7,2,395,3,2,19,29,3,6,3,17,12,1,9,48,524,0,20,61,60,3,2,1,7,13,13,8,55,63,2,6,9,6,2,36,0,10,3,601,5,4,10,13,10,16,6,20,18,1
7090151,2016-2017,15,1481373000,Ended,Watford,Everton,24,48,3,2,Vicarage Road,Anthony Taylor,20769,6,27,287,1,22,53,66,2,0,2,3,4,12,9,50,58,4,16,11,8,3,42,0,12,3,400,4,4,25,30,8,11,3,22,11,2,6,27,262,0,23,47,67,3,1,2,1,2,17,14,50,63,6,11,14,7,2,42,0,14,3,357,4,6,25,28,10,11,1,16,13,2
7090160,2016-2017,15,1481382000,Ended,Burnley,Bournemouth,6,60,3,2,Turf Moor,Martin Atkinson,19680,2,42,447,35,69,56,1,0,1,6,11,4,7,56,65,1,18,14,8,4,28,0,10,0,545,8,4,28,45,8,18,10,7,5,2,6,37,139,17,31,54,2,1,1,2,4,7,5,44,72,1,14,17,10,2,33,0,20,5,242,6,7,20,32,12,15,3,12,9,2
7090181,2016-2017,15,1481382000,Ended,Hull City,Crystal Palace,96,7,3,3,MKM Stadium,Mike Jones,17403,6,22,247,0,17,43,54,2,0,2,3,7,16,9,45,46,1,14,15,6,3,31,0,4,0,340,6,6,12,35,10,15,5,7,2,4,6,27,352,1,22,57,48,3,1,2,2,4,5,5,55,72,2,16,14,9,3,37,0,5,2,448,7,6,25,22,11,15,4,20,13,2
7090143,2016-2017,15,1481382000,Ended,Swansea City,Sunderland,74,41,3,0,Swansea.com Stadium,Craig Pawson,20453,5,26,211,10,38,61,0,0,0,5,4,13,7,51,48,1,8,10,10,2,33,1,21,2,301,4,2,24,26,6,11,5,16,12,2,10,21,389,10,62,68,3,1,2,2,7,9,5,49,83,3,10,7,6,2,32,0,17,1,477,7,5,27,19,10,14,4,20,13,1
7090177,2016-2017,15,1481382000,Ended,Arsenal,Stoke City,42,29,3,1,Emirates Stadium,Lee Mason,59964,6,24,212,1,15,36,51,1,1,2,7,12,5,52,47,1,6,9,14,3,29,1,18,3,288,5,5,17,29,7,12,5,15,11,3,23,463,1,11,64,49,1,1,8,7,7,10,48,60,1,9,6,9,4,30,0,13,3,539,7,6,25,16,17,21,4,14,10
7090180,2016-2017,15,1481391000,Ended,Leicester City,Manchester City,31,17,4,2,King Power Stadium,Michael Oliver,31966,7,38,633,0,19,78,53,0,0,0,7,11,9,13,52,68,4,7,10,5,2,30,0,11,3,699,8,4,21,27,11,19,8,7,3,1,3,18,122,1,18,22,44,4,2,2,1,3,3,6,48,51,0,10,7,15,2,27,0,11,0,205,4,6,12,44,8,11,3,14,11,3
7090149,2016-2017,15,1481465700,Ended,Southampton,Middlesbrough,45,36,1,0,St. Mary's Stadium,Stuart Attwell,28976,1,36,314,17,45,61,0,0,3,2,8,8,54,59,3,12,14,12,1,45,1,14,2,418,1,2,20,28,4,6,2,23,14,3,9,28,396,19,55,72,1,1,5,4,18,10,46,64,1,14,12,5,1,33,0,19,3,510,6,3,30,20,10,14,4,11,7,4
7090138,2016-2017,15,1481465700,Ended,Manchester United,Tottenham Hotspur,35,33,1,0,Old Trafford,Robert Madley,75271,4,36,333,0,13,60,64,1,1,0,4,8,11,16,52,81,5,17,19,9,4,54,0,10,0,429,4,4,31,32,3,12,9,22,17,3,5,43,198,1,20,40,63,1,0,1,5,3,15,5,48,55,6,19,16,9,4,41,1,24,1,288,4,5,23,38,8,14,6,21,14,3
7090141,2016-2017,15,1481473800,Ended,Liverpool,West Ham United,44,37,2,2,Anfield,Mark Clattenburg,53068,1,34,195,1,22,33,62,1,1,1,4,6,4,51,50,2,8,7,12,1,22,0,22,2,303,4,3,23,50,3,8,5,11,8,0,5,45,516,1,19,67,62,1,1,9,11,8,7,49,78,1,7,7,6,1,24,1,11,5,611,7,3,24,30,16,19,3,10,7,2
7090159,2016-2017,16,1481658300,Ended,Bournemouth,Leicester City,60,31,1,0,Vitality Stadium,Paul Tierney,11068,8,26,208,1,21,37,68,2,2,4,11,8,5,41,53,3,15,4,9,2,26,0,19,2,306,4,4,28,27,10,12,2,17,12,3,1,33,447,0,24,63,70,1,1,3,4,10,10,59,70,1,5,14,7,4,43,0,11,4,535,3,3,26,44,4,9,5,19,10,0
7090087,2016-2017,10,1477749600,Ended,Middlesbrough,Bournemouth,36,60,2,0,Riverside,Stuart Attwell,29600,5,26,438,3,16,60,65,3,3,0,7,9,21,20,53,65,3,7,7,10,1,43,2,13,526,8,3,24,14,7,18,11,16,13,1,1,36,275,2,11,40,58,2,0,2,2,4,10,13,47,46,2,7,6,13,2,41,0,24,357,6,3,20,28,5,11,6,22,16,2
7090095,2016-2017,10,1477749600,Ended,Watford,Hull City,24,96,1,0,Vicarage Road,Jonathan Moss,20022,1,21,290,0,15,46,50,0,0,2,2,8,3,45,61,3,8,12,15,0,26,0,7,2,399,4,2,17,37,3,8,5,12,6,2,8,27,374,1,24,54,58,1,1,7,7,9,7,55,67,1,13,8,10,2,27,2,19,0,476,16,0,20,21,11,23,12,13,8,1
7090107,2016-2017,10,1477749600,Ended,Tottenham Hotspur,Leicester City,33,31,1,1,White Hart Lane,Robert Madley,31868,2,29,181,12,36,61,1,1,1,1,5,5,39,64,3,20,10,10,5,34,0,26,1,275,4,1,17,23,4,6,2,19,16,4,6,43,405,30,64,56,1,1,6,8,15,14,61,73,8,11,20,7,0,42,2,9,2,493,11,5,36,38,10,22,12,11,7,3
7090085,2016-2017,10,1477749600,Ended,West Bromwich Albion,Manchester City,8,17,0,4,The Hawthorns,Lee Mason,22470,4,25,603,2,10,70,46,3,2,1,9,7,7,12,56,74,2,10,16,10,1,38,0,9,3,675,4,8,12,19,12,21,9,10,6,3,4,33,220,1,8,30,48,0,0,0,1,1,5,9,44,40,3,17,9,7,3,30,1,9,3,281,7,1,12,17,6,9,3,12,8,4
7090110,2016-2017,10,1477749600,Ended,Manchester United,Burnley,35,6,0,0,Old Trafford,Mark Clattenburg,75325,8,37,162,0,23,28,62,0,0,1,1,6,1,49,68,2,9,12,10,11,28,0,19,2,248,0,5,1,10,41,4,7,3,17,13,3,9,35,573,3,25,72,48,2,2,19,19,9,13,51,73,3,12,7,11,1,27,2,11,0,646,1,8,11,26,25,21,38,17,7,4,3
7090097,2016-2017,10,1477758600,Ended,Crystal Palace,Liverpool,7,44,2,4,Selhurst Park,Andre Marriner,25628,5,27,399,3,19,55,76,3,1,2,2,3,11,9,46,84,4,5,15,4,4,47,2,8,1,518,5,10,24,29,13,17,4,23,18,2,3,45,304,0,32,45,68,1,0,1,0,3,19,13,54,77,0,15,5,7,6,44,0,16,4,417,1,6,30,32,6,7,1,27,21,1
7090127,2016-2017,10,1477834200,Ended,Everton,West Ham United,48,37,2,0,Goodison Park,Anthony Taylor,39574,4,22,351,1,8,51,55,1,1,0,6,8,10,10,43,54,5,12,15,6,4,32,0,14,1,418,4,3,17,19,7,13,6,7,6,3,5,33,333,1,14,49,56,3,1,2,7,8,6,13,57,60,2,15,10,13,3,38,0,13,2,410,4,6,9,20,12,17,5,15,13,2
7090100,2016-2017,10,1477843200,Ended,Southampton,Chelsea,45,38,0,2,St. Mary's Stadium,Mike Jones,31827,4,27,325,1,16,45,49,1,1,2,3,15,13,52,43,6,16,13,9,1,53,0,16,0,409,4,7,25,33,9,13,4,27,21,7,29,408,0,18,55,45,0,0,3,7,18,8,48,72,7,13,16,7,5,46,1,16,2,486,6,1,24,13,6,10,4,23,17
7090118,2016-2017,10,1477944000,Ended,Stoke City,Swansea City,29,74,3,1,bet365 Stadium,Michael Oliver,26602,7,34,347,2,27,54,66,1,0,1,4,4,16,5,47,55,1,14,7,12,2,25,1,14,1,435,4,6,24,33,8,14,6,14,11,0,2,21,267,1,16,46,68,3,1,2,5,6,10,8,53,57,2,7,14,9,5,43,3,8,2,364,8,4,27,14,10,17,7,21,18,2
7090130,2016-2017,11,1478358000,Ended,Burnley,Crystal Palace,6,7,3,2,Turf Moor,Anthony Taylor,19196,10,37,400,27,62,69,3,1,2,4,7,14,14,51,79,4,12,10,7,3,32,1,13,3,508,7,5,25,13,8,16,8,8,5,2,5,39,214,20,38,58,2,0,2,1,4,7,4,49,56,2,11,12,7,3,37,0,8,3,328,6,7,15,44,9,14,5,23,19,1
7090084,2016-2017,11,1478358000,Ended,Bournemouth,Sunderland,60,41,1,2,Vitality Stadium,Mike Dean,11084,2,28,163,0,14,30,51,1,0,1,5,2,11,10,50,65,2,17,14,15,6,41,0,16,2,235,1,0,4,21,28,6,9,3,18,16,4,7,30,464,2,7,70,61,3,2,1,5,12,13,17,50,56,6,14,17,2,2,49,1,4,1,537,0,10,7,17,21,16,22,6,15,11,3
7090121,2016-2017,11,1478358000,Ended,West Ham United,Stoke City,37,29,1,1,London Stadium,Andre Marriner,56970,3,31,267,21,42,58,1,1,1,4,8,2,47,71,3,10,11,7,2,29,0,15,1,361,7,4,21,17,6,12,6,16,13,1,6,26,410,21,58,60,0,0,1,6,8,13,53,63,1,11,9,7,3,35,0,7,4,498,6,2,24,26,5,9,4,14,11,4
7090083,2016-2017,11,1478358000,Ended,Manchester City,Middlesbrough,17,36,1,1,Etihad Stadium,Kevin Friend,54294,3,30,181,14,29,49,0,0,0,1,2,10,16,47,38,0,15,7,13,6,40,0,13,2,266,1,3,18,41,3,5,2,17,12,3,7,28,554,16,71,59,3,2,1,7,8,10,17,53,96,5,7,14,3,2,46,1,15,5,632,11,7,23,14,14,25,11,15,11,1
7090106,2016-2017,11,1478367000,Ended,Chelsea,Everton,38,48,5,0,Stamford Bridge,Robert Madley,41429,2,29,380,0,18,40,55,0,0,0,2,17,4,42,56,1,16,4,4,4,31,0,9,1,463,1,0,15,25,1,1,0,23,20,3,7,52,616,1,8,60,61,1,1,7,4,13,17,58,71,4,5,16,4,0,59,1,11,2,685,5,9,19,14,15,21,6,26,15,0
7090156,2016-2017,11,1478433600,Ended,Arsenal,Tottenham Hotspur,42,33,1,1,Emirates Stadium,Mark Clattenburg,69039,4,32,395,17,54,61,1,1,0,2,16,13,47,71,3,17,11,12,2,38,1,15,1,522,7,3,22,35,7,10,3,15,10,2,4,23,298,19,46,67,0,0,4,7,11,4,53,58,4,11,16,10,2,42,1,36,7,423,9,2,20,17,7,15,8,23,17,1
7090113,2016-2017,11,1478441700,Ended,Hull City,Southampton,96,45,2,1,MKM Stadium,Graham Scott,17768,11,26,537,1,25,67,51,1,0,1,7,10,8,8,51,77,6,15,12,6,0,27,1,7,1,625,5,7,26,13,13,19,6,8,6,5,2,20,226,0,17,33,48,1,1,0,0,1,6,5,49,38,1,13,15,11,6,32,0,15,1,313,4,2,17,41,4,6,2,13,9,0
7090108,2016-2017,11,1478441700,Ended,Liverpool,Watford,44,24,6,1,Anfield,Michael Oliver,53163,4,33,262,1,19,40,80,1,1,0,1,3,14,15,53,57,2,10,13,12,11,36,0,17,2,378,2,8,17,19,4,11,7,9,5,2,10,18,446,1,14,60,91,5,1,4,2,6,5,6,47,71,5,14,10,7,7,34,2,10,1,563,9,17,21,16,22,28,6,19,13,1
7090157,2016-2017,11,1478444400,Ended,Swansea City,Manchester United,74,35,1,3,Swansea.com Stadium,Neil Swarbrick,20938,2,40,696,1,18,63,64,1,1,1,0,10,11,53,57,4,16,9,5,39,0,17,1,764,5,3,20,33,7,9,2,19,16,2,3,31,364,0,9,37,53,1,1,3,2,10,9,47,58,2,9,16,10,41,0,8,0,447,3,1,21,15,3,7,4,17,12,0
7090126,2016-2017,11,1478449800,Ended,Leicester City,West Bromwich Albion,31,8,1,2,King Power Stadium,Craig Pawson,31879,4,34,246,0,36,41,57,1,1,3,6,13,10,54,62,2,8,6,12,2,32,0,18,0,358,3,5,19,35,7,11,4,17,10,2,3,46,381,1,23,59,55,1,1,0,5,10,14,46,86,0,8,7,8,3,35,0,8,4,520,3,2,30,26,3,5,2,14,10,0
7090112,2016-2017,12,1479558600,Ended,Manchester United,Arsenal,35,42,1,1,Old Trafford,Andre Marriner,75264,1,23,434,24,54,75,1,1,1,4,16,11,57,69,1,11,13,6,4,47,0,15,0,552,3,1,23,31,2,5,3,23,17,3,7,35,352,12,46,67,0,0,2,10,12,10,43,68,5,14,9,12,0,42,0,24,3,444,5,5,30,32,6,12,6,23,15,3
7090125,2016-2017,12,1479567600,Ended,Sunderland,Hull City,41,96,3,0,Stadium of Light,Lee Mason,41271,4,34,456,9,59,54,1,1,4,8,11,6,44,75,1,8,9,7,1,28,0,20,1,515,0,6,7,17,35,10,17,7,13,9,0,4,39,295,23,41,57,0,0,4,2,9,5,56,66,2,9,7,9,5,24,0,13,1,374,1,3,4,19,37,8,11,3,12,8,3
7090099,2016-2017,12,1479567600,Ended,Stoke City,Bournemouth,29,60,0,1,bet365 Stadium,Roger East,27815,1,20,266,2,18,49,60,2,1,1,1,4,13,7,45,57,3,10,17,19,5,43,1,7,3,353,5,2,25,42,5,8,3,21,15,3,4,39,258,0,27,51,60,2,2,0,3,3,13,14,55,61,2,17,10,13,1,49,1,19,2,363,5,6,29,11,9,14,5,26,21,3
7090103,2016-2017,12,1479567600,Ended,Everton,Swansea City,48,74,1,1,Goodison Park,Martin Atkinson,38773,6,16,204,0,9,37,66,1,0,1,0,3,14,3,40,50,4,12,13,9,5,31,0,20,4,308,3,3,18,50,4,6,2,15,11,2,7,50,386,1,23,63,60,2,2,0,2,10,10,9,60,88,4,13,12,7,2,37,0,10,1,500,6,6,30,16,9,14,5,17,11,5
7090161,2016-2017,12,1479567600,Ended,Watford,Leicester City,24,31,2,1,Vicarage Road,Neil Swarbrick,20640,4,20,269,20,54,67,1,0,1,6,6,8,10,44,80,4,18,12,9,1,37,0,14,0,410,3,2,22,27,7,11,4,17,13,3,5,30,222,28,46,65,1,1,0,0,4,11,12,56,61,4,12,18,7,1,44,0,19,1,353,7,3,27,34,7,10,3,15,10,2
7090129,2016-2017,12,1479567600,Ended,Crystal Palace,Manchester City,7,17,1,2,Selhurst Park,Robert Madley,25529,6,29,337,19,62,68,2,1,1,1,7,17,13,46,57,3,15,12,7,1,40,0,9,1,447,5,4,29,39,8,10,2,15,15,2,4,31,164,20,38,53,0,0,0,2,2,10,11,54,77,5,12,14,10,1,50,0,14,1,276,4,2,23,26,6,8,2,26,19,1
7090082,2016-2017,12,1479567600,Ended,Southampton,Liverpool,45,44,0,0,St. Mary's Stadium,Mark Clattenburg,31848,4,23,537,18,65,69,2,2,5,8,16,13,46,81,2,11,7,2,0,42,0,15,2,661,8,2,35,10,9,15,6,22,19,1,2,32,243,23,35,68,0,0,1,1,9,13,54,56,0,8,10,11,2,48,0,18,2,368,2,0,25,20,1,3,2,25,21,1
7090114,2016-2017,12,1479576600,Ended,Tottenham Hotspur,West Ham United,33,37,3,2,White Hart Lane,Mike Dean,31212,3,35,212,13,33,68,2,0,2,5,5,8,20,55,44,2,16,13,6,3,55,1,23,6,294,1,3,3,18,39,7,11,4,22,19,4,3,39,511,12,67,61,4,1,3,4,4,11,14,45,77,5,13,16,4,1,44,0,5,2,595,0,4,6,26,20,8,14,6,15,12,3
7090131,2016-2017,12,1479657600,Ended,Middlesbrough,Chelsea,36,38,0,1,Riverside,Jonathan Moss,32704,5,37,527,2,12,58,49,2,2,4,3,10,14,46,83,1,10,12,11,1,34,1,11,1,620,6,3,25,20,10,13,3,9,6,3,3,27,365,0,13,42,62,0,0,4,2,5,15,54,42,1,13,10,6,2,41,0,14,0,451,7,1,14,22,6,12,6,16,14,2
7090101,2016-2017,12,1479758400,Ended,West Bromwich Albion,Burnley,8,6,4,0,The Hawthorns,Mike Jones,23016,3,47,389,28,54,53,1,1,0,1,3,6,2,48,75,2,12,12,10,2,24,1,9,3,482,2,2,15,38,2,5,3,10,8,3,38,313,26,46,58,1,0,1,2,4,8,8,52,66,2,12,12,4,2,30,0,7,2,401,8,6,23,28,7,16,9,10,7
7090132,2016-2017,13,1480163400,Ended,Burnley,Manchester City,6,17,1,2,Turf Moor,Andre Marriner,21794,1,24,443,30,67,68,2,2,8,8,10,2,50,54,1,15,7,4,4,22,1,8,3,545,8,5,17,53,12,21,9,13,10,3,5,31,146,23,33,54,0,0,5,5,11,5,50,74,5,8,14,10,3,29,0,19,4,266,0,5,19,21,5,10,5,12,11,2
7090066,2016-2017,7,1475321400,Ended,Swansea City,Liverpool,74,44,1,2,Swansea.com Stadium,Michael Oliver,20862,4,33,495,2,16,59,70,2,0,2,9,10,13,19,53,81,2,9,11,7,2,48,0,13,2,595,3,6,17,17,10,18,8,18,17,2,4,30,306,1,17,41,67,5,4,1,1,3,14,10,47,49,1,11,8,10,5,40,0,17,1,406,4,3,24,35,6,8,2,22,16,2
7090069,2016-2017,7,1475330400,Ended,Watford,Bournemouth,24,60,2,2,Vicarage Road,Mike Dean,20575,2,31,299,14,52,52,2,1,1,3,5,9,12,50,56,4,12,16,7,5,42,3,7,2,382,6,2,22,22,4,11,7,15,14,4,6,34,270,18,48,47,1,0,1,5,4,13,8,50,65,3,17,11,10,0,37,0,15,0,349,5,7,23,25,9,17,8,18,13,3
7090065,2016-2017,7,1475330400,Ended,Sunderland,West Bromwich Albion,41,8,1,1,Stadium of Light,Stuart Attwell,40043,3,34,232,0,18,44,58,0,0,0,3,5,14,1,44,64,0,13,7,9,2,25,0,10,1,325,7,7,23,30,9,17,8,17,13,3,2,41,328,1,19,56,67,2,1,1,1,6,7,7,56,80,3,7,12,9,6,36,0,24,2,424,4,2,12,32,6,7,1,17,13,1
7090062,2016-2017,7,1475330400,Ended,West Ham United,Middlesbrough,37,36,1,1,London Stadium,Neil Swarbrick,56945,3,37,384,20,60,47,1,1,2,5,4,4,55,61,3,12,13,14,1,43,0,11,2,482,4,3,24,26,7,9,2,27,19,3,6,23,246,18,40,64,0,0,6,4,14,10,45,65,2,13,12,4,1,34,1,23,5,327,11,2,28,32,10,19,9,12,11,2
7090068,2016-2017,7,1475330400,Ended,Hull City,Chelsea,96,38,0,2,MKM Stadium,Anthony Taylor,21257,6,41,460,1,18,59,66,2,2,4,7,11,18,56,65,6,15,12,5,2,47,1,13,0,554,9,9,10,18,13,22,9,19,15,2,1,29,302,1,12,41,51,0,0,3,5,16,3,44,58,3,13,14,10,6,39,0,21,1,385,3,2,25,25,3,8,5,23,12,2
7090067,2016-2017,7,1475406000,Ended,Manchester United,Stoke City,35,29,1,1,Old Trafford,Robert Madley,75251,0,27,186,0,10,33,41,1,0,1,0,2,16,5,43,66,3,9,14,13,8,30,0,10,1,268,1,6,21,44,4,7,3,14,8,0,6,27,468,2,13,67,50,5,5,0,8,13,8,10,57,62,1,14,9,3,5,41,2,20,1,534,7,9,28,35,16,24,8,22,19,3
7090070,2016-2017,7,1475414100,Ended,Leicester City,Southampton,31,45,0,0,King Power Stadium,Martin Atkinson,31563,7,37,525,2,22,62,70,1,1,3,6,14,5,52,61,1,9,8,11,1,32,1,10,2,627,3,5,22,19,8,11,3,19,14,0,3,26,286,0,19,38,76,0,0,3,3,10,5,48,48,0,9,9,6,5,30,1,13,1,390,5,1,20,26,5,9,4,16,12,1
7090064,2016-2017,7,1475414100,Ended,Tottenham Hotspur,Manchester City,33,17,2,0,White Hart Lane,Andre Marriner,31793,2,18,382,2,13,58,71,1,1,0,3,3,17,22,59,71,2,10,20,6,6,69,1,21,5,484,3,6,26,24,6,12,6,27,14,2,1,26,248,1,11,42,70,2,1,1,2,4,20,12,41,67,5,20,9,8,6,45,0,14,8,348,4,7,24,31,7,13,6,23,20,2
7090071,2016-2017,7,1475422200,Ended,Burnley,Arsenal,6,42,0,1,Turf Moor,Craig Pawson,20982,3,29,637,14,67,62,1,0,1,7,6,18,14,46,71,1,3,2,6,1,32,1,10,0,741,8,3,23,23,13,18,5,16,15,7,31,246,20,33,57,1,1,0,3,2,11,6,54,64,0,2,3,11,2,34,1,21,4,351,6,1,24,31,5,10,5,26,18
7090079,2016-2017,8,1476531000,Ended,Chelsea,Leicester City,38,31,3,0,Stamford Bridge,Andre Marriner,41547,2,29,351,0,16,45,74,0,0,0,2,5,14,5,41,58,3,12,6,7,4,31,0,18,1,449,3,0,20,21,2,5,3,20,17,1,3,32,458,2,22,55,77,5,2,3,4,8,14,17,59,71,5,6,10,8,0,46,1,19,0,553,6,6,25,27,10,16,6,19,14,1
7090081,2016-2017,8,1476540000,Ended,Stoke City,Sunderland,29,41,2,0,bet365 Stadium,Mike Jones,27701,2,20,266,0,13,43,61,0,0,0,6,4,14,8,44,73,3,13,10,8,4,27,0,14,2,357,4,1,23,15,5,11,6,10,8,1,6,34,393,4,14,57,76,2,1,1,8,6,6,7,56,63,4,10,13,6,1,36,1,9,2,478,4,6,16,17,10,18,8,17,15,1
7090072,2016-2017,8,1476540000,Ended,West Bromwich Albion,Tottenham Hotspur,8,33,1,1,The Hawthorns,Kevin Friend,24263,3,49,540,14,71,51,1,1,0,9,8,9,13,55,81,5,10,14,6,3,38,0,8,3,601,3,8,15,48,10,20,10,11,9,2,4,22,140,9,29,44,2,1,1,1,5,8,9,45,46,0,14,9,12,7,34,1,11,1,228,3,4,17,24,7,8,1,16,12,2
7090073,2016-2017,8,1476540000,Ended,Manchester City,Everton,17,48,1,1,Etihad Stadium,Michael Oliver,54512,1,31,160,18,27,56,0,0,0,0,1,10,6,51,42,2,9,7,14,7,37,0,21,6,255,1,2,16,49,1,3,2,25,20,2,10,30,573,12,73,63,3,2,1,6,13,14,14,49,80,8,7,9,3,1,40,1,11,0,661,5,8,20,13,12,19,7,17,12,0
7090075,2016-2017,8,1476540000,Ended,Arsenal,Swansea City,42,74,3,2,Emirates Stadium,Jonathan Moss,60007,8,22,418,0,10,51,82,4,3,1,2,6,14,5,45,59,2,10,7,9,3,37,0,18,2,525,0,5,6,13,21,9,13,4,26,21,1,3,22,428,3,12,49,85,6,3,3,3,5,17,18,55,67,1,7,10,7,4,45,3,27,9,514,1,7,6,18,17,10,16,6,17,9,0
7090074,2016-2017,8,1476549000,Ended,Crystal Palace,West Ham United,7,37,0,1,Selhurst Park,Martin Atkinson,25643,5,36,251,1,24,45,61,2,1,1,3,6,3,11,57,57,0,13,12,15,3,47,0,13,1,351,1,5,4,20,38,6,12,6,25,21,5,8,34,305,0,27,55,67,3,3,0,1,7,15,6,43,60,3,12,12,8,3,26,1,12,1,411,0,8,3,30,12,7,12,5,9,8,1
7090077,2016-2017,8,1476630000,Ended,Southampton,Burnley,45,6,3,1,St. Mary's Stadium,Mike Dean,29040,4,26,211,0,25,35,45,1,0,1,1,4,4,2,51,55,4,10,11,13,11,24,0,16,1,307,4,1,17,40,4,6,2,12,4,2,13,42,469,1,20,65,49,5,3,2,11,8,10,10,49,75,1,11,10,10,0,27,0,8,0,553,9,14,23,19,24,34,10,8,6,1
7090080,2016-2017,8,1476730800,Ended,Liverpool,Manchester United,44,35,0,0,Anfield,Anthony Taylor,52769,2,32,259,0,29,35,62,1,1,1,1,11,17,59,69,2,20,14,7,3,59,0,27,5,342,5,1,27,37,2,7,5,28,20,4,3,27,509,1,8,65,62,0,0,3,3,15,10,41,67,1,14,20,8,1,52,0,15,2,627,3,3,26,15,4,9,5,22,16,0
7090098,2016-2017,9,1477144800,Ended,Hull City,Stoke City,96,29,0,2,MKM Stadium,Kevin Friend,18522,1,46,375,22,51,53,1,1,2,7,10,11,58,88,2,8,14,10,2,40,0,13,0,481,4,6,22,30,8,12,4,15,12,3,8,30,365,17,49,49,0,0,1,5,15,4,42,56,1,16,7,7,4,28,0,14,1,447,6,2,28,36,7,9,2,18,14,2
7090109,2016-2017,9,1477144800,Ended,Swansea City,Watford,74,24,0,0,Swansea.com Stadium,Paul Tierney,20694,4,31,287,15,46,79,0,0,5,2,13,5,47,52,2,16,14,11,5,33,0,20,4,385,3,2,19,25,5,10,5,15,8,1,7,30,348,19,54,78,2,2,3,7,10,7,53,65,2,15,14,6,2,35,1,20,1,443,3,5,16,36,4,11,7,15,11,2
7090123,2016-2017,9,1477144800,Ended,West Ham United,Sunderland,37,41,1,0,London Stadium,Robert Madley,56985,4,16,207,0,6,36,60,1,1,4,2,8,6,40,60,3,13,10,10,2,32,0,17,1,296,4,2,16,33,4,10,6,16,10,5,4,33,469,1,13,64,57,0,0,8,6,13,18,60,83,4,10,12,6,2,43,1,21,3,541,9,3,25,34,12,20,8,13,9,2
7090102,2016-2017,9,1477144800,Ended,Burnley,Everton,6,48,2,1,Turf Moor,Mike Jones,21416,7,40,452,23,65,50,0,0,10,8,8,14,57,73,1,15,16,2,1,36,1,11,1,557,3,8,22,27,9,21,12,6,5,3,0,25,197,15,35,49,1,1,3,2,4,1,43,56,1,16,15,5,7,29,1,23,1,294,4,3,19,53,4,10,6,13,11,2
7090119,2016-2017,9,1477144800,Ended,Leicester City,Crystal Palace,31,7,3,1,King Power Stadium,Michael Oliver,31969,10,38,390,1,21,55,66,2,2,9,8,16,22,56,61,1,8,10,9,1,49,1,25,3,487,7,7,25,22,13,23,10,17,14,6,27,297,0,20,45,63,2,2,5,8,9,11,44,72,3,10,7,12,5,36,0,10,1,403,7,4,16,42,10,16,6,18,12
7090116,2016-2017,9,1477144800,Ended,Arsenal,Middlesbrough,42,36,0,0,Emirates Stadium,Mike Dean,59962,5,21,132,0,23,25,56,3,3,4,3,7,6,48,39,3,13,6,14,6,32,1,12,2,235,3,4,16,36,8,11,3,20,12,0,6,24,604,1,24,75,59,1,1,1,8,7,13,52,86,5,6,13,3,4,35,1,14,5,706,3,6,26,15,3,10,7,9,7,1
7090096,2016-2017,9,1477153800,Ended,Liverpool,West Bromwich Albion,44,8,2,1,Anfield,Neil Swarbrick,53218,3,30,204,0,20,32,55,1,0,1,2,2,7,7,43,65,2,13,9,14,5,32,0,14,3,318,4,1,18,25,4,7,3,18,12,3,5,47,561,2,33,68,62,3,2,1,7,3,10,9,57,67,4,9,12,4,0,37,0,9,3,662,7,7,19,25,14,21,7,16,8,1
7090088,2016-2017,9,1477225800,Ended,Manchester City,Southampton,17,45,1,1,Etihad Stadium,Mark Clattenburg,53731,1,28,223,15,35,64,1,1,1,3,15,9,53,52,2,10,11,16,2,54,0,18,4,319,3,2,23,35,3,6,3,35,24,3,6,35,488,16,65,65,1,1,4,10,27,18,47,61,2,11,10,7,1,46,0,10,1,582,7,3,28,14,8,14,6,19,13,3
7090092,2016-2017,9,1477234800,Ended,Chelsea,Manchester United,38,35,4,0,Stamford Bridge,Martin Atkinson,41424,8,24,485,1,10,56,55,0,0,5,7,10,7,45,60,2,17,6,7,2,34,0,19,3,556,6,5,32,24,9,16,7,21,15,2,4,23,364,1,8,44,58,3,3,5,5,12,12,55,51,1,7,17,10,5,46,0,27,2,447,3,6,16,25,11,14,3,18,13,3
7090090,2016-2017,10,1477740600,Ended,Sunderland,Arsenal,41,42,1,4,Stadium of Light,Martin Atkinson,44322,5,22,507,3,17,65,56,3,2,1,2,8,10,13,54,73,2,13,8,2,0,40,1,15,1,589,12,7,17,23,14,21,7,19,17,3,4,35,219,0,14,35,53,1,0,1,1,0,13,8,46,65,4,9,12,10,3,34,0,9,6,302,1,1,18,23,1,3,2,16,15,4
7090041,2016-2017,4,1473516000,Ended,Burnley,Hull City,6,96,1,1,Turf Moor,Paul Tierney,18803,4,42,536,1,12,61,60,2,2,0,9,8,5,55,62,2,3,13,8,1,31,2,23,3,625,8,3,17,20,5,11,6,14,6,0,7,44,314,0,16,39,48,0,0,6,5,12,7,45,67,0,13,3,13,2,19,0,21,0,395,6,2,27,33,6,14,8,10,9,2
7090036,2016-2017,4,1473516000,Ended,Bournemouth,West Bromwich Albion,60,8,1,0,Vitality Stadium,Kevin Friend,11184,6,31,186,1,16,36,66,2,2,4,5,12,5,44,64,1,11,8,10,4,29,1,16,1,272,6,2,22,25,6,12,6,16,12,3,5,33,399,1,17,64,64,1,1,2,10,9,15,56,59,5,9,11,10,2,41,0,13,1,477,5,5,23,37,8,12,4,15,14,1
7090034,2016-2017,4,1473516000,Ended,Middlesbrough,Crystal Palace,36,7,1,2,Riverside,Neil Swarbrick,30551,9,34,306,27,42,53,2,0,2,4,6,15,14,54,60,2,9,5,6,3,42,0,18,1,390,4,4,27,29,6,12,6,24,19,2,6,40,450,14,58,58,1,1,0,3,6,14,13,46,69,2,5,8,6,2,44,0,12,3,526,5,4,25,19,7,12,5,24,19,1
7090032,2016-2017,4,1473516000,Ended,West Ham United,Watford,37,24,2,4,London Stadium,Martin Atkinson,56974,4,17,233,16,42,62,3,3,0,2,4,6,8,53,52,1,15,10,10,2,41,1,5,1,325,3,8,14,33,10,13,3,24,21,2,3,28,384,16,58,54,1,0,1,4,4,11,10,47,60,3,10,14,6,4,35,0,26,2,445,11,4,30,29,8,19,11,12,6,2
7090035,2016-2017,4,1473516000,Ended,Stoke City,Tottenham Hotspur,29,33,0,4,bet365 Stadium,Anthony Taylor,27385,2,44,426,17,60,57,3,1,2,8,8,14,7,40,71,4,18,11,7,2,25,1,11,0,510,4,8,22,32,14,20,6,8,4,2,8,21,233,15,40,55,0,0,0,7,10,4,11,60,49,3,13,16,5,5,49,0,20,2,325,7,2,21,22,9,16,7,23,19,3
7090037,2016-2017,4,1473516000,Ended,Arsenal,Southampton,42,45,2,1,Emirates Stadium,Robert Madley,59962,4,32,358,1,19,43,66,2,2,0,2,1,9,6,52,67,1,8,10,13,0,32,1,18,2,457,4,5,14,31,6,11,5,16,14,5,9,20,498,0,13,57,66,2,1,1,8,6,9,14,48,69,4,10,8,7,5,35,0,20,0,588,7,2,24,15,15,17,2,13,10,2
7090038,2016-2017,4,1473525000,Ended,Liverpool,Leicester City,44,31,4,1,Anfield,Craig Pawson,51232,5,28,239,1,25,38,67,2,1,1,5,7,9,5,48,72,0,8,3,4,7,27,1,5,1,351,4,3,27,16,7,12,5,19,17,2,2,41,490,2,17,62,66,4,2,2,4,1,13,17,52,75,1,4,8,12,2,40,0,7,3,605,2,11,29,36,9,17,8,16,13,1
7090040,2016-2017,4,1473606000,Ended,Swansea City,Chelsea,74,38,2,2,Swansea.com Stadium,Andre Marriner,20865,11,31,416,17,55,54,2,2,0,9,11,6,9,56,52,5,9,17,4,0,42,0,10,3,488,12,7,21,21,18,28,10,18,11,4,2,35,313,15,45,53,2,0,2,2,1,14,5,44,53,2,17,9,11,5,32,0,10,0,399,2,2,24,18,3,6,3,19,13,3
7090033,2016-2017,4,1473706800,Ended,Sunderland,Everton,41,48,0,3,Stadium of Light,Mike Jones,42406,6,41,507,3,5,67,56,4,1,3,3,4,4,7,54,64,0,8,10,6,2,46,1,5,1,569,8,9,13,24,15,20,5,29,20,1,3,17,209,0,12,33,52,1,1,0,8,5,17,13,46,52,1,11,7,9,6,31,0,16,0,283,1,2,12,18,7,11,4,11,7,1
7090047,2016-2017,5,1474052400,Ended,Chelsea,Liverpool,38,44,1,2,Stamford Bridge,Martin Atkinson,41514,3,23,416,1,14,47,54,2,1,1,6,4,10,16,46,56,4,13,5,7,3,41,0,13,2,497,2,5,24,26,7,13,6,20,13,1,5,47,474,0,13,53,54,1,0,1,5,6,7,22,54,69,4,6,13,2,3,52,0,19,6,540,3,4,24,24,9,12,3,18,12,1
7090045,2016-2017,5,1474120800,Ended,West Bromwich Albion,West Ham United,8,37,4,2,The Hawthorns,Mark Clattenburg,22209,8,41,555,1,12,70,64,2,1,1,9,6,8,16,65,78,4,6,14,5,2,52,1,25,1,622,9,5,20,9,15,23,8,22,17,1,4,26,183,0,8,30,66,3,0,3,0,2,10,6,35,43,3,14,4,11,3,26,0,13,1,260,2,6,15,17,6,8,2,17,13,2
7090050,2016-2017,5,1474120800,Ended,Leicester City,Burnley,31,6,3,0,King Power Stadium,Anthony Taylor,31916,3,33,251,0,28,41,62,1,1,0,1,1,10,7,56,59,1,9,10,9,4,30,0,15,4,361,4,2,25,40,3,7,4,14,13,1,6,31,391,1,18,59,65,4,2,2,5,7,7,8,44,87,2,10,9,8,2,27,0,8,2,515,3,6,34,11,7,14,7,11,8,0
7090046,2016-2017,5,1474120800,Ended,Manchester City,Bournemouth,17,60,4,0,Etihad Stadium,Jonathan Moss,54335,3,32,249,0,3,36,63,0,0,0,1,5,19,21,45,27,1,11,7,10,7,42,1,15,2,320,0,3,2,18,11,3,6,3,14,10,1,5,32,526,4,6,64,65,4,1,3,5,5,10,14,55,76,3,8,11,4,2,50,1,16,1,591,1,4,11,17,13,11,20,9,25,17,1
7090048,2016-2017,5,1474120800,Ended,Hull City,Arsenal,96,42,1,4,MKM Stadium,Roger East,22536,1,16,741,1,5,61,61,5,4,1,9,4,13,2,40,75,3,12,8,3,1,27,0,18,2,801,0,6,9,7,9,16,24,8,17,11,2,2,47,437,0,6,39,50,1,0,1,2,2,13,13,60,37,2,9,12,13,6,42,0,12,3,508,1,2,2,13,17,3,6,3,18,15,0
7090049,2016-2017,5,1474129800,Ended,Everton,Middlesbrough,48,36,3,1,Goodison Park,Lee Mason,39074,3,36,409,21,48,62,0,0,4,3,9,8,45,62,1,15,5,10,3,35,0,24,3,502,3,0,16,27,1,7,6,22,18,1,4,38,457,15,52,55,1,1,1,6,13,20,55,58,3,5,15,3,0,54,0,4,4,544,4,6,16,27,8,11,3,20,18,2
7090051,2016-2017,5,1474196400,Ended,Watford,Manchester United,24,35,3,1,Vicarage Road,Michael Oliver,21118,6,21,347,1,21,60,62,2,1,1,4,7,14,8,51,60,5,19,14,6,2,37,1,17,2,417,9,2,17,39,8,15,7,15,13,4,5,25,182,1,16,40,58,3,1,2,2,5,8,5,49,43,9,14,17,10,1,40,0,13,0,284,3,5,28,20,6,10,4,19,15,3
7090044,2016-2017,5,1474204500,Ended,Crystal Palace,Stoke City,7,29,4,1,Selhurst Park,Craig Pawson,23781,4,32,259,1,20,43,67,3,3,0,1,5,19,5,48,57,2,9,14,4,3,46,0,11,3,350,6,4,22,22,6,11,5,28,18,1,6,29,376,0,19,57,70,1,0,1,4,10,21,17,52,46,6,15,9,9,3,52,0,18,2,459,2,8,18,35,9,14,5,26,21,2
7090042,2016-2017,5,1474204500,Ended,Southampton,Swansea City,45,74,1,0,St. Mary's Stadium,Mike Jones,29087,6,27,315,0,19,47,59,0,0,1,1,6,7,54,57,2,9,13,9,5,33,0,8,1,402,5,3,18,30,6,9,3,14,5,1,10,47,365,1,18,53,64,3,3,4,7,10,8,46,60,1,14,9,7,3,26,1,20,5,442,9,6,24,14,13,19,6,11,9,1
7090043,2016-2017,5,1474212600,Ended,Tottenham Hotspur,Sunderland,33,41,1,0,White Hart Lane,Mike Dean,31251,4,13,140,10,26,56,2,2,0,1,1,9,10,46,43,1,16,7,19,8,43,0,15,224,1,3,2,17,32,5,6,1,26,23,7,9,50,546,19,74,58,2,1,1,7,14,12,13,54,72,4,7,15,6,1,44,1,6,613,0,15,9,28,17,16,31,15,16,15,1
7090058,2016-2017,6,1474716600,Ended,Manchester United,Leicester City,35,31,4,1,Old Trafford,Mike Dean,75256,1,30,229,0,13,33,55,0,0,0,6,6,8,3,46,54,1,12,9,11,3,26,0,14,1,336,1,3,15,19,2,10,8,14,9,2,3,40,619,2,15,67,65,3,2,1,1,8,8,4,54,69,2,9,11,3,2,30,0,20,4,712,8,7,27,31,12,16,4,15,9,0
7090055,2016-2017,6,1474725600,Ended,Sunderland,Crystal Palace,41,7,2,3,Stadium of Light,Anthony Taylor,38941,8,26,336,20,55,53,2,0,2,4,5,15,12,53,80,6,12,15,6,2,41,0,13,2,450,13,4,32,31,15,21,6,15,9,2,2,31,260,19,45,64,3,1,2,3,3,12,8,47,73,2,15,12,10,1,35,0,19,3,360,4,4,17,39,6,11,5,15,8,0
7090052,2016-2017,6,1474725600,Ended,Stoke City,West Bromwich Albion,29,8,1,1,bet365 Stadium,Martin Atkinson,27645,2,22,220,15,44,53,0,0,3,6,10,9,42,65,1,13,8,10,0,31,0,11,1,319,3,3,32,21,4,9,5,14,10,4,8,32,300,26,56,60,1,1,6,6,7,6,58,58,4,9,13,9,2,38,0,4,1,405,4,2,20,21,9,12,3,19,11,3
7090061,2016-2017,6,1474725600,Ended,Bournemouth,Everton,60,48,1,0,Vitality Stadium,Robert Madley,11291,6,45,279,15,47,56,2,2,5,3,11,6,51,63,3,14,9,10,0,41,0,10,2,367,6,2,31,20,6,13,7,26,20,2,2,29,332,13,53,69,0,0,4,5,14,10,49,65,2,10,13,10,2,41,2,11,1,422,7,1,26,29,6,12,6,18,10,2
7090056,2016-2017,6,1474725600,Ended,Middlesbrough,Tottenham Hotspur,36,33,1,2,Riverside,Graham Scott,32703,2,38,452,18,58,61,1,1,7,10,19,20,49,81,2,9,13,8,1,47,0,7,3,550,7,5,25,15,10,19,9,15,12,1,5,26,286,16,42,56,0,0,2,2,6,12,51,55,3,14,8,9,3,51,0,25,0,391,2,2,22,31,5,6,1,31,21,2
7090059,2016-2017,6,1474725600,Ended,Swansea City,Manchester City,74,17,1,3,Swansea.com Stadium,Neil Swarbrick,20786,5,33,482,1,10,58,72,3,1,2,6,7,6,17,55,63,4,9,15,7,4,43,0,20,2,566,8,4,15,18,11,18,7,11,10,4,11,35,304,0,10,42,64,1,1,0,1,2,6,12,45,47,4,15,9,15,1,34,0,21,1,391,7,5,16,21,9,13,4,13,8,2
7090054,2016-2017,6,1474725600,Ended,Liverpool,Hull City,44,96,5,1,Anfield,Andre Marriner,53109,0,17,190,0,8,26,51,0,0,0,0,2,10,15,47,26,1,8,8,13,6,41,0,9,1,263,1,1,1,16,27,1,2,1,19,14,2,4,30,698,2,9,74,64,5,3,2,11,13,12,22,53,100,3,8,7,3,0,46,1,6,0,763,0,9,12,17,7,17,32,15,17,11,1
7090060,2016-2017,6,1474734600,Ended,Arsenal,Chelsea,42,38,3,0,Emirates Stadium,Michael Oliver,60028,6,31,447,1,16,50,65,1,1,0,2,1,8,9,53,71,4,11,8,6,2,38,0,11,2,538,5,2,21,20,7,9,2,21,17,2,3,17,438,0,10,50,67,2,0,2,4,9,13,11,47,63,2,9,9,7,2,38,0,20,5,529,5,5,20,24,9,14,5,18,16,0
7090053,2016-2017,6,1474815600,Ended,West Ham United,Southampton,37,45,0,3,London Stadium,Jonathan Moss,56864,3,33,386,4,12,55,53,3,1,2,4,2,6,5,49,53,3,14,9,11,0,33,0,12,472,5,9,17,38,15,18,3,19,13,2,8,23,286,0,17,45,51,0,0,0,5,6,9,9,51,47,3,9,14,7,6,30,0,28,370,7,1,17,18,7,13,6,7,4,5
7090057,2016-2017,6,1474916400,Ended,Burnley,Watford,6,24,2,0,Turf Moor,Mike Jones,18519,3,31,348,34,56,60,1,1,6,6,4,10,51,66,2,15,10,5,2,35,0,13,0,469,4,2,22,29,5,12,7,15,14,3,7,32,241,31,44,62,0,0,6,7,7,3,49,65,3,11,15,4,2,35,0,15,5,349,3,4,18,34,10,13,3,18,13,1
7090063,2016-2017,7,1475262000,Ended,Everton,Crystal Palace,48,7,1,1,Goodison Park,Jonathan Moss,38758,7,28,200,21,43,46,1,1,6,9,12,15,49,55,5,11,16,12,1,45,0,11,1,297,2,2,20,29,5,10,5,14,11,4,7,25,299,23,57,48,1,1,4,10,12,16,51,68,4,16,11,4,1,45,0,12,3,398,6,3,28,36,9,13,4,18,13,5
7089874,2016-2017,1,1471096800,Ended,Crystal Palace,West Bromwich Albion,7,8,0,1,Selhurst Park,Craig Pawson,24490,9,32,143,21,38,62,0,0,2,6,21,5,44,61,1,15,12,8,4,34,0,19,2,245,8,3,34,23,8,13,5,18,9,2,6,28,298,21,62,60,2,2,3,3,12,8,56,63,5,12,14,8,2,48,0,17,0,414,7,4,21,21,7,14,7,28,22,2
7089878,2016-2017,1,1471096800,Ended,Burnley,Swansea City,6,74,0,1,Turf Moor,Jonathan Moss,19126,12,32,297,32,52,68,2,1,1,2,4,11,8,57,39,4,14,10,9,3,37,0,22,2,383,6,9,13,49,11,17,6,19,16,2,5,43,249,20,48,59,1,1,0,2,7,14,6,43,92,3,10,14,9,7,33,0,18,3,353,5,3,41,16,6,10,4,14,9,3
7089880,2016-2017,1,1471096800,Ended,Middlesbrough,Stoke City,36,29,1,1,Riverside,Kevin Friend,32110,2,17,330,27,54,49,0,0,0,2,6,8,16,55,45,5,14,18,7,1,46,0,11,2,420,9,1,23,16,7,12,5,16,13,5,6,25,262,22,46,46,2,1,1,4,9,9,10,45,42,2,18,14,13,0,38,2,20,1,349,6,2,20,20,8,12,4,17,11,3
7089877,2016-2017,1,1471105800,Ended,Manchester City,Sunderland,17,41,2,1,Etihad Stadium,Robert Madley,54362,3,13,104,1,21,23,49,2,1,1,2,6,3,11,56,43,3,14,11,9,3,38,0,12,2,189,2,3,27,35,4,7,3,17,13,2,3,28,585,1,16,77,49,2,1,1,4,9,9,13,44,83,4,11,13,3,2,30,0,9,1,681,8,4,27,26,8,16,8,5,4,1
7089873,2016-2017,1,1471177800,Ended,Bournemouth,Manchester United,60,35,1,3,Vitality Stadium,Andre Marriner,11355,2,35,488,1,8,53,62,4,2,2,2,2,8,8,53,42,1,10,7,7,2,42,0,13,4,561,2,7,17,30,8,11,3,27,18,1,3,37,412,0,8,47,63,0,0,0,4,4,19,13,47,61,2,7,10,6,4,36,0,10,3,483,2,3,26,7,6,9,3,15,12,0
7089871,2016-2017,1,1471186800,Ended,Arsenal,Liverpool,42,44,3,4,Emirates Stadium,Michael Oliver,60033,3,24,380,17,49,52,2,0,2,6,4,16,11,47,60,2,17,13,7,2,45,0,7,3,479,3,7,22,26,12,16,4,21,13,3,6,29,386,22,51,54,1,1,0,1,5,17,10,53,53,5,13,16,4,3,48,0,17,4,485,3,5,25,9,6,9,3,22,12,3
7089872,2016-2017,1,1471287600,Ended,Chelsea,West Ham United,38,37,2,1,Stamford Bridge,Anthony Taylor,41521,1,37,257,25,38,65,0,0,2,1,10,3,49,47,3,16,16,8,4,43,0,19,1,350,2,3,12,26,4,7,3,25,19,2,5,35,480,24,62,65,1,1,4,7,8,16,51,86,6,16,14,0,2,47,0,7,1,556,6,6,29,17,9,16,7,18,10,5
7090031,2016-2017,2,1471692600,Ended,Stoke City,Manchester City,29,17,1,4,bet365 Stadium,Mike Dean,27455,5,23,398,2,21,57,65,3,0,3,4,7,15,12,49,55,5,13,12,6,2,44,0,17,1,493,2,6,19,28,9,12,3,20,14,4,5,32,263,1,21,43,60,2,1,1,2,7,12,14,51,54,2,12,13,6,2,48,0,13,3,361,3,3,28,25,5,8,3,22,14,3
7090015,2016-2017,2,1471701600,Ended,Swansea City,Hull City,74,96,0,2,Swansea.com Stadium,Stuart Attwell,20024,2,34,362,2,15,43,67,3,1,2,5,3,14,4,47,44,1,10,7,17,3,38,0,25,5,460,3,4,23,34,9,12,3,27,18,13,19,478,0,23,57,79,0,0,0,7,8,18,10,53,72,5,7,10,2,2,37,1,19,0,563,13,3,16,17,9,23,14,17,15
7090016,2016-2017,2,1471701600,Ended,West Bromwich Albion,Everton,8,48,1,2,The Hawthorns,Neil Swarbrick,23654,7,44,486,13,66,56,4,3,1,1,4,15,16,50,69,3,10,15,6,3,47,0,11,1,580,5,7,13,17,10,13,3,16,13,1,8,23,174,14,34,62,3,2,1,2,7,12,14,50,58,3,16,9,7,5,45,0,17,0,283,5,4,13,17,8,11,3,23,15,3
7090030,2016-2017,2,1471701600,Ended,Tottenham Hotspur,Crystal Palace,33,7,1,0,White Hart Lane,Michael Oliver,31447,3,29,234,0,8,43,55,0,0,0,2,4,23,13,54,75,1,9,19,11,4,60,0,27,0,325,6,2,28,24,4,10,6,28,21,3,6,36,353,2,13,57,55,5,4,1,6,10,13,8,46,66,3,19,9,7,2,46,0,8,2,440,9,5,18,42,10,20,10,29,22,3
7090019,2016-2017,2,1471701600,Ended,Watford,Chelsea,24,38,1,2,Vicarage Road,Jonathan Moss,20772,3,35,488,1,12,62,57,3,1,2,3,5,11,11,53,65,5,10,19,4,1,46,1,15,2,560,6,4,19,18,6,13,7,17,11,3,3,26,251,0,9,38,56,1,1,0,2,0,11,9,47,46,1,20,9,5,2,43,0,15,1,330,2,2,20,31,3,6,3,25,17,4
7090017,2016-2017,2,1471782600,Ended,Sunderland,Middlesbrough,41,36,1,2,Stadium of Light,Martin Atkinson,43515,3,40,372,1,17,53,56,2,1,1,3,1,10,7,48,54,0,14,11,7,4,46,0,17,0,476,2,3,28,34,3,8,5,30,20,1,6,19,307,0,18,47,63,1,0,1,7,8,19,21,52,66,1,11,14,4,1,50,0,15,2,401,6,5,27,12,13,18,5,16,11,1
7090018,2016-2017,2,1471791600,Ended,West Ham United,Bournemouth,37,60,1,0,London Stadium,Craig Pawson,56977,3,31,320,1,24,53,53,0,0,0,2,6,14,4,48,56,1,15,15,12,1,27,0,14,1,410,1,1,5,22,30,4,8,4,10,8,3,7,26,277,1,17,47,62,2,1,1,5,1,7,10,52,62,3,15,13,6,5,38,0,30,1,355,0,9,2,23,17,9,16,7,16,10,3
7090025,2016-2017,3,1472297400,Ended,Tottenham Hotspur,Liverpool,33,44,1,1,White Hart Lane,Robert Madley,31211,1,33,325,6,51,66,2,1,1,6,5,14,5,39,68,1,17,11,8,3,36,1,14,6,433,4,3,28,36,10,13,3,20,13,5,5,50,306,16,49,58,0,0,0,2,5,14,12,61,70,3,11,17,9,2,51,0,10,2,419,5,4,27,27,5,11,6,22,17,3
7090024,2016-2017,3,1472306400,Ended,Crystal Palace,Bournemouth,7,60,1,1,Selhurst Park,Mike Dean,23503,2,32,246,1,8,41,45,1,1,3,4,16,7,41,62,6,10,14,12,3,38,0,9,2,326,4,3,13,52,5,10,5,17,10,1,16,48,380,0,23,59,52,3,3,7,10,8,14,59,63,3,15,9,6,2,42,0,21,5,447,12,5,21,29,16,24,8,19,14,2
7090022,2016-2017,3,1472306400,Ended,Southampton,Sunderland,45,41,1,1,St. Mary's Stadium,Lee Mason,30152,4,22,179,0,20,36,57,2,1,1,1,5,11,11,56,70,5,8,15,10,6,38,0,16,2,270,2,2,16,36,4,5,1,13,10,2,4,20,391,1,11,64,57,0,0,0,4,5,12,10,44,66,3,15,8,6,1,34,0,20,4,480,5,7,20,31,1,16,15,16,12,2
7090029,2016-2017,3,1472306400,Ended,Everton,Stoke City,48,29,1,0,Goodison Park,Michael Oliver,39581,2,38,308,1,21,45,67,0,0,3,2,12,13,51,53,1,11,13,9,8,51,1,7,1,395,4,1,21,27,1,8,7,26,17,1,4,24,400,0,17,55,70,2,2,5,9,16,19,49,71,3,14,11,6,1,51,1,11,3,482,7,9,14,30,9,21,12,21,14,2
7090023,2016-2017,3,1472306400,Ended,Leicester City,Swansea City,31,74,2,1,King Power Stadium,Roger East,31727,5,30,260,0,17,48,61,0,0,0,1,6,11,14,54,47,3,10,13,11,4,48,0,10,1,363,5,3,26,37,4,9,5,21,13,2,4,33,302,1,21,52,65,5,3,2,2,4,15,11,46,63,3,14,9,8,2,34,0,20,3,408,5,6,28,32,8,13,5,15,11,2
7090026,2016-2017,3,1472306400,Ended,Watford,Arsenal,24,42,1,3,Vicarage Road,Kevin Friend,20545,5,23,411,4,14,55,47,3,1,2,1,2,6,22,57,68,4,15,18,12,6,61,0,15,2,490,2,7,22,33,6,10,4,22,17,1,5,36,311,0,19,45,57,1,0,1,2,3,14,11,43,60,2,18,13,8,4,38,0,11,1,397,6,6,24,17,8,14,6,14,9,6
7090021,2016-2017,3,1472306400,Ended,Chelsea,Burnley,38,6,3,0,Stamford Bridge,Mark Clattenburg,41607,5,18,314,15,40,57,0,0,0,2,5,7,7,50,72,0,9,6,9,6,29,0,17,2,410,4,0,15,30,4,6,2,17,13,2,3,48,545,15,60,65,3,2,1,5,9,5,11,50,70,1,6,9,4,0,29,0,10,1,626,7,10,22,17,14,22,8,9,8,2
7090027,2016-2017,3,1472315400,Ended,Hull City,Manchester United,96,35,0,1,MKM Stadium,Jonathan Moss,24560,9,35,542,1,15,62,74,2,1,1,8,6,12,14,57,90,4,6,9,5,2,36,0,12,1,615,12,9,16,7,14,29,15,14,10,3,3,23,305,0,9,38,61,0,0,0,2,1,10,5,43,48,2,9,5,15,8,30,0,17,0,394,4,2,11,51,2,8,6,20,14,2
7090028,2016-2017,3,1472396400,Ended,Manchester City,West Ham United,17,37,3,1,Etihad Stadium,Andre Marriner,54008,4,40,196,1,23,33,50,1,0,1,2,4,5,17,50,59,1,10,4,17,3,40,0,18,3,274,5,2,21,17,7,9,2,19,13,3,4,27,508,2,16,67,56,4,2,2,7,5,8,17,50,68,5,5,10,7,1,48,1,9,3,587,10,5,25,27,17,22,5,21,15,1
7090039,2016-2017,4,1473507000,Ended,Manchester United,Manchester City,35,17,1,2,Old Trafford,Mark Clattenburg,75272,3,35,486,2,14,60,77,2,0,2,4,4,17,11,46,81,5,10,14,7,1,47,2,20,3,593,8,6,16,36,11,18,7,23,17,2,6,31,284,0,22,40,79,2,2,0,5,4,15,15,54,58,0,15,10,8,4,49,0,23,3,376,6,3,16,23,5,14,9,24,16,4
7089875,2016-2017,1,1471087800,Ended,Hull City,Leicester City,96,31,2,1,MKM Stadium,Mike Dean,20137,0,26,352,1,18,50,78,4,3,1,4,3,10,10,43,68,5,17,8,9,3,32,0,9,0,453,9,5,16,15,9,18,9,14,10,2,2,36,343,0,19,50,66,0,0,0,2,5,12,10,57,56,6,8,17,12,4,47,0,18,1,449,7,5,23,29,7,14,7,20,17,2
