match_id,season,round,timestamp,status,home_team,away_team,home_team_id,away_team_id,home_goals,away_goals,venue,referee,attendance,away_accurateCross,away_accurateLongBalls,away_accuratePasses,away_accurateThroughBall,away_aerialDuelsPercentage,away_ballPossession,away_ballRecovery,away_bigChanceCreated,away_bigChanceMissed,away_blockedScoringAttempt,away_cornerKicks,away_dispossessed,away_dribblesPercentage,away_duelWonPercent,away_finalThirdEntries,away_fouledFinalThird,away_fouls,away_freeKicks,away_goalKicks,away_goalkeeperSaves,away_groundDuelsPercentage,away_hitWoodwork,away_interceptionWon,away_offsides,away_passes,away_shotsOffGoal,away_shotsOnGoal,away_throwIns,away_totalClearance,away_totalShotsInsideBox,away_totalShotsOnGoal,away_totalShotsOutsideBox,away_totalTackle,away_wonTacklePercent,away_yellowCards,home_accurateCross,home_accurateLongBalls,home_accuratePasses,home_accurateThroughBall,home_aerialDuelsPercentage,home_ballPossession,home_ballRecovery,home_bigChanceCreated,home_bigChanceMissed,home_blockedScoringAttempt,home_cornerKicks,home_dispossessed,home_dribblesPercentage,home_duelWonPercent,home_finalThirdEntries,home_fouledFinalThird,home_fouls,home_freeKicks,home_goalKicks,home_goalkeeperSaves,home_groundDuelsPercentage,home_hitWoodwork,home_interceptionWon,home_offsides,home_passes,home_shotsOffGoal,home_shotsOnGoal,home_throwIns,home_totalClearance,home_totalShotsInsideBox,home_totalShotsOnGoal,home_totalShotsOutsideBox,home_totalTackle,home_wonTacklePercent,home_yellowCards
7438093,2017-2018,36,1524933000,Ended,Swansea City,Chelsea,74,38,0.0,1.0,Swansea.com Stadium,Jonathan Moss,20900.0,3.0,29.0,497.0,1.0,16.0,49.0,65.0,1.0,1.0,3.0,2.0,18.0,11.0,54.0,40.0,1.0,9.0,12.0,4.0,3.0,35.0,1.0,13.0,3.0,571.0,5.0,3.0,19.0,27.0,9.0,11.0,2.0,12.0,7.0,1.0,2.0,21.0,506.0,0.0,7.0,51.0,62.0,0.0,0.0,2.0,1.0,8.0,8.0,46.0,77.0,4.0,13.0,9.0,7.0,2.0,37.0,0.0,9.0,1.0,584.0,5.0,3.0,17.0,10.0,5.0,10.0,5.0,20.0,13.0,1.0
7438037,2017-2018,36,1525015800,Ended,Manchester United,Arsenal,35,42,2.0,1.0,Old Trafford,Kevin Friend,75035.0,3.0,22.0,358.0,7.0,41.0,65.0,1.0,1.0,0.0,1.0,0.0,12.0,13.0,61.0,47.0,2.0,7.0,12.0,5.0,0.0,52.0,0.0,13.0,1.0,438.0,4.0,3.0,18.0,32.0,5.0,8.0,3.0,28.0,19.0,1.0,6.0,28.0,543.0,5.0,59.0,67.0,3.0,2.0,1.0,7.0,9.0,17.0,10.0,39.0,62.0,3.0,12.0,6.0,5.0,2.0,32.0,3.0,13.0,2.0,609.0,6.0,3.0,22.0,7.0,10.0,16.0,6.0,16.0,10.0,0.0
7438071,2017-2018,37,1525460400,Ended,Brighton & Hove Albion,Manchester United,30,35,1.0,0.0,American Express Stadium,Craig Pawson,30611.0,4.0,31.0,598.0,15.0,68.0,60.0,0.0,0.0,6.0,6.0,10.0,17.0,47.0,69.0,2.0,3.0,5.0,4.0,3.0,30.0,0.0,12.0,2.0,675.0,7.0,3.0,23.0,19.0,5.0,16.0,11.0,8.0,5.0,0.0,2.0,33.0,219.0,15.0,32.0,61.0,1.0,1.0,3.0,5.0,5.0,14.0,53.0,38.0,0.0,5.0,3.0,11.0,3.0,36.0,0.0,10.0,1.0,313.0,4.0,4.0,17.0,22.0,6.0,11.0,5.0,19.0,11.0,2.0,,
7438026,2017-2018,37,1525519800,Ended,Stoke City,Crystal Palace,29,7,1.0,2.0,bet365 Stadium,Martin Atkinson,29687.0,3.0,28.0,315.0,20.0,59.0,64.0,2.0,2.0,4.0,7.0,11.0,18.0,51.0,67.0,2.0,12.0,18.0,5.0,1.0,41.0,0.0,11.0,2.0,411.0,7.0,2.0,26.0,26.0,7.0,13.0,6.0,7.0,5.0,2.0,6.0,36.0,185.0,22.0,41.0,52.0,0.0,0.0,1.0,1.0,3.0,8.0,49.0,62.0,3.0,18.0,10.0,14.0,0.0,36.0,0.0,8.0,2.0,283.0,4.0,2.0,19.0,29.0,5.0,7.0,2.0,18.0,9.0,5.0,,
7438081,2017-2018,37,1525528800,Ended,Bournemouth,Swansea City,60,74,1.0,0.0,Vitality Stadium,Kevin Friend,10820.0,8.0,38.0,326.0,1.0,23.0,55.0,67.0,2.0,2.0,3.0,6.0,3.0,4.0,53.0,74.0,2.0,10.0,10.0,9.0,4.0,35.0,0.0,14.0,1.0,446.0,6.0,3.0,24.0,23.0,6.0,12.0,6.0,23.0,17.0,4.0,5.0,30.0,277.0,0.0,32.0,45.0,66.0,4.0,4.0,2.0,11.0,10.0,5.0,47.0,69.0,4.0,10.0,10.0,11.0,3.0,20.0,0.0,5.0,4.0,365.0,6.0,5.0,21.0,45.0,9.0,13.0,4.0,5.0,3.0,1.0
7438044,2017-2018,37,1525537800,Ended,Everton,Southampton,48,45,1.0,1.0,Goodison Park,Jonathan Moss,38225.0,1.0,21.0,264.0,22.0,46.0,56.0,1.0,1.0,4.0,4.0,10.0,11.0,50.0,59.0,2.0,12.0,13.0,9.0,2.0,41.0,0.0,9.0,4.0,358.0,1.0,2.0,5.0,21.0,29.0,3.0,11.0,8.0,17.0,12.0,6.0,9.0,37.0,325.0,31.0,54.0,61.0,0.0,0.0,1.0,3.0,13.0,8.0,50.0,62.0,3.0,14.0,12.0,8.0,4.0,31.0,0.0,11.0,2.0,415.0,0.0,5.0,3.0,27.0,19.0,6.0,9.0,3.0,11.0,6.0,2.0
7438029,2017-2018,37,1525609800,Ended,Manchester City,Huddersfield Town,17,59,0.0,0.0,Etihad Stadium,Mike Dean,54350.0,0.0,16.0,108.0,20.0,21.0,57.0,1.0,1.0,0.0,1.0,9.0,3.0,55.0,52.0,1.0,4.0,9.0,15.0,2.0,29.0,0.0,16.0,1.0,193.0,2.0,3.0,23.0,55.0,2.0,5.0,3.0,18.0,10.0,3.0,7.0,42.0,630.0,15.0,79.0,53.0,0.0,0.0,3.0,10.0,12.0,7.0,45.0,83.0,2.0,9.0,4.0,3.0,3.0,25.0,0.0,10.0,1.0,720.0,10.0,2.0,37.0,9.0,9.0,15.0,6.0,14.0,12.0,0.0,,
7438062,2017-2018,37,1525620600,Ended,Arsenal,Burnley,42,6,5.0,0.0,Emirates Stadium,Andre Marriner,59540.0,5.0,29.0,296.0,0.0,16.0,36.0,56.0,0.0,0.0,2.0,5.0,9.0,9.0,49.0,46.0,1.0,7.0,6.0,8.0,3.0,24.0,0.0,17.0,372.0,2.0,2.0,14.0,23.0,3.0,6.0,3.0,11.0,5.0,1.0,1.0,23.0,591.0,2.0,11.0,64.0,66.0,3.0,3.0,3.0,4.0,10.0,12.0,51.0,62.0,0.0,6.0,7.0,2.0,2.0,30.0,1.0,13.0,662.0,5.0,8.0,14.0,20.0,13.0,16.0,3.0,12.0,8.0,0.0,,
7438057,2017-2018,37,1525620600,Ended,Chelsea,Liverpool,38,44,1.0,0.0,Stamford Bridge,Anthony Taylor,41314.0,5.0,57.0,668.0,18.0,68.0,69.0,0.0,1.0,13.0,7.0,47.0,98.0,3.0,9.0,11.0,5.0,3.0,30.0,0.0,14.0,0.0,763.0,5.0,5.0,30.0,10.0,6.0,10.0,4.0,12.0,6.0,2.0,5.0,24.0,253.0,20.0,32.0,72.0,2.0,3.0,9.0,11.0,53.0,51.0,1.0,12.0,8.0,11.0,5.0,34.0,0.0,24.0,2.0,354.0,6.0,4.0,20.0,37.0,8.0,12.0,4.0,15.0,10.0,3.0,,,,,,
7769667,2017-2018,31,1525892400,Ended,Tottenham Hotspur,Newcastle United,33,39,1.0,0.0,Wembley Stadium,Neil Swarbrick,54923.0,8.0,33.0,211.0,1.0,24.0,37.0,59.0,0.0,0.0,2.0,4.0,8.0,7.0,56.0,66.0,1.0,8.0,10.0,6.0,6.0,38.0,1.0,3.0,1.0,319.0,9.0,3.0,17.0,22.0,10.0,14.0,4.0,21.0,15.0,3.0,3.0,42.0,459.0,0.0,18.0,63.0,61.0,1.0,1.0,1.0,6.0,15.0,11.0,44.0,83.0,3.0,10.0,8.0,10.0,3.0,31.0,0.0,8.0,4.0,551.0,3.0,7.0,32.0,33.0,8.0,11.0,3.0,12.0,7.0,2.0
7769668,2017-2018,31,1525977900,Ended,West Ham United,Manchester United,37,35,0.0,0.0,London Stadium,Jonathan Moss,56902.0,4.0,21.0,519.0,0.0,18.0,56.0,52.0,3.0,6.0,10.0,17.0,56.0,63.0,1.0,12.0,12.0,9.0,2.0,45.0,1.0,7.0,2.0,601.0,7.0,6.0,25.0,14.0,7.0,16.0,9.0,16.0,11.0,1.0,1.0,29.0,395.0,1.0,9.0,44.0,63.0,1.0,1.0,9.0,14.0,44.0,63.0,3.0,12.0,11.0,7.0,6.0,40.0,0.0,15.0,1.0,476.0,6.0,2.0,12.0,17.0,5.0,9.0,4.0,15.0,10.0,1.0,,,,
7438024,2017-2018,38,1526220000,Ended,Burnley,Bournemouth,6,60,1.0,2.0,Turf Moor,Paul Tierney,20720.0,4.0,34.0,305.0,18.0,49.0,46.0,2.0,1.0,1.0,6.0,8.0,8.0,2.0,45.0,56.0,2.0,9.0,13.0,5.0,3.0,23.0,0.0,8.0,1.0,401.0,5.0,5.0,25.0,33.0,11.0,16.0,5.0,10.0,5.0,8.0,36.0,303.0,22.0,51.0,54.0,2.0,1.0,1.0,1.0,7.0,7.0,4.0,55.0,95.0,1.0,14.0,9.0,8.0,3.0,28.0,0.0,7.0,3.0,416.0,5.0,4.0,22.0,17.0,7.0,10.0,3.0,16.0,12.0,,
7438023,2017-2018,38,1526220000,Ended,Crystal Palace,West Bromwich Albion,7,8,2.0,0.0,Selhurst Park,Jonathan Moss,25357.0,2.0,28.0,300.0,12.0,41.0,73.0,0.0,0.0,0.0,0.0,2.0,22.0,9.0,46.0,53.0,1.0,11.0,8.0,5.0,4.0,51.0,0.0,18.0,1.0,379.0,6.0,1.0,17.0,14.0,2.0,7.0,5.0,34.0,20.0,3.0,3.0,18.0,485.0,13.0,59.0,62.0,4.0,2.0,2.0,2.0,4.0,26.0,21.0,54.0,50.0,2.0,10.0,11.0,9.0,1.0,60.0,0.0,19.0,1.0,560.0,4.0,5.0,27.0,18.0,7.0,11.0,4.0,28.0,20.0,2.0
7438076,2017-2018,38,1526220000,Ended,Huddersfield Town,Arsenal,59,42,0.0,1.0,Accu Stadium,Michael Oliver,24122.0,1.0,21.0,414.0,13.0,55.0,67.0,4.0,3.0,1.0,2.0,4.0,15.0,12.0,46.0,49.0,1.0,7.0,10.0,9.0,3.0,32.0,0.0,8.0,2.0,519.0,3.0,4.0,27.0,36.0,4.0,9.0,5.0,11.0,9.0,0.0,11.0,34.0,308.0,23.0,45.0,67.0,1.0,1.0,0.0,5.0,7.0,8.0,4.0,54.0,70.0,2.0,11.0,7.0,6.0,3.0,29.0,1.0,22.0,0.0,399.0,11.0,3.0,23.0,19.0,13.0,19.0,6.0,18.0,12.0,1.0
7438041,2017-2018,38,1526220000,Ended,Southampton,Manchester City,45,17,0.0,1.0,St. Mary's Stadium,Andre Marriner,31882.0,2.0,27.0,506.0,1.0,18.0,70.0,54.0,1.0,1.0,6.0,12.0,10.0,14.0,49.0,65.0,2.0,10.0,8.0,5.0,2.0,35.0,1.0,4.0,2.0,583.0,5.0,2.0,20.0,21.0,6.0,13.0,7.0,13.0,9.0,2.0,2.0,21.0,173.0,0.0,17.0,30.0,54.0,0.0,0.0,0.0,1.0,9.0,8.0,51.0,41.0,3.0,8.0,7.0,12.0,1.0,38.0,1.0,11.0,4.0,259.0,5.0,3.0,21.0,30.0,7.0,8.0,1.0,24.0,13.0,3.0
7438055,2017-2018,38,1526220000,Ended,Liverpool,Brighton & Hove Albion,44,30,4.0,0.0,Anfield,Kevin Friend,50752.0,1.0,25.0,194.0,0.0,10.0,28.0,59.0,0.0,0.0,0.0,1.0,3.0,10.0,6.0,48.0,44.0,0.0,6.0,3.0,11.0,6.0,26.0,0.0,9.0,1.0,275.0,0.0,1.0,13.0,30.0,0.0,2.0,2.0,17.0,11.0,5.0,28.0,658.0,3.0,17.0,72.0,67.0,6.0,5.0,1.0,6.0,7.0,11.0,9.0,52.0,92.0,2.0,3.0,4.0,2.0,1.0,22.0,0.0,9.0,1.0,737.0,5.0,11.0,21.0,7.0,18.0,22.0,4.0,10.0,7.0
7438046,2017-2018,34,1523705400,Ended,Southampton,Chelsea,45,38,2.0,3.0,St. Mary's Stadium,Mike Dean,31764.0,4.0,18.0,420.0,0.0,23.0,58.0,69.0,0.0,0.0,8.0,7.0,9.0,15.0,58.0,56.0,4.0,14.0,12.0,4.0,5.0,38.0,0.0,13.0,2.0,518.0,4.0,5.0,28.0,16.0,8.0,17.0,9.0,11.0,8.0,3.0,7.0,23.0,277.0,1.0,12.0,42.0,64.0,2.0,2.0,1.0,4.0,8.0,8.0,42.0,64.0,4.0,13.0,12.0,6.0,2.0,33.0,0.0,15.0,1.0,377.0,2.0,7.0,25.0,29.0,8.0,10.0,2.0,14.0,12.0,5.0
7438074,2017-2018,34,1523714400,Ended,Huddersfield Town,Watford,59,24,1.0,0.0,Accu Stadium,Craig Pawson,23961.0,1.0,25.0,294.0,19.0,51.0,49.0,0.0,0.0,2.0,6.0,16.0,5.0,51.0,66.0,3.0,8.0,8.0,8.0,0.0,33.0,0.0,7.0,1.0,405.0,0.0,2.0,27.0,36.0,2.0,4.0,2.0,20.0,16.0,2.0,3.0,26.0,254.0,21.0,49.0,64.0,1.0,1.0,5.0,9.0,14.0,3.0,49.0,66.0,2.0,9.0,7.0,9.0,2.0,28.0,0.0,16.0,2.0,365.0,3.0,1.0,29.0,22.0,6.0,9.0,3.0,18.0,10.0,2.0,,
7438021,2017-2018,34,1523714400,Ended,Crystal Palace,Brighton & Hove Albion,7,30,3.0,2.0,Selhurst Park,Andre Marriner,24656.0,8.0,36.0,249.0,20.0,50.0,61.0,2.0,1.0,1.0,3.0,6.0,8.0,8.0,47.0,76.0,1.0,16.0,10.0,9.0,4.0,32.0,0.0,8.0,1.0,347.0,6.0,3.0,30.0,27.0,10.0,12.0,2.0,14.0,6.0,2.0,2.0,28.0,282.0,19.0,50.0,65.0,3.0,1.0,2.0,5.0,5.0,8.0,12.0,53.0,55.0,5.0,12.0,16.0,12.0,1.0,39.0,0.0,9.0,3.0,367.0,2.0,8.0,16.0,35.0,7.0,15.0,8.0,12.0,8.0,3.0
7438085,2017-2018,34,1523714400,Ended,Swansea City,Everton,74,48,1.0,1.0,Swansea.com Stadium,Lee Mason,20933.0,4.0,30.0,331.0,0.0,33.0,49.0,72.0,2.0,2.0,4.0,3.0,12.0,5.0,48.0,68.0,3.0,11.0,9.0,6.0,4.0,30.0,1.0,8.0,0.0,437.0,5.0,3.0,19.0,41.0,9.0,12.0,3.0,17.0,11.0,1.0,7.0,17.0,336.0,1.0,28.0,51.0,73.0,1.0,1.0,5.0,6.0,14.0,3.0,52.0,74.0,1.0,10.0,11.0,10.0,3.0,39.0,0.0,11.0,1.0,447.0,5.0,7.0,27.0,22.0,12.0,17.0,5.0,25.0,13.0,1.0
7438034,2017-2018,34,1523804400,Ended,Manchester United,West Bromwich Albion,35,8,0.0,1.0,Old Trafford,Paul Tierney,75095.0,4.0,29.0,218.0,14.0,30.0,66.0,1.0,1.0,2.0,4.0,11.0,9.0,41.0,52.0,1.0,13.0,7.0,12.0,4.0,25.0,0.0,14.0,1.0,312.0,4.0,4.0,16.0,38.0,6.0,10.0,4.0,9.0,7.0,1.0,1.0,33.0,658.0,15.0,70.0,70.0,0.0,0.0,4.0,4.0,7.0,14.0,59.0,65.0,1.0,8.0,13.0,4.0,3.0,42.0,0.0,10.0,4.0,742.0,6.0,4.0,16.0,11.0,6.0,14.0,8.0,15.0,6.0,1.0,,
7438039,2017-2018,34,1523905200,Ended,West Ham United,Stoke City,37,29,1.0,1.0,London Stadium,Michael Oliver,56795.0,4.0,32.0,198.0,34.0,37.0,63.0,1.0,1.0,3.0,1.0,4.0,9.0,49.0,60.0,2.0,21.0,14.0,5.0,5.0,36.0,0.0,5.0,3.0,287.0,1.0,7.0,17.0,61.0,7.0,11.0,4.0,13.0,8.0,3.0,2.0,34.0,373.0,27.0,63.0,68.0,0.0,0.0,9.0,10.0,9.0,16.0,51.0,74.0,8.0,15.0,21.0,2.0,5.0,45.0,0.0,6.0,5.0,466.0,3.0,6.0,31.0,23.0,4.0,18.0,14.0,9.0,7.0,2.0,,
7759900,2017-2018,35,1523990700,Ended,Brighton & Hove Albion,Tottenham Hotspur,30,33,1.0,1.0,American Express Stadium,Kevin Friend,30440.0,1.0,21.0,537.0,19.0,64.0,69.0,1.0,1.0,5.0,4.0,16.0,13.0,47.0,96.0,4.0,5.0,5.0,5.0,4.0,28.0,0.0,9.0,634.0,5.0,6.0,24.0,14.0,7.0,16.0,9.0,10.0,6.0,0.0,2.0,23.0,251.0,15.0,36.0,74.0,1.0,1.0,1.0,3.0,7.0,10.0,53.0,44.0,1.0,6.0,5.0,8.0,5.0,37.0,0.0,19.0,357.0,2.0,5.0,26.0,29.0,5.0,8.0,3.0,22.0,11.0,1.0,,,,
7759903,2017-2018,35,1524163500,Ended,Leicester City,Southampton,31,45,0.0,0.0,King Power Stadium,Roger East,31160.0,3.0,19.0,280.0,0.0,13.0,46.0,57.0,2.0,2.0,0.0,3.0,13.0,14.0,44.0,53.0,3.0,10.0,10.0,9.0,3.0,41.0,0.0,14.0,2.0,384.0,4.0,2.0,35.0,33.0,4.0,6.0,2.0,17.0,8.0,2.0,40.0,360.0,1.0,26.0,54.0,54.0,0.0,0.0,4.0,11.0,10.0,16.0,56.0,56.0,1.0,10.0,10.0,6.0,2.0,43.0,0.0,14.0,3.0,452.0,4.0,3.0,25.0,29.0,5.0,11.0,6.0,17.0,12.0,,
7759902,2017-2018,31,1524163500,Ended,Burnley,Chelsea,6,38,1.0,2.0,Turf Moor,Robert Madley,21264.0,3.0,34.0,514.0,4.0,30.0,61.0,65.0,2.0,2.0,6.0,2.0,8.0,11.0,56.0,46.0,3.0,11.0,9.0,4.0,1.0,27.0,0.0,13.0,1.0,609.0,5.0,5.0,21.0,28.0,11.0,16.0,5.0,8.0,7.0,0.0,4.0,34.0,288.0,0.0,20.0,39.0,63.0,0.0,0.0,1.0,3.0,6.0,3.0,44.0,67.0,1.0,9.0,10.0,8.0,4.0,25.0,0.0,15.0,3.0,389.0,2.0,2.0,17.0,25.0,3.0,5.0,2.0,13.0,7.0,1.0
7438072,2017-2018,35,1524310200,Ended,West Bromwich Albion,Liverpool,8,44,2.0,2.0,The Hawthorns,Stuart Attwell,24520.0,4.0,40.0,494.0,13.0,62.0,52.0,3.0,1.0,2.0,2.0,4.0,8.0,13.0,51.0,57.0,3.0,5.0,11.0,8.0,4.0,36.0,0.0,7.0,2.0,585.0,4.0,3.0,14.0,33.0,6.0,9.0,3.0,12.0,7.0,1.0,10.0,20.0,242.0,17.0,38.0,64.0,2.0,0.0,2.0,1.0,7.0,9.0,11.0,49.0,56.0,2.0,12.0,5.0,7.0,1.0,30.0,0.0,13.0,1.0,344.0,6.0,6.0,26.0,19.0,10.0,13.0,3.0,14.0,8.0,0.0
7438094,2017-2018,35,1524319200,Ended,Watford,Crystal Palace,24,7,0.0,0.0,Vicarage Road,Chris Kavanagh,20401.0,3.0,22.0,238.0,24.0,48.0,68.0,2.0,3.0,16.0,17.0,49.0,58.0,2.0,13.0,16.0,9.0,5.0,49.0,2.0,11.0,1.0,341.0,3.0,1.0,18.0,44.0,3.0,6.0,3.0,16.0,8.0,5.0,2.0,40.0,248.0,32.0,52.0,79.0,0.0,4.0,10.0,6.0,51.0,66.0,3.0,17.0,12.0,2.0,1.0,43.0,1.0,12.0,0.0,357.0,10.0,4.0,24.0,22.0,8.0,14.0,6.0,25.0,12.0,3.0,,,,,,
7438060,2017-2018,35,1524319200,Postponed,Chelsea,Huddersfield Town,38,59,,,Stamford Bridge,,,,,,,,,,,,,,,,,,,,,,,,,,,,,,,,,,,,,,,,,,,,,,,,,,,,,,,,,,,,,,,,,,,,,,,,
7438051,2017-2018,35,1524400200,Ended,Arsenal,West Ham United,42,37,4.0,1.0,Emirates Stadium,Lee Mason,59422.0,3.0,21.0,201.0,12.0,32.0,56.0,0.0,0.0,0.0,3.0,6.0,3.0,7.0,54.0,51.0,0.0,9.0,11.0,11.0,4.0,27.0,1.0,13.0,1.0,297.0,4.0,4.0,19.0,22.0,7.0,11.0,4.0,10.0,4.0,2.0,6.0,19.0,552.0,10.0,68.0,62.0,2.0,1.0,1.0,4.0,8.0,6.0,11.0,46.0,63.0,2.0,11.0,9.0,4.0,3.0,23.0,0.0,10.0,1.0,629.0,8.0,8.0,20.0,15.0,12.0,20.0,8.0,4.0,3.0,3.0
7438042,2017-2018,35,1524510000,Ended,Everton,Newcastle United,48,39,1.0,0.0,Goodison Park,Robert Madley,39061.0,5.0,26.0,230.0,27.0,43.0,73.0,1.0,1.0,3.0,6.0,9.0,11.0,52.0,65.0,2.0,11.0,10.0,5.0,0.0,40.0,0.0,13.0,1.0,362.0,4.0,2.0,26.0,30.0,5.0,9.0,4.0,19.0,13.0,1.0,4.0,32.0,365.0,30.0,57.0,72.0,1.0,1.0,3.0,4.0,14.0,9.0,48.0,86.0,2.0,10.0,9.0,9.0,2.0,31.0,0.0,13.0,4.0,478.0,5.0,1.0,24.0,42.0,7.0,9.0,2.0,13.0,8.0,2.0,,
7438066,2017-2018,36,1524915000,Ended,Liverpool,Stoke City,44,29,0.0,0.0,Anfield,Andre Marriner,53255.0,0.0,25.0,141.0,0.0,29.0,28.0,66.0,1.0,1.0,1.0,2.0,1.0,3.0,61.0,52.0,0.0,14.0,7.0,14.0,2.0,31.0,0.0,15.0,2.0,252.0,3.0,1.0,21.0,43.0,4.0,5.0,1.0,22.0,13.0,2.0,4.0,37.0,525.0,2.0,17.0,72.0,67.0,2.0,2.0,10.0,9.0,11.0,3.0,39.0,97.0,1.0,7.0,13.0,6.0,1.0,22.0,0.0,6.0,2.0,632.0,8.0,2.0,38.0,11.0,14.0,20.0,6.0,6.0,2.0,1.0
7438027,2017-2018,36,1524924000,Ended,Burnley,Brighton & Hove Albion,6,30,0.0,0.0,Turf Moor,Roger East,19459.0,1.0,31.0,321.0,33.0,55.0,68.0,0.0,0.0,4.0,4.0,3.0,4.0,50.0,60.0,0.0,17.0,5.0,5.0,4.0,19.0,0.0,7.0,3.0,432.0,4.0,2.0,23.0,28.0,8.0,10.0,2.0,11.0,8.0,2.0,4.0,21.0,218.0,22.0,45.0,48.0,1.0,1.0,4.0,3.0,9.0,6.0,50.0,61.0,5.0,5.0,16.0,8.0,2.0,29.0,1.0,3.0,4.0,339.0,2.0,4.0,24.0,25.0,8.0,10.0,2.0,9.0,9.0,0.0,,
7438048,2017-2018,36,1524924000,Ended,Southampton,Bournemouth,45,60,2.0,1.0,St. Mary's Stadium,Anthony Taylor,31778.0,5.0,31.0,397.0,21.0,60.0,70.0,2.0,1.0,1.0,2.0,8.0,9.0,12.0,49.0,70.0,4.0,11.0,12.0,3.0,4.0,35.0,0.0,8.0,2.0,504.0,5.0,7.0,30.0,19.0,6.0,14.0,8.0,11.0,6.0,1.0,1.0,18.0,251.0,22.0,40.0,66.0,4.0,3.0,1.0,4.0,5.0,7.0,5.0,51.0,62.0,0.0,12.0,11.0,7.0,6.0,37.0,0.0,15.0,1.0,350.0,4.0,6.0,13.0,31.0,8.0,14.0,6.0,21.0,17.0,5.0
7438091,2017-2018,36,1524924000,Ended,Huddersfield Town,Everton,59,48,0.0,2.0,Accu Stadium,Lee Probert,24121.0,5.0,26.0,293.0,19.0,46.0,84.0,2.0,2.0,1.0,3.0,9.0,7.0,55.0,65.0,1.0,8.0,9.0,9.0,2.0,39.0,0.0,13.0,3.0,431.0,1.0,5.0,24.0,41.0,4.0,7.0,3.0,23.0,18.0,0.0,2.0,31.0,382.0,20.0,54.0,75.0,1.0,1.0,5.0,4.0,16.0,5.0,45.0,90.0,1.0,9.0,8.0,7.0,3.0,28.0,0.0,20.0,1.0,499.0,2.0,2.0,40.0,15.0,4.0,9.0,5.0,15.0,11.0,1.0,,
7438019,2017-2018,31,1521230400,Postponed,Tottenham Hotspur,Newcastle United,33,39,,,Wembley Stadium,,,,,,,,,,,,,,,,,,,,,,,,,,,,,,,,,,,,,,,,,,,,,,,,,,,,,,,,,,,,,,,,,,,,,,,,
7438012,2017-2018,31,1521289800,Postponed,Burnley,Chelsea,6,38,,,Turf Moor,,,,,,,,,,,,,,,,,,,,,,,,,,,,,,,,,,,,,,,,,,,,,,,,,,,,,,,,,,,,,,,,,,,,,,,,
7438015,2017-2018,31,1521298800,Postponed,Swansea City,Southampton,74,45,,,Swansea.com Stadium,,,,,,,,,,,,,,,,,,,,,,,,,,,,,,,,,,,,,,,,,,,,,,,,,,,,,,,,,,,,,,,,,,,,,,,,
7438016,2017-2018,31,1521298800,Ended,Bournemouth,West Bromwich Albion,60,8,2.0,1.0,Vitality Stadium,Graham Scott,10242.0,8.0,33.0,247.0,19.0,39.0,79.0,3.0,2.0,1.0,4.0,2.0,12.0,3.0,49.0,68.0,0.0,9.0,6.0,6.0,3.0,30.0,0.0,15.0,1.0,350.0,1.0,6.0,21.0,25.0,8.0,11.0,3.0,21.0,12.0,2.0,2.0,38.0,441.0,18.0,61.0,70.0,0.0,0.0,0.0,8.0,3.0,10.0,6.0,51.0,85.0,5.0,6.0,9.0,6.0,4.0,33.0,0.0,7.0,1.0,544.0,4.0,5.0,27.0,23.0,7.0,17.0,10.0,19.0,10.0,1.0
7438020,2017-2018,31,1521298800,Ended,Huddersfield Town,Crystal Palace,59,7,0.0,2.0,Accu Stadium,Mike Dean,23918.0,4.0,31.0,275.0,32.0,45.0,83.0,4.0,2.0,2.0,7.0,7.0,14.0,15.0,57.0,55.0,4.0,12.0,11.0,9.0,2.0,55.0,0.0,22.0,2.0,393.0,5.0,6.0,29.0,34.0,11.0,18.0,7.0,29.0,18.0,2.0,1.0,24.0,326.0,21.0,55.0,73.0,0.0,0.0,0.0,1.0,4.0,16.0,10.0,43.0,72.0,3.0,11.0,12.0,8.0,3.0,45.0,1.0,12.0,1.0,470.0,3.0,2.0,38.0,18.0,3.0,6.0,3.0,24.0,14.0,3.0
7438011,2017-2018,31,1521298800,Postponed,Leicester City,Arsenal,31,42,,,King Power Stadium,,,,,,,,,,,,,,,,,,,,,,,,,,,,,,,,,,,,,,,,,,,,,,,,,,,,,,,,,,,,,,,,,,,,,,,,
7438017,2017-2018,31,1521379800,Postponed,West Ham United,Manchester United,37,35,,,London Stadium,,,,,,,,,,,,,,,,,,,,,,,,,,,,,,,,,,,,,,,,,,,,,,,,,,,,,,,,,,,,,,,,,,,,,,,,
7438010,2017-2018,31,1521388800,Postponed,Manchester City,Brighton & Hove Albion,17,30,,,Etihad Stadium,,,,,,,,,,,,,,,,,,,,,,,,,,,,,,,,,,,,,,,,,,,,,,,,,,,,,,,,,,,,,,,,,,,,,,,,
7438077,2017-2018,32,1522504800,Ended,Watford,Bournemouth,24,60,2.0,2.0,Vicarage Road,Andy Madley,20393.0,6.0,35.0,338.0,21.0,50.0,62.0,3.0,1.0,2.0,3.0,4.0,9.0,9.0,56.0,47.0,5.0,6.0,13.0,6.0,3.0,41.0,1.0,7.0,4.0,426.0,4.0,6.0,20.0,37.0,7.0,13.0,6.0,20.0,13.0,0.0,3.0,41.0,322.0,15.0,50.0,69.0,0.0,0.0,0.0,7.0,7.0,12.0,9.0,44.0,58.0,1.0,16.0,6.0,5.0,4.0,33.0,0.0,14.0,3.0,424.0,4.0,5.0,21.0,10.0,5.0,16.0,11.0,18.0,12.0,4.0
7437732,2017-2018,32,1522504800,Ended,West Ham United,Southampton,37,45,3.0,0.0,London Stadium,Jonathan Moss,56882.0,6.0,20.0,293.0,16.0,52.0,60.0,0.0,0.0,0.0,4.0,9.0,12.0,12.0,46.0,59.0,1.0,16.0,9.0,8.0,2.0,38.0,0.0,10.0,0.0,404.0,5.0,0.0,22.0,28.0,6.0,9.0,3.0,17.0,12.0,3.0,3.0,28.0,261.0,20.0,48.0,61.0,3.0,2.0,1.0,3.0,5.0,10.0,9.0,54.0,62.0,2.0,9.0,16.0,5.0,0.0,44.0,1.0,16.0,1.0,374.0,4.0,5.0,38.0,23.0,8.0,12.0,4.0,19.0,12.0,0.0
7438031,2017-2018,32,1522504800,Ended,Manchester United,Swansea City,35,74,2.0,0.0,Old Trafford,Robert Madley,75038.0,5.0,23.0,290.0,0.0,4.0,33.0,50.0,0.0,0.0,1.0,3.0,10.0,5.0,37.0,46.0,0.0,13.0,4.0,9.0,3.0,26.0,0.0,11.0,1.0,366.0,0.0,2.0,19.0,25.0,3.0,3.0,0.0,17.0,12.0,3.0,26.0,675.0,2.0,11.0,67.0,55.0,3.0,3.0,2.0,3.0,8.0,10.0,63.0,57.0,4.0,5.0,13.0,6.0,2.0,40.0,0.0,13.0,5.0,746.0,4.0,5.0,16.0,13.0,8.0,11.0,3.0,17.0,12.0,,
7438045,2017-2018,32,1522513800,Ended,Everton,Manchester City,48,17,1.0,3.0,Goodison Park,Paul Tierney,39221.0,2.0,32.0,905.0,12.0,82.0,49.0,2.0,0.0,2.0,6.0,11.0,5.0,9.0,51.0,66.0,0.0,8.0,10.0,6.0,1.0,25.0,0.0,4.0,3.0,976.0,8.0,4.0,14.0,13.0,10.0,18.0,8.0,8.0,6.0,5.0,28.0,133.0,12.0,18.0,38.0,2.0,2.0,0.0,0.0,2.0,5.0,4.0,49.0,51.0,3.0,10.0,7.0,15.0,1.0,24.0,0.0,10.0,2.0,202.0,4.0,2.0,14.0,22.0,4.0,6.0,2.0,13.0,10.0,,
7438061,2017-2018,32,1522594800,Ended,Chelsea,Tottenham Hotspur,38,33,1.0,3.0,Stamford Bridge,Andre Marriner,41364.0,2.0,33.0,435.0,1.0,13.0,51.0,73.0,2.0,2.0,3.0,5.0,21.0,10.0,44.0,62.0,1.0,11.0,4.0,6.0,3.0,34.0,0.0,20.0,3.0,528.0,3.0,6.0,25.0,28.0,6.0,12.0,6.0,20.0,16.0,1.0,4.0,34.0,384.0,1.0,13.0,49.0,72.0,1.0,1.0,3.0,5.0,14.0,10.0,56.0,64.0,1.0,4.0,11.0,8.0,3.0,48.0,0.0,20.0,4.0,494.0,7.0,4.0,21.0,15.0,8.0,14.0,6.0,27.0,21.0,0.0
7438047,2017-2018,33,1523100600,Ended,Everton,Liverpool,48,44,0.0,0.0,Goodison Park,Michael Oliver,39220.0,2.0,37.0,472.0,23.0,62.0,52.0,1.0,1.0,3.0,2.0,12.0,8.0,51.0,77.0,2.0,7.0,12.0,7.0,1.0,32.0,0.0,5.0,1.0,588.0,4.0,3.0,29.0,19.0,4.0,10.0,6.0,12.0,8.0,4.0,26.0,245.0,25.0,38.0,53.0,1.0,1.0,1.0,3.0,12.0,4.0,49.0,80.0,1.0,12.0,7.0,11.0,4.0,27.0,0.0,11.0,4.0,359.0,4.0,1.0,27.0,31.0,3.0,6.0,3.0,16.0,9.0,,,,
7438082,2017-2018,33,1523109600,Ended,Watford,Burnley,24,6,1.0,2.0,Vicarage Road,Paul Tierney,20044.0,2.0,36.0,179.0,32.0,39.0,51.0,2.0,0.0,2.0,1.0,1.0,9.0,3.0,52.0,70.0,2.0,12.0,18.0,5.0,4.0,34.0,0.0,16.0,2.0,292.0,2.0,4.0,21.0,49.0,6.0,7.0,1.0,13.0,8.0,2.0,5.0,25.0,319.0,31.0,61.0,67.0,3.0,2.0,1.0,5.0,11.0,11.0,11.0,48.0,64.0,3.0,18.0,12.0,3.0,2.0,31.0,0.0,9.0,3.0,435.0,4.0,5.0,27.0,23.0,8.0,14.0,6.0,9.0,4.0,2.0
7438086,2017-2018,33,1523109600,Ended,West Bromwich Albion,Swansea City,8,74,1.0,1.0,The Hawthorns,Roger East,23297.0,3.0,31.0,357.0,23.0,48.0,45.0,1.0,1.0,0.0,1.0,1.0,8.0,11.0,55.0,61.0,1.0,5.0,13.0,8.0,2.0,37.0,0.0,6.0,1.0,452.0,5.0,1.0,20.0,25.0,4.0,7.0,3.0,13.0,11.0,2.0,7.0,32.0,395.0,19.0,52.0,57.0,1.0,0.0,1.0,8.0,5.0,10.0,12.0,45.0,69.0,0.0,15.0,5.0,6.0,0.0,30.0,0.0,11.0,6.0,479.0,4.0,3.0,29.0,20.0,7.0,15.0,8.0,13.0,7.0,3.0
7438053,2017-2018,33,1523109600,Ended,Leicester City,Newcastle United,31,39,1.0,2.0,King Power Stadium,Stuart Attwell,32066.0,2.0,20.0,162.0,24.0,34.0,59.0,0.0,0.0,1.0,5.0,3.0,4.0,43.0,47.0,3.0,14.0,7.0,11.0,0.0,24.0,0.0,14.0,3.0,272.0,3.0,4.0,27.0,27.0,2.0,8.0,6.0,13.0,6.0,3.0,7.0,47.0,413.0,31.0,66.0,64.0,1.0,1.0,2.0,7.0,7.0,10.0,57.0,80.0,2.0,7.0,14.0,6.0,2.0,32.0,0.0,10.0,3.0,518.0,5.0,1.0,24.0,14.0,6.0,8.0,2.0,9.0,7.0,1.0,,
7438025,2017-2018,33,1523109600,Ended,Stoke City,Tottenham Hotspur,29,33,1.0,2.0,bet365 Stadium,Graham Scott,29515.0,4.0,25.0,454.0,22.0,67.0,67.0,3.0,1.0,2.0,6.0,3.0,13.0,17.0,58.0,63.0,7.0,8.0,19.0,10.0,3.0,51.0,0.0,10.0,3.0,550.0,5.0,4.0,19.0,28.0,9.0,15.0,6.0,15.0,13.0,3.0,6.0,22.0,159.0,13.0,33.0,60.0,2.0,1.0,1.0,1.0,6.0,8.0,8.0,42.0,61.0,4.0,19.0,8.0,10.0,2.0,40.0,1.0,16.0,2.0,263.0,5.0,4.0,25.0,29.0,6.0,10.0,4.0,24.0,15.0,4.0
7437966,2017-2018,27,1518465600,Ended,Chelsea,West Bromwich Albion,38,8,3.0,0.0,Stamford Bridge,Lee Mason,41071.0,3.0,31.0,341.0,25.0,43.0,69.0,1.0,1.0,0.0,0.0,7.0,16.0,14.0,47.0,65.0,1.0,11.0,11.0,8.0,5.0,36.0,0.0,11.0,3.0,428.0,7.0,1.0,12.0,15.0,5.0,8.0,3.0,12.0,6.0,2.0,5.0,36.0,486.0,16.0,57.0,64.0,4.0,2.0,2.0,6.0,8.0,7.0,20.0,53.0,58.0,2.0,11.0,11.0,13.0,1.0,52.0,0.0,9.0,1.0,583.0,6.0,8.0,12.0,20.0,15.0,20.0,5.0,21.0,10.0,0.0
7437985,2017-2018,28,1519475400,Ended,Leicester City,Stoke City,31,29,1.0,1.0,King Power Stadium,Michael Oliver,31769.0,0.0,26.0,138.0,35.0,34.0,68.0,0.0,0.0,2.0,1.0,15.0,8.0,49.0,67.0,2.0,16.0,10.0,12.0,9.0,37.0,0.0,15.0,2.0,257.0,2.0,2.0,31.0,51.0,0.0,6.0,6.0,19.0,9.0,3.0,1.0,40.0,358.0,30.0,66.0,80.0,1.0,1.0,2.0,13.0,11.0,11.0,51.0,55.0,2.0,10.0,16.0,8.0,1.0,45.0,2.0,8.0,0.0,483.0,8.0,9.0,25.0,10.0,9.0,19.0,10.0,19.0,13.0,1.0,,
7438008,2017-2018,28,1519484400,Ended,Brighton & Hove Albion,Swansea City,30,74,4.0,1.0,American Express Stadium,Mike Dean,30523.0,2.0,31.0,334.0,0.0,12.0,52.0,54.0,0.0,0.0,4.0,5.0,17.0,8.0,49.0,58.0,4.0,6.0,16.0,8.0,1.0,42.0,1.0,9.0,0.0,434.0,6.0,1.0,27.0,11.0,3.0,11.0,8.0,20.0,10.0,0.0,3.0,29.0,309.0,2.0,21.0,48.0,75.0,4.0,4.0,2.0,3.0,10.0,8.0,51.0,45.0,1.0,17.0,4.0,11.0,2.0,36.0,1.0,6.0,3.0,408.0,9.0,5.0,12.0,25.0,10.0,16.0,6.0,24.0,11.0,1.0
7437930,2017-2018,28,1519484400,Ended,Burnley,Southampton,6,45,1.0,1.0,Turf Moor,Robert Madley,20982.0,5.0,21.0,253.0,24.0,50.0,71.0,0.0,0.0,0.0,4.0,5.0,5.0,9.0,53.0,59.0,2.0,14.0,6.0,10.0,2.0,38.0,1.0,11.0,0.0,378.0,3.0,6.0,26.0,37.0,8.0,13.0,5.0,23.0,16.0,0.0,4.0,47.0,258.0,30.0,50.0,68.0,2.0,1.0,1.0,3.0,7.0,17.0,6.0,47.0,71.0,1.0,8.0,14.0,6.0,4.0,26.0,0.0,11.0,1.0,371.0,3.0,3.0,32.0,29.0,8.0,9.0,1.0,8.0,5.0,1.0
7438009,2017-2018,28,1519493400,Ended,Watford,Everton,24,48,1.0,0.0,Vicarage Road,Anthony Taylor,20430.0,7.0,25.0,232.0,12.0,46.0,72.0,1.0,1.0,1.0,5.0,12.0,7.0,41.0,60.0,1.0,9.0,9.0,6.0,4.0,42.0,0.0,13.0,1.0,350.0,4.0,2.0,33.0,28.0,6.0,7.0,1.0,26.0,18.0,1.0,4.0,34.0,316.0,35.0,54.0,80.0,0.0,0.0,4.0,6.0,14.0,15.0,59.0,59.0,1.0,10.0,9.0,5.0,3.0,42.0,0.0,13.0,0.0,428.0,4.0,5.0,28.0,28.0,5.0,13.0,8.0,19.0,14.0,3.0,,
7437939,2017-2018,28,1519560000,Ended,Crystal Palace,Tottenham Hotspur,7,33,0.0,1.0,Selhurst Park,Kevin Friend,25287.0,3.0,37.0,566.0,14.0,76.0,67.0,3.0,3.0,4.0,13.0,18.0,7.0,42.0,78.0,3.0,5.0,10.0,4.0,3.0,31.0,0.0,6.0,1.0,662.0,6.0,4.0,31.0,17.0,9.0,14.0,5.0,14.0,9.0,1.0,1.0,21.0,119.0,24.0,24.0,66.0,0.0,0.0,1.0,3.0,11.0,5.0,58.0,40.0,1.0,12.0,5.0,11.0,4.0,38.0,0.0,24.0,0.0,205.0,1.0,3.0,30.0,41.0,4.0,5.0,1.0,28.0,20.0,0.0,,
7437951,2017-2018,29,1520089200,Ended,Southampton,Stoke City,45,29,0.0,0.0,St. Mary's Stadium,Anthony Taylor,30335.0,3.0,24.0,162.0,2.0,27.0,35.0,53.0,1.0,1.0,0.0,4.0,8.0,8.0,47.0,51.0,1.0,13.0,8.0,11.0,6.0,28.0,0.0,15.0,2.0,240.0,9.0,3.0,22.0,47.0,3.0,12.0,9.0,13.0,9.0,1.0,10.0,27.0,329.0,1.0,15.0,65.0,58.0,1.0,1.0,7.0,15.0,12.0,17.0,53.0,60.0,6.0,8.0,13.0,11.0,3.0,47.0,0.0,5.0,2.0,422.0,5.0,6.0,32.0,13.0,9.0,18.0,9.0,18.0,10.0,0.0
7437987,2017-2018,29,1520089200,Ended,Leicester City,Bournemouth,31,60,1.0,1.0,King Power Stadium,Lee Probert,31384.0,1.0,21.0,244.0,35.0,45.0,66.0,2.0,1.0,1.0,1.0,1.0,10.0,9.0,50.0,65.0,3.0,7.0,10.0,8.0,3.0,31.0,0.0,5.0,2.0,374.0,4.0,3.0,27.0,50.0,5.0,8.0,3.0,12.0,7.0,1.0,11.0,31.0,295.0,31.0,55.0,69.0,3.0,3.0,0.0,10.0,13.0,4.0,9.0,50.0,72.0,2.0,11.0,6.0,11.0,2.0,36.0,0.0,15.0,3.0,438.0,9.0,4.0,26.0,13.0,17.0,23.0,6.0,21.0,14.0,2.0
7437979,2017-2018,29,1520089200,Ended,Tottenham Hotspur,Huddersfield Town,33,59,2.0,0.0,Wembley Stadium,Kevin Friend,68311.0,1.0,26.0,169.0,1.0,16.0,25.0,79.0,0.0,0.0,0.0,1.0,6.0,7.0,54.0,54.0,0.0,8.0,6.0,6.0,5.0,42.0,0.0,12.0,2.0,267.0,0.0,3.0,15.0,36.0,1.0,3.0,2.0,29.0,16.0,1.0,8.0,40.0,701.0,1.0,13.0,75.0,81.0,2.0,2.0,5.0,8.0,19.0,18.0,46.0,77.0,3.0,6.0,8.0,3.0,3.0,36.0,1.0,18.0,4.0,806.0,3.0,7.0,29.0,18.0,8.0,15.0,7.0,10.0,8.0,1.0
7437967,2017-2018,29,1520098200,Ended,Liverpool,Newcastle United,44,39,2.0,0.0,Anfield,Graham Scott,53287.0,2.0,18.0,208.0,0.0,21.0,29.0,66.0,0.0,0.0,3.0,3.0,12.0,23.0,47.0,50.0,0.0,9.0,7.0,9.0,1.0,42.0,0.0,14.0,1.0,315.0,2.0,2.0,22.0,18.0,1.0,7.0,6.0,12.0,7.0,7.0,65.0,658.0,3.0,29.0,71.0,75.0,2.0,2.0,8.0,8.0,9.0,8.0,53.0,101.0,1.0,7.0,8.0,5.0,2.0,42.0,0.0,12.0,4.0,772.0,3.0,3.0,17.0,12.0,12.0,14.0,2.0,26.0,18.0,,
7438003,2017-2018,29,1520170200,Ended,Brighton & Hove Albion,Arsenal,30,42,2.0,1.0,American Express Stadium,Stuart Attwell,30620.0,10.0,19.0,516.0,1.0,21.0,68.0,58.0,1.0,1.0,6.0,11.0,16.0,16.0,50.0,56.0,3.0,12.0,12.0,7.0,4.0,36.0,1.0,8.0,0.0,614.0,2.0,7.0,20.0,17.0,9.0,15.0,6.0,10.0,8.0,3.0,5.0,27.0,208.0,1.0,18.0,32.0,72.0,2.0,2.0,2.0,6.0,7.0,8.0,50.0,56.0,1.0,13.0,11.0,5.0,6.0,40.0,0.0,13.0,6.0,287.0,5.0,6.0,16.0,38.0,8.0,13.0,5.0,21.0,12.0,3.0
7437937,2017-2018,29,1520179200,Ended,Manchester City,Chelsea,17,38,1.0,0.0,Etihad Stadium,Michael Oliver,54328.0,0.0,18.0,303.0,8.0,29.0,59.0,0.0,0.0,0.0,2.0,7.0,8.0,44.0,26.0,0.0,9.0,8.0,11.0,1.0,27.0,0.0,11.0,1.0,392.0,3.0,0.0,19.0,15.0,1.0,3.0,2.0,11.0,7.0,1.0,5.0,30.0,902.0,5.0,71.0,65.0,1.0,1.0,5.0,5.0,10.0,20.0,56.0,100.0,2.0,8.0,8.0,3.0,0.0,39.0,0.0,8.0,2.0,976.0,5.0,3.0,17.0,10.0,9.0,13.0,4.0,11.0,8.0,2.0,,
7437960,2017-2018,30,1520685000,Ended,Manchester United,Liverpool,35,44,2.0,1.0,Old Trafford,Craig Pawson,74855.0,5.0,26.0,483.0,1.0,13.0,68.0,62.0,1.0,1.0,7.0,13.0,14.0,16.0,43.0,84.0,2.0,16.0,9.0,5.0,0.0,38.0,0.0,7.0,0.0,584.0,5.0,2.0,18.0,12.0,5.0,14.0,9.0,13.0,10.0,1.0,3.0,18.0,194.0,0.0,22.0,32.0,63.0,1.0,1.0,2.0,1.0,10.0,7.0,57.0,45.0,3.0,10.0,16.0,10.0,2.0,45.0,0.0,25.0,3.0,283.0,1.0,2.0,18.0,40.0,5.0,5.0,0.0,22.0,15.0,2.0
7437998,2017-2018,30,1520694000,Ended,Huddersfield Town,Swansea City,59,74,0.0,0.0,Accu Stadium,Michael Oliver,23567.0,2.0,21.0,88.0,24.0,19.0,47.0,1.0,1.0,0.0,0.0,6.0,5.0,50.0,34.0,1.0,9.0,9.0,19.0,4.0,31.0,0.0,13.0,3.0,169.0,1.0,0.0,0.0,18.0,67.0,0.0,0.0,0.0,17.0,13.0,3.0,13.0,38.0,608.0,30.0,81.0,55.0,1.0,1.0,11.0,12.0,11.0,7.0,50.0,90.0,3.0,9.0,9.0,2.0,0.0,25.0,2.0,7.0,2.0,679.0,0.0,15.0,4.0,34.0,10.0,18.0,30.0,12.0,10.0,8.0,2.0
7437949,2017-2018,30,1520694000,Ended,Everton,Brighton & Hove Albion,48,30,2.0,0.0,Goodison Park,Roger East,39199.0,1.0,24.0,190.0,20.0,41.0,47.0,0.0,0.0,1.0,3.0,9.0,2.0,50.0,53.0,1.0,14.0,10.0,13.0,2.0,26.0,0.0,8.0,1.0,302.0,1.0,5.0,4.0,18.0,35.0,3.0,10.0,7.0,14.0,9.0,1.0,6.0,41.0,330.0,16.0,59.0,53.0,2.0,2.0,3.0,10.0,13.0,7.0,50.0,62.0,4.0,10.0,14.0,8.0,4.0,30.0,0.0,8.0,2.0,425.0,0.0,7.0,3.0,28.0,22.0,7.0,13.0,6.0,9.0,7.0,0.0
7437952,2017-2018,30,1520703000,Ended,Chelsea,Crystal Palace,38,7,2.0,1.0,Stamford Bridge,Anthony Taylor,40800.0,5.0,24.0,288.0,15.0,38.0,57.0,2.0,1.0,1.0,2.0,3.0,11.0,12.0,46.0,46.0,4.0,9.0,8.0,12.0,7.0,39.0,1.0,9.0,2.0,361.0,5.0,2.0,15.0,34.0,5.0,9.0,4.0,19.0,13.0,2.0,8.0,34.0,518.0,18.0,62.0,55.0,6.0,6.0,0.0,7.0,12.0,13.0,19.0,54.0,61.0,3.0,8.0,9.0,13.0,1.0,45.0,1.0,9.0,2.0,593.0,9.0,11.0,22.0,20.0,15.0,27.0,12.0,17.0,11.0,1.0
7437953,2017-2018,24,1516550400,Ended,Southampton,Tottenham Hotspur,45,33,1.0,1.0,St. Mary's Stadium,Kevin Friend,31361.0,8.0,22.0,407.0,16.0,59.0,69.0,1.0,0.0,1.0,5.0,9.0,11.0,7.0,46.0,57.0,1.0,15.0,7.0,9.0,4.0,30.0,1.0,11.0,1.0,491.0,10.0,2.0,24.0,18.0,11.0,17.0,6.0,16.0,10.0,3.0,3.0,23.0,237.0,10.0,41.0,67.0,2.0,2.0,0.0,1.0,2.0,13.0,10.0,54.0,64.0,2.0,8.0,15.0,10.0,1.0,45.0,1.0,14.0,2.0,343.0,5.0,4.0,21.0,17.0,3.0,10.0,7.0,21.0,16.0,2.0
7438105,2017-2018,25,1517341500,Ended,West Ham United,Crystal Palace,37,7,1.0,1.0,London Stadium,Neil Swarbrick,56911.0,7.0,30.0,371.0,26.0,60.0,53.0,1.0,1.0,1.0,3.0,17.0,7.0,40.0,69.0,3.0,15.0,11.0,9.0,2.0,25.0,0.0,15.0,0.0,454.0,5.0,3.0,21.0,20.0,5.0,9.0,4.0,9.0,5.0,3.0,9.0,32.0,204.0,24.0,40.0,52.0,1.0,1.0,1.0,5.0,6.0,12.0,60.0,54.0,5.0,11.0,15.0,8.0,2.0,52.0,0.0,12.0,2.0,296.0,4.0,3.0,21.0,24.0,7.0,8.0,1.0,25.0,15.0,1.0,,
7437993,2017-2018,25,1517342400,Ended,Huddersfield Town,Liverpool,59,44,0.0,3.0,Accu Stadium,Kevin Friend,24121.0,3.0,61.0,809.0,1.0,15.0,75.0,56.0,4.0,3.0,1.0,4.0,4.0,8.0,6.0,51.0,94.0,1.0,8.0,8.0,4.0,1.0,27.0,0.0,9.0,2.0,913.0,3.0,7.0,24.0,17.0,8.0,14.0,6.0,13.0,8.0,1.0,17.0,214.0,0.0,16.0,25.0,56.0,0.0,0.0,0.0,2.0,1.0,6.0,5.0,49.0,46.0,1.0,8.0,8.0,7.0,4.0,24.0,0.0,12.0,3.0,308.0,2.0,1.0,15.0,38.0,4.0,5.0,1.0,11.0,10.0
7437965,2017-2018,25,1517427900,Ended,Newcastle United,Burnley,39,6,1.0,1.0,St James' Park,Simon Hooper,50174.0,2.0,40.0,241.0,33.0,47.0,62.0,2.0,2.0,0.0,3.0,4.0,13.0,5.0,46.0,61.0,1.0,15.0,15.0,11.0,3.0,36.0,1.0,10.0,0.0,364.0,6.0,2.0,33.0,28.0,6.0,11.0,5.0,18.0,13.0,2.0,4.0,32.0,280.0,42.0,53.0,66.0,4.0,3.0,1.0,3.0,7.0,7.0,8.0,54.0,51.0,2.0,15.0,14.0,6.0,2.0,38.0,1.0,9.0,2.0,397.0,7.0,4.0,25.0,43.0,9.0,14.0,5.0,17.0,11.0,1.0
7437950,2017-2018,25,1517427900,Ended,Everton,Leicester City,48,31,2.0,1.0,Goodison Park,Chris Kavanagh,38390.0,5.0,35.0,319.0,23.0,56.0,53.0,4.0,3.0,1.0,2.0,5.0,15.0,10.0,53.0,74.0,2.0,10.0,9.0,9.0,1.0,36.0,3.0,14.0,0.0,440.0,4.0,2.0,38.0,33.0,8.0,8.0,0.0,17.0,9.0,2.0,4.0,21.0,231.0,13.0,44.0,59.0,4.0,2.0,2.0,1.0,5.0,14.0,7.0,47.0,67.0,5.0,10.0,9.0,6.0,0.0,40.0,1.0,14.0,3.0,347.0,4.0,4.0,26.0,25.0,5.0,9.0,4.0,24.0,19.0,0.0
7437968,2017-2018,25,1517427900,Ended,Chelsea,Bournemouth,38,60,0.0,3.0,Stamford Bridge,Lee Probert,41464.0,2.0,17.0,241.0,1.0,10.0,34.0,58.0,3.0,3.0,4.0,5.0,12.0,10.0,39.0,51.0,0.0,12.0,5.0,9.0,5.0,37.0,0.0,18.0,2.0,329.0,2.0,5.0,20.0,36.0,5.0,11.0,6.0,23.0,10.0,0.0,9.0,33.0,517.0,1.0,23.0,66.0,70.0,0.0,0.0,8.0,8.0,13.0,22.0,61.0,73.0,2.0,5.0,11.0,5.0,2.0,49.0,0.0,7.0,4.0,618.0,8.0,5.0,29.0,9.0,11.0,21.0,10.0,16.0,10.0,1.0
7437933,2017-2018,25,1517428800,Ended,Stoke City,Watford,29,24,0.0,0.0,bet365 Stadium,Jonathan Moss,27458.0,2.0,31.0,185.0,0.0,40.0,52.0,62.0,4.0,6.0,6.0,6.0,48.0,67.0,1.0,12.0,11.0,9.0,4.0,29.0,0.0,8.0,0.0,300.0,5.0,2.0,28.0,38.0,7.0,11.0,4.0,13.0,9.0,3.0,4.0,29.0,161.0,1.0,43.0,48.0,58.0,3.0,2.0,11.0,11.0,52.0,56.0,5.0,12.0,12.0,8.0,2.0,33.0,0.0,11.0,5.0,279.0,4.0,4.0,30.0,39.0,9.0,11.0,2.0,10.0,4.0,4.0,,,,
7437943,2017-2018,25,1517428800,Ended,Manchester City,West Bromwich Albion,17,8,3.0,0.0,Etihad Stadium,Robert Madley,53241.0,0.0,24.0,162.0,0.0,11.0,26.0,59.0,0.0,0.0,0.0,1.0,1.0,13.0,6.0,44.0,37.0,0.0,10.0,9.0,7.0,7.0,31.0,0.0,17.0,246.0,1.0,1.0,21.0,27.0,2.0,3.0,1.0,17.0,12.0,3.0,0.0,34.0,614.0,2.0,15.0,74.0,71.0,3.0,2.0,1.0,2.0,9.0,10.0,13.0,56.0,73.0,6.0,10.0,10.0,2.0,1.0,38.0,1.0,8.0,695.0,7.0,10.0,18.0,7.0,12.0,19.0,7.0,16.0,13.0,1.0
7437980,2017-2018,25,1517428800,Ended,Tottenham Hotspur,Manchester United,33,35,2.0,0.0,Wembley Stadium,Andre Marriner,81978.0,3.0,41.0,372.0,0.0,15.0,47.0,73.0,1.0,1.0,1.0,3.0,14.0,9.0,48.0,40.0,0.0,13.0,10.0,15.0,5.0,44.0,0.0,15.0,9.0,470.0,2.0,3.0,15.0,15.0,5.0,6.0,1.0,25.0,15.0,2.0,3.0,21.0,432.0,2.0,11.0,53.0,76.0,2.0,2.0,7.0,6.0,15.0,15.0,52.0,73.0,2.0,10.0,13.0,3.0,3.0,53.0,0.0,18.0,1.0,527.0,9.0,6.0,18.0,19.0,12.0,22.0,10.0,26.0,14.0,2.0
7437934,2017-2018,26,1517661000,Ended,Burnley,Manchester City,6,17,1.0,1.0,Turf Moor,Martin Atkinson,21658.0,1.0,42.0,605.0,13.0,71.0,49.0,2.0,2.0,0.0,7.0,13.0,5.0,7.0,56.0,58.0,1.0,6.0,8.0,12.0,2.0,28.0,0.0,12.0,0.0,695.0,6.0,7.0,20.0,25.0,10.0,20.0,10.0,13.0,6.0,1.0,5.0,26.0,178.0,15.0,29.0,48.0,1.0,0.0,1.0,1.0,3.0,9.0,3.0,44.0,66.0,1.0,9.0,5.0,8.0,6.0,17.0,1.0,22.0,1.0,278.0,4.0,3.0,24.0,26.0,6.0,8.0,2.0,9.0,5.0,4.0
7438108,2017-2018,26,1517670000,Ended,Bournemouth,Stoke City,60,29,2.0,1.0,Vitality Stadium,Paul Tierney,10614.0,4.0,40.0,221.0,35.0,43.0,63.0,0.0,0.0,0.0,3.0,1.0,9.0,9.0,58.0,62.0,2.0,19.0,13.0,3.0,5.0,50.0,1.0,16.0,6.0,328.0,6.0,4.0,26.0,36.0,9.0,13.0,4.0,28.0,20.0,3.0,5.0,23.0,317.0,26.0,57.0,60.0,3.0,1.0,2.0,4.0,8.0,16.0,11.0,42.0,79.0,4.0,14.0,15.0,11.0,2.0,36.0,0.0,5.0,2.0,439.0,3.0,8.0,27.0,20.0,10.0,15.0,5.0,10.0,5.0,2.0
7437927,2017-2018,27,1518274800,Ended,Stoke City,Brighton & Hove Albion,29,30,1.0,1.0,bet365 Stadium,Robert Madley,29876.0,3.0,34.0,235.0,40.0,43.0,66.0,1.0,1.0,1.0,4.0,7.0,10.0,57.0,53.0,0.0,10.0,6.0,13.0,1.0,41.0,0.0,17.0,3.0,365.0,7.0,6.0,19.0,46.0,9.0,14.0,5.0,28.0,21.0,4.0,35.0,354.0,31.0,57.0,50.0,0.0,0.0,6.0,7.0,25.0,12.0,43.0,86.0,2.0,6.0,10.0,13.0,5.0,31.0,0.0,11.0,2.0,468.0,6.0,3.0,40.0,29.0,6.0,15.0,9.0,9.0,8.0,,,,
7438106,2017-2018,27,1518274800,Ended,Swansea City,Burnley,74,6,1.0,0.0,Swansea.com Stadium,Andre Marriner,20176.0,4.0,37.0,243.0,36.0,43.0,57.0,4.0,2.0,8.0,2.0,52.0,74.0,3.0,9.0,9.0,12.0,3.0,25.0,0.0,11.0,0.0,352.0,8.0,1.0,19.0,30.0,5.0,13.0,8.0,17.0,12.0,1.0,4.0,38.0,366.0,34.0,57.0,62.0,7.0,5.0,12.0,2.0,48.0,63.0,2.0,10.0,9.0,9.0,1.0,23.0,0.0,4.0,2.0,465.0,2.0,4.0,23.0,21.0,8.0,13.0,5.0,12.0,9.0,2.0,,,,,,
7437944,2017-2018,27,1518283800,Ended,Manchester City,Leicester City,17,31,5.0,1.0,Etihad Stadium,Mike Jones,54416.0,1.0,21.0,193.0,1.0,17.0,29.0,77.0,0.0,0.0,0.0,2.0,8.0,11.0,52.0,40.0,3.0,12.0,10.0,10.0,5.0,39.0,0.0,14.0,2.0,288.0,0.0,2.0,11.0,29.0,2.0,2.0,0.0,18.0,11.0,3.0,2.0,29.0,616.0,1.0,11.0,71.0,77.0,3.0,3.0,2.0,8.0,11.0,18.0,48.0,76.0,4.0,10.0,12.0,1.0,1.0,41.0,0.0,8.0,1.0,705.0,6.0,11.0,24.0,13.0,14.0,19.0,5.0,11.0,8.0,2.0
7437992,2017-2018,27,1518350400,Ended,Huddersfield Town,Bournemouth,59,60,4.0,1.0,Accu Stadium,Michael Oliver,23823.0,2.0,26.0,289.0,14.0,49.0,74.0,1.0,1.0,0.0,3.0,6.0,12.0,11.0,45.0,48.0,3.0,12.0,11.0,8.0,1.0,39.0,1.0,12.0,5.0,415.0,2.0,2.0,34.0,27.0,4.0,7.0,3.0,18.0,13.0,3.0,5.0,38.0,319.0,23.0,51.0,82.0,4.0,2.0,2.0,6.0,2.0,11.0,10.0,55.0,77.0,6.0,12.0,12.0,4.0,1.0,42.0,0.0,21.0,3.0,438.0,5.0,4.0,27.0,22.0,9.0,15.0,6.0,21.0,15.0,0.0
7438087,2017-2018,21,1514721600,Ended,Crystal Palace,Manchester City,7,17,0.0,0.0,Selhurst Park,Jonathan Moss,25804.0,3.0,20.0,550.0,16.0,74.0,52.0,1.0,1.0,7.0,8.0,14.0,14.0,48.0,58.0,7.0,11.0,14.0,6.0,1.0,42.0,1.0,7.0,2.0,626.0,4.0,4.0,18.0,26.0,5.0,15.0,10.0,14.0,11.0,4.0,3.0,27.0,124.0,15.0,26.0,57.0,3.0,3.0,4.0,7.0,10.0,17.0,52.0,49.0,4.0,14.0,11.0,12.0,5.0,47.0,0.0,12.0,4.0,205.0,4.0,2.0,13.0,31.0,6.0,10.0,4.0,19.0,9.0,5.0,,
7437901,2017-2018,21,1514737800,Ended,West Bromwich Albion,Arsenal,8,42,1.0,1.0,The Hawthorns,Mike Dean,26223.0,1.0,33.0,544.0,1.0,12.0,65.0,67.0,0.0,0.0,5.0,6.0,9.0,10.0,51.0,72.0,3.0,9.0,14.0,7.0,2.0,36.0,0.0,8.0,2.0,647.0,5.0,4.0,18.0,23.0,6.0,14.0,8.0,12.0,10.0,3.0,8.0,32.0,244.0,0.0,18.0,35.0,66.0,1.0,1.0,7.0,5.0,5.0,8.0,49.0,54.0,5.0,14.0,7.0,10.0,4.0,28.0,0.0,12.0,1.0,322.0,4.0,3.0,15.0,31.0,9.0,14.0,5.0,14.0,8.0,3.0
7437928,2017-2018,22,1514818800,Ended,Stoke City,Newcastle United,29,39,0.0,1.0,bet365 Stadium,Chris Kavanagh,28471.0,4.0,26.0,223.0,28.0,41.0,63.0,3.0,2.0,1.0,3.0,5.0,9.0,10.0,49.0,63.0,4.0,11.0,10.0,10.0,4.0,37.0,0.0,12.0,0.0,335.0,5.0,6.0,20.0,39.0,10.0,14.0,4.0,17.0,12.0,1.0,6.0,33.0,352.0,30.0,59.0,70.0,2.0,2.0,0.0,4.0,10.0,10.0,14.0,51.0,79.0,3.0,10.0,11.0,8.0,5.0,39.0,0.0,7.0,2.0,463.0,3.0,4.0,20.0,27.0,6.0,11.0,5.0,14.0,8.0,3.0
7437974,2017-2018,22,1514818800,Ended,Leicester City,Huddersfield Town,31,59,3.0,0.0,King Power Stadium,Graham Scott,31748.0,1.0,37.0,369.0,1.0,26.0,49.0,66.0,0.0,0.0,2.0,1.0,10.0,11.0,53.0,53.0,1.0,9.0,7.0,6.0,2.0,47.0,0.0,16.0,1.0,455.0,3.0,1.0,20.0,43.0,2.0,6.0,4.0,29.0,18.0,1.0,3.0,37.0,387.0,1.0,25.0,51.0,74.0,2.0,2.0,0.0,4.0,13.0,16.0,47.0,61.0,0.0,7.0,9.0,6.0,1.0,39.0,1.0,8.0,4.0,482.0,6.0,5.0,32.0,19.0,8.0,11.0,3.0,14.0,9.0,1.0
7437935,2017-2018,22,1514818800,Ended,Burnley,Liverpool,6,44,1.0,2.0,Turf Moor,Roger East,21756.0,8.0,31.0,410.0,1.0,23.0,58.0,82.0,1.0,0.0,1.0,7.0,9.0,9.0,7.0,44.0,52.0,0.0,12.0,3.0,7.0,3.0,24.0,0.0,7.0,2.0,511.0,7.0,5.0,26.0,30.0,10.0,19.0,9.0,14.0,12.0,5.0,24.0,266.0,1.0,30.0,42.0,78.0,2.0,1.0,1.0,3.0,3.0,8.0,6.0,56.0,74.0,1.0,4.0,11.0,10.0,3.0,30.0,0.0,11.0,1.0,377.0,6.0,4.0,18.0,27.0,9.0,13.0,4.0,13.0,9.0
7437954,2017-2018,22,1514827800,Ended,Everton,Manchester United,48,35,0.0,2.0,Goodison Park,Andre Marriner,39188.0,0.0,14.0,495.0,1.0,17.0,60.0,61.0,1.0,1.0,7.0,6.0,6.0,9.0,51.0,57.0,3.0,10.0,10.0,7.0,0.0,31.0,1.0,5.0,1.0,585.0,8.0,6.0,27.0,28.0,3.0,21.0,18.0,12.0,8.0,0.0,6.0,22.0,282.0,0.0,12.0,40.0,59.0,1.0,1.0,6.0,6.0,10.0,12.0,49.0,61.0,2.0,11.0,10.0,9.0,4.0,34.0,0.0,8.0,1.0,365.0,6.0,0.0,15.0,32.0,9.0,12.0,3.0,12.0,9.0,2.0
7438103,2017-2018,22,1514922300,Ended,Southampton,Crystal Palace,45,7,1.0,2.0,St. Mary's Stadium,Stuart Attwell,28411.0,3.0,21.0,246.0,23.0,39.0,64.0,2.0,1.0,1.0,3.0,7.0,17.0,15.0,50.0,56.0,2.0,11.0,8.0,13.0,2.0,38.0,0.0,15.0,0.0,350.0,4.0,4.0,29.0,18.0,6.0,11.0,5.0,15.0,11.0,1.0,3.0,31.0,444.0,16.0,61.0,70.0,0.0,0.0,0.0,0.0,4.0,11.0,9.0,50.0,67.0,1.0,8.0,11.0,7.0,2.0,46.0,0.0,14.0,1.0,560.0,7.0,3.0,25.0,23.0,4.0,10.0,6.0,26.0,19.0,0.0
7437957,2017-2018,22,1514922300,Ended,West Ham United,West Bromwich Albion,37,8,2.0,1.0,London Stadium,Mike Jones,56888.0,4.0,33.0,327.0,16.0,47.0,62.0,1.0,1.0,0.0,3.0,4.0,7.0,10.0,45.0,72.0,4.0,12.0,12.0,7.0,3.0,37.0,0.0,9.0,1.0,413.0,6.0,3.0,16.0,37.0,5.0,12.0,7.0,16.0,10.0,2.0,8.0,38.0,372.0,24.0,53.0,60.0,3.0,1.0,2.0,3.0,3.0,9.0,14.0,55.0,68.0,4.0,12.0,12.0,12.0,2.0,41.0,0.0,7.0,1.0,449.0,5.0,5.0,23.0,32.0,10.0,13.0,3.0,15.0,11.0,3.0
7437986,2017-2018,22,1514922300,Ended,Swansea City,Tottenham Hotspur,74,33,0.0,2.0,Swansea.com Stadium,Robert Madley,20615.0,5.0,40.0,593.0,1.0,17.0,68.0,55.0,2.0,2.0,2.0,5.0,8.0,6.0,53.0,96.0,5.0,9.0,11.0,5.0,1.0,38.0,0.0,9.0,2.0,675.0,5.0,5.0,25.0,21.0,8.0,12.0,4.0,21.0,14.0,2.0,4.0,25.0,232.0,0.0,11.0,32.0,64.0,0.0,0.0,2.0,6.0,12.0,11.0,47.0,36.0,2.0,12.0,9.0,11.0,3.0,38.0,1.0,21.0,4.0,313.0,5.0,1.0,16.0,19.0,5.0,8.0,3.0,18.0,10.0,2.0
7437876,2017-2018,21,1515096000,Ended,Tottenham Hotspur,West Ham United,33,37,1.0,1.0,Wembley Stadium,Mike Dean,50034.0,1.0,18.0,186.0,0.0,16.0,29.0,74.0,2.0,2.0,0.0,1.0,16.0,9.0,48.0,46.0,3.0,6.0,9.0,11.0,7.0,36.0,0.0,21.0,3.0,283.0,2.0,1.0,22.0,41.0,2.0,3.0,1.0,18.0,9.0,2.0,3.0,37.0,558.0,1.0,18.0,71.0,72.0,1.0,1.0,14.0,7.0,13.0,13.0,52.0,108.0,0.0,10.0,6.0,2.0,0.0,38.0,0.0,13.0,3.0,669.0,9.0,8.0,32.0,15.0,17.0,31.0,14.0,19.0,15.0,0.0
7438109,2017-2018,23,1515855600,Ended,West Bromwich Albion,Brighton & Hove Albion,8,30,2.0,0.0,The Hawthorns,Martin Atkinson,25240.0,4.0,45.0,348.0,20.0,56.0,63.0,0.0,0.0,5.0,6.0,5.0,3.0,47.0,77.0,2.0,15.0,8.0,11.0,2.0,28.0,0.0,7.0,2.0,450.0,7.0,1.0,20.0,35.0,7.0,13.0,6.0,17.0,13.0,7.0,32.0,244.0,23.0,44.0,66.0,1.0,1.0,5.0,9.0,13.0,9.0,53.0,70.0,1.0,8.0,13.0,9.0,1.0,31.0,0.0,11.0,3.0,355.0,6.0,4.0,18.0,25.0,8.0,15.0,7.0,9.0,6.0,,,,
7437946,2017-2018,23,1515855600,Ended,Crystal Palace,Burnley,7,6,1.0,0.0,Selhurst Park,Michael Oliver,24696.0,7.0,47.0,310.0,36.0,56.0,63.0,2.0,2.0,1.0,2.0,11.0,8.0,53.0,76.0,3.0,10.0,16.0,11.0,1.0,41.0,0.0,5.0,4.0,415.0,5.0,2.0,23.0,21.0,5.0,8.0,3.0,19.0,10.0,3.0,9.0,29.0,212.0,35.0,44.0,66.0,3.0,3.0,7.0,3.0,14.0,6.0,47.0,69.0,3.0,16.0,10.0,9.0,2.0,33.0,0.0,6.0,0.0,324.0,8.0,2.0,24.0,27.0,13.0,17.0,4.0,18.0,13.0,0.0,,
7438001,2017-2018,23,1515855600,Ended,Watford,Southampton,24,45,2.0,2.0,Vicarage Road,Roger East,20018.0,3.0,30.0,256.0,26.0,44.0,59.0,1.0,1.0,2.0,4.0,12.0,12.0,51.0,60.0,1.0,13.0,10.0,11.0,2.0,37.0,0.0,12.0,3.0,376.0,4.0,4.0,22.0,32.0,7.0,10.0,3.0,15.0,12.0,5.0,7.0,35.0,350.0,29.0,56.0,56.0,2.0,2.0,2.0,5.0,11.0,4.0,49.0,68.0,1.0,11.0,13.0,6.0,2.0,31.0,1.0,12.0,0.0,464.0,10.0,4.0,38.0,21.0,11.0,16.0,5.0,14.0,11.0,0.0,,
7437991,2017-2018,23,1515945600,Ended,Liverpool,Manchester City,44,17,4.0,3.0,Anfield,Andre Marriner,53285.0,3.0,25.0,571.0,0.0,22.0,64.0,77.0,1.0,1.0,4.0,6.0,25.0,20.0,55.0,49.0,4.0,7.0,10.0,9.0,3.0,54.0,1.0,11.0,3.0,667.0,3.0,4.0,20.0,21.0,6.0,11.0,5.0,24.0,11.0,3.0,1.0,18.0,277.0,2.0,4.0,36.0,80.0,0.0,0.0,5.0,5.0,18.0,18.0,45.0,48.0,1.0,10.0,6.0,6.0,1.0,57.0,2.0,19.0,3.0,367.0,4.0,7.0,11.0,18.0,7.0,16.0,9.0,33.0,22.0,2.0
7437963,2017-2018,23,1516046400,Ended,Manchester United,Stoke City,35,29,3.0,0.0,Old Trafford,Anthony Taylor,74726.0,3.0,25.0,326.0,0.0,14.0,40.0,52.0,3.0,3.0,1.0,1.0,12.0,6.0,54.0,52.0,2.0,10.0,14.0,8.0,6.0,36.0,0.0,9.0,0.0,395.0,5.0,5.0,13.0,16.0,9.0,11.0,2.0,16.0,8.0,1.0,2.0,32.0,542.0,1.0,9.0,60.0,55.0,1.0,1.0,5.0,6.0,9.0,9.0,46.0,47.0,4.0,14.0,10.0,8.0,4.0,34.0,0.0,11.0,4.0,604.0,6.0,9.0,13.0,12.0,12.0,20.0,8.0,15.0,10.0,2.0
7437929,2017-2018,24,1516460400,Ended,Stoke City,Huddersfield Town,29,59,2.0,0.0,bet365 Stadium,Michael Oliver,29785.0,3.0,28.0,194.0,36.0,51.0,61.0,0.0,0.0,0.0,0.0,2.0,13.0,7.0,41.0,71.0,5.0,13.0,17.0,10.0,4.0,35.0,0.0,6.0,0.0,353.0,3.0,3.0,41.0,17.0,3.0,6.0,3.0,14.0,11.0,1.0,4.0,27.0,199.0,63.0,49.0,73.0,2.0,1.0,1.0,1.0,3.0,10.0,9.0,59.0,75.0,2.0,18.0,12.0,7.0,3.0,40.0,0.0,17.0,10.0,330.0,4.0,6.0,29.0,25.0,10.0,11.0,1.0,22.0,15.0,1.0
7437964,2017-2018,24,1516460400,Ended,West Ham United,Bournemouth,37,60,1.0,1.0,London Stadium,Martin Atkinson,56948.0,1.0,27.0,335.0,0.0,17.0,52.0,62.0,1.0,1.0,0.0,3.0,4.0,10.0,49.0,81.0,4.0,7.0,8.0,6.0,3.0,32.0,0.0,7.0,5.0,434.0,5.0,3.0,22.0,39.0,2.0,8.0,6.0,15.0,9.0,1.0,5.0,25.0,281.0,1.0,20.0,48.0,62.0,1.0,1.0,2.0,6.0,5.0,12.0,51.0,70.0,1.0,8.0,6.0,6.0,2.0,31.0,0.0,17.0,5.0,386.0,6.0,4.0,30.0,21.0,5.0,12.0,7.0,13.0,9.0,3.0
7437948,2017-2018,24,1516460400,Ended,Everton,West Bromwich Albion,48,8,1.0,1.0,Goodison Park,Stuart Attwell,39061.0,4.0,30.0,223.0,1.0,35.0,43.0,73.0,1.0,1.0,1.0,3.0,20.0,8.0,54.0,73.0,0.0,10.0,14.0,7.0,3.0,36.0,1.0,15.0,356.0,9.0,5.0,31.0,21.0,9.0,15.0,6.0,15.0,8.0,1.0,2.0,36.0,341.0,0.0,24.0,57.0,64.0,1.0,1.0,3.0,0.0,8.0,8.0,46.0,75.0,3.0,15.0,9.0,15.0,4.0,37.0,0.0,14.0,474.0,2.0,4.0,29.0,25.0,7.0,9.0,2.0,21.0,13.0,2.0,,
7438104,2017-2018,24,1516460400,Ended,Leicester City,Watford,31,24,2.0,0.0,King Power Stadium,Lee Probert,31891.0,3.0,24.0,254.0,1.0,22.0,47.0,60.0,1.0,1.0,0.0,4.0,5.0,11.0,9.0,54.0,48.0,1.0,10.0,11.0,6.0,3.0,46.0,0.0,9.0,3.0,356.0,4.0,3.0,19.0,21.0,5.0,11.0,6.0,27.0,16.0,2.0,37.0,331.0,1.0,14.0,53.0,65.0,1.0,0.0,1.0,1.0,4.0,12.0,19.0,46.0,60.0,5.0,11.0,10.0,7.0,3.0,43.0,0.0,9.0,5.0,422.0,3.0,5.0,24.0,26.0,8.0,9.0,1.0,15.0,5.0
7437970,2017-2018,24,1516460400,Ended,Arsenal,Crystal Palace,42,7,4.0,1.0,Emirates Stadium,Chris Kavanagh,59386.0,7.0,24.0,336.0,0.0,16.0,37.0,70.0,1.0,1.0,0.0,3.0,10.0,12.0,3.0,42.0,61.0,0.0,8.0,6.0,5.0,6.0,24.0,0.0,26.0,1.0,406.0,1.0,5.0,12.0,20.0,5.0,9.0,4.0,15.0,9.0,3.0,34.0,642.0,1.0,16.0,63.0,76.0,5.0,2.0,3.0,5.0,5.0,12.0,13.0,58.0,68.0,4.0,6.0,8.0,5.0,4.0,40.0,0.0,9.0,3.0,727.0,1.0,10.0,8.0,30.0,14.0,16.0,2.0,19.0,11.0
7437940,2017-2018,24,1516460400,Ended,Burnley,Manchester United,6,35,0.0,1.0,Turf Moor,Mike Dean,21841.0,2.0,39.0,363.0,1.0,34.0,52.0,73.0,6.0,4.0,15.0,13.0,53.0,52.0,1.0,13.0,6.0,10.0,3.0,32.0,0.0,18.0,2.0,461.0,4.0,2.0,26.0,37.0,7.0,12.0,5.0,13.0,6.0,3.0,7.0,22.0,309.0,0.0,12.0,48.0,71.0,3.0,5.0,10.0,9.0,47.0,86.0,2.0,7.0,13.0,9.0,1.0,46.0,1.0,6.0,1.0,423.0,8.0,3.0,20.0,23.0,11.0,14.0,3.0,24.0,18.0,3.0,,,,
7437920,2017-2018,18,1513520100,Ended,West Bromwich Albion,Manchester United,8,35,1.0,2.0,The Hawthorns,Anthony Taylor,24782.0,484.0,13.0,57.0,3.0,3.0,55.0,7.0,13.0,8.0,4.0,35.0,0.0,1.0,588.0,2.0,3.0,20.0,5.0,8.0,3.0,3.0,341.0,9.0,43.0,4.0,6.0,45.0,14.0,7.0,6.0,1.0,30.0,0.0,1.0,433.0,3.0,5.0,24.0,7.0,12.0,5.0,1.0,,,,,,,,,,,,,,,,,,,,,,,,,,,,
7437910,2017-2018,18,1513528200,Ended,Bournemouth,Liverpool,60,44,0.0,4.0,Vitality Stadium,Andre Marriner,10780.0,576.0,1.0,8.0,56.0,2.0,3.0,47.0,10.0,4.0,2.0,2.0,22.0,2.0,4.0,655.0,12.0,7.0,18.0,15.0,21.0,6.0,1.0,414.0,2.0,9.0,44.0,2.0,2.0,53.0,5.0,10.0,11.0,3.0,25.0,1.0,2.0,511.0,2.0,2.0,24.0,4.0,6.0,2.0,1.0,,,,,,,,,,,,,,,,,,,,,,,,,,
7437867,2017-2018,18,1513627200,Ended,Everton,Swansea City,48,74,3.0,1.0,Goodison Park,Jonathan Moss,37580.0,332.0,16.0,49.0,1.0,3.0,49.0,12.0,12.0,7.0,4.0,34.0,0.0,0.0,431.0,4.0,3.0,29.0,2.0,8.0,6.0,3.0,349.0,17.0,51.0,2.0,6.0,51.0,12.0,11.0,7.0,2.0,36.0,1.0,1.0,445.0,3.0,7.0,25.0,9.0,12.0,3.0,2.0,,,,,,,,,,,,,,,,,,,,,,,,,,,,
7437836,2017-2018,19,1513971900,Ended,Arsenal,Liverpool,42,44,3.0,3.0,Emirates Stadium,Martin Atkinson,59409.0,334.0,2.0,23.0,47.0,0.0,8.0,55.0,11.0,8.0,3.0,1.0,42.0,0.0,1.0,436.0,5.0,9.0,22.0,11.0,14.0,3.0,0.0,380.0,1.0,18.0,53.0,4.0,7.0,45.0,9.0,11.0,9.0,6.0,36.0,0.0,3.0,503.0,3.0,4.0,27.0,5.0,11.0,6.0,1.0,,,,,,,,,,,,,,,,,,,,,,,,,,
7437838,2017-2018,19,1514032200,Ended,Everton,Chelsea,48,38,0.0,0.0,Goodison Park,Robert Madley,39191.0,569.0,16.0,68.0,8.0,7.0,53.0,4.0,8.0,8.0,0.0,38.0,0.0,4.0,679.0,9.0,8.0,26.0,11.0,25.0,14.0,0.0,230.0,22.0,32.0,2.0,2.0,47.0,8.0,3.0,10.0,5.0,26.0,0.0,2.0,327.0,3.0,0.0,12.0,4.0,5.0,1.0,3.0,,,,,,,,,,,,,,,,,,,,,,,,,,,,
7437918,2017-2018,19,1514041200,Ended,Brighton & Hove Albion,Watford,30,24,1.0,0.0,American Express Stadium,Paul Tierney,30473.0,288.0,0.0,25.0,49.0,5.0,4.0,45.0,11.0,8.0,12.0,2.0,40.0,0.0,0.0,397.0,6.0,1.0,34.0,7.0,12.0,5.0,328.0,1.0,38.0,51.0,3.0,6.0,55.0,8.0,10.0,8.0,1.0,41.0,0.0,6.0,426.0,8.0,3.0,22.0,8.0,14.0,6.0,,,,,,,,,,,,,,,,,,,,,,,,,,,,
7437827,2017-2018,19,1514041200,Ended,Stoke City,West Bromwich Albion,29,8,3.0,1.0,bet365 Stadium,Neil Swarbrick,29057.0,338.0,4.0,24.0,57.0,5.0,11.0,42.0,11.0,9.0,6.0,2.0,34.0,0.0,2.0,445.0,5.0,7.0,41.0,12.0,17.0,5.0,0.0,259.0,1.0,33.0,43.0,2.0,1.0,58.0,9.0,11.0,12.0,6.0,48.0,0.0,0.0,357.0,2.0,5.0,24.0,5.0,9.0,4.0,1.0,,,,,,,,,,,,,,,,,,,,,,,,,,
7437835,2017-2018,19,1514041200,Ended,Southampton,Huddersfield Town,45,59,1.0,1.0,St. Mary's Stadium,Lee Probert,29675.0,223.0,19.0,48.0,4.0,1.0,54.0,9.0,16.0,5.0,5.0,42.0,1.0,4.0,345.0,4.0,2.0,23.0,8.0,10.0,2.0,1.0,269.0,22.0,52.0,2.0,9.0,46.0,16.0,9.0,4.0,1.0,30.0,1.0,3.0,384.0,4.0,6.0,30.0,8.0,12.0,4.0,2.0,,,,,,,,,,,,,,,,,,,,,,,,,,,,
7437871,2017-2018,19,1514041200,Ended,Swansea City,Crystal Palace,74,7,1.0,1.0,Swansea.com Stadium,Craig Pawson,20354.0,257.0,18.0,36.0,4.0,3.0,54.0,11.0,13.0,7.0,2.0,53.0,0.0,1.0,336.0,4.0,5.0,22.0,8.0,13.0,5.0,3.0,505.0,11.0,64.0,2.0,6.0,46.0,13.0,11.0,5.0,4.0,49.0,0.0,1.0,594.0,3.0,2.0,18.0,2.0,7.0,5.0,2.0,,,,,,,,,,,,,,,,,,,,,,,,,,,,
7437889,2017-2018,19,1514041200,Ended,West Ham United,Newcastle United,37,39,2.0,3.0,London Stadium,Lee Mason,56955.0,155.0,31.0,37.0,2.0,3.0,45.0,12.0,9.0,9.0,4.0,36.0,2.0,0.0,249.0,5.0,4.0,19.0,5.0,11.0,6.0,1.0,329.0,37.0,63.0,8.0,6.0,55.0,9.0,12.0,4.0,1.0,44.0,0.0,4.0,426.0,5.0,6.0,31.0,9.0,19.0,10.0,1.0,,,,,,,,,,,,,,,,,,,,,,,,,,,,
7438075,2017-2018,19,1514041200,Ended,Manchester City,Bournemouth,17,60,4.0,0.0,Etihad Stadium,Mike Jones,54270.0,163.0,0.0,10.0,22.0,2.0,6.0,41.0,7.0,5.0,9.0,1.0,22.0,0.0,2.0,232.0,2.0,1.0,14.0,5.0,5.0,0.0,1.0,825.0,3.0,13.0,78.0,4.0,4.0,59.0,8.0,7.0,0.0,1.0,34.0,0.0,4.0,901.0,5.0,5.0,21.0,6.0,14.0,8.0,0.0,,,,,,,,,,,,,,,,,,,,,,,,,,
7437810,2017-2018,19,1514050200,Ended,Burnley,Tottenham Hotspur,6,33,0.0,3.0,Turf Moor,Michael Oliver,21650.0,419.0,2.0,33.0,60.0,5.0,4.0,57.0,10.0,10.0,6.0,2.0,26.0,0.0,1.0,527.0,5.0,8.0,29.0,12.0,18.0,6.0,2.0,233.0,0.0,21.0,40.0,0.0,4.0,43.0,10.0,9.0,8.0,5.0,23.0,0.0,5.0,350.0,3.0,2.0,24.0,4.0,5.0,1.0,1.0,,,,,,,,,,,,,,,,,,,,,,,,,,
7437911,2017-2018,19,1514058300,Ended,Leicester City,Manchester United,31,35,2.0,2.0,King Power Stadium,Jonathan Moss,32202.0,371.0,2.0,14.0,51.0,4.0,6.0,69.0,8.0,18.0,5.0,1.0,47.0,1.0,5.0,448.0,0.0,9.0,6.0,20.0,9.0,19.0,10.0,2.0,354.0,1.0,7.0,49.0,5.0,4.0,31.0,19.0,8.0,10.0,4.0,21.0,0.0,0.0,448.0,1.0,3.0,3.0,19.0,6.0,11.0,5.0,4.0,,,,,,,,,,,,,,,,,,,,,,,,
7437897,2017-2018,20,1514291400,Ended,Tottenham Hotspur,Southampton,33,45,5.0,2.0,Wembley Stadium,Graham Scott,55412.0,4.0,35.0,265.0,1.0,9.0,43.0,64.0,0.0,0.0,3.0,8.0,9.0,20.0,53.0,49.0,2.0,15.0,7.0,11.0,1.0,55.0,1.0,18.0,1.0,359.0,7.0,6.0,14.0,17.0,11.0,16.0,5.0,28.0,19.0,2.0,2.0,32.0,408.0,3.0,15.0,57.0,62.0,4.0,4.0,2.0,3.0,17.0,15.0,47.0,62.0,5.0,8.0,15.0,10.0,5.0,42.0,0.0,10.0,1.0,493.0,7.0,7.0,15.0,29.0,10.0,16.0,6.0,12.0,5.0,0.0
7437903,2017-2018,20,1514300400,Ended,Huddersfield Town,Stoke City,59,29,1.0,1.0,Accu Stadium,Anthony Taylor,24047.0,274.0,2.0,34.0,42.0,3.0,5.0,62.0,12.0,9.0,11.0,6.0,50.0,1.0,2.0,372.0,5.0,7.0,16.0,11.0,15.0,4.0,4.0,416.0,1.0,15.0,58.0,3.0,8.0,38.0,9.0,11.0,4.0,4.0,36.0,0.0,2.0,500.0,8.0,7.0,29.0,13.0,18.0,5.0,2.0,,,,,,,,,,,,,,,,,,,,,,,,,,
7437913,2017-2018,20,1514300400,Ended,Bournemouth,West Ham United,60,37,3.0,3.0,Vitality Stadium,Robert Madley,10596.0,236.0,18.0,44.0,2.0,4.0,48.0,14.0,12.0,14.0,7.0,41.0,0.0,2.0,333.0,3.0,5.0,29.0,8.0,10.0,2.0,4.0,330.0,26.0,56.0,5.0,7.0,52.0,12.0,13.0,10.0,2.0,38.0,0.0,0.0,424.0,10.0,10.0,19.0,20.0,25.0,5.0,3.0,,,,,,,,,,,,,,,,,,,,,,,,,,,,
7437926,2017-2018,20,1514300400,Ended,West Bromwich Albion,Everton,8,48,0.0,0.0,The Hawthorns,Roger East,25364.0,238.0,26.0,48.0,0.0,2.0,44.0,13.0,14.0,14.0,3.0,29.0,0.0,1.0,344.0,4.0,3.0,31.0,5.0,7.0,2.0,0.0,263.0,38.0,52.0,4.0,10.0,56.0,14.0,13.0,7.0,3.0,33.0,0.0,1.0,370.0,10.0,3.0,28.0,12.0,17.0,5.0,2.0,,,,,,,,,,,,,,,,,,,,,,,,,,,,
7437922,2017-2018,20,1514300400,Ended,Watford,Leicester City,24,31,2.0,1.0,Vicarage Road,Chris Kavanagh,20308.0,244.0,2.0,30.0,51.0,3.0,8.0,49.0,13.0,6.0,6.0,0.0,36.0,0.0,6.0,359.0,3.0,5.0,43.0,8.0,11.0,3.0,3.0,234.0,1.0,22.0,49.0,3.0,8.0,51.0,7.0,13.0,5.0,4.0,46.0,1.0,4.0,355.0,7.0,1.0,28.0,11.0,11.0,1.0,3.0,,,,,,,,,,,,,,,,,,,,,,,,,,
7437812,2017-2018,20,1514300400,Ended,Manchester United,Burnley,35,6,2.0,2.0,Old Trafford,Martin Atkinson,75046.0,157.0,21.0,29.0,0.0,2.0,41.0,14.0,10.0,7.0,3.0,25.0,1.0,1.0,270.0,1.0,2.0,18.0,2.0,3.0,1.0,7.0,534.0,33.0,71.0,11.0,12.0,59.0,10.0,13.0,6.0,0.0,33.0,2.0,0.0,638.0,7.0,6.0,24.0,15.0,24.0,9.0,3.0,,,,,,,,,,,,,,,,,,,,,,,,,,,,
7437907,2017-2018,20,1514309400,Ended,Liverpool,Swansea City,44,74,5.0,0.0,Anfield,Kevin Friend,52850.0,422.0,0.0,12.0,45.0,1.0,2.0,39.0,8.0,5.0,13.0,4.0,27.0,0.0,0.0,496.0,2.0,4.0,17.0,6.0,7.0,1.0,1.0,530.0,3.0,8.0,55.0,6.0,4.0,61.0,5.0,8.0,5.0,4.0,52.0,0.0,3.0,601.0,7.0,9.0,14.0,14.0,22.0,8.0,0.0,,,,,,,,,,,,,,,,,,,,,,,,,,
7437837,2017-2018,20,1514403900,Ended,Newcastle United,Manchester City,39,17,0.0,1.0,St James' Park,Andre Marriner,52311.0,4.0,18.0,736.0,1.0,15.0,78.0,64.0,2.0,2.0,4.0,8.0,10.0,13.0,50.0,89.0,3.0,6.0,9.0,3.0,1.0,37.0,4.0,11.0,4.0,824.0,12.0,6.0,19.0,9.0,12.0,22.0,10.0,15.0,9.0,0.0,3.0,25.0,133.0,0.0,22.0,22.0,54.0,0.0,0.0,1.0,3.0,12.0,11.0,50.0,33.0,1.0,11.0,4.0,14.0,5.0,29.0,0.0,11.0,4.0,228.0,3.0,2.0,19.0,23.0,3.0,6.0,3.0,14.0,5.0,1.0
7437865,2017-2018,20,1514491200,Ended,Crystal Palace,Arsenal,7,42,2.0,3.0,Selhurst Park,Michael Oliver,25762.0,553.0,2.0,20.0,66.0,4.0,4.0,49.0,7.0,12.0,13.0,0.0,46.0,0.0,3.0,654.0,3.0,9.0,22.0,10.0,16.0,6.0,1.0,249.0,1.0,23.0,34.0,5.0,5.0,51.0,12.0,7.0,6.0,6.0,45.0,0.0,1.0,336.0,9.0,2.0,34.0,10.0,16.0,6.0,1.0,,,,,,,,,,,,,,,,,,,,,,,,,,
7437912,2017-2018,21,1514646000,Ended,Huddersfield Town,Burnley,59,6,0.0,0.0,Accu Stadium,Paul Tierney,24095.0,179.0,24.0,44.0,2.0,4.0,47.0,14.0,14.0,12.0,1.0,38.0,0.0,3.0,294.0,5.0,4.0,29.0,9.0,11.0,2.0,1.0,284.0,31.0,56.0,0.0,5.0,53.0,14.0,12.0,8.0,4.0,38.0,0.0,0.0,384.0,2.0,1.0,28.0,0.0,3.0,3.0,2.0,,,,,,,,,,,,,,,,,,,,,,,,,,,,
7437842,2017-2018,21,1514646000,Ended,Newcastle United,Brighton & Hove Albion,39,30,0.0,0.0,St James' Park,Anthony Taylor,52209.0,396.0,31.0,55.0,2.0,6.0,51.0,10.0,10.0,7.0,2.0,33.0,0.0,2.0,505.0,5.0,3.0,21.0,6.0,10.0,4.0,2.0,292.0,28.0,45.0,4.0,3.0,49.0,11.0,10.0,7.0,3.0,34.0,0.0,1.0,411.0,5.0,2.0,36.0,4.0,11.0,7.0,2.0,,,,,,,,,,,,,,,,,,,,,,,,,,,,
7437900,2017-2018,21,1514646000,Ended,Bournemouth,Everton,60,48,2.0,1.0,Vitality Stadium,Lee Probert,10497.0,348.0,22.0,53.0,2.0,4.0,45.0,13.0,7.0,11.0,5.0,24.0,0.0,5.0,471.0,3.0,1.0,21.0,4.0,6.0,2.0,290.0,26.0,47.0,4.0,4.0,55.0,8.0,12.0,8.0,0.0,30.0,1.0,0.0,416.0,7.0,7.0,25.0,10.0,18.0,8.0,,,,,,,,,,,,,,,,,,,,,,,,,,,,,,
7437872,2017-2018,21,1514646000,Ended,Chelsea,Stoke City,38,29,5.0,0.0,Stamford Bridge,Kevin Friend,41433.0,395.0,1.0,5.0,42.0,0.0,0.0,52.0,10.0,3.0,13.0,7.0,40.0,0.0,2.0,474.0,0.0,1.0,11.0,1.0,1.0,0.0,1.0,592.0,2.0,13.0,58.0,2.0,7.0,48.0,5.0,9.0,3.0,1.0,28.0,0.0,3.0,653.0,7.0,12.0,18.0,9.0,21.0,12.0,1.0,,,,,,,,,,,,,,,,,,,,,,,,,,
7437831,2017-2018,21,1514655000,Ended,Manchester United,Southampton,35,45,0.0,0.0,Old Trafford,Craig Pawson,75051.0,329.0,1.0,13.0,46.0,1.0,7.0,48.0,13.0,12.0,9.0,3.0,42.0,0.0,2.0,423.0,4.0,3.0,16.0,7.0,8.0,1.0,4.0,427.0,0.0,23.0,54.0,7.0,10.0,52.0,12.0,12.0,6.0,3.0,37.0,0.0,1.0,500.0,5.0,3.0,18.0,8.0,15.0,7.0,2.0,,,,,,,,,,,,,,,,,,,,,,,,,,
7437892,2017-2018,15,1512235800,Ended,Arsenal,Manchester United,42,35,1.0,3.0,Emirates Stadium,Andre Marriner,59547.0,147.0,1.0,25.0,25.0,3.0,1.0,54.0,10.0,10.0,10.0,14.0,31.0,1.0,0.0,222.0,1.0,1.0,4.0,12.0,7.0,8.0,1.0,2.0,562.0,1.0,12.0,75.0,11.0,12.0,46.0,11.0,10.0,3.0,2.0,36.0,2.0,4.0,656.0,0.0,6.0,16.0,24.0,19.0,33.0,14.0,3.0,,,,,,,,,,,,,,,,,,,,,,,,
7437902,2017-2018,15,1512307800,Ended,Bournemouth,Southampton,60,45,1.0,1.0,Vitality Stadium,Jonathan Moss,10764.0,371.0,23.0,53.0,2.0,4.0,59.0,12.0,5.0,9.0,4.0,41.0,0.0,6.0,458.0,9.0,4.0,10.0,11.0,15.0,4.0,1.0,330.0,13.0,47.0,4.0,5.0,41.0,6.0,11.0,11.0,2.0,32.0,0.0,0.0,415.0,7.0,5.0,31.0,9.0,16.0,7.0,2.0,,,,,,,,,,,,,,,,,,,,,,,,,,,,
7437814,2017-2018,15,1512316800,Ended,Manchester City,West Ham United,17,37,2.0,1.0,Etihad Stadium,Mike Dean,54203.0,158.0,15.0,23.0,0.0,4.0,47.0,7.0,5.0,15.0,6.0,37.0,0.0,4.0,220.0,3.0,4.0,19.0,5.0,7.0,2.0,2.0,664.0,17.0,77.0,11.0,10.0,53.0,5.0,7.0,6.0,3.0,41.0,0.0,2.0,753.0,5.0,8.0,20.0,12.0,24.0,12.0,2.0,,,,,,,,,,,,,,,,,,,,,,,,,,,,
7437823,2017-2018,16,1512822600,Ended,West Ham United,Chelsea,37,38,1.0,0.0,London Stadium,Anthony Taylor,56953.0,586.0,18.0,70.0,9.0,3.0,50.0,10.0,10.0,5.0,1.0,48.0,0.0,2.0,683.0,8.0,2.0,23.0,11.0,19.0,8.0,1.0,219.0,14.0,30.0,2.0,4.0,50.0,10.0,10.0,11.0,2.0,53.0,0.0,3.0,299.0,1.0,2.0,21.0,3.0,5.0,2.0,6.0,,,,,,,,,,,,,,,,,,,,,,,,,,,,
7437925,2017-2018,16,1512831600,Ended,Huddersfield Town,Brighton & Hove Albion,59,30,2.0,0.0,Accu Stadium,Stuart Attwell,24018.0,267.0,22.0,42.0,3.0,1.0,40.0,10.0,6.0,11.0,4.0,28.0,0.0,5.0,391.0,2.0,2.0,29.0,2.0,7.0,5.0,403.0,35.0,58.0,5.0,8.0,60.0,6.0,10.0,6.0,2.0,39.0,0.0,1.0,541.0,8.0,6.0,28.0,12.0,19.0,7.0,,,,,,,,,,,,,,,,,,,,,,,,,,,,,,
7437807,2017-2018,16,1512831600,Ended,Burnley,Watford,6,24,1.0,0.0,Turf Moor,Lee Probert,19479.0,276.0,34.0,51.0,1.0,5.0,47.0,12.0,10.0,5.0,4.0,24.0,0.0,3.0,394.0,1.0,8.0,2.0,20.0,7.0,11.0,4.0,0.0,251.0,41.0,49.0,1.0,3.0,53.0,10.0,12.0,10.0,2.0,25.0,0.0,6.0,377.0,0.0,2.0,5.0,18.0,4.0,8.0,4.0,1.0,,,,,,,,,,,,,,,,,,,,,,,,,,
7437908,2017-2018,16,1512831600,Ended,Swansea City,West Bromwich Albion,74,8,1.0,0.0,Swansea.com Stadium,Mike Dean,19580.0,298.0,28.0,46.0,3.0,3.0,44.0,18.0,8.0,12.0,2.0,27.0,1.0,2.0,396.0,3.0,1.0,30.0,5.0,7.0,2.0,5.0,365.0,21.0,54.0,7.0,6.0,56.0,8.0,18.0,7.0,1.0,50.0,1.0,1.0,461.0,8.0,3.0,25.0,8.0,18.0,10.0,2.0,,,,,,,,,,,,,,,,,,,,,,,,,,,,
7437878,2017-2018,16,1512831600,Ended,Tottenham Hotspur,Stoke City,33,29,5.0,1.0,Wembley Stadium,Roger East,62202.0,172.0,0.0,21.0,30.0,0.0,6.0,53.0,9.0,12.0,9.0,7.0,35.0,0.0,2.0,268.0,1.0,3.0,12.0,4.0,4.0,0.0,0.0,579.0,4.0,19.0,70.0,3.0,12.0,47.0,12.0,8.0,4.0,2.0,31.0,0.0,7.0,657.0,6.0,11.0,17.0,13.0,20.0,8.0,1.0,,,,,,,,,,,,,,,,,,,,,,,,,,
7438099,2017-2018,16,1512840600,Ended,Newcastle United,Leicester City,39,31,2.0,3.0,St James' Park,Neil Swarbrick,52117.0,446.0,24.0,63.0,1.0,5.0,52.0,8.0,10.0,7.0,2.0,52.0,0.0,2.0,562.0,7.0,5.0,21.0,7.0,13.0,7.0,1.0,230.0,33.0,37.0,2.0,6.0,48.0,10.0,8.0,8.0,3.0,38.0,0.0,1.0,337.0,4.0,4.0,21.0,5.0,10.0,5.0,2.0,,,,,,,,,,,,,,,,,,,,,,,,,,,,
7437825,2017-2018,16,1512907200,Ended,Southampton,Arsenal,45,42,1.0,1.0,St. Mary's Stadium,Robert Madley,31643.0,664.0,0.0,12.0,67.0,1.0,5.0,51.0,10.0,11.0,4.0,3.0,33.0,0.0,1.0,758.0,4.0,6.0,19.0,6.0,11.0,5.0,2.0,296.0,1.0,9.0,33.0,1.0,4.0,49.0,12.0,9.0,3.0,5.0,35.0,1.0,4.0,375.0,2.0,3.0,13.0,3.0,6.0,3.0,2.0,,,,,,,,,,,,,,,,,,,,,,,,,,
7437844,2017-2018,16,1512915300,Ended,Liverpool,Everton,44,48,1.0,1.0,Anfield,Craig Pawson,53082.0,99.0,14.0,21.0,0.0,1.0,44.0,11.0,7.0,19.0,2.0,29.0,0.0,0.0,197.0,1.0,2.0,11.0,1.0,3.0,2.0,3.0,644.0,14.0,79.0,8.0,12.0,56.0,8.0,10.0,5.0,1.0,41.0,0.0,1.0,736.0,12.0,3.0,30.0,10.0,23.0,13.0,1.0,,,,,,,,,,,,,,,,,,,,,,,,,,,,
7437841,2017-2018,16,1512923400,Ended,Manchester United,Manchester City,35,17,1.0,2.0,Old Trafford,Michael Oliver,74847.0,502.0,3.0,20.0,65.0,4.0,8.0,54.0,10.0,15.0,6.0,4.0,48.0,0.0,0.0,606.0,3.0,7.0,20.0,7.0,14.0,7.0,2.0,225.0,0.0,13.0,35.0,1.0,2.0,46.0,16.0,10.0,10.0,5.0,46.0,0.0,4.0,329.0,2.0,5.0,20.0,6.0,8.0,2.0,4.0,,,,,,,,,,,,,,,,,,,,,,,,,,
7437808,2017-2018,17,1513107900,Ended,Burnley,Stoke City,6,29,1.0,0.0,Turf Moor,Mike Jones,19909.0,240.0,44.0,49.0,1.0,4.0,56.0,14.0,6.0,13.0,1.0,29.0,1.0,2.0,380.0,6.0,7.0,29.0,6.0,14.0,8.0,251.0,31.0,51.0,3.0,6.0,44.0,6.0,12.0,6.0,7.0,26.0,0.0,4.0,392.0,5.0,2.0,32.0,6.0,10.0,4.0,,,,,,,,,,,,,,,,,,,,,,,,,,,,,,
7437813,2017-2018,17,1513108800,Ended,Crystal Palace,Watford,7,24,2.0,1.0,Selhurst Park,Lee Mason,23566.0,242.0,16.0,47.0,2.0,6.0,43.0,18.0,14.0,10.0,2.0,39.0,0.0,0.0,352.0,1.0,3.0,2.0,24.0,5.0,7.0,2.0,3.0,318.0,35.0,53.0,4.0,4.0,57.0,14.0,18.0,8.0,1.0,37.0,0.0,3.0,415.0,0.0,6.0,4.0,21.0,8.0,14.0,6.0,2.0,,,,,,,,,,,,,,,,,,,,,,,,,,
7438101,2017-2018,17,1513108800,Ended,Huddersfield Town,Chelsea,59,38,1.0,3.0,Accu Stadium,Andre Marriner,24169.0,707.0,1.0,11.0,65.0,3.0,3.0,59.0,4.0,11.0,4.0,2.0,33.0,0.0,10.0,769.0,4.0,5.0,21.0,10.0,12.0,2.0,363.0,0.0,11.0,35.0,1.0,1.0,41.0,11.0,3.0,9.0,2.0,19.0,0.0,2.0,431.0,4.0,2.0,15.0,3.0,7.0,4.0,,,,,,,,,,,,,,,,,,,,,,,,,,,,
7437875,2017-2018,17,1513194300,Ended,Southampton,Leicester City,45,31,1.0,4.0,St. Mary's Stadium,Chris Kavanagh,27714.0,4.0,34.0,278.0,16.0,47.0,55.0,3.0,0.0,3.0,3.0,9.0,11.0,9.0,52.0,65.0,3.0,9.0,13.0,7.0,3.0,45.0,0.0,11.0,1.0,369.0,2.0,11.0,25.0,17.0,9.0,16.0,7.0,23.0,15.0,0.0,7.0,29.0,334.0,21.0,53.0,58.0,1.0,1.0,0.0,2.0,9.0,18.0,9.0,48.0,57.0,2.0,13.0,8.0,5.0,5.0,35.0,0.0,10.0,3.0,413.0,5.0,4.0,28.0,18.0,6.0,11.0,5.0,19.0,14.0,1.0
7437905,2017-2018,17,1513194300,Ended,Swansea City,Manchester City,74,17,0.0,4.0,Swansea.com Stadium,Anthony Taylor,20870.0,763.0,2.0,11.0,79.0,3.0,5.0,58.0,6.0,11.0,3.0,3.0,47.0,0.0,1.0,834.0,10.0,10.0,22.0,17.0,23.0,6.0,149.0,0.0,10.0,21.0,2.0,2.0,42.0,12.0,6.0,17.0,6.0,32.0,0.0,2.0,223.0,2.0,3.0,17.0,3.0,7.0,4.0,,,,,,,,,,,,,,,,,,,,,,,,,,,,
7437898,2017-2018,17,1513195200,Ended,Tottenham Hotspur,Brighton & Hove Albion,33,30,2.0,0.0,Wembley Stadium,Robert Madley,46438.0,4.0,22.0,161.0,20.0,25.0,55.0,0.0,0.0,1.0,2.0,10.0,5.0,43.0,43.0,0.0,10.0,5.0,10.0,5.0,23.0,0.0,17.0,1.0,248.0,2.0,4.0,20.0,37.0,5.0,7.0,2.0,13.0,9.0,1.0,6.0,25.0,663.0,20.0,75.0,53.0,1.0,1.0,11.0,10.0,8.0,11.0,57.0,98.0,5.0,5.0,10.0,2.0,4.0,36.0,2.0,6.0,3.0,749.0,6.0,8.0,28.0,4.0,14.0,25.0,11.0,15.0,9.0,1.0,,
7437890,2017-2018,17,1513195200,Ended,Liverpool,West Bromwich Albion,44,8,0.0,0.0,Anfield,Paul Tierney,53243.0,3.0,29.0,195.0,0.0,17.0,30.0,77.0,1.0,1.0,1.0,7.0,17.0,7.0,52.0,67.0,1.0,6.0,15.0,8.0,3.0,47.0,1.0,19.0,4.0,291.0,4.0,1.0,15.0,31.0,3.0,6.0,3.0,24.0,15.0,1.0,2.0,23.0,611.0,2.0,17.0,70.0,63.0,3.0,3.0,6.0,5.0,13.0,17.0,48.0,82.0,3.0,16.0,6.0,7.0,1.0,42.0,0.0,11.0,1.0,711.0,3.0,5.0,24.0,24.0,10.0,14.0,4.0,20.0,11.0,1.0
7437821,2017-2018,17,1513195200,Ended,West Ham United,Arsenal,37,42,0.0,0.0,London Stadium,Jonathan Moss,56921.0,7.0,45.0,607.0,0.0,19.0,70.0,68.0,11.0,7.0,7.0,15.0,52.0,83.0,2.0,9.0,8.0,6.0,0.0,40.0,1.0,16.0,0.0,704.0,8.0,3.0,21.0,24.0,10.0,22.0,12.0,17.0,11.0,0.0,2.0,24.0,214.0,2.0,20.0,30.0,71.0,2.0,1.0,12.0,15.0,48.0,46.0,1.0,9.0,9.0,14.0,3.0,35.0,1.0,17.0,4.0,300.0,4.0,0.0,21.0,38.0,4.0,6.0,2.0,11.0,5.0,2.0,,,,
7437833,2017-2018,17,1513195200,Ended,Manchester United,Bournemouth,35,60,1.0,0.0,Old Trafford,Graham Scott,74798.0,342.0,12.0,44.0,3.0,9.0,50.0,12.0,13.0,6.0,1.0,30.0,0.0,0.0,427.0,4.0,7.0,14.0,8.0,14.0,6.0,2.0,482.0,10.0,56.0,4.0,4.0,50.0,14.0,12.0,6.0,7.0,32.0,1.0,2.0,570.0,3.0,2.0,21.0,7.0,9.0,2.0,1.0,,,,,,,,,,,,,,,,,,,,,,,,,,,,
7437877,2017-2018,18,1513427400,Ended,Leicester City,Crystal Palace,31,7,0.0,3.0,King Power Stadium,Martin Atkinson,31081.0,275.0,22.0,44.0,4.0,4.0,52.0,13.0,11.0,12.0,2.0,56.0,0.0,368.0,0.0,3.0,6.0,22.0,10.0,13.0,3.0,2.0,357.0,23.0,56.0,4.0,6.0,48.0,12.0,13.0,5.0,3.0,50.0,0.0,452.0,1.0,5.0,2.0,27.0,8.0,11.0,3.0,4.0,,,,,,,,,,,,,,,,,,,,,,,,,,,,
7437899,2017-2018,18,1513436400,Ended,Brighton & Hove Albion,Burnley,30,6,0.0,0.0,American Express Stadium,Chris Kavanagh,29921.0,243.0,1.0,36.0,43.0,4.0,2.0,52.0,13.0,12.0,8.0,1.0,31.0,0.0,2.0,358.0,0.0,7.0,15.0,8.0,11.0,3.0,2.0,375.0,0.0,32.0,57.0,4.0,8.0,48.0,13.0,13.0,4.0,6.0,31.0,1.0,2.0,475.0,6.0,2.0,33.0,8.0,12.0,4.0,4.0,,,,,,,,,,,,,,,,,,,,,,,,,,
7437942,2017-2018,18,1513436400,Ended,Watford,Huddersfield Town,24,59,1.0,4.0,Vicarage Road,Michael Oliver,20026.0,225.0,24.0,41.0,2.0,7.0,50.0,17.0,11.0,10.0,2.0,42.0,0.0,3.0,310.0,1.0,4.0,9.0,19.0,13.0,15.0,2.0,4.0,356.0,21.0,59.0,3.0,8.0,50.0,12.0,17.0,5.0,3.0,44.0,0.0,3.0,452.0,1.0,7.0,3.0,32.0,10.0,13.0,3.0,2.0,,,,,,,,,,,,,,,,,,,,,,,,,,
7437882,2017-2018,18,1513436400,Ended,Arsenal,Newcastle United,42,39,1.0,0.0,Emirates Stadium,Stuart Attwell,59379.0,4.0,36.0,201.0,0.0,38.0,29.0,67.0,0.0,0.0,4.0,5.0,10.0,8.0,53.0,66.0,1.0,9.0,12.0,11.0,4.0,41.0,0.0,14.0,2.0,299.0,4.0,2.0,11.0,41.0,4.0,10.0,6.0,21.0,12.0,1.0,3.0,40.0,649.0,2.0,26.0,71.0,65.0,2.0,2.0,7.0,7.0,13.0,21.0,47.0,61.0,2.0,13.0,8.0,8.0,2.0,45.0,0.0,12.0,1.0,761.0,11.0,5.0,21.0,24.0,18.0,23.0,5.0,17.0,6.0,2.0
7437828,2017-2018,18,1513436400,Ended,Chelsea,Southampton,38,45,1.0,0.0,Stamford Bridge,Roger East,41562.0,386.0,3.0,12.0,47.0,2.0,4.0,41.0,16.0,8.0,8.0,7.0,35.0,0.0,2.0,474.0,2.0,2.0,17.0,4.0,6.0,2.0,3.0,467.0,0.0,9.0,53.0,8.0,8.0,59.0,8.0,16.0,4.0,2.0,58.0,1.0,3.0,545.0,8.0,8.0,28.0,11.0,24.0,13.0,1.0,,,,,,,,,,,,,,,,,,,,,,,,,,
7437805,2017-2018,18,1513440000,Ended,Stoke City,West Ham United,29,37,0.0,3.0,bet365 Stadium,Graham Scott,29265.0,295.0,1.0,19.0,46.0,1.0,9.0,44.0,13.0,11.0,13.0,0.0,37.0,2.0,1.0,372.0,6.0,7.0,25.0,11.0,14.0,3.0,1.0,333.0,0.0,25.0,54.0,9.0,7.0,56.0,12.0,13.0,11.0,4.0,45.0,1.0,0.0,432.0,8.0,0.0,21.0,8.0,17.0,9.0,2.0,,,,,,,,,,,,,,,,,,,,,,,,,,
7437869,2017-2018,18,1513445400,Ended,Manchester City,Tottenham Hotspur,17,33,4.0,1.0,Etihad Stadium,Craig Pawson,54214.0,327.0,0.0,6.0,48.0,1.0,1.0,48.0,20.0,13.0,10.0,7.0,43.0,0.0,2.0,412.0,4.0,2.0,26.0,1.0,7.0,6.0,4.0,370.0,1.0,3.0,52.0,2.0,5.0,52.0,13.0,19.0,7.0,1.0,51.0,2.0,4.0,456.0,7.0,11.0,18.0,16.0,20.0,4.0,2.0,,,,,,,,,,,,,,,,,,,,,,,,,,
7437818,2017-2018,12,1511026200,Ended,Manchester United,Newcastle United,35,39,4.0,1.0,Old Trafford,Craig Pawson,75035.0,260.0,13.0,36.0,1.0,4.0,51.0,9.0,10.0,10.0,3.0,40.0,0.0,1.0,344.0,6.0,5.0,12.0,6.0,12.0,6.0,1.0,542.0,14.0,64.0,3.0,11.0,49.0,10.0,9.0,9.0,4.0,36.0,0.0,1.0,620.0,6.0,7.0,26.0,14.0,16.0,2.0,1.0,,,,,,,,,,,,,,,,,,,,,,,,,,,,
7438102,2017-2018,12,1511107200,Ended,Watford,West Ham United,24,37,2.0,0.0,Vicarage Road,Andre Marriner,20018.0,336.0,1.0,23.0,42.0,0.0,1.0,50.0,10.0,13.0,9.0,5.0,28.0,0.0,3.0,434.0,4.0,6.0,24.0,8.0,10.0,2.0,4.0,515.0,0.0,22.0,58.0,2.0,3.0,50.0,13.0,9.0,4.0,5.0,29.0,0.0,0.0,614.0,8.0,7.0,12.0,12.0,17.0,5.0,1.0,,,,,,,,,,,,,,,,,,,,,,,,,,
7437891,2017-2018,12,1511208000,Ended,Brighton & Hove Albion,Stoke City,30,29,2.0,2.0,American Express Stadium,Lee Mason,29676.0,316.0,0.0,22.0,47.0,5.0,7.0,61.0,5.0,12.0,8.0,1.0,40.0,0.0,1.0,396.0,2.0,6.0,24.0,10.0,13.0,3.0,0.0,364.0,1.0,9.0,53.0,0.0,6.0,39.0,13.0,5.0,4.0,4.0,30.0,0.0,3.0,462.0,6.0,3.0,17.0,4.0,9.0,5.0,1.0,,,,,,,,,,,,,,,,,,,,,,,,,,
7438079,2017-2018,13,1511553600,Ended,West Ham United,Leicester City,37,31,1.0,1.0,London Stadium,Martin Atkinson,56897.0,313.0,23.0,51.0,0.0,5.0,46.0,12.0,9.0,9.0,3.0,42.0,0.0,1.0,404.0,5.0,2.0,21.0,3.0,7.0,4.0,1.0,300.0,28.0,49.0,1.0,5.0,54.0,9.0,12.0,8.0,1.0,47.0,0.0,0.0,381.0,3.0,4.0,27.0,7.0,8.0,1.0,1.0,,,,,,,,,,,,,,,,,,,,,,,,,,,,
7437885,2017-2018,13,1511622000,Ended,Swansea City,Bournemouth,74,60,0.0,0.0,Swansea.com Stadium,Stuart Attwell,20228.0,390.0,0.0,17.0,52.0,2.0,5.0,55.0,6.0,17.0,11.0,1.0,45.0,0.0,1.0,472.0,2.0,5.0,21.0,5.0,9.0,4.0,2.0,350.0,1.0,18.0,48.0,3.0,4.0,45.0,18.0,5.0,7.0,5.0,32.0,1.0,3.0,447.0,6.0,1.0,23.0,7.0,10.0,3.0,4.0,,,,,,,,,,,,,,,,,,,,,,,,,,
7437830,2017-2018,13,1511622000,Ended,Crystal Palace,Stoke City,7,29,2.0,1.0,Selhurst Park,Mike Dean,23723.0,327.0,1.0,15.0,46.0,1.0,2.0,52.0,5.0,9.0,8.0,3.0,42.0,0.0,1.0,425.0,6.0,3.0,38.0,6.0,10.0,4.0,1.0,379.0,0.0,14.0,54.0,3.0,5.0,48.0,9.0,4.0,8.0,2.0,39.0,1.0,2.0,492.0,2.0,5.0,38.0,8.0,10.0,2.0,1.0,,,,,,,,,,,,,,,,,,,,,,,,,,
7437870,2017-2018,13,1511622000,Ended,Tottenham Hotspur,West Bromwich Albion,33,8,1.0,1.0,Wembley Stadium,Mike Jones,65905.0,190.0,27.0,28.0,0.0,0.0,50.0,13.0,9.0,13.0,4.0,38.0,0.0,6.0,266.0,3.0,2.0,19.0,4.0,5.0,1.0,4.0,601.0,21.0,72.0,10.0,8.0,50.0,10.0,12.0,4.0,1.0,44.0,0.0,2.0,689.0,10.0,5.0,28.0,9.0,25.0,16.0,1.0,,,,,,,,,,,,,,,,,,,,,,,,,,,,
7437840,2017-2018,13,1511622000,Ended,Manchester United,Brighton & Hove Albion,35,30,1.0,0.0,Old Trafford,Neil Swarbrick,75018.0,311.0,2.0,14.0,42.0,3.0,0.0,47.0,9.0,9.0,8.0,4.0,32.0,0.0,1.0,404.0,3.0,2.0,17.0,4.0,8.0,4.0,2.0,478.0,0.0,14.0,58.0,4.0,5.0,53.0,9.0,9.0,7.0,2.0,37.0,0.0,2.0,565.0,7.0,4.0,22.0,8.0,15.0,8.0,0.0,,,,,,,,,,,,,,,,,,,,,,,,,,
7437888,2017-2018,13,1511631000,Ended,Liverpool,Chelsea,44,38,1.0,1.0,Anfield,Michael Oliver,53225.0,411.0,1.0,12.0,47.0,3.0,8.0,58.0,7.0,10.0,9.0,3.0,51.0,0.0,5.0,497.0,5.0,3.0,19.0,7.0,11.0,4.0,504.0,0.0,7.0,53.0,9.0,7.0,42.0,10.0,6.0,10.0,2.0,38.0,0.0,0.0,587.0,3.0,4.0,22.0,8.0,16.0,8.0,,,,,,,,,,,,,,,,,,,,,,,,,,,,
7438083,2017-2018,13,1511703000,Ended,Southampton,Everton,45,48,4.0,1.0,St. Mary's Stadium,Kevin Friend,30461.0,232.0,0.0,24.0,33.0,0.0,2.0,41.0,13.0,6.0,12.0,1.0,22.0,0.0,329.0,3.0,2.0,19.0,0.0,5.0,5.0,564.0,1.0,26.0,67.0,5.0,7.0,59.0,6.0,13.0,4.0,1.0,40.0,1.0,663.0,7.0,5.0,29.0,10.0,17.0,7.0,,,,,,,,,,,,,,,,,,,,,,,,,,,,,,
7437829,2017-2018,13,1511704800,Ended,Burnley,Arsenal,6,42,0.0,1.0,Turf Moor,Lee Mason,21722.0,531.0,24.0,64.0,7.0,5.0,51.0,14.0,8.0,4.0,2.0,33.0,0.0,3.0,636.0,9.0,2.0,20.0,9.0,18.0,9.0,0.0,269.0,19.0,36.0,3.0,5.0,49.0,8.0,14.0,11.0,1.0,35.0,1.0,4.0,350.0,3.0,2.0,9.0,3.0,8.0,5.0,2.0,,,,,,,,,,,,,,,,,,,,,,,,,,,,
7437909,2017-2018,13,1511712000,Ended,Huddersfield Town,Manchester City,59,17,1.0,2.0,Accu Stadium,Craig Pawson,24121.0,642.0,3.0,11.0,80.0,2.0,7.0,53.0,10.0,10.0,7.0,0.0,46.0,1.0,3.0,733.0,0.0,7.0,5.0,16.0,10.0,14.0,4.0,3.0,94.0,0.0,19.0,20.0,1.0,3.0,47.0,10.0,8.0,15.0,3.0,32.0,0.0,3.0,184.0,1.0,3.0,0.0,19.0,3.0,4.0,2.0,2.0,,,,,,,,,,,,,,,,,,,,,,,,
7438097,2017-2018,14,1511898300,Ended,Brighton & Hove Albion,Crystal Palace,30,7,0.0,0.0,American Express Stadium,Andre Marriner,29889.0,295.0,28.0,47.0,1.0,5.0,51.0,8.0,12.0,10.0,3.0,33.0,0.0,0.0,405.0,5.0,4.0,12.0,5.0,10.0,5.0,0.0,334.0,25.0,53.0,2.0,10.0,49.0,13.0,7.0,10.0,4.0,33.0,0.0,5.0,452.0,4.0,4.0,28.0,6.0,10.0,4.0,2.0,,,,,,,,,,,,,,,,,,,,,,,,,,,,
7438098,2017-2018,14,1511898300,Ended,Leicester City,Tottenham Hotspur,31,33,2.0,1.0,King Power Stadium,Anthony Taylor,31950.0,465.0,1.0,18.0,63.0,3.0,9.0,49.0,10.0,7.0,6.0,1.0,36.0,0.0,1.0,561.0,9.0,6.0,25.0,13.0,18.0,5.0,2.0,240.0,1.0,16.0,37.0,0.0,4.0,51.0,7.0,8.0,11.0,4.0,40.0,0.0,2.0,336.0,3.0,4.0,22.0,4.0,7.0,3.0,1.0,,,,,,,,,,,,,,,,,,,,,,,,,,
7437919,2017-2018,14,1511899200,Ended,West Bromwich Albion,Newcastle United,8,39,2.0,2.0,The Hawthorns,Lee Probert,25534.0,342.0,27.0,53.0,5.0,6.0,46.0,12.0,12.0,6.0,2.0,35.0,0.0,2.0,435.0,5.0,4.0,25.0,6.0,14.0,9.0,305.0,27.0,47.0,2.0,1.0,54.0,13.0,12.0,8.0,3.0,45.0,1.0,0.0,401.0,2.0,4.0,20.0,5.0,8.0,3.0,,,,,,,,,,,,,,,,,,,,,,,,,,,,,,
7437923,2017-2018,14,1511899200,Ended,Watford,Manchester United,24,35,2.0,4.0,Vicarage Road,Jonathan Moss,20552.0,2.0,31.0,257.0,16.0,41.0,63.0,2.0,2.0,0.0,5.0,5.0,11.0,13.0,50.0,48.0,4.0,10.0,12.0,10.0,1.0,38.0,0.0,10.0,346.0,3.0,7.0,25.0,38.0,8.0,15.0,7.0,14.0,10.0,1.0,4.0,18.0,411.0,16.0,59.0,68.0,1.0,0.0,1.0,4.0,5.0,11.0,14.0,50.0,62.0,3.0,12.0,9.0,7.0,2.0,39.0,1.0,13.0,496.0,5.0,3.0,25.0,24.0,8.0,12.0,4.0,16.0,12.0,2.0,,
7437916,2017-2018,14,1511984700,Ended,Bournemouth,Burnley,60,6,1.0,2.0,Vitality Stadium,Roger East,10302.0,247.0,18.0,38.0,4.0,6.0,48.0,11.0,9.0,9.0,1.0,34.0,1.0,1.0,345.0,2.0,4.0,21.0,5.0,10.0,5.0,1.0,453.0,27.0,62.0,5.0,4.0,52.0,9.0,11.0,5.0,2.0,30.0,0.0,0.0,567.0,4.0,2.0,28.0,6.0,11.0,5.0,0.0,,,,,,,,,,,,,,,,,,,,,,,,,,,,
7437874,2017-2018,14,1511984700,Ended,Chelsea,Swansea City,38,74,1.0,0.0,Stamford Bridge,Neil Swarbrick,41365.0,315.0,9.0,39.0,1.0,1.0,39.0,7.0,10.0,10.0,9.0,29.0,0.0,404.0,1.0,0.0,22.0,0.0,2.0,2.0,0.0,518.0,21.0,61.0,4.0,15.0,61.0,10.0,6.0,3.0,0.0,39.0,0.0,608.0,7.0,10.0,25.0,14.0,21.0,7.0,1.0,,,,,,,,,,,,,,,,,,,,,,,,,,,,,,
7437868,2017-2018,14,1511985600,Ended,Everton,West Ham United,48,37,4.0,0.0,Goodison Park,Michael Oliver,38242.0,406.0,22.0,57.0,1.0,6.0,51.0,6.0,16.0,4.0,1.0,43.0,1.0,1.0,511.0,3.0,3.0,30.0,5.0,7.0,2.0,1.0,325.0,26.0,43.0,1.0,2.0,49.0,16.0,6.0,6.0,3.0,36.0,0.0,2.0,411.0,2.0,5.0,21.0,6.0,8.0,2.0,2.0,,,,,,,,,,,,,,,,,,,,,,,,,,,,
7437822,2017-2018,14,1511985600,Ended,Manchester City,Southampton,17,45,2.0,1.0,Etihad Stadium,Paul Tierney,53407.0,157.0,13.0,26.0,2.0,5.0,48.0,11.0,12.0,14.0,10.0,35.0,1.0,1.0,270.0,3.0,2.0,13.0,7.0,7.0,0.0,1.0,668.0,19.0,74.0,6.0,6.0,52.0,12.0,11.0,3.0,1.0,34.0,0.0,1.0,778.0,8.0,12.0,29.0,11.0,26.0,15.0,1.0,,,,,,,,,,,,,,,,,,,,,,,,,,,,
7437834,2017-2018,14,1511985600,Ended,Stoke City,Liverpool,29,44,0.0,3.0,bet365 Stadium,Martin Atkinson,29423.0,445.0,1.0,25.0,61.0,4.0,9.0,46.0,10.0,8.0,4.0,1.0,33.0,1.0,2.0,548.0,3.0,7.0,23.0,7.0,14.0,7.0,5.0,244.0,0.0,34.0,39.0,5.0,5.0,54.0,8.0,9.0,7.0,4.0,35.0,0.0,4.0,349.0,4.0,1.0,24.0,5.0,10.0,5.0,1.0,,,,,,,,,,,,,,,,,,,,,,,,,,
7437819,2017-2018,15,1512217800,Ended,Chelsea,Newcastle United,38,39,3.0,1.0,Stamford Bridge,Kevin Friend,41538.0,299.0,0.0,10.0,35.0,2.0,4.0,38.0,13.0,8.0,7.0,6.0,31.0,0.0,1.0,390.0,4.0,2.0,16.0,3.0,8.0,5.0,1.0,647.0,5.0,20.0,65.0,6.0,11.0,62.0,8.0,12.0,5.0,1.0,48.0,1.0,2.0,743.0,8.0,9.0,18.0,18.0,23.0,5.0,0.0,,,,,,,,,,,,,,,,,,,,,,,,,,
7438100,2017-2018,15,1512226800,Ended,West Bromwich Albion,Crystal Palace,8,7,0.0,0.0,The Hawthorns,Michael Oliver,23531.0,271.0,31.0,49.0,5.0,7.0,51.0,10.0,10.0,12.0,7.0,35.0,0.0,1.0,380.0,3.0,2.0,24.0,7.0,10.0,3.0,1.0,288.0,27.0,51.0,6.0,3.0,49.0,11.0,10.0,8.0,2.0,37.0,0.0,3.0,395.0,8.0,6.0,29.0,15.0,20.0,5.0,3.0,,,,,,,,,,,,,,,,,,,,,,,,,,,,
7437824,2017-2018,15,1512226800,Ended,Everton,Huddersfield Town,48,59,2.0,0.0,Goodison Park,Chris Kavanagh,39167.0,281.0,29.0,53.0,0.0,5.0,52.0,9.0,12.0,4.0,2.0,41.0,0.0,0.0,396.0,2.0,3.0,31.0,3.0,5.0,2.0,1.0,252.0,40.0,47.0,1.0,2.0,48.0,12.0,9.0,11.0,3.0,25.0,0.0,1.0,367.0,1.0,4.0,33.0,3.0,6.0,3.0,2.0,,,,,,,,,,,,,,,,,,,,,,,,,,,,
7437895,2017-2018,15,1512226800,Ended,Leicester City,Burnley,31,6,1.0,0.0,King Power Stadium,Paul Tierney,30714.0,282.0,1.0,21.0,49.0,3.0,7.0,49.0,11.0,3.0,7.0,2.0,29.0,0.0,6.0,382.0,7.0,4.0,20.0,9.0,14.0,5.0,2.0,302.0,0.0,25.0,51.0,7.0,10.0,51.0,3.0,11.0,9.0,5.0,27.0,1.0,1.0,415.0,6.0,3.0,30.0,8.0,16.0,8.0,0.0,,,,,,,,,,,,,,,,,,,,,,,,,,
7437896,2017-2018,15,1512226800,Ended,Watford,Tottenham Hotspur,24,33,1.0,1.0,Vicarage Road,Martin Atkinson,20278.0,329.0,15.0,50.0,2.0,2.0,54.0,8.0,16.0,4.0,1.0,44.0,0.0,10.0,404.0,1.0,4.0,2.0,23.0,2.0,8.0,6.0,1.0,316.0,19.0,50.0,2.0,7.0,46.0,16.0,8.0,3.0,1.0,32.0,1.0,1.0,399.0,0.0,2.0,2.0,24.0,3.0,6.0,3.0,4.0,,,,,,,,,,,,,,,,,,,,,,,,,,
7437886,2017-2018,15,1512226800,Ended,Brighton & Hove Albion,Liverpool,30,44,1.0,5.0,American Express Stadium,Graham Scott,30634.0,583.0,1.0,13.0,58.0,2.0,2.0,50.0,7.0,8.0,7.0,1.0,33.0,0.0,2.0,662.0,4.0,6.0,21.0,8.0,12.0,5.0,0.0,398.0,0.0,16.0,42.0,1.0,2.0,50.0,8.0,6.0,7.0,2.0,30.0,0.0,0.0,489.0,3.0,2.0,12.0,6.0,6.0,0.0,1.0,,,,,,,,,,,,,,,,,,,,,,,,,,
7437864,2017-2018,9,1508603400,Ended,Southampton,West Bromwich Albion,45,8,1.0,0.0,St. Mary's Stadium,Graham Scott,29947.0,2.0,25.0,206.0,1.0,20.0,34.0,56.0,1.0,1.0,1.0,3.0,18.0,1.0,38.0,60.0,2.0,8.0,10.0,17.0,5.0,20.0,0.0,12.0,1.0,307.0,4.0,2.0,16.0,31.0,2.0,7.0,5.0,10.0,7.0,1.0,5.0,29.0,492.0,1.0,20.0,66.0,73.0,2.0,2.0,3.0,8.0,6.0,17.0,62.0,73.0,2.0,10.0,7.0,6.0,2.0,45.0,2.0,8.0,2.0,589.0,11.0,6.0,16.0,30.0,11.0,20.0,9.0,21.0,16.0,0.0
7437748,2017-2018,10,1509190200,Ended,Manchester United,Tottenham Hotspur,35,33,1.0,0.0,Old Trafford,Jonathan Moss,75034.0,394.0,1.0,13.0,56.0,4.0,3.0,48.0,14.0,11.0,7.0,2.0,29.0,0.0,1.0,509.0,5.0,4.0,29.0,6.0,13.0,7.0,0.0,283.0,0.0,16.0,44.0,3.0,6.0,52.0,12.0,14.0,6.0,4.0,30.0,1.0,2.0,405.0,5.0,3.0,28.0,8.0,11.0,3.0,1.0,,,,,,,,,,,,,,,,,,,,,,,,,,
7437791,2017-2018,10,1509199200,Ended,Watford,Stoke City,24,29,0.0,1.0,Vicarage Road,Michael Oliver,20087.0,150.0,1.0,32.0,30.0,1.0,1.0,54.0,9.0,10.0,8.0,0.0,29.0,1.0,2.0,249.0,3.0,2.0,26.0,2.0,6.0,4.0,4.0,456.0,0.0,22.0,70.0,8.0,8.0,46.0,10.0,9.0,7.0,1.0,30.0,0.0,4.0,561.0,7.0,0.0,29.0,11.0,15.0,4.0,4.0,,,,,,,,,,,,,,,,,,,,,,,,,,
7437741,2017-2018,10,1509199200,Ended,Crystal Palace,West Ham United,7,37,2.0,2.0,Selhurst Park,Robert Madley,25242.0,238.0,0.0,19.0,45.0,1.0,2.0,52.0,15.0,18.0,10.0,7.0,56.0,0.0,1.0,331.0,3.0,2.0,25.0,4.0,6.0,2.0,2.0,316.0,1.0,19.0,55.0,3.0,11.0,48.0,18.0,15.0,5.0,0.0,50.0,2.0,3.0,410.0,8.0,9.0,19.0,16.0,20.0,4.0,1.0,,,,,,,,,,,,,,,,,,,,,,,,,,
7437795,2017-2018,10,1509199200,Ended,West Bromwich Albion,Manchester City,8,17,2.0,3.0,The Hawthorns,Mike Jones,24003.0,843.0,2.0,17.0,79.0,2.0,2.0,53.0,7.0,10.0,3.0,2.0,41.0,0.0,1.0,929.0,8.0,5.0,15.0,7.0,15.0,8.0,3.0,151.0,1.0,12.0,21.0,2.0,1.0,47.0,10.0,7.0,10.0,2.0,39.0,0.0,5.0,254.0,1.0,4.0,17.0,5.0,7.0,2.0,2.0,,,,,,,,,,,,,,,,,,,,,,,,,,
7437767,2017-2018,10,1509199200,Ended,Liverpool,Huddersfield Town,44,59,3.0,0.0,Anfield,Kevin Friend,53268.0,174.0,10.0,27.0,0.0,2.0,46.0,8.0,8.0,10.0,5.0,27.0,0.0,1.0,280.0,1.0,0.0,27.0,0.0,1.0,1.0,1.0,660.0,14.0,73.0,2.0,9.0,54.0,10.0,8.0,2.0,0.0,30.0,2.0,0.0,766.0,6.0,8.0,24.0,12.0,16.0,4.0,0.0,,,,,,,,,,,,,,,,,,,,,,,,,,,,
7437775,2017-2018,10,1509199200,Ended,Arsenal,Swansea City,42,74,2.0,1.0,Emirates Stadium,Lee Mason,59493.0,218.0,1.0,8.0,28.0,0.0,2.0,44.0,9.0,9.0,18.0,3.0,27.0,0.0,1.0,300.0,2.0,2.0,17.0,3.0,4.0,1.0,701.0,0.0,17.0,72.0,4.0,5.0,56.0,9.0,9.0,2.0,1.0,28.0,1.0,2.0,805.0,8.0,5.0,23.0,12.0,17.0,5.0,,,,,,,,,,,,,,,,,,,,,,,,,,,,
7437792,2017-2018,10,1509208200,Ended,Bournemouth,Chelsea,60,38,0.0,1.0,Vitality Stadium,Craig Pawson,20087.0,569.0,15.0,59.0,6.0,5.0,58.0,5.0,5.0,5.0,1.0,26.0,0.0,5.0,653.0,7.0,5.0,17.0,13.0,18.0,5.0,0.0,376.0,12.0,41.0,3.0,5.0,42.0,5.0,5.0,10.0,4.0,18.0,0.0,0.0,459.0,3.0,1.0,25.0,5.0,7.0,2.0,2.0,,,,,,,,,,,,,,,,,,,,,,,,,,,,
7437783,2017-2018,10,1509283800,Ended,Brighton & Hove Albion,Southampton,30,45,1.0,1.0,American Express Stadium,Neil Swarbrick,30564.0,360.0,9.0,49.0,3.0,7.0,44.0,10.0,8.0,7.0,1.0,32.0,1.0,1.0,450.0,2.0,1.0,23.0,3.0,6.0,3.0,1.0,395.0,16.0,51.0,1.0,2.0,56.0,9.0,9.0,4.0,0.0,36.0,0.0,0.0,490.0,4.0,2.0,23.0,6.0,7.0,1.0,3.0,,,,,,,,,,,,,,,,,,,,,,,,,,,,
7437777,2017-2018,10,1509292800,Ended,Leicester City,Everton,31,48,2.0,0.0,King Power Stadium,Andre Marriner,31891.0,374.0,1.0,22.0,60.0,6.0,10.0,50.0,10.0,6.0,6.0,1.0,31.0,0.0,1.0,470.0,7.0,2.0,30.0,7.0,15.0,8.0,2.0,214.0,0.0,20.0,40.0,1.0,3.0,50.0,6.0,10.0,11.0,2.0,32.0,0.0,4.0,324.0,5.0,3.0,20.0,7.0,9.0,2.0,0.0,,,,,,,,,,,,,,,,,,,,,,,,,,
7437739,2017-2018,10,1509393600,Ended,Burnley,Newcastle United,6,39,1.0,0.0,Turf Moor,Mike Dean,21031.0,409.0,29.0,53.0,4.0,3.0,49.0,10.0,7.0,7.0,4.0,23.0,0.0,1.0,521.0,3.0,5.0,22.0,4.0,12.0,8.0,0.0,343.0,24.0,47.0,4.0,5.0,51.0,9.0,7.0,4.0,5.0,30.0,0.0,4.0,451.0,3.0,5.0,22.0,9.0,12.0,3.0,3.0,,,,,,,,,,,,,,,,,,,,,,,,,,,,
7437804,2017-2018,11,1509798600,Ended,Stoke City,Leicester City,29,31,2.0,2.0,bet365 Stadium,Robert Madley,29602.0,337.0,0.0,26.0,53.0,5.0,10.0,51.0,8.0,12.0,5.0,5.0,32.0,0.0,5.0,424.0,5.0,4.0,24.0,10.0,14.0,4.0,284.0,1.0,27.0,47.0,1.0,4.0,49.0,12.0,8.0,9.0,2.0,29.0,0.0,0.0,379.0,3.0,7.0,28.0,9.0,11.0,2.0,,,,,,,,,,,,,,,,,,,,,,,,,,,,
7437921,2017-2018,11,1509807600,Ended,Huddersfield Town,West Bromwich Albion,59,8,1.0,0.0,Accu Stadium,Roger East,24069.0,330.0,1.0,17.0,50.0,4.0,5.0,44.0,15.0,7.0,4.0,2.0,29.0,0.0,4.0,417.0,0.0,2.0,3.0,30.0,3.0,9.0,6.0,4.0,339.0,0.0,19.0,50.0,1.0,3.0,56.0,8.0,15.0,7.0,3.0,39.0,0.0,4.0,421.0,1.0,3.0,3.0,22.0,2.0,7.0,5.0,3.0,,,,,,,,,,,,,,,,,,,,,,,,
7437894,2017-2018,11,1509807600,Ended,Swansea City,Brighton & Hove Albion,74,30,0.0,1.0,Swansea.com Stadium,Mike Dean,20822.0,267.0,0.0,23.0,44.0,1.0,7.0,47.0,12.0,13.0,15.0,2.0,31.0,0.0,2.0,371.0,2.0,2.0,16.0,3.0,5.0,2.0,1.0,379.0,2.0,27.0,56.0,7.0,8.0,53.0,13.0,11.0,7.0,1.0,34.0,1.0,1.0,468.0,3.0,2.0,22.0,11.0,12.0,1.0,2.0,,,,,,,,,,,,,,,,,,,,,,,,,,
7437881,2017-2018,11,1509807600,Ended,Southampton,Burnley,45,6,0.0,1.0,St. Mary's Stadium,Lee Probert,30491.0,239.0,23.0,38.0,2.0,1.0,50.0,4.0,4.0,8.0,3.0,22.0,0.0,1.0,344.0,2.0,1.0,32.0,2.0,5.0,3.0,466.0,16.0,62.0,4.0,9.0,50.0,4.0,4.0,7.0,0.0,29.0,0.0,2.0,575.0,6.0,3.0,27.0,11.0,13.0,2.0,,,,,,,,,,,,,,,,,,,,,,,,,,,,,,
7437883,2017-2018,11,1509807600,Ended,Newcastle United,Bournemouth,39,60,0.0,1.0,St James' Park,Paul Tierney,52237.0,308.0,1.0,36.0,52.0,4.0,9.0,47.0,12.0,10.0,12.0,4.0,25.0,1.0,1.0,407.0,6.0,6.0,26.0,11.0,16.0,5.0,2.0,276.0,0.0,31.0,48.0,3.0,11.0,53.0,11.0,12.0,11.0,4.0,38.0,1.0,5.0,373.0,9.0,4.0,14.0,8.0,16.0,8.0,2.0,,,,,,,,,,,,,,,,,,,,,,,,,,
7437817,2017-2018,11,1509816600,Ended,West Ham United,Liverpool,37,44,1.0,4.0,London Stadium,Neil Swarbrick,56961.0,381.0,14.0,52.0,1.0,3.0,52.0,13.0,8.0,7.0,0.0,37.0,0.0,1.0,488.0,7.0,7.0,25.0,12.0,15.0,3.0,0.0,335.0,16.0,48.0,0.0,2.0,48.0,9.0,13.0,9.0,4.0,32.0,1.0,5.0,442.0,5.0,1.0,22.0,5.0,6.0,1.0,3.0,,,,,,,,,,,,,,,,,,,,,,,,,,,,
7437832,2017-2018,11,1509883200,Ended,Tottenham Hotspur,Crystal Palace,33,7,1.0,0.0,Wembley Stadium,Kevin Friend,65270.0,185.0,1.0,14.0,32.0,3.0,9.0,49.0,7.0,6.0,10.0,1.0,33.0,0.0,4.0,268.0,5.0,3.0,22.0,7.0,11.0,4.0,2.0,491.0,0.0,16.0,68.0,4.0,10.0,51.0,6.0,6.0,8.0,3.0,33.0,0.0,3.0,583.0,6.0,2.0,27.0,6.0,12.0,6.0,0.0,,,,,,,,,,,,,,,,,,,,,,,,,,
7437820,2017-2018,11,1509891300,Ended,Manchester City,Arsenal,17,42,3.0,1.0,Etihad Stadium,Michael Oliver,54286.0,369.0,0.0,5.0,42.0,0.0,5.0,42.0,15.0,14.0,7.0,3.0,34.0,0.0,3.0,450.0,3.0,3.0,27.0,3.0,6.0,3.0,6.0,544.0,2.0,5.0,58.0,2.0,5.0,58.0,15.0,15.0,3.0,2.0,49.0,0.0,3.0,624.0,2.0,5.0,16.0,7.0,9.0,2.0,1.0,,,,,,,,,,,,,,,,,,,,,,,,,,
7437811,2017-2018,11,1509899400,Ended,Everton,Watford,48,24,3.0,2.0,Goodison Park,Graham Scott,38609.0,356.0,34.0,63.0,2.0,5.0,55.0,12.0,14.0,4.0,2.0,41.0,0.0,1.0,472.0,6.0,3.0,36.0,7.0,11.0,4.0,2.0,196.0,25.0,37.0,2.0,2.0,45.0,14.0,12.0,16.0,1.0,36.0,0.0,5.0,294.0,2.0,5.0,21.0,7.0,9.0,2.0,0.0,,,,,,,,,,,,,,,,,,,,,,,,,,,,
7437866,2017-2018,11,1509899400,Ended,Chelsea,Manchester United,38,35,1.0,0.0,Stamford Bridge,Anthony Taylor,41615.0,301.0,0.0,19.0,46.0,5.0,7.0,47.0,20.0,16.0,13.0,7.0,33.0,0.0,396.0,3.0,2.0,29.0,3.0,10.0,7.0,3.0,370.0,1.0,17.0,54.0,4.0,4.0,53.0,16.0,19.0,7.0,2.0,41.0,0.0,471.0,6.0,8.0,27.0,12.0,18.0,6.0,1.0,,,,,,,,,,,,,,,,,,,,,,,,,,,,
7437887,2017-2018,12,1511008200,Ended,Arsenal,Tottenham Hotspur,42,33,2.0,0.0,Emirates Stadium,Mike Dean,59530.0,436.0,0.0,20.0,58.0,2.0,4.0,50.0,16.0,11.0,6.0,3.0,37.0,0.0,1.0,549.0,8.0,4.0,28.0,10.0,14.0,4.0,1.0,281.0,3.0,16.0,42.0,5.0,7.0,50.0,11.0,15.0,7.0,4.0,40.0,0.0,8.0,399.0,4.0,5.0,21.0,8.0,14.0,6.0,4.0,,,,,,,,,,,,,,,,,,,,,,,,,,
7437879,2017-2018,12,1511017200,Ended,Bournemouth,Huddersfield Town,60,59,4.0,0.0,Vitality Stadium,Lee Probert,10879.0,441.0,0.0,12.0,70.0,6.0,11.0,55.0,10.0,13.0,6.0,1.0,43.0,0.0,0.0,539.0,0.0,10.0,3.0,25.0,10.0,19.0,9.0,2.0,147.0,1.0,22.0,30.0,0.0,8.0,45.0,13.0,9.0,13.0,3.0,23.0,0.0,1.0,246.0,1.0,4.0,5.0,15.0,6.0,9.0,3.0,5.0,,,,,,,,,,,,,,,,,,,,,,,,
7437809,2017-2018,12,1511017200,Ended,Burnley,Swansea City,6,74,2.0,0.0,Turf Moor,Martin Atkinson,18895.0,379.0,22.0,61.0,4.0,6.0,49.0,12.0,11.0,6.0,6.0,36.0,0.0,1.0,471.0,9.0,1.0,25.0,8.0,14.0,6.0,1.0,204.0,24.0,39.0,6.0,8.0,51.0,12.0,10.0,14.0,1.0,36.0,0.0,3.0,296.0,4.0,7.0,16.0,12.0,17.0,5.0,1.0,,,,,,,,,,,,,,,,,,,,,,,,,,,,
7437914,2017-2018,12,1511017200,Ended,Liverpool,Southampton,44,45,3.0,0.0,Anfield,Mike Jones,53256.0,261.0,0.0,18.0,39.0,2.0,2.0,57.0,9.0,14.0,13.0,5.0,42.0,0.0,2.0,362.0,3.0,0.0,20.0,4.0,5.0,1.0,1.0,472.0,2.0,11.0,61.0,7.0,10.0,43.0,15.0,9.0,9.0,0.0,34.0,0.0,2.0,562.0,6.0,8.0,25.0,12.0,21.0,9.0,1.0,,,,,,,,,,,,,,,,,,,,,,,,,,
7437915,2017-2018,12,1511017200,Ended,West Bromwich Albion,Chelsea,8,38,0.0,4.0,The Hawthorns,Jonathan Moss,23592.0,529.0,2.0,13.0,62.0,2.0,4.0,49.0,12.0,12.0,6.0,2.0,41.0,0.0,1.0,610.0,2.0,7.0,15.0,8.0,11.0,3.0,3.0,307.0,1.0,19.0,38.0,0.0,3.0,51.0,13.0,9.0,5.0,3.0,37.0,0.0,3.0,378.0,5.0,2.0,18.0,5.0,7.0,2.0,2.0,,,,,,,,,,,,,,,,,,,,,,,,,,
7437782,2017-2018,6,1506184200,Ended,Leicester City,Liverpool,31,44,2.0,3.0,King Power Stadium,Anthony Taylor,32004.0,352.0,30.0,57.0,8.0,6.0,53.0,14.0,13.0,4.0,5.0,38.0,1.0,1.0,486.0,9.0,6.0,25.0,13.0,23.0,10.0,3.0,237.0,24.0,43.0,3.0,3.0,47.0,13.0,13.0,8.0,3.0,37.0,0.0,4.0,360.0,2.0,7.0,41.0,9.0,12.0,3.0,3.0,,,,,,,,,,,,,,,,,,,,,,,,,,,,
7437789,2017-2018,6,1506265200,Ended,Brighton & Hove Albion,Newcastle United,30,39,1.0,0.0,American Express Stadium,Andre Marriner,30468.0,3.0,13.0,365.0,21.0,51.0,46.0,2.0,2.0,5.0,8.0,9.0,11.0,45.0,51.0,4.0,8.0,6.0,9.0,2.0,30.0,1.0,12.0,0.0,458.0,7.0,5.0,28.0,29.0,9.0,17.0,8.0,14.0,10.0,1.0,3.0,38.0,339.0,33.0,49.0,52.0,0.0,0.0,2.0,2.0,8.0,6.0,55.0,58.0,2.0,6.0,8.0,11.0,5.0,29.0,0.0,11.0,1.0,438.0,2.0,3.0,25.0,40.0,5.0,7.0,2.0,16.0,8.0,2.0,,
7437774,2017-2018,6,1506366000,Ended,Arsenal,West Bromwich Albion,42,8,2.0,0.0,Emirates Stadium,Robert Madley,59134.0,188.0,1.0,21.0,31.0,1.0,4.0,43.0,17.0,6.0,9.0,4.0,32.0,1.0,272.0,3.0,3.0,16.0,4.0,7.0,3.0,4.0,537.0,2.0,24.0,69.0,4.0,7.0,57.0,8.0,17.0,6.0,2.0,45.0,1.0,615.0,6.0,6.0,19.0,10.0,16.0,6.0,1.0,,,,,,,,,,,,,,,,,,,,,,,,,,,,
7437786,2017-2018,7,1506771000,Ended,Huddersfield Town,Tottenham Hotspur,59,33,0.0,4.0,Accu Stadium,Neil Swarbrick,24169.0,452.0,14.0,60.0,2.0,7.0,52.0,4.0,6.0,10.0,1.0,34.0,1.0,2.0,558.0,5.0,7.0,30.0,10.0,14.0,4.0,1.0,269.0,11.0,40.0,3.0,4.0,48.0,7.0,3.0,7.0,3.0,33.0,1.0,4.0,368.0,2.0,1.0,31.0,2.0,6.0,4.0,1.0,,,,,,,,,,,,,,,,,,,,,,,,,,,,
7437796,2017-2018,7,1506780000,Ended,West Bromwich Albion,Watford,8,24,2.0,2.0,The Hawthorns,Michael Oliver,24606.0,464.0,0.0,27.0,66.0,6.0,6.0,47.0,11.0,12.0,6.0,2.0,41.0,0.0,1.0,552.0,6.0,3.0,22.0,9.0,15.0,6.0,0.0,205.0,1.0,31.0,34.0,2.0,7.0,53.0,12.0,11.0,12.0,1.0,46.0,0.0,1.0,295.0,3.0,4.0,11.0,7.0,9.0,2.0,3.0,,,,,,,,,,,,,,,,,,,,,,,,,,
7437734,2017-2018,7,1506780000,Ended,Stoke City,Southampton,29,45,2.0,1.0,bet365 Stadium,Mike Jones,29285.0,533.0,2.0,21.0,71.0,6.0,6.0,52.0,10.0,11.0,2.0,5.0,40.0,0.0,3.0,620.0,12.0,3.0,20.0,16.0,21.0,5.0,2.0,171.0,0.0,29.0,29.0,10.0,5.0,48.0,11.0,10.0,15.0,2.0,28.0,0.0,1.0,262.0,1.0,6.0,21.0,11.0,17.0,6.0,1.0,,,,,,,,,,,,,,,,,,,,,,,,,,
7437753,2017-2018,7,1506780000,Ended,West Ham United,Swansea City,37,74,1.0,0.0,London Stadium,Roger East,56922.0,412.0,19.0,57.0,2.0,1.0,44.0,13.0,14.0,5.0,3.0,32.0,0.0,0.0,501.0,3.0,1.0,29.0,1.0,6.0,5.0,2.0,287.0,24.0,43.0,2.0,2.0,56.0,15.0,13.0,5.0,1.0,41.0,1.0,1.0,375.0,3.0,4.0,29.0,7.0,9.0,2.0,3.0,,,,,,,,,,,,,,,,,,,,,,,,,,,,
7437794,2017-2018,7,1506780000,Ended,Bournemouth,Leicester City,60,31,0.0,0.0,Vitality Stadium,Graham Scott,10444.0,221.0,27.0,40.0,3.0,5.0,50.0,10.0,6.0,12.0,4.0,34.0,0.0,3.0,347.0,4.0,1.0,18.0,2.0,8.0,6.0,0.0,436.0,24.0,60.0,5.0,7.0,50.0,6.0,10.0,6.0,1.0,36.0,1.0,1.0,540.0,10.0,4.0,23.0,10.0,19.0,9.0,1.0,,,,,,,,,,,,,,,,,,,,,,,,,,,,
7437745,2017-2018,7,1506780000,Ended,Manchester United,Crystal Palace,35,7,4.0,0.0,Old Trafford,Mike Dean,75118.0,295.0,8.0,41.0,1.0,5.0,45.0,9.0,6.0,8.0,3.0,36.0,0.0,1.0,377.0,4.0,1.0,17.0,4.0,6.0,2.0,474.0,17.0,59.0,5.0,6.0,55.0,6.0,8.0,10.0,1.0,36.0,0.0,2.0,566.0,6.0,7.0,21.0,14.0,18.0,4.0,,,,,,,,,,,,,,,,,,,,,,,,,,,,,,
7437759,2017-2018,7,1506789000,Ended,Chelsea,Manchester City,38,17,0.0,1.0,Stamford Bridge,Martin Atkinson,41530.0,578.0,18.0,62.0,5.0,8.0,51.0,13.0,8.0,3.0,2.0,34.0,0.0,0.0,653.0,6.0,6.0,19.0,12.0,17.0,5.0,2.0,311.0,7.0,38.0,0.0,4.0,49.0,8.0,13.0,9.0,4.0,42.0,0.0,8.0,395.0,2.0,2.0,25.0,4.0,4.0,0.0,0.0,,,,,,,,,,,,,,,,,,,,,,,,,,,,
7437754,2017-2018,7,1506863700,Ended,Everton,Burnley,48,6,0.0,1.0,Goodison Park,Jonathan Moss,38448.0,179.0,0.0,35.0,37.0,2.0,3.0,57.0,7.0,12.0,18.0,4.0,36.0,0.0,1.0,295.0,1.0,2.0,18.0,5.0,5.0,0.0,2.0,398.0,1.0,32.0,63.0,8.0,9.0,43.0,14.0,6.0,6.0,1.0,21.0,0.0,1.0,501.0,13.0,4.0,15.0,10.0,25.0,15.0,2.0,,,,,,,,,,,,,,,,,,,,,,,,,,
7437776,2017-2018,7,1506871800,Ended,Newcastle United,Liverpool,39,44,1.0,1.0,St James' Park,Craig Pawson,52303.0,515.0,0.0,20.0,68.0,6.0,5.0,59.0,6.0,11.0,7.0,4.0,37.0,1.0,2.0,613.0,9.0,2.0,24.0,10.0,17.0,7.0,1.0,196.0,1.0,17.0,32.0,2.0,1.0,41.0,11.0,6.0,16.0,1.0,22.0,0.0,1.0,295.0,1.0,5.0,21.0,2.0,8.0,6.0,1.0,,,,,,,,,,,,,,,,,,,,,,,,,,
7437765,2017-2018,8,1507980600,Ended,Liverpool,Manchester United,44,35,0.0,0.0,Anfield,Martin Atkinson,52912.0,267.0,11.0,38.0,3.0,3.0,44.0,13.0,7.0,10.0,5.0,38.0,0.0,1.0,354.0,2.0,1.0,23.0,2.0,6.0,4.0,2.0,500.0,11.0,62.0,6.0,7.0,56.0,7.0,13.0,5.0,1.0,52.0,0.0,3.0,580.0,8.0,5.0,32.0,11.0,19.0,8.0,0.0,,,,,,,,,,,,,,,,,,,,,,,,,,,,
7437797,2017-2018,8,1507989600,Ended,Swansea City,Huddersfield Town,74,59,2.0,0.0,Swansea.com Stadium,Paul Tierney,20657.0,458.0,13.0,60.0,4.0,3.0,50.0,16.0,11.0,5.0,1.0,39.0,1.0,0.0,539.0,1.0,2.0,18.0,4.0,7.0,3.0,5.0,280.0,20.0,40.0,2.0,5.0,50.0,12.0,16.0,7.0,2.0,33.0,0.0,1.0,360.0,2.0,3.0,23.0,5.0,7.0,2.0,1.0,,,,,,,,,,,,,,,,,,,,,,,,,,,,
7437736,2017-2018,8,1507989600,Ended,Burnley,West Ham United,6,37,1.0,1.0,Turf Moor,Stuart Attwell,20945.0,189.0,0.0,25.0,38.0,1.0,4.0,43.0,14.0,9.0,17.0,4.0,23.0,0.0,1.0,285.0,1.0,1.0,6.0,18.0,3.0,8.0,5.0,4.0,356.0,1.0,30.0,62.0,7.0,7.0,57.0,11.0,14.0,3.0,5.0,33.0,1.0,2.0,454.0,0.0,8.0,5.0,21.0,8.0,20.0,12.0,2.0,,,,,,,,,,,,,,,,,,,,,,,,
7437770,2017-2018,8,1507989600,Ended,Tottenham Hotspur,Bournemouth,33,60,1.0,0.0,Wembley Stadium,Robert Madley,73502.0,169.0,16.0,28.0,1.0,5.0,42.0,7.0,8.0,12.0,5.0,21.0,0.0,1.0,254.0,3.0,1.0,19.0,4.0,5.0,1.0,3.0,613.0,19.0,72.0,8.0,9.0,58.0,9.0,7.0,6.0,2.0,33.0,0.0,3.0,688.0,4.0,6.0,32.0,9.0,18.0,9.0,1.0,,,,,,,,,,,,,,,,,,,,,,,,,,,,
7437744,2017-2018,8,1507989600,Ended,Manchester City,Stoke City,17,29,7.0,2.0,Etihad Stadium,Craig Pawson,54128.0,152.0,0.0,7.0,21.0,1.0,0.0,41.0,8.0,5.0,16.0,4.0,23.0,0.0,1.0,231.0,3.0,1.0,13.0,4.0,5.0,2.0,1.0,814.0,2.0,18.0,79.0,0.0,5.0,59.0,5.0,8.0,2.0,0.0,25.0,0.0,2.0,892.0,9.0,11.0,18.0,12.0,20.0,8.0,0.0,,,,,,,,,,,,,,,,,,,,,,,,,,
7437743,2017-2018,8,1507989600,Ended,Crystal Palace,Chelsea,7,38,2.0,1.0,Selhurst Park,Andre Marriner,25480.0,459.0,1.0,24.0,57.0,4.0,8.0,60.0,6.0,7.0,12.0,4.0,43.0,1.0,6.0,559.0,6.0,5.0,19.0,6.0,15.0,9.0,1.0,309.0,1.0,5.0,43.0,3.0,5.0,40.0,7.0,6.0,10.0,4.0,40.0,0.0,1.0,431.0,6.0,5.0,23.0,9.0,14.0,6.0,2.0,,,,,,,,,,,,,,,,,,,,,,,,,,
7437787,2017-2018,8,1507998600,Ended,Watford,Arsenal,24,42,2.0,1.0,Vicarage Road,Neil Swarbrick,20384.0,442.0,3.0,30.0,54.0,0.0,5.0,52.0,10.0,8.0,8.0,0.0,27.0,0.0,0.0,552.0,3.0,6.0,15.0,5.0,9.0,4.0,0.0,365.0,0.0,22.0,46.0,3.0,2.0,48.0,8.0,9.0,5.0,5.0,30.0,1.0,1.0,465.0,6.0,2.0,19.0,7.0,11.0,4.0,1.0,,,,,,,,,,,,,,,,,,,,,,,,,,
7437785,2017-2018,8,1508070600,Ended,Brighton & Hove Albion,Everton,30,48,1.0,1.0,American Express Stadium,Michael Oliver,30565.0,354.0,24.0,54.0,2.0,1.0,53.0,10.0,12.0,6.0,2.0,44.0,0.0,1.0,451.0,5.0,6.0,22.0,7.0,13.0,6.0,1.0,285.0,25.0,46.0,6.0,7.0,47.0,12.0,9.0,9.0,5.0,36.0,0.0,5.0,385.0,3.0,3.0,18.0,8.0,12.0,4.0,4.0,,,,,,,,,,,,,,,,,,,,,,,,,,,,
7437761,2017-2018,8,1508079600,Ended,Southampton,Newcastle United,45,39,2.0,2.0,St. Mary's Stadium,Kevin Friend,31437.0,260.0,18.0,39.0,6.0,8.0,46.0,12.0,11.0,7.0,0.0,34.0,1.0,0.0,347.0,8.0,5.0,19.0,12.0,19.0,7.0,2.0,495.0,28.0,61.0,4.0,3.0,54.0,11.0,12.0,8.0,2.0,34.0,0.0,1.0,583.0,6.0,2.0,24.0,7.0,12.0,5.0,1.0,,,,,,,,,,,,,,,,,,,,,,,,,,,,
7437769,2017-2018,8,1508180400,Ended,Leicester City,West Bromwich Albion,31,8,1.0,1.0,King Power Stadium,Mike Dean,30203.0,271.0,20.0,43.0,1.0,1.0,48.0,6.0,13.0,9.0,2.0,35.0,0.0,1.0,378.0,3.0,1.0,31.0,1.0,5.0,4.0,2.0,367.0,19.0,57.0,4.0,4.0,52.0,13.0,6.0,2.0,0.0,41.0,0.0,1.0,486.0,4.0,3.0,35.0,8.0,11.0,3.0,2.0,,,,,,,,,,,,,,,,,,,,,,,,,,,,
7437863,2017-2018,9,1508585400,Ended,Chelsea,Watford,38,24,4.0,2.0,Stamford Bridge,Jonathan Moss,41467.0,324.0,16.0,48.0,5.0,6.0,41.0,16.0,13.0,10.0,4.0,35.0,0.0,3.0,406.0,6.0,5.0,22.0,9.0,16.0,7.0,3.0,377.0,24.0,52.0,1.0,6.0,59.0,13.0,15.0,6.0,3.0,48.0,0.0,6.0,462.0,5.0,8.0,11.0,6.0,14.0,8.0,2.0,,,,,,,,,,,,,,,,,,,,,,,,,,,,
7437826,2017-2018,9,1508594400,Ended,Stoke City,Bournemouth,29,60,1.0,2.0,bet365 Stadium,Lee Probert,29500.0,282.0,1.0,20.0,48.0,1.0,3.0,53.0,10.0,17.0,15.0,2.0,39.0,0.0,1.0,391.0,3.0,3.0,23.0,5.0,7.0,2.0,1.0,287.0,0.0,23.0,52.0,2.0,8.0,47.0,17.0,9.0,7.0,1.0,30.0,0.0,4.0,407.0,6.0,3.0,30.0,9.0,11.0,2.0,0.0,,,,,,,,,,,,,,,,,,,,,,,,,,
7437847,2017-2018,9,1508594400,Ended,Newcastle United,Crystal Palace,39,7,1.0,0.0,St James' Park,Stuart Attwell,52251.0,261.0,27.0,45.0,3.0,5.0,54.0,14.0,12.0,8.0,2.0,41.0,0.0,1.0,365.0,7.0,0.0,31.0,7.0,10.0,3.0,2.0,361.0,23.0,55.0,3.0,3.0,46.0,12.0,14.0,11.0,0.0,35.0,0.0,0.0,453.0,1.0,3.0,22.0,3.0,7.0,4.0,4.0,,,,,,,,,,,,,,,,,,,,,,,,,,,,
7438096,2017-2018,9,1508594400,Ended,Swansea City,Leicester City,74,31,1.0,2.0,Swansea.com Stadium,Michael Oliver,20521.0,276.0,1.0,20.0,45.0,2.0,6.0,56.0,9.0,6.0,13.0,3.0,42.0,0.0,3.0,381.0,3.0,6.0,22.0,6.0,11.0,6.0,1.0,379.0,0.0,18.0,55.0,7.0,7.0,44.0,6.0,9.0,5.0,5.0,31.0,0.0,0.0,463.0,8.0,4.0,31.0,7.0,19.0,12.0,0.0,,,,,,,,,,,,,,,,,,,,,,,,,,
7437845,2017-2018,9,1508594400,Ended,Manchester City,Burnley,17,6,3.0,0.0,Etihad Stadium,Roger East,54118.0,150.0,6.0,23.0,3.0,5.0,44.0,6.0,9.0,5.0,7.0,29.0,0.0,2.0,227.0,3.0,0.0,16.0,1.0,6.0,5.0,3.0,723.0,13.0,77.0,1.0,4.0,56.0,10.0,6.0,4.0,0.0,31.0,0.0,1.0,803.0,4.0,10.0,26.0,12.0,15.0,3.0,2.0,,,,,,,,,,,,,,,,,,,,,,,,,,,,
7437924,2017-2018,9,1508594400,Ended,Huddersfield Town,Manchester United,59,35,2.0,1.0,Accu Stadium,Lee Mason,24426.0,643.0,15.0,78.0,3.0,7.0,44.0,12.0,10.0,6.0,1.0,36.0,0.0,3.0,741.0,3.0,3.0,28.0,6.0,9.0,3.0,2.0,116.0,15.0,22.0,2.0,4.0,56.0,10.0,12.0,10.0,2.0,49.0,0.0,2.0,210.0,0.0,3.0,13.0,4.0,5.0,1.0,4.0,,,,,,,,,,,,,,,,,,,,,,,,,,,,
7437762,2017-2018,3,1503837000,Ended,Chelsea,Everton,38,48,2.0,0.0,Stamford Bridge,Jonathan Moss,41382.0,355.0,10.0,44.0,2.0,3.0,49.0,7.0,11.0,5.0,5.0,35.0,0.0,437.0,5.0,0.0,20.0,3.0,7.0,4.0,2.0,500.0,16.0,56.0,7.0,6.0,51.0,12.0,7.0,6.0,0.0,31.0,0.0,583.0,4.0,7.0,26.0,8.0,18.0,10.0,2.0,,,,,,,,,,,,,,,,,,,,,,,,,,,,,,
7437780,2017-2018,3,1503846000,Ended,Tottenham Hotspur,Burnley,33,6,1.0,1.0,Wembley Stadium,Lee Mason,67862.0,193.0,1.0,27.0,33.0,2.0,7.0,58.0,9.0,9.0,8.0,4.0,31.0,0.0,6.0,272.0,8.0,3.0,13.0,11.0,13.0,2.0,503.0,1.0,15.0,67.0,17.0,10.0,42.0,9.0,9.0,13.0,2.0,27.0,0.0,1.0,588.0,6.0,5.0,14.0,15.0,28.0,13.0,,,,,,,,,,,,,,,,,,,,,,,,,,,,
7437766,2017-2018,3,1503846000,Ended,Liverpool,Arsenal,44,42,4.0,0.0,Anfield,Craig Pawson,53206.0,438.0,1.0,14.0,52.0,2.0,3.0,44.0,9.0,6.0,8.0,7.0,28.0,0.0,5.0,539.0,6.0,0.0,18.0,5.0,8.0,3.0,4.0,411.0,1.0,11.0,48.0,3.0,4.0,56.0,6.0,8.0,11.0,0.0,42.0,0.0,3.0,507.0,5.0,10.0,17.0,13.0,18.0,5.0,2.0,,,,,,,,,,,,,,,,,,,,,,,,,,
7437749,2017-2018,4,1504956600,Ended,Manchester City,Liverpool,17,44,5.0,0.0,Etihad Stadium,Jonathan Moss,54172.0,288.0,1.0,4.0,34.0,2.0,3.0,52.0,9.0,10.0,4.0,6.0,35.0,0.0,2.0,372.0,1.0,2.0,3.0,17.0,2.0,7.0,5.0,2.0,658.0,2.0,9.0,66.0,0.0,8.0,48.0,10.0,9.0,3.0,3.0,27.0,0.0,5.0,730.0,0.0,3.0,10.0,21.0,10.0,13.0,3.0,2.0,,,,,,,,,,,,,,,,,,,,,,,,
7437790,2017-2018,4,1504965600,Ended,Brighton & Hove Albion,West Bromwich Albion,30,8,3.0,1.0,American Express Stadium,Chris Kavanagh,30381.0,377.0,24.0,52.0,3.0,6.0,56.0,4.0,8.0,6.0,3.0,25.0,0.0,1.0,461.0,6.0,3.0,28.0,5.0,12.0,7.0,0.0,363.0,15.0,48.0,3.0,2.0,44.0,9.0,4.0,13.0,2.0,23.0,0.0,1.0,448.0,3.0,6.0,16.0,3.0,12.0,9.0,2.0,,,,,,,,,,,,,,,,,,,,,,,,,,,,
7437760,2017-2018,4,1504965600,Ended,Southampton,Watford,45,24,0.0,2.0,St. Mary's Stadium,Lee Probert,31435.0,276.0,23.0,48.0,4.0,4.0,52.0,11.0,8.0,5.0,1.0,37.0,0.0,1.0,384.0,5.0,3.0,26.0,4.0,12.0,8.0,304.0,19.0,52.0,5.0,7.0,48.0,8.0,11.0,11.0,1.0,36.0,0.0,2.0,423.0,3.0,1.0,32.0,4.0,9.0,5.0,,,,,,,,,,,,,,,,,,,,,,,,,,,,,,
7437756,2017-2018,4,1504965600,Ended,Everton,Tottenham Hotspur,48,33,0.0,3.0,Goodison Park,Graham Scott,38835.0,367.0,15.0,50.0,3.0,3.0,53.0,14.0,14.0,6.0,1.0,37.0,0.0,3.0,458.0,6.0,6.0,22.0,10.0,15.0,5.0,1.0,375.0,12.0,50.0,6.0,7.0,47.0,14.0,12.0,10.0,3.0,35.0,0.0,4.0,464.0,5.0,1.0,19.0,10.0,12.0,2.0,3.0,,,,,,,,,,,,,,,,,,,,,,,,,,,,
7437773,2017-2018,4,1504965600,Ended,Arsenal,Bournemouth,42,60,3.0,0.0,Emirates Stadium,Anthony Taylor,59262.0,291.0,0.0,18.0,42.0,0.0,3.0,48.0,10.0,12.0,5.0,6.0,30.0,1.0,0.0,401.0,5.0,2.0,27.0,6.0,7.0,1.0,1.0,464.0,1.0,18.0,58.0,4.0,10.0,52.0,14.0,9.0,5.0,2.0,33.0,0.0,4.0,583.0,4.0,9.0,26.0,11.0,17.0,6.0,0.0,,,,,,,,,,,,,,,,,,,,,,,,,,
7437779,2017-2018,4,1504965600,Ended,Leicester City,Chelsea,31,38,1.0,2.0,King Power Stadium,Lee Mason,30924.0,434.0,1.0,7.0,60.0,5.0,9.0,52.0,8.0,10.0,8.0,1.0,41.0,0.0,3.0,521.0,5.0,6.0,17.0,9.0,16.0,7.0,0.0,259.0,0.0,12.0,40.0,3.0,2.0,48.0,11.0,8.0,9.0,4.0,33.0,0.0,1.0,347.0,3.0,2.0,23.0,4.0,8.0,4.0,1.0,,,,,,,,,,,,,,,,,,,,,,,,,,
7437737,2017-2018,4,1504974600,Ended,Stoke City,Manchester United,29,35,2.0,2.0,bet365 Stadium,Neil Swarbrick,29320.0,490.0,2.0,16.0,64.0,5.0,11.0,46.0,10.0,9.0,7.0,3.0,28.0,0.0,4.0,564.0,5.0,8.0,24.0,11.0,18.0,7.0,252.0,0.0,13.0,36.0,1.0,5.0,54.0,10.0,10.0,7.0,7.0,38.0,0.0,1.0,332.0,4.0,5.0,13.0,6.0,10.0,4.0,,,,,,,,,,,,,,,,,,,,,,,,,,,,
7437735,2017-2018,4,1505046600,Ended,Burnley,Crystal Palace,6,7,1.0,0.0,Turf Moor,Michael Oliver,18862.0,342.0,17.0,65.0,13.0,13.0,49.0,14.0,7.0,8.0,1.0,43.0,0.0,1.0,450.0,6.0,4.0,33.0,12.0,23.0,11.0,1.0,160.0,23.0,35.0,0.0,3.0,51.0,7.0,14.0,10.0,3.0,39.0,0.0,8.0,254.0,2.0,2.0,24.0,3.0,4.0,1.0,1.0,,,,,,,,,,,,,,,,,,,,,,,,,,,,
7437781,2017-2018,4,1505055600,Ended,Swansea City,Newcastle United,74,39,0.0,1.0,Swansea.com Stadium,Mike Jones,20872.0,240.0,0.0,16.0,39.0,5.0,5.0,46.0,15.0,11.0,11.0,3.0,37.0,0.0,0.0,329.0,3.0,8.0,14.0,7.0,16.0,9.0,3.0,424.0,1.0,21.0,61.0,1.0,7.0,54.0,11.0,14.0,5.0,7.0,41.0,0.0,1.0,525.0,5.0,4.0,21.0,7.0,10.0,3.0,2.0,,,,,,,,,,,,,,,,,,,,,,,,,,
7437757,2017-2018,4,1505156400,Ended,West Ham United,Huddersfield Town,37,59,2.0,0.0,London Stadium,Kevin Friend,56977.0,330.0,26.0,57.0,7.0,3.0,47.0,14.0,11.0,11.0,2.0,38.0,1.0,1.0,426.0,1.0,2.0,20.0,4.0,10.0,6.0,2.0,216.0,34.0,43.0,6.0,10.0,53.0,11.0,12.0,4.0,2.0,37.0,1.0,0.0,311.0,10.0,3.0,27.0,10.0,19.0,9.0,1.0,,,,,,,,,,,,,,,,,,,,,,,,,,,,
7437800,2017-2018,5,1505502000,Ended,Bournemouth,Brighton & Hove Albion,60,30,2.0,1.0,Vitality Stadium,Craig Pawson,10369.0,290.0,0.0,17.0,38.0,2.0,4.0,46.0,12.0,4.0,13.0,1.0,36.0,1.0,1.0,390.0,5.0,2.0,23.0,5.0,9.0,4.0,573.0,2.0,23.0,62.0,7.0,6.0,54.0,5.0,12.0,7.0,0.0,40.0,0.0,1.0,647.0,5.0,3.0,16.0,5.0,15.0,10.0,,,,,,,,,,,,,,,,,,,,,,,,,,,,
7437742,2017-2018,5,1505561400,Ended,Crystal Palace,Southampton,7,45,0.0,1.0,Selhurst Park,Robert Madley,24199.0,404.0,20.0,55.0,5.0,5.0,50.0,13.0,13.0,11.0,3.0,36.0,0.0,1.0,503.0,4.0,4.0,17.0,8.0,13.0,5.0,1.0,311.0,20.0,45.0,2.0,5.0,50.0,14.0,13.0,9.0,3.0,37.0,0.0,0.0,410.0,9.0,3.0,17.0,10.0,14.0,4.0,5.0,,,,,,,,,,,,,,,,,,,,,,,,,,,,
7437771,2017-2018,5,1505570400,Ended,Newcastle United,Stoke City,39,29,2.0,1.0,St James' Park,Stuart Attwell,51795.0,304.0,0.0,22.0,58.0,2.0,5.0,48.0,11.0,12.0,8.0,1.0,37.0,0.0,1.0,405.0,7.0,4.0,43.0,7.0,13.0,6.0,1.0,207.0,1.0,23.0,42.0,5.0,7.0,52.0,13.0,11.0,13.0,3.0,41.0,0.0,2.0,291.0,6.0,3.0,22.0,8.0,14.0,6.0,3.0,,,,,,,,,,,,,,,,,,,,,,,,,,
7437803,2017-2018,5,1505570400,Ended,West Bromwich Albion,West Ham United,8,37,0.0,0.0,The Hawthorns,Paul Tierney,24942.0,414.0,15.0,64.0,3.0,3.0,61.0,7.0,14.0,7.0,1.0,30.0,1.0,2.0,487.0,5.0,1.0,22.0,4.0,9.0,5.0,2.0,212.0,6.0,36.0,2.0,2.0,39.0,15.0,7.0,13.0,1.0,23.0,0.0,3.0,290.0,3.0,1.0,17.0,4.0,6.0,2.0,2.0,,,,,,,,,,,,,,,,,,,,,,,,,,,,
7437802,2017-2018,5,1505570400,Ended,Huddersfield Town,Leicester City,59,31,1.0,1.0,Accu Stadium,Jonathan Moss,24169.0,247.0,27.0,41.0,5.0,4.0,50.0,6.0,6.0,4.0,2.0,27.0,0.0,1.0,344.0,4.0,1.0,35.0,7.0,10.0,3.0,1.0,383.0,24.0,59.0,6.0,8.0,50.0,6.0,6.0,7.0,0.0,30.0,0.0,3.0,486.0,6.0,3.0,33.0,7.0,15.0,8.0,1.0,,,,,,,,,,,,,,,,,,,,,,,,,,,,
7437799,2017-2018,5,1505570400,Ended,Watford,Manchester City,24,17,0.0,6.0,Vicarage Road,Anthony Taylor,20305.0,576.0,1.0,14.0,68.0,8.0,11.0,61.0,6.0,8.0,5.0,1.0,40.0,1.0,0.0,637.0,10.0,10.0,15.0,18.0,28.0,10.0,0.0,236.0,0.0,12.0,32.0,1.0,3.0,39.0,8.0,6.0,14.0,4.0,23.0,0.0,2.0,312.0,5.0,1.0,17.0,5.0,7.0,2.0,2.0,,,,,,,,,,,,,,,,,,,,,,,,,,
7437764,2017-2018,5,1505570400,Ended,Liverpool,Burnley,44,6,1.0,1.0,Anfield,Roger East,53231.0,183.0,15.0,29.0,0.0,2.0,49.0,9.0,7.0,17.0,8.0,20.0,0.0,5.0,277.0,1.0,4.0,10.0,4.0,5.0,1.0,2.0,581.0,8.0,71.0,12.0,12.0,51.0,7.0,8.0,4.0,2.0,28.0,1.0,1.0,676.0,14.0,9.0,29.0,18.0,35.0,17.0,1.0,,,,,,,,,,,,,,,,,,,,,,,,,,,,
7437768,2017-2018,5,1505579400,Ended,Tottenham Hotspur,Swansea City,33,74,0.0,0.0,Wembley Stadium,Mike Dean,65366.0,1.0,29.0,164.0,0.0,13.0,25.0,51.0,0.0,1.0,11.0,10.0,52.0,44.0,2.0,9.0,10.0,21.0,8.0,37.0,0.0,8.0,257.0,4.0,0.0,7.0,44.0,2.0,4.0,2.0,17.0,14.0,3.0,7.0,47.0,674.0,1.0,17.0,75.0,58.0,4.0,11.0,8.0,7.0,48.0,110.0,5.0,11.0,9.0,4.0,0.0,29.0,1.0,4.0,757.0,14.0,8.0,27.0,11.0,10.0,26.0,16.0,14.0,8.0,1.0,,,,,,
7437763,2017-2018,5,1505651400,Ended,Chelsea,Arsenal,38,42,0.0,0.0,Stamford Bridge,Michael Oliver,41478.0,411.0,0.0,20.0,50.0,4.0,1.0,49.0,15.0,11.0,9.0,4.0,36.0,1.0,2.0,520.0,0.0,5.0,2.0,15.0,6.0,11.0,5.0,3.0,416.0,1.0,17.0,50.0,6.0,5.0,51.0,11.0,15.0,9.0,2.0,42.0,0.0,4.0,532.0,1.0,3.0,4.0,26.0,7.0,13.0,6.0,2.0,,,,,,,,,,,,,,,,,,,,,,,,
7437751,2017-2018,5,1505660400,Ended,Manchester United,Everton,35,48,4.0,0.0,Old Trafford,Andre Marriner,75042.0,415.0,0.0,8.0,51.0,2.0,1.0,49.0,14.0,15.0,9.0,3.0,41.0,0.0,3.0,510.0,2.0,3.0,19.0,5.0,7.0,2.0,1.0,403.0,1.0,14.0,49.0,4.0,4.0,51.0,15.0,13.0,6.0,3.0,36.0,1.0,2.0,476.0,5.0,7.0,18.0,12.0,16.0,4.0,1.0,,,,,,,,,,,,,,,,,,,,,,,,,,
7437740,2017-2018,6,1506175200,Ended,Burnley,Huddersfield Town,6,59,0.0,0.0,Turf Moor,Chris Kavanagh,20759.0,316.0,0.0,22.0,48.0,2.0,4.0,50.0,14.0,9.0,5.0,3.0,39.0,0.0,3.0,417.0,5.0,2.0,31.0,2.0,9.0,7.0,2.0,333.0,1.0,26.0,52.0,1.0,3.0,50.0,9.0,13.0,7.0,2.0,34.0,0.0,5.0,456.0,1.0,2.0,31.0,1.0,4.0,3.0,3.0,,,,,,,,,,,,,,,,,,,,,,,,,,
7437788,2017-2018,6,1506175200,Ended,Swansea City,Watford,74,24,1.0,2.0,Swansea.com Stadium,Lee Mason,20372.0,340.0,29.0,50.0,2.0,4.0,49.0,16.0,8.0,8.0,2.0,36.0,0.0,3.0,433.0,2.0,4.0,22.0,4.0,8.0,4.0,3.0,323.0,23.0,50.0,4.0,5.0,51.0,9.0,16.0,4.0,2.0,45.0,0.0,0.0,429.0,3.0,3.0,24.0,8.0,10.0,2.0,1.0,,,,,,,,,,,,,,,,,,,,,,,,,,,,
7437758,2017-2018,6,1506175200,Ended,Everton,Bournemouth,48,60,2.0,1.0,Goodison Park,Martin Atkinson,38133.0,321.0,0.0,14.0,50.0,2.0,6.0,52.0,11.0,12.0,8.0,0.0,35.0,0.0,1.0,415.0,2.0,4.0,20.0,3.0,8.0,5.0,1.0,334.0,1.0,15.0,50.0,4.0,4.0,48.0,12.0,11.0,5.0,3.0,31.0,1.0,3.0,426.0,5.0,3.0,25.0,9.0,12.0,3.0,3.0,,,,,,,,,,,,,,,,,,,,,,,,,,
7437747,2017-2018,6,1506175200,Ended,Manchester City,Crystal Palace,17,7,5.0,0.0,Etihad Stadium,Neil Swarbrick,53526.0,205.0,1.0,10.0,29.0,3.0,2.0,57.0,7.0,6.0,10.0,4.0,36.0,2.0,1.0,281.0,2.0,0.0,21.0,2.0,5.0,3.0,1.0,656.0,1.0,10.0,71.0,9.0,8.0,43.0,6.0,6.0,5.0,0.0,25.0,0.0,0.0,724.0,7.0,9.0,21.0,21.0,25.0,4.0,3.0,,,,,,,,,,,,,,,,,,,,,,,,,,
7437738,2017-2018,6,1506175200,Ended,Stoke City,Chelsea,29,38,0.0,4.0,bet365 Stadium,Mike Dean,29661.0,466.0,2.0,11.0,56.0,0.0,0.0,58.0,14.0,5.0,8.0,2.0,45.0,0.0,1.0,547.0,3.0,4.0,17.0,6.0,7.0,1.0,2.0,319.0,0.0,7.0,44.0,4.0,5.0,42.0,5.0,13.0,3.0,0.0,34.0,0.0,0.0,407.0,7.0,2.0,27.0,7.0,13.0,6.0,2.0,,,,,,,,,,,,,,,,,,,,,,,,,,
7437755,2017-2018,6,1506175200,Ended,Southampton,Manchester United,45,35,0.0,1.0,St. Mary's Stadium,Craig Pawson,31930.0,288.0,18.0,40.0,2.0,4.0,55.0,9.0,12.0,9.0,3.0,32.0,0.0,2.0,368.0,3.0,4.0,18.0,6.0,9.0,3.0,4.0,453.0,6.0,60.0,4.0,8.0,45.0,12.0,9.0,3.0,3.0,35.0,0.0,3.0,544.0,6.0,4.0,21.0,8.0,14.0,6.0,1.0,,,,,,,,,,,,,,,,,,,,,,,,,,,,
7437084,2017-2018,1,1502537400,Ended,Watford,Liverpool,24,44,3.0,3.0,Vicarage Road,Anthony Taylor,20407.0,352.0,0.0,25.0,55.0,1.0,3.0,52.0,8.0,13.0,7.0,1.0,39.0,1.0,1.0,477.0,8.0,5.0,27.0,13.0,14.0,1.0,3.0,277.0,1.0,22.0,45.0,1.0,3.0,48.0,14.0,8.0,12.0,2.0,38.0,0.0,3.0,395.0,4.0,4.0,26.0,6.0,9.0,3.0,0.0,,,,,,,,,,,,,,,,,,,,,,,,,,
7437080,2017-2018,1,1502546400,Ended,West Bromwich Albion,Bournemouth,8,60,1.0,0.0,The Hawthorns,Robert Madley,25011.0,5.0,25.0,527.0,0.0,18.0,71.0,51.0,0.0,0.0,5.0,2.0,15.0,5.0,60.0,98.0,4.0,3.0,15.0,10.0,5.0,34.0,0.0,5.0,0.0,612.0,2.0,2.0,14.0,17.0,5.0,9.0,4.0,16.0,13.0,1.0,6.0,26.0,157.0,2.0,12.0,29.0,58.0,1.0,1.0,1.0,8.0,6.0,1.0,40.0,59.0,1.0,15.0,2.0,8.0,2.0,22.0,0.0,14.0,2.0,242.0,9.0,6.0,30.0,26.0,11.0,16.0,5.0,19.0,15.0,3.0
7437085,2017-2018,1,1502546400,Ended,Crystal Palace,Huddersfield Town,7,59,0.0,3.0,Selhurst Park,Jonathan Moss,25448.0,199.0,1.0,16.0,44.0,0.0,9.0,41.0,19.0,7.0,10.0,4.0,40.0,0.0,2.0,306.0,3.0,6.0,30.0,7.0,9.0,3.0,3.0,304.0,0.0,18.0,56.0,3.0,12.0,59.0,7.0,19.0,3.0,4.0,61.0,0.0,0.0,391.0,7.0,4.0,19.0,10.0,14.0,4.0,1.0,,,,,,,,,,,,,,,,,,,,,,,,,,
7437082,2017-2018,1,1502546400,Ended,Southampton,Swansea City,45,74,0.0,0.0,St. Mary's Stadium,Mike Jones,31447.0,2.0,35.0,284.0,18.0,40.0,46.0,0.0,0.0,2.0,0.0,10.0,4.0,47.0,45.0,0.0,13.0,10.0,22.0,2.0,24.0,0.0,8.0,1.0,365.0,2.0,0.0,15.0,38.0,3.0,4.0,1.0,11.0,8.0,1.0,12.0,18.0,432.0,17.0,60.0,61.0,2.0,2.0,11.0,13.0,9.0,6.0,53.0,55.0,4.0,10.0,12.0,4.0,0.0,30.0,1.0,12.0,0.0,518.0,16.0,2.0,26.0,11.0,16.0,29.0,13.0,12.0,10.0,2.0,,
7437079,2017-2018,1,1502546400,Ended,Everton,Stoke City,48,29,1.0,0.0,Goodison Park,Neil Swarbrick,39045.0,211.0,0.0,25.0,39.0,2.0,7.0,58.0,10.0,13.0,8.0,3.0,39.0,0.0,6.0,292.0,6.0,1.0,27.0,4.0,9.0,5.0,1.0,392.0,1.0,19.0,61.0,2.0,6.0,42.0,13.0,10.0,10.0,1.0,28.0,0.0,2.0,497.0,3.0,4.0,24.0,5.0,9.0,4.0,1.0,,,,,,,,,,,,,,,,,,,,,,,,,,
7437076,2017-2018,1,1502546400,Ended,Chelsea,Burnley,38,6,2.0,3.0,Stamford Bridge,Craig Pawson,41616.0,8.0,35.0,241.0,22.0,38.0,39.0,0.0,0.0,1.0,5.0,9.0,2.0,53.0,55.0,2.0,11.0,15.0,10.0,4.0,24.0,1.0,13.0,1.0,320.0,0.0,4.0,5.0,7.0,42.0,8.0,10.0,2.0,8.0,4.0,3.0,4.0,31.0,446.0,17.0,62.0,50.0,2.0,2.0,7.0,8.0,5.0,5.0,47.0,61.0,3.0,16.0,11.0,4.0,2.0,24.0,0.0,9.0,2.0,521.0,2.0,6.0,6.0,13.0,22.0,7.0,19.0,12.0,10.0,8.0,5.0
7437078,2017-2018,1,1502555400,Ended,Brighton & Hove Albion,Manchester City,30,17,0.0,2.0,American Express Stadium,Michael Oliver,30415.0,691.0,2.0,13.0,79.0,5.0,10.0,48.0,9.0,6.0,4.0,2.0,22.0,1.0,1.0,768.0,5.0,4.0,17.0,7.0,14.0,8.0,2.0,130.0,0.0,13.0,21.0,2.0,3.0,52.0,6.0,8.0,11.0,3.0,25.0,0.0,6.0,213.0,2.0,2.0,18.0,4.0,6.0,2.0,0.0,,,,,,,,,,,,,,,,,,,,,,,,,,
7437081,2017-2018,1,1502627400,Ended,Newcastle United,Tottenham Hotspur,39,33,0.0,2.0,St James' Park,Andre Marriner,52077.0,628.0,3.0,15.0,74.0,7.0,7.0,55.0,10.0,6.0,5.0,2.0,32.0,1.0,1.0,702.0,0.0,5.0,6.0,26.0,10.0,18.0,8.0,2.0,157.0,1.0,16.0,26.0,0.0,5.0,45.0,6.0,9.0,7.0,4.0,23.0,0.0,2.0,245.0,1.0,4.0,2.0,26.0,6.0,6.0,0.0,1.0,,,,,,,,,,,,,,,,,,,,,,,,
7437083,2017-2018,1,1502636400,Ended,Manchester United,West Ham United,35,37,4.0,0.0,Old Trafford,Martin Atkinson,74928.0,316.0,0.0,13.0,45.0,2.0,1.0,46.0,7.0,19.0,13.0,1.0,43.0,1.0,4.0,397.0,6.0,1.0,13.0,6.0,9.0,3.0,2.0,417.0,5.0,23.0,55.0,8.0,11.0,54.0,19.0,7.0,7.0,1.0,42.0,1.0,1.0,493.0,8.0,5.0,21.0,13.0,21.0,8.0,2.0,,,,,,,,,,,,,,,,,,,,,,,,,,
7437724,2017-2018,2,1503142200,Ended,Swansea City,Manchester United,74,35,0.0,4.0,Swansea.com Stadium,Jonathan Moss,20862.0,523.0,1.0,11.0,59.0,3.0,5.0,48.0,11.0,12.0,10.0,0.0,41.0,2.0,0.0,601.0,6.0,8.0,13.0,10.0,17.0,7.0,1.0,315.0,0.0,19.0,41.0,0.0,3.0,52.0,12.0,11.0,8.0,4.0,37.0,1.0,1.0,406.0,5.0,0.0,23.0,3.0,5.0,2.0,1.0,,,,,,,,,,,,,,,,,,,,,,,,,,
7437726,2017-2018,2,1503151200,Ended,Burnley,West Bromwich Albion,6,8,0.0,1.0,Turf Moor,Martin Atkinson,19619.0,4.0,24.0,127.0,20.0,32.0,37.0,0.0,0.0,2.0,5.0,7.0,6.0,46.0,65.0,2.0,11.0,11.0,17.0,24.0,0.0,8.0,3.0,228.0,1.0,5.0,1.0,29.0,36.0,5.0,8.0,3.0,9.0,3.0,0.0,8.0,40.0,374.0,24.0,68.0,40.0,2.0,2.0,5.0,5.0,9.0,9.0,54.0,87.0,2.0,11.0,11.0,9.0,28.0,0.0,7.0,1.0,471.0,0.0,15.0,0.0,22.0,33.0,11.0,20.0,9.0,9.0,8.0,1.0,,
7438040,2017-2018,2,1503151200,Ended,Southampton,West Ham United,45,37,3.0,2.0,St. Mary's Stadium,Lee Mason,31424.0,192.0,1.0,25.0,34.0,2.0,2.0,61.0,10.0,18.0,12.0,2.0,36.0,1.0,0.0,287.0,1.0,6.0,8.0,13.0,13.0,16.0,3.0,1.0,487.0,0.0,16.0,66.0,3.0,7.0,39.0,18.0,10.0,8.0,6.0,23.0,2.0,1.0,569.0,0.0,6.0,5.0,16.0,7.0,14.0,7.0,1.0,,,,,,,,,,,,,,,,,,,,,,,,
7437729,2017-2018,2,1503151200,Ended,Leicester City,Brighton & Hove Albion,31,30,2.0,0.0,King Power Stadium,Lee Probert,31902.0,435.0,16.0,55.0,3.0,2.0,46.0,10.0,7.0,9.0,2.0,23.0,0.0,2.0,526.0,0.0,2.0,22.0,1.0,5.0,4.0,0.0,332.0,17.0,45.0,6.0,6.0,54.0,8.0,10.0,5.0,2.0,29.0,0.0,1.0,427.0,4.0,4.0,17.0,7.0,14.0,7.0,1.0,,,,,,,,,,,,,,,,,,,,,,,,,,,,
7437733,2017-2018,2,1503151200,Ended,Liverpool,Crystal Palace,44,7,1.0,0.0,Anfield,Kevin Friend,53138.0,181.0,13.0,28.0,1.0,2.0,46.0,13.0,12.0,10.0,12.0,43.0,0.0,4.0,273.0,2.0,1.0,20.0,3.0,4.0,1.0,3.0,603.0,20.0,72.0,5.0,4.0,54.0,12.0,13.0,5.0,1.0,47.0,0.0,2.0,712.0,5.0,13.0,23.0,13.0,23.0,10.0,1.0,,,,,,,,,,,,,,,,,,,,,,,,,,,,
7437725,2017-2018,2,1503160200,Ended,Stoke City,Arsenal,29,42,1.0,0.0,bet365 Stadium,Andre Marriner,29459.0,9.0,22.0,639.0,2.0,9.0,77.0,57.0,2.0,2.0,6.0,9.0,15.0,16.0,45.0,79.0,3.0,11.0,5.0,7.0,3.0,36.0,0.0,7.0,3.0,731.0,6.0,6.0,21.0,9.0,9.0,18.0,9.0,15.0,11.0,5.0,23.0,137.0,1.0,18.0,23.0,54.0,0.0,0.0,2.0,2.0,10.0,7.0,55.0,47.0,4.0,6.0,11.0,12.0,6.0,36.0,0.0,8.0,4.0,213.0,5.0,4.0,13.0,35.0,9.0,11.0,2.0,19.0,11.0,,
7437727,2017-2018,2,1503232200,Ended,Huddersfield Town,Newcastle United,59,39,1.0,0.0,Accu Stadium,Craig Pawson,24128.0,296.0,12.0,48.0,5.0,3.0,45.0,10.0,12.0,8.0,2.0,38.0,0.0,5.0,415.0,3.0,5.0,29.0,9.0,13.0,4.0,4.0,353.0,24.0,52.0,1.0,7.0,55.0,13.0,10.0,4.0,5.0,38.0,0.0,4.0,456.0,3.0,3.0,23.0,3.0,7.0,4.0,3.0,,,,,,,,,,,,,,,,,,,,,,,,,,,,
7437731,2017-2018,2,1503241200,Ended,Tottenham Hotspur,Chelsea,33,38,1.0,2.0,Wembley Stadium,Anthony Taylor,73587.0,195.0,16.0,33.0,3.0,3.0,54.0,21.0,14.0,9.0,6.0,52.0,1.0,280.0,4.0,2.0,8.0,6.0,9.0,3.0,3.0,501.0,12.0,67.0,6.0,14.0,46.0,14.0,20.0,5.0,0.0,47.0,1.0,592.0,6.0,6.0,25.0,11.0,18.0,8.0,4.0,,,,,,,,,,,,,,,,,,,,,,,,,,,,,,
7437728,2017-2018,2,1503342000,Ended,Manchester City,Everton,17,48,1.0,1.0,Etihad Stadium,Robert Madley,49108.0,198.0,12.0,35.0,0.0,1.0,43.0,9.0,7.0,17.0,5.0,29.0,0.0,3.0,301.0,1.0,5.0,2.0,31.0,4.0,7.0,3.0,4.0,461.0,22.0,65.0,4.0,7.0,57.0,7.0,8.0,6.0,1.0,33.0,1.0,0.0,560.0,1.0,9.0,6.0,29.0,10.0,19.0,9.0,3.0,,,,,,,,,,,,,,,,,,,,,,,,,,
7437784,2017-2018,3,1503756000,Ended,Watford,Brighton & Hove Albion,24,30,0.0,0.0,Vicarage Road,Graham Scott,20181.0,359.0,20.0,58.0,6.0,11.0,44.0,18.0,6.0,6.0,0.0,23.0,2.0,5.0,433.0,0.0,8.0,2.0,15.0,10.0,16.0,6.0,1.0,244.0,20.0,42.0,3.0,3.0,56.0,7.0,18.0,13.0,2.0,35.0,0.0,0.0,334.0,1.0,5.0,0.0,29.0,4.0,8.0,4.0,0.0,,,,,,,,,,,,,,,,,,,,,,,,,,
7437746,2017-2018,3,1503756000,Ended,Crystal Palace,Swansea City,7,74,0.0,2.0,Selhurst Park,Andre Marriner,23477.0,369.0,18.0,47.0,2.0,1.0,50.0,6.0,9.0,19.0,3.0,33.0,0.0,3.0,464.0,2.0,3.0,20.0,5.0,7.0,2.0,1.0,416.0,21.0,53.0,1.0,1.0,50.0,9.0,6.0,4.0,1.0,29.0,0.0,0.0,504.0,12.0,3.0,27.0,7.0,16.0,9.0,4.0,,,,,,,,,,,,,,,,,,,,,,,,,,,,
7437798,2017-2018,3,1503756000,Ended,Huddersfield Town,Southampton,59,45,0.0,0.0,Accu Stadium,Stuart Attwell,23548.0,382.0,2.0,18.0,56.0,0.0,4.0,47.0,10.0,10.0,8.0,6.0,34.0,0.0,3.0,502.0,3.0,3.0,28.0,3.0,6.0,3.0,1.0,265.0,0.0,25.0,44.0,6.0,5.0,53.0,10.0,10.0,10.0,2.0,34.0,0.0,0.0,378.0,4.0,6.0,27.0,12.0,16.0,4.0,0.0,,,,,,,,,,,,,,,,,,,,,,,,,,
7437778,2017-2018,3,1503756000,Ended,Newcastle United,West Ham United,39,37,3.0,0.0,St James' Park,Neil Swarbrick,52093.0,358.0,0.0,16.0,63.0,0.0,5.0,50.0,11.0,16.0,11.0,5.0,41.0,0.0,2.0,473.0,5.0,3.0,32.0,3.0,8.0,5.0,3.0,169.0,1.0,25.0,37.0,3.0,7.0,50.0,17.0,10.0,6.0,3.0,31.0,0.0,0.0,271.0,6.0,8.0,19.0,10.0,17.0,7.0,1.0,,,,,,,,,,,,,,,,,,,,,,,,,,
7437750,2017-2018,3,1503765000,Ended,Manchester United,Leicester City,35,31,2.0,0.0,Old Trafford,Michael Oliver,75021.0,208.0,0.0,24.0,31.0,2.0,3.0,54.0,7.0,8.0,11.0,5.0,39.0,0.0,3.0,300.0,5.0,4.0,14.0,5.0,11.0,6.0,2.0,576.0,1.0,22.0,69.0,8.0,9.0,46.0,8.0,6.0,6.0,4.0,32.0,0.0,2.0,662.0,7.0,7.0,19.0,12.0,22.0,10.0,1.0,,,,,,,,,,,,,,,,,,,,,,,,,,
7437793,2017-2018,3,1503837000,Ended,West Bromwich Albion,Stoke City,8,29,1.0,1.0,The Hawthorns,Anthony Taylor,22704.0,380.0,29.0,58.0,5.0,4.0,62.0,9.0,10.0,7.0,1.0,39.0,0.0,0.0,438.0,9.0,2.0,19.0,8.0,16.0,8.0,2.0,239.0,13.0,42.0,0.0,10.0,38.0,10.0,8.0,11.0,1.0,28.0,1.0,2.0,314.0,8.0,2.0,21.0,8.0,10.0,2.0,2.0,,,,,,,,,,,,,,,,,,,,,,,,,,,,
7438038,2017-2018,36,1525007700,Ended,West Ham United,Manchester City,37,17,1,4,London Stadium,Neil Swarbrick,56904,3,29,807,4,12,75,70,3,2,1,4,7,9,13,51,81,2,11,4,3,0,32,0,11,1,876,7,8,15,14,10,19,9,15,11,1,3,16,201,0,5,25,56,0,0,0,1,0,7,5,49,41,4,5,10,7,4,38,0,17,4,280,2,1,23,20,3,4,1,23,15,0
7438078,2017-2018,36,1525114800,Ended,Tottenham Hotspur,Watford,33,24,2,0,Wembley Stadium,Michael Oliver,52675,2,29,256,2,16,38,68,1,1,0,3,0,8,12,50,45,0,10,10,10,1,40,0,15,3,354,5,5,26,22,10,13,3,19,15,0,4,35,479,2,19,62,61,3,1,2,4,4,12,9,50,62,2,11,10,6,5,36,1,17,3,557,6,3,29,22,8,13,5,19,10,1
7438095,2017-2018,37,1525528800,Ended,Watford,Newcastle United,24,39,2,1,Vicarage Road,Roger East,20375,8,45,474,1,25,61,64,1,0,1,4,5,9,9,53,65,1,11,9,3,6,25,1,8,3,577,4,1,25,16,7,9,2,8,5,1,1,24,288,1,17,39,63,6,4,2,2,2,6,2,47,54,3,9,11,8,1,27,0,8,5,384,1,8,16,41,9,11,2,14,10,2
7438065,2017-2018,37,1525528800,Ended,Leicester City,West Ham United,31,37,0,2,King Power Stadium,Chris Kavanagh,32013,2,21,269,1,22,46,62,2,1,1,7,3,15,12,52,64,2,9,7,5,3,39,1,13,2,363,3,3,35,36,11,13,2,20,11,2,3,35,328,0,17,54,63,0,0,0,7,8,13,8,48,56,3,8,8,8,1,39,0,10,2,417,4,2,21,26,6,13,7,23,14,1
7438084,2017-2018,37,1525528800,Ended,West Bromwich Albion,Tottenham Hotspur,8,33,1,0,The Hawthorns,Mike Jones,23685,9,49,518,1,18,74,52,2,2,0,6,9,7,9,49,88,4,12,12,6,2,34,0,0,0,615,7,5,23,25,10,18,8,13,9,1,6,29,126,0,20,26,61,4,3,1,2,5,8,6,51,40,3,13,12,12,5,34,0,8,2,210,6,1,6,45,7,9,2,16,8,4
7769665,2017-2018,31,1525805100,Ended,Swansea City,Southampton,74,45,0,1,Swansea.com Stadium,Michael Oliver,20858,10,22,253,1,45,47,61,2,1,1,2,6,7,2,48,65,0,15,7,9,3,20,0,7,0,372,3,8,20,56,9,13,4,14,7,1,3,32,300,0,36,53,64,0,0,0,3,7,11,9,52,81,4,7,15,3,7,35,0,6,2,416,5,3,36,17,4,11,7,11,8,2
7769666,2017-2018,31,1525891500,Ended,Leicester City,Arsenal,31,42,3,1,King Power Stadium,Graham Scott,32095,4,35,386,1,12,60,60,3,2,1,3,6,11,14,49,51,2,12,6,11,7,38,1,11,1,477,1,4,7,21,22,12,14,2,18,13,2,3,27,241,0,14,40,71,4,2,2,3,6,13,10,51,52,4,7,12,5,6,38,0,18,6,310,0,6,10,18,20,9,19,10,16,13,2
7769669,2017-2018,35,1525891500,Ended,Chelsea,Huddersfield Town,38,59,1,1,Stamford Bridge,Lee Mason,38910,1,22,137,1,21,22,78,2,1,1,0,0,10,3,48,43,3,10,7,15,4,33,0,18,0,243,1,2,10,64,1,3,2,24,17,1,6,35,722,1,19,78,72,3,3,0,11,9,19,17,52,104,5,7,10,1,1,40,1,4,2,831,6,5,31,7,17,22,5,13,9,0
7769670,2017-2018,31,1525892400,Ended,Manchester City,Brighton & Hove Albion,17,30,3,1,Etihad Stadium,Paul Tierney,54013,1,26,240,0,10,26,52,2,1,1,0,3,7,4,36,36,0,7,5,11,4,23,0,16,2,301,3,3,16,25,4,6,2,14,12,1,4,20,784,1,21,74,61,1,0,1,4,4,6,15,64,98,4,5,7,5,2,37,1,14,1,854,8,7,21,8,12,19,7,14,12,0
7438080,2017-2018,38,1526220000,Ended,Swansea City,Stoke City,74,29,1,2,Swansea.com Stadium,Anthony Taylor,20673,3,37,336,1,22,42,67,3,1,2,1,0,11,5,52,46,2,9,9,7,9,35,0,18,5,414,2,5,11,43,5,8,3,21,12,2,6,38,472,2,11,58,59,4,3,1,11,6,11,16,48,84,4,12,9,4,3,41,0,8,1,544,5,11,18,4,19,27,8,16,12,1
7438043,2017-2018,38,1526220000,Ended,West Ham United,Everton,37,48,3,1,London Stadium,Graham Scott,56926,3,20,283,1,14,43,46,3,2,1,4,6,4,11,42,60,1,13,10,7,1,31,1,17,1,365,3,7,11,21,9,14,5,10,5,1,2,31,396,0,22,57,57,1,1,0,6,6,4,17,58,62,6,10,13,6,6,41,0,7,4,479,5,4,15,20,6,15,9,11,7,0
7438067,2017-2018,38,1526220000,Ended,Tottenham Hotspur,Leicester City,33,31,5,4,Wembley Stadium,Craig Pawson,77841,4,30,193,1,15,36,61,2,2,0,1,4,14,9,51,58,2,13,9,9,2,41,0,16,4,265,7,9,17,19,14,17,3,23,13,2,2,36,393,1,10,64,59,2,0,2,3,4,14,10,49,64,4,9,13,12,5,43,0,9,2,480,5,6,26,17,8,14,6,20,14,1
7438058,2017-2018,38,1526220000,Ended,Newcastle United,Chelsea,39,38,3,0,St James' Park,Martin Atkinson,52294,5,28,484,1,25,58,63,1,1,0,1,2,13,15,61,53,0,10,11,7,4,44,0,14,2,568,3,2,20,37,4,6,2,18,6,1,1,23,316,1,11,42,59,3,1,2,5,4,12,6,39,57,1,11,9,7,2,34,0,18,0,406,5,6,20,10,6,16,10,19,10,0
7438033,2017-2018,38,1526220000,Ended,Manchester United,Watford,35,24,1,0,Old Trafford,Lee Mason,75049,6,19,355,0,13,49,59,1,1,0,1,5,12,8,45,47,2,11,6,8,0,34,0,15,1,429,3,3,17,24,6,7,1,20,13,0,2,28,370,1,11,51,68,1,0,1,2,6,16,11,55,57,2,6,11,7,3,46,0,18,5,460,4,1,23,23,2,7,5,25,18,4
7438032,2017-2018,33,1523118600,Ended,Manchester City,Manchester United,17,35,2,3,Etihad Stadium,Martin Atkinson,54259,3,17,244,1,10,35,53,3,0,3,0,4,5,16,57,47,6,9,17,13,4,44,0,22,2,318,1,4,17,14,3,5,2,11,6,3,8,24,516,5,10,65,54,5,4,1,5,8,8,11,43,48,1,17,8,5,1,30,2,7,0,596,9,6,23,14,15,20,5,11,6,6
7438052,2017-2018,33,1523193300,Ended,Arsenal,Southampton,42,45,3,2,Emirates Stadium,Andre Marriner,59374,3,26,266,1,23,35,65,3,1,2,3,6,8,4,53,50,2,7,11,5,4,27,0,22,2,370,1,4,8,19,24,10,15,5,12,7,1,3,17,597,0,23,65,61,2,1,1,2,8,8,3,47,80,4,11,7,6,5,21,0,8,1,699,1,4,7,24,33,7,13,6,11,6,2
7438049,2017-2018,33,1523201400,Ended,Chelsea,West Ham United,38,37,1,1,Stamford Bridge,Kevin Friend,41324,0,27,308,2,7,40,78,0,0,0,3,6,10,7,37,64,2,11,7,15,5,31,0,15,2,409,0,2,14,19,3,5,2,17,12,1,10,24,504,1,27,60,76,2,1,1,6,10,8,14,63,72,2,7,11,3,1,38,1,11,2,594,11,6,20,18,15,23,8,14,11,0
7438030,2017-2018,34,1523714400,Ended,Burnley,Leicester City,6,31,2,1,Turf Moor,Martin Atkinson,21727,9,29,325,2,27,61,64,4,3,1,5,8,7,9,49,68,2,10,9,7,1,29,0,8,1,449,4,6,31,18,9,15,6,11,6,1,2,21,171,1,28,39,60,3,1,2,3,4,8,8,51,69,2,9,9,5,5,30,0,7,0,292,2,3,31,31,5,8,3,14,10,2
7438054,2017-2018,34,1523723400,Ended,Liverpool,Bournemouth,44,60,3,0,Anfield,Chris Kavanagh,52959,3,33,290,1,11,38,52,0,0,0,3,5,16,5,40,47,0,9,8,14,3,27,0,10,4,375,2,1,17,34,5,6,1,15,7,1,1,37,535,2,11,62,65,2,1,1,3,7,6,13,60,67,3,9,8,2,1,47,0,10,4,619,10,7,13,25,11,20,9,26,18,1
7438063,2017-2018,34,1523731500,Ended,Tottenham Hotspur,Manchester City,33,17,1,3,Wembley Stadium,Jonathan Moss,80811,3,40,426,4,14,52,62,4,1,3,6,7,14,13,43,54,3,12,11,7,2,37,1,14,1,511,5,6,18,31,10,17,7,14,9,4,3,28,371,1,9,48,63,0,0,0,4,5,8,25,57,63,2,11,12,5,3,58,0,17,5,464,1,3,20,15,4,8,4,22,15,3
7438064,2017-2018,34,1523795400,Ended,Newcastle United,Arsenal,39,42,2,1,St James' Park,Anthony Taylor,52210,3,34,590,1,20,72,78,2,1,1,4,5,14,9,53,61,2,9,11,6,2,45,0,9,2,695,8,3,22,13,8,15,7,25,15,0,1,22,173,2,21,28,62,1,0,1,2,2,16,6,47,48,1,11,8,12,2,36,1,15,1,274,2,4,18,29,6,8,2,22,16,1
7759901,2017-2018,35,1524077100,Ended,Bournemouth,Manchester United,60,35,0,2,Vitality Stadium,Graham Scott,10952,0,36,474,2,23,56,60,2,0,2,8,5,4,10,54,64,2,8,8,9,2,36,0,16,3,556,1,4,21,25,6,13,7,19,16,1,5,32,352,2,18,44,61,1,1,0,5,8,11,15,46,50,2,9,8,2,2,33,0,12,1,428,6,2,20,26,8,13,5,10,4,3
7438022,2017-2018,35,1524400200,Ended,Stoke City,Burnley,29,6,1,1,bet365 Stadium,Mike Dean,29532,8,38,303,0,42,57,69,2,1,1,4,8,12,4,49,101,6,5,15,5,2,27,0,5,0,428,5,7,25,33,11,16,5,9,6,1,4,28,189,1,40,43,63,1,1,0,1,3,5,10,51,86,1,15,4,12,6,32,1,6,2,326,4,3,29,41,4,8,4,18,13,2
7438036,2017-2018,35,1524411000,Ended,Manchester City,Swansea City,17,74,5,0,Etihad Stadium,Craig Pawson,54387,1,20,142,0,14,17,49,0,0,0,1,1,8,10,47,33,1,8,6,7,7,27,0,14,1,203,2,1,14,26,2,4,2,11,6,1,3,33,942,5,10,83,57,5,2,3,3,5,8,16,53,92,4,6,7,4,1,37,2,11,4,1015,4,12,10,8,12,19,7,14,10,0
7438056,2017-2018,36,1524924000,Ended,Newcastle United,West Bromwich Albion,39,8,0,1,St James' Park,David Coote,52283,6,31,227,2,21,36,64,1,0,1,1,1,13,12,45,76,2,13,8,16,2,37,0,14,2,342,6,2,32,32,6,9,3,18,13,3,11,30,467,2,28,64,62,2,2,0,6,5,12,9,55,85,3,8,11,9,1,43,1,11,0,580,9,2,27,15,9,17,8,23,13,1
7438028,2017-2018,36,1524924000,Ended,Crystal Palace,Leicester City,7,31,5,0,Selhurst Park,Mike Dean,25750,4,38,315,1,11,49,49,1,1,0,3,2,3,14,58,52,6,9,11,6,3,46,0,12,0,393,1,2,1,22,19,3,6,3,21,15,1,3,22,346,2,8,51,58,6,3,3,2,8,13,13,42,66,8,11,9,7,0,34,0,16,1,415,0,4,9,17,22,13,15,2,12,8,1
7437972,2017-2018,30,1520775000,Ended,Arsenal,Watford,42,24,3,0,Emirates Stadium,Martin Atkinson,59131,3,30,245,0,17,40,56,2,2,0,2,9,12,7,46,53,4,9,12,7,4,32,0,15,3,324,5,4,28,16,9,11,2,13,4,1,2,23,417,2,22,60,63,4,3,1,0,4,7,8,54,47,2,12,9,11,4,36,0,8,5,502,4,7,17,32,10,11,1,21,13,2
7437996,2017-2018,30,1520784000,Ended,Bournemouth,Tottenham Hotspur,60,33,1,4,Vitality Stadium,Mike Dean,10623,4,36,465,1,14,63,63,5,1,4,3,5,9,17,52,71,1,7,10,9,2,49,0,13,3,559,1,8,20,19,10,12,2,22,14,1,4,23,226,0,13,37,62,1,1,0,4,4,14,17,48,48,2,10,7,8,4,46,1,13,0,331,7,3,21,25,7,14,7,22,13,1
7437931,2017-2018,30,1520884800,Ended,Stoke City,Manchester City,29,17,0,2,bet365 Stadium,Jonathan Moss,29138,2,35,762,1,16,77,59,4,2,2,3,10,12,10,49,59,2,8,6,4,1,31,0,4,4,847,8,6,20,21,12,17,5,16,11,0,1,26,165,0,13,23,48,0,0,0,2,3,10,9,51,40,1,6,8,11,4,36,0,10,2,245,1,0,25,16,1,3,2,19,12,1
7438014,2017-2018,31,1521298800,Ended,Stoke City,Everton,29,48,1,2,bet365 Stadium,Martin Atkinson,30022,7,20,346,1,10,56,75,7,5,2,2,9,13,11,46,59,1,12,12,5,3,41,0,7,4,431,0,5,9,20,14,13,16,3,19,11,1,0,27,256,0,21,44,68,1,0,1,3,1,16,10,54,51,2,13,11,9,6,39,0,12,0,344,1,2,4,8,17,5,9,4,19,12,1
7438018,2017-2018,31,1521307800,Ended,Liverpool,Watford,44,24,5,0,Anfield,Anthony Taylor,53287,2,24,304,1,20,42,77,1,1,0,1,0,12,8,55,46,1,4,5,4,5,44,1,13,3,420,2,1,23,24,2,4,2,30,28,0,4,27,476,3,18,58,70,3,0,3,2,6,23,14,45,65,1,5,4,4,1,35,0,8,6,581,1,10,26,13,10,13,3,18,13,1
7438035,2017-2018,32,1522495800,Ended,Crystal Palace,Liverpool,7,44,1,2,Selhurst Park,Neil Swarbrick,25807,8,32,550,0,17,68,76,2,0,2,6,6,17,10,44,75,0,8,6,5,2,32,0,9,1,660,4,6,29,21,11,16,5,16,12,2,0,18,195,1,17,32,85,4,3,1,0,4,10,15,56,48,4,6,6,9,4,46,0,8,1,312,3,3,22,25,4,6,2,25,17,2
7438092,2017-2018,32,1522504800,Ended,West Bromwich Albion,Burnley,8,6,1,2,The Hawthorns,Lee Probert,23455,4,43,369,0,25,52,68,1,0,1,1,6,14,6,44,74,1,9,12,8,2,27,0,7,2,461,6,4,21,31,6,11,5,10,8,3,8,43,300,1,29,48,66,1,1,0,2,1,6,7,56,62,2,12,9,12,2,36,0,6,2,414,3,3,18,28,7,8,1,20,13,1
7438059,2017-2018,32,1522504800,Ended,Newcastle United,Huddersfield Town,39,59,1,0,St James' Park,Martin Atkinson,52261,4,28,222,0,17,37,62,2,2,0,2,3,11,6,53,72,1,10,9,13,2,38,0,16,1,339,2,0,22,34,1,4,3,24,18,4,4,31,467,2,18,63,76,4,3,1,6,3,9,4,47,79,2,9,10,4,0,30,0,15,3,582,9,3,30,27,10,18,8,16,11,1
7438090,2017-2018,32,1522504800,Ended,Brighton & Hove Albion,Leicester City,30,31,0,2,American Express Stadium,Chris Kavanagh,30629,2,22,340,0,21,54,61,1,0,1,0,1,6,7,51,60,3,13,11,14,3,32,0,11,1,448,1,2,4,18,29,5,6,1,14,10,6,4,30,273,1,15,46,71,3,3,0,5,6,7,12,49,67,4,11,13,3,2,36,0,12,6,374,0,7,3,31,21,9,15,6,11,6,2
7438050,2017-2018,32,1522585800,Ended,Arsenal,Stoke City,42,29,3,0,Emirates Stadium,Craig Pawson,59371,4,22,178,0,27,30,56,0,0,0,2,5,10,7,46,55,2,13,9,8,8,26,1,10,3,273,4,2,21,20,4,8,4,11,6,2,5,20,549,1,24,70,64,4,2,2,5,6,8,10,54,50,4,9,13,7,2,38,1,11,3,647,8,11,18,10,17,24,7,16,9,1
7438070,2017-2018,33,1523109600,Ended,Brighton & Hove Albion,Huddersfield Town,30,59,1,1,American Express Stadium,Anthony Taylor,30501,8,26,412,0,34,59,56,1,0,1,5,3,14,10,52,73,4,7,13,11,4,40,0,11,3,525,0,5,5,18,20,8,15,7,19,12,0,8,32,234,3,34,41,66,4,4,0,3,5,12,9,48,65,1,13,7,10,4,33,1,8,3,360,1,6,4,26,30,8,13,5,17,12,1
7438073,2017-2018,33,1523109600,Ended,Bournemouth,Crystal Palace,60,7,2,2,Vitality Stadium,Jonathan Moss,10710,2,27,355,1,17,47,65,1,1,0,4,3,3,11,55,47,1,9,8,9,3,33,0,23,1,445,3,6,16,35,7,13,6,15,11,2,14,37,380,0,18,53,65,2,1,1,4,11,2,7,45,66,3,8,9,6,4,23,0,9,3,472,12,5,26,12,15,21,6,7,5,2
7437973,2017-2018,27,1518358500,Ended,Newcastle United,Manchester United,39,35,1,0,St James' Park,Craig Pawson,52309,5,48,503,2,19,64,67,3,3,0,6,10,11,18,49,75,5,15,12,7,2,42,0,11,2,630,3,4,33,17,12,13,1,12,9,2,1,21,251,0,24,36,65,1,0,1,2,0,8,9,51,60,1,12,12,2,3,39,0,12,2,361,5,3,18,47,3,10,7,20,13,0
7437958,2017-2018,27,1518366600,Ended,Southampton,Liverpool,45,44,0,2,St. Mary's Stadium,Martin Atkinson,31915,2,20,399,2,20,48,72,4,2,2,4,1,12,11,46,56,0,8,5,7,4,29,0,11,0,510,8,4,28,22,11,16,5,14,9,2,5,37,427,0,21,52,77,2,2,0,0,3,12,15,54,51,2,5,7,13,2,37,0,16,5,545,2,4,26,11,5,6,1,15,9,1
7438005,2017-2018,28,1519484400,Ended,West Bromwich Albion,Huddersfield Town,8,59,1,2,The Hawthorns,Jonathan Moss,25920,2,22,231,1,31,47,76,1,0,1,5,3,9,8,57,79,3,9,11,10,2,48,0,7,5,360,4,7,24,38,8,16,8,29,17,1,3,35,274,0,27,53,76,2,1,1,2,6,19,11,43,79,4,11,9,5,5,33,0,12,7,405,5,3,29,30,6,10,4,13,7,1
7438007,2017-2018,28,1519484400,Ended,Bournemouth,Newcastle United,60,39,2,2,Vitality Stadium,Roger East,10808,1,25,234,1,29,37,66,5,3,2,5,1,12,7,55,64,3,10,12,11,3,40,0,13,4,338,6,4,17,50,7,15,8,21,15,4,6,42,449,0,23,63,59,2,1,1,4,8,16,9,45,82,2,12,10,8,2,34,0,10,0,551,9,5,30,22,10,18,8,16,12,1
7437983,2017-2018,28,1519484400,Ended,Liverpool,West Ham United,44,37,4,1,Anfield,Stuart Attwell,53256,0,25,235,2,17,32,69,0,0,0,1,2,23,9,45,45,2,7,7,13,8,35,1,9,2,337,2,4,21,34,6,7,1,19,13,2,6,21,609,5,19,68,74,7,5,2,2,8,12,11,55,80,1,7,7,5,3,44,2,8,1,712,7,12,18,19,14,21,7,27,21,0
7437955,2017-2018,28,1519567500,Ended,Manchester United,Chelsea,35,38,2,1,Old Trafford,Martin Atkinson,75060,2,28,475,2,9,56,76,2,1,1,3,4,12,15,50,51,5,12,13,5,3,50,1,6,6,552,4,7,14,15,8,14,6,22,12,2,5,28,352,0,13,44,70,2,0,2,4,3,14,13,50,53,4,13,12,4,6,45,0,18,1,432,1,5,13,18,8,10,2,20,14,2
7437969,2017-2018,28,1519933500,Ended,Arsenal,Manchester City,42,17,0,3,Emirates Stadium,Andre Marriner,58420,0,27,556,1,9,54,73,3,1,2,3,1,17,21,51,43,1,11,11,5,5,43,0,15,1,653,1,5,26,31,7,9,2,11,5,1,1,28,425,0,6,46,76,1,1,0,3,6,5,9,49,71,4,11,11,2,2,44,0,13,0,538,2,5,28,11,5,10,5,24,17,1
7437932,2017-2018,29,1520080200,Ended,Burnley,Everton,6,48,2,1,Turf Moor,Chris Kavanagh,20802,3,24,228,0,26,45,77,3,2,1,0,4,8,10,50,63,1,12,9,4,6,30,0,14,2,342,1,6,4,27,44,8,10,2,11,10,1,8,41,285,1,24,55,60,4,2,2,10,10,8,5,50,79,2,9,11,7,3,32,0,7,4,396,0,3,8,36,31,16,21,5,16,9,1
7438000,2017-2018,29,1520089200,Ended,Watford,West Bromwich Albion,24,8,1,0,Vicarage Road,Paul Tierney,20022,8,28,228,1,38,47,60,2,2,0,2,6,9,7,56,59,3,12,11,9,2,35,0,14,1,346,5,2,27,39,6,9,3,17,14,0,5,29,290,1,25,53,69,2,1,1,5,4,9,12,44,69,2,11,10,7,2,32,0,8,3,412,6,4,21,24,10,15,5,12,7,2
7437975,2017-2018,29,1520089200,Ended,Swansea City,West Ham United,74,37,4,1,Swansea.com Stadium,Martin Atkinson,20829,0,34,420,0,17,55,72,0,0,0,4,5,13,5,42,65,0,14,9,5,3,34,0,17,5,522,1,2,11,20,3,7,4,20,11,3,2,31,331,1,28,45,70,4,1,3,0,4,10,10,58,53,4,9,14,4,1,41,0,11,0,440,1,8,26,25,6,9,3,18,9,0
7437938,2017-2018,29,1520280000,Ended,Crystal Palace,Manchester United,7,35,2,3,Selhurst Park,Neil Swarbrick,25840,1,28,554,3,22,69,70,2,1,1,6,7,15,16,47,70,2,8,10,7,2,34,1,5,2,654,3,8,28,28,8,17,9,9,6,3,5,19,185,0,24,31,72,1,0,1,1,3,7,15,53,59,3,10,8,9,4,40,0,18,2,278,5,4,15,41,6,10,4,19,9,1
7437990,2017-2018,30,1520694000,Ended,Newcastle United,Southampton,39,45,3,0,St James' Park,Andre Marriner,52246,5,31,374,0,20,63,62,1,1,0,1,6,10,10,47,76,1,10,10,8,2,34,0,4,1,509,3,2,43,12,3,6,3,14,10,2,2,21,188,1,28,37,60,3,1,2,0,2,8,8,53,59,2,10,9,14,2,32,0,16,1,305,2,5,28,35,5,7,2,15,10,0
7437959,2017-2018,30,1520694000,Ended,West Ham United,Burnley,37,6,0,3,London Stadium,Lee Mason,56904,2,37,287,0,23,48,45,2,0,2,1,1,10,2,43,72,0,7,13,9,4,22,0,7,3,372,2,4,24,37,4,7,3,11,6,2,8,27,303,2,21,52,51,1,1,0,3,5,7,17,57,77,2,13,7,4,1,38,0,12,1,385,6,4,25,16,8,13,5,14,10,2
7437994,2017-2018,30,1520694000,Ended,West Bromwich Albion,Leicester City,8,31,1,4,The Hawthorns,Robert Madley,23558,6,35,363,3,30,56,67,4,1,3,3,6,7,12,56,79,0,7,5,8,1,34,0,11,2,474,5,6,32,24,9,14,5,17,8,3,2,26,267,0,18,44,54,0,0,0,1,7,9,8,44,73,1,6,7,10,3,32,1,7,1,362,3,2,30,16,2,6,4,17,10,1
7437945,2017-2018,24,1516469400,Ended,Manchester City,Newcastle United,17,39,3,1,Etihad Stadium,Paul Tierney,54452,2,21,114,1,16,19,44,2,1,1,1,0,14,10,40,39,0,10,4,14,6,31,0,19,2,193,1,4,16,41,5,6,1,18,13,1,4,33,723,0,17,81,60,2,0,2,2,18,12,22,60,94,6,5,10,1,3,54,1,5,4,799,10,9,22,20,13,21,8,23,9,0
7437977,2017-2018,24,1516651200,Ended,Swansea City,Liverpool,74,44,1,0,Swansea.com Stadium,Neil Swarbrick,20886,5,18,662,3,19,72,70,4,4,0,6,9,12,6,49,110,2,9,5,3,1,26,1,7,1,756,11,4,25,11,10,21,11,15,10,2,1,32,204,0,18,28,67,1,0,1,0,3,9,6,51,49,1,5,8,16,4,28,0,15,1,295,1,2,17,40,2,3,1,15,11,0
7437984,2017-2018,25,1517341500,Ended,Swansea City,Arsenal,74,42,3,1,Swansea.com Stadium,Lee Mason,20819,5,17,824,2,14,74,42,2,1,1,1,3,9,5,49,87,1,8,4,5,1,20,0,8,3,894,4,4,23,15,6,9,3,11,0,3,2,22,225,1,11,26,52,5,2,3,4,4,6,6,51,43,2,4,7,7,3,25,1,13,0,306,4,4,14,24,7,12,5,13,7,0
7437947,2017-2018,25,1517427900,Ended,Southampton,Brighton & Hove Albion,45,30,1,1,St. Mary's Stadium,Mike Dean,30034,1,40,215,0,39,34,64,1,0,1,3,2,9,13,59,63,2,10,8,16,2,41,0,16,4,315,4,2,14,35,5,9,4,20,9,1,7,26,484,1,18,66,65,2,2,0,7,7,5,16,41,73,4,8,9,5,1,37,1,12,0,588,8,3,26,16,7,18,11,12,8,3
7437997,2017-2018,26,1517670000,Ended,West Bromwich Albion,Southampton,8,45,2,3,The Hawthorns,Michael Oliver,25911,6,35,404,2,26,61,65,1,1,0,3,7,10,14,52,75,2,10,12,9,1,39,0,6,2,522,5,5,25,27,7,13,6,14,8,1,6,41,214,0,29,39,58,1,0,1,2,5,10,10,48,74,3,12,10,10,2,31,0,16,1,322,4,3,21,14,4,9,5,11,7,2
7438006,2017-2018,26,1517670000,Ended,Brighton & Hove Albion,West Ham United,30,37,3,1,American Express Stadium,Roger East,30589,6,24,283,0,28,46,50,1,1,0,1,1,4,11,59,61,1,7,10,13,2,38,0,18,3,380,2,1,25,36,4,4,0,17,12,1,7,37,338,1,24,54,63,2,1,1,5,4,11,9,41,71,0,11,7,5,0,21,0,6,3,452,11,5,40,15,14,21,7,8,5,3
7437988,2017-2018,26,1517670000,Ended,Leicester City,Swansea City,31,74,1,1,King Power Stadium,Anthony Taylor,31179,6,29,248,0,20,40,64,1,0,1,1,3,12,11,51,46,2,8,9,9,3,33,0,12,0,340,1,1,26,42,3,3,0,14,10,0,3,38,427,1,20,60,76,2,1,1,3,3,8,7,49,88,1,9,8,3,0,31,0,11,5,521,5,5,34,19,9,13,4,16,14,1
7437956,2017-2018,26,1517670000,Ended,Manchester United,Huddersfield Town,35,59,2,0,Old Trafford,Stuart Attwell,74742,3,22,190,0,18,26,61,0,0,0,3,2,10,4,40,39,0,19,5,7,5,31,0,14,0,265,1,0,8,33,3,4,1,22,16,4,7,37,697,2,14,74,60,2,1,1,5,5,16,27,60,81,8,5,19,5,0,61,0,10,4,786,4,7,23,17,9,16,7,15,9,2
7438107,2017-2018,26,1517679000,Ended,Arsenal,Everton,42,48,5,1,Emirates Stadium,Neil Swarbrick,59306,3,31,306,0,25,42,64,2,1,1,4,6,12,13,49,68,1,8,8,3,2,32,1,16,3,376,4,2,27,26,8,10,2,11,4,0,2,20,468,3,21,58,57,4,0,4,5,4,8,9,51,48,2,8,8,9,1,38,1,13,1,553,3,7,13,27,12,15,3,22,19,2
7437941,2017-2018,26,1517753700,Ended,Crystal Palace,Newcastle United,7,39,1,1,Selhurst Park,Andre Marriner,25746,4,31,253,0,19,46,64,1,0,1,2,6,14,3,37,51,1,8,11,13,4,23,0,17,3,363,2,8,21,30,7,12,5,11,7,1,8,36,335,1,31,54,66,4,3,1,4,5,9,15,63,90,3,11,8,5,7,42,0,11,4,424,10,6,36,25,14,20,6,20,11,1
7437981,2017-2018,26,1517761800,Ended,Liverpool,Tottenham Hotspur,44,33,2,2,Anfield,Jonathan Moss,53213,2,41,473,1,16,66,73,4,3,1,5,7,14,10,52,81,4,9,15,8,1,41,0,6,2,590,2,6,20,18,8,13,5,16,8,1,4,29,204,0,14,34,75,2,0,2,2,3,10,13,48,66,4,15,8,5,4,38,0,10,2,302,4,3,14,41,6,9,3,17,11,3
7437995,2017-2018,26,1517860800,Ended,Watford,Chelsea,24,38,4,1,Vicarage Road,Mike Dean,20157,1,33,422,0,16,55,62,1,1,0,2,2,12,12,49,46,1,8,10,10,4,38,0,9,1,512,1,2,3,12,21,5,7,2,16,10,4,6,31,326,1,20,45,61,2,0,2,4,6,10,12,51,49,2,11,7,4,2,36,0,17,1,407,0,9,8,21,11,11,21,10,19,10,2
7437982,2017-2018,27,1518265800,Ended,Tottenham Hotspur,Arsenal,33,42,1,0,Wembley Stadium,Anthony Taylor,83222,3,27,413,1,13,50,68,1,1,0,2,2,10,8,46,61,1,9,13,13,6,33,0,11,6,509,3,1,10,22,2,6,4,12,9,1,10,40,411,1,16,50,64,6,5,1,1,10,5,16,54,96,3,13,8,6,1,38,0,7,1,494,11,6,21,23,13,18,5,14,8,2
7437961,2017-2018,27,1518274800,Ended,West Ham United,Watford,37,24,2,0,London Stadium,Graham Scott,56197,9,18,323,1,32,64,58,1,1,0,4,7,14,12,47,77,2,7,11,1,2,39,0,12,1,442,3,4,27,26,5,11,6,16,10,1,2,22,150,1,31,36,59,4,2,2,2,8,12,21,53,57,2,11,7,10,4,49,0,11,3,246,2,4,24,48,5,8,3,21,14,1
7437962,2017-2018,27,1518274800,Ended,Everton,Crystal Palace,48,7,3,1,Goodison Park,Jonathan Moss,39139,5,20,265,0,27,47,61,2,1,1,7,7,10,15,49,52,1,15,12,3,2,37,0,16,1,345,5,4,28,37,9,16,7,10,4,1,3,31,298,1,14,53,58,2,0,2,4,8,5,21,51,67,3,14,15,7,3,52,0,7,2,389,2,5,22,27,5,11,6,16,10,1
7438002,2017-2018,22,1514809800,Ended,Brighton & Hove Albion,Bournemouth,30,60,2,2,American Express Stadium,Michael Oliver,30152,7,20,329,0,16,51,51,0,0,0,13,12,13,17,43,50,4,9,13,8,4,36,1,14,0,403,5,8,19,27,15,26,11,6,2,1,3,32,300,2,25,49,59,4,2,2,6,5,2,12,57,45,0,13,9,10,6,44,0,12,1,394,3,6,21,35,10,15,5,23,10,2
7437936,2017-2018,22,1514923200,Ended,Manchester City,Watford,17,24,3,1,Etihad Stadium,Lee Mason,53556,1,12,182,1,5,23,69,1,0,1,1,1,11,8,49,36,0,12,8,10,5,41,0,18,3,261,2,4,21,22,5,7,2,25,20,1,5,27,784,0,6,77,70,4,2,2,3,9,14,16,51,74,5,8,12,8,3,42,1,7,1,854,8,7,20,7,13,18,5,14,7,1
7437976,2017-2018,22,1515008700,Ended,Arsenal,Chelsea,42,38,2,2,Emirates Stadium,Anthony Taylor,59379,4,30,348,4,14,42,66,5,3,2,3,8,11,12,51,45,5,11,11,12,4,41,1,18,3,422,10,6,9,29,16,19,3,18,11,2,5,35,515,0,13,58,62,1,1,0,5,10,11,13,49,72,1,11,11,10,4,39,1,16,2,599,3,6,9,14,9,14,5,16,12,3
7437989,2017-2018,23,1515855600,Ended,Newcastle United,Swansea City,39,74,1,1,St James' Park,Graham Scott,51444,9,46,401,0,40,58,57,3,2,1,1,5,15,7,52,63,3,10,10,11,3,25,0,3,0,500,2,5,30,20,6,8,2,8,5,3,5,26,276,2,23,42,58,2,2,0,1,4,6,5,48,57,3,11,10,9,2,36,0,8,2,369,7,4,18,19,9,12,3,22,16,0
7437999,2017-2018,23,1515855600,Ended,Huddersfield Town,West Ham United,59,37,1,4,Accu Stadium,Jonathan Moss,24105,2,17,209,1,17,35,59,1,0,1,1,3,11,14,54,56,1,9,7,10,1,42,0,17,5,306,1,6,30,30,6,8,2,21,15,1,4,34,443,0,18,65,61,1,1,0,2,7,15,11,46,61,2,7,9,6,1,33,0,9,0,548,4,2,26,20,4,8,4,13,9,1
7437971,2017-2018,23,1515855600,Ended,Chelsea,Leicester City,38,31,0,0,Stamford Bridge,Mike Jones,41552,3,42,329,2,17,44,72,1,1,7,3,8,21,54,66,4,13,12,4,7,46,0,12,3,415,1,6,1,17,24,8,14,6,14,11,4,4,27,427,0,11,56,68,0,0,6,6,9,16,46,60,4,14,13,12,1,42,0,9,5,511,0,4,7,21,15,6,17,11,13,11,2
7437978,2017-2018,23,1515864600,Ended,Tottenham Hotspur,Everton,33,48,4,0,Wembley Stadium,Craig Pawson,76251,2,32,258,0,16,38,75,0,0,0,3,3,14,7,41,62,1,15,11,6,6,35,0,19,7,360,4,0,21,24,4,7,3,17,14,2,2,41,484,1,22,62,71,7,3,4,4,3,11,18,59,76,3,11,15,4,0,50,1,7,2,579,6,10,26,22,13,20,7,18,10,0
7438013,2017-2018,23,1515936600,Ended,Bournemouth,Arsenal,60,42,2,1,Vitality Stadium,Kevin Friend,10836,2,20,410,1,31,59,80,2,1,1,4,5,21,6,47,68,1,10,6,7,3,33,1,15,4,551,5,3,24,30,6,12,6,21,16,2,2,16,232,1,26,41,77,1,0,1,3,4,14,13,53,48,3,8,9,10,2,46,0,13,0,366,5,5,26,24,5,13,8,24,10,2
7438004,2017-2018,24,1516451400,Ended,Brighton & Hove Albion,Chelsea,30,38,0,4,American Express Stadium,Jonathan Moss,30600,1,21,462,1,12,58,59,1,0,1,3,3,7,18,60,39,5,5,12,6,3,43,1,9,0,535,1,10,20,22,7,14,7,13,4,0,6,34,287,0,13,42,58,1,1,0,2,5,9,8,40,53,2,12,5,5,6,24,1,13,4,362,5,3,23,14,7,10,3,11,8,3
7438089,2017-2018,20,1514300400,Ended,Chelsea,Brighton & Hove Albion,38,30,2,0,Stamford Bridge,Mike Dean,41568,3,45,264,0,21,33,55,0,0,0,3,1,7,6,52,45,2,8,7,12,5,26,0,17,2,341,4,1,14,32,5,8,3,13,9,1,5,28,614,2,10,67,69,3,2,1,7,13,11,13,48,86,5,8,8,4,1,33,0,9,2,695,10,8,11,13,13,25,12,12,10,0
7437917,2017-2018,21,1514646000,Ended,Watford,Swansea City,24,74,1,2,Vicarage Road,Martin Atkinson,20002,3,38,396,0,16,49,61,2,0,2,1,8,10,13,47,54,4,13,13,8,3,45,1,11,2,478,4,4,22,13,4,9,5,19,12,2,4,29,412,2,28,51,65,2,1,1,1,1,15,8,53,60,2,14,13,6,2,42,0,8,3,500,4,4,22,20,7,9,2,21,16,4
7437893,2017-2018,21,1514646000,Ended,Liverpool,Leicester City,44,31,2,1,Anfield,Neil Swarbrick,53226,0,22,258,1,17,39,72,1,0,1,5,1,7,10,53,55,1,3,7,13,4,33,0,12,3,371,1,1,25,32,4,7,3,16,9,2,1,32,456,2,17,61,69,5,3,2,5,7,14,10,47,73,1,7,3,6,0,28,0,8,4,566,7,6,41,27,13,18,5,15,12,3
7437815,2017-2018,16,1512831600,Ended,Crystal Palace,Bournemouth,7,60,2,2,Selhurst Park,Kevin Friend,24823,2,34,352,2,12,55,47,1,0,1,3,3,8,10,47,74,2,14,12,12,6,41,0,10,3,442,3,5,21,34,5,11,6,19,8,2,11,40,257,0,23,45,64,5,3,2,8,6,13,5,53,63,6,14,14,8,3,37,0,15,5,345,8,8,20,18,19,24,5,18,9,5
7437906,2017-2018,17,1513194300,Ended,Newcastle United,Everton,39,48,0,1,St James' Park,Martin Atkinson,51042,3,28,312,37,45,76,2,1,1,0,1,10,4,51,73,2,11,9,5,4,37,0,14,3,426,0,3,4,23,49,4,7,3,25,18,2,4,31,392,34,55,63,0,0,0,8,4,18,11,49,67,4,10,11,7,3,38,2,10,2,509,1,4,4,41,7,7,16,9,17,10,3
7437873,2017-2018,13,1511622000,Ended,Newcastle United,Watford,39,24,0,3,St James' Park,Chris Kavanagh,52188,4,36,315,1,23,48,70,4,3,1,1,3,9,4,49,63,1,13,7,9,2,38,0,13,1,441,7,4,19,34,9,12,3,27,19,2,3,29,378,1,28,52,69,1,1,0,5,6,15,11,51,73,3,8,13,9,2,36,0,21,4,480,5,2,26,22,8,12,4,12,8,1
7437884,2017-2018,14,1511984700,Ended,Arsenal,Huddersfield Town,42,59,5,0,Emirates Stadium,Graham Scott,59285,2,22,259,1,16,30,50,0,0,0,2,2,15,7,48,40,3,12,9,9,1,29,0,15,3,337,3,2,22,30,5,7,2,13,7,1,2,45,716,3,13,70,63,6,2,4,6,7,8,7,52,86,2,10,10,3,2,35,2,15,2,813,8,7,17,13,16,21,5,19,12,0
7437806,2017-2018,15,1512226800,Ended,Stoke City,Swansea City,29,74,2,1,bet365 Stadium,Craig Pawson,28261,3,33,372,0,19,56,57,0,0,0,5,6,11,7,52,57,3,10,12,6,1,42,0,5,0,458,2,3,23,21,3,10,7,24,13,0,2,39,295,1,25,44,44,2,1,1,1,2,21,9,48,58,1,12,10,9,3,32,0,13,3,377,6,3,29,35,6,10,4,13,9,2
7437880,2017-2018,9,1508675400,Ended,Everton,Arsenal,48,42,2,5,Goodison Park,Craig Pawson,39189,3,39,516,13,68,61,7,4,3,8,7,6,11,54,66,3,14,14,6,1,37,1,8,1,616,0,8,14,30,23,21,30,9,12,9,1,5,21,199,18,32,63,1,0,1,2,0,8,6,46,69,5,14,12,11,9,25,0,10,2,287,1,4,3,16,30,6,9,3,8,7,3
7437904,2017-2018,9,1508684400,Ended,Tottenham Hotspur,Liverpool,33,44,4,1,Wembley Stadium,Andre Marriner,80827,4,48,545,0,8,64,66,1,0,1,4,5,14,10,50,78,1,8,2,4,1,38,1,2,2,629,1,7,32,12,4,12,8,26,17,1,1,30,274,2,10,36,67,4,1,3,3,3,13,6,50,40,1,2,8,7,6,36,1,9,1,359,5,6,24,29,11,14,3,22,19,0
7437816,2017-2018,12,1511017200,Ended,Crystal Palace,Everton,7,48,2,2,Selhurst Park,Anthony Taylor,25526,3,23,159,1,17,31,54,3,1,2,1,4,7,9,51,47,3,26,9,10,5,52,0,20,1,248,2,5,18,46,6,8,2,34,26,3,8,27,439,0,16,69,59,4,2,2,4,9,22,13,49,92,10,9,25,3,3,50,0,13,1,539,5,7,38,16,9,16,7,12,9,2
7437839,2017-2018,12,1511017200,Ended,Leicester City,Manchester City,31,17,0,2,King Power Stadium,Graham Scott,31908,1,30,705,1,13,75,56,2,1,1,2,7,8,13,53,57,3,10,8,7,1,34,0,9,1,784,6,4,19,17,7,12,5,13,10,1,1,26,175,0,12,25,45,0,0,0,1,1,8,10,47,42,2,8,9,12,2,29,1,11,3,266,1,0,26,24,1,2,1,11,7,1
7437772,2017-2018,7,1506855600,Ended,Arsenal,Brighton & Hove Albion,42,30,2,0,Emirates Stadium,Kevin Friend,59378,4,19,269,0,13,35,56,0,0,0,3,5,7,10,39,37,2,8,7,14,6,27,1,19,3,357,5,1,26,22,4,9,5,10,6,2,3,16,612,1,30,65,61,2,1,1,6,6,7,10,61,65,3,7,8,6,1,33,1,11,2,697,8,11,17,23,14,25,11,15,11,0
7437843,2017-2018,9,1508526000,Ended,West Ham United,Brighton & Hove Albion,37,30,0,3,London Stadium,Martin Atkinson,56977,3,35,251,2,22,35,68,4,2,2,1,3,6,5,45,36,2,13,5,9,2,19,0,14,1,337,1,5,17,45,5,7,2,10,7,0,7,33,506,0,15,65,55,0,0,0,9,10,5,8,55,95,2,5,13,3,2,35,0,7,3,604,5,2,25,3,8,16,8,15,10,1
7437752,2017-2018,6,1506166200,Ended,West Ham United,Tottenham Hotspur,37,33,2,3,London Stadium,Michael Oliver,56988,3,29,293,2,22,51,66,2,2,3,3,14,9,50,53,2,20,10,8,2,38,2,9,5,394,1,7,5,29,39,7,15,8,19,13,4,5,49,261,0,16,49,65,1,1,1,4,12,6,50,63,4,10,20,6,2,44,0,18,6,367,0,5,4,28,23,6,10,4,19,15,4
7437077,2017-2018,1,1502477100,Ended,Arsenal,Leicester City,42,31,4,3,Emirates Stadium,Mike Dean,59387,4,32,167,1,18,30,53,2,0,2,0,4,12,5,41,60,0,12,9,11,6,30,0,11,3,263,3,3,31,24,5,6,1,17,8,1,6,37,538,1,18,70,61,4,3,1,8,9,14,16,59,79,2,9,12,6,0,51,0,13,5,632,9,10,21,30,15,27,12,23,17,0
7437730,2017-2018,2,1503151200,Ended,Bournemouth,Watford,60,24,0,2,Vitality Stadium,Roger East,10501,4,32,265,1,17,44,64,3,2,1,5,5,6,9,53,51,1,14,6,7,2,34,0,18,7,338,7,7,26,28,13,19,6,20,13,3,4,32,338,0,16,56,51,1,1,0,3,8,17,6,47,86,1,6,13,6,5,29,0,8,1,438,1,2,21,31,4,6,2,11,7,1
7437801,2017-2018,3,1503747000,Ended,Bournemouth,Manchester City,60,17,1,2,Vitality Stadium,Mike Dean,10419,6,33,524,1,23,70,64,2,1,1,4,5,15,13,52,73,5,14,13,1,2,39,1,12,3,604,1,7,8,35,35,13,19,6,13,8,6,1,10,152,1,13,30,59,0,0,0,3,2,9,10,48,48,2,13,14,12,6,44,1,12,0,258,0,3,3,19,31,5,9,4,20,13,5
