match_id,season,round,timestamp,status,home_team,away_team,home_team_id,away_team_id,home_goals,away_goals,venue,referee,attendance,home_ballPossession,away_ballPossession,home_bigChanceCreated,away_bigChanceCreated,home_totalShotsOnGoal,away_totalShotsOnGoal,home_goalkeeperSaves,away_goalkeeperSaves,home_cornerKicks,away_cornerKicks,home_fouls,away_fouls,home_passes,away_passes,home_totalTackle,away_totalTackle,home_freeKicks,away_freeKicks,home_yellowCards,away_yellowCards,home_shotsOnGoal,away_shotsOnGoal,home_hitWoodwork,away_hitWoodwork,home_shotsOffGoal,away_shotsOffGoal,home_blockedScoringAttempt,away_blockedScoringAttempt,home_totalShotsInsideBox,away_totalShotsInsideBox,home_totalShotsOutsideBox,away_totalShotsOutsideBox,home_bigChanceMissed,away_bigChanceMissed,home_accurateThroughBall,away_accurateThroughBall,home_fouledFinalThird,away_fouledFinalThird,home_offsides,away_offsides,home_accuratePasses,away_accuratePasses,home_throwIns,away_throwIns,home_finalThirdEntries,away_finalThirdEntries,home_accurateLongBalls,away_accurateLongBalls,home_accurateCross,away_accurateCross,home_duelWonPercent,away_duelWonPercent,home_dispossessed,away_dispossessed,home_groundDuelsPercentage,away_groundDuelsPercentage,home_aerialDuelsPercentage,away_aerialDuelsPercentage,home_dribblesPercentage,away_dribblesPercentage,home_wonTacklePercent,away_wonTacklePercent,home_interceptionWon,away_interceptionWon,home_totalClearance,away_totalClearance,home_goalKicks,away_goalKicks,home_bigChanceScored,away_bigChanceScored,home_redCards,away_redCards,home_touchesInOppBox,away_touchesInOppBox,home_finalThirdPhaseStatistic,away_finalThirdPhaseStatistic,home_highClaims,away_highClaims,home_errorsLeadToGoal,away_errorsLeadToGoal,home_diveSaves,away_diveSaves,home_punches,away_punches
9501660,2020-2021,19,1620925200,finished,Aston Villa,Everton,40,48,0.0,0.0,Villa Park,Martin Atkinson,0.0,58.0,42.0,1.0,0.0,13.0,15.0,5.0,2.0,9.0,1.0,9.0,12.0,502.0,362.0,7.0,9.0,12.0,8.0,2.0,1.0,2.0,5.0,0.0,0.0,7.0,9.0,4.0,1.0,7.0,10.0,6.0,5.0,1.0,0.0,0.0,1.0,3.0,3.0,0.0,2.0,421.0,295.0,17.0,11.0,35.0,44.0,33.0,30.0,4.0,6.0,51.0,49.0,5.0,5.0,31.0,23.0,16.0,22.0,12.0,6.0,5.0,4.0,6.0,8.0,16.0,17.0,8.0,11.0,,,,,,,,,,,,,,,,
9507199,2020-2021,34,1620933300,finished,Manchester United,Liverpool,35,44,2.0,4.0,Old Trafford,Anthony Taylor,0.0,53.0,47.0,3.0,6.0,18.0,17.0,4.0,0.0,6.0,4.0,10.0,12.0,511.0,454.0,22.0,16.0,10.0,9.0,3.0,0.0,3.0,8.0,0.0,1.0,8.0,5.0,7.0,4.0,13.0,14.0,5.0,3.0,3.0,2.0,2.0,3.0,2.0,2.0,1.0,1.0,403.0,358.0,19.0,18.0,47.0,50.0,32.0,15.0,8.0,2.0,58.0,42.0,11.0,12.0,44.0,32.0,16.0,12.0,12.0,7.0,13.0,9.0,9.0,12.0,12.0,18.0,8.0,10.0,0.0,4.0,,,,,,,,,,,,,,
8897157,2020-2021,36,1621018800,finished,Newcastle United,Manchester City,39,17,3.0,4.0,St James' Park,Kevin Friend,0.0,18.0,82.0,3.0,2.0,11.0,15.0,2.0,2.0,4.0,5.0,11.0,10.0,195.0,925.0,13.0,21.0,10.0,10.0,2.0,2.0,5.0,6.0,1.0,1.0,3.0,7.0,3.0,2.0,10.0,7.0,1.0,8.0,1.0,0.0,,,3.0,5.0,,,132.0,871.0,10.0,14.0,21.0,87.0,9.0,23.0,5.0,3.0,43.0,57.0,13.0,7.0,30.0,44.0,10.0,9.0,7.0,13.0,5.0,9.0,7.0,4.0,21.0,13.0,9.0,2.0,2.0,2.0,,,,,,,,,,,,,,
8897141,2020-2021,36,1621078200,finished,Burnley,Leeds United,6,34,0.0,4.0,Turf Moor,Graham Scott,0.0,48.0,52.0,3.0,3.0,16.0,16.0,2.0,4.0,6.0,8.0,10.0,10.0,418.0,440.0,12.0,11.0,10.0,10.0,1.0,1.0,4.0,6.0,0.0,0.0,8.0,5.0,4.0,5.0,11.0,9.0,5.0,7.0,3.0,1.0,0.0,1.0,2.0,1.0,2.0,6.0,321.0,336.0,16.0,12.0,90.0,41.0,36.0,26.0,3.0,3.0,57.0,43.0,6.0,8.0,27.0,23.0,26.0,17.0,5.0,4.0,8.0,6.0,13.0,8.0,20.0,23.0,6.0,11.0,0.0,2.0,,,,,,,,,,,,,,
8897156,2020-2021,36,1621087200,finished,Southampton,Fulham,45,43,3.0,1.0,St. Mary's Stadium,Craig Pawson,0.0,46.0,54.0,2.0,1.0,11.0,10.0,2.0,3.0,6.0,5.0,9.0,15.0,470.0,547.0,19.0,23.0,14.0,9.0,0.0,1.0,7.0,3.0,0.0,0.0,2.0,4.0,2.0,3.0,8.0,7.0,3.0,3.0,,,0.0,1.0,4.0,1.0,3.0,1.0,405.0,473.0,25.0,18.0,40.0,42.0,26.0,15.0,4.0,2.0,46.0,54.0,17.0,13.0,42.0,50.0,10.0,10.0,9.0,18.0,11.0,13.0,7.0,11.0,14.0,14.0,6.0,3.0,2.0,1.0,,,,,,,,,,,,,,
8897138,2020-2021,36,1621105200,finished,Brighton & Hove Albion,West Ham United,30,37,1.0,1.0,American Express Stadium,Andre Marriner,0.0,51.0,49.0,2.0,3.0,10.0,15.0,1.0,1.0,3.0,3.0,7.0,5.0,595.0,552.0,9.0,6.0,4.0,7.0,1.0,0.0,2.0,3.0,0.0,0.0,2.0,8.0,6.0,4.0,2.0,7.0,8.0,8.0,1.0,3.0,1.0,0.0,,,0.0,2.0,508.0,474.0,9.0,14.0,58.0,60.0,29.0,25.0,1.0,7.0,38.0,62.0,5.0,7.0,20.0,27.0,6.0,15.0,7.0,14.0,4.0,2.0,12.0,12.0,18.0,6.0,10.0,7.0,1.0,0.0,,,,,,,,,,,,,,
8897192,2020-2021,36,1621162800,finished,Crystal Palace,Aston Villa,7,40,3.0,2.0,Selhurst Park,David Coote,0.0,46.0,54.0,1.0,1.0,23.0,19.0,3.0,5.0,7.0,7.0,23.0,13.0,325.0,393.0,15.0,13.0,13.0,23.0,3.0,2.0,8.0,5.0,2.0,0.0,3.0,8.0,12.0,6.0,15.0,12.0,8.0,7.0,,,,,5.0,6.0,2.0,2.0,239.0,307.0,15.0,26.0,51.0,60.0,12.0,49.0,6.0,7.0,51.0,49.0,10.0,8.0,39.0,37.0,19.0,18.0,11.0,1.0,10.0,7.0,6.0,8.0,22.0,30.0,8.0,3.0,1.0,1.0,,,,,,,,,,,,,,
8897184,2020-2021,36,1621170300,finished,Tottenham Hotspur,Wolverhampton,33,3,2.0,0.0,Tottenham Hotspur Stadium,Martin Atkinson,0.0,62.0,38.0,5.0,1.0,24.0,15.0,3.0,9.0,10.0,3.0,8.0,11.0,584.0,360.0,11.0,20.0,11.0,8.0,1.0,0.0,13.0,3.0,3.0,0.0,9.0,7.0,2.0,5.0,15.0,12.0,9.0,3.0,3.0,1.0,2.0,0.0,3.0,1.0,2.0,3.0,511.0,298.0,19.0,11.0,52.0,39.0,34.0,21.0,3.0,3.0,50.0,50.0,8.0,8.0,33.0,38.0,18.0,13.0,11.0,10.0,10.0,13.0,7.0,13.0,6.0,23.0,7.0,8.0,2.0,0.0,,,,,,,,,,,,,,
8897197,2020-2021,36,1621179000,finished,West Bromwich Albion,Liverpool,8,44,1.0,2.0,The Hawthorns,Mike Dean,0.0,24.0,76.0,3.0,2.0,9.0,26.0,4.0,2.0,9.0,13.0,7.0,14.0,200.0,699.0,16.0,8.0,14.0,7.0,,,3.0,6.0,0.0,1.0,5.0,10.0,1.0,10.0,7.0,14.0,2.0,12.0,2.0,2.0,,,3.0,1.0,3.0,2.0,120.0,610.0,10.0,21.0,53.0,72.0,25.0,22.0,6.0,8.0,55.0,45.0,6.0,7.0,34.0,24.0,23.0,22.0,5.0,10.0,2.0,4.0,17.0,6.0,32.0,17.0,14.0,4.0,1.0,0.0,,,,,,,,,,,,,,
8897215,2020-2021,36,1621188000,finished,Everton,Sheffield United,48,15,0.0,1.0,Goodison Park,Jonathan Moss,0.0,62.0,38.0,2.0,2.0,16.0,10.0,2.0,6.0,11.0,4.0,8.0,12.0,635.0,385.0,21.0,14.0,12.0,8.0,1.0,3.0,6.0,3.0,0.0,0.0,5.0,3.0,5.0,4.0,12.0,5.0,4.0,5.0,2.0,1.0,,,1.0,3.0,0.0,3.0,547.0,298.0,25.0,16.0,69.0,50.0,26.0,20.0,5.0,4.0,61.0,39.0,7.0,11.0,39.0,31.0,28.0,12.0,7.0,9.0,11.0,7.0,8.0,8.0,15.0,26.0,4.0,11.0,0.0,1.0,,,,,,,,,,,,,,
8897160,2020-2021,37,1621357200,finished,Southampton,Leeds United,45,34,0.0,2.0,St. Mary's Stadium,Peter Bankes,7291.0,51.0,49.0,1.0,2.0,18.0,15.0,5.0,3.0,4.0,4.0,10.0,12.0,392.0,375.0,23.0,35.0,12.0,9.0,0.0,3.0,3.0,7.0,1.0,0.0,11.0,6.0,4.0,2.0,6.0,7.0,12.0,8.0,1.0,0.0,0.0,2.0,5.0,0.0,2.0,1.0,324.0,280.0,21.0,32.0,55.0,38.0,15.0,28.0,3.0,2.0,45.0,55.0,21.0,13.0,44.0,51.0,10.0,16.0,9.0,7.0,15.0,20.0,13.0,15.0,13.0,14.0,7.0,13.0,0.0,2.0,,,,,,,,,,,,,,
8897200,2020-2021,37,1621357200,finished,Manchester United,Fulham,35,43,1.0,1.0,Old Trafford,Lee Mason,,57.0,43.0,1.0,2.0,13.0,8.0,4.0,5.0,6.0,1.0,10.0,15.0,544.0,410.0,13.0,25.0,15.0,10.0,2.0,3.0,6.0,5.0,0.0,1.0,5.0,2.0,2.0,1.0,4.0,5.0,9.0,3.0,1.0,1.0,0.0,1.0,4.0,2.0,4.0,1.0,471.0,333.0,19.0,15.0,67.0,32.0,28.0,22.0,2.0,2.0,45.0,55.0,10.0,9.0,38.0,48.0,11.0,11.0,10.0,13.0,6.0,14.0,5.0,18.0,9.0,20.0,2.0,9.0,0.0,1.0,,,,,,,,,,,,,,
8897108,2020-2021,37,1621360800,finished,Brighton & Hove Albion,Manchester City,30,17,3.0,2.0,American Express Stadium,Stuart Attwell,7945.0,63.0,37.0,0.0,1.0,19.0,8.0,2.0,3.0,5.0,3.0,13.0,11.0,607.0,361.0,18.0,15.0,11.0,13.0,3.0,3.0,6.0,4.0,0.0,0.0,4.0,2.0,9.0,2.0,10.0,7.0,9.0,1.0,,,1.0,1.0,2.0,1.0,3.0,1.0,540.0,301.0,17.0,10.0,61.0,28.0,27.0,12.0,4.0,3.0,51.0,49.0,10.0,13.0,40.0,38.0,13.0,12.0,12.0,10.0,9.0,6.0,7.0,7.0,10.0,25.0,2.0,9.0,0.0,1.0,0.0,1.0,,,,,,,,,,,,
8897174,2020-2021,37,1621365300,finished,Chelsea,Leicester City,38,31,2.0,1.0,Stamford Bridge,Mike Dean,7195.0,59.0,41.0,3.0,2.0,17.0,7.0,2.0,4.0,6.0,5.0,15.0,16.0,549.0,381.0,19.0,23.0,15.0,14.0,2.0,5.0,6.0,3.0,0.0,0.0,5.0,3.0,6.0,1.0,15.0,4.0,2.0,3.0,1.0,1.0,1.0,0.0,3.0,2.0,1.0,0.0,466.0,290.0,25.0,24.0,59.0,64.0,20.0,16.0,4.0,3.0,51.0,49.0,12.0,10.0,44.0,43.0,17.0,15.0,10.0,6.0,13.0,15.0,12.0,7.0,18.0,15.0,7.0,9.0,2.0,1.0,,,,,,,,,,,,,,
8897158,2020-2021,37,1621443600,finished,Newcastle United,Sheffield United,39,15,1.0,0.0,St James' Park,Robert Jones,10000.0,51.0,49.0,3.0,1.0,16.0,11.0,1.0,4.0,5.0,2.0,7.0,7.0,487.0,462.0,8.0,17.0,7.0,6.0,0.0,2.0,5.0,1.0,0.0,1.0,9.0,9.0,2.0,1.0,8.0,6.0,8.0,5.0,2.0,1.0,,,3.0,2.0,2.0,4.0,434.0,389.0,27.0,19.0,32.0,52.0,28.0,14.0,6.0,7.0,56.0,44.0,6.0,4.0,39.0,30.0,16.0,14.0,24.0,7.0,1.0,10.0,6.0,4.0,20.0,15.0,10.0,8.0,1.0,0.0,,,,,,,,,,,,,,
8897207,2020-2021,37,1621443600,finished,Everton,Wolverhampton,48,3,1.0,0.0,Goodison Park,Andy Madley,6068.0,41.0,59.0,,,14.0,9.0,3.0,3.0,7.0,12.0,11.0,11.0,377.0,528.0,21.0,12.0,11.0,11.0,0.0,2.0,4.0,3.0,0.0,0.0,4.0,2.0,6.0,4.0,9.0,5.0,5.0,4.0,,,1.0,0.0,1.0,3.0,,,299.0,446.0,11.0,26.0,41.0,52.0,28.0,30.0,6.0,5.0,57.0,43.0,5.0,9.0,45.0,42.0,24.0,10.0,13.0,19.0,12.0,8.0,10.0,11.0,33.0,10.0,7.0,3.0,,,,,,,,,,,,,,,,
8897198,2020-2021,37,1621443600,finished,Tottenham Hotspur,Aston Villa,33,40,1.0,2.0,Tottenham Hotspur Stadium,Craig Pawson,,61.0,39.0,1.0,1.0,10.0,20.0,3.0,3.0,4.0,5.0,14.0,13.0,569.0,367.0,21.0,18.0,13.0,14.0,1.0,1.0,4.0,4.0,0.0,1.0,2.0,9.0,4.0,7.0,7.0,15.0,3.0,5.0,1.0,0.0,0.0,1.0,1.0,2.0,2.0,3.0,477.0,295.0,21.0,18.0,57.0,63.0,17.0,22.0,4.0,4.0,48.0,52.0,7.0,15.0,45.0,48.0,12.0,13.0,11.0,17.0,13.0,9.0,8.0,11.0,14.0,15.0,9.0,4.0,0.0,1.0,,,,,,,,,,,,,,
8897168,2020-2021,37,1621447200,finished,Crystal Palace,Arsenal,7,42,1.0,3.0,Selhurst Park,Anthony Taylor,6500.0,31.0,69.0,1.0,3.0,12.0,6.0,0.0,5.0,6.0,7.0,7.0,7.0,258.0,603.0,20.0,8.0,6.0,6.0,2.0,1.0,6.0,3.0,0.0,0.0,4.0,1.0,2.0,2.0,9.0,4.0,3.0,2.0,0.0,1.0,,,3.0,0.0,3.0,2.0,181.0,522.0,20.0,26.0,46.0,70.0,19.0,33.0,10.0,5.0,56.0,44.0,5.0,13.0,31.0,20.0,21.0,21.0,6.0,7.0,12.0,5.0,8.0,11.0,23.0,18.0,5.0,9.0,1.0,2.0,,,,,,,,,,,,,,
8897199,2020-2021,37,1621451700,finished,West Bromwich Albion,West Ham United,8,37,1.0,3.0,The Hawthorns,Michael Oliver,5247.0,53.0,47.0,1.0,5.0,14.0,21.0,6.0,3.0,6.0,8.0,8.0,11.0,357.0,326.0,10.0,16.0,10.0,8.0,2.0,2.0,4.0,9.0,0.0,2.0,5.0,9.0,5.0,3.0,6.0,16.0,8.0,5.0,1.0,2.0,0.0,1.0,3.0,1.0,2.0,1.0,266.0,240.0,18.0,24.0,61.0,37.0,25.0,21.0,1.0,4.0,55.0,45.0,10.0,1.0,32.0,29.0,31.0,22.0,12.0,5.0,5.0,9.0,12.0,10.0,21.0,34.0,9.0,11.0,0.0,3.0,,,,,,,,,,,,,,
8897152,2020-2021,37,1621451700,finished,Burnley,Liverpool,6,44,0.0,3.0,Turf Moor,Chris Kavanagh,3387.0,41.0,59.0,2.0,4.0,10.0,20.0,0.0,4.0,6.0,7.0,10.0,7.0,389.0,584.0,14.0,15.0,7.0,8.0,,,4.0,3.0,0.0,0.0,3.0,9.0,3.0,8.0,6.0,15.0,4.0,5.0,2.0,4.0,0.0,2.0,1.0,1.0,1.0,1.0,302.0,496.0,15.0,15.0,67.0,59.0,35.0,26.0,3.0,3.0,42.0,58.0,12.0,10.0,25.0,30.0,14.0,24.0,4.0,8.0,7.0,7.0,10.0,6.0,14.0,41.0,9.0,9.0,,,,,,,,,,,,,,,,
8897226,2020-2021,38,1621782000,finished,Sheffield United,Burnley,15,6,1.0,0.0,Bramall Lane,Kevin Friend,,43.0,57.0,,,12.0,10.0,3.0,2.0,8.0,9.0,11.0,1.0,361.0,482.0,19.0,16.0,1.0,11.0,3.0,1.0,3.0,3.0,1.0,0.0,7.0,3.0,2.0,4.0,8.0,7.0,4.0,3.0,,,,,1.0,1.0,2.0,1.0,247.0,346.0,14.0,23.0,66.0,88.0,29.0,39.0,5.0,6.0,46.0,54.0,10.0,10.0,29.0,35.0,39.0,44.0,9.0,8.0,13.0,12.0,5.0,8.0,29.0,19.0,13.0,9.0,,,,,,,,,,,,,,,,
8897221,2020-2021,38,1621782000,finished,Fulham,Newcastle United,43,39,0.0,2.0,Craven Cottage,Chris Kavanagh,2000.0,64.0,36.0,1.0,2.0,14.0,10.0,2.0,0.0,5.0,4.0,12.0,6.0,596.0,333.0,18.0,13.0,6.0,12.0,1.0,0.0,0.0,4.0,0.0,0.0,7.0,3.0,7.0,3.0,8.0,5.0,6.0,5.0,1.0,1.0,,,2.0,3.0,1.0,0.0,537.0,270.0,22.0,22.0,70.0,33.0,26.0,23.0,5.0,2.0,52.0,48.0,8.0,7.0,31.0,25.0,7.0,10.0,7.0,0.0,7.0,5.0,10.0,10.0,13.0,30.0,3.0,11.0,0.0,1.0,,,,,,,,,,,,,,
8897220,2020-2021,38,1621782000,finished,Leeds United,West Bromwich Albion,34,8,3.0,1.0,Elland Road,David Coote,8000.0,64.0,36.0,2.0,1.0,17.0,14.0,4.0,6.0,8.0,3.0,12.0,12.0,499.0,268.0,21.0,19.0,11.0,12.0,2.0,1.0,9.0,5.0,0.0,1.0,3.0,6.0,5.0,3.0,9.0,7.0,8.0,7.0,,,1.0,0.0,4.0,2.0,3.0,3.0,412.0,190.0,19.0,16.0,54.0,44.0,29.0,16.0,6.0,4.0,52.0,48.0,3.0,14.0,39.0,41.0,17.0,10.0,7.0,10.0,14.0,11.0,8.0,8.0,11.0,17.0,8.0,12.0,2.0,1.0,,,,,,,,,,,,,,
8897223,2020-2021,38,1621782000,finished,West Ham United,Southampton,37,45,3.0,0.0,London Stadium,Martin Atkinson,10000.0,37.0,63.0,3.0,2.0,14.0,17.0,5.0,4.0,2.0,3.0,5.0,9.0,300.0,534.0,12.0,23.0,9.0,5.0,0.0,3.0,7.0,5.0,0.0,0.0,6.0,8.0,1.0,4.0,11.0,11.0,3.0,6.0,1.0,2.0,,,2.0,0.0,5.0,2.0,207.0,431.0,22.0,21.0,60.0,49.0,25.0,10.0,3.0,4.0,49.0,51.0,11.0,9.0,28.0,37.0,18.0,11.0,7.0,9.0,6.0,13.0,10.0,7.0,12.0,11.0,12.0,6.0,2.0,0.0,,,,,,,,,,,,,,
8897229,2020-2021,38,1621782000,finished,Arsenal,Brighton & Hove Albion,42,30,2.0,0.0,Emirates Stadium,Jonathan Moss,10000.0,54.0,46.0,,,16.0,5.0,1.0,3.0,11.0,3.0,10.0,8.0,565.0,489.0,14.0,17.0,8.0,10.0,,,5.0,1.0,2.0,0.0,7.0,3.0,4.0,1.0,7.0,2.0,9.0,3.0,,,,,2.0,0.0,2.0,1.0,498.0,424.0,15.0,5.0,52.0,40.0,24.0,32.0,5.0,0.0,51.0,49.0,7.0,11.0,28.0,29.0,7.0,4.0,6.0,3.0,8.0,12.0,5.0,13.0,10.0,18.0,8.0,6.0,,,,,,,,,,,,,,,,
8897228,2020-2021,38,1621782000,finished,Leicester City,Tottenham Hotspur,31,33,2.0,4.0,King Power Stadium,Anthony Taylor,8000.0,47.0,53.0,2.0,3.0,10.0,11.0,1.0,4.0,8.0,7.0,9.0,8.0,444.0,492.0,28.0,18.0,7.0,8.0,0.0,2.0,6.0,4.0,0.0,1.0,2.0,2.0,2.0,5.0,6.0,9.0,4.0,2.0,0.0,1.0,1.0,1.0,3.0,1.0,3.0,1.0,340.0,397.0,25.0,27.0,47.0,45.0,21.0,20.0,4.0,6.0,49.0,51.0,13.0,15.0,43.0,41.0,11.0,16.0,9.0,15.0,17.0,13.0,17.0,11.0,14.0,13.0,4.0,7.0,2.0,2.0,,,,,,,,,,,,,,
8897222,2020-2021,38,1621782000,finished,Manchester City,Everton,17,48,5.0,0.0,Etihad Stadium,Michael Oliver,10000.0,68.0,32.0,5.0,1.0,21.0,8.0,3.0,6.0,7.0,5.0,8.0,10.0,725.0,340.0,10.0,12.0,10.0,8.0,2.0,2.0,11.0,3.0,1.0,0.0,6.0,2.0,4.0,3.0,17.0,4.0,4.0,4.0,1.0,1.0,1.0,0.0,3.0,1.0,1.0,1.0,665.0,269.0,15.0,15.0,54.0,51.0,22.0,21.0,5.0,0.0,52.0,48.0,9.0,3.0,37.0,31.0,8.0,11.0,17.0,11.0,5.0,9.0,9.0,10.0,10.0,18.0,4.0,5.0,4.0,0.0,,,,,,,,,,,,,,
8897218,2020-2021,38,1621782000,finished,Aston Villa,Chelsea,40,38,2.0,1.0,Villa Park,Stuart Attwell,10000.0,29.0,71.0,1.0,7.0,6.0,23.0,6.0,1.0,2.0,9.0,11.0,12.0,250.0,598.0,14.0,18.0,12.0,11.0,3.0,4.0,3.0,7.0,0.0,0.0,3.0,11.0,0.0,5.0,4.0,15.0,2.0,8.0,0.0,6.0,,,4.0,2.0,0.0,2.0,174.0,532.0,12.0,27.0,45.0,63.0,24.0,21.0,1.0,8.0,55.0,45.0,10.0,8.0,34.0,32.0,20.0,12.0,8.0,3.0,11.0,8.0,7.0,9.0,36.0,6.0,10.0,4.0,1.0,1.0,0.0,1.0,,,,,,,,,,,,
8897224,2020-2021,38,1621782000,finished,Wolverhampton,Manchester United,3,35,1.0,2.0,Molineux Stadium,Mike Dean,,57.0,43.0,0.0,4.0,14.0,9.0,2.0,3.0,6.0,2.0,14.0,3.0,571.0,440.0,19.0,14.0,3.0,14.0,4.0,1.0,4.0,4.0,0.0,0.0,6.0,5.0,4.0,0.0,10.0,6.0,4.0,3.0,0.0,2.0,0.0,1.0,0.0,3.0,1.0,1.0,506.0,381.0,20.0,17.0,68.0,31.0,24.0,23.0,5.0,3.0,48.0,52.0,3.0,4.0,34.0,35.0,9.0,12.0,12.0,7.0,11.0,7.0,10.0,14.0,7.0,26.0,7.0,10.0,0.0,2.0,,,,,,,,,,,,,,
8897227,2020-2021,38,1621782000,finished,Liverpool,Crystal Palace,44,7,2.0,0.0,Anfield,Andre Marriner,9901.0,70.0,30.0,3.0,2.0,19.0,5.0,4.0,3.0,14.0,1.0,10.0,8.0,588.0,263.0,15.0,24.0,7.0,10.0,2.0,2.0,5.0,4.0,0.0,0.0,10.0,1.0,4.0,0.0,16.0,2.0,3.0,3.0,2.0,2.0,1.0,0.0,1.0,2.0,2.0,1.0,502.0,161.0,22.0,17.0,57.0,40.0,36.0,15.0,8.0,2.0,43.0,57.0,13.0,9.0,30.0,42.0,13.0,14.0,8.0,8.0,12.0,16.0,10.0,10.0,5.0,21.0,5.0,13.0,1.0,0.0,,,,,,,,,,,,,,
8897149,2020-2021,33,1619263800,finished,Liverpool,Newcastle United,44,39,1.0,1.0,Anfield,Andre Marriner,,69.0,31.0,5.0,2.0,22.0,7.0,3.0,8.0,6.0,3.0,9.0,7.0,793.0,350.0,21.0,15.0,6.0,9.0,2.0,1.0,9.0,4.0,1.0,0.0,8.0,1.0,5.0,2.0,13.0,6.0,9.0,1.0,5.0,2.0,0.0,2.0,1.0,0.0,1.0,4.0,718.0,282.0,19.0,19.0,84.0,48.0,21.0,35.0,7.0,4.0,48.0,52.0,5.0,10.0,37.0,39.0,8.0,9.0,10.0,14.0,10.0,5.0,8.0,12.0,14.0,15.0,4.0,13.0,,,,,,,,,,,,,,,,
8897186,2020-2021,33,1619281800,finished,West Ham United,Chelsea,37,38,0.0,1.0,London Stadium,Chris Kavanagh,,45.0,55.0,0.0,3.0,9.0,17.0,5.0,2.0,4.0,2.0,9.0,11.0,447.0,566.0,18.0,22.0,11.0,9.0,0.0,4.0,2.0,6.0,0.0,0.0,4.0,6.0,3.0,5.0,3.0,10.0,6.0,7.0,0.0,2.0,,,1.0,3.0,3.0,3.0,344.0,476.0,27.0,21.0,61.0,58.0,16.0,21.0,1.0,2.0,46.0,54.0,13.0,11.0,36.0,39.0,17.0,23.0,7.0,8.0,7.0,14.0,13.0,9.0,14.0,23.0,7.0,5.0,0.0,1.0,1.0,0.0,,,,,,,,,,,,
8897209,2020-2021,33,1619290800,finished,Sheffield United,Brighton & Hove Albion,15,30,1.0,0.0,Bramall Lane,Kevin Friend,,32.0,68.0,1.0,3.0,7.0,17.0,4.0,2.0,2.0,12.0,13.0,7.0,295.0,640.0,24.0,10.0,6.0,13.0,3.0,0.0,3.0,4.0,0.0,0.0,1.0,8.0,3.0,5.0,5.0,12.0,2.0,5.0,0.0,3.0,,,1.0,1.0,0.0,1.0,200.0,556.0,16.0,26.0,42.0,54.0,14.0,42.0,1.0,6.0,45.0,55.0,7.0,14.0,39.0,44.0,10.0,16.0,9.0,21.0,16.0,4.0,6.0,8.0,25.0,11.0,12.0,2.0,1.0,0.0,,,,,,,,,,,,,,
8897205,2020-2021,33,1619348400,finished,Wolverhampton,Burnley,3,6,0.0,4.0,Molineux Stadium,Darren England,,59.0,41.0,0.0,3.0,12.0,14.0,3.0,2.0,8.0,5.0,8.0,9.0,474.0,325.0,16.0,15.0,8.0,8.0,1.0,2.0,2.0,7.0,0.0,0.0,5.0,6.0,5.0,1.0,4.0,8.0,8.0,6.0,0.0,1.0,0.0,1.0,2.0,1.0,2.0,2.0,369.0,233.0,18.0,23.0,38.0,68.0,28.0,25.0,5.0,6.0,49.0,51.0,7.0,8.0,33.0,34.0,20.0,22.0,9.0,12.0,11.0,10.0,13.0,12.0,16.0,13.0,8.0,7.0,0.0,2.0,,,,,,,,,,,,,,
8897213,2020-2021,33,1619355600,finished,Leeds United,Manchester United,34,35,0.0,0.0,Elland Road,Craig Pawson,,44.0,56.0,,,6.0,16.0,4.0,3.0,2.0,6.0,21.0,11.0,385.0,483.0,30.0,16.0,11.0,21.0,4.0,1.0,3.0,4.0,0.0,0.0,1.0,7.0,2.0,5.0,3.0,9.0,3.0,7.0,,,0.0,3.0,2.0,9.0,2.0,0.0,299.0,413.0,18.0,28.0,29.0,51.0,18.0,20.0,2.0,6.0,44.0,56.0,10.0,11.0,47.0,55.0,6.0,13.0,6.0,18.0,17.0,11.0,8.0,10.0,17.0,14.0,8.0,1.0,,,,,,,,,,,,,,,,
8897183,2020-2021,33,1619373600,finished,Aston Villa,West Bromwich Albion,40,8,2.0,2.0,Villa Park,Stuart Attwell,,70.0,30.0,3.0,3.0,24.0,10.0,3.0,9.0,11.0,4.0,14.0,9.0,551.0,240.0,13.0,10.0,9.0,14.0,0.0,2.0,11.0,4.0,2.0,2.0,7.0,5.0,6.0,1.0,16.0,4.0,8.0,6.0,1.0,2.0,,,2.0,5.0,2.0,1.0,468.0,139.0,14.0,12.0,74.0,50.0,29.0,15.0,11.0,5.0,53.0,47.0,3.0,11.0,32.0,30.0,22.0,17.0,10.0,6.0,6.0,5.0,7.0,8.0,14.0,28.0,7.0,11.0,2.0,1.0,,,,,,,,,,,,,,
8897169,2020-2021,33,1619463600,finished,Leicester City,Crystal Palace,31,7,2.0,1.0,King Power Stadium,Graham Scott,0.0,67.0,33.0,2.0,2.0,13.0,4.0,1.0,3.0,7.0,2.0,13.0,12.0,598.0,300.0,19.0,13.0,12.0,11.0,0.0,1.0,5.0,2.0,0.0,0.0,6.0,1.0,2.0,1.0,9.0,3.0,4.0,1.0,1.0,1.0,2.0,2.0,4.0,0.0,2.0,3.0,499.0,194.0,16.0,25.0,74.0,56.0,30.0,23.0,3.0,1.0,53.0,47.0,5.0,9.0,38.0,28.0,18.0,22.0,7.0,4.0,12.0,8.0,11.0,18.0,12.0,14.0,3.0,9.0,1.0,1.0,,,30.0,6.0,126.0,53.0,0.0,1.0,,,,,,
8897115,2020-2021,34,1619809200,finished,Southampton,Leicester City,45,31,1.0,1.0,St. Mary's Stadium,Robert Jones,0.0,29.0,71.0,1.0,3.0,5.0,23.0,8.0,2.0,0.0,10.0,9.0,13.0,272.0,633.0,14.0,19.0,12.0,9.0,1.0,0.0,3.0,9.0,0.0,0.0,0.0,9.0,2.0,5.0,3.0,13.0,2.0,10.0,0.0,2.0,,,2.0,3.0,1.0,5.0,179.0,534.0,20.0,21.0,41.0,87.0,17.0,17.0,0.0,9.0,41.0,59.0,11.0,8.0,34.0,37.0,11.0,28.0,8.0,9.0,7.0,10.0,8.0,3.0,32.0,5.0,12.0,1.0,1.0,1.0,1.0,0.0,,,,,,,,,,,,
8897139,2020-2021,34,1619868600,finished,Crystal Palace,Manchester City,7,17,0.0,2.0,Selhurst Park,David Coote,0.0,30.0,70.0,1.0,1.0,9.0,20.0,1.0,4.0,2.0,6.0,9.0,10.0,294.0,696.0,18.0,20.0,9.0,8.0,2.0,0.0,4.0,3.0,0.0,1.0,4.0,10.0,1.0,7.0,3.0,17.0,6.0,3.0,1.0,1.0,,,2.0,1.0,3.0,1.0,215.0,610.0,30.0,12.0,41.0,79.0,19.0,49.0,2.0,4.0,49.0,51.0,7.0,12.0,40.0,41.0,17.0,18.0,13.0,13.0,12.0,11.0,19.0,12.0,18.0,10.0,10.0,7.0,,,,,,,,,,,,,,,,
8897116,2020-2021,34,1619877600,finished,Brighton & Hove Albion,Leeds United,30,34,2.0,0.0,American Express Stadium,Chris Kavanagh,0.0,42.0,58.0,4.0,0.0,17.0,11.0,2.0,3.0,2.0,9.0,17.0,6.0,351.0,466.0,11.0,17.0,6.0,15.0,1.0,1.0,5.0,2.0,0.0,0.0,8.0,5.0,4.0,4.0,12.0,6.0,5.0,5.0,3.0,0.0,,,3.0,3.0,0.0,1.0,281.0,385.0,16.0,28.0,54.0,47.0,33.0,23.0,5.0,4.0,45.0,55.0,8.0,4.0,30.0,45.0,17.0,13.0,13.0,14.0,6.0,11.0,11.0,7.0,25.0,13.0,8.0,13.0,1.0,0.0,,,,,,,,,,,,,,
8897109,2020-2021,34,1619886600,finished,Chelsea,Fulham,38,43,2.0,0.0,Stamford Bridge,Kevin Friend,0.0,49.0,51.0,3.0,0.0,9.0,10.0,3.0,3.0,1.0,8.0,15.0,8.0,511.0,521.0,24.0,21.0,7.0,14.0,1.0,1.0,5.0,3.0,0.0,0.0,1.0,4.0,3.0,3.0,7.0,5.0,2.0,5.0,1.0,0.0,,,2.0,2.0,7.0,1.0,435.0,446.0,16.0,23.0,45.0,53.0,29.0,21.0,0.0,3.0,47.0,53.0,7.0,16.0,40.0,46.0,11.0,12.0,9.0,11.0,11.0,15.0,4.0,8.0,25.0,8.0,8.0,0.0,2.0,0.0,,,,,,,,,,,,,,
8897190,2020-2021,34,1619895600,finished,Everton,Aston Villa,48,40,1.0,2.0,Goodison Park,Simon Hooper,0.0,48.0,52.0,2.0,4.0,16.0,13.0,3.0,2.0,3.0,6.0,10.0,13.0,421.0,469.0,20.0,15.0,11.0,10.0,0.0,2.0,3.0,5.0,0.0,2.0,7.0,5.0,6.0,3.0,8.0,7.0,8.0,6.0,1.0,3.0,,,1.0,2.0,2.0,2.0,345.0,384.0,19.0,22.0,59.0,62.0,29.0,32.0,3.0,4.0,49.0,51.0,9.0,12.0,37.0,33.0,11.0,16.0,6.0,8.0,13.0,9.0,7.0,7.0,15.0,18.0,5.0,13.0,1.0,1.0,,,,,,,,,,,,,,
8897166,2020-2021,34,1619960400,finished,Newcastle United,Arsenal,39,42,0.0,2.0,St James' Park,Mike Dean,0.0,39.0,61.0,0.0,1.0,5.0,19.0,2.0,1.0,3.0,7.0,10.0,9.0,396.0,641.0,12.0,6.0,9.0,10.0,2.0,1.0,1.0,5.0,0.0,0.0,3.0,10.0,1.0,4.0,3.0,12.0,2.0,7.0,,,,,2.0,5.0,1.0,1.0,345.0,582.0,13.0,11.0,38.0,90.0,28.0,32.0,3.0,10.0,58.0,42.0,2.0,6.0,34.0,23.0,12.0,11.0,14.0,8.0,6.0,1.0,7.0,9.0,13.0,12.0,9.0,4.0,0.0,1.0,1.0,0.0,,,,,,,,,,,,
8897131,2020-2021,34,1619969400,postponed,Manchester United,Liverpool,35,44,,,Old Trafford,Michael Oliver,0.0,,,,,,,,,,,,,,,,,,,,,,,,,,,,,,,,,,,,,,,,,,,,,,,,,,,,,,,,,,,,,,,,,,,,,,,,,,,,,,,,,,,,
8897134,2020-2021,34,1619979300,finished,Tottenham Hotspur,Sheffield United,33,15,4.0,0.0,Tottenham Hotspur Stadium,Andre Marriner,0.0,66.0,34.0,3.0,0.0,20.0,8.0,1.0,6.0,6.0,6.0,8.0,9.0,715.0,356.0,11.0,13.0,8.0,7.0,1.0,1.0,11.0,1.0,0.0,0.0,6.0,3.0,3.0,4.0,10.0,5.0,10.0,3.0,1.0,0.0,1.0,0.0,3.0,1.0,3.0,0.0,650.0,275.0,17.0,11.0,50.0,37.0,24.0,18.0,3.0,6.0,55.0,45.0,4.0,7.0,34.0,31.0,13.0,8.0,15.0,11.0,6.0,7.0,8.0,8.0,13.0,14.0,4.0,8.0,2.0,0.0,,,,,,,,,,,,,,
8897129,2020-2021,34,1620061200,finished,West Bromwich Albion,Wolverhampton,8,3,1.0,1.0,The Hawthorns,Paul Tierney,0.0,42.0,58.0,2.0,0.0,10.0,20.0,9.0,2.0,5.0,6.0,17.0,11.0,339.0,467.0,21.0,20.0,10.0,16.0,2.0,0.0,4.0,10.0,0.0,0.0,5.0,6.0,1.0,4.0,6.0,13.0,4.0,7.0,1.0,0.0,,,2.0,5.0,1.0,2.0,246.0,361.0,21.0,14.0,67.0,51.0,26.0,21.0,5.0,7.0,44.0,56.0,13.0,13.0,37.0,49.0,17.0,20.0,6.0,13.0,8.0,13.0,10.0,7.0,18.0,16.0,7.0,9.0,1.0,0.0,,,,,,,,,,,,,,
8897212,2020-2021,34,1620069300,finished,Burnley,West Ham United,6,37,1.0,2.0,Turf Moor,Anthony Taylor,0.0,45.0,55.0,2.0,2.0,8.0,22.0,2.0,1.0,5.0,4.0,4.0,8.0,426.0,544.0,8.0,10.0,8.0,4.0,2.0,1.0,3.0,4.0,0.0,0.0,3.0,12.0,2.0,6.0,7.0,13.0,1.0,9.0,1.0,0.0,,,1.0,1.0,2.0,2.0,304.0,427.0,18.0,23.0,90.0,44.0,39.0,25.0,3.0,7.0,38.0,62.0,7.0,4.0,25.0,24.0,15.0,40.0,9.0,10.0,2.0,6.0,12.0,11.0,15.0,31.0,12.0,9.0,1.0,2.0,,,,,,,,,,,,,,
8897123,2020-2021,35,1620414000,finished,Leicester City,Newcastle United,31,39,2.0,4.0,King Power Stadium,Darren England,0.0,68.0,32.0,3.0,6.0,25.0,14.0,2.0,7.0,9.0,6.0,12.0,9.0,596.0,274.0,13.0,9.0,9.0,11.0,1.0,1.0,9.0,6.0,0.0,1.0,7.0,4.0,9.0,4.0,17.0,9.0,8.0,5.0,3.0,2.0,0.0,1.0,4.0,4.0,2.0,1.0,517.0,195.0,18.0,15.0,93.0,34.0,36.0,20.0,11.0,3.0,54.0,46.0,7.0,8.0,38.0,33.0,18.0,14.0,16.0,13.0,9.0,5.0,12.0,6.0,14.0,38.0,4.0,8.0,0.0,4.0,,,,,,,,,,,,,,
8897204,2020-2021,35,1620473400,finished,Leeds United,Tottenham Hotspur,34,33,3.0,1.0,Elland Road,Michael Oliver,0.0,53.0,47.0,3.0,1.0,16.0,11.0,2.0,5.0,8.0,6.0,12.0,10.0,442.0,395.0,20.0,15.0,10.0,12.0,1.0,2.0,7.0,3.0,0.0,1.0,5.0,4.0,4.0,4.0,12.0,7.0,4.0,4.0,,,,,3.0,2.0,1.0,2.0,352.0,296.0,21.0,30.0,47.0,47.0,18.0,19.0,6.0,2.0,54.0,46.0,8.0,10.0,38.0,38.0,22.0,13.0,8.0,11.0,10.0,8.0,13.0,6.0,21.0,17.0,6.0,9.0,3.0,1.0,,,,,,,,,,,,,,
8897112,2020-2021,35,1620482400,finished,Sheffield United,Crystal Palace,15,7,0.0,2.0,Bramall Lane,Simon Hooper,0.0,50.0,50.0,1.0,3.0,7.0,21.0,6.0,0.0,5.0,11.0,11.0,8.0,412.0,423.0,22.0,21.0,8.0,10.0,1.0,1.0,0.0,8.0,0.0,1.0,6.0,7.0,1.0,6.0,6.0,16.0,1.0,5.0,1.0,2.0,,,2.0,2.0,2.0,1.0,333.0,333.0,20.0,21.0,48.0,52.0,35.0,19.0,6.0,5.0,45.0,55.0,12.0,11.0,39.0,48.0,15.0,19.0,9.0,17.0,13.0,14.0,9.0,8.0,18.0,11.0,6.0,10.0,0.0,1.0,,,,,,,,,,,,,,
8897219,2020-2021,35,1620491400,finished,Manchester City,Chelsea,17,38,1.0,2.0,Etihad Stadium,Anthony Taylor,0.0,48.0,52.0,2.0,1.0,16.0,12.0,3.0,3.0,6.0,2.0,12.0,10.0,537.0,580.0,18.0,15.0,10.0,12.0,2.0,0.0,4.0,5.0,0.0,0.0,6.0,4.0,6.0,3.0,8.0,5.0,8.0,7.0,1.0,1.0,,,1.0,2.0,1.0,5.0,489.0,523.0,16.0,15.0,46.0,37.0,23.0,19.0,2.0,2.0,47.0,53.0,8.0,7.0,37.0,37.0,5.0,10.0,9.0,10.0,10.0,9.0,9.0,3.0,11.0,11.0,3.0,9.0,1.0,0.0,,,,,,,,,,,,,,
8897193,2020-2021,35,1620501300,finished,Liverpool,Southampton,44,45,2.0,0.0,Anfield,Kevin Friend,0.0,54.0,46.0,4.0,3.0,14.0,12.0,6.0,4.0,8.0,4.0,10.0,6.0,557.0,480.0,15.0,18.0,6.0,10.0,0.0,1.0,6.0,6.0,1.0,0.0,5.0,4.0,3.0,2.0,12.0,6.0,2.0,6.0,3.0,3.0,0.0,1.0,0.0,3.0,4.0,1.0,486.0,401.0,20.0,18.0,61.0,34.0,41.0,32.0,5.0,3.0,52.0,48.0,8.0,10.0,31.0,37.0,17.0,7.0,10.0,9.0,7.0,7.0,8.0,6.0,15.0,18.0,4.0,9.0,1.0,0.0,,,,,,,,,,,,,,
8897143,2020-2021,35,1620558000,finished,Wolverhampton,Brighton & Hove Albion,3,30,2.0,1.0,Molineux Stadium,Jonathan Moss,0.0,61.0,39.0,1.0,0.0,16.0,5.0,2.0,4.0,10.0,5.0,12.0,7.0,569.0,373.0,14.0,15.0,7.0,11.0,2.0,2.0,6.0,3.0,0.0,0.0,3.0,1.0,7.0,1.0,9.0,5.0,7.0,0.0,1.0,0.0,1.0,0.0,1.0,0.0,0.0,2.0,506.0,307.0,25.0,15.0,62.0,35.0,32.0,31.0,1.0,3.0,41.0,59.0,7.0,8.0,33.0,36.0,5.0,18.0,12.0,10.0,8.0,10.0,9.0,12.0,12.0,27.0,9.0,8.0,,,0.0,2.0,,,,,,,,,,,,
8897208,2020-2021,35,1620565500,finished,Aston Villa,Manchester United,40,35,1.0,3.0,Villa Park,Chris Kavanagh,0.0,41.0,59.0,0.0,2.0,11.0,18.0,4.0,5.0,5.0,6.0,13.0,18.0,383.0,563.0,14.0,10.0,17.0,12.0,3.0,1.0,5.0,7.0,0.0,0.0,3.0,4.0,3.0,7.0,5.0,11.0,6.0,7.0,,,,,2.0,1.0,,,307.0,483.0,12.0,16.0,58.0,58.0,19.0,30.0,2.0,4.0,51.0,49.0,6.0,6.0,38.0,31.0,9.0,15.0,8.0,9.0,5.0,7.0,10.0,11.0,20.0,19.0,4.0,7.0,0.0,2.0,1.0,0.0,,,,,,,,,,,,
8897162,2020-2021,35,1620574200,finished,West Ham United,Everton,37,48,0.0,1.0,London Stadium,Stuart Attwell,0.0,69.0,31.0,2.0,2.0,11.0,9.0,2.0,0.0,5.0,6.0,8.0,10.0,606.0,278.0,16.0,24.0,10.0,8.0,2.0,1.0,0.0,3.0,1.0,1.0,6.0,4.0,5.0,2.0,8.0,7.0,3.0,2.0,2.0,1.0,0.0,1.0,2.0,1.0,2.0,2.0,546.0,206.0,24.0,12.0,76.0,38.0,17.0,19.0,6.0,3.0,42.0,58.0,11.0,7.0,33.0,46.0,12.0,17.0,7.0,14.0,10.0,15.0,3.0,6.0,11.0,34.0,5.0,8.0,0.0,1.0,,,,,,,,,,,,,,
8897110,2020-2021,35,1620583200,finished,Arsenal,West Bromwich Albion,42,8,3.0,1.0,Emirates Stadium,Peter Bankes,0.0,66.0,34.0,1.0,3.0,15.0,12.0,0.0,4.0,6.0,6.0,7.0,9.0,576.0,288.0,11.0,14.0,8.0,7.0,1.0,2.0,7.0,1.0,0.0,1.0,5.0,7.0,3.0,4.0,7.0,6.0,8.0,6.0,0.0,3.0,,,2.0,1.0,1.0,2.0,497.0,210.0,17.0,21.0,52.0,56.0,15.0,26.0,3.0,6.0,49.0,51.0,6.0,4.0,26.0,26.0,11.0,12.0,7.0,5.0,8.0,11.0,12.0,13.0,25.0,12.0,6.0,6.0,1.0,0.0,,,,,,,,,,,,,,
8897103,2020-2021,35,1620673200,finished,Fulham,Burnley,43,6,0.0,2.0,Craven Cottage,David Coote,0.0,68.0,32.0,0.0,3.0,21.0,14.0,3.0,3.0,8.0,4.0,11.0,10.0,521.0,253.0,16.0,17.0,8.0,11.0,2.0,0.0,3.0,5.0,1.0,0.0,11.0,6.0,7.0,3.0,12.0,10.0,9.0,4.0,0.0,2.0,,,1.0,1.0,4.0,1.0,393.0,121.0,26.0,19.0,70.0,72.0,29.0,22.0,9.0,5.0,53.0,47.0,11.0,10.0,39.0,32.0,38.0,37.0,15.0,5.0,8.0,9.0,11.0,11.0,13.0,42.0,7.0,12.0,0.0,1.0,,,,,,,,,,,,,,
8897133,2020-2021,36,1620752400,finished,Manchester United,Leicester City,35,31,1.0,2.0,Old Trafford,Craig Pawson,0.0,53.0,47.0,0.0,2.0,4.0,12.0,1.0,0.0,3.0,4.0,9.0,12.0,561.0,491.0,12.0,17.0,12.0,9.0,,,1.0,3.0,0.0,0.0,3.0,3.0,0.0,6.0,4.0,4.0,0.0,8.0,0.0,1.0,,,1.0,2.0,3.0,0.0,462.0,404.0,25.0,21.0,44.0,59.0,24.0,21.0,2.0,5.0,53.0,47.0,9.0,4.0,38.0,30.0,10.0,13.0,16.0,5.0,7.0,8.0,8.0,13.0,14.0,9.0,6.0,3.0,0.0,1.0,,,,,,,,,,,,,,
9502921,2020-2021,32,1620760500,finished,Southampton,Crystal Palace,45,7,3.0,1.0,St. Mary's Stadium,Andy Madley,0.0,63.0,37.0,2.0,1.0,13.0,11.0,3.0,3.0,12.0,8.0,20.0,13.0,531.0,311.0,13.0,17.0,13.0,20.0,2.0,3.0,6.0,4.0,0.0,0.0,3.0,2.0,4.0,5.0,11.0,7.0,2.0,4.0,0.0,1.0,1.0,0.0,1.0,4.0,1.0,2.0,463.0,237.0,17.0,15.0,37.0,50.0,22.0,27.0,1.0,2.0,35.0,65.0,12.0,5.0,30.0,48.0,9.0,24.0,4.0,11.0,9.0,10.0,3.0,16.0,22.0,17.0,4.0,7.0,2.0,0.0,,,,,,,,,,,,,,
8897155,2020-2021,36,1620846900,finished,Chelsea,Arsenal,38,42,0.0,1.0,Stamford Bridge,Andre Marriner,0.0,68.0,32.0,2.0,1.0,19.0,5.0,2.0,4.0,9.0,1.0,7.0,6.0,765.0,369.0,4.0,14.0,5.0,5.0,0.0,1.0,5.0,2.0,2.0,0.0,9.0,1.0,5.0,2.0,14.0,3.0,5.0,2.0,2.0,0.0,,,0.0,1.0,4.0,2.0,686.0,293.0,20.0,16.0,67.0,42.0,18.0,14.0,10.0,3.0,55.0,45.0,4.0,2.0,21.0,23.0,17.0,8.0,12.0,4.0,4.0,8.0,6.0,8.0,5.0,37.0,4.0,12.0,0.0,1.0,,,,,,,,,,,,,,
8897181,2020-2021,30,1617467400,finished,Leicester City,Manchester City,31,17,0.0,2.0,King Power Stadium,Anthony Taylor,0.0,44.0,56.0,0.0,3.0,5.0,11.0,2.0,2.0,1.0,1.0,13.0,12.0,452.0,571.0,19.0,14.0,12.0,13.0,2.0,3.0,2.0,4.0,0.0,1.0,2.0,6.0,1.0,1.0,3.0,9.0,2.0,2.0,0.0,2.0,0.0,1.0,1.0,5.0,3.0,1.0,374.0,502.0,15.0,18.0,26.0,63.0,25.0,30.0,1.0,4.0,56.0,44.0,5.0,12.0,50.0,38.0,13.0,11.0,19.0,11.0,13.0,7.0,10.0,13.0,12.0,6.0,9.0,3.0,0.0,1.0,,,,,,,,,,,,,,
8897146,2020-2021,30,1617476400,finished,Arsenal,Liverpool,42,44,0.0,3.0,Emirates Stadium,Martin Atkinson,0.0,36.0,64.0,0.0,6.0,3.0,16.0,4.0,2.0,1.0,2.0,10.0,10.0,395.0,703.0,21.0,18.0,10.0,10.0,1.0,1.0,2.0,7.0,0.0,0.0,0.0,6.0,1.0,3.0,2.0,9.0,1.0,7.0,0.0,3.0,0.0,1.0,0.0,3.0,0.0,3.0,300.0,608.0,19.0,20.0,45.0,58.0,20.0,28.0,1.0,7.0,45.0,55.0,9.0,15.0,37.0,41.0,13.0,19.0,6.0,13.0,5.0,11.0,7.0,6.0,24.0,10.0,8.0,1.0,0.0,3.0,,,,,,,,,,,,,,
8897159,2020-2021,30,1617534000,finished,Southampton,Burnley,45,6,3.0,2.0,St. Mary's Stadium,Andre Marriner,0.0,53.0,47.0,4.0,2.0,24.0,7.0,3.0,5.0,6.0,7.0,11.0,10.0,424.0,352.0,14.0,18.0,10.0,10.0,,,9.0,5.0,1.0,0.0,3.0,2.0,12.0,0.0,12.0,5.0,12.0,2.0,2.0,1.0,,,1.0,3.0,0.0,1.0,324.0,243.0,18.0,18.0,53.0,64.0,18.0,22.0,3.0,3.0,55.0,45.0,10.0,7.0,38.0,34.0,26.0,18.0,15.0,6.0,7.0,14.0,8.0,10.0,39.0,28.0,4.0,6.0,2.0,1.0,,,,,,,,,,,,,,
8897195,2020-2021,30,1617541500,finished,Newcastle United,Tottenham Hotspur,39,33,2.0,2.0,St James' Park,Craig Pawson,0.0,41.0,59.0,6.0,3.0,22.0,11.0,2.0,4.0,7.0,3.0,13.0,14.0,348.0,521.0,11.0,14.0,14.0,13.0,3.0,2.0,6.0,5.0,1.0,1.0,7.0,4.0,9.0,2.0,17.0,7.0,5.0,4.0,4.0,1.0,0.0,2.0,1.0,6.0,1.0,3.0,257.0,427.0,20.0,8.0,71.0,52.0,34.0,17.0,8.0,2.0,45.0,55.0,3.0,7.0,36.0,42.0,17.0,23.0,11.0,15.0,4.0,8.0,5.0,14.0,19.0,24.0,9.0,6.0,2.0,2.0,,,,,,,,,,,,,,
8897171,2020-2021,30,1617550200,finished,Aston Villa,Fulham,40,43,3.0,1.0,Villa Park,Anthony Taylor,0.0,53.0,47.0,2.0,1.0,14.0,15.0,6.0,1.0,4.0,4.0,14.0,20.0,418.0,384.0,15.0,23.0,19.0,13.0,1.0,2.0,4.0,7.0,0.0,0.0,5.0,5.0,5.0,3.0,7.0,8.0,7.0,7.0,,,,,6.0,2.0,5.0,2.0,334.0,288.0,18.0,15.0,63.0,55.0,32.0,25.0,7.0,4.0,49.0,51.0,11.0,7.0,46.0,48.0,19.0,19.0,12.0,12.0,7.0,13.0,14.0,4.0,11.0,25.0,4.0,7.0,2.0,1.0,,,,,,,,,,,,,,
8897164,2020-2021,30,1617561000,finished,Manchester United,Brighton & Hove Albion,35,30,2.0,1.0,Old Trafford,Mike Dean,0.0,58.0,42.0,4.0,3.0,15.0,5.0,2.0,5.0,5.0,6.0,14.0,7.0,604.0,436.0,13.0,20.0,7.0,13.0,2.0,2.0,7.0,3.0,1.0,1.0,6.0,0.0,2.0,2.0,9.0,5.0,6.0,0.0,2.0,2.0,,,0.0,2.0,0.0,2.0,510.0,336.0,17.0,18.0,97.0,44.0,20.0,13.0,4.0,3.0,51.0,49.0,11.0,9.0,32.0,41.0,18.0,7.0,12.0,8.0,7.0,8.0,13.0,19.0,17.0,19.0,5.0,9.0,2.0,1.0,,,,,,,,,,,,,,
8897189,2020-2021,30,1617642000,finished,Everton,Crystal Palace,48,7,1.0,1.0,Goodison Park,Kevin Friend,0.0,48.0,52.0,6.0,1.0,15.0,13.0,5.0,6.0,3.0,4.0,10.0,10.0,459.0,512.0,16.0,17.0,9.0,10.0,2.0,0.0,7.0,6.0,0.0,0.0,7.0,4.0,1.0,3.0,11.0,8.0,4.0,5.0,6.0,0.0,2.0,0.0,3.0,0.0,2.0,1.0,368.0,425.0,15.0,15.0,61.0,48.0,36.0,26.0,6.0,1.0,52.0,48.0,9.0,8.0,31.0,35.0,17.0,10.0,6.0,8.0,9.0,13.0,9.0,8.0,19.0,10.0,9.0,9.0,0.0,1.0,,,,,,,,,,,,,,
8897148,2020-2021,30,1617650100,finished,Wolverhampton,West Ham United,3,37,2.0,3.0,Molineux Stadium,Michael Oliver,0.0,66.0,34.0,4.0,3.0,20.0,9.0,3.0,3.0,4.0,2.0,9.0,9.0,628.0,322.0,20.0,11.0,8.0,9.0,1.0,4.0,5.0,6.0,1.0,1.0,13.0,3.0,2.0,0.0,15.0,8.0,5.0,1.0,2.0,2.0,1.0,0.0,2.0,1.0,1.0,1.0,552.0,239.0,16.0,20.0,78.0,47.0,37.0,24.0,9.0,2.0,54.0,46.0,7.0,8.0,45.0,29.0,19.0,25.0,17.0,9.0,9.0,8.0,9.0,12.0,14.0,21.0,3.0,16.0,2.0,1.0,,,30.0,14.0,106.0,51.0,0.0,1.0,1.0,0.0,1.0,0.0,,
8897128,2020-2021,31,1617994800,finished,Fulham,Wolverhampton,43,3,0.0,1.0,Craven Cottage,Jonathan Moss,0.0,50.0,50.0,1.0,0.0,14.0,7.0,2.0,3.0,3.0,4.0,11.0,8.0,439.0,452.0,18.0,19.0,8.0,11.0,,,3.0,3.0,1.0,0.0,7.0,4.0,4.0,0.0,9.0,5.0,5.0,2.0,1.0,0.0,,,2.0,3.0,3.0,1.0,369.0,376.0,23.0,23.0,62.0,55.0,39.0,26.0,9.0,6.0,50.0,50.0,12.0,11.0,31.0,38.0,24.0,16.0,5.0,8.0,8.0,8.0,9.0,13.0,10.0,23.0,13.0,11.0,,,,,,,,,,,,,,,,
8897120,2020-2021,31,1618054200,finished,Manchester City,Leeds United,17,34,1.0,2.0,Etihad Stadium,Andre Marriner,0.0,71.0,29.0,2.0,0.0,29.0,2.0,0.0,6.0,9.0,3.0,12.0,15.0,621.0,252.0,8.0,16.0,15.0,12.0,3.0,1.0,7.0,2.0,0.0,0.0,11.0,0.0,11.0,0.0,14.0,0.0,15.0,2.0,1.0,0.0,0.0,1.0,4.0,1.0,2.0,3.0,556.0,173.0,23.0,9.0,67.0,30.0,12.0,22.0,8.0,1.0,53.0,47.0,12.0,1.0,40.0,36.0,12.0,11.0,17.0,8.0,6.0,6.0,6.0,8.0,6.0,35.0,0.0,17.0,1.0,0.0,0.0,1.0,,,,,,,,,,,,
8897154,2020-2021,31,1618063200,finished,Liverpool,Aston Villa,44,40,2.0,1.0,Anfield,Paul Tierney,0.0,66.0,34.0,3.0,1.0,23.0,9.0,4.0,8.0,7.0,0.0,16.0,11.0,577.0,296.0,14.0,18.0,11.0,15.0,2.0,4.0,10.0,5.0,0.0,1.0,6.0,4.0,7.0,0.0,17.0,6.0,6.0,3.0,2.0,1.0,,,3.0,2.0,2.0,2.0,480.0,202.0,19.0,31.0,56.0,58.0,19.0,35.0,3.0,3.0,49.0,51.0,11.0,9.0,36.0,41.0,21.0,19.0,11.0,8.0,9.0,5.0,7.0,17.0,16.0,23.0,11.0,11.0,1.0,0.0,,,,,,,,,,,,,,
8897172,2020-2021,31,1618072200,finished,Crystal Palace,Chelsea,7,38,1.0,4.0,Selhurst Park,Michael Oliver,0.0,36.0,64.0,1.0,6.0,1.0,23.0,5.0,0.0,0.0,8.0,7.0,12.0,434.0,782.0,14.0,20.0,11.0,6.0,1.0,0.0,1.0,10.0,0.0,0.0,0.0,6.0,0.0,7.0,1.0,19.0,0.0,4.0,0.0,4.0,0.0,1.0,2.0,3.0,1.0,2.0,336.0,699.0,20.0,17.0,30.0,62.0,26.0,30.0,2.0,11.0,53.0,47.0,11.0,9.0,32.0,35.0,27.0,17.0,8.0,9.0,5.0,14.0,14.0,9.0,17.0,9.0,9.0,4.0,1.0,2.0,,,,,,,,,,,,,,
8897175,2020-2021,31,1618138800,finished,Burnley,Newcastle United,6,39,1.0,2.0,Turf Moor,Anthony Taylor,0.0,57.0,43.0,1.0,2.0,24.0,10.0,2.0,4.0,13.0,3.0,11.0,12.0,445.0,342.0,12.0,10.0,11.0,11.0,1.0,0.0,4.0,5.0,0.0,0.0,14.0,2.0,6.0,3.0,17.0,10.0,7.0,0.0,0.0,2.0,,,3.0,1.0,0.0,2.0,343.0,228.0,21.0,24.0,90.0,50.0,47.0,26.0,9.0,7.0,48.0,52.0,8.0,4.0,25.0,26.0,24.0,28.0,2.0,5.0,6.0,5.0,10.0,9.0,9.0,41.0,7.0,8.0,1.0,0.0,,,,,,,,,,,,,,
8897180,2020-2021,31,1618146300,finished,West Ham United,Leicester City,37,31,3.0,2.0,London Stadium,Mike Dean,0.0,36.0,64.0,2.0,0.0,4.0,15.0,2.0,1.0,1.0,9.0,7.0,13.0,365.0,629.0,10.0,13.0,13.0,7.0,3.0,3.0,4.0,5.0,0.0,0.0,0.0,5.0,0.0,5.0,4.0,10.0,0.0,5.0,,,0.0,1.0,3.0,3.0,3.0,1.0,267.0,527.0,21.0,18.0,49.0,76.0,23.0,30.0,1.0,6.0,47.0,53.0,7.0,4.0,35.0,30.0,17.0,29.0,12.0,11.0,5.0,8.0,15.0,12.0,23.0,8.0,4.0,2.0,2.0,0.0,,,,,,,,,,,,,,
8897188,2020-2021,31,1618155000,finished,Tottenham Hotspur,Manchester United,33,35,1.0,3.0,Tottenham Hotspur Stadium,Chris Kavanagh,0.0,47.0,53.0,1.0,3.0,12.0,12.0,4.0,2.0,7.0,5.0,11.0,15.0,439.0,503.0,21.0,19.0,15.0,11.0,1.0,5.0,3.0,7.0,1.0,0.0,6.0,2.0,3.0,3.0,9.0,9.0,3.0,3.0,0.0,1.0,0.0,1.0,0.0,1.0,3.0,1.0,356.0,422.0,20.0,19.0,54.0,60.0,22.0,23.0,1.0,5.0,46.0,54.0,8.0,14.0,46.0,44.0,7.0,17.0,10.0,14.0,13.0,11.0,11.0,14.0,14.0,16.0,4.0,8.0,1.0,2.0,,,,,,,,,,,,,,
8897206,2020-2021,31,1618164000,finished,Sheffield United,Arsenal,15,42,0.0,3.0,Bramall Lane,Peter Bankes,0.0,45.0,55.0,0.0,3.0,7.0,14.0,2.0,2.0,2.0,4.0,9.0,6.0,469.0,577.0,16.0,12.0,5.0,9.0,1.0,1.0,2.0,5.0,0.0,0.0,2.0,3.0,3.0,6.0,5.0,8.0,2.0,6.0,,,0.0,2.0,0.0,1.0,2.0,3.0,397.0,514.0,15.0,25.0,44.0,46.0,25.0,21.0,1.0,2.0,43.0,57.0,10.0,9.0,24.0,29.0,9.0,14.0,3.0,8.0,7.0,7.0,5.0,2.0,19.0,11.0,5.0,6.0,0.0,3.0,,,,,,,,,,,,,,
8897170,2020-2021,31,1618246800,finished,West Bromwich Albion,Southampton,8,45,3.0,0.0,The Hawthorns,Simon Hooper,0.0,40.0,60.0,6.0,1.0,15.0,14.0,4.0,3.0,5.0,10.0,12.0,11.0,285.0,442.0,15.0,14.0,11.0,12.0,0.0,1.0,6.0,4.0,0.0,0.0,6.0,10.0,3.0,0.0,13.0,8.0,2.0,6.0,3.0,1.0,,,2.0,4.0,4.0,2.0,191.0,340.0,16.0,20.0,40.0,62.0,23.0,16.0,4.0,5.0,50.0,50.0,7.0,7.0,36.0,38.0,22.0,21.0,10.0,12.0,12.0,9.0,17.0,17.0,24.0,14.0,11.0,11.0,3.0,0.0,,,,,,,,,,,,,,
8897179,2020-2021,31,1618254900,finished,Brighton & Hove Albion,Everton,30,48,0.0,0.0,American Express Stadium,Darren England,0.0,55.0,45.0,,,23.0,8.0,1.0,3.0,10.0,3.0,12.0,7.0,503.0,400.0,18.0,7.0,7.0,12.0,1.0,2.0,3.0,1.0,0.0,0.0,10.0,6.0,10.0,1.0,15.0,3.0,8.0,5.0,,,,,2.0,1.0,0.0,1.0,410.0,311.0,18.0,22.0,58.0,36.0,31.0,32.0,2.0,3.0,49.0,51.0,6.0,14.0,31.0,27.0,11.0,16.0,6.0,9.0,12.0,6.0,11.0,19.0,16.0,21.0,7.0,10.0,,,,,,,,,,,,,,,,
8897119,2020-2021,32,1618599600,finished,Everton,Tottenham Hotspur,48,33,2.0,2.0,Goodison Park,Michael Oliver,0.0,53.0,47.0,1.0,2.0,18.0,12.0,1.0,5.0,6.0,3.0,8.0,8.0,502.0,450.0,22.0,19.0,8.0,8.0,1.0,1.0,7.0,3.0,0.0,2.0,8.0,4.0,3.0,5.0,12.0,7.0,6.0,5.0,,,,,4.0,1.0,2.0,0.0,394.0,339.0,20.0,25.0,43.0,45.0,21.0,24.0,3.0,2.0,50.0,50.0,10.0,12.0,35.0,34.0,18.0,18.0,5.0,7.0,12.0,10.0,8.0,7.0,22.0,13.0,6.0,11.0,1.0,2.0,,,,,,,,,,,,,,
8897127,2020-2021,32,1618659000,finished,Newcastle United,West Ham United,39,37,3.0,2.0,St James' Park,Kevin Friend,0.0,35.0,65.0,3.0,4.0,16.0,16.0,4.0,4.0,3.0,8.0,9.0,7.0,272.0,510.0,16.0,11.0,7.0,8.0,2.0,2.0,8.0,6.0,0.0,0.0,1.0,4.0,7.0,6.0,7.0,8.0,9.0,8.0,2.0,2.0,,,2.0,4.0,2.0,0.0,204.0,432.0,16.0,39.0,27.0,54.0,20.0,25.0,1.0,6.0,52.0,48.0,4.0,7.0,32.0,32.0,12.0,9.0,10.0,13.0,10.0,7.0,11.0,9.0,33.0,7.0,8.0,3.0,1.0,2.0,0.0,1.0,,,,,,,,,,,,
8897147,2020-2021,32,1618668000,postponed,Southampton,Crystal Palace,45,7,,,St. Mary's Stadium,,,,,,,,,,,,,,,,,,,,,,,,,,,,,,,,,,,,,,,,,,,,,,,,,,,,,,,,,,,,,,,,,,,,,,,,,,,,,,,,,,,,,,
8897113,2020-2021,32,1618686900,finished,Wolverhampton,Sheffield United,3,15,1.0,0.0,Molineux Stadium,Robert Jones,0.0,48.0,52.0,1.0,1.0,10.0,8.0,2.0,3.0,3.0,3.0,8.0,15.0,479.0,512.0,15.0,19.0,15.0,8.0,1.0,2.0,5.0,2.0,1.0,0.0,3.0,2.0,2.0,4.0,9.0,5.0,1.0,3.0,1.0,1.0,,,1.0,3.0,2.0,2.0,407.0,445.0,27.0,14.0,39.0,62.0,32.0,27.0,5.0,7.0,54.0,46.0,9.0,11.0,38.0,35.0,15.0,11.0,8.0,8.0,9.0,11.0,10.0,6.0,21.0,9.0,4.0,4.0,,,,,,,,,,,,,,,,
8897211,2020-2021,32,1618749000,finished,Arsenal,Fulham,42,43,1.0,1.0,Emirates Stadium,Craig Pawson,0.0,70.0,30.0,5.0,1.0,18.0,3.0,0.0,4.0,11.0,1.0,9.0,11.0,633.0,286.0,18.0,12.0,11.0,9.0,0.0,3.0,5.0,1.0,1.0,0.0,8.0,0.0,5.0,2.0,12.0,2.0,6.0,1.0,4.0,0.0,2.0,0.0,2.0,1.0,5.0,0.0,558.0,212.0,16.0,13.0,70.0,35.0,17.0,15.0,8.0,0.0,55.0,45.0,3.0,8.0,40.0,32.0,19.0,17.0,11.0,11.0,8.0,8.0,8.0,11.0,6.0,32.0,2.0,16.0,1.0,1.0,,,,,,,,,,,,,,
8897194,2020-2021,32,1618758000,finished,Manchester United,Burnley,35,6,3.0,1.0,Old Trafford,Jonathan Moss,0.0,69.0,31.0,5.0,2.0,17.0,10.0,2.0,5.0,8.0,3.0,9.0,12.0,610.0,266.0,13.0,15.0,10.0,9.0,1.0,2.0,9.0,3.0,0.0,0.0,4.0,4.0,4.0,3.0,15.0,6.0,2.0,4.0,3.0,1.0,1.0,0.0,1.0,2.0,2.0,4.0,540.0,196.0,25.0,11.0,63.0,47.0,32.0,24.0,7.0,3.0,54.0,46.0,12.0,2.0,37.0,28.0,14.0,16.0,15.0,4.0,9.0,6.0,4.0,12.0,16.0,29.0,5.0,7.0,2.0,1.0,,,,,,,,,,,,,,
8897214,2020-2021,32,1618858800,finished,Leeds United,Liverpool,34,44,1.0,1.0,Elland Road,Anthony Taylor,0.0,62.0,38.0,6.0,2.0,12.0,17.0,6.0,4.0,10.0,8.0,7.0,15.0,525.0,322.0,23.0,15.0,14.0,6.0,2.0,1.0,5.0,7.0,1.0,0.0,4.0,6.0,3.0,4.0,12.0,12.0,0.0,5.0,6.0,1.0,2.0,2.0,2.0,0.0,0.0,4.0,440.0,250.0,18.0,26.0,49.0,40.0,41.0,23.0,4.0,4.0,61.0,39.0,7.0,9.0,49.0,28.0,11.0,10.0,12.0,7.0,13.0,10.0,10.0,10.0,17.0,29.0,12.0,7.0,0.0,1.0,,,,,,,,,,,,,,
8897187,2020-2021,32,1618945200,finished,Chelsea,Brighton & Hove Albion,38,30,0.0,0.0,Stamford Bridge,Stuart Attwell,0.0,64.0,36.0,1.0,0.0,7.0,11.0,2.0,4.0,0.0,3.0,8.0,9.0,740.0,410.0,8.0,25.0,8.0,8.0,2.0,2.0,4.0,2.0,0.0,1.0,2.0,4.0,1.0,5.0,6.0,5.0,1.0,6.0,1.0,0.0,,,2.0,2.0,3.0,0.0,654.0,313.0,19.0,23.0,45.0,57.0,13.0,28.0,3.0,0.0,44.0,56.0,13.0,4.0,31.0,39.0,10.0,14.0,15.0,6.0,2.0,12.0,10.0,15.0,9.0,6.0,7.0,7.0,,,0.0,1.0,,,,,,,,,,,,
9437903,2020-2021,29,1619024400,finished,Tottenham Hotspur,Southampton,33,45,2.0,1.0,Tottenham Hotspur Stadium,David Coote,0.0,62.0,38.0,1.0,2.0,12.0,10.0,4.0,1.0,5.0,5.0,10.0,14.0,610.0,371.0,18.0,29.0,14.0,10.0,2.0,1.0,3.0,5.0,0.0,0.0,5.0,3.0,4.0,2.0,8.0,5.0,4.0,5.0,0.0,2.0,,,2.0,0.0,2.0,0.0,509.0,276.0,28.0,14.0,45.0,33.0,15.0,18.0,4.0,4.0,49.0,51.0,12.0,8.0,42.0,49.0,17.0,13.0,11.0,10.0,10.0,15.0,8.0,7.0,13.0,16.0,1.0,8.0,1.0,0.0,,,,,,,,,,,,,,
8897196,2020-2021,32,1619032500,finished,Aston Villa,Manchester City,40,17,1.0,2.0,Villa Park,Peter Bankes,0.0,28.0,72.0,1.0,2.0,8.0,13.0,1.0,2.0,1.0,11.0,12.0,7.0,304.0,806.0,12.0,5.0,7.0,11.0,2.0,1.0,3.0,3.0,0.0,0.0,3.0,7.0,2.0,3.0,7.0,6.0,1.0,7.0,,,,,1.0,4.0,1.0,2.0,239.0,740.0,14.0,16.0,36.0,62.0,19.0,25.0,5.0,4.0,49.0,51.0,3.0,7.0,26.0,27.0,14.0,14.0,7.0,12.0,6.0,2.0,5.0,4.0,20.0,7.0,6.0,7.0,1.0,2.0,1.0,1.0,,,,,,,,,,,,
8897126,2020-2021,32,1619118000,finished,Leicester City,West Bromwich Albion,31,8,3.0,0.0,King Power Stadium,Andy Madley,,73.0,27.0,5.0,0.0,17.0,4.0,1.0,4.0,7.0,3.0,13.0,12.0,706.0,255.0,19.0,10.0,12.0,13.0,0.0,2.0,7.0,1.0,1.0,1.0,5.0,3.0,5.0,0.0,8.0,2.0,9.0,2.0,2.0,0.0,1.0,0.0,3.0,2.0,1.0,0.0,607.0,162.0,23.0,24.0,70.0,39.0,25.0,22.0,0.0,2.0,60.0,40.0,7.0,9.0,38.0,26.0,17.0,11.0,8.0,3.0,15.0,7.0,12.0,10.0,7.0,18.0,4.0,8.0,3.0,0.0,,,,,,,,,,,,,,
8897132,2020-2021,33,1619204400,finished,Arsenal,Everton,42,48,0.0,1.0,Emirates Stadium,Jonathan Moss,,59.0,41.0,,,14.0,8.0,1.0,3.0,7.0,3.0,13.0,10.0,627.0,438.0,10.0,19.0,10.0,13.0,1.0,3.0,3.0,1.0,0.0,1.0,3.0,3.0,8.0,4.0,9.0,4.0,5.0,4.0,,,,,1.0,2.0,2.0,1.0,574.0,358.0,19.0,9.0,80.0,34.0,33.0,23.0,7.0,1.0,41.0,59.0,9.0,9.0,25.0,40.0,12.0,13.0,6.0,9.0,4.0,14.0,9.0,8.0,10.0,18.0,4.0,5.0,,,,,,,,,,,,,,,,
8897121,2020-2021,33,1614880800,finished,Fulham,Tottenham Hotspur,43,33,0.0,1.0,Craven Cottage,David Coote,0.0,60.0,40.0,0.0,3.0,11.0,9.0,2.0,3.0,4.0,1.0,13.0,9.0,544.0,378.0,11.0,21.0,9.0,12.0,2.0,1.0,3.0,2.0,1.0,0.0,7.0,5.0,1.0,2.0,7.0,5.0,4.0,4.0,0.0,3.0,0.0,1.0,2.0,3.0,4.0,2.0,451.0,274.0,25.0,19.0,49.0,50.0,28.0,32.0,5.0,1.0,48.0,52.0,12.0,8.0,39.0,43.0,12.0,13.0,19.0,10.0,7.0,10.0,14.0,7.0,5.0,31.0,7.0,11.0,,,,,,,,,,,,,,,,
8897072,2020-2021,29,1614888900,finished,Liverpool,Chelsea,44,38,0.0,1.0,Anfield,Martin Atkinson,0.0,54.0,46.0,1.0,1.0,7.0,11.0,3.0,1.0,5.0,2.0,9.0,8.0,656.0,549.0,14.0,19.0,8.0,9.0,,,1.0,5.0,0.0,0.0,4.0,5.0,2.0,1.0,4.0,7.0,3.0,4.0,1.0,1.0,0.0,1.0,1.0,1.0,1.0,4.0,571.0,469.0,30.0,16.0,81.0,37.0,33.0,25.0,2.0,0.0,53.0,47.0,9.0,10.0,41.0,36.0,10.0,9.0,19.0,8.0,6.0,14.0,12.0,11.0,14.0,30.0,4.0,8.0,,,,,,,,,,,,,,,,
8897091,2020-2021,27,1615033800,finished,Burnley,Arsenal,6,42,1.0,1.0,Turf Moor,Andre Marriner,0.0,41.0,59.0,2.0,4.0,9.0,15.0,1.0,4.0,2.0,3.0,5.0,12.0,419.0,595.0,15.0,12.0,10.0,4.0,1.0,1.0,5.0,3.0,0.0,2.0,4.0,6.0,0.0,6.0,6.0,11.0,3.0,4.0,1.0,4.0,,,1.0,0.0,2.0,2.0,302.0,488.0,21.0,22.0,77.0,49.0,40.0,16.0,1.0,4.0,55.0,45.0,9.0,8.0,29.0,19.0,26.0,26.0,4.0,3.0,11.0,6.0,11.0,5.0,16.0,17.0,4.0,6.0,1.0,0.0,,,,,,,,,,,,,,
8897101,2020-2021,27,1615042800,finished,Sheffield United,Southampton,15,45,0.0,2.0,Bramall Lane,Paul Tierney,0.0,51.0,49.0,2.0,3.0,8.0,15.0,5.0,2.0,7.0,3.0,17.0,11.0,393.0,390.0,16.0,17.0,11.0,17.0,4.0,3.0,2.0,7.0,0.0,0.0,5.0,4.0,1.0,4.0,4.0,7.0,4.0,8.0,2.0,2.0,1.0,0.0,2.0,5.0,2.0,2.0,275.0,294.0,26.0,19.0,65.0,45.0,31.0,23.0,6.0,2.0,49.0,51.0,7.0,9.0,37.0,45.0,22.0,16.0,10.0,11.0,11.0,10.0,9.0,11.0,21.0,23.0,6.0,8.0,0.0,1.0,,,,,,,,,,,,,,
8897087,2020-2021,27,1615051800,finished,Aston Villa,Wolverhampton,40,3,0.0,0.0,Villa Park,Andy Madley,0.0,49.0,51.0,1.0,3.0,9.0,10.0,2.0,1.0,5.0,3.0,13.0,13.0,410.0,424.0,23.0,12.0,13.0,12.0,1.0,0.0,1.0,2.0,2.0,1.0,5.0,6.0,3.0,2.0,6.0,5.0,3.0,5.0,1.0,3.0,,,1.0,4.0,3.0,0.0,319.0,350.0,21.0,19.0,60.0,45.0,30.0,30.0,3.0,5.0,55.0,45.0,5.0,9.0,41.0,31.0,16.0,15.0,6.0,8.0,12.0,7.0,7.0,13.0,16.0,29.0,9.0,9.0,,,,,,,,,,,,,,,,
8897097,2020-2021,27,1615060800,finished,Brighton & Hove Albion,Leicester City,30,31,1.0,2.0,American Express Stadium,Michael Oliver,0.0,37.0,63.0,1.0,2.0,7.0,8.0,2.0,1.0,6.0,6.0,14.0,8.0,340.0,616.0,30.0,23.0,7.0,10.0,0.0,1.0,2.0,4.0,1.0,0.0,3.0,4.0,2.0,0.0,6.0,5.0,1.0,3.0,,,1.0,2.0,2.0,2.0,4.0,1.0,256.0,520.0,22.0,24.0,50.0,60.0,18.0,30.0,4.0,3.0,48.0,52.0,9.0,21.0,44.0,44.0,9.0,13.0,7.0,11.0,20.0,12.0,9.0,21.0,5.0,16.0,8.0,9.0,1.0,2.0,,,,,,,,,,,,,,
8897095,2020-2021,27,1615118400,finished,West Bromwich Albion,Newcastle United,8,39,0.0,0.0,The Hawthorns,Martin Atkinson,0.0,53.0,47.0,2.0,0.0,13.0,9.0,5.0,3.0,9.0,7.0,11.0,10.0,396.0,365.0,11.0,17.0,10.0,11.0,,,3.0,5.0,0.0,0.0,6.0,2.0,4.0,2.0,8.0,7.0,5.0,2.0,2.0,0.0,,,0.0,1.0,1.0,1.0,295.0,246.0,26.0,25.0,62.0,49.0,36.0,19.0,8.0,2.0,54.0,46.0,9.0,7.0,34.0,32.0,35.0,27.0,13.0,4.0,7.0,9.0,11.0,11.0,21.0,30.0,5.0,15.0,,,,,,,,,,,,,,,,
8897090,2020-2021,27,1615125600,finished,Liverpool,Fulham,44,43,0.0,1.0,Anfield,Kevin Friend,0.0,63.0,37.0,0.0,1.0,16.0,10.0,2.0,3.0,9.0,4.0,10.0,8.0,708.0,414.0,13.0,15.0,6.0,10.0,2.0,3.0,3.0,3.0,1.0,0.0,11.0,5.0,2.0,2.0,10.0,9.0,6.0,1.0,0.0,1.0,,,1.0,3.0,3.0,1.0,594.0,321.0,22.0,14.0,81.0,47.0,16.0,32.0,8.0,3.0,47.0,53.0,10.0,5.0,26.0,33.0,17.0,16.0,7.0,8.0,10.0,5.0,9.0,19.0,13.0,42.0,8.0,10.0,,,,,,,,,,,,,,,,
8897099,2020-2021,27,1615134600,finished,Manchester City,Manchester United,17,35,0.0,2.0,Etihad Stadium,Anthony Taylor,0.0,66.0,34.0,2.0,3.0,23.0,8.0,4.0,6.0,6.0,2.0,9.0,12.0,715.0,374.0,17.0,13.0,10.0,9.0,0.0,3.0,6.0,6.0,1.0,0.0,10.0,0.0,7.0,2.0,13.0,7.0,10.0,1.0,2.0,2.0,,,3.0,1.0,0.0,1.0,643.0,293.0,20.0,11.0,67.0,25.0,17.0,17.0,4.0,0.0,58.0,42.0,9.0,9.0,39.0,33.0,10.0,3.0,12.0,11.0,8.0,8.0,14.0,17.0,7.0,20.0,3.0,17.0,0.0,1.0,,,,,,,,,,,,,,
8897106,2020-2021,27,1615144500,finished,Tottenham Hotspur,Crystal Palace,33,7,4.0,1.0,Tottenham Hotspur Stadium,Stuart Attwell,0.0,64.0,36.0,4.0,1.0,12.0,5.0,0.0,1.0,1.0,5.0,8.0,17.0,690.0,373.0,27.0,18.0,16.0,8.0,2.0,3.0,5.0,1.0,0.0,1.0,4.0,3.0,3.0,1.0,9.0,3.0,3.0,2.0,1.0,0.0,,,1.0,3.0,1.0,4.0,606.0,282.0,11.0,23.0,61.0,49.0,36.0,20.0,6.0,4.0,55.0,45.0,6.0,18.0,53.0,37.0,19.0,22.0,11.0,12.0,17.0,13.0,19.0,7.0,20.0,11.0,2.0,6.0,3.0,1.0,,,,,,,,,,,,,,
8897082,2020-2021,27,1615226400,finished,Chelsea,Everton,38,48,2.0,0.0,Stamford Bridge,David Coote,0.0,66.0,34.0,5.0,0.0,19.0,7.0,1.0,8.0,7.0,3.0,11.0,12.0,713.0,369.0,18.0,10.0,12.0,10.0,0.0,3.0,9.0,1.0,0.0,0.0,6.0,4.0,4.0,2.0,11.0,2.0,8.0,5.0,4.0,0.0,3.0,0.0,3.0,1.0,1.0,0.0,635.0,298.0,20.0,15.0,53.0,34.0,20.0,26.0,3.0,1.0,62.0,38.0,5.0,15.0,46.0,26.0,15.0,12.0,16.0,6.0,9.0,5.0,8.0,9.0,11.0,11.0,6.0,6.0,1.0,0.0,,,,,,,,,,,,,,
8897105,2020-2021,27,1615233600,finished,West Ham United,Leeds United,37,34,2.0,0.0,London Stadium,Mike Dean,0.0,35.0,65.0,4.0,2.0,16.0,17.0,2.0,3.0,6.0,6.0,9.0,9.0,276.0,528.0,14.0,19.0,9.0,9.0,1.0,1.0,5.0,2.0,2.0,0.0,6.0,10.0,5.0,5.0,8.0,11.0,8.0,6.0,2.0,2.0,0.0,1.0,5.0,0.0,1.0,1.0,190.0,441.0,14.0,23.0,40.0,51.0,13.0,33.0,5.0,5.0,47.0,53.0,11.0,8.0,27.0,34.0,17.0,15.0,4.0,6.0,8.0,11.0,18.0,10.0,17.0,11.0,15.0,6.0,2.0,0.0,,,,,,,,,,,,,,
8897185,2020-2021,33,1615399200,finished,Manchester City,Southampton,17,45,5.0,2.0,Etihad Stadium,Jonathan Moss,0.0,58.0,42.0,4.0,2.0,17.0,11.0,4.0,5.0,5.0,5.0,6.0,4.0,673.0,481.0,8.0,22.0,4.0,6.0,1.0,0.0,10.0,6.0,1.0,0.0,5.0,3.0,2.0,2.0,12.0,7.0,5.0,4.0,1.0,0.0,,,0.0,3.0,1.0,4.0,613.0,401.0,21.0,18.0,63.0,43.0,33.0,24.0,1.0,2.0,45.0,55.0,10.0,6.0,28.0,34.0,10.0,12.0,16.0,6.0,5.0,15.0,8.0,13.0,10.0,11.0,4.0,6.0,3.0,2.0,,,,,,,,,,,,,,
8897079,2020-2021,28,1615579200,finished,Newcastle United,Aston Villa,39,40,1.0,1.0,St James' Park,Paul Tierney,0.0,49.0,51.0,2.0,2.0,12.0,15.0,6.0,3.0,2.0,2.0,10.0,10.0,392.0,411.0,20.0,16.0,9.0,9.0,2.0,3.0,3.0,6.0,1.0,0.0,4.0,4.0,5.0,5.0,9.0,7.0,3.0,8.0,1.0,2.0,,,2.0,3.0,0.0,4.0,282.0,312.0,23.0,30.0,55.0,50.0,30.0,29.0,8.0,3.0,50.0,50.0,10.0,18.0,40.0,35.0,23.0,29.0,11.0,10.0,12.0,7.0,10.0,11.0,18.0,30.0,9.0,5.0,1.0,0.0,,,,,,,,,,,,,,
8897063,2020-2021,28,1615638600,finished,Leeds United,Chelsea,34,38,0.0,0.0,Elland Road,Kevin Friend,0.0,38.0,62.0,,,7.0,15.0,8.0,4.0,8.0,5.0,16.0,6.0,330.0,588.0,13.0,17.0,6.0,16.0,3.0,0.0,4.0,8.0,1.0,1.0,0.0,2.0,3.0,5.0,4.0,9.0,3.0,6.0,,,,,1.0,1.0,5.0,3.0,241.0,492.0,21.0,20.0,40.0,64.0,18.0,25.0,3.0,5.0,41.0,59.0,10.0,4.0,30.0,44.0,7.0,10.0,11.0,11.0,6.0,12.0,19.0,14.0,14.0,20.0,8.0,4.0,,,,,,,,,,,,,,,,
8897078,2020-2021,28,1615647600,finished,Crystal Palace,West Bromwich Albion,7,8,1.0,0.0,Selhurst Park,Simon Hooper,0.0,44.0,56.0,2.0,0.0,6.0,12.0,1.0,3.0,3.0,2.0,16.0,15.0,324.0,397.0,17.0,19.0,14.0,15.0,3.0,1.0,4.0,1.0,0.0,0.0,1.0,6.0,1.0,5.0,3.0,8.0,3.0,4.0,1.0,0.0,,,4.0,3.0,1.0,1.0,218.0,307.0,32.0,31.0,36.0,70.0,13.0,21.0,3.0,6.0,50.0,50.0,11.0,8.0,42.0,43.0,29.0,27.0,11.0,9.0,13.0,14.0,4.0,8.0,32.0,20.0,10.0,1.0,1.0,0.0,,,,,,,,,,,,,,
8897069,2020-2021,28,1615656600,finished,Everton,Burnley,48,6,1.0,2.0,Goodison Park,Jonathan Moss,0.0,66.0,34.0,3.0,1.0,14.0,14.0,3.0,3.0,7.0,4.0,9.0,6.0,547.0,291.0,8.0,6.0,6.0,8.0,0.0,4.0,4.0,5.0,0.0,2.0,5.0,6.0,5.0,3.0,9.0,7.0,5.0,7.0,2.0,1.0,1.0,0.0,3.0,3.0,2.0,1.0,444.0,198.0,26.0,24.0,65.0,62.0,39.0,29.0,9.0,3.0,47.0,53.0,3.0,7.0,19.0,24.0,19.0,19.0,5.0,11.0,4.0,4.0,7.0,13.0,12.0,28.0,7.0,9.0,1.0,0.0,,,,,,,,,,,,,,
8897067,2020-2021,28,1615665600,finished,Fulham,Manchester City,43,17,0.0,3.0,Craven Cottage,Andre Marriner,0.0,46.0,54.0,0.0,4.0,3.0,8.0,4.0,0.0,4.0,2.0,14.0,13.0,444.0,529.0,22.0,20.0,12.0,13.0,,,0.0,7.0,0.0,0.0,0.0,1.0,3.0,0.0,3.0,7.0,0.0,1.0,0.0,1.0,1.0,1.0,3.0,2.0,1.0,3.0,357.0,449.0,23.0,19.0,38.0,38.0,29.0,34.0,3.0,2.0,50.0,50.0,8.0,16.0,46.0,48.0,10.0,8.0,12.0,15.0,7.0,10.0,8.0,6.0,7.0,15.0,5.0,3.0,0.0,3.0,,,,,,,,,,,,,,
8897081,2020-2021,28,1615723200,finished,Southampton,Brighton & Hove Albion,45,30,1.0,2.0,St. Mary's Stadium,Stuart Attwell,0.0,59.0,41.0,1.0,2.0,9.0,8.0,4.0,3.0,4.0,5.0,11.0,10.0,492.0,330.0,13.0,24.0,10.0,11.0,,,4.0,6.0,0.0,0.0,1.0,0.0,4.0,2.0,5.0,5.0,4.0,3.0,0.0,1.0,,,2.0,3.0,1.0,1.0,392.0,226.0,23.0,29.0,48.0,68.0,29.0,31.0,3.0,2.0,43.0,57.0,16.0,8.0,28.0,40.0,17.0,19.0,5.0,5.0,9.0,9.0,11.0,11.0,18.0,22.0,10.0,4.0,1.0,1.0,,,,,,,,,,,,,,
8897064,2020-2021,28,1615730400,finished,Leicester City,Sheffield United,31,15,5.0,0.0,King Power Stadium,Peter Bankes,0.0,72.0,28.0,8.0,0.0,19.0,1.0,0.0,5.0,9.0,1.0,10.0,9.0,750.0,291.0,19.0,14.0,9.0,10.0,0.0,2.0,10.0,0.0,1.0,0.0,4.0,1.0,5.0,0.0,14.0,1.0,5.0,0.0,6.0,0.0,1.0,0.0,3.0,3.0,2.0,0.0,668.0,207.0,22.0,15.0,72.0,38.0,28.0,17.0,3.0,2.0,55.0,45.0,8.0,12.0,41.0,32.0,9.0,9.0,13.0,8.0,12.0,7.0,10.0,18.0,10.0,20.0,0.0,8.0,2.0,0.0,,,,,,,,,,,,,,
8897076,2020-2021,28,1615739400,finished,Arsenal,Tottenham Hotspur,42,33,2.0,1.0,Emirates Stadium,Michael Oliver,0.0,53.0,47.0,2.0,0.0,13.0,6.0,2.0,1.0,6.0,3.0,12.0,14.0,519.0,482.0,20.0,18.0,13.0,12.0,1.0,4.0,3.0,3.0,2.0,1.0,8.0,2.0,2.0,1.0,6.0,4.0,7.0,2.0,1.0,0.0,,,4.0,3.0,0.0,1.0,449.0,396.0,13.0,21.0,60.0,34.0,28.0,35.0,2.0,2.0,45.0,55.0,9.0,10.0,42.0,42.0,11.0,23.0,9.0,12.0,11.0,13.0,11.0,6.0,8.0,24.0,1.0,6.0,1.0,0.0,0.0,1.0,,,,,,,,,,,,
8897073,2020-2021,28,1615749300,finished,Manchester United,West Ham United,35,37,1.0,0.0,Old Trafford,Martin Atkinson,0.0,62.0,38.0,2.0,0.0,15.0,7.0,0.0,4.0,6.0,2.0,12.0,2.0,684.0,411.0,13.0,13.0,2.0,12.0,4.0,0.0,4.0,0.0,2.0,0.0,4.0,3.0,7.0,4.0,9.0,6.0,6.0,1.0,2.0,0.0,,,,,0.0,2.0,617.0,335.0,11.0,19.0,63.0,57.0,18.0,19.0,2.0,3.0,40.0,60.0,6.0,7.0,23.0,32.0,10.0,18.0,8.0,7.0,8.0,7.0,12.0,10.0,14.0,26.0,10.0,4.0,,,,,,,,,,,,,,,,
8897083,2020-2021,28,1615838400,finished,Wolverhampton,Liverpool,3,44,0.0,1.0,Molineux Stadium,Craig Pawson,0.0,53.0,47.0,2.0,1.0,10.0,12.0,3.0,5.0,3.0,2.0,17.0,10.0,508.0,467.0,18.0,14.0,10.0,16.0,2.0,1.0,5.0,4.0,0.0,0.0,2.0,5.0,3.0,3.0,8.0,9.0,2.0,3.0,2.0,1.0,0.0,1.0,1.0,3.0,2.0,1.0,402.0,354.0,18.0,15.0,55.0,53.0,44.0,16.0,6.0,3.0,52.0,48.0,10.0,8.0,39.0,40.0,24.0,19.0,11.0,10.0,11.0,9.0,21.0,14.0,13.0,26.0,10.0,3.0,,,,,,,,,,,,,,,,
8897086,2020-2021,29,1616184000,finished,Fulham,Leeds United,43,34,1.0,2.0,Craven Cottage,David Coote,0.0,51.0,49.0,1.0,1.0,13.0,13.0,2.0,5.0,13.0,7.0,13.0,12.0,339.0,319.0,20.0,25.0,12.0,13.0,2.0,2.0,6.0,4.0,0.0,0.0,4.0,7.0,3.0,2.0,11.0,8.0,2.0,5.0,,,0.0,1.0,2.0,5.0,1.0,4.0,246.0,220.0,29.0,25.0,45.0,53.0,25.0,18.0,5.0,5.0,52.0,48.0,12.0,11.0,45.0,47.0,19.0,13.0,13.0,9.0,10.0,16.0,9.0,9.0,32.0,39.0,5.0,5.0,1.0,1.0,,,,,,,,,,,,,,
8897135,2020-2021,29,1616256000,postponed,Tottenham Hotspur,Southampton,33,45,,,Tottenham Hotspur Stadium,,,,,,,,,,,,,,,,,,,,,,,,,,,,,,,,,,,,,,,,,,,,,,,,,,,,,,,,,,,,,,,,,,,,,,,,,,,,,,,,,,,,,,
8897075,2020-2021,29,1616270400,finished,Brighton & Hove Albion,Newcastle United,30,39,3.0,0.0,American Express Stadium,Anthony Taylor,0.0,65.0,35.0,1.0,0.0,11.0,3.0,1.0,3.0,3.0,1.0,12.0,5.0,728.0,382.0,16.0,11.0,5.0,12.0,0.0,1.0,6.0,1.0,0.0,1.0,1.0,2.0,4.0,0.0,8.0,2.0,3.0,1.0,1.0,0.0,,,,,2.0,1.0,647.0,304.0,20.0,19.0,65.0,42.0,34.0,31.0,4.0,1.0,50.0,50.0,6.0,7.0,33.0,30.0,10.0,13.0,12.0,8.0,8.0,6.0,10.0,16.0,4.0,15.0,2.0,4.0,,,,,,,,,,,,,,,,
8897203,2020-2021,29,1616338800,finished,West Ham United,Arsenal,37,42,3.0,3.0,London Stadium,Jonathan Moss,0.0,37.0,63.0,3.0,1.0,15.0,16.0,5.0,2.0,3.0,5.0,18.0,8.0,348.0,606.0,12.0,10.0,8.0,15.0,3.0,1.0,5.0,7.0,1.0,0.0,7.0,4.0,3.0,5.0,15.0,9.0,0.0,7.0,2.0,0.0,0.0,2.0,1.0,5.0,1.0,0.0,257.0,525.0,22.0,18.0,58.0,63.0,19.0,14.0,3.0,6.0,43.0,57.0,5.0,6.0,25.0,34.0,18.0,23.0,7.0,9.0,5.0,6.0,12.0,9.0,20.0,21.0,5.0,6.0,1.0,1.0,,,,,,,,,,,,,,
9356100,2020-2021,18,1616355000,finished,Aston Villa,Tottenham Hotspur,40,33,0.0,2.0,Villa Park,Mike Dean,0.0,50.0,50.0,0.0,2.0,8.0,9.0,1.0,1.0,5.0,8.0,18.0,13.0,416.0,421.0,24.0,18.0,13.0,18.0,3.0,2.0,1.0,3.0,1.0,0.0,2.0,3.0,5.0,3.0,4.0,6.0,4.0,3.0,,,,,4.0,4.0,1.0,1.0,322.0,333.0,19.0,20.0,63.0,45.0,19.0,20.0,3.0,3.0,46.0,54.0,6.0,14.0,46.0,55.0,18.0,19.0,9.0,19.0,14.0,12.0,12.0,8.0,17.0,26.0,4.0,4.0,0.0,2.0,,,,,,,,,,,,,,
8897167,2020-2021,30,1617449400,finished,Chelsea,West Bromwich Albion,38,8,2.0,5.0,Stamford Bridge,David Coote,0.0,66.0,34.0,4.0,2.0,18.0,14.0,2.0,5.0,10.0,3.0,11.0,6.0,581.0,297.0,17.0,19.0,6.0,11.0,3.0,1.0,8.0,7.0,2.0,1.0,6.0,4.0,4.0,3.0,11.0,7.0,7.0,7.0,2.0,0.0,1.0,1.0,2.0,2.0,1.0,4.0,494.0,222.0,22.0,27.0,45.0,49.0,18.0,26.0,6.0,2.0,46.0,54.0,12.0,11.0,32.0,40.0,12.0,12.0,9.0,10.0,7.0,12.0,10.0,15.0,11.0,24.0,5.0,7.0,2.0,2.0,1.0,0.0,,,,,,,,,,,,
8897210,2020-2021,30,1617458400,finished,Leeds United,Sheffield United,34,15,2.0,1.0,Elland Road,Graham Scott,0.0,54.0,46.0,3.0,1.0,23.0,9.0,0.0,7.0,5.0,7.0,12.0,13.0,491.0,410.0,15.0,17.0,11.0,12.0,1.0,2.0,8.0,1.0,1.0,0.0,9.0,4.0,6.0,4.0,13.0,3.0,10.0,6.0,2.0,0.0,,,1.0,5.0,1.0,1.0,387.0,308.0,21.0,23.0,56.0,43.0,28.0,22.0,1.0,1.0,48.0,52.0,10.0,7.0,35.0,35.0,13.0,18.0,9.0,6.0,12.0,9.0,11.0,11.0,12.0,22.0,5.0,9.0,1.0,1.0,,,,,,,,,,,,,,
8897107,2020-2021,24,1613412000,finished,West Ham United,Sheffield United,37,15,3.0,0.0,London Stadium,Simon Hooper,0.0,46.0,54.0,3.0,2.0,13.0,8.0,5.0,6.0,7.0,7.0,11.0,12.0,429.0,500.0,9.0,18.0,12.0,11.0,0.0,2.0,9.0,5.0,0.0,0.0,3.0,2.0,1.0,1.0,9.0,5.0,4.0,3.0,1.0,2.0,,,6.0,1.0,1.0,1.0,348.0,427.0,16.0,17.0,39.0,61.0,22.0,25.0,2.0,8.0,46.0,54.0,10.0,5.0,28.0,36.0,15.0,15.0,7.0,7.0,2.0,13.0,9.0,6.0,19.0,19.0,8.0,3.0,2.0,0.0,,,,,,,,,,,,,,
8897182,2020-2021,24,1613419200,finished,Chelsea,Newcastle United,38,39,2.0,0.0,Stamford Bridge,Peter Bankes,0.0,66.0,34.0,4.0,0.0,18.0,10.0,4.0,3.0,10.0,5.0,9.0,13.0,564.0,289.0,19.0,16.0,12.0,8.0,,,6.0,4.0,0.0,0.0,7.0,4.0,5.0,2.0,15.0,7.0,3.0,3.0,2.0,0.0,2.0,0.0,1.0,1.0,0.0,2.0,494.0,225.0,15.0,25.0,48.0,40.0,33.0,20.0,7.0,5.0,56.0,44.0,11.0,12.0,39.0,35.0,20.0,11.0,9.0,11.0,10.0,7.0,6.0,8.0,17.0,18.0,7.0,11.0,2.0,0.0,,,,,,,,,,,,,,
9326482,2020-2021,17,1613584800,finished,Burnley,Fulham,6,43,1.0,1.0,Turf Moor,Jonathan Moss,0.0,46.0,54.0,3.0,0.0,8.0,8.0,2.0,2.0,5.0,5.0,7.0,13.0,400.0,477.0,10.0,14.0,13.0,7.0,1.0,1.0,3.0,3.0,0.0,0.0,5.0,4.0,0.0,1.0,7.0,5.0,1.0,3.0,3.0,0.0,,,3.0,0.0,6.0,0.0,272.0,349.0,28.0,18.0,80.0,39.0,25.0,13.0,8.0,4.0,47.0,53.0,10.0,6.0,29.0,30.0,27.0,33.0,6.0,9.0,6.0,9.0,8.0,8.0,10.0,30.0,5.0,7.0,,,,,,,,,,,,,,,,
9326472,2020-2021,16,1613592900,finished,Everton,Manchester City,48,17,1.0,3.0,Goodison Park,Andre Marriner,,30.0,70.0,1.0,1.0,3.0,16.0,4.0,1.0,0.0,10.0,8.0,8.0,313.0,755.0,18.0,11.0,8.0,8.0,2.0,1.0,2.0,7.0,1.0,0.0,1.0,4.0,0.0,5.0,3.0,10.0,0.0,6.0,0.0,1.0,0.0,1.0,0.0,1.0,,,229.0,681.0,6.0,20.0,51.0,59.0,25.0,30.0,2.0,3.0,49.0,51.0,5.0,9.0,30.0,34.0,16.0,14.0,5.0,15.0,11.0,6.0,14.0,4.0,28.0,6.0,11.0,2.0,1.0,0.0,,,,,,,,,,,,,,
8897178,2020-2021,25,1613764800,finished,Wolverhampton,Leeds United,3,34,1.0,0.0,Molineux Stadium,David Coote,,41.0,59.0,0.0,4.0,15.0,18.0,7.0,5.0,7.0,9.0,13.0,8.0,308.0,440.0,17.0,18.0,7.0,11.0,1.0,0.0,5.0,7.0,1.0,1.0,5.0,5.0,5.0,6.0,5.0,15.0,10.0,3.0,0.0,4.0,,,2.0,5.0,1.0,1.0,234.0,353.0,31.0,19.0,42.0,55.0,19.0,32.0,1.0,10.0,46.0,54.0,14.0,7.0,30.0,31.0,12.0,19.0,6.0,4.0,11.0,11.0,10.0,11.0,12.0,14.0,8.0,6.0,,,,,,,,,,,,,,,,
8897137,2020-2021,25,1613824200,finished,Southampton,Chelsea,45,38,1.0,1.0,St. Mary's Stadium,Anthony Taylor,,29.0,71.0,1.0,2.0,4.0,9.0,2.0,0.0,3.0,6.0,10.0,10.0,295.0,727.0,17.0,22.0,10.0,9.0,1.0,1.0,1.0,3.0,1.0,0.0,3.0,4.0,0.0,2.0,4.0,6.0,0.0,3.0,0.0,1.0,1.0,0.0,0.0,2.0,0.0,4.0,194.0,620.0,23.0,24.0,50.0,59.0,13.0,24.0,2.0,2.0,35.0,65.0,11.0,6.0,29.0,49.0,10.0,23.0,2.0,18.0,8.0,11.0,15.0,12.0,18.0,6.0,6.0,5.0,1.0,1.0,,,,,,,,,,,,,,
8897117,2020-2021,25,1613833200,finished,Burnley,West Bromwich Albion,6,8,0.0,0.0,Turf Moor,Mike Dean,,62.0,38.0,1.0,3.0,6.0,10.0,2.0,1.0,5.0,5.0,16.0,10.0,433.0,267.0,17.0,16.0,9.0,15.0,3.0,0.0,1.0,3.0,0.0,1.0,4.0,6.0,1.0,1.0,4.0,3.0,2.0,7.0,1.0,3.0,,,3.0,4.0,4.0,3.0,325.0,160.0,27.0,19.0,79.0,49.0,21.0,25.0,6.0,0.0,45.0,55.0,7.0,9.0,31.0,37.0,22.0,28.0,5.0,6.0,12.0,10.0,5.0,10.0,16.0,24.0,11.0,11.0,,,0.0,1.0,,,,,,,,,,,,
8897136,2020-2021,25,1613842200,finished,Liverpool,Everton,44,48,0.0,2.0,Anfield,Chris Kavanagh,,71.0,29.0,2.0,4.0,15.0,9.0,4.0,6.0,7.0,2.0,10.0,10.0,693.0,279.0,16.0,21.0,10.0,10.0,2.0,1.0,6.0,6.0,0.0,0.0,7.0,3.0,2.0,0.0,8.0,4.0,7.0,5.0,2.0,2.0,0.0,1.0,2.0,3.0,2.0,2.0,609.0,190.0,26.0,15.0,76.0,47.0,19.0,23.0,5.0,2.0,53.0,47.0,8.0,10.0,42.0,34.0,14.0,16.0,16.0,3.0,10.0,12.0,10.0,8.0,10.0,32.0,4.0,11.0,0.0,2.0,,,,,,,,,,,,,,
8897125,2020-2021,25,1613851200,finished,Fulham,Sheffield United,43,15,1.0,0.0,Craven Cottage,Martin Atkinson,,65.0,35.0,2.0,2.0,15.0,4.0,2.0,4.0,6.0,4.0,11.0,14.0,597.0,321.0,6.0,20.0,14.0,10.0,1.0,2.0,7.0,2.0,0.0,0.0,6.0,2.0,2.0,0.0,7.0,4.0,8.0,0.0,1.0,2.0,0.0,1.0,3.0,4.0,1.0,3.0,494.0,209.0,22.0,30.0,63.0,58.0,32.0,34.0,4.0,1.0,55.0,45.0,7.0,4.0,46.0,33.0,26.0,27.0,26.0,3.0,3.0,10.0,7.0,8.0,19.0,23.0,6.0,9.0,1.0,0.0,,,,,,,,,,,,,,
8897140,2020-2021,25,1613908800,finished,West Ham United,Tottenham Hotspur,37,33,2.0,1.0,London Stadium,Craig Pawson,0.0,31.0,69.0,2.0,0.0,4.0,20.0,3.0,2.0,5.0,7.0,14.0,7.0,253.0,569.0,23.0,16.0,7.0,11.0,4.0,3.0,4.0,4.0,0.0,2.0,0.0,13.0,0.0,3.0,4.0,8.0,0.0,12.0,1.0,0.0,,,1.0,4.0,1.0,0.0,156.0,471.0,21.0,14.0,60.0,54.0,22.0,14.0,3.0,6.0,51.0,49.0,9.0,11.0,38.0,38.0,23.0,20.0,8.0,11.0,14.0,7.0,13.0,7.0,27.0,15.0,15.0,8.0,1.0,0.0,,,,,,,,,,,,,,
8897102,2020-2021,25,1613916300,finished,Aston Villa,Leicester City,40,31,1.0,2.0,Villa Park,Michael Oliver,0.0,50.0,50.0,2.0,1.0,11.0,16.0,5.0,1.0,7.0,8.0,11.0,12.0,430.0,450.0,17.0,16.0,12.0,10.0,2.0,1.0,2.0,7.0,0.0,0.0,5.0,2.0,4.0,7.0,6.0,8.0,5.0,8.0,1.0,0.0,,,1.0,2.0,4.0,1.0,345.0,374.0,40.0,16.0,54.0,60.0,31.0,12.0,6.0,1.0,54.0,46.0,8.0,7.0,37.0,29.0,22.0,21.0,9.0,4.0,10.0,13.0,9.0,12.0,9.0,23.0,5.0,7.0,1.0,1.0,,,,,,,,,,,,,,
8897093,2020-2021,25,1613925000,finished,Arsenal,Manchester City,42,17,0.0,1.0,Emirates Stadium,Jonathan Moss,0.0,45.0,55.0,0.0,3.0,7.0,15.0,2.0,1.0,1.0,3.0,11.0,9.0,479.0,599.0,8.0,5.0,8.0,11.0,2.0,2.0,1.0,3.0,0.0,0.0,3.0,6.0,3.0,6.0,5.0,12.0,2.0,3.0,0.0,2.0,0.0,1.0,0.0,3.0,1.0,3.0,407.0,531.0,9.0,14.0,39.0,71.0,19.0,28.0,3.0,1.0,46.0,54.0,1.0,4.0,25.0,35.0,13.0,9.0,10.0,19.0,3.0,3.0,6.0,7.0,12.0,17.0,11.0,9.0,0.0,1.0,,,,,,,,,,,,,,
8897145,2020-2021,25,1613934000,finished,Manchester United,Newcastle United,35,39,3.0,1.0,Old Trafford,Paul Tierney,0.0,72.0,28.0,2.0,0.0,15.0,10.0,5.0,4.0,6.0,4.0,9.0,11.0,692.0,270.0,11.0,16.0,11.0,9.0,1.0,2.0,7.0,6.0,0.0,0.0,4.0,3.0,4.0,1.0,9.0,3.0,6.0,7.0,,,,,3.0,2.0,2.0,1.0,600.0,186.0,16.0,15.0,68.0,46.0,20.0,13.0,5.0,2.0,55.0,45.0,13.0,8.0,34.0,33.0,18.0,9.0,12.0,8.0,6.0,9.0,5.0,7.0,12.0,15.0,5.0,7.0,2.0,0.0,,,,,,,,,,,,,,
8897100,2020-2021,25,1614024000,finished,Brighton & Hove Albion,Crystal Palace,30,7,1.0,2.0,American Express Stadium,Kevin Friend,0.0,75.0,25.0,3.0,0.0,25.0,3.0,0.0,4.0,13.0,0.0,11.0,6.0,715.0,250.0,11.0,22.0,6.0,10.0,2.0,0.0,5.0,2.0,0.0,0.0,11.0,1.0,9.0,0.0,20.0,2.0,5.0,1.0,2.0,0.0,,,3.0,0.0,3.0,1.0,627.0,166.0,30.0,18.0,85.0,32.0,33.0,19.0,12.0,2.0,44.0,56.0,6.0,7.0,27.0,35.0,14.0,17.0,10.0,4.0,6.0,14.0,7.0,15.0,4.0,32.0,3.0,15.0,1.0,0.0,,,,,,,,,,,,,,
9326456,2020-2021,18,1614103200,finished,Leeds United,Southampton,34,45,3.0,0.0,Elland Road,Andre Marriner,0.0,47.0,53.0,2.0,2.0,11.0,13.0,5.0,4.0,2.0,4.0,11.0,13.0,319.0,365.0,25.0,18.0,12.0,11.0,1.0,2.0,7.0,5.0,0.0,0.0,4.0,6.0,0.0,2.0,9.0,8.0,2.0,5.0,2.0,2.0,1.0,0.0,4.0,2.0,1.0,2.0,216.0,273.0,20.0,29.0,35.0,59.0,20.0,10.0,3.0,2.0,44.0,56.0,9.0,20.0,43.0,52.0,7.0,12.0,6.0,23.0,15.0,9.0,10.0,11.0,20.0,4.0,9.0,8.0,,,,,,,,,,,,,,,,
8897092,2020-2021,26,1614429000,finished,Manchester City,West Ham United,17,37,2.0,1.0,Etihad Stadium,Michael Oliver,0.0,63.0,37.0,1.0,3.0,10.0,9.0,2.0,1.0,4.0,2.0,8.0,11.0,675.0,394.0,11.0,13.0,10.0,6.0,1.0,1.0,3.0,3.0,0.0,1.0,2.0,4.0,5.0,2.0,5.0,6.0,5.0,3.0,0.0,2.0,,,4.0,1.0,2.0,1.0,604.0,318.0,19.0,9.0,75.0,39.0,29.0,22.0,3.0,3.0,56.0,44.0,5.0,4.0,28.0,22.0,13.0,10.0,8.0,3.0,7.0,9.0,14.0,20.0,10.0,18.0,4.0,7.0,1.0,1.0,,,,,,,,,,,,,,
8897098,2020-2021,26,1614438000,finished,West Bromwich Albion,Brighton & Hove Albion,8,30,1.0,0.0,The Hawthorns,Lee Mason,0.0,30.0,70.0,1.0,4.0,6.0,15.0,6.0,1.0,7.0,4.0,11.0,13.0,230.0,553.0,13.0,21.0,11.0,8.0,,,2.0,6.0,0.0,2.0,3.0,7.0,1.0,2.0,4.0,10.0,2.0,5.0,1.0,4.0,,,2.0,5.0,1.0,0.0,142.0,453.0,28.0,17.0,55.0,65.0,12.0,14.0,3.0,1.0,51.0,49.0,10.0,10.0,32.0,37.0,21.0,14.0,8.0,8.0,5.0,10.0,14.0,9.0,16.0,19.0,9.0,8.0,,,,,,,,,,,,,,,,
8897163,2020-2021,26,1614447000,finished,Leeds United,Aston Villa,34,40,0.0,1.0,Elland Road,Peter Bankes,0.0,69.0,31.0,1.0,1.0,13.0,9.0,3.0,3.0,7.0,5.0,14.0,14.0,517.0,227.0,18.0,16.0,13.0,13.0,3.0,2.0,3.0,4.0,0.0,0.0,5.0,3.0,5.0,2.0,7.0,6.0,6.0,3.0,1.0,0.0,,,2.0,2.0,,,413.0,137.0,32.0,18.0,56.0,58.0,34.0,24.0,3.0,5.0,48.0,52.0,8.0,11.0,39.0,39.0,16.0,21.0,8.0,10.0,10.0,13.0,7.0,13.0,6.0,21.0,5.0,13.0,0.0,1.0,,,,,,,,,,,,,,
8897089,2020-2021,26,1614456000,finished,Newcastle United,Wolverhampton,39,3,1.0,1.0,St James' Park,Mike Dean,0.0,48.0,52.0,3.0,2.0,19.0,14.0,3.0,5.0,3.0,5.0,11.0,13.0,388.0,423.0,18.0,14.0,13.0,10.0,2.0,0.0,7.0,4.0,1.0,2.0,6.0,7.0,6.0,3.0,11.0,7.0,8.0,7.0,3.0,2.0,,,5.0,2.0,2.0,0.0,326.0,339.0,13.0,16.0,58.0,32.0,25.0,40.0,4.0,6.0,46.0,54.0,9.0,10.0,42.0,43.0,13.0,21.0,12.0,19.0,12.0,3.0,14.0,6.0,15.0,13.0,9.0,8.0,,,,,,,,,,,,,,,,
8897153,2020-2021,26,1614513600,finished,Crystal Palace,Fulham,7,43,0.0,0.0,Selhurst Park,Anthony Taylor,0.0,40.0,60.0,0.0,1.0,3.0,16.0,4.0,1.0,1.0,3.0,10.0,14.0,364.0,540.0,20.0,18.0,14.0,10.0,1.0,1.0,0.0,4.0,0.0,0.0,1.0,10.0,2.0,2.0,2.0,8.0,1.0,8.0,0.0,1.0,,,1.0,5.0,1.0,0.0,275.0,448.0,21.0,31.0,51.0,66.0,33.0,31.0,5.0,11.0,50.0,50.0,9.0,11.0,41.0,44.0,22.0,19.0,8.0,16.0,8.0,10.0,20.0,4.0,14.0,16.0,14.0,0.0,,,,,,,,,,,,,,,,
8897080,2020-2021,26,1614513600,finished,Leicester City,Arsenal,31,42,1.0,3.0,King Power Stadium,Paul Tierney,0.0,44.0,56.0,1.0,2.0,8.0,12.0,1.0,2.0,2.0,7.0,15.0,3.0,408.0,507.0,21.0,9.0,3.0,14.0,2.0,1.0,3.0,4.0,0.0,0.0,2.0,4.0,3.0,4.0,6.0,6.0,2.0,6.0,1.0,0.0,,,1.0,6.0,0.0,1.0,316.0,419.0,14.0,25.0,60.0,60.0,22.0,27.0,1.0,9.0,49.0,51.0,4.0,8.0,30.0,32.0,14.0,13.0,6.0,9.0,12.0,8.0,12.0,9.0,15.0,10.0,5.0,3.0,0.0,2.0,,,,,,,,,,,,,,
8897088,2020-2021,26,1614520800,finished,Tottenham Hotspur,Burnley,33,6,4.0,0.0,Tottenham Hotspur Stadium,Kevin Friend,0.0,58.0,42.0,3.0,1.0,16.0,10.0,3.0,3.0,3.0,4.0,6.0,10.0,633.0,439.0,12.0,11.0,10.0,6.0,,,7.0,3.0,0.0,0.0,7.0,4.0,2.0,3.0,9.0,6.0,7.0,4.0,2.0,1.0,1.0,0.0,,,,,530.0,342.0,18.0,14.0,48.0,63.0,40.0,28.0,1.0,3.0,57.0,43.0,5.0,5.0,39.0,20.0,24.0,27.0,17.0,4.0,9.0,5.0,9.0,12.0,26.0,12.0,6.0,9.0,1.0,0.0,,,,,,,,,,,,,,
8897114,2020-2021,26,1614529800,finished,Chelsea,Manchester United,38,35,0.0,0.0,Stamford Bridge,Stuart Attwell,0.0,57.0,43.0,1.0,0.0,18.0,11.0,4.0,6.0,3.0,4.0,11.0,12.0,608.0,445.0,24.0,14.0,12.0,11.0,1.0,2.0,6.0,4.0,0.0,0.0,5.0,2.0,7.0,5.0,8.0,2.0,10.0,9.0,1.0,0.0,,,3.0,2.0,1.0,3.0,542.0,366.0,18.0,26.0,55.0,39.0,19.0,22.0,2.0,0.0,61.0,39.0,4.0,14.0,52.0,31.0,6.0,6.0,16.0,6.0,13.0,5.0,12.0,6.0,20.0,17.0,5.0,10.0,,,,,,,,,,,,,,,,
8897094,2020-2021,26,1614539700,finished,Sheffield United,Liverpool,15,44,0.0,2.0,Bramall Lane,Jonathan Moss,0.0,39.0,61.0,2.0,6.0,8.0,16.0,7.0,3.0,4.0,3.0,9.0,9.0,406.0,638.0,11.0,12.0,9.0,9.0,,,2.0,8.0,0.0,0.0,4.0,4.0,2.0,4.0,5.0,13.0,3.0,3.0,2.0,5.0,,,2.0,0.0,3.0,1.0,304.0,533.0,22.0,18.0,66.0,56.0,37.0,30.0,5.0,4.0,50.0,50.0,8.0,6.0,23.0,28.0,25.0,20.0,3.0,7.0,8.0,8.0,11.0,5.0,17.0,15.0,6.0,8.0,0.0,1.0,,,,,,,,,,,,,,
8897122,2020-2021,26,1614628800,finished,Everton,Southampton,48,45,1.0,0.0,Goodison Park,Martin Atkinson,0.0,47.0,53.0,2.0,2.0,7.0,9.0,1.0,0.0,4.0,10.0,13.0,9.0,410.0,462.0,20.0,26.0,9.0,13.0,0.0,2.0,1.0,1.0,0.0,0.0,2.0,4.0,4.0,4.0,6.0,6.0,1.0,3.0,1.0,2.0,2.0,0.0,5.0,2.0,4.0,0.0,306.0,358.0,22.0,21.0,50.0,35.0,34.0,15.0,3.0,1.0,59.0,41.0,10.0,12.0,43.0,43.0,38.0,14.0,14.0,4.0,10.0,14.0,12.0,16.0,23.0,13.0,8.0,4.0,1.0,0.0,,,,,,,,,,,,,,
8897077,2020-2021,29,1614715200,finished,Manchester City,Wolverhampton,17,3,4.0,1.0,Etihad Stadium,Chris Kavanagh,0.0,72.0,28.0,5.0,0.0,22.0,6.0,0.0,7.0,10.0,2.0,9.0,5.0,798.0,309.0,14.0,17.0,5.0,8.0,0.0,1.0,10.0,1.0,1.0,0.0,4.0,2.0,8.0,3.0,18.0,5.0,4.0,1.0,3.0,0.0,2.0,0.0,1.0,1.0,3.0,1.0,736.0,257.0,11.0,4.0,78.0,25.0,38.0,24.0,2.0,1.0,52.0,48.0,9.0,8.0,35.0,37.0,13.0,8.0,16.0,12.0,9.0,10.0,7.0,7.0,2.0,26.0,4.0,9.0,2.0,0.0,,,,,,,,,,,,,,
8897191,2020-2021,29,1614794400,finished,Sheffield United,Aston Villa,15,40,1.0,0.0,Bramall Lane,Robert Jones,0.0,28.0,72.0,1.0,3.0,9.0,16.0,4.0,1.0,2.0,7.0,13.0,6.0,263.0,641.0,13.0,9.0,6.0,13.0,1.0,0.0,2.0,4.0,0.0,1.0,5.0,5.0,2.0,7.0,6.0,12.0,3.0,4.0,0.0,3.0,,,2.0,4.0,1.0,1.0,183.0,541.0,13.0,30.0,57.0,83.0,28.0,48.0,0.0,7.0,39.0,61.0,2.0,6.0,21.0,37.0,15.0,19.0,2.0,15.0,9.0,7.0,13.0,9.0,47.0,9.0,13.0,1.0,1.0,0.0,1.0,0.0,,,,,,,,,,,,
8897085,2020-2021,29,1614794400,finished,Burnley,Leicester City,6,31,1.0,1.0,Turf Moor,Andy Madley,0.0,39.0,61.0,3.0,2.0,12.0,16.0,3.0,6.0,5.0,8.0,6.0,12.0,351.0,571.0,8.0,9.0,11.0,5.0,0.0,2.0,7.0,4.0,1.0,1.0,5.0,6.0,0.0,6.0,6.0,8.0,6.0,8.0,2.0,1.0,1.0,2.0,2.0,0.0,3.0,2.0,248.0,469.0,20.0,23.0,70.0,40.0,32.0,32.0,4.0,4.0,59.0,41.0,4.0,4.0,24.0,16.0,27.0,20.0,8.0,2.0,4.0,8.0,9.0,7.0,13.0,31.0,6.0,5.0,1.0,1.0,,,,,,,,,,,,,,
8897074,2020-2021,29,1614802500,finished,Crystal Palace,Manchester United,7,35,0.0,0.0,Selhurst Park,Andre Marriner,0.0,37.0,63.0,1.0,0.0,8.0,11.0,1.0,2.0,4.0,6.0,4.0,13.0,353.0,600.0,19.0,6.0,13.0,4.0,1.0,0.0,2.0,1.0,0.0,0.0,3.0,6.0,3.0,4.0,5.0,6.0,3.0,5.0,1.0,0.0,1.0,0.0,3.0,0.0,1.0,2.0,277.0,518.0,20.0,29.0,48.0,79.0,29.0,45.0,2.0,9.0,59.0,41.0,4.0,6.0,42.0,21.0,14.0,18.0,10.0,11.0,12.0,4.0,9.0,10.0,25.0,11.0,8.0,5.0,,,,,,,,,,,,,,,,
8897142,2020-2021,29,1614880800,finished,West Bromwich Albion,Everton,8,48,0.0,1.0,The Hawthorns,Darren England,0.0,48.0,52.0,2.0,2.0,11.0,11.0,2.0,3.0,3.0,3.0,9.0,7.0,450.0,500.0,9.0,20.0,6.0,7.0,3.0,1.0,3.0,3.0,0.0,0.0,3.0,2.0,5.0,6.0,7.0,5.0,4.0,6.0,2.0,1.0,,,0.0,2.0,3.0,2.0,361.0,405.0,29.0,14.0,71.0,55.0,33.0,22.0,2.0,2.0,40.0,60.0,5.0,4.0,29.0,39.0,13.0,23.0,14.0,12.0,4.0,11.0,15.0,7.0,22.0,31.0,2.0,4.0,0.0,1.0,,,,,,,,,,,,,,
8897027,2020-2021,21,1612110600,finished,West Ham United,Liverpool,37,44,1.0,3.0,London Stadium,Jonathan Moss,0.0,33.0,67.0,1.0,3.0,8.0,14.0,2.0,1.0,6.0,4.0,7.0,8.0,365.0,785.0,15.0,13.0,4.0,6.0,2.0,0.0,2.0,5.0,0.0,0.0,3.0,6.0,3.0,3.0,6.0,10.0,2.0,4.0,0.0,1.0,0.0,1.0,1.0,2.0,2.0,1.0,280.0,700.0,8.0,15.0,43.0,81.0,22.0,23.0,5.0,2.0,48.0,52.0,6.0,8.0,24.0,27.0,12.0,12.0,6.0,8.0,10.0,8.0,18.0,4.0,12.0,13.0,9.0,7.0,1.0,2.0,,,,,,,,,,,,,,
8897039,2020-2021,21,1612120500,finished,Brighton & Hove Albion,Tottenham Hotspur,30,33,1.0,0.0,American Express Stadium,Peter Bankes,0.0,43.0,57.0,1.0,0.0,16.0,8.0,4.0,2.0,9.0,2.0,11.0,11.0,407.0,556.0,19.0,13.0,11.0,11.0,2.0,1.0,5.0,4.0,1.0,0.0,7.0,1.0,4.0,3.0,11.0,3.0,5.0,5.0,1.0,0.0,,,3.0,2.0,1.0,1.0,327.0,455.0,16.0,26.0,49.0,58.0,19.0,28.0,9.0,3.0,46.0,54.0,7.0,6.0,37.0,40.0,7.0,11.0,7.0,16.0,12.0,6.0,21.0,10.0,15.0,22.0,4.0,10.0,,,,,,,,,,,,,,,,
8897019,2020-2021,22,1612288800,finished,Sheffield United,West Bromwich Albion,15,8,2.0,1.0,Bramall Lane,Paul Tierney,0.0,68.0,32.0,1.0,3.0,14.0,8.0,3.0,4.0,9.0,2.0,11.0,9.0,593.0,268.0,20.0,18.0,9.0,11.0,2.0,1.0,6.0,4.0,0.0,0.0,4.0,2.0,4.0,2.0,9.0,7.0,5.0,1.0,0.0,2.0,,,3.0,2.0,0.0,3.0,495.0,174.0,28.0,18.0,80.0,59.0,30.0,24.0,2.0,4.0,52.0,48.0,11.0,9.0,39.0,30.0,27.0,30.0,10.0,2.0,11.0,11.0,10.0,12.0,22.0,25.0,5.0,10.0,1.0,1.0,,,,,,,,,,,,,,
8897028,2020-2021,22,1612288800,finished,Wolverhampton,Arsenal,3,42,2.0,1.0,Molineux Stadium,Craig Pawson,0.0,55.0,45.0,2.0,1.0,11.0,9.0,2.0,5.0,9.0,6.0,11.0,8.0,576.0,488.0,10.0,13.0,7.0,10.0,3.0,2.0,7.0,3.0,0.0,2.0,4.0,1.0,0.0,5.0,7.0,6.0,4.0,3.0,1.0,1.0,1.0,1.0,2.0,1.0,1.0,3.0,524.0,435.0,18.0,8.0,44.0,45.0,30.0,10.0,4.0,2.0,52.0,48.0,4.0,7.0,35.0,31.0,11.0,12.0,18.0,8.0,7.0,7.0,6.0,4.0,17.0,25.0,4.0,5.0,1.0,0.0,0.0,2.0,,,,,,,,,,,,
8897034,2020-2021,22,1612296900,finished,Newcastle United,Crystal Palace,39,7,1.0,2.0,St James' Park,Darren England,0.0,61.0,39.0,2.0,1.0,21.0,6.0,1.0,4.0,9.0,1.0,14.0,11.0,610.0,397.0,12.0,14.0,9.0,13.0,1.0,3.0,5.0,3.0,1.0,0.0,10.0,2.0,6.0,1.0,15.0,3.0,6.0,3.0,2.0,1.0,,,2.0,2.0,1.0,2.0,516.0,302.0,24.0,11.0,75.0,41.0,36.0,20.0,12.0,3.0,53.0,47.0,4.0,5.0,33.0,35.0,23.0,15.0,12.0,8.0,6.0,6.0,7.0,11.0,8.0,21.0,4.0,10.0,,,,,,,,,,,,,,,,
8897029,2020-2021,22,1612296900,finished,Manchester United,Southampton,35,45,9.0,0.0,Old Trafford,Mike Dean,0.0,75.0,25.0,8.0,1.0,24.0,3.0,1.0,6.0,5.0,3.0,11.0,6.0,626.0,215.0,13.0,20.0,6.0,10.0,2.0,3.0,14.0,1.0,0.0,0.0,5.0,2.0,5.0,0.0,14.0,1.0,10.0,2.0,1.0,1.0,1.0,0.0,3.0,2.0,3.0,2.0,552.0,140.0,18.0,8.0,58.0,23.0,26.0,6.0,4.0,0.0,49.0,51.0,12.0,7.0,26.0,32.0,12.0,8.0,7.0,3.0,10.0,10.0,8.0,13.0,4.0,30.0,3.0,10.0,7.0,0.0,0.0,2.0,,,,,,,,,,,,
8897015,2020-2021,22,1612375200,finished,Fulham,Leicester City,43,31,0.0,2.0,Craven Cottage,Robert Jones,0.0,58.0,42.0,1.0,2.0,8.0,9.0,3.0,1.0,5.0,2.0,17.0,10.0,598.0,447.0,22.0,18.0,10.0,16.0,3.0,1.0,1.0,5.0,0.0,0.0,4.0,2.0,3.0,2.0,4.0,7.0,4.0,2.0,1.0,0.0,1.0,1.0,1.0,0.0,1.0,3.0,498.0,343.0,27.0,26.0,70.0,53.0,27.0,22.0,6.0,2.0,54.0,46.0,8.0,12.0,50.0,42.0,16.0,15.0,18.0,9.0,13.0,12.0,13.0,9.0,16.0,23.0,3.0,10.0,0.0,2.0,,,,,,,,,,,,,,
8897024,2020-2021,22,1612375200,finished,Burnley,Manchester City,6,17,0.0,2.0,Turf Moor,Martin Atkinson,0.0,26.0,74.0,0.0,3.0,2.0,13.0,4.0,0.0,1.0,3.0,8.0,5.0,271.0,804.0,17.0,8.0,5.0,8.0,2.0,1.0,0.0,6.0,0.0,0.0,2.0,1.0,0.0,6.0,1.0,8.0,1.0,5.0,0.0,1.0,,,2.0,2.0,3.0,2.0,200.0,738.0,12.0,11.0,36.0,54.0,29.0,25.0,0.0,1.0,51.0,49.0,5.0,8.0,27.0,23.0,14.0,17.0,5.0,8.0,7.0,7.0,8.0,6.0,17.0,13.0,4.0,3.0,0.0,2.0,,,,,,,,,,,,,,
8897022,2020-2021,22,1612380600,finished,Leeds United,Everton,34,48,1.0,2.0,Elland Road,Michael Oliver,0.0,63.0,37.0,1.0,3.0,16.0,10.0,4.0,6.0,7.0,1.0,12.0,12.0,561.0,331.0,16.0,13.0,12.0,12.0,2.0,3.0,7.0,6.0,2.0,0.0,6.0,4.0,3.0,0.0,12.0,6.0,4.0,4.0,1.0,1.0,0.0,1.0,5.0,2.0,0.0,1.0,464.0,250.0,25.0,21.0,60.0,49.0,14.0,22.0,5.0,3.0,43.0,57.0,7.0,10.0,37.0,39.0,11.0,24.0,9.0,14.0,11.0,7.0,11.0,10.0,11.0,33.0,4.0,11.0,0.0,2.0,,,,,,,,,,,,,,
8897017,2020-2021,22,1612383300,finished,Aston Villa,West Ham United,40,37,1.0,3.0,Villa Park,Andy Madley,0.0,57.0,43.0,1.0,2.0,9.0,20.0,6.0,1.0,7.0,3.0,11.0,16.0,480.0,376.0,13.0,15.0,16.0,10.0,1.0,1.0,2.0,10.0,1.0,0.0,5.0,4.0,2.0,6.0,6.0,11.0,3.0,9.0,0.0,2.0,1.0,2.0,8.0,2.0,1.0,1.0,397.0,292.0,17.0,17.0,56.0,50.0,29.0,29.0,4.0,6.0,55.0,45.0,10.0,6.0,39.0,31.0,15.0,13.0,10.0,6.0,6.0,8.0,4.0,5.0,14.0,23.0,5.0,8.0,1.0,0.0,,,,,,,,,,,,,,
8897036,2020-2021,22,1612383300,finished,Liverpool,Brighton & Hove Albion,44,30,0.0,1.0,Anfield,Kevin Friend,0.0,63.0,37.0,2.0,1.0,11.0,13.0,3.0,1.0,5.0,3.0,12.0,6.0,697.0,404.0,12.0,13.0,6.0,12.0,1.0,0.0,1.0,4.0,0.0,0.0,4.0,7.0,6.0,2.0,5.0,12.0,6.0,1.0,2.0,0.0,,,4.0,0.0,0.0,3.0,599.0,302.0,25.0,16.0,72.0,55.0,19.0,30.0,3.0,6.0,41.0,59.0,10.0,7.0,23.0,29.0,9.0,18.0,6.0,4.0,9.0,3.0,12.0,15.0,15.0,29.0,9.0,8.0,0.0,1.0,,,,,,,,,,,,,,
8897035,2020-2021,22,1612468800,finished,Tottenham Hotspur,Chelsea,33,38,0.0,1.0,Tottenham Hotspur Stadium,Andre Marriner,0.0,42.0,58.0,1.0,1.0,7.0,16.0,1.0,2.0,2.0,7.0,20.0,14.0,457.0,630.0,13.0,10.0,14.0,20.0,2.0,3.0,2.0,2.0,0.0,0.0,5.0,7.0,0.0,7.0,3.0,12.0,4.0,4.0,1.0,0.0,,,3.0,3.0,0.0,3.0,374.0,560.0,20.0,11.0,41.0,58.0,20.0,20.0,2.0,4.0,47.0,53.0,7.0,8.0,41.0,43.0,14.0,19.0,14.0,13.0,8.0,6.0,13.0,13.0,19.0,13.0,9.0,5.0,0.0,1.0,,,,,,,,,,,,,,
8897032,2020-2021,23,1612614600,finished,Aston Villa,Arsenal,40,42,1.0,0.0,Villa Park,Chris Kavanagh,0.0,34.0,66.0,1.0,0.0,12.0,14.0,3.0,7.0,3.0,7.0,12.0,12.0,316.0,597.0,18.0,12.0,11.0,11.0,3.0,2.0,8.0,3.0,0.0,0.0,3.0,6.0,1.0,5.0,9.0,10.0,3.0,4.0,1.0,0.0,,,0.0,3.0,1.0,0.0,232.0,522.0,21.0,15.0,51.0,65.0,32.0,17.0,2.0,8.0,57.0,43.0,4.0,8.0,39.0,28.0,24.0,19.0,10.0,5.0,8.0,7.0,10.0,6.0,27.0,9.0,12.0,3.0,,,,,,,,,,,,,,,,
8897026,2020-2021,23,1612623600,finished,Burnley,Brighton & Hove Albion,6,30,1.0,1.0,Turf Moor,Anthony Taylor,0.0,55.0,45.0,2.0,0.0,20.0,10.0,1.0,6.0,8.0,7.0,8.0,10.0,444.0,379.0,8.0,7.0,9.0,8.0,2.0,0.0,7.0,2.0,0.0,0.0,7.0,6.0,6.0,2.0,12.0,5.0,8.0,5.0,2.0,0.0,,,2.0,1.0,3.0,0.0,353.0,287.0,17.0,15.0,68.0,47.0,33.0,20.0,6.0,3.0,60.0,40.0,4.0,5.0,28.0,18.0,31.0,22.0,11.0,4.0,8.0,3.0,6.0,10.0,12.0,20.0,6.0,11.0,,,,,40.0,11.0,102.0,52.0,0.0,2.0,,,1.0,1.0,0.0,1.0
8897130,2020-2021,23,1612623600,finished,Newcastle United,Southampton,39,45,3.0,2.0,St James' Park,Craig Pawson,0.0,26.0,74.0,1.0,2.0,6.0,14.0,3.0,1.0,0.0,7.0,11.0,14.0,221.0,610.0,16.0,17.0,14.0,11.0,4.0,1.0,4.0,5.0,0.0,1.0,1.0,5.0,1.0,4.0,4.0,10.0,2.0,4.0,0.0,2.0,,,2.0,4.0,3.0,5.0,128.0,514.0,17.0,19.0,55.0,72.0,18.0,21.0,0.0,4.0,57.0,43.0,9.0,7.0,41.0,32.0,19.0,14.0,12.0,4.0,11.0,10.0,12.0,11.0,35.0,9.0,11.0,4.0,1.0,0.0,1.0,0.0,,,,,,,,,,,,
8897144,2020-2021,23,1612632600,finished,Fulham,West Ham United,43,37,0.0,0.0,Craven Cottage,Mike Dean,0.0,61.0,39.0,2.0,1.0,20.0,8.0,1.0,3.0,7.0,3.0,11.0,10.0,550.0,354.0,13.0,9.0,10.0,10.0,1.0,3.0,2.0,1.0,0.0,2.0,12.0,6.0,6.0,1.0,13.0,7.0,7.0,1.0,2.0,1.0,1.0,0.0,2.0,5.0,1.0,4.0,463.0,258.0,15.0,20.0,56.0,45.0,21.0,28.0,5.0,7.0,46.0,54.0,6.0,8.0,31.0,23.0,11.0,26.0,8.0,4.0,9.0,6.0,11.0,6.0,11.0,24.0,6.0,14.0,,,0.0,1.0,,,,,,,,,,,,
8897150,2020-2021,23,1612641600,finished,Manchester United,Everton,35,48,3.0,3.0,Old Trafford,Jonathan Moss,0.0,62.0,38.0,3.0,3.0,14.0,6.0,0.0,2.0,5.0,1.0,14.0,10.0,653.0,397.0,14.0,16.0,9.0,14.0,2.0,1.0,5.0,3.0,0.0,1.0,6.0,3.0,3.0,0.0,9.0,5.0,5.0,1.0,2.0,1.0,1.0,0.0,4.0,2.0,0.0,4.0,585.0,322.0,14.0,20.0,48.0,41.0,25.0,25.0,5.0,2.0,49.0,51.0,10.0,10.0,34.0,35.0,11.0,11.0,11.0,5.0,7.0,10.0,8.0,10.0,9.0,21.0,8.0,7.0,1.0,2.0,,,,,,,,,,,,,,
8897161,2020-2021,23,1612699200,finished,Tottenham Hotspur,West Bromwich Albion,33,8,2.0,0.0,Tottenham Hotspur Stadium,Stuart Attwell,0.0,66.0,34.0,4.0,1.0,13.0,4.0,1.0,4.0,8.0,0.0,16.0,12.0,589.0,303.0,17.0,24.0,12.0,16.0,1.0,2.0,6.0,1.0,0.0,0.0,4.0,3.0,3.0,0.0,9.0,4.0,4.0,0.0,2.0,1.0,,,2.0,2.0,1.0,4.0,507.0,218.0,23.0,16.0,58.0,49.0,14.0,26.0,1.0,6.0,44.0,56.0,11.0,5.0,39.0,43.0,14.0,25.0,10.0,3.0,10.0,14.0,4.0,5.0,8.0,30.0,4.0,8.0,2.0,0.0,,,,,,,,,,,,,,
8897104,2020-2021,23,1612706400,finished,Wolverhampton,Leicester City,3,31,0.0,0.0,Molineux Stadium,Martin Atkinson,0.0,44.0,56.0,2.0,1.0,13.0,13.0,3.0,1.0,8.0,2.0,11.0,15.0,429.0,567.0,19.0,19.0,14.0,10.0,1.0,3.0,1.0,3.0,0.0,0.0,6.0,5.0,6.0,5.0,7.0,6.0,6.0,7.0,2.0,1.0,1.0,0.0,2.0,5.0,0.0,1.0,349.0,493.0,20.0,23.0,21.0,46.0,24.0,20.0,5.0,4.0,57.0,43.0,11.0,10.0,50.0,37.0,11.0,9.0,17.0,8.0,12.0,12.0,15.0,5.0,14.0,22.0,7.0,9.0,,,,,,,,,,,,,,,,
8897173,2020-2021,23,1612715400,finished,Liverpool,Manchester City,44,17,1.0,4.0,Anfield,Michael Oliver,0.0,56.0,44.0,1.0,5.0,8.0,8.0,1.0,2.0,6.0,1.0,13.0,8.0,649.0,519.0,18.0,20.0,8.0,13.0,2.0,1.0,3.0,5.0,0.0,0.0,2.0,3.0,3.0,0.0,5.0,6.0,3.0,2.0,0.0,2.0,,,2.0,4.0,1.0,2.0,573.0,444.0,25.0,11.0,56.0,45.0,25.0,22.0,3.0,0.0,44.0,56.0,12.0,9.0,35.0,50.0,10.0,7.0,9.0,17.0,9.0,14.0,11.0,15.0,9.0,24.0,3.0,4.0,1.0,3.0,,,,,,,,,,,,,,
8897118,2020-2021,23,1612725300,finished,Sheffield United,Chelsea,15,38,1.0,2.0,Bramall Lane,Kevin Friend,0.0,31.0,69.0,1.0,3.0,8.0,9.0,0.0,3.0,1.0,8.0,8.0,8.0,338.0,756.0,18.0,17.0,8.0,8.0,1.0,0.0,3.0,3.0,0.0,0.0,3.0,4.0,2.0,2.0,5.0,7.0,3.0,2.0,1.0,1.0,0.0,1.0,3.0,3.0,2.0,2.0,244.0,654.0,24.0,20.0,54.0,56.0,21.0,29.0,0.0,6.0,48.0,52.0,14.0,12.0,38.0,37.0,14.0,20.0,12.0,12.0,9.0,8.0,12.0,5.0,15.0,19.0,7.0,6.0,0.0,2.0,,,,,,,,,,,,,,
8897151,2020-2021,23,1612814400,finished,Leeds United,Crystal Palace,34,7,2.0,0.0,Elland Road,Andre Marriner,0.0,68.0,32.0,4.0,0.0,17.0,8.0,3.0,5.0,5.0,3.0,7.0,8.0,714.0,332.0,22.0,11.0,7.0,7.0,0.0,2.0,7.0,3.0,1.0,0.0,7.0,2.0,3.0,3.0,14.0,5.0,3.0,3.0,3.0,0.0,,,2.0,0.0,1.0,1.0,624.0,255.0,17.0,20.0,47.0,36.0,23.0,27.0,9.0,3.0,55.0,45.0,8.0,14.0,34.0,26.0,14.0,13.0,5.0,8.0,10.0,5.0,6.0,3.0,11.0,18.0,3.0,12.0,1.0,0.0,,,,,,,,,,,,,,
8897201,2020-2021,24,1613219400,finished,Leicester City,Liverpool,31,44,3.0,1.0,King Power Stadium,Anthony Taylor,0.0,38.0,62.0,4.0,2.0,11.0,15.0,3.0,3.0,2.0,12.0,7.0,6.0,357.0,561.0,23.0,23.0,6.0,6.0,1.0,2.0,6.0,4.0,2.0,1.0,4.0,3.0,1.0,8.0,8.0,11.0,3.0,4.0,2.0,2.0,0.0,2.0,4.0,4.0,2.0,1.0,247.0,465.0,12.0,25.0,33.0,64.0,18.0,20.0,2.0,2.0,46.0,54.0,11.0,12.0,42.0,51.0,11.0,12.0,13.0,22.0,15.0,10.0,17.0,14.0,38.0,4.0,5.0,4.0,2.0,0.0,,,,,,,,,,,,,,
8897225,2020-2021,24,1613228400,finished,Crystal Palace,Burnley,7,6,0.0,3.0,Selhurst Park,Michael Oliver,0.0,53.0,47.0,0.0,2.0,13.0,16.0,1.0,3.0,7.0,4.0,15.0,14.0,427.0,390.0,16.0,17.0,14.0,15.0,,,3.0,4.0,0.0,0.0,3.0,6.0,7.0,6.0,8.0,8.0,5.0,8.0,,,,,0.0,3.0,3.0,1.0,326.0,284.0,25.0,11.0,48.0,70.0,25.0,38.0,5.0,5.0,48.0,52.0,9.0,12.0,42.0,42.0,22.0,28.0,12.0,11.0,8.0,9.0,5.0,12.0,12.0,22.0,6.0,7.0,0.0,2.0,,,,,,,,,,,,,,
8897202,2020-2021,24,1613237400,finished,Manchester City,Tottenham Hotspur,17,33,3.0,0.0,Etihad Stadium,Paul Tierney,0.0,60.0,40.0,3.0,0.0,15.0,7.0,3.0,3.0,4.0,2.0,12.0,13.0,698.0,456.0,21.0,23.0,13.0,12.0,1.0,3.0,6.0,3.0,1.0,1.0,4.0,2.0,5.0,2.0,11.0,3.0,4.0,4.0,1.0,0.0,,,5.0,2.0,1.0,0.0,635.0,391.0,9.0,8.0,56.0,32.0,21.0,18.0,2.0,1.0,48.0,52.0,12.0,7.0,51.0,55.0,9.0,9.0,17.0,20.0,10.0,9.0,8.0,8.0,7.0,14.0,3.0,6.0,2.0,0.0,,,,,,,,,,,,,,
8897111,2020-2021,24,1613246400,finished,Brighton & Hove Albion,Aston Villa,30,40,0.0,0.0,American Express Stadium,Darren England,0.0,58.0,42.0,2.0,0.0,26.0,4.0,1.0,9.0,9.0,2.0,16.0,12.0,509.0,372.0,11.0,10.0,12.0,14.0,2.0,3.0,9.0,1.0,0.0,0.0,7.0,1.0,10.0,2.0,15.0,1.0,11.0,3.0,2.0,0.0,,,5.0,1.0,0.0,3.0,415.0,281.0,26.0,20.0,51.0,56.0,26.0,24.0,8.0,0.0,54.0,46.0,4.0,9.0,28.0,30.0,19.0,10.0,5.0,6.0,8.0,5.0,8.0,12.0,12.0,24.0,3.0,6.0,,,,,,,,,,,,,,,,
8897165,2020-2021,24,1613304000,finished,Southampton,Wolverhampton,45,3,1.0,2.0,St. Mary's Stadium,Graham Scott,0.0,51.0,49.0,2.0,1.0,7.0,10.0,2.0,2.0,4.0,6.0,10.0,9.0,476.0,448.0,23.0,9.0,9.0,8.0,2.0,2.0,3.0,4.0,0.0,0.0,3.0,3.0,1.0,3.0,4.0,6.0,3.0,4.0,1.0,0.0,,,1.0,3.0,6.0,1.0,376.0,337.0,17.0,27.0,43.0,48.0,10.0,28.0,2.0,3.0,57.0,43.0,3.0,5.0,41.0,25.0,17.0,18.0,9.0,8.0,12.0,2.0,14.0,13.0,15.0,13.0,7.0,3.0,1.0,1.0,,,,,,,,,,,,,,
8897096,2020-2021,24,1613311200,finished,West Bromwich Albion,Manchester United,8,35,1.0,1.0,The Hawthorns,Craig Pawson,0.0,27.0,73.0,2.0,0.0,7.0,10.0,5.0,2.0,4.0,5.0,13.0,10.0,253.0,707.0,14.0,10.0,10.0,12.0,5.0,0.0,3.0,7.0,0.0,1.0,4.0,0.0,0.0,3.0,6.0,6.0,1.0,4.0,2.0,0.0,,,1.0,4.0,2.0,3.0,166.0,609.0,11.0,28.0,46.0,73.0,19.0,28.0,5.0,6.0,45.0,55.0,7.0,5.0,28.0,32.0,14.0,20.0,6.0,10.0,7.0,7.0,12.0,2.0,29.0,9.0,4.0,8.0,,,,,,,,,,,,,,,,
8897124,2020-2021,24,1613320200,finished,Arsenal,Leeds United,42,34,4.0,2.0,Emirates Stadium,Stuart Attwell,0.0,46.0,54.0,3.0,1.0,13.0,9.0,3.0,1.0,4.0,5.0,8.0,17.0,423.0,498.0,5.0,10.0,15.0,8.0,0.0,2.0,5.0,5.0,1.0,0.0,3.0,2.0,5.0,2.0,8.0,5.0,5.0,4.0,1.0,0.0,,,3.0,0.0,2.0,0.0,323.0,394.0,23.0,18.0,45.0,62.0,19.0,23.0,2.0,2.0,50.0,50.0,3.0,4.0,27.0,25.0,12.0,14.0,7.0,7.0,2.0,9.0,16.0,11.0,15.0,9.0,7.0,4.0,2.0,1.0,,,,,,,,,,,,,,
8897177,2020-2021,24,1613329200,finished,Everton,Fulham,48,43,0.0,2.0,Goodison Park,Andy Madley,0.0,50.0,50.0,0.0,3.0,7.0,12.0,1.0,2.0,5.0,4.0,7.0,16.0,534.0,545.0,17.0,10.0,16.0,7.0,1.0,1.0,2.0,3.0,1.0,2.0,3.0,6.0,2.0,3.0,4.0,8.0,3.0,4.0,0.0,1.0,,,5.0,1.0,3.0,2.0,446.0,466.0,21.0,21.0,46.0,58.0,29.0,24.0,3.0,3.0,62.0,38.0,10.0,11.0,41.0,25.0,15.0,9.0,8.0,8.0,11.0,4.0,5.0,12.0,14.0,24.0,6.0,6.0,0.0,2.0,,,,,,,,,,,,,,
8897058,2020-2021,19,1610884800,postponed,Aston Villa,Everton,40,48,,,Villa Park,,0.0,,,,,,,,,,,,,,,,,,,,,,,,,,,,,,,,,,,,,,,,,,,,,,,,,,,,,,,,,,,,,,,,,,,,,,,,,,,,,,,,,,,,
8897052,2020-2021,19,1610892000,finished,Sheffield United,Tottenham Hotspur,15,33,1.0,3.0,Bramall Lane,Andre Marriner,0.0,42.0,58.0,1.0,2.0,15.0,14.0,2.0,4.0,5.0,7.0,13.0,4.0,413.0,580.0,19.0,17.0,4.0,13.0,4.0,0.0,5.0,5.0,0.0,1.0,3.0,4.0,7.0,5.0,7.0,5.0,8.0,9.0,0.0,1.0,0.0,1.0,1.0,0.0,4.0,1.0,321.0,481.0,22.0,23.0,57.0,44.0,17.0,21.0,4.0,2.0,49.0,51.0,12.0,8.0,30.0,42.0,26.0,17.0,8.0,12.0,11.0,8.0,13.0,11.0,21.0,17.0,5.0,5.0,1.0,1.0,,,,,,,,,,,,,,
8897066,2020-2021,19,1610901000,finished,Liverpool,Manchester United,44,35,0.0,0.0,Anfield,Paul Tierney,0.0,66.0,34.0,1.0,2.0,17.0,8.0,4.0,3.0,7.0,3.0,15.0,6.0,667.0,344.0,16.0,20.0,6.0,15.0,2.0,1.0,3.0,4.0,0.0,0.0,6.0,1.0,8.0,3.0,9.0,5.0,8.0,3.0,1.0,2.0,1.0,0.0,1.0,2.0,1.0,8.0,576.0,252.0,19.0,21.0,62.0,35.0,36.0,23.0,3.0,4.0,41.0,59.0,16.0,12.0,37.0,48.0,5.0,13.0,15.0,13.0,9.0,10.0,12.0,8.0,11.0,33.0,3.0,10.0,,,,,,,,,,,,,,,,
8897057,2020-2021,19,1610910900,finished,Manchester City,Crystal Palace,17,7,4.0,0.0,Etihad Stadium,Lee Mason,0.0,72.0,28.0,1.0,0.0,13.0,2.0,0.0,2.0,11.0,1.0,9.0,8.0,747.0,288.0,18.0,15.0,6.0,8.0,,,6.0,0.0,0.0,0.0,3.0,1.0,4.0,1.0,7.0,1.0,6.0,1.0,,,,,3.0,1.0,,,675.0,208.0,19.0,21.0,78.0,37.0,29.0,14.0,7.0,1.0,54.0,46.0,9.0,10.0,31.0,27.0,14.0,12.0,7.0,4.0,10.0,9.0,8.0,8.0,4.0,29.0,2.0,5.0,1.0,0.0,,,,,,,,,,,,,,
8897048,2020-2021,19,1611000000,finished,Arsenal,Newcastle United,42,39,3.0,0.0,Emirates Stadium,David Coote,0.0,66.0,34.0,3.0,0.0,20.0,4.0,1.0,3.0,7.0,2.0,9.0,8.0,634.0,323.0,7.0,11.0,8.0,9.0,,,6.0,1.0,1.0,0.0,11.0,2.0,3.0,1.0,14.0,3.0,6.0,1.0,2.0,0.0,,,4.0,1.0,4.0,1.0,570.0,242.0,10.0,16.0,84.0,37.0,31.0,30.0,7.0,1.0,42.0,58.0,7.0,3.0,24.0,29.0,9.0,16.0,9.0,9.0,5.0,4.0,9.0,3.0,12.0,10.0,6.0,12.0,1.0,0.0,,,,,,,,,,,,,,
8897046,2020-2021,18,1611079200,finished,West Ham United,West Bromwich Albion,37,8,2.0,1.0,London Stadium,Graham Scott,0.0,59.0,41.0,3.0,1.0,14.0,6.0,2.0,4.0,3.0,1.0,10.0,10.0,541.0,375.0,5.0,19.0,9.0,9.0,0.0,1.0,6.0,2.0,0.0,0.0,5.0,4.0,3.0,0.0,8.0,2.0,6.0,4.0,1.0,1.0,,,3.0,1.0,2.0,0.0,446.0,271.0,25.0,17.0,72.0,78.0,34.0,33.0,6.0,2.0,51.0,49.0,11.0,1.0,26.0,31.0,22.0,16.0,12.0,3.0,3.0,11.0,3.0,8.0,18.0,23.0,8.0,6.0,2.0,0.0,,,,,,,,,,,,,,
8897055,2020-2021,18,1611087300,finished,Leicester City,Chelsea,31,38,2.0,0.0,King Power Stadium,Craig Pawson,0.0,36.0,64.0,4.0,0.0,8.0,9.0,5.0,4.0,6.0,3.0,7.0,16.0,340.0,636.0,19.0,25.0,16.0,7.0,1.0,3.0,6.0,5.0,1.0,0.0,2.0,3.0,0.0,1.0,5.0,8.0,3.0,1.0,3.0,0.0,1.0,0.0,3.0,3.0,1.0,3.0,278.0,559.0,21.0,23.0,38.0,58.0,20.0,37.0,2.0,7.0,50.0,50.0,12.0,9.0,40.0,43.0,13.0,10.0,6.0,11.0,11.0,17.0,11.0,5.0,15.0,17.0,4.0,5.0,1.0,0.0,,,,,,,,,,,,,,
8897070,2020-2021,18,1611165600,postponed,Leeds United,Southampton,34,45,,,Elland Road,,,,,,,,,,,,,,,,,,,,,,,,,,,,,,,,,,,,,,,,,,,,,,,,,,,,,,,,,,,,,,,,,,,,,,,,,,,,,,,,,,,,,,
9258869,2020-2021,1,1611165600,finished,Manchester City,Aston Villa,17,40,2.0,0.0,Etihad Stadium,Jonathan Moss,0.0,69.0,31.0,4.0,0.0,28.0,11.0,4.0,7.0,16.0,2.0,10.0,9.0,628.0,285.0,14.0,14.0,8.0,10.0,0.0,2.0,9.0,4.0,1.0,0.0,7.0,4.0,12.0,3.0,20.0,6.0,8.0,5.0,3.0,0.0,,,2.0,2.0,3.0,1.0,553.0,207.0,14.0,13.0,54.0,36.0,26.0,24.0,5.0,1.0,55.0,45.0,3.0,11.0,34.0,34.0,21.0,11.0,12.0,10.0,10.0,6.0,11.0,15.0,11.0,29.0,1.0,8.0,1.0,0.0,,,,,,,,,,,,,,
8897060,2020-2021,18,1611173700,finished,Fulham,Manchester United,43,35,1.0,2.0,Craven Cottage,Martin Atkinson,0.0,38.0,62.0,1.0,3.0,12.0,15.0,3.0,4.0,2.0,8.0,6.0,10.0,400.0,636.0,12.0,18.0,10.0,6.0,3.0,1.0,5.0,5.0,0.0,1.0,4.0,6.0,3.0,4.0,8.0,10.0,4.0,5.0,0.0,2.0,1.0,0.0,2.0,1.0,1.0,2.0,323.0,546.0,17.0,32.0,41.0,63.0,14.0,34.0,4.0,5.0,50.0,50.0,10.0,9.0,33.0,34.0,11.0,10.0,11.0,10.0,9.0,11.0,15.0,11.0,29.0,15.0,14.0,7.0,1.0,1.0,,,,,,,,,,,,,,
8897041,2020-2021,18,1611259200,finished,Liverpool,Burnley,44,6,0.0,1.0,Anfield,Mike Dean,0.0,72.0,28.0,1.0,1.0,27.0,6.0,3.0,6.0,12.0,0.0,11.0,8.0,686.0,274.0,6.0,10.0,7.0,10.0,2.0,1.0,6.0,4.0,1.0,0.0,10.0,2.0,11.0,0.0,16.0,5.0,11.0,1.0,1.0,0.0,,,3.0,3.0,1.0,6.0,588.0,183.0,18.0,6.0,62.0,58.0,33.0,37.0,3.0,1.0,44.0,56.0,8.0,3.0,20.0,23.0,15.0,21.0,7.0,3.0,2.0,6.0,4.0,14.0,6.0,52.0,5.0,15.0,0.0,1.0,,,,,,,,,,,,,,
9282832,2020-2021,11,1611432000,finished,Aston Villa,Newcastle United,40,39,2.0,0.0,Villa Park,Simon Hooper,0.0,59.0,41.0,4.0,0.0,14.0,7.0,1.0,3.0,4.0,4.0,9.0,18.0,567.0,369.0,11.0,14.0,18.0,9.0,0.0,3.0,5.0,1.0,0.0,0.0,6.0,4.0,3.0,2.0,9.0,6.0,5.0,1.0,3.0,0.0,,,4.0,0.0,1.0,2.0,499.0,288.0,15.0,28.0,52.0,56.0,41.0,25.0,4.0,4.0,52.0,48.0,10.0,5.0,32.0,31.0,16.0,14.0,3.0,8.0,6.0,7.0,12.0,6.0,27.0,12.0,3.0,9.0,1.0,0.0,,,,,,,,,,,,,,
8897037,2020-2021,20,1611684000,finished,Crystal Palace,West Ham United,7,37,2.0,3.0,Selhurst Park,Stuart Attwell,0.0,54.0,46.0,1.0,5.0,6.0,17.0,5.0,1.0,3.0,4.0,9.0,8.0,536.0,460.0,17.0,18.0,8.0,9.0,,,3.0,7.0,0.0,2.0,3.0,6.0,0.0,4.0,2.0,10.0,4.0,7.0,1.0,2.0,,,1.0,1.0,0.0,2.0,422.0,347.0,22.0,27.0,66.0,56.0,23.0,20.0,4.0,3.0,56.0,44.0,12.0,11.0,34.0,36.0,31.0,15.0,9.0,10.0,8.0,11.0,14.0,11.0,9.0,16.0,4.0,7.0,0.0,3.0,,,,,,,,,,,,,,
8897044,2020-2021,20,1611684000,finished,Newcastle United,Leeds United,39,34,1.0,2.0,St James' Park,Anthony Taylor,0.0,42.0,58.0,1.0,0.0,22.0,9.0,1.0,4.0,9.0,4.0,10.0,15.0,313.0,450.0,11.0,15.0,12.0,9.0,1.0,3.0,5.0,2.0,2.0,1.0,10.0,4.0,7.0,3.0,9.0,8.0,13.0,1.0,,,,,5.0,1.0,1.0,0.0,222.0,330.0,20.0,26.0,54.0,38.0,12.0,36.0,5.0,2.0,52.0,48.0,9.0,9.0,39.0,32.0,25.0,27.0,16.0,8.0,6.0,7.0,6.0,8.0,20.0,21.0,8.0,13.0,1.0,0.0,,,,,,,,,,,,,,
8897045,2020-2021,20,1611692100,finished,Southampton,Arsenal,45,42,1.0,3.0,St. Mary's Stadium,Kevin Friend,0.0,58.0,42.0,1.0,4.0,13.0,9.0,1.0,4.0,4.0,5.0,11.0,6.0,493.0,353.0,17.0,15.0,6.0,11.0,1.0,2.0,5.0,5.0,0.0,0.0,5.0,4.0,3.0,0.0,8.0,7.0,5.0,2.0,1.0,1.0,0.0,3.0,2.0,2.0,2.0,2.0,421.0,273.0,23.0,22.0,45.0,48.0,15.0,31.0,8.0,3.0,49.0,51.0,10.0,11.0,37.0,38.0,10.0,11.0,14.0,12.0,11.0,8.0,12.0,7.0,17.0,15.0,5.0,9.0,0.0,3.0,,,,,,,,,,,,,,
8897031,2020-2021,20,1611692100,finished,West Bromwich Albion,Manchester City,8,17,0.0,5.0,The Hawthorns,Chris Kavanagh,0.0,22.0,78.0,1.0,2.0,4.0,18.0,2.0,1.0,3.0,8.0,8.0,8.0,247.0,888.0,13.0,8.0,7.0,8.0,2.0,0.0,1.0,7.0,0.0,2.0,2.0,4.0,1.0,7.0,4.0,12.0,0.0,6.0,1.0,0.0,,,1.0,0.0,0.0,1.0,163.0,810.0,17.0,17.0,37.0,61.0,21.0,27.0,2.0,3.0,35.0,65.0,5.0,8.0,22.0,32.0,10.0,27.0,3.0,16.0,6.0,5.0,14.0,4.0,24.0,15.0,6.0,2.0,0.0,2.0,,,,,,,,,,,,,,
8897025,2020-2021,20,1611770400,finished,Burnley,Aston Villa,6,40,3.0,2.0,Turf Moor,Paul Tierney,0.0,38.0,62.0,1.0,5.0,10.0,18.0,8.0,2.0,2.0,4.0,16.0,7.0,290.0,475.0,22.0,6.0,6.0,16.0,1.0,0.0,5.0,10.0,0.0,1.0,3.0,5.0,2.0,3.0,5.0,14.0,5.0,4.0,0.0,3.0,0.0,1.0,0.0,3.0,3.0,2.0,170.0,369.0,27.0,30.0,59.0,75.0,24.0,34.0,5.0,5.0,53.0,47.0,4.0,8.0,32.0,28.0,25.0,23.0,4.0,6.0,13.0,2.0,10.0,7.0,20.0,16.0,7.0,7.0,1.0,2.0,,,,,,,,,,,,,,
8897040,2020-2021,20,1611770400,finished,Chelsea,Wolverhampton,38,3,0.0,0.0,Stamford Bridge,Andy Madley,0.0,79.0,21.0,0.0,1.0,14.0,4.0,0.0,5.0,12.0,1.0,14.0,7.0,898.0,242.0,15.0,5.0,7.0,14.0,1.0,1.0,5.0,0.0,0.0,1.0,5.0,4.0,4.0,0.0,9.0,2.0,5.0,2.0,0.0,1.0,,,2.0,1.0,2.0,0.0,832.0,174.0,17.0,17.0,80.0,23.0,22.0,21.0,6.0,1.0,49.0,51.0,1.0,9.0,27.0,28.0,13.0,13.0,6.0,9.0,11.0,4.0,6.0,16.0,8.0,30.0,7.0,8.0,,,,,,,,,,,,,,,,
8897020,2020-2021,20,1611775800,finished,Brighton & Hove Albion,Fulham,30,43,0.0,0.0,American Express Stadium,Craig Pawson,0.0,50.0,50.0,3.0,0.0,16.0,10.0,2.0,5.0,10.0,0.0,10.0,14.0,411.0,439.0,23.0,12.0,14.0,10.0,2.0,1.0,5.0,3.0,0.0,0.0,5.0,5.0,6.0,2.0,12.0,8.0,4.0,2.0,3.0,0.0,,,5.0,1.0,3.0,0.0,293.0,324.0,22.0,18.0,66.0,36.0,25.0,18.0,8.0,3.0,57.0,43.0,8.0,14.0,50.0,32.0,28.0,26.0,13.0,11.0,14.0,7.0,14.0,16.0,6.0,20.0,8.0,9.0,,,,,,,,,,,,,,,,
8897042,2020-2021,20,1611778500,finished,Everton,Leicester City,48,31,1.0,1.0,Goodison Park,Mike Dean,0.0,35.0,65.0,,,8.0,19.0,5.0,1.0,5.0,11.0,12.0,10.0,298.0,573.0,14.0,19.0,10.0,12.0,1.0,1.0,2.0,6.0,0.0,0.0,4.0,3.0,2.0,10.0,5.0,7.0,3.0,12.0,,,,,0.0,5.0,2.0,1.0,227.0,494.0,17.0,24.0,43.0,59.0,20.0,24.0,5.0,0.0,46.0,54.0,11.0,8.0,36.0,40.0,15.0,19.0,12.0,9.0,9.0,12.0,11.0,8.0,23.0,20.0,9.0,5.0,,,,,,,,,,,,,,,,
8897038,2020-2021,20,1611778500,finished,Manchester United,Sheffield United,35,15,1.0,2.0,Old Trafford,Peter Bankes,0.0,76.0,24.0,1.0,0.0,16.0,5.0,1.0,3.0,7.0,2.0,10.0,12.0,803.0,257.0,21.0,15.0,12.0,10.0,1.0,1.0,4.0,3.0,1.0,0.0,5.0,1.0,7.0,1.0,10.0,5.0,6.0,0.0,1.0,0.0,0.0,1.0,2.0,1.0,0.0,5.0,711.0,177.0,23.0,12.0,81.0,42.0,64.0,10.0,4.0,1.0,69.0,31.0,7.0,11.0,49.0,28.0,23.0,5.0,17.0,3.0,11.0,9.0,4.0,16.0,8.0,28.0,2.0,9.0,,,,,,,,,,,,,,,,
8897033,2020-2021,20,1611864000,finished,Tottenham Hotspur,Liverpool,33,44,1.0,3.0,Tottenham Hotspur Stadium,Martin Atkinson,0.0,50.0,50.0,0.0,4.0,3.0,14.0,4.0,1.0,1.0,2.0,9.0,11.0,592.0,587.0,14.0,10.0,10.0,7.0,1.0,2.0,2.0,7.0,0.0,0.0,1.0,6.0,0.0,1.0,1.0,11.0,2.0,3.0,0.0,2.0,0.0,1.0,,,2.0,2.0,498.0,504.0,17.0,17.0,73.0,49.0,27.0,21.0,0.0,3.0,53.0,47.0,4.0,11.0,34.0,30.0,12.0,11.0,10.0,13.0,8.0,8.0,11.0,16.0,18.0,12.0,7.0,3.0,0.0,2.0,,,,,,,,,,,,,,
8897054,2020-2021,21,1612009800,finished,Everton,Newcastle United,48,39,0.0,2.0,Goodison Park,Stuart Attwell,0.0,61.0,39.0,0.0,4.0,11.0,13.0,1.0,3.0,7.0,12.0,13.0,6.0,488.0,301.0,17.0,14.0,5.0,13.0,3.0,4.0,3.0,3.0,0.0,2.0,6.0,5.0,2.0,5.0,8.0,9.0,3.0,4.0,0.0,3.0,1.0,1.0,1.0,4.0,4.0,0.0,414.0,226.0,14.0,21.0,43.0,47.0,35.0,27.0,2.0,7.0,52.0,48.0,11.0,10.0,28.0,34.0,21.0,12.0,6.0,8.0,12.0,8.0,9.0,10.0,26.0,27.0,8.0,11.0,0.0,1.0,,,,,,,,,,,,,,
8897018,2020-2021,21,1612018800,finished,West Bromwich Albion,Fulham,8,43,2.0,2.0,The Hawthorns,Anthony Taylor,0.0,38.0,62.0,2.0,3.0,5.0,12.0,5.0,1.0,2.0,3.0,9.0,10.0,336.0,574.0,13.0,8.0,9.0,9.0,1.0,0.0,3.0,7.0,0.0,1.0,2.0,3.0,0.0,2.0,4.0,8.0,1.0,4.0,0.0,1.0,,,0.0,3.0,1.0,1.0,215.0,464.0,19.0,20.0,81.0,61.0,24.0,27.0,6.0,2.0,44.0,56.0,5.0,8.0,30.0,27.0,20.0,36.0,8.0,10.0,7.0,5.0,14.0,6.0,20.0,17.0,7.0,8.0,2.0,2.0,,,,,,,,,,,,,,
8897043,2020-2021,21,1612018800,finished,Crystal Palace,Wolverhampton,7,3,1.0,0.0,Selhurst Park,Simon Hooper,0.0,47.0,53.0,2.0,1.0,11.0,6.0,4.0,1.0,1.0,6.0,7.0,10.0,518.0,560.0,14.0,25.0,10.0,6.0,1.0,2.0,2.0,4.0,1.0,0.0,6.0,1.0,3.0,1.0,5.0,4.0,6.0,2.0,2.0,1.0,,,4.0,0.0,1.0,1.0,450.0,493.0,18.0,14.0,51.0,38.0,27.0,15.0,1.0,8.0,45.0,55.0,18.0,3.0,34.0,44.0,9.0,8.0,11.0,13.0,6.0,15.0,8.0,6.0,15.0,11.0,5.0,9.0,,,,,,,,,,,,,,,,
8897021,2020-2021,21,1612018800,finished,Manchester City,Sheffield United,17,15,1.0,0.0,Etihad Stadium,David Coote,0.0,75.0,25.0,2.0,0.0,10.0,4.0,1.0,4.0,10.0,0.0,7.0,10.0,805.0,273.0,12.0,15.0,10.0,7.0,0.0,3.0,5.0,1.0,0.0,0.0,1.0,2.0,4.0,1.0,6.0,0.0,4.0,4.0,1.0,0.0,,,3.0,1.0,0.0,1.0,729.0,206.0,18.0,10.0,82.0,27.0,51.0,21.0,5.0,0.0,52.0,48.0,7.0,10.0,30.0,26.0,14.0,14.0,8.0,4.0,7.0,7.0,4.0,10.0,6.0,22.0,3.0,5.0,1.0,0.0,,,,,,,,,,,,,,
8897030,2020-2021,21,1612027800,finished,Arsenal,Manchester United,42,35,0.0,0.0,Emirates Stadium,Michael Oliver,0.0,43.0,57.0,0.0,2.0,17.0,14.0,3.0,3.0,4.0,7.0,9.0,16.0,436.0,566.0,13.0,10.0,16.0,9.0,1.0,3.0,3.0,3.0,1.0,0.0,8.0,8.0,6.0,3.0,8.0,8.0,9.0,6.0,0.0,2.0,,,6.0,1.0,0.0,2.0,352.0,486.0,9.0,25.0,50.0,54.0,15.0,21.0,5.0,6.0,55.0,45.0,7.0,6.0,35.0,25.0,10.0,12.0,6.0,6.0,7.0,4.0,13.0,16.0,21.0,13.0,8.0,11.0,,,,,,,,,,,,,,,,
8897023,2020-2021,21,1612036800,finished,Southampton,Aston Villa,45,40,0.0,1.0,St. Mary's Stadium,Lee Mason,0.0,60.0,40.0,4.0,1.0,20.0,8.0,3.0,4.0,7.0,1.0,12.0,11.0,487.0,336.0,24.0,23.0,10.0,11.0,1.0,0.0,5.0,4.0,0.0,0.0,6.0,3.0,9.0,1.0,11.0,7.0,9.0,1.0,4.0,0.0,1.0,0.0,2.0,3.0,4.0,5.0,395.0,249.0,25.0,23.0,58.0,48.0,15.0,30.0,3.0,1.0,51.0,49.0,10.0,15.0,46.0,38.0,11.0,17.0,12.0,4.0,13.0,13.0,8.0,16.0,11.0,22.0,5.0,9.0,0.0,1.0,,,,,,,,,,,,,,
8897050,2020-2021,21,1612094400,finished,Chelsea,Burnley,38,6,2.0,0.0,Stamford Bridge,Graham Scott,0.0,71.0,29.0,2.0,0.0,19.0,1.0,0.0,7.0,4.0,2.0,7.0,9.0,723.0,287.0,13.0,15.0,9.0,7.0,0.0,1.0,8.0,0.0,1.0,0.0,9.0,1.0,2.0,0.0,11.0,1.0,8.0,0.0,2.0,0.0,,,1.0,1.0,2.0,2.0,627.0,187.0,22.0,21.0,62.0,52.0,34.0,30.0,3.0,2.0,47.0,53.0,7.0,11.0,31.0,28.0,13.0,22.0,9.0,6.0,8.0,6.0,9.0,10.0,17.0,21.0,4.0,17.0,,,,,,,,,,,,,,,,
8897051,2020-2021,21,1612101600,finished,Leicester City,Leeds United,31,34,1.0,3.0,King Power Stadium,Chris Kavanagh,0.0,51.0,49.0,3.0,4.0,18.0,8.0,3.0,7.0,5.0,4.0,17.0,16.0,404.0,389.0,15.0,27.0,16.0,17.0,0.0,3.0,8.0,7.0,0.0,1.0,4.0,0.0,6.0,1.0,7.0,7.0,11.0,1.0,3.0,2.0,0.0,1.0,6.0,0.0,2.0,2.0,303.0,281.0,21.0,20.0,54.0,42.0,17.0,12.0,2.0,2.0,52.0,48.0,8.0,9.0,43.0,47.0,22.0,12.0,12.0,4.0,11.0,16.0,14.0,19.0,7.0,19.0,4.0,7.0,0.0,2.0,,,,,,,,,,,,,,
8896955,2020-2021,16,1609185600,postponed,Everton,Manchester City,48,17,,,Goodison Park,Martin Atkinson,,,,,,,,,,,,,,,,,,,,,,,,,,,,,,,,,,,,,,,,,,,,,,,,,,,,,,,,,,,,,,,,,,,,,,,,,,,,,,,,,,,,,
8897008,2020-2021,16,1609264800,finished,Burnley,Sheffield United,6,15,1.0,0.0,Turf Moor,Chris Kavanagh,0.0,37.0,63.0,2.0,1.0,5.0,7.0,2.0,2.0,3.0,5.0,13.0,17.0,322.0,551.0,12.0,13.0,17.0,12.0,1.0,2.0,3.0,3.0,0.0,0.0,2.0,2.0,0.0,2.0,4.0,4.0,1.0,3.0,2.0,1.0,,,3.0,2.0,2.0,2.0,224.0,447.0,11.0,27.0,54.0,91.0,34.0,21.0,4.0,3.0,52.0,48.0,7.0,10.0,31.0,35.0,31.0,22.0,3.0,11.0,8.0,9.0,8.0,8.0,27.0,7.0,6.0,5.0,,,,,,,,,,,,,,,,
8896965,2020-2021,16,1609264800,finished,Southampton,West Ham United,45,37,0.0,0.0,St. Mary's Stadium,Andy Madley,0.0,63.0,37.0,1.0,1.0,8.0,8.0,3.0,4.0,4.0,3.0,16.0,15.0,576.0,340.0,15.0,15.0,14.0,16.0,3.0,1.0,3.0,3.0,0.0,0.0,4.0,3.0,1.0,2.0,4.0,6.0,4.0,2.0,1.0,1.0,,,3.0,5.0,2.0,3.0,483.0,241.0,23.0,15.0,55.0,55.0,14.0,30.0,2.0,6.0,40.0,60.0,11.0,10.0,31.0,37.0,7.0,21.0,2.0,8.0,4.0,7.0,11.0,17.0,11.0,26.0,1.0,6.0,,,,,,,,,,,,,,,,
8896889,2020-2021,16,1609264800,finished,West Bromwich Albion,Leeds United,8,34,0.0,5.0,The Hawthorns,Lee Mason,0.0,24.0,76.0,1.0,2.0,4.0,14.0,2.0,1.0,3.0,10.0,7.0,10.0,238.0,762.0,10.0,13.0,10.0,6.0,0.0,1.0,1.0,6.0,0.0,0.0,2.0,3.0,1.0,5.0,2.0,8.0,2.0,6.0,1.0,1.0,0.0,1.0,2.0,2.0,1.0,1.0,155.0,679.0,17.0,13.0,53.0,65.0,23.0,40.0,1.0,5.0,41.0,59.0,11.0,4.0,23.0,32.0,18.0,26.0,3.0,14.0,6.0,5.0,11.0,6.0,24.0,20.0,7.0,5.0,0.0,1.0,,,,,,,,,,,,,,
8896935,2020-2021,16,1609264800,finished,Brighton & Hove Albion,Arsenal,30,42,0.0,1.0,American Express Stadium,Martin Atkinson,0.0,50.0,50.0,0.0,1.0,13.0,11.0,2.0,2.0,5.0,4.0,11.0,4.0,492.0,511.0,17.0,10.0,4.0,11.0,2.0,0.0,2.0,3.0,0.0,0.0,5.0,6.0,6.0,2.0,9.0,9.0,4.0,2.0,0.0,1.0,1.0,0.0,1.0,4.0,,,404.0,438.0,23.0,17.0,55.0,50.0,35.0,23.0,8.0,4.0,61.0,39.0,6.0,11.0,34.0,25.0,24.0,12.0,13.0,5.0,10.0,5.0,7.0,10.0,7.0,14.0,8.0,7.0,,,,,,,,,,,,,,,,
8896942,2020-2021,16,1609272000,finished,Manchester United,Wolverhampton,35,3,1.0,0.0,Old Trafford,Jonathan Moss,0.0,58.0,42.0,3.0,0.0,11.0,9.0,5.0,2.0,2.0,2.0,11.0,7.0,611.0,439.0,15.0,16.0,7.0,11.0,1.0,1.0,3.0,5.0,0.0,1.0,5.0,2.0,3.0,2.0,6.0,7.0,5.0,2.0,3.0,0.0,,,3.0,3.0,4.0,2.0,534.0,357.0,19.0,15.0,71.0,42.0,30.0,29.0,4.0,4.0,52.0,48.0,7.0,9.0,33.0,34.0,13.0,9.0,11.0,7.0,4.0,7.0,15.0,11.0,5.0,24.0,5.0,12.0,,,,,,,,,,,,,,,,
8896895,2020-2021,16,1609351200,canceled,Tottenham Hotspur,Fulham,33,43,,,Tottenham Hotspur Stadium,Peter Bankes,0.0,,,,,,,,,,,,,,,,,,,,,,,,,,,,,,,,,,,,,,,,,,,,,,,,,,,,,,,,,,,,,,,,,,,,,,,,,,,,,,,,,,,,
8897013,2020-2021,16,1609358400,finished,Newcastle United,Liverpool,39,44,0.0,0.0,St James' Park,Paul Tierney,0.0,27.0,73.0,1.0,3.0,8.0,11.0,4.0,2.0,5.0,12.0,9.0,13.0,241.0,661.0,19.0,10.0,13.0,9.0,2.0,3.0,2.0,4.0,0.0,0.0,4.0,4.0,2.0,3.0,5.0,6.0,3.0,5.0,1.0,3.0,0.0,3.0,3.0,4.0,2.0,4.0,159.0,571.0,18.0,27.0,47.0,76.0,16.0,47.0,4.0,8.0,51.0,49.0,8.0,13.0,36.0,26.0,20.0,27.0,4.0,7.0,12.0,6.0,14.0,15.0,52.0,19.0,7.0,5.0,,,,,,,,,,,,,,,,
8897004,2020-2021,17,1609522200,finished,Everton,West Ham United,48,37,0.0,1.0,Goodison Park,Kevin Friend,,60.0,40.0,0.0,3.0,10.0,11.0,4.0,2.0,5.0,4.0,9.0,7.0,589.0,392.0,15.0,16.0,6.0,9.0,2.0,0.0,2.0,5.0,0.0,0.0,5.0,5.0,3.0,1.0,5.0,7.0,5.0,4.0,0.0,2.0,1.0,0.0,3.0,2.0,2.0,0.0,492.0,298.0,18.0,17.0,78.0,58.0,24.0,16.0,5.0,4.0,50.0,50.0,10.0,10.0,28.0,27.0,20.0,21.0,7.0,4.0,10.0,10.0,11.0,20.0,16.0,21.0,6.0,6.0,0.0,1.0,,,,,,,,,,,,,,
8896909,2020-2021,17,1609531200,finished,Manchester United,Aston Villa,35,40,2.0,1.0,Old Trafford,Michael Oliver,0.0,48.0,52.0,3.0,2.0,19.0,15.0,4.0,7.0,5.0,10.0,22.0,10.0,407.0,417.0,11.0,18.0,9.0,22.0,4.0,0.0,9.0,5.0,1.0,0.0,5.0,6.0,5.0,4.0,12.0,12.0,7.0,3.0,1.0,1.0,0.0,1.0,1.0,5.0,1.0,1.0,337.0,332.0,14.0,18.0,41.0,54.0,27.0,26.0,3.0,8.0,44.0,56.0,11.0,6.0,29.0,50.0,22.0,15.0,9.0,10.0,6.0,13.0,15.0,11.0,25.0,18.0,8.0,10.0,2.0,1.0,,,,,,,,,,,,,,
8896917,2020-2021,17,1609590600,finished,Tottenham Hotspur,Leeds United,33,34,3.0,0.0,Tottenham Hotspur Stadium,David Coote,0.0,37.0,63.0,4.0,1.0,20.0,18.0,5.0,4.0,3.0,5.0,15.0,13.0,347.0,591.0,24.0,20.0,13.0,15.0,4.0,1.0,7.0,5.0,0.0,0.0,9.0,9.0,4.0,4.0,14.0,10.0,6.0,8.0,2.0,1.0,,,5.0,1.0,0.0,1.0,261.0,501.0,20.0,20.0,53.0,54.0,24.0,26.0,4.0,4.0,56.0,44.0,13.0,9.0,56.0,47.0,14.0,8.0,19.0,12.0,15.0,12.0,11.0,14.0,23.0,8.0,10.0,9.0,2.0,0.0,1.0,0.0,,,,,,,,,,,,
8896899,2020-2021,17,1609599600,finished,Crystal Palace,Sheffield United,7,15,2.0,0.0,Selhurst Park,Stuart Attwell,0.0,44.0,56.0,,,9.0,7.0,2.0,2.0,3.0,6.0,8.0,18.0,414.0,510.0,24.0,22.0,16.0,8.0,1.0,3.0,4.0,2.0,1.0,0.0,2.0,1.0,3.0,4.0,6.0,4.0,3.0,3.0,,,,,3.0,1.0,0.0,3.0,298.0,411.0,35.0,39.0,57.0,69.0,21.0,39.0,4.0,4.0,55.0,45.0,13.0,11.0,53.0,37.0,23.0,25.0,15.0,7.0,14.0,13.0,9.0,18.0,23.0,8.0,7.0,3.0,,,,,,,,,,,,,,,,
8896894,2020-2021,17,1609608600,finished,Brighton & Hove Albion,Wolverhampton,30,3,3.0,3.0,American Express Stadium,Andy Madley,0.0,55.0,45.0,3.0,2.0,13.0,11.0,2.0,1.0,5.0,7.0,13.0,8.0,548.0,461.0,21.0,13.0,7.0,13.0,2.0,1.0,4.0,4.0,1.0,0.0,3.0,4.0,6.0,3.0,10.0,7.0,3.0,4.0,1.0,1.0,,,3.0,3.0,1.0,0.0,474.0,382.0,17.0,19.0,69.0,42.0,28.0,28.0,8.0,2.0,51.0,49.0,8.0,14.0,35.0,42.0,19.0,9.0,7.0,16.0,9.0,8.0,15.0,10.0,11.0,21.0,4.0,10.0,2.0,1.0,,,,,,,,,,,,,,
8896902,2020-2021,17,1609617600,finished,West Bromwich Albion,Arsenal,8,42,0.0,4.0,The Hawthorns,Martin Atkinson,0.0,38.0,62.0,2.0,5.0,7.0,21.0,8.0,3.0,3.0,5.0,7.0,4.0,374.0,623.0,13.0,14.0,4.0,7.0,1.0,2.0,3.0,12.0,0.0,1.0,3.0,7.0,1.0,2.0,4.0,17.0,3.0,4.0,2.0,2.0,1.0,1.0,0.0,2.0,3.0,2.0,278.0,515.0,18.0,19.0,67.0,54.0,31.0,23.0,4.0,4.0,53.0,47.0,8.0,7.0,27.0,33.0,27.0,15.0,10.0,12.0,7.0,11.0,20.0,16.0,19.0,16.0,10.0,3.0,0.0,3.0,,,,,,,,,,,,,,
8896900,2020-2021,17,1609675200,postponed,Burnley,Fulham,6,43,,,Turf Moor,Craig Pawson,0.0,,,,,,,,,,,,,,,,,,,,,,,,,,,,,,,,,,,,,,,,,,,,,,,,,,,,,,,,,,,,,,,,,,,,,,,,,,,,,,,,,,,,
8896906,2020-2021,17,1609683300,finished,Newcastle United,Leicester City,39,31,1.0,2.0,St James' Park,Robert Jones,0.0,43.0,57.0,0.0,1.0,8.0,9.0,1.0,1.0,3.0,6.0,10.0,11.0,371.0,492.0,16.0,14.0,11.0,10.0,0.0,2.0,2.0,3.0,0.0,0.0,3.0,5.0,3.0,1.0,5.0,4.0,3.0,5.0,0.0,1.0,0.0,1.0,2.0,1.0,3.0,3.0,261.0,396.0,28.0,13.0,62.0,54.0,30.0,19.0,4.0,5.0,54.0,46.0,10.0,8.0,38.0,33.0,24.0,19.0,11.0,10.0,9.0,5.0,15.0,20.0,11.0,22.0,10.0,4.0,,,,,,,,,,,,,,,,
8896903,2020-2021,17,1609691400,finished,Chelsea,Manchester City,38,17,1.0,3.0,Stamford Bridge,Anthony Taylor,0.0,55.0,45.0,1.0,6.0,9.0,18.0,3.0,1.0,5.0,3.0,11.0,10.0,654.0,554.0,11.0,18.0,9.0,11.0,3.0,1.0,2.0,6.0,0.0,1.0,2.0,8.0,5.0,4.0,5.0,14.0,4.0,4.0,0.0,4.0,1.0,1.0,3.0,2.0,2.0,0.0,591.0,488.0,16.0,18.0,56.0,42.0,36.0,19.0,3.0,2.0,45.0,55.0,10.0,4.0,36.0,38.0,7.0,14.0,16.0,9.0,7.0,10.0,18.0,15.0,5.0,17.0,8.0,8.0,1.0,2.0,,,,,,,,,,,,,,
8896908,2020-2021,17,1609790400,finished,Southampton,Liverpool,45,44,1.0,0.0,St. Mary's Stadium,Andre Marriner,0.0,33.0,67.0,1.0,2.0,7.0,17.0,1.0,1.0,1.0,10.0,5.0,12.0,352.0,675.0,18.0,16.0,12.0,3.0,1.0,3.0,3.0,1.0,0.0,0.0,3.0,11.0,1.0,5.0,1.0,12.0,6.0,5.0,1.0,2.0,,,1.0,1.0,6.0,1.0,233.0,543.0,17.0,23.0,43.0,85.0,25.0,44.0,0.0,15.0,51.0,49.0,12.0,9.0,42.0,33.0,14.0,21.0,12.0,14.0,10.0,2.0,16.0,11.0,43.0,3.0,14.0,3.0,,,,,,,,,,,,,,,,
8897056,2020-2021,18,1610474400,finished,Sheffield United,Newcastle United,15,39,1.0,0.0,Bramall Lane,Andy Madley,,66.0,34.0,2.0,1.0,17.0,7.0,3.0,3.0,5.0,2.0,13.0,12.0,559.0,283.0,11.0,15.0,11.0,13.0,2.0,5.0,4.0,3.0,1.0,0.0,6.0,3.0,7.0,1.0,13.0,4.0,4.0,3.0,1.0,1.0,,,4.0,2.0,2.0,2.0,484.0,193.0,24.0,23.0,66.0,32.0,41.0,27.0,5.0,3.0,50.0,50.0,7.0,7.0,29.0,32.0,21.0,19.0,7.0,4.0,4.0,8.0,8.0,6.0,16.0,32.0,2.0,13.0,1.0,0.0,0.0,1.0,,,,,,,,,,,,
8897047,2020-2021,18,1610482500,finished,Wolverhampton,Everton,3,48,1.0,2.0,Molineux Stadium,Martin Atkinson,,53.0,47.0,1.0,1.0,12.0,5.0,1.0,2.0,6.0,5.0,6.0,11.0,558.0,500.0,14.0,11.0,9.0,6.0,2.0,2.0,3.0,3.0,1.0,0.0,6.0,1.0,3.0,1.0,7.0,5.0,5.0,0.0,0.0,1.0,0.0,1.0,5.0,0.0,0.0,1.0,509.0,444.0,13.0,18.0,58.0,44.0,16.0,25.0,3.0,2.0,48.0,52.0,6.0,7.0,32.0,28.0,8.0,16.0,9.0,11.0,9.0,7.0,13.0,10.0,14.0,23.0,5.0,10.0,1.0,0.0,,,,,,,,,,,,,,
9258868,2020-2021,1,1610482500,finished,Burnley,Manchester United,6,35,0.0,1.0,Turf Moor,Kevin Friend,,37.0,63.0,2.0,1.0,11.0,13.0,6.0,0.0,3.0,4.0,15.0,13.0,334.0,566.0,5.0,12.0,13.0,14.0,1.0,2.0,0.0,7.0,0.0,0.0,6.0,2.0,5.0,4.0,6.0,9.0,5.0,4.0,2.0,1.0,,,1.0,0.0,3.0,2.0,220.0,475.0,22.0,14.0,56.0,48.0,29.0,23.0,0.0,5.0,37.0,63.0,6.0,2.0,20.0,32.0,12.0,22.0,2.0,6.0,3.0,8.0,11.0,10.0,18.0,19.0,4.0,7.0,,,,,,,,,,,,,,,,
8897049,2020-2021,18,1610560800,finished,Manchester City,Brighton & Hove Albion,17,30,1.0,0.0,Etihad Stadium,Darren England,0.0,65.0,35.0,4.0,0.0,16.0,5.0,1.0,5.0,8.0,4.0,4.0,12.0,726.0,384.0,16.0,21.0,11.0,4.0,0.0,2.0,6.0,1.0,1.0,0.0,4.0,3.0,6.0,1.0,13.0,2.0,3.0,3.0,4.0,0.0,,,2.0,1.0,2.0,2.0,652.0,298.0,15.0,12.0,69.0,34.0,33.0,20.0,4.0,1.0,57.0,43.0,8.0,10.0,45.0,36.0,16.0,10.0,18.0,11.0,10.0,15.0,13.0,11.0,13.0,17.0,4.0,12.0,,,,,,,,,,,,,,,,
8897053,2020-2021,18,1610568900,postponed,Aston Villa,Tottenham Hotspur,40,33,,,Villa Park,,,,,,,,,,,,,,,,,,,,,,,,,,,,,,,,,,,,,,,,,,,,,,,,,,,,,,,,,,,,,,,,,,,,,,,,,,,,,,,,,,,,,,
9277342,2020-2021,16,1610568900,finished,Tottenham Hotspur,Fulham,33,43,1.0,1.0,Tottenham Hotspur Stadium,Paul Tierney,0.0,52.0,48.0,7.0,1.0,15.0,15.0,3.0,5.0,6.0,5.0,13.0,15.0,522.0,467.0,14.0,13.0,14.0,13.0,1.0,2.0,6.0,4.0,1.0,0.0,6.0,5.0,3.0,6.0,10.0,10.0,5.0,5.0,6.0,1.0,,,1.0,2.0,2.0,2.0,427.0,376.0,23.0,8.0,54.0,44.0,18.0,32.0,8.0,3.0,47.0,53.0,9.0,4.0,41.0,44.0,19.0,24.0,13.0,18.0,7.0,7.0,13.0,13.0,16.0,20.0,7.0,6.0,1.0,0.0,,,,,,,,,,,,,,
8897071,2020-2021,18,1610654400,finished,Arsenal,Crystal Palace,42,7,0.0,0.0,Emirates Stadium,Andre Marriner,0.0,67.0,33.0,,,11.0,12.0,2.0,4.0,7.0,3.0,11.0,11.0,692.0,339.0,17.0,14.0,11.0,11.0,1.0,1.0,4.0,2.0,0.0,1.0,5.0,6.0,2.0,4.0,5.0,8.0,6.0,4.0,,,,,3.0,2.0,1.0,1.0,600.0,258.0,13.0,12.0,82.0,45.0,29.0,18.0,6.0,4.0,53.0,47.0,5.0,4.0,46.0,42.0,17.0,14.0,18.0,17.0,8.0,7.0,10.0,17.0,8.0,24.0,6.0,7.0,,,,,,,,,,,,,,,,
8897068,2020-2021,19,1610800200,finished,Wolverhampton,West Bromwich Albion,3,8,2.0,3.0,Molineux Stadium,Michael Oliver,0.0,68.0,32.0,2.0,3.0,23.0,12.0,2.0,4.0,11.0,0.0,10.0,14.0,549.0,270.0,12.0,19.0,14.0,8.0,2.0,1.0,6.0,5.0,0.0,0.0,10.0,5.0,7.0,2.0,15.0,8.0,8.0,4.0,0.0,1.0,,,4.0,2.0,0.0,2.0,457.0,181.0,28.0,25.0,49.0,39.0,27.0,15.0,10.0,0.0,59.0,41.0,8.0,6.0,44.0,30.0,31.0,22.0,18.0,3.0,8.0,10.0,10.0,7.0,8.0,32.0,4.0,12.0,2.0,2.0,,,,,,,,,,,,,,
8897059,2020-2021,19,1610809200,finished,West Ham United,Burnley,37,6,1.0,0.0,London Stadium,Chris Kavanagh,0.0,45.0,55.0,1.0,0.0,15.0,10.0,2.0,2.0,7.0,4.0,12.0,9.0,364.0,454.0,8.0,13.0,9.0,11.0,2.0,1.0,4.0,2.0,1.0,1.0,6.0,3.0,5.0,5.0,12.0,3.0,3.0,7.0,,,,,2.0,1.0,5.0,1.0,265.0,335.0,19.0,19.0,65.0,88.0,28.0,32.0,5.0,4.0,54.0,46.0,4.0,6.0,34.0,30.0,31.0,26.0,18.0,6.0,5.0,6.0,10.0,15.0,28.0,25.0,7.0,6.0,1.0,0.0,,,,,,,,,,,,,,
8897061,2020-2021,19,1610809200,finished,Leeds United,Brighton & Hove Albion,34,30,0.0,1.0,Elland Road,Kevin Friend,0.0,67.0,33.0,0.0,1.0,7.0,7.0,1.0,2.0,5.0,2.0,8.0,9.0,601.0,305.0,13.0,10.0,9.0,8.0,1.0,1.0,2.0,2.0,0.0,1.0,3.0,3.0,2.0,2.0,4.0,5.0,3.0,2.0,,,,,1.0,1.0,3.0,0.0,497.0,211.0,21.0,27.0,57.0,56.0,16.0,27.0,5.0,0.0,57.0,43.0,8.0,8.0,40.0,26.0,14.0,14.0,18.0,9.0,7.0,3.0,10.0,13.0,13.0,23.0,10.0,11.0,0.0,1.0,,,,,,,,,,,,,,
8897062,2020-2021,19,1610818200,finished,Fulham,Chelsea,43,38,0.0,1.0,Craven Cottage,Peter Bankes,0.0,30.0,70.0,1.0,2.0,10.0,21.0,5.0,2.0,1.0,12.0,11.0,10.0,328.0,757.0,20.0,17.0,10.0,11.0,2.0,3.0,3.0,6.0,0.0,2.0,5.0,7.0,2.0,8.0,7.0,13.0,3.0,8.0,1.0,2.0,,,1.0,0.0,1.0,3.0,238.0,668.0,25.0,22.0,50.0,77.0,25.0,29.0,3.0,5.0,56.0,44.0,12.0,8.0,40.0,35.0,22.0,14.0,10.0,7.0,10.0,9.0,18.0,8.0,33.0,12.0,8.0,6.0,,,1.0,0.0,,,,,,,,,,,,
8897065,2020-2021,19,1610827200,finished,Leicester City,Southampton,31,45,2.0,0.0,King Power Stadium,Stuart Attwell,0.0,47.0,53.0,3.0,1.0,16.0,8.0,3.0,2.0,2.0,5.0,10.0,11.0,445.0,493.0,22.0,13.0,10.0,9.0,2.0,2.0,5.0,3.0,0.0,1.0,9.0,5.0,2.0,0.0,13.0,5.0,3.0,3.0,2.0,1.0,,,2.0,0.0,5.0,1.0,319.0,371.0,19.0,23.0,54.0,55.0,23.0,28.0,4.0,2.0,57.0,43.0,8.0,11.0,47.0,38.0,24.0,16.0,15.0,16.0,12.0,8.0,10.0,8.0,21.0,13.0,8.0,7.0,1.0,0.0,,,,,,,,,,,,,,
8896953,2020-2021,13,1608141600,finished,Leeds United,Newcastle United,34,39,5.0,2.0,Elland Road,Simon Hooper,,69.0,31.0,3.0,2.0,25.0,10.0,2.0,5.0,7.0,4.0,10.0,13.0,533.0,246.0,13.0,8.0,12.0,10.0,3.0,1.0,10.0,4.0,1.0,1.0,8.0,5.0,7.0,1.0,17.0,8.0,8.0,2.0,0.0,1.0,,,2.0,2.0,4.0,2.0,444.0,162.0,17.0,13.0,64.0,44.0,29.0,17.0,11.0,6.0,50.0,50.0,4.0,8.0,32.0,32.0,18.0,19.0,7.0,14.0,6.0,3.0,19.0,10.0,12.0,33.0,8.0,13.0,3.0,1.0,,,,,,,,,,,,,,
8896954,2020-2021,13,1608141600,finished,Leicester City,Everton,31,48,0.0,2.0,King Power Stadium,Lee Mason,,61.0,39.0,1.0,2.0,14.0,11.0,4.0,2.0,4.0,6.0,12.0,9.0,547.0,344.0,21.0,13.0,9.0,12.0,2.0,3.0,2.0,6.0,0.0,1.0,4.0,1.0,8.0,4.0,5.0,9.0,9.0,2.0,1.0,1.0,,,1.0,2.0,2.0,2.0,464.0,265.0,22.0,19.0,51.0,40.0,17.0,36.0,4.0,4.0,51.0,49.0,8.0,16.0,41.0,36.0,9.0,12.0,11.0,11.0,11.0,7.0,10.0,7.0,13.0,16.0,2.0,6.0,0.0,1.0,,,,,,,,,,,,,,
8896993,2020-2021,13,1608141600,finished,Arsenal,Southampton,42,45,1.0,1.0,Emirates Stadium,Paul Tierney,,35.0,65.0,1.0,2.0,9.0,13.0,2.0,4.0,2.0,7.0,13.0,13.0,340.0,632.0,8.0,11.0,13.0,11.0,3.0,3.0,4.0,3.0,1.0,1.0,3.0,8.0,2.0,2.0,5.0,5.0,4.0,8.0,0.0,1.0,0.0,2.0,2.0,4.0,1.0,1.0,262.0,543.0,18.0,19.0,57.0,79.0,27.0,28.0,1.0,3.0,53.0,47.0,5.0,3.0,28.0,30.0,18.0,11.0,8.0,8.0,6.0,8.0,17.0,9.0,28.0,13.0,5.0,4.0,1.0,1.0,1.0,0.0,,,,,,,,,,,,
8896938,2020-2021,13,1608148800,finished,Fulham,Brighton & Hove Albion,43,30,0.0,0.0,Craven Cottage,Robert Jones,0.0,46.0,54.0,2.0,2.0,9.0,9.0,4.0,4.0,1.0,8.0,15.0,11.0,426.0,481.0,16.0,16.0,10.0,14.0,1.0,0.0,4.0,4.0,0.0,1.0,3.0,4.0,2.0,1.0,7.0,5.0,2.0,4.0,2.0,2.0,,,0.0,1.0,1.0,2.0,312.0,348.0,22.0,32.0,67.0,75.0,21.0,40.0,1.0,4.0,50.0,50.0,9.0,10.0,39.0,38.0,13.0,15.0,13.0,9.0,11.0,5.0,17.0,11.0,23.0,5.0,6.0,6.0,,,,,,,,,,,,,,,,
8896987,2020-2021,13,1608148800,finished,West Ham United,Crystal Palace,37,7,1.0,1.0,London Stadium,David Coote,0.0,52.0,48.0,0.0,2.0,9.0,8.0,1.0,1.0,5.0,3.0,8.0,12.0,439.0,422.0,19.0,23.0,12.0,8.0,0.0,3.0,2.0,2.0,0.0,0.0,7.0,4.0,0.0,2.0,5.0,7.0,4.0,1.0,0.0,1.0,,,1.0,0.0,,,376.0,327.0,22.0,20.0,43.0,52.0,26.0,12.0,7.0,6.0,50.0,50.0,17.0,13.0,36.0,39.0,20.0,18.0,6.0,8.0,12.0,20.0,13.0,4.0,15.0,20.0,5.0,12.0,0.0,1.0,0.0,1.0,,,,,,,,,,,,
8897012,2020-2021,13,1608148800,finished,Liverpool,Tottenham Hotspur,44,33,2.0,1.0,Anfield,Anthony Taylor,0.0,76.0,24.0,0.0,4.0,17.0,8.0,1.0,9.0,7.0,4.0,8.0,9.0,813.0,254.0,12.0,26.0,8.0,7.0,0.0,2.0,11.0,2.0,1.0,1.0,1.0,6.0,5.0,0.0,15.0,5.0,2.0,3.0,0.0,3.0,1.0,1.0,2.0,2.0,2.0,0.0,718.0,156.0,18.0,14.0,100.0,38.0,32.0,18.0,3.0,1.0,47.0,53.0,14.0,3.0,28.0,37.0,19.0,15.0,8.0,4.0,8.0,14.0,15.0,14.0,8.0,29.0,7.0,5.0,0.0,1.0,,,,,,,,,,,,,,
8896990,2020-2021,13,1608228000,finished,Aston Villa,Burnley,40,6,0.0,0.0,Villa Park,Craig Pawson,,59.0,41.0,1.0,0.0,27.0,6.0,4.0,6.0,10.0,1.0,17.0,19.0,388.0,273.0,6.0,19.0,18.0,16.0,1.0,1.0,7.0,4.0,2.0,0.0,11.0,2.0,9.0,0.0,18.0,3.0,9.0,3.0,1.0,0.0,,,5.0,3.0,1.0,2.0,283.0,166.0,24.0,19.0,41.0,62.0,27.0,27.0,8.0,2.0,52.0,48.0,16.0,4.0,40.0,37.0,28.0,25.0,16.0,4.0,4.0,10.0,9.0,16.0,12.0,25.0,4.0,15.0,,,,,,,,,,,,,,,,
8896958,2020-2021,13,1608235200,finished,Sheffield United,Manchester United,15,35,2.0,3.0,Bramall Lane,Michael Oliver,,40.0,60.0,1.0,4.0,12.0,15.0,5.0,4.0,6.0,3.0,17.0,8.0,362.0,557.0,20.0,18.0,6.0,17.0,3.0,2.0,6.0,9.0,0.0,0.0,5.0,4.0,1.0,2.0,9.0,9.0,3.0,6.0,0.0,3.0,0.0,1.0,2.0,5.0,2.0,4.0,266.0,465.0,22.0,23.0,71.0,61.0,31.0,30.0,4.0,2.0,45.0,55.0,10.0,10.0,33.0,43.0,20.0,22.0,7.0,8.0,13.0,11.0,10.0,5.0,12.0,22.0,5.0,8.0,1.0,1.0,,,,,,,,,,,,,,
8896984,2020-2021,14,1608381000,finished,Crystal Palace,Liverpool,7,44,0.0,7.0,Selhurst Park,Jonathan Moss,0.0,35.0,65.0,1.0,5.0,5.0,14.0,0.0,3.0,5.0,4.0,5.0,11.0,397.0,743.0,10.0,19.0,11.0,5.0,1.0,0.0,3.0,8.0,0.0,0.0,2.0,4.0,0.0,2.0,4.0,11.0,1.0,3.0,1.0,1.0,0.0,1.0,3.0,3.0,7.0,0.0,300.0,649.0,14.0,16.0,47.0,64.0,32.0,34.0,4.0,3.0,52.0,48.0,9.0,6.0,32.0,33.0,14.0,10.0,11.0,9.0,7.0,13.0,9.0,19.0,8.0,13.0,4.0,3.0,0.0,4.0,,,,,,,,,,,,,,
8896972,2020-2021,14,1608390000,finished,Southampton,Manchester City,45,17,0.0,1.0,St. Mary's Stadium,Mike Dean,0.0,48.0,52.0,1.0,1.0,9.0,11.0,4.0,3.0,6.0,6.0,9.0,11.0,498.0,547.0,26.0,14.0,10.0,8.0,2.0,2.0,3.0,5.0,0.0,0.0,3.0,4.0,3.0,2.0,7.0,5.0,2.0,6.0,1.0,1.0,,,2.0,2.0,3.0,2.0,408.0,466.0,21.0,22.0,41.0,66.0,21.0,20.0,6.0,1.0,51.0,49.0,8.0,11.0,45.0,38.0,9.0,14.0,9.0,16.0,13.0,7.0,10.0,11.0,4.0,18.0,6.0,6.0,,,,,,,,,,,,,,,,
8896964,2020-2021,14,1608399000,finished,Everton,Arsenal,48,42,2.0,1.0,Goodison Park,Andre Marriner,0.0,42.0,58.0,1.0,1.0,9.0,13.0,1.0,1.0,4.0,3.0,9.0,9.0,401.0,551.0,12.0,9.0,9.0,9.0,1.0,3.0,2.0,2.0,0.0,1.0,4.0,7.0,3.0,4.0,3.0,9.0,6.0,4.0,1.0,0.0,,,1.0,3.0,1.0,0.0,324.0,489.0,17.0,16.0,46.0,68.0,28.0,30.0,5.0,5.0,53.0,47.0,4.0,8.0,28.0,27.0,14.0,10.0,7.0,9.0,6.0,6.0,11.0,8.0,17.0,11.0,13.0,8.0,0.0,1.0,,,,,,,,,,,,,,
8896982,2020-2021,14,1608408000,finished,Newcastle United,Fulham,39,43,1.0,1.0,St James' Park,Graham Scott,0.0,50.0,50.0,1.0,2.0,12.0,11.0,4.0,4.0,2.0,9.0,7.0,17.0,470.0,480.0,12.0,7.0,16.0,7.0,1.0,3.0,5.0,4.0,0.0,0.0,5.0,4.0,2.0,3.0,6.0,6.0,6.0,5.0,0.0,2.0,,,7.0,3.0,1.0,0.0,382.0,395.0,8.0,18.0,59.0,62.0,31.0,33.0,3.0,6.0,56.0,44.0,6.0,7.0,33.0,27.0,22.0,16.0,5.0,13.0,9.0,4.0,20.0,12.0,27.0,20.0,8.0,9.0,1.0,0.0,0.0,1.0,,,,,,,,,,,,
8896968,2020-2021,14,1608465600,finished,Brighton & Hove Albion,Sheffield United,30,15,1.0,1.0,American Express Stadium,Peter Bankes,0.0,74.0,26.0,4.0,1.0,21.0,5.0,2.0,3.0,14.0,2.0,9.0,11.0,545.0,203.0,12.0,12.0,11.0,9.0,1.0,5.0,5.0,3.0,1.0,0.0,8.0,2.0,8.0,0.0,16.0,3.0,5.0,2.0,3.0,1.0,,,4.0,3.0,1.0,2.0,463.0,130.0,24.0,18.0,53.0,46.0,32.0,12.0,12.0,1.0,51.0,49.0,8.0,8.0,31.0,25.0,23.0,27.0,9.0,5.0,3.0,9.0,1.0,7.0,6.0,37.0,6.0,12.0,1.0,0.0,0.0,1.0,,,,,,,,,,,,
8896959,2020-2021,14,1608473700,finished,Tottenham Hotspur,Leicester City,33,31,0.0,2.0,Tottenham Hotspur Stadium,Craig Pawson,0.0,56.0,44.0,1.0,1.0,8.0,17.0,3.0,3.0,5.0,3.0,15.0,14.0,518.0,406.0,20.0,19.0,14.0,15.0,2.0,2.0,3.0,4.0,0.0,0.0,4.0,6.0,1.0,7.0,5.0,12.0,3.0,5.0,1.0,0.0,,,5.0,4.0,2.0,4.0,408.0,321.0,23.0,16.0,67.0,56.0,26.0,28.0,9.0,3.0,54.0,46.0,12.0,9.0,46.0,42.0,30.0,24.0,12.0,9.0,12.0,14.0,8.0,10.0,13.0,26.0,6.0,6.0,0.0,1.0,,,,,,,,,,,,,,
8896951,2020-2021,14,1608481800,finished,Manchester United,Leeds United,35,34,6.0,2.0,Old Trafford,Anthony Taylor,0.0,42.0,58.0,7.0,3.0,26.0,17.0,2.0,8.0,11.0,13.0,6.0,6.0,354.0,478.0,19.0,16.0,6.0,5.0,1.0,0.0,14.0,4.0,0.0,1.0,6.0,6.0,6.0,7.0,19.0,14.0,7.0,3.0,3.0,3.0,1.0,1.0,2.0,0.0,2.0,4.0,273.0,398.0,15.0,22.0,39.0,58.0,14.0,30.0,5.0,7.0,59.0,41.0,9.0,12.0,44.0,25.0,17.0,18.0,19.0,4.0,12.0,9.0,10.0,13.0,30.0,12.0,10.0,4.0,4.0,0.0,,,,,,,,,,,,,,
8897010,2020-2021,14,1608491700,finished,West Bromwich Albion,Aston Villa,8,40,0.0,3.0,The Hawthorns,Martin Atkinson,0.0,33.0,67.0,0.0,3.0,1.0,19.0,7.0,1.0,1.0,7.0,14.0,8.0,282.0,576.0,15.0,11.0,7.0,14.0,1.0,2.0,1.0,10.0,0.0,0.0,0.0,6.0,0.0,3.0,0.0,11.0,1.0,8.0,0.0,1.0,,,4.0,6.0,1.0,4.0,190.0,493.0,11.0,18.0,64.0,84.0,18.0,26.0,1.0,6.0,42.0,58.0,4.0,9.0,31.0,39.0,19.0,29.0,9.0,14.0,9.0,7.0,16.0,10.0,26.0,12.0,12.0,0.0,0.0,2.0,1.0,0.0,,,,,,,,,,,,
8896969,2020-2021,14,1608571800,finished,Burnley,Wolverhampton,6,3,2.0,1.0,Turf Moor,Lee Mason,0.0,36.0,64.0,2.0,1.0,10.0,15.0,2.0,2.0,1.0,7.0,11.0,15.0,260.0,463.0,14.0,11.0,15.0,11.0,2.0,1.0,4.0,3.0,1.0,0.0,5.0,5.0,1.0,7.0,6.0,9.0,4.0,6.0,1.0,0.0,,,5.0,5.0,1.0,2.0,172.0,384.0,17.0,24.0,60.0,44.0,27.0,36.0,3.0,6.0,52.0,48.0,8.0,4.0,34.0,36.0,18.0,12.0,5.0,14.0,8.0,5.0,10.0,15.0,21.0,11.0,10.0,11.0,1.0,1.0,,,,,,,,,,,,,,
8896945,2020-2021,14,1608580800,finished,Chelsea,West Ham United,38,37,3.0,0.0,Stamford Bridge,Chris Kavanagh,0.0,54.0,46.0,6.0,0.0,11.0,6.0,0.0,4.0,5.0,4.0,11.0,6.0,527.0,443.0,16.0,20.0,6.0,11.0,,,7.0,0.0,1.0,0.0,3.0,4.0,1.0,2.0,9.0,6.0,2.0,0.0,3.0,0.0,,,1.0,2.0,0.0,4.0,438.0,343.0,22.0,20.0,55.0,52.0,24.0,26.0,5.0,6.0,45.0,55.0,5.0,15.0,28.0,38.0,24.0,25.0,6.0,7.0,9.0,16.0,16.0,13.0,26.0,12.0,8.0,7.0,3.0,0.0,,,,,,,,,,,,,,
8897006,2020-2021,15,1608985800,finished,Leicester City,Manchester United,31,35,2.0,2.0,King Power Stadium,Mike Dean,0.0,54.0,46.0,1.0,5.0,10.0,9.0,2.0,1.0,5.0,0.0,10.0,17.0,507.0,439.0,17.0,20.0,16.0,10.0,2.0,1.0,2.0,4.0,0.0,0.0,4.0,4.0,4.0,1.0,5.0,8.0,5.0,1.0,1.0,3.0,0.0,1.0,3.0,2.0,1.0,4.0,405.0,351.0,20.0,24.0,64.0,43.0,34.0,17.0,4.0,4.0,52.0,48.0,12.0,11.0,43.0,41.0,12.0,10.0,10.0,11.0,12.0,11.0,14.0,9.0,7.0,17.0,3.0,5.0,0.0,2.0,,,,,,,,,,,,,,
8896912,2020-2021,15,1608994800,finished,Fulham,Southampton,43,45,0.0,0.0,Craven Cottage,Darren England,0.0,47.0,53.0,1.0,1.0,10.0,3.0,2.0,1.0,6.0,3.0,15.0,12.0,331.0,396.0,24.0,34.0,11.0,13.0,2.0,0.0,1.0,2.0,0.0,1.0,4.0,1.0,5.0,0.0,7.0,1.0,3.0,2.0,1.0,1.0,,,1.0,3.0,1.0,4.0,238.0,285.0,33.0,27.0,42.0,61.0,26.0,21.0,4.0,1.0,48.0,52.0,19.0,11.0,47.0,56.0,20.0,16.0,12.0,9.0,14.0,17.0,15.0,19.0,22.0,19.0,8.0,3.0,,,,,,,,,,,,,,,,
8896971,2020-2021,15,1608994800,finished,Aston Villa,Crystal Palace,40,7,3.0,0.0,Villa Park,Anthony Taylor,0.0,39.0,61.0,8.0,1.0,20.0,13.0,6.0,6.0,4.0,4.0,18.0,16.0,298.0,475.0,17.0,12.0,16.0,17.0,3.0,4.0,9.0,6.0,3.0,1.0,6.0,6.0,5.0,1.0,17.0,6.0,3.0,7.0,6.0,1.0,2.0,0.0,4.0,3.0,1.0,2.0,214.0,388.0,13.0,17.0,59.0,60.0,29.0,11.0,7.0,4.0,57.0,43.0,5.0,7.0,46.0,38.0,30.0,20.0,14.0,9.0,6.0,7.0,12.0,7.0,26.0,11.0,10.0,6.0,2.0,0.0,1.0,0.0,,,,,,,,,,,,
8896978,2020-2021,15,1609003800,finished,Arsenal,Chelsea,42,38,3.0,1.0,Emirates Stadium,Michael Oliver,0.0,39.0,61.0,3.0,3.0,15.0,19.0,2.0,4.0,7.0,9.0,13.0,10.0,328.0,506.0,16.0,10.0,10.0,13.0,2.0,1.0,7.0,3.0,1.0,1.0,4.0,11.0,4.0,5.0,12.0,11.0,3.0,8.0,2.0,2.0,,,4.0,3.0,1.0,0.0,229.0,428.0,24.0,12.0,46.0,64.0,17.0,38.0,1.0,8.0,42.0,58.0,5.0,4.0,33.0,31.0,16.0,36.0,7.0,9.0,7.0,3.0,7.0,14.0,18.0,16.0,14.0,7.0,1.0,1.0,,,,,,,,,,,,,,
8896920,2020-2021,15,1609012800,finished,Sheffield United,Everton,15,48,0.0,1.0,Bramall Lane,David Coote,0.0,44.0,56.0,1.0,1.0,10.0,7.0,2.0,1.0,5.0,3.0,11.0,10.0,420.0,545.0,18.0,13.0,10.0,11.0,2.0,4.0,2.0,3.0,0.0,0.0,5.0,3.0,3.0,1.0,9.0,4.0,1.0,3.0,1.0,1.0,1.0,0.0,0.0,1.0,0.0,2.0,305.0,432.0,26.0,24.0,76.0,55.0,28.0,41.0,6.0,3.0,42.0,58.0,10.0,10.0,34.0,42.0,20.0,32.0,7.0,18.0,9.0,9.0,11.0,8.0,17.0,23.0,5.0,5.0,,,,,,,,,,,,,,,,
8896921,2020-2021,15,1609012800,finished,Manchester City,Newcastle United,17,39,2.0,0.0,Etihad Stadium,Andre Marriner,0.0,75.0,25.0,7.0,0.0,11.0,7.0,2.0,4.0,7.0,3.0,5.0,12.0,862.0,272.0,8.0,11.0,12.0,5.0,2.0,2.0,6.0,2.0,1.0,0.0,2.0,3.0,3.0,2.0,8.0,4.0,3.0,3.0,5.0,0.0,,,3.0,2.0,1.0,3.0,781.0,206.0,17.0,13.0,78.0,33.0,27.0,24.0,1.0,4.0,55.0,45.0,6.0,4.0,32.0,20.0,10.0,15.0,12.0,4.0,5.0,4.0,8.0,16.0,15.0,23.0,2.0,5.0,2.0,0.0,,,,,,,,,,,,,,
8896914,2020-2021,15,1609070400,finished,Leeds United,Burnley,34,6,1.0,0.0,Elland Road,Robert Jones,0.0,51.0,49.0,3.0,2.0,11.0,14.0,6.0,3.0,4.0,12.0,8.0,14.0,424.0,378.0,17.0,11.0,14.0,8.0,0.0,3.0,4.0,6.0,0.0,0.0,5.0,4.0,2.0,4.0,6.0,10.0,5.0,4.0,2.0,2.0,1.0,0.0,1.0,2.0,3.0,2.0,315.0,271.0,18.0,22.0,46.0,68.0,28.0,31.0,1.0,6.0,55.0,45.0,5.0,13.0,35.0,28.0,22.0,18.0,8.0,9.0,9.0,4.0,8.0,6.0,36.0,15.0,9.0,9.0,1.0,0.0,,,,,,,,,,,,,,
8896936,2020-2021,15,1609078500,finished,West Ham United,Brighton & Hove Albion,37,30,2.0,2.0,London Stadium,Simon Hooper,0.0,44.0,56.0,2.0,2.0,11.0,13.0,2.0,2.0,5.0,4.0,6.0,8.0,423.0,574.0,14.0,11.0,8.0,5.0,,,4.0,4.0,0.0,0.0,2.0,4.0,5.0,5.0,8.0,8.0,3.0,5.0,,,,,2.0,1.0,2.0,1.0,325.0,468.0,19.0,20.0,56.0,56.0,29.0,41.0,5.0,3.0,55.0,45.0,9.0,9.0,28.0,26.0,23.0,16.0,6.0,10.0,8.0,7.0,13.0,12.0,6.0,17.0,11.0,7.0,2.0,2.0,,,,,,,,,,,,,,
8896927,2020-2021,15,1609086600,finished,Liverpool,West Bromwich Albion,44,8,1.0,1.0,Anfield,Kevin Friend,2000.0,78.0,22.0,2.0,2.0,17.0,5.0,2.0,1.0,7.0,3.0,8.0,5.0,787.0,213.0,11.0,15.0,4.0,8.0,0.0,1.0,2.0,3.0,0.0,0.0,11.0,1.0,4.0,1.0,8.0,3.0,9.0,2.0,1.0,1.0,1.0,1.0,3.0,0.0,1.0,5.0,695.0,121.0,22.0,15.0,104.0,46.0,22.0,17.0,11.0,3.0,56.0,44.0,10.0,7.0,23.0,26.0,26.0,13.0,8.0,3.0,8.0,10.0,4.0,13.0,13.0,40.0,4.0,15.0,1.0,1.0,,,,,,,,,,,,,,
8896926,2020-2021,15,1609096500,finished,Wolverhampton,Tottenham Hotspur,3,33,1.0,1.0,Molineux Stadium,Paul Tierney,0.0,55.0,45.0,1.0,0.0,11.0,6.0,2.0,5.0,9.0,2.0,20.0,13.0,542.0,466.0,21.0,14.0,13.0,20.0,4.0,1.0,6.0,3.0,0.0,0.0,2.0,2.0,3.0,1.0,7.0,4.0,4.0,2.0,1.0,0.0,,,3.0,2.0,2.0,0.0,464.0,367.0,22.0,18.0,61.0,36.0,41.0,22.0,5.0,2.0,54.0,46.0,6.0,11.0,47.0,40.0,21.0,19.0,14.0,6.0,13.0,7.0,12.0,11.0,6.0,25.0,3.0,4.0,,,,,,,,,,,,,,,,
8896931,2020-2021,16,1609167600,finished,Crystal Palace,Leicester City,7,31,1.0,1.0,Selhurst Park,Graham Scott,0.0,33.0,67.0,0.0,2.0,4.0,17.0,2.0,0.0,2.0,5.0,10.0,7.0,296.0,607.0,18.0,22.0,7.0,9.0,0.0,1.0,1.0,3.0,0.0,1.0,3.0,10.0,0.0,4.0,4.0,9.0,0.0,8.0,0.0,2.0,,,3.0,5.0,3.0,2.0,183.0,494.0,31.0,24.0,59.0,60.0,21.0,38.0,4.0,5.0,46.0,54.0,14.0,8.0,31.0,43.0,23.0,21.0,6.0,12.0,11.0,16.0,14.0,9.0,27.0,11.0,15.0,4.0,,,,,,,,,,,,,,,,
8896932,2020-2021,16,1609176600,finished,Chelsea,Aston Villa,38,40,1.0,1.0,Stamford Bridge,Stuart Attwell,0.0,63.0,37.0,1.0,1.0,16.0,10.0,1.0,4.0,11.0,4.0,16.0,3.0,550.0,314.0,17.0,19.0,3.0,16.0,3.0,1.0,5.0,2.0,0.0,1.0,7.0,5.0,4.0,3.0,10.0,7.0,6.0,3.0,1.0,0.0,,,0.0,1.0,1.0,1.0,454.0,226.0,26.0,24.0,47.0,60.0,37.0,26.0,4.0,2.0,38.0,62.0,9.0,10.0,24.0,44.0,15.0,19.0,4.0,10.0,9.0,8.0,14.0,13.0,17.0,20.0,6.0,10.0,0.0,1.0,,,,,,,,,,,,,,
8896975,2020-2021,10,1606575600,finished,Manchester City,Burnley,17,6,5.0,0.0,Etihad Stadium,Lee Mason,0.0,69.0,31.0,2.0,0.0,19.0,9.0,1.0,1.0,6.0,4.0,12.0,4.0,720.0,315.0,7.0,14.0,4.0,12.0,,,6.0,1.0,1.0,0.0,10.0,6.0,3.0,2.0,13.0,4.0,6.0,5.0,,,,,1.0,2.0,2.0,2.0,642.0,230.0,15.0,16.0,57.0,46.0,35.0,18.0,2.0,3.0,45.0,55.0,5.0,2.0,19.0,33.0,19.0,14.0,8.0,7.0,4.0,9.0,4.0,12.0,20.0,10.0,6.0,9.0,2.0,0.0,,,,,,,,,,,,,,
8896979,2020-2021,10,1606584600,finished,Everton,Leeds United,48,34,0.0,1.0,Goodison Park,Chris Kavanagh,0.0,42.0,58.0,2.0,5.0,15.0,23.0,5.0,8.0,4.0,2.0,8.0,14.0,391.0,542.0,19.0,19.0,14.0,8.0,1.0,2.0,8.0,6.0,0.0,1.0,6.0,11.0,1.0,6.0,10.0,17.0,5.0,6.0,2.0,5.0,,,1.0,2.0,2.0,6.0,307.0,453.0,11.0,24.0,40.0,54.0,31.0,35.0,4.0,5.0,57.0,43.0,12.0,10.0,46.0,33.0,16.0,13.0,13.0,6.0,10.0,8.0,15.0,4.0,23.0,11.0,7.0,8.0,,,,,,,,,,,,,,,,
8896996,2020-2021,10,1606593600,finished,West Bromwich Albion,Sheffield United,8,15,1.0,0.0,The Hawthorns,Mike Dean,0.0,49.0,51.0,2.0,6.0,17.0,21.0,5.0,5.0,14.0,9.0,10.0,9.0,380.0,402.0,12.0,14.0,8.0,9.0,2.0,3.0,6.0,5.0,0.0,0.0,7.0,10.0,4.0,6.0,9.0,18.0,8.0,3.0,2.0,6.0,2.0,0.0,3.0,4.0,2.0,2.0,298.0,325.0,21.0,18.0,50.0,58.0,28.0,36.0,6.0,7.0,47.0,53.0,12.0,7.0,22.0,35.0,27.0,20.0,5.0,13.0,6.0,8.0,8.0,7.0,15.0,20.0,10.0,8.0,,,,,,,,,,,,,,,,
8896981,2020-2021,10,1606658400,finished,Southampton,Manchester United,45,35,2.0,3.0,St. Mary's Stadium,Jonathan Moss,0.0,50.0,50.0,0.0,6.0,10.0,15.0,3.0,3.0,5.0,9.0,12.0,12.0,525.0,519.0,22.0,19.0,12.0,11.0,1.0,0.0,5.0,6.0,1.0,1.0,3.0,5.0,2.0,4.0,5.0,10.0,5.0,5.0,0.0,3.0,0.0,2.0,3.0,1.0,,,418.0,417.0,19.0,21.0,39.0,68.0,22.0,28.0,1.0,5.0,51.0,49.0,13.0,15.0,45.0,39.0,13.0,17.0,12.0,9.0,13.0,9.0,12.0,17.0,17.0,18.0,7.0,4.0,0.0,3.0,,,,,,,,,,,,,,
8896864,2020-2021,10,1606667400,finished,Chelsea,Tottenham Hotspur,38,33,0.0,0.0,Stamford Bridge,Paul Tierney,0.0,60.0,40.0,,,13.0,5.0,1.0,3.0,3.0,3.0,20.0,9.0,657.0,438.0,13.0,5.0,9.0,19.0,4.0,2.0,3.0,1.0,0.0,0.0,7.0,3.0,3.0,1.0,9.0,2.0,4.0,3.0,,,,,1.0,2.0,3.0,1.0,587.0,354.0,11.0,19.0,67.0,39.0,31.0,27.0,7.0,2.0,48.0,52.0,3.0,8.0,28.0,30.0,13.0,14.0,6.0,9.0,8.0,1.0,9.0,9.0,11.0,12.0,3.0,10.0,,,,,,,,,,,,,,,,
8896857,2020-2021,10,1606677300,finished,Arsenal,Wolverhampton,42,3,1.0,2.0,Emirates Stadium,Michael Oliver,0.0,56.0,44.0,2.0,3.0,13.0,11.0,3.0,1.0,8.0,4.0,13.0,13.0,494.0,405.0,13.0,12.0,12.0,12.0,3.0,4.0,2.0,5.0,0.0,1.0,7.0,2.0,4.0,4.0,10.0,9.0,3.0,2.0,2.0,1.0,1.0,0.0,4.0,1.0,2.0,0.0,420.0,325.0,21.0,20.0,75.0,42.0,26.0,38.0,3.0,2.0,47.0,53.0,8.0,10.0,27.0,33.0,16.0,15.0,2.0,10.0,6.0,4.0,9.0,12.0,16.0,36.0,3.0,9.0,0.0,2.0,,,,,,,,,,,,,,
8896962,2020-2021,10,1606757400,finished,Leicester City,Fulham,31,43,1.0,2.0,King Power Stadium,Simon Hooper,0.0,68.0,32.0,2.0,4.0,16.0,10.0,3.0,2.0,6.0,5.0,9.0,21.0,666.0,317.0,19.0,24.0,20.0,9.0,0.0,2.0,3.0,5.0,2.0,0.0,6.0,3.0,7.0,2.0,8.0,7.0,8.0,3.0,2.0,2.0,1.0,1.0,5.0,3.0,,,576.0,225.0,21.0,16.0,73.0,47.0,10.0,20.0,3.0,2.0,51.0,49.0,13.0,14.0,47.0,43.0,10.0,11.0,8.0,11.0,7.0,12.0,8.0,18.0,11.0,31.0,3.0,6.0,0.0,2.0,,,,,,,,,,,,,,
8896995,2020-2021,10,1606766400,finished,West Ham United,Aston Villa,37,40,2.0,1.0,London Stadium,Peter Bankes,0.0,34.0,66.0,1.0,3.0,6.0,16.0,5.0,0.0,3.0,7.0,20.0,7.0,272.0,518.0,9.0,6.0,6.0,18.0,1.0,1.0,2.0,6.0,0.0,1.0,1.0,7.0,3.0,3.0,4.0,10.0,2.0,6.0,0.0,3.0,,,0.0,5.0,1.0,3.0,173.0,432.0,17.0,20.0,36.0,66.0,26.0,24.0,2.0,5.0,42.0,58.0,4.0,4.0,19.0,38.0,30.0,30.0,5.0,14.0,4.0,4.0,8.0,6.0,29.0,9.0,11.0,8.0,1.0,0.0,,,,,,,,,,,,,,
8896940,2020-2021,11,1607112000,canceled,Aston Villa,Newcastle United,40,39,,,Villa Park,,0.0,,,,,,,,,,,,,,,,,,,,,,,,,,,,,,,,,,,,,,,,,,,,,,,,,,,,,,,,,,,,,,,,,,,,,,,,,,,,,,,,,,,,
8896961,2020-2021,11,1607171400,finished,Burnley,Everton,6,48,1.0,1.0,Turf Moor,Anthony Taylor,0.0,41.0,59.0,1.0,4.0,8.0,13.0,5.0,2.0,8.0,4.0,6.0,9.0,396.0,581.0,15.0,19.0,9.0,6.0,,,3.0,6.0,0.0,0.0,2.0,3.0,3.0,4.0,5.0,8.0,3.0,5.0,1.0,3.0,1.0,1.0,1.0,0.0,0.0,3.0,311.0,480.0,21.0,20.0,56.0,40.0,31.0,33.0,4.0,2.0,50.0,50.0,11.0,5.0,41.0,37.0,18.0,22.0,17.0,13.0,8.0,15.0,15.0,12.0,20.0,22.0,5.0,3.0,0.0,1.0,,,,,,,,,,,,,,
8896966,2020-2021,11,1607180400,finished,Manchester City,Fulham,17,43,2.0,0.0,Etihad Stadium,Jonathan Moss,0.0,69.0,31.0,6.0,0.0,15.0,6.0,1.0,4.0,9.0,3.0,7.0,6.0,793.0,351.0,17.0,17.0,5.0,7.0,,,5.0,1.0,1.0,0.0,8.0,4.0,2.0,1.0,13.0,4.0,2.0,2.0,4.0,0.0,1.0,0.0,2.0,0.0,1.0,1.0,712.0,274.0,22.0,10.0,61.0,43.0,16.0,16.0,2.0,2.0,45.0,55.0,10.0,12.0,34.0,43.0,8.0,9.0,12.0,19.0,11.0,12.0,13.0,18.0,7.0,23.0,7.0,15.0,2.0,0.0,,,,,,,,,,,,,,
8897000,2020-2021,11,1607189400,finished,West Ham United,Manchester United,37,35,1.0,3.0,London Stadium,Andre Marriner,,39.0,61.0,6.0,3.0,19.0,15.0,3.0,5.0,5.0,4.0,9.0,10.0,392.0,631.0,12.0,12.0,9.0,9.0,,,6.0,6.0,1.0,1.0,9.0,6.0,4.0,3.0,14.0,10.0,5.0,5.0,5.0,2.0,0.0,2.0,3.0,1.0,4.0,3.0,307.0,544.0,18.0,15.0,49.0,51.0,29.0,32.0,8.0,2.0,49.0,51.0,8.0,6.0,28.0,27.0,14.0,16.0,7.0,6.0,6.0,8.0,13.0,9.0,9.0,18.0,5.0,8.0,1.0,1.0,,,,,,,,,,,,,,
8896957,2020-2021,11,1607198400,finished,Chelsea,Leeds United,38,34,3.0,1.0,Stamford Bridge,Kevin Friend,2000.0,46.0,54.0,7.0,1.0,23.0,8.0,2.0,7.0,8.0,4.0,12.0,9.0,408.0,481.0,20.0,30.0,9.0,12.0,0.0,2.0,11.0,3.0,1.0,0.0,7.0,4.0,5.0,1.0,19.0,5.0,4.0,3.0,5.0,0.0,0.0,1.0,2.0,0.0,1.0,4.0,318.0,395.0,25.0,21.0,39.0,51.0,17.0,22.0,8.0,1.0,44.0,56.0,19.0,16.0,41.0,55.0,11.0,11.0,12.0,13.0,10.0,18.0,14.0,6.0,19.0,19.0,6.0,8.0,2.0,1.0,,,,,,,,,,,,,,
8897014,2020-2021,11,1607256000,finished,West Bromwich Albion,Crystal Palace,8,7,1.0,5.0,The Hawthorns,Paul Tierney,0.0,50.0,50.0,0.0,1.0,9.0,18.0,2.0,3.0,4.0,6.0,10.0,16.0,495.0,495.0,15.0,14.0,16.0,10.0,2.0,2.0,4.0,7.0,1.0,0.0,4.0,5.0,1.0,6.0,7.0,14.0,2.0,4.0,,,,,2.0,2.0,2.0,3.0,429.0,437.0,14.0,11.0,31.0,51.0,25.0,23.0,4.0,3.0,57.0,43.0,9.0,6.0,40.0,33.0,18.0,11.0,9.0,9.0,7.0,6.0,4.0,5.0,14.0,14.0,6.0,4.0,0.0,1.0,1.0,0.0,,,,,,,,,,,,
8896976,2020-2021,11,1607264100,finished,Sheffield United,Leicester City,15,31,1.0,2.0,Bramall Lane,Stuart Attwell,,30.0,70.0,0.0,2.0,4.0,13.0,2.0,0.0,6.0,5.0,13.0,6.0,273.0,674.0,16.0,18.0,6.0,13.0,1.0,3.0,1.0,4.0,0.0,2.0,2.0,4.0,1.0,5.0,3.0,9.0,1.0,4.0,,,1.0,1.0,0.0,4.0,4.0,4.0,182.0,574.0,22.0,19.0,41.0,69.0,17.0,31.0,4.0,2.0,45.0,55.0,13.0,9.0,30.0,45.0,23.0,19.0,8.0,16.0,4.0,12.0,9.0,7.0,26.0,17.0,5.0,3.0,0.0,2.0,,,,,,,,,,,,,,
8896985,2020-2021,11,1607272200,finished,Tottenham Hotspur,Arsenal,33,42,2.0,0.0,Tottenham Hotspur Stadium,Martin Atkinson,2000.0,30.0,70.0,,,5.0,11.0,2.0,1.0,3.0,9.0,16.0,12.0,288.0,632.0,13.0,15.0,12.0,15.0,1.0,2.0,3.0,2.0,0.0,0.0,1.0,7.0,1.0,2.0,2.0,6.0,3.0,5.0,,,,,2.0,8.0,1.0,0.0,194.0,548.0,14.0,17.0,17.0,63.0,15.0,17.0,0.0,9.0,45.0,55.0,9.0,5.0,30.0,41.0,19.0,19.0,5.0,11.0,7.0,11.0,5.0,5.0,55.0,10.0,11.0,2.0,,,,,,,,,,,,,,,,
8896977,2020-2021,11,1607282100,finished,Liverpool,Wolverhampton,44,3,4.0,0.0,Anfield,Craig Pawson,2000.0,61.0,39.0,2.0,0.0,11.0,9.0,3.0,3.0,4.0,6.0,8.0,14.0,626.0,395.0,12.0,19.0,13.0,8.0,1.0,1.0,6.0,3.0,0.0,0.0,4.0,5.0,1.0,1.0,7.0,6.0,4.0,3.0,,,,,3.0,2.0,1.0,3.0,564.0,333.0,11.0,13.0,53.0,38.0,18.0,32.0,3.0,6.0,49.0,51.0,8.0,3.0,34.0,33.0,7.0,9.0,10.0,6.0,6.0,6.0,5.0,13.0,18.0,15.0,5.0,7.0,2.0,0.0,,,,,,,,,,,,,,
8897009,2020-2021,11,1607371200,finished,Brighton & Hove Albion,Southampton,30,45,1.0,2.0,American Express Stadium,David Coote,,48.0,52.0,3.0,2.0,12.0,10.0,1.0,3.0,4.0,3.0,12.0,12.0,377.0,420.0,21.0,15.0,11.0,12.0,3.0,3.0,4.0,3.0,0.0,0.0,8.0,4.0,0.0,3.0,11.0,7.0,1.0,3.0,2.0,1.0,,,2.0,3.0,2.0,3.0,276.0,319.0,30.0,23.0,41.0,62.0,21.0,23.0,3.0,5.0,50.0,50.0,10.0,12.0,47.0,37.0,13.0,22.0,15.0,11.0,11.0,10.0,10.0,15.0,19.0,11.0,6.0,6.0,1.0,1.0,,,,,,,,,,,,,,
8896956,2020-2021,12,1607716800,finished,Leeds United,West Ham United,34,37,1.0,2.0,Elland Road,Michael Oliver,,64.0,36.0,1.0,3.0,13.0,19.0,6.0,6.0,5.0,6.0,12.0,10.0,544.0,297.0,17.0,12.0,9.0,12.0,1.0,2.0,7.0,8.0,0.0,1.0,5.0,8.0,1.0,3.0,10.0,12.0,3.0,7.0,0.0,2.0,,,3.0,2.0,2.0,0.0,465.0,205.0,17.0,25.0,71.0,56.0,29.0,27.0,5.0,8.0,47.0,53.0,10.0,11.0,37.0,34.0,15.0,24.0,11.0,11.0,10.0,7.0,16.0,11.0,15.0,22.0,8.0,6.0,1.0,1.0,,,,,,,,,,,,,,
8896980,2020-2021,12,1607776200,finished,Wolverhampton,Aston Villa,3,40,0.0,1.0,Molineux Stadium,Mike Dean,,51.0,49.0,1.0,1.0,16.0,13.0,1.0,7.0,5.0,8.0,23.0,15.0,348.0,331.0,15.0,8.0,14.0,21.0,4.0,7.0,7.0,2.0,1.0,0.0,4.0,6.0,5.0,5.0,10.0,8.0,6.0,5.0,1.0,0.0,,,5.0,5.0,0.0,2.0,267.0,253.0,18.0,24.0,41.0,55.0,35.0,27.0,5.0,2.0,52.0,48.0,4.0,8.0,47.0,37.0,22.0,26.0,18.0,9.0,11.0,3.0,7.0,9.0,34.0,22.0,7.0,1.0,0.0,1.0,1.0,1.0,,,,,,,,,,,,
8897011,2020-2021,12,1607785200,finished,Newcastle United,West Bromwich Albion,39,8,2.0,1.0,St James' Park,Darren England,,45.0,55.0,1.0,0.0,12.0,13.0,2.0,4.0,4.0,3.0,9.0,12.0,401.0,484.0,7.0,18.0,12.0,9.0,2.0,3.0,7.0,3.0,0.0,0.0,1.0,4.0,4.0,6.0,9.0,4.0,3.0,9.0,,,,,3.0,2.0,3.0,2.0,321.0,392.0,23.0,22.0,43.0,69.0,30.0,27.0,5.0,2.0,48.0,52.0,11.0,3.0,26.0,31.0,20.0,18.0,7.0,6.0,2.0,11.0,13.0,5.0,25.0,13.0,8.0,5.0,1.0,0.0,,,,,,,,,,,,,,
8896973,2020-2021,12,1607794200,finished,Manchester United,Manchester City,35,17,0.0,0.0,Old Trafford,Chris Kavanagh,0.0,46.0,54.0,0.0,3.0,11.0,9.0,2.0,2.0,4.0,3.0,13.0,6.0,502.0,580.0,23.0,6.0,6.0,12.0,1.0,1.0,2.0,2.0,0.0,0.0,6.0,3.0,3.0,4.0,7.0,6.0,4.0,3.0,0.0,3.0,0.0,1.0,1.0,2.0,2.0,2.0,427.0,503.0,14.0,21.0,41.0,68.0,19.0,36.0,3.0,1.0,55.0,45.0,2.0,12.0,39.0,32.0,10.0,8.0,10.0,14.0,16.0,4.0,11.0,13.0,13.0,1.0,10.0,6.0,,,,,,,,,,,,,,,,
8896941,2020-2021,12,1607803200,finished,Everton,Chelsea,48,38,1.0,0.0,Goodison Park,Jonathan Moss,2000.0,28.0,72.0,1.0,1.0,9.0,10.0,3.0,3.0,6.0,6.0,10.0,11.0,241.0,639.0,13.0,17.0,11.0,9.0,2.0,3.0,4.0,3.0,0.0,2.0,3.0,4.0,2.0,3.0,8.0,4.0,1.0,6.0,0.0,1.0,,,4.0,3.0,4.0,1.0,162.0,539.0,24.0,35.0,42.0,73.0,21.0,27.0,4.0,4.0,51.0,49.0,13.0,11.0,40.0,40.0,22.0,20.0,16.0,15.0,7.0,9.0,26.0,6.0,33.0,15.0,6.0,7.0,1.0,0.0,,,,,,,,,,,,,,
8896974,2020-2021,12,1607860800,finished,Southampton,Sheffield United,45,15,3.0,0.0,St. Mary's Stadium,Andy Madley,,68.0,32.0,4.0,0.0,16.0,3.0,0.0,3.0,8.0,4.0,8.0,14.0,572.0,259.0,21.0,17.0,13.0,8.0,0.0,1.0,6.0,0.0,0.0,0.0,7.0,3.0,3.0,0.0,11.0,3.0,5.0,0.0,2.0,0.0,1.0,0.0,3.0,1.0,3.0,0.0,491.0,179.0,19.0,23.0,45.0,43.0,21.0,22.0,7.0,2.0,59.0,41.0,13.0,13.0,43.0,31.0,22.0,15.0,9.0,6.0,13.0,11.0,9.0,13.0,18.0,19.0,4.0,9.0,2.0,0.0,,,,,,,,,,,,,,
8896997,2020-2021,12,1607868900,finished,Crystal Palace,Tottenham Hotspur,7,33,1.0,1.0,Selhurst Park,Kevin Friend,2000.0,43.0,57.0,2.0,2.0,16.0,14.0,5.0,4.0,4.0,7.0,15.0,11.0,344.0,457.0,11.0,20.0,10.0,14.0,1.0,1.0,5.0,6.0,1.0,2.0,5.0,5.0,6.0,3.0,11.0,7.0,5.0,7.0,1.0,2.0,0.0,1.0,4.0,6.0,4.0,0.0,273.0,365.0,23.0,22.0,41.0,59.0,32.0,32.0,5.0,2.0,51.0,49.0,14.0,6.0,28.0,39.0,22.0,10.0,7.0,5.0,8.0,13.0,16.0,4.0,26.0,12.0,8.0,6.0,1.0,0.0,,,,,,,,,,,,,,
8896952,2020-2021,12,1607877000,finished,Fulham,Liverpool,43,44,1.0,1.0,Craven Cottage,Andre Marriner,2000.0,25.0,75.0,4.0,3.0,10.0,12.0,5.0,4.0,6.0,8.0,9.0,5.0,227.0,707.0,17.0,21.0,4.0,7.0,3.0,1.0,5.0,6.0,0.0,0.0,4.0,2.0,1.0,4.0,6.0,7.0,4.0,5.0,4.0,2.0,1.0,0.0,2.0,5.0,2.0,2.0,153.0,614.0,19.0,27.0,47.0,82.0,28.0,30.0,3.0,4.0,49.0,51.0,11.0,9.0,32.0,42.0,19.0,12.0,11.0,14.0,8.0,12.0,17.0,7.0,42.0,22.0,8.0,7.0,0.0,1.0,,,,,,,,,,,,,,
8896948,2020-2021,12,1607886900,finished,Leicester City,Brighton & Hove Albion,31,30,3.0,0.0,King Power Stadium,Martin Atkinson,0.0,54.0,46.0,2.0,1.0,15.0,12.0,4.0,3.0,9.0,5.0,9.0,10.0,539.0,455.0,12.0,25.0,10.0,8.0,2.0,1.0,6.0,4.0,1.0,0.0,5.0,4.0,4.0,4.0,13.0,6.0,2.0,6.0,1.0,1.0,0.0,1.0,1.0,3.0,4.0,1.0,469.0,372.0,15.0,13.0,53.0,56.0,40.0,34.0,3.0,3.0,46.0,54.0,15.0,7.0,30.0,43.0,15.0,10.0,9.0,10.0,6.0,14.0,14.0,15.0,20.0,11.0,4.0,8.0,1.0,0.0,,,,,,,,,,,,,,
8896991,2020-2021,12,1607886900,finished,Arsenal,Burnley,42,6,0.0,1.0,Emirates Stadium,Graham Scott,2000.0,65.0,35.0,3.0,1.0,18.0,10.0,2.0,6.0,13.0,4.0,5.0,11.0,557.0,307.0,12.0,12.0,10.0,5.0,2.0,1.0,6.0,2.0,0.0,0.0,6.0,5.0,6.0,3.0,12.0,7.0,6.0,3.0,3.0,1.0,,,1.0,3.0,3.0,3.0,462.0,220.0,31.0,14.0,73.0,51.0,24.0,30.0,7.0,6.0,44.0,56.0,7.0,7.0,26.0,21.0,10.0,25.0,4.0,4.0,5.0,7.0,8.0,17.0,10.0,40.0,11.0,5.0,,,1.0,0.0,,,,,,,,,,,,
8896989,2020-2021,13,1608055200,finished,Wolverhampton,Chelsea,3,38,2.0,1.0,Molineux Stadium,Stuart Attwell,0.0,45.0,55.0,0.0,2.0,12.0,13.0,2.0,2.0,5.0,6.0,12.0,12.0,418.0,494.0,17.0,14.0,11.0,12.0,2.0,2.0,4.0,3.0,0.0,1.0,6.0,6.0,2.0,4.0,6.0,7.0,6.0,6.0,0.0,2.0,,,2.0,4.0,1.0,0.0,336.0,424.0,14.0,17.0,45.0,54.0,28.0,40.0,2.0,8.0,59.0,41.0,6.0,8.0,42.0,36.0,27.0,12.0,15.0,10.0,10.0,6.0,14.0,7.0,34.0,19.0,9.0,7.0,,,,,,,,,,,,,,,,
8896943,2020-2021,13,1608062400,finished,Manchester City,West Bromwich Albion,17,8,1.0,1.0,Etihad Stadium,Peter Bankes,,77.0,23.0,4.0,1.0,26.0,5.0,1.0,7.0,13.0,2.0,5.0,8.0,752.0,224.0,11.0,13.0,8.0,5.0,2.0,3.0,7.0,1.0,0.0,0.0,11.0,4.0,8.0,0.0,17.0,3.0,9.0,2.0,3.0,1.0,,,4.0,1.0,3.0,2.0,678.0,133.0,20.0,12.0,96.0,34.0,25.0,20.0,9.0,2.0,55.0,45.0,7.0,6.0,28.0,23.0,19.0,15.0,9.0,6.0,4.0,8.0,8.0,12.0,10.0,31.0,5.0,16.0,1.0,0.0,,,,,,,,,,,,,,
8896888,2020-2021,7,1604156400,finished,Burnley,Chelsea,6,38,0.0,3.0,Turf Moor,David Coote,0.0,36.0,64.0,1.0,2.0,5.0,14.0,6.0,0.0,3.0,4.0,10.0,15.0,392.0,693.0,13.0,13.0,13.0,10.0,1.0,0.0,0.0,9.0,0.0,0.0,4.0,1.0,1.0,4.0,1.0,7.0,4.0,7.0,1.0,0.0,1.0,0.0,1.0,1.0,1.0,4.0,294.0,608.0,15.0,19.0,48.0,42.0,36.0,38.0,0.0,4.0,48.0,52.0,10.0,9.0,32.0,31.0,9.0,14.0,6.0,8.0,10.0,8.0,8.0,6.0,16.0,13.0,6.0,9.0,0.0,2.0,,,,,,,,,,,,,,
8896865,2020-2021,7,1604165400,finished,Liverpool,West Ham United,44,37,2.0,1.0,Anfield,Kevin Friend,0.0,72.0,28.0,2.0,0.0,9.0,4.0,2.0,4.0,1.0,2.0,13.0,14.0,827.0,304.0,10.0,18.0,14.0,13.0,0.0,1.0,5.0,3.0,0.0,0.0,3.0,0.0,1.0,1.0,6.0,4.0,3.0,0.0,,,1.0,0.0,6.0,0.0,1.0,0.0,731.0,210.0,22.0,11.0,83.0,38.0,16.0,22.0,2.0,3.0,47.0,53.0,11.0,9.0,34.0,36.0,16.0,20.0,11.0,6.0,6.0,7.0,4.0,11.0,14.0,24.0,3.0,8.0,2.0,0.0,,,,,,,,,,,,,,
8896885,2020-2021,7,1604232000,finished,Aston Villa,Southampton,40,45,3.0,4.0,Villa Park,Darren England,0.0,56.0,44.0,4.0,1.0,19.0,9.0,0.0,7.0,11.0,1.0,12.0,17.0,367.0,304.0,15.0,21.0,17.0,11.0,1.0,2.0,10.0,4.0,0.0,1.0,2.0,4.0,7.0,1.0,14.0,4.0,5.0,5.0,2.0,0.0,,,7.0,3.0,2.0,2.0,275.0,211.0,34.0,20.0,54.0,40.0,36.0,8.0,11.0,2.0,56.0,44.0,14.0,12.0,42.0,37.0,24.0,15.0,10.0,5.0,9.0,13.0,6.0,8.0,3.0,33.0,4.0,6.0,2.0,1.0,,,,,,,,,,,,,,
8896867,2020-2021,7,1604239200,finished,Newcastle United,Everton,39,48,2.0,1.0,St James' Park,Stuart Attwell,0.0,38.0,62.0,4.0,1.0,11.0,15.0,3.0,2.0,5.0,4.0,9.0,10.0,369.0,607.0,13.0,22.0,10.0,8.0,2.0,4.0,4.0,4.0,0.0,0.0,3.0,6.0,4.0,5.0,7.0,9.0,4.0,6.0,2.0,0.0,1.0,1.0,3.0,2.0,1.0,0.0,285.0,547.0,29.0,23.0,23.0,52.0,28.0,26.0,5.0,4.0,47.0,53.0,12.0,6.0,34.0,35.0,6.0,10.0,11.0,5.0,10.0,12.0,5.0,6.0,23.0,12.0,11.0,3.0,2.0,1.0,,,,,,,,,,,,,,
8896859,2020-2021,7,1604248200,finished,Manchester United,Arsenal,35,42,0.0,1.0,Old Trafford,Mike Dean,0.0,53.0,47.0,0.0,1.0,8.0,7.0,1.0,3.0,6.0,3.0,12.0,12.0,556.0,495.0,10.0,20.0,12.0,11.0,3.0,3.0,2.0,2.0,0.0,1.0,3.0,5.0,3.0,0.0,4.0,3.0,4.0,4.0,,,1.0,0.0,4.0,2.0,4.0,0.0,471.0,422.0,21.0,9.0,49.0,40.0,17.0,14.0,4.0,2.0,51.0,49.0,12.0,4.0,28.0,36.0,18.0,9.0,6.0,5.0,7.0,14.0,7.0,11.0,12.0,23.0,9.0,4.0,0.0,1.0,,,,,,,,,,,,,,
8897002,2020-2021,7,1604258100,finished,Tottenham Hotspur,Brighton & Hove Albion,33,30,2.0,1.0,Tottenham Hotspur Stadium,Graham Scott,0.0,43.0,57.0,3.0,0.0,9.0,6.0,1.0,2.0,4.0,5.0,14.0,13.0,387.0,503.0,16.0,13.0,11.0,13.0,2.0,1.0,3.0,2.0,2.0,0.0,6.0,2.0,0.0,2.0,5.0,5.0,4.0,1.0,1.0,0.0,,,4.0,1.0,0.0,4.0,294.0,406.0,28.0,24.0,39.0,55.0,24.0,27.0,2.0,4.0,51.0,49.0,9.0,8.0,29.0,32.0,17.0,12.0,2.0,6.0,9.0,8.0,10.0,7.0,16.0,12.0,5.0,5.0,2.0,0.0,,,,,,,,,,,,,,
8896858,2020-2021,7,1604338200,finished,Fulham,West Bromwich Albion,43,8,2.0,0.0,Craven Cottage,Simon Hooper,0.0,46.0,54.0,2.0,0.0,13.0,10.0,1.0,2.0,5.0,2.0,13.0,11.0,395.0,468.0,15.0,28.0,10.0,12.0,3.0,2.0,6.0,1.0,0.0,1.0,3.0,4.0,4.0,5.0,6.0,6.0,7.0,4.0,1.0,0.0,,,2.0,3.0,1.0,4.0,303.0,370.0,39.0,19.0,46.0,54.0,20.0,20.0,1.0,4.0,50.0,50.0,19.0,8.0,49.0,49.0,15.0,16.0,24.0,9.0,6.0,15.0,10.0,5.0,13.0,20.0,8.0,7.0,1.0,0.0,,,,,,,,,,,,,,
8896863,2020-2021,7,1604347200,finished,Leeds United,Leicester City,34,31,1.0,4.0,Elland Road,Andre Marriner,0.0,68.0,32.0,3.0,5.0,11.0,10.0,4.0,3.0,10.0,3.0,9.0,5.0,639.0,302.0,19.0,20.0,5.0,9.0,1.0,1.0,4.0,8.0,1.0,1.0,5.0,1.0,2.0,1.0,6.0,9.0,5.0,1.0,3.0,1.0,1.0,1.0,3.0,2.0,2.0,0.0,541.0,211.0,26.0,14.0,68.0,31.0,24.0,20.0,2.0,4.0,53.0,47.0,14.0,9.0,34.0,38.0,17.0,7.0,10.0,9.0,9.0,11.0,7.0,12.0,11.0,26.0,2.0,12.0,0.0,4.0,,,,,,,,,,,,,,
8896871,2020-2021,8,1604683800,finished,Brighton & Hove Albion,Burnley,30,6,0.0,0.0,American Express Stadium,Mike Dean,0.0,59.0,41.0,2.0,0.0,19.0,4.0,1.0,3.0,5.0,3.0,11.0,5.0,530.0,376.0,11.0,14.0,3.0,10.0,1.0,0.0,3.0,1.0,0.0,1.0,7.0,3.0,9.0,0.0,12.0,3.0,7.0,1.0,2.0,0.0,1.0,0.0,2.0,1.0,1.0,1.0,437.0,285.0,23.0,16.0,63.0,41.0,15.0,33.0,11.0,6.0,41.0,59.0,6.0,6.0,26.0,30.0,13.0,25.0,12.0,5.0,7.0,10.0,9.0,15.0,10.0,31.0,5.0,7.0,,,,,,,,,,,,,,,,
8896876,2020-2021,8,1604692800,finished,Southampton,Newcastle United,45,39,2.0,0.0,St. Mary's Stadium,Peter Bankes,0.0,61.0,39.0,,,15.0,4.0,2.0,5.0,7.0,3.0,12.0,11.0,561.0,360.0,32.0,13.0,10.0,11.0,1.0,2.0,8.0,2.0,1.0,0.0,2.0,1.0,5.0,1.0,9.0,3.0,6.0,1.0,,,,,1.0,1.0,4.0,1.0,464.0,270.0,24.0,20.0,44.0,39.0,15.0,21.0,4.0,4.0,60.0,40.0,9.0,13.0,51.0,33.0,10.0,8.0,9.0,9.0,23.0,7.0,12.0,10.0,10.0,13.0,3.0,8.0,,,,,,,,,,,,,,,,
8896866,2020-2021,8,1604752200,finished,Everton,Manchester United,48,35,1.0,3.0,Goodison Park,Paul Tierney,0.0,55.0,45.0,0.0,4.0,7.0,13.0,2.0,0.0,5.0,2.0,12.0,19.0,523.0,453.0,25.0,13.0,19.0,12.0,4.0,2.0,1.0,5.0,1.0,0.0,5.0,5.0,1.0,3.0,5.0,7.0,2.0,6.0,0.0,2.0,0.0,1.0,4.0,4.0,3.0,1.0,442.0,369.0,19.0,19.0,59.0,50.0,33.0,17.0,6.0,4.0,62.0,38.0,6.0,18.0,55.0,31.0,19.0,14.0,12.0,6.0,12.0,4.0,6.0,9.0,10.0,22.0,6.0,10.0,0.0,2.0,,,,,,,,,,,,,,
8896869,2020-2021,8,1604761200,finished,Crystal Palace,Leeds United,7,34,4.0,1.0,Selhurst Park,Chris Kavanagh,0.0,35.0,65.0,3.0,1.0,10.0,9.0,2.0,3.0,3.0,6.0,9.0,16.0,332.0,599.0,15.0,25.0,15.0,8.0,0.0,2.0,6.0,3.0,0.0,0.0,2.0,4.0,2.0,2.0,7.0,5.0,3.0,4.0,1.0,0.0,,,4.0,2.0,1.0,1.0,243.0,493.0,17.0,22.0,57.0,68.0,24.0,42.0,1.0,4.0,49.0,51.0,14.0,8.0,38.0,41.0,15.0,14.0,8.0,8.0,6.0,15.0,13.0,14.0,30.0,11.0,9.0,5.0,2.0,1.0,,,,,,,,,,,,,,
8896868,2020-2021,8,1604770200,finished,Chelsea,Sheffield United,38,15,4.0,1.0,Stamford Bridge,Jonathan Moss,0.0,70.0,30.0,4.0,1.0,20.0,6.0,2.0,6.0,6.0,7.0,5.0,14.0,762.0,320.0,13.0,11.0,14.0,5.0,0.0,2.0,9.0,3.0,2.0,0.0,5.0,1.0,6.0,2.0,10.0,4.0,10.0,2.0,1.0,0.0,1.0,0.0,4.0,1.0,1.0,1.0,669.0,223.0,20.0,24.0,65.0,43.0,45.0,19.0,5.0,0.0,57.0,43.0,6.0,11.0,30.0,19.0,13.0,14.0,3.0,3.0,5.0,4.0,10.0,5.0,14.0,23.0,3.0,5.0,3.0,1.0,,,,,,,,,,,,,,
8896847,2020-2021,8,1604779200,finished,West Ham United,Fulham,37,43,1.0,0.0,London Stadium,Robert Jones,0.0,53.0,47.0,1.0,2.0,16.0,13.0,3.0,6.0,9.0,5.0,10.0,9.0,506.0,460.0,14.0,12.0,9.0,9.0,2.0,2.0,7.0,3.0,2.0,0.0,8.0,4.0,1.0,6.0,10.0,7.0,6.0,6.0,1.0,2.0,,,2.0,4.0,3.0,2.0,446.0,382.0,18.0,17.0,68.0,45.0,25.0,14.0,10.0,7.0,48.0,52.0,5.0,10.0,26.0,30.0,23.0,23.0,5.0,9.0,5.0,7.0,14.0,5.0,18.0,24.0,6.0,11.0,,,,,,,,,,,,,,,,
8896851,2020-2021,8,1604836800,finished,West Bromwich Albion,Tottenham Hotspur,8,33,0.0,1.0,The Hawthorns,Andy Madley,0.0,41.0,59.0,1.0,3.0,12.0,19.0,4.0,2.0,9.0,6.0,17.0,12.0,340.0,508.0,19.0,16.0,12.0,14.0,1.0,0.0,2.0,5.0,1.0,0.0,7.0,6.0,3.0,8.0,7.0,13.0,5.0,6.0,1.0,2.0,,,3.0,4.0,1.0,1.0,226.0,397.0,21.0,18.0,50.0,49.0,22.0,27.0,6.0,7.0,57.0,43.0,9.0,13.0,42.0,37.0,31.0,17.0,11.0,7.0,14.0,10.0,11.0,8.0,11.0,33.0,7.0,8.0,0.0,1.0,,,,,,,,,,,,,,
8896870,2020-2021,8,1604844000,finished,Leicester City,Wolverhampton,31,3,1.0,0.0,King Power Stadium,Anthony Taylor,0.0,50.0,50.0,2.0,1.0,10.0,8.0,2.0,2.0,6.0,3.0,12.0,8.0,492.0,505.0,20.0,17.0,7.0,11.0,2.0,3.0,3.0,2.0,0.0,0.0,4.0,5.0,3.0,1.0,6.0,4.0,4.0,4.0,1.0,1.0,,,5.0,3.0,,,406.0,415.0,18.0,23.0,48.0,37.0,20.0,34.0,2.0,6.0,45.0,55.0,11.0,10.0,32.0,34.0,10.0,17.0,5.0,6.0,10.0,8.0,5.0,10.0,19.0,10.0,7.0,12.0,1.0,0.0,,,,,,,,,,,,,,
8896883,2020-2021,8,1604853000,finished,Manchester City,Liverpool,17,44,1.0,1.0,Etihad Stadium,Craig Pawson,0.0,55.0,45.0,2.0,1.0,7.0,10.0,2.0,1.0,1.0,2.0,19.0,11.0,555.0,459.0,12.0,13.0,9.0,18.0,3.0,1.0,2.0,3.0,0.0,0.0,4.0,4.0,1.0,3.0,4.0,5.0,3.0,5.0,2.0,0.0,1.0,0.0,2.0,4.0,2.0,5.0,472.0,375.0,15.0,23.0,43.0,43.0,25.0,17.0,1.0,1.0,43.0,57.0,7.0,8.0,24.0,39.0,8.0,3.0,3.0,8.0,5.0,9.0,5.0,4.0,20.0,7.0,7.0,7.0,0.0,1.0,,,,,,,,,,,,,,
8896873,2020-2021,8,1604862900,finished,Arsenal,Aston Villa,42,40,0.0,3.0,Emirates Stadium,Martin Atkinson,0.0,59.0,41.0,2.0,2.0,13.0,15.0,3.0,2.0,3.0,8.0,11.0,13.0,538.0,378.0,7.0,14.0,13.0,11.0,,,2.0,6.0,0.0,0.0,8.0,0.0,3.0,9.0,8.0,14.0,5.0,1.0,2.0,0.0,,,5.0,3.0,1.0,1.0,458.0,293.0,23.0,11.0,43.0,45.0,18.0,31.0,3.0,5.0,43.0,57.0,7.0,4.0,28.0,37.0,11.0,15.0,8.0,12.0,2.0,6.0,8.0,8.0,12.0,26.0,1.0,10.0,0.0,2.0,,,,,,,,,,,,,,
8896848,2020-2021,9,1605961800,finished,Newcastle United,Chelsea,39,38,0.0,2.0,St James' Park,Craig Pawson,0.0,29.0,71.0,0.0,4.0,8.0,14.0,2.0,1.0,7.0,4.0,11.0,12.0,287.0,746.0,6.0,13.0,12.0,10.0,2.0,0.0,1.0,3.0,1.0,0.0,4.0,6.0,3.0,5.0,4.0,9.0,4.0,5.0,0.0,3.0,,,2.0,2.0,2.0,2.0,211.0,670.0,17.0,13.0,39.0,67.0,24.0,34.0,1.0,5.0,46.0,54.0,9.0,5.0,24.0,27.0,15.0,19.0,7.0,5.0,1.0,6.0,5.0,9.0,23.0,25.0,7.0,4.0,0.0,1.0,,,,,,,,,,,,,,
8896994,2020-2021,9,1605970800,finished,Aston Villa,Brighton & Hove Albion,40,30,1.0,2.0,Villa Park,Michael Oliver,0.0,55.0,45.0,4.0,3.0,15.0,7.0,1.0,3.0,12.0,3.0,5.0,18.0,457.0,385.0,7.0,18.0,18.0,5.0,2.0,3.0,4.0,3.0,1.0,0.0,6.0,3.0,5.0,1.0,8.0,6.0,7.0,1.0,3.0,2.0,0.0,1.0,7.0,1.0,2.0,0.0,381.0,313.0,25.0,14.0,54.0,35.0,16.0,26.0,5.0,3.0,54.0,46.0,13.0,3.0,33.0,25.0,11.0,12.0,8.0,2.0,5.0,8.0,7.0,9.0,12.0,47.0,5.0,12.0,1.0,1.0,0.0,1.0,,,,,,,,,,,,
8896862,2020-2021,9,1605979800,finished,Tottenham Hotspur,Manchester City,33,17,2.0,0.0,Tottenham Hotspur Stadium,Mike Dean,0.0,34.0,66.0,2.0,2.0,4.0,22.0,5.0,0.0,0.0,10.0,13.0,19.0,318.0,599.0,25.0,13.0,16.0,13.0,2.0,2.0,2.0,5.0,0.0,0.0,0.0,6.0,2.0,11.0,1.0,15.0,3.0,7.0,0.0,2.0,1.0,0.0,5.0,6.0,1.0,2.0,233.0,532.0,8.0,11.0,39.0,73.0,27.0,25.0,1.0,7.0,50.0,50.0,8.0,18.0,45.0,42.0,8.0,11.0,4.0,17.0,14.0,8.0,8.0,9.0,30.0,5.0,17.0,2.0,2.0,0.0,,,,,,,,,,,,,,
8896854,2020-2021,9,1605988800,finished,Manchester United,West Bromwich Albion,35,8,1.0,0.0,Old Trafford,David Coote,0.0,63.0,37.0,3.0,1.0,17.0,7.0,2.0,6.0,8.0,2.0,12.0,17.0,663.0,385.0,13.0,13.0,16.0,12.0,1.0,1.0,7.0,2.0,0.0,1.0,2.0,4.0,8.0,1.0,11.0,6.0,6.0,1.0,2.0,1.0,2.0,0.0,4.0,0.0,1.0,1.0,562.0,300.0,21.0,19.0,80.0,51.0,36.0,24.0,4.0,2.0,61.0,39.0,7.0,11.0,46.0,39.0,25.0,7.0,18.0,14.0,5.0,8.0,14.0,20.0,7.0,17.0,8.0,6.0,1.0,0.0,,,,,,,,,,,,,,
8896850,2020-2021,9,1606046400,finished,Fulham,Everton,43,48,2.0,3.0,Craven Cottage,Andy Madley,0.0,54.0,46.0,3.0,4.0,14.0,9.0,4.0,4.0,2.0,5.0,14.0,10.0,620.0,517.0,12.0,22.0,8.0,13.0,2.0,0.0,6.0,7.0,0.0,0.0,4.0,0.0,4.0,2.0,7.0,7.0,7.0,2.0,1.0,1.0,,,2.0,1.0,2.0,3.0,522.0,402.0,26.0,16.0,72.0,57.0,25.0,29.0,3.0,5.0,44.0,56.0,18.0,7.0,38.0,46.0,13.0,18.0,19.0,11.0,6.0,15.0,10.0,12.0,18.0,18.0,0.0,4.0,2.0,3.0,,,,,,,,,,,,,,
8896852,2020-2021,9,1606053600,finished,Sheffield United,West Ham United,15,37,0.0,1.0,Bramall Lane,Martin Atkinson,0.0,51.0,49.0,2.0,2.0,9.0,15.0,2.0,5.0,2.0,6.0,7.0,6.0,517.0,497.0,25.0,12.0,6.0,7.0,,,5.0,3.0,1.0,1.0,3.0,5.0,1.0,7.0,6.0,13.0,3.0,2.0,2.0,2.0,,,0.0,1.0,4.0,2.0,415.0,397.0,18.0,27.0,58.0,67.0,24.0,40.0,3.0,6.0,50.0,50.0,5.0,12.0,37.0,27.0,21.0,31.0,6.0,8.0,14.0,8.0,8.0,9.0,15.0,12.0,9.0,3.0,,,,,,,,,,,,,,,,
8896855,2020-2021,9,1606062600,finished,Leeds United,Arsenal,34,42,0.0,0.0,Elland Road,Anthony Taylor,0.0,66.0,34.0,2.0,1.0,25.0,9.0,2.0,4.0,5.0,3.0,9.0,8.0,610.0,310.0,18.0,10.0,8.0,9.0,3.0,0.0,4.0,2.0,3.0,1.0,16.0,6.0,5.0,1.0,15.0,5.0,10.0,4.0,2.0,1.0,0.0,1.0,1.0,4.0,0.0,2.0,519.0,220.0,16.0,16.0,64.0,34.0,16.0,14.0,7.0,3.0,48.0,52.0,8.0,12.0,30.0,33.0,11.0,11.0,4.0,14.0,8.0,5.0,9.0,11.0,14.0,29.0,5.0,17.0,,,0.0,1.0,,,,,,,,,,,,
8896849,2020-2021,9,1606072500,finished,Liverpool,Leicester City,44,31,3.0,0.0,Anfield,Chris Kavanagh,0.0,56.0,44.0,7.0,3.0,24.0,11.0,4.0,9.0,10.0,3.0,15.0,6.0,572.0,441.0,9.0,14.0,6.0,15.0,0.0,2.0,13.0,4.0,2.0,0.0,8.0,5.0,3.0,2.0,19.0,7.0,5.0,4.0,6.0,3.0,,,2.0,2.0,2.0,1.0,488.0,346.0,16.0,22.0,46.0,47.0,25.0,26.0,8.0,3.0,39.0,61.0,11.0,3.0,28.0,44.0,13.0,21.0,13.0,15.0,4.0,4.0,10.0,17.0,15.0,19.0,8.0,8.0,1.0,0.0,,,,,,,,,,,,,,
8896853,2020-2021,9,1606152600,finished,Burnley,Crystal Palace,6,7,1.0,0.0,Turf Moor,Kevin Friend,0.0,46.0,54.0,4.0,2.0,10.0,15.0,5.0,3.0,4.0,7.0,13.0,9.0,409.0,459.0,14.0,12.0,8.0,13.0,2.0,0.0,4.0,5.0,1.0,0.0,3.0,5.0,3.0,5.0,6.0,7.0,4.0,8.0,3.0,2.0,,,0.0,3.0,2.0,2.0,297.0,351.0,18.0,28.0,54.0,32.0,32.0,15.0,2.0,7.0,42.0,58.0,8.0,11.0,26.0,38.0,18.0,24.0,4.0,13.0,7.0,5.0,10.0,4.0,17.0,16.0,11.0,5.0,1.0,0.0,,,,,,,,,,,,,,
8896856,2020-2021,9,1606161600,finished,Wolverhampton,Southampton,3,45,1.0,1.0,Molineux Stadium,Andre Marriner,0.0,45.0,55.0,2.0,2.0,20.0,7.0,1.0,8.0,7.0,4.0,14.0,14.0,416.0,516.0,11.0,20.0,14.0,14.0,2.0,0.0,9.0,2.0,1.0,0.0,5.0,3.0,6.0,2.0,15.0,5.0,5.0,2.0,1.0,1.0,1.0,3.0,6.0,3.0,2.0,1.0,335.0,422.0,17.0,17.0,42.0,37.0,30.0,24.0,5.0,4.0,51.0,49.0,8.0,5.0,40.0,41.0,20.0,17.0,15.0,8.0,8.0,15.0,8.0,3.0,17.0,14.0,4.0,8.0,1.0,1.0,,,,,,,,,,,,,,
8896999,2020-2021,10,1606507200,finished,Crystal Palace,Newcastle United,7,39,0.0,2.0,Selhurst Park,Graham Scott,0.0,57.0,43.0,1.0,2.0,12.0,14.0,5.0,3.0,7.0,3.0,9.0,10.0,503.0,375.0,15.0,24.0,10.0,9.0,2.0,2.0,3.0,7.0,0.0,0.0,8.0,5.0,1.0,2.0,8.0,7.0,4.0,7.0,1.0,1.0,,,1.0,3.0,,,413.0,276.0,21.0,24.0,60.0,53.0,34.0,38.0,8.0,4.0,52.0,48.0,18.0,11.0,35.0,36.0,28.0,23.0,10.0,4.0,8.0,11.0,9.0,12.0,10.0,18.0,4.0,10.0,0.0,1.0,,,,,,,,,,,,,,
8896860,2020-2021,10,1606566600,finished,Brighton & Hove Albion,Liverpool,30,44,1.0,1.0,American Express Stadium,Stuart Attwell,0.0,40.0,60.0,3.0,0.0,11.0,6.0,1.0,2.0,4.0,3.0,9.0,13.0,352.0,526.0,22.0,13.0,13.0,8.0,2.0,1.0,3.0,2.0,0.0,0.0,6.0,1.0,2.0,3.0,7.0,3.0,4.0,3.0,2.0,0.0,1.0,0.0,4.0,1.0,2.0,2.0,272.0,428.0,20.0,29.0,49.0,57.0,28.0,24.0,3.0,2.0,57.0,43.0,6.0,12.0,47.0,28.0,13.0,18.0,13.0,7.0,11.0,9.0,14.0,8.0,14.0,15.0,2.0,11.0,1.0,0.0,,,,,,,,,,,,,,
8896898,2020-2021,4,1601742600,finished,Leeds United,Manchester City,34,17,1.0,1.0,Elland Road,Mike Dean,,52.0,48.0,5.0,0.0,12.0,23.0,1.0,6.0,7.0,10.0,11.0,12.0,429.0,389.0,27.0,11.0,12.0,11.0,2.0,1.0,7.0,2.0,2.0,2.0,2.0,14.0,3.0,7.0,11.0,16.0,1.0,7.0,4.0,0.0,,,1.0,2.0,2.0,3.0,356.0,319.0,17.0,29.0,37.0,43.0,29.0,13.0,3.0,5.0,49.0,51.0,5.0,15.0,49.0,44.0,6.0,13.0,10.0,22.0,14.0,5.0,9.0,6.0,19.0,15.0,14.0,6.0,1.0,0.0,,,,,,,,,,,,,,
8896897,2020-2021,4,1601751600,finished,Newcastle United,Burnley,39,6,3.0,1.0,St James' Park,David Coote,0.0,48.0,52.0,3.0,0.0,10.0,7.0,2.0,2.0,3.0,4.0,13.0,17.0,416.0,455.0,5.0,13.0,17.0,13.0,2.0,3.0,5.0,3.0,0.0,0.0,4.0,2.0,1.0,2.0,6.0,6.0,4.0,1.0,1.0,0.0,,,3.0,1.0,4.0,5.0,310.0,338.0,18.0,23.0,41.0,66.0,28.0,32.0,4.0,4.0,46.0,54.0,9.0,2.0,28.0,27.0,23.0,33.0,9.0,3.0,2.0,5.0,5.0,10.0,34.0,9.0,4.0,6.0,2.0,0.0,,,,,,,,,,,,,,
8896905,2020-2021,4,1601809200,finished,Southampton,West Bromwich Albion,45,8,2.0,0.0,St. Mary's Stadium,Chris Kavanagh,,62.0,38.0,1.0,0.0,13.0,5.0,3.0,6.0,5.0,1.0,19.0,10.0,522.0,325.0,21.0,18.0,10.0,17.0,2.0,1.0,7.0,2.0,0.0,0.0,5.0,1.0,1.0,2.0,8.0,3.0,5.0,2.0,1.0,0.0,1.0,0.0,2.0,4.0,1.0,1.0,400.0,226.0,32.0,21.0,52.0,48.0,23.0,23.0,3.0,1.0,48.0,52.0,12.0,14.0,37.0,42.0,13.0,12.0,6.0,9.0,14.0,11.0,15.0,17.0,4.0,16.0,6.0,9.0,,,,,,,,,,,,,,,,
8896896,2020-2021,4,1601809200,finished,Leicester City,West Ham United,31,37,0.0,3.0,King Power Stadium,Andy Madley,,70.0,30.0,1.0,3.0,4.0,14.0,3.0,0.0,6.0,4.0,10.0,8.0,684.0,296.0,7.0,12.0,8.0,10.0,2.0,2.0,0.0,6.0,0.0,1.0,2.0,5.0,2.0,3.0,3.0,12.0,1.0,2.0,1.0,0.0,1.0,1.0,2.0,1.0,4.0,2.0,578.0,208.0,25.0,14.0,85.0,50.0,19.0,19.0,2.0,6.0,45.0,55.0,8.0,3.0,26.0,28.0,17.0,24.0,11.0,6.0,4.0,6.0,18.0,21.0,8.0,30.0,4.0,3.0,0.0,3.0,,,,,,,,,,,,,,
8896910,2020-2021,4,1601816400,finished,Wolverhampton,Fulham,3,43,1.0,0.0,Molineux Stadium,Darren England,,47.0,53.0,2.0,1.0,14.0,10.0,2.0,4.0,6.0,2.0,15.0,8.0,478.0,524.0,9.0,14.0,6.0,15.0,1.0,1.0,5.0,2.0,0.0,0.0,3.0,5.0,6.0,3.0,7.0,6.0,7.0,4.0,2.0,1.0,,,2.0,3.0,,,406.0,460.0,25.0,19.0,41.0,49.0,26.0,34.0,6.0,4.0,41.0,59.0,6.0,7.0,21.0,39.0,12.0,9.0,6.0,10.0,5.0,11.0,9.0,5.0,25.0,14.0,8.0,6.0,,,,,,,,,,,,,,,,
8896901,2020-2021,4,1601816400,finished,Arsenal,Sheffield United,42,15,2.0,1.0,Emirates Stadium,Lee Mason,,65.0,35.0,1.0,0.0,6.0,6.0,1.0,3.0,2.0,4.0,3.0,9.0,699.0,373.0,8.0,11.0,8.0,3.0,0.0,1.0,5.0,2.0,0.0,0.0,0.0,2.0,1.0,2.0,5.0,1.0,1.0,5.0,,,,,2.0,0.0,0.0,3.0,623.0,295.0,22.0,16.0,55.0,34.0,26.0,15.0,1.0,2.0,56.0,44.0,5.0,5.0,28.0,21.0,17.0,14.0,12.0,7.0,4.0,4.0,10.0,5.0,18.0,22.0,9.0,5.0,1.0,0.0,,,,,,,,,,,,,,
8896904,2020-2021,4,1601825400,finished,Manchester United,Tottenham Hotspur,35,33,1.0,6.0,Old Trafford,Anthony Taylor,,38.0,62.0,1.0,7.0,5.0,22.0,2.0,1.0,2.0,4.0,14.0,11.0,416.0,672.0,15.0,23.0,11.0,13.0,2.0,1.0,2.0,8.0,0.0,0.0,2.0,6.0,1.0,8.0,2.0,16.0,3.0,6.0,0.0,1.0,,,4.0,3.0,1.0,0.0,348.0,606.0,20.0,12.0,34.0,42.0,15.0,32.0,2.0,2.0,51.0,49.0,16.0,11.0,43.0,47.0,10.0,3.0,17.0,11.0,5.0,11.0,11.0,12.0,11.0,17.0,6.0,4.0,1.0,6.0,1.0,0.0,,,,,,,,,,,,
8896884,2020-2021,4,1601835300,finished,Aston Villa,Liverpool,40,44,7.0,2.0,Villa Park,Martin Atkinson,,30.0,70.0,6.0,4.0,18.0,14.0,6.0,4.0,2.0,7.0,7.0,10.0,285.0,650.0,15.0,14.0,10.0,7.0,2.0,1.0,11.0,8.0,1.0,0.0,4.0,1.0,3.0,5.0,13.0,10.0,5.0,4.0,3.0,2.0,1.0,1.0,1.0,1.0,2.0,1.0,194.0,554.0,18.0,28.0,48.0,56.0,33.0,31.0,2.0,2.0,50.0,50.0,10.0,9.0,36.0,34.0,13.0,15.0,11.0,13.0,7.0,7.0,12.0,12.0,31.0,14.0,4.0,5.0,3.0,2.0,,,,,,,,,,,,,,
8897007,2020-2021,5,1602934200,finished,Everton,Liverpool,48,44,2.0,2.0,Goodison Park,Michael Oliver,,42.0,58.0,3.0,4.0,11.0,22.0,6.0,3.0,2.0,5.0,15.0,9.0,380.0,524.0,16.0,18.0,8.0,13.0,3.0,2.0,5.0,8.0,1.0,0.0,5.0,8.0,1.0,6.0,6.0,15.0,5.0,7.0,2.0,3.0,0.0,1.0,1.0,4.0,2.0,3.0,284.0,437.0,12.0,14.0,59.0,54.0,30.0,29.0,5.0,4.0,50.0,50.0,14.0,5.0,32.0,41.0,19.0,11.0,8.0,11.0,8.0,8.0,1.0,3.0,27.0,13.0,14.0,9.0,1.0,1.0,1.0,0.0,,,,,,,,,,,,
8896911,2020-2021,5,1602943200,finished,Chelsea,Southampton,38,45,3.0,3.0,Stamford Bridge,Peter Bankes,,53.0,47.0,2.0,2.0,11.0,13.0,3.0,2.0,6.0,2.0,11.0,9.0,574.0,503.0,16.0,13.0,8.0,10.0,1.0,1.0,5.0,6.0,0.0,1.0,3.0,5.0,3.0,2.0,11.0,9.0,0.0,4.0,,,,,1.0,3.0,3.0,1.0,468.0,381.0,22.0,31.0,38.0,69.0,28.0,34.0,6.0,1.0,58.0,42.0,6.0,7.0,31.0,32.0,25.0,9.0,7.0,9.0,7.0,5.0,7.0,7.0,29.0,8.0,8.0,7.0,2.0,2.0,,,,,,,,,,,,,,
8896916,2020-2021,5,1602952200,finished,Manchester City,Arsenal,17,42,1.0,0.0,Etihad Stadium,Chris Kavanagh,0.0,59.0,41.0,3.0,1.0,13.0,11.0,3.0,4.0,6.0,6.0,15.0,10.0,665.0,462.0,11.0,13.0,10.0,15.0,4.0,1.0,5.0,3.0,0.0,0.0,4.0,5.0,4.0,3.0,8.0,7.0,5.0,4.0,2.0,1.0,0.0,1.0,1.0,2.0,0.0,2.0,591.0,391.0,13.0,15.0,56.0,35.0,24.0,21.0,1.0,4.0,48.0,52.0,5.0,6.0,31.0,37.0,15.0,12.0,10.0,9.0,5.0,10.0,8.0,6.0,9.0,12.0,10.0,4.0,1.0,0.0,,,,,,,,,,,,,,
8897001,2020-2021,5,1602961200,finished,Newcastle United,Manchester United,39,35,1.0,4.0,St James' Park,Craig Pawson,0.0,36.0,64.0,1.0,2.0,7.0,28.0,8.0,4.0,0.0,7.0,9.0,12.0,358.0,629.0,18.0,14.0,12.0,9.0,1.0,1.0,4.0,14.0,0.0,0.0,2.0,6.0,1.0,8.0,3.0,15.0,4.0,13.0,1.0,1.0,0.0,1.0,1.0,2.0,0.0,2.0,256.0,541.0,22.0,20.0,48.0,75.0,26.0,25.0,4.0,4.0,53.0,47.0,11.0,8.0,43.0,34.0,19.0,21.0,15.0,11.0,11.0,10.0,17.0,16.0,24.0,13.0,10.0,1.0,0.0,1.0,,,,,,,,,,,,,,
8896879,2020-2021,5,1603018800,finished,Sheffield United,Fulham,15,43,1.0,1.0,Bramall Lane,Andre Marriner,,42.0,58.0,3.0,2.0,10.0,15.0,5.0,5.0,2.0,5.0,5.0,9.0,399.0,563.0,15.0,14.0,9.0,4.0,0.0,2.0,6.0,6.0,0.0,1.0,3.0,5.0,1.0,4.0,6.0,9.0,4.0,6.0,2.0,2.0,,,3.0,2.0,4.0,0.0,320.0,475.0,16.0,20.0,52.0,40.0,20.0,19.0,3.0,7.0,50.0,50.0,6.0,7.0,27.0,33.0,25.0,20.0,4.0,15.0,9.0,8.0,18.0,12.0,17.0,22.0,5.0,4.0,1.0,0.0,,,,,,,,,,,,,,
8896907,2020-2021,5,1603026000,finished,Crystal Palace,Brighton & Hove Albion,7,30,1.0,1.0,Selhurst Park,Stuart Attwell,,34.0,66.0,1.0,0.0,1.0,20.0,2.0,0.0,2.0,5.0,13.0,13.0,280.0,544.0,19.0,15.0,13.0,12.0,3.0,2.0,1.0,3.0,0.0,0.0,0.0,9.0,0.0,8.0,1.0,12.0,0.0,8.0,,,,,2.0,3.0,1.0,2.0,193.0,449.0,13.0,34.0,21.0,78.0,14.0,29.0,2.0,7.0,51.0,49.0,11.0,15.0,38.0,37.0,20.0,18.0,6.0,10.0,9.0,9.0,3.0,7.0,31.0,8.0,17.0,3.0,1.0,0.0,0.0,1.0,,,,,,,,,,,,
8896878,2020-2021,5,1603035000,finished,Tottenham Hotspur,West Ham United,33,37,3.0,3.0,Tottenham Hotspur Stadium,Paul Tierney,,51.0,49.0,3.0,1.0,11.0,13.0,2.0,3.0,3.0,7.0,13.0,12.0,511.0,459.0,25.0,14.0,12.0,13.0,0.0,5.0,6.0,4.0,1.0,0.0,4.0,4.0,1.0,5.0,5.0,10.0,6.0,3.0,2.0,1.0,,,2.0,5.0,1.0,3.0,418.0,374.0,10.0,23.0,46.0,61.0,26.0,27.0,3.0,6.0,52.0,48.0,6.0,18.0,46.0,38.0,15.0,19.0,10.0,11.0,15.0,6.0,7.0,5.0,30.0,8.0,8.0,4.0,1.0,0.0,,,,,,,,,,,,,,
8896913,2020-2021,5,1603044900,finished,Leicester City,Aston Villa,31,40,0.0,1.0,King Power Stadium,Jonathan Moss,0.0,51.0,49.0,0.0,1.0,11.0,10.0,3.0,5.0,2.0,7.0,18.0,18.0,417.0,397.0,21.0,14.0,18.0,17.0,4.0,3.0,5.0,4.0,0.0,0.0,2.0,5.0,4.0,1.0,6.0,5.0,5.0,5.0,0.0,1.0,,,3.0,4.0,2.0,3.0,313.0,303.0,16.0,16.0,56.0,52.0,20.0,21.0,2.0,8.0,52.0,48.0,5.0,12.0,46.0,44.0,21.0,19.0,9.0,14.0,11.0,8.0,18.0,24.0,24.0,11.0,4.0,6.0,,,,,,,,,,,,,,,,
8896881,2020-2021,5,1603125000,finished,West Bromwich Albion,Burnley,8,6,0.0,0.0,The Hawthorns,Anthony Taylor,0.0,57.0,43.0,0.0,2.0,13.0,9.0,4.0,6.0,8.0,2.0,15.0,17.0,477.0,352.0,14.0,13.0,16.0,15.0,2.0,2.0,6.0,4.0,0.0,2.0,5.0,4.0,2.0,1.0,8.0,6.0,5.0,3.0,0.0,2.0,1.0,0.0,3.0,5.0,2.0,0.0,359.0,240.0,25.0,23.0,68.0,73.0,31.0,28.0,6.0,5.0,49.0,51.0,8.0,11.0,31.0,37.0,29.0,25.0,2.0,9.0,8.0,11.0,6.0,6.0,24.0,15.0,6.0,9.0,,,,,,,,,,,,,,,,
8896918,2020-2021,5,1603134000,finished,Leeds United,Wolverhampton,34,3,0.0,1.0,Elland Road,David Coote,0.0,68.0,32.0,1.0,0.0,13.0,7.0,2.0,2.0,8.0,3.0,13.0,12.0,553.0,269.0,14.0,14.0,11.0,13.0,2.0,1.0,2.0,3.0,0.0,0.0,7.0,1.0,4.0,3.0,13.0,4.0,0.0,3.0,1.0,0.0,,,2.0,2.0,1.0,2.0,461.0,180.0,19.0,26.0,67.0,51.0,40.0,28.0,8.0,2.0,40.0,60.0,6.0,8.0,31.0,41.0,10.0,20.0,7.0,14.0,8.0,8.0,12.0,21.0,5.0,26.0,7.0,12.0,,,,,,,,,,,,,,,,
8896882,2020-2021,6,1603479600,finished,Aston Villa,Leeds United,40,34,0.0,3.0,Villa Park,Paul Tierney,0.0,41.0,59.0,3.0,3.0,12.0,27.0,6.0,3.0,6.0,5.0,14.0,17.0,305.0,445.0,14.0,14.0,17.0,14.0,2.0,2.0,4.0,9.0,0.0,0.0,5.0,13.0,3.0,5.0,7.0,20.0,5.0,7.0,3.0,2.0,,,3.0,5.0,,,217.0,367.0,17.0,28.0,53.0,62.0,26.0,39.0,2.0,5.0,57.0,43.0,11.0,8.0,43.0,33.0,17.0,13.0,12.0,6.0,3.0,4.0,13.0,12.0,22.0,12.0,12.0,6.0,0.0,1.0,,,,,,,,,,,,,,
8896890,2020-2021,6,1603539000,finished,West Ham United,Manchester City,37,17,1.0,1.0,London Stadium,Anthony Taylor,,31.0,69.0,0.0,1.0,6.0,14.0,6.0,1.0,2.0,10.0,14.0,6.0,325.0,747.0,15.0,10.0,6.0,13.0,2.0,0.0,2.0,7.0,0.0,1.0,3.0,6.0,1.0,1.0,2.0,6.0,4.0,8.0,0.0,1.0,,,1.0,3.0,1.0,0.0,224.0,670.0,9.0,20.0,43.0,77.0,38.0,20.0,2.0,1.0,47.0,53.0,4.0,7.0,27.0,32.0,15.0,15.0,6.0,11.0,10.0,5.0,10.0,9.0,28.0,14.0,15.0,2.0,,,,,,,,,,,,,,,,
8896887,2020-2021,6,1603548000,finished,Fulham,Crystal Palace,43,7,1.0,2.0,Craven Cottage,Graham Scott,0.0,64.0,36.0,1.0,4.0,16.0,14.0,8.0,2.0,4.0,4.0,11.0,11.0,643.0,366.0,19.0,22.0,11.0,11.0,0.0,1.0,3.0,10.0,2.0,0.0,9.0,3.0,4.0,1.0,10.0,11.0,6.0,3.0,1.0,2.0,0.0,1.0,6.0,1.0,1.0,2.0,574.0,296.0,20.0,22.0,59.0,42.0,24.0,18.0,9.0,1.0,50.0,50.0,14.0,15.0,43.0,46.0,9.0,5.0,13.0,13.0,7.0,13.0,10.0,10.0,13.0,19.0,5.0,14.0,0.0,2.0,1.0,0.0,,,,,,,,,,,,
8897003,2020-2021,6,1603557000,finished,Manchester United,Chelsea,35,38,0.0,0.0,Old Trafford,Martin Atkinson,0.0,50.0,50.0,,,14.0,6.0,1.0,4.0,9.0,6.0,8.0,6.0,582.0,582.0,13.0,17.0,6.0,8.0,3.0,1.0,4.0,1.0,0.0,0.0,5.0,2.0,5.0,3.0,7.0,4.0,7.0,2.0,,,,,0.0,2.0,2.0,0.0,484.0,484.0,26.0,17.0,54.0,44.0,28.0,31.0,5.0,2.0,50.0,50.0,9.0,3.0,27.0,30.0,11.0,8.0,8.0,6.0,7.0,12.0,12.0,13.0,20.0,24.0,6.0,4.0,,,,,,,,,,,,,,,,
8896880,2020-2021,6,1603566000,finished,Liverpool,Sheffield United,44,15,2.0,1.0,Anfield,Mike Dean,0.0,62.0,38.0,5.0,2.0,17.0,13.0,1.0,3.0,7.0,3.0,7.0,15.0,683.0,406.0,7.0,22.0,15.0,6.0,0.0,3.0,5.0,2.0,1.0,0.0,7.0,7.0,5.0,4.0,10.0,9.0,7.0,4.0,3.0,1.0,,,3.0,2.0,2.0,0.0,589.0,309.0,16.0,17.0,62.0,55.0,46.0,23.0,6.0,4.0,44.0,56.0,15.0,6.0,34.0,37.0,22.0,34.0,12.0,9.0,5.0,10.0,6.0,4.0,30.0,25.0,8.0,7.0,2.0,1.0,,,,,,,,,,,,,,
8896891,2020-2021,6,1603634400,finished,Southampton,Everton,45,48,2.0,0.0,St. Mary's Stadium,Kevin Friend,,54.0,46.0,,,13.0,6.0,2.0,4.0,4.0,5.0,11.0,11.0,610.0,509.0,18.0,15.0,11.0,10.0,1.0,2.0,6.0,2.0,0.0,1.0,6.0,1.0,1.0,3.0,10.0,3.0,3.0,3.0,,,,,1.0,2.0,1.0,1.0,539.0,435.0,18.0,17.0,32.0,51.0,14.0,19.0,3.0,2.0,52.0,48.0,7.0,10.0,47.0,38.0,5.0,10.0,18.0,13.0,9.0,9.0,8.0,11.0,20.0,14.0,2.0,6.0,,,0.0,1.0,,,,,,,,,,,,
8896892,2020-2021,6,1603643400,finished,Wolverhampton,Newcastle United,3,39,1.0,1.0,Molineux Stadium,Lee Mason,,63.0,37.0,,,16.0,5.0,1.0,3.0,2.0,3.0,10.0,10.0,702.0,400.0,11.0,23.0,9.0,10.0,0.0,1.0,3.0,2.0,0.0,0.0,8.0,0.0,5.0,3.0,4.0,2.0,12.0,3.0,,,,,3.0,2.0,,,640.0,329.0,18.0,17.0,91.0,35.0,27.0,24.0,0.0,2.0,43.0,57.0,10.0,7.0,36.0,45.0,8.0,13.0,16.0,12.0,6.0,10.0,8.0,7.0,9.0,18.0,2.0,12.0,,,,,,,,,,,,,,,,
8896875,2020-2021,6,1603653300,finished,Arsenal,Leicester City,42,31,0.0,1.0,Emirates Stadium,Craig Pawson,,56.0,44.0,0.0,2.0,12.0,6.0,1.0,4.0,9.0,3.0,13.0,9.0,575.0,453.0,15.0,11.0,9.0,13.0,3.0,5.0,4.0,2.0,0.0,0.0,4.0,3.0,4.0,1.0,9.0,2.0,3.0,4.0,0.0,1.0,0.0,1.0,2.0,2.0,1.0,0.0,495.0,369.0,19.0,15.0,70.0,39.0,26.0,26.0,6.0,1.0,44.0,56.0,5.0,9.0,25.0,31.0,11.0,15.0,2.0,7.0,11.0,6.0,12.0,10.0,5.0,20.0,2.0,7.0,0.0,1.0,,,,,,,,,,,,,,
8896886,2020-2021,6,1603733400,finished,Brighton & Hove Albion,West Bromwich Albion,30,8,1.0,1.0,American Express Stadium,Jonathan Moss,0.0,50.0,50.0,1.0,0.0,5.0,9.0,2.0,3.0,6.0,2.0,14.0,7.0,473.0,476.0,20.0,22.0,7.0,14.0,2.0,0.0,3.0,3.0,0.0,1.0,1.0,5.0,1.0,1.0,3.0,3.0,2.0,6.0,1.0,0.0,0.0,1.0,1.0,1.0,2.0,1.0,383.0,398.0,21.0,25.0,49.0,66.0,25.0,30.0,3.0,3.0,49.0,51.0,11.0,10.0,33.0,40.0,22.0,17.0,7.0,5.0,10.0,14.0,13.0,12.0,21.0,18.0,8.0,5.0,,,,,,,,,,,,,,,,
8896877,2020-2021,6,1603742400,finished,Burnley,Tottenham Hotspur,6,33,0.0,1.0,Turf Moor,Michael Oliver,0.0,38.0,62.0,1.0,1.0,13.0,9.0,2.0,3.0,4.0,5.0,9.0,7.0,364.0,595.0,15.0,11.0,7.0,8.0,2.0,0.0,4.0,3.0,0.0,0.0,5.0,2.0,4.0,4.0,3.0,8.0,10.0,1.0,1.0,0.0,0.0,1.0,1.0,2.0,4.0,2.0,270.0,501.0,16.0,23.0,75.0,64.0,35.0,27.0,5.0,3.0,51.0,49.0,7.0,7.0,29.0,25.0,26.0,27.0,7.0,7.0,10.0,5.0,14.0,12.0,16.0,13.0,7.0,7.0,0.0,1.0,,,,,,,,,,,,,,
8896874,2020-2021,7,1604088000,finished,Wolverhampton,Crystal Palace,3,7,2.0,0.0,Molineux Stadium,Martin Atkinson,0.0,45.0,55.0,3.0,1.0,15.0,11.0,2.0,3.0,7.0,6.0,13.0,4.0,446.0,552.0,19.0,10.0,4.0,12.0,0.0,2.0,5.0,2.0,2.0,0.0,8.0,3.0,2.0,6.0,9.0,6.0,6.0,5.0,2.0,1.0,,,1.0,3.0,0.0,2.0,377.0,500.0,20.0,12.0,56.0,41.0,47.0,18.0,6.0,3.0,51.0,49.0,7.0,7.0,32.0,35.0,12.0,7.0,9.0,13.0,17.0,3.0,15.0,8.0,15.0,15.0,4.0,10.0,1.0,0.0,0.0,1.0,,,,,,,,,,,,
8896861,2020-2021,7,1604147400,finished,Sheffield United,Manchester City,15,17,0.0,1.0,Bramall Lane,Michael Oliver,0.0,35.0,65.0,1.0,2.0,3.0,16.0,7.0,1.0,2.0,5.0,14.0,6.0,375.0,715.0,19.0,12.0,6.0,13.0,,,1.0,8.0,0.0,0.0,1.0,4.0,1.0,4.0,2.0,10.0,1.0,6.0,1.0,2.0,,,0.0,2.0,0.0,2.0,292.0,624.0,15.0,29.0,49.0,47.0,17.0,39.0,2.0,5.0,42.0,58.0,6.0,7.0,29.0,42.0,13.0,17.0,4.0,17.0,11.0,5.0,9.0,5.0,24.0,13.0,7.0,5.0,,,,,,,,,,,,,,,,
8896805,2020-2021,1,1599922800,canceled,Manchester City,Aston Villa,17,40,,,Etihad Stadium,,,,,,,,,,,,,,,,,,,,,,,,,,,,,,,,,,,,,,,,,,,,,,,,,,,,,,,,,,,,,,,,,,,,,,,,,,,,,,,,,,,,,,
8896804,2020-2021,1,1599922800,canceled,Burnley,Manchester United,6,35,,,Turf Moor,,,,,,,,,,,,,,,,,,,,,,,,,,,,,,,,,,,,,,,,,,,,,,,,,,,,,,,,,,,,,,,,,,,,,,,,,,,,,,,,,,,,,,
8896944,2020-2021,1,1599928200,finished,Liverpool,Leeds United,44,34,4.0,3.0,Anfield,Michael Oliver,,49.0,51.0,3.0,0.0,22.0,6.0,0.0,3.0,9.0,0.0,9.0,6.0,432.0,459.0,13.0,34.0,5.0,9.0,1.0,0.0,6.0,3.0,0.0,0.0,3.0,1.0,13.0,2.0,17.0,4.0,5.0,2.0,,,0.0,1.0,2.0,1.0,2.0,5.0,328.0,347.0,34.0,25.0,72.0,44.0,14.0,29.0,4.0,3.0,44.0,56.0,21.0,9.0,37.0,52.0,14.0,12.0,19.0,9.0,10.0,20.0,14.0,12.0,11.0,34.0,3.0,12.0,3.0,0.0,,,,,,,,,,,,,,
8896949,2020-2021,1,1599937200,finished,West Ham United,Newcastle United,37,39,0.0,2.0,London Stadium,Stuart Attwell,0.0,58.0,42.0,0.0,1.0,15.0,15.0,0.0,3.0,8.0,7.0,13.0,7.0,474.0,342.0,14.0,13.0,7.0,11.0,2.0,2.0,3.0,2.0,2.0,0.0,5.0,7.0,7.0,6.0,10.0,10.0,5.0,5.0,,,,,0.0,1.0,2.0,4.0,393.0,266.0,17.0,10.0,56.0,58.0,21.0,34.0,4.0,7.0,42.0,58.0,8.0,8.0,24.0,32.0,17.0,25.0,5.0,9.0,2.0,10.0,7.0,5.0,18.0,28.0,7.0,3.0,0.0,1.0,,,,,,,,,,,,,,
8896963,2020-2021,1,1600002000,finished,West Bromwich Albion,Leicester City,8,31,0.0,3.0,The Hawthorns,Anthony Taylor,0.0,36.0,64.0,0.0,4.0,7.0,13.0,4.0,1.0,2.0,5.0,12.0,9.0,336.0,604.0,7.0,17.0,9.0,11.0,1.0,1.0,1.0,7.0,0.0,0.0,3.0,3.0,3.0,3.0,3.0,11.0,4.0,2.0,0.0,1.0,0.0,1.0,1.0,3.0,4.0,3.0,255.0,511.0,22.0,31.0,52.0,43.0,37.0,23.0,0.0,1.0,43.0,57.0,8.0,4.0,19.0,37.0,16.0,9.0,3.0,9.0,5.0,10.0,10.0,14.0,13.0,14.0,6.0,6.0,0.0,3.0,,,,,,,,,,,,,,
8896992,2020-2021,1,1600011000,finished,Tottenham Hotspur,Everton,33,48,0.0,1.0,Tottenham Hotspur Stadium,Martin Atkinson,0.0,52.0,48.0,2.0,2.0,9.0,15.0,3.0,5.0,5.0,3.0,15.0,7.0,552.0,529.0,9.0,19.0,6.0,14.0,1.0,0.0,5.0,4.0,0.0,0.0,1.0,7.0,3.0,4.0,8.0,10.0,1.0,5.0,2.0,2.0,,,2.0,0.0,0.0,1.0,470.0,450.0,34.0,17.0,65.0,32.0,19.0,41.0,6.0,2.0,37.0,63.0,16.0,7.0,20.0,50.0,18.0,15.0,5.0,18.0,4.0,9.0,4.0,19.0,17.0,36.0,8.0,4.0,,,,,,,,,,,,,,,,
8896986,2020-2021,1,1600102800,finished,Sheffield United,Wolverhampton,15,3,0.0,2.0,Bramall Lane,Mike Dean,0.0,55.0,45.0,1.0,3.0,9.0,11.0,2.0,1.0,12.0,5.0,13.0,7.0,460.0,391.0,16.0,14.0,7.0,13.0,2.0,1.0,2.0,4.0,1.0,2.0,5.0,5.0,2.0,2.0,8.0,7.0,1.0,4.0,1.0,2.0,,,2.0,1.0,4.0,0.0,373.0,307.0,23.0,19.0,87.0,37.0,29.0,46.0,7.0,6.0,46.0,54.0,7.0,8.0,28.0,41.0,31.0,28.0,6.0,14.0,9.0,8.0,9.0,13.0,10.0,35.0,6.0,6.0,0.0,1.0,,,,,,,,,,,,,,
8896998,2020-2021,1,1600110900,finished,Brighton & Hove Albion,Chelsea,30,38,1.0,3.0,American Express Stadium,Craig Pawson,0.0,52.0,48.0,2.0,1.0,13.0,10.0,2.0,2.0,4.0,3.0,8.0,13.0,507.0,465.0,17.0,16.0,11.0,8.0,1.0,0.0,3.0,5.0,0.0,0.0,6.0,2.0,4.0,3.0,7.0,7.0,6.0,3.0,2.0,0.0,1.0,1.0,0.0,1.0,0.0,3.0,414.0,387.0,24.0,21.0,54.0,57.0,39.0,33.0,3.0,3.0,52.0,48.0,8.0,10.0,36.0,29.0,10.0,13.0,8.0,5.0,11.0,9.0,15.0,25.0,8.0,15.0,0.0,9.0,0.0,1.0,,,,,,,,,,,,,,
8896970,2020-2021,2,1600515000,finished,Everton,West Bromwich Albion,48,8,5.0,2.0,Goodison Park,Mike Dean,,71.0,29.0,4.0,0.0,17.0,6.0,2.0,2.0,11.0,1.0,9.0,11.0,799.0,322.0,21.0,18.0,10.0,8.0,1.0,0.0,7.0,4.0,1.0,1.0,5.0,1.0,5.0,1.0,13.0,2.0,4.0,4.0,1.0,0.0,1.0,0.0,5.0,2.0,1.0,1.0,722.0,253.0,17.0,8.0,56.0,41.0,31.0,18.0,9.0,2.0,53.0,47.0,10.0,14.0,38.0,31.0,12.0,14.0,7.0,5.0,13.0,6.0,6.0,12.0,4.0,20.0,5.0,8.0,3.0,0.0,0.0,1.0,,,,,,,,,,,,
8896915,2020-2021,2,1600524000,finished,Leeds United,Fulham,34,43,4.0,3.0,Elland Road,Anthony Taylor,,50.0,50.0,1.0,3.0,10.0,14.0,3.0,3.0,5.0,3.0,13.0,18.0,444.0,438.0,22.0,18.0,17.0,12.0,1.0,2.0,7.0,6.0,0.0,1.0,2.0,5.0,1.0,3.0,8.0,7.0,2.0,7.0,,,,,7.0,2.0,3.0,0.0,337.0,354.0,31.0,16.0,52.0,50.0,37.0,20.0,3.0,4.0,50.0,50.0,13.0,13.0,51.0,50.0,18.0,20.0,12.0,20.0,17.0,11.0,10.0,16.0,11.0,16.0,9.0,3.0,1.0,3.0,,,,,,,,,,,,,,
8896928,2020-2021,2,1600533000,finished,Manchester United,Crystal Palace,35,7,1.0,3.0,Old Trafford,Martin Atkinson,,76.0,24.0,2.0,2.0,17.0,14.0,2.0,3.0,9.0,3.0,13.0,10.0,705.0,225.0,14.0,24.0,10.0,12.0,2.0,1.0,4.0,5.0,0.0,0.0,4.0,6.0,9.0,3.0,7.0,9.0,10.0,5.0,1.0,0.0,,,2.0,4.0,1.0,2.0,606.0,138.0,24.0,14.0,84.0,34.0,33.0,15.0,5.0,1.0,44.0,56.0,16.0,8.0,37.0,45.0,11.0,16.0,13.0,9.0,9.0,12.0,9.0,21.0,14.0,33.0,4.0,7.0,1.0,2.0,,,,,,,,,,,,,,
8896947,2020-2021,2,1600542000,finished,Arsenal,West Ham United,42,37,2.0,1.0,Emirates Stadium,Michael Oliver,0.0,63.0,37.0,2.0,3.0,7.0,14.0,2.0,1.0,7.0,5.0,11.0,13.0,669.0,383.0,8.0,10.0,12.0,11.0,0.0,1.0,3.0,3.0,0.0,1.0,1.0,6.0,3.0,5.0,5.0,7.0,2.0,7.0,0.0,2.0,1.0,0.0,0.0,3.0,5.0,2.0,577.0,314.0,13.0,19.0,53.0,38.0,30.0,22.0,3.0,7.0,52.0,48.0,6.0,2.0,27.0,24.0,17.0,16.0,8.0,5.0,5.0,5.0,11.0,10.0,17.0,27.0,5.0,5.0,2.0,1.0,,,,,,,,,,,,,,
8896924,2020-2021,2,1600599600,finished,Southampton,Tottenham Hotspur,45,33,2.0,5.0,St. Mary's Stadium,David Coote,,53.0,47.0,3.0,4.0,14.0,9.0,1.0,5.0,3.0,2.0,17.0,18.0,460.0,419.0,8.0,8.0,17.0,14.0,4.0,3.0,7.0,6.0,1.0,1.0,5.0,1.0,2.0,2.0,9.0,7.0,5.0,2.0,2.0,0.0,,,4.0,1.0,2.0,6.0,354.0,303.0,13.0,29.0,72.0,45.0,19.0,25.0,0.0,0.0,46.0,54.0,5.0,2.0,36.0,30.0,16.0,31.0,11.0,8.0,6.0,3.0,8.0,5.0,7.0,21.0,1.0,9.0,1.0,4.0,,,,,,,,,,,,,,
8896922,2020-2021,2,1600606800,finished,Newcastle United,Brighton & Hove Albion,39,30,0.0,3.0,St James' Park,Kevin Friend,,47.0,53.0,1.0,2.0,6.0,13.0,4.0,0.0,7.0,1.0,16.0,15.0,386.0,444.0,10.0,8.0,15.0,15.0,3.0,0.0,0.0,6.0,0.0,1.0,4.0,6.0,2.0,1.0,3.0,6.0,3.0,7.0,1.0,0.0,,,3.0,4.0,1.0,2.0,296.0,358.0,18.0,17.0,47.0,55.0,26.0,39.0,2.0,1.0,54.0,46.0,6.0,5.0,26.0,25.0,21.0,15.0,2.0,2.0,5.0,3.0,9.0,11.0,14.0,20.0,8.0,6.0,0.0,2.0,0.0,1.0,,,,,,,,,,,,
8897016,2020-2021,2,1600615800,finished,Chelsea,Liverpool,38,44,0.0,2.0,Stamford Bridge,Paul Tierney,,39.0,61.0,1.0,3.0,5.0,18.0,3.0,3.0,1.0,11.0,10.0,6.0,488.0,764.0,17.0,14.0,6.0,8.0,,,3.0,6.0,0.0,0.0,2.0,9.0,0.0,3.0,3.0,10.0,2.0,8.0,1.0,1.0,,,2.0,4.0,1.0,1.0,412.0,681.0,10.0,22.0,24.0,74.0,35.0,32.0,2.0,4.0,57.0,43.0,4.0,11.0,39.0,34.0,11.0,3.0,16.0,12.0,9.0,7.0,11.0,8.0,34.0,3.0,10.0,2.0,0.0,2.0,1.0,0.0,,,,,,,,,,,,
8896919,2020-2021,2,1600624800,finished,Leicester City,Burnley,31,6,4.0,2.0,King Power Stadium,Lee Mason,,68.0,32.0,1.0,2.0,14.0,16.0,3.0,3.0,15.0,4.0,11.0,13.0,621.0,292.0,13.0,12.0,12.0,11.0,1.0,2.0,6.0,5.0,0.0,1.0,2.0,8.0,6.0,3.0,11.0,11.0,3.0,5.0,0.0,2.0,,,2.0,1.0,0.0,1.0,526.0,199.0,14.0,20.0,47.0,58.0,25.0,20.0,5.0,7.0,44.0,56.0,4.0,8.0,29.0,29.0,18.0,30.0,4.0,7.0,6.0,6.0,11.0,12.0,13.0,28.0,9.0,4.0,1.0,0.0,,,,,,,,,,,,,,
8896950,2020-2021,2,1600707600,finished,Aston Villa,Sheffield United,40,15,1.0,0.0,Villa Park,Graham Scott,,72.0,28.0,0.0,1.0,18.0,4.0,1.0,1.0,10.0,4.0,12.0,13.0,553.0,221.0,5.0,9.0,13.0,12.0,3.0,1.0,2.0,1.0,0.0,0.0,11.0,2.0,5.0,1.0,11.0,3.0,7.0,1.0,0.0,1.0,0.0,1.0,4.0,3.0,1.0,0.0,486.0,131.0,20.0,17.0,68.0,41.0,26.0,16.0,6.0,1.0,52.0,48.0,6.0,3.0,22.0,27.0,32.0,22.0,4.0,6.0,4.0,6.0,7.0,7.0,14.0,36.0,3.0,18.0,,,0.0,1.0,,,,,,,,,,,,
8896925,2020-2021,2,1600715700,finished,Wolverhampton,Manchester City,3,17,1.0,3.0,Molineux Stadium,Andre Marriner,0.0,35.0,65.0,1.0,3.0,10.0,14.0,6.0,0.0,4.0,6.0,7.0,8.0,356.0,692.0,25.0,22.0,7.0,7.0,0.0,3.0,1.0,9.0,0.0,0.0,5.0,3.0,4.0,2.0,6.0,8.0,4.0,6.0,0.0,1.0,1.0,1.0,2.0,4.0,2.0,3.0,273.0,602.0,13.0,20.0,30.0,63.0,29.0,30.0,4.0,0.0,50.0,50.0,12.0,16.0,44.0,41.0,11.0,13.0,12.0,12.0,12.0,9.0,15.0,4.0,9.0,10.0,8.0,8.0,1.0,2.0,,,,,,,,,,,,,,
8896929,2020-2021,3,1601119800,finished,Brighton & Hove Albion,Manchester United,30,35,2.0,3.0,American Express Stadium,Chris Kavanagh,,53.0,47.0,5.0,2.0,18.0,7.0,1.0,3.0,7.0,1.0,18.0,16.0,488.0,445.0,12.0,15.0,16.0,17.0,4.0,2.0,5.0,3.0,5.0,0.0,9.0,1.0,4.0,3.0,12.0,6.0,6.0,1.0,3.0,0.0,0.0,1.0,5.0,3.0,1.0,4.0,413.0,372.0,18.0,11.0,56.0,34.0,31.0,19.0,6.0,2.0,51.0,49.0,9.0,4.0,48.0,45.0,10.0,11.0,20.0,14.0,7.0,10.0,14.0,11.0,4.0,21.0,3.0,9.0,2.0,2.0,,,,,,,,,,,,,,
8896933,2020-2021,3,1601128800,finished,Crystal Palace,Everton,7,48,1.0,2.0,Selhurst Park,Kevin Friend,,42.0,58.0,1.0,3.0,8.0,10.0,3.0,0.0,7.0,6.0,16.0,15.0,370.0,524.0,26.0,20.0,14.0,14.0,3.0,1.0,1.0,5.0,1.0,0.0,2.0,3.0,5.0,2.0,5.0,7.0,3.0,3.0,0.0,1.0,,,6.0,5.0,1.0,0.0,281.0,433.0,14.0,25.0,51.0,36.0,16.0,39.0,5.0,3.0,52.0,48.0,12.0,16.0,49.0,39.0,15.0,21.0,9.0,7.0,12.0,10.0,16.0,10.0,12.0,25.0,5.0,7.0,1.0,2.0,,,,,,,,,,,,,,
8896983,2020-2021,3,1601137800,finished,West Bromwich Albion,Chelsea,8,38,3.0,3.0,The Hawthorns,Jonathan Moss,,24.0,76.0,1.0,3.0,9.0,22.0,7.0,0.0,3.0,9.0,8.0,16.0,249.0,797.0,9.0,12.0,15.0,7.0,1.0,3.0,3.0,10.0,0.0,1.0,4.0,6.0,2.0,6.0,5.0,10.0,4.0,12.0,0.0,2.0,,,3.0,2.0,1.0,0.0,168.0,711.0,16.0,18.0,39.0,77.0,17.0,22.0,4.0,8.0,52.0,48.0,7.0,2.0,33.0,24.0,12.0,17.0,10.0,5.0,4.0,9.0,13.0,9.0,39.0,11.0,7.0,6.0,1.0,1.0,,,,,,,,,,,,,,
8896923,2020-2021,3,1601146800,finished,Burnley,Southampton,6,45,0.0,1.0,Turf Moor,Andre Marriner,0.0,53.0,47.0,0.0,1.0,10.0,5.0,0.0,2.0,8.0,2.0,8.0,10.0,522.0,480.0,15.0,12.0,10.0,7.0,1.0,0.0,2.0,1.0,0.0,0.0,4.0,2.0,4.0,2.0,5.0,3.0,5.0,2.0,,,,,3.0,0.0,2.0,1.0,374.0,341.0,37.0,32.0,59.0,48.0,32.0,15.0,6.0,2.0,53.0,47.0,11.0,10.0,28.0,22.0,30.0,30.0,3.0,4.0,6.0,8.0,15.0,9.0,11.0,37.0,4.0,4.0,0.0,1.0,,,,,,,,,,,,,,
8896946,2020-2021,3,1601204400,finished,Sheffield United,Leeds United,15,34,0.0,1.0,Bramall Lane,Paul Tierney,,36.0,64.0,2.0,2.0,14.0,17.0,7.0,4.0,5.0,7.0,18.0,4.0,327.0,578.0,23.0,13.0,4.0,15.0,2.0,1.0,4.0,9.0,0.0,0.0,5.0,5.0,5.0,3.0,9.0,9.0,5.0,8.0,2.0,1.0,,,0.0,4.0,2.0,1.0,232.0,470.0,18.0,28.0,43.0,50.0,18.0,35.0,5.0,7.0,51.0,49.0,10.0,16.0,39.0,35.0,23.0,25.0,12.0,7.0,11.0,7.0,7.0,7.0,30.0,10.0,13.0,6.0,0.0,1.0,,,,,,,,,,,,,,
8896939,2020-2021,3,1601211600,finished,Tottenham Hotspur,Newcastle United,33,39,1.0,1.0,Tottenham Hotspur Stadium,Peter Bankes,0.0,66.0,34.0,4.0,1.0,23.0,6.0,0.0,11.0,10.0,4.0,15.0,9.0,640.0,319.0,10.0,16.0,8.0,14.0,1.0,4.0,12.0,1.0,2.0,0.0,7.0,2.0,4.0,3.0,15.0,4.0,8.0,2.0,3.0,0.0,,,3.0,2.0,0.0,1.0,564.0,247.0,20.0,11.0,72.0,29.0,26.0,32.0,8.0,4.0,42.0,58.0,11.0,7.0,26.0,36.0,17.0,24.0,8.0,6.0,6.0,11.0,8.0,10.0,17.0,25.0,3.0,6.0,1.0,1.0,,,,,,,,,,,,,,
8896934,2020-2021,3,1601220600,finished,Manchester City,Leicester City,17,31,2.0,5.0,Etihad Stadium,Michael Oliver,,72.0,28.0,2.0,4.0,16.0,7.0,2.0,3.0,3.0,3.0,13.0,8.0,680.0,267.0,12.0,23.0,8.0,12.0,1.0,3.0,5.0,7.0,1.0,0.0,7.0,0.0,4.0,0.0,6.0,4.0,10.0,3.0,1.0,0.0,,,3.0,3.0,2.0,3.0,614.0,200.0,22.0,7.0,84.0,30.0,33.0,21.0,3.0,1.0,40.0,60.0,14.0,11.0,27.0,41.0,10.0,15.0,7.0,6.0,7.0,9.0,8.0,8.0,7.0,22.0,2.0,14.0,1.0,4.0,,,,,,,,,,,,,,
8896960,2020-2021,3,1601229600,finished,West Ham United,Wolverhampton,37,3,4.0,0.0,London Stadium,Martin Atkinson,0.0,37.0,63.0,3.0,0.0,15.0,11.0,3.0,4.0,1.0,3.0,7.0,11.0,367.0,626.0,24.0,17.0,11.0,7.0,0.0,1.0,7.0,2.0,1.0,0.0,7.0,4.0,1.0,5.0,13.0,4.0,2.0,7.0,2.0,0.0,,,1.0,2.0,3.0,2.0,280.0,543.0,19.0,24.0,54.0,68.0,29.0,25.0,7.0,5.0,52.0,48.0,12.0,13.0,51.0,43.0,19.0,22.0,16.0,20.0,13.0,10.0,12.0,8.0,17.0,6.0,7.0,5.0,1.0,0.0,,,,,,,,,,,,,,
8896937,2020-2021,3,1601311500,finished,Fulham,Aston Villa,43,40,0.0,3.0,Craven Cottage,Stuart Attwell,,65.0,35.0,0.0,4.0,16.0,12.0,2.0,2.0,5.0,3.0,18.0,14.0,538.0,302.0,9.0,23.0,14.0,18.0,6.0,3.0,3.0,5.0,1.0,0.0,9.0,4.0,4.0,3.0,11.0,10.0,5.0,2.0,0.0,1.0,0.0,1.0,3.0,4.0,0.0,3.0,461.0,213.0,21.0,17.0,66.0,49.0,36.0,29.0,11.0,5.0,47.0,53.0,9.0,7.0,45.0,51.0,19.0,20.0,22.0,10.0,4.0,16.0,7.0,11.0,7.0,34.0,7.0,11.0,0.0,3.0,,,,,,,,,,,,,,
8896930,2020-2021,3,1601319600,finished,Liverpool,Arsenal,44,42,3.0,1.0,Anfield,Craig Pawson,0.0,66.0,34.0,4.0,3.0,21.0,4.0,2.0,5.0,7.0,3.0,11.0,7.0,772.0,395.0,10.0,11.0,7.0,11.0,2.0,2.0,8.0,3.0,1.0,0.0,7.0,1.0,6.0,0.0,12.0,3.0,9.0,1.0,2.0,2.0,1.0,3.0,2.0,0.0,0.0,5.0,683.0,299.0,28.0,11.0,67.0,29.0,41.0,23.0,3.0,0.0,45.0,55.0,7.0,7.0,25.0,26.0,6.0,12.0,8.0,5.0,6.0,6.0,6.0,7.0,13.0,37.0,3.0,9.0,2.0,1.0,,,,,,,,,,,,,,
8897005,2020-2021,4,1601724600,finished,Chelsea,Crystal Palace,38,7,4.0,0.0,Stamford Bridge,Michael Oliver,,71.0,29.0,3.0,0.0,17.0,4.0,0.0,2.0,8.0,5.0,17.0,13.0,707.0,280.0,14.0,10.0,11.0,16.0,2.0,0.0,6.0,0.0,0.0,0.0,6.0,2.0,5.0,2.0,12.0,2.0,5.0,2.0,1.0,0.0,,,4.0,3.0,1.0,0.0,636.0,208.0,18.0,26.0,70.0,46.0,31.0,9.0,7.0,5.0,51.0,49.0,4.0,11.0,29.0,35.0,17.0,9.0,5.0,9.0,5.0,7.0,13.0,9.0,14.0,15.0,5.0,8.0,2.0,0.0,,,,,,,,,,,,,,
8896893,2020-2021,4,1601733600,finished,Everton,Brighton & Hove Albion,48,30,4.0,2.0,Goodison Park,Simon Hooper,,43.0,57.0,4.0,1.0,11.0,11.0,1.0,2.0,3.0,10.0,13.0,14.0,474.0,618.0,20.0,20.0,13.0,12.0,0.0,1.0,6.0,3.0,0.0,0.0,2.0,3.0,3.0,5.0,6.0,6.0,5.0,5.0,,,,,2.0,3.0,0.0,2.0,404.0,526.0,13.0,16.0,34.0,55.0,21.0,18.0,4.0,1.0,50.0,50.0,14.0,14.0,42.0,48.0,9.0,4.0,9.0,16.0,15.0,13.0,26.0,9.0,18.0,14.0,8.0,3.0,4.0,1.0,,,,,,,,,,,,,,
8896967,2020-2021,1,1599910200,finished,Fulham,Arsenal,43,42,0.0,3.0,Craven Cottage,Chris Kavanagh,,46.0,54.0,0.0,3.0,5.0,13.0,2.0,2.0,2.0,3.0,12.0,12.0,523.0,626.0,11.0,12.0,11.0,12.0,2.0,2.0,2.0,6.0,0.0,1.0,2.0,4.0,1.0,3.0,1.0,9.0,4.0,4.0,0.0,1.0,0.0,2.0,4.0,4.0,2.0,2.0,461.0,562.0,20.0,21.0,47.0,55.0,32.0,31.0,2.0,4.0,51.0,49.0,6.0,8.0,28.0,28.0,8.0,7.0,6.0,6.0,7.0,5.0,10.0,18.0,7.0,11.0,4.0,4.0,0.0,2.0,,,,,,,,,,,,,,
8896988,2020-2021,1,1599919200,finished,Crystal Palace,Southampton,7,45,1.0,0.0,Selhurst Park,Jonathan Moss,,29.0,71.0,3.0,2.0,5.0,9.0,5.0,2.0,7.0,3.0,14.0,11.0,236.0,580.0,15.0,28.0,10.0,14.0,2.0,1.0,3.0,5.0,0.0,0.0,2.0,3.0,0.0,1.0,5.0,7.0,0.0,2.0,2.0,2.0,,,2.0,4.0,4.0,0.0,121.0,458.0,33.0,32.0,51.0,66.0,19.0,33.0,8.0,3.0,46.0,54.0,23.0,10.0,35.0,47.0,30.0,30.0,10.0,6.0,9.0,18.0,12.0,9.0,22.0,15.0,6.0,7.0,1.0,0.0,,,,,,,,,,,,,,
