match_id,season,round,timestamp,status,home_team,away_team,home_team_id,away_team_id,home_goals,away_goals,venue,referee,attendance,home_ballPossession,away_ballPossession,home_bigChanceCreated,away_bigChanceCreated,home_totalShotsOnGoal,away_totalShotsOnGoal,home_goalkeeperSaves,away_goalkeeperSaves,home_cornerKicks,away_cornerKicks,home_fouls,away_fouls,home_passes,away_passes,home_totalTackle,away_totalTackle,home_freeKicks,away_freeKicks,home_yellowCards,away_yellowCards,home_redCards,away_redCards,home_shotsOnGoal,away_shotsOnGoal,home_hitWoodwork,away_hitWoodwork,home_shotsOffGoal,away_shotsOffGoal,home_blockedScoringAttempt,away_blockedScoringAttempt,home_totalShotsInsideBox,away_totalShotsInsideBox,home_totalShotsOutsideBox,away_totalShotsOutsideBox,home_bigChanceScored,away_bigChanceScored,home_bigChanceMissed,away_bigChanceMissed,home_accurateThroughBall,away_accurateThroughBall,home_fouledFinalThird,away_fouledFinalThird,home_offsides,away_offsides,home_accuratePasses,away_accuratePasses,home_throwIns,away_throwIns,home_finalThirdEntries,away_finalThirdEntries,home_accurateLongBalls,away_accurateLongBalls,home_accurateCross,away_accurateCross,home_duelWonPercent,away_duelWonPercent,home_dispossessed,away_dispossessed,home_groundDuelsPercentage,away_groundDuelsPercentage,home_aerialDuelsPercentage,away_aerialDuelsPercentage,home_dribblesPercentage,away_dribblesPercentage,home_wonTacklePercent,away_wonTacklePercent,home_interceptionWon,away_interceptionWon,home_totalClearance,away_totalClearance,home_goalKicks,away_goalKicks,home_touchesInOppBox,away_touchesInOppBox,home_finalThirdPhaseStatistic,away_finalThirdPhaseStatistic,home_errorsLeadToGoal,away_errorsLeadToGoal,home_highClaims,away_highClaims,home_punches,away_punches
9576454,2021-2022,36,1652014800,finished,Arsenal,Leeds United,42,34,2.0,1.0,Emirates Stadium,Chris Kavanagh,60108.0,63.0,37.0,3.0,2.0,19.0,3.0,1.0,7.0,8.0,2.0,13.0,15.0,621.0,364.0,16.0,24.0,14.0,12.0,2.0,2.0,0.0,1.0,9.0,2.0,0.0,0.0,8.0,0.0,2.0,1.0,15.0,2.0,4.0,1.0,2.0,1.0,1.0,1.0,1.0,0.0,6.0,0.0,1.0,0.0,556.0,285.0,30.0,10.0,89.0,20.0,26.0,23.0,9.0,1.0,53.0,47.0,12.0,7.0,45.0,38.0,7.0,8.0,15.0,2.0,10.0,15.0,5.0,2.0,9.0,24.0,1.0,13.0,,,,,,,,,,
9576340,2021-2022,36,1652023800,finished,Manchester City,Newcastle United,17,39,5.0,0.0,Etihad Stadium,Stuart Attwell,53336.0,71.0,29.0,8.0,3.0,21.0,7.0,3.0,4.0,8.0,2.0,6.0,11.0,712.0,281.0,8.0,19.0,11.0,6.0,1.0,3.0,,,9.0,3.0,0.0,0.0,8.0,3.0,4.0,1.0,14.0,5.0,7.0,2.0,5.0,0.0,3.0,3.0,2.0,1.0,1.0,0.0,1.0,4.0,645.0,216.0,12.0,9.0,66.0,38.0,27.0,27.0,4.0,3.0,53.0,47.0,12.0,3.0,28.0,31.0,21.0,12.0,9.0,6.0,5.0,9.0,5.0,7.0,10.0,21.0,5.0,15.0,,,,,,,,,,
10236821,2021-2022,33,1652209200,finished,Aston Villa,Liverpool,40,44,1.0,2.0,Villa Park,Jonathan Moss,41919.0,39.0,61.0,3.0,2.0,9.0,17.0,3.0,3.0,2.0,3.0,10.0,12.0,343.0,530.0,12.0,15.0,12.0,9.0,,,,,4.0,6.0,0.0,0.0,5.0,8.0,0.0,3.0,7.0,11.0,2.0,6.0,1.0,1.0,2.0,1.0,2.0,1.0,1.0,3.0,3.0,2.0,259.0,441.0,24.0,20.0,44.0,52.0,27.0,42.0,4.0,5.0,48.0,52.0,9.0,2.0,36.0,41.0,12.0,10.0,12.0,17.0,7.0,10.0,12.0,8.0,15.0,13.0,9.0,6.0,,,,,,,,,,
10236820,2021-2022,33,1652293800,finished,Leeds United,Chelsea,34,38,0.0,3.0,Elland Road,Anthony Taylor,,32.0,68.0,1.0,0.0,5.0,17.0,,,1.0,4.0,10.0,14.0,379.0,817.0,16.0,17.0,13.0,9.0,1.0,0.0,1.0,0.0,0.0,4.0,0.0,0.0,4.0,10.0,1.0,3.0,2.0,12.0,3.0,5.0,,,1.0,0.0,,,2.0,1.0,0.0,3.0,298.0,742.0,17.0,11.0,33.0,71.0,19.0,29.0,3.0,3.0,45.0,55.0,11.0,9.0,33.0,41.0,10.0,12.0,4.0,15.0,10.0,9.0,10.0,8.0,18.0,11.0,10.0,3.0,,,,,,,,,,
10236818,2021-2022,30,1652294700,finished,Watford,Everton,24,48,0.0,0.0,Vicarage Road,Mike Dean,,48.0,52.0,,,6.0,16.0,5.0,0.0,1.0,13.0,5.0,12.0,470.0,488.0,15.0,25.0,12.0,5.0,1.0,2.0,,,0.0,5.0,0.0,0.0,5.0,4.0,1.0,7.0,3.0,11.0,3.0,5.0,,,,,,,6.0,2.0,1.0,1.0,385.0,386.0,12.0,17.0,51.0,61.0,25.0,31.0,3.0,11.0,50.0,50.0,14.0,8.0,44.0,39.0,21.0,26.0,17.0,10.0,10.0,17.0,12.0,11.0,19.0,12.0,4.0,9.0,,,,,,,,,,
10236824,2021-2022,21,1652294700,finished,Leicester City,Norwich City,31,263,3.0,0.0,King Power Stadium,Simon Hooper,38092.0,65.0,35.0,4.0,2.0,20.0,9.0,5.0,5.0,10.0,2.0,10.0,5.0,640.0,354.0,24.0,19.0,5.0,10.0,,,,,8.0,5.0,0.0,1.0,5.0,4.0,7.0,0.0,11.0,6.0,9.0,3.0,1.0,0.0,3.0,2.0,1.0,0.0,2.0,0.0,1.0,0.0,573.0,285.0,25.0,18.0,59.0,30.0,41.0,22.0,5.0,3.0,56.0,44.0,7.0,10.0,38.0,37.0,15.0,5.0,9.0,8.0,17.0,12.0,4.0,5.0,11.0,32.0,2.0,9.0,,,,,,,,,,
10277713,2021-2022,33,1652296500,finished,Wolverhampton,Manchester City,3,17,1.0,5.0,Molineux Stadium,Martin Atkinson,,34.0,66.0,0.0,6.0,7.0,15.0,0.0,2.0,6.0,2.0,2.0,11.0,383.0,787.0,16.0,22.0,9.0,2.0,0.0,1.0,,,3.0,5.0,0.0,2.0,3.0,9.0,1.0,1.0,5.0,12.0,2.0,3.0,0.0,4.0,0.0,2.0,0.0,2.0,1.0,0.0,2.0,3.0,319.0,721.0,8.0,12.0,27.0,56.0,25.0,47.0,5.0,1.0,49.0,51.0,12.0,12.0,35.0,29.0,4.0,11.0,10.0,5.0,9.0,10.0,8.0,8.0,12.0,10.0,9.0,2.0,,,,,,,,,,
10236815,2021-2022,22,1652381100,finished,Tottenham Hotspur,Arsenal,33,42,3.0,0.0,Tottenham Hotspur Stadium,Paul Tierney,,58.0,42.0,5.0,0.0,16.0,9.0,5.0,3.0,2.0,2.0,8.0,15.0,561.0,412.0,16.0,6.0,15.0,8.0,1.0,5.0,0.0,1.0,6.0,5.0,1.0,0.0,5.0,2.0,5.0,2.0,14.0,3.0,2.0,6.0,2.0,0.0,3.0,0.0,,,4.0,2.0,1.0,0.0,502.0,351.0,7.0,16.0,56.0,40.0,12.0,11.0,3.0,1.0,59.0,41.0,5.0,4.0,36.0,22.0,9.0,9.0,5.0,8.0,6.0,2.0,13.0,9.0,11.0,11.0,5.0,7.0,,,,,,,,,,
9576298,2021-2022,37,1652612400,finished,Tottenham Hotspur,Burnley,33,6,1.0,0.0,Tottenham Hotspur Stadium,Kevin Friend,,68.0,32.0,3.0,1.0,21.0,8.0,1.0,6.0,8.0,2.0,12.0,8.0,647.0,299.0,9.0,17.0,7.0,12.0,3.0,2.0,,,8.0,1.0,0.0,1.0,7.0,6.0,6.0,1.0,12.0,7.0,9.0,1.0,1.0,0.0,2.0,1.0,0.0,1.0,2.0,2.0,1.0,2.0,568.0,221.0,20.0,15.0,62.0,58.0,33.0,30.0,10.0,4.0,48.0,52.0,12.0,5.0,25.0,32.0,24.0,21.0,9.0,3.0,6.0,7.0,4.0,8.0,16.0,25.0,6.0,9.0,,,,,,,,,,
9576462,2021-2022,37,1652619600,finished,Wolverhampton,Norwich City,3,263,1.0,1.0,Molineux Stadium,Tony Harrington,31219.0,64.0,36.0,1.0,3.0,17.0,11.0,1.0,3.0,5.0,3.0,5.0,10.0,613.0,350.0,8.0,24.0,10.0,5.0,0.0,3.0,,,4.0,2.0,0.0,0.0,7.0,8.0,6.0,1.0,8.0,9.0,9.0,2.0,,,1.0,3.0,0.0,1.0,4.0,2.0,,,546.0,268.0,19.0,18.0,70.0,38.0,19.0,17.0,12.0,3.0,50.0,50.0,14.0,4.0,37.0,40.0,14.0,10.0,19.0,11.0,6.0,14.0,8.0,9.0,10.0,23.0,10.0,15.0,,,,,,,,,,
9576453,2021-2022,37,1652619600,finished,Leeds United,Brighton & Hove Albion,34,30,1.0,1.0,Elland Road,Mike Dean,36638.0,50.0,50.0,3.0,4.0,19.0,15.0,5.0,3.0,8.0,1.0,16.0,8.0,394.0,403.0,13.0,13.0,7.0,16.0,3.0,2.0,,,5.0,6.0,0.0,0.0,10.0,7.0,4.0,2.0,14.0,12.0,5.0,3.0,1.0,1.0,2.0,3.0,0.0,3.0,2.0,3.0,1.0,1.0,276.0,298.0,24.0,21.0,54.0,76.0,21.0,28.0,8.0,5.0,39.0,61.0,11.0,10.0,26.0,40.0,13.0,22.0,6.0,11.0,7.0,5.0,11.0,9.0,7.0,24.0,10.0,10.0,,,,,,,,,,
9576362,2021-2022,37,1652619600,finished,Aston Villa,Crystal Palace,40,7,1.0,1.0,Villa Park,Chris Kavanagh,41136.0,48.0,52.0,0.0,1.0,13.0,16.0,3.0,3.0,1.0,5.0,11.0,15.0,464.0,486.0,20.0,12.0,15.0,9.0,1.0,3.0,,,4.0,4.0,0.0,0.0,5.0,6.0,4.0,6.0,8.0,10.0,5.0,6.0,0.0,1.0,,,2.0,0.0,1.0,2.0,1.0,0.0,382.0,409.0,22.0,22.0,53.0,52.0,18.0,27.0,4.0,8.0,49.0,51.0,9.0,10.0,38.0,31.0,10.0,18.0,4.0,10.0,12.0,4.0,12.0,13.0,18.0,13.0,7.0,6.0,,,,,,,,,,
9576433,2021-2022,37,1652619600,finished,Watford,Leicester City,24,31,1.0,5.0,Vicarage Road,Jarred Gillett,20257.0,41.0,59.0,4.0,5.0,13.0,13.0,2.0,4.0,7.0,3.0,4.0,6.0,351.0,526.0,19.0,26.0,6.0,4.0,0.0,1.0,,,5.0,7.0,1.0,0.0,8.0,6.0,0.0,0.0,11.0,10.0,2.0,3.0,0.0,4.0,4.0,1.0,1.0,3.0,4.0,0.0,3.0,2.0,273.0,449.0,19.0,23.0,52.0,58.0,28.0,28.0,9.0,4.0,48.0,52.0,18.0,11.0,37.0,35.0,13.0,19.0,12.0,5.0,10.0,14.0,16.0,7.0,10.0,19.0,11.0,7.0,,,,,,,,,,
9576310,2021-2022,37,1652619600,finished,West Ham United,Manchester City,37,17,2.0,2.0,London Stadium,Anthony Taylor,59972.0,22.0,78.0,2.0,1.0,6.0,31.0,7.0,0.0,4.0,9.0,9.0,5.0,189.0,697.0,11.0,10.0,5.0,9.0,3.0,1.0,,,2.0,8.0,0.0,0.0,3.0,10.0,1.0,13.0,5.0,18.0,1.0,13.0,1.0,0.0,1.0,1.0,2.0,0.0,1.0,5.0,1.0,0.0,123.0,635.0,9.0,15.0,34.0,81.0,25.0,27.0,5.0,7.0,45.0,55.0,5.0,6.0,22.0,30.0,18.0,19.0,6.0,11.0,7.0,7.0,13.0,5.0,40.0,10.0,17.0,5.0,,,,,,,,,,
9576464,2021-2022,37,1652628600,finished,Everton,Brentford,48,50,2.0,3.0,Goodison Park,Michael Oliver,38819.0,28.0,72.0,4.0,3.0,10.0,18.0,4.0,3.0,5.0,2.0,8.0,8.0,212.0,586.0,5.0,14.0,7.0,8.0,0.0,3.0,2.0,0.0,5.0,7.0,0.0,0.0,5.0,10.0,0.0,1.0,7.0,13.0,3.0,5.0,2.0,1.0,2.0,2.0,0.0,2.0,3.0,5.0,2.0,1.0,143.0,500.0,11.0,22.0,58.0,70.0,32.0,44.0,6.0,10.0,41.0,59.0,3.0,5.0,17.0,30.0,14.0,14.0,5.0,8.0,2.0,3.0,10.0,6.0,23.0,9.0,13.0,8.0,,,,,,,,,,
9576356,2021-2022,37,1652727600,finished,Newcastle United,Arsenal,39,42,2.0,0.0,St James' Park,Darren England,52274.0,51.0,49.0,3.0,0.0,16.0,11.0,2.0,3.0,12.0,8.0,11.0,8.0,325.0,331.0,18.0,15.0,8.0,11.0,0.0,3.0,,,4.0,2.0,0.0,0.0,7.0,4.0,5.0,5.0,10.0,5.0,6.0,6.0,1.0,0.0,2.0,0.0,1.0,0.0,2.0,1.0,6.0,1.0,260.0,258.0,21.0,13.0,47.0,42.0,26.0,18.0,6.0,4.0,59.0,41.0,10.0,10.0,39.0,30.0,18.0,9.0,13.0,4.0,13.0,8.0,8.0,4.0,17.0,27.0,4.0,10.0,,,,,,,,,,
9576430,2021-2022,37,1652813100,finished,Southampton,Liverpool,45,44,1.0,2.0,St. Mary's Stadium,Martin Atkinson,31588.0,29.0,71.0,,,4.0,24.0,3.0,1.0,1.0,9.0,6.0,6.0,300.0,734.0,15.0,18.0,5.0,6.0,2.0,0.0,,,2.0,5.0,0.0,0.0,0.0,10.0,2.0,9.0,1.0,12.0,3.0,12.0,,,,,,,1.0,1.0,0.0,2.0,226.0,655.0,17.0,25.0,45.0,82.0,21.0,26.0,1.0,7.0,45.0,55.0,8.0,10.0,24.0,35.0,15.0,13.0,4.0,11.0,9.0,10.0,8.0,9.0,39.0,12.0,14.0,1.0,,,,,,,,,,
10236819,2021-2022,33,1652985900,finished,Everton,Crystal Palace,48,7,3.0,2.0,Goodison Park,Anthony Taylor,,43.0,57.0,1.0,2.0,12.0,7.0,3.0,3.0,4.0,5.0,9.0,12.0,347.0,467.0,25.0,20.0,11.0,9.0,2.0,3.0,,,6.0,5.0,1.0,0.0,4.0,2.0,2.0,0.0,7.0,6.0,5.0,1.0,1.0,2.0,,,,,3.0,1.0,0.0,3.0,244.0,361.0,22.0,24.0,70.0,59.0,35.0,29.0,5.0,2.0,56.0,44.0,9.0,19.0,41.0,34.0,33.0,23.0,6.0,5.0,13.0,13.0,7.0,4.0,20.0,36.0,4.0,13.0,,,,,,,,,,
10236823,2021-2022,18,1652986800,finished,Aston Villa,Burnley,40,6,1.0,1.0,Villa Park,Paul Tierney,40468.0,71.0,29.0,0.0,2.0,22.0,10.0,3.0,8.0,13.0,6.0,11.0,20.0,587.0,231.0,16.0,11.0,20.0,10.0,0.0,1.0,0.0,1.0,9.0,5.0,0.0,1.0,7.0,2.0,6.0,3.0,12.0,7.0,10.0,3.0,0.0,1.0,0.0,1.0,1.0,0.0,2.0,4.0,1.0,0.0,529.0,158.0,17.0,12.0,48.0,48.0,14.0,25.0,6.0,4.0,58.0,42.0,7.0,9.0,36.0,21.0,14.0,15.0,1.0,0.0,10.0,6.0,3.0,2.0,20.0,27.0,2.0,14.0,,,,,,,,,,
10236816,2021-2022,27,1652986800,finished,Chelsea,Leicester City,38,31,1.0,1.0,Stamford Bridge,Stuart Attwell,31478.0,67.0,33.0,3.0,0.0,20.0,2.0,0.0,6.0,6.0,0.0,13.0,7.0,750.0,370.0,10.0,18.0,7.0,13.0,4.0,1.0,,,7.0,1.0,0.0,0.0,5.0,1.0,8.0,0.0,10.0,0.0,10.0,2.0,1.0,0.0,2.0,0.0,2.0,0.0,4.0,2.0,1.0,1.0,695.0,293.0,21.0,11.0,83.0,45.0,21.0,14.0,6.0,1.0,50.0,50.0,13.0,7.0,33.0,36.0,11.0,8.0,16.0,5.0,5.0,8.0,11.0,12.0,5.0,31.0,2.0,9.0,,,,,,,,,,
9576353,2021-2022,38,1653231600,finished,Burnley,Newcastle United,6,39,1.0,2.0,Turf Moor,Craig Pawson,21361.0,51.0,49.0,2.0,3.0,12.0,8.0,4.0,3.0,8.0,2.0,8.0,9.0,344.0,338.0,11.0,22.0,9.0,7.0,1.0,0.0,,,5.0,6.0,0.0,0.0,4.0,2.0,3.0,0.0,9.0,5.0,3.0,3.0,1.0,2.0,1.0,1.0,,,1.0,3.0,5.0,0.0,239.0,241.0,35.0,22.0,63.0,52.0,23.0,20.0,7.0,1.0,48.0,52.0,9.0,10.0,28.0,32.0,19.0,19.0,8.0,3.0,7.0,12.0,4.0,8.0,13.0,27.0,8.0,8.0,,,,,,,,,,
9576312,2021-2022,38,1653231600,finished,Brentford,Leeds United,50,34,1.0,2.0,Brentford Community Stadium,Paul Tierney,16957.0,49.0,51.0,1.0,2.0,14.0,14.0,4.0,4.0,3.0,2.0,11.0,13.0,412.0,438.0,12.0,10.0,13.0,9.0,4.0,1.0,1.0,0.0,5.0,6.0,0.0,0.0,7.0,6.0,2.0,2.0,12.0,5.0,2.0,9.0,0.0,1.0,1.0,1.0,0.0,2.0,4.0,3.0,0.0,2.0,319.0,326.0,19.0,20.0,48.0,68.0,19.0,30.0,4.0,1.0,58.0,42.0,7.0,6.0,32.0,27.0,28.0,16.0,7.0,8.0,8.0,6.0,15.0,14.0,24.0,8.0,9.0,11.0,,,,,,,,,,
9576354,2021-2022,38,1653231600,finished,Brighton & Hove Albion,West Ham United,30,37,3.0,1.0,American Express Stadium,Kevin Friend,31604.0,50.0,50.0,1.0,0.0,18.0,7.0,1.0,4.0,5.0,6.0,9.0,9.0,489.0,480.0,12.0,14.0,9.0,8.0,1.0,1.0,,,7.0,2.0,0.0,0.0,4.0,2.0,7.0,3.0,13.0,4.0,5.0,3.0,,,1.0,0.0,,,1.0,1.0,,,403.0,391.0,13.0,20.0,50.0,53.0,21.0,42.0,6.0,2.0,56.0,44.0,13.0,9.0,26.0,23.0,20.0,13.0,5.0,1.0,8.0,9.0,6.0,6.0,22.0,19.0,5.0,8.0,,,,,,,,,,
9576355,2021-2022,38,1653231600,finished,Leicester City,Southampton,31,45,4.0,1.0,King Power Stadium,Jonathan Moss,32003.0,51.0,49.0,7.0,1.0,12.0,7.0,1.0,2.0,3.0,3.0,10.0,5.0,448.0,425.0,20.0,17.0,5.0,9.0,0.0,1.0,,,6.0,2.0,0.0,0.0,4.0,5.0,2.0,0.0,10.0,5.0,2.0,2.0,4.0,1.0,3.0,0.0,0.0,2.0,0.0,2.0,1.0,3.0,353.0,328.0,19.0,21.0,49.0,66.0,24.0,20.0,4.0,5.0,48.0,52.0,9.0,10.0,32.0,34.0,8.0,10.0,7.0,8.0,5.0,13.0,7.0,11.0,14.0,9.0,7.0,4.0,,,,,,,,,,
9576218,2021-2022,38,1653231600,finished,Norwich City,Tottenham Hotspur,263,33,0.0,5.0,Carrow Road,Chris Kavanagh,27022.0,40.0,60.0,0.0,7.0,9.0,19.0,7.0,0.0,3.0,2.0,13.0,7.0,402.0,614.0,14.0,8.0,6.0,13.0,3.0,1.0,,,0.0,13.0,0.0,0.0,5.0,4.0,4.0,2.0,6.0,14.0,3.0,5.0,0.0,3.0,0.0,4.0,0.0,1.0,1.0,1.0,0.0,4.0,321.0,551.0,17.0,16.0,43.0,52.0,33.0,20.0,4.0,3.0,41.0,59.0,4.0,6.0,22.0,31.0,6.0,10.0,2.0,10.0,12.0,5.0,11.0,9.0,7.0,12.0,4.0,8.0,,,,,,,,,,
9576311,2021-2022,38,1653231600,finished,Arsenal,Everton,42,48,5.0,1.0,Emirates Stadium,Andre Marriner,60201.0,74.0,26.0,5.0,2.0,26.0,6.0,1.0,4.0,12.0,2.0,8.0,9.0,647.0,234.0,12.0,21.0,7.0,8.0,0.0,1.0,,,9.0,2.0,0.0,0.0,8.0,3.0,9.0,1.0,17.0,3.0,9.0,3.0,3.0,1.0,2.0,1.0,1.0,0.0,3.0,1.0,2.0,0.0,582.0,152.0,12.0,13.0,91.0,35.0,18.0,18.0,5.0,1.0,40.0,60.0,11.0,8.0,26.0,37.0,8.0,15.0,7.0,8.0,6.0,8.0,5.0,1.0,12.0,30.0,5.0,8.0,,,,,,,,,,
9576308,2021-2022,38,1653231600,finished,Chelsea,Watford,38,24,2.0,1.0,Stamford Bridge,Mike Dean,32089.0,72.0,28.0,4.0,2.0,19.0,8.0,2.0,6.0,3.0,3.0,9.0,9.0,734.0,281.0,32.0,25.0,8.0,8.0,,,,,8.0,3.0,1.0,0.0,6.0,2.0,5.0,3.0,12.0,3.0,7.0,5.0,2.0,1.0,2.0,1.0,1.0,0.0,3.0,1.0,0.0,2.0,665.0,209.0,20.0,11.0,82.0,35.0,36.0,21.0,3.0,4.0,55.0,45.0,14.0,18.0,46.0,40.0,15.0,9.0,6.0,7.0,16.0,13.0,9.0,14.0,12.0,16.0,3.0,7.0,,,,,,,,,,
9576220,2021-2022,38,1653231600,finished,Manchester City,Aston Villa,17,40,3.0,2.0,Etihad Stadium,Michael Oliver,53395.0,72.0,28.0,3.0,2.0,24.0,4.0,0.0,2.0,13.0,1.0,5.0,11.0,601.0,243.0,11.0,17.0,11.0,5.0,0.0,2.0,,,5.0,2.0,0.0,0.0,10.0,1.0,9.0,1.0,18.0,3.0,6.0,1.0,2.0,1.0,1.0,1.0,1.0,0.0,9.0,0.0,1.0,2.0,529.0,163.0,30.0,14.0,70.0,24.0,40.0,24.0,7.0,2.0,59.0,41.0,12.0,7.0,36.0,24.0,24.0,18.0,15.0,2.0,5.0,9.0,5.0,11.0,9.0,30.0,3.0,20.0,,,,,,,,,,
9576352,2021-2022,38,1653231600,finished,Crystal Palace,Manchester United,7,35,1.0,0.0,Selhurst Park,Martin Atkinson,,38.0,62.0,0.0,1.0,6.0,10.0,4.0,2.0,3.0,6.0,12.0,22.0,327.0,526.0,8.0,17.0,22.0,12.0,2.0,4.0,,,3.0,4.0,0.0,0.0,3.0,2.0,0.0,4.0,5.0,6.0,1.0,4.0,,,0.0,1.0,0.0,1.0,5.0,2.0,2.0,4.0,238.0,437.0,21.0,27.0,37.0,53.0,19.0,32.0,4.0,3.0,49.0,51.0,5.0,6.0,36.0,35.0,8.0,10.0,6.0,6.0,3.0,10.0,9.0,12.0,20.0,11.0,6.0,4.0,15.0,16.0,56.0,100.0,0.0,1.0,1.0,0.0,0.0,2.0
9576299,2021-2022,38,1653231600,finished,Liverpool,Wolverhampton,44,3,3.0,1.0,Anfield,Anthony Taylor,,63.0,37.0,4.0,4.0,29.0,7.0,4.0,4.0,5.0,3.0,6.0,3.0,669.0,400.0,21.0,18.0,2.0,5.0,1.0,0.0,,,8.0,5.0,0.0,0.0,7.0,2.0,14.0,0.0,22.0,6.0,7.0,1.0,3.0,1.0,1.0,3.0,1.0,1.0,,,3.0,1.0,593.0,323.0,25.0,15.0,77.0,52.0,25.0,42.0,8.0,1.0,55.0,45.0,12.0,10.0,35.0,31.0,7.0,4.0,12.0,8.0,13.0,6.0,6.0,15.0,7.0,31.0,4.0,9.0,,,,,,,,,,
10196713,2021-2022,30,1650566700,finished,Burnley,Southampton,6,45,2.0,0.0,Turf Moor,Stuart Attwell,17384.0,43.0,57.0,5.0,2.0,16.0,11.0,4.0,4.0,10.0,10.0,7.0,7.0,354.0,479.0,15.0,15.0,7.0,7.0,2.0,2.0,,,6.0,3.0,1.0,0.0,4.0,4.0,6.0,4.0,11.0,10.0,5.0,1.0,,,5.0,2.0,,,1.0,2.0,3.0,2.0,244.0,396.0,23.0,20.0,49.0,63.0,27.0,25.0,6.0,3.0,54.0,46.0,10.0,7.0,32.0,29.0,16.0,12.0,10.0,7.0,8.0,9.0,6.0,12.0,24.0,23.0,6.0,7.0,,,,,,,,,,
9576258,2021-2022,34,1650713400,finished,Arsenal,Manchester United,42,35,3.0,1.0,Emirates Stadium,Craig Pawson,,55.0,45.0,3.0,4.0,14.0,14.0,4.0,4.0,1.0,7.0,9.0,12.0,507.0,412.0,10.0,13.0,12.0,8.0,3.0,4.0,,,7.0,5.0,0.0,3.0,5.0,6.0,2.0,3.0,9.0,9.0,5.0,5.0,2.0,1.0,1.0,3.0,,,2.0,1.0,2.0,2.0,430.0,337.0,13.0,19.0,61.0,35.0,12.0,12.0,3.0,4.0,43.0,57.0,8.0,6.0,26.0,26.0,5.0,15.0,4.0,5.0,7.0,10.0,7.0,9.0,16.0,17.0,8.0,7.0,,,,,,,,,,
9576273,2021-2022,34,1650722400,finished,Norwich City,Newcastle United,263,39,0.0,3.0,Carrow Road,Chris Kavanagh,26910.0,45.0,55.0,2.0,3.0,5.0,13.0,4.0,2.0,2.0,3.0,11.0,10.0,417.0,506.0,20.0,15.0,10.0,11.0,0.0,2.0,,,2.0,7.0,0.0,0.0,3.0,6.0,0.0,0.0,4.0,10.0,1.0,3.0,0.0,2.0,2.0,1.0,2.0,2.0,2.0,1.0,1.0,0.0,315.0,420.0,26.0,27.0,54.0,61.0,27.0,28.0,1.0,4.0,51.0,49.0,9.0,13.0,39.0,36.0,10.0,11.0,9.0,10.0,12.0,11.0,15.0,14.0,12.0,17.0,7.0,7.0,,,,,,,,,,
9576267,2021-2022,34,1650722400,finished,Leicester City,Aston Villa,31,40,0.0,0.0,King Power Stadium,Andy Madley,32185.0,64.0,36.0,,,5.0,11.0,3.0,2.0,7.0,6.0,15.0,16.0,520.0,289.0,13.0,15.0,16.0,14.0,3.0,2.0,,,2.0,3.0,0.0,0.0,3.0,4.0,0.0,4.0,1.0,7.0,4.0,4.0,,,,,,,6.0,0.0,0.0,1.0,444.0,198.0,28.0,23.0,47.0,58.0,14.0,17.0,1.0,3.0,47.0,53.0,10.0,9.0,34.0,39.0,10.0,10.0,5.0,10.0,7.0,12.0,6.0,8.0,10.0,23.0,5.0,4.0,,,,,,,,,,
9576277,2021-2022,34,1650722400,finished,Manchester City,Watford,17,24,5.0,1.0,Etihad Stadium,Kevin Friend,,74.0,26.0,4.0,1.0,21.0,5.0,1.0,4.0,11.0,4.0,9.0,7.0,701.0,247.0,25.0,11.0,7.0,9.0,1.0,0.0,,,8.0,2.0,0.0,0.0,7.0,2.0,6.0,1.0,18.0,5.0,3.0,0.0,3.0,0.0,1.0,1.0,1.0,3.0,2.0,1.0,0.0,2.0,619.0,180.0,13.0,12.0,78.0,29.0,29.0,17.0,4.0,3.0,56.0,44.0,6.0,11.0,40.0,32.0,6.0,4.0,8.0,12.0,16.0,7.0,7.0,16.0,12.0,30.0,3.0,8.0,,,,,,,,,,
9576263,2021-2022,34,1650731400,finished,Brentford,Tottenham Hotspur,50,33,0.0,0.0,Brentford Community Stadium,Andre Marriner,,44.0,56.0,2.0,0.0,15.0,9.0,0.0,1.0,12.0,8.0,8.0,7.0,393.0,508.0,12.0,11.0,6.0,8.0,2.0,1.0,,,2.0,0.0,2.0,0.0,6.0,4.0,7.0,5.0,10.0,7.0,5.0,2.0,,,2.0,0.0,,,3.0,1.0,1.0,1.0,296.0,431.0,19.0,18.0,53.0,56.0,34.0,16.0,10.0,6.0,44.0,56.0,5.0,9.0,20.0,28.0,15.0,16.0,2.0,9.0,6.0,8.0,10.0,13.0,23.0,33.0,9.0,6.0,,,,,,,,,,
9576428,2021-2022,34,1650805200,finished,Brighton & Hove Albion,Southampton,30,45,2.0,2.0,American Express Stadium,Robert Jones,,49.0,51.0,3.0,0.0,8.0,18.0,3.0,4.0,6.0,6.0,12.0,7.0,352.0,366.0,17.0,13.0,6.0,12.0,1.0,0.0,,,5.0,5.0,0.0,1.0,0.0,6.0,3.0,7.0,7.0,9.0,1.0,9.0,1.0,0.0,2.0,0.0,,,1.0,2.0,2.0,3.0,229.0,258.0,20.0,33.0,75.0,44.0,18.0,23.0,9.0,5.0,49.0,51.0,10.0,16.0,26.0,31.0,24.0,21.0,4.0,6.0,8.0,4.0,6.0,17.0,29.0,22.0,9.0,4.0,,,,,,,,,,
9576262,2021-2022,34,1650805200,finished,Burnley,Wolverhampton,6,3,1.0,0.0,Turf Moor,Anthony Taylor,,36.0,64.0,1.0,0.0,14.0,10.0,4.0,4.0,3.0,6.0,8.0,7.0,324.0,590.0,20.0,28.0,7.0,6.0,3.0,1.0,,,5.0,4.0,0.0,0.0,5.0,1.0,4.0,5.0,10.0,6.0,4.0,4.0,1.0,0.0,,,2.0,1.0,0.0,1.0,5.0,2.0,240.0,488.0,15.0,25.0,41.0,52.0,17.0,28.0,4.0,4.0,44.0,56.0,16.0,13.0,33.0,44.0,11.0,12.0,6.0,10.0,14.0,16.0,15.0,9.0,16.0,15.0,6.0,5.0,,,,,,,,,,
9576443,2021-2022,34,1650805200,finished,Chelsea,West Ham United,38,37,1.0,0.0,Stamford Bridge,Michael Oliver,32231.0,67.0,33.0,2.0,1.0,26.0,6.0,2.0,4.0,3.0,1.0,11.0,9.0,710.0,354.0,11.0,14.0,8.0,10.0,1.0,0.0,0.0,1.0,5.0,2.0,0.0,0.0,9.0,2.0,12.0,2.0,14.0,5.0,12.0,1.0,1.0,0.0,1.0,1.0,,,1.0,2.0,2.0,2.0,628.0,264.0,16.0,18.0,56.0,41.0,24.0,14.0,3.0,0.0,51.0,49.0,7.0,8.0,29.0,27.0,10.0,10.0,10.0,4.0,6.0,10.0,9.0,5.0,7.0,25.0,5.0,17.0,,,,,,,,,,
9576266,2021-2022,34,1650814200,finished,Liverpool,Everton,44,48,2.0,0.0,Anfield,Stuart Attwell,,82.0,18.0,2.0,0.0,18.0,9.0,1.0,2.0,13.0,1.0,8.0,8.0,787.0,173.0,15.0,20.0,7.0,7.0,2.0,5.0,,,4.0,1.0,0.0,0.0,11.0,4.0,3.0,4.0,12.0,5.0,6.0,4.0,2.0,0.0,,,0.0,1.0,1.0,3.0,1.0,0.0,701.0,95.0,29.0,16.0,92.0,49.0,37.0,16.0,8.0,1.0,47.0,53.0,8.0,3.0,28.0,35.0,13.0,11.0,6.0,8.0,10.0,10.0,4.0,14.0,7.0,37.0,9.0,9.0,,,,,,,,,,
9576265,2021-2022,34,1650913200,finished,Crystal Palace,Leeds United,7,34,0.0,0.0,Selhurst Park,Darren England,25357.0,53.0,47.0,1.0,0.0,17.0,9.0,2.0,7.0,6.0,3.0,12.0,13.0,432.0,392.0,13.0,29.0,13.0,12.0,2.0,2.0,,,7.0,2.0,0.0,0.0,6.0,4.0,4.0,3.0,14.0,5.0,3.0,4.0,,,1.0,0.0,1.0,0.0,4.0,0.0,1.0,1.0,325.0,271.0,31.0,25.0,65.0,63.0,35.0,17.0,8.0,2.0,53.0,47.0,14.0,6.0,50.0,49.0,26.0,19.0,24.0,8.0,7.0,17.0,12.0,12.0,8.0,25.0,9.0,8.0,,,,,,,,,,
9576293,2021-2022,37,1651171500,finished,Manchester United,Chelsea,35,38,1.0,1.0,Old Trafford,Mike Dean,73564.0,35.0,65.0,1.0,3.0,6.0,21.0,5.0,2.0,2.0,9.0,9.0,12.0,345.0,628.0,16.0,12.0,10.0,9.0,0.0,1.0,,,3.0,6.0,0.0,1.0,1.0,9.0,2.0,6.0,4.0,15.0,2.0,6.0,1.0,1.0,0.0,2.0,1.0,2.0,3.0,2.0,2.0,3.0,272.0,556.0,16.0,20.0,40.0,67.0,28.0,31.0,2.0,5.0,54.0,46.0,7.0,12.0,34.0,30.0,15.0,12.0,8.0,9.0,12.0,6.0,14.0,9.0,30.0,13.0,10.0,2.0,,,,,,,,,,
9576434,2021-2022,35,1651318200,finished,Newcastle United,Liverpool,39,44,0.0,1.0,St James' Park,Andre Marriner,52281.0,34.0,66.0,0.0,2.0,4.0,24.0,9.0,2.0,0.0,6.0,11.0,11.0,274.0,528.0,19.0,15.0,9.0,11.0,1.0,3.0,,,2.0,10.0,0.0,0.0,1.0,10.0,1.0,4.0,0.0,17.0,4.0,7.0,0.0,1.0,0.0,1.0,1.0,1.0,2.0,3.0,9.0,1.0,176.0,442.0,27.0,15.0,52.0,57.0,21.0,30.0,1.0,6.0,54.0,46.0,11.0,12.0,43.0,36.0,20.0,17.0,15.0,10.0,10.0,6.0,4.0,6.0,21.0,15.0,16.0,2.0,,,,,,,,,,
9576358,2021-2022,35,1651327200,finished,Watford,Burnley,24,6,1.0,2.0,Vicarage Road,Craig Pawson,20738.0,47.0,53.0,0.0,1.0,13.0,17.0,4.0,1.0,5.0,6.0,13.0,9.0,334.0,396.0,16.0,16.0,9.0,13.0,1.0,2.0,,,1.0,6.0,2.0,1.0,9.0,5.0,3.0,6.0,9.0,12.0,4.0,5.0,0.0,1.0,,,,,5.0,3.0,1.0,0.0,213.0,269.0,29.0,27.0,54.0,66.0,17.0,31.0,6.0,6.0,53.0,47.0,11.0,8.0,31.0,31.0,30.0,23.0,6.0,2.0,8.0,9.0,8.0,8.0,29.0,25.0,8.0,11.0,,,,,,,,,,
9576275,2021-2022,35,1651327200,finished,Southampton,Crystal Palace,45,7,1.0,2.0,St. Mary's Stadium,Jarred Gillett,,38.0,62.0,,,8.0,14.0,3.0,2.0,6.0,7.0,13.0,11.0,326.0,529.0,23.0,8.0,9.0,13.0,1.0,3.0,,,3.0,5.0,0.0,0.0,3.0,3.0,2.0,6.0,5.0,11.0,3.0,3.0,,,,,,,4.0,1.0,0.0,4.0,221.0,436.0,16.0,24.0,45.0,60.0,19.0,33.0,2.0,6.0,55.0,45.0,5.0,18.0,37.0,34.0,32.0,22.0,5.0,13.0,17.0,5.0,13.0,8.0,23.0,29.0,6.0,7.0,,,,,,,,,,
9576318,2021-2022,35,1651327200,finished,Wolverhampton,Brighton & Hove Albion,3,30,0.0,3.0,Molineux Stadium,Simon Hooper,31243.0,49.0,51.0,0.0,3.0,11.0,17.0,6.0,1.0,7.0,3.0,6.0,4.0,458.0,479.0,19.0,22.0,4.0,5.0,2.0,1.0,,,1.0,9.0,1.0,1.0,5.0,4.0,5.0,4.0,6.0,9.0,5.0,8.0,0.0,2.0,0.0,1.0,1.0,0.0,1.0,2.0,1.0,1.0,377.0,396.0,16.0,19.0,45.0,55.0,17.0,21.0,1.0,4.0,48.0,52.0,11.0,8.0,36.0,41.0,8.0,6.0,13.0,14.0,13.0,18.0,5.0,9.0,11.0,10.0,6.0,8.0,,,,,,,,,,
9576269,2021-2022,35,1651327200,finished,Aston Villa,Norwich City,40,263,2.0,0.0,Villa Park,John Brooks,40290.0,45.0,55.0,2.0,0.0,21.0,9.0,3.0,4.0,2.0,3.0,16.0,8.0,398.0,491.0,26.0,12.0,8.0,16.0,4.0,1.0,,,6.0,3.0,2.0,0.0,8.0,6.0,7.0,0.0,16.0,4.0,5.0,5.0,,,2.0,0.0,1.0,0.0,4.0,4.0,3.0,0.0,317.0,402.0,25.0,32.0,50.0,39.0,21.0,40.0,4.0,2.0,53.0,47.0,6.0,18.0,43.0,38.0,10.0,9.0,9.0,10.0,19.0,6.0,13.0,14.0,12.0,8.0,10.0,8.0,,,,,,,,,,
9576272,2021-2022,35,1651336200,finished,Leeds United,Manchester City,34,17,0.0,4.0,Elland Road,Paul Tierney,35771.0,41.0,59.0,2.0,5.0,7.0,19.0,2.0,1.0,3.0,6.0,13.0,3.0,421.0,617.0,29.0,9.0,3.0,13.0,1.0,2.0,,,2.0,6.0,0.0,0.0,1.0,6.0,4.0,7.0,7.0,13.0,0.0,6.0,0.0,3.0,2.0,2.0,1.0,2.0,1.0,3.0,3.0,1.0,329.0,547.0,26.0,20.0,36.0,52.0,19.0,31.0,3.0,5.0,45.0,55.0,6.0,11.0,37.0,45.0,9.0,12.0,5.0,23.0,13.0,4.0,3.0,9.0,12.0,22.0,6.0,3.0,,,,,,,,,,
9576360,2021-2022,35,1651410000,finished,Tottenham Hotspur,Leicester City,33,31,3.0,1.0,Tottenham Hotspur Stadium,Jonathan Moss,,39.0,61.0,3.0,0.0,13.0,6.0,1.0,4.0,6.0,3.0,13.0,8.0,404.0,627.0,20.0,16.0,8.0,13.0,2.0,3.0,,,7.0,2.0,0.0,1.0,4.0,3.0,2.0,1.0,10.0,3.0,3.0,3.0,1.0,0.0,2.0,0.0,,,1.0,2.0,2.0,0.0,325.0,542.0,16.0,20.0,33.0,54.0,27.0,17.0,6.0,4.0,56.0,44.0,6.0,12.0,39.0,37.0,18.0,7.0,11.0,8.0,14.0,9.0,15.0,6.0,22.0,10.0,6.0,7.0,,,,,,,,,,
9576335,2021-2022,35,1651410000,finished,Everton,Chelsea,48,38,1.0,0.0,Goodison Park,Kevin Friend,,22.0,78.0,2.0,2.0,9.0,17.0,5.0,3.0,3.0,8.0,9.0,12.0,197.0,720.0,13.0,18.0,11.0,9.0,3.0,5.0,,,4.0,5.0,0.0,1.0,4.0,7.0,1.0,5.0,6.0,11.0,3.0,6.0,1.0,0.0,1.0,2.0,,,3.0,4.0,0.0,2.0,116.0,637.0,20.0,15.0,45.0,66.0,14.0,16.0,2.0,8.0,46.0,54.0,12.0,8.0,32.0,39.0,12.0,12.0,8.0,12.0,10.0,6.0,10.0,5.0,24.0,17.0,7.0,10.0,,,,,,,,,,
9576429,2021-2022,35,1651419000,finished,West Ham United,Arsenal,37,42,1.0,2.0,London Stadium,Mike Dean,59959.0,57.0,43.0,0.0,1.0,8.0,13.0,5.0,2.0,3.0,7.0,7.0,9.0,586.0,454.0,11.0,16.0,7.0,6.0,2.0,2.0,,,3.0,7.0,0.0,0.0,1.0,4.0,4.0,2.0,7.0,7.0,1.0,6.0,0.0,1.0,,,,,,,1.0,0.0,503.0,377.0,23.0,11.0,65.0,47.0,28.0,14.0,4.0,4.0,43.0,57.0,8.0,6.0,22.0,32.0,15.0,18.0,5.0,10.0,6.0,9.0,8.0,10.0,8.0,26.0,6.0,6.0,,,,,,,,,,
9576283,2021-2022,35,1651518000,finished,Manchester United,Brentford,35,50,3.0,0.0,Old Trafford,Chris Kavanagh,73482.0,64.0,36.0,2.0,1.0,9.0,12.0,4.0,3.0,3.0,8.0,4.0,6.0,714.0,376.0,11.0,9.0,6.0,4.0,1.0,0.0,,,5.0,4.0,0.0,0.0,3.0,5.0,1.0,3.0,6.0,7.0,3.0,5.0,2.0,0.0,0.0,1.0,2.0,1.0,3.0,3.0,3.0,2.0,651.0,309.0,10.0,17.0,40.0,37.0,23.0,21.0,1.0,5.0,55.0,45.0,5.0,5.0,21.0,19.0,15.0,10.0,4.0,6.0,8.0,5.0,11.0,6.0,35.0,5.0,8.0,6.0,,,,,,,,,,
9576330,2021-2022,36,1651932000,finished,Brentford,Southampton,50,45,3.0,0.0,Brentford Community Stadium,Michael Salisbury,,40.0,60.0,4.0,0.0,18.0,19.0,4.0,2.0,4.0,7.0,12.0,9.0,321.0,470.0,10.0,17.0,9.0,12.0,0.0,1.0,,,5.0,4.0,0.0,0.0,8.0,10.0,5.0,5.0,14.0,12.0,4.0,7.0,2.0,0.0,2.0,0.0,,,2.0,2.0,0.0,2.0,231.0,376.0,16.0,13.0,58.0,54.0,28.0,16.0,5.0,8.0,48.0,52.0,6.0,6.0,29.0,34.0,15.0,14.0,10.0,5.0,7.0,5.0,15.0,8.0,26.0,16.0,10.0,9.0,,,,,,,,,,
9576336,2021-2022,36,1651932000,finished,Crystal Palace,Watford,7,24,1.0,0.0,Selhurst Park,Graham Scott,24622.0,68.0,32.0,3.0,0.0,15.0,6.0,1.0,6.0,8.0,5.0,11.0,18.0,533.0,248.0,11.0,16.0,16.0,11.0,2.0,3.0,0.0,1.0,7.0,1.0,1.0,0.0,4.0,2.0,4.0,3.0,12.0,3.0,3.0,3.0,1.0,0.0,2.0,0.0,,,5.0,1.0,2.0,0.0,454.0,173.0,25.0,16.0,75.0,46.0,40.0,23.0,6.0,3.0,52.0,48.0,8.0,7.0,39.0,32.0,14.0,17.0,12.0,5.0,4.0,10.0,3.0,11.0,10.0,21.0,3.0,8.0,,,,,,,,,,
9576321,2021-2022,36,1651932000,finished,Burnley,Aston Villa,6,40,1.0,3.0,Turf Moor,David Coote,,49.0,51.0,1.0,3.0,14.0,12.0,4.0,5.0,4.0,5.0,13.0,11.0,424.0,446.0,16.0,13.0,11.0,13.0,1.0,2.0,,,6.0,7.0,0.0,0.0,7.0,2.0,1.0,3.0,9.0,8.0,5.0,4.0,1.0,2.0,0.0,1.0,1.0,1.0,1.0,2.0,1.0,2.0,331.0,356.0,18.0,21.0,49.0,60.0,40.0,31.0,4.0,4.0,51.0,49.0,9.0,6.0,34.0,32.0,16.0,17.0,8.0,6.0,6.0,6.0,8.0,7.0,10.0,16.0,3.0,11.0,,,,,,,,,,
9576343,2021-2022,36,1651932000,finished,Chelsea,Wolverhampton,38,3,2.0,2.0,Stamford Bridge,Peter Bankes,32190.0,59.0,41.0,1.0,2.0,19.0,14.0,2.0,4.0,9.0,3.0,7.0,11.0,493.0,332.0,20.0,18.0,11.0,7.0,1.0,3.0,,,6.0,4.0,0.0,0.0,8.0,9.0,5.0,1.0,13.0,10.0,6.0,4.0,1.0,1.0,0.0,1.0,0.0,1.0,4.0,1.0,2.0,1.0,423.0,260.0,18.0,15.0,65.0,30.0,20.0,17.0,5.0,6.0,53.0,47.0,10.0,15.0,39.0,38.0,15.0,10.0,8.0,13.0,10.0,11.0,8.0,12.0,16.0,28.0,9.0,9.0,,,,,,,,,,
9576322,2021-2022,36,1651941000,finished,Brighton & Hove Albion,Manchester United,30,35,4.0,0.0,American Express Stadium,Andy Madley,31637.0,42.0,58.0,4.0,1.0,17.0,15.0,5.0,1.0,7.0,6.0,13.0,9.0,373.0,526.0,11.0,13.0,9.0,12.0,0.0,2.0,,,6.0,5.0,1.0,1.0,7.0,7.0,4.0,3.0,13.0,8.0,4.0,7.0,2.0,0.0,2.0,1.0,1.0,0.0,2.0,4.0,3.0,3.0,293.0,445.0,17.0,13.0,45.0,49.0,20.0,27.0,5.0,5.0,41.0,59.0,7.0,10.0,24.0,34.0,9.0,13.0,4.0,9.0,9.0,11.0,10.0,11.0,18.0,31.0,6.0,7.0,,,,,,,,,,
9576357,2021-2022,36,1651949100,finished,Liverpool,Tottenham Hotspur,44,33,1.0,1.0,Anfield,Michael Oliver,53177.0,65.0,35.0,0.0,1.0,22.0,8.0,2.0,2.0,11.0,5.0,12.0,8.0,618.0,338.0,19.0,20.0,7.0,12.0,3.0,2.0,,,3.0,3.0,1.0,1.0,6.0,2.0,13.0,3.0,9.0,5.0,13.0,3.0,0.0,1.0,,,,,6.0,1.0,,,530.0,253.0,19.0,20.0,93.0,27.0,32.0,25.0,10.0,5.0,47.0,53.0,15.0,8.0,32.0,41.0,15.0,12.0,6.0,9.0,11.0,12.0,4.0,13.0,12.0,51.0,4.0,13.0,,,,,,,,,,
9576344,2021-2022,36,1652014800,finished,Norwich City,West Ham United,263,37,0.0,4.0,Carrow Road,Robert Jones,26428.0,37.0,63.0,1.0,4.0,8.0,13.0,1.0,2.0,9.0,5.0,7.0,7.0,384.0,679.0,12.0,12.0,6.0,5.0,1.0,1.0,,,2.0,5.0,0.0,0.0,2.0,3.0,4.0,5.0,3.0,10.0,5.0,3.0,0.0,2.0,1.0,2.0,1.0,1.0,3.0,3.0,2.0,3.0,328.0,616.0,8.0,15.0,35.0,61.0,19.0,37.0,1.0,4.0,50.0,50.0,11.0,9.0,27.0,26.0,7.0,8.0,9.0,9.0,7.0,5.0,9.0,8.0,20.0,15.0,5.0,4.0,,,,,,,,,,
9576331,2021-2022,36,1652014800,finished,Leicester City,Everton,31,48,1.0,2.0,King Power Stadium,Craig Pawson,32001.0,66.0,34.0,3.0,2.0,16.0,10.0,2.0,7.0,6.0,1.0,11.0,6.0,631.0,332.0,16.0,13.0,6.0,11.0,3.0,0.0,,,9.0,4.0,0.0,1.0,6.0,3.0,1.0,3.0,9.0,8.0,7.0,2.0,1.0,1.0,2.0,1.0,1.0,0.0,0.0,1.0,2.0,0.0,545.0,239.0,29.0,15.0,68.0,55.0,16.0,26.0,4.0,2.0,50.0,50.0,11.0,9.0,28.0,35.0,19.0,12.0,6.0,11.0,9.0,9.0,5.0,8.0,7.0,23.0,3.0,6.0,,,,,,,,,,
9576327,2021-2022,31,1648917000,finished,Manchester United,Leicester City,35,31,1.0,1.0,Old Trafford,Andre Marriner,73444.0,54.0,46.0,1.0,2.0,11.0,11.0,2.0,4.0,6.0,5.0,13.0,6.0,582.0,495.0,10.0,15.0,6.0,13.0,2.0,2.0,,,5.0,3.0,0.0,0.0,5.0,6.0,1.0,2.0,10.0,8.0,1.0,3.0,1.0,1.0,0.0,1.0,,,1.0,4.0,4.0,1.0,500.0,417.0,21.0,15.0,63.0,44.0,32.0,19.0,7.0,4.0,46.0,54.0,6.0,9.0,29.0,40.0,12.0,8.0,13.0,12.0,6.0,9.0,9.0,18.0,12.0,23.0,10.0,7.0,,,,,,,,,,
9576239,2021-2022,31,1648990800,finished,West Ham United,Everton,37,48,2.0,1.0,London Stadium,Michael Oliver,59953.0,56.0,44.0,3.0,0.0,11.0,13.0,1.0,4.0,2.0,4.0,9.0,12.0,529.0,407.0,11.0,9.0,11.0,9.0,1.0,4.0,0.0,1.0,5.0,2.0,0.0,1.0,4.0,6.0,2.0,5.0,6.0,8.0,5.0,5.0,1.0,0.0,2.0,0.0,1.0,1.0,3.0,2.0,1.0,1.0,441.0,336.0,15.0,17.0,47.0,63.0,22.0,25.0,2.0,4.0,55.0,45.0,5.0,6.0,28.0,24.0,19.0,15.0,6.0,6.0,5.0,7.0,4.0,10.0,18.0,16.0,6.0,9.0,,,,,,,,,,
9576315,2021-2022,31,1648999800,finished,Tottenham Hotspur,Newcastle United,33,39,5.0,1.0,Tottenham Hotspur Stadium,Martin Atkinson,57553.0,61.0,39.0,6.0,0.0,19.0,8.0,0.0,1.0,2.0,3.0,10.0,7.0,604.0,379.0,17.0,13.0,7.0,10.0,2.0,3.0,,,6.0,1.0,0.0,0.0,8.0,3.0,5.0,4.0,13.0,4.0,6.0,4.0,5.0,0.0,1.0,0.0,,,2.0,4.0,0.0,4.0,548.0,324.0,10.0,9.0,40.0,40.0,29.0,27.0,5.0,3.0,47.0,53.0,8.0,9.0,30.0,30.0,10.0,16.0,6.0,7.0,10.0,9.0,2.0,7.0,18.0,17.0,5.0,11.0,,,,,,,,,,
9576241,2021-2022,31,1649098800,finished,Crystal Palace,Arsenal,7,42,3.0,0.0,Selhurst Park,Paul Tierney,25149.0,31.0,69.0,3.0,2.0,6.0,12.0,3.0,2.0,0.0,2.0,11.0,15.0,293.0,647.0,18.0,16.0,14.0,10.0,0.0,2.0,,,5.0,3.0,0.0,1.0,1.0,8.0,0.0,1.0,3.0,6.0,3.0,6.0,3.0,0.0,0.0,2.0,,,4.0,1.0,2.0,4.0,208.0,557.0,17.0,30.0,48.0,67.0,25.0,14.0,1.0,3.0,54.0,46.0,10.0,11.0,41.0,34.0,11.0,10.0,9.0,8.0,8.0,9.0,10.0,8.0,16.0,5.0,9.0,5.0,,,,,,,,,,
10196719,2021-2022,19,1649269800,finished,Burnley,Everton,6,48,3.0,2.0,Turf Moor,Mike Dean,19830.0,51.0,49.0,3.0,2.0,13.0,16.0,2.0,1.0,9.0,6.0,11.0,16.0,337.0,324.0,11.0,19.0,15.0,11.0,2.0,2.0,,,4.0,4.0,0.0,2.0,6.0,4.0,3.0,8.0,10.0,12.0,3.0,4.0,3.0,2.0,,,0.0,1.0,2.0,2.0,1.0,0.0,221.0,207.0,36.0,25.0,58.0,53.0,25.0,20.0,2.0,5.0,50.0,50.0,5.0,6.0,34.0,42.0,30.0,21.0,8.0,12.0,2.0,11.0,17.0,9.0,27.0,35.0,10.0,8.0,,,,,,,,,,
9576280,2021-2022,32,1649444400,finished,Newcastle United,Wolverhampton,39,3,1.0,0.0,St James' Park,Peter Bankes,52164.0,41.0,59.0,1.0,0.0,12.0,5.0,2.0,3.0,1.0,2.0,6.0,13.0,378.0,546.0,11.0,24.0,13.0,6.0,1.0,1.0,,,4.0,2.0,0.0,0.0,3.0,2.0,5.0,1.0,8.0,3.0,4.0,2.0,1.0,0.0,,,1.0,0.0,4.0,2.0,1.0,0.0,308.0,453.0,20.0,19.0,51.0,46.0,30.0,24.0,2.0,2.0,48.0,52.0,18.0,2.0,34.0,39.0,11.0,10.0,10.0,9.0,7.0,12.0,8.0,7.0,13.0,15.0,5.0,8.0,,,,,,,,,,
9576242,2021-2022,32,1649503800,finished,Everton,Manchester United,48,35,1.0,0.0,Goodison Park,Jonathan Moss,,33.0,67.0,0.0,1.0,7.0,12.0,4.0,2.0,5.0,7.0,4.0,10.0,307.0,641.0,18.0,15.0,8.0,4.0,2.0,2.0,,,3.0,4.0,0.0,0.0,2.0,1.0,2.0,7.0,4.0,7.0,3.0,5.0,,,0.0,1.0,,,2.0,1.0,1.0,2.0,203.0,523.0,25.0,27.0,67.0,66.0,18.0,24.0,3.0,5.0,48.0,52.0,11.0,8.0,36.0,29.0,16.0,28.0,10.0,10.0,12.0,10.0,12.0,12.0,35.0,14.0,6.0,7.0,,,,,,,,,,
9576285,2021-2022,32,1649512800,finished,Watford,Leeds United,24,34,0.0,3.0,Vicarage Road,Andre Marriner,20957.0,48.0,52.0,2.0,1.0,8.0,10.0,2.0,1.0,3.0,7.0,8.0,12.0,380.0,412.0,21.0,46.0,12.0,8.0,2.0,0.0,,,1.0,5.0,0.0,0.0,7.0,5.0,0.0,0.0,3.0,6.0,5.0,4.0,0.0,1.0,2.0,0.0,,,5.0,0.0,3.0,1.0,253.0,263.0,40.0,26.0,59.0,65.0,20.0,19.0,4.0,3.0,49.0,51.0,14.0,12.0,60.0,66.0,25.0,22.0,27.0,12.0,15.0,27.0,14.0,18.0,18.0,19.0,10.0,7.0,,,,,,,,,,
9576245,2021-2022,32,1649512800,finished,Arsenal,Brighton & Hove Albion,42,30,1.0,2.0,Emirates Stadium,David Coote,60112.0,65.0,35.0,3.0,1.0,20.0,8.0,1.0,3.0,11.0,2.0,12.0,19.0,512.0,283.0,9.0,21.0,17.0,10.0,3.0,4.0,,,4.0,3.0,2.0,0.0,5.0,4.0,11.0,1.0,13.0,2.0,7.0,6.0,0.0,1.0,3.0,0.0,,,6.0,0.0,2.0,2.0,426.0,202.0,17.0,19.0,65.0,40.0,24.0,13.0,5.0,1.0,44.0,56.0,15.0,6.0,32.0,36.0,9.0,16.0,6.0,5.0,6.0,13.0,6.0,16.0,7.0,28.0,3.0,4.0,,,,,,,,,,
9576284,2021-2022,32,1649512800,finished,Southampton,Chelsea,45,38,0.0,6.0,St. Mary's Stadium,Kevin Friend,,29.0,71.0,1.0,9.0,4.0,24.0,8.0,1.0,2.0,3.0,11.0,10.0,292.0,748.0,18.0,29.0,10.0,11.0,1.0,0.0,,,1.0,14.0,0.0,3.0,0.0,8.0,3.0,2.0,2.0,18.0,2.0,6.0,0.0,5.0,1.0,4.0,,,3.0,5.0,0.0,1.0,218.0,662.0,24.0,17.0,34.0,78.0,19.0,19.0,2.0,3.0,37.0,63.0,18.0,11.0,30.0,47.0,9.0,20.0,3.0,8.0,11.0,19.0,10.0,4.0,15.0,14.0,7.0,3.0,,,,,,,,,,
9576431,2021-2022,32,1649521800,finished,Aston Villa,Tottenham Hotspur,40,33,0.0,4.0,Villa Park,Graham Scott,,52.0,48.0,2.0,1.0,19.0,11.0,1.0,8.0,9.0,3.0,12.0,14.0,477.0,461.0,15.0,20.0,14.0,12.0,2.0,3.0,,,8.0,5.0,0.0,0.0,5.0,1.0,6.0,5.0,13.0,7.0,6.0,4.0,0.0,1.0,2.0,0.0,0.0,1.0,5.0,0.0,1.0,2.0,424.0,404.0,16.0,11.0,51.0,27.0,15.0,23.0,6.0,0.0,51.0,49.0,11.0,7.0,38.0,41.0,10.0,6.0,9.0,9.0,10.0,9.0,3.0,6.0,8.0,28.0,4.0,9.0,,,,,,,,,,
9576281,2021-2022,32,1649595600,finished,Norwich City,Burnley,263,6,2.0,0.0,Carrow Road,Michael Oliver,26361.0,45.0,55.0,2.0,1.0,17.0,18.0,3.0,4.0,6.0,7.0,12.0,10.0,352.0,412.0,10.0,23.0,9.0,12.0,1.0,1.0,,,6.0,4.0,1.0,1.0,6.0,9.0,5.0,5.0,9.0,11.0,8.0,7.0,1.0,0.0,1.0,1.0,1.0,0.0,4.0,4.0,3.0,3.0,229.0,283.0,18.0,29.0,57.0,86.0,14.0,37.0,3.0,8.0,42.0,58.0,11.0,5.0,26.0,45.0,27.0,27.0,7.0,10.0,7.0,12.0,7.0,12.0,43.0,19.0,11.0,6.0,,,,,,,,,,
9576244,2021-2022,32,1649595600,finished,Brentford,West Ham United,50,37,2.0,0.0,Brentford Community Stadium,Martin Atkinson,17032.0,47.0,53.0,2.0,0.0,15.0,5.0,1.0,5.0,4.0,6.0,2.0,6.0,477.0,540.0,11.0,10.0,5.0,2.0,0.0,1.0,,,7.0,1.0,0.0,0.0,3.0,3.0,5.0,1.0,12.0,3.0,3.0,2.0,1.0,0.0,1.0,0.0,1.0,0.0,1.0,0.0,1.0,2.0,398.0,455.0,20.0,13.0,49.0,49.0,31.0,26.0,3.0,3.0,49.0,51.0,3.0,3.0,17.0,20.0,15.0,13.0,1.0,8.0,5.0,4.0,10.0,10.0,16.0,33.0,9.0,6.0,,,,,,,,,,
9576452,2021-2022,32,1649595600,finished,Leicester City,Crystal Palace,31,7,2.0,1.0,King Power Stadium,Robert Jones,31896.0,51.0,49.0,0.0,2.0,12.0,11.0,2.0,1.0,3.0,4.0,11.0,12.0,511.0,495.0,20.0,17.0,12.0,11.0,1.0,1.0,,,3.0,3.0,0.0,0.0,3.0,3.0,6.0,5.0,6.0,11.0,6.0,0.0,0.0,1.0,0.0,1.0,2.0,1.0,3.0,3.0,,,429.0,413.0,22.0,19.0,57.0,36.0,20.0,21.0,3.0,2.0,48.0,52.0,15.0,13.0,37.0,40.0,11.0,12.0,5.0,12.0,9.0,8.0,11.0,14.0,10.0,15.0,4.0,7.0,,,,,,,,,,
9576282,2021-2022,32,1649604600,finished,Manchester City,Liverpool,17,44,2.0,2.0,Etihad Stadium,Anthony Taylor,53197.0,55.0,45.0,2.0,3.0,11.0,6.0,2.0,2.0,4.0,1.0,9.0,11.0,566.0,468.0,17.0,18.0,10.0,8.0,1.0,4.0,,,5.0,4.0,2.0,0.0,4.0,2.0,2.0,0.0,7.0,4.0,4.0,2.0,1.0,2.0,1.0,1.0,2.0,4.0,5.0,1.0,5.0,2.0,486.0,377.0,20.0,15.0,68.0,55.0,41.0,29.0,2.0,1.0,54.0,46.0,4.0,12.0,37.0,30.0,9.0,9.0,10.0,4.0,6.0,12.0,8.0,8.0,11.0,18.0,2.0,10.0,,,,,,,,,,
9576304,2021-2022,33,1650108600,finished,Tottenham Hotspur,Brighton & Hove Albion,33,30,0.0,1.0,Tottenham Hotspur Stadium,Craig Pawson,58685.0,49.0,51.0,1.0,1.0,5.0,12.0,3.0,0.0,4.0,4.0,14.0,10.0,480.0,499.0,15.0,17.0,10.0,13.0,3.0,3.0,,,0.0,5.0,0.0,0.0,3.0,5.0,2.0,2.0,3.0,8.0,2.0,4.0,0.0,1.0,1.0,0.0,,,1.0,0.0,0.0,3.0,393.0,419.0,23.0,17.0,51.0,70.0,17.0,21.0,0.0,3.0,50.0,50.0,11.0,12.0,34.0,36.0,17.0,15.0,9.0,6.0,8.0,10.0,8.0,9.0,16.0,12.0,8.0,3.0,,,,,,,,,,
9576296,2021-2022,33,1650117600,finished,Watford,Brentford,24,50,1.0,2.0,Vicarage Road,Simon Hooper,,51.0,49.0,2.0,3.0,18.0,16.0,3.0,3.0,6.0,5.0,11.0,9.0,395.0,382.0,13.0,22.0,8.0,11.0,2.0,1.0,,,4.0,5.0,1.0,0.0,9.0,7.0,5.0,4.0,13.0,9.0,5.0,7.0,0.0,2.0,2.0,1.0,1.0,0.0,4.0,3.0,,,300.0,282.0,24.0,36.0,57.0,68.0,30.0,29.0,7.0,6.0,45.0,55.0,13.0,4.0,26.0,45.0,26.0,18.0,5.0,12.0,11.0,12.0,17.0,6.0,20.0,15.0,5.0,9.0,,,,,,,,,,
9576346,2021-2022,33,1650117600,postponed,Everton,Crystal Palace,48,7,,,Goodison Park,,,,,,,,,,,,,,,,,,,,,,,,,,,,,,,,,,,,,,,,,,,,,,,,,,,,,,,,,,,,,,,,,,,,,,,,,,,,,,,,,,,,
9576435,2021-2022,33,1650117600,finished,Southampton,Arsenal,45,42,1.0,0.0,St. Mary's Stadium,Peter Bankes,31465.0,24.0,76.0,1.0,1.0,9.0,23.0,6.0,2.0,6.0,8.0,6.0,6.0,213.0,655.0,14.0,12.0,6.0,6.0,2.0,1.0,,,3.0,6.0,0.0,0.0,1.0,12.0,5.0,5.0,6.0,13.0,3.0,10.0,,,1.0,1.0,,,2.0,3.0,2.0,0.0,131.0,582.0,13.0,26.0,36.0,72.0,17.0,13.0,2.0,4.0,47.0,53.0,5.0,8.0,24.0,28.0,18.0,20.0,4.0,11.0,7.0,7.0,17.0,5.0,36.0,20.0,15.0,2.0,,,,,,,,,,
9576291,2021-2022,33,1650117600,finished,Manchester United,Norwich City,35,263,3.0,2.0,Old Trafford,Andy Madley,73381.0,61.0,39.0,1.0,3.0,20.0,15.0,2.0,6.0,6.0,7.0,8.0,6.0,623.0,386.0,16.0,20.0,6.0,8.0,,,,,9.0,4.0,0.0,0.0,5.0,7.0,6.0,4.0,12.0,8.0,8.0,7.0,1.0,2.0,0.0,1.0,1.0,2.0,1.0,3.0,3.0,0.0,556.0,313.0,18.0,12.0,65.0,41.0,24.0,28.0,3.0,3.0,51.0,49.0,6.0,6.0,40.0,38.0,7.0,8.0,18.0,10.0,11.0,11.0,10.0,6.0,11.0,18.0,7.0,6.0,,,,,,,,,,
9576347,2021-2022,33,1650126600,postponed,Aston Villa,Liverpool,40,44,,,Villa Park,,,,,,,,,,,,,,,,,,,,,,,,,,,,,,,,,,,,,,,,,,,,,,,,,,,,,,,,,,,,,,,,,,,,,,,,,,,,,,,,,,,,
9576294,2021-2022,33,1650193200,postponed,Leeds United,Chelsea,34,38,,,Elland Road,,,,,,,,,,,,,,,,,,,,,,,,,,,,,,,,,,,,,,,,,,,,,,,,,,,,,,,,,,,,,,,,,,,,,,,,,,,,,,,,,,,,
9576303,2021-2022,33,1650201300,finished,West Ham United,Burnley,37,6,1.0,1.0,London Stadium,Paul Tierney,,61.0,39.0,3.0,2.0,21.0,9.0,0.0,5.0,13.0,4.0,9.0,11.0,505.0,325.0,6.0,11.0,10.0,9.0,2.0,2.0,,,8.0,1.0,0.0,1.0,8.0,6.0,5.0,2.0,17.0,8.0,4.0,1.0,1.0,1.0,2.0,1.0,0.0,1.0,2.0,3.0,1.0,1.0,428.0,237.0,27.0,12.0,56.0,61.0,26.0,25.0,8.0,4.0,51.0,49.0,10.0,3.0,24.0,22.0,15.0,15.0,8.0,2.0,1.0,5.0,6.0,7.0,23.0,25.0,6.0,11.0,,,,,,,,,,
9576279,2021-2022,33,1650201300,finished,Newcastle United,Leicester City,39,31,2.0,1.0,St James' Park,Jarred Gillett,,31.0,69.0,3.0,0.0,16.0,8.0,1.0,5.0,3.0,5.0,10.0,10.0,264.0,584.0,26.0,22.0,9.0,10.0,2.0,2.0,,,7.0,2.0,0.0,0.0,8.0,2.0,1.0,4.0,10.0,5.0,6.0,3.0,2.0,0.0,1.0,0.0,,,0.0,1.0,1.0,0.0,169.0,490.0,25.0,27.0,60.0,60.0,19.0,31.0,4.0,3.0,57.0,43.0,14.0,13.0,47.0,38.0,20.0,13.0,12.0,6.0,14.0,17.0,16.0,7.0,18.0,12.0,6.0,11.0,,,,,,,,,,
9576348,2021-2022,33,1650209400,postponed,Wolverhampton,Manchester City,3,17,,,Molineux Stadium,,,,,,,,,,,,,,,,,,,,,,,,,,,,,,,,,,,,,,,,,,,,,,,,,,,,,,,,,,,,,,,,,,,,,,,,,,,,,,,,,,,,
10196718,2021-2022,30,1650394800,finished,Liverpool,Manchester United,44,35,4.0,0.0,Anfield,Martin Atkinson,,72.0,28.0,4.0,0.0,14.0,2.0,1.0,1.0,9.0,2.0,3.0,6.0,897.0,354.0,15.0,22.0,6.0,3.0,1.0,2.0,,,5.0,1.0,0.0,0.0,6.0,0.0,3.0,1.0,11.0,1.0,3.0,1.0,2.0,0.0,2.0,0.0,3.0,1.0,1.0,1.0,3.0,2.0,818.0,260.0,21.0,12.0,89.0,42.0,34.0,14.0,4.0,2.0,49.0,51.0,16.0,11.0,28.0,32.0,11.0,9.0,7.0,7.0,11.0,14.0,10.0,16.0,6.0,16.0,4.0,5.0,,,,,,,,,,
10196717,2021-2022,30,1650480300,finished,Newcastle United,Crystal Palace,39,7,1.0,0.0,St James' Park,Tony Harrington,51938.0,36.0,64.0,,,13.0,10.0,2.0,3.0,2.0,5.0,12.0,12.0,347.0,589.0,18.0,20.0,12.0,12.0,1.0,1.0,,,4.0,2.0,0.0,0.0,3.0,6.0,6.0,2.0,9.0,9.0,4.0,1.0,,,,,,,2.0,2.0,2.0,3.0,261.0,490.0,26.0,20.0,49.0,53.0,20.0,27.0,1.0,6.0,53.0,47.0,9.0,9.0,44.0,37.0,21.0,20.0,14.0,5.0,12.0,10.0,14.0,7.0,22.0,14.0,6.0,4.0,,,,,,,,,,
10196711,2021-2022,18,1650480300,finished,Everton,Leicester City,48,31,1.0,1.0,Goodison Park,David Coote,,37.0,63.0,2.0,0.0,13.0,11.0,2.0,2.0,5.0,4.0,8.0,17.0,353.0,631.0,14.0,11.0,17.0,8.0,4.0,2.0,,,3.0,3.0,0.0,0.0,8.0,1.0,2.0,7.0,8.0,7.0,5.0,4.0,,,2.0,0.0,,,2.0,1.0,0.0,1.0,259.0,517.0,23.0,23.0,59.0,62.0,28.0,26.0,6.0,2.0,59.0,41.0,7.0,6.0,41.0,24.0,21.0,19.0,10.0,6.0,9.0,5.0,13.0,4.0,13.0,15.0,5.0,11.0,,,,,,,,,,
10196712,2021-2022,25,1650480300,finished,Chelsea,Arsenal,38,42,2.0,4.0,Stamford Bridge,Jonathan Moss,32249.0,68.0,32.0,0.0,2.0,11.0,14.0,,,6.0,1.0,7.0,6.0,704.0,332.0,23.0,20.0,4.0,7.0,3.0,1.0,,,2.0,4.0,0.0,0.0,5.0,7.0,4.0,3.0,9.0,10.0,2.0,4.0,0.0,2.0,,,0.0,1.0,2.0,2.0,1.0,4.0,605.0,251.0,21.0,16.0,72.0,42.0,23.0,13.0,3.0,1.0,51.0,49.0,14.0,12.0,35.0,34.0,14.0,14.0,8.0,7.0,13.0,9.0,10.0,15.0,5.0,25.0,8.0,8.0,,,,,,,,,,
10196714,2021-2022,30,1650481200,finished,Manchester City,Brighton & Hove Albion,17,30,3.0,0.0,Etihad Stadium,Mike Dean,52226.0,65.0,35.0,1.0,0.0,17.0,2.0,1.0,2.0,7.0,4.0,12.0,7.0,667.0,353.0,16.0,20.0,7.0,12.0,0.0,3.0,,,5.0,1.0,0.0,0.0,4.0,1.0,8.0,0.0,9.0,1.0,8.0,1.0,1.0,0.0,,,,,0.0,3.0,1.0,2.0,586.0,260.0,16.0,14.0,80.0,47.0,39.0,23.0,1.0,1.0,45.0,55.0,10.0,6.0,27.0,39.0,14.0,11.0,4.0,7.0,11.0,10.0,11.0,5.0,14.0,15.0,3.0,9.0,,,,,,,,,,
9576461,2021-2022,30,1646940600,finished,Norwich City,Chelsea,263,38,1.0,3.0,Carrow Road,Martin Atkinson,,34.0,66.0,1.0,3.0,8.0,15.0,4.0,2.0,3.0,8.0,8.0,15.0,353.0,712.0,16.0,15.0,13.0,8.0,0.0,2.0,,,3.0,7.0,0.0,0.0,4.0,5.0,1.0,3.0,2.0,12.0,6.0,3.0,1.0,1.0,0.0,2.0,0.0,1.0,2.0,4.0,2.0,1.0,292.0,653.0,15.0,14.0,37.0,59.0,20.0,25.0,3.0,4.0,46.0,54.0,11.0,7.0,34.0,33.0,4.0,11.0,5.0,10.0,9.0,10.0,11.0,11.0,12.0,17.0,6.0,8.0,,,,,,,,,,
10144887,2021-2022,20,1646941500,finished,Leeds United,Aston Villa,34,40,0.0,3.0,Elland Road,Simon Hooper,,51.0,49.0,0.0,1.0,4.0,15.0,6.0,1.0,3.0,5.0,17.0,11.0,419.0,405.0,25.0,15.0,11.0,17.0,5.0,3.0,,,1.0,9.0,0.0,0.0,2.0,2.0,1.0,4.0,2.0,9.0,2.0,6.0,0.0,1.0,,,0.0,2.0,4.0,2.0,3.0,5.0,329.0,337.0,20.0,18.0,59.0,41.0,31.0,17.0,0.0,3.0,49.0,51.0,4.0,14.0,51.0,50.0,6.0,9.0,15.0,18.0,18.0,8.0,6.0,9.0,12.0,19.0,5.0,9.0,,,,,,,,,,
9576337,2021-2022,29,1647088200,finished,Brighton & Hove Albion,Liverpool,30,44,0.0,2.0,American Express Stadium,Mike Dean,31474.0,52.0,48.0,1.0,3.0,8.0,18.0,7.0,3.0,7.0,5.0,12.0,15.0,430.0,401.0,13.0,15.0,13.0,11.0,3.0,1.0,,,3.0,9.0,0.0,1.0,4.0,6.0,1.0,3.0,4.0,15.0,4.0,3.0,0.0,2.0,1.0,1.0,0.0,2.0,2.0,4.0,1.0,1.0,336.0,313.0,27.0,19.0,47.0,50.0,21.0,36.0,4.0,5.0,51.0,49.0,11.0,10.0,36.0,33.0,6.0,7.0,10.0,7.0,5.0,9.0,6.0,9.0,19.0,11.0,7.0,10.0,,,,,,,,,,
9576448,2021-2022,29,1647097200,finished,Brentford,Burnley,50,6,2.0,0.0,Brentford Community Stadium,Paul Tierney,,55.0,45.0,2.0,2.0,13.0,7.0,1.0,1.0,2.0,9.0,6.0,10.0,475.0,373.0,16.0,15.0,10.0,6.0,1.0,1.0,0.0,1.0,4.0,1.0,0.0,1.0,3.0,5.0,6.0,1.0,7.0,3.0,6.0,4.0,2.0,0.0,0.0,2.0,1.0,0.0,1.0,1.0,4.0,4.0,325.0,238.0,30.0,15.0,80.0,77.0,33.0,22.0,6.0,4.0,54.0,46.0,5.0,6.0,28.0,22.0,24.0,23.0,3.0,1.0,11.0,9.0,11.0,10.0,32.0,20.0,5.0,4.0,,,,,,,,,,
9576426,2021-2022,29,1647106200,finished,Manchester United,Tottenham Hotspur,35,33,3.0,2.0,Old Trafford,Jonathan Moss,73458.0,44.0,56.0,1.0,2.0,10.0,10.0,1.0,3.0,4.0,5.0,8.0,7.0,459.0,584.0,13.0,16.0,6.0,7.0,2.0,1.0,,,6.0,3.0,0.0,0.0,3.0,2.0,1.0,5.0,8.0,7.0,2.0,3.0,1.0,1.0,0.0,1.0,,,1.0,4.0,0.0,2.0,391.0,520.0,9.0,17.0,47.0,55.0,30.0,20.0,2.0,1.0,47.0,53.0,11.0,8.0,31.0,37.0,10.0,10.0,12.0,14.0,9.0,9.0,14.0,4.0,14.0,3.0,10.0,4.0,,,,,,,,,,
9576325,2021-2022,29,1647180000,finished,Southampton,Watford,45,24,1.0,2.0,St. Mary's Stadium,Graham Scott,28863.0,63.0,37.0,2.0,3.0,13.0,9.0,3.0,5.0,11.0,3.0,8.0,12.0,498.0,306.0,17.0,18.0,11.0,7.0,3.0,2.0,,,7.0,5.0,0.0,0.0,5.0,3.0,1.0,1.0,10.0,6.0,3.0,3.0,1.0,2.0,1.0,1.0,0.0,1.0,7.0,0.0,,,386.0,203.0,32.0,16.0,66.0,71.0,22.0,27.0,10.0,2.0,50.0,50.0,11.0,7.0,35.0,31.0,23.0,28.0,7.0,8.0,9.0,15.0,8.0,20.0,12.0,32.0,7.0,7.0,,,,,,,,,,
9576249,2021-2022,29,1647180000,finished,Leeds United,Norwich City,34,263,2.0,1.0,Elland Road,Stuart Attwell,36321.0,53.0,47.0,5.0,2.0,13.0,12.0,3.0,5.0,6.0,2.0,18.0,8.0,421.0,382.0,28.0,12.0,8.0,18.0,3.0,1.0,,,7.0,4.0,2.0,1.0,5.0,4.0,1.0,4.0,10.0,5.0,3.0,7.0,1.0,1.0,4.0,1.0,3.0,3.0,1.0,3.0,2.0,3.0,315.0,278.0,27.0,27.0,55.0,45.0,31.0,24.0,5.0,4.0,48.0,52.0,5.0,10.0,45.0,47.0,14.0,17.0,9.0,17.0,17.0,9.0,14.0,10.0,14.0,11.0,5.0,12.0,,,,,,,,,,
9576444,2021-2022,29,1647180000,finished,West Ham United,Aston Villa,37,40,2.0,1.0,London Stadium,Jarred Gillett,,47.0,53.0,2.0,1.0,11.0,13.0,6.0,2.0,5.0,7.0,9.0,3.0,443.0,501.0,11.0,17.0,3.0,8.0,1.0,0.0,,,4.0,7.0,0.0,1.0,5.0,2.0,2.0,4.0,7.0,9.0,4.0,4.0,1.0,0.0,1.0,1.0,0.0,1.0,0.0,2.0,,,365.0,423.0,18.0,20.0,60.0,57.0,37.0,20.0,4.0,4.0,43.0,57.0,7.0,7.0,21.0,31.0,14.0,15.0,7.0,7.0,3.0,10.0,13.0,14.0,19.0,11.0,4.0,10.0,,,,,,,,,,
9576252,2021-2022,29,1647180000,finished,Everton,Wolverhampton,48,3,0.0,1.0,Goodison Park,Michael Oliver,39112.0,38.0,62.0,,,7.0,14.0,2.0,2.0,5.0,2.0,13.0,11.0,356.0,597.0,22.0,12.0,11.0,12.0,4.0,1.0,1.0,0.0,2.0,3.0,0.0,0.0,5.0,5.0,0.0,6.0,3.0,5.0,4.0,9.0,,,,,1.0,0.0,3.0,4.0,7.0,0.0,276.0,518.0,17.0,14.0,41.0,60.0,15.0,42.0,3.0,2.0,55.0,45.0,8.0,14.0,43.0,33.0,11.0,12.0,10.0,9.0,11.0,8.0,10.0,13.0,11.0,19.0,7.0,7.0,,,,,,,,,,
9576253,2021-2022,29,1647180000,finished,Chelsea,Newcastle United,38,39,1.0,0.0,Stamford Bridge,David Coote,40026.0,73.0,27.0,2.0,0.0,8.0,7.0,2.0,2.0,7.0,2.0,17.0,17.0,570.0,209.0,14.0,16.0,17.0,16.0,4.0,3.0,,,3.0,2.0,1.0,0.0,4.0,5.0,1.0,0.0,5.0,5.0,3.0,2.0,1.0,0.0,1.0,0.0,2.0,0.0,6.0,4.0,3.0,6.0,491.0,130.0,15.0,22.0,53.0,50.0,20.0,20.0,2.0,3.0,47.0,53.0,13.0,4.0,37.0,39.0,10.0,15.0,6.0,7.0,8.0,6.0,6.0,3.0,13.0,22.0,5.0,9.0,,,,,,,,,,
9576212,2021-2022,29,1647189000,finished,Arsenal,Leicester City,42,31,2.0,0.0,Emirates Stadium,Anthony Taylor,60111.0,46.0,54.0,3.0,1.0,21.0,6.0,3.0,5.0,2.0,6.0,8.0,10.0,481.0,564.0,15.0,17.0,9.0,7.0,0.0,3.0,,,8.0,3.0,1.0,0.0,4.0,1.0,9.0,2.0,16.0,4.0,5.0,2.0,1.0,0.0,2.0,1.0,0.0,1.0,4.0,0.0,2.0,0.0,415.0,494.0,14.0,23.0,58.0,47.0,14.0,32.0,3.0,3.0,53.0,47.0,6.0,11.0,30.0,24.0,6.0,8.0,6.0,0.0,9.0,10.0,11.0,10.0,15.0,10.0,2.0,8.0,,,,,,,,,,
9576250,2021-2022,29,1647288000,finished,Crystal Palace,Manchester City,7,17,0.0,0.0,Selhurst Park,Martin Atkinson,25309.0,26.0,74.0,0.0,4.0,7.0,19.0,5.0,1.0,2.0,6.0,6.0,11.0,269.0,765.0,16.0,13.0,11.0,6.0,3.0,1.0,,,1.0,4.0,0.0,2.0,5.0,9.0,1.0,6.0,6.0,13.0,1.0,6.0,,,0.0,4.0,0.0,1.0,,,2.0,3.0,174.0,663.0,15.0,27.0,33.0,89.0,20.0,37.0,0.0,6.0,47.0,53.0,10.0,7.0,41.0,34.0,8.0,22.0,14.0,15.0,9.0,9.0,8.0,9.0,32.0,8.0,15.0,7.0,,,,,,,,,,
10144879,2021-2022,16,1647459000,finished,Brighton & Hove Albion,Tottenham Hotspur,30,33,0.0,2.0,American Express Stadium,Robert Jones,,48.0,52.0,1.0,4.0,15.0,17.0,5.0,0.0,6.0,3.0,11.0,9.0,496.0,551.0,16.0,11.0,9.0,11.0,2.0,2.0,,,0.0,7.0,0.0,0.0,7.0,4.0,8.0,6.0,9.0,10.0,6.0,7.0,0.0,1.0,1.0,3.0,0.0,1.0,3.0,1.0,3.0,1.0,424.0,481.0,16.0,15.0,51.0,39.0,14.0,24.0,5.0,1.0,53.0,47.0,10.0,7.0,31.0,26.0,10.0,11.0,6.0,4.0,10.0,8.0,11.0,8.0,12.0,22.0,7.0,4.0,,,,,,,,,,
10144875,2021-2022,27,1647461700,finished,Arsenal,Liverpool,42,44,0.0,2.0,Emirates Stadium,Andre Marriner,59968.0,48.0,52.0,1.0,1.0,9.0,9.0,1.0,2.0,1.0,6.0,9.0,9.0,505.0,528.0,16.0,16.0,9.0,7.0,0.0,1.0,,,2.0,3.0,0.0,0.0,3.0,2.0,4.0,4.0,3.0,7.0,6.0,2.0,0.0,1.0,1.0,0.0,0.0,1.0,1.0,1.0,4.0,2.0,407.0,434.0,23.0,17.0,66.0,50.0,32.0,23.0,2.0,5.0,52.0,48.0,14.0,11.0,39.0,27.0,6.0,15.0,14.0,4.0,12.0,8.0,5.0,11.0,17.0,15.0,6.0,5.0,,,,,,,,,,
10144888,2021-2022,20,1647546300,finished,Everton,Newcastle United,48,39,1.0,0.0,Goodison Park,Craig Pawson,39068.0,38.0,62.0,1.0,0.0,9.0,17.0,6.0,2.0,5.0,7.0,13.0,11.0,276.0,447.0,18.0,15.0,11.0,12.0,2.0,1.0,1.0,0.0,3.0,6.0,0.0,0.0,3.0,6.0,3.0,5.0,5.0,8.0,4.0,9.0,1.0,0.0,,,,,2.0,2.0,1.0,1.0,183.0,344.0,21.0,27.0,51.0,61.0,24.0,34.0,6.0,6.0,49.0,51.0,6.0,6.0,35.0,33.0,31.0,35.0,7.0,6.0,9.0,11.0,3.0,2.0,28.0,11.0,11.0,6.0,,,,,,,,,,
9576425,2021-2022,30,1647633600,finished,Wolverhampton,Leeds United,3,34,2.0,3.0,Molineux Stadium,Kevin Friend,,48.0,52.0,2.0,6.0,14.0,15.0,2.0,6.0,2.0,5.0,13.0,14.0,414.0,448.0,15.0,26.0,14.0,13.0,3.0,5.0,1.0,0.0,8.0,6.0,1.0,2.0,4.0,7.0,2.0,2.0,8.0,11.0,6.0,4.0,1.0,3.0,1.0,3.0,0.0,3.0,1.0,4.0,1.0,3.0,333.0,360.0,23.0,20.0,46.0,56.0,36.0,20.0,5.0,3.0,46.0,54.0,9.0,8.0,43.0,48.0,10.0,14.0,14.0,9.0,9.0,17.0,8.0,7.0,14.0,16.0,8.0,5.0,,,,,,,,,,
9576261,2021-2022,30,1647648000,canceled,Burnley,Southampton,6,45,,,Turf Moor,,,,,,,,,,,,,,,,,,,,,,,,,,,,,,,,,,,,,,,,,,,,,,,,,,,,,,,,,,,,,,,,,,,,,,,,,,,,,,,,,,,,
9576328,2021-2022,30,1647648000,canceled,Manchester City,Brighton & Hove Albion,17,30,,,Etihad Stadium,,,,,,,,,,,,,,,,,,,,,,,,,,,,,,,,,,,,,,,,,,,,,,,,,,,,,,,,,,,,,,,,,,,,,,,,,,,,,,,,,,,,
9576257,2021-2022,30,1647693000,finished,Aston Villa,Arsenal,40,42,0.0,1.0,Villa Park,Andy Madley,,47.0,53.0,0.0,1.0,8.0,10.0,3.0,1.0,6.0,5.0,13.0,14.0,441.0,521.0,10.0,13.0,14.0,12.0,3.0,3.0,,,1.0,3.0,1.0,0.0,6.0,3.0,1.0,4.0,5.0,4.0,3.0,6.0,,,0.0,1.0,,,4.0,3.0,1.0,1.0,374.0,449.0,20.0,20.0,57.0,65.0,14.0,26.0,5.0,2.0,51.0,49.0,8.0,6.0,30.0,28.0,5.0,6.0,6.0,3.0,6.0,10.0,4.0,5.0,13.0,25.0,6.0,11.0,,,,,,,,,,
9576256,2021-2022,30,1647734400,canceled,Newcastle United,Crystal Palace,39,7,,,St James' Park,,,,,,,,,,,,,,,,,,,,,,,,,,,,,,,,,,,,,,,,,,,,,,,,,,,,,,,,,,,,,,,,,,,,,,,,,,,,,,,,,,,,
9576246,2021-2022,30,1647734400,canceled,Liverpool,Manchester United,44,35,,,Anfield,,,,,,,,,,,,,,,,,,,,,,,,,,,,,,,,,,,,,,,,,,,,,,,,,,,,,,,,,,,,,,,,,,,,,,,,,,,,,,,,,,,,
9576235,2021-2022,30,1647784800,canceled,Watford,Everton,24,48,,,Vicarage Road,,,,,,,,,,,,,,,,,,,,,,,,,,,,,,,,,,,,,,,,,,,,,,,,,,,,,,,,,,,,,,,,,,,,,,,,,,,,,,,,,,,,
9576248,2021-2022,30,1647784800,finished,Leicester City,Brentford,31,50,2.0,1.0,King Power Stadium,Darren England,31830.0,53.0,47.0,3.0,2.0,12.0,15.0,5.0,2.0,2.0,5.0,10.0,10.0,514.0,452.0,14.0,8.0,10.0,10.0,1.0,2.0,,,4.0,6.0,0.0,0.0,6.0,3.0,2.0,6.0,6.0,11.0,6.0,4.0,,,3.0,2.0,,,2.0,2.0,2.0,3.0,441.0,372.0,12.0,22.0,46.0,59.0,24.0,30.0,3.0,7.0,51.0,49.0,4.0,9.0,33.0,29.0,15.0,17.0,9.0,11.0,8.0,3.0,10.0,11.0,24.0,9.0,7.0,8.0,,,,,,,,,,
9576338,2021-2022,30,1647793800,finished,Tottenham Hotspur,West Ham United,33,37,3.0,1.0,Tottenham Hotspur Stadium,Anthony Taylor,,53.0,47.0,4.0,1.0,17.0,6.0,0.0,2.0,5.0,3.0,7.0,7.0,604.0,544.0,13.0,6.0,7.0,7.0,0.0,1.0,,,4.0,1.0,1.0,0.0,8.0,5.0,5.0,0.0,11.0,6.0,6.0,0.0,1.0,1.0,3.0,0.0,2.0,1.0,1.0,0.0,1.0,0.0,546.0,483.0,11.0,13.0,53.0,49.0,23.0,31.0,1.0,2.0,56.0,44.0,5.0,6.0,27.0,21.0,9.0,7.0,7.0,8.0,9.0,3.0,7.0,6.0,8.0,19.0,6.0,8.0,,,,,,,,,,
9576236,2021-2022,31,1648899000,finished,Liverpool,Watford,44,24,2.0,0.0,Anfield,Stuart Attwell,53104.0,73.0,27.0,2.0,2.0,20.0,5.0,2.0,1.0,9.0,3.0,9.0,8.0,716.0,263.0,23.0,23.0,8.0,9.0,1.0,1.0,,,3.0,2.0,0.0,0.0,10.0,2.0,7.0,1.0,12.0,4.0,8.0,1.0,2.0,0.0,0.0,2.0,1.0,1.0,4.0,2.0,1.0,3.0,606.0,166.0,26.0,15.0,83.0,40.0,28.0,14.0,7.0,2.0,54.0,46.0,11.0,14.0,37.0,37.0,21.0,13.0,6.0,5.0,13.0,8.0,7.0,14.0,3.0,23.0,2.0,15.0,,,,,,,,,,
9576320,2021-2022,31,1648908000,finished,Brighton & Hove Albion,Norwich City,30,263,0.0,0.0,American Express Stadium,Simon Hooper,31245.0,63.0,37.0,2.0,1.0,31.0,6.0,0.0,4.0,11.0,2.0,12.0,11.0,478.0,288.0,14.0,17.0,9.0,11.0,1.0,1.0,,,4.0,0.0,0.0,0.0,18.0,3.0,9.0,3.0,17.0,4.0,14.0,2.0,,,2.0,1.0,,,5.0,2.0,1.0,1.0,389.0,191.0,30.0,23.0,75.0,30.0,27.0,13.0,8.0,1.0,49.0,51.0,9.0,8.0,32.0,31.0,15.0,18.0,10.0,3.0,11.0,7.0,10.0,11.0,12.0,38.0,6.0,15.0,,,,,,,,,,
9576234,2021-2022,31,1648908000,finished,Leeds United,Southampton,34,45,1.0,1.0,Elland Road,Anthony Taylor,36580.0,56.0,44.0,2.0,2.0,12.0,14.0,4.0,2.0,4.0,7.0,14.0,7.0,470.0,360.0,19.0,9.0,7.0,14.0,1.0,1.0,,,3.0,6.0,1.0,0.0,2.0,4.0,7.0,4.0,7.0,10.0,5.0,4.0,1.0,0.0,1.0,2.0,,,1.0,4.0,,,333.0,235.0,22.0,17.0,58.0,55.0,24.0,28.0,2.0,7.0,53.0,47.0,5.0,6.0,29.0,37.0,32.0,18.0,4.0,14.0,11.0,4.0,10.0,13.0,33.0,25.0,4.0,10.0,,,,,,,,,,
9576447,2021-2022,31,1648908000,finished,Wolverhampton,Aston Villa,3,40,2.0,1.0,Molineux Stadium,Darren England,31012.0,48.0,52.0,4.0,4.0,11.0,15.0,4.0,3.0,4.0,9.0,15.0,8.0,421.0,441.0,23.0,17.0,8.0,15.0,4.0,3.0,,,5.0,5.0,0.0,0.0,4.0,7.0,2.0,3.0,8.0,9.0,3.0,6.0,0.0,1.0,4.0,3.0,1.0,0.0,1.0,3.0,1.0,1.0,337.0,371.0,20.0,16.0,37.0,52.0,22.0,22.0,1.0,3.0,53.0,47.0,9.0,18.0,40.0,39.0,16.0,10.0,10.0,8.0,11.0,7.0,6.0,8.0,19.0,11.0,6.0,5.0,,,,,,,,,,
9576306,2021-2022,31,1648908000,finished,Burnley,Manchester City,6,17,0.0,2.0,Turf Moor,Craig Pawson,20388.0,23.0,77.0,0.0,1.0,3.0,18.0,4.0,1.0,1.0,8.0,11.0,6.0,235.0,778.0,11.0,7.0,5.0,11.0,1.0,0.0,,,1.0,6.0,0.0,1.0,2.0,9.0,0.0,3.0,2.0,13.0,1.0,5.0,,,0.0,1.0,,,2.0,1.0,5.0,0.0,159.0,693.0,9.0,20.0,35.0,83.0,26.0,47.0,2.0,3.0,52.0,48.0,6.0,7.0,17.0,21.0,20.0,13.0,3.0,3.0,10.0,4.0,7.0,4.0,22.0,5.0,12.0,2.0,,,,,,,,,,
9576238,2021-2022,31,1648908000,finished,Chelsea,Brentford,38,50,1.0,4.0,Stamford Bridge,Andy Madley,39061.0,71.0,29.0,2.0,4.0,21.0,17.0,2.0,7.0,12.0,7.0,11.0,7.0,641.0,260.0,9.0,19.0,7.0,10.0,,,,,8.0,6.0,0.0,0.0,9.0,5.0,4.0,6.0,12.0,14.0,9.0,3.0,0.0,2.0,2.0,2.0,2.0,1.0,2.0,4.0,,,582.0,187.0,22.0,13.0,61.0,45.0,36.0,21.0,6.0,6.0,43.0,57.0,12.0,7.0,26.0,32.0,13.0,19.0,10.0,3.0,7.0,10.0,6.0,8.0,14.0,34.0,8.0,12.0,,,,,,,,,,
9576459,2021-2022,26,1645291800,finished,Manchester City,Tottenham Hotspur,17,33,2.0,3.0,Etihad Stadium,Anthony Taylor,53201.0,71.0,29.0,2.0,4.0,21.0,6.0,2.0,2.0,10.0,0.0,5.0,7.0,755.0,308.0,13.0,13.0,6.0,5.0,0.0,3.0,,,4.0,5.0,1.0,0.0,11.0,1.0,6.0,0.0,16.0,4.0,5.0,2.0,2.0,3.0,0.0,1.0,0.0,2.0,3.0,0.0,1.0,3.0,688.0,242.0,23.0,10.0,105.0,23.0,19.0,24.0,9.0,3.0,60.0,40.0,5.0,5.0,31.0,20.0,13.0,9.0,12.0,2.0,10.0,7.0,9.0,7.0,2.0,37.0,3.0,14.0,,,,,,,,,,
9576301,2021-2022,26,1645365600,finished,Leeds United,Manchester United,34,35,2.0,4.0,Elland Road,Paul Tierney,,55.0,45.0,1.0,4.0,16.0,15.0,5.0,4.0,3.0,3.0,13.0,19.0,409.0,340.0,24.0,19.0,18.0,13.0,6.0,3.0,,,6.0,9.0,0.0,0.0,6.0,2.0,4.0,4.0,10.0,11.0,6.0,4.0,1.0,2.0,0.0,2.0,1.0,0.0,3.0,3.0,4.0,2.0,320.0,247.0,14.0,20.0,51.0,39.0,16.0,19.0,2.0,3.0,50.0,50.0,8.0,14.0,50.0,47.0,4.0,7.0,8.0,15.0,12.0,10.0,17.0,10.0,16.0,12.0,4.0,7.0,,,,,,,,,,
9576223,2021-2022,26,1645374600,finished,Wolverhampton,Leicester City,3,31,2.0,1.0,Molineux Stadium,Craig Pawson,,36.0,64.0,0.0,2.0,11.0,17.0,6.0,1.0,7.0,10.0,12.0,9.0,320.0,567.0,22.0,22.0,9.0,11.0,4.0,4.0,,,3.0,7.0,0.0,0.0,5.0,6.0,3.0,4.0,7.0,9.0,4.0,8.0,0.0,1.0,0.0,1.0,,,3.0,9.0,2.0,2.0,251.0,497.0,19.0,28.0,25.0,57.0,18.0,22.0,5.0,2.0,50.0,50.0,14.0,16.0,38.0,47.0,17.0,8.0,7.0,14.0,9.0,14.0,6.0,6.0,37.0,10.0,8.0,5.0,,,,,,,,,,
10114688,2021-2022,18,1645644600,finished,Watford,Crystal Palace,24,7,1.0,4.0,Vicarage Road,Andre Marriner,,45.0,55.0,3.0,1.0,8.0,7.0,1.0,0.0,6.0,4.0,12.0,9.0,456.0,556.0,11.0,23.0,8.0,12.0,2.0,1.0,,,1.0,5.0,0.0,0.0,4.0,2.0,3.0,0.0,6.0,6.0,2.0,1.0,1.0,1.0,2.0,0.0,0.0,1.0,1.0,1.0,2.0,1.0,363.0,469.0,23.0,18.0,64.0,68.0,31.0,26.0,4.0,3.0,41.0,59.0,9.0,6.0,26.0,42.0,10.0,10.0,7.0,7.0,6.0,14.0,8.0,6.0,13.0,20.0,4.0,7.0,,,,,,,,,,
10114687,2021-2022,13,1645644600,finished,Burnley,Tottenham Hotspur,6,33,1.0,0.0,Turf Moor,Graham Scott,19488.0,34.0,66.0,2.0,0.0,15.0,12.0,2.0,3.0,3.0,7.0,8.0,8.0,326.0,639.0,11.0,15.0,8.0,8.0,,,,,4.0,2.0,0.0,1.0,6.0,7.0,5.0,3.0,8.0,8.0,7.0,4.0,,,2.0,0.0,,,5.0,1.0,3.0,2.0,259.0,543.0,15.0,26.0,51.0,48.0,26.0,23.0,5.0,6.0,49.0,51.0,7.0,7.0,34.0,36.0,17.0,18.0,15.0,13.0,2.0,6.0,24.0,5.0,35.0,15.0,10.0,6.0,,,,,,,,,,
10114693,2021-2022,19,1645645500,finished,Liverpool,Leeds United,44,34,6.0,0.0,Anfield,Michael Oliver,,64.0,36.0,8.0,0.0,23.0,3.0,2.0,8.0,4.0,0.0,5.0,11.0,672.0,378.0,8.0,21.0,10.0,5.0,0.0,3.0,,,15.0,2.0,0.0,0.0,5.0,1.0,3.0,0.0,16.0,1.0,7.0,2.0,6.0,0.0,2.0,0.0,4.0,1.0,4.0,1.0,1.0,6.0,583.0,280.0,20.0,11.0,71.0,39.0,37.0,21.0,5.0,0.0,55.0,45.0,9.0,7.0,38.0,37.0,9.0,1.0,20.0,11.0,3.0,10.0,12.0,15.0,8.0,9.0,2.0,10.0,,,,,,,,,,
10114694,2021-2022,20,1645731900,finished,Arsenal,Wolverhampton,42,3,2.0,1.0,Emirates Stadium,Martin Atkinson,59888.0,56.0,44.0,2.0,3.0,26.0,6.0,1.0,4.0,5.0,4.0,8.0,9.0,508.0,407.0,12.0,21.0,8.0,8.0,1.0,1.0,,,5.0,2.0,1.0,0.0,11.0,4.0,10.0,0.0,20.0,5.0,6.0,1.0,1.0,1.0,1.0,2.0,3.0,1.0,2.0,0.0,2.0,2.0,421.0,303.0,20.0,14.0,76.0,33.0,23.0,22.0,5.0,2.0,49.0,51.0,12.0,6.0,38.0,38.0,11.0,12.0,18.0,9.0,6.0,15.0,4.0,16.0,9.0,23.0,6.0,14.0,,,,,,,,,,
9576208,2021-2022,27,1645819200,finished,Southampton,Norwich City,45,263,2.0,0.0,St. Mary's Stadium,Simon Hooper,31182.0,58.0,42.0,3.0,0.0,27.0,8.0,1.0,7.0,13.0,6.0,12.0,9.0,501.0,360.0,9.0,18.0,9.0,11.0,1.0,2.0,,,9.0,1.0,0.0,0.0,12.0,3.0,6.0,4.0,19.0,4.0,8.0,4.0,1.0,0.0,2.0,0.0,1.0,0.0,2.0,0.0,2.0,1.0,407.0,273.0,28.0,20.0,59.0,36.0,23.0,18.0,10.0,5.0,51.0,49.0,9.0,3.0,28.0,32.0,19.0,14.0,10.0,3.0,5.0,10.0,10.0,7.0,16.0,42.0,5.0,12.0,,,,,,,,,,
9576445,2021-2022,27,1645878600,finished,Leeds United,Tottenham Hotspur,34,33,0.0,4.0,Elland Road,Craig Pawson,36599.0,50.0,50.0,2.0,5.0,19.0,15.0,6.0,2.0,3.0,6.0,16.0,11.0,449.0,474.0,17.0,10.0,11.0,16.0,4.0,2.0,,,3.0,11.0,2.0,0.0,10.0,2.0,6.0,2.0,12.0,13.0,7.0,2.0,0.0,3.0,2.0,2.0,2.0,4.0,7.0,0.0,0.0,3.0,387.0,418.0,13.0,10.0,54.0,39.0,15.0,29.0,4.0,3.0,47.0,53.0,6.0,8.0,33.0,39.0,5.0,4.0,5.0,13.0,6.0,6.0,9.0,12.0,6.0,24.0,2.0,12.0,,,,,,,,,,
9576228,2021-2022,27,1645887600,finished,Crystal Palace,Burnley,7,6,1.0,1.0,Selhurst Park,Jonathan Moss,24203.0,59.0,41.0,1.0,0.0,11.0,5.0,1.0,3.0,5.0,4.0,5.0,16.0,532.0,364.0,13.0,12.0,16.0,5.0,0.0,2.0,,,4.0,1.0,1.0,0.0,2.0,2.0,5.0,2.0,6.0,2.0,5.0,3.0,1.0,0.0,,,,,4.0,3.0,0.0,2.0,408.0,245.0,27.0,26.0,44.0,65.0,27.0,32.0,1.0,2.0,52.0,48.0,10.0,9.0,39.0,23.0,12.0,25.0,10.0,6.0,11.0,5.0,7.0,20.0,19.0,22.0,2.0,5.0,,,,,,,,,,
9576307,2021-2022,27,1645887600,finished,Brentford,Newcastle United,50,39,0.0,2.0,Brentford Community Stadium,Mike Dean,,37.0,63.0,1.0,2.0,6.0,26.0,9.0,1.0,6.0,6.0,9.0,7.0,301.0,504.0,9.0,13.0,6.0,8.0,3.0,1.0,1.0,0.0,1.0,11.0,0.0,0.0,3.0,10.0,2.0,5.0,5.0,18.0,1.0,8.0,0.0,1.0,1.0,1.0,0.0,1.0,3.0,4.0,,,199.0,418.0,18.0,26.0,60.0,54.0,34.0,32.0,5.0,11.0,47.0,53.0,5.0,5.0,20.0,27.0,21.0,20.0,5.0,6.0,6.0,5.0,9.0,6.0,20.0,26.0,15.0,7.0,,,,,,,,,,
9576224,2021-2022,27,1645887600,canceled,Arsenal,Liverpool,42,44,,,Emirates Stadium,,,,,,,,,,,,,,,,,,,,,,,,,,,,,,,,,,,,,,,,,,,,,,,,,,,,,,,,,,,,,,,,,,,,,,,,,,,,,,,,,,,,
9576199,2021-2022,27,1645887600,finished,Manchester United,Watford,35,24,0.0,0.0,Old Trafford,Kevin Friend,,67.0,33.0,4.0,0.0,22.0,10.0,2.0,3.0,4.0,3.0,2.0,7.0,676.0,335.0,20.0,22.0,7.0,2.0,,,,,3.0,2.0,1.0,0.0,12.0,5.0,7.0,3.0,14.0,4.0,8.0,6.0,,,4.0,0.0,1.0,0.0,3.0,0.0,2.0,2.0,574.0,236.0,29.0,13.0,77.0,52.0,36.0,28.0,14.0,3.0,55.0,45.0,13.0,11.0,37.0,37.0,21.0,10.0,10.0,13.0,12.0,12.0,6.0,22.0,4.0,28.0,5.0,17.0,,,,,,,,,,
9576460,2021-2022,27,1645889400,finished,Brighton & Hove Albion,Aston Villa,30,40,0.0,2.0,American Express Stadium,John Brooks,31475.0,67.0,33.0,1.0,2.0,12.0,9.0,2.0,1.0,7.0,2.0,17.0,11.0,569.0,289.0,17.0,22.0,11.0,16.0,4.0,5.0,,,1.0,4.0,1.0,0.0,6.0,2.0,5.0,3.0,6.0,4.0,6.0,5.0,0.0,1.0,1.0,1.0,0.0,2.0,0.0,4.0,,,499.0,228.0,23.0,16.0,68.0,47.0,34.0,16.0,5.0,2.0,46.0,54.0,11.0,12.0,35.0,44.0,12.0,11.0,7.0,6.0,11.0,14.0,4.0,8.0,12.0,24.0,6.0,10.0,,,,,,,,,,
9576231,2021-2022,27,1645896600,finished,Everton,Manchester City,48,17,0.0,1.0,Goodison Park,Paul Tierney,,33.0,67.0,1.0,3.0,6.0,13.0,7.0,2.0,3.0,4.0,7.0,14.0,320.0,676.0,22.0,17.0,14.0,7.0,3.0,2.0,,,2.0,8.0,0.0,0.0,3.0,3.0,1.0,2.0,4.0,8.0,2.0,5.0,0.0,1.0,1.0,2.0,1.0,0.0,2.0,3.0,4.0,2.0,244.0,597.0,12.0,15.0,36.0,61.0,18.0,21.0,0.0,3.0,47.0,53.0,13.0,18.0,45.0,41.0,7.0,17.0,9.0,17.0,10.0,8.0,7.0,12.0,27.0,14.0,9.0,5.0,,,,,,,,,,
9576201,2021-2022,27,1645970400,finished,West Ham United,Wolverhampton,37,3,1.0,0.0,London Stadium,Anthony Taylor,59946.0,39.0,61.0,2.0,1.0,13.0,14.0,1.0,3.0,3.0,5.0,8.0,2.0,397.0,635.0,15.0,13.0,2.0,7.0,1.0,0.0,,,4.0,1.0,1.0,0.0,8.0,4.0,1.0,9.0,7.0,7.0,6.0,7.0,1.0,0.0,1.0,1.0,1.0,0.0,1.0,2.0,2.0,1.0,315.0,544.0,18.0,18.0,45.0,61.0,18.0,21.0,2.0,2.0,54.0,46.0,5.0,8.0,22.0,25.0,14.0,6.0,5.0,5.0,9.0,9.0,18.0,5.0,28.0,21.0,5.0,12.0,,,,,,,,,,
9576233,2021-2022,27,1645970400,canceled,Chelsea,Leicester City,38,31,,,Stamford Bridge,,,,,,,,,,,,,,,,,,,,,,,,,,,,,,,,,,,,,,,,,,,,,,,,,,,,,,,,,,,,,,,,,,,,,,,,,,,,,,,,,,,,
10131311,2021-2022,22,1646163900,finished,Burnley,Leicester City,6,31,0.0,2.0,Turf Moor,Chris Kavanagh,17825.0,45.0,55.0,2.0,2.0,9.0,22.0,4.0,2.0,6.0,8.0,10.0,13.0,352.0,443.0,20.0,12.0,13.0,10.0,1.0,1.0,,,2.0,6.0,0.0,0.0,4.0,6.0,3.0,10.0,7.0,14.0,2.0,8.0,0.0,1.0,2.0,1.0,1.0,0.0,4.0,1.0,4.0,3.0,230.0,318.0,26.0,26.0,64.0,54.0,34.0,17.0,8.0,4.0,60.0,40.0,7.0,13.0,46.0,27.0,25.0,21.0,13.0,5.0,12.0,10.0,13.0,8.0,15.0,27.0,4.0,11.0,,,,,,,,,,
9576287,2021-2022,28,1646483400,finished,Leicester City,Leeds United,31,34,1.0,0.0,King Power Stadium,David Coote,32236.0,51.0,49.0,0.0,1.0,7.0,19.0,4.0,3.0,5.0,10.0,9.0,12.0,471.0,433.0,23.0,21.0,12.0,9.0,1.0,2.0,,,4.0,4.0,0.0,0.0,0.0,9.0,3.0,6.0,3.0,16.0,4.0,3.0,,,0.0,1.0,0.0,1.0,3.0,1.0,2.0,0.0,374.0,348.0,22.0,32.0,49.0,77.0,19.0,21.0,1.0,6.0,57.0,43.0,7.0,9.0,50.0,42.0,19.0,11.0,15.0,12.0,12.0,8.0,10.0,7.0,24.0,20.0,8.0,2.0,,,,,,,,,,
9576202,2021-2022,28,1646492400,finished,Norwich City,Brentford,263,50,1.0,3.0,Carrow Road,Anthony Taylor,26887.0,60.0,40.0,1.0,3.0,15.0,10.0,3.0,6.0,5.0,5.0,13.0,18.0,457.0,308.0,13.0,15.0,16.0,12.0,2.0,5.0,,,7.0,6.0,0.0,0.0,3.0,1.0,5.0,3.0,9.0,6.0,6.0,4.0,0.0,3.0,1.0,0.0,,,5.0,4.0,1.0,3.0,352.0,215.0,31.0,16.0,50.0,48.0,27.0,22.0,4.0,4.0,46.0,54.0,10.0,6.0,32.0,34.0,14.0,21.0,3.0,7.0,9.0,10.0,13.0,9.0,10.0,35.0,4.0,5.0,,,,,,,,,,
9576213,2021-2022,28,1646492400,finished,Newcastle United,Brighton & Hove Albion,39,30,2.0,1.0,St James' Park,Martin Atkinson,52214.0,32.0,68.0,3.0,2.0,10.0,15.0,3.0,2.0,4.0,7.0,8.0,10.0,304.0,634.0,12.0,11.0,9.0,8.0,1.0,1.0,,,4.0,4.0,1.0,0.0,4.0,3.0,2.0,8.0,10.0,11.0,0.0,4.0,1.0,1.0,2.0,1.0,1.0,2.0,1.0,3.0,0.0,4.0,191.0,524.0,14.0,23.0,37.0,92.0,25.0,42.0,4.0,8.0,41.0,59.0,4.0,5.0,23.0,31.0,22.0,33.0,2.0,12.0,8.0,6.0,15.0,12.0,29.0,8.0,8.0,4.0,,,,,,,,,,
9576288,2021-2022,28,1646492400,finished,Wolverhampton,Crystal Palace,3,7,0.0,2.0,Molineux Stadium,Andy Madley,31395.0,64.0,36.0,1.0,2.0,12.0,12.0,6.0,5.0,7.0,7.0,13.0,8.0,561.0,308.0,20.0,14.0,8.0,12.0,0.0,3.0,,,5.0,8.0,0.0,0.0,4.0,1.0,3.0,3.0,6.0,11.0,6.0,1.0,0.0,2.0,1.0,0.0,1.0,0.0,4.0,2.0,1.0,8.0,456.0,227.0,16.0,12.0,66.0,36.0,28.0,17.0,5.0,7.0,50.0,50.0,8.0,15.0,40.0,39.0,13.0,14.0,12.0,13.0,8.0,8.0,10.0,11.0,14.0,30.0,3.0,8.0,,,,,,,,,,
9576200,2021-2022,28,1646492400,finished,Aston Villa,Southampton,40,45,4.0,0.0,Villa Park,Peter Bankes,41855.0,38.0,62.0,6.0,3.0,14.0,11.0,1.0,5.0,4.0,7.0,10.0,8.0,353.0,556.0,14.0,15.0,8.0,10.0,1.0,1.0,,,9.0,1.0,0.0,0.0,4.0,7.0,1.0,3.0,11.0,5.0,3.0,6.0,3.0,0.0,3.0,3.0,1.0,0.0,2.0,2.0,0.0,1.0,261.0,469.0,16.0,19.0,37.0,66.0,20.0,39.0,1.0,3.0,44.0,56.0,6.0,8.0,29.0,40.0,10.0,10.0,7.0,15.0,11.0,11.0,12.0,12.0,18.0,7.0,10.0,4.0,,,,,,,,,,
9576418,2021-2022,28,1646492400,finished,Burnley,Chelsea,6,38,0.0,4.0,Turf Moor,Andre Marriner,,27.0,73.0,1.0,3.0,6.0,11.0,1.0,0.0,5.0,2.0,12.0,7.0,285.0,790.0,25.0,14.0,7.0,12.0,2.0,0.0,,,1.0,5.0,0.0,0.0,2.0,0.0,3.0,6.0,4.0,5.0,2.0,6.0,0.0,3.0,1.0,0.0,,,2.0,0.0,1.0,1.0,194.0,712.0,14.0,17.0,57.0,53.0,17.0,31.0,2.0,2.0,51.0,49.0,6.0,13.0,36.0,34.0,15.0,15.0,4.0,9.0,11.0,9.0,9.0,4.0,13.0,15.0,2.0,5.0,,,,,,,,,,
9576292,2021-2022,28,1646501400,finished,Liverpool,West Ham United,44,37,1.0,0.0,Anfield,Jonathan Moss,,69.0,31.0,2.0,2.0,22.0,13.0,4.0,4.0,4.0,6.0,7.0,7.0,715.0,316.0,11.0,16.0,7.0,7.0,2.0,1.0,,,5.0,5.0,0.0,0.0,10.0,5.0,7.0,3.0,11.0,10.0,11.0,3.0,1.0,0.0,1.0,2.0,,,2.0,1.0,1.0,4.0,619.0,231.0,19.0,14.0,86.0,44.0,30.0,33.0,3.0,4.0,53.0,47.0,10.0,3.0,27.0,29.0,21.0,14.0,9.0,6.0,6.0,8.0,5.0,18.0,10.0,24.0,8.0,9.0,,,,,,,,,,
9576302,2021-2022,28,1646575200,finished,Watford,Arsenal,24,42,2.0,3.0,Vicarage Road,Craig Pawson,21142.0,43.0,57.0,2.0,0.0,13.0,16.0,1.0,5.0,1.0,5.0,5.0,12.0,428.0,556.0,17.0,20.0,12.0,5.0,1.0,2.0,,,7.0,4.0,0.0,1.0,3.0,9.0,3.0,3.0,7.0,11.0,6.0,5.0,1.0,0.0,1.0,0.0,,,2.0,0.0,2.0,0.0,326.0,469.0,36.0,15.0,64.0,63.0,23.0,20.0,2.0,3.0,63.0,37.0,12.0,11.0,41.0,33.0,31.0,9.0,13.0,8.0,6.0,13.0,16.0,18.0,17.0,15.0,9.0,4.0,,,,,,,,,,
9576215,2021-2022,28,1646584200,finished,Manchester City,Manchester United,17,35,4.0,1.0,Etihad Stadium,Michael Oliver,53165.0,69.0,31.0,4.0,1.0,24.0,5.0,2.0,6.0,9.0,3.0,10.0,14.0,754.0,331.0,13.0,16.0,14.0,9.0,0.0,1.0,,,10.0,2.0,1.0,0.0,6.0,1.0,8.0,2.0,20.0,4.0,4.0,1.0,2.0,0.0,2.0,1.0,3.0,0.0,4.0,0.0,0.0,1.0,701.0,276.0,14.0,9.0,56.0,35.0,33.0,20.0,4.0,0.0,53.0,47.0,4.0,4.0,43.0,34.0,4.0,8.0,16.0,9.0,8.0,7.0,11.0,11.0,8.0,20.0,3.0,11.0,,,,,,,,,,
9576205,2021-2022,28,1646683200,finished,Tottenham Hotspur,Everton,33,48,5.0,0.0,Tottenham Hotspur Stadium,Stuart Attwell,,55.0,45.0,7.0,0.0,14.0,6.0,0.0,3.0,5.0,2.0,15.0,10.0,650.0,530.0,25.0,20.0,9.0,15.0,2.0,0.0,,,7.0,0.0,1.0,0.0,5.0,2.0,2.0,4.0,12.0,2.0,2.0,4.0,3.0,0.0,4.0,0.0,5.0,0.0,1.0,2.0,0.0,1.0,583.0,457.0,13.0,19.0,52.0,67.0,25.0,15.0,3.0,2.0,55.0,45.0,14.0,13.0,42.0,44.0,15.0,3.0,8.0,9.0,13.0,10.0,6.0,6.0,17.0,12.0,5.0,6.0,,,,,,,,,,
10144889,2021-2022,21,1646940600,finished,Southampton,Newcastle United,45,39,1.0,2.0,St. Mary's Stadium,Kevin Friend,,68.0,32.0,3.0,2.0,14.0,8.0,1.0,4.0,12.0,5.0,6.0,7.0,648.0,306.0,15.0,21.0,7.0,5.0,1.0,1.0,,,5.0,4.0,1.0,0.0,4.0,1.0,5.0,3.0,11.0,5.0,3.0,3.0,1.0,1.0,2.0,1.0,1.0,0.0,1.0,0.0,1.0,1.0,545.0,210.0,19.0,14.0,74.0,50.0,29.0,34.0,6.0,5.0,50.0,50.0,12.0,9.0,34.0,34.0,19.0,20.0,12.0,8.0,5.0,7.0,9.0,12.0,13.0,28.0,3.0,5.0,,,,,,,,,,
10144893,2021-2022,19,1646940600,finished,Wolverhampton,Watford,3,24,4.0,0.0,Molineux Stadium,Darren England,,66.0,34.0,3.0,0.0,10.0,9.0,0.0,2.0,5.0,2.0,11.0,10.0,666.0,343.0,10.0,13.0,9.0,10.0,2.0,2.0,,,5.0,0.0,0.0,0.0,4.0,5.0,1.0,4.0,6.0,5.0,4.0,4.0,2.0,0.0,1.0,0.0,0.0,2.0,1.0,3.0,1.0,4.0,591.0,269.0,24.0,14.0,48.0,40.0,39.0,18.0,8.0,3.0,48.0,52.0,5.0,5.0,25.0,34.0,18.0,12.0,6.0,11.0,7.0,7.0,9.0,7.0,8.0,17.0,6.0,5.0,,,,,,,,,,
9576332,2021-2022,23,1642946400,finished,Crystal Palace,Liverpool,7,44,1.0,3.0,Selhurst Park,Kevin Friend,25002.0,43.0,57.0,3.0,2.0,8.0,14.0,4.0,4.0,2.0,5.0,12.0,10.0,431.0,576.0,13.0,7.0,10.0,11.0,4.0,1.0,,,5.0,7.0,0.0,0.0,3.0,6.0,0.0,1.0,6.0,7.0,2.0,7.0,1.0,2.0,2.0,0.0,3.0,1.0,2.0,3.0,5.0,2.0,328.0,465.0,14.0,27.0,49.0,75.0,26.0,35.0,1.0,4.0,55.0,45.0,7.0,7.0,29.0,24.0,20.0,16.0,6.0,6.0,8.0,6.0,10.0,9.0,25.0,11.0,7.0,5.0,,,,,,,,,,
9576334,2021-2022,23,1642955400,finished,Chelsea,Tottenham Hotspur,38,33,2.0,0.0,Stamford Bridge,Paul Tierney,40020.0,65.0,35.0,1.0,0.0,15.0,6.0,3.0,5.0,10.0,3.0,17.0,14.0,606.0,341.0,15.0,14.0,14.0,17.0,2.0,1.0,,,7.0,3.0,0.0,0.0,5.0,2.0,3.0,1.0,9.0,4.0,6.0,2.0,,,1.0,0.0,,,3.0,0.0,0.0,1.0,526.0,267.0,18.0,21.0,59.0,50.0,24.0,15.0,6.0,1.0,51.0,49.0,7.0,10.0,35.0,39.0,13.0,8.0,6.0,8.0,11.0,7.0,10.0,12.0,12.0,26.0,4.0,9.0,,,,,,,,,,
10085333,2021-2022,17,1644084000,finished,Burnley,Watford,6,24,0.0,0.0,Turf Moor,Craig Pawson,19527.0,52.0,48.0,0.0,1.0,13.0,11.0,5.0,2.0,4.0,7.0,16.0,9.0,391.0,359.0,14.0,16.0,8.0,16.0,1.0,2.0,,,2.0,5.0,1.0,0.0,7.0,4.0,4.0,2.0,7.0,7.0,6.0,4.0,,,0.0,1.0,0.0,1.0,2.0,0.0,3.0,0.0,270.0,245.0,43.0,20.0,65.0,63.0,33.0,26.0,4.0,6.0,48.0,52.0,6.0,6.0,33.0,39.0,24.0,23.0,11.0,8.0,6.0,11.0,6.0,19.0,21.0,28.0,6.0,7.0,,,,,,,,,,
9576351,2021-2022,24,1644349500,finished,West Ham United,Watford,37,24,1.0,0.0,London Stadium,Martin Atkinson,59581.0,64.0,36.0,2.0,0.0,9.0,6.0,1.0,1.0,5.0,6.0,1.0,6.0,609.0,335.0,16.0,17.0,6.0,1.0,1.0,0.0,,,3.0,1.0,2.0,0.0,4.0,4.0,2.0,1.0,8.0,2.0,1.0,4.0,,,2.0,0.0,,,1.0,0.0,3.0,1.0,489.0,235.0,39.0,21.0,69.0,49.0,44.0,16.0,6.0,4.0,56.0,44.0,10.0,7.0,31.0,32.0,42.0,25.0,9.0,14.0,8.0,12.0,13.0,12.0,14.0,28.0,9.0,10.0,,,,,,,,,,
9576323,2021-2022,24,1644349500,finished,Newcastle United,Everton,39,48,3.0,1.0,St James' Park,Anthony Taylor,,39.0,61.0,3.0,1.0,20.0,11.0,2.0,7.0,6.0,2.0,13.0,13.0,292.0,454.0,21.0,19.0,12.0,13.0,2.0,3.0,,,9.0,3.0,2.0,0.0,6.0,3.0,5.0,5.0,16.0,7.0,4.0,4.0,1.0,0.0,2.0,1.0,,,6.0,2.0,1.0,1.0,191.0,350.0,26.0,19.0,48.0,48.0,29.0,11.0,6.0,3.0,55.0,45.0,10.0,11.0,54.0,46.0,30.0,23.0,21.0,14.0,7.0,9.0,17.0,4.0,12.0,14.0,11.0,4.0,,,,,,,,,,
9576359,2021-2022,24,1644350400,finished,Burnley,Manchester United,6,35,1.0,1.0,Turf Moor,Mike Dean,21233.0,36.0,64.0,1.0,1.0,9.0,22.0,4.0,2.0,2.0,10.0,11.0,10.0,288.0,518.0,25.0,15.0,10.0,10.0,2.0,1.0,,,3.0,5.0,0.0,0.0,5.0,5.0,1.0,12.0,4.0,16.0,5.0,6.0,1.0,0.0,0.0,1.0,0.0,1.0,1.0,4.0,2.0,1.0,193.0,422.0,23.0,28.0,40.0,48.0,15.0,32.0,4.0,4.0,51.0,49.0,10.0,14.0,42.0,29.0,11.0,22.0,7.0,4.0,14.0,11.0,7.0,1.0,28.0,16.0,9.0,6.0,,,,,,,,,,
9576345,2021-2022,24,1644435900,finished,Norwich City,Crystal Palace,263,7,1.0,1.0,Carrow Road,Paul Tierney,26652.0,28.0,72.0,0.0,1.0,5.0,13.0,4.0,0.0,4.0,6.0,11.0,16.0,256.0,670.0,15.0,15.0,15.0,11.0,1.0,2.0,,,1.0,5.0,0.0,0.0,2.0,4.0,2.0,4.0,4.0,8.0,1.0,5.0,,,0.0,1.0,0.0,2.0,0.0,2.0,1.0,2.0,159.0,575.0,25.0,15.0,39.0,77.0,19.0,22.0,3.0,0.0,44.0,56.0,7.0,9.0,34.0,37.0,11.0,21.0,4.0,11.0,9.0,9.0,11.0,10.0,27.0,8.0,8.0,5.0,,,,,,,,,,
9576317,2021-2022,24,1644435900,finished,Tottenham Hotspur,Southampton,33,45,2.0,3.0,Tottenham Hotspur Stadium,David Coote,,48.0,52.0,3.0,4.0,8.0,23.0,6.0,2.0,2.0,8.0,7.0,13.0,433.0,472.0,18.0,14.0,13.0,7.0,2.0,3.0,,,3.0,10.0,0.0,1.0,2.0,10.0,3.0,3.0,6.0,15.0,2.0,8.0,1.0,1.0,2.0,3.0,0.0,1.0,2.0,0.0,3.0,1.0,347.0,387.0,24.0,19.0,39.0,74.0,21.0,23.0,5.0,5.0,60.0,40.0,5.0,13.0,40.0,30.0,30.0,17.0,9.0,9.0,9.0,6.0,13.0,10.0,29.0,21.0,7.0,4.0,,,,,,,,,,
9576326,2021-2022,24,1644435900,finished,Manchester City,Brentford,17,50,2.0,0.0,Etihad Stadium,Darren England,51658.0,76.0,24.0,3.0,1.0,15.0,6.0,2.0,5.0,9.0,3.0,7.0,13.0,709.0,227.0,7.0,13.0,12.0,6.0,,,,,7.0,2.0,0.0,0.0,6.0,2.0,2.0,2.0,11.0,4.0,4.0,2.0,1.0,0.0,2.0,1.0,1.0,1.0,6.0,0.0,2.0,10.0,627.0,135.0,23.0,14.0,91.0,39.0,29.0,15.0,4.0,3.0,61.0,39.0,3.0,2.0,28.0,22.0,19.0,8.0,9.0,3.0,5.0,8.0,8.0,11.0,7.0,30.0,2.0,8.0,,,,,,,,,,
9576341,2021-2022,24,1644436800,finished,Aston Villa,Leeds United,40,34,3.0,3.0,Villa Park,Jarred Gillett,41927.0,40.0,60.0,2.0,3.0,12.0,16.0,4.0,2.0,6.0,11.0,11.0,9.0,302.0,456.0,22.0,3.0,9.0,10.0,3.0,3.0,1.0,0.0,4.0,8.0,0.0,1.0,6.0,5.0,2.0,3.0,8.0,11.0,4.0,5.0,2.0,2.0,0.0,1.0,1.0,0.0,3.0,2.0,1.0,2.0,226.0,378.0,20.0,21.0,50.0,45.0,12.0,22.0,5.0,3.0,71.0,29.0,1.0,6.0,40.0,17.0,15.0,6.0,9.0,4.0,13.0,2.0,9.0,10.0,24.0,15.0,8.0,7.0,,,,,,,,,,
9576290,2021-2022,24,1644522300,finished,Wolverhampton,Arsenal,3,42,0.0,1.0,Molineux Stadium,Michael Oliver,31523.0,58.0,42.0,0.0,2.0,15.0,12.0,1.0,4.0,7.0,4.0,12.0,13.0,481.0,356.0,12.0,17.0,13.0,12.0,2.0,5.0,0.0,1.0,4.0,2.0,0.0,0.0,7.0,3.0,4.0,7.0,9.0,8.0,6.0,4.0,0.0,1.0,0.0,1.0,0.0,1.0,4.0,3.0,1.0,2.0,393.0,272.0,29.0,17.0,58.0,54.0,26.0,11.0,10.0,4.0,52.0,48.0,3.0,8.0,35.0,34.0,17.0,14.0,10.0,5.0,5.0,10.0,17.0,7.0,13.0,35.0,3.0,10.0,,,,,,,,,,
9576289,2021-2022,24,1644522300,finished,Liverpool,Leicester City,44,31,2.0,0.0,Anfield,Chris Kavanagh,53050.0,65.0,35.0,4.0,1.0,22.0,5.0,1.0,9.0,7.0,6.0,11.0,7.0,665.0,362.0,18.0,23.0,6.0,11.0,1.0,0.0,,,11.0,1.0,1.0,0.0,7.0,3.0,4.0,1.0,16.0,3.0,6.0,2.0,2.0,0.0,2.0,1.0,0.0,1.0,1.0,1.0,3.0,4.0,563.0,257.0,19.0,27.0,81.0,41.0,27.0,25.0,5.0,1.0,56.0,44.0,9.0,12.0,42.0,42.0,24.0,10.0,18.0,8.0,11.0,9.0,20.0,12.0,15.0,35.0,3.0,9.0,,,,,,,,,,
9576432,2021-2022,25,1644669000,finished,Manchester United,Southampton,35,45,1.0,1.0,Old Trafford,Stuart Attwell,73084.0,52.0,48.0,4.0,1.0,12.0,13.0,3.0,6.0,1.0,4.0,12.0,13.0,469.0,430.0,14.0,17.0,11.0,12.0,4.0,0.0,,,8.0,4.0,0.0,0.0,2.0,6.0,2.0,3.0,11.0,6.0,1.0,7.0,1.0,0.0,3.0,1.0,2.0,1.0,4.0,1.0,7.0,1.0,382.0,347.0,21.0,18.0,61.0,38.0,39.0,17.0,2.0,0.0,50.0,50.0,7.0,6.0,35.0,41.0,18.0,12.0,10.0,12.0,7.0,10.0,6.0,19.0,13.0,14.0,9.0,7.0,,,,,,,,,,
9576449,2021-2022,25,1644678000,finished,Watford,Brighton & Hove Albion,24,30,0.0,2.0,Vicarage Road,Jonathan Moss,20795.0,35.0,65.0,0.0,2.0,9.0,11.0,3.0,1.0,4.0,5.0,16.0,9.0,315.0,592.0,18.0,21.0,7.0,16.0,3.0,2.0,,,1.0,6.0,1.0,0.0,5.0,2.0,3.0,3.0,6.0,10.0,3.0,1.0,,,0.0,2.0,,,3.0,1.0,1.0,1.0,216.0,469.0,20.0,22.0,41.0,72.0,17.0,24.0,2.0,7.0,38.0,62.0,13.0,8.0,37.0,45.0,8.0,29.0,12.0,9.0,13.0,11.0,11.0,10.0,21.0,17.0,5.0,6.0,,,,,,,,,,
9576314,2021-2022,25,1644678000,finished,Brentford,Crystal Palace,50,7,0.0,0.0,Brentford Community Stadium,Simon Hooper,16958.0,43.0,57.0,3.0,1.0,9.0,6.0,3.0,2.0,3.0,9.0,10.0,10.0,377.0,504.0,31.0,17.0,10.0,10.0,1.0,0.0,,,2.0,3.0,0.0,0.0,5.0,2.0,2.0,1.0,8.0,4.0,1.0,2.0,,,3.0,1.0,1.0,0.0,1.0,1.0,,,260.0,390.0,19.0,29.0,55.0,66.0,27.0,33.0,3.0,4.0,57.0,43.0,12.0,16.0,52.0,42.0,24.0,16.0,11.0,15.0,18.0,11.0,11.0,6.0,25.0,16.0,4.0,5.0,,,,,,,,,,
9576319,2021-2022,25,1644678000,finished,Everton,Leeds United,48,34,3.0,0.0,Goodison Park,Graham Scott,39150.0,42.0,58.0,4.0,0.0,21.0,7.0,0.0,7.0,5.0,3.0,8.0,9.0,344.0,467.0,22.0,29.0,9.0,8.0,1.0,1.0,,,10.0,0.0,0.0,2.0,2.0,4.0,9.0,3.0,11.0,2.0,10.0,5.0,1.0,0.0,3.0,0.0,1.0,0.0,,,1.0,0.0,255.0,374.0,30.0,34.0,55.0,40.0,27.0,22.0,3.0,1.0,47.0,53.0,16.0,4.0,38.0,47.0,17.0,14.0,7.0,10.0,16.0,16.0,13.0,13.0,15.0,19.0,13.0,7.0,,,,,,,,,,
9576329,2021-2022,25,1644678000,canceled,Chelsea,Arsenal,38,42,,,Stamford Bridge,,,,,,,,,,,,,,,,,,,,,,,,,,,,,,,,,,,,,,,,,,,,,,,,,,,,,,,,,,,,,,,,,,,,,,,,,,,,,,,,,,,,
9576309,2021-2022,25,1644687000,finished,Norwich City,Manchester City,263,17,0.0,4.0,Carrow Road,Andre Marriner,27010.0,29.0,71.0,0.0,6.0,8.0,22.0,5.0,3.0,4.0,12.0,7.0,8.0,281.0,707.0,11.0,5.0,7.0,6.0,0.0,2.0,,,3.0,9.0,1.0,2.0,4.0,8.0,1.0,5.0,7.0,18.0,1.0,4.0,0.0,2.0,0.0,4.0,,,1.0,4.0,2.0,2.0,212.0,640.0,13.0,11.0,30.0,84.0,14.0,41.0,4.0,4.0,49.0,51.0,1.0,8.0,24.0,27.0,13.0,12.0,6.0,16.0,6.0,3.0,6.0,11.0,29.0,9.0,9.0,4.0,,,,,,,,,,
9576463,2021-2022,25,1644760800,finished,Newcastle United,Aston Villa,39,40,1.0,0.0,St James' Park,Craig Pawson,52207.0,37.0,63.0,,,10.0,11.0,1.0,1.0,3.0,6.0,22.0,15.0,249.0,424.0,15.0,14.0,15.0,21.0,3.0,4.0,,,2.0,1.0,0.0,0.0,4.0,6.0,4.0,4.0,5.0,5.0,5.0,6.0,,,,,,,1.0,5.0,3.0,2.0,169.0,326.0,17.0,20.0,50.0,55.0,25.0,21.0,4.0,3.0,52.0,48.0,4.0,5.0,39.0,44.0,22.0,12.0,9.0,9.0,8.0,7.0,12.0,10.0,13.0,9.0,10.0,5.0,,,,,,,,,,
9576295,2021-2022,25,1644760800,finished,Tottenham Hotspur,Wolverhampton,33,3,0.0,2.0,Tottenham Hotspur Stadium,Kevin Friend,56452.0,59.0,41.0,0.0,2.0,17.0,11.0,5.0,7.0,7.0,3.0,13.0,13.0,572.0,412.0,15.0,15.0,13.0,12.0,3.0,1.0,,,7.0,7.0,1.0,1.0,5.0,1.0,5.0,3.0,12.0,7.0,5.0,4.0,0.0,1.0,0.0,1.0,2.0,1.0,6.0,3.0,3.0,1.0,478.0,310.0,21.0,25.0,52.0,31.0,23.0,31.0,5.0,1.0,57.0,43.0,8.0,8.0,38.0,33.0,21.0,11.0,10.0,6.0,11.0,7.0,14.0,12.0,9.0,32.0,1.0,7.0,,,,,,,,,,
9576300,2021-2022,25,1644760800,finished,Burnley,Liverpool,6,44,0.0,1.0,Turf Moor,Martin Atkinson,21239.0,33.0,67.0,2.0,4.0,8.0,12.0,3.0,5.0,5.0,8.0,7.0,6.0,303.0,643.0,14.0,11.0,6.0,6.0,0.0,1.0,,,5.0,4.0,0.0,0.0,3.0,5.0,0.0,3.0,5.0,8.0,3.0,4.0,0.0,1.0,2.0,3.0,1.0,0.0,0.0,2.0,7.0,3.0,198.0,530.0,24.0,21.0,62.0,74.0,23.0,41.0,2.0,2.0,49.0,51.0,10.0,8.0,32.0,29.0,12.0,16.0,12.0,12.0,12.0,3.0,19.0,6.0,22.0,21.0,8.0,4.0,,,,,,,,,,
9576305,2021-2022,25,1644769800,finished,Leicester City,West Ham United,31,37,2.0,2.0,King Power Stadium,Michael Oliver,32061.0,55.0,45.0,1.0,1.0,13.0,8.0,1.0,0.0,5.0,4.0,10.0,9.0,550.0,433.0,21.0,14.0,8.0,10.0,1.0,2.0,,,2.0,3.0,0.0,0.0,7.0,2.0,4.0,3.0,9.0,6.0,4.0,2.0,1.0,1.0,,,0.0,1.0,2.0,2.0,,,453.0,345.0,19.0,17.0,57.0,49.0,18.0,20.0,2.0,1.0,47.0,53.0,7.0,11.0,38.0,31.0,10.0,23.0,9.0,7.0,8.0,8.0,14.0,5.0,18.0,15.0,4.0,10.0,,,,,,,,,,
10098608,2021-2022,18,1644956100,finished,Manchester United,Brighton & Hove Albion,35,30,2.0,0.0,Old Trafford,Peter Bankes,,50.0,50.0,5.0,3.0,19.0,10.0,3.0,5.0,10.0,2.0,8.0,10.0,512.0,516.0,18.0,17.0,9.0,8.0,3.0,1.0,0.0,1.0,7.0,3.0,0.0,1.0,4.0,6.0,8.0,1.0,7.0,5.0,12.0,5.0,1.0,0.0,4.0,3.0,0.0,1.0,2.0,0.0,1.0,1.0,418.0,435.0,13.0,21.0,51.0,54.0,30.0,27.0,4.0,4.0,62.0,38.0,11.0,9.0,45.0,30.0,14.0,6.0,18.0,5.0,10.0,7.0,8.0,22.0,14.0,17.0,10.0,5.0,,,,,,,,,,
9576222,2021-2022,26,1645273800,finished,West Ham United,Newcastle United,37,39,1.0,1.0,London Stadium,Chris Kavanagh,,47.0,53.0,1.0,1.0,11.0,14.0,2.0,2.0,3.0,7.0,3.0,7.0,388.0,431.0,11.0,12.0,7.0,3.0,3.0,3.0,,,3.0,3.0,1.0,0.0,2.0,5.0,6.0,6.0,10.0,8.0,1.0,6.0,1.0,0.0,0.0,1.0,,,1.0,0.0,2.0,1.0,294.0,339.0,22.0,22.0,54.0,61.0,25.0,30.0,4.0,7.0,53.0,47.0,8.0,8.0,21.0,22.0,25.0,18.0,3.0,7.0,8.0,7.0,7.0,6.0,32.0,14.0,6.0,6.0,,,,,,,,,,
9576210,2021-2022,26,1645282800,finished,Brighton & Hove Albion,Burnley,30,6,0.0,3.0,American Express Stadium,Kevin Friend,,69.0,31.0,0.0,1.0,11.0,10.0,1.0,1.0,4.0,4.0,12.0,12.0,579.0,260.0,13.0,17.0,12.0,11.0,1.0,4.0,,,1.0,4.0,0.0,1.0,6.0,2.0,4.0,4.0,6.0,6.0,5.0,4.0,0.0,1.0,,,,,3.0,1.0,1.0,3.0,492.0,163.0,22.0,14.0,61.0,49.0,30.0,19.0,6.0,0.0,46.0,54.0,12.0,8.0,28.0,34.0,12.0,13.0,3.0,6.0,8.0,12.0,5.0,11.0,23.0,19.0,4.0,7.0,,,,,,,,,,
9576420,2021-2022,26,1645282800,finished,Aston Villa,Watford,40,24,0.0,1.0,Villa Park,Robert Jones,,60.0,40.0,1.0,4.0,20.0,8.0,3.0,1.0,10.0,5.0,12.0,7.0,550.0,383.0,19.0,17.0,7.0,12.0,1.0,2.0,,,1.0,4.0,1.0,0.0,11.0,3.0,8.0,1.0,8.0,5.0,12.0,3.0,0.0,1.0,1.0,3.0,1.0,1.0,2.0,0.0,,,462.0,288.0,14.0,26.0,61.0,47.0,28.0,25.0,10.0,1.0,48.0,52.0,9.0,7.0,33.0,37.0,16.0,17.0,7.0,8.0,12.0,8.0,4.0,14.0,16.0,36.0,6.0,13.0,,,,,,,,,,
9576226,2021-2022,26,1645282800,finished,Southampton,Everton,45,48,2.0,0.0,St. Mary's Stadium,Andy Madley,31312.0,56.0,44.0,4.0,0.0,19.0,9.0,0.0,9.0,4.0,4.0,6.0,9.0,506.0,401.0,21.0,20.0,9.0,6.0,0.0,2.0,,,11.0,0.0,2.0,0.0,5.0,5.0,3.0,4.0,15.0,2.0,4.0,7.0,1.0,0.0,3.0,0.0,2.0,1.0,3.0,1.0,4.0,2.0,399.0,282.0,11.0,25.0,69.0,70.0,29.0,37.0,3.0,0.0,59.0,41.0,9.0,12.0,43.0,34.0,24.0,13.0,13.0,8.0,10.0,11.0,16.0,12.0,13.0,16.0,6.0,6.0,,,,,,,,,,
9576227,2021-2022,26,1645282800,finished,Arsenal,Brentford,42,50,2.0,1.0,Emirates Stadium,Jonathan Moss,,66.0,34.0,1.0,1.0,24.0,6.0,1.0,5.0,14.0,0.0,10.0,5.0,562.0,294.0,14.0,14.0,4.0,9.0,1.0,1.0,,,8.0,2.0,0.0,0.0,8.0,1.0,8.0,3.0,17.0,3.0,7.0,3.0,0.0,1.0,1.0,0.0,0.0,1.0,0.0,1.0,1.0,2.0,482.0,213.0,25.0,15.0,72.0,39.0,24.0,20.0,10.0,1.0,43.0,57.0,9.0,9.0,24.0,29.0,11.0,17.0,7.0,6.0,11.0,6.0,8.0,12.0,7.0,45.0,2.0,8.0,,,,,,,,,,
9576211,2021-2022,26,1645282800,finished,Crystal Palace,Chelsea,7,38,0.0,1.0,Selhurst Park,David Coote,25109.0,43.0,57.0,1.0,2.0,7.0,9.0,2.0,0.0,4.0,4.0,4.0,20.0,373.0,518.0,22.0,17.0,19.0,4.0,1.0,3.0,,,0.0,3.0,0.0,0.0,5.0,3.0,2.0,3.0,5.0,5.0,2.0,4.0,,,1.0,2.0,1.0,2.0,3.0,1.0,1.0,3.0,296.0,428.0,19.0,28.0,45.0,54.0,27.0,33.0,4.0,2.0,59.0,41.0,7.0,13.0,49.0,31.0,9.0,9.0,8.0,10.0,14.0,8.0,10.0,8.0,18.0,16.0,7.0,8.0,,,,,,,,,,
9576421,2021-2022,26,1645282800,finished,Liverpool,Norwich City,44,263,3.0,1.0,Anfield,Mike Dean,,69.0,31.0,6.0,1.0,29.0,6.0,0.0,4.0,8.0,4.0,7.0,8.0,697.0,308.0,14.0,19.0,8.0,6.0,0.0,1.0,,,8.0,1.0,0.0,0.0,11.0,4.0,10.0,1.0,16.0,3.0,13.0,3.0,3.0,0.0,3.0,1.0,1.0,2.0,2.0,1.0,1.0,5.0,623.0,220.0,11.0,11.0,97.0,29.0,24.0,21.0,4.0,2.0,55.0,45.0,7.0,8.0,40.0,34.0,17.0,13.0,18.0,9.0,5.0,9.0,7.0,13.0,12.0,39.0,5.0,13.0,,,,,,,,,,
9576103,2021-2022,21,1641132000,finished,Brentford,Aston Villa,50,40,2.0,1.0,Brentford Community Stadium,Craig Pawson,16876.0,45.0,55.0,,,10.0,16.0,4.0,2.0,3.0,7.0,17.0,11.0,400.0,491.0,20.0,11.0,11.0,17.0,2.0,2.0,,,4.0,5.0,1.0,0.0,6.0,6.0,0.0,5.0,6.0,10.0,4.0,6.0,,,,,0.0,2.0,2.0,1.0,0.0,4.0,299.0,402.0,19.0,23.0,51.0,64.0,15.0,21.0,2.0,3.0,46.0,54.0,6.0,10.0,35.0,37.0,10.0,15.0,4.0,9.0,15.0,6.0,8.0,6.0,19.0,12.0,8.0,10.0,,,,,,,,,,
9576174,2021-2022,21,1641132000,finished,Leeds United,Burnley,34,6,3.0,1.0,Elland Road,Kevin Friend,,55.0,45.0,3.0,1.0,22.0,8.0,1.0,4.0,9.0,3.0,11.0,7.0,360.0,297.0,18.0,14.0,7.0,11.0,2.0,1.0,,,7.0,2.0,1.0,0.0,6.0,4.0,9.0,2.0,13.0,4.0,9.0,4.0,1.0,0.0,2.0,1.0,,,1.0,3.0,5.0,1.0,255.0,178.0,21.0,29.0,48.0,83.0,30.0,31.0,8.0,4.0,48.0,52.0,7.0,13.0,36.0,29.0,23.0,34.0,11.0,5.0,11.0,8.0,10.0,8.0,21.0,17.0,9.0,13.0,,,,,,,,,,
9576446,2021-2022,21,1641132000,finished,Everton,Brighton & Hove Albion,48,30,2.0,3.0,Goodison Park,John Brooks,,50.0,50.0,1.0,2.0,17.0,12.0,2.0,4.0,8.0,5.0,5.0,12.0,399.0,425.0,17.0,25.0,12.0,4.0,1.0,1.0,,,6.0,5.0,1.0,0.0,7.0,3.0,4.0,4.0,12.0,4.0,5.0,8.0,0.0,2.0,1.0,0.0,,,4.0,0.0,1.0,1.0,288.0,307.0,29.0,20.0,56.0,63.0,28.0,18.0,8.0,6.0,54.0,46.0,11.0,8.0,45.0,39.0,24.0,19.0,16.0,10.0,11.0,15.0,9.0,6.0,11.0,33.0,5.0,13.0,,,,,,,,,,
9576392,2021-2022,21,1641141000,finished,Chelsea,Liverpool,38,44,2.0,2.0,Stamford Bridge,Anthony Taylor,40072.0,55.0,45.0,2.0,3.0,15.0,10.0,4.0,4.0,6.0,7.0,5.0,13.0,574.0,463.0,19.0,12.0,13.0,5.0,1.0,2.0,,,6.0,6.0,0.0,0.0,5.0,2.0,4.0,2.0,9.0,7.0,6.0,3.0,1.0,2.0,1.0,1.0,1.0,1.0,4.0,0.0,3.0,3.0,473.0,355.0,14.0,28.0,66.0,72.0,37.0,23.0,5.0,4.0,56.0,44.0,8.0,10.0,45.0,27.0,10.0,17.0,13.0,10.0,11.0,5.0,17.0,10.0,16.0,20.0,3.0,8.0,,,,,,,,,,
9576123,2021-2022,21,1641231000,finished,Manchester United,Wolverhampton,35,3,0.0,1.0,Old Trafford,Mike Dean,,51.0,49.0,1.0,0.0,9.0,19.0,5.0,2.0,3.0,8.0,9.0,8.0,488.0,457.0,17.0,13.0,8.0,9.0,3.0,1.0,,,2.0,6.0,1.0,1.0,4.0,7.0,3.0,6.0,4.0,8.0,5.0,11.0,,,1.0,0.0,,,2.0,5.0,2.0,3.0,391.0,372.0,23.0,19.0,60.0,52.0,26.0,31.0,3.0,6.0,53.0,47.0,7.0,5.0,39.0,34.0,13.0,12.0,14.0,12.0,10.0,7.0,12.0,9.0,14.0,18.0,13.0,4.0,,,,,,,,,,
10045752,2021-2022,18,1641930300,finished,Southampton,Brentford,45,50,4.0,1.0,St. Mary's Stadium,Stuart Attwell,,49.0,51.0,3.0,1.0,12.0,5.0,3.0,3.0,5.0,2.0,9.0,8.0,407.0,428.0,16.0,15.0,8.0,9.0,0.0,1.0,,,6.0,4.0,1.0,0.0,4.0,0.0,2.0,1.0,8.0,4.0,4.0,1.0,3.0,0.0,0.0,1.0,1.0,1.0,1.0,4.0,0.0,1.0,304.0,313.0,16.0,27.0,65.0,50.0,15.0,22.0,3.0,4.0,48.0,52.0,10.0,9.0,32.0,34.0,17.0,20.0,8.0,10.0,8.0,6.0,16.0,7.0,20.0,14.0,8.0,6.0,,,,,,,,,,
10045753,2021-2022,18,1641931200,canceled,Everton,Leicester City,48,31,,,Goodison Park,,,,,,,,,,,,,,,,,,,,,,,,,,,,,,,,,,,,,,,,,,,,,,,,,,,,,,,,,,,,,,,,,,,,,,,,,,,,,,,,,,,,
10045754,2021-2022,18,1642016700,finished,West Ham United,Norwich City,37,263,2.0,0.0,London Stadium,Simon Hooper,,62.0,38.0,5.0,0.0,13.0,7.0,3.0,3.0,11.0,2.0,9.0,8.0,550.0,337.0,8.0,15.0,8.0,9.0,,,,,5.0,3.0,2.0,1.0,5.0,3.0,3.0,1.0,9.0,3.0,4.0,4.0,2.0,0.0,3.0,0.0,2.0,0.0,2.0,1.0,4.0,3.0,463.0,250.0,26.0,12.0,67.0,39.0,31.0,18.0,3.0,5.0,50.0,50.0,7.0,4.0,27.0,31.0,16.0,12.0,11.0,7.0,3.0,12.0,7.0,12.0,13.0,13.0,5.0,8.0,,,,,,,,,,
9576268,2021-2022,22,1642190400,finished,Brighton & Hove Albion,Crystal Palace,30,7,1.0,1.0,American Express Stadium,Jarred Gillett,30675.0,63.0,37.0,3.0,1.0,19.0,3.0,1.0,4.0,9.0,0.0,11.0,7.0,569.0,337.0,21.0,17.0,7.0,10.0,0.0,2.0,,,4.0,1.0,1.0,0.0,10.0,1.0,5.0,1.0,13.0,1.0,6.0,2.0,0.0,1.0,3.0,0.0,1.0,0.0,2.0,0.0,1.0,2.0,470.0,246.0,24.0,23.0,83.0,38.0,24.0,17.0,8.0,0.0,54.0,46.0,7.0,10.0,36.0,36.0,19.0,10.0,8.0,9.0,12.0,11.0,9.0,6.0,10.0,24.0,5.0,11.0,,,,,,,,,,
9576278,2021-2022,22,1642249800,finished,Manchester City,Chelsea,17,38,1.0,0.0,Etihad Stadium,Craig Pawson,53319.0,56.0,44.0,1.0,1.0,11.0,4.0,1.0,5.0,9.0,1.0,11.0,6.0,579.0,459.0,8.0,22.0,6.0,11.0,0.0,2.0,,,6.0,1.0,0.0,0.0,3.0,2.0,2.0,1.0,8.0,2.0,3.0,2.0,,,1.0,1.0,0.0,1.0,4.0,1.0,3.0,4.0,498.0,388.0,20.0,12.0,43.0,43.0,34.0,11.0,3.0,2.0,50.0,50.0,13.0,5.0,30.0,40.0,16.0,6.0,16.0,7.0,5.0,13.0,3.0,11.0,8.0,24.0,2.0,8.0,,,,,,,,,,
9576349,2021-2022,22,1642258800,finished,Newcastle United,Watford,39,24,1.0,1.0,St James' Park,Paul Tierney,,52.0,48.0,1.0,2.0,12.0,18.0,4.0,0.0,4.0,6.0,13.0,13.0,407.0,381.0,27.0,19.0,12.0,13.0,3.0,2.0,,,1.0,5.0,1.0,0.0,8.0,6.0,3.0,7.0,8.0,10.0,4.0,8.0,,,1.0,2.0,0.0,1.0,3.0,2.0,1.0,1.0,308.0,301.0,29.0,20.0,50.0,35.0,25.0,26.0,6.0,5.0,54.0,46.0,15.0,17.0,50.0,43.0,31.0,27.0,11.0,12.0,18.0,11.0,10.0,17.0,10.0,28.0,6.0,9.0,,,,,,,,,,
9576316,2021-2022,22,1642258800,finished,Wolverhampton,Southampton,3,45,3.0,1.0,Molineux Stadium,Michael Salisbury,,43.0,57.0,4.0,3.0,9.0,13.0,9.0,2.0,2.0,10.0,13.0,14.0,327.0,437.0,23.0,10.0,14.0,12.0,2.0,3.0,,,5.0,10.0,2.0,1.0,3.0,3.0,1.0,0.0,8.0,8.0,1.0,5.0,3.0,0.0,1.0,3.0,0.0,1.0,3.0,2.0,2.0,1.0,234.0,354.0,20.0,29.0,38.0,58.0,18.0,15.0,3.0,5.0,54.0,46.0,4.0,18.0,46.0,32.0,13.0,19.0,9.0,10.0,17.0,5.0,15.0,9.0,29.0,8.0,5.0,3.0,,,,,,,,,,
9576350,2021-2022,22,1642258800,finished,Norwich City,Everton,263,48,2.0,1.0,Carrow Road,Andy Madley,,40.0,60.0,1.0,0.0,14.0,12.0,4.0,2.0,8.0,8.0,12.0,14.0,284.0,435.0,18.0,18.0,14.0,11.0,3.0,1.0,,,3.0,5.0,1.0,0.0,6.0,1.0,5.0,6.0,6.0,9.0,8.0,3.0,1.0,0.0,,,1.0,0.0,4.0,7.0,3.0,1.0,200.0,346.0,25.0,20.0,48.0,55.0,26.0,19.0,5.0,5.0,55.0,45.0,11.0,11.0,40.0,39.0,21.0,10.0,8.0,10.0,6.0,13.0,9.0,8.0,30.0,20.0,5.0,2.0,,,,,,,,,,
9576427,2021-2022,22,1642258800,canceled,Burnley,Leicester City,6,31,,,Turf Moor,Martin Atkinson,,,,,,,,,,,,,,,,,,,,,,,,,,,,,,,,,,,,,,,,,,,,,,,,,,,,,,,,,,,,,,,,,,,,,,,,,,,,,,,,,,,
9576274,2021-2022,22,1642267800,finished,Aston Villa,Manchester United,40,35,2.0,2.0,Villa Park,David Coote,,55.0,45.0,2.0,2.0,13.0,13.0,4.0,7.0,3.0,6.0,8.0,13.0,540.0,451.0,17.0,23.0,13.0,8.0,1.0,2.0,,,9.0,6.0,0.0,0.0,4.0,4.0,0.0,3.0,11.0,8.0,2.0,5.0,2.0,1.0,0.0,1.0,,,2.0,3.0,1.0,1.0,454.0,368.0,14.0,23.0,52.0,27.0,16.0,23.0,6.0,4.0,53.0,47.0,17.0,12.0,43.0,38.0,14.0,12.0,13.0,7.0,13.0,11.0,12.0,15.0,16.0,19.0,5.0,7.0,,,,,,,,,,
9576361,2021-2022,22,1642341600,finished,West Ham United,Leeds United,37,34,2.0,3.0,London Stadium,Mike Dean,,47.0,53.0,4.0,3.0,15.0,18.0,2.0,3.0,4.0,3.0,6.0,9.0,386.0,442.0,22.0,23.0,9.0,6.0,3.0,2.0,,,5.0,5.0,0.0,1.0,6.0,9.0,4.0,4.0,13.0,14.0,2.0,4.0,1.0,2.0,3.0,1.0,1.0,0.0,1.0,3.0,1.0,1.0,270.0,322.0,31.0,24.0,57.0,30.0,24.0,24.0,10.0,6.0,56.0,44.0,13.0,10.0,43.0,35.0,24.0,17.0,13.0,6.0,13.0,13.0,11.0,10.0,11.0,21.0,9.0,11.0,,,,,,,,,,
9576342,2021-2022,22,1642341600,finished,Liverpool,Brentford,44,50,3.0,0.0,Anfield,Jonathan Moss,52824.0,68.0,32.0,5.0,0.0,27.0,6.0,1.0,10.0,9.0,0.0,6.0,6.0,712.0,340.0,9.0,21.0,5.0,6.0,0.0,1.0,,,13.0,1.0,1.0,0.0,8.0,3.0,6.0,2.0,18.0,4.0,9.0,2.0,3.0,0.0,2.0,0.0,1.0,3.0,2.0,0.0,2.0,7.0,589.0,213.0,26.0,12.0,81.0,44.0,35.0,16.0,4.0,0.0,47.0,53.0,10.0,3.0,23.0,33.0,24.0,19.0,9.0,6.0,7.0,9.0,9.0,15.0,5.0,32.0,4.0,9.0,,,,,,,,,,
9576450,2021-2022,22,1642350600,canceled,Tottenham Hotspur,Arsenal,33,42,,,Tottenham Hotspur Stadium,Chris Kavanagh,,,,,,,,,,,,,,,,,,,,,,,,,,,,,,,,,,,,,,,,,,,,,,,,,,,,,,,,,,,,,,,,,,,,,,,,,,,,,,,,,,,
10054000,2021-2022,17,1642534200,canceled,Burnley,Watford,6,24,,,Turf Moor,Craig Pawson,,,,,,,,,,,,,,,,,,,,,,,,,,,,,,,,,,,,,,,,,,,,,,,,,,,,,,,,,,,,,,,,,,,,,,,,,,,,,,,,,,,
9576438,2021-2022,24,1642536000,finished,Brighton & Hove Albion,Chelsea,30,38,1.0,1.0,American Express Stadium,Kevin Friend,,43.0,57.0,1.0,0.0,10.0,15.0,2.0,1.0,5.0,7.0,8.0,5.0,438.0,579.0,16.0,14.0,5.0,6.0,1.0,2.0,,,2.0,3.0,0.0,0.0,3.0,5.0,5.0,7.0,7.0,7.0,3.0,8.0,,,1.0,0.0,1.0,1.0,2.0,1.0,1.0,0.0,360.0,503.0,25.0,19.0,57.0,53.0,26.0,27.0,6.0,2.0,48.0,52.0,7.0,8.0,28.0,24.0,8.0,15.0,7.0,4.0,11.0,7.0,17.0,10.0,19.0,26.0,7.0,5.0,,,,,,,,,,
10065225,2021-2022,17,1642620600,finished,Leicester City,Tottenham Hotspur,31,33,2.0,3.0,King Power Stadium,Jonathan Moss,31986.0,49.0,51.0,3.0,8.0,14.0,27.0,5.0,2.0,3.0,8.0,6.0,12.0,569.0,592.0,17.0,20.0,12.0,5.0,1.0,2.0,,,4.0,10.0,0.0,1.0,5.0,10.0,5.0,7.0,8.0,17.0,6.0,10.0,2.0,3.0,1.0,5.0,0.0,4.0,3.0,3.0,1.0,0.0,491.0,521.0,9.0,14.0,37.0,45.0,22.0,20.0,2.0,5.0,46.0,54.0,12.0,9.0,36.0,41.0,10.0,14.0,8.0,16.0,12.0,11.0,11.0,14.0,20.0,13.0,11.0,5.0,,,,,,,,,,
10054009,2021-2022,17,1642622400,finished,Brentford,Manchester United,50,35,1.0,3.0,Brentford Community Stadium,Andre Marriner,17094.0,44.0,56.0,4.0,4.0,18.0,13.0,2.0,8.0,6.0,9.0,7.0,9.0,405.0,519.0,17.0,19.0,7.0,6.0,,,,,9.0,5.0,0.0,1.0,4.0,2.0,5.0,6.0,13.0,7.0,5.0,6.0,1.0,3.0,3.0,1.0,3.0,2.0,2.0,3.0,3.0,0.0,291.0,411.0,16.0,8.0,60.0,62.0,22.0,18.0,4.0,4.0,40.0,60.0,13.0,8.0,29.0,39.0,17.0,31.0,5.0,14.0,11.0,12.0,7.0,12.0,30.0,35.0,8.0,4.0,,,,,,,,,,
9576363,2021-2022,23,1642795200,finished,Watford,Norwich City,24,263,0.0,3.0,Vicarage Road,Mike Dean,20782.0,69.0,31.0,2.0,1.0,15.0,7.0,0.0,3.0,5.0,1.0,16.0,11.0,565.0,259.0,14.0,16.0,11.0,16.0,2.0,1.0,1.0,0.0,4.0,2.0,1.0,0.0,7.0,2.0,4.0,3.0,8.0,4.0,7.0,3.0,0.0,1.0,2.0,0.0,,,1.0,1.0,1.0,1.0,464.0,152.0,17.0,28.0,61.0,42.0,42.0,13.0,5.0,2.0,55.0,45.0,9.0,7.0,47.0,39.0,20.0,16.0,22.0,7.0,10.0,11.0,9.0,9.0,5.0,14.0,5.0,8.0,,,,,,,,,,
9576324,2021-2022,23,1642854600,finished,Everton,Aston Villa,48,40,0.0,1.0,Goodison Park,Craig Pawson,38203.0,50.0,50.0,1.0,1.0,15.0,8.0,2.0,0.0,9.0,2.0,14.0,16.0,338.0,361.0,24.0,26.0,16.0,13.0,5.0,4.0,,,1.0,3.0,0.0,0.0,7.0,4.0,7.0,1.0,11.0,4.0,4.0,4.0,,,1.0,1.0,0.0,1.0,3.0,5.0,3.0,1.0,228.0,255.0,35.0,27.0,62.0,50.0,35.0,21.0,10.0,2.0,49.0,51.0,13.0,14.0,52.0,53.0,29.0,30.0,12.0,14.0,16.0,18.0,7.0,10.0,7.0,15.0,7.0,11.0,,,,,,,,,,
9576451,2021-2022,23,1642863600,finished,Brentford,Wolverhampton,50,3,1.0,2.0,Brentford Community Stadium,Peter Bankes,,50.0,50.0,,,11.0,7.0,,,6.0,3.0,6.0,7.0,455.0,477.0,16.0,22.0,7.0,6.0,2.0,3.0,,,1.0,2.0,0.0,0.0,5.0,3.0,5.0,2.0,7.0,3.0,4.0,4.0,,,,,1.0,0.0,4.0,1.0,0.0,4.0,335.0,355.0,29.0,20.0,60.0,58.0,19.0,21.0,5.0,3.0,50.0,50.0,19.0,9.0,34.0,44.0,25.0,14.0,11.0,16.0,9.0,12.0,10.0,9.0,14.0,34.0,5.0,6.0,,,,,,,,,,
9576440,2021-2022,23,1642863600,finished,Leeds United,Newcastle United,34,39,0.0,1.0,Elland Road,Chris Kavanagh,36405.0,63.0,37.0,2.0,1.0,13.0,15.0,2.0,4.0,6.0,7.0,9.0,9.0,477.0,277.0,21.0,18.0,8.0,9.0,4.0,2.0,,,4.0,3.0,0.0,0.0,4.0,4.0,5.0,8.0,8.0,6.0,5.0,9.0,,,2.0,1.0,1.0,0.0,0.0,1.0,,,377.0,186.0,24.0,22.0,55.0,60.0,24.0,27.0,3.0,5.0,46.0,54.0,6.0,10.0,42.0,36.0,14.0,30.0,13.0,9.0,13.0,9.0,7.0,16.0,20.0,28.0,5.0,9.0,,,,,,,,,,
9576333,2021-2022,23,1642863600,finished,Manchester United,West Ham United,35,37,1.0,0.0,Old Trafford,Jonathan Moss,73130.0,57.0,43.0,1.0,0.0,18.0,6.0,2.0,2.0,3.0,3.0,9.0,8.0,548.0,413.0,17.0,9.0,8.0,9.0,1.0,1.0,,,3.0,1.0,0.0,0.0,9.0,3.0,6.0,2.0,13.0,5.0,5.0,1.0,1.0,0.0,,,,,2.0,2.0,4.0,1.0,453.0,308.0,25.0,20.0,78.0,43.0,22.0,24.0,3.0,1.0,57.0,43.0,6.0,8.0,35.0,27.0,20.0,15.0,10.0,9.0,11.0,7.0,4.0,16.0,15.0,13.0,7.0,14.0,,,,,,,,,,
9576439,2021-2022,23,1642872600,finished,Southampton,Manchester City,45,17,1.0,1.0,St. Mary's Stadium,Simon Hooper,,26.0,74.0,2.0,3.0,7.0,20.0,4.0,2.0,2.0,11.0,13.0,5.0,278.0,777.0,20.0,21.0,4.0,13.0,3.0,0.0,,,3.0,5.0,1.0,3.0,3.0,8.0,1.0,7.0,6.0,11.0,1.0,9.0,0.0,1.0,2.0,2.0,0.0,1.0,1.0,5.0,2.0,0.0,193.0,700.0,12.0,15.0,35.0,97.0,15.0,31.0,2.0,8.0,41.0,59.0,12.0,8.0,32.0,49.0,11.0,13.0,8.0,15.0,14.0,10.0,12.0,8.0,37.0,4.0,12.0,2.0,,,,,,,,,,
9576339,2021-2022,23,1642946400,finished,Leicester City,Brighton & Hove Albion,31,30,1.0,1.0,King Power Stadium,Martin Atkinson,,44.0,56.0,3.0,3.0,15.0,14.0,3.0,4.0,4.0,5.0,6.0,8.0,460.0,577.0,18.0,22.0,8.0,6.0,0.0,1.0,,,5.0,5.0,0.0,0.0,3.0,4.0,7.0,5.0,9.0,7.0,6.0,7.0,1.0,1.0,2.0,2.0,,,2.0,0.0,3.0,3.0,364.0,474.0,14.0,21.0,44.0,64.0,20.0,37.0,0.0,3.0,49.0,51.0,9.0,11.0,36.0,37.0,9.0,9.0,10.0,9.0,7.0,15.0,9.0,7.0,30.0,13.0,5.0,2.0,,,,,,,,,,
9576297,2021-2022,23,1642946400,finished,Arsenal,Burnley,42,6,0.0,0.0,Emirates Stadium,David Coote,59255.0,76.0,24.0,1.0,0.0,20.0,10.0,1.0,5.0,12.0,4.0,9.0,13.0,643.0,211.0,7.0,18.0,12.0,8.0,0.0,2.0,,,5.0,1.0,0.0,0.0,8.0,6.0,7.0,3.0,13.0,5.0,7.0,5.0,,,1.0,0.0,,,4.0,1.0,0.0,2.0,564.0,137.0,20.0,11.0,73.0,41.0,36.0,19.0,3.0,1.0,43.0,57.0,10.0,4.0,27.0,33.0,17.0,25.0,8.0,7.0,3.0,8.0,4.0,7.0,19.0,42.0,8.0,10.0,,,,,,,,,,
9576378,2021-2022,18,1639848600,finished,Leeds United,Arsenal,34,42,1.0,4.0,Elland Road,Andre Marriner,36166.0,51.0,49.0,2.0,6.0,9.0,21.0,8.0,1.0,1.0,4.0,11.0,7.0,405.0,392.0,14.0,13.0,6.0,11.0,3.0,1.0,,,2.0,12.0,0.0,0.0,6.0,3.0,1.0,6.0,4.0,14.0,5.0,7.0,1.0,3.0,1.0,3.0,0.0,4.0,1.0,2.0,0.0,1.0,312.0,305.0,27.0,15.0,35.0,52.0,24.0,17.0,3.0,2.0,47.0,53.0,9.0,7.0,31.0,30.0,6.0,11.0,11.0,6.0,4.0,7.0,9.0,11.0,15.0,8.0,5.0,8.0,,,,,,,,,,
9576181,2021-2022,18,1639915200,canceled,Everton,Leicester City,48,31,,,Goodison Park,,,,,,,,,,,,,,,,,,,,,,,,,,,,,,,,,,,,,,,,,,,,,,,,,,,,,,,,,,,,,,,,,,,,,,,,,,,,,,,,,,,,
9576096,2021-2022,18,1639922400,finished,Newcastle United,Manchester City,39,17,0.0,4.0,St James' Park,Martin Atkinson,52127.0,28.0,72.0,0.0,5.0,5.0,18.0,3.0,1.0,3.0,6.0,9.0,6.0,265.0,709.0,13.0,21.0,6.0,8.0,1.0,2.0,,,1.0,7.0,0.0,0.0,4.0,8.0,0.0,3.0,2.0,16.0,3.0,2.0,0.0,3.0,0.0,2.0,1.0,1.0,3.0,1.0,4.0,2.0,215.0,646.0,14.0,15.0,38.0,62.0,23.0,26.0,2.0,5.0,45.0,55.0,12.0,6.0,28.0,40.0,12.0,8.0,9.0,11.0,7.0,10.0,11.0,5.0,16.0,9.0,8.0,7.0,,,,,,,,,,
9576254,2021-2022,18,1639922400,finished,Wolverhampton,Chelsea,3,38,0.0,0.0,Molineux Stadium,David Coote,30631.0,37.0,63.0,1.0,1.0,4.0,8.0,1.0,1.0,4.0,9.0,9.0,7.0,433.0,739.0,17.0,16.0,5.0,9.0,0.0,2.0,,,1.0,1.0,0.0,0.0,1.0,1.0,2.0,6.0,1.0,6.0,3.0,2.0,,,1.0,1.0,0.0,2.0,0.0,3.0,2.0,4.0,337.0,649.0,17.0,22.0,37.0,69.0,20.0,23.0,3.0,4.0,42.0,58.0,10.0,8.0,26.0,38.0,11.0,14.0,4.0,14.0,8.0,9.0,13.0,16.0,26.0,18.0,7.0,1.0,,,,,,,,,,
9576093,2021-2022,18,1639931400,finished,Tottenham Hotspur,Liverpool,33,44,2.0,2.0,Tottenham Hotspur Stadium,Paul Tierney,45421.0,44.0,56.0,6.0,1.0,10.0,18.0,4.0,3.0,6.0,4.0,12.0,11.0,413.0,519.0,15.0,25.0,11.0,11.0,4.0,4.0,0.0,1.0,5.0,6.0,0.0,0.0,3.0,6.0,2.0,6.0,10.0,11.0,0.0,7.0,1.0,1.0,5.0,0.0,6.0,1.0,0.0,5.0,3.0,1.0,315.0,423.0,18.0,21.0,41.0,64.0,31.0,31.0,3.0,6.0,48.0,52.0,15.0,9.0,34.0,43.0,16.0,11.0,9.0,6.0,11.0,13.0,8.0,11.0,25.0,15.0,10.0,4.0,,,,,,,,,,
9576172,2021-2022,19,1640521800,canceled,Wolverhampton,Watford,3,24,,,Molineux Stadium,,,,,,,,,,,,,,,,,,,,,,,,,,,,,,,,,,,,,,,,,,,,,,,,,,,,,,,,,,,,,,,,,,,,,,,,,,,,,,,,,,,,
9576146,2021-2022,19,1640521800,canceled,Liverpool,Leeds United,44,34,,,Anfield,,,,,,,,,,,,,,,,,,,,,,,,,,,,,,,,,,,,,,,,,,,,,,,,,,,,,,,,,,,,,,,,,,,,,,,,,,,,,,,,,,,,
9576370,2021-2022,19,1640530800,canceled,Burnley,Everton,6,48,,,Turf Moor,Anthony Taylor,,,,,,,,,,,,,,,,,,,,,,,,,,,,,,,,,,,,,,,,,,,,,,,,,,,,,,,,,,,,,,,,,,,,,,,,,,,,,,,,,,,
9576092,2021-2022,19,1640530800,finished,West Ham United,Southampton,37,45,2.0,3.0,London Stadium,Kevin Friend,,56.0,44.0,2.0,1.0,11.0,11.0,3.0,2.0,10.0,2.0,10.0,9.0,451.0,378.0,13.0,19.0,9.0,10.0,2.0,3.0,,,5.0,6.0,0.0,0.0,3.0,2.0,3.0,3.0,6.0,5.0,5.0,6.0,2.0,1.0,,,,,2.0,1.0,2.0,1.0,362.0,290.0,20.0,18.0,76.0,52.0,27.0,20.0,4.0,3.0,45.0,55.0,13.0,10.0,30.0,38.0,19.0,21.0,8.0,9.0,10.0,10.0,9.0,13.0,11.0,37.0,2.0,17.0,,,,,,,,,,
9576387,2021-2022,19,1640530800,finished,Tottenham Hotspur,Crystal Palace,33,7,3.0,0.0,Tottenham Hotspur Stadium,Jonathan Moss,40539.0,60.0,40.0,4.0,0.0,17.0,4.0,0.0,3.0,4.0,2.0,16.0,9.0,602.0,406.0,23.0,18.0,9.0,15.0,1.0,3.0,0.0,1.0,6.0,0.0,0.0,0.0,6.0,2.0,5.0,2.0,11.0,3.0,6.0,1.0,3.0,0.0,1.0,0.0,1.0,0.0,0.0,1.0,1.0,0.0,548.0,336.0,14.0,13.0,49.0,29.0,29.0,22.0,14.0,4.0,54.0,46.0,9.0,11.0,41.0,39.0,15.0,9.0,9.0,6.0,15.0,10.0,12.0,12.0,9.0,7.0,5.0,14.0,,,,,,,,,,
9576286,2021-2022,19,1640530800,finished,Norwich City,Arsenal,263,42,0.0,5.0,Carrow Road,Graham Scott,,35.0,65.0,0.0,3.0,4.0,16.0,1.0,2.0,3.0,4.0,13.0,7.0,314.0,585.0,17.0,13.0,7.0,13.0,1.0,2.0,,,2.0,6.0,0.0,0.0,1.0,4.0,1.0,6.0,3.0,11.0,1.0,5.0,0.0,2.0,0.0,1.0,0.0,1.0,0.0,4.0,3.0,2.0,228.0,493.0,23.0,20.0,37.0,67.0,20.0,23.0,1.0,2.0,38.0,62.0,8.0,8.0,26.0,36.0,10.0,23.0,2.0,11.0,8.0,11.0,13.0,8.0,12.0,9.0,7.0,3.0,,,,,,,,,,
9576366,2021-2022,19,1640530800,finished,Manchester City,Leicester City,17,31,6.0,3.0,Etihad Stadium,Chris Kavanagh,,72.0,28.0,5.0,5.0,17.0,14.0,5.0,2.0,14.0,4.0,11.0,9.0,736.0,289.0,7.0,15.0,9.0,11.0,1.0,2.0,,,9.0,8.0,1.0,2.0,3.0,5.0,5.0,1.0,12.0,10.0,5.0,4.0,4.0,3.0,1.0,2.0,1.0,2.0,6.0,2.0,2.0,1.0,693.0,251.0,18.0,3.0,49.0,22.0,17.0,15.0,6.0,3.0,45.0,55.0,8.0,5.0,32.0,38.0,2.0,3.0,16.0,12.0,3.0,10.0,3.0,9.0,9.0,25.0,3.0,5.0,,,,,,,,,,
9576381,2021-2022,19,1640539800,finished,Aston Villa,Chelsea,40,38,1.0,3.0,Villa Park,Martin Atkinson,41907.0,42.0,58.0,0.0,4.0,8.0,10.0,1.0,1.0,2.0,5.0,8.0,11.0,446.0,609.0,17.0,17.0,11.0,8.0,3.0,1.0,,,1.0,4.0,0.0,1.0,2.0,3.0,5.0,3.0,5.0,9.0,3.0,1.0,0.0,2.0,0.0,2.0,1.0,0.0,1.0,4.0,2.0,2.0,382.0,541.0,18.0,23.0,39.0,75.0,16.0,40.0,1.0,3.0,51.0,49.0,7.0,11.0,37.0,35.0,7.0,8.0,9.0,10.0,9.0,10.0,12.0,16.0,22.0,18.0,7.0,2.0,,,,,,,,,,
9576390,2021-2022,19,1640548800,finished,Brighton & Hove Albion,Brentford,30,50,2.0,0.0,American Express Stadium,Andy Madley,30141.0,50.0,50.0,1.0,1.0,15.0,16.0,5.0,3.0,6.0,9.0,8.0,10.0,467.0,450.0,13.0,16.0,9.0,8.0,1.0,3.0,,,5.0,6.0,0.0,0.0,7.0,6.0,3.0,4.0,4.0,12.0,11.0,4.0,1.0,0.0,0.0,1.0,1.0,0.0,3.0,1.0,2.0,3.0,375.0,348.0,15.0,19.0,72.0,48.0,21.0,19.0,4.0,4.0,49.0,51.0,9.0,10.0,31.0,38.0,20.0,15.0,9.0,15.0,7.0,9.0,11.0,12.0,23.0,21.0,4.0,10.0,,,,,,,,,,
9576182,2021-2022,19,1640635200,finished,Newcastle United,Manchester United,39,35,1.0,1.0,St James' Park,Craig Pawson,52178.0,31.0,69.0,1.0,3.0,13.0,13.0,2.0,7.0,2.0,3.0,11.0,8.0,259.0,566.0,18.0,17.0,8.0,11.0,3.0,3.0,,,8.0,4.0,1.0,0.0,3.0,3.0,2.0,6.0,5.0,8.0,8.0,5.0,,,1.0,3.0,0.0,1.0,2.0,2.0,2.0,3.0,167.0,455.0,28.0,32.0,43.0,74.0,25.0,30.0,0.0,6.0,46.0,54.0,9.0,4.0,38.0,39.0,9.0,16.0,12.0,11.0,10.0,10.0,17.0,10.0,20.0,19.0,12.0,7.0,,,,,,,,,,
9576118,2021-2022,20,1640694600,canceled,Arsenal,Wolverhampton,42,3,,,Emirates Stadium,,,,,,,,,,,,,,,,,,,,,,,,,,,,,,,,,,,,,,,,,,,,,,,,,,,,,,,,,,,,,,,,,,,,,,,,,,,,,,,,,,,,
9576221,2021-2022,20,1640703600,finished,Crystal Palace,Norwich City,7,263,3.0,0.0,Selhurst Park,Paul Tierney,24433.0,51.0,49.0,2.0,0.0,19.0,12.0,2.0,3.0,8.0,8.0,9.0,13.0,391.0,376.0,26.0,16.0,13.0,9.0,1.0,2.0,,,6.0,3.0,0.0,1.0,6.0,2.0,7.0,7.0,17.0,6.0,2.0,6.0,1.0,0.0,1.0,0.0,,,6.0,2.0,1.0,3.0,306.0,298.0,30.0,21.0,42.0,50.0,35.0,34.0,6.0,5.0,60.0,40.0,11.0,14.0,48.0,31.0,20.0,14.0,9.0,6.0,16.0,8.0,6.0,5.0,14.0,23.0,3.0,5.0,,,,,,,,,,
9576225,2021-2022,20,1640703600,finished,Watford,West Ham United,24,37,1.0,4.0,Vicarage Road,Darren England,20073.0,43.0,57.0,2.0,5.0,14.0,13.0,2.0,4.0,4.0,5.0,12.0,12.0,316.0,423.0,16.0,15.0,11.0,12.0,0.0,1.0,,,5.0,6.0,0.0,1.0,5.0,3.0,4.0,4.0,11.0,10.0,3.0,3.0,0.0,3.0,2.0,2.0,,,1.0,2.0,0.0,1.0,209.0,316.0,25.0,26.0,61.0,50.0,24.0,25.0,6.0,6.0,53.0,47.0,8.0,8.0,38.0,36.0,25.0,19.0,11.0,9.0,12.0,9.0,13.0,16.0,20.0,15.0,5.0,12.0,,,,,,,,,,
9576191,2021-2022,20,1640703600,finished,Southampton,Tottenham Hotspur,45,33,1.0,1.0,St. Mary's Stadium,Anthony Taylor,31304.0,35.0,65.0,0.0,4.0,9.0,21.0,10.0,1.0,3.0,7.0,15.0,5.0,290.0,536.0,15.0,9.0,3.0,15.0,4.0,2.0,1.0,0.0,2.0,11.0,0.0,0.0,3.0,5.0,4.0,5.0,4.0,14.0,5.0,7.0,0.0,1.0,0.0,3.0,0.0,2.0,1.0,4.0,3.0,3.0,201.0,452.0,17.0,23.0,58.0,60.0,25.0,24.0,2.0,12.0,47.0,53.0,6.0,10.0,23.0,29.0,21.0,20.0,5.0,5.0,4.0,7.0,10.0,5.0,26.0,13.0,6.0,2.0,,,,,,,,,,
9576196,2021-2022,20,1640712600,canceled,Leeds United,Aston Villa,34,40,,,Elland Road,,,,,,,,,,,,,,,,,,,,,,,,,,,,,,,,,,,,,,,,,,,,,,,,,,,,,,,,,,,,,,,,,,,,,,,,,,,,,,,,,,,,
9576144,2021-2022,20,1640721600,finished,Leicester City,Liverpool,31,44,1.0,0.0,King Power Stadium,Michael Oliver,32230.0,37.0,63.0,1.0,5.0,6.0,21.0,4.0,0.0,1.0,12.0,8.0,11.0,358.0,587.0,17.0,15.0,10.0,8.0,0.0,1.0,,,1.0,4.0,0.0,1.0,2.0,12.0,3.0,5.0,5.0,17.0,1.0,4.0,,,1.0,5.0,0.0,1.0,0.0,4.0,3.0,1.0,262.0,479.0,15.0,26.0,26.0,103.0,29.0,31.0,1.0,11.0,52.0,48.0,8.0,9.0,35.0,34.0,20.0,17.0,8.0,11.0,9.0,10.0,31.0,15.0,38.0,6.0,14.0,2.0,,,,,,,,,,
9576395,2021-2022,20,1640806200,finished,Chelsea,Brighton & Hove Albion,38,30,1.0,1.0,Stamford Bridge,Mike Dean,,48.0,52.0,,,11.0,18.0,5.0,4.0,10.0,8.0,14.0,7.0,430.0,473.0,23.0,23.0,7.0,12.0,4.0,1.0,,,5.0,6.0,1.0,1.0,3.0,8.0,3.0,4.0,9.0,10.0,2.0,8.0,,,,,0.0,1.0,3.0,5.0,1.0,0.0,343.0,379.0,17.0,25.0,60.0,50.0,22.0,18.0,5.0,6.0,48.0,52.0,16.0,16.0,37.0,49.0,20.0,14.0,7.0,14.0,15.0,14.0,10.0,9.0,26.0,19.0,10.0,4.0,,,,,,,,,,
9576192,2021-2022,20,1640808900,finished,Brentford,Manchester City,50,17,0.0,1.0,Brentford Community Stadium,David Coote,17009.0,24.0,76.0,0.0,1.0,6.0,12.0,2.0,3.0,3.0,5.0,12.0,10.0,217.0,716.0,17.0,11.0,10.0,12.0,,,,,2.0,3.0,0.0,1.0,2.0,5.0,2.0,4.0,3.0,7.0,3.0,5.0,0.0,1.0,,,,,2.0,4.0,0.0,3.0,136.0,634.0,10.0,26.0,32.0,73.0,16.0,26.0,1.0,3.0,48.0,52.0,7.0,12.0,29.0,30.0,15.0,18.0,2.0,7.0,6.0,4.0,16.0,8.0,17.0,10.0,11.0,5.0,,,,,,,,,,
9576194,2021-2022,20,1640892600,canceled,Everton,Newcastle United,48,39,,,Goodison Park,Graham Scott,,,,,,,,,,,,,,,,,,,,,,,,,,,,,,,,,,,,,,,,,,,,,,,,,,,,,,,,,,,,,,,,,,,,,,,,,,,,,,,,,,,
9576112,2021-2022,20,1640895300,finished,Manchester United,Burnley,35,6,3.0,1.0,Old Trafford,Jonathan Moss,,58.0,42.0,2.0,1.0,18.0,10.0,2.0,4.0,7.0,5.0,5.0,10.0,480.0,348.0,8.0,14.0,10.0,5.0,,,,,6.0,3.0,1.0,0.0,9.0,4.0,3.0,3.0,12.0,9.0,6.0,1.0,1.0,0.0,1.0,1.0,1.0,2.0,1.0,1.0,2.0,4.0,374.0,267.0,20.0,12.0,53.0,54.0,29.0,36.0,6.0,5.0,50.0,50.0,11.0,4.0,24.0,20.0,21.0,25.0,6.0,1.0,6.0,7.0,4.0,6.0,14.0,23.0,8.0,8.0,,,,,,,,,,
9576271,2021-2022,21,1641040200,finished,Arsenal,Manchester City,42,17,1.0,2.0,Emirates Stadium,Stuart Attwell,59757.0,29.0,71.0,1.0,3.0,7.0,15.0,0.0,1.0,5.0,5.0,13.0,5.0,249.0,644.0,16.0,14.0,4.0,12.0,5.0,2.0,1.0,0.0,2.0,2.0,1.0,0.0,4.0,6.0,1.0,7.0,5.0,8.0,2.0,7.0,0.0,2.0,1.0,1.0,,,3.0,3.0,1.0,2.0,179.0,572.0,10.0,12.0,55.0,64.0,22.0,32.0,1.0,3.0,40.0,60.0,6.0,8.0,29.0,36.0,5.0,16.0,9.0,10.0,6.0,7.0,10.0,2.0,15.0,23.0,9.0,6.0,,,,,,,,,,
9576416,2021-2022,21,1641049200,canceled,Leicester City,Norwich City,31,263,,,King Power Stadium,,,,,,,,,,,,,,,,,,,,,,,,,,,,,,,,,,,,,,,,,,,,,,,,,,,,,,,,,,,,,,,,,,,,,,,,,,,,,,,,,,,,
9576171,2021-2022,21,1641049200,finished,Watford,Tottenham Hotspur,24,33,0.0,1.0,Vicarage Road,Robert Jones,20391.0,26.0,74.0,0.0,2.0,6.0,21.0,9.0,4.0,3.0,7.0,6.0,9.0,251.0,715.0,16.0,16.0,9.0,6.0,0.0,1.0,,,4.0,9.0,0.0,0.0,2.0,6.0,0.0,6.0,3.0,12.0,3.0,9.0,0.0,1.0,0.0,1.0,1.0,1.0,2.0,3.0,1.0,3.0,168.0,635.0,10.0,20.0,48.0,108.0,25.0,36.0,1.0,8.0,51.0,49.0,7.0,7.0,35.0,35.0,24.0,22.0,10.0,13.0,8.0,8.0,8.0,3.0,40.0,10.0,9.0,5.0,,,,,,,,,,
9576415,2021-2022,21,1641058200,finished,Crystal Palace,West Ham United,7,37,2.0,3.0,Selhurst Park,Michael Oliver,24351.0,63.0,37.0,4.0,3.0,22.0,10.0,2.0,4.0,9.0,1.0,6.0,16.0,558.0,339.0,15.0,31.0,15.0,4.0,0.0,2.0,,,6.0,5.0,2.0,0.0,11.0,4.0,5.0,1.0,16.0,9.0,6.0,1.0,1.0,2.0,3.0,1.0,,,5.0,2.0,0.0,2.0,487.0,246.0,31.0,23.0,61.0,57.0,36.0,19.0,12.0,7.0,50.0,50.0,16.0,11.0,35.0,42.0,19.0,13.0,5.0,7.0,12.0,18.0,6.0,11.0,17.0,37.0,8.0,10.0,,,,,,,,,,
9576396,2021-2022,21,1641132000,canceled,Southampton,Newcastle United,45,39,,,St. Mary's Stadium,Chris Kavanagh,,,,,,,,,,,,,,,,,,,,,,,,,,,,,,,,,,,,,,,,,,,,,,,,,,,,,,,,,,,,,,,,,,,,,,,,,,,,,,,,,,,
9576122,2021-2022,15,1638712800,finished,Leeds United,Brentford,34,50,2.0,2.0,Elland Road,David Coote,35639.0,63.0,37.0,2.0,2.0,13.0,9.0,1.0,4.0,5.0,1.0,11.0,9.0,510.0,308.0,18.0,18.0,8.0,11.0,5.0,3.0,,,6.0,3.0,0.0,0.0,4.0,2.0,3.0,4.0,7.0,7.0,6.0,2.0,2.0,1.0,0.0,1.0,,,4.0,4.0,7.0,0.0,407.0,210.0,21.0,18.0,66.0,50.0,30.0,12.0,5.0,4.0,48.0,52.0,11.0,11.0,34.0,38.0,18.0,19.0,8.0,9.0,11.0,7.0,16.0,15.0,18.0,28.0,5.0,5.0,,,,,,,,,,
9576255,2021-2022,15,1638712800,finished,Tottenham Hotspur,Norwich City,33,263,3.0,0.0,Tottenham Hotspur Stadium,Jarred Gillett,57088.0,41.0,59.0,2.0,1.0,17.0,10.0,1.0,4.0,6.0,4.0,11.0,4.0,459.0,667.0,10.0,18.0,4.0,11.0,1.0,2.0,,,7.0,1.0,0.0,0.0,8.0,6.0,2.0,3.0,8.0,7.0,9.0,3.0,1.0,0.0,1.0,1.0,,,1.0,1.0,2.0,4.0,394.0,589.0,16.0,20.0,43.0,48.0,18.0,42.0,4.0,4.0,41.0,59.0,11.0,5.0,23.0,37.0,11.0,11.0,9.0,8.0,7.0,12.0,11.0,6.0,27.0,6.0,10.0,8.0,,,,,,,,,,
9576379,2021-2022,15,1638712800,finished,Manchester United,Crystal Palace,35,7,1.0,0.0,Old Trafford,Craig Pawson,73172.0,61.0,39.0,0.0,2.0,16.0,8.0,2.0,2.0,9.0,6.0,16.0,9.0,530.0,331.0,24.0,23.0,9.0,16.0,2.0,2.0,,,3.0,2.0,1.0,0.0,7.0,3.0,6.0,3.0,8.0,4.0,8.0,4.0,,,0.0,2.0,1.0,1.0,3.0,4.0,3.0,0.0,436.0,236.0,30.0,20.0,76.0,36.0,37.0,21.0,5.0,4.0,45.0,55.0,14.0,20.0,38.0,45.0,17.0,21.0,5.0,6.0,11.0,15.0,8.0,8.0,14.0,22.0,4.0,10.0,,,,,,,,,,
9576270,2021-2022,15,1638721800,finished,Aston Villa,Leicester City,40,31,2.0,1.0,Villa Park,Michael Oliver,41572.0,41.0,59.0,4.0,1.0,13.0,12.0,3.0,2.0,3.0,6.0,8.0,25.0,359.0,524.0,21.0,16.0,25.0,8.0,1.0,1.0,,,4.0,5.0,0.0,0.0,4.0,5.0,5.0,2.0,11.0,9.0,2.0,3.0,1.0,0.0,3.0,1.0,3.0,0.0,2.0,0.0,1.0,0.0,271.0,424.0,19.0,29.0,61.0,66.0,13.0,29.0,4.0,3.0,57.0,43.0,15.0,15.0,55.0,32.0,15.0,21.0,9.0,8.0,13.0,7.0,10.0,12.0,21.0,11.0,9.0,5.0,,,,,,,,,,
9576078,2021-2022,15,1638820800,finished,Everton,Arsenal,48,42,2.0,1.0,Goodison Park,Mike Dean,,36.0,64.0,2.0,1.0,11.0,10.0,2.0,3.0,3.0,3.0,8.0,12.0,329.0,588.0,13.0,19.0,12.0,8.0,2.0,2.0,,,5.0,3.0,1.0,1.0,3.0,4.0,3.0,3.0,7.0,8.0,4.0,2.0,1.0,0.0,1.0,1.0,0.0,1.0,2.0,2.0,5.0,1.0,228.0,486.0,28.0,20.0,57.0,60.0,22.0,21.0,4.0,3.0,47.0,53.0,11.0,12.0,30.0,38.0,16.0,14.0,6.0,11.0,7.0,4.0,11.0,10.0,12.0,13.0,7.0,7.0,,,,,,,,,,
9576380,2021-2022,16,1639166400,finished,Brentford,Watford,50,24,2.0,1.0,Brentford Community Stadium,Michael Oliver,16861.0,63.0,37.0,2.0,1.0,14.0,6.0,1.0,3.0,8.0,2.0,12.0,18.0,472.0,281.0,20.0,17.0,18.0,12.0,4.0,0.0,,,5.0,2.0,0.0,1.0,4.0,3.0,5.0,1.0,11.0,4.0,3.0,2.0,2.0,0.0,0.0,1.0,0.0,1.0,5.0,3.0,1.0,0.0,350.0,163.0,34.0,26.0,73.0,55.0,30.0,18.0,3.0,5.0,49.0,51.0,10.0,11.0,43.0,35.0,25.0,36.0,6.0,6.0,12.0,9.0,11.0,8.0,9.0,35.0,4.0,8.0,,,,,,,,,,
9576111,2021-2022,16,1639225800,finished,Manchester City,Wolverhampton,17,3,1.0,0.0,Etihad Stadium,Jonathan Moss,52613.0,71.0,29.0,3.0,0.0,24.0,2.0,1.0,8.0,14.0,1.0,12.0,5.0,746.0,310.0,11.0,14.0,4.0,10.0,3.0,4.0,0.0,1.0,10.0,1.0,0.0,0.0,8.0,1.0,6.0,0.0,16.0,2.0,8.0,0.0,1.0,0.0,2.0,0.0,1.0,0.0,2.0,1.0,1.0,0.0,679.0,231.0,19.0,14.0,95.0,18.0,33.0,16.0,8.0,2.0,43.0,57.0,5.0,3.0,24.0,35.0,10.0,10.0,9.0,11.0,8.0,9.0,12.0,17.0,1.0,29.0,1.0,12.0,,,,,,,,,,
9576086,2021-2022,16,1639234800,finished,Arsenal,Southampton,42,45,3.0,0.0,Emirates Stadium,Jarred Gillett,59653.0,61.0,39.0,3.0,0.0,15.0,11.0,6.0,2.0,9.0,8.0,5.0,9.0,507.0,320.0,8.0,12.0,8.0,5.0,2.0,0.0,,,5.0,6.0,2.0,0.0,7.0,2.0,3.0,3.0,11.0,4.0,4.0,7.0,2.0,0.0,1.0,0.0,1.0,0.0,1.0,3.0,3.0,1.0,405.0,237.0,19.0,20.0,51.0,45.0,27.0,25.0,5.0,2.0,51.0,49.0,7.0,5.0,21.0,19.0,21.0,22.0,5.0,2.0,4.0,4.0,7.0,8.0,11.0,24.0,4.0,8.0,,,,,,,,,,
9576139,2021-2022,16,1639234800,finished,Chelsea,Leeds United,38,34,3.0,2.0,Stamford Bridge,Chris Kavanagh,39959.0,58.0,42.0,4.0,2.0,16.0,12.0,3.0,3.0,5.0,2.0,9.0,15.0,415.0,304.0,18.0,23.0,15.0,9.0,2.0,5.0,,,6.0,5.0,0.0,0.0,5.0,1.0,5.0,6.0,10.0,8.0,6.0,4.0,3.0,2.0,1.0,0.0,,,6.0,4.0,1.0,4.0,348.0,223.0,31.0,28.0,51.0,39.0,24.0,17.0,5.0,2.0,53.0,47.0,15.0,10.0,41.0,42.0,16.0,8.0,8.0,10.0,13.0,11.0,12.0,9.0,12.0,13.0,2.0,7.0,,,,,,,,,,
9576107,2021-2022,16,1639234800,finished,Liverpool,Aston Villa,44,40,1.0,0.0,Anfield,Stuart Attwell,53093.0,62.0,38.0,4.0,0.0,20.0,4.0,0.0,4.0,11.0,3.0,13.0,6.0,551.0,329.0,17.0,21.0,6.0,13.0,1.0,2.0,,,5.0,0.0,1.0,0.0,8.0,2.0,7.0,2.0,15.0,1.0,5.0,3.0,1.0,0.0,3.0,0.0,1.0,0.0,2.0,1.0,2.0,1.0,452.0,233.0,23.0,25.0,73.0,48.0,36.0,16.0,11.0,1.0,50.0,50.0,12.0,11.0,33.0,47.0,21.0,7.0,10.0,13.0,8.0,9.0,10.0,7.0,19.0,23.0,3.0,10.0,,,,,,,,,,
9576179,2021-2022,16,1639243800,finished,Norwich City,Manchester United,263,35,0.0,1.0,Carrow Road,Darren England,27606.0,47.0,53.0,1.0,2.0,11.0,13.0,4.0,5.0,8.0,6.0,6.0,17.0,440.0,501.0,9.0,21.0,17.0,6.0,1.0,1.0,,,5.0,5.0,0.0,1.0,1.0,4.0,5.0,4.0,8.0,7.0,3.0,6.0,0.0,1.0,1.0,1.0,0.0,1.0,2.0,3.0,0.0,1.0,341.0,409.0,28.0,18.0,50.0,71.0,27.0,21.0,5.0,3.0,46.0,54.0,15.0,3.0,34.0,36.0,15.0,21.0,8.0,9.0,5.0,10.0,13.0,8.0,23.0,21.0,6.0,6.0,,,,,,,,,,
9576203,2021-2022,16,1639317600,finished,Burnley,West Ham United,6,37,0.0,0.0,Turf Moor,Graham Scott,18065.0,40.0,60.0,,,9.0,16.0,3.0,1.0,6.0,14.0,13.0,11.0,310.0,471.0,19.0,10.0,9.0,12.0,2.0,1.0,,,1.0,3.0,0.0,0.0,5.0,8.0,3.0,5.0,6.0,9.0,3.0,7.0,,,,,,,3.0,2.0,1.0,1.0,199.0,350.0,10.0,23.0,73.0,55.0,32.0,29.0,4.0,3.0,50.0,50.0,7.0,9.0,36.0,32.0,24.0,29.0,8.0,10.0,9.0,6.0,6.0,4.0,29.0,14.0,12.0,11.0,,,,,,,,,,
9576469,2021-2022,16,1639317600,finished,Leicester City,Newcastle United,31,39,4.0,0.0,King Power Stadium,Peter Bankes,,47.0,53.0,3.0,0.0,8.0,12.0,3.0,1.0,4.0,6.0,9.0,16.0,400.0,431.0,20.0,26.0,15.0,9.0,2.0,3.0,,,5.0,3.0,0.0,0.0,2.0,3.0,1.0,6.0,5.0,7.0,3.0,5.0,3.0,0.0,,,1.0,0.0,4.0,1.0,0.0,1.0,317.0,344.0,21.0,19.0,38.0,53.0,23.0,32.0,1.0,6.0,46.0,54.0,22.0,12.0,39.0,46.0,14.0,16.0,4.0,11.0,13.0,16.0,6.0,4.0,26.0,12.0,8.0,9.0,,,,,,,,,,
9576176,2021-2022,16,1639317600,canceled,Brighton & Hove Albion,Tottenham Hotspur,30,33,,,American Express Stadium,Robert Jones,,,,,,,,,,,,,,,,,,,,,,,,,,,,,,,,,,,,,,,,,,,,,,,,,,,,,,,,,,,,,,,,,,,,,,,,,,,,,,,,,,,
9576405,2021-2022,16,1639326600,finished,Crystal Palace,Everton,7,48,3.0,1.0,Selhurst Park,Andy Madley,,61.0,39.0,2.0,1.0,17.0,12.0,5.0,3.0,8.0,2.0,15.0,14.0,487.0,306.0,15.0,25.0,13.0,15.0,0.0,2.0,,,6.0,6.0,0.0,0.0,5.0,1.0,6.0,5.0,12.0,5.0,5.0,7.0,1.0,1.0,1.0,0.0,1.0,0.0,2.0,4.0,1.0,0.0,406.0,215.0,31.0,26.0,52.0,67.0,25.0,19.0,5.0,2.0,50.0,50.0,16.0,8.0,38.0,52.0,27.0,14.0,10.0,12.0,12.0,16.0,4.0,5.0,19.0,25.0,5.0,8.0,,,,,,,,,,
9576247,2021-2022,17,1639510200,canceled,Brentford,Manchester United,50,35,,,Brentford Community Stadium,Andre Marriner,,,,,,,,,,,,,,,,,,,,,,,,,,,,,,,,,,,,,,,,,,,,,,,,,,,,,,,,,,,,,,,,,,,,,,,,,,,,,,,,,,,
9576413,2021-2022,17,1639511100,finished,Norwich City,Aston Villa,263,40,0.0,2.0,Carrow Road,David Coote,26836.0,50.0,50.0,1.0,1.0,7.0,17.0,4.0,3.0,7.0,10.0,12.0,9.0,451.0,447.0,23.0,17.0,9.0,12.0,3.0,1.0,,,3.0,6.0,0.0,0.0,1.0,3.0,3.0,8.0,6.0,12.0,1.0,5.0,0.0,1.0,1.0,0.0,1.0,1.0,3.0,3.0,,,373.0,371.0,24.0,19.0,51.0,57.0,35.0,22.0,6.0,4.0,51.0,49.0,12.0,10.0,40.0,39.0,14.0,12.0,8.0,10.0,14.0,8.0,12.0,7.0,27.0,16.0,3.0,6.0,,,,,,,,,,
9576407,2021-2022,17,1639512000,finished,Manchester City,Leeds United,17,34,7.0,0.0,Etihad Stadium,Paul Tierney,52401.0,64.0,36.0,4.0,0.0,31.0,6.0,3.0,8.0,6.0,2.0,5.0,9.0,608.0,338.0,12.0,15.0,9.0,5.0,1.0,1.0,,,15.0,3.0,0.0,1.0,9.0,2.0,7.0,1.0,17.0,2.0,14.0,4.0,1.0,0.0,3.0,0.0,2.0,0.0,4.0,0.0,1.0,0.0,557.0,273.0,8.0,16.0,53.0,21.0,16.0,16.0,6.0,1.0,60.0,40.0,1.0,9.0,38.0,27.0,8.0,4.0,17.0,8.0,5.0,8.0,9.0,7.0,12.0,13.0,4.0,12.0,,,,,,,,,,
9576108,2021-2022,17,1639596600,canceled,Burnley,Watford,6,24,,,Turf Moor,Martin Atkinson,,,,,,,,,,,,,,,,,,,,,,,,,,,,,,,,,,,,,,,,,,,,,,,,,,,,,,,,,,,,,,,,,,,,,,,,,,,,,,,,,,,
9576105,2021-2022,17,1639596600,finished,Crystal Palace,Southampton,7,45,2.0,2.0,Selhurst Park,Simon Hooper,,60.0,40.0,4.0,0.0,9.0,15.0,2.0,4.0,4.0,6.0,16.0,20.0,448.0,299.0,20.0,24.0,20.0,14.0,2.0,4.0,,,6.0,4.0,0.0,0.0,2.0,7.0,1.0,4.0,9.0,6.0,0.0,9.0,1.0,0.0,3.0,0.0,,,3.0,5.0,1.0,3.0,333.0,193.0,32.0,23.0,50.0,48.0,38.0,23.0,3.0,5.0,53.0,47.0,13.0,16.0,51.0,45.0,24.0,22.0,11.0,7.0,10.0,20.0,10.0,11.0,30.0,24.0,7.0,5.0,,,,,,,,,,
9576104,2021-2022,17,1639596600,finished,Brighton & Hove Albion,Wolverhampton,30,3,0.0,1.0,American Express Stadium,Tony Harrington,30362.0,59.0,41.0,2.0,2.0,12.0,8.0,4.0,2.0,7.0,4.0,11.0,15.0,524.0,365.0,16.0,17.0,15.0,11.0,2.0,0.0,,,2.0,5.0,0.0,2.0,7.0,2.0,3.0,1.0,7.0,5.0,5.0,3.0,0.0,1.0,2.0,1.0,0.0,2.0,7.0,2.0,1.0,1.0,441.0,283.0,23.0,15.0,74.0,38.0,15.0,24.0,3.0,0.0,46.0,54.0,10.0,10.0,39.0,45.0,9.0,11.0,8.0,17.0,8.0,9.0,10.0,10.0,10.0,22.0,3.0,9.0,,,,,,,,,,
9576377,2021-2022,17,1639598400,finished,Arsenal,West Ham United,42,37,2.0,0.0,Emirates Stadium,Anthony Taylor,59777.0,56.0,44.0,3.0,0.0,21.0,7.0,1.0,6.0,5.0,2.0,9.0,9.0,501.0,387.0,22.0,18.0,9.0,7.0,2.0,2.0,0.0,1.0,8.0,1.0,1.0,0.0,5.0,3.0,8.0,3.0,11.0,2.0,10.0,5.0,1.0,0.0,2.0,0.0,2.0,0.0,5.0,3.0,,,420.0,314.0,17.0,28.0,75.0,36.0,27.0,26.0,4.0,3.0,52.0,48.0,12.0,17.0,41.0,34.0,18.0,20.0,10.0,9.0,13.0,14.0,5.0,11.0,19.0,21.0,7.0,6.0,,,,,,,,,,
9576110,2021-2022,17,1639683000,canceled,Leicester City,Tottenham Hotspur,31,33,,,King Power Stadium,Craig Pawson,,,,,,,,,,,,,,,,,,,,,,,,,,,,,,,,,,,,,,,,,,,,,,,,,,,,,,,,,,,,,,,,,,,,,,,,,,,,,,,,,,,
9576237,2021-2022,17,1639683900,finished,Chelsea,Everton,38,48,1.0,1.0,Stamford Bridge,Michael Oliver,39933.0,80.0,20.0,6.0,1.0,23.0,5.0,2.0,9.0,7.0,1.0,11.0,11.0,777.0,194.0,11.0,19.0,10.0,11.0,2.0,3.0,,,10.0,3.0,0.0,0.0,10.0,1.0,3.0,1.0,16.0,2.0,7.0,3.0,1.0,1.0,5.0,0.0,1.0,0.0,7.0,2.0,0.0,2.0,698.0,108.0,31.0,11.0,84.0,54.0,17.0,19.0,8.0,2.0,50.0,50.0,8.0,7.0,34.0,39.0,18.0,14.0,13.0,9.0,8.0,8.0,2.0,9.0,7.0,22.0,2.0,13.0,,,,,,,,,,
9576393,2021-2022,17,1639684800,finished,Liverpool,Newcastle United,44,39,3.0,1.0,Anfield,Mike Dean,,74.0,26.0,5.0,0.0,23.0,5.0,2.0,6.0,11.0,0.0,9.0,4.0,738.0,258.0,12.0,24.0,4.0,9.0,1.0,3.0,,,8.0,3.0,0.0,0.0,9.0,2.0,6.0,0.0,16.0,0.0,7.0,5.0,2.0,0.0,3.0,0.0,1.0,0.0,1.0,1.0,2.0,1.0,628.0,155.0,23.0,9.0,87.0,38.0,30.0,22.0,7.0,1.0,45.0,55.0,19.0,8.0,24.0,39.0,16.0,9.0,8.0,6.0,9.0,20.0,9.0,22.0,3.0,28.0,4.0,14.0,,,,,,,,,,
9576410,2021-2022,18,1639830600,canceled,Manchester United,Brighton & Hove Albion,35,30,,,Old Trafford,,,,,,,,,,,,,,,,,,,,,,,,,,,,,,,,,,,,,,,,,,,,,,,,,,,,,,,,,,,,,,,,,,,,,,,,,,,,,,,,,,,,
9576158,2021-2022,18,1639839600,canceled,Watford,Crystal Palace,24,7,,,Vicarage Road,Peter Bankes,,,,,,,,,,,,,,,,,,,,,,,,,,,,,,,,,,,,,,,,,,,,,,,,,,,,,,,,,,,,,,,,,,,,,,,,,,,,,,,,,,,
9576097,2021-2022,18,1639839600,canceled,Southampton,Brentford,45,50,,,St. Mary's Stadium,Michael Salisbury,,,,,,,,,,,,,,,,,,,,,,,,,,,,,,,,,,,,,,,,,,,,,,,,,,,,,,,,,,,,,,,,,,,,,,,,,,,,,,,,,,,
9576091,2021-2022,18,1639839600,canceled,Aston Villa,Burnley,40,6,,,Villa Park,Andy Madley,,,,,,,,,,,,,,,,,,,,,,,,,,,,,,,,,,,,,,,,,,,,,,,,,,,,,,,,,,,,,,,,,,,,,,,,,,,,,,,,,,,
9576094,2021-2022,18,1639839600,canceled,West Ham United,Norwich City,37,263,,,London Stadium,Simon Hooper,,,,,,,,,,,,,,,,,,,,,,,,,,,,,,,,,,,,,,,,,,,,,,,,,,,,,,,,,,,,,,,,,,,,,,,,,,,,,,,,,,,
9576264,2021-2022,12,1637420400,finished,Wolverhampton,West Ham United,3,37,1.0,0.0,Molineux Stadium,Mike Dean,30667.0,52.0,48.0,2.0,0.0,15.0,8.0,3.0,4.0,7.0,3.0,6.0,9.0,530.0,482.0,17.0,12.0,8.0,6.0,1.0,1.0,,,5.0,3.0,0.0,0.0,7.0,3.0,3.0,2.0,8.0,3.0,7.0,5.0,,,2.0,0.0,1.0,0.0,1.0,1.0,0.0,1.0,452.0,416.0,13.0,17.0,51.0,55.0,30.0,23.0,4.0,6.0,57.0,43.0,5.0,5.0,39.0,27.0,11.0,11.0,14.0,9.0,13.0,7.0,14.0,12.0,20.0,22.0,6.0,11.0,,,,,,,,,,
9576214,2021-2022,12,1637420400,finished,Watford,Manchester United,24,35,4.0,1.0,Vicarage Road,Jonathan Moss,,39.0,61.0,3.0,3.0,20.0,9.0,2.0,3.0,8.0,3.0,7.0,5.0,335.0,553.0,22.0,13.0,5.0,7.0,2.0,3.0,0.0,1.0,7.0,3.0,0.0,0.0,6.0,5.0,7.0,1.0,15.0,8.0,5.0,1.0,1.0,1.0,2.0,2.0,0.0,3.0,4.0,1.0,1.0,4.0,224.0,442.0,21.0,19.0,68.0,43.0,28.0,30.0,8.0,3.0,47.0,53.0,6.0,13.0,31.0,31.0,15.0,20.0,4.0,11.0,13.0,8.0,12.0,7.0,13.0,18.0,6.0,11.0,,,,,,,,,,
9576276,2021-2022,12,1637429400,finished,Liverpool,Arsenal,44,42,4.0,0.0,Anfield,Michael Oliver,53092.0,63.0,37.0,5.0,0.0,19.0,5.0,3.0,5.0,6.0,1.0,15.0,12.0,639.0,384.0,14.0,18.0,11.0,15.0,2.0,0.0,,,9.0,3.0,0.0,0.0,3.0,0.0,7.0,2.0,16.0,3.0,3.0,2.0,4.0,0.0,1.0,0.0,0.0,1.0,2.0,0.0,2.0,8.0,565.0,311.0,17.0,16.0,52.0,48.0,30.0,24.0,5.0,2.0,46.0,54.0,3.0,8.0,33.0,41.0,11.0,11.0,9.0,9.0,8.0,6.0,4.0,8.0,9.0,18.0,3.0,8.0,,,,,,,,,,
9576142,2021-2022,12,1637503200,finished,Manchester City,Everton,17,48,3.0,0.0,Etihad Stadium,Stuart Attwell,52571.0,77.0,23.0,5.0,0.0,17.0,4.0,1.0,4.0,7.0,1.0,5.0,7.0,861.0,247.0,15.0,18.0,7.0,5.0,1.0,1.0,,,7.0,1.0,1.0,0.0,6.0,0.0,4.0,3.0,12.0,3.0,5.0,1.0,2.0,0.0,3.0,0.0,4.0,0.0,2.0,2.0,0.0,2.0,807.0,172.0,13.0,9.0,93.0,25.0,26.0,15.0,3.0,4.0,54.0,46.0,11.0,7.0,30.0,33.0,15.0,5.0,8.0,10.0,7.0,7.0,8.0,6.0,7.0,17.0,0.0,13.0,,,,,,,,,,
9576106,2021-2022,12,1637512200,finished,Tottenham Hotspur,Leeds United,33,34,2.0,1.0,Tottenham Hotspur Stadium,Andre Marriner,,43.0,57.0,4.0,1.0,13.0,18.0,6.0,2.0,4.0,8.0,11.0,12.0,392.0,521.0,18.0,20.0,12.0,11.0,1.0,4.0,,,4.0,7.0,3.0,1.0,3.0,7.0,6.0,4.0,8.0,9.0,5.0,9.0,2.0,1.0,2.0,0.0,2.0,0.0,1.0,1.0,4.0,1.0,314.0,430.0,22.0,26.0,44.0,43.0,11.0,21.0,2.0,3.0,53.0,47.0,4.0,7.0,42.0,44.0,21.0,12.0,12.0,13.0,12.0,13.0,13.0,14.0,22.0,19.0,7.0,3.0,,,,,,,,,,
9576128,2021-2022,13,1638016200,finished,Arsenal,Newcastle United,42,39,2.0,0.0,Emirates Stadium,Stuart Attwell,59886.0,66.0,34.0,5.0,0.0,24.0,9.0,5.0,4.0,4.0,4.0,6.0,12.0,646.0,328.0,14.0,13.0,12.0,5.0,1.0,3.0,,,6.0,5.0,1.0,1.0,12.0,2.0,6.0,2.0,14.0,3.0,10.0,6.0,1.0,0.0,4.0,0.0,3.0,1.0,2.0,0.0,0.0,3.0,563.0,262.0,15.0,5.0,78.0,29.0,22.0,17.0,2.0,2.0,62.0,38.0,8.0,7.0,40.0,27.0,12.0,5.0,15.0,9.0,8.0,9.0,3.0,11.0,12.0,20.0,3.0,12.0,,,,,,,,,,
9576082,2021-2022,13,1638025200,finished,Crystal Palace,Aston Villa,7,40,1.0,2.0,Selhurst Park,Michael Salisbury,25203.0,63.0,37.0,1.0,0.0,8.0,10.0,1.0,2.0,7.0,3.0,12.0,10.0,577.0,340.0,20.0,24.0,10.0,11.0,3.0,3.0,,,3.0,3.0,0.0,0.0,4.0,5.0,1.0,2.0,7.0,5.0,1.0,5.0,1.0,0.0,,,,,3.0,5.0,1.0,0.0,501.0,270.0,28.0,10.0,58.0,50.0,45.0,19.0,5.0,5.0,48.0,52.0,12.0,19.0,38.0,43.0,13.0,12.0,8.0,8.0,15.0,18.0,9.0,6.0,6.0,25.0,5.0,6.0,,,,,,,,,,
9576084,2021-2022,13,1638025200,finished,Norwich City,Wolverhampton,263,3,0.0,0.0,Carrow Road,Simon Hooper,,43.0,57.0,2.0,0.0,14.0,5.0,2.0,4.0,4.0,3.0,11.0,10.0,443.0,601.0,23.0,21.0,10.0,11.0,2.0,2.0,,,4.0,2.0,0.0,0.0,7.0,3.0,3.0,0.0,9.0,4.0,5.0,1.0,,,2.0,0.0,1.0,0.0,6.0,1.0,1.0,0.0,372.0,515.0,13.0,16.0,57.0,53.0,23.0,35.0,3.0,1.0,50.0,50.0,8.0,12.0,44.0,41.0,8.0,11.0,11.0,9.0,17.0,7.0,8.0,10.0,13.0,15.0,7.0,8.0,,,,,,,,,,
9576204,2021-2022,13,1638025200,finished,Liverpool,Southampton,44,45,4.0,0.0,Anfield,Andre Marriner,,65.0,35.0,3.0,3.0,20.0,7.0,3.0,2.0,5.0,7.0,7.0,14.0,613.0,338.0,13.0,16.0,14.0,7.0,0.0,1.0,,,6.0,3.0,0.0,0.0,9.0,1.0,5.0,3.0,15.0,7.0,5.0,0.0,2.0,0.0,1.0,3.0,0.0,1.0,2.0,1.0,2.0,2.0,492.0,231.0,23.0,17.0,54.0,63.0,32.0,23.0,5.0,3.0,49.0,51.0,8.0,2.0,35.0,30.0,14.0,20.0,8.0,7.0,10.0,6.0,6.0,13.0,24.0,30.0,3.0,13.0,,,,,,,,,,
9576090,2021-2022,13,1638034200,finished,Brighton & Hove Albion,Leeds United,30,34,0.0,0.0,American Express Stadium,Craig Pawson,31166.0,57.0,43.0,2.0,0.0,20.0,11.0,4.0,4.0,6.0,1.0,12.0,14.0,496.0,379.0,11.0,28.0,14.0,12.0,1.0,3.0,,,4.0,4.0,3.0,0.0,14.0,5.0,2.0,2.0,12.0,7.0,8.0,4.0,,,2.0,0.0,,,4.0,1.0,2.0,1.0,387.0,266.0,20.0,14.0,63.0,51.0,21.0,19.0,4.0,1.0,49.0,51.0,13.0,6.0,41.0,46.0,17.0,14.0,16.0,7.0,8.0,14.0,11.0,15.0,13.0,18.0,9.0,12.0,,,,,,,,,,
9576071,2021-2022,13,1638108000,finished,Brentford,Everton,50,48,1.0,0.0,Brentford Community Stadium,Darren England,,40.0,60.0,1.0,1.0,6.0,14.0,5.0,3.0,3.0,3.0,8.0,11.0,359.0,536.0,19.0,19.0,11.0,8.0,4.0,3.0,,,4.0,5.0,0.0,0.0,2.0,4.0,0.0,5.0,5.0,10.0,1.0,4.0,1.0,0.0,0.0,1.0,1.0,0.0,4.0,3.0,0.0,3.0,244.0,445.0,23.0,20.0,50.0,88.0,21.0,25.0,0.0,8.0,47.0,53.0,8.0,8.0,46.0,40.0,12.0,25.0,16.0,13.0,11.0,14.0,11.0,7.0,18.0,26.0,7.0,2.0,,,,,,,,,,
9576167,2021-2022,13,1638108000,finished,Leicester City,Watford,31,24,4.0,2.0,King Power Stadium,Andy Madley,32020.0,57.0,43.0,4.0,4.0,18.0,17.0,3.0,4.0,8.0,6.0,5.0,20.0,410.0,303.0,22.0,14.0,18.0,5.0,,,,,8.0,5.0,0.0,1.0,4.0,8.0,6.0,4.0,13.0,13.0,5.0,4.0,3.0,2.0,1.0,2.0,3.0,0.0,0.0,3.0,5.0,2.0,285.0,185.0,18.0,28.0,59.0,58.0,24.0,18.0,5.0,8.0,61.0,39.0,11.0,16.0,50.0,28.0,30.0,23.0,10.0,9.0,14.0,9.0,11.0,13.0,17.0,12.0,11.0,6.0,,,,,,,,,,
9576083,2021-2022,13,1638108000,canceled,Burnley,Tottenham Hotspur,6,33,,,Turf Moor,Peter Bankes,,,,,,,,,,,,,,,,,,,,,,,,,,,,,,,,,,,,,,,,,,,,,,,,,,,,,,,,,,,,,,,,,,,,,,,,,,,,,,,,,,,
9576424,2021-2022,13,1638108000,finished,Manchester City,West Ham United,17,37,2.0,1.0,Etihad Stadium,Michael Oliver,,69.0,31.0,4.0,0.0,19.0,5.0,2.0,6.0,8.0,4.0,7.0,6.0,728.0,330.0,15.0,16.0,6.0,7.0,2.0,0.0,,,9.0,3.0,2.0,0.0,6.0,1.0,4.0,1.0,13.0,1.0,6.0,4.0,1.0,0.0,3.0,0.0,1.0,0.0,0.0,1.0,4.0,4.0,658.0,260.0,12.0,10.0,76.0,45.0,32.0,21.0,3.0,2.0,45.0,55.0,7.0,9.0,27.0,34.0,11.0,13.0,6.0,11.0,8.0,13.0,5.0,11.0,11.0,18.0,2.0,9.0,,,,,,,,,,
9576155,2021-2022,13,1638117000,finished,Chelsea,Manchester United,38,35,1.0,1.0,Stamford Bridge,Anthony Taylor,40041.0,66.0,34.0,2.0,1.0,24.0,3.0,1.0,5.0,15.0,2.0,13.0,14.0,586.0,318.0,16.0,21.0,14.0,13.0,2.0,5.0,,,6.0,2.0,1.0,0.0,10.0,1.0,8.0,0.0,17.0,1.0,7.0,2.0,1.0,1.0,1.0,0.0,0.0,1.0,6.0,2.0,2.0,1.0,505.0,236.0,17.0,17.0,46.0,35.0,30.0,15.0,11.0,0.0,48.0,52.0,10.0,6.0,38.0,43.0,11.0,11.0,8.0,9.0,11.0,15.0,12.0,9.0,6.0,38.0,2.0,14.0,,,,,,,,,,
9576099,2021-2022,14,1638300600,finished,Newcastle United,Norwich City,39,263,1.0,1.0,St James' Park,Andy Madley,50757.0,31.0,69.0,1.0,2.0,9.0,16.0,5.0,0.0,2.0,5.0,8.0,11.0,262.0,569.0,8.0,17.0,10.0,8.0,,,1.0,0.0,1.0,6.0,0.0,0.0,6.0,5.0,2.0,5.0,5.0,10.0,4.0,6.0,1.0,0.0,0.0,2.0,0.0,1.0,2.0,3.0,0.0,3.0,181.0,495.0,23.0,20.0,40.0,62.0,19.0,36.0,2.0,7.0,42.0,58.0,10.0,5.0,26.0,30.0,7.0,15.0,8.0,5.0,6.0,10.0,10.0,14.0,14.0,8.0,13.0,6.0,,,,,,,,,,
9576178,2021-2022,14,1638303300,finished,Leeds United,Crystal Palace,34,7,1.0,0.0,Elland Road,Kevin Friend,35558.0,62.0,38.0,2.0,1.0,15.0,9.0,1.0,2.0,7.0,4.0,15.0,15.0,474.0,286.0,23.0,21.0,14.0,15.0,5.0,3.0,,,3.0,1.0,0.0,0.0,3.0,4.0,9.0,4.0,8.0,4.0,7.0,5.0,1.0,0.0,1.0,1.0,0.0,1.0,4.0,4.0,2.0,0.0,378.0,199.0,13.0,22.0,75.0,44.0,19.0,23.0,3.0,2.0,46.0,54.0,7.0,15.0,41.0,54.0,12.0,9.0,4.0,18.0,9.0,9.0,12.0,13.0,18.0,17.0,10.0,9.0,,,,,,,,,,
9576175,2021-2022,14,1638387000,finished,Wolverhampton,Burnley,3,6,0.0,0.0,Molineux Stadium,John Brooks,,65.0,35.0,,,16.0,6.0,1.0,2.0,5.0,5.0,5.0,7.0,589.0,306.0,14.0,19.0,6.0,5.0,2.0,3.0,,,2.0,1.0,1.0,0.0,9.0,3.0,5.0,2.0,8.0,2.0,8.0,4.0,,,,,0.0,1.0,1.0,1.0,1.0,3.0,470.0,202.0,25.0,14.0,77.0,54.0,34.0,28.0,4.0,3.0,52.0,48.0,8.0,8.0,36.0,34.0,28.0,26.0,18.0,10.0,7.0,10.0,10.0,9.0,18.0,37.0,5.0,10.0,,,,,,,,,,
9576206,2021-2022,14,1638387000,finished,West Ham United,Brighton & Hove Albion,37,30,1.0,1.0,London Stadium,Chris Kavanagh,,34.0,66.0,3.0,2.0,14.0,9.0,2.0,4.0,9.0,5.0,10.0,8.0,271.0,540.0,13.0,19.0,7.0,10.0,1.0,1.0,,,6.0,3.0,1.0,0.0,6.0,4.0,2.0,2.0,8.0,6.0,6.0,3.0,1.0,0.0,2.0,2.0,1.0,1.0,2.0,3.0,1.0,0.0,197.0,462.0,23.0,18.0,24.0,47.0,22.0,26.0,4.0,4.0,44.0,56.0,13.0,5.0,31.0,37.0,11.0,16.0,11.0,8.0,7.0,12.0,14.0,5.0,18.0,28.0,8.0,7.0,,,,,,,,,,
9576402,2021-2022,14,1638387000,finished,Southampton,Leicester City,45,31,2.0,2.0,St. Mary's Stadium,Robert Jones,,45.0,55.0,3.0,3.0,15.0,15.0,4.0,5.0,2.0,4.0,14.0,11.0,356.0,443.0,12.0,11.0,11.0,14.0,1.0,3.0,,,7.0,6.0,0.0,0.0,4.0,6.0,4.0,3.0,11.0,9.0,4.0,6.0,2.0,1.0,1.0,2.0,,,2.0,1.0,1.0,2.0,244.0,330.0,21.0,24.0,59.0,35.0,22.0,35.0,5.0,3.0,45.0,55.0,7.0,7.0,37.0,37.0,23.0,35.0,14.0,12.0,8.0,8.0,15.0,7.0,17.0,15.0,7.0,6.0,,,,,,,,,,
9576088,2021-2022,14,1638387000,finished,Watford,Chelsea,24,38,1.0,2.0,Vicarage Road,David Coote,,50.0,50.0,1.0,1.0,14.0,8.0,2.0,6.0,6.0,0.0,18.0,16.0,399.0,422.0,10.0,12.0,16.0,18.0,4.0,3.0,,,6.0,4.0,0.0,1.0,4.0,3.0,4.0,1.0,6.0,6.0,8.0,2.0,0.0,1.0,1.0,0.0,3.0,1.0,7.0,5.0,3.0,5.0,276.0,304.0,35.0,18.0,75.0,52.0,30.0,31.0,4.0,3.0,46.0,54.0,6.0,8.0,34.0,39.0,29.0,34.0,8.0,9.0,6.0,6.0,15.0,15.0,9.0,40.0,2.0,4.0,,,,,,,,,,
9576400,2021-2022,14,1638389700,finished,Aston Villa,Manchester City,40,17,1.0,2.0,Villa Park,Mike Dean,41400.0,36.0,64.0,1.0,1.0,9.0,17.0,5.0,2.0,4.0,10.0,8.0,12.0,333.0,611.0,25.0,11.0,11.0,8.0,,,,,3.0,7.0,0.0,0.0,3.0,5.0,3.0,5.0,8.0,10.0,1.0,7.0,0.0,1.0,1.0,0.0,1.0,0.0,1.0,1.0,1.0,0.0,269.0,547.0,15.0,16.0,36.0,53.0,23.0,37.0,4.0,3.0,57.0,43.0,6.0,14.0,41.0,30.0,14.0,11.0,5.0,11.0,14.0,9.0,11.0,9.0,17.0,13.0,9.0,4.0,,,,,,,,,,
9576367,2021-2022,14,1638389700,finished,Everton,Liverpool,48,44,1.0,4.0,Goodison Park,Paul Tierney,,31.0,69.0,1.0,6.0,8.0,16.0,3.0,1.0,3.0,11.0,8.0,16.0,269.0,599.0,9.0,15.0,15.0,4.0,4.0,3.0,,,2.0,7.0,0.0,0.0,2.0,5.0,4.0,4.0,4.0,10.0,4.0,6.0,1.0,3.0,0.0,3.0,0.0,1.0,3.0,1.0,3.0,1.0,168.0,489.0,23.0,14.0,60.0,68.0,27.0,31.0,2.0,4.0,49.0,51.0,7.0,2.0,32.0,27.0,15.0,22.0,8.0,8.0,6.0,11.0,16.0,9.0,18.0,14.0,9.0,6.0,,,,,,,,,,
9576207,2021-2022,14,1638473400,finished,Tottenham Hotspur,Brentford,33,50,2.0,0.0,Tottenham Hotspur Stadium,Jonathan Moss,,47.0,53.0,3.0,0.0,11.0,6.0,2.0,5.0,10.0,5.0,13.0,11.0,464.0,521.0,8.0,10.0,11.0,13.0,,,,,6.0,2.0,0.0,0.0,3.0,3.0,2.0,1.0,10.0,4.0,1.0,2.0,1.0,0.0,2.0,0.0,2.0,1.0,2.0,1.0,,,353.0,416.0,21.0,22.0,38.0,63.0,19.0,31.0,2.0,3.0,52.0,48.0,3.0,6.0,25.0,27.0,25.0,19.0,8.0,4.0,6.0,5.0,12.0,15.0,26.0,20.0,5.0,4.0,,,,,,,,,,
9576372,2021-2022,14,1638476100,finished,Manchester United,Arsenal,35,42,3.0,2.0,Old Trafford,Martin Atkinson,,45.0,55.0,3.0,1.0,14.0,17.0,5.0,7.0,3.0,8.0,9.0,10.0,431.0,526.0,18.0,10.0,10.0,8.0,1.0,0.0,,,10.0,8.0,0.0,1.0,3.0,5.0,1.0,4.0,9.0,12.0,5.0,5.0,2.0,0.0,1.0,1.0,0.0,1.0,1.0,3.0,0.0,1.0,354.0,440.0,16.0,23.0,66.0,37.0,20.0,32.0,2.0,6.0,53.0,47.0,5.0,13.0,32.0,32.0,22.0,16.0,4.0,14.0,13.0,6.0,9.0,9.0,18.0,14.0,7.0,7.0,,,,,,,,,,
9576375,2021-2022,15,1638621000,finished,West Ham United,Chelsea,37,38,3.0,2.0,London Stadium,Andre Marriner,,36.0,64.0,2.0,1.0,11.0,19.0,5.0,1.0,1.0,9.0,10.0,10.0,335.0,588.0,13.0,6.0,9.0,10.0,1.0,3.0,,,5.0,7.0,0.0,0.0,6.0,4.0,0.0,8.0,9.0,12.0,2.0,7.0,1.0,1.0,1.0,0.0,,,4.0,3.0,3.0,1.0,250.0,507.0,20.0,16.0,47.0,54.0,17.0,20.0,2.0,8.0,54.0,46.0,5.0,7.0,28.0,25.0,17.0,14.0,6.0,9.0,7.0,5.0,5.0,6.0,27.0,9.0,5.0,8.0,,,,,,,,,,
9576095,2021-2022,15,1638630000,finished,Newcastle United,Burnley,39,6,1.0,0.0,St James' Park,Paul Tierney,51948.0,48.0,52.0,2.0,0.0,19.0,10.0,1.0,3.0,10.0,3.0,11.0,9.0,322.0,356.0,13.0,15.0,9.0,11.0,1.0,1.0,,,4.0,1.0,0.0,1.0,4.0,5.0,11.0,4.0,12.0,6.0,7.0,4.0,1.0,0.0,1.0,0.0,1.0,0.0,0.0,4.0,0.0,1.0,214.0,254.0,19.0,22.0,51.0,73.0,31.0,35.0,3.0,3.0,48.0,52.0,13.0,7.0,31.0,33.0,27.0,31.0,9.0,7.0,9.0,8.0,2.0,10.0,24.0,20.0,13.0,6.0,,,,,,,,,,
9576079,2021-2022,15,1638630000,finished,Southampton,Brighton & Hove Albion,45,30,1.0,1.0,St. Mary's Stadium,Anthony Taylor,28706.0,44.0,56.0,2.0,2.0,14.0,14.0,3.0,3.0,6.0,2.0,15.0,12.0,314.0,410.0,12.0,21.0,12.0,15.0,4.0,2.0,,,4.0,4.0,0.0,0.0,6.0,4.0,4.0,6.0,10.0,7.0,4.0,7.0,1.0,1.0,1.0,1.0,,,2.0,3.0,,,205.0,285.0,20.0,37.0,51.0,48.0,16.0,35.0,3.0,3.0,48.0,52.0,13.0,10.0,36.0,42.0,19.0,17.0,12.0,6.0,9.0,11.0,7.0,6.0,16.0,22.0,6.0,10.0,,,,,,,,,,
9576369,2021-2022,15,1638630000,finished,Wolverhampton,Liverpool,3,44,0.0,1.0,Molineux Stadium,Chris Kavanagh,30729.0,33.0,67.0,0.0,3.0,3.0,17.0,3.0,1.0,2.0,8.0,4.0,7.0,320.0,641.0,21.0,15.0,7.0,4.0,2.0,2.0,,,1.0,5.0,0.0,0.0,2.0,8.0,0.0,4.0,1.0,13.0,2.0,4.0,0.0,1.0,0.0,2.0,,,,,7.0,1.0,224.0,544.0,23.0,23.0,37.0,90.0,23.0,22.0,2.0,8.0,53.0,47.0,10.0,17.0,38.0,27.0,4.0,11.0,10.0,8.0,10.0,8.0,10.0,9.0,29.0,7.0,8.0,2.0,,,,,,,,,,
9576089,2021-2022,15,1638639000,finished,Watford,Manchester City,24,17,1.0,3.0,Vicarage Road,Kevin Friend,20673.0,23.0,77.0,1.0,5.0,11.0,26.0,9.0,3.0,5.0,11.0,11.0,7.0,239.0,830.0,15.0,15.0,7.0,11.0,3.0,0.0,,,4.0,13.0,1.0,2.0,6.0,8.0,1.0,5.0,6.0,22.0,5.0,4.0,1.0,1.0,0.0,4.0,,,1.0,1.0,0.0,1.0,157.0,762.0,11.0,11.0,38.0,102.0,25.0,39.0,4.0,5.0,45.0,55.0,6.0,3.0,26.0,34.0,11.0,12.0,4.0,8.0,6.0,8.0,11.0,13.0,19.0,7.0,10.0,6.0,,,,,,,,,,
9576422,2021-2022,9,1634997600,finished,Everton,Watford,48,24,2.0,5.0,Goodison Park,Graham Scott,38834.0,50.0,50.0,2.0,6.0,15.0,20.0,3.0,2.0,3.0,5.0,9.0,13.0,389.0,388.0,25.0,11.0,12.0,8.0,4.0,3.0,,,4.0,8.0,0.0,0.0,6.0,7.0,5.0,5.0,11.0,10.0,4.0,10.0,2.0,5.0,0.0,1.0,,,3.0,3.0,1.0,0.0,293.0,286.0,21.0,34.0,61.0,63.0,23.0,22.0,7.0,6.0,54.0,46.0,4.0,13.0,43.0,31.0,24.0,26.0,7.0,12.0,14.0,6.0,9.0,3.0,28.0,27.0,8.0,11.0,,,,,,,,,,
9576113,2021-2022,9,1635006600,finished,Brighton & Hove Albion,Manchester City,30,17,1.0,4.0,American Express Stadium,Kevin Friend,,48.0,52.0,1.0,4.0,10.0,23.0,8.0,4.0,7.0,6.0,10.0,6.0,491.0,552.0,14.0,6.0,6.0,9.0,2.0,3.0,,,5.0,13.0,0.0,0.0,4.0,3.0,1.0,7.0,7.0,18.0,3.0,5.0,1.0,3.0,0.0,1.0,0.0,3.0,2.0,1.0,2.0,1.0,413.0,478.0,17.0,16.0,38.0,50.0,24.0,33.0,5.0,2.0,59.0,41.0,4.0,4.0,32.0,27.0,14.0,5.0,12.0,12.0,9.0,3.0,12.0,8.0,9.0,17.0,5.0,8.0,,,,,,,,,,
9576373,2021-2022,9,1635080400,finished,Brentford,Leicester City,50,31,1.0,2.0,Brentford Community Stadium,Simon Hooper,16814.0,54.0,46.0,1.0,1.0,15.0,10.0,4.0,4.0,9.0,2.0,13.0,7.0,445.0,387.0,20.0,18.0,7.0,13.0,1.0,1.0,,,5.0,6.0,0.0,0.0,6.0,3.0,4.0,1.0,10.0,4.0,5.0,6.0,0.0,1.0,1.0,0.0,1.0,2.0,4.0,1.0,3.0,1.0,340.0,286.0,21.0,19.0,70.0,43.0,23.0,22.0,7.0,2.0,48.0,52.0,9.0,13.0,31.0,35.0,21.0,21.0,4.0,4.0,12.0,9.0,13.0,9.0,10.0,41.0,6.0,12.0,,,,,,,,,,
9576232,2021-2022,9,1635080400,finished,West Ham United,Tottenham Hotspur,37,33,1.0,0.0,London Stadium,Paul Tierney,59924.0,38.0,62.0,2.0,1.0,13.0,7.0,4.0,3.0,2.0,4.0,11.0,4.0,369.0,637.0,23.0,15.0,3.0,10.0,2.0,1.0,,,4.0,4.0,0.0,0.0,5.0,2.0,4.0,1.0,10.0,4.0,3.0,3.0,1.0,0.0,1.0,1.0,1.0,2.0,1.0,0.0,1.0,0.0,293.0,543.0,21.0,20.0,53.0,72.0,18.0,19.0,5.0,3.0,48.0,52.0,8.0,11.0,35.0,35.0,11.0,15.0,9.0,10.0,13.0,8.0,9.0,16.0,16.0,12.0,3.0,7.0,,,,,,,,,,
9576117,2021-2022,9,1635089400,finished,Manchester United,Liverpool,35,44,0.0,5.0,Old Trafford,Anthony Taylor,,37.0,63.0,2.0,6.0,12.0,19.0,3.0,3.0,6.0,3.0,10.0,8.0,409.0,731.0,5.0,11.0,8.0,10.0,6.0,0.0,1.0,0.0,4.0,8.0,1.0,0.0,6.0,5.0,2.0,6.0,10.0,12.0,2.0,7.0,0.0,5.0,2.0,1.0,1.0,2.0,1.0,3.0,7.0,0.0,334.0,651.0,13.0,10.0,36.0,94.0,20.0,30.0,6.0,2.0,54.0,46.0,8.0,3.0,24.0,23.0,14.0,9.0,12.0,2.0,3.0,7.0,11.0,11.0,13.0,19.0,8.0,7.0,,,,,,,,,,
9576470,2021-2022,10,1635593400,finished,Leicester City,Arsenal,31,42,0.0,2.0,King Power Stadium,Michael Oliver,32209.0,64.0,36.0,4.0,1.0,16.0,9.0,4.0,8.0,7.0,6.0,8.0,11.0,621.0,342.0,11.0,7.0,11.0,8.0,2.0,0.0,,,8.0,5.0,3.0,0.0,5.0,1.0,3.0,3.0,8.0,7.0,8.0,2.0,,,4.0,1.0,,,3.0,2.0,2.0,1.0,541.0,262.0,24.0,18.0,71.0,52.0,31.0,17.0,5.0,3.0,55.0,45.0,1.0,5.0,26.0,24.0,15.0,10.0,4.0,10.0,6.0,3.0,7.0,8.0,15.0,26.0,6.0,9.0,,,,,,,,,,
9576098,2021-2022,10,1635602400,finished,Burnley,Brentford,6,50,3.0,1.0,Turf Moor,Jonathan Moss,18181.0,41.0,59.0,5.0,0.0,15.0,12.0,3.0,2.0,4.0,2.0,7.0,10.0,356.0,521.0,8.0,12.0,10.0,7.0,1.0,1.0,,,6.0,5.0,0.0,0.0,9.0,3.0,0.0,4.0,9.0,6.0,6.0,6.0,1.0,0.0,4.0,0.0,1.0,0.0,2.0,1.0,3.0,4.0,245.0,398.0,22.0,20.0,63.0,62.0,32.0,31.0,4.0,3.0,54.0,46.0,4.0,3.0,25.0,21.0,20.0,17.0,7.0,2.0,5.0,10.0,21.0,15.0,29.0,16.0,3.0,8.0,,,,,,,,,,
9576183,2021-2022,10,1635602400,finished,Watford,Southampton,24,45,0.0,1.0,Vicarage Road,Peter Bankes,20869.0,39.0,61.0,1.0,2.0,10.0,12.0,0.0,3.0,5.0,8.0,16.0,6.0,297.0,482.0,15.0,15.0,6.0,16.0,2.0,2.0,,,4.0,1.0,1.0,0.0,6.0,6.0,0.0,5.0,5.0,9.0,5.0,3.0,,,1.0,2.0,0.0,1.0,2.0,2.0,2.0,0.0,198.0,364.0,21.0,13.0,76.0,59.0,27.0,27.0,4.0,5.0,42.0,58.0,9.0,8.0,31.0,38.0,21.0,35.0,10.0,7.0,7.0,10.0,12.0,12.0,27.0,25.0,9.0,10.0,,,,,,,,,,
9576423,2021-2022,10,1635602400,finished,Manchester City,Crystal Palace,17,7,0.0,2.0,Etihad Stadium,Andre Marriner,,68.0,32.0,0.0,1.0,14.0,8.0,1.0,3.0,7.0,1.0,11.0,11.0,654.0,319.0,16.0,21.0,10.0,11.0,2.0,3.0,1.0,0.0,3.0,3.0,0.0,0.0,4.0,4.0,7.0,1.0,10.0,6.0,4.0,2.0,0.0,1.0,,,,,2.0,3.0,2.0,5.0,562.0,231.0,34.0,13.0,77.0,38.0,32.0,22.0,5.0,2.0,48.0,52.0,12.0,9.0,35.0,38.0,13.0,14.0,9.0,6.0,10.0,13.0,6.0,11.0,4.0,29.0,5.0,14.0,,,,,,,,,,
9576072,2021-2022,10,1635602400,finished,Newcastle United,Chelsea,39,38,0.0,3.0,St James' Park,Paul Tierney,52208.0,21.0,79.0,0.0,3.0,6.0,19.0,3.0,1.0,0.0,2.0,14.0,12.0,198.0,773.0,10.0,12.0,11.0,13.0,3.0,2.0,,,1.0,6.0,0.0,1.0,2.0,6.0,3.0,7.0,4.0,9.0,2.0,10.0,0.0,1.0,0.0,2.0,0.0,1.0,1.0,3.0,1.0,4.0,123.0,698.0,11.0,15.0,45.0,91.0,19.0,16.0,3.0,2.0,51.0,49.0,8.0,1.0,31.0,33.0,21.0,17.0,10.0,9.0,4.0,4.0,6.0,3.0,24.0,10.0,11.0,2.0,,,,,,,,,,
9576186,2021-2022,10,1635602400,finished,Liverpool,Brighton & Hove Albion,44,30,2.0,2.0,Anfield,Mike Dean,,58.0,42.0,2.0,2.0,14.0,9.0,4.0,1.0,5.0,3.0,8.0,5.0,641.0,464.0,10.0,20.0,5.0,7.0,2.0,2.0,,,3.0,6.0,0.0,1.0,5.0,2.0,6.0,1.0,6.0,6.0,8.0,3.0,1.0,1.0,1.0,1.0,0.0,1.0,2.0,1.0,1.0,5.0,552.0,361.0,20.0,19.0,63.0,53.0,30.0,32.0,3.0,3.0,42.0,58.0,16.0,8.0,25.0,38.0,11.0,11.0,10.0,11.0,5.0,10.0,16.0,16.0,18.0,17.0,3.0,7.0,,,,,,,,,,
9576169,2021-2022,10,1635611400,finished,Tottenham Hotspur,Manchester United,33,35,0.0,3.0,Tottenham Hotspur Stadium,Stuart Attwell,60356.0,58.0,42.0,2.0,2.0,9.0,10.0,1.0,0.0,10.0,1.0,12.0,14.0,570.0,421.0,19.0,17.0,14.0,12.0,2.0,3.0,,,0.0,4.0,0.0,0.0,6.0,2.0,3.0,4.0,4.0,8.0,5.0,2.0,0.0,2.0,2.0,0.0,0.0,2.0,2.0,0.0,4.0,1.0,486.0,339.0,16.0,17.0,47.0,47.0,10.0,24.0,3.0,3.0,58.0,42.0,5.0,15.0,52.0,36.0,17.0,13.0,19.0,8.0,10.0,12.0,10.0,7.0,6.0,27.0,5.0,6.0,,,,,,,,,,
9576140,2021-2022,10,1635688800,finished,Norwich City,Leeds United,263,34,1.0,2.0,Carrow Road,Anthony Taylor,26913.0,48.0,52.0,0.0,1.0,14.0,13.0,3.0,2.0,5.0,0.0,14.0,23.0,310.0,345.0,17.0,21.0,23.0,13.0,1.0,4.0,,,3.0,6.0,0.0,0.0,6.0,2.0,5.0,5.0,5.0,6.0,9.0,7.0,,,0.0,1.0,0.0,1.0,5.0,3.0,,,210.0,252.0,24.0,24.0,70.0,44.0,19.0,24.0,4.0,2.0,52.0,48.0,12.0,8.0,54.0,45.0,20.0,23.0,14.0,13.0,8.0,10.0,7.0,7.0,7.0,20.0,3.0,9.0,,,,,,,,,,
9576070,2021-2022,10,1635697800,finished,Aston Villa,West Ham United,40,37,1.0,4.0,Villa Park,Chris Kavanagh,41874.0,42.0,58.0,1.0,3.0,9.0,21.0,4.0,2.0,3.0,6.0,7.0,13.0,333.0,459.0,16.0,20.0,13.0,7.0,1.0,2.0,1.0,0.0,3.0,8.0,1.0,0.0,5.0,5.0,1.0,8.0,6.0,13.0,3.0,8.0,1.0,2.0,0.0,1.0,,,1.0,4.0,2.0,0.0,244.0,382.0,21.0,21.0,60.0,55.0,21.0,25.0,4.0,2.0,55.0,45.0,8.0,7.0,37.0,34.0,25.0,16.0,8.0,7.0,8.0,10.0,5.0,13.0,11.0,23.0,7.0,7.0,,,,,,,,,,
9576134,2021-2022,10,1635796800,finished,Wolverhampton,Everton,3,48,2.0,1.0,Molineux Stadium,Martin Atkinson,,62.0,38.0,4.0,2.0,10.0,14.0,4.0,2.0,4.0,3.0,10.0,8.0,617.0,373.0,15.0,26.0,8.0,10.0,1.0,1.0,,,4.0,5.0,1.0,0.0,3.0,5.0,3.0,4.0,8.0,10.0,2.0,4.0,1.0,0.0,3.0,2.0,,,2.0,2.0,1.0,2.0,523.0,280.0,19.0,20.0,70.0,53.0,46.0,18.0,2.0,5.0,48.0,52.0,13.0,10.0,40.0,49.0,24.0,19.0,18.0,13.0,9.0,15.0,11.0,13.0,18.0,13.0,5.0,5.0,,,,,,,,,,
9576130,2021-2022,11,1636142400,finished,Southampton,Aston Villa,45,40,1.0,0.0,St. Mary's Stadium,Andy Madley,30178.0,56.0,44.0,1.0,0.0,9.0,14.0,3.0,2.0,10.0,8.0,12.0,12.0,431.0,327.0,14.0,22.0,12.0,12.0,2.0,2.0,,,3.0,3.0,0.0,0.0,4.0,7.0,2.0,4.0,5.0,8.0,4.0,6.0,,,1.0,0.0,,,1.0,2.0,0.0,2.0,347.0,234.0,19.0,22.0,35.0,53.0,20.0,23.0,6.0,3.0,46.0,54.0,15.0,9.0,38.0,43.0,20.0,24.0,12.0,9.0,11.0,10.0,14.0,11.0,26.0,20.0,9.0,5.0,,,,,,,,,,
9576129,2021-2022,11,1636201800,finished,Manchester United,Manchester City,35,17,0.0,2.0,Old Trafford,Michael Oliver,73086.0,33.0,67.0,1.0,1.0,5.0,16.0,5.0,1.0,1.0,9.0,9.0,12.0,400.0,832.0,18.0,12.0,12.0,9.0,1.0,2.0,,,1.0,5.0,0.0,2.0,3.0,7.0,1.0,4.0,3.0,12.0,2.0,4.0,,,1.0,1.0,0.0,1.0,2.0,3.0,4.0,1.0,326.0,762.0,14.0,10.0,31.0,92.0,17.0,39.0,2.0,3.0,51.0,49.0,6.0,10.0,34.0,32.0,9.0,10.0,4.0,11.0,11.0,6.0,6.0,6.0,22.0,5.0,11.0,5.0,,,,,,,,,,
9576216,2021-2022,11,1636210800,finished,Brentford,Norwich City,50,263,1.0,2.0,Brentford Community Stadium,Jarred Gillett,,65.0,35.0,3.0,1.0,19.0,9.0,4.0,6.0,6.0,2.0,12.0,13.0,559.0,313.0,19.0,16.0,13.0,12.0,2.0,3.0,,,7.0,5.0,0.0,0.0,5.0,3.0,7.0,1.0,17.0,4.0,2.0,5.0,1.0,1.0,2.0,0.0,0.0,1.0,2.0,2.0,2.0,3.0,435.0,211.0,28.0,16.0,88.0,51.0,45.0,24.0,11.0,1.0,56.0,44.0,11.0,8.0,42.0,37.0,35.0,23.0,10.0,10.0,14.0,7.0,3.0,8.0,10.0,36.0,3.0,9.0,,,,,,,,,,
9576401,2021-2022,11,1636210800,finished,Crystal Palace,Wolverhampton,7,3,2.0,0.0,Selhurst Park,Graham Scott,24390.0,60.0,40.0,3.0,0.0,13.0,4.0,2.0,4.0,4.0,6.0,14.0,13.0,547.0,360.0,28.0,32.0,13.0,13.0,2.0,1.0,,,6.0,2.0,0.0,0.0,5.0,2.0,2.0,0.0,12.0,2.0,1.0,2.0,1.0,0.0,2.0,0.0,1.0,0.0,2.0,3.0,1.0,1.0,459.0,268.0,30.0,16.0,54.0,47.0,24.0,28.0,4.0,3.0,52.0,48.0,26.0,15.0,54.0,54.0,16.0,11.0,14.0,9.0,14.0,20.0,13.0,6.0,12.0,11.0,2.0,7.0,,,,,,,,,,
9576137,2021-2022,11,1636210800,finished,Chelsea,Burnley,38,6,1.0,1.0,Stamford Bridge,Andre Marriner,39798.0,70.0,30.0,5.0,1.0,25.0,5.0,1.0,4.0,14.0,2.0,6.0,9.0,660.0,285.0,8.0,17.0,9.0,6.0,1.0,4.0,,,4.0,2.0,1.0,0.0,10.0,2.0,11.0,1.0,20.0,3.0,5.0,2.0,1.0,1.0,4.0,0.0,,,2.0,0.0,1.0,4.0,570.0,197.0,21.0,10.0,64.0,55.0,34.0,32.0,11.0,4.0,57.0,43.0,13.0,6.0,28.0,24.0,23.0,15.0,11.0,1.0,5.0,9.0,4.0,15.0,3.0,25.0,6.0,14.0,,,,,,,,,,
9576153,2021-2022,11,1636219800,finished,Brighton & Hove Albion,Newcastle United,30,39,1.0,1.0,American Express Stadium,David Coote,31267.0,66.0,34.0,1.0,0.0,14.0,6.0,1.0,4.0,2.0,5.0,16.0,10.0,654.0,326.0,15.0,23.0,9.0,15.0,3.0,4.0,1.0,0.0,5.0,1.0,0.0,0.0,6.0,4.0,3.0,1.0,10.0,4.0,4.0,2.0,1.0,0.0,,,,,1.0,1.0,1.0,1.0,591.0,259.0,21.0,20.0,70.0,36.0,28.0,18.0,7.0,2.0,41.0,59.0,16.0,10.0,25.0,42.0,11.0,9.0,1.0,4.0,12.0,15.0,6.0,9.0,23.0,9.0,3.0,6.0,,,,,,,,,,
9576125,2021-2022,11,1636293600,finished,Leeds United,Leicester City,34,31,1.0,1.0,Elland Road,Darren England,36478.0,56.0,44.0,3.0,1.0,18.0,9.0,2.0,4.0,10.0,5.0,12.0,5.0,431.0,356.0,12.0,33.0,5.0,12.0,1.0,1.0,,,5.0,3.0,1.0,1.0,9.0,6.0,4.0,0.0,10.0,7.0,8.0,2.0,,,3.0,1.0,0.0,1.0,2.0,2.0,1.0,2.0,334.0,253.0,25.0,11.0,53.0,48.0,24.0,17.0,4.0,1.0,35.0,65.0,14.0,5.0,28.0,50.0,7.0,15.0,11.0,5.0,9.0,18.0,18.0,9.0,14.0,32.0,10.0,14.0,,,,,,,,,,
9576141,2021-2022,11,1636293600,finished,Everton,Tottenham Hotspur,48,33,0.0,0.0,Goodison Park,Chris Kavanagh,39059.0,45.0,55.0,0.0,1.0,12.0,8.0,0.0,2.0,4.0,2.0,13.0,17.0,428.0,534.0,22.0,16.0,17.0,13.0,2.0,4.0,1.0,0.0,2.0,0.0,0.0,1.0,4.0,4.0,6.0,4.0,8.0,5.0,4.0,3.0,,,0.0,1.0,,,2.0,1.0,1.0,2.0,346.0,453.0,22.0,27.0,79.0,48.0,28.0,18.0,5.0,3.0,49.0,51.0,8.0,15.0,52.0,41.0,5.0,19.0,13.0,11.0,13.0,10.0,15.0,8.0,13.0,18.0,3.0,10.0,,,,,,,,,,
9576180,2021-2022,11,1636293600,finished,Arsenal,Watford,42,24,1.0,0.0,Emirates Stadium,Kevin Friend,59833.0,61.0,39.0,1.0,1.0,14.0,7.0,1.0,5.0,4.0,2.0,6.0,19.0,488.0,316.0,22.0,15.0,19.0,6.0,4.0,4.0,0.0,1.0,6.0,1.0,0.0,0.0,5.0,2.0,3.0,4.0,6.0,4.0,8.0,3.0,,,1.0,1.0,1.0,0.0,6.0,2.0,3.0,3.0,409.0,228.0,16.0,23.0,59.0,50.0,24.0,20.0,7.0,5.0,66.0,34.0,6.0,13.0,55.0,29.0,18.0,9.0,15.0,8.0,12.0,10.0,7.0,11.0,22.0,22.0,6.0,4.0,,,,,,,,,,
9576419,2021-2022,11,1636302600,finished,West Ham United,Liverpool,37,44,3.0,2.0,London Stadium,Craig Pawson,,31.0,69.0,2.0,2.0,7.0,16.0,3.0,1.0,3.0,2.0,11.0,6.0,299.0,683.0,8.0,6.0,6.0,9.0,1.0,1.0,,,3.0,5.0,1.0,0.0,2.0,5.0,2.0,6.0,5.0,12.0,2.0,4.0,2.0,0.0,0.0,2.0,1.0,1.0,1.0,5.0,2.0,0.0,211.0,590.0,15.0,19.0,52.0,93.0,26.0,27.0,4.0,6.0,48.0,52.0,3.0,3.0,23.0,25.0,17.0,19.0,9.0,10.0,3.0,4.0,14.0,12.0,35.0,13.0,10.0,3.0,,,,,,,,,,
9576217,2021-2022,12,1637411400,finished,Leicester City,Chelsea,31,38,0.0,3.0,King Power Stadium,Paul Tierney,32192.0,38.0,62.0,1.0,5.0,4.0,16.0,4.0,3.0,3.0,5.0,15.0,8.0,374.0,607.0,20.0,15.0,8.0,15.0,3.0,1.0,,,3.0,7.0,0.0,1.0,1.0,7.0,0.0,2.0,1.0,9.0,3.0,7.0,0.0,2.0,1.0,3.0,0.0,2.0,0.0,3.0,3.0,4.0,274.0,516.0,30.0,24.0,43.0,52.0,13.0,27.0,2.0,3.0,44.0,56.0,7.0,13.0,36.0,43.0,8.0,13.0,8.0,13.0,9.0,13.0,13.0,4.0,11.0,10.0,7.0,4.0,,,,,,,,,,
9576399,2021-2022,12,1637420400,finished,Burnley,Crystal Palace,6,7,3.0,3.0,Turf Moor,Simon Hooper,18028.0,40.0,60.0,1.0,2.0,15.0,18.0,5.0,6.0,3.0,6.0,14.0,15.0,311.0,488.0,15.0,6.0,15.0,14.0,2.0,3.0,,,9.0,8.0,0.0,1.0,4.0,6.0,2.0,4.0,10.0,12.0,5.0,6.0,0.0,1.0,1.0,1.0,0.0,2.0,5.0,3.0,1.0,0.0,213.0,392.0,20.0,21.0,55.0,48.0,27.0,21.0,7.0,6.0,61.0,39.0,2.0,7.0,35.0,26.0,31.0,16.0,5.0,6.0,11.0,2.0,6.0,3.0,16.0,26.0,5.0,8.0,,,,,,,,,,
9576133,2021-2022,12,1637420400,finished,Newcastle United,Brentford,39,50,3.0,3.0,St James' Park,Robert Jones,52131.0,52.0,48.0,4.0,2.0,23.0,10.0,1.0,6.0,8.0,2.0,13.0,11.0,354.0,335.0,13.0,21.0,11.0,12.0,2.0,2.0,,,9.0,4.0,0.0,1.0,9.0,4.0,5.0,2.0,16.0,6.0,7.0,4.0,2.0,1.0,2.0,1.0,,,3.0,3.0,0.0,2.0,256.0,226.0,32.0,23.0,51.0,40.0,32.0,32.0,10.0,1.0,55.0,45.0,9.0,7.0,36.0,35.0,26.0,15.0,12.0,2.0,6.0,13.0,10.0,7.0,18.0,35.0,6.0,8.0,,,,,,,,,,
9576067,2021-2022,12,1637420400,finished,Norwich City,Southampton,263,45,2.0,1.0,Carrow Road,Martin Atkinson,26885.0,37.0,63.0,,,8.0,17.0,4.0,2.0,5.0,7.0,8.0,9.0,333.0,568.0,16.0,10.0,9.0,8.0,3.0,2.0,,,4.0,5.0,0.0,0.0,2.0,4.0,2.0,8.0,5.0,8.0,3.0,9.0,,,,,,,1.0,1.0,0.0,1.0,225.0,471.0,18.0,13.0,58.0,71.0,22.0,31.0,3.0,7.0,46.0,54.0,6.0,8.0,29.0,37.0,23.0,24.0,4.0,19.0,8.0,8.0,13.0,14.0,24.0,14.0,10.0,4.0,,,,,,,,,,
9576068,2021-2022,12,1637420400,finished,Aston Villa,Brighton & Hove Albion,40,30,2.0,0.0,Villa Park,Anthony Taylor,41925.0,37.0,63.0,1.0,1.0,9.0,6.0,2.0,3.0,5.0,6.0,7.0,13.0,352.0,608.0,16.0,16.0,13.0,7.0,3.0,3.0,,,5.0,2.0,0.0,0.0,1.0,0.0,3.0,4.0,7.0,3.0,2.0,3.0,1.0,0.0,0.0,1.0,,,2.0,0.0,1.0,0.0,290.0,543.0,20.0,20.0,41.0,68.0,13.0,33.0,4.0,3.0,45.0,55.0,10.0,6.0,37.0,40.0,9.0,16.0,8.0,17.0,10.0,11.0,9.0,3.0,15.0,21.0,5.0,6.0,,,,,,,,,,
9576195,2021-2022,6,1632578400,finished,Leicester City,Burnley,31,6,2.0,2.0,King Power Stadium,Chris Kavanagh,31650.0,67.0,33.0,2.0,0.0,22.0,9.0,2.0,2.0,8.0,3.0,10.0,8.0,576.0,286.0,17.0,13.0,8.0,10.0,2.0,4.0,,,5.0,3.0,0.0,0.0,6.0,4.0,11.0,2.0,14.0,4.0,8.0,5.0,1.0,0.0,1.0,0.0,2.0,0.0,1.0,3.0,1.0,4.0,482.0,193.0,27.0,18.0,45.0,67.0,32.0,30.0,3.0,2.0,54.0,46.0,10.0,8.0,35.0,29.0,20.0,18.0,10.0,6.0,14.0,5.0,7.0,11.0,13.0,28.0,7.0,13.0,,,,,,,,,,
9576163,2021-2022,6,1632587400,finished,Brentford,Liverpool,50,44,3.0,3.0,Brentford Community Stadium,Stuart Attwell,16876.0,33.0,67.0,5.0,5.0,12.0,16.0,3.0,0.0,2.0,11.0,8.0,7.0,271.0,561.0,14.0,11.0,7.0,8.0,1.0,1.0,,,4.0,6.0,1.0,1.0,6.0,6.0,2.0,4.0,10.0,9.0,2.0,7.0,3.0,2.0,2.0,3.0,1.0,3.0,1.0,2.0,4.0,4.0,181.0,465.0,15.0,14.0,57.0,70.0,20.0,33.0,5.0,8.0,54.0,46.0,8.0,4.0,28.0,23.0,25.0,23.0,8.0,5.0,6.0,7.0,15.0,9.0,31.0,18.0,10.0,7.0,,,,,,,,,,
9576116,2021-2022,6,1632661200,finished,Southampton,Wolverhampton,45,3,0.0,1.0,St. Mary's Stadium,Andy Madley,28002.0,57.0,43.0,0.0,2.0,18.0,5.0,2.0,6.0,5.0,5.0,12.0,8.0,497.0,383.0,13.0,12.0,8.0,11.0,,,,,6.0,3.0,0.0,0.0,5.0,0.0,7.0,2.0,8.0,5.0,10.0,0.0,0.0,1.0,0.0,1.0,1.0,0.0,4.0,0.0,3.0,1.0,416.0,283.0,21.0,19.0,54.0,66.0,24.0,29.0,2.0,2.0,48.0,52.0,5.0,7.0,28.0,31.0,14.0,15.0,7.0,8.0,9.0,6.0,11.0,6.0,10.0,34.0,3.0,6.0,,,,,,,,,,
9576157,2021-2022,6,1632670200,finished,Arsenal,Tottenham Hotspur,42,33,3.0,1.0,Emirates Stadium,Craig Pawson,59919.0,47.0,53.0,2.0,2.0,12.0,10.0,3.0,4.0,4.0,4.0,12.0,13.0,431.0,485.0,22.0,14.0,12.0,12.0,2.0,1.0,,,7.0,4.0,0.0,1.0,4.0,5.0,1.0,1.0,7.0,7.0,5.0,3.0,2.0,1.0,0.0,1.0,0.0,1.0,3.0,1.0,2.0,4.0,357.0,413.0,13.0,27.0,59.0,57.0,35.0,29.0,5.0,6.0,53.0,47.0,9.0,16.0,39.0,36.0,15.0,11.0,5.0,10.0,15.0,11.0,10.0,8.0,20.0,8.0,10.0,7.0,,,,,,,,,,
9576384,2021-2022,6,1632769200,finished,Crystal Palace,Brighton & Hove Albion,7,30,1.0,1.0,Selhurst Park,Andre Marriner,22975.0,47.0,53.0,2.0,2.0,8.0,8.0,3.0,2.0,6.0,5.0,12.0,10.0,497.0,565.0,17.0,29.0,9.0,11.0,2.0,5.0,,,3.0,4.0,0.0,0.0,2.0,2.0,3.0,2.0,4.0,4.0,4.0,4.0,1.0,1.0,1.0,1.0,0.0,2.0,3.0,3.0,1.0,0.0,413.0,466.0,22.0,13.0,59.0,42.0,24.0,31.0,5.0,5.0,37.0,63.0,23.0,7.0,29.0,46.0,7.0,15.0,4.0,6.0,9.0,19.0,12.0,10.0,14.0,13.0,5.0,6.0,,,,,,,,,,
9576409,2021-2022,7,1633174200,finished,Manchester United,Everton,35,48,1.0,1.0,Old Trafford,Michael Oliver,73128.0,72.0,28.0,3.0,1.0,13.0,12.0,1.0,5.0,10.0,1.0,10.0,9.0,700.0,268.0,7.0,20.0,9.0,10.0,1.0,1.0,,,6.0,2.0,0.0,0.0,6.0,6.0,1.0,4.0,9.0,10.0,4.0,2.0,0.0,1.0,3.0,0.0,1.0,1.0,1.0,2.0,2.0,2.0,607.0,183.0,32.0,15.0,76.0,53.0,28.0,23.0,8.0,4.0,43.0,57.0,7.0,2.0,27.0,36.0,13.0,18.0,11.0,6.0,3.0,13.0,6.0,9.0,13.0,29.0,7.0,8.0,,,,,,,,,,
9576411,2021-2022,7,1633183200,finished,Burnley,Norwich City,6,263,0.0,0.0,Turf Moor,Kevin Friend,17427.0,56.0,44.0,1.0,0.0,14.0,10.0,2.0,5.0,9.0,5.0,13.0,3.0,432.0,356.0,13.0,16.0,3.0,13.0,5.0,2.0,,,4.0,2.0,0.0,1.0,3.0,2.0,7.0,6.0,10.0,5.0,4.0,5.0,,,1.0,0.0,0.0,1.0,3.0,3.0,2.0,1.0,331.0,260.0,26.0,17.0,79.0,42.0,39.0,30.0,10.0,3.0,50.0,50.0,8.0,3.0,30.0,41.0,27.0,15.0,14.0,12.0,7.0,12.0,8.0,7.0,17.0,44.0,4.0,12.0,,,,,,,,,,
9576478,2021-2022,7,1633183200,finished,Wolverhampton,Newcastle United,3,39,2.0,1.0,Molineux Stadium,Graham Scott,30483.0,52.0,48.0,2.0,1.0,7.0,8.0,1.0,1.0,0.0,4.0,15.0,5.0,460.0,406.0,25.0,14.0,5.0,15.0,0.0,2.0,,,3.0,2.0,1.0,0.0,3.0,3.0,1.0,3.0,4.0,5.0,3.0,3.0,1.0,0.0,1.0,1.0,1.0,0.0,1.0,4.0,2.0,1.0,388.0,323.0,23.0,27.0,41.0,40.0,20.0,25.0,2.0,3.0,47.0,53.0,8.0,10.0,43.0,46.0,11.0,14.0,13.0,17.0,17.0,9.0,13.0,11.0,29.0,4.0,4.0,4.0,,,,,,,,,,
9576371,2021-2022,7,1633183200,finished,Leeds United,Watford,34,24,1.0,0.0,Elland Road,Simon Hooper,36261.0,67.0,33.0,1.0,0.0,20.0,5.0,1.0,2.0,6.0,3.0,10.0,16.0,497.0,242.0,14.0,20.0,15.0,9.0,0.0,3.0,,,4.0,1.0,1.0,0.0,10.0,2.0,6.0,2.0,10.0,3.0,10.0,2.0,1.0,0.0,,,3.0,0.0,6.0,1.0,,,405.0,157.0,20.0,25.0,60.0,40.0,30.0,22.0,2.0,0.0,52.0,48.0,9.0,5.0,38.0,32.0,11.0,14.0,9.0,3.0,11.0,10.0,3.0,3.0,11.0,34.0,6.0,12.0,,,,,,,,,,
9576127,2021-2022,7,1633183200,finished,Chelsea,Southampton,38,45,3.0,1.0,Stamford Bridge,Martin Atkinson,40109.0,62.0,38.0,6.0,2.0,20.0,6.0,1.0,6.0,7.0,2.0,11.0,13.0,546.0,344.0,16.0,24.0,13.0,11.0,1.0,3.0,0.0,1.0,9.0,2.0,2.0,0.0,6.0,3.0,5.0,1.0,17.0,2.0,3.0,4.0,2.0,1.0,4.0,1.0,,,2.0,2.0,1.0,0.0,468.0,258.0,30.0,18.0,46.0,47.0,31.0,18.0,4.0,1.0,55.0,45.0,19.0,9.0,48.0,47.0,14.0,4.0,19.0,12.0,10.0,9.0,5.0,10.0,11.0,12.0,4.0,9.0,,,,,,,,,,
9576124,2021-2022,7,1633192200,finished,Brighton & Hove Albion,Arsenal,30,42,0.0,0.0,American Express Stadium,Jonathan Moss,31266.0,58.0,42.0,,,21.0,8.0,2.0,2.0,8.0,5.0,8.0,5.0,497.0,355.0,16.0,8.0,5.0,8.0,2.0,1.0,,,2.0,2.0,0.0,1.0,12.0,5.0,7.0,1.0,13.0,4.0,8.0,4.0,,,,,1.0,0.0,3.0,1.0,1.0,1.0,420.0,268.0,18.0,16.0,60.0,39.0,28.0,8.0,8.0,1.0,60.0,40.0,6.0,8.0,27.0,22.0,16.0,7.0,6.0,6.0,5.0,5.0,9.0,11.0,13.0,18.0,7.0,16.0,,,,,,,,,,
9576376,2021-2022,7,1633266000,finished,West Ham United,Brentford,37,50,1.0,2.0,London Stadium,Peter Bankes,49940.0,60.0,40.0,1.0,1.0,18.0,13.0,4.0,4.0,10.0,6.0,16.0,13.0,424.0,286.0,15.0,5.0,13.0,16.0,2.0,3.0,,,5.0,6.0,0.0,1.0,6.0,3.0,7.0,4.0,11.0,11.0,7.0,2.0,0.0,1.0,1.0,0.0,1.0,2.0,3.0,3.0,2.0,1.0,309.0,184.0,17.0,20.0,80.0,46.0,21.0,16.0,11.0,4.0,55.0,45.0,2.0,8.0,37.0,26.0,25.0,25.0,9.0,5.0,8.0,4.0,8.0,10.0,13.0,28.0,6.0,15.0,,,,,,,,,,
9576219,2021-2022,7,1633266000,finished,Crystal Palace,Leicester City,7,31,2.0,2.0,Selhurst Park,Anthony Taylor,,60.0,40.0,0.0,2.0,18.0,9.0,3.0,2.0,1.0,3.0,15.0,11.0,557.0,382.0,16.0,30.0,11.0,15.0,2.0,3.0,,,4.0,5.0,1.0,0.0,9.0,2.0,5.0,2.0,14.0,6.0,4.0,3.0,0.0,2.0,,,1.0,0.0,2.0,3.0,2.0,1.0,446.0,262.0,30.0,14.0,64.0,48.0,16.0,27.0,5.0,1.0,46.0,54.0,25.0,13.0,41.0,55.0,19.0,15.0,14.0,10.0,7.0,12.0,4.0,13.0,10.0,27.0,2.0,11.0,,,,,,,,,,
9576442,2021-2022,7,1633266000,finished,Tottenham Hotspur,Aston Villa,33,40,2.0,1.0,Tottenham Hotspur Stadium,Chris Kavanagh,53076.0,56.0,44.0,3.0,1.0,17.0,14.0,2.0,6.0,5.0,8.0,11.0,14.0,438.0,318.0,14.0,21.0,14.0,11.0,2.0,1.0,,,8.0,3.0,0.0,0.0,6.0,5.0,3.0,6.0,9.0,9.0,8.0,5.0,0.0,1.0,3.0,0.0,,,4.0,2.0,0.0,1.0,349.0,226.0,22.0,18.0,47.0,52.0,18.0,22.0,4.0,4.0,53.0,47.0,12.0,4.0,44.0,36.0,21.0,22.0,16.0,4.0,8.0,12.0,12.0,12.0,37.0,6.0,10.0,7.0,,,,,,,,,,
9576109,2021-2022,7,1633275000,finished,Liverpool,Manchester City,44,17,2.0,2.0,Anfield,Paul Tierney,,49.0,51.0,3.0,1.0,6.0,12.0,1.0,1.0,3.0,4.0,10.0,12.0,501.0,529.0,17.0,11.0,12.0,10.0,3.0,3.0,,,4.0,3.0,0.0,0.0,0.0,4.0,2.0,5.0,5.0,9.0,1.0,3.0,2.0,0.0,1.0,1.0,1.0,4.0,3.0,3.0,2.0,5.0,423.0,443.0,28.0,20.0,62.0,46.0,28.0,39.0,3.0,2.0,52.0,48.0,7.0,12.0,39.0,35.0,9.0,9.0,10.0,14.0,12.0,9.0,17.0,8.0,14.0,17.0,10.0,2.0,,,,,,,,,,
9576185,2021-2022,8,1634383800,finished,Watford,Liverpool,24,44,0.0,5.0,Vicarage Road,Jonathan Moss,21085.0,24.0,76.0,0.0,5.0,6.0,19.0,4.0,2.0,1.0,9.0,4.0,10.0,252.0,816.0,14.0,18.0,10.0,4.0,,,,,2.0,8.0,1.0,1.0,3.0,6.0,1.0,5.0,5.0,12.0,1.0,7.0,0.0,4.0,0.0,1.0,1.0,2.0,,,8.0,2.0,165.0,711.0,11.0,22.0,34.0,85.0,21.0,39.0,2.0,2.0,55.0,45.0,7.0,9.0,33.0,32.0,19.0,10.0,9.0,10.0,10.0,8.0,11.0,4.0,33.0,8.0,7.0,5.0,,,,,,,,,,
9576177,2021-2022,8,1634392800,finished,Norwich City,Brighton & Hove Albion,263,30,0.0,0.0,Carrow Road,Peter Bankes,,35.0,65.0,2.0,1.0,15.0,11.0,3.0,2.0,8.0,4.0,5.0,14.0,292.0,569.0,9.0,19.0,14.0,5.0,3.0,5.0,,,3.0,3.0,0.0,1.0,5.0,4.0,7.0,4.0,5.0,8.0,10.0,3.0,,,2.0,1.0,2.0,1.0,4.0,3.0,,,204.0,478.0,23.0,23.0,38.0,72.0,21.0,29.0,4.0,7.0,48.0,52.0,14.0,5.0,34.0,30.0,14.0,21.0,11.0,6.0,8.0,12.0,8.0,8.0,17.0,22.0,9.0,7.0,,,,,,,,,,
9576136,2021-2022,8,1634392800,finished,Southampton,Leeds United,45,34,1.0,0.0,St. Mary's Stadium,David Coote,30506.0,45.0,55.0,2.0,1.0,19.0,3.0,0.0,3.0,8.0,1.0,16.0,14.0,362.0,452.0,22.0,21.0,14.0,15.0,2.0,3.0,,,5.0,0.0,0.0,0.0,12.0,2.0,2.0,1.0,8.0,2.0,11.0,1.0,1.0,0.0,1.0,1.0,1.0,0.0,2.0,0.0,1.0,2.0,276.0,347.0,27.0,26.0,60.0,46.0,15.0,28.0,7.0,1.0,54.0,46.0,12.0,14.0,53.0,47.0,20.0,14.0,17.0,11.0,15.0,14.0,10.0,15.0,9.0,15.0,4.0,15.0,,,,,,,,,,
9576394,2021-2022,8,1634392800,finished,Aston Villa,Wolverhampton,40,3,2.0,3.0,Villa Park,Michael Oliver,41951.0,48.0,52.0,2.0,4.0,14.0,9.0,1.0,3.0,6.0,7.0,8.0,17.0,391.0,415.0,12.0,7.0,17.0,8.0,2.0,3.0,,,5.0,4.0,0.0,1.0,7.0,3.0,2.0,2.0,10.0,6.0,4.0,3.0,1.0,2.0,1.0,2.0,1.0,1.0,3.0,2.0,1.0,2.0,314.0,332.0,15.0,15.0,55.0,47.0,22.0,24.0,3.0,1.0,60.0,40.0,2.0,7.0,39.0,23.0,14.0,12.0,11.0,8.0,7.0,4.0,9.0,9.0,22.0,20.0,7.0,13.0,,,,,,,,,,
9576230,2021-2022,8,1634392800,finished,Manchester City,Burnley,17,6,2.0,0.0,Etihad Stadium,Martin Atkinson,52711.0,71.0,29.0,2.0,2.0,15.0,7.0,2.0,4.0,6.0,2.0,11.0,5.0,768.0,318.0,11.0,17.0,5.0,10.0,1.0,0.0,,,6.0,2.0,1.0,1.0,5.0,4.0,4.0,1.0,13.0,6.0,2.0,1.0,1.0,0.0,1.0,2.0,0.0,1.0,1.0,1.0,0.0,3.0,687.0,228.0,15.0,15.0,77.0,55.0,35.0,34.0,3.0,2.0,43.0,57.0,8.0,4.0,25.0,30.0,11.0,17.0,9.0,5.0,6.0,13.0,10.0,10.0,9.0,22.0,7.0,8.0,,,,,,,,,,
9576368,2021-2022,8,1634392800,finished,Leicester City,Manchester United,31,35,4.0,2.0,King Power Stadium,Craig Pawson,32219.0,49.0,51.0,3.0,1.0,22.0,18.0,4.0,7.0,4.0,3.0,5.0,17.0,499.0,517.0,12.0,14.0,17.0,5.0,0.0,3.0,,,11.0,6.0,1.0,0.0,6.0,9.0,5.0,3.0,13.0,6.0,9.0,12.0,2.0,1.0,1.0,0.0,1.0,1.0,3.0,1.0,2.0,3.0,425.0,445.0,12.0,12.0,47.0,52.0,29.0,23.0,1.0,4.0,58.0,42.0,3.0,4.0,35.0,25.0,11.0,8.0,6.0,6.0,7.0,8.0,9.0,9.0,7.0,12.0,11.0,12.0,,,,,,,,,,
9576374,2021-2022,8,1634401800,finished,Brentford,Chelsea,50,38,0.0,1.0,Brentford Community Stadium,Anthony Taylor,16940.0,44.0,56.0,2.0,0.0,17.0,5.0,0.0,6.0,5.0,5.0,13.0,8.0,405.0,540.0,16.0,20.0,8.0,13.0,1.0,1.0,,,7.0,1.0,3.0,0.0,3.0,3.0,7.0,1.0,13.0,1.0,4.0,4.0,,,2.0,0.0,,,1.0,2.0,1.0,4.0,305.0,458.0,29.0,11.0,57.0,55.0,25.0,14.0,8.0,0.0,53.0,47.0,13.0,8.0,35.0,44.0,35.0,17.0,11.0,11.0,7.0,7.0,4.0,10.0,13.0,41.0,5.0,1.0,,,,,,,,,,
9576391,2021-2022,8,1634475600,finished,Everton,West Ham United,48,37,0.0,1.0,Goodison Park,Stuart Attwell,39132.0,39.0,61.0,1.0,2.0,15.0,16.0,3.0,2.0,7.0,9.0,3.0,3.0,327.0,539.0,19.0,13.0,2.0,3.0,0.0,2.0,,,2.0,4.0,0.0,0.0,9.0,4.0,4.0,8.0,13.0,12.0,2.0,4.0,0.0,1.0,1.0,1.0,,,1.0,0.0,0.0,2.0,239.0,452.0,18.0,25.0,49.0,64.0,21.0,22.0,10.0,3.0,56.0,44.0,4.0,6.0,27.0,24.0,20.0,13.0,6.0,8.0,12.0,8.0,10.0,10.0,27.0,15.0,11.0,13.0,,,,,,,,,,
9576480,2021-2022,8,1634484600,finished,Newcastle United,Tottenham Hotspur,39,33,2.0,3.0,St James' Park,Andre Marriner,52214.0,36.0,64.0,1.0,2.0,7.0,14.0,1.0,0.0,2.0,9.0,13.0,4.0,334.0,612.0,26.0,27.0,4.0,13.0,6.0,1.0,1.0,0.0,1.0,4.0,0.0,1.0,4.0,3.0,2.0,7.0,3.0,9.0,4.0,5.0,1.0,2.0,,,0.0,2.0,1.0,1.0,0.0,1.0,265.0,539.0,19.0,15.0,40.0,44.0,28.0,24.0,3.0,2.0,51.0,49.0,16.0,12.0,43.0,52.0,23.0,12.0,13.0,12.0,16.0,14.0,8.0,5.0,25.0,10.0,5.0,11.0,,,,,,,,,,
9576126,2021-2022,8,1634583600,finished,Arsenal,Crystal Palace,42,7,2.0,2.0,Emirates Stadium,Mike Dean,59475.0,54.0,46.0,2.0,0.0,17.0,9.0,4.0,4.0,6.0,3.0,7.0,4.0,544.0,475.0,17.0,22.0,3.0,7.0,1.0,1.0,,,6.0,6.0,1.0,0.0,7.0,3.0,4.0,0.0,11.0,3.0,6.0,6.0,1.0,0.0,1.0,0.0,1.0,0.0,1.0,1.0,0.0,3.0,474.0,402.0,26.0,18.0,79.0,43.0,32.0,30.0,5.0,2.0,38.0,62.0,10.0,4.0,27.0,36.0,8.0,20.0,8.0,7.0,9.0,16.0,7.0,7.0,6.0,17.0,4.0,5.0,,,,,,,,,,
9576120,2021-2022,9,1634929200,finished,Arsenal,Aston Villa,42,40,3.0,1.0,Emirates Stadium,Craig Pawson,59496.0,54.0,46.0,4.0,2.0,22.0,10.0,3.0,6.0,7.0,4.0,17.0,10.0,454.0,392.0,13.0,14.0,10.0,16.0,2.0,5.0,,,9.0,4.0,1.0,0.0,8.0,3.0,5.0,3.0,14.0,5.0,8.0,5.0,1.0,0.0,3.0,2.0,1.0,1.0,3.0,4.0,1.0,0.0,369.0,310.0,14.0,19.0,57.0,57.0,22.0,21.0,5.0,2.0,41.0,59.0,6.0,7.0,27.0,38.0,11.0,16.0,4.0,9.0,10.0,8.0,7.0,11.0,20.0,16.0,5.0,8.0,,,,,,,,,,
9576385,2021-2022,9,1634988600,finished,Chelsea,Norwich City,38,263,7.0,0.0,Stamford Bridge,Andy Madley,,62.0,38.0,5.0,1.0,23.0,3.0,1.0,7.0,5.0,0.0,14.0,16.0,626.0,380.0,19.0,12.0,14.0,13.0,0.0,4.0,0.0,1.0,13.0,1.0,0.0,0.0,7.0,1.0,3.0,1.0,11.0,1.0,12.0,2.0,4.0,0.0,1.0,1.0,3.0,0.0,3.0,0.0,1.0,0.0,567.0,299.0,15.0,15.0,54.0,33.0,20.0,29.0,0.0,0.0,55.0,45.0,9.0,14.0,41.0,36.0,10.0,6.0,8.0,11.0,12.0,5.0,5.0,7.0,4.0,13.0,6.0,10.0,,,,,,,,,,
9576115,2021-2022,9,1634997600,finished,Southampton,Burnley,45,6,2.0,2.0,St. Mary's Stadium,Chris Kavanagh,29145.0,61.0,39.0,3.0,1.0,16.0,9.0,3.0,2.0,6.0,2.0,10.0,11.0,450.0,284.0,11.0,12.0,10.0,10.0,1.0,3.0,,,4.0,5.0,1.0,0.0,7.0,3.0,5.0,1.0,12.0,4.0,4.0,5.0,1.0,1.0,2.0,0.0,,,1.0,3.0,1.0,1.0,347.0,173.0,31.0,24.0,52.0,66.0,12.0,28.0,6.0,3.0,43.0,57.0,4.0,8.0,29.0,28.0,14.0,29.0,8.0,6.0,5.0,6.0,12.0,15.0,22.0,17.0,6.0,11.0,,,,,,,,,,
9576479,2021-2022,9,1634997600,finished,Crystal Palace,Newcastle United,7,39,1.0,1.0,Selhurst Park,Darren England,24609.0,75.0,25.0,5.0,1.0,15.0,6.0,0.0,2.0,3.0,7.0,13.0,9.0,665.0,214.0,11.0,18.0,9.0,13.0,3.0,4.0,,,3.0,2.0,2.0,0.0,6.0,3.0,6.0,1.0,11.0,5.0,4.0,1.0,1.0,0.0,4.0,1.0,1.0,0.0,3.0,1.0,2.0,3.0,577.0,138.0,18.0,15.0,73.0,53.0,21.0,25.0,4.0,5.0,48.0,52.0,8.0,4.0,33.0,36.0,16.0,18.0,13.0,5.0,6.0,11.0,6.0,7.0,25.0,35.0,3.0,12.0,,,,,,,,,,
9576121,2021-2022,9,1634997600,finished,Leeds United,Wolverhampton,34,3,1.0,1.0,Elland Road,Robert Jones,36475.0,63.0,37.0,2.0,1.0,18.0,8.0,3.0,3.0,6.0,3.0,15.0,14.0,494.0,293.0,25.0,16.0,12.0,15.0,2.0,3.0,,,4.0,4.0,0.0,0.0,9.0,2.0,5.0,2.0,13.0,5.0,5.0,3.0,1.0,1.0,1.0,0.0,,,5.0,2.0,1.0,1.0,402.0,194.0,14.0,27.0,54.0,47.0,25.0,26.0,9.0,1.0,56.0,44.0,11.0,15.0,58.0,42.0,12.0,12.0,21.0,11.0,15.0,7.0,14.0,12.0,12.0,27.0,4.0,13.0,,,,,,,,,,
9576240,2021-2022,3,1630159200,finished,Norwich City,Leicester City,263,31,1.0,2.0,Carrow Road,Robert Jones,26765.0,44.0,56.0,2.0,2.0,14.0,9.0,1.0,3.0,9.0,9.0,8.0,9.0,369.0,471.0,18.0,17.0,9.0,7.0,2.0,1.0,,,4.0,3.0,0.0,0.0,6.0,5.0,4.0,1.0,5.0,7.0,9.0,2.0,1.0,1.0,1.0,1.0,,,2.0,0.0,2.0,2.0,285.0,364.0,24.0,21.0,39.0,51.0,23.0,16.0,5.0,2.0,47.0,53.0,9.0,9.0,33.0,38.0,13.0,14.0,6.0,14.0,15.0,12.0,15.0,9.0,17.0,17.0,10.0,9.0,,,,,,,,,,
9576148,2021-2022,3,1630168200,finished,Liverpool,Chelsea,44,38,1.0,1.0,Anfield,Anthony Taylor,,66.0,34.0,4.0,0.0,24.0,6.0,2.0,6.0,12.0,3.0,13.0,4.0,695.0,370.0,16.0,26.0,3.0,12.0,0.0,2.0,0.0,1.0,7.0,3.0,1.0,0.0,12.0,1.0,5.0,2.0,17.0,6.0,7.0,0.0,1.0,0.0,3.0,0.0,1.0,0.0,2.0,1.0,0.0,2.0,598.0,268.0,16.0,20.0,81.0,25.0,27.0,24.0,10.0,2.0,44.0,56.0,18.0,13.0,22.0,42.0,21.0,13.0,4.0,4.0,9.0,12.0,11.0,21.0,8.0,34.0,1.0,14.0,,,,,,,,,,
9576190,2021-2022,3,1630242000,finished,Burnley,Leeds United,6,34,1.0,1.0,Turf Moor,Michael Oliver,,36.0,64.0,2.0,2.0,12.0,12.0,1.0,2.0,5.0,5.0,13.0,9.0,291.0,521.0,23.0,17.0,9.0,12.0,4.0,3.0,,,3.0,2.0,2.0,0.0,5.0,5.0,4.0,5.0,9.0,9.0,3.0,3.0,1.0,1.0,1.0,1.0,,,2.0,0.0,2.0,2.0,198.0,426.0,18.0,20.0,55.0,65.0,30.0,39.0,3.0,4.0,57.0,43.0,12.0,13.0,40.0,36.0,32.0,18.0,8.0,7.0,16.0,10.0,8.0,8.0,25.0,16.0,9.0,7.0,,,,,,,,,,
9576132,2021-2022,3,1630242000,finished,Tottenham Hotspur,Watford,33,24,1.0,0.0,Tottenham Hotspur Stadium,Andre Marriner,57672.0,58.0,42.0,,,15.0,9.0,2.0,7.0,10.0,3.0,8.0,14.0,500.0,364.0,19.0,16.0,14.0,8.0,3.0,3.0,,,8.0,2.0,0.0,0.0,4.0,4.0,3.0,3.0,9.0,6.0,6.0,3.0,,,,,1.0,0.0,5.0,3.0,2.0,1.0,439.0,297.0,19.0,25.0,66.0,34.0,21.0,26.0,4.0,4.0,55.0,45.0,11.0,10.0,40.0,34.0,13.0,10.0,9.0,10.0,11.0,11.0,9.0,4.0,11.0,36.0,4.0,9.0,,,,,,,,,,
9576382,2021-2022,3,1630251000,finished,Wolverhampton,Manchester United,3,35,0.0,1.0,Molineux Stadium,Mike Dean,30621.0,44.0,56.0,3.0,1.0,15.0,10.0,2.0,5.0,5.0,7.0,7.0,9.0,427.0,552.0,16.0,8.0,9.0,7.0,3.0,4.0,,,6.0,3.0,0.0,0.0,6.0,5.0,3.0,2.0,10.0,7.0,5.0,3.0,,,3.0,1.0,0.0,2.0,2.0,2.0,5.0,4.0,349.0,478.0,11.0,14.0,46.0,59.0,27.0,30.0,2.0,2.0,64.0,36.0,4.0,13.0,39.0,19.0,15.0,11.0,14.0,4.0,9.0,5.0,7.0,13.0,20.0,14.0,4.0,8.0,,,,,,,,,,
9576085,2021-2022,4,1631359800,finished,Crystal Palace,Tottenham Hotspur,7,33,3.0,0.0,Selhurst Park,Jonathan Moss,,62.0,38.0,3.0,0.0,18.0,2.0,1.0,1.0,8.0,2.0,13.0,15.0,498.0,314.0,17.0,16.0,11.0,13.0,2.0,3.0,0.0,1.0,4.0,1.0,0.0,0.0,7.0,1.0,7.0,0.0,12.0,1.0,6.0,1.0,2.0,0.0,1.0,0.0,,,8.0,1.0,,,412.0,231.0,28.0,20.0,54.0,36.0,26.0,19.0,3.0,1.0,48.0,52.0,8.0,7.0,42.0,41.0,12.0,18.0,14.0,12.0,13.0,10.0,6.0,11.0,13.0,36.0,4.0,13.0,,,,,,,,,,
9576087,2021-2022,4,1631368800,finished,Brentford,Brighton & Hove Albion,50,30,0.0,1.0,Brentford Community Stadium,Graham Scott,,41.0,59.0,1.0,0.0,7.0,4.0,1.0,1.0,1.0,5.0,9.0,12.0,336.0,496.0,21.0,16.0,12.0,9.0,3.0,2.0,,,1.0,2.0,0.0,0.0,6.0,1.0,0.0,1.0,5.0,3.0,2.0,1.0,,,1.0,0.0,0.0,1.0,4.0,0.0,0.0,2.0,250.0,396.0,22.0,30.0,34.0,73.0,16.0,37.0,2.0,0.0,55.0,45.0,15.0,12.0,41.0,34.0,15.0,11.0,8.0,9.0,17.0,11.0,13.0,12.0,17.0,11.0,6.0,7.0,,,,,,,,,,
9576166,2021-2022,4,1631368800,finished,Watford,Wolverhampton,24,3,0.0,2.0,Vicarage Road,Peter Bankes,,44.0,56.0,0.0,5.0,6.0,14.0,4.0,2.0,6.0,8.0,15.0,13.0,370.0,485.0,20.0,19.0,13.0,13.0,3.0,3.0,,,2.0,5.0,0.0,0.0,4.0,6.0,0.0,3.0,2.0,9.0,4.0,5.0,0.0,1.0,0.0,4.0,0.0,2.0,1.0,2.0,1.0,2.0,306.0,428.0,20.0,13.0,54.0,56.0,28.0,27.0,1.0,5.0,51.0,49.0,9.0,9.0,47.0,51.0,12.0,5.0,14.0,19.0,11.0,13.0,8.0,9.0,23.0,18.0,10.0,7.0,,,,,,,,,,
9576173,2021-2022,4,1631368800,finished,Southampton,West Ham United,45,37,0.0,0.0,St. Mary's Stadium,David Coote,,42.0,58.0,,,11.0,13.0,3.0,2.0,5.0,4.0,10.0,12.0,390.0,541.0,8.0,14.0,12.0,10.0,3.0,3.0,0.0,1.0,3.0,3.0,1.0,0.0,5.0,3.0,3.0,7.0,10.0,5.0,1.0,8.0,,,,,,,0.0,3.0,0.0,2.0,310.0,468.0,14.0,10.0,44.0,70.0,19.0,26.0,2.0,4.0,47.0,53.0,10.0,3.0,24.0,30.0,17.0,16.0,5.0,6.0,4.0,5.0,12.0,15.0,23.0,17.0,3.0,7.0,,,,,,,,,,
9576408,2021-2022,4,1631368800,finished,Arsenal,Norwich City,42,263,1.0,0.0,Emirates Stadium,Michael Oliver,,52.0,48.0,3.0,0.0,30.0,10.0,1.0,5.0,8.0,4.0,9.0,11.0,437.0,408.0,16.0,20.0,11.0,9.0,1.0,2.0,,,7.0,1.0,2.0,0.0,13.0,3.0,10.0,6.0,21.0,5.0,9.0,5.0,1.0,0.0,2.0,0.0,0.0,1.0,4.0,1.0,2.0,0.0,365.0,320.0,18.0,25.0,71.0,45.0,22.0,25.0,10.0,4.0,50.0,50.0,9.0,0.0,34.0,36.0,19.0,16.0,7.0,7.0,11.0,13.0,3.0,8.0,14.0,22.0,6.0,15.0,,,,,,,,,,
9576165,2021-2022,4,1631368800,finished,Leicester City,Manchester City,31,17,0.0,1.0,King Power Stadium,Paul Tierney,,40.0,60.0,1.0,3.0,6.0,25.0,7.0,2.0,5.0,8.0,4.0,11.0,364.0,557.0,18.0,14.0,10.0,4.0,1.0,2.0,,,1.0,8.0,1.0,0.0,3.0,7.0,2.0,10.0,6.0,21.0,0.0,4.0,0.0,1.0,1.0,2.0,1.0,3.0,1.0,4.0,2.0,4.0,295.0,501.0,12.0,20.0,43.0,65.0,27.0,21.0,5.0,8.0,60.0,40.0,8.0,9.0,34.0,23.0,12.0,8.0,6.0,5.0,10.0,7.0,3.0,5.0,21.0,6.0,10.0,6.0,,,,,,,,,,
9576135,2021-2022,4,1631368800,finished,Manchester United,Newcastle United,35,39,4.0,1.0,Old Trafford,Anthony Taylor,,64.0,36.0,5.0,1.0,21.0,12.0,2.0,2.0,7.0,3.0,9.0,2.0,644.0,365.0,19.0,17.0,2.0,9.0,1.0,0.0,,,7.0,3.0,0.0,0.0,9.0,6.0,5.0,3.0,12.0,5.0,9.0,7.0,3.0,1.0,2.0,0.0,,,,,1.0,3.0,581.0,299.0,16.0,19.0,69.0,32.0,28.0,30.0,4.0,2.0,44.0,56.0,8.0,11.0,28.0,38.0,7.0,6.0,7.0,12.0,11.0,10.0,4.0,13.0,11.0,21.0,7.0,11.0,,,,,,,,,,
9576168,2021-2022,4,1631377800,finished,Chelsea,Aston Villa,38,40,3.0,0.0,Stamford Bridge,Stuart Attwell,,57.0,43.0,2.0,1.0,12.0,18.0,6.0,1.0,4.0,11.0,11.0,11.0,476.0,344.0,15.0,12.0,10.0,11.0,1.0,4.0,,,4.0,6.0,0.0,0.0,6.0,3.0,2.0,9.0,6.0,11.0,6.0,7.0,2.0,0.0,0.0,1.0,1.0,0.0,1.0,2.0,2.0,1.0,396.0,270.0,16.0,16.0,41.0,63.0,27.0,30.0,1.0,6.0,48.0,52.0,6.0,3.0,36.0,42.0,16.0,14.0,11.0,19.0,6.0,9.0,7.0,12.0,40.0,18.0,9.0,6.0,,,,,,,,,,
9576077,2021-2022,4,1631460600,finished,Leeds United,Liverpool,34,44,0.0,3.0,Elland Road,Craig Pawson,36507.0,44.0,56.0,0.0,5.0,9.0,30.0,5.0,4.0,2.0,11.0,9.0,8.0,404.0,524.0,16.0,8.0,7.0,9.0,2.0,1.0,1.0,0.0,4.0,9.0,0.0,0.0,4.0,6.0,1.0,15.0,8.0,22.0,1.0,8.0,0.0,2.0,0.0,3.0,0.0,3.0,2.0,3.0,2.0,4.0,328.0,454.0,13.0,21.0,37.0,68.0,18.0,25.0,4.0,5.0,52.0,48.0,4.0,7.0,30.0,26.0,7.0,8.0,7.0,9.0,8.0,5.0,10.0,8.0,17.0,15.0,9.0,5.0,,,,,,,,,,
9576114,2021-2022,4,1631559600,finished,Everton,Burnley,48,6,3.0,1.0,Goodison Park,Martin Atkinson,,52.0,48.0,3.0,3.0,14.0,11.0,5.0,3.0,4.0,6.0,3.0,6.0,416.0,384.0,10.0,10.0,5.0,3.0,1.0,1.0,,,6.0,6.0,0.0,0.0,4.0,3.0,4.0,2.0,8.0,7.0,6.0,4.0,2.0,1.0,1.0,2.0,1.0,0.0,2.0,0.0,2.0,2.0,308.0,261.0,27.0,28.0,61.0,68.0,29.0,33.0,5.0,7.0,52.0,48.0,5.0,8.0,21.0,22.0,26.0,22.0,6.0,9.0,6.0,7.0,15.0,19.0,18.0,10.0,7.0,5.0,,,,,,,,,,
9576075,2021-2022,5,1631905200,finished,Newcastle United,Leeds United,39,34,1.0,1.0,St James' Park,Mike Dean,50407.0,35.0,65.0,1.0,1.0,17.0,22.0,9.0,6.0,4.0,5.0,9.0,11.0,301.0,541.0,17.0,19.0,11.0,9.0,2.0,2.0,,,7.0,9.0,0.0,0.0,8.0,9.0,2.0,4.0,10.0,10.0,7.0,12.0,,,1.0,1.0,0.0,1.0,1.0,1.0,1.0,1.0,211.0,460.0,10.0,26.0,48.0,56.0,25.0,29.0,4.0,3.0,51.0,49.0,11.0,8.0,35.0,39.0,14.0,9.0,7.0,11.0,10.0,9.0,9.0,6.0,28.0,14.0,10.0,9.0,,,,,,,,,,
9576397,2021-2022,5,1631964600,finished,Wolverhampton,Brentford,3,50,0.0,2.0,Molineux Stadium,Darren England,,62.0,38.0,3.0,3.0,11.0,9.0,1.0,0.0,4.0,2.0,10.0,7.0,519.0,324.0,9.0,15.0,6.0,10.0,4.0,4.0,0.0,1.0,0.0,3.0,0.0,1.0,8.0,5.0,3.0,1.0,4.0,6.0,7.0,3.0,0.0,2.0,3.0,1.0,0.0,1.0,2.0,3.0,2.0,2.0,436.0,242.0,25.0,16.0,63.0,51.0,27.0,21.0,4.0,1.0,50.0,50.0,8.0,3.0,35.0,33.0,12.0,14.0,20.0,8.0,4.0,9.0,6.0,10.0,9.0,28.0,9.0,11.0,,,,,,,,,,
9576189,2021-2022,5,1631973600,finished,Norwich City,Watford,263,24,1.0,3.0,Carrow Road,Robert Jones,26649.0,49.0,51.0,1.0,6.0,12.0,12.0,5.0,4.0,4.0,8.0,10.0,14.0,375.0,396.0,17.0,11.0,14.0,9.0,1.0,1.0,,,5.0,8.0,0.0,0.0,3.0,3.0,4.0,1.0,7.0,11.0,5.0,1.0,1.0,3.0,0.0,3.0,1.0,2.0,3.0,0.0,1.0,0.0,304.0,313.0,24.0,24.0,53.0,58.0,26.0,41.0,5.0,3.0,54.0,46.0,6.0,9.0,39.0,33.0,18.0,15.0,9.0,13.0,11.0,6.0,15.0,9.0,18.0,14.0,4.0,6.0,,,,,,,,,,
9576406,2021-2022,5,1631973600,finished,Burnley,Arsenal,6,42,0.0,1.0,Turf Moor,Anthony Taylor,,45.0,55.0,0.0,1.0,18.0,13.0,2.0,3.0,8.0,3.0,9.0,8.0,392.0,523.0,13.0,18.0,8.0,9.0,2.0,1.0,,,3.0,3.0,0.0,0.0,10.0,4.0,5.0,6.0,13.0,6.0,5.0,7.0,,,0.0,1.0,0.0,1.0,1.0,1.0,4.0,2.0,291.0,420.0,22.0,13.0,68.0,57.0,34.0,16.0,8.0,1.0,50.0,50.0,14.0,5.0,24.0,32.0,29.0,22.0,3.0,5.0,5.0,8.0,16.0,11.0,15.0,33.0,5.0,9.0,,,,,,,,,,
9576080,2021-2022,5,1631973600,finished,Manchester City,Southampton,17,45,0.0,0.0,Etihad Stadium,Jonathan Moss,52698.0,64.0,36.0,2.0,0.0,16.0,10.0,2.0,1.0,8.0,5.0,5.0,12.0,555.0,319.0,13.0,21.0,10.0,5.0,0.0,2.0,,,1.0,2.0,0.0,0.0,8.0,2.0,7.0,6.0,9.0,6.0,7.0,4.0,,,2.0,0.0,,,3.0,2.0,4.0,0.0,484.0,239.0,21.0,17.0,42.0,42.0,21.0,19.0,8.0,0.0,52.0,48.0,9.0,8.0,36.0,39.0,22.0,15.0,13.0,13.0,10.0,11.0,8.0,17.0,14.0,23.0,5.0,12.0,,,,,,,,,,
9576156,2021-2022,5,1631973600,finished,Liverpool,Crystal Palace,44,7,3.0,0.0,Anfield,Andy Madley,,60.0,40.0,4.0,2.0,25.0,13.0,2.0,7.0,10.0,5.0,17.0,11.0,490.0,332.0,21.0,24.0,9.0,16.0,3.0,1.0,,,10.0,2.0,0.0,2.0,5.0,5.0,10.0,6.0,17.0,6.0,8.0,7.0,2.0,0.0,2.0,2.0,0.0,1.0,5.0,3.0,1.0,3.0,412.0,253.0,18.0,19.0,58.0,42.0,24.0,20.0,11.0,4.0,54.0,46.0,15.0,11.0,42.0,47.0,21.0,7.0,12.0,7.0,11.0,15.0,10.0,12.0,27.0,24.0,7.0,8.0,,,,,,,,,,
9576229,2021-2022,5,1631982600,finished,Aston Villa,Everton,40,48,3.0,0.0,Villa Park,Craig Pawson,,56.0,44.0,0.0,1.0,15.0,11.0,1.0,1.0,5.0,4.0,7.0,10.0,384.0,310.0,10.0,22.0,10.0,7.0,1.0,1.0,,,3.0,1.0,0.0,0.0,6.0,5.0,6.0,5.0,7.0,8.0,8.0,3.0,,,0.0,1.0,1.0,1.0,5.0,1.0,0.0,2.0,308.0,228.0,15.0,22.0,66.0,32.0,34.0,16.0,6.0,5.0,52.0,48.0,9.0,5.0,32.0,35.0,24.0,16.0,13.0,6.0,7.0,10.0,9.0,6.0,9.0,17.0,12.0,12.0,,,,,,,,,,
9576398,2021-2022,5,1632056400,finished,Brighton & Hove Albion,Leicester City,30,31,2.0,1.0,American Express Stadium,Stuart Attwell,31078.0,37.0,63.0,1.0,1.0,12.0,14.0,2.0,3.0,4.0,9.0,8.0,10.0,322.0,549.0,19.0,17.0,9.0,7.0,2.0,1.0,,,5.0,3.0,0.0,0.0,4.0,5.0,3.0,6.0,9.0,7.0,3.0,7.0,1.0,1.0,,,1.0,0.0,5.0,1.0,3.0,2.0,245.0,471.0,16.0,26.0,37.0,66.0,19.0,18.0,6.0,5.0,57.0,43.0,6.0,15.0,44.0,36.0,18.0,11.0,16.0,12.0,13.0,9.0,16.0,10.0,29.0,11.0,8.0,6.0,,,,,,,,,,
9576251,2021-2022,5,1632056400,finished,West Ham United,Manchester United,37,35,1.0,2.0,London Stadium,Martin Atkinson,,40.0,60.0,2.0,3.0,13.0,17.0,8.0,3.0,2.0,11.0,5.0,8.0,417.0,624.0,14.0,14.0,6.0,5.0,,,,,4.0,10.0,0.0,1.0,5.0,4.0,4.0,3.0,6.0,12.0,7.0,5.0,0.0,1.0,2.0,2.0,0.0,1.0,2.0,0.0,2.0,0.0,348.0,562.0,15.0,12.0,43.0,59.0,14.0,19.0,1.0,6.0,49.0,51.0,11.0,9.0,34.0,38.0,12.0,9.0,14.0,19.0,7.0,9.0,4.0,2.0,31.0,18.0,10.0,7.0,,,,,,,,,,
9576161,2021-2022,5,1632065400,finished,Tottenham Hotspur,Chelsea,33,38,0.0,3.0,Tottenham Hotspur Stadium,Paul Tierney,,47.0,53.0,1.0,3.0,8.0,20.0,6.0,2.0,5.0,11.0,4.0,15.0,480.0,525.0,20.0,15.0,15.0,4.0,0.0,1.0,,,2.0,10.0,0.0,0.0,4.0,3.0,2.0,7.0,3.0,17.0,5.0,3.0,,,1.0,3.0,0.0,2.0,2.0,0.0,0.0,1.0,395.0,457.0,16.0,16.0,36.0,45.0,20.0,29.0,4.0,7.0,55.0,45.0,8.0,10.0,42.0,27.0,12.0,18.0,7.0,8.0,12.0,8.0,9.0,15.0,23.0,19.0,6.0,4.0,,,,,,,,,,
9576159,2021-2022,6,1632569400,finished,Manchester United,Aston Villa,35,40,0.0,1.0,Old Trafford,Mike Dean,72922.0,60.0,40.0,2.0,3.0,28.0,7.0,2.0,4.0,5.0,5.0,9.0,13.0,409.0,271.0,12.0,9.0,11.0,9.0,2.0,2.0,,,4.0,3.0,0.0,0.0,11.0,3.0,13.0,1.0,17.0,4.0,11.0,3.0,,,2.0,3.0,4.0,2.0,3.0,2.0,2.0,3.0,313.0,187.0,27.0,25.0,49.0,55.0,36.0,24.0,9.0,3.0,62.0,38.0,5.0,4.0,39.0,24.0,19.0,11.0,16.0,6.0,8.0,3.0,9.0,15.0,21.0,14.0,5.0,13.0,,,,,,,,,,
9576243,2021-2022,6,1632569400,finished,Chelsea,Manchester City,38,17,0.0,1.0,Stamford Bridge,Michael Oliver,40036.0,41.0,59.0,0.0,3.0,5.0,15.0,2.0,0.0,4.0,13.0,12.0,10.0,413.0,599.0,13.0,16.0,9.0,12.0,3.0,2.0,,,0.0,4.0,0.0,0.0,1.0,5.0,4.0,6.0,2.0,11.0,3.0,4.0,,,0.0,3.0,1.0,1.0,2.0,0.0,3.0,4.0,341.0,528.0,13.0,12.0,38.0,69.0,26.0,24.0,1.0,4.0,52.0,48.0,8.0,7.0,32.0,37.0,18.0,9.0,10.0,9.0,6.0,9.0,7.0,8.0,24.0,17.0,13.0,3.0,,,,,,,,,,
9576154,2021-2022,6,1632578400,finished,Watford,Newcastle United,24,39,1.0,1.0,Vicarage Road,Jarred Gillett,20650.0,52.0,48.0,1.0,3.0,15.0,20.0,5.0,3.0,5.0,6.0,19.0,12.0,364.0,335.0,13.0,22.0,10.0,17.0,4.0,3.0,,,4.0,6.0,0.0,0.0,6.0,8.0,5.0,6.0,7.0,10.0,8.0,10.0,1.0,0.0,0.0,3.0,0.0,2.0,4.0,4.0,1.0,1.0,280.0,256.0,26.0,16.0,55.0,64.0,34.0,32.0,2.0,3.0,45.0,55.0,11.0,6.0,44.0,50.0,17.0,24.0,21.0,11.0,7.0,12.0,7.0,9.0,13.0,23.0,13.0,9.0,,,,,,,,,,
9576145,2021-2022,6,1632578400,finished,Leeds United,West Ham United,34,37,1.0,2.0,Elland Road,Kevin Friend,36417.0,54.0,46.0,1.0,2.0,15.0,20.0,5.0,4.0,5.0,7.0,10.0,6.0,414.0,348.0,16.0,15.0,5.0,10.0,3.0,2.0,,,5.0,7.0,1.0,0.0,4.0,9.0,6.0,4.0,6.0,11.0,9.0,9.0,0.0,1.0,1.0,1.0,0.0,2.0,0.0,5.0,2.0,0.0,336.0,273.0,15.0,22.0,44.0,43.0,18.0,26.0,2.0,1.0,46.0,54.0,5.0,5.0,25.0,32.0,19.0,19.0,5.0,7.0,9.0,9.0,4.0,7.0,16.0,12.0,10.0,5.0,,,,,,,,,,
9576417,2021-2022,6,1632578400,finished,Everton,Norwich City,48,263,2.0,0.0,Goodison Park,David Coote,38821.0,47.0,53.0,3.0,1.0,11.0,10.0,2.0,2.0,6.0,4.0,12.0,9.0,420.0,487.0,18.0,12.0,9.0,11.0,2.0,3.0,,,4.0,2.0,0.0,0.0,3.0,5.0,4.0,3.0,7.0,4.0,4.0,6.0,2.0,0.0,1.0,1.0,,,3.0,3.0,1.0,0.0,345.0,406.0,22.0,25.0,51.0,48.0,24.0,26.0,1.0,4.0,44.0,56.0,5.0,6.0,31.0,35.0,8.0,14.0,4.0,12.0,8.0,5.0,9.0,17.0,15.0,17.0,11.0,5.0,,,,,,,,,,
9576151,2021-2022,1,1628881200,finished,Brentford,Arsenal,50,42,2.0,0.0,Brentford Community Stadium,Michael Oliver,16479.0,35.0,65.0,2.0,0.0,8.0,22.0,4.0,1.0,2.0,5.0,12.0,8.0,309.0,568.0,20.0,9.0,7.0,12.0,,,,,3.0,4.0,1.0,0.0,5.0,14.0,0.0,4.0,7.0,13.0,1.0,9.0,1.0,0.0,1.0,0.0,1.0,1.0,0.0,1.0,1.0,1.0,201.0,488.0,19.0,26.0,44.0,48.0,22.0,20.0,2.0,10.0,50.0,50.0,5.0,9.0,34.0,30.0,17.0,20.0,7.0,9.0,12.0,3.0,9.0,7.0,19.0,14.0,16.0,8.0,,,,,,,,,,
9576081,2021-2022,1,1628940600,finished,Manchester United,Leeds United,35,34,5.0,1.0,Old Trafford,Paul Tierney,,49.0,51.0,3.0,2.0,16.0,10.0,2.0,3.0,5.0,4.0,11.0,9.0,422.0,438.0,6.0,23.0,9.0,10.0,1.0,2.0,,,8.0,3.0,0.0,0.0,5.0,6.0,3.0,1.0,12.0,3.0,4.0,7.0,2.0,0.0,1.0,2.0,5.0,0.0,0.0,2.0,2.0,3.0,334.0,343.0,27.0,17.0,56.0,42.0,25.0,23.0,1.0,4.0,43.0,57.0,11.0,3.0,27.0,42.0,11.0,9.0,12.0,9.0,4.0,13.0,8.0,14.0,15.0,14.0,12.0,10.0,,,,,,,,,,
9576162,2021-2022,1,1628949600,finished,Burnley,Brighton & Hove Albion,6,30,1.0,2.0,Turf Moor,David Coote,,36.0,64.0,3.0,3.0,14.0,14.0,4.0,2.0,7.0,6.0,10.0,7.0,259.0,518.0,16.0,16.0,7.0,10.0,2.0,1.0,,,3.0,8.0,2.0,0.0,8.0,4.0,3.0,2.0,8.0,12.0,6.0,2.0,1.0,2.0,2.0,1.0,1.0,0.0,1.0,2.0,1.0,0.0,181.0,424.0,24.0,24.0,46.0,43.0,17.0,25.0,5.0,6.0,55.0,45.0,10.0,12.0,35.0,29.0,26.0,20.0,12.0,3.0,12.0,9.0,10.0,6.0,12.0,27.0,4.0,8.0,,,,,,,,,,
9576160,2021-2022,1,1628949600,finished,Watford,Aston Villa,24,40,3.0,2.0,Vicarage Road,Mike Dean,20051.0,38.0,62.0,1.0,1.0,13.0,11.0,0.0,4.0,2.0,4.0,18.0,13.0,317.0,508.0,15.0,13.0,13.0,18.0,3.0,1.0,,,7.0,2.0,0.0,0.0,4.0,6.0,2.0,3.0,9.0,4.0,4.0,7.0,0.0,1.0,1.0,0.0,,,2.0,3.0,0.0,2.0,234.0,435.0,17.0,21.0,45.0,59.0,21.0,28.0,2.0,2.0,51.0,49.0,8.0,13.0,41.0,45.0,24.0,17.0,13.0,14.0,6.0,11.0,9.0,11.0,25.0,6.0,8.0,7.0,,,,,,,,,,
9576149,2021-2022,1,1628949600,finished,Everton,Southampton,48,45,3.0,1.0,Goodison Park,Kevin Friend,,48.0,52.0,3.0,1.0,14.0,6.0,2.0,3.0,6.0,8.0,13.0,15.0,337.0,370.0,23.0,21.0,14.0,11.0,2.0,0.0,,,6.0,3.0,0.0,0.0,5.0,1.0,3.0,2.0,11.0,5.0,3.0,1.0,2.0,1.0,1.0,0.0,1.0,1.0,3.0,4.0,,,235.0,256.0,28.0,26.0,56.0,57.0,26.0,10.0,6.0,4.0,53.0,47.0,14.0,10.0,43.0,42.0,25.0,19.0,7.0,10.0,9.0,12.0,6.0,5.0,26.0,22.0,4.0,10.0,,,,,,,,,,
9576403,2021-2022,1,1628949600,finished,Leicester City,Wolverhampton,31,3,1.0,0.0,King Power Stadium,Craig Pawson,,56.0,44.0,0.0,1.0,9.0,17.0,3.0,4.0,5.0,4.0,6.0,10.0,584.0,443.0,15.0,20.0,10.0,6.0,1.0,2.0,,,5.0,3.0,0.0,0.0,3.0,7.0,1.0,7.0,6.0,12.0,3.0,5.0,,,0.0,1.0,2.0,1.0,2.0,0.0,5.0,4.0,505.0,366.0,26.0,21.0,41.0,54.0,16.0,36.0,2.0,6.0,42.0,58.0,7.0,4.0,32.0,47.0,10.0,12.0,7.0,21.0,11.0,10.0,11.0,13.0,15.0,16.0,8.0,3.0,,,,,,,,,,
9576259,2021-2022,1,1628949600,finished,Chelsea,Crystal Palace,38,7,3.0,0.0,Stamford Bridge,Jonathan Moss,,62.0,38.0,1.0,0.0,13.0,4.0,1.0,3.0,5.0,2.0,15.0,11.0,678.0,423.0,21.0,11.0,11.0,14.0,,,,,6.0,1.0,0.0,0.0,5.0,2.0,2.0,1.0,5.0,4.0,8.0,0.0,1.0,0.0,,,5.0,1.0,6.0,1.0,0.0,1.0,623.0,363.0,17.0,14.0,79.0,30.0,38.0,18.0,4.0,3.0,47.0,53.0,5.0,14.0,39.0,37.0,7.0,15.0,8.0,13.0,9.0,7.0,11.0,9.0,8.0,24.0,5.0,9.0,,,,,,,,,,
9576193,2021-2022,1,1628958600,finished,Norwich City,Liverpool,263,44,0.0,3.0,Carrow Road,Andre Marriner,,50.0,50.0,1.0,4.0,14.0,19.0,3.0,3.0,3.0,11.0,4.0,14.0,520.0,512.0,19.0,16.0,14.0,3.0,1.0,1.0,,,3.0,8.0,0.0,0.0,8.0,7.0,3.0,4.0,9.0,13.0,5.0,6.0,0.0,2.0,1.0,2.0,2.0,2.0,0.0,2.0,2.0,0.0,441.0,432.0,17.0,19.0,45.0,50.0,34.0,29.0,4.0,6.0,56.0,44.0,8.0,6.0,43.0,26.0,8.0,14.0,10.0,7.0,13.0,8.0,9.0,5.0,36.0,16.0,8.0,8.0,,,,,,,,,,
9576414,2021-2022,1,1629032400,finished,Newcastle United,West Ham United,39,37,2.0,4.0,St James' Park,Martin Atkinson,50673.0,46.0,54.0,1.0,6.0,17.0,18.0,4.0,1.0,7.0,6.0,4.0,3.0,401.0,473.0,8.0,23.0,3.0,4.0,1.0,0.0,,,3.0,9.0,1.0,1.0,7.0,4.0,7.0,5.0,9.0,12.0,8.0,6.0,1.0,3.0,0.0,3.0,1.0,0.0,0.0,2.0,1.0,2.0,340.0,405.0,16.0,21.0,38.0,42.0,26.0,18.0,6.0,4.0,39.0,61.0,14.0,4.0,25.0,38.0,12.0,20.0,14.0,11.0,5.0,14.0,9.0,7.0,21.0,21.0,10.0,12.0,,,,,,,,,,
9576188,2021-2022,1,1629041400,finished,Tottenham Hotspur,Manchester City,33,17,1.0,0.0,Tottenham Hotspur Stadium,Anthony Taylor,58262.0,34.0,66.0,1.0,3.0,13.0,18.0,4.0,1.0,3.0,11.0,11.0,8.0,293.0,548.0,15.0,16.0,8.0,11.0,2.0,1.0,,,3.0,4.0,0.0,0.0,5.0,9.0,5.0,5.0,5.0,11.0,8.0,7.0,,,1.0,3.0,0.0,1.0,3.0,2.0,3.0,1.0,227.0,469.0,17.0,17.0,45.0,52.0,25.0,9.0,3.0,4.0,44.0,56.0,11.0,8.0,37.0,47.0,14.0,19.0,14.0,20.0,9.0,11.0,10.0,3.0,24.0,10.0,10.0,6.0,,,,,,,,,,
9576069,2021-2022,2,1629545400,finished,Liverpool,Burnley,44,6,2.0,0.0,Anfield,Mike Dean,52591.0,67.0,33.0,3.0,2.0,27.0,9.0,3.0,6.0,8.0,4.0,6.0,12.0,527.0,263.0,14.0,18.0,12.0,6.0,,,,,9.0,3.0,0.0,0.0,10.0,5.0,8.0,1.0,21.0,7.0,6.0,2.0,2.0,0.0,1.0,2.0,2.0,0.0,2.0,1.0,3.0,7.0,434.0,174.0,21.0,27.0,48.0,63.0,20.0,33.0,11.0,4.0,49.0,51.0,10.0,9.0,30.0,33.0,24.0,24.0,4.0,9.0,8.0,9.0,5.0,11.0,25.0,20.0,6.0,13.0,,,,,,,,,,
9576143,2021-2022,2,1629554400,finished,Crystal Palace,Brentford,7,50,0.0,0.0,Selhurst Park,Martin Atkinson,23091.0,53.0,47.0,1.0,0.0,7.0,14.0,3.0,2.0,3.0,5.0,12.0,9.0,431.0,382.0,15.0,24.0,8.0,10.0,3.0,1.0,,,2.0,3.0,1.0,1.0,5.0,7.0,0.0,4.0,5.0,8.0,2.0,6.0,,,1.0,0.0,,,1.0,5.0,1.0,2.0,324.0,270.0,31.0,19.0,51.0,68.0,33.0,22.0,3.0,3.0,48.0,52.0,16.0,11.0,31.0,42.0,26.0,21.0,8.0,9.0,7.0,8.0,13.0,11.0,20.0,11.0,11.0,6.0,,,,,,,,,,
9576209,2021-2022,2,1629554400,finished,Aston Villa,Newcastle United,40,39,2.0,0.0,Villa Park,David Coote,41964.0,47.0,53.0,1.0,1.0,10.0,9.0,1.0,0.0,3.0,4.0,8.0,18.0,303.0,333.0,13.0,14.0,16.0,8.0,3.0,4.0,,,2.0,1.0,0.0,0.0,7.0,7.0,1.0,1.0,6.0,6.0,4.0,3.0,1.0,0.0,0.0,1.0,0.0,3.0,5.0,2.0,3.0,2.0,238.0,257.0,15.0,24.0,47.0,42.0,24.0,18.0,5.0,7.0,52.0,48.0,10.0,5.0,31.0,26.0,17.0,18.0,2.0,4.0,10.0,7.0,4.0,2.0,23.0,20.0,10.0,11.0,,,,,,,,,,
9576170,2021-2022,2,1629554400,finished,Leeds United,Everton,34,48,2.0,2.0,Elland Road,Darren England,,70.0,30.0,1.0,2.0,17.0,17.0,6.0,2.0,8.0,5.0,6.0,13.0,606.0,253.0,19.0,16.0,12.0,6.0,2.0,4.0,,,4.0,8.0,1.0,0.0,6.0,5.0,7.0,4.0,7.0,9.0,10.0,8.0,1.0,1.0,0.0,1.0,0.0,1.0,1.0,2.0,,,517.0,168.0,22.0,20.0,58.0,41.0,20.0,15.0,4.0,6.0,55.0,45.0,6.0,10.0,42.0,30.0,16.0,17.0,12.0,8.0,9.0,10.0,9.0,20.0,6.0,25.0,8.0,13.0,,,,,,,,,,
9576187,2021-2022,2,1629554400,finished,Manchester City,Norwich City,17,263,5.0,0.0,Etihad Stadium,Graham Scott,,67.0,33.0,3.0,0.0,16.0,1.0,,,6.0,1.0,13.0,7.0,730.0,362.0,14.0,18.0,6.0,13.0,1.0,0.0,,,4.0,0.0,0.0,0.0,6.0,1.0,6.0,0.0,7.0,1.0,9.0,0.0,3.0,0.0,,,1.0,0.0,3.0,0.0,2.0,3.0,684.0,307.0,20.0,10.0,89.0,10.0,42.0,14.0,2.0,1.0,49.0,51.0,12.0,7.0,29.0,37.0,9.0,3.0,9.0,6.0,8.0,11.0,6.0,8.0,3.0,25.0,2.0,9.0,,,,,,,,,,
9576184,2021-2022,2,1629563400,finished,Brighton & Hove Albion,Watford,30,24,2.0,0.0,American Express Stadium,Anthony Taylor,,57.0,43.0,3.0,0.0,13.0,10.0,1.0,1.0,7.0,2.0,11.0,6.0,585.0,441.0,19.0,13.0,6.0,11.0,4.0,0.0,,,3.0,1.0,0.0,0.0,5.0,5.0,5.0,4.0,8.0,7.0,5.0,3.0,1.0,0.0,2.0,0.0,,,2.0,0.0,1.0,1.0,502.0,365.0,13.0,22.0,44.0,34.0,16.0,27.0,4.0,3.0,51.0,49.0,12.0,12.0,32.0,30.0,17.0,18.0,7.0,6.0,11.0,6.0,8.0,10.0,17.0,25.0,8.0,8.0,,,,,,,,,,
9576150,2021-2022,2,1629637200,finished,Wolverhampton,Tottenham Hotspur,3,33,0.0,1.0,Molineux Stadium,Stuart Attwell,30368.0,58.0,42.0,1.0,2.0,25.0,8.0,5.0,6.0,5.0,4.0,9.0,7.0,470.0,356.0,29.0,18.0,7.0,9.0,1.0,4.0,,,6.0,6.0,0.0,0.0,9.0,0.0,10.0,2.0,14.0,7.0,11.0,1.0,0.0,1.0,1.0,1.0,2.0,2.0,2.0,3.0,2.0,0.0,394.0,284.0,28.0,20.0,56.0,43.0,45.0,15.0,9.0,1.0,60.0,40.0,14.0,16.0,55.0,36.0,17.0,12.0,19.0,9.0,18.0,6.0,14.0,8.0,7.0,31.0,4.0,16.0,,,,,,,,,,
9576076,2021-2022,2,1629637200,finished,Southampton,Manchester United,45,35,1.0,1.0,St. Mary's Stadium,Craig Pawson,,36.0,64.0,1.0,3.0,8.0,15.0,2.0,3.0,7.0,7.0,12.0,10.0,291.0,520.0,23.0,19.0,10.0,12.0,2.0,3.0,,,3.0,4.0,0.0,1.0,4.0,7.0,1.0,4.0,3.0,11.0,5.0,4.0,,,1.0,3.0,1.0,1.0,3.0,4.0,0.0,2.0,201.0,415.0,19.0,18.0,52.0,43.0,6.0,19.0,3.0,6.0,48.0,52.0,9.0,19.0,42.0,41.0,11.0,16.0,9.0,11.0,13.0,10.0,20.0,6.0,22.0,12.0,11.0,5.0,,,,,,,,,,
9576412,2021-2022,2,1629646200,finished,Arsenal,Chelsea,42,38,0.0,2.0,Emirates Stadium,Paul Tierney,58729.0,35.0,65.0,1.0,5.0,6.0,22.0,3.0,3.0,9.0,8.0,10.0,4.0,335.0,646.0,20.0,11.0,3.0,10.0,3.0,0.0,,,3.0,5.0,0.0,1.0,2.0,6.0,1.0,11.0,3.0,15.0,3.0,7.0,0.0,2.0,1.0,3.0,0.0,1.0,0.0,1.0,5.0,0.0,266.0,574.0,14.0,22.0,42.0,43.0,14.0,20.0,3.0,4.0,48.0,52.0,7.0,11.0,32.0,28.0,11.0,18.0,9.0,7.0,17.0,5.0,6.0,10.0,13.0,23.0,7.0,4.0,,,,,,,,,,
9576389,2021-2022,2,1629745200,finished,West Ham United,Leicester City,37,31,4.0,1.0,London Stadium,Michael Oliver,,51.0,49.0,3.0,1.0,19.0,5.0,0.0,3.0,10.0,0.0,8.0,8.0,502.0,508.0,15.0,13.0,8.0,8.0,0.0,1.0,0.0,1.0,7.0,1.0,0.0,0.0,10.0,2.0,2.0,2.0,15.0,4.0,4.0,1.0,2.0,1.0,1.0,0.0,,,3.0,0.0,2.0,0.0,431.0,427.0,23.0,15.0,59.0,38.0,31.0,16.0,12.0,0.0,60.0,40.0,11.0,8.0,33.0,26.0,21.0,10.0,10.0,5.0,11.0,7.0,5.0,14.0,7.0,25.0,3.0,11.0,,,,,,,,,,
9576260,2021-2022,3,1630150200,finished,Manchester City,Arsenal,17,42,5.0,0.0,Etihad Stadium,Martin Atkinson,52276.0,80.0,20.0,7.0,0.0,25.0,1.0,0.0,5.0,14.0,0.0,5.0,7.0,757.0,185.0,14.0,9.0,7.0,5.0,1.0,2.0,0.0,1.0,10.0,0.0,0.0,0.0,5.0,1.0,10.0,0.0,17.0,1.0,8.0,0.0,4.0,0.0,3.0,0.0,5.0,0.0,3.0,0.0,1.0,3.0,693.0,125.0,23.0,12.0,71.0,34.0,17.0,16.0,7.0,1.0,62.0,38.0,2.0,8.0,28.0,16.0,13.0,9.0,7.0,2.0,10.0,6.0,4.0,12.0,3.0,31.0,4.0,11.0,,,,,,,,,,
9576383,2021-2022,3,1630159200,finished,Newcastle United,Southampton,39,45,2.0,2.0,St James' Park,Paul Tierney,44017.0,36.0,64.0,2.0,4.0,10.0,22.0,4.0,2.0,4.0,4.0,11.0,6.0,293.0,525.0,31.0,15.0,5.0,10.0,3.0,3.0,,,5.0,6.0,0.0,0.0,5.0,7.0,0.0,9.0,7.0,12.0,3.0,10.0,2.0,2.0,0.0,2.0,1.0,3.0,1.0,3.0,5.0,0.0,203.0,451.0,12.0,19.0,41.0,58.0,28.0,13.0,4.0,3.0,53.0,47.0,12.0,19.0,46.0,40.0,16.0,14.0,10.0,15.0,18.0,10.0,5.0,2.0,15.0,10.0,13.0,7.0,,,,,,,,,,
9576152,2021-2022,3,1630159200,finished,Aston Villa,Brentford,40,50,1.0,1.0,Villa Park,Peter Bankes,42045.0,47.0,53.0,1.0,2.0,7.0,9.0,1.0,4.0,3.0,2.0,15.0,14.0,364.0,435.0,13.0,16.0,13.0,14.0,3.0,3.0,,,5.0,2.0,0.0,0.0,2.0,2.0,0.0,5.0,5.0,7.0,2.0,2.0,0.0,1.0,1.0,1.0,0.0,2.0,3.0,1.0,1.0,2.0,269.0,334.0,17.0,21.0,55.0,57.0,23.0,29.0,5.0,1.0,51.0,49.0,12.0,6.0,36.0,35.0,21.0,20.0,10.0,5.0,6.0,12.0,4.0,6.0,15.0,21.0,7.0,4.0,,,,,,,,,,
9576386,2021-2022,3,1630159200,finished,West Ham United,Crystal Palace,37,7,2.0,2.0,London Stadium,Stuart Attwell,59751.0,46.0,54.0,2.0,3.0,14.0,9.0,0.0,2.0,5.0,3.0,10.0,7.0,378.0,462.0,16.0,13.0,5.0,10.0,1.0,0.0,,,4.0,2.0,0.0,0.0,3.0,3.0,7.0,4.0,11.0,6.0,3.0,3.0,2.0,2.0,0.0,1.0,2.0,0.0,2.0,2.0,1.0,2.0,295.0,380.0,32.0,18.0,64.0,39.0,19.0,29.0,8.0,6.0,41.0,59.0,8.0,10.0,32.0,38.0,15.0,29.0,11.0,15.0,5.0,8.0,15.0,15.0,13.0,32.0,6.0,9.0,,,,,,,,,,
9576147,2021-2022,3,1630159200,finished,Brighton & Hove Albion,Everton,30,48,0.0,2.0,American Express Stadium,Jonathan Moss,30548.0,66.0,34.0,0.0,1.0,14.0,14.0,3.0,3.0,4.0,5.0,7.0,9.0,612.0,315.0,25.0,17.0,8.0,7.0,1.0,2.0,,,3.0,5.0,0.0,0.0,5.0,4.0,6.0,5.0,5.0,8.0,9.0,6.0,0.0,1.0,,,,,2.0,1.0,1.0,0.0,529.0,243.0,18.0,20.0,56.0,40.0,30.0,17.0,4.0,2.0,57.0,43.0,11.0,14.0,44.0,31.0,8.0,9.0,10.0,7.0,16.0,10.0,10.0,15.0,14.0,15.0,6.0,10.0,,,,,,,,,,
