match_id,season,round,timestamp,status,home_team,away_team,home_team_id,away_team_id,home_goals,away_goals,venue,referee,attendance,home_ballPossession,away_ballPossession,home_expectedGoals,away_expectedGoals,home_bigChanceCreated,away_bigChanceCreated,home_totalShotsOnGoal,away_totalShotsOnGoal,home_goalkeeperSaves,away_goalkeeperSaves,home_cornerKicks,away_cornerKicks,home_fouls,away_fouls,home_passes,away_passes,home_totalTackle,away_totalTackle,home_freeKicks,away_freeKicks,home_yellowCards,away_yellowCards,home_shotsOnGoal,away_shotsOnGoal,home_hitWoodwork,away_hitWoodwork,home_shotsOffGoal,away_shotsOffGoal,home_blockedScoringAttempt,away_blockedScoringAttempt,home_totalShotsInsideBox,away_totalShotsInsideBox,home_totalShotsOutsideBox,away_totalShotsOutsideBox,home_bigChanceMissed,away_bigChanceMissed,home_fouledFinalThird,away_fouledFinalThird,home_offsides,away_offsides,home_accuratePasses,away_accuratePasses,home_throwIns,away_throwIns,home_finalThirdEntries,away_finalThirdEntries,home_accurateLongBalls,away_accurateLongBalls,home_accurateCross,away_accurateCross,home_duelWonPercent,away_duelWonPercent,home_dispossessed,away_dispossessed,home_groundDuelsPercentage,away_groundDuelsPercentage,home_aerialDuelsPercentage,away_aerialDuelsPercentage,home_dribblesPercentage,away_dribblesPercentage,home_wonTacklePercent,away_wonTacklePercent,home_interceptionWon,away_interceptionWon,home_ballRecovery,away_ballRecovery,home_totalClearance,away_totalClearance,home_goalsPrevented,away_goalsPrevented,home_goalKicks,away_goalKicks,home_bigChanceScored,away_bigChanceScored,home_accurateThroughBall,away_accurateThroughBall,home_touchesInOppBox,away_touchesInOppBox,home_finalThirdPhaseStatistic,away_finalThirdPhaseStatistic,home_diveSaves,away_diveSaves,home_highClaims,away_highClaims,home_redCards,away_redCards,home_errorsLeadToShot,away_errorsLeadToShot,home_punches,away_punches,home_errorsLeadToGoal,away_errorsLeadToGoal
11352485,23/24,36,1714831200,finished,Brentford,Fulham,50,43,0,0,Brentford Community Stadium,Graham Scott,17090.0,54,46,0.63,1.28,2.0,1.0,7,15,3.0,2.0,7,6,3,6,502,425,11,19,6,3,1.0,1.0,3,3,1,1,2,6,2,6,7,10,0,5,2.0,1.0,2.0,0.0,1.0,0.0,405,320,19,19,65,53,27,18,5,5,51,49,13,9,27,28,17,15,10,6,4,12,16,7,62,60,24,33,0.24,0.5772,11,10,,,,,,,,,,,,,,,,,,,,
11352491,23/24,36,1714831200,finished,Burnley,Newcastle United,6,39,1,4,Turf Moor,Anthony Taylor,21781.0,47,53,1.04,3.54,2.0,6.0,17,23,7.0,4.0,4,11,8,8,425,478,19,29,6,8,2.0,2.0,5,11,0,0,7,5,5,7,9,15,8,8,2.0,4.0,1.0,3.0,,,328,382,16,17,58,56,27,19,5,5,47,53,14,9,31,43,15,9,6,6,9,16,12,10,63,60,25,9,1.1446,-0.2825,6,11,0.0,2.0,,,,,,,,,,,,,,,,,,
11352507,23/24,36,1714840200,finished,Manchester City,Wolverhampton,17,3,5,1,Etihad Stadium,Craig Pawson,62817.0,58,42,3.74,0.35,6.0,1.0,20,2,0.0,7.0,6,0,4,17,616,454,13,20,17,4,0.0,4.0,12,1,0,0,5,0,3,1,17,2,3,0,3.0,0.0,7.0,1.0,2.0,2.0,558,384,14,9,58,23,17,16,6,1,59,41,15,6,43,34,9,2,13,11,6,14,5,7,47,44,4,11,-0.7262,0.1254,2,7,3.0,1.0,1.0,0.0,57.0,5.0,150.0,31.0,0.0,1.0,2.0,0.0,,,,,,,,
11352488,23/24,36,1714914000,finished,Brighton & Hove Albion,Aston Villa,30,40,1,0,American Express Stadium,Robert Jones,31596.0,53,47,2.53,0.05,6.0,0.0,15,2,1.0,7.0,7,3,13,10,490,443,17,18,8,13,2.0,1.0,8,1,0,0,3,1,4,0,11,1,4,1,5.0,0.0,3.0,0.0,4.0,1.0,423,383,14,17,35,39,12,11,5,0,49,51,13,8,35,36,7,7,10,5,12,14,9,9,39,33,16,14,0.6697,2.293,4,8,1.0,0.0,4.0,0.0,,,,,,,,,,,,,,,,
11352494,23/24,36,1714914000,finished,Chelsea,West Ham United,38,37,5,0,Stamford Bridge,Andy Madley,39295.0,69,31,4.22,0.88,6.0,2.0,25,13,2.0,9.0,8,6,12,10,741,312,18,15,9,12,1.0,3.0,14,2,1,3,4,8,7,3,19,8,6,5,2.0,2.0,2.0,3.0,1.0,0.0,692,255,8,18,54,40,19,18,6,4,49,51,9,9,41,45,7,5,14,18,13,8,8,7,37,36,26,21,0.6241,-0.4291,6,2,4.0,0.0,2.0,2.0,,,,,,,,,,,,,,,,
11352500,23/24,36,1714923000,finished,Liverpool,Tottenham Hotspur,44,33,4,2,Anfield,Paul Tierney,60075.0,44,56,3.37,1.24,4.0,3.0,25,11,4.0,8.0,8,3,14,12,430,567,26,14,12,12,1.0,4.0,13,6,0,0,8,3,4,2,19,5,6,6,2.0,1.0,0.0,4.0,7.0,2.0,359,487,15,20,47,46,32,25,8,4,58,42,8,11,45,34,8,4,7,8,14,9,11,7,68,49,13,22,-0.0823,-0.6409,6,9,2.0,2.0,1.0,0.0,,,,,,,,,,,,,,,,
12226495,23/24,36,1715022000,finished,Crystal Palace,Manchester United,7,35,4,0,Selhurst Park,Jarred Gillett,25190.0,43,57,1.75,0.35,2.0,0.0,18,7,2.0,6.0,6,2,12,8,439,610,20,25,8,12,1.0,1.0,10,2,1,0,3,2,5,3,14,5,4,2,,,4.0,4.0,2.0,1.0,358,516,21,17,49,52,25,15,6,5,49,51,9,10,41,41,7,8,14,4,11,18,11,8,63,62,8,18,0.3749,-2.2886,6,4,2.0,0.0,0.0,1.0,,,,,,,,,,,,,,,,
11352529,23/24,37,1715427000,finished,Fulham,Manchester City,43,17,0,4,Craven Cottage,Anthony Taylor,24418.0,36,64,0.12,3.25,0.0,5.0,1,16,5.0,1.0,1,7,9,6,420,769,23,7,5,8,3.0,0.0,1,9,0,0,0,4,0,3,1,12,0,4,0.0,2.0,0.0,1.0,,,352,707,17,10,32,57,23,30,1,4,60,40,6,12,35,19,5,8,7,4,6,5,6,7,38,46,17,10,-0.8397,0.6372,9,3,0.0,3.0,0.0,1.0,,,,,,,,,1.0,0.0,,,,,,
11352519,23/24,37,1715436000,finished,Bournemouth,Brentford,60,50,1,2,Vitality Stadium,Matt Donohue,11154.0,48,52,0.67,1.08,0.0,4.0,13,11,2.0,3.0,3,8,16,12,367,388,14,17,12,14,2.0,2.0,4,5,0,0,7,2,2,4,8,8,5,3,0.0,2.0,0.0,4.0,1.0,0.0,270,294,23,16,63,49,19,27,3,2,46,54,11,7,34,40,18,20,9,9,9,7,7,9,62,64,18,15,-0.3656,-0.3749,5,10,0.0,2.0,0.0,2.0,,,,,,,,,,,,,,,,
11352527,23/24,37,1715436000,finished,Everton,Sheffield United,48,15,1,0,Goodison Park,Stuart Attwell,39221.0,58,42,2.35,0.6,2.0,0.0,15,13,1.0,6.0,3,6,6,11,500,362,26,17,11,6,1.0,2.0,6,1,0,0,6,6,3,6,9,7,6,6,1.0,0.0,2.0,0.0,3.0,0.0,420,284,24,19,79,53,38,24,2,3,60,40,8,12,40,26,14,10,4,3,13,10,9,6,51,49,19,25,0.015,1.0094,9,12,1.0,0.0,2.0,0.0,,,,,,,,,,,,,,,,
11352516,23/24,37,1715436000,finished,Wolverhampton,Crystal Palace,3,7,1,3,Molineux Stadium,Thomas Bramall,31424.0,62,38,1.57,2.7,1.0,3.0,14,13,0.0,7.0,8,3,13,12,545,345,22,24,11,13,3.0,4.0,8,3,1,1,3,6,3,4,11,9,3,4,1.0,2.0,4.0,1.0,3.0,5.0,451,253,26,16,66,44,26,14,9,4,46,54,14,10,41,44,15,21,9,8,12,18,9,6,52,61,8,25,-1.3517,-0.1848,9,7,0.0,1.0,0.0,2.0,,,,,,,,,0.0,1.0,,,,,,
11352513,23/24,37,1715436000,finished,West Ham United,Luton Town,37,72,3,1,London Stadium,Michael Oliver,62475.0,58,42,3.17,0.32,5.0,1.0,24,4,0.0,5.0,7,6,9,15,459,320,18,19,15,9,1.0,3.0,8,1,2,0,9,1,7,2,14,4,10,0,4.0,0.0,3.0,2.0,2.0,0.0,382,248,26,17,45,49,34,21,4,2,54,46,10,11,41,37,26,19,8,9,13,14,8,9,46,44,21,33,-0.4196,0.1007,4,9,1.0,1.0,2.0,0.0,38.0,23.0,92.0,49.0,,,2.0,0.0,,,0.0,2.0,1.0,0.0,,
11352536,23/24,37,1715436000,finished,Newcastle United,Brighton & Hove Albion,39,30,1,1,St James' Park,Darren England,51997.0,56,44,2.22,1.37,4.0,3.0,18,15,3.0,7.0,8,4,9,16,567,452,8,22,14,8,3.0,4.0,7,4,0,0,5,4,6,7,12,10,6,5,3.0,2.0,1.0,1.0,3.0,1.0,485,378,22,11,65,42,13,16,8,4,54,46,15,4,36,37,13,5,14,7,6,14,9,6,48,49,11,27,0.556,0.3108,6,10,1.0,1.0,0.0,1.0,,,,,,,,,,,,,,,,
11352542,23/24,37,1715436000,finished,Tottenham Hotspur,Burnley,33,6,2,1,Tottenham Hotspur Stadium,Jarred Gillett,61148.0,63,37,2.72,0.67,5.0,2.0,21,7,2.0,7.0,9,3,10,14,547,318,12,20,14,9,3.0,5.0,9,3,0,0,6,2,6,2,16,6,5,1,5.0,1.0,2.0,3.0,1.0,3.0,482,235,19,14,54,35,8,26,7,4,49,51,14,7,33,34,9,10,7,5,9,12,8,8,58,57,9,20,-0.642,0.0409,5,13,0.0,1.0,,,,,,,,,,,,,,,,,,
11352539,23/24,37,1715445000,finished,Nottingham Forest,Chelsea,14,38,2,3,City Ground,Tony Harrington,29708.0,32,68,1.55,1.62,5.0,5.0,20,12,2.0,2.0,5,6,14,8,280,623,31,9,8,14,2.0,3.0,4,5,3,1,11,4,5,3,12,10,8,2,4.0,3.0,2.0,4.0,3.0,1.0,223,568,17,17,46,62,17,16,4,4,53,47,7,16,44,36,16,18,5,14,18,6,3,7,59,48,33,27,-0.7532,-0.9964,2,9,1.0,2.0,0.0,4.0,33.0,26.0,74.0,126.0,,,1.0,4.0,,,1.0,1.0,,,1.0,0.0
11352532,23/24,37,1715527800,finished,Manchester United,Arsenal,35,42,0,1,Old Trafford,Paul Tierney,73600.0,54,46,0.51,1.52,0.0,1.0,14,11,5.0,2.0,4,7,5,6,515,434,17,26,6,5,0.0,2.0,2,5,0,0,6,3,6,3,4,7,10,4,,,1.0,0.0,2.0,0.0,442,359,16,18,61,40,13,16,1,3,53,47,18,6,41,37,13,11,18,7,12,11,5,8,49,43,17,17,0.2427,0.1279,7,9,0.0,1.0,0.0,2.0,,,,,,,,,,,,,,,,
11352523,23/24,37,1715626800,finished,Aston Villa,Liverpool,40,44,3,3,Villa Park,Simon Hooper,42241.0,41,59,3.17,1.75,2.0,2.0,19,14,5.0,2.0,5,4,11,15,395,577,13,21,15,11,1.0,1.0,5,7,0,0,7,4,7,3,16,9,3,5,2.0,0.0,3.0,1.0,2.0,6.0,337,510,16,19,39,56,15,20,4,5,55,45,11,12,45,40,9,5,17,8,7,13,5,7,52,50,17,17,-0.8041,-2.2714,4,6,0.0,2.0,4.0,1.0,40.0,26.0,70.0,97.0,1.0,1.0,3.0,0.0,,,0.0,2.0,,,1.0,1.0
12240634,23/24,34,1715713200,finished,Tottenham Hotspur,Manchester City,33,17,0,2,Tottenham Hotspur Stadium,Chris Kavanagh,61065.0,53,47,1.66,2.4,4.0,4.0,10,8,3.0,6.0,7,4,14,11,611,533,23,20,11,14,3.0,3.0,5,5,0,0,3,2,2,1,8,6,2,2,4.0,2.0,0.0,3.0,2.0,2.0,541,476,19,16,45,47,17,37,2,2,51,49,10,14,42,41,5,4,8,7,13,12,11,11,47,43,12,12,0.7192,1.8862,6,3,0.0,2.0,,,16.0,23.0,102.0,92.0,2.0,3.0,1.0,0.0,,,2.0,1.0,1.0,0.0,,
12240570,23/24,34,1715798700,finished,Brighton & Hove Albion,Chelsea,30,38,1,2,American Express Stadium,Michael Salisbury,31555.0,55,45,1.27,1.54,2.0,2.0,12,14,4.0,1.0,4,6,13,14,555,474,17,14,14,13,2.0,2.0,2,6,2,0,7,4,3,4,8,7,4,7,1.0,1.0,1.0,4.0,1.0,1.0,503,430,15,6,58,35,16,10,12,3,55,45,4,6,39,34,12,7,8,8,6,9,5,5,51,52,11,33,-1.0265,-0.0747,3,7,1.0,1.0,1.0,2.0,,,,,,,,,0.0,1.0,,,,,,
12240571,23/24,34,1715799600,finished,Manchester United,Newcastle United,35,39,3,2,Old Trafford,Robert Jones,73582.0,44,56,1.48,2.19,2.0,5.0,17,21,5.0,5.0,9,9,16,7,361,436,17,13,6,14,3.0,3.0,8,8,0,2,5,8,4,5,14,16,3,5,1.0,4.0,2.0,3.0,1.0,2.0,283,365,14,14,48,43,25,24,4,13,45,55,6,11,28,38,15,14,5,11,8,7,14,4,47,45,30,26,-0.6881,-1.256,9,7,1.0,1.0,1.0,1.0,34.0,44.0,80.0,96.0,0.0,1.0,3.0,0.0,,,,,0.0,1.0,,
11352555,23/24,38,1716130800,finished,Burnley,Nottingham Forest,6,14,1,2,Turf Moor,Graham Scott,21109.0,73,27,1.21,1.78,1.0,2.0,20,12,4.0,3.0,4,3,11,5,658,246,8,14,4,11,1.0,0.0,3,6,0,0,10,4,7,2,10,8,10,4,1.0,0.0,3.0,3.0,0.0,2.0,591,176,17,12,80,27,22,21,2,2,42,58,2,3,20,25,11,17,8,2,7,11,9,16,48,46,10,31,0.0717,-0.6906,5,11,0.0,2.0,0.0,1.0,32.0,18.0,223.0,35.0,2.0,0.0,1.0,1.0,,,,,1.0,0.0,,
11352568,23/24,38,1716130800,finished,Luton Town,Fulham,72,43,2,4,Kenilworth Road,Matt Donohue,12027.0,40,60,2.1,1.09,3.0,2.0,15,16,4.0,4.0,4,4,15,20,304,460,9,20,20,14,5.0,4.0,6,8,0,1,4,6,5,2,9,8,6,8,2.0,1.0,7.0,4.0,8.0,1.0,246,391,12,15,47,40,22,23,5,5,50,50,9,3,34,39,11,6,5,5,4,9,5,4,39,40,8,16,-2.158,0.689,8,7,1.0,1.0,,,22.0,22.0,45.0,90.0,,,,,,,,,0.0,1.0,,
11352562,23/24,38,1716130800,finished,Crystal Palace,Aston Villa,7,40,5,0,Selhurst Park,Darren Bond,25191.0,54,46,2.54,1.02,4.0,2.0,15,8,2.0,4.0,2,4,10,8,552,463,17,10,8,10,1.0,4.0,9,2,0,0,3,6,3,0,10,7,5,1,1.0,2.0,1.0,1.0,3.0,1.0,495,401,11,17,65,27,23,21,2,3,54,46,5,13,31,25,9,9,6,5,13,2,3,2,50,40,12,13,1.2371,-1.1298,4,7,3.0,0.0,1.0,1.0,33.0,11.0,136.0,36.0,1.0,1.0,0.0,2.0,,,,,1.0,0.0,,
11352549,23/24,38,1716130800,finished,Brentford,Newcastle United,50,39,2,4,Brentford Community Stadium,Simon Hooper,17124.0,54,46,1.13,3.43,3.0,7.0,10,12,3.0,3.0,3,0,15,11,471,412,14,14,11,13,4.0,4.0,5,7,0,0,4,3,1,2,7,8,3,4,2.0,3.0,2.0,5.0,2.0,1.0,395,328,20,22,46,37,22,15,4,2,48,52,3,6,31,40,9,4,6,13,9,10,5,8,59,62,14,13,-0.2692,-0.3021,8,10,1.0,4.0,0.0,1.0,13.0,29.0,85.0,112.0,,,0.0,3.0,,,1.0,1.0,,,2.0,0.0
11352574,23/24,38,1716130800,finished,Sheffield United,Tottenham Hotspur,15,33,0,3,Bramall Lane,Andy Madley,29000.0,24,76,0.98,3.16,1.0,3.0,6,18,6.0,1.0,2,6,11,9,218,697,14,12,7,11,2.0,0.0,1,9,1,1,3,3,2,6,3,14,3,4,1.0,3.0,1.0,1.0,6.0,0.0,159,632,19,24,36,56,16,24,2,2,46,54,7,7,23,26,9,11,2,3,4,9,9,8,33,40,24,12,-0.632,0.3007,6,3,,,0.0,3.0,8.0,42.0,41.0,139.0,2.0,0.0,2.0,0.0,,,,,,,,
11352558,23/24,38,1716130800,finished,Chelsea,Bournemouth,38,60,2,1,Stamford Bridge,Anthony Taylor,39724.0,61,39,1.14,2.22,1.0,2.0,16,22,5.0,4.0,6,5,5,9,533,320,25,22,8,5,2.0,3.0,6,5,0,1,4,13,6,4,11,14,5,8,1.0,2.0,2.0,2.0,0.0,1.0,457,261,17,19,56,43,40,25,4,6,56,44,10,10,51,34,12,15,18,8,14,16,9,12,51,56,19,17,-0.4193,-0.3686,14,5,,,1.0,2.0,36.0,37.0,91.0,88.0,1.0,3.0,,,,,0.0,1.0,,,0.0,1.0
11352546,23/24,38,1716130800,finished,Arsenal,Everton,42,48,2,1,Emirates Stadium,Michael Oliver,60312.0,69,31,3.01,0.61,6.0,1.0,26,5,1.0,4.0,8,1,8,11,653,300,7,17,10,8,4.0,3.0,5,2,2,1,11,2,10,1,21,3,5,2,5.0,1.0,3.0,2.0,1.0,4.0,583,215,16,19,74,34,18,20,10,1,41,59,14,5,22,35,12,13,5,10,6,11,8,5,48,47,5,27,-0.4043,0.3782,2,10,1.0,0.0,,,65.0,7.0,249.0,43.0,,,,,,,0.0,1.0,0.0,1.0,0.0,1.0
11352565,23/24,38,1716130800,finished,Liverpool,Wolverhampton,44,3,2,0,Anfield,Chris Kavanagh,60059.0,67,33,4.74,0.5,7.0,1.0,36,4,2.0,11.0,10,2,14,10,621,303,22,23,10,14,1.0,1.0,14,3,1,0,12,0,10,1,27,3,9,1,5.0,1.0,1.0,2.0,3.0,2.0,568,231,14,17,76,38,24,17,11,0,48,52,9,11,37,52,14,4,5,15,13,11,8,3,55,48,6,24,0.761,3.4195,4,13,2.0,0.0,,,71.0,13.0,251.0,39.0,2.0,3.0,0.0,3.0,0.0,1.0,0.0,1.0,,,,
11352552,23/24,38,1716130800,finished,Brighton & Hove Albion,Manchester United,30,35,0,2,American Express Stadium,Craig Pawson,31662.0,55,45,1.88,1.29,3.0,1.0,17,11,2.0,2.0,7,5,10,9,548,462,22,21,9,10,1.0,3.0,3,4,0,0,5,2,9,5,13,8,4,3,3.0,0.0,5.0,0.0,0.0,1.0,495,399,12,9,54,46,19,23,5,0,44,56,9,16,34,45,5,5,3,14,11,14,6,7,49,49,10,14,-0.9294,0.7561,4,10,0.0,1.0,0.0,1.0,36.0,19.0,110.0,67.0,,,,,,,,,,,,
11352571,23/24,38,1716130800,finished,Manchester City,West Ham United,17,37,3,1,Etihad Stadium,John Brooks,53400.0,71,29,2.04,0.36,1.0,0.0,28,3,1.0,9.0,11,2,3,12,782,307,19,14,10,3,0.0,1.0,12,2,0,0,9,1,7,0,17,3,11,0,1.0,0.0,5.0,0.0,3.0,0.0,730,246,15,13,67,28,20,16,4,2,60,40,7,15,37,24,8,6,8,7,5,9,6,4,42,32,4,18,-0.697,-1.0383,0,11,,,,,54.0,7.0,309.0,18.0,1.0,4.0,0.0,1.0,,,,,0.0,1.0,,
11352403,23/24,33,1713099600,finished,Liverpool,Crystal Palace,44,7,0,1,Anfield,Chris Kavanagh,60090.0,70,30,2.81,1.98,4.0,3.0,21,8,3.0,5.0,11,1,10,10,725,324,26,27,9,10,1.0,1.0,6,5,1,0,10,1,5,2,18,7,3,1,4.0,2.0,2.0,0.0,2.0,5.0,608,223,21,23,90,50,27,18,19,4,51,49,18,14,43,48,20,12,8,11,17,11,5,9,65,59,11,45,0.17,0.5017,2,11,0.0,1.0,2.0,2.0,,,,,,,,,,,,,,,,
11352390,23/24,33,1713108600,finished,Arsenal,Aston Villa,42,40,0,2,Emirates Stadium,David Coote,60350.0,52,48,1.64,0.94,2.0,3.0,18,11,0.0,4.0,4,6,12,7,450,425,21,18,6,12,3.0,1.0,4,2,0,2,8,4,6,5,11,6,7,5,2.0,1.0,1.0,2.0,5.0,1.0,390,351,17,14,61,42,9,19,4,1,49,51,8,10,32,39,12,7,5,10,14,7,5,9,54,50,15,14,-1.0251,1.9825,4,14,0.0,2.0,4.0,1.0,,,,,,,,,,,,,,,,
11352401,23/24,33,1713207600,finished,Chelsea,Everton,38,48,6,0,Stamford Bridge,Paul Tierney,39392.0,59,41,3.08,1.48,6.0,1.0,14,10,2.0,4.0,4,8,5,21,611,399,10,17,21,5,1.0,4.0,10,2,0,0,3,6,1,2,9,8,5,2,2.0,1.0,4.0,1.0,0.0,4.0,535,310,15,21,26,48,17,20,2,6,59,41,8,5,50,30,13,13,19,8,5,9,9,4,53,51,24,6,0.0827,-1.3731,8,4,4.0,0.0,1.0,1.0,25.0,23.0,72.0,81.0,,,,,,,1.0,0.0,1.0,0.0,0.0,1.0
11352441,23/24,34,1713621600,finished,Sheffield United,Burnley,15,6,1,4,Bramall Lane,Andy Madley,28964.0,49,51,2.43,2.18,2.0,3.0,18,16,5.0,10.0,11,2,10,9,461,503,18,18,9,10,1.0,0.0,11,9,0,1,4,5,3,2,14,14,4,2,2.0,2.0,1.0,0.0,2.0,1.0,360,416,20,18,60,65,30,21,4,6,53,47,12,8,34,31,16,13,8,4,9,8,7,4,65,58,13,32,-0.099,1.9307,5,4,0.0,1.0,0.0,1.0,,,,,,,,,,,,,,,,
11352434,23/24,34,1713621600,finished,Luton Town,Brentford,72,50,1,5,Kenilworth Road,Jarred Gillett,11877.0,53,47,0.59,3.14,1.0,6.0,6,21,4.0,2.0,4,9,13,10,391,345,19,25,8,13,1.0,2.0,3,9,0,1,1,10,2,2,5,13,1,8,0.0,2.0,2.0,2.0,,,298,260,24,17,52,47,23,26,2,10,47,53,16,11,40,46,16,18,13,8,9,16,7,9,45,57,34,28,0.0573,-0.0774,14,6,1.0,4.0,0.0,2.0,,,,,,,,,,,,,,,,
11352448,23/24,34,1713637800,finished,Wolverhampton,Arsenal,3,42,0,2,Molineux Stadium,Paul Tierney,31621.0,46,54,0.17,1.18,0.0,1.0,5,24,7.0,3.0,1,2,14,9,465,537,23,11,9,14,3.0,2.0,3,9,1,0,2,6,0,9,2,14,3,10,0.0,1.0,1.0,4.0,1.0,2.0,381,469,8,23,32,54,21,24,0,3,47,53,7,16,35,28,11,24,4,5,15,7,1,7,50,50,23,7,-0.4702,0.2567,11,5,,,,,,,,,,,,,,,,,,,,
11352429,23/24,34,1713702600,finished,Everton,Nottingham Forest,48,14,2,0,Goodison Park,Anthony Taylor,39239.0,40,60,0.34,0.95,1.0,2.0,7,8,3.0,2.0,6,4,15,9,375,573,20,13,9,15,4.0,2.0,4,3,0,0,2,2,1,3,3,7,4,1,1.0,2.0,2.0,0.0,0.0,1.0,282,473,22,23,63,64,17,30,3,5,53,47,9,14,33,30,19,16,5,3,9,7,9,10,71,57,25,16,0.7181,-1.096,3,8,,,,,,,,,,,,,,,,,,,,
11352425,23/24,34,1713708000,finished,Crystal Palace,West Ham United,7,37,5,2,Selhurst Park,Graham Scott,25145.0,61,39,2.36,1.27,7.0,2.0,18,4,0.0,3.0,4,0,9,9,650,417,39,26,8,8,3.0,2.0,7,1,0,0,9,2,2,1,13,3,5,1,3.0,1.0,3.0,2.0,0.0,5.0,555,336,24,29,38,53,22,22,2,3,58,42,13,22,59,41,13,11,12,7,23,18,10,12,61,62,8,15,-1.4187,-1.6375,4,9,4.0,1.0,,,,,,,,,,,,,,,,,,
11352420,23/24,34,1713708000,finished,Aston Villa,Bournemouth,40,60,3,1,Villa Park,Tim Robinson,42189.0,56,44,2.51,1.77,4.0,4.0,15,14,4.0,2.0,8,4,8,14,482,368,12,12,14,7,1.0,3.0,5,6,0,0,6,5,4,3,10,10,5,4,2.0,3.0,1.0,1.0,2.0,3.0,407,305,16,9,71,50,27,28,1,4,54,46,5,5,32,27,6,6,6,8,6,8,2,10,54,53,10,23,0.5697,-0.7049,8,8,2.0,1.0,2.0,0.0,37.0,22.0,121.0,68.0,1.0,0.0,2.0,0.0,,,,,0.0,3.0,,
11352432,23/24,34,1713713400,finished,Fulham,Liverpool,43,44,1,3,Craven Cottage,Craig Pawson,24401.0,40,60,0.8,1.0,1.0,1.0,12,14,4.0,4.0,1,4,5,11,425,656,12,12,10,5,3.0,0.0,5,7,1,0,5,4,2,3,8,7,4,7,1.0,1.0,3.0,2.0,1.0,3.0,331,566,17,19,42,57,13,25,5,1,50,50,5,5,31,28,11,14,9,11,6,6,7,10,64,64,16,13,-0.9093,0.1146,7,8,,,,,,,,,,,,,,,,,,,,
12190322,23/24,29,1713898800,finished,Arsenal,Chelsea,42,38,5,0,Emirates Stadium,Simon Hooper,60238.0,44,56,3.42,1.68,4.0,3.0,27,7,1.0,6.0,4,2,12,11,497,630,22,13,10,12,2.0,2.0,10,1,0,1,7,4,10,2,19,6,8,1,2.0,3.0,1.0,2.0,3.0,0.0,439,557,12,6,56,45,19,15,4,2,53,47,7,15,38,32,12,12,6,8,16,5,16,7,69,56,13,15,0.0216,-1.7628,4,9,2.0,0.0,5.0,0.0,,,,,,,,,,,,,,,,
12190332,23/24,29,1713984300,finished,Wolverhampton,Bournemouth,3,60,0,1,Molineux Stadium,Stuart Attwell,25541.0,63,37,0.56,1.96,0.0,3.0,15,21,5.0,4.0,8,12,10,17,535,304,17,22,17,9,4.0,1.0,4,6,0,1,4,7,7,8,6,13,9,8,0.0,2.0,2.0,3.0,2.0,1.0,435,224,25,15,52,48,20,18,4,4,51,49,19,11,44,43,23,22,10,13,10,15,4,11,48,56,21,25,0.6983,0.5474,9,5,0.0,1.0,2.0,0.0,,,,,,,,,0.0,1.0,,,,,,
12190340,23/24,29,1713985200,finished,Crystal Palace,Newcastle United,7,39,2,0,Selhurst Park,Thomas Bramall,25002.0,47,53,0.89,0.36,2.0,1.0,20,7,2.0,5.0,7,2,10,15,441,503,26,27,15,10,3.0,3.0,7,2,0,0,6,2,7,3,9,6,11,1,0.0,1.0,4.0,0.0,5.0,2.0,336,387,24,20,66,43,18,12,7,3,52,48,13,13,51,47,14,13,10,10,17,18,7,8,64,60,17,15,0.1637,-0.4898,5,11,2.0,0.0,0.0,1.0,,,,,,,,,,,,,,,,
12190336,23/24,29,1713985200,finished,Manchester United,Sheffield United,35,15,4,2,Old Trafford,Michael Salisbury,73549.0,72,28,2.94,0.82,5.0,2.0,25,10,2.0,9.0,8,4,7,9,730,292,17,22,8,7,0.0,1.0,13,4,0,0,6,3,6,3,18,6,7,4,3.0,0.0,4.0,1.0,3.0,2.0,654,217,20,18,58,45,30,18,6,1,49,51,15,8,33,37,13,11,8,8,9,8,4,13,41,41,5,24,0.2252,-0.0494,6,9,2.0,2.0,2.0,0.0,,,,,,,,,,,,,,,,
12190339,23/24,29,1713985200,finished,Everton,Liverpool,48,44,2,0,Goodison Park,Andy Madley,38222.0,24,76,1.26,2.08,6.0,3.0,16,23,7.0,4.0,4,13,6,13,227,717,12,14,13,6,0.0,3.0,6,7,0,1,6,5,4,11,14,15,2,8,4.0,3.0,3.0,0.0,4.0,1.0,141,634,15,18,49,97,21,33,6,8,57,43,9,9,35,26,19,15,11,6,10,7,14,5,67,60,44,8,1.2524,-0.4703,7,5,2.0,0.0,0.0,2.0,,,,,,,,,,,,,,,,
12190341,23/24,29,1714071600,finished,Brighton & Hove Albion,Manchester City,30,17,0,4,American Express Stadium,Jarred Gillett,31596.0,35,65,0.62,1.36,1.0,3.0,7,14,2.0,3.0,4,4,10,3,421,786,15,11,3,10,2.0,0.0,3,6,0,0,3,4,1,4,5,10,2,4,1.0,1.0,0.0,3.0,5.0,1.0,376,734,9,14,28,59,15,23,4,3,50,50,8,9,25,25,2,2,7,4,6,8,10,5,40,40,14,7,-2.1219,0.3566,6,6,0.0,2.0,1.0,0.0,,,,,,,,,,,,,,,,
11352476,23/24,35,1714217400,finished,West Ham United,Liverpool,37,44,2,2,London Stadium,Anthony Taylor,62474.0,29,71,0.7,1.75,1.0,2.0,11,28,7.0,6.0,4,8,8,10,267,675,21,18,10,8,0.0,2.0,8,8,0,2,2,14,1,6,8,23,3,5,0.0,2.0,2.0,2.0,1.0,4.0,183,587,15,21,46,68,22,23,3,8,50,50,11,14,40,38,20,21,9,12,9,15,11,6,50,55,35,19,-1.1018,0.7097,14,3,1.0,0.0,0.0,2.0,,,,,,,,,,,,,,,,
11352479,23/24,35,1714226400,finished,Wolverhampton,Luton Town,3,72,2,1,Molineux Stadium,David Coote,31531.0,58,42,1.21,0.59,3.0,1.0,13,9,5.0,3.0,4,4,14,14,613,433,22,28,14,14,3.0,1.0,5,6,0,0,4,2,4,1,6,6,7,3,2.0,1.0,0.0,1.0,2.0,0.0,535,362,25,22,53,50,29,16,3,6,47,53,18,18,46,52,10,11,10,10,10,15,5,7,57,56,17,13,-0.0364,-1.1443,6,5,1.0,0.0,1.0,0.0,16.0,18.0,57.0,84.0,1.0,0.0,1.0,0.0,,,0.0,1.0,,,,
11352460,23/24,35,1714226400,finished,Fulham,Crystal Palace,43,7,1,1,Craven Cottage,Stuart Attwell,24142.0,54,46,1.14,1.01,3.0,2.0,9,14,3.0,1.0,5,9,11,15,530,446,24,20,13,10,0.0,2.0,2,4,0,0,6,8,1,2,7,6,2,8,2.0,2.0,2.0,3.0,1.0,1.0,417,363,12,20,44,53,23,30,3,2,45,55,13,11,38,42,15,24,1,12,17,13,8,12,72,70,21,22,-0.0119,0.1302,13,5,1.0,0.0,0.0,1.0,,,,,,,,,,,,,,,,
11352467,23/24,35,1714226400,finished,Newcastle United,Sheffield United,39,15,5,1,St James' Park,Tony Harrington,52196.0,60,40,3.11,1.55,4.0,3.0,20,15,3.0,3.0,4,5,9,10,575,392,19,18,10,9,,,7,5,0,1,4,6,9,4,14,13,6,2,0.0,2.0,3.0,2.0,3.0,0.0,499,318,18,15,65,39,24,22,5,4,52,48,12,11,40,39,11,8,11,12,12,12,10,16,54,51,12,13,-0.7019,-1.3937,4,12,4.0,1.0,1.0,1.0,,,,,,,,,,,,,,,,
11352463,23/24,35,1714226400,finished,Manchester United,Burnley,35,6,1,1,Old Trafford,John Brooks,73571.0,48,52,2.71,2.06,7.0,2.0,27,16,6.0,9.0,6,5,8,11,414,452,14,14,10,8,1.0,3.0,10,7,1,0,8,5,9,4,16,10,11,6,6.0,1.0,0.0,3.0,0.0,2.0,323,355,19,10,58,58,18,31,3,3,52,48,9,7,30,26,13,14,6,6,7,8,10,13,58,60,24,23,1.2175,1.1489,9,14,1.0,1.0,4.0,1.0,,,,,,,,,,,,,,,,
11352457,23/24,35,1714235400,finished,Everton,Brentford,48,50,1,0,Goodison Park,Darren England,39098.0,48,52,0.86,0.88,2.0,1.0,18,10,4.0,0.0,6,6,10,12,416,458,17,17,12,9,1.0,2.0,1,4,2,0,9,2,8,4,10,6,8,4,1.0,1.0,2.0,0.0,4.0,2.0,324,358,20,22,74,54,21,13,6,4,52,48,10,7,34,31,17,16,5,5,12,11,4,10,63,61,26,23,0.9035,-0.5273,8,6,1.0,0.0,,,,,,,,,,,,,,,,,,
11352454,23/24,35,1714244400,finished,Aston Villa,Chelsea,40,38,2,2,Villa Park,Craig Pawson,42354.0,29,71,1.1,1.57,0.0,2.0,9,21,3.0,3.0,2,4,13,14,268,664,10,21,14,13,3.0,5.0,4,5,0,1,5,10,0,6,8,8,1,13,0.0,2.0,2.0,6.0,2.0,4.0,207,608,6,12,25,60,17,19,2,3,41,59,12,3,28,45,11,10,5,11,4,10,1,6,45,53,16,11,-1.3245,-1.573,12,4,,,1.0,2.0,,,,,,,,,,,,,,,,
11352451,23/24,35,1714309200,finished,Bournemouth,Brighton & Hove Albion,60,30,3,0,Vitality Stadium,Paul Tierney,11188.0,30,70,2.11,0.94,3.0,1.0,15,13,1.0,3.0,8,2,14,10,250,607,9,26,9,14,2.0,2.0,6,1,0,0,4,6,5,6,12,9,3,4,2.0,1.0,2.0,2.0,1.0,1.0,185,539,17,21,47,54,26,18,3,6,39,61,7,4,25,49,14,11,7,9,4,14,14,5,58,52,23,18,0.9114,-1.6593,13,4,1.0,0.0,3.0,0.0,,,,,,,,,,,,,,,,
11352472,23/24,35,1714309200,finished,Tottenham Hotspur,Arsenal,33,42,2,3,Tottenham Hotspur Stadium,Michael Oliver,61554.0,62,38,2.42,1.03,4.0,3.0,15,9,1.0,0.0,8,6,12,16,564,344,24,24,14,12,2.0,1.0,2,3,1,0,7,1,6,5,10,8,5,1,3.0,2.0,4.0,4.0,3.0,4.0,505,280,15,6,57,37,14,24,4,3,50,50,16,12,48,45,10,13,11,9,12,14,8,13,47,52,10,25,-1.9441,-0.677,3,9,1.0,1.0,1.0,0.0,,,,,,,,,,,,,,,,
11352470,23/24,35,1714318200,finished,Nottingham Forest,Manchester City,14,17,0,2,City Ground,Simon Hooper,29677.0,33,67,1.93,0.87,3.0,1.0,14,11,3.0,2.0,4,5,8,6,350,733,21,20,6,8,,,2,5,1,0,9,2,3,4,9,6,5,5,3.0,0.0,3.0,3.0,2.0,1.0,285,665,16,16,48,57,23,16,7,2,51,49,13,10,34,31,7,9,8,4,15,13,10,6,60,59,8,12,-0.0904,0.6818,5,9,0.0,1.0,0.0,1.0,,,,,,,,,,,,,,,,
12226774,23/24,26,1714674600,finished,Chelsea,Tottenham Hotspur,38,33,2,0,Stamford Bridge,Robert Jones,39295.0,37,63,2.17,1.65,4.0,2.0,16,19,4.0,2.0,4,9,12,16,357,577,22,16,16,12,0.0,1.0,5,3,1,0,9,7,2,9,11,12,5,7,2.0,2.0,6.0,4.0,1.0,2.0,274,499,14,24,44,66,20,12,1,6,59,41,9,14,52,38,11,6,14,10,8,9,10,10,56,54,27,11,0.6886,-1.2525,12,9,2.0,0.0,,,,,,,,,,,,,,,,,,
11352503,23/24,36,1714762800,finished,Luton Town,Everton,72,48,1,1,Kenilworth Road,Tim Robinson,11873.0,50,50,0.81,1.42,1.0,1.0,18,10,3.0,4.0,7,7,14,12,411,421,18,24,12,14,1.0,3.0,5,3,0,0,8,3,5,4,11,5,7,5,,,3.0,1.0,,,336,335,24,15,62,59,28,34,11,3,50,50,10,7,41,39,19,21,12,2,7,17,6,5,53,49,26,30,0.5952,0.5052,3,14,1.0,1.0,,,,,,,,,,,,,,,,,,
11352482,23/24,36,1714822200,finished,Arsenal,Bournemouth,42,60,3,0,Emirates Stadium,David Coote,60348.0,55,45,3.38,0.46,5.0,1.0,25,7,2.0,6.0,6,1,16,12,459,368,18,14,11,15,2.0,3.0,9,2,0,0,8,3,8,2,21,2,4,5,4.0,1.0,7.0,3.0,5.0,0.0,384,301,16,14,48,46,20,21,5,0,51,49,8,7,42,35,15,20,13,7,8,9,10,10,50,42,12,23,0.3243,-1.023,4,9,1.0,0.0,2.0,0.0,,,,,,,,,,,,,,,,
11352510,23/24,36,1714831200,finished,Sheffield United,Nottingham Forest,15,14,1,3,Bramall Lane,Chris Kavanagh,28516.0,54,46,2.31,1.45,3.0,3.0,17,15,1.0,4.0,5,3,9,7,519,435,12,21,6,9,2.0,1.0,5,4,0,2,7,8,5,3,13,9,4,6,2.0,2.0,3.0,1.0,0.0,1.0,413,339,17,21,51,56,16,27,1,6,44,56,11,7,29,38,15,19,10,8,8,15,6,9,58,56,7,16,-1.9396,0.3117,10,11,1.0,1.0,,,20.0,22.0,110.0,80.0,1.0,2.0,,,1.0,0.0,,,,,,
11352614,23/24,30,1711828800,finished,Brentford,Manchester United,50,35,1,1,Brentford Community Stadium,Simon Hooper,17138.0,47,53,3.29,0.59,6.0,2.0,31,11,4.0,4.0,14,4,7,14,377,450,16,14,14,7,3.0,2.0,5,5,4,0,17,4,9,2,24,3,7,8,5.0,1.0,3.0,1.0,1.0,2.0,263,359,14,15,49,44,33,19,13,3,61,39,8,7,38,26,28,17,8,5,11,7,6,13,61,49,13,44,0.7992,0.9132,7,17,1.0,1.0,2.0,0.0,,,,,,,,,,,,,,,,
11352617,23/24,30,1711890000,finished,Liverpool,Brighton & Hove Albion,44,30,2,1,Anfield,David Coote,60061.0,54,46,2.83,0.45,4.0,0.0,30,9,2.0,6.0,8,4,20,6,585,484,19,28,5,20,5.0,3.0,8,3,0,0,12,4,10,2,20,7,10,2,2.0,0.0,0.0,2.0,5.0,3.0,521,414,15,6,58,35,21,19,3,3,40,60,13,8,33,56,10,8,10,8,10,14,12,9,55,58,14,23,-0.0349,0.4386,7,15,2.0,0.0,1.0,0.0,,,,,,,,,,,,,,,,
11352619,23/24,30,1711899000,finished,Manchester City,Arsenal,17,42,0,0,Etihad Stadium,Anthony Taylor,53422.0,73,27,1.02,0.66,2.0,0.0,12,6,2.0,1.0,7,4,9,20,700,269,13,20,19,9,0.0,2.0,1,2,0,0,7,2,4,2,9,5,3,1,2.0,0.0,5.0,0.0,2.0,1.0,618,191,14,6,68,36,28,20,6,2,59,41,14,11,52,38,16,10,20,9,9,6,4,5,50,48,7,24,0.2464,0.7531,3,10,,,0.0,2.0,,,,,,,,,,,,,,,,
11352333,23/24,31,1712082600,finished,Nottingham Forest,Fulham,14,43,3,1,City Ground,Michael Oliver,28997.0,33,67,1.53,1.5,4.0,0.0,16,18,2.0,1.0,3,8,7,8,324,629,11,15,7,6,1.0,0.0,4,3,2,2,8,13,4,2,9,15,7,3,3.0,0.0,0.0,1.0,2.0,0.0,252,551,17,18,49,82,29,26,2,12,48,52,9,8,25,25,15,19,8,4,7,11,12,4,47,48,36,13,-0.4089,-1.6188,13,8,1.0,0.0,1.0,1.0,,,,,,,,,,,,,,,,
11352343,23/24,31,1712082600,finished,Newcastle United,Everton,39,48,1,1,St James' Park,Tony Harrington,52135.0,58,42,2.44,1.44,4.0,2.0,18,10,2.0,4.0,7,3,9,14,495,361,21,17,14,9,0.0,3.0,6,3,0,1,4,6,8,1,13,8,5,2,3.0,1.0,2.0,3.0,2.0,0.0,403,272,19,28,45,60,18,33,6,3,55,45,11,14,48,29,24,29,14,4,9,10,5,7,59,52,19,29,0.4948,1.0291,9,5,1.0,1.0,,,,,,,,,,,,,,,,,,
11352319,23/24,31,1712083500,finished,Bournemouth,Crystal Palace,60,7,1,0,Vitality Stadium,Graham Scott,11207.0,50,50,1.1,0.19,3.0,0.0,11,3,2.0,5.0,9,2,13,14,442,457,20,29,13,12,3.0,2.0,6,2,1,0,3,1,2,0,6,3,5,0,2.0,0.0,3.0,2.0,0.0,4.0,349,350,26,28,62,69,25,15,4,0,48,52,13,12,46,51,15,15,13,10,12,20,12,10,55,52,23,27,0.2733,0.377,1,8,1.0,0.0,,,,,,,,,,,,,,,,,,
11352330,23/24,31,1712083500,finished,Burnley,Wolverhampton,6,3,1,1,Turf Moor,Thomas Bramall,21528.0,51,49,1.34,0.9,2.0,3.0,13,8,1.0,5.0,7,4,10,12,468,468,16,18,11,10,0.0,2.0,6,2,0,0,4,4,3,2,8,7,5,1,1.0,2.0,2.0,1.0,2.0,5.0,392,395,23,12,59,28,27,13,7,4,49,51,9,12,35,39,14,13,8,12,8,8,6,7,47,54,13,29,-0.0553,1.0044,6,8,1.0,1.0,,,,,,,,,,,,,,,,,,
11352336,23/24,31,1712085300,finished,West Ham United,Tottenham Hotspur,37,33,1,1,London Stadium,John Brooks,62469.0,32,68,1.49,0.96,2.0,1.0,11,13,3.0,3.0,9,5,13,9,302,662,16,21,9,12,1.0,4.0,4,4,0,0,4,5,3,4,7,10,4,3,1.0,0.0,1.0,1.0,3.0,1.0,238,590,22,23,45,54,29,15,6,1,44,56,8,12,36,40,7,15,11,7,7,15,8,8,55,45,19,17,0.0986,0.3005,5,6,1.0,1.0,,,,,,,,,,,,,,,,,,
11352325,23/24,31,1712169000,finished,Brentford,Brighton & Hove Albion,50,30,0,0,Brentford Community Stadium,Andy Madley,17024.0,33,67,0.57,1.14,0.0,1.0,5,24,6.0,2.0,1,5,9,12,326,662,15,14,11,8,1.0,1.0,2,6,0,0,2,11,1,7,4,13,1,11,0.0,1.0,1.0,1.0,3.0,0.0,251,605,12,10,50,65,26,17,2,7,48,52,8,8,33,35,14,16,8,13,11,7,9,8,51,50,14,12,0.8404,0.0813,14,8,,,0.0,1.0,,,,,,,,,,,,,,,,
11352322,23/24,31,1712169000,finished,Arsenal,Luton Town,42,72,2,0,Emirates Stadium,Craig Pawson,60262.0,58,42,0.73,0.34,1.0,0.0,13,5,1.0,4.0,3,1,12,8,614,430,10,17,8,11,1.0,1.0,4,1,0,0,1,3,8,1,9,3,4,2,,,0.0,2.0,1.0,1.0,543,353,15,18,50,47,10,27,1,5,42,58,9,9,25,31,12,21,7,3,8,13,10,9,59,52,15,12,0.1983,-1.039,7,7,1.0,0.0,,,,,,,,,,,,,,,,,,
11352352,23/24,31,1712171700,finished,Manchester City,Aston Villa,17,40,4,1,Etihad Stadium,Darren England,53422.0,67,33,3.46,0.77,4.0,2.0,25,8,2.0,7.0,2,3,6,13,701,337,26,21,13,6,1.0,2.0,11,3,1,0,7,1,7,4,20,7,5,1,3.0,1.0,4.0,0.0,1.0,1.0,647,291,11,8,60,32,27,20,1,2,61,39,12,13,53,34,3,2,15,7,15,8,5,7,61,51,6,16,0.7153,-0.8691,2,9,1.0,1.0,3.0,1.0,,,,,,,,,,,,,,,,
11352347,23/24,31,1712255400,finished,Liverpool,Sheffield United,44,15,3,1,Anfield,Stuart Attwell,60055.0,83,17,1.83,0.59,2.0,1.0,29,5,3.0,6.0,13,1,6,9,786,168,15,17,8,6,0.0,1.0,9,3,1,0,15,2,5,0,15,4,14,1,1.0,1.0,3.0,2.0,0.0,1.0,714,82,14,9,92,33,39,8,9,2,54,46,9,9,32,31,20,14,9,8,6,11,7,8,58,49,5,40,0.0103,-1.2104,2,17,1.0,0.0,1.0,0.0,,,,,,,,,,,,,,,,
11352340,23/24,31,1712258100,finished,Chelsea,Manchester United,38,35,4,3,Stamford Bridge,Jarred Gillett,39694.0,57,43,3.02,1.47,4.0,3.0,28,19,2.0,6.0,12,3,7,15,549,426,12,18,12,7,3.0,1.0,10,5,1,0,9,7,9,7,19,13,9,6,2.0,0.0,5.0,1.0,3.0,0.0,470,341,14,13,51,46,24,28,4,6,49,51,10,6,30,34,9,7,6,9,6,10,8,18,62,62,6,16,-0.9186,-1.346,11,7,2.0,3.0,1.0,0.0,,,,,,,,,,,,,,,,
11352362,23/24,32,1712403000,finished,Crystal Palace,Manchester City,7,17,2,4,Selhurst Park,Paul Tierney,25132.0,25,75,1.08,1.91,3.0,5.0,7,18,4.0,2.0,2,9,13,3,274,845,17,9,2,13,1.0,1.0,4,8,1,0,2,6,1,4,5,13,2,5,1.0,4.0,0.0,4.0,2.0,1.0,215,772,6,21,30,74,21,19,1,2,48,52,8,9,24,26,7,7,5,4,10,6,12,3,45,44,25,10,-0.7824,-0.6432,13,7,2.0,1.0,1.0,1.0,,,,,,,,,,,,,,,,
11352371,23/24,32,1712412000,finished,Luton Town,Bournemouth,72,60,2,1,Kenilworth Road,Andy Madley,11797.0,56,44,1.46,0.41,1.0,1.0,19,8,1.0,7.0,7,2,7,14,401,327,24,23,12,6,,,9,1,1,2,6,6,4,1,13,5,6,3,0.0,1.0,0.0,1.0,,,300,222,26,26,84,48,26,24,6,2,55,45,12,15,42,40,18,10,7,11,12,13,10,12,58,69,18,30,-0.7226,-0.042,8,8,1.0,0.0,0.0,2.0,,,,,,,,,,,,,,,,
11352364,23/24,32,1712412000,finished,Everton,Burnley,48,6,1,0,Goodison Park,Michael Oliver,39125.0,37,63,0.94,0.46,1.0,0.0,12,6,1.0,2.0,3,5,11,13,294,523,26,14,12,11,2.0,1.0,3,1,0,0,6,3,3,2,6,5,6,1,1.0,0.0,3.0,3.0,10.0,1.0,200,407,21,21,64,54,30,29,3,5,56,44,2,14,45,35,19,15,8,10,11,10,11,7,66,51,25,17,0.1245,-0.7482,6,14,,,,,,,,,,,,,0.0,1.0,,,,,,
11352384,23/24,32,1712412000,finished,Wolverhampton,West Ham United,3,37,1,2,Molineux Stadium,Tony Harrington,,58,42,1.47,1.16,2.0,2.0,14,11,2.0,6.0,4,4,15,7,595,414,35,22,7,14,5.0,2.0,7,4,0,0,5,4,2,3,4,5,10,6,1.0,1.0,2.0,3.0,3.0,0.0,518,349,22,29,29,60,16,18,2,1,50,50,10,21,51,44,7,13,9,8,21,15,7,12,46,49,16,15,-0.1155,1.7098,7,6,1.0,1.0,,,,,,,,,,,,,,,,,,
11352355,23/24,32,1712412000,finished,Aston Villa,Brentford,40,50,3,3,Villa Park,Michael Salisbury,42218.0,70,30,1.52,1.56,1.0,3.0,11,8,,,11,3,15,11,571,247,8,11,10,15,2.0,2.0,3,3,0,0,4,4,4,1,9,5,2,3,,,1.0,4.0,0.0,4.0,488,168,13,13,54,49,25,21,10,3,45,55,7,4,23,31,11,11,4,5,4,7,8,6,44,48,18,25,-0.7606,-1.5991,6,5,1.0,3.0,,,,,,,,,,,,,,,,,,
11352368,23/24,32,1712412000,finished,Fulham,Newcastle United,43,39,0,1,Craven Cottage,Sam Allison,24418.0,67,33,1.26,0.97,1.0,2.0,14,12,4.0,4.0,14,3,10,13,588,296,20,14,13,9,1.0,2.0,4,5,0,0,6,5,4,2,9,9,5,3,1.0,2.0,1.0,1.0,0.0,2.0,500,225,18,13,56,40,34,12,6,1,58,42,9,9,47,32,10,9,15,9,9,6,9,10,59,49,6,32,-0.2656,1.0584,8,12,,,0.0,1.0,,,,,,,,,,,,,,,,
11352359,23/24,32,1712421000,finished,Brighton & Hove Albion,Arsenal,30,42,0,3,American Express Stadium,John Brooks,31677.0,55,45,0.53,3.39,0.0,7.0,10,20,4.0,2.0,8,7,14,13,529,439,19,14,12,13,1.0,2.0,2,7,0,0,6,8,2,5,7,16,3,4,0.0,4.0,4.0,2.0,2.0,2.0,464,363,14,16,43,43,15,11,2,6,49,51,6,6,36,35,9,11,5,9,9,9,10,7,41,52,17,17,0.2734,0.3025,6,6,0.0,3.0,,,,,,,,,,,,,,,,,,
11352374,23/24,32,1712500200,finished,Manchester United,Liverpool,35,44,2,2,Old Trafford,Anthony Taylor,73522.0,38,62,0.7,3.67,1.0,7.0,9,28,6.0,3.0,6,11,9,10,362,574,32,15,10,9,5.0,2.0,5,7,0,0,2,12,2,9,7,18,2,10,1.0,5.0,0.0,2.0,3.0,2.0,278,486,11,22,26,72,16,18,2,7,56,44,5,20,49,36,11,12,7,12,19,10,11,3,52,58,30,13,0.8496,-0.8506,11,3,0.0,2.0,1.0,0.0,,,,,,,,,,,,,,,,
11352378,23/24,32,1712507400,finished,Sheffield United,Chelsea,15,38,2,2,Bramall Lane,Robert Jones,28638.0,32,68,1.38,0.35,3.0,1.0,11,6,2.0,3.0,7,6,12,10,316,697,13,10,10,12,4.0,2.0,6,3,0,0,3,2,2,1,8,3,3,3,1.0,0.0,0.0,1.0,,,238,598,13,17,63,39,28,20,4,1,54,46,5,2,33,26,23,21,10,4,10,7,10,8,55,52,22,21,-1.4515,0.0145,5,4,2.0,1.0,1.0,0.0,,,,,,,,,,,,,,,,
11352381,23/24,32,1712509200,finished,Tottenham Hotspur,Nottingham Forest,33,14,3,1,Tottenham Hotspur Stadium,Simon Hooper,61098.0,64,36,1.55,1.55,2.0,3.0,17,13,5.0,5.0,12,2,11,12,668,380,17,10,12,11,2.0,4.0,7,6,1,2,5,7,5,0,8,6,9,7,2.0,2.0,1.0,3.0,2.0,2.0,585,317,12,17,77,40,13,21,3,3,53,47,4,7,34,34,11,6,5,14,11,7,10,9,59,51,13,22,0.4033,-1.0877,6,12,0.0,1.0,,,,,,,,,,,,,,,,,,
11352410,23/24,33,1713007800,finished,Newcastle United,Tottenham Hotspur,39,33,4,0,St James' Park,Tim Robinson,52206.0,27,73,2.88,0.77,5.0,1.0,18,11,2.0,1.0,16,3,14,12,189,575,12,14,12,14,0.0,4.0,5,2,1,0,8,4,5,5,16,6,2,5,2.0,1.0,1.0,0.0,1.0,3.0,123,498,13,20,41,59,16,12,10,4,52,48,5,3,34,38,14,7,10,10,8,10,14,9,45,39,22,15,0.0827,-1.6562,6,10,3.0,0.0,3.0,2.0,,,,,,,,,,,,,,,,
11352394,23/24,33,1713016800,finished,Brentford,Sheffield United,50,15,2,0,Brentford Community Stadium,Samuel Barrott,17115.0,53,47,1.02,0.84,2.0,1.0,9,8,2.0,4.0,3,6,8,11,391,344,12,13,10,8,3.0,1.0,5,2,0,0,4,2,0,4,6,6,3,2,1.0,1.0,3.0,0.0,3.0,2.0,299,242,25,18,52,40,30,16,4,4,49,51,6,7,32,39,18,14,11,18,8,8,14,7,54,53,28,15,0.6985,-1.308,4,9,1.0,0.0,2.0,0.0,,,,,,,,,,,,,,,,
11352413,23/24,33,1713016800,finished,Nottingham Forest,Wolverhampton,14,3,2,2,City Ground,Craig Pawson,29604.0,46,54,1.92,1.09,2.0,3.0,18,11,1.0,7.0,10,1,15,10,438,525,14,14,10,15,2.0,3.0,9,4,0,0,6,4,3,3,13,8,5,3,1.0,2.0,1.0,0.0,1.0,1.0,361,453,20,21,46,37,14,25,2,3,54,46,5,10,32,34,21,11,9,5,9,8,9,8,49,42,7,30,-0.4742,0.2707,6,8,1.0,1.0,,,,,,,,,,,,,,,,,,
11352397,23/24,33,1713016800,finished,Burnley,Brighton & Hove Albion,6,30,1,1,Turf Moor,Simon Hooper,20687.0,45,55,1.71,0.86,3.0,0.0,11,20,8.0,2.0,4,5,18,8,453,567,22,16,7,18,1.0,2.0,3,8,0,0,6,6,2,6,6,10,5,10,2.0,0.0,0.0,2.0,1.0,4.0,365,488,9,10,50,45,20,24,4,4,45,55,5,9,36,42,9,13,7,8,6,8,5,5,66,63,18,14,0.0753,-0.5385,6,8,1.0,0.0,0.0,1.0,,,,,,,,,,,,,,,,
11352406,23/24,33,1713016800,finished,Manchester City,Luton Town,17,72,5,1,Etihad Stadium,John Brooks,53449.0,74,26,4.32,0.51,5.0,2.0,37,4,1.0,9.0,12,1,7,6,763,276,20,13,5,7,1.0,0.0,13,2,1,1,14,2,10,0,26,4,11,0,4.0,1.0,2.0,1.0,0.0,1.0,704,214,14,12,52,22,12,22,7,0,52,48,5,16,35,27,9,14,10,7,13,7,5,8,52,44,3,28,0.2324,-1.1814,1,16,1.0,1.0,2.0,0.0,,,,,,,,,,,,,,,,
11352387,23/24,33,1713025800,finished,Bournemouth,Manchester United,60,35,2,2,Vitality Stadium,Tony Harrington,11229.0,43,57,1.64,1.26,3.0,2.0,20,8,0.0,3.0,7,2,13,14,382,528,18,13,14,11,4.0,0.0,5,2,1,1,9,4,6,2,12,5,8,3,3.0,0.0,4.0,2.0,1.0,2.0,287,432,21,16,65,77,29,33,6,1,54,46,7,5,41,30,12,16,9,6,10,9,11,5,66,56,17,16,-0.2808,-1.1708,7,13,0.0,2.0,1.0,0.0,,,,,,,,,,,,,,,,
11352416,23/24,33,1713099600,finished,West Ham United,Fulham,37,43,0,2,London Stadium,Stuart Attwell,62459.0,58,42,0.93,3.29,3.0,6.0,15,18,8.0,4.0,8,3,6,13,549,412,16,26,12,6,1.0,2.0,4,10,0,0,9,5,2,3,11,13,4,5,3.0,4.0,2.0,1.0,1.0,0.0,471,331,20,10,67,39,25,13,8,3,53,47,12,8,45,39,14,14,17,7,8,12,7,5,59,60,12,35,1.8788,0.2427,5,14,0.0,2.0,,,,,,,,,,,,,,,,,,
11352553,23/24,27,1709391600,finished,Newcastle United,Wolverhampton,39,3,3,0,St James' Park,Tim Robinson,52206.0,44,56,2.19,0.8,5.0,0.0,14,12,3.0,3.0,3,5,8,11,451,564,19,8,11,8,0.0,1.0,7,3,0,0,4,6,3,3,8,8,6,4,2.0,0.0,1.0,0.0,0.0,2.0,354,480,22,27,60,36,23,22,2,5,59,41,3,13,35,30,16,6,5,14,8,7,5,11,57,58,15,13,0.4237,0.5586,6,4,3.0,0.0,1.0,0.0,,,,,,,,,,,,,,,,
11352564,23/24,27,1709391600,finished,Tottenham Hotspur,Crystal Palace,33,7,3,1,Tottenham Hotspur Stadium,John Brooks,61339.0,78,22,1.91,0.32,5.0,0.0,14,4,0.0,3.0,11,1,7,16,818,226,18,16,16,7,1.0,2.0,6,1,1,0,6,2,2,1,12,2,2,2,2.0,0.0,5.0,3.0,2.0,5.0,732,158,17,10,86,43,18,24,3,1,58,42,6,3,41,27,16,15,7,4,11,7,5,13,56,51,7,30,-0.3674,-0.4257,3,12,3.0,0.0,1.0,0.0,,,,,,,,,,,,,,,,
11352530,23/24,27,1709391600,finished,Brentford,Chelsea,50,38,2,2,Brentford Community Stadium,Jarred Gillett,17140.0,32,68,1.83,1.81,2.0,2.0,14,17,3.0,3.0,0,6,10,9,297,642,22,26,6,10,3.0,1.0,5,6,2,0,7,6,2,5,9,9,5,8,1.0,1.0,1.0,1.0,1.0,4.0,206,545,24,25,54,46,27,21,9,5,45,55,12,10,30,46,18,13,2,10,11,13,18,6,57,61,20,16,-0.7911,-0.3692,10,7,1.0,1.0,0.0,3.0,,,,,,,,,,,,,,,,
11352556,23/24,27,1709391600,finished,Nottingham Forest,Liverpool,14,44,0,1,City Ground,Paul Tierney,29603.0,29,71,0.97,2.07,2.0,0.0,8,22,1.0,2.0,3,12,11,12,278,662,20,20,11,11,3.0,2.0,2,2,0,0,3,9,3,11,5,19,3,3,2.0,0.0,0.0,1.0,2.0,1.0,187,571,29,23,47,72,18,25,1,9,51,49,7,12,40,35,14,17,10,4,10,14,11,7,46,47,26,11,-0.7583,1.1529,12,5,,,0.0,1.0,,,,,,,,,,,,,,,,
11352545,23/24,27,1709400600,finished,Luton Town,Aston Villa,72,40,2,3,Kenilworth Road,Michael Oliver,11594.0,47,53,1.77,1.95,4.0,3.0,14,12,5.0,2.0,8,6,8,19,365,443,12,15,18,8,1.0,4.0,5,8,0,1,4,4,5,0,11,12,3,0,2.0,1.0,7.0,0.0,3.0,1.0,307,379,12,20,44,49,14,29,5,4,53,47,6,10,35,31,15,13,6,9,7,9,8,3,55,49,17,25,-0.1689,0.2535,5,8,2.0,2.0,0.0,1.0,,,,,,,,,,,,,,,,
11352533,23/24,27,1709470800,finished,Burnley,Bournemouth,6,60,0,2,Turf Moor,David Coote,19713.0,75,25,1.49,1.12,2.0,2.0,20,10,1.0,5.0,7,2,8,13,608,206,19,20,13,8,2.0,4.0,6,3,0,0,8,6,6,1,11,8,9,2,2.0,1.0,4.0,1.0,2.0,4.0,497,116,29,18,65,37,20,22,7,2,54,46,13,15,42,33,26,24,10,6,10,9,2,9,53,45,12,35,-1.4552,0.4984,7,13,0.0,1.0,1.0,1.0,,,,,,,,,,,,,,,,
11352548,23/24,27,1709479800,finished,Manchester City,Manchester United,17,35,3,1,Etihad Stadium,Andy Madley,55097.0,73,27,3.33,0.25,4.0,1.0,27,3,0.0,5.0,15,2,5,10,801,305,5,19,10,5,0.0,1.0,8,1,0,0,8,2,11,0,17,2,10,1,3.0,1.0,3.0,1.0,0.0,1.0,736,240,19,4,87,26,37,14,6,0,46,54,9,3,25,30,9,10,10,6,3,12,9,10,49,51,4,41,-0.7251,0.6574,3,10,1.0,0.0,1.0,0.0,,,,,,,,,,,,,,,,
11352560,23/24,27,1709582400,finished,Sheffield United,Arsenal,15,42,0,6,Bramall Lane,Samuel Barrott,29980.0,19,81,0.24,2.31,0.0,3.0,4,22,4.0,0.0,0,7,11,4,213,895,14,7,4,11,1.0,0.0,0,10,0,1,3,5,1,7,2,17,2,5,0.0,2.0,0.0,4.0,2.0,5.0,142,827,7,18,28,78,16,24,0,2,42,58,2,9,20,28,7,10,2,10,7,6,14,4,44,47,32,6,-3.7625,0.0,6,4,0.0,1.0,0.0,1.0,,,,,,,,,,,,,,,,
11352591,23/24,28,1709987400,finished,Manchester United,Everton,35,48,2,0,Old Trafford,Simon Hooper,73601.0,51,49,2.72,1.61,2.0,1.0,15,23,6.0,6.0,5,8,13,11,488,444,15,13,10,13,1.0,2.0,8,6,0,0,3,7,4,10,11,16,4,7,0.0,1.0,4.0,3.0,6.0,1.0,398,373,12,16,37,62,27,34,3,7,46,54,8,6,30,28,8,16,5,4,11,8,5,10,55,63,19,7,0.9859,1.6313,17,3,2.0,0.0,1.0,0.0,,,,,,,,,,,,,,,,
11352567,23/24,28,1709996400,finished,Bournemouth,Sheffield United,60,15,2,2,Vitality Stadium,Anthony Taylor,11074.0,70,30,3.35,1.25,6.0,3.0,32,13,7.0,9.0,10,3,12,11,614,278,13,16,11,11,3.0,5.0,12,9,0,0,10,2,10,2,21,10,11,3,4.0,1.0,2.0,1.0,1.0,1.0,514,163,15,13,100,40,30,15,15,3,53,47,9,7,31,33,32,24,8,6,8,11,4,11,70,54,16,43,0.9015,-0.0607,2,18,2.0,2.0,2.0,0.0,,,,,,,,,,,,,,,,
11352585,23/24,28,1709996400,finished,Crystal Palace,Luton Town,7,72,1,1,Selhurst Park,Sunny Sukhvir Gill,25103.0,50,50,2.73,0.84,6.0,1.0,21,8,1.0,3.0,8,6,20,11,436,431,19,14,11,20,2.0,3.0,4,2,1,1,9,5,8,1,13,8,8,0,5.0,1.0,1.0,1.0,0.0,1.0,345,339,18,23,59,42,26,28,6,8,47,53,13,11,36,45,18,15,6,11,12,7,12,7,53,46,21,19,-0.5719,0.5593,8,12,1.0,0.0,1.0,0.0,,,,,,,,,,,,,,,,
11352595,23/24,28,1709996400,finished,Wolverhampton,Fulham,3,43,2,1,Molineux Stadium,Tony Harrington,30860.0,48,52,0.83,2.7,3.0,4.0,8,23,5.0,2.0,3,4,7,11,451,495,9,21,11,7,2.0,2.0,3,7,0,1,5,9,0,7,5,16,3,7,2.0,3.0,4.0,1.0,3.0,0.0,383,417,18,11,47,33,15,23,1,5,47,53,13,7,29,32,10,12,10,4,2,18,6,4,50,52,20,11,1.2927,-1.1093,8,9,1.0,1.0,1.0,1.0,,,,,,,,,,,,,,,,
11352572,23/24,28,1710005400,finished,Arsenal,Brentford,42,50,2,1,Emirates Stadium,Robert Jones,60331.0,72,28,1.28,0.97,2.0,2.0,17,9,3.0,4.0,10,4,9,10,564,226,8,13,10,9,2.0,4.0,6,4,1,0,6,2,5,3,11,6,6,3,0.0,1.0,2.0,1.0,1.0,2.0,465,123,14,14,69,48,14,28,7,2,51,49,5,6,27,20,19,24,9,0,4,6,2,8,58,39,7,33,0.3702,0.19,2,17,2.0,1.0,1.0,0.0,,,,,,,,,,,,,,,,
11352575,23/24,28,1710075600,finished,Aston Villa,Tottenham Hotspur,40,33,0,4,Villa Park,Chris Kavanagh,42310.0,31,69,0.83,1.55,1.0,4.0,10,9,1.0,1.0,6,4,11,15,303,708,19,19,15,11,0.0,2.0,1,5,0,0,2,1,7,3,7,7,3,2,1.0,0.0,1.0,1.0,5.0,2.0,239,647,16,14,37,54,15,13,2,5,54,46,11,7,44,39,6,4,10,9,12,14,9,18,49,53,10,12,-1.2864,0.13,6,5,0.0,4.0,0.0,1.0,,,,,,,,,1.0,0.0,,,,,,
11352579,23/24,28,1710079200,finished,Brighton & Hove Albion,Nottingham Forest,30,14,1,0,American Express Stadium,Michael Salisbury,31505.0,64,36,0.43,0.7,0.0,1.0,10,9,4.0,3.0,6,3,14,14,680,375,9,13,13,14,4.0,4.0,3,4,0,0,4,4,3,1,6,6,4,3,0.0,1.0,5.0,5.0,1.0,1.0,623,311,7,16,44,39,28,21,3,1,49,51,8,4,30,35,9,6,8,8,5,5,5,8,50,45,19,15,1.3077,-0.7305,10,7,,,0.0,1.0,,,,,,,,,,,,,,,,
11352593,23/24,28,1710079200,finished,West Ham United,Burnley,37,6,2,2,London Stadium,Darren England,62441.0,52,48,2.11,0.68,3.0,1.0,22,11,3.0,2.0,4,3,11,18,439,428,16,17,17,11,2.0,4.0,4,4,2,0,12,1,6,6,16,3,6,8,2.0,1.0,0.0,1.0,5.0,2.0,321,299,25,19,53,63,26,26,6,0,58,42,6,5,44,38,32,16,11,10,11,10,10,9,72,63,16,30,-1.4447,-1.1719,3,13,1.0,0.0,,,,,,,,,,,,,,,,,,
11352588,23/24,28,1710085500,finished,Liverpool,Manchester City,44,17,1,1,Anfield,Michael Oliver,59947.0,53,47,2.7,1.56,3.0,2.0,19,10,5.0,5.0,7,4,6,10,584,530,23,15,9,6,0.0,3.0,6,6,0,1,9,2,4,2,11,5,8,5,2.0,1.0,2.0,0.0,6.0,1.0,490,435,17,19,67,60,33,25,6,2,54,46,9,14,39,34,10,8,7,13,15,13,12,12,72,69,13,18,0.5628,0.9856,6,11,1.0,1.0,2.0,0.0,,,,,,,,,,,,,,,,
11352581,23/24,28,1710187200,finished,Chelsea,Newcastle United,38,39,3,2,Stamford Bridge,John Brooks,38752.0,45,55,1.57,0.74,2.0,0.0,12,11,1.0,4.0,0,4,12,7,432,512,33,17,7,12,3.0,1.0,8,3,0,0,4,5,0,3,6,8,6,3,1.0,0.0,1.0,2.0,2.0,2.0,342,424,14,37,30,51,20,32,1,7,53,47,12,12,50,40,7,11,10,11,22,12,14,9,57,56,18,8,-1.3615,-0.8872,12,3,1.0,0.0,,,,,,,,,,,,,,,,,,
11977248,23/24,17,1710358200,finished,Bournemouth,Luton Town,60,72,4,3,Vitality Stadium,Sam Allison,11198.0,59,41,2.35,2.06,4.0,5.0,24,8,1.0,5.0,11,3,16,11,438,310,17,17,10,16,1.0,2.0,10,4,0,0,6,3,8,1,18,8,6,0,1.0,2.0,1.0,5.0,1.0,1.0,348,210,28,21,76,43,31,18,7,5,53,47,7,5,46,36,25,26,20,3,12,10,5,5,56,47,18,35,-0.5146,-1.1476,2,12,3.0,3.0,0.0,2.0,,,,,,,,,,,,,,,,
11352606,23/24,29,1710601200,finished,Luton Town,Nottingham Forest,72,14,1,1,Kenilworth Road,Darren England,11630.0,60,40,0.58,1.98,1.0,5.0,10,16,2.0,3.0,6,7,10,17,440,297,8,25,16,8,1.0,2.0,4,6,1,0,2,6,4,4,5,9,5,7,0.0,4.0,2.0,2.0,1.0,2.0,357,214,20,15,46,59,28,36,5,3,46,54,12,4,38,40,13,20,14,7,5,17,5,7,47,47,13,22,-0.0348,-0.6585,8,10,1.0,1.0,0.0,2.0,,,,,,,,,,,,,,,,
11352599,23/24,29,1710601200,finished,Burnley,Brentford,6,50,2,1,Turf Moor,Darren Bond,20431.0,61,39,2.77,1.16,4.0,3.0,17,9,5.0,4.0,5,4,14,17,457,292,10,27,17,14,2.0,4.0,6,5,0,0,5,1,6,3,10,8,7,1,2.0,2.0,2.0,3.0,5.0,3.0,366,185,15,12,54,45,22,39,4,7,44,56,11,4,31,45,24,24,5,4,7,18,8,13,60,57,17,24,-0.3332,0.1407,2,9,2.0,1.0,2.0,2.0,,,,,,,,,0.0,1.0,,,,,,
11352604,23/24,29,1710610200,finished,Fulham,Tottenham Hotspur,43,33,3,0,Craven Cottage,Robert Jones,24410.0,43,57,2.76,2.41,3.0,4.0,16,14,5.0,4.0,4,5,9,10,400,546,20,12,10,9,2.0,3.0,7,5,1,0,3,8,6,1,15,12,1,2,1.0,4.0,1.0,1.0,2.0,4.0,305,459,23,15,39,56,31,10,7,2,51,49,6,5,38,34,11,14,8,13,9,9,13,8,53,64,8,20,0.8582,-0.403,11,6,2.0,0.0,2.0,0.0,,,,,,,,,,,,,,,,
11352609,23/24,29,1710684000,finished,West Ham United,Aston Villa,37,40,1,1,London Stadium,Jarred Gillett,62461.0,31,69,2.02,0.66,1.0,1.0,13,13,4.0,3.0,7,10,13,12,264,640,13,14,12,11,3.0,3.0,5,5,0,0,6,4,2,4,11,6,2,7,,,2.0,0.0,4.0,2.0,204,562,12,17,40,76,24,17,6,1,45,55,7,6,30,39,10,9,6,14,8,10,8,3,53,48,25,16,0.3048,0.3386,3,7,1.0,1.0,1.0,0.0,,,,,,,,,,,,,,,,
11352620,23/24,30,1711801800,finished,Newcastle United,West Ham United,39,37,4,3,St James' Park,Robert Jones,52199.0,60,40,4.07,1.42,6.0,2.0,24,10,1.0,5.0,3,4,9,8,518,343,24,21,7,8,3.0,1.0,9,4,1,0,7,4,8,2,18,9,6,1,3.0,1.0,3.0,0.0,1.0,2.0,425,248,18,16,62,60,14,29,3,3,47,53,19,12,39,41,14,18,8,13,13,13,10,6,55,57,13,22,-1.5457,-0.4475,8,15,3.0,1.0,2.0,3.0,,,,,,,,,1.0,0.0,,,,,,
11352622,23/24,30,1711810800,finished,Nottingham Forest,Crystal Palace,14,7,1,1,City Ground,Chris Kavanagh,29520.0,58,42,0.92,1.19,1.0,1.0,12,10,2.0,4.0,4,6,14,12,547,397,15,22,11,14,1.0,1.0,5,3,1,0,3,6,4,1,6,6,6,4,0.0,1.0,2.0,2.0,4.0,0.0,461,300,32,15,66,57,20,18,6,3,45,55,10,10,31,41,16,16,5,5,10,15,9,11,55,62,14,42,-0.2413,0.038,8,3,1.0,0.0,1.0,1.0,,,,,,,,,,,,,,,,
11352623,23/24,30,1711810800,finished,Sheffield United,Fulham,15,43,3,3,Bramall Lane,Tim Robinson,30010.0,26,74,1.89,1.3,3.0,0.0,8,24,6.0,1.0,2,15,10,13,215,592,19,9,13,10,4.0,1.0,4,9,0,2,2,7,2,8,6,17,2,7,,,4.0,3.0,2.0,0.0,133,508,10,22,46,76,22,31,3,13,54,46,7,14,35,30,23,19,3,11,11,6,6,3,44,45,40,13,-1.4628,-1.5846,8,7,3.0,0.0,0.0,1.0,,,,,,,,,,,,,,,,
11352612,23/24,30,1711810800,finished,Bournemouth,Everton,60,48,2,1,Vitality Stadium,Samuel Barrott,11207.0,49,51,1.32,1.01,1.0,1.0,11,7,2.0,3.0,9,8,14,11,360,391,14,24,11,14,1.0,2.0,4,3,1,0,3,3,4,1,8,4,3,3,,,2.0,1.0,0.0,4.0,260,287,19,27,57,70,27,27,6,2,42,58,6,6,32,48,20,24,7,10,11,17,6,8,55,52,30,29,0.241,-0.6567,8,8,1.0,1.0,,,,,,,,,,,,,,,,,,
11352624,23/24,30,1711810800,finished,Tottenham Hotspur,Luton Town,33,72,2,1,Tottenham Hotspur Stadium,Jarred Gillett,61534.0,70,30,2.99,0.52,3.0,0.0,17,7,2.0,2.0,3,6,16,14,610,255,16,12,14,16,3.0,4.0,4,3,1,0,7,1,6,3,14,4,3,3,3.0,0.0,3.0,3.0,1.0,1.0,517,177,30,14,64,32,15,22,5,7,55,45,7,9,38,33,15,10,8,6,11,8,12,6,53,50,13,22,0.2635,-1.8428,2,10,,,2.0,0.0,,,,,,,,,,,,,,,,
11352616,23/24,30,1711810800,finished,Chelsea,Burnley,38,6,2,2,Stamford Bridge,Darren England,39535.0,69,31,4.26,1.64,6.0,4.0,33,18,4.0,11.0,12,4,12,7,630,271,8,10,7,11,2.0,4.0,13,7,1,1,10,6,10,5,22,14,11,4,4.0,4.0,1.0,5.0,3.0,0.0,570,204,18,10,70,49,29,29,5,8,48,52,5,3,31,26,8,17,16,6,6,8,6,11,45,45,10,26,-0.1759,2.8159,6,13,2.0,0.0,3.0,0.0,,,,,,,,,0.0,1.0,,,,,,
11352613,23/24,30,1711819800,finished,Aston Villa,Wolverhampton,40,3,2,0,Villa Park,Paul Tierney,42640.0,48,52,0.98,1.49,2.0,3.0,11,13,3.0,3.0,5,4,11,19,408,439,16,24,19,10,3.0,4.0,5,3,0,0,4,7,2,3,7,10,4,3,2.0,3.0,5.0,1.0,1.0,2.0,359,384,7,15,36,45,22,28,4,6,50,50,15,7,46,42,8,11,11,8,8,14,4,4,49,49,9,12,1.3897,-1.2574,8,7,,,1.0,1.0,,,,,,,,,,,,,,,,
11352419,23/24,24,1707577200,finished,Fulham,Bournemouth,43,60,3,1,Craven Cottage,Darren England,24271.0,49,51,1.55,1.84,5.0,3.0,7,25,4.0,4.0,1,13,11,11,453,448,20,17,9,11,1.0,2.0,6,4,0,0,1,9,0,12,5,17,2,8,2.0,2.0,0.0,3.0,1.0,3.0,342,351,18,20,50,68,34,21,2,6,50,50,13,6,37,34,26,30,9,7,14,10,8,7,62,69,37,20,0.0137,1.0619,14,4,3.0,1.0,0.0,1.0,,,,,,,,,,,,,,,,
11352446,23/24,24,1707577200,finished,Wolverhampton,Brentford,3,50,0,2,Molineux Stadium,Simon Hooper,30731.0,71,29,1.05,1.94,2.0,5.0,17,9,4.0,5.0,7,4,11,9,651,272,18,17,8,11,2.0,3.0,5,6,2,0,8,3,4,0,10,7,7,2,2.0,3.0,3.0,2.0,1.0,0.0,565,165,23,13,66,52,25,24,6,4,54,46,5,10,44,30,12,18,18,2,11,9,8,13,61,51,9,33,-0.0531,1.3561,5,15,0.0,2.0,,,,,,,,,,,,,,,,,,
11352439,23/24,24,1707577200,finished,Tottenham Hotspur,Brighton & Hove Albion,33,30,2,1,Tottenham Hotspur Stadium,Samuel Barrott,61445.0,53,47,1.65,1.24,4.0,2.0,16,6,2.0,4.0,9,6,14,13,527,475,10,16,13,14,2.0,3.0,6,3,0,0,4,1,6,2,10,5,6,1,2.0,1.0,3.0,3.0,4.0,6.0,447,394,21,22,53,32,14,20,2,3,52,48,10,6,34,38,10,3,11,8,3,10,15,13,58,59,21,24,1.101,-0.162,2,5,2.0,1.0,2.0,0.0,,,,,,,,,,,,,,,,
11352423,23/24,24,1707577200,finished,Liverpool,Burnley,44,6,3,1,Anfield,Tim Robinson,59896.0,71,29,2.86,1.33,5.0,4.0,25,9,3.0,7.0,9,3,11,13,670,277,22,14,13,11,3.0,2.0,10,4,0,0,6,4,9,1,18,7,7,2,3.0,4.0,2.0,2.0,2.0,2.0,581,185,20,17,53,60,29,19,8,2,54,46,5,13,40,41,24,14,5,16,14,9,4,6,51,52,15,38,0.096,-0.1196,5,8,2.0,0.0,2.0,1.0,,,,,,,,,,,,,,,,
11352435,23/24,24,1707586200,finished,Nottingham Forest,Newcastle United,14,39,2,3,City Ground,Anthony Taylor,29451.0,38,62,1.5,0.48,2.0,1.0,13,7,2.0,1.0,4,4,9,6,365,624,20,14,5,9,1.0,2.0,3,5,0,0,5,1,5,1,5,3,8,4,1.0,0.0,1.0,2.0,3.0,0.0,289,546,21,15,44,39,15,31,1,4,52,48,8,12,36,27,11,16,11,4,8,5,2,5,60,50,18,34,-1.9791,-0.5318,5,12,1.0,1.0,3.0,0.0,,,,,,,,,,,,,,,,
11352443,23/24,24,1707660000,finished,West Ham United,Arsenal,37,42,0,6,London Stadium,Craig Pawson,62474.0,30,70,0.22,3.59,0.0,6.0,5,25,6.0,1.0,2,6,17,11,287,692,21,12,11,17,4.0,0.0,1,12,0,0,0,9,4,4,2,18,3,7,0.0,2.0,0.0,6.0,2.0,2.0,211,646,15,11,44,49,17,19,0,8,49,51,7,11,36,36,11,13,4,8,11,7,5,5,40,47,23,14,-2.1676,0.197,10,1,0.0,4.0,0.0,2.0,,,,,,,,,,,,,,,,
11352412,23/24,24,1707669000,finished,Aston Villa,Manchester United,40,35,1,2,Villa Park,Robert Jones,41500.0,56,44,2.43,1.79,4.0,3.0,23,17,3.0,8.0,10,8,9,7,491,388,10,25,7,9,3.0,2.0,10,5,0,0,6,5,7,7,18,13,5,4,3.0,1.0,1.0,2.0,0.0,6.0,427,312,14,7,52,38,10,16,3,8,41,59,16,6,32,40,6,15,15,6,8,14,12,8,50,57,14,28,-0.3288,1.5594,5,10,1.0,2.0,2.0,1.0,,,,,,,,,,,,,,,,
11352415,23/24,24,1707768000,finished,Crystal Palace,Chelsea,7,38,1,3,Selhurst Park,Michael Oliver,25110.0,23,77,0.56,1.4,0.0,2.0,13,14,2.0,3.0,1,7,15,7,244,835,22,16,7,14,2.0,2.0,4,5,0,0,4,4,5,5,7,10,6,4,,,1.0,4.0,2.0,4.0,161,749,12,26,37,79,17,33,3,6,47,53,9,14,31,40,15,12,2,10,19,9,10,6,56,60,35,7,-1.1823,-0.5313,7,5,0.0,2.0,0.0,1.0,,,,,,,,,,,,,,,,
11352450,23/24,25,1708173000,finished,Brentford,Liverpool,50,44,1,4,Brentford Community Stadium,Michael Oliver,17193.0,37,63,1.69,2.82,3.0,6.0,15,15,4.0,5.0,1,6,4,18,357,614,16,12,18,4,2.0,1.0,6,8,0,1,7,5,2,2,9,11,6,4,2.0,2.0,6.0,1.0,3.0,2.0,247,508,18,16,52,69,24,18,3,5,58,42,4,11,41,28,13,11,8,12,6,10,13,8,52,61,21,17,-0.3987,0.3026,6,8,1.0,4.0,1.0,0.0,,,,,,,,,,,,,,,,
11352478,23/24,25,1708182000,finished,Nottingham Forest,West Ham United,14,37,2,0,City Ground,Thomas Bramall,29490.0,48,52,2.82,0.5,4.0,0.0,19,10,3.0,6.0,5,2,13,15,406,430,21,17,14,12,4.0,6.0,8,3,0,0,7,2,4,5,13,6,6,4,2.0,0.0,1.0,2.0,1.0,1.0,334,355,21,17,49,79,22,18,3,3,49,51,10,11,39,36,6,10,4,7,6,12,6,6,57,61,19,15,0.2051,-0.5525,4,6,2.0,0.0,1.0,0.0,,,,,,,,,0.0,1.0,,,,,,
11352462,23/24,25,1708182000,finished,Fulham,Aston Villa,43,40,1,2,Craven Cottage,Lewis Smith,24401.0,52,48,1.55,1.61,2.0,3.0,15,12,1.0,3.0,4,4,11,6,450,425,14,11,4,11,5.0,2.0,4,3,0,1,10,6,1,3,11,7,4,5,1.0,1.0,1.0,1.0,2.0,6.0,384,360,15,15,47,34,26,18,9,3,46,54,5,8,23,27,7,8,5,5,8,8,3,4,40,44,10,28,-0.3168,0.4569,8,15,1.0,2.0,3.0,2.0,,,,,,,,,,,,,,,,
11352474,23/24,25,1708182000,finished,Newcastle United,Bournemouth,39,60,2,2,St James' Park,Michael Salisbury,52224.0,63,37,2.23,2.22,2.0,3.0,17,12,4.0,4.0,4,2,9,23,478,275,16,22,21,8,1.0,3.0,5,7,0,0,10,4,2,1,10,6,7,6,0.0,2.0,4.0,2.0,0.0,3.0,376,178,21,14,48,68,25,26,5,3,57,43,11,7,49,35,19,17,12,5,11,12,6,9,62,66,16,23,0.6187,0.1469,8,15,2.0,1.0,2.0,0.0,,,,,,,,,,,,,,,,
11352486,23/24,25,1708182000,finished,Tottenham Hotspur,Wolverhampton,33,3,1,2,Tottenham Hotspur Stadium,Anthony Taylor,61532.0,71,29,1.62,1.75,2.0,3.0,15,12,5.0,4.0,10,4,8,13,748,300,23,16,13,8,0.0,1.0,4,7,0,0,7,4,4,1,10,9,5,3,1.0,2.0,3.0,1.0,1.0,2.0,664,214,21,9,80,34,10,16,5,6,61,39,11,12,47,31,13,8,11,7,13,11,14,11,55,56,7,38,-0.3088,0.3874,8,11,1.0,1.0,,,,,,,,,,,,,,,,,,
11352453,23/24,25,1708182000,finished,Burnley,Arsenal,6,42,0,5,Turf Moor,Jarred Gillett,21311.0,35,65,0.31,2.36,0.0,2.0,8,16,2.0,0.0,4,6,11,8,316,603,17,15,8,11,2.0,1.0,0,7,0,0,5,4,3,5,5,11,3,5,,,2.0,3.0,5.0,1.0,232,522,14,16,45,58,17,26,5,1,46,54,9,10,36,29,8,22,11,5,8,11,6,5,48,51,21,13,-2.4834,0.0,9,6,0.0,2.0,0.0,2.0,,,,,,,,,,,,,,,,
11352469,23/24,25,1708191000,finished,Manchester City,Chelsea,17,38,1,1,Etihad Stadium,Andy Madley,53509.0,70,30,2.69,1.44,3.0,3.0,31,9,5.0,4.0,12,1,7,12,711,307,15,28,12,7,1.0,3.0,5,6,0,0,12,2,14,1,23,8,8,1,3.0,2.0,4.0,0.0,0.0,5.0,647,249,20,10,80,30,26,21,16,2,46,54,18,11,33,38,11,14,7,3,8,11,5,8,51,47,10,53,1.5365,-0.5858,2,13,0.0,1.0,0.0,2.0,,,,,,,,,,,,,,,,
11352481,23/24,25,1708264800,finished,Sheffield United,Brighton & Hove Albion,15,30,0,5,Bramall Lane,Stuart Attwell,29522.0,21,79,0.59,2.9,1.0,5.0,6,24,7.0,1.0,5,10,3,5,226,871,8,15,4,3,1.0,4.0,1,10,0,0,2,5,3,9,3,19,3,5,1.0,3.0,1.0,2.0,2.0,2.0,154,819,15,13,35,100,13,17,3,10,43,57,7,5,21,20,7,17,9,2,7,10,4,4,38,46,37,13,-2.1306,0.289,11,7,0.0,2.0,0.0,1.0,,,,,,,,,1.0,0.0,,,,,,
11352465,23/24,25,1708273800,finished,Luton Town,Manchester United,72,35,1,2,Kenilworth Road,David Coote,11483.0,59,41,1.82,2.98,1.0,4.0,22,21,6.0,3.0,8,6,7,21,528,391,14,14,20,7,3.0,5.0,4,9,1,0,10,5,8,7,13,13,9,8,0.0,3.0,5.0,1.0,4.0,1.0,441,299,12,12,48,36,20,33,8,1,62,38,6,6,52,32,13,8,18,11,4,7,8,13,68,58,12,26,-0.2995,-0.1623,4,10,1.0,1.0,1.0,2.0,,,,,,,,,,,,,,,,
11352458,23/24,25,1708372800,finished,Everton,Crystal Palace,48,7,1,1,Goodison Park,Paul Tierney,38164.0,63,37,1.74,0.73,4.0,1.0,19,10,2.0,3.0,3,6,8,12,527,315,25,15,11,7,0.0,2.0,4,4,0,0,10,3,5,3,12,9,7,1,3.0,1.0,4.0,2.0,1.0,2.0,423,204,25,37,84,61,40,18,11,4,63,37,9,16,42,27,43,23,6,5,17,8,16,4,57,62,15,37,-0.5541,-0.4967,4,11,1.0,0.0,,,,,,,,,,,,,,,,,,
11971437,23/24,18,1708457400,finished,Manchester City,Brentford,17,50,1,0,Etihad Stadium,Darren England,52137.0,70,30,2.45,0.35,5.0,1.0,25,6,2.0,9.0,10,1,12,6,712,304,6,11,6,12,2.0,4.0,11,2,0,0,9,3,5,1,14,4,11,2,4.0,1.0,2.0,4.0,1.0,3.0,656,227,17,10,66,45,17,26,7,3,47,53,4,3,22,27,14,13,10,4,5,8,9,8,41,46,20,27,0.4209,1.818,6,11,1.0,0.0,0.0,1.0,,,,,,,,,,,,,,,,
11352512,23/24,26,1708543800,finished,Liverpool,Luton Town,44,72,4,1,Anfield,Andy Madley,59896.0,61,39,3.32,0.92,6.0,1.0,29,12,2.0,9.0,13,4,15,14,508,329,21,22,14,14,1.0,4.0,13,3,0,0,8,3,8,6,20,6,9,6,4.0,0.0,3.0,3.0,2.0,3.0,421,242,18,15,52,36,20,23,6,2,52,48,16,13,49,53,21,12,14,18,13,12,6,5,50,47,20,34,-0.0445,-0.9659,7,9,2.0,1.0,1.0,0.0,,,,,,,,,,,,,,,,
11352509,23/24,26,1708786800,finished,Crystal Palace,Burnley,7,6,3,0,Selhurst Park,Lewis Smith,24042.0,56,44,2.4,0.08,4.0,0.0,15,2,0.0,3.0,12,3,8,14,477,393,13,14,14,8,3.0,1.0,6,0,1,0,6,1,3,1,10,2,5,0,1.0,0.0,5.0,0.0,6.0,2.0,377,280,19,21,58,68,26,20,11,1,59,41,8,8,33,31,35,17,7,9,7,6,6,3,45,36,12,32,0.0,-0.8351,1,10,3.0,0.0,,,,,,,,,,,0.0,1.0,,,,,,
11352502,23/24,26,1708786800,finished,Brighton & Hove Albion,Everton,30,48,1,1,American Express Stadium,Tony Harrington,41646.0,65,35,1.41,0.29,1.0,0.0,23,6,1.0,6.0,11,3,9,14,638,350,16,13,14,9,2.0,3.0,7,3,0,0,5,2,11,1,17,5,6,1,1.0,0.0,2.0,1.0,1.0,3.0,573,280,11,15,66,41,24,25,7,5,58,42,8,12,43,33,18,11,13,12,8,8,4,10,53,46,12,28,-0.6244,0.3179,7,8,,,,,,,,,,,,,1.0,0.0,,,,,,
11352499,23/24,26,1708786800,finished,Aston Villa,Nottingham Forest,40,14,4,2,Villa Park,Samuel Barrott,,58,42,3.57,2.56,5.0,4.0,16,10,1.0,2.0,7,2,7,16,512,372,13,23,16,7,1.0,2.0,6,3,1,0,5,6,5,1,13,7,3,3,1.0,2.0,4.0,1.0,1.0,2.0,469,321,14,14,43,35,16,14,3,2,49,51,13,11,41,45,5,3,12,15,7,15,1,7,40,46,22,11,-0.0413,-1.1703,8,6,4.0,2.0,0.0,3.0,,,,,,,,,,,,,,,,
11352518,23/24,26,1708786800,finished,Manchester United,Fulham,35,43,1,2,Old Trafford,Michael Oliver,73487.0,57,43,1.72,1.2,3.0,1.0,21,17,3.0,7.0,10,9,6,11,537,400,14,18,10,6,2.0,5.0,9,5,1,1,6,8,6,4,11,11,10,6,2.0,0.0,2.0,1.0,2.0,1.0,464,326,16,18,62,34,25,16,2,4,50,50,8,5,34,32,9,11,10,9,9,12,9,8,39,44,18,24,-0.8521,1.4451,12,8,1.0,1.0,1.0,0.0,,,,,,,,,,,,,,,,
11352490,23/24,26,1708795800,finished,Bournemouth,Manchester City,60,17,0,1,Vitality Stadium,Jarred Gillett,11184.0,38,62,0.93,1.64,1.0,4.0,13,15,5.0,4.0,3,8,14,6,351,582,23,12,6,14,2.0,2.0,4,6,0,0,5,3,4,6,8,10,5,5,1.0,3.0,1.0,4.0,3.0,0.0,273,493,16,18,58,68,25,21,2,3,47,53,3,9,35,40,12,13,6,14,12,7,11,6,61,60,26,14,1.0761,0.3758,7,6,0.0,1.0,0.0,2.0,,,,,,,,,,,,,,,,
11352493,23/24,26,1708804800,finished,Arsenal,Newcastle United,42,39,4,1,Emirates Stadium,Paul Tierney,60298.0,55,45,2.86,0.16,3.0,0.0,18,3,1.0,4.0,9,0,15,6,557,462,11,11,5,14,1.0,0.0,8,2,0,0,6,1,4,0,15,3,3,0,2.0,0.0,0.0,1.0,3.0,2.0,472,370,16,16,58,32,24,24,4,3,47,53,4,6,18,32,16,6,4,7,9,5,9,5,52,42,6,21,-0.2674,-1.9907,3,9,1.0,0.0,2.0,2.0,,,,,,,,,,,,,,,,
11352525,23/24,26,1708867800,finished,Wolverhampton,Sheffield United,3,15,1,0,Molineux Stadium,Darren Bond,30789.0,64,36,1.31,0.58,1.0,0.0,13,12,4.0,1.0,5,6,8,4,608,341,23,17,4,8,2.0,1.0,2,4,0,0,8,4,3,4,10,9,3,3,,,3.0,1.0,1.0,0.0,529,259,21,14,50,49,26,18,5,5,53,47,8,13,35,29,22,22,8,4,15,13,4,8,57,53,25,21,0.3066,-0.1795,7,14,1.0,0.0,,,,,,,,,,,,,,,,,,
11352521,23/24,26,1708977600,finished,West Ham United,Brentford,37,50,4,2,London Stadium,Simon Hooper,62450.0,41,59,1.69,0.91,3.0,2.0,17,14,5.0,2.0,1,7,5,9,396,551,15,31,9,5,1.0,2.0,6,8,0,0,10,1,1,5,11,9,6,5,1.0,1.0,5.0,1.0,2.0,4.0,305,445,17,28,43,69,22,17,8,8,51,49,15,6,36,41,23,15,12,5,11,16,17,12,59,52,35,17,-0.6318,-1.5668,5,10,2.0,1.0,,,,,,,,,,,,,,,,,,
11352540,23/24,27,1709391600,finished,Fulham,Brighton & Hove Albion,43,30,3,0,Craven Cottage,Simon Hooper,24460.0,30,70,1.3,1.34,2.0,2.0,12,15,5.0,2.0,2,6,16,10,307,742,24,16,9,16,1.0,2.0,5,5,0,1,4,7,3,3,9,10,3,5,0.0,2.0,1.0,2.0,2.0,4.0,217,660,16,17,39,77,14,21,3,6,45,55,5,14,37,43,12,17,4,11,12,12,8,8,56,55,27,12,0.3225,-0.8444,10,6,2.0,0.0,0.0,2.0,,,,,,,,,,,,,,,,
11352537,23/24,27,1709391600,finished,Everton,West Ham United,48,37,1,3,Goodison Park,Craig Pawson,39262.0,55,45,2.73,1.87,5.0,3.0,22,12,2.0,9.0,4,5,9,6,498,407,10,23,4,9,1.0,2.0,11,5,0,0,4,5,7,2,11,9,11,3,4.0,1.0,3.0,0.0,2.0,1.0,406,305,22,18,81,63,34,20,2,6,34,66,13,5,20,43,13,21,7,12,6,7,3,13,73,60,11,30,-0.1468,3.1069,7,9,1.0,2.0,2.0,3.0,,,,,,,,,,,,,,,,
11352331,23/24,21,1705167000,finished,Newcastle United,Manchester City,39,17,2,3,St James' Park,Chris Kavanagh,52190.0,27,73,1.3,3.0,3.0,2.0,12,27,8.0,3.0,3,13,7,7,277,747,24,11,7,7,1.0,2.0,5,11,0,1,2,7,5,9,10,15,2,12,3.0,1.0,0.0,2.0,8.0,1.0,203,677,13,15,23,81,15,23,3,2,54,46,8,19,32,33,12,5,1,16,13,6,9,5,57,58,29,9,0.1776,-0.0032000000000001,9,4,0.0,1.0,2.0,1.0,,,,,,,,,,,,,,,,
11352324,23/24,21,1705240800,finished,Everton,Aston Villa,48,40,0,0,Goodison Park,David Coote,39284.0,31,69,1.2,1.26,1.0,1.0,10,16,4.0,2.0,4,5,13,14,236,530,25,10,14,13,1.0,4.0,2,5,0,0,5,7,3,4,7,12,3,4,1.0,1.0,2.0,1.0,5.0,1.0,149,454,17,34,38,52,30,22,2,4,57,43,3,15,39,36,19,8,1,13,16,7,9,4,56,56,26,19,0.5348,0.7814,5,5,,,1.0,2.0,,,,,,,,,,,,,,,,
11352328,23/24,21,1705249800,finished,Manchester United,Tottenham Hotspur,35,33,2,2,Old Trafford,John Brooks,73489.0,36,64,0.75,1.23,1.0,1.0,9,16,3.0,0.0,8,13,8,5,313,555,21,22,5,8,2.0,1.0,2,6,1,1,4,6,3,4,6,12,3,4,1.0,1.0,1.0,2.0,3.0,4.0,237,497,20,19,47,50,21,22,5,8,52,48,10,11,41,35,7,9,15,6,15,12,9,13,62,56,27,14,-0.8809,-1.1312,5,9,,,1.0,1.0,29.0,33.0,52.0,91.0,,,2.0,2.0,,,,,,,,
11352311,23/24,21,1705753800,finished,Arsenal,Crystal Palace,42,7,5,0,Emirates Stadium,Paul Tierney,60284.0,61,39,3.21,0.35,6.0,0.0,21,12,5.0,2.0,6,7,8,12,561,362,17,11,12,7,,,7,5,0,0,7,5,7,2,13,3,8,9,1.0,0.0,3.0,3.0,5.0,2.0,487,284,12,12,49,41,17,19,6,1,51,49,8,6,35,31,17,19,6,13,11,4,9,6,55,46,17,27,0.6204,-0.9014,5,9,5.0,0.0,5.0,0.0,,,,,,,,,,,,,,,,
11352313,23/24,21,1705771800,finished,Brentford,Nottingham Forest,50,14,3,2,Brentford Community Stadium,Darren England,17077.0,48,52,1.2,1.22,3.0,2.0,11,12,1.0,2.0,6,4,10,14,456,496,16,13,14,10,1.0,3.0,5,3,1,0,3,5,3,4,8,6,3,6,2.0,1.0,3.0,0.0,0.0,2.0,342,400,25,16,52,68,31,26,7,4,52,48,8,8,35,35,18,14,6,13,10,9,12,9,50,55,27,25,-1.0957,-1.7275,8,5,1.0,1.0,,,,,,,,,,,,,,,,,,
11352334,23/24,21,1705845600,finished,Sheffield United,West Ham United,15,37,2,2,Bramall Lane,Michael Salisbury,29164.0,57,43,2.51,2.34,4.0,3.0,21,16,3.0,4.0,4,1,11,10,496,370,17,18,9,10,3.0,3.0,6,5,0,0,7,5,8,6,12,14,9,2,2.0,1.0,5.0,3.0,1.0,2.0,396,273,28,24,60,55,31,17,6,3,51,49,8,10,39,35,20,21,15,7,8,8,6,11,52,53,16,21,0.4192,0.225,10,8,2.0,2.0,1.0,0.0,,,,,,,,,1.0,1.0,,,,,,
11352308,23/24,21,1705854600,finished,Bournemouth,Liverpool,60,44,0,4,Vitality Stadium,Andy Madley,11228.0,39,61,1.37,1.57,2.0,2.0,11,14,3.0,1.0,8,5,9,12,328,526,27,32,12,9,1.0,2.0,1,7,0,0,4,3,6,4,5,8,6,6,2.0,0.0,2.0,1.0,1.0,0.0,235,439,26,23,64,58,26,34,3,4,49,51,15,13,57,49,10,22,18,8,19,18,14,8,63,67,20,26,-1.1307,0.1602,10,7,0.0,2.0,1.0,2.0,,,,,,,,,,,,,,,,
11352315,23/24,21,1705952700,finished,Brighton & Hove Albion,Wolverhampton,30,3,0,0,American Express Stadium,Craig Pawson,31505.0,72,28,1.05,1.15,2.0,1.0,11,8,3.0,3.0,8,2,10,13,791,312,13,20,13,10,1.0,4.0,4,3,1,0,1,5,6,0,8,4,3,4,2.0,1.0,2.0,0.0,3.0,1.0,717,238,18,12,83,26,19,15,8,0,52,48,14,10,32,35,11,4,6,5,10,8,7,13,55,61,7,35,0.4117,1.0452,7,3,,,1.0,2.0,,,,,,,,,,,,,,,,
11352348,23/24,22,1706643000,finished,Nottingham Forest,Arsenal,14,42,1,2,City Ground,Simon Hooper,29387.0,27,73,0.47,1.17,1.0,1.0,9,19,2.0,2.0,2,10,6,7,268,759,15,16,7,5,0.0,1.0,3,3,0,1,3,7,3,9,5,12,4,7,0.0,1.0,1.0,3.0,1.0,3.0,195,676,16,10,29,95,16,15,3,3,51,49,10,7,27,27,20,19,5,7,7,8,15,5,37,52,45,13,-0.9078,-0.0181,10,2,1.0,0.0,,,,,,,,,,,,,,,,,,
11352342,23/24,22,1706643900,finished,Fulham,Everton,43,48,0,0,Craven Cottage,Thomas Bramall,24376.0,70,30,1.64,2.14,4.0,6.0,25,21,2.0,5.0,15,6,6,13,612,262,6,22,12,6,1.0,2.0,6,4,1,2,13,11,6,6,15,15,10,6,4.0,6.0,1.0,3.0,3.0,2.0,527,181,18,10,43,47,36,24,11,7,41,59,10,3,25,32,14,23,7,4,5,12,8,11,45,43,21,37,0.1354,0.9864,7,16,,,,,,,,,,,,,,,,,,,,
11352344,23/24,22,1706643900,finished,Luton Town,Brighton & Hove Albion,72,30,4,0,Kenilworth Road,Robert Jones,10994.0,41,59,3.21,0.94,5.0,4.0,18,9,2.0,4.0,7,4,13,14,357,542,17,26,13,13,2.0,2.0,8,2,0,0,2,4,8,3,13,7,5,2,1.0,4.0,2.0,1.0,4.0,1.0,253,415,23,25,60,56,18,16,4,2,50,50,9,13,47,47,14,13,18,8,11,13,6,5,86,79,15,17,0.6971,0.4057,6,3,4.0,0.0,2.0,1.0,,,,,,,,,,,,,,,,
11352361,23/24,22,1706644800,finished,Crystal Palace,Sheffield United,7,15,3,2,Selhurst Park,Tony Harrington,,54,46,1.15,0.76,1.0,1.0,12,9,3.0,1.0,11,1,8,18,472,428,30,35,17,8,1.0,4.0,4,5,0,1,5,2,3,2,6,6,6,3,0.0,1.0,5.0,0.0,2.0,1.0,392,320,26,32,63,52,31,25,5,4,49,51,24,21,56,44,13,28,9,3,19,26,8,15,56,48,19,34,-1.4883,-1.3474,1,10,1.0,0.0,2.0,0.0,,,,,,,,,,,,,,,,
11352338,23/24,22,1706645700,finished,Aston Villa,Newcastle United,40,39,1,3,Villa Park,John Brooks,42191.0,61,39,1.46,2.63,3.0,5.0,12,14,3.0,4.0,8,7,14,12,569,359,13,19,12,14,4.0,1.0,6,5,0,1,4,4,2,5,9,13,3,1,2.0,3.0,0.0,3.0,2.0,4.0,498,284,23,7,51,47,24,22,5,5,44,56,13,10,34,38,7,15,9,5,9,9,3,10,51,57,11,27,-0.3378,-0.2527,5,4,1.0,2.0,6.0,1.0,,,,,,,,,,,,,,,,
11352351,23/24,22,1706729400,finished,Tottenham Hotspur,Brentford,33,50,3,2,Tottenham Hotspur Stadium,David Coote,61210.0,68,32,3.01,1.59,4.0,4.0,19,9,3.0,2.0,5,3,13,15,618,276,23,19,14,13,2.0,3.0,5,5,1,0,7,3,7,1,14,8,5,1,1.0,3.0,1.0,2.0,2.0,3.0,531,183,15,17,80,42,11,27,0,6,49,51,11,10,45,37,9,20,8,5,15,9,9,17,58,60,29,23,-0.1091,-0.0032999999999999,7,7,3.0,1.0,1.0,0.0,,,,,,,,,,,,,,,,
11352369,23/24,22,1706729400,finished,Manchester City,Burnley,17,6,3,1,Etihad Stadium,Samuel Barrott,52143.0,74,26,1.76,1.44,2.0,2.0,14,8,2.0,1.0,7,3,3,13,795,270,10,20,13,3,2.0,2.0,4,3,0,0,4,3,6,2,9,6,5,2,0.0,1.0,4.0,1.0,3.0,3.0,717,199,18,10,51,29,24,12,1,2,60,40,13,5,36,28,17,7,13,5,7,9,5,7,45,47,8,19,0.0693,-1.1299,4,4,2.0,1.0,3.0,2.0,,,,,,,,,,,,,,,,
11352365,23/24,22,1706732100,finished,Liverpool,Chelsea,44,38,4,1,Anfield,Paul Tierney,57524.0,51,49,2.9,0.58,4.0,1.0,28,4,2.0,9.0,8,1,15,16,553,561,22,14,15,15,2.0,4.0,13,3,4,0,6,1,9,0,15,2,13,2,2.0,1.0,8.0,1.0,3.0,3.0,472,483,10,11,70,32,28,11,8,1,53,47,9,8,47,37,6,10,10,8,18,7,6,9,69,60,7,33,-0.4029,-0.2631,2,8,2.0,0.0,2.0,0.0,,,,,,,,,,,,,,,,
11352354,23/24,22,1706815800,finished,West Ham United,Bournemouth,37,60,1,1,London Stadium,Tim Robinson,62451.0,49,51,1.39,1.2,2.0,2.0,9,9,3.0,2.0,1,5,13,11,451,482,27,21,11,12,1.0,3.0,3,4,0,0,3,3,3,2,7,7,2,2,1.0,1.0,4.0,0.0,1.0,3.0,356,370,24,31,51,66,22,20,5,3,56,44,9,16,50,39,24,19,12,7,19,14,5,7,72,71,26,19,-0.421,0.0366,6,8,1.0,1.0,0.0,1.0,,,,,,,,,,,,,,,,
11896302,23/24,22,1706818500,finished,Wolverhampton,Manchester United,3,35,3,4,Molineux Stadium,Jarred Gillett,31641.0,53,47,2.2,3.34,2.0,5.0,16,21,5.0,3.0,4,5,10,10,511,454,25,20,9,9,2.0,5.0,7,8,0,0,4,7,5,6,12,12,4,9,0.0,3.0,4.0,4.0,1.0,2.0,446,386,16,19,43,33,25,21,5,5,56,44,10,13,47,39,11,6,13,10,15,12,3,13,49,53,12,20,-0.5265,-0.3992,9,8,2.0,2.0,,,,,,,,,,,,,,,,,,
11352395,23/24,23,1706963400,finished,Everton,Tottenham Hotspur,48,33,2,2,Goodison Park,Michael Oliver,39321.0,43,57,2.62,0.98,4.0,1.0,14,9,4.0,2.0,9,5,8,14,347,495,25,22,14,8,3.0,0.0,5,6,0,0,6,2,3,1,8,4,6,5,2.0,0.0,4.0,0.0,5.0,1.0,252,385,28,30,82,41,42,13,8,1,57,43,17,11,47,39,22,13,8,9,16,13,17,11,72,67,14,28,-0.1948,0.2271,4,8,2.0,1.0,,,,,,,,,,,,,,,,,,
11352386,23/24,23,1706972400,finished,Burnley,Fulham,6,43,2,2,Turf Moor,Darren Bond,20203.0,44,56,1.81,1.51,1.0,1.0,12,15,5.0,2.0,2,13,11,7,382,489,15,10,7,11,2.0,2.0,4,7,0,0,4,4,4,4,9,12,3,3,,,1.0,2.0,1.0,1.0,285,372,26,31,46,59,17,24,4,9,53,47,4,10,31,21,24,27,9,0,12,5,8,17,50,49,30,21,-0.7297,-0.7479,4,7,1.0,1.0,0.0,1.0,,,,,,,,,,,,,,,,
11352383,23/24,23,1706972400,finished,Brighton & Hove Albion,Crystal Palace,30,7,4,1,American Express Stadium,Simon Hooper,31345.0,69,31,1.43,0.3,3.0,0.0,13,7,4.0,2.0,3,2,8,14,870,389,23,16,14,8,1.0,3.0,6,5,0,0,0,1,7,1,9,3,4,4,,,3.0,0.0,2.0,2.0,817,329,15,20,43,24,28,12,5,2,60,40,9,16,45,30,5,3,8,6,15,14,11,14,55,46,3,7,-0.1706,-0.9136,1,2,3.0,0.0,1.0,0.0,,,,,,,,,,,,,,,,
11352402,23/24,23,1706972400,finished,Newcastle United,Luton Town,39,72,4,4,St James' Park,Thomas Bramall,52211.0,54,46,2.4,2.36,4.0,4.0,19,11,4.0,2.0,8,2,13,16,431,379,26,14,16,13,2.0,2.0,6,8,0,0,6,0,7,3,14,10,5,1,1.0,0.0,5.0,2.0,,,317,306,26,15,66,45,24,18,4,3,51,49,7,15,51,42,10,16,9,15,16,6,4,15,56,58,9,34,-0.2079,-1.2616,0,10,3.0,4.0,1.0,0.0,,,,,,,,,,,,,,,,
11352409,23/24,23,1706981400,finished,Sheffield United,Aston Villa,15,40,0,5,Bramall Lane,Paul Tierney,28978.0,36,64,1.48,2.19,5.0,6.0,10,14,4.0,4.0,3,4,10,7,353,633,17,8,7,10,1.0,0.0,5,10,0,1,2,4,3,0,10,10,0,4,5.0,3.0,2.0,2.0,6.0,0.0,278,562,14,17,44,47,19,35,2,4,50,50,4,11,32,28,8,12,8,11,8,5,8,8,40,47,13,13,-1.1184,1.1919,9,3,0.0,3.0,1.0,4.0,,,,,,,,,,,,,,,,
11352372,23/24,23,1707055200,finished,Bournemouth,Nottingham Forest,60,14,1,1,Vitality Stadium,Rebecca Welch,11200.0,44,56,1.27,0.53,1.0,0.0,9,8,5.0,0.0,11,6,19,12,330,427,15,31,12,18,3.0,2.0,2,6,0,0,0,2,7,0,4,3,5,5,,,3.0,0.0,1.0,1.0,229,329,28,16,60,44,18,17,4,1,40,60,12,11,37,54,15,23,10,5,10,18,13,6,57,58,13,28,0.3007,-0.0615,4,4,1.0,0.0,,,,,,,,,,,1.0,0.0,,,,,,
11352392,23/24,23,1707055200,finished,Chelsea,Wolverhampton,38,3,2,4,Stamford Bridge,Tim Robinson,39628.0,64,36,1.74,2.0,6.0,3.0,15,14,4.0,2.0,10,1,15,11,637,356,13,18,11,15,3.0,2.0,6,7,0,0,7,4,2,3,11,11,4,3,5.0,1.0,1.0,6.0,3.0,0.0,565,282,24,18,70,24,25,20,4,1,48,52,7,2,36,41,11,9,12,8,7,12,7,8,52,47,12,26,-2.2448,0.1494,4,11,1.0,2.0,2.0,0.0,,,,,,,,,,,,,,,,
11352398,23/24,23,1707055200,finished,Manchester United,West Ham United,35,37,3,0,Old Trafford,Andy Madley,73612.0,51,49,0.75,1.4,1.0,0.0,12,22,4.0,2.0,5,8,10,5,528,482,18,16,5,10,0.0,1.0,5,3,0,0,5,11,2,8,7,13,5,9,,,1.0,4.0,1.0,0.0,452,421,13,19,51,73,28,19,2,6,48,52,7,8,32,40,12,8,9,14,10,11,5,11,52,48,22,18,0.3815,-1.9892,10,6,1.0,0.0,0.0,1.0,,,,,,,,,,,,,,,,
11352376,23/24,23,1707064200,finished,Arsenal,Liverpool,42,44,3,1,Emirates Stadium,Anthony Taylor,60374.0,43,57,3.5,0.37,6.0,0.0,15,10,1.0,4.0,2,4,11,11,390,528,21,11,10,10,6.0,4.0,7,1,0,0,3,7,5,2,12,6,3,4,4.0,0.0,1.0,0.0,3.0,1.0,304,441,19,29,50,61,19,27,2,2,52,48,6,13,39,30,18,22,8,9,11,6,11,8,47,41,23,15,-0.977,-1.5544,9,7,2.0,0.0,2.0,1.0,,,,,,,,,0.0,1.0,,,,,,
11352380,23/24,23,1707163200,finished,Brentford,Manchester City,50,17,1,3,Brentford Community Stadium,Jarred Gillett,17096.0,28,72,1.04,2.09,3.0,3.0,9,25,12.0,1.0,8,13,2,4,279,750,18,11,4,2,1.0,0.0,3,15,0,0,3,3,3,7,7,12,2,13,2.0,1.0,,,2.0,0.0,203,679,10,20,37,79,27,25,6,6,53,47,5,7,24,22,15,12,2,9,7,8,11,5,58,61,31,23,1.3347,0.0358,6,3,1.0,2.0,0.0,1.0,,,,,,,,,,,,,,,,
11352431,23/24,24,1707568200,finished,Manchester City,Everton,17,48,2,0,Etihad Stadium,John Brooks,,73,27,1.63,0.32,2.0,0.0,19,5,1.0,1.0,9,0,6,11,772,294,12,21,11,6,0.0,2.0,3,1,0,0,5,3,11,1,14,2,5,3,1.0,0.0,3.0,0.0,1.0,2.0,709,222,22,18,57,35,33,17,5,2,52,48,9,3,34,34,11,8,11,7,6,12,6,8,48,47,7,33,0.2205,-1.0049,4,7,1.0,0.0,1.0,1.0,,,,,,,,,,,,,,,,
11352427,23/24,24,1707577200,finished,Luton Town,Sheffield United,72,15,1,3,Kenilworth Road,Chris Kavanagh,11138.0,75,25,1.88,1.81,1.0,3.0,20,7,0.0,4.0,13,1,7,12,563,192,17,26,10,5,1.0,2.0,5,3,0,0,8,3,7,1,13,6,7,1,0.0,1.0,3.0,2.0,2.0,0.0,479,110,25,25,85,48,24,14,11,1,51,49,19,11,35,33,20,20,8,4,11,13,7,5,47,48,22,44,-0.5138,1.1156,7,11,1.0,2.0,1.0,0.0,,,,,,,,,,,,,,,,
11352511,23/24,18,1703275200,finished,Aston Villa,Sheffield United,40,15,1,1,Villa Park,Anthony Taylor,41651.0,78,22,0.86,0.58,3.0,1.0,12,5,1.0,3.0,9,1,11,16,656,192,11,31,16,11,3.0,3.0,4,2,0,0,4,2,4,1,7,3,5,2,2.0,0.0,4.0,0.0,0.0,4.0,577,120,19,13,58,36,11,15,6,2,43,57,17,3,31,49,20,20,4,7,3,15,4,10,45,51,4,44,-0.0714,-0.2693,3,8,1.0,1.0,0.0,1.0,,,,,,,,,,,,,,,,
11352535,23/24,18,1703334600,finished,West Ham United,Manchester United,37,35,2,0,London Stadium,Simon Hooper,64472.0,35,65,1.25,1.03,3.0,1.0,12,11,3.0,3.0,4,4,13,15,321,626,19,20,14,12,2.0,3.0,5,3,0,0,4,6,3,2,10,7,2,4,1.0,1.0,3.0,2.0,1.0,1.0,255,536,15,28,51,59,24,20,3,3,50,50,9,8,42,34,10,18,9,4,17,11,7,3,49,42,27,21,0.6842,0.7769,7,6,2.0,0.0,1.0,1.0,,,,,,,,,,,,,,,,
11352528,23/24,18,1703343600,finished,Nottingham Forest,Bournemouth,14,60,2,3,City Ground,Robert Jones,29188.0,33,67,1.02,1.61,1.0,3.0,11,18,3.0,2.0,6,6,10,10,256,523,26,15,10,9,2.0,3.0,5,7,0,1,1,7,5,4,10,13,1,5,0.0,2.0,0.0,2.0,,,162,434,17,20,44,76,26,38,4,12,60,40,7,10,47,32,28,17,11,8,15,7,3,10,55,62,30,24,-1.5777,-0.6885,8,1,1.0,1.0,1.0,0.0,,,,,,,,,1.0,0.0,,,,,,
11352517,23/24,18,1703343600,finished,Fulham,Burnley,43,6,0,2,Craven Cottage,Rebecca Welch,23598.0,66,34,1.42,0.37,1.0,0.0,19,7,0.0,5.0,8,6,5,17,702,362,10,21,16,5,2.0,1.0,5,2,0,0,5,3,9,2,15,4,4,3,1.0,0.0,3.0,0.0,2.0,3.0,598,273,28,15,67,44,27,24,6,6,59,41,11,4,39,30,18,10,13,4,7,12,13,9,61,58,11,31,-1.4502,0.4605,6,10,,,1.0,0.0,,,,,,,,,,,,,,,,
11352522,23/24,18,1703343600,finished,Luton Town,Newcastle United,72,39,1,0,Kenilworth Road,Darren England,11042.0,35,65,1.49,1.5,2.0,1.0,16,15,2.0,4.0,6,7,11,6,301,568,13,29,6,11,2.0,2.0,5,2,2,0,9,7,2,6,9,13,7,2,1.0,1.0,0.0,1.0,0.0,3.0,223,469,16,19,52,50,27,22,4,9,40,60,16,11,32,48,10,16,13,8,7,14,9,9,62,55,29,13,0.2568,0.91,11,13,1.0,0.0,1.0,1.0,,,,,,,,,,,,,,,,
11352531,23/24,18,1703343600,finished,Tottenham Hotspur,Everton,33,48,2,1,Tottenham Hotspur Stadium,Stuart Attwell,61808.0,61,39,1.48,1.78,2.0,3.0,13,18,7.0,4.0,3,8,6,18,583,358,23,17,17,6,1.0,4.0,6,8,0,2,5,6,2,4,9,16,4,2,1.0,3.0,,,2.0,3.0,488,277,20,21,47,74,18,36,3,2,56,44,7,7,50,31,5,13,10,8,15,10,12,16,64,68,21,14,1.2313,-0.6236,11,7,1.0,0.0,0.0,2.0,,,,,,,,,,,,,,,,
11352520,23/24,18,1703352600,finished,Liverpool,Arsenal,44,42,1,1,Anfield,Chris Kavanagh,57548.0,51,49,0.97,0.74,1.0,1.0,13,13,1.0,2.0,4,5,13,14,442,423,34,20,13,13,2.0,5.0,3,2,2,0,6,6,4,5,8,9,5,4,1.0,0.0,2.0,2.0,1.0,1.0,357,337,27,17,52,58,16,19,3,3,59,41,14,20,53,43,15,4,6,10,21,14,5,11,63,72,16,22,-0.6475,-0.3814,6,7,0.0,1.0,0.0,1.0,,,,,,,,,,,,,,,,
11352538,23/24,18,1703422800,finished,Wolverhampton,Chelsea,3,38,2,1,Molineux Stadium,David Coote,31641.0,32,68,1.27,2.06,3.0,2.0,14,16,3.0,4.0,10,6,11,9,266,600,22,17,8,11,3.0,6.0,6,5,1,0,3,4,5,7,8,8,6,8,2.0,1.0,2.0,2.0,3.0,0.0,176,527,16,17,40,47,10,28,6,4,50,50,12,11,37,37,14,14,7,9,15,12,12,4,54,55,19,16,0.4687,-0.3633,7,4,1.0,1.0,,,,,,,,,,,,,,,,,,
11352566,23/24,19,1703593800,finished,Newcastle United,Nottingham Forest,39,14,1,3,St James' Park,Chris Kavanagh,52207.0,62,38,2.43,3.46,4.0,5.0,19,15,3.0,5.0,10,2,10,11,513,326,12,21,11,10,3.0,3.0,7,6,0,0,6,6,6,3,16,10,3,5,3.0,2.0,5.0,1.0,0.0,1.0,444,260,20,18,51,39,24,29,5,2,45,55,12,5,36,42,9,12,13,13,9,11,11,11,52,46,7,44,0.0062000000000002,0.8872,10,14,1.0,3.0,0.0,1.0,,,,,,,,,,,,,,,,
11352569,23/24,19,1703602800,finished,Sheffield United,Luton Town,15,72,2,3,Bramall Lane,Sam Allison,31041.0,51,49,2.59,0.63,6.0,0.0,21,12,3.0,2.0,9,4,13,13,356,346,20,15,13,12,5.0,0.0,6,4,1,0,7,3,8,5,12,6,9,6,4.0,0.0,3.0,3.0,1.0,0.0,264,266,23,23,55,39,30,24,3,3,50,50,9,7,37,38,27,26,5,11,14,9,13,17,47,46,20,34,-2.1473,0.6322,5,9,2.0,0.0,0.0,1.0,,,,,,,,,,,,,,,,
11352541,23/24,19,1703602800,finished,Bournemouth,Fulham,60,43,3,0,Vitality Stadium,Tim Robinson,11099.0,43,57,1.82,0.28,3.0,0.0,16,8,3.0,1.0,6,5,10,10,403,548,13,16,9,10,0.0,2.0,4,3,0,0,4,1,8,4,10,4,6,4,1.0,0.0,1.0,1.0,3.0,0.0,327,462,20,24,47,59,23,27,1,3,50,50,9,6,35,40,16,12,13,14,9,12,10,8,67,56,23,25,0.5761,-1.4331,5,5,2.0,0.0,1.0,0.0,,,,,,,,,,,,,,,,
11352554,23/24,19,1703611800,finished,Burnley,Liverpool,6,44,0,2,Turf Moor,Paul Tierney,21624.0,31,69,0.81,1.82,2.0,2.0,9,19,8.0,0.0,4,4,7,10,292,664,25,14,10,7,2.0,1.0,0,10,0,1,8,6,1,3,5,12,4,7,2.0,2.0,1.0,1.0,1.0,4.0,184,563,15,20,35,62,18,29,6,5,50,50,7,15,49,34,15,31,14,13,13,11,10,6,61,67,20,10,1.3648,0.0,8,12,,,,,,,,,,,,,,,,,,,,
11352563,23/24,19,1703620800,finished,Manchester United,Aston Villa,35,40,3,2,Old Trafford,Craig Pawson,73574.0,46,54,1.13,1.66,1.0,2.0,13,10,1.0,4.0,3,6,10,10,393,462,21,14,10,10,1.0,3.0,7,4,0,0,3,2,3,4,8,7,5,3,0.0,1.0,2.0,1.0,9.0,0.0,313,379,18,22,57,43,20,24,2,5,51,49,5,10,35,35,15,14,4,11,16,8,20,7,63,52,26,14,-0.3431,-1.0477,3,4,1.0,1.0,2.0,0.0,,,,,,,,,,,,,,,,
11352547,23/24,19,1703705400,finished,Brentford,Wolverhampton,50,3,1,4,Brentford Community Stadium,Andy Madley,17109.0,61,39,2.23,2.39,4.0,4.0,14,11,1.0,3.0,8,2,5,14,610,410,14,25,12,5,1.0,1.0,4,5,0,1,5,2,5,4,10,6,4,5,3.0,0.0,5.0,0.0,1.0,3.0,491,305,18,12,74,57,26,19,8,2,46,54,10,5,37,47,21,20,11,17,9,12,6,9,67,75,11,39,-1.8724,1.2125,5,10,1.0,4.0,2.0,2.0,,,,,,,,,,,,,,,,
11352557,23/24,19,1703705400,finished,Chelsea,Crystal Palace,38,7,2,1,Stamford Bridge,Michael Salisbury,39618.0,64,36,2.57,1.12,6.0,1.0,9,13,4.0,1.0,4,3,13,16,644,352,21,25,16,12,3.0,2.0,4,5,0,0,3,3,2,5,9,9,0,4,4.0,0.0,3.0,4.0,3.0,6.0,572,287,18,15,53,41,23,23,1,3,47,53,14,11,43,49,8,9,7,12,16,15,6,8,47,52,22,12,0.3069,-0.1428,6,4,2.0,1.0,2.0,1.0,,,,,,,,,,,,,,,,
11352559,23/24,19,1703708100,finished,Everton,Manchester City,48,17,1,3,Goodison Park,John Brooks,39327.0,28,72,0.98,2.6,2.0,4.0,7,23,6.0,1.0,4,8,13,5,293,772,15,12,5,12,4.0,2.0,2,9,0,1,5,8,0,6,6,13,1,10,1.0,2.0,1.0,3.0,1.0,1.0,211,701,13,18,40,48,29,39,5,4,42,58,4,10,26,39,7,7,6,15,5,7,9,4,61,64,21,17,-0.7131,-0.3794,6,5,1.0,2.0,,,,,,,,,,,,,,,,,,
11777280,23/24,19,1703791800,finished,Brighton & Hove Albion,Tottenham Hotspur,30,33,4,2,American Express Stadium,Jarred Gillett,31675.0,45,55,3.58,2.35,7.0,4.0,15,19,1.0,5.0,7,6,18,6,459,537,16,16,6,18,3.0,2.0,9,3,2,2,3,8,3,8,13,14,2,5,4.0,2.0,3.0,3.0,2.0,5.0,379,456,13,22,40,66,22,19,4,6,40,60,8,10,28,47,8,8,6,13,12,8,13,11,68,72,29,12,0.2184,0.6992,11,5,3.0,2.0,1.0,0.0,,,,,,,,,,,,,,,,
11777281,23/24,19,1703794500,finished,Arsenal,West Ham United,42,37,0,2,Emirates Stadium,Michael Oliver,60261.0,74,26,2.77,1.42,5.0,2.0,30,6,1.0,8.0,10,3,8,8,749,265,20,24,8,7,2.0,0.0,8,3,1,0,12,1,10,2,18,4,12,2,5.0,1.0,3.0,2.0,0.0,1.0,679,184,12,17,75,32,5,20,7,2,51,49,10,11,33,36,17,12,5,5,7,11,6,8,55,54,9,38,0.3011,1.2125,6,16,0.0,1.0,1.0,0.0,,,,,,,,,,,,,,,,
11352582,23/24,20,1703939400,finished,Luton Town,Chelsea,72,38,2,3,Kenilworth Road,Paul Tierney,11041.0,51,49,2.53,1.5,4.0,1.0,15,12,5.0,4.0,7,2,14,21,406,418,21,26,20,14,2.0,2.0,6,8,2,0,4,2,5,2,12,7,3,5,2.0,0.0,6.0,1.0,5.0,1.0,339,346,26,12,53,47,22,39,11,0,48,52,13,8,50,54,14,15,9,14,13,16,10,5,57,54,4,25,0.1336,0.7486,4,13,2.0,1.0,0.0,1.0,,,,,,,,,,,,,,,,
11352576,23/24,20,1703948400,finished,Crystal Palace,Brentford,7,50,3,1,Selhurst Park,Robert Jones,,46,54,0.98,1.39,2.0,2.0,13,9,4.0,3.0,7,4,14,10,443,510,17,20,10,14,0.0,1.0,6,4,0,1,4,4,3,1,9,6,4,3,0.0,1.0,1.0,2.0,1.0,1.0,362,411,20,20,73,74,34,24,8,5,51,49,13,7,40,39,10,10,13,6,9,13,9,9,71,66,28,18,0.2699,-1.0345,4,8,2.0,1.0,0.0,2.0,,,,,,,,,,,,,,,,
11352592,23/24,20,1703948400,finished,Wolverhampton,Everton,3,48,3,0,Molineux Stadium,Thomas Bramall,,53,47,1.99,0.46,3.0,0.0,12,10,0.0,4.0,5,2,9,14,512,457,19,23,14,8,2.0,3.0,6,0,1,1,3,6,3,4,10,5,2,5,,,1.0,0.0,3.0,1.0,417,361,18,19,61,56,28,23,3,3,50,50,9,12,44,39,8,12,11,9,12,15,9,14,70,66,17,26,0.0,-0.4683,8,5,3.0,0.0,1.0,0.0,,,,,,,,,,,,,,,,
11352573,23/24,20,1703948400,finished,Aston Villa,Burnley,40,6,3,2,Villa Park,Stuart Attwell,,66,34,3.23,1.17,3.0,1.0,19,9,3.0,4.0,6,2,9,14,465,240,10,14,13,8,4.0,3.0,7,5,0,0,7,3,5,1,13,7,6,2,1.0,0.0,4.0,1.0,1.0,6.0,396,173,12,15,50,47,19,24,1,2,51,49,7,5,29,25,11,14,6,4,5,7,4,5,39,43,12,14,-0.6594,-0.3752,5,13,2.0,1.0,0.0,1.0,,,,,,,,,0.0,1.0,,,,,,
11352583,23/24,20,1703948400,finished,Manchester City,Sheffield United,17,15,2,0,Etihad Stadium,David Coote,,81,19,2.21,0.31,2.0,0.0,18,4,2.0,2.0,12,2,5,6,1000,233,7,15,6,5,1.0,1.0,4,2,0,0,8,0,6,2,10,4,8,0,1.0,0.0,1.0,0.0,1.0,2.0,944,174,8,12,108,20,39,10,2,3,49,51,9,5,18,24,11,6,6,4,4,7,2,7,43,34,10,25,0.1755,0.3827,0,11,1.0,0.0,3.0,0.0,,,,,,,,,,,,,,,,
11352586,23/24,20,1703957400,finished,Nottingham Forest,Manchester United,14,35,2,1,City Ground,Tim Robinson,,45,55,0.7,0.76,1.0,0.0,8,10,4.0,0.0,4,5,9,11,397,489,26,14,11,9,2.0,4.0,2,5,0,1,3,2,3,3,4,6,4,4,,,1.0,0.0,1.0,2.0,310,395,9,30,53,64,25,23,2,4,55,45,5,16,41,33,10,9,4,11,17,8,5,8,62,48,25,23,-0.2774,-0.9891,6,8,1.0,0.0,1.0,0.0,,,,,,,,,,,,,,,,
11352587,23/24,20,1704031200,finished,Tottenham Hotspur,Bournemouth,33,60,3,1,Tottenham Hotspur Stadium,Simon Hooper,61780.0,51,49,2.32,1.68,3.0,1.0,12,24,3.0,3.0,4,13,9,18,436,407,23,19,18,9,3.0,2.0,6,4,1,1,4,9,2,11,10,16,2,8,2.0,1.0,1.0,2.0,4.0,3.0,355,344,14,24,39,64,18,40,2,12,50,50,11,11,49,36,9,21,8,8,11,10,7,13,54,59,23,15,-0.2353,-1.093,13,5,1.0,0.0,4.0,1.0,,,,,,,,,,,,,,,,
11352577,23/24,20,1704031200,finished,Fulham,Arsenal,43,42,2,1,Craven Cottage,Josh Smith,24444.0,40,60,1.22,1.64,2.0,2.0,15,13,2.0,2.0,5,4,11,10,412,637,15,13,8,11,4.0,1.0,4,3,1,0,5,7,6,3,8,10,7,3,0.0,1.0,2.0,1.0,4.0,0.0,340,562,10,9,37,59,28,8,6,2,50,50,7,7,30,30,10,10,7,6,6,9,17,7,52,54,22,13,0.3785,-0.9829,13,5,2.0,1.0,1.0,0.0,,,,,,,,,,,,,,,,
11352580,23/24,20,1704139200,finished,Liverpool,Newcastle United,44,39,4,2,Anfield,Anthony Taylor,57471.0,62,38,7.11,0.6,9.0,2.0,34,5,1.0,10.0,7,3,16,15,555,350,15,20,15,15,3.0,5.0,15,3,1,0,7,1,12,1,25,4,9,1,5.0,0.0,6.0,1.0,1.0,3.0,471,264,16,14,69,29,34,17,6,1,48,52,10,8,45,47,9,11,15,13,7,13,11,9,64,61,1,39,-0.6061,2.6713,4,8,4.0,2.0,2.0,3.0,,,,,,,,,,,,,,,,
11352589,23/24,20,1704223800,finished,West Ham United,Brighton & Hove Albion,37,30,0,0,London Stadium,Samuel Barrott,62462.0,31,69,0.68,2.38,2.0,3.0,6,22,8.0,2.0,2,0,4,6,382,865,18,12,6,4,1.0,0.0,2,8,0,0,4,9,0,5,4,17,2,5,2.0,3.0,0.0,1.0,3.0,1.0,311,798,17,20,50,78,25,23,3,4,55,45,6,10,29,19,8,11,5,3,14,6,14,8,52,55,24,15,1.4712,0.1695,10,8,,,0.0,1.0,,,,,,,,,,,,,,,,
11352318,23/24,21,1705088700,finished,Burnley,Luton Town,6,72,1,1,Turf Moor,Tony Harrington,20155.0,39,61,1.1,0.95,2.0,1.0,13,14,4.0,7.0,2,8,7,12,342,542,17,23,12,7,1.0,0.0,7,5,0,0,6,3,0,6,7,8,6,6,1.0,0.0,3.0,0.0,1.0,4.0,240,439,25,18,48,52,18,28,3,3,46,54,12,12,39,43,21,27,12,13,9,14,12,7,53,62,29,13,-0.2988,0.4461,4,9,1.0,1.0,,,,,,,,,,,,,,,,,,
11352321,23/24,21,1705149000,finished,Chelsea,Fulham,38,43,1,0,Stamford Bridge,Anthony Taylor,39643.0,55,45,2.19,0.86,2.0,0.0,17,14,4.0,2.0,6,4,13,9,524,423,20,25,8,13,5.0,1.0,3,4,2,0,9,6,5,4,12,8,5,6,1.0,0.0,3.0,5.0,4.0,0.0,442,330,19,25,62,40,21,22,4,4,47,53,11,13,41,46,14,15,13,8,8,15,7,18,59,47,37,24,0.9963,0.1894,6,8,1.0,0.0,1.0,0.0,,,,,,,,,,,,,,,,
11352440,23/24,15,1701804600,finished,Wolverhampton,Burnley,3,6,1,0,Molineux Stadium,Jarred Gillett,30439.0,51,49,0.83,0.87,2.0,1.0,7,12,3.0,3.0,5,8,11,15,467,436,17,19,15,10,2.0,4.0,4,3,0,0,3,5,0,4,5,4,2,8,1.0,1.0,4.0,2.0,2.0,0.0,370,337,21,24,37,58,26,15,4,2,54,46,6,10,39,34,19,15,7,5,12,11,5,10,48,51,27,15,0.333,-0.1205,9,5,1.0,0.0,1.0,0.0,,,,,,,,,,,,,,,,
11352430,23/24,15,1701807300,finished,Luton Town,Arsenal,72,42,3,4,Kenilworth Road,Samuel Barrott,11112.0,33,67,0.51,2.26,1.0,3.0,6,23,5.0,1.0,3,8,14,7,296,589,20,13,7,14,2.0,1.0,4,9,0,0,1,5,1,9,3,16,3,7,,,0.0,3.0,1.0,4.0,195,500,13,17,53,74,27,21,3,6,53,47,5,11,42,34,20,20,16,8,12,5,8,6,57,55,35,14,-0.167,-2.1277,8,5,1.0,3.0,0.0,2.0,,,,,,,,,,,,,,,,
11352442,23/24,15,1701891000,finished,Crystal Palace,Bournemouth,7,60,0,2,Selhurst Park,Craig Pawson,25078.0,59,41,1.01,1.9,2.0,2.0,16,11,2.0,3.0,3,9,10,17,524,354,23,19,16,9,1.0,3.0,3,4,1,0,7,4,6,3,9,9,7,2,2.0,0.0,4.0,1.0,,,433,257,24,19,69,58,29,25,4,9,55,45,12,9,49,35,19,20,11,8,17,10,2,9,53,55,14,17,-0.3122,0.5485,6,9,0.0,2.0,2.0,1.0,,,,,,,,,,,,,,,,
11352426,23/24,15,1701891000,finished,Fulham,Nottingham Forest,43,14,5,0,Craven Cottage,Josh Smith,24105.0,64,36,2.52,0.26,5.0,0.0,14,4,1.0,1.0,6,1,7,10,700,401,22,13,10,7,0.0,1.0,6,1,1,0,4,3,4,0,9,3,5,1,,,2.0,1.0,2.0,3.0,616,330,19,21,66,52,39,25,2,2,61,39,8,8,37,25,16,9,5,5,20,8,10,6,55,45,8,19,0.0392,-1.5993,4,8,5.0,0.0,2.0,1.0,,,,,,,,,,,,,,,,
11352421,23/24,15,1701891000,finished,Brighton & Hove Albion,Brentford,30,50,2,1,American Express Stadium,Peter Bankes,30760.0,62,38,1.57,1.52,1.0,1.0,18,8,0.0,5.0,7,3,10,8,608,377,15,28,8,10,3.0,1.0,7,2,0,0,7,3,4,3,12,8,6,0,1.0,0.0,0.0,4.0,1.0,2.0,526,279,17,14,68,39,34,22,4,2,50,50,13,5,33,45,25,13,10,7,9,19,8,11,62,61,20,19,-0.0111,0.2174,2,10,0.0,1.0,1.0,0.0,,,,,,,,,,,,,,,,
11352433,23/24,15,1701891000,finished,Sheffield United,Liverpool,15,44,0,2,Bramall Lane,Simon Hooper,31406.0,24,76,0.99,1.69,3.0,4.0,6,15,6.0,1.0,2,12,12,8,207,632,20,16,8,12,2.0,3.0,1,8,0,0,3,5,2,2,5,11,1,4,3.0,2.0,2.0,3.0,1.0,4.0,100,529,21,29,47,73,10,25,1,8,41,59,4,10,37,39,18,40,9,12,15,10,9,11,47,50,23,17,1.001,0.421,9,6,0.0,2.0,2.0,1.0,,,,,,,,,,,,,,,,
11352417,23/24,15,1701893700,finished,Aston Villa,Manchester City,40,17,1,0,Villa Park,John Brooks,41421.0,46,54,2.38,0.65,2.0,2.0,22,2,2.0,6.0,6,0,13,13,436,520,15,19,13,12,2.0,2.0,7,2,1,0,6,0,9,0,12,2,10,0,2.0,2.0,3.0,2.0,0.0,5.0,372,454,12,12,47,45,31,23,4,1,60,40,14,5,44,33,9,3,16,2,7,12,7,6,55,55,6,29,0.8077,0.7548,3,8,,,1.0,1.0,,,,,,,,,,,,,,,,
11352445,23/24,15,1701893700,finished,Manchester United,Chelsea,35,38,2,1,Old Trafford,Chris Kavanagh,73607.0,45,55,4.17,1.52,5.0,5.0,28,13,2.0,7.0,12,4,12,12,397,512,16,12,12,12,4.0,0.0,9,3,0,2,11,7,8,3,20,10,8,3,4.0,5.0,2.0,1.0,3.0,1.0,339,440,15,17,38,26,16,26,6,3,50,50,2,6,37,33,5,9,9,9,13,6,6,10,53,48,9,13,-0.3597,1.3016,8,12,1.0,0.0,1.0,1.0,,,,,,,,,,,,,,,,
11352424,23/24,15,1701977400,finished,Everton,Newcastle United,48,39,3,0,Goodison Park,Tim Robinson,38198.0,39,61,3.36,1.57,3.0,4.0,21,13,3.0,3.0,5,2,18,8,313,539,22,10,8,18,3.0,0.0,6,3,0,0,8,7,7,3,16,7,5,6,1.0,4.0,1.0,3.0,0.0,2.0,235,452,12,19,58,59,32,20,8,2,51,49,7,10,34,40,19,10,5,12,13,7,10,1,59,51,20,32,0.6356,-1.1903,9,13,2.0,0.0,1.0,0.0,,,,,,,,,,,,,,,,
11777279,23/24,15,1701980100,finished,Tottenham Hotspur,West Ham United,33,37,1,2,Tottenham Hotspur Stadium,Michael Salisbury,60733.0,75,25,1.79,2.23,1.0,3.0,23,11,3.0,5.0,8,4,11,12,784,251,18,23,10,10,3.0,3.0,7,5,1,1,10,4,6,2,16,7,7,4,1.0,1.0,4.0,0.0,1.0,6.0,717,184,14,12,83,23,14,24,5,4,51,49,15,9,36,37,11,8,8,4,13,15,10,15,62,63,12,27,1.0407,0.0028999999999999,5,10,0.0,2.0,3.0,0.0,,,,,,,,,,,,,,,,
11352455,23/24,16,1702125000,finished,Crystal Palace,Liverpool,7,44,1,2,Selhurst Park,Andy Madley,25103.0,24,76,1.74,1.25,3.0,2.0,8,14,0.0,3.0,6,5,17,17,197,662,23,11,17,17,7.0,2.0,4,2,1,0,2,7,2,5,6,9,2,5,2.0,2.0,5.0,0.0,0.0,6.0,115,579,13,21,49,63,15,23,7,3,54,46,4,13,46,34,10,14,6,7,14,8,5,5,48,57,30,20,-1.7077,0.6378,11,2,1.0,0.0,,,,,,,,,,,1.0,0.0,,,,,,
11352471,23/24,16,1702134000,finished,Sheffield United,Brentford,15,50,1,0,Bramall Lane,Stuart Attwell,28509.0,40,60,0.81,0.66,2.0,0.0,9,10,4.0,3.0,3,3,14,13,334,489,14,23,13,13,5.0,1.0,4,4,0,0,4,3,1,3,4,8,5,2,2.0,0.0,0.0,1.0,1.0,1.0,242,384,27,31,54,72,33,19,1,5,49,51,10,6,34,46,24,15,8,10,8,17,8,8,70,54,43,15,0.3439,-0.0695,5,8,,,,,,,,,,,,,,,,,,,,
11352477,23/24,16,1702134000,finished,Wolverhampton,Nottingham Forest,3,14,1,1,Molineux Stadium,Samuel Barrott,31543.0,68,32,1.17,1.29,1.0,2.0,10,8,1.0,3.0,4,3,9,11,655,307,9,21,11,9,0.0,1.0,4,2,0,0,4,4,2,2,7,6,3,2,0.0,2.0,4.0,0.0,3.0,1.0,555,210,39,17,76,53,38,21,6,3,43,57,14,4,31,36,13,23,11,6,4,15,7,11,52,53,14,21,-0.6615,0.2751,3,6,1.0,0.0,1.0,0.0,,,,,,,,,,,,,,,,
11352452,23/24,16,1702134000,finished,Brighton & Hove Albion,Burnley,30,6,1,1,American Express Stadium,Simon Hooper,31511.0,72,28,2.78,0.56,4.0,2.0,29,6,2.0,10.0,9,1,5,8,777,308,13,28,8,5,0.0,4.0,11,3,0,0,11,1,7,2,23,5,6,1,3.0,2.0,2.0,0.0,2.0,1.0,705,225,19,12,76,53,16,14,9,0,46,54,18,6,28,40,19,15,8,7,6,17,5,9,65,55,2,34,0.0981,2.9961,5,13,1.0,0.0,,,,,,,,,,,,,,,,,,
11352468,23/24,16,1702134000,finished,Manchester United,Bournemouth,35,60,0,3,Old Trafford,Peter Bankes,73427.0,69,31,1.16,1.48,0.0,3.0,20,10,1.0,3.0,10,4,7,10,660,296,23,19,9,7,3.0,1.0,3,4,0,1,5,5,12,1,15,9,5,1,0.0,1.0,0.0,2.0,1.0,2.0,561,208,21,17,81,50,40,21,5,6,55,45,11,5,43,40,22,14,12,14,15,9,7,14,55,70,12,30,-0.8776,0.1739,6,7,0.0,2.0,1.0,0.0,,,,,,,,,,,,,,,,
11352449,23/24,16,1702143000,finished,Aston Villa,Arsenal,40,42,1,0,Villa Park,Jarred Gillett,42000.0,39,61,0.57,1.4,0.0,4.0,10,12,3.0,2.0,3,3,16,11,289,462,31,31,10,16,4.0,2.0,3,5,0,0,2,4,5,3,5,10,5,2,0.0,4.0,1.0,2.0,1.0,4.0,209,389,18,12,46,58,20,14,0,3,44,56,18,18,45,54,4,8,4,7,17,18,13,4,62,72,25,16,0.781,-0.6287,8,4,,,0.0,3.0,,,,,,,,,,,,,,,,
11352461,23/24,16,1702216800,finished,Fulham,West Ham United,43,37,5,0,Craven Cottage,Paul Tierney,23988.0,63,37,2.37,1.34,4.0,2.0,14,9,5.0,3.0,3,6,5,10,762,430,21,10,9,5,2.0,1.0,8,5,0,0,5,3,1,1,9,5,5,4,2.0,2.0,0.0,1.0,,,680,360,20,17,59,51,30,21,6,2,65,35,5,11,40,24,14,5,10,9,9,7,8,12,63,57,21,14,1.321,-0.984,6,8,2.0,0.0,2.0,1.0,,,,,,,,,,,,,,,,
11352459,23/24,16,1702216800,finished,Everton,Chelsea,48,38,2,0,Goodison Park,Michael Oliver,39280.0,28,72,1.22,0.95,2.0,0.0,9,16,4.0,3.0,4,8,12,12,259,703,23,20,11,11,2.0,2.0,5,4,0,0,2,6,2,6,6,7,3,9,1.0,0.0,1.0,2.0,2.0,1.0,166,610,19,18,53,75,20,21,6,4,48,52,10,10,40,43,15,17,7,12,13,14,14,4,61,62,24,25,0.8002,-0.3822,8,6,1.0,0.0,1.0,1.0,,,,,,,,,,,,,,,,
11352464,23/24,16,1702216800,finished,Luton Town,Manchester City,72,17,1,2,Kenilworth Road,Tim Robinson,11047.0,35,65,0.33,1.61,1.0,3.0,4,18,4.0,1.0,6,3,16,6,302,594,20,21,5,15,2.0,1.0,2,6,0,1,2,7,0,5,2,9,2,9,0.0,2.0,2.0,4.0,1.0,1.0,224,513,20,29,52,46,24,12,1,3,41,59,10,11,34,48,10,15,9,12,8,10,14,2,51,52,12,15,-0.8329,-0.114,11,4,1.0,1.0,1.0,1.0,,,,,,,,,,,,,,,,
11352473,23/24,16,1702225800,finished,Tottenham Hotspur,Newcastle United,33,39,4,1,Tottenham Hotspur Stadium,Chris Kavanagh,61171.0,56,44,3.81,1.69,7.0,3.0,23,9,2.0,7.0,3,6,10,12,536,409,31,27,12,10,1.0,3.0,12,3,2,0,8,4,3,2,18,6,5,3,3.0,2.0,1.0,3.0,1.0,3.0,460,343,21,18,57,45,21,29,5,4,60,40,17,18,58,45,13,3,16,8,22,12,10,14,61,62,13,20,0.0459,0.6459,5,9,4.0,1.0,4.0,1.0,,,,,,,,,,,,,,,,
11352505,23/24,17,1702670400,finished,Nottingham Forest,Tottenham Hotspur,14,33,0,2,City Ground,Jarred Gillett,29296.0,33,67,1.35,1.57,2.0,2.0,15,12,4.0,1.0,6,4,16,11,244,547,29,19,10,15,2.0,4.0,1,6,1,0,8,2,6,4,10,11,5,1,2.0,1.0,5.0,2.0,5.0,0.0,179,486,20,15,42,62,20,26,3,4,48,51,10,18,43,41,13,18,4,7,19,11,5,5,57,52,15,27,-0.9633,0.3919,6,8,0.0,1.0,0.0,1.0,,,,,,,,,0.0,1.0,,,,,,
11352501,23/24,17,1702738800,finished,Newcastle United,Fulham,39,43,3,0,St James' Park,Samuel Barrott,52055.0,71,29,3.51,0.28,6.0,1.0,27,6,4.0,7.0,5,1,7,12,696,287,11,22,12,7,0.0,2.0,10,4,2,0,10,2,7,0,19,3,8,3,3.0,1.0,6.0,1.0,2.0,0.0,629,221,17,13,86,36,19,12,9,2,59,41,5,5,34,32,17,4,11,3,6,11,8,12,55,43,6,26,0.3075,0.8986,3,14,3.0,0.0,2.0,1.0,,,,,,,,,0.0,1.0,,,,,,
11352492,23/24,17,1702738800,finished,Chelsea,Sheffield United,38,15,2,0,Stamford Bridge,Andy Madley,39599.0,78,22,3.05,0.36,5.0,0.0,15,6,1.0,4.0,7,5,9,14,815,226,16,28,14,9,1.0,3.0,6,1,0,0,4,1,5,4,7,3,8,3,3.0,0.0,2.0,1.0,3.0,1.0,740,138,20,8,76,43,19,14,1,2,48,52,15,8,42,44,10,12,12,7,5,15,17,13,61,58,11,24,0.1798,-0.0402,4,8,2.0,0.0,,,,,,,,,,,,,,,,,,
11352498,23/24,17,1702738800,finished,Manchester City,Crystal Palace,17,7,2,2,Etihad Stadium,Paul Tierney,53112.0,74,26,1.61,1.82,5.0,2.0,19,5,0.0,7.0,6,1,12,9,818,285,13,14,9,12,1.0,1.0,9,2,0,0,5,1,5,2,12,2,7,3,3.0,0.0,3.0,5.0,2.0,1.0,751,216,17,14,94,27,14,14,10,1,49,51,11,8,28,34,9,5,6,8,2,3,3,6,45,42,7,29,-0.1375,1.8085,2,8,2.0,2.0,3.0,0.0,,,,,,,,,,,,,,,,
11352489,23/24,17,1702747800,finished,Burnley,Everton,6,48,0,2,Turf Moor,Anthony Taylor,21413.0,62,38,0.71,1.46,0.0,5.0,14,9,4.0,2.0,8,6,9,8,542,330,18,12,8,9,0.0,1.0,2,6,1,1,3,3,9,0,8,7,6,2,0.0,3.0,3.0,3.0,0.0,4.0,460,237,23,22,72,49,27,26,3,6,53,47,7,10,35,26,22,24,9,5,9,11,2,5,43,53,18,29,-0.1453,0.1502,4,7,0.0,2.0,1.0,1.0,,,,,,,,,,,,,,,,
11352508,23/24,17,1702821600,finished,West Ham United,Wolverhampton,37,3,3,0,London Stadium,Chris Kavanagh,62455.0,44,56,1.13,0.66,1.0,0.0,13,14,3.0,1.0,6,5,12,15,433,541,18,25,15,11,3.0,1.0,4,3,1,0,5,4,4,7,6,7,7,7,,,3.0,1.0,1.0,2.0,343,456,21,11,62,48,28,20,3,6,53,47,18,12,45,43,21,16,12,8,12,13,10,2,67,60,25,22,0.4545,-1.4584,4,8,1.0,0.0,,,,,,,,,,,,,,,,,,
11352487,23/24,17,1702821600,finished,Brentford,Aston Villa,50,40,1,2,Brentford Community Stadium,David Coote,17034.0,33,67,0.51,1.42,2.0,4.0,4,15,3.0,2.0,7,11,19,6,250,528,33,12,6,18,6.0,4.0,3,5,0,0,1,6,0,4,4,8,0,7,2.0,2.0,1.0,0.0,7.0,0.0,170,449,16,23,42,77,18,21,2,9,47,53,8,22,43,42,7,14,5,12,16,11,15,7,55,53,16,29,-0.7949,-0.0809,7,0,0.0,2.0,1.0,1.0,,,,,,,,,1.0,1.0,,,,,,
11352483,23/24,17,1702821600,finished,Arsenal,Brighton & Hove Albion,42,30,2,0,Emirates Stadium,Tim Robinson,60257.0,49,51,2.34,0.69,5.0,1.0,26,6,1.0,6.0,10,1,11,9,516,550,12,18,9,10,1.0,3.0,9,1,0,0,8,3,9,2,20,5,6,1,3.0,1.0,1.0,0.0,1.0,1.0,463,495,14,11,51,44,13,15,6,2,49,51,13,6,32,32,8,10,11,4,7,7,11,3,43,39,6,21,0.0575,-0.5674,3,9,2.0,0.0,2.0,0.0,,,,,,,,,,,,,,,,
11352496,23/24,17,1702830600,finished,Liverpool,Manchester United,44,35,0,0,Anfield,Michael Oliver,57158.0,68,32,2.38,0.75,1.0,1.0,34,6,2.0,8.0,12,0,13,8,607,293,24,17,8,13,2.0,6.0,8,1,0,0,13,4,13,1,19,4,15,2,1.0,1.0,3.0,1.0,4.0,2.0,510,209,35,19,79,32,29,28,10,0,51,49,10,15,40,34,11,15,8,4,13,10,8,7,56,50,5,45,0.0964,1.4384,3,19,,,0.0,1.0,,,,,,,,,0.0,1.0,,,,,,
11352514,23/24,18,1703188800,finished,Crystal Palace,Brighton & Hove Albion,7,30,1,1,Selhurst Park,John Brooks,24171.0,34,66,1.35,1.19,2.0,3.0,11,18,5.0,2.0,3,1,12,11,389,759,28,20,11,12,5.0,2.0,3,6,0,0,3,7,5,5,10,10,1,8,1.0,3.0,2.0,2.0,1.0,2.0,305,692,17,11,39,81,22,22,4,4,53,47,9,12,47,38,10,13,8,6,15,11,5,7,57,60,13,10,0.0478,0.218,12,6,1.0,0.0,1.0,0.0,,,,,,,,,,,,,,,,
11352349,23/24,12,1699705800,finished,Wolverhampton,Tottenham Hotspur,3,33,2,1,Molineux Stadium,Tim Robinson,31642.0,42,58,2.15,0.7,4.0,1.0,17,6,1.0,2.0,11,3,19,15,430,628,23,19,15,19,4.0,3.0,4,2,0,0,6,2,7,2,10,3,7,3,2.0,0.0,3.0,0.0,4.0,1.0,364,551,20,16,45,53,38,17,3,2,55,45,9,16,59,47,10,9,21,9,13,11,10,7,59,57,10,27,0.4004,0.6177,4,9,2.0,1.0,1.0,0.0,,,,,,,,,,,,,,,,
11352335,23/24,12,1699714800,finished,Crystal Palace,Everton,7,48,2,3,Selhurst Park,Samuel Barrott,25103.0,67,33,2.17,1.53,2.0,3.0,13,8,1.0,3.0,9,2,9,18,658,310,17,22,18,7,1.0,4.0,4,4,0,1,3,3,6,1,10,5,3,3,,,3.0,1.0,4.0,0.0,573,227,22,23,71,68,39,23,2,5,60,40,16,12,48,35,24,14,13,6,9,13,12,10,58,50,26,36,-1.2718,0.1118,5,8,2.0,3.0,1.0,0.0,,,,,,,,,,,,,,,,
11352353,23/24,12,1699714800,finished,Arsenal,Burnley,42,6,3,1,Emirates Stadium,Michael Oliver,60232.0,64,36,1.95,0.32,3.0,0.0,16,8,4.0,3.0,13,3,8,9,561,334,17,13,9,7,0.0,1.0,6,5,2,0,6,3,4,0,12,4,4,4,1.0,0.0,,,3.0,2.0,480,265,12,17,70,40,19,27,9,2,57,43,7,6,31,23,28,22,5,3,8,8,3,10,44,30,11,32,0.0843,-0.0463,4,8,2.0,0.0,,,,,,,,,,,1.0,0.0,,,,,,
11352341,23/24,12,1699714800,finished,Manchester United,Luton Town,35,72,1,0,Old Trafford,Graham Scott,73599.0,65,35,2.18,0.41,4.0,0.0,15,10,4.0,3.0,11,3,9,11,576,321,17,14,9,9,0.0,2.0,4,4,0,0,8,2,3,4,11,4,4,6,4.0,0.0,3.0,1.0,1.0,1.0,501,254,21,16,90,37,27,16,7,2,53,47,5,8,30,29,13,9,5,7,10,11,3,15,54,48,12,34,0.6789,0.476,4,13,,,,,,,,,,,,,,,,,,,,
11352350,23/24,12,1699723800,finished,Bournemouth,Newcastle United,60,39,2,0,Vitality Stadium,Chris Kavanagh,11201.0,48,52,2.46,0.49,3.0,0.0,19,8,5.0,8.0,6,5,10,4,422,469,27,23,4,10,2.0,1.0,10,5,1,0,6,3,3,0,15,4,4,4,1.0,0.0,2.0,1.0,0.0,2.0,331,377,26,12,59,39,31,24,3,0,52,48,8,14,42,40,14,12,11,7,18,16,9,6,66,65,13,18,0.7478,0.8706,5,7,2.0,0.0,,,,,,,,,,,,,,,,,,
11352329,23/24,12,1699797600,finished,Brighton & Hove Albion,Sheffield United,30,15,1,1,American Express Stadium,John Brooks,31367.0,61,39,1.53,1.07,1.0,2.0,11,9,1.0,5.0,6,3,13,16,627,396,13,27,16,13,3.0,2.0,6,1,0,0,4,6,1,2,8,4,3,5,0.0,2.0,4.0,1.0,3.0,1.0,544,311,16,12,47,39,24,17,4,2,49,51,12,6,40,46,14,11,11,6,7,15,3,8,50,52,13,18,-0.967,0.1698,9,6,1.0,0.0,2.0,0.0,,,,,,,,,1.0,0.0,,,,,,
11352345,23/24,12,1699797600,finished,West Ham United,Nottingham Forest,37,14,3,2,London Stadium,Michael Salisbury,62470.0,54,46,1.8,1.69,3.0,3.0,16,10,3.0,3.0,9,4,9,12,516,438,19,17,12,8,2.0,2.0,6,5,1,0,4,2,6,3,8,8,8,2,2.0,2.0,2.0,2.0,1.0,0.0,439,356,16,20,68,57,27,19,6,8,54,46,6,12,35,26,17,19,4,1,12,8,6,8,61,51,26,26,-0.0852,-1.7222,3,7,1.0,1.0,0.0,1.0,,,,,,,,,,,,,,,,
11352326,23/24,12,1699797600,finished,Aston Villa,Fulham,40,43,3,1,Villa Park,Simon Hooper,41608.0,51,49,3.08,0.93,4.0,1.0,12,9,4.0,4.0,2,2,4,17,511,489,7,15,17,4,2.0,5.0,6,5,0,2,5,4,1,0,9,5,3,4,3.0,0.0,2.0,0.0,3.0,7.0,425,413,13,12,48,45,29,22,2,4,55,45,10,5,35,31,10,6,11,12,4,6,10,13,55,57,13,13,0.293,-0.8803,4,3,1.0,1.0,1.0,2.0,,,,,,,,,,,,,,,,
11352339,23/24,12,1699797600,finished,Liverpool,Brentford,44,50,3,0,Anfield,Paul Tierney,50151.0,58,42,1.71,1.68,3.0,2.0,17,16,3.0,8.0,6,8,16,12,504,354,10,14,10,16,1.0,2.0,10,3,0,0,4,9,3,4,7,9,10,7,1.0,2.0,2.0,2.0,2.0,2.0,415,269,20,11,59,39,34,24,4,5,43,57,6,8,25,41,21,19,6,11,5,8,5,11,53,63,20,31,1.0423,-0.4253,10,6,2.0,0.0,2.0,1.0,,,,,,,,,,,,,,,,
11352332,23/24,12,1699806600,finished,Chelsea,Manchester City,38,17,4,4,Stamford Bridge,Anthony Taylor,39532.0,45,55,2.95,2.88,5.0,5.0,17,15,6.0,5.0,3,3,13,15,444,531,21,17,13,13,5.0,3.0,9,10,0,0,3,3,5,2,11,11,6,4,2.0,2.0,3.0,5.0,1.0,0.0,377,477,14,18,32,55,23,30,1,5,49,51,5,10,43,44,3,4,9,14,13,9,5,9,51,56,18,12,-0.4686,0.0987,8,3,3.0,3.0,,,,,,,,,,,,,,,,,,
11352373,23/24,13,1700915400,finished,Manchester City,Liverpool,17,44,1,1,Etihad Stadium,Chris Kavanagh,53289.0,60,40,1.36,0.56,2.0,1.0,16,8,2.0,4.0,9,6,9,11,614,414,22,12,11,8,1.0,3.0,5,3,0,0,4,3,7,2,11,6,5,2,1.0,1.0,4.0,1.0,3.0,4.0,559,338,8,14,69,38,32,16,5,2,66,34,6,13,49,25,17,9,17,7,14,7,5,5,54,47,23,19,-0.2933,0.7703,3,13,1.0,0.0,0.0,4.0,,,,,,,,,,,,,,,,
11352382,23/24,13,1700924400,finished,Sheffield United,Bournemouth,15,60,1,3,Bramall Lane,Andy Madley,30208.0,46,54,0.78,2.86,1.0,4.0,10,23,8.0,1.0,4,7,6,8,405,490,26,16,8,6,4.0,1.0,2,11,0,0,4,10,4,2,9,16,1,7,0.0,1.0,1.0,1.0,4.0,1.0,271,371,25,32,77,58,19,45,6,5,51,49,10,20,39,33,28,31,5,11,14,11,6,5,61,69,21,19,0.4067,-0.1703,12,6,1.0,3.0,,,,,,,,,,,,,,,,,,
11352370,23/24,13,1700924400,finished,Luton Town,Crystal Palace,72,7,2,1,Kenilworth Road,Jarred Gillett,11029.0,39,61,0.94,1.67,1.0,2.0,8,16,7.0,1.0,4,5,15,12,335,538,18,17,11,14,6.0,1.0,3,8,0,1,3,3,2,5,6,11,2,5,0.0,2.0,2.0,2.0,1.0,1.0,249,427,20,27,56,67,26,21,5,8,50,50,8,11,38,38,18,18,9,8,7,9,12,9,67,56,39,19,0.5828,-0.5235,8,4,1.0,0.0,1.0,2.0,,,,,,,,,,,,,,,,
11352379,23/24,13,1700924400,finished,Nottingham Forest,Brighton & Hove Albion,14,30,2,3,City Ground,Anthony Taylor,29404.0,47,53,1.93,1.48,4.0,1.0,18,10,2.0,3.0,6,4,12,7,465,551,13,13,7,12,2.0,6.0,5,5,0,0,5,3,8,2,14,6,4,4,2.0,0.0,3.0,4.0,,,379,479,15,7,42,47,24,32,13,4,49,51,5,8,25,29,18,15,5,4,6,8,12,9,53,51,10,31,-0.8654,-0.2302,7,11,2.0,1.0,,,,,,,,,,,0.0,1.0,,,,,,
11352360,23/24,13,1700924400,finished,Burnley,West Ham United,6,37,1,2,Turf Moor,Samuel Barrott,21319.0,51,49,1.26,0.9,2.0,2.0,11,11,2.0,4.0,4,5,11,7,496,473,17,20,6,11,1.0,3.0,5,3,0,0,6,3,0,5,8,10,3,1,1.0,1.0,2.0,0.0,2.0,1.0,409,359,15,24,45,61,31,24,5,9,42,58,11,9,28,44,20,22,5,13,11,14,5,7,64,59,27,9,-1.4303,0.3668,6,9,1.0,1.0,0.0,1.0,,,,,,,,,,,,,,,,
11352375,23/24,13,1700924400,finished,Newcastle United,Chelsea,39,38,4,1,St James' Park,Simon Hooper,52227.0,54,46,2.36,0.53,4.0,2.0,14,7,3.0,1.0,4,2,13,19,482,423,20,26,17,13,4.0,6.0,5,4,1,0,4,3,5,0,9,4,5,3,1.0,2.0,6.0,3.0,,,416,356,15,9,52,26,21,16,5,1,48,52,16,12,48,47,5,10,11,9,10,15,9,12,57,47,2,14,0.1617,-1.5321,5,8,3.0,0.0,3.0,0.0,,,,,,,,,0.0,1.0,,,,,,
11352356,23/24,13,1700933400,finished,Brentford,Arsenal,50,42,0,1,Brentford Community Stadium,Tim Robinson,17201.0,36,64,1.19,1.65,3.0,3.0,9,15,3.0,1.0,1,8,9,7,298,508,14,8,6,8,1.0,1.0,3,4,0,0,5,7,1,4,7,11,2,4,3.0,2.0,0.0,2.0,2.0,3.0,193,416,21,22,54,49,20,22,1,4,53,47,4,8,24,21,23,20,4,5,9,5,11,5,52,56,35,14,0.3222,0.1189,12,7,0.0,1.0,0.0,1.0,,,,,,,,,,,,,,,,
11352385,23/24,13,1701007200,finished,Tottenham Hotspur,Aston Villa,33,40,1,2,Tottenham Hotspur Stadium,Robert Jones,61679.0,62,38,2.34,1.76,4.0,4.0,18,15,3.0,6.0,9,3,11,13,633,384,21,18,12,11,0.0,4.0,8,5,2,1,9,8,1,2,16,9,2,6,4.0,3.0,4.0,3.0,5.0,2.0,571,331,14,8,61,38,22,25,7,6,52,48,5,14,45,40,9,9,12,11,12,9,9,12,60,61,8,15,-0.5095,0.8794,6,9,0.0,1.0,4.0,0.0,,,,,,,,,,,,,,,,
11352363,23/24,13,1701016200,finished,Everton,Manchester United,48,35,0,3,Goodison Park,John Brooks,39257.0,51,49,2.47,2.22,3.0,3.0,24,9,1.0,6.0,6,5,10,8,443,444,15,21,8,10,3.0,0.0,6,4,1,0,12,5,6,0,14,7,10,2,3.0,1.0,1.0,4.0,2.0,2.0,345,338,21,16,64,40,24,28,5,4,42,58,13,6,25,37,17,22,2,6,9,9,14,11,58,56,9,36,-0.5535,1.732,5,14,0.0,2.0,0.0,1.0,,,,,,,,,,,,,,,,
11352366,23/24,13,1701115200,finished,Fulham,Wolverhampton,43,3,3,2,Craven Cottage,Michael Salisbury,24366.0,60,40,2.9,1.35,3.0,2.0,12,10,4.0,3.0,6,2,13,13,639,432,17,11,13,12,2.0,2.0,6,6,0,1,3,4,3,0,6,7,6,3,,,4.0,1.0,1.0,1.0,539,325,23,16,60,41,29,11,4,2,57,43,7,9,34,28,11,6,4,5,7,6,16,4,59,59,14,22,-0.2061,0.3508,5,7,3.0,2.0,1.0,2.0,,,,,,,,,,,,,,,,
11352396,23/24,14,1701529200,finished,Burnley,Sheffield United,6,15,5,0,Turf Moor,Chris Kavanagh,20891.0,64,36,1.81,0.39,4.0,1.0,19,6,3.0,2.0,6,1,10,12,570,334,10,11,12,10,2.0,7.0,7,3,2,0,6,3,6,0,13,4,6,2,1.0,1.0,3.0,0.0,3.0,1.0,480,242,14,15,85,37,29,19,5,1,58,42,5,3,35,26,23,16,14,6,6,5,1,10,52,48,9,34,0.6121,-2.2408,4,5,3.0,0.0,,,,,,,,,,,0.0,1.0,,,,,,
11352393,23/24,14,1701529200,finished,Brentford,Luton Town,50,72,3,1,Brentford Community Stadium,Anthony Taylor,17075.0,69,31,3.47,0.23,2.0,0.0,27,7,0.0,3.0,7,5,10,8,626,277,18,17,8,10,1.0,2.0,6,1,0,0,9,1,12,5,19,2,8,5,,,3.0,1.0,0.0,2.0,530,191,27,13,88,22,23,12,7,1,44,56,11,11,34,34,10,23,8,7,9,8,7,8,62,55,21,39,-0.8509,-0.3204,2,13,2.0,0.0,1.0,0.0,,,,,,,,,,,,,,,,
11352391,23/24,14,1701529200,finished,Arsenal,Wolverhampton,42,3,2,1,Emirates Stadium,Peter Bankes,60262.0,57,43,2.89,0.71,4.0,2.0,19,6,2.0,4.0,4,0,10,10,617,478,17,18,8,9,1.0,2.0,6,3,2,0,8,3,5,0,14,6,5,0,4.0,2.0,1.0,2.0,3.0,0.0,545,382,14,12,87,46,25,24,5,2,44,56,8,10,28,36,9,11,3,9,8,10,12,8,53,51,9,18,-0.0574,-0.315,5,10,,,2.0,1.0,,,,,,,,,,,,,,,,
11352411,23/24,14,1701538200,finished,Nottingham Forest,Everton,14,48,0,1,City Ground,Paul Tierney,29404.0,62,38,0.72,0.67,0.0,1.0,13,12,1.0,2.0,4,3,15,14,592,359,21,16,13,15,1.0,0.0,2,3,1,1,5,5,6,4,9,5,4,7,0.0,1.0,3.0,3.0,1.0,2.0,484,235,17,20,59,61,36,26,4,0,52,48,6,17,41,33,23,27,7,3,14,6,10,9,77,74,43,31,-0.6393,0.4877,8,8,,,,,,,,,,,,,,,,,,,,
11352408,23/24,14,1701547200,finished,Newcastle United,Manchester United,39,35,1,0,St James' Park,Robert Jones,52214.0,58,42,2.5,0.48,4.0,0.0,22,8,1.0,3.0,7,3,6,14,522,366,17,15,14,6,1.0,2.0,4,1,1,0,11,2,7,5,13,4,9,4,3.0,0.0,3.0,2.0,0.0,1.0,435,277,17,20,62,31,22,14,4,1,63,37,9,8,42,26,20,10,11,5,15,9,11,7,65,59,12,28,0.1663,0.4946,4,11,1.0,0.0,2.0,1.0,,,,,,,,,,,,,,,,
11352388,23/24,14,1701612000,finished,Bournemouth,Aston Villa,60,40,2,2,Vitality Stadium,Thomas Bramall,11191.0,37,63,2.02,0.68,4.0,1.0,15,11,1.0,5.0,7,7,16,12,282,473,25,24,12,16,5.0,3.0,7,3,0,1,5,3,3,5,13,6,2,5,2.0,1.0,0.0,1.0,3.0,2.0,202,378,17,23,51,56,22,27,5,3,49,51,15,13,47,47,16,18,11,8,19,16,8,7,64,63,23,16,-1.1311,1.0252,3,5,2.0,0.0,2.0,0.0,,,,,,,,,,,,,,,,
11352414,23/24,14,1701612000,finished,West Ham United,Crystal Palace,37,7,1,1,London Stadium,Michael Oliver,62459.0,55,45,1.13,0.93,2.0,1.0,9,9,1.0,2.0,2,3,17,7,557,466,17,23,7,16,2.0,0.0,3,2,0,0,4,3,2,4,5,5,4,4,2.0,1.0,1.0,5.0,2.0,0.0,449,343,26,19,71,75,26,27,6,4,46,54,18,12,33,45,29,27,9,6,12,14,9,11,73,67,16,19,-0.4069,-0.3145,5,6,,,2.0,0.0,,,,,,,,,,,,,,,,
11352400,23/24,14,1701612000,finished,Chelsea,Brighton & Hove Albion,38,30,3,2,Stamford Bridge,Craig Pawson,39647.0,32,68,2.11,1.14,3.0,0.0,8,18,7.0,2.0,5,8,16,12,306,645,13,20,12,16,5.0,5.0,5,9,0,0,3,5,0,4,5,9,3,9,1.0,0.0,1.0,4.0,2.0,3.0,246,580,8,20,35,72,19,14,3,8,44,56,8,5,30,44,11,9,5,9,7,9,13,9,49,50,29,10,0.7553,-0.9518,10,4,2.0,0.0,,,,,,,,,,,1.0,0.0,,,,,,
11352404,23/24,14,1701612000,finished,Liverpool,Fulham,44,43,4,3,Anfield,Stuart Attwell,50143.0,61,39,2.23,1.21,4.0,2.0,26,9,2.0,9.0,3,4,6,7,624,392,15,22,7,6,,,12,5,2,0,8,1,6,3,15,7,11,2,4.0,0.0,2.0,0.0,5.0,1.0,509,284,26,20,82,46,26,25,2,3,46,54,9,3,30,34,12,15,8,6,11,9,13,33,79,70,11,31,-1.2143,-1.8112,4,10,0.0,2.0,1.0,0.0,,,,,,,,,,,,,,,,
11352405,23/24,14,1701621000,finished,Manchester City,Tottenham Hotspur,17,33,3,3,Etihad Stadium,Simon Hooper,53473.0,55,45,2.57,0.46,4.0,1.0,17,8,1.0,2.0,10,8,14,14,572,472,7,13,13,13,4.0,4.0,4,4,2,0,9,1,4,3,15,3,2,5,2.0,0.0,5.0,1.0,2.0,2.0,501,402,18,16,68,26,45,9,5,4,50,50,7,1,29,30,9,8,9,5,4,6,15,4,54,50,10,34,-1.8158,-0.7479,3,10,2.0,1.0,2.0,0.0,,,,,,,,,,,,,,,,
11352662,23/24,9,1697887800,finished,Liverpool,Everton,44,48,2,0,Anfield,Craig Pawson,50201.0,78,22,2.23,0.13,2.0,0.0,26,6,1.0,4.0,12,4,9,9,742,213,13,17,8,8,1.0,3.0,6,1,1,0,9,4,11,1,13,1,13,5,,,4.0,0.0,2.0,1.0,649,112,28,18,83,45,24,20,7,1,46,54,9,5,29,36,24,25,8,12,9,14,7,14,81,75,14,28,0.0263,-0.2005,5,14,2.0,0.0,,,,,,,,,,,0.0,1.0,,,,,,
11352665,23/24,9,1697896800,finished,Nottingham Forest,Luton Town,14,72,2,2,City Ground,Samuel Barrott,29361.0,57,43,2.97,1.71,4.0,3.0,19,13,2.0,6.0,4,2,12,11,494,361,14,9,11,12,3.0,0.0,8,4,0,0,9,5,2,4,17,9,2,4,2.0,1.0,1.0,1.0,2.0,0.0,378,251,19,22,58,68,23,32,9,6,57,43,4,9,32,27,33,23,7,6,9,6,9,7,68,70,22,25,-0.7604,0.8865,7,8,2.0,2.0,1.0,0.0,,,,,,,,,,,,,,,,
11352657,23/24,9,1697896800,finished,Bournemouth,Wolverhampton,60,3,1,2,Vitality Stadium,Paul Tierney,11175.0,34,66,0.63,2.35,1.0,4.0,7,21,5.0,3.0,3,12,15,10,303,598,18,26,9,15,2.0,6.0,4,7,0,1,1,8,2,6,4,15,3,6,0.0,3.0,2.0,1.0,0.0,1.0,228,511,26,17,47,55,14,15,1,8,38,62,14,12,34,50,9,21,8,9,12,15,8,12,60,72,17,15,-0.6822,0.1708,12,4,1.0,1.0,0.0,1.0,,,,,,,,,1.0,0.0,,,,,,
11352660,23/24,9,1697896800,finished,Brentford,Burnley,50,6,3,0,Brentford Community Stadium,Josh Smith,17029.0,50,50,3.24,1.14,5.0,1.0,23,6,1.0,6.0,5,5,14,12,443,437,17,7,12,14,5.0,4.0,10,1,0,0,8,4,5,1,16,3,7,3,4.0,1.0,2.0,1.0,2.0,2.0,350,361,19,14,53,41,24,25,6,0,56,44,4,9,39,29,16,14,10,9,11,4,8,11,59,64,13,27,0.3528,0.0393,7,9,1.0,0.0,3.0,1.0,,,,,,,,,0.0,1.0,,,,,,
11352664,23/24,9,1697896800,finished,Newcastle United,Crystal Palace,39,7,4,0,St James' Park,Tim Robinson,52189.0,60,40,2.39,1.21,6.0,0.0,10,17,3.0,3.0,6,8,7,12,573,389,8,20,12,7,2.0,3.0,7,3,1,0,3,10,0,4,9,10,1,7,3.0,0.0,0.0,1.0,0.0,1.0,495,308,15,20,51,41,32,11,5,4,49,51,15,4,29,35,14,10,9,8,5,11,7,11,58,56,15,23,0.9957,-0.9887,10,5,3.0,0.0,,,,,,,,,,,,,,,,,,
11352663,23/24,9,1697896800,finished,Manchester City,Brighton & Hove Albion,17,30,2,1,Etihad Stadium,Robert Jones,53466.0,55,45,0.75,0.83,1.0,3.0,10,5,2.0,3.0,2,2,9,11,609,506,14,10,11,9,4.0,2.0,6,3,0,0,4,2,0,0,6,4,4,1,0.0,2.0,1.0,1.0,2.0,1.0,546,443,13,11,62,31,31,16,0,1,56,44,5,9,35,26,6,6,10,7,7,5,10,12,44,44,9,16,-0.04,-1.0362,4,7,1.0,1.0,0.0,2.0,,,,,,,,,1.0,0.0,,,,,,
11352661,23/24,9,1697905800,finished,Chelsea,Arsenal,38,42,2,2,Stamford Bridge,Chris Kavanagh,39723.0,43,57,1.35,0.99,2.0,1.0,11,13,1.0,3.0,2,7,7,14,443,570,17,19,13,7,3.0,3.0,5,3,0,0,4,5,2,5,6,9,5,4,1.0,0.0,2.0,1.0,2.0,1.0,364,482,18,11,35,63,23,28,3,6,51,49,12,8,33,33,16,15,4,6,10,9,9,9,64,65,17,5,-1.1771,-0.1111,6,6,1.0,1.0,,,,,,,,,,,,,,,,,,
11352666,23/24,9,1697914800,finished,Sheffield United,Manchester United,15,35,1,2,Bramall Lane,Michael Oliver,31543.0,38,62,1.42,1.1,2.0,3.0,12,14,3.0,5.0,5,4,12,10,332,556,14,16,8,12,3.0,1.0,6,5,0,2,3,6,3,3,6,5,6,9,1.0,3.0,5.0,2.0,3.0,4.0,225,449,20,17,57,76,25,31,2,3,46,54,6,11,28,37,18,16,7,9,8,8,14,6,62,79,22,18,0.3836,0.9786,10,2,1.0,0.0,1.0,0.0,,,,,,,,,,,,,,,,
11352658,23/24,9,1697988600,finished,Aston Villa,West Ham United,40,37,4,1,Villa Park,David Coote,41734.0,58,42,2.02,1.11,3.0,0.0,15,14,3.0,3.0,8,7,8,15,501,350,18,5,15,7,0.0,1.0,7,4,0,0,6,3,2,7,9,9,6,5,1.0,0.0,6.0,3.0,2.0,3.0,444,288,11,13,50,50,21,23,4,5,56,44,2,12,40,26,8,12,7,14,10,3,5,4,52,52,19,17,0.275,-0.6887,5,7,2.0,0.0,1.0,0.0,,,,,,,,,,,,,,,,
11352667,23/24,9,1698087600,finished,Tottenham Hotspur,Fulham,33,43,2,0,Tottenham Hotspur Stadium,Anthony Taylor,61286.0,56,44,1.53,1.03,2.0,1.0,15,10,3.0,3.0,3,5,10,14,593,463,19,19,14,10,2.0,0.0,5,3,0,0,4,4,6,3,10,7,5,3,1.0,1.0,4.0,2.0,4.0,6.0,518,391,19,22,57,46,15,41,1,4,51,49,12,9,42,41,5,4,9,12,12,11,6,12,59,61,12,12,0.9334,-0.7428,4,10,1.0,0.0,1.0,2.0,,,,,,,,,,,,,,,,
11352673,23/24,10,1698433200,finished,Crystal Palace,Tottenham Hotspur,7,33,1,2,Selhurst Park,Andy Madley,25074.0,24,76,0.61,1.12,0.0,1.0,13,10,0.0,2.0,11,2,19,11,220,732,24,20,11,18,2.0,1.0,3,1,0,0,4,4,6,5,8,4,5,6,,,2.0,2.0,1.0,3.0,148,669,21,21,37,68,22,28,5,2,47,53,10,11,42,46,4,6,8,8,14,14,10,6,52,53,12,23,-1.2218,-0.6305,5,8,0.0,1.0,,,,,,,,,,,,,,,,,,
11352672,23/24,10,1698492600,finished,Chelsea,Brentford,38,50,0,2,Stamford Bridge,Simon Hooper,39575.0,69,31,2.03,2.16,2.0,5.0,17,7,3.0,2.0,10,1,12,7,730,333,11,19,7,12,1.0,4.0,2,5,1,0,8,1,7,1,12,7,5,0,2.0,3.0,3.0,0.0,,,652,244,27,19,86,40,25,18,4,3,46,54,13,5,32,41,13,12,14,10,8,10,13,7,53,56,12,35,-0.6176,0.7577,3,13,0.0,2.0,1.0,1.0,,,,,,,,,,,,,,,,
11352668,23/24,10,1698501600,finished,Bournemouth,Burnley,60,6,2,1,Vitality Stadium,Samuel Barrott,11152.0,44,56,1.11,0.83,1.0,1.0,13,6,3.0,4.0,10,5,9,12,366,470,25,12,12,9,2.0,3.0,6,3,0,0,4,2,3,1,8,3,5,3,1.0,1.0,4.0,0.0,3.0,1.0,277,373,23,25,56,47,13,20,4,1,59,41,6,14,47,29,15,14,10,8,16,9,7,9,68,61,16,26,-0.7137,-0.5793,2,11,,,,,,,,,,,,,,,,,,,,
11352669,23/24,10,1698501600,finished,Arsenal,Sheffield United,42,15,5,0,Emirates Stadium,Tim Robinson,60153.0,67,33,2.77,0.03,4.0,0.0,13,2,0.0,2.0,6,1,9,13,659,323,10,20,13,9,0.0,3.0,8,0,0,0,2,1,3,1,10,0,3,2,1.0,0.0,3.0,2.0,1.0,1.0,598,241,14,12,69,31,26,23,3,0,49,51,15,4,29,31,11,11,6,3,4,13,8,8,53,47,8,21,0.0,-0.9763,3,8,3.0,0.0,3.0,0.0,,,,,,,,,,,,,,,,
11352677,23/24,10,1698510600,finished,Wolverhampton,Newcastle United,3,39,2,2,Molineux Stadium,Anthony Taylor,31584.0,43,57,0.89,2.19,0.0,4.0,11,13,2.0,4.0,8,7,13,15,393,516,28,16,15,13,1.0,4.0,6,5,0,0,2,3,3,5,6,11,5,2,0.0,2.0,4.0,1.0,2.0,0.0,321,445,12,26,44,39,18,18,2,4,63,37,9,19,65,39,9,4,22,11,20,12,12,10,66,55,21,21,-0.0576,-0.7299,6,3,0.0,2.0,0.0,1.0,,,,,,,,,,,,,,,,
11352676,23/24,10,1698584400,finished,West Ham United,Everton,37,48,0,1,London Stadium,Stuart Attwell,62469.0,64,36,0.66,0.82,1.0,1.0,12,10,3.0,2.0,4,3,7,11,649,365,17,29,10,7,4.0,1.0,2,4,0,0,8,4,2,2,8,6,4,4,1.0,1.0,4.0,1.0,1.0,3.0,542,275,32,18,75,59,29,28,6,7,50,50,20,10,45,41,13,18,18,5,7,14,8,14,64,67,13,28,-0.202,0.2613,5,8,,,,,,,,,,,,,,,,,,,,
11352670,23/24,10,1698588000,finished,Aston Villa,Luton Town,40,72,3,1,Villa Park,John Brooks,41785.0,71,29,2.28,0.48,5.0,1.0,17,7,1.0,4.0,6,4,11,10,617,243,11,17,9,11,3.0,2.0,6,1,0,1,5,2,6,4,13,5,4,2,5.0,1.0,2.0,4.0,0.0,6.0,558,188,9,8,56,28,16,15,5,5,46,54,8,6,27,33,13,14,7,5,8,8,3,7,45,48,9,8,-0.9269,0.8587,4,10,,,3.0,1.0,,,,,,,,,,,,,,,,
11352671,23/24,10,1698588000,finished,Brighton & Hove Albion,Fulham,30,43,1,1,American Express Stadium,Michael Salisbury,31550.0,71,29,1.43,0.71,4.0,0.0,18,10,4.0,5.0,7,3,12,8,823,331,21,27,8,11,0.0,3.0,7,5,1,0,8,4,3,1,10,5,8,5,4.0,0.0,3.0,3.0,0.0,1.0,746,261,14,14,47,43,15,21,4,1,46,54,13,13,35,47,13,10,6,9,15,17,6,19,64,55,10,14,-0.114,0.2433,7,8,,,,,,,,,,,,,,,,,,,,
11352674,23/24,10,1698588000,finished,Liverpool,Nottingham Forest,44,14,3,0,Anfield,Chris Kavanagh,50143.0,73,27,3.19,0.45,4.0,1.0,21,9,1.0,5.0,8,3,9,13,728,266,12,19,13,9,2.0,3.0,8,1,0,1,9,4,4,4,10,7,11,2,1.0,1.0,4.0,0.0,1.0,3.0,654,193,20,7,76,42,33,22,6,2,50,50,13,7,32,38,18,13,8,10,5,10,4,11,65,61,11,31,0.0375,-0.5064,4,13,3.0,0.0,,,,,,,,,,,,,,,,,,
11352675,23/24,10,1698593400,finished,Manchester United,Manchester City,35,17,0,3,Old Trafford,Paul Tierney,73502.0,40,60,0.95,4.0,1.0,7.0,7,21,7.0,3.0,7,12,9,5,391,605,14,12,5,9,4.0,1.0,3,10,0,0,3,6,1,5,6,12,1,9,1.0,4.0,1.0,6.0,4.0,0.0,316,542,16,12,24,45,20,39,3,2,41,59,8,10,23,32,7,11,4,12,8,9,6,12,41,48,24,9,0.9466,0.1783,10,5,0.0,3.0,1.0,1.0,,,,,,,,,,,,,,,,
11352307,23/24,11,1699101000,finished,Fulham,Manchester United,43,35,0,1,Craven Cottage,John Brooks,24415.0,45,55,1.01,0.69,1.0,0.0,18,12,4.0,2.0,9,4,9,15,363,454,14,13,15,9,5.0,2.0,3,5,0,0,8,5,7,2,9,6,9,6,1.0,0.0,1.0,3.0,1.0,2.0,260,357,19,14,60,62,22,29,4,4,54,46,6,7,39,29,19,20,10,7,9,9,9,6,67,59,21,27,0.2752,0.301,9,10,,,1.0,0.0,,,,,,,,,,,,,,,,
11352305,23/24,11,1699110000,finished,Burnley,Crystal Palace,6,7,0,2,Turf Moor,Peter Bankes,21578.0,68,32,1.12,1.3,3.0,3.0,17,4,1.0,5.0,12,1,9,12,591,296,15,14,11,9,0.0,5.0,5,3,0,0,10,0,2,1,15,3,2,1,3.0,1.0,3.0,0.0,2.0,0.0,500,214,27,22,62,40,27,27,7,1,54,46,6,7,35,24,17,20,9,3,8,10,8,6,43,37,7,38,-0.1877,0.5556,0,13,0.0,2.0,1.0,0.0,,,,,,,,,,,,,,,,
11352320,23/24,11,1699110000,finished,Sheffield United,Wolverhampton,15,3,2,1,Bramall Lane,Robert Jones,29454.0,38,62,1.05,1.33,1.0,2.0,11,10,2.0,0.0,4,4,13,10,300,501,24,13,9,11,2.0,3.0,2,3,0,0,6,5,3,2,4,7,7,3,0.0,2.0,6.0,2.0,0.0,3.0,201,407,24,27,54,34,13,20,3,3,44,56,8,11,33,32,11,25,2,8,11,7,5,6,53,55,14,25,0.4037,-0.813,6,13,1.0,0.0,0.0,2.0,,,,,,,,,,,,,,,,
11352304,23/24,11,1699110000,finished,Brentford,West Ham United,50,37,3,2,Brentford Community Stadium,Thomas Bramall,17103.0,59,41,1.63,1.82,3.0,3.0,16,12,0.0,2.0,4,3,12,14,560,373,9,13,13,12,1.0,4.0,4,2,0,1,6,8,6,2,10,9,6,3,1.0,2.0,3.0,4.0,2.0,0.0,450,265,10,26,58,60,35,26,4,3,54,46,7,4,27,28,26,17,5,3,3,8,5,11,56,44,31,25,-0.7909,-1.2773,9,11,2.0,1.0,,,,,,,,,,,,,,,,,,
11352306,23/24,11,1699110000,finished,Everton,Brighton & Hove Albion,48,30,1,1,Goodison Park,Tim Robinson,38683.0,20,80,0.71,0.51,,,10,7,2.0,3.0,3,3,15,5,208,866,16,6,5,15,4.0,2.0,4,2,0,0,4,4,2,1,6,5,4,2,,,1.0,4.0,0.0,3.0,129,778,15,22,50,105,27,25,4,2,50,50,3,8,26,28,17,15,5,9,8,4,6,3,54,51,24,12,-0.6726,-0.3787,8,6,,,,,,,,,,,,,,,,,,,,
11352312,23/24,11,1699110000,finished,Manchester City,Bournemouth,17,60,6,1,Etihad Stadium,Craig Pawson,53358.0,65,35,1.95,0.91,3.0,1.0,21,5,0.0,2.0,12,1,8,9,731,395,5,7,9,8,0.0,1.0,8,1,1,1,6,3,7,1,12,5,9,0,1.0,0.0,1.0,0.0,0.0,2.0,680,339,8,6,56,19,25,21,4,1,57,43,5,3,23,17,4,3,9,2,4,6,4,8,48,39,9,21,-0.5168,-3.3687,3,9,2.0,1.0,2.0,1.0,,,,,,,,,,,,,,,,
11352314,23/24,11,1699119000,finished,Newcastle United,Arsenal,39,42,1,0,St James' Park,Stuart Attwell,52194.0,41,59,1.04,0.57,1.0,0.0,9,14,1.0,0.0,0,11,14,9,342,484,18,11,9,14,5.0,1.0,2,1,0,0,3,4,4,9,5,5,4,9,,,0.0,3.0,2.0,1.0,271,408,21,11,38,74,21,25,2,8,51,49,9,10,34,32,13,14,7,7,11,8,7,7,40,45,26,14,0.1492,-0.064,10,6,1.0,0.0,,,,,,,,,,,,,,,,,,
11352317,23/24,11,1699192800,finished,Nottingham Forest,Aston Villa,14,40,2,0,City Ground,Jarred Gillett,29313.0,27,73,0.38,1.23,1.0,2.0,5,13,3.0,1.0,0,10,6,9,240,654,30,10,9,6,1.0,1.0,3,3,0,0,2,6,0,4,2,11,3,2,1.0,2.0,1.0,1.0,9.0,1.0,172,598,7,19,30,92,19,24,0,10,56,44,8,14,41,28,8,11,2,12,18,5,8,8,53,50,34,10,0.6802,-1.3303,14,4,,,0.0,1.0,,,,,,,,,,,,,,,,
11352310,23/24,11,1699201800,finished,Luton Town,Liverpool,72,44,1,1,Kenilworth Road,Andy Madley,11049.0,26,74,0.81,2.85,2.0,6.0,8,24,5.0,4.0,4,7,7,13,229,659,20,12,13,5,1.0,1.0,5,6,0,1,2,12,1,6,5,15,3,9,1.0,6.0,2.0,1.0,1.0,1.0,135,581,16,26,43,89,16,34,3,9,58,42,6,9,48,23,13,21,15,6,10,5,8,7,57,64,43,17,1.4199,0.2266,16,3,1.0,0.0,0.0,2.0,,,,,,,,,,,,,,,,
11352323,23/24,11,1699300800,finished,Tottenham Hotspur,Chelsea,33,38,1,4,Tottenham Hotspur Stadium,Michael Oliver,61726.0,39,61,0.89,4.12,1.0,6.0,8,17,3.0,4.0,1,6,12,21,317,502,24,18,20,12,3.0,5.0,5,8,0,0,1,7,2,2,5,13,3,4,1.0,2.0,2.0,4.0,3.0,7.0,252,436,22,11,37,47,13,35,4,1,51,49,4,9,51,46,4,7,7,16,17,11,12,9,41,64,21,8,0.4774,-0.5008,10,3,0.0,4.0,1.0,4.0,,,,,,,,,2.0,0.0,,,,,,
11352632,23/24,6,1695477600,finished,Crystal Palace,Fulham,7,43,0,0,Selhurst Park,Paul Tierney,25072.0,51,49,0.3,0.59,,,7,10,5.0,3.0,3,2,10,15,475,462,14,27,15,10,3.0,2.0,3,5,0,0,2,3,2,2,4,5,3,5,,,3.0,1.0,3.0,1.0,388,383,20,15,58,50,25,30,2,2,49,51,15,9,43,43,14,17,15,7,9,11,6,9,63,74,22,18,0.5131,0.7476,6,2,,,1.0,1.0,,,,,,,,,,,,,,,,
11352635,23/24,6,1695477600,finished,Manchester City,Nottingham Forest,17,14,2,0,Etihad Stadium,Anthony Taylor,53413.0,57,43,1.33,1.03,2.0,1.0,7,10,3.0,2.0,6,6,5,17,570,414,8,18,17,5,3.0,7.0,4,3,0,0,1,3,2,4,4,5,3,5,1.0,1.0,5.0,2.0,0.0,3.0,509,354,15,14,82,41,29,21,1,2,54,46,8,6,33,27,7,7,8,4,6,11,6,8,49,56,23,12,0.4009,-1.0014,8,3,1.0,0.0,2.0,1.0,,,,,,,,,1.0,0.0,,,,,,
11352628,23/24,6,1695486600,finished,Brentford,Everton,50,48,1,3,Brentford Community Stadium,Michael Oliver,16981.0,57,43,1.03,1.9,4.0,5.0,12,18,3.0,1.0,1,4,9,12,588,425,20,16,11,9,2.0,2.0,2,6,0,1,6,11,4,1,8,12,4,6,4.0,2.0,3.0,1.0,3.0,1.0,483,338,20,22,61,59,25,25,3,6,49,51,6,14,38,29,17,28,7,4,15,11,7,7,68,68,16,20,-1.4709,-0.0989,12,4,0.0,3.0,0.0,2.0,,,,,,,,,,,,,,,,
11352630,23/24,6,1695495600,finished,Burnley,Manchester United,6,35,0,1,Turf Moor,Tony Harrington,21593.0,62,38,1.09,0.97,1.0,1.0,12,11,3.0,4.0,9,5,6,12,647,403,13,13,12,6,1.0,2.0,4,4,1,0,5,2,3,5,8,8,4,3,1.0,1.0,4.0,0.0,1.0,3.0,572,322,9,16,46,45,23,20,2,5,59,41,4,6,35,21,12,11,10,2,6,10,7,7,60,56,14,26,-0.2017,0.6322,3,6,,,3.0,2.0,,,,,,,,,,,,,,,,
11352629,23/24,6,1695560400,finished,Brighton & Hove Albion,Bournemouth,30,60,3,1,American Express Stadium,John Brooks,31617.0,62,38,1.85,1.14,3.0,3.0,13,12,2.0,2.0,4,4,12,17,519,325,24,23,17,12,3.0,3.0,4,4,0,0,3,4,6,4,8,8,5,4,1.0,2.0,2.0,2.0,1.0,1.0,449,249,14,15,38,47,30,11,4,2,53,47,11,17,48,51,11,1,7,16,15,10,10,10,55,62,14,14,-0.3817,-0.7384,6,5,2.0,1.0,,,,,,,,,,,,,,,,,,
11352631,23/24,6,1695560400,finished,Chelsea,Aston Villa,38,40,0,1,Stamford Bridge,Jarred Gillett,39700.0,53,47,1.33,1.07,3.0,1.0,10,15,6.0,4.0,5,11,9,11,443,388,23,21,10,7,2.0,3.0,4,7,0,0,2,3,4,5,7,10,3,5,3.0,1.0,3.0,2.0,10.0,1.0,380,328,18,16,53,52,32,27,1,2,57,43,9,11,42,36,14,7,9,8,15,13,4,9,68,56,24,15,0.7087,1.6442,4,6,,,1.0,1.0,,,,,,,,,1.0,0.0,,,,,,
11352627,23/24,6,1695560400,finished,Arsenal,Tottenham Hotspur,42,33,2,2,Emirates Stadium,Robert Jones,60156.0,47,53,2.03,1.46,3.0,4.0,13,13,3.0,4.0,11,4,12,19,377,449,24,28,18,11,3.0,4.0,6,5,0,0,4,4,3,4,8,9,5,4,2.0,2.0,2.0,1.0,2.0,3.0,317,385,17,17,52,43,21,15,7,0,55,45,19,13,50,45,14,8,8,6,12,15,11,6,54,56,12,21,1.1526,-0.1645,2,12,1.0,2.0,0.0,2.0,,,,,,,,,,,,,,,,
11352633,23/24,6,1695560400,finished,Liverpool,West Ham United,44,37,3,1,Anfield,Chris Kavanagh,50136.0,64,36,3.03,1.1,7.0,3.0,22,11,3.0,4.0,7,4,12,13,645,356,17,24,13,11,0.0,2.0,7,4,1,0,8,4,7,3,14,9,8,2,4.0,3.0,4.0,3.0,2.0,1.0,572,279,17,19,60,35,22,20,5,5,53,47,12,11,39,49,26,9,9,14,11,18,9,8,66,48,19,28,0.4329,0.3514,1,14,3.0,0.0,1.0,0.0,,,,,,,,,,,,,,,,
11352636,23/24,6,1695569400,finished,Sheffield United,Newcastle United,15,39,0,8,Bramall Lane,Stuart Attwell,31127.0,42,58,0.94,3.92,0.0,9.0,9,22,7.0,1.0,2,5,12,8,444,602,19,19,8,11,4.0,0.0,1,15,0,0,4,3,4,4,7,17,2,5,0.0,3.0,1.0,3.0,3.0,1.0,349,522,16,17,41,51,13,28,2,6,47,53,11,15,37,40,9,11,10,10,6,14,12,7,64,65,24,9,-1.1796,0.2117,6,6,0.0,6.0,1.0,1.0,,,,,,,,,,,,,,,,
11352638,23/24,7,1696073400,finished,Aston Villa,Brighton & Hove Albion,40,30,6,1,Villa Park,Andy Madley,40636.0,38,62,1.58,1.71,2.0,3.0,19,11,2.0,4.0,1,3,19,21,320,518,21,19,20,19,4.0,4.0,9,3,0,0,4,3,6,5,14,8,5,3,1.0,2.0,2.0,2.0,0.0,6.0,250,461,22,12,47,42,14,18,1,2,50,50,12,10,50,48,5,8,9,10,13,13,4,8,37,44,12,12,0.1461,-2.7523,8,5,1.0,1.0,3.0,2.0,,,,,,,,,,,,,,,,
11352639,23/24,7,1696082400,finished,Everton,Luton Town,48,72,1,2,Goodison Park,Anthony Taylor,39289.0,68,32,2.9,0.89,6.0,3.0,23,9,0.0,3.0,3,6,8,10,576,275,23,24,9,8,0.0,1.0,5,2,1,1,14,4,4,3,16,8,7,1,5.0,1.0,1.0,2.0,2.0,3.0,459,146,37,26,77,54,44,30,8,5,54,46,8,10,41,36,31,26,10,5,11,14,5,10,79,86,14,29,-0.6298,1.4589,8,18,1.0,2.0,1.0,0.0,,,,,,,,,,,,,,,,
11352645,23/24,7,1696082400,finished,West Ham United,Sheffield United,37,15,2,0,London Stadium,Graham Scott,62459.0,52,48,2.14,1.07,5.0,0.0,20,16,2.0,6.0,7,4,6,9,494,441,16,14,9,6,1.0,1.0,9,2,0,0,8,6,3,8,17,11,3,5,3.0,0.0,2.0,0.0,2.0,3.0,424,364,14,23,39,54,26,22,10,7,56,44,13,12,34,24,16,16,9,5,10,10,7,1,51,49,18,20,0.7511,0.4466,11,8,2.0,0.0,2.0,0.0,,,,,,,,,,,,,,,,
11352642,23/24,7,1696082400,finished,Newcastle United,Burnley,39,6,2,0,St James' Park,Thomas Bramall,52163.0,53,47,3.18,0.65,6.0,1.0,20,8,2.0,5.0,5,3,7,15,510,463,21,13,15,7,1.0,3.0,8,2,0,0,6,1,6,5,14,6,6,2,5.0,1.0,5.0,0.0,1.0,3.0,414,364,18,19,59,26,18,19,6,1,64,36,6,9,45,29,19,7,9,9,14,6,4,4,77,74,10,23,0.3574,0.0887,2,9,1.0,0.0,1.0,0.0,,,,,,,,,,,,,,,,
11352637,23/24,7,1696082400,finished,Bournemouth,Arsenal,60,42,0,4,Vitality Stadium,Michael Salisbury,11193.0,42,58,0.65,3.43,0.0,6.0,8,15,4.0,1.0,6,6,11,10,389,545,16,28,7,11,0.0,1.0,1,8,0,1,3,3,4,4,7,14,1,1,0.0,2.0,3.0,4.0,2.0,0.0,317,481,17,12,65,28,17,14,2,2,43,57,9,11,37,48,6,10,14,10,9,10,9,9,51,52,6,14,0.7451,0.1675,4,7,0.0,4.0,,,,,,,,,,,,,,,,,,
11352641,23/24,7,1696082400,finished,Manchester United,Crystal Palace,35,7,0,1,Old Trafford,Chris Kavanagh,73428.0,77,23,1.3,0.9,2.0,0.0,19,8,1.0,3.0,10,4,10,8,741,221,32,26,8,9,3.0,2.0,4,2,0,0,8,4,7,2,15,5,4,3,2.0,0.0,1.0,2.0,2.0,0.0,653,148,31,17,81,37,31,14,4,3,52,48,18,22,53,45,10,13,13,10,21,10,4,17,65,65,11,36,-0.5621,0.3261,7,11,,,1.0,1.0,,,,,,,,,,,,,,,,
11352646,23/24,7,1696082400,finished,Wolverhampton,Manchester City,3,17,2,1,Molineux Stadium,Craig Pawson,31415.0,32,68,0.47,0.87,1.0,0.0,3,23,7.0,0.0,0,6,18,12,282,597,12,15,12,18,6.0,5.0,1,8,0,0,0,5,2,10,3,12,0,11,,,0.0,9.0,2.0,0.0,215,526,9,25,35,78,26,13,0,5,45,55,8,7,33,45,5,2,9,12,7,6,10,4,58,39,28,7,0.4177,-1.2138,9,3,1.0,0.0,0.0,2.0,,,,,,,,,,,,,,,,
11352644,23/24,7,1696091400,finished,Tottenham Hotspur,Liverpool,33,44,2,1,Tottenham Hotspur Stadium,Simon Hooper,62001.0,65,35,2.23,1.31,3.0,1.0,24,12,3.0,8.0,11,5,11,17,662,364,23,15,17,11,5.0,6.0,8,4,1,0,4,5,12,3,10,9,14,3,2.0,1.0,4.0,1.0,4.0,1.0,603,281,20,23,58,37,13,25,2,6,58,42,5,11,47,33,10,9,9,7,19,7,11,6,63,62,14,24,-0.6763,0.2194,4,7,1.0,0.0,1.0,1.0,,,,,,,,,0.0,2.0,,,,,,
11352643,23/24,7,1696165200,finished,Nottingham Forest,Brentford,14,50,1,1,City Ground,Paul Tierney,29004.0,41,59,0.46,1.66,2.0,2.0,6,18,3.0,0.0,1,11,6,10,407,578,17,11,10,6,3.0,2.0,1,5,0,0,4,6,1,7,5,15,1,3,2.0,1.0,3.0,3.0,2.0,1.0,320,491,19,25,50,64,21,19,4,9,52,48,6,10,35,22,16,25,9,5,11,7,6,10,52,55,38,10,-0.2759,-0.9154,11,5,0.0,1.0,1.0,1.0,,,,,,,,,1.0,0.0,,,,,,
11352640,23/24,7,1696273200,finished,Fulham,Chelsea,43,38,0,2,Craven Cottage,Tim Robinson,24445.0,56,44,1.09,1.7,1.0,4.0,10,11,2.0,3.0,8,1,15,12,561,462,16,24,11,14,1.0,4.0,3,4,0,1,4,6,3,1,9,8,1,3,1.0,2.0,0.0,2.0,2.0,4.0,493,395,21,17,62,39,38,22,6,2,42,58,18,9,29,45,10,9,3,8,7,11,13,8,57,64,5,26,-1.184,0.9892,6,8,0.0,2.0,1.0,3.0,,,,,,,,,,,,,,,,
11626262,23/24,2,1696357800,finished,Luton Town,Burnley,72,6,1,2,Kenilworth Road,Peter Bankes,10918.0,49,51,1.34,1.11,1.0,1.0,18,14,2.0,1.0,7,6,14,6,370,412,14,15,6,13,4.0,2.0,3,4,0,0,10,8,5,2,15,7,3,7,1.0,0.0,0.0,5.0,3.0,3.0,254,295,29,21,66,65,36,27,13,2,52,48,9,6,29,33,35,26,9,8,8,9,8,7,68,67,14,34,-0.2537,-0.7392,10,12,0.0,1.0,,,,,,,,,,,,,,,,,,
11352653,23/24,8,1696678200,finished,Luton Town,Tottenham Hotspur,72,33,0,1,Kenilworth Road,John Brooks,10290.0,33,67,0.76,1.96,2.0,4.0,12,15,3.0,2.0,5,6,16,7,252,553,26,20,5,16,2.0,3.0,2,4,0,0,6,9,4,2,8,10,4,5,2.0,3.0,0.0,4.0,4.0,4.0,170,473,21,29,56,62,26,17,5,4,44,56,9,11,39,45,9,15,8,9,15,14,12,9,59,57,24,26,0.0544,0.1277,10,9,0.0,1.0,0.0,2.0,,,,,,,,,0.0,1.0,,,,,,
11352652,23/24,8,1696687200,finished,Fulham,Sheffield United,43,15,3,1,Craven Cottage,Samuel Barrott,24361.0,60,40,2.21,0.57,3.0,1.0,20,5,2.0,4.0,9,4,8,10,517,342,24,20,10,8,1.0,2.0,6,2,2,0,8,2,6,1,9,3,11,2,2.0,1.0,2.0,2.0,2.0,1.0,414,237,29,19,63,55,30,25,5,4,56,44,15,13,47,36,21,18,14,8,15,13,12,11,66,68,13,32,-0.7883,-1.1599,5,10,1.0,0.0,1.0,0.0,,,,,,,,,,,,,,,,
11352651,23/24,8,1696687200,finished,Everton,Bournemouth,48,60,3,0,Goodison Park,David Coote,38815.0,47,53,2.49,0.69,4.0,1.0,25,11,3.0,5.0,8,7,14,15,386,434,28,20,15,13,1.0,2.0,8,4,1,0,11,3,6,4,16,7,9,4,3.0,1.0,2.0,0.0,2.0,0.0,301,344,23,24,50,52,33,24,4,8,56,44,13,23,54,44,24,17,12,12,12,6,5,6,69,67,18,30,0.407,-1.3757,8,11,1.0,0.0,2.0,0.0,,,,,,,,,,,,,,,,
11352649,23/24,8,1696687200,finished,Burnley,Chelsea,6,38,1,4,Turf Moor,Stuart Attwell,21654.0,38,62,0.76,1.86,1.0,3.0,10,9,2.0,2.0,7,3,11,8,390,664,24,22,8,10,2.0,4.0,3,5,0,0,3,2,4,2,5,6,5,3,1.0,0.0,1.0,2.0,4.0,2.0,328,613,20,18,24,56,24,34,1,1,51,49,10,10,40,40,10,9,8,8,15,13,4,9,55,53,9,9,-1.1778,-0.6054,5,3,0.0,3.0,0.0,1.0,,,,,,,,,,,,,,,,
11352654,23/24,8,1696687200,finished,Manchester United,Brentford,35,50,2,1,Old Trafford,Andy Madley,73453.0,64,36,1.43,0.95,1.0,1.0,21,11,2.0,6.0,7,5,10,17,557,326,4,18,16,10,0.0,5.0,8,3,0,0,9,7,4,1,14,6,7,5,0.0,1.0,3.0,1.0,4.0,0.0,488,235,33,14,74,38,41,19,9,5,49,51,11,3,28,32,13,10,8,5,2,11,10,16,49,52,9,42,-0.6519,-0.4277,10,10,1.0,0.0,,,,,,,,,,,,,,,,,,
11352650,23/24,8,1696696200,finished,Crystal Palace,Nottingham Forest,7,14,0,0,Selhurst Park,Craig Pawson,25017.0,52,48,0.81,1.05,2.0,2.0,8,16,5.0,2.0,3,7,7,12,528,482,18,20,12,7,0.0,1.0,2,5,0,1,4,7,2,4,7,11,1,5,2.0,2.0,1.0,1.0,0.0,2.0,463,421,12,14,75,52,23,18,3,4,50,50,16,10,38,35,11,14,9,9,10,10,6,9,48,49,22,25,0.8103,0.1343,5,6,,,,,,,,,,,,,,,,,,,,
11352656,23/24,8,1696770000,finished,Wolverhampton,Aston Villa,3,40,1,1,Molineux Stadium,Robert Jones,31578.0,46,54,1.68,1.61,3.0,4.0,8,18,3.0,2.0,2,10,19,9,358,395,13,7,8,19,5.0,2.0,3,4,0,1,3,8,2,6,6,13,2,5,2.0,3.0,2.0,1.0,3.0,1.0,283,330,14,15,45,48,22,14,2,8,56,44,3,4,30,26,10,6,9,0,7,4,5,11,63,55,23,9,-0.0303,0.7752,7,6,1.0,1.0,1.0,0.0,,,,,,,,,1.0,0.0,,,,,,
11352655,23/24,8,1696770000,finished,West Ham United,Newcastle United,37,39,2,2,London Stadium,Peter Bankes,62473.0,35,65,1.16,2.01,1.0,3.0,5,10,1.0,1.0,4,2,11,18,318,603,11,8,18,11,3.0,3.0,3,3,0,1,2,6,0,1,3,8,2,2,0.0,1.0,2.0,0.0,2.0,1.0,229,520,15,19,58,58,27,27,1,5,56,44,5,8,34,25,17,15,6,6,9,6,8,3,48,57,10,19,-0.5186,-0.6876,9,4,1.0,2.0,1.0,1.0,,,,,,,,,,,,,,,,
11352648,23/24,8,1696770000,finished,Brighton & Hove Albion,Liverpool,30,44,2,2,American Express Stadium,Anthony Taylor,31752.0,46,54,2.32,2.35,4.0,3.0,14,14,2.0,1.0,8,1,12,20,418,498,17,22,20,12,1.0,2.0,3,4,0,1,5,5,6,5,8,10,6,4,3.0,1.0,4.0,3.0,1.0,0.0,355,432,18,13,30,51,20,13,4,2,54,46,10,11,50,41,5,6,13,7,10,17,13,11,50,52,13,19,0.0146,-0.718,5,6,1.0,2.0,1.0,0.0,23.0,30.0,61.0,78.0,,,,,,,,,0.0,1.0,0.0,1.0
11352647,23/24,8,1696779000,finished,Arsenal,Manchester City,42,17,1,0,Emirates Stadium,Michael Oliver,60233.0,49,51,0.39,0.48,0.0,2.0,12,4,0.0,1.0,5,4,8,7,500,521,20,22,7,8,2.0,3.0,2,1,0,0,6,2,4,1,6,3,6,1,0.0,2.0,1.0,1.0,2.0,0.0,433,451,17,13,40,37,19,19,2,1,46,54,11,10,34,38,5,8,7,8,12,12,9,5,49,48,10,14,0.0,-0.8091,7,5,,,,,,,,,,,,,,,,,,,,
11352437,23/24,3,1693049400,finished,Bournemouth,Tottenham Hotspur,60,33,0,2,Vitality Stadium,Tim Robinson,10567.0,43,57,0.67,2.06,0.0,4.0,11,17,4.0,3.0,6,2,18,11,391,537,17,22,11,16,1.0,3.0,3,6,0,0,5,7,3,4,6,12,5,5,0.0,2.0,4.0,5.0,3.0,0.0,312,477,23,17,41,45,25,16,3,2,47,53,7,10,42,52,12,8,14,14,8,14,8,12,66,61,11,27,0.8663,0.2642,9,6,0.0,2.0,0.0,4.0,,,,,,,,,,,,,,,,
11352456,23/24,3,1693058400,finished,Brentford,Crystal Palace,50,7,1,1,Brentford Community Stadium,Peter Bankes,16997.0,60,40,0.97,0.8,1.0,1.0,12,15,4.0,0.0,8,6,9,15,518,348,9,20,15,9,,,1,5,0,0,4,4,7,6,10,10,2,5,1.0,1.0,4.0,1.0,2.0,2.0,439,283,18,13,63,32,36,10,7,6,43,57,9,4,27,46,20,17,4,17,6,9,6,6,47,56,9,24,-0.2479,-0.4441,7,6,,,,,,,,,,,,,,,,,,,,
11352495,23/24,3,1693058400,finished,Everton,Wolverhampton,48,3,0,1,Goodison Park,Craig Pawson,38851.0,47,53,1.34,1.08,5.0,2.0,15,11,2.0,7.0,7,0,10,14,406,472,26,18,14,10,3.0,4.0,7,2,1,0,6,5,2,4,11,7,4,4,5.0,1.0,4.0,3.0,1.0,1.0,333,396,23,26,54,51,21,28,7,5,59,41,12,13,46,32,14,10,6,5,16,10,10,5,66,69,7,20,0.1308,1.5261,7,11,0.0,1.0,1.0,1.0,,,,,,,,,,,,,,,,
11352447,23/24,3,1693058400,finished,Arsenal,Fulham,42,43,2,2,Emirates Stadium,Paul Tierney,59961.0,71,29,3.2,0.56,5.0,1.0,19,8,1.0,8.0,8,3,6,5,680,274,14,18,5,5,0.0,6.0,11,3,0,0,5,3,3,2,16,6,3,2,3.0,1.0,3.0,0.0,4.0,1.0,614,196,19,6,78,29,34,22,8,2,53,47,8,9,34,24,9,14,15,1,8,10,6,6,62,64,10,38,-1.5723,-0.0349,5,9,2.0,0.0,2.0,1.0,,,,,,,,,0.0,1.0,,,,,,
11352504,23/24,3,1693058400,finished,Manchester United,Nottingham Forest,35,14,3,2,Old Trafford,Stuart Attwell,73595.0,66,34,2.83,1.21,5.0,1.0,18,9,2.0,7.0,11,3,13,11,637,316,15,19,11,13,4.0,4.0,9,4,0,0,5,3,4,2,7,7,11,2,2.0,0.0,4.0,5.0,3.0,2.0,548,228,15,14,82,49,20,23,1,2,41,59,13,6,33,42,11,21,7,10,9,13,7,14,69,65,25,29,0.0,1.0272,3,9,3.0,1.0,1.0,0.0,,,,,,,,,0.0,1.0,,,,,,
11352466,23/24,3,1693067400,finished,Brighton & Hove Albion,West Ham United,30,37,1,3,American Express Stadium,Anthony Taylor,31508.0,78,22,1.48,3.23,2.0,6.0,25,12,4.0,9.0,17,4,10,9,749,208,12,15,9,10,1.0,3.0,10,7,1,1,5,4,10,1,13,10,12,2,2.0,4.0,2.0,1.0,1.0,2.0,668,141,15,9,94,27,27,20,10,0,47,53,6,4,28,34,13,13,7,9,6,11,6,19,56,54,12,42,-0.0591,0.9497,5,12,0.0,2.0,0.0,3.0,,,,,,,,,,,,,,,,
11352475,23/24,3,1693141200,finished,Burnley,Aston Villa,6,40,1,3,Turf Moor,Michael Salisbury,21591.0,57,43,0.73,2.7,1.0,5.0,9,16,3.0,1.0,4,6,12,11,594,454,10,15,8,12,2.0,0.0,2,6,0,0,6,4,1,6,6,12,3,4,1.0,3.0,2.0,1.0,5.0,1.0,528,380,14,10,66,48,17,21,5,4,44,56,9,6,25,37,10,8,8,10,4,11,11,6,54,57,14,14,0.8387,-0.5406,4,6,0.0,2.0,1.0,0.0,,,,,,,,,,,,,,,,
11352524,23/24,3,1693141200,finished,Sheffield United,Manchester City,15,17,1,2,Bramall Lane,Jarred Gillett,31336.0,21,79,0.67,3.6,1.0,5.0,6,30,7.0,0.0,1,12,11,2,194,742,11,12,2,9,4.0,0.0,2,9,0,1,4,13,0,8,4,20,2,10,1.0,4.0,0.0,6.0,1.0,2.0,132,685,11,11,29,66,25,25,2,9,36,64,5,5,18,30,6,12,6,9,7,8,5,4,45,56,29,7,0.4679,-0.6398,14,6,0.0,1.0,0.0,1.0,,,,,,,,,,,,,,,,
11352515,23/24,3,1693150200,finished,Newcastle United,Liverpool,39,44,1,2,St James' Park,John Brooks,52214.0,60,40,1.99,0.88,1.0,1.0,23,9,2.0,7.0,5,9,16,10,590,384,19,12,10,15,1.0,2.0,8,4,2,0,11,3,4,2,14,6,9,3,,,2.0,3.0,0.0,1.0,508,307,13,20,56,41,18,14,6,4,52,48,7,8,39,37,9,8,10,10,12,7,5,8,60,52,15,19,-0.2485,0.3416,6,14,1.0,1.0,0.0,3.0,,,,,,,,,0.0,1.0,,,,,,
11352590,23/24,4,1693594800,finished,Luton Town,West Ham United,72,37,1,2,Kenilworth Road,Paul Tierney,10802.0,39,61,1.47,1.03,3.0,2.0,16,9,1.0,0.0,9,6,8,13,366,609,14,22,11,7,1.0,1.0,1,3,0,0,10,4,5,2,13,6,3,3,2.0,0.0,,,0.0,6.0,266,507,21,20,63,67,24,31,10,1,49,51,8,6,33,37,21,19,9,8,12,14,7,9,67,70,24,30,-0.6812,-0.2439,7,11,1.0,2.0,0.0,1.0,,,,,,,,,,,,,,,,
11352597,23/24,4,1693654200,finished,Sheffield United,Everton,15,48,2,2,Bramall Lane,Andy Madley,31124.0,45,55,1.19,2.59,3.0,4.0,13,16,4.0,6.0,4,6,11,13,384,459,16,23,13,11,1.0,2.0,8,6,3,0,4,3,1,7,11,10,2,6,3.0,2.0,3.0,3.0,1.0,2.0,286,349,27,26,51,65,25,26,4,5,46,54,14,7,34,44,20,19,7,10,9,18,11,7,62,73,37,17,1.6805,-0.0237,7,2,0.0,2.0,0.0,1.0,,,,,,,,,,,,,,,,
11352543,23/24,4,1693663200,finished,Brentford,Bournemouth,50,60,2,2,Brentford Community Stadium,Robert Madley,16973.0,61,39,2.91,2.09,5.0,3.0,21,12,3.0,6.0,5,2,6,13,484,310,22,22,12,6,1.0,2.0,7,5,3,0,11,5,3,2,16,10,5,2,4.0,2.0,2.0,1.0,1.0,1.0,402,224,18,20,53,56,28,20,12,2,54,46,8,9,37,36,23,15,4,8,15,10,6,1,67,59,16,28,0.0499,-0.4644,8,14,1.0,1.0,2.0,1.0,,,,,,,,,,,,,,,,
11352561,23/24,4,1693663200,finished,Burnley,Tottenham Hotspur,6,33,2,5,Turf Moor,Darren England,21750.0,46,54,1.36,2.28,2.0,3.0,16,21,6.0,3.0,7,4,15,9,467,563,27,19,9,15,4.0,3.0,4,11,0,0,6,3,6,7,8,11,8,10,1.0,1.0,2.0,2.0,2.0,1.0,376,488,22,11,35,50,24,22,5,3,48,52,7,13,45,48,8,9,9,14,16,13,8,13,67,68,11,17,-0.3472,0.269,7,9,1.0,2.0,2.0,1.0,,,,,,,,,,,,,,,,
11352570,23/24,4,1693663200,finished,Chelsea,Nottingham Forest,38,14,0,1,Stamford Bridge,Tim Robinson,39820.0,76,24,2.3,0.76,3.0,2.0,21,7,2.0,2.0,7,0,10,9,713,230,16,23,9,10,3.0,4.0,2,3,0,0,6,4,13,0,11,4,10,3,3.0,1.0,3.0,1.0,2.0,3.0,632,143,26,16,96,31,17,17,5,0,55,45,14,9,38,38,24,13,13,5,7,11,6,9,62,61,11,37,-0.0541,0.167,5,13,0.0,1.0,1.0,1.0,,,,,,,,,,,,,,,,
11352594,23/24,4,1693663200,finished,Manchester City,Fulham,17,43,5,1,Etihad Stadium,Michael Oliver,52899.0,68,32,2.26,1.45,3.0,3.0,7,6,3.0,0.0,4,5,12,12,733,336,17,11,11,11,2.0,4.0,5,4,0,0,1,1,1,1,7,5,0,1,0.0,2.0,3.0,1.0,1.0,1.0,656,272,21,15,62,30,36,22,3,2,60,40,7,11,40,26,8,6,12,4,10,9,8,7,49,53,10,10,0.9723,-1.618,4,1,3.0,1.0,2.0,0.0,,,,,,,,,,,,,,,,
11352551,23/24,4,1693672200,finished,Brighton & Hove Albion,Newcastle United,30,39,3,1,American Express Stadium,Stuart Attwell,31620.0,56,44,1.3,1.23,1.0,1.0,15,9,2.0,4.0,5,3,14,17,565,440,8,18,17,14,4.0,4.0,6,2,0,0,5,4,4,3,9,7,6,2,,,0.0,2.0,5.0,0.0,507,371,12,12,48,39,23,20,6,2,48,52,9,5,35,45,12,5,10,13,3,9,11,3,52,40,12,14,-0.5951,-1.2633,9,7,1.0,1.0,1.0,1.0,,,,,,,,,,,,,,,,
11352578,23/24,4,1693746000,finished,Crystal Palace,Wolverhampton,7,3,3,2,Selhurst Park,Robert Jones,24741.0,43,57,2.11,1.18,3.0,2.0,16,12,2.0,7.0,4,2,12,12,393,519,24,26,10,10,1.0,3.0,11,4,0,0,4,6,1,2,14,9,2,3,1.0,1.0,5.0,2.0,1.0,2.0,313,434,16,22,63,52,19,20,4,5,47,53,16,14,39,45,12,13,5,9,13,18,10,8,64,68,20,15,-1.2681,0.8778,13,7,2.0,1.0,,,,,,,,,,,,,,,,,,
11352584,23/24,4,1693746000,finished,Liverpool,Aston Villa,44,40,3,0,Anfield,Simon Hooper,50109.0,64,36,2.47,0.66,5.0,0.0,17,9,3.0,2.0,7,3,12,7,694,388,14,15,7,12,0.0,1.0,4,3,2,0,10,6,3,0,11,9,6,0,4.0,0.0,2.0,1.0,6.0,1.0,635,316,11,16,51,38,23,27,7,6,44,56,5,6,24,38,8,2,3,11,9,6,8,9,59,51,10,16,0.2108,-2.0452,7,8,1.0,0.0,1.0,0.0,,,,,,,,,,,,,,,,
11352534,23/24,4,1693755000,finished,Arsenal,Manchester United,42,35,3,1,Emirates Stadium,Anthony Taylor,60192.0,55,45,2.27,0.94,2.0,1.0,17,10,1.0,2.0,12,3,8,7,532,462,11,15,7,8,2.0,3.0,5,2,0,0,4,1,8,7,12,7,5,3,1.0,1.0,2.0,0.0,2.0,1.0,464,392,17,14,66,39,14,20,6,1,52,48,5,5,30,27,13,13,12,4,8,6,8,8,55,43,8,27,-0.4492,-1.4001,1,8,1.0,0.0,1.0,0.0,,,,,,,,,,,,,,,,
11352626,23/24,5,1694863800,finished,Wolverhampton,Liverpool,3,44,1,3,Molineux Stadium,Michael Oliver,,34,66,0.63,2.52,0.0,4.0,11,16,3.0,1.0,4,4,10,4,367,729,22,24,4,9,1.0,3.0,2,6,0,0,7,7,2,3,7,11,4,5,0.0,2.0,1.0,1.0,1.0,0.0,296,638,23,26,43,79,15,23,6,5,50,50,9,10,44,40,7,11,18,7,15,16,13,9,65,62,24,19,-0.7045,-0.9252,7,8,0.0,2.0,,,,,,,,,,,,,,,,,,
11352608,23/24,5,1694872800,finished,Fulham,Luton Town,43,72,1,0,Craven Cottage,Michael Salisbury,24467.0,78,22,0.96,1.1,2.0,3.0,13,7,2.0,1.0,6,2,6,14,809,222,17,20,13,6,2.0,2.0,2,2,0,1,5,4,6,1,6,7,7,0,1.0,3.0,7.0,2.0,0.0,1.0,733,150,23,18,80,42,26,12,7,5,48,52,12,10,33,29,12,19,4,4,9,13,7,11,53,52,10,17,0.8701,-0.0255,6,10,1.0,0.0,,,,,,,,,,,,,,,,,,
11352602,23/24,5,1694872800,finished,Aston Villa,Crystal Palace,40,7,3,1,Villa Park,Darren England,,67,33,3.21,1.17,3.0,3.0,16,6,2.0,2.0,4,2,13,9,604,303,26,23,9,13,5.0,3.0,5,3,1,0,5,2,6,1,12,4,4,2,1.0,2.0,1.0,1.0,1.0,0.0,522,226,23,19,83,41,34,15,9,1,49,51,14,13,41,49,11,6,6,13,11,13,7,12,76,77,8,29,-0.3321,-0.5495,7,2,2.0,1.0,0.0,2.0,,,,,,,,,,,,,,,,
11352621,23/24,5,1694872800,finished,Tottenham Hotspur,Sheffield United,33,15,2,1,Tottenham Hotspur Stadium,Peter Bankes,,70,30,2.12,0.66,3.0,1.0,28,7,4.0,8.0,15,2,13,14,620,269,17,22,12,11,6.0,7.0,10,5,0,0,9,1,9,1,19,6,9,1,2.0,1.0,4.0,1.0,2.0,3.0,545,185,23,11,72,48,16,27,7,2,50,50,10,12,42,37,16,22,14,5,7,10,6,10,65,58,5,34,0.4123,-0.0247,1,13,1.0,0.0,,,,,,,,,,,0.0,1.0,,,,,,
11352611,23/24,5,1694872800,finished,Manchester United,Brighton & Hove Albion,35,30,1,3,Old Trafford,Jarred Gillett,73592.0,44,56,0.96,1.7,1.0,3.0,14,10,5.0,3.0,8,1,8,9,497,661,16,19,9,8,2.0,2.0,4,8,1,0,4,2,6,0,8,7,6,3,1.0,2.0,2.0,0.0,4.0,1.0,425,602,14,9,64,32,23,35,2,2,56,44,10,6,47,33,1,5,22,6,10,9,4,10,63,59,2,17,-0.5348,-0.3377,4,8,0.0,1.0,0.0,2.0,23.0,15.0,98.0,58.0,1.0,0.0,,,,,,,,,,
11352625,23/24,5,1694872800,finished,West Ham United,Manchester City,37,17,1,3,London Stadium,Andy Madley,,32,68,0.94,3.63,2.0,8.0,6,29,10.0,2.0,4,11,7,11,320,704,14,11,11,7,3.0,2.0,3,15,0,1,2,5,1,9,5,18,1,11,1.0,6.0,1.0,4.0,1.0,0.0,276,653,12,13,17,67,21,25,4,5,55,45,6,7,29,25,12,8,4,7,9,7,14,7,41,48,30,5,1.3033,0.3393,7,2,1.0,2.0,1.0,2.0,,,,,,,,,,,,,,,,
11352615,23/24,5,1694881800,finished,Newcastle United,Brentford,39,50,1,0,St James' Park,Craig Pawson,51670.0,56,44,1.44,0.5,2.0,1.0,9,11,2.0,1.0,8,3,8,12,464,367,12,30,12,8,3.0,5.0,2,2,0,0,5,4,2,5,5,8,4,3,1.0,1.0,6.0,1.0,0.0,1.0,363,265,27,20,53,62,17,25,5,5,47,53,19,8,37,48,23,20,14,10,9,19,6,9,57,64,19,28,0.6304,0.0299,10,7,1.0,0.0,0.0,1.0,,,,,,,,,,,,,,,,
11352600,23/24,5,1694955600,finished,Bournemouth,Chelsea,60,38,0,0,Vitality Stadium,David Coote,10421.0,35,65,1.04,1.85,1.0,1.0,13,14,6.0,4.0,1,7,15,20,312,590,14,9,20,15,1.0,5.0,4,6,0,2,3,6,6,2,9,9,4,5,1.0,1.0,2.0,3.0,1.0,2.0,246,516,18,18,54,51,14,27,6,1,57,43,5,6,46,34,6,5,12,10,10,5,17,5,48,53,24,15,1.9862,0.9,7,12,,,0.0,1.0,,,,,,,,,,,,,,,,
11352605,23/24,5,1694964600,finished,Everton,Arsenal,48,42,0,1,Goodison Park,Simon Hooper,39217.0,26,74,0.34,1.02,,,8,13,3.0,1.0,1,11,12,10,235,668,19,9,8,12,1.0,1.0,1,4,0,0,3,3,4,6,4,9,4,4,,,1.0,2.0,1.0,4.0,158,595,11,24,49,55,17,31,1,6,50,50,5,12,30,31,10,9,3,10,13,8,10,6,50,55,17,11,-0.1914,0.0901,9,5,,,0.0,1.0,,,,,,,,,,,,,,,,
11352618,23/24,5,1695062700,finished,Nottingham Forest,Burnley,14,6,1,1,City Ground,Robert Jones,28958.0,46,54,0.71,0.55,0.0,1.0,14,10,2.0,3.0,5,4,16,10,407,487,13,10,9,16,2.0,3.0,4,3,0,0,5,4,5,3,6,5,8,5,0.0,1.0,1.0,3.0,2.0,2.0,321,408,19,20,46,49,20,23,1,2,51,49,3,7,31,32,17,14,9,7,9,7,6,7,54,55,17,30,-0.448,-0.0262,8,6,,,,,,,,,,,,,0.0,1.0,,,,,,
11352634,23/24,6,1695477600,finished,Luton Town,Wolverhampton,72,3,1,1,Kenilworth Road,Josh Smith,10893.0,56,44,2.17,0.59,2.0,1.0,20,3,2.0,3.0,10,1,12,17,430,359,20,14,16,12,0.0,2.0,4,3,1,0,7,0,9,0,15,3,5,0,1.0,1.0,7.0,1.0,1.0,1.0,332,263,21,13,74,47,27,19,7,1,53,47,10,11,44,34,19,21,8,8,9,5,8,4,75,64,5,33,-0.051,0.9593,2,18,1.0,0.0,,,,,,,,,,,0.0,1.0,,,,,,
11352303,23/24,1,1691780400,finished,Burnley,Manchester City,6,17,0,3,Turf Moor,Craig Pawson,21572.0,34,66,0.33,2.08,0.0,3.0,6,17,5.0,1.0,6,5,11,8,365,706,12,17,8,11,,,1,8,0,0,3,4,2,5,5,14,1,3,0.0,1.0,1.0,4.0,0.0,1.0,290,634,15,13,29,61,24,34,3,4,45,55,5,9,23,31,13,13,3,3,8,12,7,4,53,60,16,6,-0.2658,0.0198,5,7,0.0,2.0,0.0,3.0,,,,,,,,,1.0,0.0,,,,,,
11352251,23/24,1,1691841600,finished,Arsenal,Nottingham Forest,42,14,2,1,Emirates Stadium,Michael Oliver,59984.0,78,22,0.83,1.18,0.0,2.0,15,6,1.0,5.0,8,3,12,12,769,200,19,17,12,12,2.0,2.0,7,2,1,0,3,3,5,1,8,4,7,2,0.0,1.0,2.0,0.0,2.0,1.0,693,137,18,9,78,44,15,19,3,1,46,54,9,11,35,36,12,20,4,7,15,10,7,8,53,48,9,16,-0.0518,-0.0174,8,5,0.0,1.0,,,,,,,,,,,,,,,,,,
11352254,23/24,1,1691848800,finished,Sheffield United,Crystal Palace,15,7,0,1,Bramall Lane,John Brooks,31194.0,32,68,0.51,1.89,0.0,2.0,8,24,7.0,1.0,5,5,18,11,262,562,22,21,11,18,3.0,0.0,1,8,0,0,4,8,3,8,4,17,4,7,0.0,1.0,2.0,4.0,2.0,2.0,162,466,18,31,53,58,16,27,3,6,37,63,12,18,35,52,13,31,2,13,11,9,11,4,58,62,34,14,0.9279,0.0475,10,6,0.0,1.0,0.0,1.0,,,,,,,,,,,,,,,,
11352252,23/24,1,1691848800,finished,Brighton & Hove Albion,Luton Town,30,72,4,1,American Express Stadium,David Coote,31872.0,71,29,4.01,1.48,6.0,2.0,27,9,2.0,8.0,6,7,11,12,605,234,13,17,12,9,2.0,2.0,12,3,3,0,10,4,5,2,20,7,7,2,2.0,1.0,5.0,1.0,2.0,3.0,551,168,16,11,61,38,17,31,7,6,47,53,8,6,31,27,12,21,6,1,10,12,4,9,56,52,13,27,0.1127,0.871,8,11,4.0,1.0,,,,,,,,,,,,,,,,,,
11352253,23/24,1,1691848800,finished,Everton,Fulham,48,43,0,1,Goodison Park,Stuart Attwell,39940.0,41,59,2.73,1.5,4.0,2.0,19,9,1.0,9.0,10,4,12,6,366,556,13,10,6,12,0.0,2.0,9,2,1,1,6,6,4,1,14,6,5,3,4.0,1.0,2.0,2.0,6.0,3.0,288,470,27,22,66,53,30,26,5,3,45,55,3,9,26,27,9,15,7,6,6,4,13,4,55,56,16,29,0.1177,3.3106,9,7,0.0,1.0,1.0,0.0,,,,,,,,,,,,,,,,
11352250,23/24,1,1691848800,finished,Bournemouth,West Ham United,60,37,1,1,Vitality Stadium,Peter Bankes,11000.0,63,37,1.37,1.07,1.0,1.0,14,16,1.0,4.0,10,4,9,14,517,304,17,30,12,9,1.0,4.0,5,3,1,1,6,9,3,4,5,12,9,4,0.0,1.0,3.0,1.0,0.0,2.0,423,206,21,22,77,56,25,21,2,5,41,59,17,8,39,49,16,29,10,10,6,19,7,6,69,60,10,29,-0.2972,0.4041,8,11,1.0,0.0,1.0,2.0,,,,,,,,,,,,,,,,
11352255,23/24,1,1691857800,finished,Newcastle United,Aston Villa,39,40,5,1,St James' Park,Andy Madley,52207.0,53,47,3.41,1.77,9.0,2.0,17,16,5.0,7.0,6,5,12,17,502,447,16,13,16,12,4.0,4.0,13,6,0,0,2,7,2,3,14,12,3,4,4.0,2.0,2.0,2.0,2.0,0.0,428,382,15,23,57,49,15,17,5,4,51,49,8,13,39,36,5,6,7,11,9,10,7,6,55,49,12,14,0.8484,0.8025,8,5,5.0,0.0,4.0,2.0,,,,,,,,,,,,,,,,
11352309,23/24,1,1691931600,finished,Brentford,Tottenham Hotspur,50,33,2,2,Brentford Community Stadium,Robert Jones,17066.0,30,70,2.22,1.27,4.0,1.0,11,18,4.0,4.0,3,6,12,13,306,711,17,16,13,11,1.0,4.0,6,6,0,0,2,6,3,6,9,12,2,6,3.0,0.0,3.0,3.0,1.0,0.0,235,638,20,16,33,81,28,11,3,3,48,52,12,7,35,42,15,12,5,16,9,10,8,10,56,56,34,17,-0.8911,-0.2673,7,5,1.0,1.0,1.0,1.0,,,,,,,,,,,,,,,,
11352316,23/24,1,1691940600,finished,Chelsea,Liverpool,38,44,1,1,Stamford Bridge,Anthony Taylor,40096.0,65,35,1.35,1.28,5.0,2.0,10,13,0.0,4.0,4,4,5,13,698,377,13,19,13,5,3.0,3.0,4,1,0,1,4,7,2,5,9,8,1,5,4.0,1.0,3.0,0.0,3.0,5.0,610,301,23,11,67,44,36,17,7,3,54,46,14,7,35,34,12,6,10,10,9,9,7,10,70,69,16,36,-0.2023,0.4365,6,10,1.0,1.0,0.0,1.0,,,,,,,,,,,,,,,,
11352327,23/24,1,1692039600,finished,Manchester United,Wolverhampton,35,3,1,0,Old Trafford,Simon Hooper,73358.0,51,49,2.21,2.35,2.0,1.0,15,23,6.0,2.0,8,7,15,10,465,439,18,23,10,14,2.0,3.0,3,6,0,1,4,7,8,10,12,17,3,6,1.0,1.0,2.0,3.0,1.0,3.0,383,355,14,16,50,41,17,22,3,10,38,62,14,9,39,59,7,17,11,22,11,10,8,18,73,76,20,19,0.7798,-0.1562,8,9,1.0,0.0,0.0,1.0,,,,,,,,,,,,,,,,
11352399,23/24,2,1692384300,finished,Nottingham Forest,Sheffield United,14,15,2,1,City Ground,Peter Bankes,29432.0,50,50,1.39,0.5,1.0,1.0,16,7,2.0,2.0,6,7,5,9,436,437,20,22,9,5,2.0,3.0,4,3,0,0,7,3,5,1,9,4,7,3,0.0,1.0,3.0,1.0,3.0,2.0,343,328,30,23,52,48,28,21,8,4,55,45,6,5,35,33,31,20,7,6,11,15,14,17,62,61,24,15,0.5261,0.0504,6,9,1.0,0.0,,,,,,,,,,,,,,,,,,
11352358,23/24,2,1692453600,finished,Fulham,Brentford,43,50,0,3,Craven Cottage,Darren Bond,24236.0,55,45,0.46,3.93,0.0,5.0,10,17,5.0,2.0,5,5,13,12,474,391,10,13,12,13,4.0,2.0,2,8,1,0,4,7,4,2,4,15,6,2,0.0,2.0,1.0,4.0,1.0,4.0,396,325,18,13,58,49,25,23,1,5,48,52,8,5,30,34,12,12,8,8,9,9,3,9,51,61,22,25,0.4051,0.2147,7,5,0.0,3.0,1.0,3.0,,,,,,,,,1.0,0.0,,,,,,
11352428,23/24,2,1692453600,finished,Wolverhampton,Brighton & Hove Albion,3,30,1,4,Molineux Stadium,Andy Madley,31.0,46,54,2.14,2.22,4.0,5.0,16,16,4.0,4.0,5,3,14,11,462,552,20,25,10,14,5.0,6.0,5,8,2,0,6,5,5,3,12,11,4,5,4.0,1.0,1.0,1.0,4.0,7.0,389,486,16,14,50,44,10,24,4,0,51,49,17,10,54,52,5,5,24,13,15,17,6,10,67,69,6,21,-0.6529,1.4786,5,9,0.0,4.0,2.0,2.0,,,,,,,,,1.0,0.0,,,,,,
11352367,23/24,2,1692453600,finished,Liverpool,Bournemouth,44,60,3,1,Anfield,Thomas Bramall,,65,35,3.08,1.29,4.0,3.0,26,13,4.0,8.0,10,2,11,13,600,325,15,18,13,10,1.0,3.0,10,5,1,0,8,7,8,1,17,6,9,7,2.0,3.0,4.0,2.0,0.0,3.0,516,236,18,21,55,38,25,13,5,4,55,45,7,7,44,41,20,11,17,13,11,11,11,14,65,67,15,28,0.2569,1.8707,10,10,2.0,0.0,,,,,,,,,,,1.0,0.0,,,,,,
11352407,23/24,2,1692462600,finished,Tottenham Hotspur,Manchester United,33,35,2,0,Tottenham Hotspur Stadium,Michael Oliver,61.0,56,44,1.74,2.07,3.0,4.0,17,22,6.0,5.0,5,6,9,8,502,401,15,22,8,9,1.0,3.0,6,6,2,1,7,7,4,9,13,16,4,6,2.0,4.0,2.0,2.0,1.0,4.0,428,332,18,18,42,48,21,20,5,5,44,56,9,5,37,41,3,10,14,10,9,11,5,8,64,65,20,17,1.46,-0.2309,9,7,1.0,0.0,1.0,3.0,,,,,,,,,,,,,,,,
11352389,23/24,2,1692471600,finished,Manchester City,Newcastle United,17,39,1,0,Etihad Stadium,Robert Jones,54000.0,59,41,1.01,0.29,,,14,7,1.0,3.0,3,0,13,11,684,477,11,10,11,13,1.0,5.0,4,1,0,0,3,2,7,4,10,4,4,3,,,3.0,0.0,1.0,4.0,611,412,19,12,49,44,32,26,1,3,53,47,5,7,36,28,3,6,14,5,7,4,4,7,59,55,10,11,0.1101,0.3437,4,8,,,3.0,0.0,,,,,,,,,,,,,,,,
11352337,23/24,2,1692536400,finished,Aston Villa,Everton,40,48,4,0,Villa Park,Anthony Taylor,41694.0,60,40,3.0,0.63,5.0,0.0,13,9,2.0,3.0,7,6,8,12,566,361,9,14,12,8,3.0,4.0,7,2,1,0,4,3,2,4,9,6,4,3,1.0,0.0,1.0,2.0,1.0,1.0,507,294,15,15,33,47,20,25,2,3,52,48,4,7,33,31,10,8,13,9,5,10,3,6,57,57,17,9,0.2012,-0.9255,8,6,4.0,0.0,1.0,1.0,,,,,,,,,,,,,,,,
11352418,23/24,2,1692545400,finished,West Ham United,Chelsea,37,38,3,1,London Stadium,John Brooks,62470.0,24,76,1.8,2.49,2.0,1.0,12,17,3.0,3.0,3,9,12,9,227,716,14,16,9,12,4.0,3.0,6,4,1,0,3,9,3,4,7,11,5,6,0.0,1.0,1.0,6.0,3.0,2.0,157,630,15,16,33,61,12,7,3,10,39,61,13,8,28,42,11,20,5,15,6,11,18,3,61,58,27,13,0.5373,-0.331,10,5,2.0,0.0,0.0,2.0,,,,,,,,,1.0,0.0,,,,,,
11352346,23/24,2,1692644400,finished,Crystal Palace,Arsenal,7,42,0,1,Selhurst Park,David Coote,24189.0,47,53,1.01,2.02,1.0,3.0,14,14,2.0,2.0,1,8,14,10,428,489,14,14,10,13,2.0,3.0,2,3,0,1,5,7,7,4,10,11,4,3,1.0,2.0,2.0,3.0,0.0,2.0,370,422,17,10,54,67,24,24,3,4,51,49,5,8,34,33,14,13,10,6,10,7,5,8,49,51,18,17,0.0757,0.2371,6,7,0.0,1.0,0.0,2.0,,,,,,,,,0.0,1.0,,,,,,
11352484,23/24,3,1692990000,finished,Chelsea,Luton Town,38,72,3,0,Stamford Bridge,Robert Jones,39893.0,67,33,2.27,0.44,5.0,0.0,19,11,1.0,5.0,6,4,15,12,653,306,10,18,11,15,2.0,3.0,8,1,2,0,6,5,5,5,16,7,3,4,3.0,0.0,3.0,2.0,,,603,240,13,10,44,48,29,17,3,2,48,52,11,6,28,40,14,6,7,7,6,10,9,5,50,54,12,18,0.0675,-0.2986,11,8,2.0,0.0,4.0,0.0,,,,,,,,,,,,,,,,
