match_id,season,round,date,venue_name,referee,attendance,team,opponent,venue,goals_for,goals_against,goal_difference,points,result,win,draw,loss,accurateCross,accurateLongBalls,accuratePasses,aerialDuelsPercentage,ballPossession,ballRecovery,bigChanceCreated,bigChanceMissed,bigChanceScored,blockedScoringAttempt,cornerKicks,dispossessed,dribblesPercentage,duelWonPercent,finalThirdEntries,fouls,goalkeeperSaves,hitWoodwork,interceptionWon,passes,shotsOffGoal,shotsOnGoal,totalClearance,totalShotsInsideBox,totalShotsOnGoal,totalShotsOutsideBox,totalTackle,wonTacklePercent
9507199,2020-2021,34.0,2021-05-13 19:15:00,Old Trafford,Anthony Taylor,0.0,Manchester United,Liverpool,Home,2,4,-2,0,Loss,0,0,1,8.0,32.0,403.0,16.0,53.0,,3.0,3.0,0.0,7.0,6.0,11.0,12.0,58.0,47.0,10.0,4.0,0.0,9.0,511.0,8.0,3.0,12.0,13.0,18.0,5.0,22.0,13.0
9507199,2020-2021,34.0,2021-05-13 19:15:00,Old Trafford,Anthony Taylor,0.0,Liverpool,Manchester United,Away,4,2,2,3,Win,1,0,0,2.0,15.0,358.0,12.0,47.0,,6.0,2.0,4.0,4.0,4.0,12.0,7.0,42.0,50.0,12.0,0.0,1.0,12.0,454.0,5.0,8.0,18.0,14.0,17.0,3.0,16.0,9.0
8897157,2020-2021,36.0,2021-05-14 19:00:00,St James' Park,Kevin Friend,0.0,Newcastle United,Manchester City,Home,3,4,-1,0,Loss,0,0,1,5.0,9.0,132.0,10.0,18.0,,3.0,1.0,2.0,3.0,4.0,13.0,7.0,43.0,21.0,11.0,2.0,1.0,7.0,195.0,3.0,5.0,21.0,10.0,11.0,1.0,13.0,5.0
8897157,2020-2021,36.0,2021-05-14 19:00:00,St James' Park,Kevin Friend,0.0,Manchester City,Newcastle United,Away,4,3,1,3,Win,1,0,0,3.0,23.0,871.0,9.0,82.0,,2.0,0.0,2.0,2.0,5.0,7.0,13.0,57.0,87.0,10.0,2.0,1.0,4.0,925.0,7.0,6.0,13.0,7.0,15.0,8.0,21.0,9.0
8897197,2020-2021,36.0,2021-05-16 15:30:00,The Hawthorns,Mike Dean,0.0,West Bromwich Albion,Liverpool,Home,1,2,-1,0,Loss,0,0,1,6.0,25.0,120.0,23.0,24.0,,3.0,2.0,1.0,1.0,9.0,6.0,5.0,55.0,53.0,7.0,4.0,0.0,17.0,200.0,5.0,3.0,32.0,7.0,9.0,2.0,16.0,2.0
8897197,2020-2021,36.0,2021-05-16 15:30:00,The Hawthorns,Mike Dean,0.0,Liverpool,West Bromwich Albion,Away,2,1,1,3,Win,1,0,0,8.0,22.0,610.0,22.0,76.0,,2.0,2.0,0.0,10.0,13.0,7.0,10.0,45.0,72.0,14.0,2.0,1.0,6.0,699.0,10.0,6.0,17.0,14.0,26.0,12.0,8.0,4.0
8897200,2020-2021,37.0,2021-05-18 17:00:00,Old Trafford,Lee Mason,,Manchester United,Fulham,Home,1,1,0,1,Draw,0,1,0,2.0,28.0,471.0,11.0,57.0,,1.0,1.0,0.0,2.0,6.0,10.0,10.0,45.0,67.0,10.0,4.0,0.0,5.0,544.0,5.0,6.0,9.0,4.0,13.0,9.0,13.0,6.0
8897200,2020-2021,37.0,2021-05-18 17:00:00,Old Trafford,Lee Mason,,Fulham,Manchester United,Away,1,1,0,1,Draw,0,1,0,2.0,22.0,333.0,11.0,43.0,,2.0,1.0,1.0,1.0,1.0,9.0,13.0,55.0,32.0,15.0,5.0,1.0,18.0,410.0,2.0,5.0,20.0,5.0,8.0,3.0,25.0,14.0
8897108,2020-2021,37.0,2021-05-18 18:00:00,American Express Stadium,Stuart Attwell,7945.0,Brighton & Hove Albion,Manchester City,Home,3,2,1,3,Win,1,0,0,4.0,27.0,540.0,13.0,63.0,,0.0,,0.0,9.0,5.0,10.0,12.0,51.0,61.0,13.0,2.0,0.0,7.0,607.0,4.0,6.0,10.0,10.0,19.0,9.0,18.0,9.0
8897108,2020-2021,37.0,2021-05-18 18:00:00,American Express Stadium,Stuart Attwell,7945.0,Manchester City,Brighton & Hove Albion,Away,2,3,-1,0,Loss,0,0,1,3.0,12.0,301.0,12.0,37.0,,1.0,,1.0,2.0,3.0,13.0,10.0,49.0,28.0,11.0,3.0,0.0,7.0,361.0,2.0,4.0,25.0,7.0,8.0,1.0,15.0,6.0
8897174,2020-2021,37.0,2021-05-18 19:15:00,Stamford Bridge,Mike Dean,7195.0,Chelsea,Leicester City,Home,2,1,1,3,Win,1,0,0,4.0,20.0,466.0,17.0,59.0,,3.0,1.0,2.0,6.0,6.0,12.0,10.0,51.0,59.0,15.0,2.0,0.0,12.0,549.0,5.0,6.0,18.0,15.0,17.0,2.0,19.0,13.0
8897174,2020-2021,37.0,2021-05-18 19:15:00,Stamford Bridge,Mike Dean,7195.0,Leicester City,Chelsea,Away,1,2,-1,0,Loss,0,0,1,3.0,16.0,290.0,15.0,41.0,,2.0,1.0,1.0,1.0,5.0,10.0,6.0,49.0,64.0,16.0,4.0,0.0,7.0,381.0,3.0,3.0,15.0,4.0,7.0,3.0,23.0,15.0
8897168,2020-2021,37.0,2021-05-19 18:00:00,Selhurst Park,Anthony Taylor,6500.0,Crystal Palace,Arsenal,Home,1,3,-2,0,Loss,0,0,1,10.0,19.0,181.0,21.0,31.0,,1.0,0.0,1.0,2.0,6.0,5.0,6.0,56.0,46.0,7.0,0.0,0.0,8.0,258.0,4.0,6.0,23.0,9.0,12.0,3.0,20.0,12.0
8897168,2020-2021,37.0,2021-05-19 18:00:00,Selhurst Park,Anthony Taylor,6500.0,Arsenal,Crystal Palace,Away,3,1,2,3,Win,1,0,0,5.0,33.0,522.0,21.0,69.0,,3.0,1.0,2.0,2.0,7.0,13.0,7.0,44.0,70.0,7.0,5.0,0.0,11.0,603.0,1.0,3.0,18.0,4.0,6.0,2.0,8.0,5.0
8897152,2020-2021,37.0,2021-05-19 19:15:00,Turf Moor,Chris Kavanagh,3387.0,Burnley,Liverpool,Home,0,3,-3,0,Loss,0,0,1,3.0,35.0,302.0,14.0,41.0,,2.0,2.0,,3.0,6.0,12.0,4.0,42.0,67.0,10.0,0.0,0.0,10.0,389.0,3.0,4.0,14.0,6.0,10.0,4.0,14.0,7.0
8897152,2020-2021,37.0,2021-05-19 19:15:00,Turf Moor,Chris Kavanagh,3387.0,Liverpool,Burnley,Away,3,0,3,3,Win,1,0,0,3.0,26.0,496.0,24.0,59.0,,4.0,4.0,,8.0,7.0,10.0,8.0,58.0,59.0,7.0,4.0,0.0,6.0,584.0,9.0,3.0,41.0,15.0,20.0,5.0,15.0,7.0
8897229,2020-2021,38.0,2021-05-23 15:00:00,Emirates Stadium,Jonathan Moss,10000.0,Arsenal,Brighton & Hove Albion,Home,2,0,2,3,Win,1,0,0,5.0,24.0,498.0,7.0,54.0,,,,,4.0,11.0,7.0,6.0,51.0,52.0,10.0,1.0,2.0,5.0,565.0,7.0,5.0,10.0,7.0,16.0,9.0,14.0,8.0
8897229,2020-2021,38.0,2021-05-23 15:00:00,Emirates Stadium,Jonathan Moss,10000.0,Brighton & Hove Albion,Arsenal,Away,0,2,-2,0,Loss,0,0,1,0.0,32.0,424.0,4.0,46.0,,,,,1.0,3.0,11.0,3.0,49.0,40.0,8.0,3.0,0.0,13.0,489.0,3.0,1.0,18.0,2.0,5.0,3.0,17.0,12.0
8897222,2020-2021,38.0,2021-05-23 15:00:00,Etihad Stadium,Michael Oliver,10000.0,Manchester City,Everton,Home,5,0,5,3,Win,1,0,0,5.0,22.0,665.0,8.0,68.0,,5.0,1.0,4.0,4.0,7.0,9.0,17.0,52.0,54.0,8.0,3.0,1.0,9.0,725.0,6.0,11.0,10.0,17.0,21.0,4.0,10.0,5.0
8897222,2020-2021,38.0,2021-05-23 15:00:00,Etihad Stadium,Michael Oliver,10000.0,Everton,Manchester City,Away,0,5,-5,0,Loss,0,0,1,0.0,21.0,269.0,11.0,32.0,,1.0,1.0,0.0,3.0,5.0,3.0,11.0,48.0,51.0,10.0,6.0,0.0,10.0,340.0,2.0,3.0,18.0,4.0,8.0,4.0,12.0,9.0
8897218,2020-2021,38.0,2021-05-23 15:00:00,Villa Park,Stuart Attwell,10000.0,Aston Villa,Chelsea,Home,2,1,1,3,Win,1,0,0,1.0,24.0,174.0,20.0,29.0,,1.0,0.0,1.0,0.0,2.0,10.0,8.0,55.0,45.0,11.0,6.0,0.0,7.0,250.0,3.0,3.0,36.0,4.0,6.0,2.0,14.0,11.0
8897218,2020-2021,38.0,2021-05-23 15:00:00,Villa Park,Stuart Attwell,10000.0,Chelsea,Aston Villa,Away,1,2,-1,0,Loss,0,0,1,8.0,21.0,532.0,12.0,71.0,,7.0,6.0,1.0,5.0,9.0,8.0,3.0,45.0,63.0,12.0,1.0,0.0,9.0,598.0,11.0,7.0,6.0,15.0,23.0,8.0,18.0,8.0
8897224,2020-2021,38.0,2021-05-23 15:00:00,Molineux Stadium,Mike Dean,,Wolverhampton,Manchester United,Home,1,2,-1,0,Loss,0,0,1,5.0,24.0,506.0,9.0,57.0,,0.0,0.0,0.0,4.0,6.0,3.0,12.0,48.0,68.0,14.0,2.0,0.0,10.0,571.0,6.0,4.0,7.0,10.0,14.0,4.0,19.0,11.0
8897224,2020-2021,38.0,2021-05-23 15:00:00,Molineux Stadium,Mike Dean,,Manchester United,Wolverhampton,Away,2,1,1,3,Win,1,0,0,3.0,23.0,381.0,12.0,43.0,,4.0,2.0,2.0,0.0,2.0,4.0,7.0,52.0,31.0,3.0,3.0,0.0,14.0,440.0,5.0,4.0,26.0,6.0,9.0,3.0,14.0,7.0
8897227,2020-2021,38.0,2021-05-23 15:00:00,Anfield,Andre Marriner,9901.0,Liverpool,Crystal Palace,Home,2,0,2,3,Win,1,0,0,8.0,36.0,502.0,13.0,70.0,,3.0,2.0,1.0,4.0,14.0,13.0,8.0,43.0,57.0,10.0,4.0,0.0,10.0,588.0,10.0,5.0,5.0,16.0,19.0,3.0,15.0,12.0
8897227,2020-2021,38.0,2021-05-23 15:00:00,Anfield,Andre Marriner,9901.0,Crystal Palace,Liverpool,Away,0,2,-2,0,Loss,0,0,1,2.0,15.0,161.0,14.0,30.0,,2.0,2.0,0.0,0.0,1.0,9.0,8.0,57.0,40.0,8.0,3.0,0.0,10.0,263.0,1.0,4.0,21.0,2.0,5.0,3.0,24.0,16.0
8897149,2020-2021,33.0,2021-04-24 11:30:00,Anfield,Andre Marriner,,Liverpool,Newcastle United,Home,1,1,0,1,Draw,0,1,0,7.0,21.0,718.0,8.0,69.0,,5.0,5.0,,5.0,6.0,5.0,10.0,48.0,84.0,9.0,3.0,1.0,8.0,793.0,8.0,9.0,14.0,13.0,22.0,9.0,21.0,10.0
8897149,2020-2021,33.0,2021-04-24 11:30:00,Anfield,Andre Marriner,,Newcastle United,Liverpool,Away,1,1,0,1,Draw,0,1,0,4.0,35.0,282.0,9.0,31.0,,2.0,2.0,,2.0,3.0,10.0,14.0,52.0,48.0,7.0,8.0,0.0,12.0,350.0,1.0,4.0,15.0,6.0,7.0,1.0,15.0,5.0
8897186,2020-2021,33.0,2021-04-24 16:30:00,London Stadium,Chris Kavanagh,,West Ham United,Chelsea,Home,0,1,-1,0,Loss,0,0,1,1.0,16.0,344.0,17.0,45.0,,0.0,0.0,0.0,3.0,4.0,13.0,7.0,46.0,61.0,9.0,5.0,0.0,13.0,447.0,4.0,2.0,14.0,3.0,9.0,6.0,18.0,7.0
8897186,2020-2021,33.0,2021-04-24 16:30:00,London Stadium,Chris Kavanagh,,Chelsea,West Ham United,Away,1,0,1,3,Win,1,0,0,2.0,21.0,476.0,23.0,55.0,,3.0,2.0,1.0,5.0,2.0,11.0,8.0,54.0,58.0,11.0,2.0,0.0,9.0,566.0,6.0,6.0,23.0,10.0,17.0,7.0,22.0,14.0
8897213,2020-2021,33.0,2021-04-25 13:00:00,Elland Road,Craig Pawson,,Leeds United,Manchester United,Home,0,0,0,1,Draw,0,1,0,2.0,18.0,299.0,6.0,44.0,,,,,2.0,2.0,10.0,6.0,44.0,29.0,21.0,4.0,0.0,8.0,385.0,1.0,3.0,17.0,3.0,6.0,3.0,30.0,17.0
8897213,2020-2021,33.0,2021-04-25 13:00:00,Elland Road,Craig Pawson,,Manchester United,Leeds United,Away,0,0,0,1,Draw,0,1,0,6.0,20.0,413.0,13.0,56.0,,,,,5.0,6.0,11.0,18.0,56.0,51.0,11.0,3.0,0.0,10.0,483.0,7.0,4.0,14.0,9.0,16.0,7.0,16.0,11.0
8897139,2020-2021,34.0,2021-05-01 11:30:00,Selhurst Park,David Coote,0.0,Crystal Palace,Manchester City,Home,0,2,-2,0,Loss,0,0,1,2.0,19.0,215.0,17.0,30.0,,1.0,1.0,,1.0,2.0,7.0,13.0,49.0,41.0,9.0,1.0,0.0,19.0,294.0,4.0,4.0,18.0,3.0,9.0,6.0,18.0,12.0
8897139,2020-2021,34.0,2021-05-01 11:30:00,Selhurst Park,David Coote,0.0,Manchester City,Crystal Palace,Away,2,0,2,3,Win,1,0,0,4.0,49.0,610.0,18.0,70.0,,1.0,1.0,,7.0,6.0,12.0,13.0,51.0,79.0,10.0,4.0,1.0,12.0,696.0,10.0,3.0,10.0,17.0,20.0,3.0,20.0,11.0
8897109,2020-2021,34.0,2021-05-01 16:30:00,Stamford Bridge,Kevin Friend,0.0,Chelsea,Fulham,Home,2,0,2,3,Win,1,0,0,0.0,29.0,435.0,11.0,49.0,,3.0,1.0,2.0,3.0,1.0,7.0,9.0,47.0,45.0,15.0,3.0,0.0,4.0,511.0,1.0,5.0,25.0,7.0,9.0,2.0,24.0,11.0
8897109,2020-2021,34.0,2021-05-01 16:30:00,Stamford Bridge,Kevin Friend,0.0,Fulham,Chelsea,Away,0,2,-2,0,Loss,0,0,1,3.0,21.0,446.0,12.0,51.0,,0.0,0.0,0.0,3.0,8.0,16.0,11.0,53.0,53.0,8.0,3.0,0.0,8.0,521.0,4.0,3.0,8.0,5.0,10.0,5.0,21.0,15.0
8897166,2020-2021,34.0,2021-05-02 13:00:00,St James' Park,Mike Dean,0.0,Newcastle United,Arsenal,Home,0,2,-2,0,Loss,0,0,1,3.0,28.0,345.0,12.0,39.0,,0.0,,0.0,1.0,3.0,2.0,14.0,58.0,38.0,10.0,2.0,0.0,7.0,396.0,3.0,1.0,13.0,3.0,5.0,2.0,12.0,6.0
8897166,2020-2021,34.0,2021-05-02 13:00:00,St James' Park,Mike Dean,0.0,Arsenal,Newcastle United,Away,2,0,2,3,Win,1,0,0,10.0,32.0,582.0,11.0,61.0,,1.0,,1.0,4.0,7.0,6.0,8.0,42.0,90.0,9.0,1.0,0.0,9.0,641.0,10.0,5.0,12.0,12.0,19.0,7.0,6.0,1.0
8897219,2020-2021,35.0,2021-05-08 16:30:00,Etihad Stadium,Anthony Taylor,0.0,Manchester City,Chelsea,Home,1,2,-1,0,Loss,0,0,1,2.0,23.0,489.0,5.0,48.0,,2.0,1.0,1.0,6.0,6.0,8.0,9.0,47.0,46.0,12.0,3.0,0.0,9.0,537.0,6.0,4.0,11.0,8.0,16.0,8.0,18.0,10.0
8897219,2020-2021,35.0,2021-05-08 16:30:00,Etihad Stadium,Anthony Taylor,0.0,Chelsea,Manchester City,Away,2,1,1,3,Win,1,0,0,2.0,19.0,523.0,10.0,52.0,,1.0,1.0,0.0,3.0,2.0,7.0,10.0,53.0,37.0,10.0,3.0,0.0,3.0,580.0,4.0,5.0,11.0,5.0,12.0,7.0,15.0,9.0
8897193,2020-2021,35.0,2021-05-08 19:15:00,Anfield,Kevin Friend,0.0,Liverpool,Southampton,Home,2,0,2,3,Win,1,0,0,5.0,41.0,486.0,17.0,54.0,,4.0,3.0,1.0,3.0,8.0,8.0,10.0,52.0,61.0,10.0,6.0,1.0,8.0,557.0,5.0,6.0,15.0,12.0,14.0,2.0,15.0,7.0
8897193,2020-2021,35.0,2021-05-08 19:15:00,Anfield,Kevin Friend,0.0,Southampton,Liverpool,Away,0,2,-2,0,Loss,0,0,1,3.0,32.0,401.0,7.0,46.0,,3.0,3.0,0.0,2.0,4.0,10.0,9.0,48.0,34.0,6.0,4.0,0.0,6.0,480.0,4.0,6.0,18.0,6.0,12.0,6.0,18.0,7.0
8897208,2020-2021,35.0,2021-05-09 13:05:00,Villa Park,Chris Kavanagh,0.0,Aston Villa,Manchester United,Home,1,3,-2,0,Loss,0,0,1,2.0,19.0,307.0,9.0,41.0,,0.0,,0.0,3.0,5.0,6.0,8.0,51.0,58.0,13.0,4.0,0.0,10.0,383.0,3.0,5.0,20.0,5.0,11.0,6.0,14.0,5.0
8897208,2020-2021,35.0,2021-05-09 13:05:00,Villa Park,Chris Kavanagh,0.0,Manchester United,Aston Villa,Away,3,1,2,3,Win,1,0,0,4.0,30.0,483.0,15.0,59.0,,2.0,,2.0,7.0,6.0,6.0,9.0,49.0,58.0,18.0,5.0,0.0,11.0,563.0,4.0,7.0,19.0,11.0,18.0,7.0,10.0,7.0
8897110,2020-2021,35.0,2021-05-09 18:00:00,Emirates Stadium,Peter Bankes,0.0,Arsenal,West Bromwich Albion,Home,3,1,2,3,Win,1,0,0,3.0,15.0,497.0,11.0,66.0,,1.0,0.0,1.0,3.0,6.0,6.0,7.0,49.0,52.0,7.0,0.0,0.0,12.0,576.0,5.0,7.0,25.0,7.0,15.0,8.0,11.0,8.0
8897110,2020-2021,35.0,2021-05-09 18:00:00,Emirates Stadium,Peter Bankes,0.0,West Bromwich Albion,Arsenal,Away,1,3,-2,0,Loss,0,0,1,6.0,26.0,210.0,12.0,34.0,,3.0,3.0,0.0,4.0,6.0,4.0,5.0,51.0,56.0,9.0,4.0,1.0,13.0,288.0,7.0,1.0,12.0,6.0,12.0,6.0,14.0,11.0
8897133,2020-2021,36.0,2021-05-11 17:00:00,Old Trafford,Craig Pawson,0.0,Manchester United,Leicester City,Home,1,2,-1,0,Loss,0,0,1,2.0,24.0,462.0,10.0,53.0,,0.0,0.0,0.0,0.0,3.0,9.0,16.0,53.0,44.0,9.0,1.0,0.0,8.0,561.0,3.0,1.0,14.0,4.0,4.0,0.0,12.0,7.0
8897133,2020-2021,36.0,2021-05-11 17:00:00,Old Trafford,Craig Pawson,0.0,Leicester City,Manchester United,Away,2,1,1,3,Win,1,0,0,5.0,21.0,404.0,13.0,47.0,,2.0,1.0,1.0,6.0,4.0,4.0,5.0,47.0,59.0,12.0,0.0,0.0,13.0,491.0,3.0,3.0,9.0,4.0,12.0,8.0,17.0,8.0
8897155,2020-2021,36.0,2021-05-12 19:15:00,Stamford Bridge,Andre Marriner,0.0,Chelsea,Arsenal,Home,0,1,-1,0,Loss,0,0,1,10.0,18.0,686.0,17.0,68.0,,2.0,2.0,0.0,5.0,9.0,4.0,12.0,55.0,67.0,7.0,2.0,2.0,6.0,765.0,9.0,5.0,5.0,14.0,19.0,5.0,4.0,4.0
8897155,2020-2021,36.0,2021-05-12 19:15:00,Stamford Bridge,Andre Marriner,0.0,Arsenal,Chelsea,Away,1,0,1,3,Win,1,0,0,3.0,14.0,293.0,8.0,32.0,,1.0,0.0,1.0,2.0,1.0,2.0,4.0,45.0,42.0,6.0,4.0,0.0,8.0,369.0,1.0,2.0,37.0,3.0,5.0,2.0,14.0,8.0
8897181,2020-2021,30.0,2021-04-03 16:30:00,King Power Stadium,Anthony Taylor,0.0,Leicester City,Manchester City,Home,0,2,-2,0,Loss,0,0,1,1.0,25.0,374.0,13.0,44.0,,0.0,0.0,0.0,1.0,1.0,5.0,19.0,56.0,26.0,13.0,2.0,0.0,10.0,452.0,2.0,2.0,12.0,3.0,5.0,2.0,19.0,13.0
8897181,2020-2021,30.0,2021-04-03 16:30:00,King Power Stadium,Anthony Taylor,0.0,Manchester City,Leicester City,Away,2,0,2,3,Win,1,0,0,4.0,30.0,502.0,11.0,56.0,,3.0,2.0,1.0,1.0,1.0,12.0,11.0,44.0,63.0,12.0,2.0,1.0,13.0,571.0,6.0,4.0,6.0,9.0,11.0,2.0,14.0,7.0
8897146,2020-2021,30.0,2021-04-03 19:00:00,Emirates Stadium,Martin Atkinson,0.0,Arsenal,Liverpool,Home,0,3,-3,0,Loss,0,0,1,1.0,20.0,300.0,13.0,36.0,,0.0,0.0,0.0,1.0,1.0,9.0,6.0,45.0,45.0,10.0,4.0,0.0,7.0,395.0,0.0,2.0,24.0,2.0,3.0,1.0,21.0,5.0
8897146,2020-2021,30.0,2021-04-03 19:00:00,Emirates Stadium,Martin Atkinson,0.0,Liverpool,Arsenal,Away,3,0,3,3,Win,1,0,0,7.0,28.0,608.0,19.0,64.0,,6.0,3.0,3.0,3.0,2.0,15.0,13.0,55.0,58.0,10.0,2.0,0.0,6.0,703.0,6.0,7.0,10.0,9.0,16.0,7.0,18.0,11.0
8897164,2020-2021,30.0,2021-04-04 18:30:00,Old Trafford,Mike Dean,0.0,Manchester United,Brighton & Hove Albion,Home,2,1,1,3,Win,1,0,0,4.0,20.0,510.0,18.0,58.0,,4.0,2.0,2.0,2.0,5.0,11.0,12.0,51.0,97.0,14.0,2.0,1.0,13.0,604.0,6.0,7.0,17.0,9.0,15.0,6.0,13.0,7.0
8897164,2020-2021,30.0,2021-04-04 18:30:00,Old Trafford,Mike Dean,0.0,Brighton & Hove Albion,Manchester United,Away,1,2,-1,0,Loss,0,0,1,3.0,13.0,336.0,7.0,42.0,,3.0,2.0,1.0,2.0,6.0,9.0,8.0,49.0,44.0,7.0,5.0,1.0,19.0,436.0,0.0,3.0,19.0,5.0,5.0,0.0,20.0,8.0
8897120,2020-2021,31.0,2021-04-10 11:30:00,Etihad Stadium,Andre Marriner,0.0,Manchester City,Leeds United,Home,1,2,-1,0,Loss,0,0,1,8.0,12.0,556.0,12.0,71.0,,2.0,1.0,1.0,11.0,9.0,12.0,17.0,53.0,67.0,12.0,0.0,0.0,6.0,621.0,11.0,7.0,6.0,14.0,29.0,15.0,8.0,6.0
8897120,2020-2021,31.0,2021-04-10 11:30:00,Etihad Stadium,Andre Marriner,0.0,Leeds United,Manchester City,Away,2,1,1,3,Win,1,0,0,1.0,22.0,173.0,11.0,29.0,,0.0,0.0,0.0,0.0,3.0,1.0,8.0,47.0,30.0,15.0,6.0,0.0,8.0,252.0,0.0,2.0,35.0,0.0,2.0,2.0,16.0,6.0
8897154,2020-2021,31.0,2021-04-10 14:00:00,Anfield,Paul Tierney,0.0,Liverpool,Aston Villa,Home,2,1,1,3,Win,1,0,0,3.0,19.0,480.0,21.0,66.0,,3.0,2.0,1.0,7.0,7.0,11.0,11.0,49.0,56.0,16.0,4.0,0.0,7.0,577.0,6.0,10.0,16.0,17.0,23.0,6.0,14.0,9.0
8897154,2020-2021,31.0,2021-04-10 14:00:00,Anfield,Paul Tierney,0.0,Aston Villa,Liverpool,Away,1,2,-1,0,Loss,0,0,1,3.0,35.0,202.0,19.0,34.0,,1.0,1.0,0.0,0.0,0.0,9.0,8.0,51.0,58.0,11.0,8.0,1.0,17.0,296.0,4.0,5.0,23.0,6.0,9.0,3.0,18.0,5.0
8897172,2020-2021,31.0,2021-04-10 16:30:00,Selhurst Park,Michael Oliver,0.0,Crystal Palace,Chelsea,Home,1,4,-3,0,Loss,0,0,1,2.0,26.0,336.0,27.0,36.0,,1.0,0.0,1.0,0.0,0.0,11.0,8.0,53.0,30.0,7.0,5.0,0.0,14.0,434.0,0.0,1.0,17.0,1.0,1.0,0.0,14.0,5.0
8897172,2020-2021,31.0,2021-04-10 16:30:00,Selhurst Park,Michael Oliver,0.0,Chelsea,Crystal Palace,Away,4,1,3,3,Win,1,0,0,11.0,30.0,699.0,17.0,64.0,,6.0,4.0,2.0,7.0,8.0,9.0,9.0,47.0,62.0,12.0,0.0,0.0,9.0,782.0,6.0,10.0,9.0,19.0,23.0,4.0,20.0,14.0
8897188,2020-2021,31.0,2021-04-11 15:30:00,Tottenham Hotspur Stadium,Chris Kavanagh,0.0,Tottenham Hotspur,Manchester United,Home,1,3,-2,0,Loss,0,0,1,1.0,22.0,356.0,7.0,47.0,,1.0,0.0,1.0,3.0,7.0,8.0,10.0,46.0,54.0,11.0,4.0,1.0,11.0,439.0,6.0,3.0,14.0,9.0,12.0,3.0,21.0,13.0
8897188,2020-2021,31.0,2021-04-11 15:30:00,Tottenham Hotspur Stadium,Chris Kavanagh,0.0,Manchester United,Tottenham Hotspur,Away,3,1,2,3,Win,1,0,0,5.0,23.0,422.0,17.0,53.0,,3.0,1.0,2.0,3.0,5.0,14.0,14.0,54.0,60.0,15.0,2.0,0.0,14.0,503.0,2.0,7.0,16.0,9.0,12.0,3.0,19.0,11.0
8897206,2020-2021,31.0,2021-04-11 18:00:00,Bramall Lane,Peter Bankes,0.0,Sheffield United,Arsenal,Home,0,3,-3,0,Loss,0,0,1,1.0,25.0,397.0,9.0,45.0,,0.0,,0.0,3.0,2.0,10.0,3.0,43.0,44.0,9.0,2.0,0.0,5.0,469.0,2.0,2.0,19.0,5.0,7.0,2.0,16.0,7.0
8897206,2020-2021,31.0,2021-04-11 18:00:00,Bramall Lane,Peter Bankes,0.0,Arsenal,Sheffield United,Away,3,0,3,3,Win,1,0,0,2.0,21.0,514.0,14.0,55.0,,3.0,,3.0,6.0,4.0,9.0,8.0,57.0,46.0,6.0,2.0,0.0,2.0,577.0,3.0,5.0,11.0,8.0,14.0,6.0,12.0,7.0
8897211,2020-2021,32.0,2021-04-18 12:30:00,Emirates Stadium,Craig Pawson,0.0,Arsenal,Fulham,Home,1,1,0,1,Draw,0,1,0,8.0,17.0,558.0,19.0,70.0,,5.0,4.0,1.0,5.0,11.0,3.0,11.0,55.0,70.0,9.0,0.0,1.0,8.0,633.0,8.0,5.0,6.0,12.0,18.0,6.0,18.0,8.0
8897211,2020-2021,32.0,2021-04-18 12:30:00,Emirates Stadium,Craig Pawson,0.0,Fulham,Arsenal,Away,1,1,0,1,Draw,0,1,0,0.0,15.0,212.0,17.0,30.0,,1.0,0.0,1.0,2.0,1.0,8.0,11.0,45.0,35.0,11.0,4.0,0.0,11.0,286.0,0.0,1.0,32.0,2.0,3.0,1.0,12.0,8.0
8897194,2020-2021,32.0,2021-04-18 15:00:00,Old Trafford,Jonathan Moss,0.0,Manchester United,Burnley,Home,3,1,2,3,Win,1,0,0,7.0,32.0,540.0,14.0,69.0,,5.0,3.0,2.0,4.0,8.0,12.0,15.0,54.0,63.0,9.0,2.0,0.0,4.0,610.0,4.0,9.0,16.0,15.0,17.0,2.0,13.0,9.0
8897194,2020-2021,32.0,2021-04-18 15:00:00,Old Trafford,Jonathan Moss,0.0,Burnley,Manchester United,Away,1,3,-2,0,Loss,0,0,1,3.0,24.0,196.0,16.0,31.0,,2.0,1.0,1.0,3.0,3.0,2.0,4.0,46.0,47.0,12.0,5.0,0.0,12.0,266.0,4.0,3.0,29.0,6.0,10.0,4.0,15.0,6.0
8897214,2020-2021,32.0,2021-04-19 19:00:00,Elland Road,Anthony Taylor,0.0,Leeds United,Liverpool,Home,1,1,0,1,Draw,0,1,0,4.0,41.0,440.0,11.0,62.0,,6.0,6.0,0.0,3.0,10.0,7.0,12.0,61.0,49.0,7.0,6.0,1.0,10.0,525.0,4.0,5.0,17.0,12.0,12.0,0.0,23.0,13.0
8897214,2020-2021,32.0,2021-04-19 19:00:00,Elland Road,Anthony Taylor,0.0,Liverpool,Leeds United,Away,1,1,0,1,Draw,0,1,0,4.0,23.0,250.0,10.0,38.0,,2.0,1.0,1.0,4.0,8.0,9.0,7.0,39.0,40.0,15.0,4.0,0.0,10.0,322.0,6.0,7.0,29.0,12.0,17.0,5.0,15.0,10.0
8897187,2020-2021,32.0,2021-04-20 19:00:00,Stamford Bridge,Stuart Attwell,0.0,Chelsea,Brighton & Hove Albion,Home,0,0,0,1,Draw,0,1,0,3.0,13.0,654.0,10.0,64.0,,1.0,1.0,,1.0,0.0,13.0,15.0,44.0,45.0,8.0,2.0,0.0,10.0,740.0,2.0,4.0,9.0,6.0,7.0,1.0,8.0,2.0
8897187,2020-2021,32.0,2021-04-20 19:00:00,Stamford Bridge,Stuart Attwell,0.0,Brighton & Hove Albion,Chelsea,Away,0,0,0,1,Draw,0,1,0,0.0,28.0,313.0,14.0,36.0,,0.0,0.0,,5.0,3.0,4.0,6.0,56.0,57.0,9.0,4.0,1.0,15.0,410.0,4.0,2.0,6.0,5.0,11.0,6.0,25.0,12.0
8897196,2020-2021,32.0,2021-04-21 19:15:00,Villa Park,Peter Bankes,0.0,Aston Villa,Manchester City,Home,1,2,-1,0,Loss,0,0,1,5.0,19.0,239.0,14.0,28.0,,1.0,,1.0,2.0,1.0,3.0,7.0,49.0,36.0,12.0,1.0,0.0,5.0,304.0,3.0,3.0,20.0,7.0,8.0,1.0,12.0,6.0
8897196,2020-2021,32.0,2021-04-21 19:15:00,Villa Park,Peter Bankes,0.0,Manchester City,Aston Villa,Away,2,1,1,3,Win,1,0,0,4.0,25.0,740.0,14.0,72.0,,2.0,,2.0,3.0,11.0,7.0,12.0,51.0,62.0,7.0,2.0,0.0,4.0,806.0,7.0,3.0,7.0,6.0,13.0,7.0,5.0,2.0
8897132,2020-2021,33.0,2021-04-23 19:00:00,Emirates Stadium,Jonathan Moss,,Arsenal,Everton,Home,0,1,-1,0,Loss,0,0,1,7.0,33.0,574.0,12.0,59.0,,,,,8.0,7.0,9.0,6.0,41.0,80.0,13.0,1.0,0.0,9.0,627.0,3.0,3.0,10.0,9.0,14.0,5.0,10.0,4.0
8897132,2020-2021,33.0,2021-04-23 19:00:00,Emirates Stadium,Jonathan Moss,,Everton,Arsenal,Away,1,0,1,3,Win,1,0,0,1.0,23.0,358.0,13.0,41.0,,,,,4.0,3.0,9.0,9.0,59.0,34.0,10.0,3.0,1.0,8.0,438.0,3.0,1.0,18.0,4.0,8.0,4.0,19.0,14.0
8897072,2020-2021,29.0,2021-03-04 20:15:00,Anfield,Martin Atkinson,0.0,Liverpool,Chelsea,Home,0,1,-1,0,Loss,0,0,1,2.0,33.0,571.0,10.0,54.0,,1.0,1.0,,2.0,5.0,9.0,19.0,53.0,81.0,9.0,3.0,0.0,12.0,656.0,4.0,1.0,14.0,4.0,7.0,3.0,14.0,6.0
8897072,2020-2021,29.0,2021-03-04 20:15:00,Anfield,Martin Atkinson,0.0,Chelsea,Liverpool,Away,1,0,1,3,Win,1,0,0,0.0,25.0,469.0,9.0,46.0,,1.0,1.0,,1.0,2.0,10.0,8.0,47.0,37.0,8.0,1.0,0.0,11.0,549.0,5.0,5.0,30.0,7.0,11.0,4.0,19.0,14.0
8897091,2020-2021,27.0,2021-03-06 12:30:00,Turf Moor,Andre Marriner,0.0,Burnley,Arsenal,Home,1,1,0,1,Draw,0,1,0,1.0,40.0,302.0,26.0,41.0,,2.0,1.0,1.0,0.0,2.0,9.0,4.0,55.0,77.0,5.0,1.0,0.0,11.0,419.0,4.0,5.0,16.0,6.0,9.0,3.0,15.0,11.0
8897091,2020-2021,27.0,2021-03-06 12:30:00,Turf Moor,Andre Marriner,0.0,Arsenal,Burnley,Away,1,1,0,1,Draw,0,1,0,4.0,16.0,488.0,26.0,59.0,,4.0,4.0,0.0,6.0,3.0,8.0,3.0,45.0,49.0,12.0,4.0,2.0,5.0,595.0,6.0,3.0,17.0,11.0,15.0,4.0,12.0,6.0
8897090,2020-2021,27.0,2021-03-07 14:00:00,Anfield,Kevin Friend,0.0,Liverpool,Fulham,Home,0,1,-1,0,Loss,0,0,1,8.0,16.0,594.0,17.0,63.0,,0.0,0.0,,2.0,9.0,10.0,7.0,47.0,81.0,10.0,2.0,1.0,9.0,708.0,11.0,3.0,13.0,10.0,16.0,6.0,13.0,10.0
8897090,2020-2021,27.0,2021-03-07 14:00:00,Anfield,Kevin Friend,0.0,Fulham,Liverpool,Away,1,0,1,3,Win,1,0,0,3.0,32.0,321.0,16.0,37.0,,1.0,1.0,,2.0,4.0,5.0,8.0,53.0,47.0,8.0,3.0,0.0,19.0,414.0,5.0,3.0,42.0,9.0,10.0,1.0,15.0,5.0
8897099,2020-2021,27.0,2021-03-07 16:30:00,Etihad Stadium,Anthony Taylor,0.0,Manchester City,Manchester United,Home,0,2,-2,0,Loss,0,0,1,4.0,17.0,643.0,10.0,66.0,,2.0,2.0,0.0,7.0,6.0,9.0,12.0,58.0,67.0,9.0,4.0,1.0,14.0,715.0,10.0,6.0,7.0,13.0,23.0,10.0,17.0,8.0
8897099,2020-2021,27.0,2021-03-07 16:30:00,Etihad Stadium,Anthony Taylor,0.0,Manchester United,Manchester City,Away,2,0,2,3,Win,1,0,0,0.0,17.0,293.0,3.0,34.0,,3.0,2.0,1.0,2.0,2.0,9.0,11.0,42.0,25.0,12.0,6.0,0.0,17.0,374.0,0.0,6.0,20.0,7.0,8.0,1.0,13.0,8.0
8897082,2020-2021,27.0,2021-03-08 18:00:00,Stamford Bridge,David Coote,0.0,Chelsea,Everton,Home,2,0,2,3,Win,1,0,0,3.0,20.0,635.0,15.0,66.0,,5.0,4.0,1.0,4.0,7.0,5.0,16.0,62.0,53.0,11.0,1.0,0.0,8.0,713.0,6.0,9.0,11.0,11.0,19.0,8.0,18.0,9.0
8897082,2020-2021,27.0,2021-03-08 18:00:00,Stamford Bridge,David Coote,0.0,Everton,Chelsea,Away,0,2,-2,0,Loss,0,0,1,1.0,26.0,298.0,12.0,34.0,,0.0,0.0,0.0,2.0,3.0,15.0,6.0,38.0,34.0,12.0,8.0,0.0,9.0,369.0,4.0,1.0,11.0,2.0,7.0,5.0,10.0,5.0
8897185,2020-2021,33.0,2021-03-10 18:00:00,Etihad Stadium,Jonathan Moss,0.0,Manchester City,Southampton,Home,5,2,3,3,Win,1,0,0,1.0,33.0,613.0,10.0,58.0,,4.0,1.0,3.0,2.0,5.0,10.0,16.0,45.0,63.0,6.0,4.0,1.0,8.0,673.0,5.0,10.0,10.0,12.0,17.0,5.0,8.0,5.0
8897185,2020-2021,33.0,2021-03-10 18:00:00,Etihad Stadium,Jonathan Moss,0.0,Southampton,Manchester City,Away,2,5,-3,0,Loss,0,0,1,2.0,24.0,401.0,12.0,42.0,,2.0,0.0,2.0,2.0,5.0,6.0,6.0,55.0,43.0,4.0,5.0,0.0,13.0,481.0,3.0,6.0,11.0,7.0,11.0,4.0,22.0,15.0
8897063,2020-2021,28.0,2021-03-13 12:30:00,Elland Road,Kevin Friend,0.0,Leeds United,Chelsea,Home,0,0,0,1,Draw,0,1,0,3.0,18.0,241.0,7.0,38.0,,,,,3.0,8.0,10.0,11.0,41.0,40.0,16.0,8.0,1.0,19.0,330.0,0.0,4.0,14.0,4.0,7.0,3.0,13.0,6.0
8897063,2020-2021,28.0,2021-03-13 12:30:00,Elland Road,Kevin Friend,0.0,Chelsea,Leeds United,Away,0,0,0,1,Draw,0,1,0,5.0,25.0,492.0,10.0,62.0,,,,,5.0,5.0,4.0,11.0,59.0,64.0,6.0,4.0,1.0,14.0,588.0,2.0,8.0,20.0,9.0,15.0,6.0,17.0,12.0
8897067,2020-2021,28.0,2021-03-13 20:00:00,Craven Cottage,Andre Marriner,0.0,Fulham,Manchester City,Home,0,3,-3,0,Loss,0,0,1,3.0,29.0,357.0,10.0,46.0,,0.0,0.0,0.0,3.0,4.0,8.0,12.0,50.0,38.0,14.0,4.0,0.0,8.0,444.0,0.0,0.0,7.0,3.0,3.0,0.0,22.0,7.0
8897067,2020-2021,28.0,2021-03-13 20:00:00,Craven Cottage,Andre Marriner,0.0,Manchester City,Fulham,Away,3,0,3,3,Win,1,0,0,2.0,34.0,449.0,8.0,54.0,,4.0,1.0,3.0,0.0,2.0,16.0,15.0,50.0,38.0,13.0,0.0,0.0,6.0,529.0,1.0,7.0,15.0,7.0,8.0,1.0,20.0,10.0
8897076,2020-2021,28.0,2021-03-14 16:30:00,Emirates Stadium,Michael Oliver,0.0,Arsenal,Tottenham Hotspur,Home,2,1,1,3,Win,1,0,0,2.0,28.0,449.0,11.0,53.0,,2.0,1.0,1.0,2.0,6.0,9.0,9.0,45.0,60.0,12.0,2.0,2.0,11.0,519.0,8.0,3.0,8.0,6.0,13.0,7.0,20.0,11.0
8897076,2020-2021,28.0,2021-03-14 16:30:00,Emirates Stadium,Michael Oliver,0.0,Tottenham Hotspur,Arsenal,Away,1,2,-1,0,Loss,0,0,1,2.0,35.0,396.0,23.0,47.0,,0.0,0.0,0.0,1.0,3.0,10.0,12.0,55.0,34.0,14.0,1.0,1.0,6.0,482.0,2.0,3.0,24.0,4.0,6.0,2.0,18.0,13.0
8897073,2020-2021,28.0,2021-03-14 19:15:00,Old Trafford,Martin Atkinson,0.0,Manchester United,West Ham United,Home,1,0,1,3,Win,1,0,0,2.0,18.0,617.0,10.0,62.0,,2.0,2.0,,7.0,6.0,6.0,8.0,40.0,63.0,12.0,0.0,2.0,12.0,684.0,4.0,4.0,14.0,9.0,15.0,6.0,13.0,8.0
8897073,2020-2021,28.0,2021-03-14 19:15:00,Old Trafford,Martin Atkinson,0.0,West Ham United,Manchester United,Away,0,1,-1,0,Loss,0,0,1,3.0,19.0,335.0,18.0,38.0,,0.0,0.0,,4.0,2.0,7.0,7.0,60.0,57.0,2.0,4.0,0.0,10.0,411.0,3.0,0.0,26.0,6.0,7.0,1.0,13.0,7.0
8897083,2020-2021,28.0,2021-03-15 20:00:00,Molineux Stadium,Craig Pawson,0.0,Wolverhampton,Liverpool,Home,0,1,-1,0,Loss,0,0,1,6.0,44.0,402.0,24.0,53.0,,2.0,2.0,,3.0,3.0,10.0,11.0,52.0,55.0,17.0,3.0,0.0,21.0,508.0,2.0,5.0,13.0,8.0,10.0,2.0,18.0,11.0
8897083,2020-2021,28.0,2021-03-15 20:00:00,Molineux Stadium,Craig Pawson,0.0,Liverpool,Wolverhampton,Away,1,0,1,3,Win,1,0,0,3.0,16.0,354.0,19.0,47.0,,1.0,1.0,,3.0,2.0,8.0,10.0,48.0,53.0,10.0,5.0,0.0,14.0,467.0,5.0,4.0,26.0,9.0,12.0,3.0,14.0,9.0
8897203,2020-2021,29.0,2021-03-21 15:00:00,London Stadium,Jonathan Moss,0.0,West Ham United,Arsenal,Home,3,3,0,1,Draw,0,1,0,3.0,19.0,257.0,18.0,37.0,,3.0,2.0,1.0,3.0,3.0,5.0,7.0,43.0,58.0,18.0,5.0,1.0,12.0,348.0,7.0,5.0,20.0,15.0,15.0,0.0,12.0,5.0
8897203,2020-2021,29.0,2021-03-21 15:00:00,London Stadium,Jonathan Moss,0.0,Arsenal,West Ham United,Away,3,3,0,1,Draw,0,1,0,6.0,14.0,525.0,23.0,63.0,,1.0,0.0,1.0,5.0,5.0,6.0,9.0,57.0,63.0,8.0,2.0,0.0,9.0,606.0,4.0,7.0,21.0,9.0,16.0,7.0,10.0,6.0
8897167,2020-2021,30.0,2021-04-03 11:30:00,Stamford Bridge,David Coote,0.0,Chelsea,West Bromwich Albion,Home,2,5,-3,0,Loss,0,0,1,6.0,18.0,494.0,12.0,66.0,,4.0,2.0,2.0,4.0,10.0,12.0,9.0,46.0,45.0,11.0,2.0,2.0,10.0,581.0,6.0,8.0,11.0,11.0,18.0,7.0,17.0,7.0
8897167,2020-2021,30.0,2021-04-03 11:30:00,Stamford Bridge,David Coote,0.0,West Bromwich Albion,Chelsea,Away,5,2,3,3,Win,1,0,0,2.0,26.0,222.0,12.0,34.0,,2.0,0.0,2.0,3.0,3.0,11.0,10.0,54.0,49.0,6.0,5.0,1.0,15.0,297.0,4.0,7.0,24.0,7.0,14.0,7.0,19.0,12.0
8897182,2020-2021,24.0,2021-02-15 20:00:00,Stamford Bridge,Peter Bankes,0.0,Chelsea,Newcastle United,Home,2,0,2,3,Win,1,0,0,7.0,33.0,494.0,20.0,66.0,,4.0,2.0,2.0,5.0,10.0,11.0,9.0,56.0,48.0,9.0,4.0,0.0,6.0,564.0,7.0,6.0,17.0,15.0,18.0,3.0,19.0,10.0
8897182,2020-2021,24.0,2021-02-15 20:00:00,Stamford Bridge,Peter Bankes,0.0,Newcastle United,Chelsea,Away,0,2,-2,0,Loss,0,0,1,5.0,20.0,225.0,11.0,34.0,,0.0,0.0,0.0,2.0,5.0,12.0,11.0,44.0,40.0,13.0,3.0,0.0,8.0,289.0,4.0,4.0,18.0,7.0,10.0,3.0,16.0,7.0
9326472,2020-2021,16.0,2021-02-17 20:15:00,Goodison Park,Andre Marriner,,Everton,Manchester City,Home,1,3,-2,0,Loss,0,0,1,2.0,25.0,229.0,16.0,30.0,,1.0,0.0,1.0,0.0,0.0,5.0,5.0,49.0,51.0,8.0,4.0,1.0,14.0,313.0,1.0,2.0,28.0,3.0,3.0,0.0,18.0,11.0
9326472,2020-2021,16.0,2021-02-17 20:15:00,Goodison Park,Andre Marriner,,Manchester City,Everton,Away,3,1,2,3,Win,1,0,0,3.0,30.0,681.0,14.0,70.0,,1.0,1.0,0.0,5.0,10.0,9.0,15.0,51.0,59.0,8.0,1.0,0.0,4.0,755.0,4.0,7.0,6.0,10.0,16.0,6.0,11.0,6.0
8897137,2020-2021,25.0,2021-02-20 12:30:00,St. Mary's Stadium,Anthony Taylor,,Southampton,Chelsea,Home,1,1,0,1,Draw,0,1,0,2.0,13.0,194.0,10.0,29.0,,1.0,0.0,1.0,0.0,3.0,11.0,2.0,35.0,50.0,10.0,2.0,1.0,15.0,295.0,3.0,1.0,18.0,4.0,4.0,0.0,17.0,8.0
8897137,2020-2021,25.0,2021-02-20 12:30:00,St. Mary's Stadium,Anthony Taylor,,Chelsea,Southampton,Away,1,1,0,1,Draw,0,1,0,2.0,24.0,620.0,23.0,71.0,,2.0,1.0,1.0,2.0,6.0,6.0,18.0,65.0,59.0,10.0,0.0,0.0,12.0,727.0,4.0,3.0,6.0,6.0,9.0,3.0,22.0,11.0
8897136,2020-2021,25.0,2021-02-20 17:30:00,Anfield,Chris Kavanagh,,Liverpool,Everton,Home,0,2,-2,0,Loss,0,0,1,5.0,19.0,609.0,14.0,71.0,,2.0,2.0,0.0,2.0,7.0,8.0,16.0,53.0,76.0,10.0,4.0,0.0,10.0,693.0,7.0,6.0,10.0,8.0,15.0,7.0,16.0,10.0
8897136,2020-2021,25.0,2021-02-20 17:30:00,Anfield,Chris Kavanagh,,Everton,Liverpool,Away,2,0,2,3,Win,1,0,0,2.0,23.0,190.0,16.0,29.0,,4.0,2.0,2.0,0.0,2.0,10.0,3.0,47.0,47.0,10.0,6.0,0.0,8.0,279.0,3.0,6.0,32.0,4.0,9.0,5.0,21.0,12.0
8897093,2020-2021,25.0,2021-02-21 16:30:00,Emirates Stadium,Jonathan Moss,0.0,Arsenal,Manchester City,Home,0,1,-1,0,Loss,0,0,1,3.0,19.0,407.0,13.0,45.0,,0.0,0.0,0.0,3.0,1.0,1.0,10.0,46.0,39.0,11.0,2.0,0.0,6.0,479.0,3.0,1.0,12.0,5.0,7.0,2.0,8.0,3.0
8897093,2020-2021,25.0,2021-02-21 16:30:00,Emirates Stadium,Jonathan Moss,0.0,Manchester City,Arsenal,Away,1,0,1,3,Win,1,0,0,1.0,28.0,531.0,9.0,55.0,,3.0,2.0,1.0,6.0,3.0,4.0,19.0,54.0,71.0,9.0,1.0,0.0,7.0,599.0,6.0,3.0,17.0,12.0,15.0,3.0,5.0,3.0
8897145,2020-2021,25.0,2021-02-21 19:00:00,Old Trafford,Paul Tierney,0.0,Manchester United,Newcastle United,Home,3,1,2,3,Win,1,0,0,5.0,20.0,600.0,18.0,72.0,,2.0,,2.0,4.0,6.0,13.0,12.0,55.0,68.0,9.0,5.0,0.0,5.0,692.0,4.0,7.0,12.0,9.0,15.0,6.0,11.0,6.0
8897145,2020-2021,25.0,2021-02-21 19:00:00,Old Trafford,Paul Tierney,0.0,Newcastle United,Manchester United,Away,1,3,-2,0,Loss,0,0,1,2.0,13.0,186.0,9.0,28.0,,0.0,,0.0,1.0,4.0,8.0,8.0,45.0,46.0,11.0,4.0,0.0,7.0,270.0,3.0,6.0,15.0,3.0,10.0,7.0,16.0,9.0
8897092,2020-2021,26.0,2021-02-27 12:30:00,Etihad Stadium,Michael Oliver,0.0,Manchester City,West Ham United,Home,2,1,1,3,Win,1,0,0,3.0,29.0,604.0,13.0,63.0,,1.0,0.0,1.0,5.0,4.0,5.0,8.0,56.0,75.0,8.0,2.0,0.0,14.0,675.0,2.0,3.0,10.0,5.0,10.0,5.0,11.0,7.0
8897092,2020-2021,26.0,2021-02-27 12:30:00,Etihad Stadium,Michael Oliver,0.0,West Ham United,Manchester City,Away,1,2,-1,0,Loss,0,0,1,3.0,22.0,318.0,10.0,37.0,,3.0,2.0,1.0,2.0,2.0,4.0,3.0,44.0,39.0,11.0,1.0,1.0,20.0,394.0,4.0,3.0,18.0,6.0,9.0,3.0,13.0,9.0
8897080,2020-2021,26.0,2021-02-28 12:00:00,King Power Stadium,Paul Tierney,0.0,Leicester City,Arsenal,Home,1,3,-2,0,Loss,0,0,1,1.0,22.0,316.0,14.0,44.0,,1.0,1.0,0.0,3.0,2.0,4.0,6.0,49.0,60.0,15.0,1.0,0.0,12.0,408.0,2.0,3.0,15.0,6.0,8.0,2.0,21.0,12.0
8897080,2020-2021,26.0,2021-02-28 12:00:00,King Power Stadium,Paul Tierney,0.0,Arsenal,Leicester City,Away,3,1,2,3,Win,1,0,0,9.0,27.0,419.0,13.0,56.0,,2.0,0.0,2.0,4.0,7.0,8.0,9.0,51.0,60.0,3.0,2.0,0.0,9.0,507.0,4.0,4.0,10.0,6.0,12.0,6.0,9.0,8.0
8897114,2020-2021,26.0,2021-02-28 16:30:00,Stamford Bridge,Stuart Attwell,0.0,Chelsea,Manchester United,Home,0,0,0,1,Draw,0,1,0,2.0,19.0,542.0,6.0,57.0,,1.0,1.0,,7.0,3.0,4.0,16.0,61.0,55.0,11.0,4.0,0.0,12.0,608.0,5.0,6.0,20.0,8.0,18.0,10.0,24.0,13.0
8897114,2020-2021,26.0,2021-02-28 16:30:00,Stamford Bridge,Stuart Attwell,0.0,Manchester United,Chelsea,Away,0,0,0,1,Draw,0,1,0,0.0,22.0,366.0,6.0,43.0,,0.0,0.0,,5.0,4.0,14.0,6.0,39.0,39.0,12.0,6.0,0.0,6.0,445.0,2.0,4.0,17.0,2.0,11.0,9.0,14.0,5.0
8897094,2020-2021,26.0,2021-02-28 19:15:00,Bramall Lane,Jonathan Moss,0.0,Sheffield United,Liverpool,Home,0,2,-2,0,Loss,0,0,1,5.0,37.0,304.0,25.0,39.0,,2.0,2.0,0.0,2.0,4.0,8.0,3.0,50.0,66.0,9.0,7.0,0.0,11.0,406.0,4.0,2.0,17.0,5.0,8.0,3.0,11.0,8.0
8897094,2020-2021,26.0,2021-02-28 19:15:00,Bramall Lane,Jonathan Moss,0.0,Liverpool,Sheffield United,Away,2,0,2,3,Win,1,0,0,4.0,30.0,533.0,20.0,61.0,,6.0,5.0,1.0,4.0,3.0,6.0,7.0,50.0,56.0,9.0,3.0,0.0,5.0,638.0,4.0,8.0,15.0,13.0,16.0,3.0,12.0,8.0
8897077,2020-2021,29.0,2021-03-02 20:00:00,Etihad Stadium,Chris Kavanagh,0.0,Manchester City,Wolverhampton,Home,4,1,3,3,Win,1,0,0,2.0,38.0,736.0,13.0,72.0,,5.0,3.0,2.0,8.0,10.0,9.0,16.0,52.0,78.0,9.0,0.0,1.0,7.0,798.0,4.0,10.0,2.0,18.0,22.0,4.0,14.0,9.0
8897077,2020-2021,29.0,2021-03-02 20:00:00,Etihad Stadium,Chris Kavanagh,0.0,Wolverhampton,Manchester City,Away,1,4,-3,0,Loss,0,0,1,1.0,24.0,257.0,8.0,28.0,,0.0,0.0,0.0,3.0,2.0,8.0,12.0,48.0,25.0,5.0,7.0,0.0,7.0,309.0,2.0,1.0,26.0,5.0,6.0,1.0,17.0,10.0
8897074,2020-2021,29.0,2021-03-03 20:15:00,Selhurst Park,Andre Marriner,0.0,Crystal Palace,Manchester United,Home,0,0,0,1,Draw,0,1,0,2.0,29.0,277.0,14.0,37.0,,1.0,1.0,,3.0,4.0,4.0,10.0,59.0,48.0,4.0,1.0,0.0,9.0,353.0,3.0,2.0,25.0,5.0,8.0,3.0,19.0,12.0
8897074,2020-2021,29.0,2021-03-03 20:15:00,Selhurst Park,Andre Marriner,0.0,Manchester United,Crystal Palace,Away,0,0,0,1,Draw,0,1,0,9.0,45.0,518.0,18.0,63.0,,0.0,0.0,,4.0,6.0,6.0,11.0,41.0,79.0,13.0,2.0,0.0,10.0,600.0,6.0,1.0,11.0,6.0,11.0,5.0,6.0,4.0
8897027,2020-2021,21.0,2021-01-31 16:30:00,London Stadium,Jonathan Moss,0.0,West Ham United,Liverpool,Home,1,3,-2,0,Loss,0,0,1,5.0,22.0,280.0,12.0,33.0,,1.0,0.0,1.0,3.0,6.0,6.0,6.0,48.0,43.0,7.0,2.0,0.0,18.0,365.0,3.0,2.0,12.0,6.0,8.0,2.0,15.0,10.0
8897027,2020-2021,21.0,2021-01-31 16:30:00,London Stadium,Jonathan Moss,0.0,Liverpool,West Ham United,Away,3,1,2,3,Win,1,0,0,2.0,23.0,700.0,12.0,67.0,,3.0,1.0,2.0,3.0,4.0,8.0,8.0,52.0,81.0,8.0,1.0,0.0,4.0,785.0,6.0,5.0,13.0,10.0,14.0,4.0,13.0,8.0
8897028,2020-2021,22.0,2021-02-02 18:00:00,Molineux Stadium,Craig Pawson,0.0,Wolverhampton,Arsenal,Home,2,1,1,3,Win,1,0,0,4.0,30.0,524.0,11.0,55.0,,2.0,1.0,1.0,0.0,9.0,4.0,18.0,52.0,44.0,11.0,2.0,0.0,6.0,576.0,4.0,7.0,17.0,7.0,11.0,4.0,10.0,7.0
8897028,2020-2021,22.0,2021-02-02 18:00:00,Molineux Stadium,Craig Pawson,0.0,Arsenal,Wolverhampton,Away,1,2,-1,0,Loss,0,0,1,2.0,10.0,435.0,12.0,45.0,,1.0,1.0,0.0,5.0,6.0,7.0,8.0,48.0,45.0,8.0,5.0,2.0,4.0,488.0,1.0,3.0,25.0,6.0,9.0,3.0,13.0,7.0
8897029,2020-2021,22.0,2021-02-02 20:15:00,Old Trafford,Mike Dean,0.0,Manchester United,Southampton,Home,9,0,9,3,Win,1,0,0,4.0,26.0,552.0,12.0,75.0,,8.0,1.0,7.0,5.0,5.0,12.0,7.0,49.0,58.0,11.0,1.0,0.0,8.0,626.0,5.0,14.0,4.0,14.0,24.0,10.0,13.0,10.0
8897029,2020-2021,22.0,2021-02-02 20:15:00,Old Trafford,Mike Dean,0.0,Southampton,Manchester United,Away,0,9,-9,0,Loss,0,0,1,0.0,6.0,140.0,8.0,25.0,,1.0,1.0,0.0,0.0,3.0,7.0,3.0,51.0,23.0,6.0,6.0,0.0,13.0,215.0,2.0,1.0,30.0,1.0,3.0,2.0,20.0,10.0
8897024,2020-2021,22.0,2021-02-03 18:00:00,Turf Moor,Martin Atkinson,0.0,Burnley,Manchester City,Home,0,2,-2,0,Loss,0,0,1,0.0,29.0,200.0,14.0,26.0,,0.0,0.0,0.0,0.0,1.0,5.0,5.0,51.0,36.0,8.0,4.0,0.0,8.0,271.0,2.0,0.0,17.0,1.0,2.0,1.0,17.0,7.0
8897024,2020-2021,22.0,2021-02-03 18:00:00,Turf Moor,Martin Atkinson,0.0,Manchester City,Burnley,Away,2,0,2,3,Win,1,0,0,1.0,25.0,738.0,17.0,74.0,,3.0,1.0,2.0,6.0,3.0,8.0,8.0,49.0,54.0,5.0,0.0,0.0,6.0,804.0,1.0,6.0,13.0,8.0,13.0,5.0,8.0,7.0
8897036,2020-2021,22.0,2021-02-03 20:15:00,Anfield,Kevin Friend,0.0,Liverpool,Brighton & Hove Albion,Home,0,1,-1,0,Loss,0,0,1,3.0,19.0,599.0,9.0,63.0,,2.0,2.0,0.0,6.0,5.0,10.0,6.0,41.0,72.0,12.0,3.0,0.0,12.0,697.0,4.0,1.0,15.0,5.0,11.0,6.0,12.0,9.0
8897036,2020-2021,22.0,2021-02-03 20:15:00,Anfield,Kevin Friend,0.0,Brighton & Hove Albion,Liverpool,Away,1,0,1,3,Win,1,0,0,6.0,30.0,302.0,18.0,37.0,,1.0,0.0,1.0,2.0,3.0,7.0,4.0,59.0,55.0,6.0,1.0,0.0,15.0,404.0,7.0,4.0,29.0,12.0,13.0,1.0,13.0,3.0
8897035,2020-2021,22.0,2021-02-04 20:00:00,Tottenham Hotspur Stadium,Andre Marriner,0.0,Tottenham Hotspur,Chelsea,Home,0,1,-1,0,Loss,0,0,1,2.0,20.0,374.0,14.0,42.0,,1.0,1.0,0.0,0.0,2.0,7.0,14.0,47.0,41.0,20.0,1.0,0.0,13.0,457.0,5.0,2.0,19.0,3.0,7.0,4.0,13.0,8.0
8897035,2020-2021,22.0,2021-02-04 20:00:00,Tottenham Hotspur Stadium,Andre Marriner,0.0,Chelsea,Tottenham Hotspur,Away,1,0,1,3,Win,1,0,0,4.0,20.0,560.0,19.0,58.0,,1.0,0.0,1.0,7.0,7.0,8.0,13.0,53.0,58.0,14.0,2.0,0.0,13.0,630.0,7.0,2.0,13.0,12.0,16.0,4.0,10.0,6.0
8897032,2020-2021,23.0,2021-02-06 12:30:00,Villa Park,Chris Kavanagh,0.0,Aston Villa,Arsenal,Home,1,0,1,3,Win,1,0,0,2.0,32.0,232.0,24.0,34.0,,1.0,1.0,,1.0,3.0,4.0,10.0,57.0,51.0,12.0,3.0,0.0,10.0,316.0,3.0,8.0,27.0,9.0,12.0,3.0,18.0,8.0
8897032,2020-2021,23.0,2021-02-06 12:30:00,Villa Park,Chris Kavanagh,0.0,Arsenal,Aston Villa,Away,0,1,-1,0,Loss,0,0,1,8.0,17.0,522.0,19.0,66.0,,0.0,0.0,,5.0,7.0,8.0,5.0,43.0,65.0,12.0,7.0,0.0,6.0,597.0,6.0,3.0,9.0,10.0,14.0,4.0,12.0,7.0
8897150,2020-2021,23.0,2021-02-06 20:00:00,Old Trafford,Jonathan Moss,0.0,Manchester United,Everton,Home,3,3,0,1,Draw,0,1,0,5.0,25.0,585.0,11.0,62.0,,3.0,2.0,1.0,3.0,5.0,10.0,11.0,49.0,48.0,14.0,0.0,0.0,8.0,653.0,6.0,5.0,9.0,9.0,14.0,5.0,14.0,7.0
8897150,2020-2021,23.0,2021-02-06 20:00:00,Old Trafford,Jonathan Moss,0.0,Everton,Manchester United,Away,3,3,0,1,Draw,0,1,0,2.0,25.0,322.0,11.0,38.0,,3.0,1.0,2.0,0.0,1.0,10.0,5.0,51.0,41.0,10.0,2.0,1.0,10.0,397.0,3.0,3.0,21.0,5.0,6.0,1.0,16.0,10.0
8897173,2020-2021,23.0,2021-02-07 16:30:00,Anfield,Michael Oliver,0.0,Liverpool,Manchester City,Home,1,4,-3,0,Loss,0,0,1,3.0,25.0,573.0,10.0,56.0,,1.0,0.0,1.0,3.0,6.0,12.0,9.0,44.0,56.0,13.0,1.0,0.0,11.0,649.0,2.0,3.0,9.0,5.0,8.0,3.0,18.0,9.0
8897173,2020-2021,23.0,2021-02-07 16:30:00,Anfield,Michael Oliver,0.0,Manchester City,Liverpool,Away,4,1,3,3,Win,1,0,0,0.0,22.0,444.0,7.0,44.0,,5.0,2.0,3.0,0.0,1.0,9.0,17.0,56.0,45.0,8.0,2.0,0.0,15.0,519.0,3.0,5.0,24.0,6.0,8.0,2.0,20.0,14.0
8897118,2020-2021,23.0,2021-02-07 19:15:00,Bramall Lane,Kevin Friend,0.0,Sheffield United,Chelsea,Home,1,2,-1,0,Loss,0,0,1,0.0,21.0,244.0,14.0,31.0,,1.0,1.0,0.0,2.0,1.0,14.0,12.0,48.0,54.0,8.0,0.0,0.0,12.0,338.0,3.0,3.0,15.0,5.0,8.0,3.0,18.0,9.0
8897118,2020-2021,23.0,2021-02-07 19:15:00,Bramall Lane,Kevin Friend,0.0,Chelsea,Sheffield United,Away,2,1,1,3,Win,1,0,0,6.0,29.0,654.0,20.0,69.0,,3.0,1.0,2.0,2.0,8.0,12.0,12.0,52.0,56.0,8.0,3.0,0.0,5.0,756.0,4.0,3.0,19.0,7.0,9.0,2.0,17.0,8.0
8897201,2020-2021,24.0,2021-02-13 12:30:00,King Power Stadium,Anthony Taylor,0.0,Leicester City,Liverpool,Home,3,1,2,3,Win,1,0,0,2.0,18.0,247.0,11.0,38.0,,4.0,2.0,2.0,1.0,2.0,11.0,13.0,46.0,33.0,7.0,3.0,2.0,17.0,357.0,4.0,6.0,38.0,8.0,11.0,3.0,23.0,15.0
8897201,2020-2021,24.0,2021-02-13 12:30:00,King Power Stadium,Anthony Taylor,0.0,Liverpool,Leicester City,Away,1,3,-2,0,Loss,0,0,1,2.0,20.0,465.0,12.0,62.0,,2.0,2.0,0.0,8.0,12.0,12.0,22.0,54.0,64.0,6.0,3.0,1.0,14.0,561.0,3.0,4.0,4.0,11.0,15.0,4.0,23.0,10.0
8897202,2020-2021,24.0,2021-02-13 17:30:00,Etihad Stadium,Paul Tierney,0.0,Manchester City,Tottenham Hotspur,Home,3,0,3,3,Win,1,0,0,2.0,21.0,635.0,9.0,60.0,,3.0,1.0,2.0,5.0,4.0,12.0,17.0,48.0,56.0,12.0,3.0,1.0,8.0,698.0,4.0,6.0,7.0,11.0,15.0,4.0,21.0,10.0
8897202,2020-2021,24.0,2021-02-13 17:30:00,Etihad Stadium,Paul Tierney,0.0,Tottenham Hotspur,Manchester City,Away,0,3,-3,0,Loss,0,0,1,1.0,18.0,391.0,9.0,40.0,,0.0,0.0,0.0,2.0,2.0,7.0,20.0,52.0,32.0,13.0,3.0,1.0,8.0,456.0,2.0,3.0,14.0,3.0,7.0,4.0,23.0,9.0
8897096,2020-2021,24.0,2021-02-14 14:00:00,The Hawthorns,Craig Pawson,0.0,West Bromwich Albion,Manchester United,Home,1,1,0,1,Draw,0,1,0,5.0,19.0,166.0,14.0,27.0,,2.0,2.0,,0.0,4.0,7.0,6.0,45.0,46.0,13.0,5.0,0.0,12.0,253.0,4.0,3.0,29.0,6.0,7.0,1.0,14.0,7.0
8897096,2020-2021,24.0,2021-02-14 14:00:00,The Hawthorns,Craig Pawson,0.0,Manchester United,West Bromwich Albion,Away,1,1,0,1,Draw,0,1,0,6.0,28.0,609.0,20.0,73.0,,0.0,0.0,,3.0,5.0,5.0,10.0,55.0,73.0,10.0,2.0,1.0,2.0,707.0,0.0,7.0,9.0,6.0,10.0,4.0,10.0,7.0
8897124,2020-2021,24.0,2021-02-14 16:30:00,Emirates Stadium,Stuart Attwell,0.0,Arsenal,Leeds United,Home,4,2,2,3,Win,1,0,0,2.0,19.0,323.0,12.0,46.0,,3.0,1.0,2.0,5.0,4.0,3.0,7.0,50.0,45.0,8.0,3.0,1.0,16.0,423.0,3.0,5.0,15.0,8.0,13.0,5.0,5.0,2.0
8897124,2020-2021,24.0,2021-02-14 16:30:00,Emirates Stadium,Stuart Attwell,0.0,Leeds United,Arsenal,Away,2,4,-2,0,Loss,0,0,1,2.0,23.0,394.0,14.0,54.0,,1.0,0.0,1.0,2.0,5.0,4.0,7.0,50.0,62.0,17.0,1.0,0.0,11.0,498.0,2.0,5.0,9.0,5.0,9.0,4.0,10.0,9.0
8897066,2020-2021,19.0,2021-01-17 16:30:00,Anfield,Paul Tierney,0.0,Liverpool,Manchester United,Home,0,0,0,1,Draw,0,1,0,3.0,36.0,576.0,5.0,66.0,,1.0,1.0,,8.0,7.0,16.0,15.0,41.0,62.0,15.0,4.0,0.0,12.0,667.0,6.0,3.0,11.0,9.0,17.0,8.0,16.0,9.0
8897066,2020-2021,19.0,2021-01-17 16:30:00,Anfield,Paul Tierney,0.0,Manchester United,Liverpool,Away,0,0,0,1,Draw,0,1,0,4.0,23.0,252.0,13.0,34.0,,2.0,2.0,,3.0,3.0,12.0,13.0,59.0,35.0,6.0,3.0,0.0,8.0,344.0,1.0,4.0,33.0,5.0,8.0,3.0,20.0,10.0
8897057,2020-2021,19.0,2021-01-17 19:15:00,Etihad Stadium,Lee Mason,0.0,Manchester City,Crystal Palace,Home,4,0,4,3,Win,1,0,0,7.0,29.0,675.0,14.0,72.0,,1.0,,1.0,4.0,11.0,9.0,7.0,54.0,78.0,9.0,0.0,0.0,8.0,747.0,3.0,6.0,4.0,7.0,13.0,6.0,18.0,10.0
8897057,2020-2021,19.0,2021-01-17 19:15:00,Etihad Stadium,Lee Mason,0.0,Crystal Palace,Manchester City,Away,0,4,-4,0,Loss,0,0,1,1.0,14.0,208.0,12.0,28.0,,0.0,,0.0,1.0,1.0,10.0,4.0,46.0,37.0,8.0,2.0,0.0,8.0,288.0,1.0,0.0,29.0,1.0,2.0,1.0,15.0,9.0
8897048,2020-2021,19.0,2021-01-18 20:00:00,Emirates Stadium,David Coote,0.0,Arsenal,Newcastle United,Home,3,0,3,3,Win,1,0,0,7.0,31.0,570.0,9.0,66.0,,3.0,2.0,1.0,3.0,7.0,7.0,9.0,42.0,84.0,9.0,1.0,1.0,9.0,634.0,11.0,6.0,12.0,14.0,20.0,6.0,7.0,5.0
8897048,2020-2021,19.0,2021-01-18 20:00:00,Emirates Stadium,David Coote,0.0,Newcastle United,Arsenal,Away,0,3,-3,0,Loss,0,0,1,1.0,30.0,242.0,16.0,34.0,,0.0,0.0,0.0,1.0,2.0,3.0,9.0,58.0,37.0,8.0,3.0,0.0,3.0,323.0,2.0,1.0,10.0,3.0,4.0,1.0,11.0,4.0
8897055,2020-2021,18.0,2021-01-19 20:15:00,King Power Stadium,Craig Pawson,0.0,Leicester City,Chelsea,Home,2,0,2,3,Win,1,0,0,2.0,20.0,278.0,13.0,36.0,,4.0,3.0,1.0,0.0,6.0,12.0,6.0,50.0,38.0,7.0,5.0,1.0,11.0,340.0,2.0,6.0,15.0,5.0,8.0,3.0,19.0,11.0
8897055,2020-2021,18.0,2021-01-19 20:15:00,King Power Stadium,Craig Pawson,0.0,Chelsea,Leicester City,Away,0,2,-2,0,Loss,0,0,1,7.0,37.0,559.0,10.0,64.0,,0.0,0.0,0.0,1.0,3.0,9.0,11.0,50.0,58.0,16.0,4.0,0.0,5.0,636.0,3.0,5.0,17.0,8.0,9.0,1.0,25.0,17.0
9258869,2020-2021,1.0,2021-01-20 18:00:00,Etihad Stadium,Jonathan Moss,0.0,Manchester City,Aston Villa,Home,2,0,2,3,Win,1,0,0,5.0,26.0,553.0,21.0,69.0,,4.0,3.0,1.0,12.0,16.0,3.0,12.0,55.0,54.0,10.0,4.0,1.0,11.0,628.0,7.0,9.0,11.0,20.0,28.0,8.0,14.0,10.0
9258869,2020-2021,1.0,2021-01-20 18:00:00,Etihad Stadium,Jonathan Moss,0.0,Aston Villa,Manchester City,Away,0,2,-2,0,Loss,0,0,1,1.0,24.0,207.0,11.0,31.0,,0.0,0.0,0.0,3.0,2.0,11.0,10.0,45.0,36.0,9.0,7.0,0.0,15.0,285.0,4.0,4.0,29.0,6.0,11.0,5.0,14.0,6.0
8897060,2020-2021,18.0,2021-01-20 20:15:00,Craven Cottage,Martin Atkinson,0.0,Fulham,Manchester United,Home,1,2,-1,0,Loss,0,0,1,4.0,14.0,323.0,11.0,38.0,,1.0,0.0,1.0,3.0,2.0,10.0,11.0,50.0,41.0,6.0,3.0,0.0,15.0,400.0,4.0,5.0,29.0,8.0,12.0,4.0,12.0,9.0
8897060,2020-2021,18.0,2021-01-20 20:15:00,Craven Cottage,Martin Atkinson,0.0,Manchester United,Fulham,Away,2,1,1,3,Win,1,0,0,5.0,34.0,546.0,10.0,62.0,,3.0,2.0,1.0,4.0,8.0,9.0,10.0,50.0,63.0,10.0,4.0,1.0,11.0,636.0,6.0,5.0,15.0,10.0,15.0,5.0,18.0,11.0
8897041,2020-2021,18.0,2021-01-21 20:00:00,Anfield,Mike Dean,0.0,Liverpool,Burnley,Home,0,1,-1,0,Loss,0,0,1,3.0,33.0,588.0,15.0,72.0,,1.0,1.0,0.0,11.0,12.0,8.0,7.0,44.0,62.0,11.0,3.0,1.0,4.0,686.0,10.0,6.0,6.0,16.0,27.0,11.0,6.0,2.0
8897041,2020-2021,18.0,2021-01-21 20:00:00,Anfield,Mike Dean,0.0,Burnley,Liverpool,Away,1,0,1,3,Win,1,0,0,1.0,37.0,183.0,21.0,28.0,,1.0,0.0,1.0,0.0,0.0,3.0,3.0,56.0,58.0,8.0,6.0,0.0,14.0,274.0,2.0,4.0,52.0,5.0,6.0,1.0,10.0,6.0
8897045,2020-2021,20.0,2021-01-26 20:15:00,St. Mary's Stadium,Kevin Friend,0.0,Southampton,Arsenal,Home,1,3,-2,0,Loss,0,0,1,8.0,15.0,421.0,10.0,58.0,,1.0,1.0,0.0,3.0,4.0,10.0,14.0,49.0,45.0,11.0,1.0,0.0,12.0,493.0,5.0,5.0,17.0,8.0,13.0,5.0,17.0,11.0
8897045,2020-2021,20.0,2021-01-26 20:15:00,St. Mary's Stadium,Kevin Friend,0.0,Arsenal,Southampton,Away,3,1,2,3,Win,1,0,0,3.0,31.0,273.0,11.0,42.0,,4.0,1.0,3.0,0.0,5.0,11.0,12.0,51.0,48.0,6.0,4.0,0.0,7.0,353.0,4.0,5.0,15.0,7.0,9.0,2.0,15.0,8.0
8897031,2020-2021,20.0,2021-01-26 20:15:00,The Hawthorns,Chris Kavanagh,0.0,West Bromwich Albion,Manchester City,Home,0,5,-5,0,Loss,0,0,1,2.0,21.0,163.0,10.0,22.0,,1.0,1.0,0.0,1.0,3.0,5.0,3.0,35.0,37.0,8.0,2.0,0.0,14.0,247.0,2.0,1.0,24.0,4.0,4.0,0.0,13.0,6.0
8897031,2020-2021,20.0,2021-01-26 20:15:00,The Hawthorns,Chris Kavanagh,0.0,Manchester City,West Bromwich Albion,Away,5,0,5,3,Win,1,0,0,3.0,27.0,810.0,27.0,78.0,,2.0,0.0,2.0,7.0,8.0,8.0,16.0,65.0,61.0,8.0,1.0,2.0,4.0,888.0,4.0,7.0,15.0,12.0,18.0,6.0,8.0,5.0
8897040,2020-2021,20.0,2021-01-27 18:00:00,Stamford Bridge,Andy Madley,0.0,Chelsea,Wolverhampton,Home,0,0,0,1,Draw,0,1,0,6.0,22.0,832.0,13.0,79.0,,0.0,0.0,,4.0,12.0,1.0,6.0,49.0,80.0,14.0,0.0,0.0,6.0,898.0,5.0,5.0,8.0,9.0,14.0,5.0,15.0,11.0
8897040,2020-2021,20.0,2021-01-27 18:00:00,Stamford Bridge,Andy Madley,0.0,Wolverhampton,Chelsea,Away,0,0,0,1,Draw,0,1,0,1.0,21.0,174.0,13.0,21.0,,1.0,1.0,,0.0,1.0,9.0,9.0,51.0,23.0,7.0,5.0,1.0,16.0,242.0,4.0,0.0,30.0,2.0,4.0,2.0,5.0,4.0
8897038,2020-2021,20.0,2021-01-27 20:15:00,Old Trafford,Peter Bankes,0.0,Manchester United,Sheffield United,Home,1,2,-1,0,Loss,0,0,1,4.0,64.0,711.0,23.0,76.0,,1.0,1.0,,7.0,7.0,7.0,17.0,69.0,81.0,10.0,1.0,1.0,4.0,803.0,5.0,4.0,8.0,10.0,16.0,6.0,21.0,11.0
8897038,2020-2021,20.0,2021-01-27 20:15:00,Old Trafford,Peter Bankes,0.0,Sheffield United,Manchester United,Away,2,1,1,3,Win,1,0,0,1.0,10.0,177.0,5.0,24.0,,0.0,0.0,,1.0,2.0,11.0,3.0,31.0,42.0,12.0,3.0,0.0,16.0,257.0,1.0,3.0,28.0,5.0,5.0,0.0,15.0,9.0
8897033,2020-2021,20.0,2021-01-28 20:00:00,Tottenham Hotspur Stadium,Martin Atkinson,0.0,Tottenham Hotspur,Liverpool,Home,1,3,-2,0,Loss,0,0,1,0.0,27.0,498.0,12.0,50.0,,0.0,0.0,0.0,0.0,1.0,4.0,10.0,53.0,73.0,9.0,4.0,0.0,11.0,592.0,1.0,2.0,18.0,1.0,3.0,2.0,14.0,8.0
8897033,2020-2021,20.0,2021-01-28 20:00:00,Tottenham Hotspur Stadium,Martin Atkinson,0.0,Liverpool,Tottenham Hotspur,Away,3,1,2,3,Win,1,0,0,3.0,21.0,504.0,11.0,50.0,,4.0,2.0,2.0,1.0,2.0,11.0,13.0,47.0,49.0,11.0,1.0,0.0,16.0,587.0,6.0,7.0,12.0,11.0,14.0,3.0,10.0,8.0
8897021,2020-2021,21.0,2021-01-30 15:00:00,Etihad Stadium,David Coote,0.0,Manchester City,Sheffield United,Home,1,0,1,3,Win,1,0,0,5.0,51.0,729.0,14.0,75.0,,2.0,1.0,1.0,4.0,10.0,7.0,8.0,52.0,82.0,7.0,1.0,0.0,4.0,805.0,1.0,5.0,6.0,6.0,10.0,4.0,12.0,7.0
8897021,2020-2021,21.0,2021-01-30 15:00:00,Etihad Stadium,David Coote,0.0,Sheffield United,Manchester City,Away,0,1,-1,0,Loss,0,0,1,0.0,21.0,206.0,14.0,25.0,,0.0,0.0,0.0,1.0,0.0,10.0,4.0,48.0,27.0,10.0,4.0,0.0,10.0,273.0,2.0,1.0,22.0,0.0,4.0,4.0,15.0,7.0
8897030,2020-2021,21.0,2021-01-30 17:30:00,Emirates Stadium,Michael Oliver,0.0,Arsenal,Manchester United,Home,0,0,0,1,Draw,0,1,0,5.0,15.0,352.0,10.0,43.0,,0.0,0.0,,6.0,4.0,7.0,6.0,55.0,50.0,9.0,3.0,1.0,13.0,436.0,8.0,3.0,21.0,8.0,17.0,9.0,13.0,7.0
8897030,2020-2021,21.0,2021-01-30 17:30:00,Emirates Stadium,Michael Oliver,0.0,Manchester United,Arsenal,Away,0,0,0,1,Draw,0,1,0,6.0,21.0,486.0,12.0,57.0,,2.0,2.0,,3.0,7.0,6.0,6.0,45.0,54.0,16.0,3.0,0.0,16.0,566.0,8.0,3.0,13.0,8.0,14.0,6.0,10.0,4.0
8897050,2020-2021,21.0,2021-01-31 12:00:00,Stamford Bridge,Graham Scott,0.0,Chelsea,Burnley,Home,2,0,2,3,Win,1,0,0,3.0,34.0,627.0,13.0,71.0,,2.0,2.0,,2.0,4.0,7.0,9.0,47.0,62.0,7.0,0.0,1.0,9.0,723.0,9.0,8.0,17.0,11.0,19.0,8.0,13.0,8.0
8897050,2020-2021,21.0,2021-01-31 12:00:00,Stamford Bridge,Graham Scott,0.0,Burnley,Chelsea,Away,0,2,-2,0,Loss,0,0,1,2.0,30.0,187.0,22.0,29.0,,0.0,0.0,,0.0,2.0,11.0,6.0,53.0,52.0,9.0,7.0,0.0,10.0,287.0,1.0,0.0,21.0,1.0,1.0,0.0,15.0,6.0
8896935,2020-2021,16.0,2020-12-29 18:00:00,American Express Stadium,Martin Atkinson,0.0,Brighton & Hove Albion,Arsenal,Home,0,1,-1,0,Loss,0,0,1,8.0,35.0,404.0,24.0,50.0,,0.0,0.0,,6.0,5.0,6.0,13.0,61.0,55.0,11.0,2.0,0.0,7.0,492.0,5.0,2.0,7.0,9.0,13.0,4.0,17.0,10.0
8896935,2020-2021,16.0,2020-12-29 18:00:00,American Express Stadium,Martin Atkinson,0.0,Arsenal,Brighton & Hove Albion,Away,1,0,1,3,Win,1,0,0,4.0,23.0,438.0,12.0,50.0,,1.0,1.0,,2.0,4.0,11.0,5.0,39.0,50.0,4.0,2.0,0.0,10.0,511.0,6.0,3.0,14.0,9.0,11.0,2.0,10.0,5.0
8896942,2020-2021,16.0,2020-12-29 20:00:00,Old Trafford,Jonathan Moss,0.0,Manchester United,Wolverhampton,Home,1,0,1,3,Win,1,0,0,4.0,30.0,534.0,13.0,58.0,,3.0,3.0,,3.0,2.0,7.0,11.0,52.0,71.0,11.0,5.0,0.0,15.0,611.0,5.0,3.0,5.0,6.0,11.0,5.0,15.0,4.0
8896942,2020-2021,16.0,2020-12-29 20:00:00,Old Trafford,Jonathan Moss,0.0,Wolverhampton,Manchester United,Away,0,1,-1,0,Loss,0,0,1,4.0,29.0,357.0,9.0,42.0,,0.0,0.0,,2.0,2.0,9.0,7.0,48.0,42.0,7.0,2.0,1.0,11.0,439.0,2.0,5.0,24.0,7.0,9.0,2.0,16.0,7.0
8897013,2020-2021,16.0,2020-12-30 20:00:00,St James' Park,Paul Tierney,0.0,Newcastle United,Liverpool,Home,0,0,0,1,Draw,0,1,0,4.0,16.0,159.0,20.0,27.0,,1.0,1.0,,2.0,5.0,8.0,4.0,51.0,47.0,9.0,4.0,0.0,14.0,241.0,4.0,2.0,52.0,5.0,8.0,3.0,19.0,12.0
8897013,2020-2021,16.0,2020-12-30 20:00:00,St James' Park,Paul Tierney,0.0,Liverpool,Newcastle United,Away,0,0,0,1,Draw,0,1,0,8.0,47.0,571.0,27.0,73.0,,3.0,3.0,,3.0,12.0,13.0,7.0,49.0,76.0,13.0,2.0,0.0,15.0,661.0,4.0,4.0,19.0,6.0,11.0,5.0,10.0,6.0
8896909,2020-2021,17.0,2021-01-01 20:00:00,Old Trafford,Michael Oliver,0.0,Manchester United,Aston Villa,Home,2,1,1,3,Win,1,0,0,3.0,27.0,337.0,22.0,48.0,,3.0,1.0,2.0,5.0,5.0,11.0,9.0,44.0,41.0,22.0,4.0,1.0,15.0,407.0,5.0,9.0,25.0,12.0,19.0,7.0,11.0,6.0
8896909,2020-2021,17.0,2021-01-01 20:00:00,Old Trafford,Michael Oliver,0.0,Aston Villa,Manchester United,Away,1,2,-1,0,Loss,0,0,1,8.0,26.0,332.0,15.0,52.0,,2.0,1.0,1.0,4.0,10.0,6.0,10.0,56.0,54.0,10.0,7.0,0.0,11.0,417.0,6.0,5.0,18.0,12.0,15.0,3.0,18.0,13.0
8896902,2020-2021,17.0,2021-01-02 20:00:00,The Hawthorns,Martin Atkinson,0.0,West Bromwich Albion,Arsenal,Home,0,4,-4,0,Loss,0,0,1,4.0,31.0,278.0,27.0,38.0,,2.0,2.0,0.0,1.0,3.0,8.0,10.0,53.0,67.0,7.0,8.0,0.0,20.0,374.0,3.0,3.0,19.0,4.0,7.0,3.0,13.0,7.0
8896902,2020-2021,17.0,2021-01-02 20:00:00,The Hawthorns,Martin Atkinson,0.0,Arsenal,West Bromwich Albion,Away,4,0,4,3,Win,1,0,0,4.0,23.0,515.0,15.0,62.0,,5.0,2.0,3.0,2.0,5.0,7.0,12.0,47.0,54.0,4.0,3.0,1.0,16.0,623.0,7.0,12.0,16.0,17.0,21.0,4.0,14.0,11.0
8896903,2020-2021,17.0,2021-01-03 16:30:00,Stamford Bridge,Anthony Taylor,0.0,Chelsea,Manchester City,Home,1,3,-2,0,Loss,0,0,1,3.0,36.0,591.0,7.0,55.0,,1.0,0.0,1.0,5.0,5.0,10.0,16.0,45.0,56.0,11.0,3.0,0.0,18.0,654.0,2.0,2.0,5.0,5.0,9.0,4.0,11.0,7.0
8896903,2020-2021,17.0,2021-01-03 16:30:00,Stamford Bridge,Anthony Taylor,0.0,Manchester City,Chelsea,Away,3,1,2,3,Win,1,0,0,2.0,19.0,488.0,14.0,45.0,,6.0,4.0,2.0,4.0,3.0,4.0,9.0,55.0,42.0,10.0,1.0,1.0,15.0,554.0,8.0,6.0,17.0,14.0,18.0,4.0,18.0,10.0
8896908,2020-2021,17.0,2021-01-04 20:00:00,St. Mary's Stadium,Andre Marriner,0.0,Southampton,Liverpool,Home,1,0,1,3,Win,1,0,0,0.0,25.0,233.0,14.0,33.0,,1.0,1.0,,1.0,1.0,12.0,12.0,51.0,43.0,5.0,1.0,0.0,16.0,352.0,3.0,3.0,43.0,1.0,7.0,6.0,18.0,10.0
8896908,2020-2021,17.0,2021-01-04 20:00:00,St. Mary's Stadium,Andre Marriner,0.0,Liverpool,Southampton,Away,0,1,-1,0,Loss,0,0,1,15.0,44.0,543.0,21.0,67.0,,2.0,2.0,,5.0,10.0,9.0,14.0,49.0,85.0,12.0,1.0,0.0,11.0,675.0,11.0,1.0,3.0,12.0,17.0,5.0,16.0,2.0
9258868,2020-2021,1.0,2021-01-12 20:15:00,Turf Moor,Kevin Friend,,Burnley,Manchester United,Home,0,1,-1,0,Loss,0,0,1,0.0,29.0,220.0,12.0,37.0,,2.0,2.0,,5.0,3.0,6.0,2.0,37.0,56.0,15.0,6.0,0.0,11.0,334.0,6.0,0.0,18.0,6.0,11.0,5.0,5.0,3.0
9258868,2020-2021,1.0,2021-01-12 20:15:00,Turf Moor,Kevin Friend,,Manchester United,Burnley,Away,1,0,1,3,Win,1,0,0,5.0,23.0,475.0,22.0,63.0,,1.0,1.0,,4.0,4.0,2.0,6.0,63.0,48.0,13.0,0.0,0.0,10.0,566.0,2.0,7.0,19.0,9.0,13.0,4.0,12.0,8.0
8897049,2020-2021,18.0,2021-01-13 18:00:00,Etihad Stadium,Darren England,0.0,Manchester City,Brighton & Hove Albion,Home,1,0,1,3,Win,1,0,0,4.0,33.0,652.0,16.0,65.0,,4.0,4.0,,6.0,8.0,8.0,18.0,57.0,69.0,4.0,1.0,1.0,13.0,726.0,4.0,6.0,13.0,13.0,16.0,3.0,16.0,10.0
8897049,2020-2021,18.0,2021-01-13 18:00:00,Etihad Stadium,Darren England,0.0,Brighton & Hove Albion,Manchester City,Away,0,1,-1,0,Loss,0,0,1,1.0,20.0,298.0,10.0,35.0,,0.0,0.0,,1.0,4.0,10.0,11.0,43.0,34.0,12.0,5.0,0.0,11.0,384.0,3.0,1.0,17.0,2.0,5.0,3.0,21.0,15.0
8897071,2020-2021,18.0,2021-01-14 20:00:00,Emirates Stadium,Andre Marriner,0.0,Arsenal,Crystal Palace,Home,0,0,0,1,Draw,0,1,0,6.0,29.0,600.0,17.0,67.0,,,,,2.0,7.0,5.0,18.0,53.0,82.0,11.0,2.0,0.0,10.0,692.0,5.0,4.0,8.0,5.0,11.0,6.0,17.0,8.0
8897071,2020-2021,18.0,2021-01-14 20:00:00,Emirates Stadium,Andre Marriner,0.0,Crystal Palace,Arsenal,Away,0,0,0,1,Draw,0,1,0,4.0,18.0,258.0,14.0,33.0,,,,,4.0,3.0,4.0,17.0,47.0,45.0,11.0,4.0,1.0,17.0,339.0,6.0,2.0,24.0,8.0,12.0,4.0,14.0,7.0
8897062,2020-2021,19.0,2021-01-16 17:30:00,Craven Cottage,Peter Bankes,0.0,Fulham,Chelsea,Home,0,1,-1,0,Loss,0,0,1,3.0,25.0,238.0,22.0,30.0,,1.0,1.0,,2.0,1.0,12.0,10.0,56.0,50.0,11.0,5.0,0.0,18.0,328.0,5.0,3.0,33.0,7.0,10.0,3.0,20.0,10.0
8897062,2020-2021,19.0,2021-01-16 17:30:00,Craven Cottage,Peter Bankes,0.0,Chelsea,Fulham,Away,1,0,1,3,Win,1,0,0,5.0,29.0,668.0,14.0,70.0,,2.0,2.0,,8.0,12.0,8.0,7.0,44.0,77.0,10.0,2.0,2.0,8.0,757.0,7.0,6.0,12.0,13.0,21.0,8.0,17.0,9.0
8896993,2020-2021,13.0,2020-12-16 18:00:00,Emirates Stadium,Paul Tierney,,Arsenal,Southampton,Home,1,1,0,1,Draw,0,1,0,1.0,27.0,262.0,18.0,35.0,,1.0,0.0,1.0,2.0,2.0,5.0,8.0,53.0,57.0,13.0,2.0,1.0,17.0,340.0,3.0,4.0,28.0,5.0,9.0,4.0,8.0,6.0
8896993,2020-2021,13.0,2020-12-16 18:00:00,Emirates Stadium,Paul Tierney,,Southampton,Arsenal,Away,1,1,0,1,Draw,0,1,0,3.0,28.0,543.0,11.0,65.0,,2.0,1.0,1.0,2.0,7.0,3.0,8.0,47.0,79.0,13.0,4.0,1.0,9.0,632.0,8.0,3.0,13.0,5.0,13.0,8.0,11.0,8.0
8897012,2020-2021,13.0,2020-12-16 20:00:00,Anfield,Anthony Taylor,0.0,Liverpool,Tottenham Hotspur,Home,2,1,1,3,Win,1,0,0,3.0,32.0,718.0,19.0,76.0,,0.0,0.0,0.0,5.0,7.0,14.0,8.0,47.0,100.0,8.0,1.0,1.0,15.0,813.0,1.0,11.0,8.0,15.0,17.0,2.0,12.0,8.0
8897012,2020-2021,13.0,2020-12-16 20:00:00,Anfield,Anthony Taylor,0.0,Tottenham Hotspur,Liverpool,Away,1,2,-1,0,Loss,0,0,1,1.0,18.0,156.0,15.0,24.0,,4.0,3.0,1.0,0.0,4.0,3.0,4.0,53.0,38.0,9.0,9.0,1.0,14.0,254.0,6.0,2.0,29.0,5.0,8.0,3.0,26.0,14.0
8896958,2020-2021,13.0,2020-12-17 20:00:00,Bramall Lane,Michael Oliver,,Sheffield United,Manchester United,Home,2,3,-1,0,Loss,0,0,1,4.0,31.0,266.0,20.0,40.0,,1.0,0.0,1.0,1.0,6.0,10.0,7.0,45.0,71.0,17.0,5.0,0.0,10.0,362.0,5.0,6.0,12.0,9.0,12.0,3.0,20.0,13.0
8896958,2020-2021,13.0,2020-12-17 20:00:00,Bramall Lane,Michael Oliver,,Manchester United,Sheffield United,Away,3,2,1,3,Win,1,0,0,2.0,30.0,465.0,22.0,60.0,,4.0,3.0,1.0,2.0,3.0,10.0,8.0,55.0,61.0,8.0,4.0,0.0,5.0,557.0,4.0,9.0,22.0,9.0,15.0,6.0,18.0,11.0
8896984,2020-2021,14.0,2020-12-19 12:30:00,Selhurst Park,Jonathan Moss,0.0,Crystal Palace,Liverpool,Home,0,7,-7,0,Loss,0,0,1,4.0,32.0,300.0,14.0,35.0,,1.0,1.0,0.0,0.0,5.0,9.0,11.0,52.0,47.0,5.0,0.0,0.0,9.0,397.0,2.0,3.0,8.0,4.0,5.0,1.0,10.0,7.0
8896984,2020-2021,14.0,2020-12-19 12:30:00,Selhurst Park,Jonathan Moss,0.0,Liverpool,Crystal Palace,Away,7,0,7,3,Win,1,0,0,3.0,34.0,649.0,10.0,65.0,,5.0,1.0,4.0,2.0,4.0,6.0,9.0,48.0,64.0,11.0,3.0,0.0,19.0,743.0,4.0,8.0,13.0,11.0,14.0,3.0,19.0,13.0
8896972,2020-2021,14.0,2020-12-19 15:00:00,St. Mary's Stadium,Mike Dean,0.0,Southampton,Manchester City,Home,0,1,-1,0,Loss,0,0,1,6.0,21.0,408.0,9.0,48.0,,1.0,1.0,,3.0,6.0,8.0,9.0,51.0,41.0,9.0,4.0,0.0,10.0,498.0,3.0,3.0,4.0,7.0,9.0,2.0,26.0,13.0
8896972,2020-2021,14.0,2020-12-19 15:00:00,St. Mary's Stadium,Mike Dean,0.0,Manchester City,Southampton,Away,1,0,1,3,Win,1,0,0,1.0,20.0,466.0,14.0,52.0,,1.0,1.0,,2.0,6.0,11.0,16.0,49.0,66.0,11.0,3.0,0.0,11.0,547.0,4.0,5.0,18.0,5.0,11.0,6.0,14.0,7.0
8896964,2020-2021,14.0,2020-12-19 17:30:00,Goodison Park,Andre Marriner,0.0,Everton,Arsenal,Home,2,1,1,3,Win,1,0,0,5.0,28.0,324.0,14.0,42.0,,1.0,1.0,0.0,3.0,4.0,4.0,7.0,53.0,46.0,9.0,1.0,0.0,11.0,401.0,4.0,2.0,17.0,3.0,9.0,6.0,12.0,6.0
8896964,2020-2021,14.0,2020-12-19 17:30:00,Goodison Park,Andre Marriner,0.0,Arsenal,Everton,Away,1,2,-1,0,Loss,0,0,1,5.0,30.0,489.0,10.0,58.0,,1.0,0.0,1.0,4.0,3.0,8.0,9.0,47.0,68.0,9.0,1.0,1.0,8.0,551.0,7.0,2.0,11.0,9.0,13.0,4.0,9.0,6.0
8896951,2020-2021,14.0,2020-12-20 16:30:00,Old Trafford,Anthony Taylor,0.0,Manchester United,Leeds United,Home,6,2,4,3,Win,1,0,0,5.0,14.0,273.0,17.0,42.0,,7.0,3.0,4.0,6.0,11.0,9.0,19.0,59.0,39.0,6.0,2.0,0.0,10.0,354.0,6.0,14.0,30.0,19.0,26.0,7.0,19.0,12.0
8896951,2020-2021,14.0,2020-12-20 16:30:00,Old Trafford,Anthony Taylor,0.0,Leeds United,Manchester United,Away,2,6,-4,0,Loss,0,0,1,7.0,30.0,398.0,18.0,58.0,,3.0,3.0,0.0,7.0,13.0,12.0,4.0,41.0,58.0,6.0,8.0,1.0,13.0,478.0,6.0,4.0,12.0,14.0,17.0,3.0,16.0,9.0
8896945,2020-2021,14.0,2020-12-21 20:00:00,Stamford Bridge,Chris Kavanagh,0.0,Chelsea,West Ham United,Home,3,0,3,3,Win,1,0,0,5.0,24.0,438.0,24.0,54.0,,6.0,3.0,3.0,1.0,5.0,5.0,6.0,45.0,55.0,11.0,0.0,1.0,16.0,527.0,3.0,7.0,26.0,9.0,11.0,2.0,16.0,9.0
8896945,2020-2021,14.0,2020-12-21 20:00:00,Stamford Bridge,Chris Kavanagh,0.0,West Ham United,Chelsea,Away,0,3,-3,0,Loss,0,0,1,6.0,26.0,343.0,25.0,46.0,,0.0,0.0,0.0,2.0,4.0,15.0,7.0,55.0,52.0,6.0,4.0,0.0,13.0,443.0,4.0,0.0,12.0,6.0,6.0,0.0,20.0,16.0
8897006,2020-2021,15.0,2020-12-26 12:30:00,King Power Stadium,Mike Dean,0.0,Leicester City,Manchester United,Home,2,2,0,1,Draw,0,1,0,4.0,34.0,405.0,12.0,54.0,,1.0,1.0,0.0,4.0,5.0,12.0,10.0,52.0,64.0,10.0,2.0,0.0,14.0,507.0,4.0,2.0,7.0,5.0,10.0,5.0,17.0,12.0
8897006,2020-2021,15.0,2020-12-26 12:30:00,King Power Stadium,Mike Dean,0.0,Manchester United,Leicester City,Away,2,2,0,1,Draw,0,1,0,4.0,17.0,351.0,10.0,46.0,,5.0,3.0,2.0,1.0,0.0,11.0,11.0,48.0,43.0,17.0,1.0,0.0,9.0,439.0,4.0,4.0,17.0,8.0,9.0,1.0,20.0,11.0
8896978,2020-2021,15.0,2020-12-26 17:30:00,Emirates Stadium,Michael Oliver,0.0,Arsenal,Chelsea,Home,3,1,2,3,Win,1,0,0,1.0,17.0,229.0,16.0,39.0,,3.0,2.0,1.0,4.0,7.0,5.0,7.0,42.0,46.0,13.0,2.0,1.0,7.0,328.0,4.0,7.0,18.0,12.0,15.0,3.0,16.0,7.0
8896978,2020-2021,15.0,2020-12-26 17:30:00,Emirates Stadium,Michael Oliver,0.0,Chelsea,Arsenal,Away,1,3,-2,0,Loss,0,0,1,8.0,38.0,428.0,36.0,61.0,,3.0,2.0,1.0,5.0,9.0,4.0,9.0,58.0,64.0,10.0,4.0,1.0,14.0,506.0,11.0,3.0,16.0,11.0,19.0,8.0,10.0,3.0
8896921,2020-2021,15.0,2020-12-26 20:00:00,Etihad Stadium,Andre Marriner,0.0,Manchester City,Newcastle United,Home,2,0,2,3,Win,1,0,0,1.0,27.0,781.0,10.0,75.0,,7.0,5.0,2.0,3.0,7.0,6.0,12.0,55.0,78.0,5.0,2.0,1.0,8.0,862.0,2.0,6.0,15.0,8.0,11.0,3.0,8.0,5.0
8896921,2020-2021,15.0,2020-12-26 20:00:00,Etihad Stadium,Andre Marriner,0.0,Newcastle United,Manchester City,Away,0,2,-2,0,Loss,0,0,1,4.0,24.0,206.0,15.0,25.0,,0.0,0.0,0.0,2.0,3.0,4.0,4.0,45.0,33.0,12.0,4.0,0.0,16.0,272.0,3.0,2.0,23.0,4.0,7.0,3.0,11.0,4.0
8896927,2020-2021,15.0,2020-12-27 16:30:00,Anfield,Kevin Friend,2000.0,Liverpool,West Bromwich Albion,Home,1,1,0,1,Draw,0,1,0,11.0,22.0,695.0,26.0,78.0,,2.0,1.0,1.0,4.0,7.0,10.0,8.0,56.0,104.0,8.0,2.0,0.0,4.0,787.0,11.0,2.0,13.0,8.0,17.0,9.0,11.0,8.0
8896927,2020-2021,15.0,2020-12-27 16:30:00,Anfield,Kevin Friend,2000.0,West Bromwich Albion,Liverpool,Away,1,1,0,1,Draw,0,1,0,3.0,17.0,121.0,13.0,22.0,,2.0,1.0,1.0,1.0,3.0,7.0,3.0,44.0,46.0,5.0,1.0,0.0,13.0,213.0,1.0,3.0,40.0,3.0,5.0,2.0,15.0,10.0
8896932,2020-2021,16.0,2020-12-28 17:30:00,Stamford Bridge,Stuart Attwell,0.0,Chelsea,Aston Villa,Home,1,1,0,1,Draw,0,1,0,4.0,37.0,454.0,15.0,63.0,,1.0,1.0,0.0,4.0,11.0,9.0,4.0,38.0,47.0,16.0,1.0,0.0,14.0,550.0,7.0,5.0,17.0,10.0,16.0,6.0,17.0,9.0
8896932,2020-2021,16.0,2020-12-28 17:30:00,Stamford Bridge,Stuart Attwell,0.0,Aston Villa,Chelsea,Away,1,1,0,1,Draw,0,1,0,2.0,26.0,226.0,19.0,37.0,,1.0,0.0,1.0,3.0,4.0,10.0,10.0,62.0,60.0,3.0,4.0,1.0,13.0,314.0,5.0,2.0,20.0,7.0,10.0,3.0,19.0,8.0
8896975,2020-2021,10.0,2020-11-28 15:00:00,Etihad Stadium,Lee Mason,0.0,Manchester City,Burnley,Home,5,0,5,3,Win,1,0,0,2.0,35.0,642.0,19.0,69.0,,2.0,,2.0,3.0,6.0,5.0,8.0,45.0,57.0,12.0,1.0,1.0,4.0,720.0,10.0,6.0,20.0,13.0,19.0,6.0,7.0,4.0
8896975,2020-2021,10.0,2020-11-28 15:00:00,Etihad Stadium,Lee Mason,0.0,Burnley,Manchester City,Away,0,5,-5,0,Loss,0,0,1,3.0,18.0,230.0,14.0,31.0,,0.0,,0.0,2.0,4.0,2.0,7.0,55.0,46.0,4.0,1.0,0.0,12.0,315.0,6.0,1.0,10.0,4.0,9.0,5.0,14.0,9.0
8896981,2020-2021,10.0,2020-11-29 14:00:00,St. Mary's Stadium,Jonathan Moss,0.0,Southampton,Manchester United,Home,2,3,-1,0,Loss,0,0,1,1.0,22.0,418.0,13.0,50.0,,0.0,0.0,0.0,2.0,5.0,13.0,12.0,51.0,39.0,12.0,3.0,1.0,12.0,525.0,3.0,5.0,17.0,5.0,10.0,5.0,22.0,13.0
8896981,2020-2021,10.0,2020-11-29 14:00:00,St. Mary's Stadium,Jonathan Moss,0.0,Manchester United,Southampton,Away,3,2,1,3,Win,1,0,0,5.0,28.0,417.0,17.0,50.0,,6.0,3.0,3.0,4.0,9.0,15.0,9.0,49.0,68.0,12.0,3.0,1.0,17.0,519.0,5.0,6.0,18.0,10.0,15.0,5.0,19.0,9.0
8896864,2020-2021,10.0,2020-11-29 16:30:00,Stamford Bridge,Paul Tierney,0.0,Chelsea,Tottenham Hotspur,Home,0,0,0,1,Draw,0,1,0,7.0,31.0,587.0,13.0,60.0,,,,,3.0,3.0,3.0,6.0,48.0,67.0,20.0,1.0,0.0,9.0,657.0,7.0,3.0,11.0,9.0,13.0,4.0,13.0,8.0
8896864,2020-2021,10.0,2020-11-29 16:30:00,Stamford Bridge,Paul Tierney,0.0,Tottenham Hotspur,Chelsea,Away,0,0,0,1,Draw,0,1,0,2.0,27.0,354.0,14.0,40.0,,,,,1.0,3.0,8.0,9.0,52.0,39.0,9.0,3.0,0.0,9.0,438.0,3.0,1.0,12.0,2.0,5.0,3.0,5.0,1.0
8896857,2020-2021,10.0,2020-11-29 19:15:00,Emirates Stadium,Michael Oliver,0.0,Arsenal,Wolverhampton,Home,1,2,-1,0,Loss,0,0,1,3.0,26.0,420.0,16.0,56.0,,2.0,2.0,0.0,4.0,8.0,8.0,2.0,47.0,75.0,13.0,3.0,0.0,9.0,494.0,7.0,2.0,16.0,10.0,13.0,3.0,13.0,6.0
8896857,2020-2021,10.0,2020-11-29 19:15:00,Emirates Stadium,Michael Oliver,0.0,Wolverhampton,Arsenal,Away,2,1,1,3,Win,1,0,0,2.0,38.0,325.0,15.0,44.0,,3.0,1.0,2.0,4.0,4.0,10.0,10.0,53.0,42.0,13.0,1.0,1.0,12.0,405.0,2.0,5.0,36.0,9.0,11.0,2.0,12.0,4.0
8896966,2020-2021,11.0,2020-12-05 15:00:00,Etihad Stadium,Jonathan Moss,0.0,Manchester City,Fulham,Home,2,0,2,3,Win,1,0,0,2.0,16.0,712.0,8.0,69.0,,6.0,4.0,2.0,2.0,9.0,10.0,12.0,45.0,61.0,7.0,1.0,1.0,13.0,793.0,8.0,5.0,7.0,13.0,15.0,2.0,17.0,11.0
8896966,2020-2021,11.0,2020-12-05 15:00:00,Etihad Stadium,Jonathan Moss,0.0,Fulham,Manchester City,Away,0,2,-2,0,Loss,0,0,1,2.0,16.0,274.0,9.0,31.0,,0.0,0.0,0.0,1.0,3.0,12.0,19.0,55.0,43.0,6.0,4.0,0.0,18.0,351.0,4.0,1.0,23.0,4.0,6.0,2.0,17.0,12.0
8897000,2020-2021,11.0,2020-12-05 17:30:00,London Stadium,Andre Marriner,,West Ham United,Manchester United,Home,1,3,-2,0,Loss,0,0,1,8.0,29.0,307.0,14.0,39.0,,6.0,5.0,1.0,4.0,5.0,8.0,7.0,49.0,49.0,9.0,3.0,1.0,13.0,392.0,9.0,6.0,9.0,14.0,19.0,5.0,12.0,6.0
8897000,2020-2021,11.0,2020-12-05 17:30:00,London Stadium,Andre Marriner,,Manchester United,West Ham United,Away,3,1,2,3,Win,1,0,0,2.0,32.0,544.0,16.0,61.0,,3.0,2.0,1.0,3.0,4.0,6.0,6.0,51.0,51.0,10.0,5.0,1.0,9.0,631.0,6.0,6.0,18.0,10.0,15.0,5.0,12.0,8.0
8896957,2020-2021,11.0,2020-12-05 20:00:00,Stamford Bridge,Kevin Friend,2000.0,Chelsea,Leeds United,Home,3,1,2,3,Win,1,0,0,8.0,17.0,318.0,11.0,46.0,,7.0,5.0,2.0,5.0,8.0,19.0,12.0,44.0,39.0,12.0,2.0,1.0,14.0,408.0,7.0,11.0,19.0,19.0,23.0,4.0,20.0,10.0
8896957,2020-2021,11.0,2020-12-05 20:00:00,Stamford Bridge,Kevin Friend,2000.0,Leeds United,Chelsea,Away,1,3,-2,0,Loss,0,0,1,1.0,22.0,395.0,11.0,54.0,,1.0,0.0,1.0,1.0,4.0,16.0,13.0,56.0,51.0,9.0,7.0,0.0,6.0,481.0,4.0,3.0,19.0,5.0,8.0,3.0,30.0,18.0
8896985,2020-2021,11.0,2020-12-06 16:30:00,Tottenham Hotspur Stadium,Martin Atkinson,2000.0,Tottenham Hotspur,Arsenal,Home,2,0,2,3,Win,1,0,0,0.0,15.0,194.0,19.0,30.0,,,,,1.0,3.0,9.0,5.0,45.0,17.0,16.0,2.0,0.0,5.0,288.0,1.0,3.0,55.0,2.0,5.0,3.0,13.0,7.0
8896985,2020-2021,11.0,2020-12-06 16:30:00,Tottenham Hotspur Stadium,Martin Atkinson,2000.0,Arsenal,Tottenham Hotspur,Away,0,2,-2,0,Loss,0,0,1,9.0,17.0,548.0,19.0,70.0,,,,,2.0,9.0,5.0,11.0,55.0,63.0,12.0,1.0,0.0,5.0,632.0,7.0,2.0,10.0,6.0,11.0,5.0,15.0,11.0
8896977,2020-2021,11.0,2020-12-06 19:15:00,Anfield,Craig Pawson,2000.0,Liverpool,Wolverhampton,Home,4,0,4,3,Win,1,0,0,3.0,18.0,564.0,7.0,61.0,,2.0,,2.0,1.0,4.0,8.0,10.0,49.0,53.0,8.0,3.0,0.0,5.0,626.0,4.0,6.0,18.0,7.0,11.0,4.0,12.0,6.0
8896977,2020-2021,11.0,2020-12-06 19:15:00,Anfield,Craig Pawson,2000.0,Wolverhampton,Liverpool,Away,0,4,-4,0,Loss,0,0,1,6.0,32.0,333.0,9.0,39.0,,0.0,,0.0,1.0,6.0,3.0,6.0,51.0,38.0,14.0,3.0,0.0,13.0,395.0,5.0,3.0,15.0,6.0,9.0,3.0,19.0,6.0
8896973,2020-2021,12.0,2020-12-12 17:30:00,Old Trafford,Chris Kavanagh,0.0,Manchester United,Manchester City,Home,0,0,0,1,Draw,0,1,0,3.0,19.0,427.0,10.0,46.0,,0.0,0.0,,3.0,4.0,2.0,10.0,55.0,41.0,13.0,2.0,0.0,11.0,502.0,6.0,2.0,13.0,7.0,11.0,4.0,23.0,16.0
8896973,2020-2021,12.0,2020-12-12 17:30:00,Old Trafford,Chris Kavanagh,0.0,Manchester City,Manchester United,Away,0,0,0,1,Draw,0,1,0,1.0,36.0,503.0,8.0,54.0,,3.0,3.0,,4.0,3.0,12.0,14.0,45.0,68.0,6.0,2.0,0.0,13.0,580.0,3.0,2.0,1.0,6.0,9.0,3.0,6.0,4.0
8896941,2020-2021,12.0,2020-12-12 20:00:00,Goodison Park,Jonathan Moss,2000.0,Everton,Chelsea,Home,1,0,1,3,Win,1,0,0,4.0,21.0,162.0,22.0,28.0,,1.0,0.0,1.0,2.0,6.0,13.0,16.0,51.0,42.0,10.0,3.0,0.0,26.0,241.0,3.0,4.0,33.0,8.0,9.0,1.0,13.0,7.0
8896941,2020-2021,12.0,2020-12-12 20:00:00,Goodison Park,Jonathan Moss,2000.0,Chelsea,Everton,Away,0,1,-1,0,Loss,0,0,1,4.0,27.0,539.0,20.0,72.0,,1.0,1.0,0.0,3.0,6.0,11.0,15.0,49.0,73.0,11.0,3.0,2.0,6.0,639.0,4.0,3.0,15.0,4.0,10.0,6.0,17.0,9.0
8896952,2020-2021,12.0,2020-12-13 16:30:00,Craven Cottage,Andre Marriner,2000.0,Fulham,Liverpool,Home,1,1,0,1,Draw,0,1,0,3.0,28.0,153.0,19.0,25.0,,4.0,4.0,0.0,1.0,6.0,11.0,11.0,49.0,47.0,9.0,5.0,0.0,17.0,227.0,4.0,5.0,42.0,6.0,10.0,4.0,17.0,8.0
8896952,2020-2021,12.0,2020-12-13 16:30:00,Craven Cottage,Andre Marriner,2000.0,Liverpool,Fulham,Away,1,1,0,1,Draw,0,1,0,4.0,30.0,614.0,12.0,75.0,,3.0,2.0,1.0,4.0,8.0,9.0,14.0,51.0,82.0,5.0,4.0,0.0,7.0,707.0,2.0,6.0,22.0,7.0,12.0,5.0,21.0,12.0
8896991,2020-2021,12.0,2020-12-13 19:15:00,Emirates Stadium,Graham Scott,2000.0,Arsenal,Burnley,Home,0,1,-1,0,Loss,0,0,1,7.0,24.0,462.0,10.0,65.0,,3.0,3.0,,6.0,13.0,7.0,4.0,44.0,73.0,5.0,2.0,0.0,8.0,557.0,6.0,6.0,10.0,12.0,18.0,6.0,12.0,5.0
8896991,2020-2021,12.0,2020-12-13 19:15:00,Emirates Stadium,Graham Scott,2000.0,Burnley,Arsenal,Away,1,0,1,3,Win,1,0,0,6.0,30.0,220.0,25.0,35.0,,1.0,1.0,,3.0,4.0,7.0,4.0,56.0,51.0,11.0,6.0,0.0,17.0,307.0,5.0,2.0,40.0,7.0,10.0,3.0,12.0,7.0
8896989,2020-2021,13.0,2020-12-15 18:00:00,Molineux Stadium,Stuart Attwell,0.0,Wolverhampton,Chelsea,Home,2,1,1,3,Win,1,0,0,2.0,28.0,336.0,27.0,45.0,,0.0,0.0,,2.0,5.0,6.0,15.0,59.0,45.0,12.0,2.0,0.0,14.0,418.0,6.0,4.0,34.0,6.0,12.0,6.0,17.0,10.0
8896989,2020-2021,13.0,2020-12-15 18:00:00,Molineux Stadium,Stuart Attwell,0.0,Chelsea,Wolverhampton,Away,1,2,-1,0,Loss,0,0,1,8.0,40.0,424.0,12.0,55.0,,2.0,2.0,,4.0,6.0,8.0,10.0,41.0,54.0,12.0,2.0,1.0,7.0,494.0,6.0,3.0,19.0,7.0,13.0,6.0,14.0,6.0
8896943,2020-2021,13.0,2020-12-15 20:00:00,Etihad Stadium,Peter Bankes,,Manchester City,West Bromwich Albion,Home,1,1,0,1,Draw,0,1,0,9.0,25.0,678.0,19.0,77.0,,4.0,3.0,1.0,8.0,13.0,7.0,9.0,55.0,96.0,5.0,1.0,0.0,8.0,752.0,11.0,7.0,10.0,17.0,26.0,9.0,11.0,4.0
8896943,2020-2021,13.0,2020-12-15 20:00:00,Etihad Stadium,Peter Bankes,,West Bromwich Albion,Manchester City,Away,1,1,0,1,Draw,0,1,0,2.0,20.0,133.0,15.0,23.0,,1.0,1.0,0.0,0.0,2.0,6.0,6.0,45.0,34.0,8.0,7.0,0.0,12.0,224.0,4.0,1.0,31.0,3.0,5.0,2.0,13.0,8.0
8896888,2020-2021,7.0,2020-10-31 15:00:00,Turf Moor,David Coote,0.0,Burnley,Chelsea,Home,0,3,-3,0,Loss,0,0,1,0.0,36.0,294.0,9.0,36.0,,1.0,1.0,0.0,1.0,3.0,10.0,6.0,48.0,48.0,10.0,6.0,0.0,8.0,392.0,4.0,0.0,16.0,1.0,5.0,4.0,13.0,10.0
8896888,2020-2021,7.0,2020-10-31 15:00:00,Turf Moor,David Coote,0.0,Chelsea,Burnley,Away,3,0,3,3,Win,1,0,0,4.0,38.0,608.0,14.0,64.0,,2.0,0.0,2.0,4.0,4.0,9.0,8.0,52.0,42.0,15.0,0.0,0.0,6.0,693.0,1.0,9.0,13.0,7.0,14.0,7.0,13.0,8.0
8896865,2020-2021,7.0,2020-10-31 17:30:00,Anfield,Kevin Friend,0.0,Liverpool,West Ham United,Home,2,1,1,3,Win,1,0,0,2.0,16.0,731.0,16.0,72.0,,2.0,,2.0,1.0,1.0,11.0,11.0,47.0,83.0,13.0,2.0,0.0,4.0,827.0,3.0,5.0,14.0,6.0,9.0,3.0,10.0,6.0
8896865,2020-2021,7.0,2020-10-31 17:30:00,Anfield,Kevin Friend,0.0,West Ham United,Liverpool,Away,1,2,-1,0,Loss,0,0,1,3.0,22.0,210.0,20.0,28.0,,0.0,,0.0,1.0,2.0,9.0,6.0,53.0,38.0,14.0,4.0,0.0,11.0,304.0,0.0,3.0,24.0,4.0,4.0,0.0,18.0,7.0
8896859,2020-2021,7.0,2020-11-01 16:30:00,Old Trafford,Mike Dean,0.0,Manchester United,Arsenal,Home,0,1,-1,0,Loss,0,0,1,4.0,17.0,471.0,18.0,53.0,,0.0,,0.0,3.0,6.0,12.0,6.0,51.0,49.0,12.0,1.0,0.0,7.0,556.0,3.0,2.0,12.0,4.0,8.0,4.0,10.0,7.0
8896859,2020-2021,7.0,2020-11-01 16:30:00,Old Trafford,Mike Dean,0.0,Arsenal,Manchester United,Away,1,0,1,3,Win,1,0,0,2.0,14.0,422.0,9.0,47.0,,1.0,,1.0,0.0,3.0,4.0,5.0,49.0,40.0,12.0,3.0,1.0,11.0,495.0,5.0,2.0,23.0,3.0,7.0,4.0,20.0,14.0
8896866,2020-2021,8.0,2020-11-07 12:30:00,Goodison Park,Paul Tierney,0.0,Everton,Manchester United,Home,1,3,-2,0,Loss,0,0,1,6.0,33.0,442.0,19.0,55.0,,0.0,0.0,0.0,1.0,5.0,6.0,12.0,62.0,59.0,12.0,2.0,1.0,6.0,523.0,5.0,1.0,10.0,5.0,7.0,2.0,25.0,12.0
8896866,2020-2021,8.0,2020-11-07 12:30:00,Goodison Park,Paul Tierney,0.0,Manchester United,Everton,Away,3,1,2,3,Win,1,0,0,4.0,17.0,369.0,14.0,45.0,,4.0,2.0,2.0,3.0,2.0,18.0,6.0,38.0,50.0,19.0,0.0,0.0,9.0,453.0,5.0,5.0,22.0,7.0,13.0,6.0,13.0,4.0
8896868,2020-2021,8.0,2020-11-07 17:30:00,Stamford Bridge,Jonathan Moss,0.0,Chelsea,Sheffield United,Home,4,1,3,3,Win,1,0,0,5.0,45.0,669.0,13.0,70.0,,4.0,1.0,3.0,6.0,6.0,6.0,3.0,57.0,65.0,5.0,2.0,2.0,10.0,762.0,5.0,9.0,14.0,10.0,20.0,10.0,13.0,5.0
8896868,2020-2021,8.0,2020-11-07 17:30:00,Stamford Bridge,Jonathan Moss,0.0,Sheffield United,Chelsea,Away,1,4,-3,0,Loss,0,0,1,0.0,19.0,223.0,14.0,30.0,,1.0,0.0,1.0,2.0,7.0,11.0,3.0,43.0,43.0,14.0,6.0,0.0,5.0,320.0,1.0,3.0,23.0,4.0,6.0,2.0,11.0,4.0
8896883,2020-2021,8.0,2020-11-08 16:30:00,Etihad Stadium,Craig Pawson,0.0,Manchester City,Liverpool,Home,1,1,0,1,Draw,0,1,0,1.0,25.0,472.0,8.0,55.0,,2.0,2.0,0.0,1.0,1.0,7.0,3.0,43.0,43.0,19.0,2.0,0.0,5.0,555.0,4.0,2.0,20.0,4.0,7.0,3.0,12.0,5.0
8896883,2020-2021,8.0,2020-11-08 16:30:00,Etihad Stadium,Craig Pawson,0.0,Liverpool,Manchester City,Away,1,1,0,1,Draw,0,1,0,1.0,17.0,375.0,3.0,45.0,,1.0,0.0,1.0,3.0,2.0,8.0,8.0,57.0,43.0,11.0,1.0,0.0,4.0,459.0,4.0,3.0,7.0,5.0,10.0,5.0,13.0,9.0
8896873,2020-2021,8.0,2020-11-08 19:15:00,Emirates Stadium,Martin Atkinson,0.0,Arsenal,Aston Villa,Home,0,3,-3,0,Loss,0,0,1,3.0,18.0,458.0,11.0,59.0,,2.0,2.0,0.0,3.0,3.0,7.0,8.0,43.0,43.0,11.0,3.0,0.0,8.0,538.0,8.0,2.0,12.0,8.0,13.0,5.0,7.0,2.0
8896873,2020-2021,8.0,2020-11-08 19:15:00,Emirates Stadium,Martin Atkinson,0.0,Aston Villa,Arsenal,Away,3,0,3,3,Win,1,0,0,5.0,31.0,293.0,15.0,41.0,,2.0,0.0,2.0,9.0,8.0,4.0,12.0,57.0,45.0,13.0,2.0,0.0,8.0,378.0,0.0,6.0,26.0,14.0,15.0,1.0,14.0,6.0
8896848,2020-2021,9.0,2020-11-21 12:30:00,St James' Park,Craig Pawson,0.0,Newcastle United,Chelsea,Home,0,2,-2,0,Loss,0,0,1,1.0,24.0,211.0,15.0,29.0,,0.0,0.0,0.0,3.0,7.0,9.0,7.0,46.0,39.0,11.0,2.0,1.0,5.0,287.0,4.0,1.0,23.0,4.0,8.0,4.0,6.0,1.0
8896848,2020-2021,9.0,2020-11-21 12:30:00,St James' Park,Craig Pawson,0.0,Chelsea,Newcastle United,Away,2,0,2,3,Win,1,0,0,5.0,34.0,670.0,19.0,71.0,,4.0,3.0,1.0,5.0,4.0,5.0,5.0,54.0,67.0,12.0,1.0,0.0,9.0,746.0,6.0,3.0,25.0,9.0,14.0,5.0,13.0,6.0
8896862,2020-2021,9.0,2020-11-21 17:30:00,Tottenham Hotspur Stadium,Mike Dean,0.0,Tottenham Hotspur,Manchester City,Home,2,0,2,3,Win,1,0,0,1.0,27.0,233.0,8.0,34.0,,2.0,0.0,2.0,2.0,0.0,8.0,4.0,50.0,39.0,13.0,5.0,0.0,8.0,318.0,0.0,2.0,30.0,1.0,4.0,3.0,25.0,14.0
8896862,2020-2021,9.0,2020-11-21 17:30:00,Tottenham Hotspur Stadium,Mike Dean,0.0,Manchester City,Tottenham Hotspur,Away,0,2,-2,0,Loss,0,0,1,7.0,25.0,532.0,11.0,66.0,,2.0,2.0,0.0,11.0,10.0,18.0,17.0,50.0,73.0,19.0,0.0,0.0,9.0,599.0,6.0,5.0,5.0,15.0,22.0,7.0,13.0,8.0
8896854,2020-2021,9.0,2020-11-21 20:00:00,Old Trafford,David Coote,0.0,Manchester United,West Bromwich Albion,Home,1,0,1,3,Win,1,0,0,4.0,36.0,562.0,25.0,63.0,,3.0,2.0,1.0,8.0,8.0,7.0,18.0,61.0,80.0,12.0,2.0,0.0,14.0,663.0,2.0,7.0,7.0,11.0,17.0,6.0,13.0,5.0
8896854,2020-2021,9.0,2020-11-21 20:00:00,Old Trafford,David Coote,0.0,West Bromwich Albion,Manchester United,Away,0,1,-1,0,Loss,0,0,1,2.0,24.0,300.0,7.0,37.0,,1.0,1.0,0.0,1.0,2.0,11.0,14.0,39.0,51.0,17.0,6.0,1.0,20.0,385.0,4.0,2.0,17.0,6.0,7.0,1.0,13.0,8.0
8896855,2020-2021,9.0,2020-11-22 16:30:00,Elland Road,Anthony Taylor,0.0,Leeds United,Arsenal,Home,0,0,0,1,Draw,0,1,0,7.0,16.0,519.0,11.0,66.0,,2.0,2.0,,5.0,5.0,8.0,4.0,48.0,64.0,9.0,2.0,3.0,9.0,610.0,16.0,4.0,14.0,15.0,25.0,10.0,18.0,8.0
8896855,2020-2021,9.0,2020-11-22 16:30:00,Elland Road,Anthony Taylor,0.0,Arsenal,Leeds United,Away,0,0,0,1,Draw,0,1,0,3.0,14.0,220.0,11.0,34.0,,1.0,1.0,,1.0,3.0,12.0,14.0,52.0,34.0,8.0,4.0,1.0,11.0,310.0,6.0,2.0,29.0,5.0,9.0,4.0,10.0,5.0
8896849,2020-2021,9.0,2020-11-22 19:15:00,Anfield,Chris Kavanagh,0.0,Liverpool,Leicester City,Home,3,0,3,3,Win,1,0,0,8.0,25.0,488.0,13.0,56.0,,7.0,6.0,1.0,3.0,10.0,11.0,13.0,39.0,46.0,15.0,4.0,2.0,10.0,572.0,8.0,13.0,15.0,19.0,24.0,5.0,9.0,4.0
8896849,2020-2021,9.0,2020-11-22 19:15:00,Anfield,Chris Kavanagh,0.0,Leicester City,Liverpool,Away,0,3,-3,0,Loss,0,0,1,3.0,26.0,346.0,21.0,44.0,,3.0,3.0,0.0,2.0,3.0,3.0,15.0,61.0,47.0,6.0,9.0,0.0,17.0,441.0,5.0,4.0,19.0,7.0,11.0,4.0,14.0,4.0
8896860,2020-2021,10.0,2020-11-28 12:30:00,American Express Stadium,Stuart Attwell,0.0,Brighton & Hove Albion,Liverpool,Home,1,1,0,1,Draw,0,1,0,3.0,28.0,272.0,13.0,40.0,,3.0,2.0,1.0,2.0,4.0,6.0,13.0,57.0,49.0,9.0,1.0,0.0,14.0,352.0,6.0,3.0,14.0,7.0,11.0,4.0,22.0,11.0
8896860,2020-2021,10.0,2020-11-28 12:30:00,American Express Stadium,Stuart Attwell,0.0,Liverpool,Brighton & Hove Albion,Away,1,1,0,1,Draw,0,1,0,2.0,24.0,428.0,18.0,60.0,,0.0,0.0,0.0,3.0,3.0,12.0,7.0,43.0,57.0,13.0,2.0,0.0,8.0,526.0,1.0,2.0,15.0,3.0,6.0,3.0,13.0,9.0
8896898,2020-2021,4.0,2020-10-03 16:30:00,Elland Road,Mike Dean,,Leeds United,Manchester City,Home,1,1,0,1,Draw,0,1,0,3.0,29.0,356.0,6.0,52.0,,5.0,4.0,1.0,3.0,7.0,5.0,10.0,49.0,37.0,11.0,1.0,2.0,9.0,429.0,2.0,7.0,19.0,11.0,12.0,1.0,27.0,14.0
8896898,2020-2021,4.0,2020-10-03 16:30:00,Elland Road,Mike Dean,,Manchester City,Leeds United,Away,1,1,0,1,Draw,0,1,0,5.0,13.0,319.0,13.0,48.0,,0.0,0.0,0.0,7.0,10.0,15.0,22.0,51.0,43.0,12.0,6.0,2.0,6.0,389.0,14.0,2.0,15.0,16.0,23.0,7.0,11.0,5.0
8896901,2020-2021,4.0,2020-10-04 13:00:00,Emirates Stadium,Lee Mason,,Arsenal,Sheffield United,Home,2,1,1,3,Win,1,0,0,1.0,26.0,623.0,17.0,65.0,,1.0,,1.0,1.0,2.0,5.0,12.0,56.0,55.0,3.0,1.0,0.0,10.0,699.0,0.0,5.0,18.0,5.0,6.0,1.0,8.0,4.0
8896901,2020-2021,4.0,2020-10-04 13:00:00,Emirates Stadium,Lee Mason,,Sheffield United,Arsenal,Away,1,2,-1,0,Loss,0,0,1,2.0,15.0,295.0,14.0,35.0,,0.0,,0.0,2.0,4.0,5.0,7.0,44.0,34.0,9.0,3.0,0.0,5.0,373.0,2.0,2.0,22.0,1.0,6.0,5.0,11.0,4.0
8896904,2020-2021,4.0,2020-10-04 15:30:00,Old Trafford,Anthony Taylor,,Manchester United,Tottenham Hotspur,Home,1,6,-5,0,Loss,0,0,1,2.0,15.0,348.0,10.0,38.0,,1.0,0.0,1.0,1.0,2.0,16.0,17.0,51.0,34.0,14.0,2.0,0.0,11.0,416.0,2.0,2.0,11.0,2.0,5.0,3.0,15.0,5.0
8896904,2020-2021,4.0,2020-10-04 15:30:00,Old Trafford,Anthony Taylor,,Tottenham Hotspur,Manchester United,Away,6,1,5,3,Win,1,0,0,2.0,32.0,606.0,3.0,62.0,,7.0,1.0,6.0,8.0,4.0,11.0,11.0,49.0,42.0,11.0,1.0,0.0,12.0,672.0,6.0,8.0,17.0,16.0,22.0,6.0,23.0,11.0
8896884,2020-2021,4.0,2020-10-04 18:15:00,Villa Park,Martin Atkinson,,Aston Villa,Liverpool,Home,7,2,5,3,Win,1,0,0,2.0,33.0,194.0,13.0,30.0,,6.0,3.0,3.0,3.0,2.0,10.0,11.0,50.0,48.0,7.0,6.0,1.0,12.0,285.0,4.0,11.0,31.0,13.0,18.0,5.0,15.0,7.0
8896884,2020-2021,4.0,2020-10-04 18:15:00,Villa Park,Martin Atkinson,,Liverpool,Aston Villa,Away,2,7,-5,0,Loss,0,0,1,2.0,31.0,554.0,15.0,70.0,,4.0,2.0,2.0,5.0,7.0,9.0,13.0,50.0,56.0,10.0,4.0,0.0,12.0,650.0,1.0,8.0,14.0,10.0,14.0,4.0,14.0,7.0
8897007,2020-2021,5.0,2020-10-17 11:30:00,Goodison Park,Michael Oliver,,Everton,Liverpool,Home,2,2,0,1,Draw,0,1,0,5.0,30.0,284.0,19.0,42.0,,3.0,2.0,1.0,1.0,2.0,14.0,8.0,50.0,59.0,15.0,6.0,1.0,1.0,380.0,5.0,5.0,27.0,6.0,11.0,5.0,16.0,8.0
8897007,2020-2021,5.0,2020-10-17 11:30:00,Goodison Park,Michael Oliver,,Liverpool,Everton,Away,2,2,0,1,Draw,0,1,0,4.0,29.0,437.0,11.0,58.0,,4.0,3.0,1.0,6.0,5.0,5.0,11.0,50.0,54.0,9.0,3.0,0.0,3.0,524.0,8.0,8.0,13.0,15.0,22.0,7.0,18.0,8.0
8896911,2020-2021,5.0,2020-10-17 14:00:00,Stamford Bridge,Peter Bankes,,Chelsea,Southampton,Home,3,3,0,1,Draw,0,1,0,6.0,28.0,468.0,25.0,53.0,,2.0,,2.0,3.0,6.0,6.0,7.0,58.0,38.0,11.0,3.0,0.0,7.0,574.0,3.0,5.0,29.0,11.0,11.0,0.0,16.0,7.0
8896911,2020-2021,5.0,2020-10-17 14:00:00,Stamford Bridge,Peter Bankes,,Southampton,Chelsea,Away,3,3,0,1,Draw,0,1,0,1.0,34.0,381.0,9.0,47.0,,2.0,,2.0,2.0,2.0,7.0,9.0,42.0,69.0,9.0,2.0,1.0,7.0,503.0,5.0,6.0,8.0,9.0,13.0,4.0,13.0,5.0
8896916,2020-2021,5.0,2020-10-17 16:30:00,Etihad Stadium,Chris Kavanagh,0.0,Manchester City,Arsenal,Home,1,0,1,3,Win,1,0,0,1.0,24.0,591.0,15.0,59.0,,3.0,2.0,1.0,4.0,6.0,5.0,10.0,48.0,56.0,15.0,3.0,0.0,8.0,665.0,4.0,5.0,9.0,8.0,13.0,5.0,11.0,5.0
8896916,2020-2021,5.0,2020-10-17 16:30:00,Etihad Stadium,Chris Kavanagh,0.0,Arsenal,Manchester City,Away,0,1,-1,0,Loss,0,0,1,4.0,21.0,391.0,12.0,41.0,,1.0,1.0,0.0,3.0,6.0,6.0,9.0,52.0,35.0,10.0,4.0,0.0,6.0,462.0,5.0,3.0,12.0,7.0,11.0,4.0,13.0,10.0
8897001,2020-2021,5.0,2020-10-17 19:00:00,St James' Park,Craig Pawson,0.0,Newcastle United,Manchester United,Home,1,4,-3,0,Loss,0,0,1,4.0,26.0,256.0,19.0,36.0,,1.0,1.0,0.0,1.0,0.0,11.0,15.0,53.0,48.0,9.0,8.0,0.0,17.0,358.0,2.0,4.0,24.0,3.0,7.0,4.0,18.0,11.0
8897001,2020-2021,5.0,2020-10-17 19:00:00,St James' Park,Craig Pawson,0.0,Manchester United,Newcastle United,Away,4,1,3,3,Win,1,0,0,4.0,25.0,541.0,21.0,64.0,,2.0,1.0,1.0,8.0,7.0,8.0,11.0,47.0,75.0,12.0,4.0,0.0,16.0,629.0,6.0,14.0,13.0,15.0,28.0,13.0,14.0,10.0
8896890,2020-2021,6.0,2020-10-24 11:30:00,London Stadium,Anthony Taylor,,West Ham United,Manchester City,Home,1,1,0,1,Draw,0,1,0,2.0,38.0,224.0,15.0,31.0,,0.0,0.0,,1.0,2.0,4.0,6.0,47.0,43.0,14.0,6.0,0.0,10.0,325.0,3.0,2.0,28.0,2.0,6.0,4.0,15.0,10.0
8896890,2020-2021,6.0,2020-10-24 11:30:00,London Stadium,Anthony Taylor,,Manchester City,West Ham United,Away,1,1,0,1,Draw,0,1,0,1.0,20.0,670.0,15.0,69.0,,1.0,1.0,,1.0,10.0,7.0,11.0,53.0,77.0,6.0,1.0,1.0,9.0,747.0,6.0,7.0,14.0,6.0,14.0,8.0,10.0,5.0
8897003,2020-2021,6.0,2020-10-24 16:30:00,Old Trafford,Martin Atkinson,0.0,Manchester United,Chelsea,Home,0,0,0,1,Draw,0,1,0,5.0,28.0,484.0,11.0,50.0,,,,,5.0,9.0,9.0,8.0,50.0,54.0,8.0,1.0,0.0,12.0,582.0,5.0,4.0,20.0,7.0,14.0,7.0,13.0,7.0
8897003,2020-2021,6.0,2020-10-24 16:30:00,Old Trafford,Martin Atkinson,0.0,Chelsea,Manchester United,Away,0,0,0,1,Draw,0,1,0,2.0,31.0,484.0,8.0,50.0,,,,,3.0,6.0,3.0,6.0,50.0,44.0,6.0,4.0,0.0,13.0,582.0,2.0,1.0,24.0,4.0,6.0,2.0,17.0,12.0
8896880,2020-2021,6.0,2020-10-24 19:00:00,Anfield,Mike Dean,0.0,Liverpool,Sheffield United,Home,2,1,1,3,Win,1,0,0,6.0,46.0,589.0,22.0,62.0,,5.0,3.0,2.0,5.0,7.0,15.0,12.0,44.0,62.0,7.0,1.0,1.0,6.0,683.0,7.0,5.0,30.0,10.0,17.0,7.0,7.0,5.0
8896880,2020-2021,6.0,2020-10-24 19:00:00,Anfield,Mike Dean,0.0,Sheffield United,Liverpool,Away,1,2,-1,0,Loss,0,0,1,4.0,23.0,309.0,34.0,38.0,,2.0,1.0,1.0,4.0,3.0,6.0,9.0,56.0,55.0,15.0,3.0,0.0,4.0,406.0,7.0,2.0,25.0,9.0,13.0,4.0,22.0,10.0
8896875,2020-2021,6.0,2020-10-25 19:15:00,Emirates Stadium,Craig Pawson,,Arsenal,Leicester City,Home,0,1,-1,0,Loss,0,0,1,6.0,26.0,495.0,11.0,56.0,,0.0,0.0,0.0,4.0,9.0,5.0,2.0,44.0,70.0,13.0,1.0,0.0,12.0,575.0,4.0,4.0,5.0,9.0,12.0,3.0,15.0,11.0
8896875,2020-2021,6.0,2020-10-25 19:15:00,Emirates Stadium,Craig Pawson,,Leicester City,Arsenal,Away,1,0,1,3,Win,1,0,0,1.0,26.0,369.0,15.0,44.0,,2.0,1.0,1.0,1.0,3.0,9.0,7.0,56.0,39.0,9.0,4.0,0.0,10.0,453.0,3.0,2.0,20.0,2.0,6.0,4.0,11.0,6.0
8896861,2020-2021,7.0,2020-10-31 12:30:00,Bramall Lane,Michael Oliver,0.0,Sheffield United,Manchester City,Home,0,1,-1,0,Loss,0,0,1,2.0,17.0,292.0,13.0,35.0,,1.0,1.0,,1.0,2.0,6.0,4.0,42.0,49.0,14.0,7.0,0.0,9.0,375.0,1.0,1.0,24.0,2.0,3.0,1.0,19.0,11.0
8896861,2020-2021,7.0,2020-10-31 12:30:00,Bramall Lane,Michael Oliver,0.0,Manchester City,Sheffield United,Away,1,0,1,3,Win,1,0,0,5.0,39.0,624.0,17.0,65.0,,2.0,2.0,,4.0,5.0,7.0,17.0,58.0,47.0,6.0,1.0,0.0,5.0,715.0,4.0,8.0,13.0,10.0,16.0,6.0,12.0,5.0
8896944,2020-2021,1.0,2020-09-12 16:30:00,Anfield,Michael Oliver,,Liverpool,Leeds United,Home,4,3,1,3,Win,1,0,0,4.0,14.0,328.0,14.0,49.0,,3.0,,3.0,13.0,9.0,21.0,19.0,44.0,72.0,9.0,0.0,0.0,14.0,432.0,3.0,6.0,11.0,17.0,22.0,5.0,13.0,10.0
8896944,2020-2021,1.0,2020-09-12 16:30:00,Anfield,Michael Oliver,,Leeds United,Liverpool,Away,3,4,-1,0,Loss,0,0,1,3.0,29.0,347.0,12.0,51.0,,0.0,,0.0,2.0,0.0,9.0,9.0,56.0,44.0,6.0,3.0,0.0,12.0,459.0,1.0,3.0,34.0,4.0,6.0,2.0,34.0,20.0
8896998,2020-2021,1.0,2020-09-14 19:15:00,American Express Stadium,Craig Pawson,0.0,Brighton & Hove Albion,Chelsea,Home,1,3,-2,0,Loss,0,0,1,3.0,39.0,414.0,10.0,52.0,,2.0,2.0,0.0,4.0,4.0,8.0,8.0,52.0,54.0,8.0,2.0,0.0,15.0,507.0,6.0,3.0,8.0,7.0,13.0,6.0,17.0,11.0
8896998,2020-2021,1.0,2020-09-14 19:15:00,American Express Stadium,Craig Pawson,0.0,Chelsea,Brighton & Hove Albion,Away,3,1,2,3,Win,1,0,0,3.0,33.0,387.0,13.0,48.0,,1.0,0.0,1.0,3.0,3.0,10.0,5.0,48.0,57.0,13.0,2.0,0.0,25.0,465.0,2.0,5.0,15.0,7.0,10.0,3.0,16.0,9.0
8896928,2020-2021,2.0,2020-09-19 16:30:00,Old Trafford,Martin Atkinson,,Manchester United,Crystal Palace,Home,1,3,-2,0,Loss,0,0,1,5.0,33.0,606.0,11.0,76.0,,2.0,1.0,1.0,9.0,9.0,16.0,13.0,44.0,84.0,13.0,2.0,0.0,9.0,705.0,4.0,4.0,14.0,7.0,17.0,10.0,14.0,9.0
8896928,2020-2021,2.0,2020-09-19 16:30:00,Old Trafford,Martin Atkinson,,Crystal Palace,Manchester United,Away,3,1,2,3,Win,1,0,0,1.0,15.0,138.0,16.0,24.0,,2.0,0.0,2.0,3.0,3.0,8.0,9.0,56.0,34.0,10.0,3.0,0.0,21.0,225.0,6.0,5.0,33.0,9.0,14.0,5.0,24.0,12.0
8896947,2020-2021,2.0,2020-09-19 19:00:00,Emirates Stadium,Michael Oliver,0.0,Arsenal,West Ham United,Home,2,1,1,3,Win,1,0,0,3.0,30.0,577.0,17.0,63.0,,2.0,0.0,2.0,3.0,7.0,6.0,8.0,52.0,53.0,11.0,2.0,0.0,11.0,669.0,1.0,3.0,17.0,5.0,7.0,2.0,8.0,5.0
8896947,2020-2021,2.0,2020-09-19 19:00:00,Emirates Stadium,Michael Oliver,0.0,West Ham United,Arsenal,Away,1,2,-1,0,Loss,0,0,1,7.0,22.0,314.0,16.0,37.0,,3.0,2.0,1.0,5.0,5.0,2.0,5.0,48.0,38.0,13.0,1.0,1.0,10.0,383.0,6.0,3.0,27.0,7.0,14.0,7.0,10.0,5.0
8897016,2020-2021,2.0,2020-09-20 15:30:00,Stamford Bridge,Paul Tierney,,Chelsea,Liverpool,Home,0,2,-2,0,Loss,0,0,1,2.0,35.0,412.0,11.0,39.0,,1.0,1.0,0.0,0.0,1.0,4.0,16.0,57.0,24.0,10.0,3.0,0.0,11.0,488.0,2.0,3.0,34.0,3.0,5.0,2.0,17.0,9.0
8897016,2020-2021,2.0,2020-09-20 15:30:00,Stamford Bridge,Paul Tierney,,Liverpool,Chelsea,Away,2,0,2,3,Win,1,0,0,4.0,32.0,681.0,3.0,61.0,,3.0,1.0,2.0,3.0,11.0,11.0,12.0,43.0,74.0,6.0,3.0,0.0,8.0,764.0,9.0,6.0,3.0,10.0,18.0,8.0,14.0,7.0
8896925,2020-2021,2.0,2020-09-21 19:15:00,Molineux Stadium,Andre Marriner,0.0,Wolverhampton,Manchester City,Home,1,3,-2,0,Loss,0,0,1,4.0,29.0,273.0,11.0,35.0,,1.0,0.0,1.0,4.0,4.0,12.0,12.0,50.0,30.0,7.0,6.0,0.0,15.0,356.0,5.0,1.0,9.0,6.0,10.0,4.0,25.0,12.0
8896925,2020-2021,2.0,2020-09-21 19:15:00,Molineux Stadium,Andre Marriner,0.0,Manchester City,Wolverhampton,Away,3,1,2,3,Win,1,0,0,0.0,30.0,602.0,13.0,65.0,,3.0,1.0,2.0,2.0,6.0,16.0,12.0,50.0,63.0,8.0,0.0,0.0,4.0,692.0,3.0,9.0,10.0,8.0,14.0,6.0,22.0,9.0
8896929,2020-2021,3.0,2020-09-26 11:30:00,American Express Stadium,Chris Kavanagh,,Brighton & Hove Albion,Manchester United,Home,2,3,-1,0,Loss,0,0,1,6.0,31.0,413.0,10.0,53.0,,5.0,3.0,2.0,4.0,7.0,9.0,20.0,51.0,56.0,18.0,1.0,5.0,14.0,488.0,9.0,5.0,4.0,12.0,18.0,6.0,12.0,7.0
8896929,2020-2021,3.0,2020-09-26 11:30:00,American Express Stadium,Chris Kavanagh,,Manchester United,Brighton & Hove Albion,Away,3,2,1,3,Win,1,0,0,2.0,19.0,372.0,11.0,47.0,,2.0,0.0,2.0,3.0,1.0,4.0,14.0,49.0,34.0,16.0,3.0,0.0,11.0,445.0,1.0,3.0,21.0,6.0,7.0,1.0,15.0,10.0
8896983,2020-2021,3.0,2020-09-26 16:30:00,The Hawthorns,Jonathan Moss,,West Bromwich Albion,Chelsea,Home,3,3,0,1,Draw,0,1,0,4.0,17.0,168.0,12.0,24.0,,1.0,0.0,1.0,2.0,3.0,7.0,10.0,52.0,39.0,8.0,7.0,0.0,13.0,249.0,4.0,3.0,39.0,5.0,9.0,4.0,9.0,4.0
8896983,2020-2021,3.0,2020-09-26 16:30:00,The Hawthorns,Jonathan Moss,,Chelsea,West Bromwich Albion,Away,3,3,0,1,Draw,0,1,0,8.0,22.0,711.0,17.0,76.0,,3.0,2.0,1.0,6.0,9.0,2.0,5.0,48.0,77.0,16.0,0.0,1.0,9.0,797.0,6.0,10.0,11.0,10.0,22.0,12.0,12.0,9.0
8896934,2020-2021,3.0,2020-09-27 15:30:00,Etihad Stadium,Michael Oliver,,Manchester City,Leicester City,Home,2,5,-3,0,Loss,0,0,1,3.0,33.0,614.0,10.0,72.0,,2.0,1.0,1.0,4.0,3.0,14.0,7.0,40.0,84.0,13.0,2.0,1.0,8.0,680.0,7.0,5.0,7.0,6.0,16.0,10.0,12.0,7.0
8896934,2020-2021,3.0,2020-09-27 15:30:00,Etihad Stadium,Michael Oliver,,Leicester City,Manchester City,Away,5,2,3,3,Win,1,0,0,1.0,21.0,200.0,15.0,28.0,,4.0,0.0,4.0,0.0,3.0,11.0,6.0,60.0,30.0,8.0,3.0,0.0,8.0,267.0,0.0,7.0,22.0,4.0,7.0,3.0,23.0,9.0
8896930,2020-2021,3.0,2020-09-28 19:00:00,Anfield,Craig Pawson,0.0,Liverpool,Arsenal,Home,3,1,2,3,Win,1,0,0,3.0,41.0,683.0,6.0,66.0,,4.0,2.0,2.0,6.0,7.0,7.0,8.0,45.0,67.0,11.0,2.0,1.0,6.0,772.0,7.0,8.0,13.0,12.0,21.0,9.0,10.0,6.0
8896930,2020-2021,3.0,2020-09-28 19:00:00,Anfield,Craig Pawson,0.0,Arsenal,Liverpool,Away,1,3,-2,0,Loss,0,0,1,0.0,23.0,299.0,12.0,34.0,,3.0,2.0,1.0,0.0,3.0,7.0,5.0,55.0,29.0,7.0,5.0,0.0,7.0,395.0,1.0,3.0,37.0,3.0,4.0,1.0,11.0,6.0
8897005,2020-2021,4.0,2020-10-03 11:30:00,Stamford Bridge,Michael Oliver,,Chelsea,Crystal Palace,Home,4,0,4,3,Win,1,0,0,7.0,31.0,636.0,17.0,71.0,,3.0,1.0,2.0,5.0,8.0,4.0,5.0,51.0,70.0,17.0,0.0,0.0,13.0,707.0,6.0,6.0,14.0,12.0,17.0,5.0,14.0,5.0
8897005,2020-2021,4.0,2020-10-03 11:30:00,Stamford Bridge,Michael Oliver,,Crystal Palace,Chelsea,Away,0,4,-4,0,Loss,0,0,1,5.0,9.0,208.0,9.0,29.0,,0.0,0.0,0.0,2.0,5.0,11.0,9.0,49.0,46.0,13.0,2.0,0.0,9.0,280.0,2.0,0.0,15.0,2.0,4.0,2.0,10.0,7.0
8896967,2020-2021,1.0,2020-09-12 11:30:00,Craven Cottage,Chris Kavanagh,,Fulham,Arsenal,Home,0,3,-3,0,Loss,0,0,1,2.0,32.0,461.0,8.0,46.0,,0.0,0.0,0.0,1.0,2.0,6.0,6.0,51.0,47.0,12.0,2.0,0.0,10.0,523.0,2.0,2.0,7.0,1.0,5.0,4.0,11.0,7.0
8896967,2020-2021,1.0,2020-09-12 11:30:00,Craven Cottage,Chris Kavanagh,,Arsenal,Fulham,Away,3,0,3,3,Win,1,0,0,4.0,31.0,562.0,7.0,54.0,,3.0,1.0,2.0,3.0,3.0,8.0,6.0,49.0,55.0,12.0,2.0,1.0,18.0,626.0,4.0,6.0,11.0,9.0,13.0,4.0,12.0,5.0
9576454,2021-2022,36.0,2022-05-08 13:00:00,Emirates Stadium,Chris Kavanagh,60108.0,Arsenal,Leeds United,Home,2,1,1,3,Win,1,0,0,9.0,26.0,556.0,7.0,63.0,,3.0,1.0,2.0,2.0,8.0,12.0,15.0,53.0,89.0,13.0,1.0,0.0,5.0,621.0,8.0,9.0,9.0,15.0,19.0,4.0,16.0,10.0
9576454,2021-2022,36.0,2022-05-08 13:00:00,Emirates Stadium,Chris Kavanagh,60108.0,Leeds United,Arsenal,Away,1,2,-1,0,Loss,0,0,1,1.0,23.0,285.0,8.0,37.0,,2.0,1.0,1.0,1.0,2.0,7.0,2.0,47.0,20.0,15.0,7.0,0.0,2.0,364.0,0.0,2.0,24.0,2.0,3.0,1.0,24.0,15.0
9576340,2021-2022,36.0,2022-05-08 15:30:00,Etihad Stadium,Stuart Attwell,53336.0,Manchester City,Newcastle United,Home,5,0,5,3,Win,1,0,0,4.0,27.0,645.0,21.0,71.0,,8.0,3.0,5.0,4.0,8.0,12.0,9.0,53.0,66.0,6.0,3.0,0.0,5.0,712.0,8.0,9.0,10.0,14.0,21.0,7.0,8.0,5.0
9576340,2021-2022,36.0,2022-05-08 15:30:00,Etihad Stadium,Stuart Attwell,53336.0,Newcastle United,Manchester City,Away,0,5,-5,0,Loss,0,0,1,3.0,27.0,216.0,12.0,29.0,,3.0,3.0,0.0,1.0,2.0,3.0,6.0,47.0,38.0,11.0,4.0,0.0,7.0,281.0,3.0,3.0,21.0,5.0,7.0,2.0,19.0,9.0
10236821,2021-2022,33.0,2022-05-10 19:00:00,Villa Park,Jonathan Moss,41919.0,Aston Villa,Liverpool,Home,1,2,-1,0,Loss,0,0,1,4.0,27.0,259.0,12.0,39.0,,3.0,2.0,1.0,0.0,2.0,9.0,12.0,48.0,44.0,10.0,3.0,0.0,12.0,343.0,5.0,4.0,15.0,7.0,9.0,2.0,12.0,7.0
10236821,2021-2022,33.0,2022-05-10 19:00:00,Villa Park,Jonathan Moss,41919.0,Liverpool,Aston Villa,Away,2,1,1,3,Win,1,0,0,5.0,42.0,441.0,10.0,61.0,,2.0,1.0,1.0,3.0,3.0,2.0,17.0,52.0,52.0,12.0,3.0,0.0,8.0,530.0,8.0,6.0,13.0,11.0,17.0,6.0,15.0,10.0
10236820,2021-2022,33.0,2022-05-11 18:30:00,Elland Road,Anthony Taylor,,Leeds United,Chelsea,Home,0,3,-3,0,Loss,0,0,1,3.0,19.0,298.0,10.0,32.0,,1.0,1.0,,1.0,1.0,11.0,4.0,45.0,33.0,10.0,,0.0,10.0,379.0,4.0,0.0,18.0,2.0,5.0,3.0,16.0,10.0
10236820,2021-2022,33.0,2022-05-11 18:30:00,Elland Road,Anthony Taylor,,Chelsea,Leeds United,Away,3,0,3,3,Win,1,0,0,3.0,29.0,742.0,12.0,68.0,,0.0,0.0,,3.0,4.0,9.0,15.0,55.0,71.0,14.0,,0.0,8.0,817.0,10.0,4.0,11.0,12.0,17.0,5.0,17.0,9.0
10277713,2021-2022,33.0,2022-05-11 19:15:00,Molineux Stadium,Martin Atkinson,,Wolverhampton,Manchester City,Home,1,5,-4,0,Loss,0,0,1,5.0,25.0,319.0,4.0,34.0,,0.0,0.0,0.0,1.0,6.0,12.0,10.0,49.0,27.0,2.0,0.0,0.0,8.0,383.0,3.0,3.0,12.0,5.0,7.0,2.0,16.0,9.0
10277713,2021-2022,33.0,2022-05-11 19:15:00,Molineux Stadium,Martin Atkinson,,Manchester City,Wolverhampton,Away,5,1,4,3,Win,1,0,0,1.0,47.0,721.0,11.0,66.0,,6.0,2.0,4.0,1.0,2.0,12.0,5.0,51.0,56.0,11.0,2.0,2.0,8.0,787.0,9.0,5.0,10.0,12.0,15.0,3.0,22.0,10.0
10236815,2021-2022,22.0,2022-05-12 18:45:00,Tottenham Hotspur Stadium,Paul Tierney,,Tottenham Hotspur,Arsenal,Home,3,0,3,3,Win,1,0,0,3.0,12.0,502.0,9.0,58.0,,5.0,3.0,2.0,5.0,2.0,5.0,5.0,59.0,56.0,8.0,5.0,1.0,13.0,561.0,5.0,6.0,11.0,14.0,16.0,2.0,16.0,6.0
10236815,2021-2022,22.0,2022-05-12 18:45:00,Tottenham Hotspur Stadium,Paul Tierney,,Arsenal,Tottenham Hotspur,Away,0,3,-3,0,Loss,0,0,1,1.0,11.0,351.0,9.0,42.0,,0.0,0.0,0.0,2.0,2.0,4.0,8.0,41.0,40.0,15.0,3.0,0.0,9.0,412.0,2.0,5.0,11.0,3.0,9.0,6.0,6.0,2.0
9576310,2021-2022,37.0,2022-05-15 13:00:00,London Stadium,Anthony Taylor,59972.0,West Ham United,Manchester City,Home,2,2,0,1,Draw,0,1,0,5.0,25.0,123.0,18.0,22.0,,2.0,1.0,1.0,1.0,4.0,5.0,6.0,45.0,34.0,9.0,7.0,0.0,13.0,189.0,3.0,2.0,40.0,5.0,6.0,1.0,11.0,7.0
9576310,2021-2022,37.0,2022-05-15 13:00:00,London Stadium,Anthony Taylor,59972.0,Manchester City,West Ham United,Away,2,2,0,1,Draw,0,1,0,7.0,27.0,635.0,19.0,78.0,,1.0,1.0,0.0,13.0,9.0,6.0,11.0,55.0,81.0,5.0,0.0,0.0,5.0,697.0,10.0,8.0,10.0,18.0,31.0,13.0,10.0,7.0
9576356,2021-2022,37.0,2022-05-16 19:00:00,St James' Park,Darren England,52274.0,Newcastle United,Arsenal,Home,2,0,2,3,Win,1,0,0,6.0,26.0,260.0,18.0,51.0,,3.0,2.0,1.0,5.0,12.0,10.0,13.0,59.0,47.0,11.0,2.0,0.0,8.0,325.0,7.0,4.0,17.0,10.0,16.0,6.0,18.0,13.0
9576356,2021-2022,37.0,2022-05-16 19:00:00,St James' Park,Darren England,52274.0,Arsenal,Newcastle United,Away,0,2,-2,0,Loss,0,0,1,4.0,18.0,258.0,9.0,49.0,,0.0,0.0,0.0,5.0,8.0,10.0,4.0,41.0,42.0,8.0,3.0,0.0,4.0,331.0,4.0,2.0,27.0,5.0,11.0,6.0,15.0,8.0
9576430,2021-2022,37.0,2022-05-17 18:45:00,St. Mary's Stadium,Martin Atkinson,31588.0,Southampton,Liverpool,Home,1,2,-1,0,Loss,0,0,1,1.0,21.0,226.0,15.0,29.0,,,,,2.0,1.0,8.0,4.0,45.0,45.0,6.0,3.0,0.0,8.0,300.0,0.0,2.0,39.0,1.0,4.0,3.0,15.0,9.0
9576430,2021-2022,37.0,2022-05-17 18:45:00,St. Mary's Stadium,Martin Atkinson,31588.0,Liverpool,Southampton,Away,2,1,1,3,Win,1,0,0,7.0,26.0,655.0,13.0,71.0,,,,,9.0,9.0,10.0,11.0,55.0,82.0,6.0,1.0,0.0,9.0,734.0,10.0,5.0,12.0,12.0,24.0,12.0,18.0,10.0
10236816,2021-2022,27.0,2022-05-19 19:00:00,Stamford Bridge,Stuart Attwell,31478.0,Chelsea,Leicester City,Home,1,1,0,1,Draw,0,1,0,6.0,21.0,695.0,11.0,67.0,,3.0,2.0,1.0,8.0,6.0,13.0,16.0,50.0,83.0,13.0,0.0,0.0,11.0,750.0,5.0,7.0,5.0,10.0,20.0,10.0,10.0,5.0
10236816,2021-2022,27.0,2022-05-19 19:00:00,Stamford Bridge,Stuart Attwell,31478.0,Leicester City,Chelsea,Away,1,1,0,1,Draw,0,1,0,1.0,14.0,293.0,8.0,33.0,,0.0,0.0,0.0,0.0,0.0,7.0,5.0,50.0,45.0,7.0,6.0,0.0,12.0,370.0,1.0,1.0,31.0,0.0,2.0,2.0,18.0,8.0
9576311,2021-2022,38.0,2022-05-22 15:00:00,Emirates Stadium,Andre Marriner,60201.0,Arsenal,Everton,Home,5,1,4,3,Win,1,0,0,5.0,18.0,582.0,8.0,74.0,,5.0,2.0,3.0,9.0,12.0,11.0,7.0,40.0,91.0,8.0,1.0,0.0,5.0,647.0,8.0,9.0,12.0,17.0,26.0,9.0,12.0,6.0
9576311,2021-2022,38.0,2022-05-22 15:00:00,Emirates Stadium,Andre Marriner,60201.0,Everton,Arsenal,Away,1,5,-4,0,Loss,0,0,1,1.0,18.0,152.0,15.0,26.0,,2.0,1.0,1.0,1.0,2.0,8.0,8.0,60.0,35.0,9.0,4.0,0.0,1.0,234.0,3.0,2.0,30.0,3.0,6.0,3.0,21.0,8.0
9576308,2021-2022,38.0,2022-05-22 15:00:00,Stamford Bridge,Mike Dean,32089.0,Chelsea,Watford,Home,2,1,1,3,Win,1,0,0,3.0,36.0,665.0,15.0,72.0,,4.0,2.0,2.0,5.0,3.0,14.0,6.0,55.0,82.0,9.0,2.0,1.0,9.0,734.0,6.0,8.0,12.0,12.0,19.0,7.0,32.0,16.0
9576308,2021-2022,38.0,2022-05-22 15:00:00,Stamford Bridge,Mike Dean,32089.0,Watford,Chelsea,Away,1,2,-1,0,Loss,0,0,1,4.0,21.0,209.0,9.0,28.0,,2.0,1.0,1.0,3.0,3.0,18.0,7.0,45.0,35.0,9.0,6.0,0.0,14.0,281.0,2.0,3.0,16.0,3.0,8.0,5.0,25.0,13.0
9576220,2021-2022,38.0,2022-05-22 15:00:00,Etihad Stadium,Michael Oliver,53395.0,Manchester City,Aston Villa,Home,3,2,1,3,Win,1,0,0,7.0,40.0,529.0,24.0,72.0,,3.0,1.0,2.0,9.0,13.0,12.0,15.0,59.0,70.0,5.0,0.0,0.0,5.0,601.0,10.0,5.0,9.0,18.0,24.0,6.0,11.0,5.0
9576220,2021-2022,38.0,2022-05-22 15:00:00,Etihad Stadium,Michael Oliver,53395.0,Aston Villa,Manchester City,Away,2,3,-1,0,Loss,0,0,1,2.0,24.0,163.0,18.0,28.0,,2.0,1.0,1.0,1.0,1.0,7.0,2.0,41.0,24.0,11.0,2.0,0.0,11.0,243.0,1.0,2.0,30.0,3.0,4.0,1.0,17.0,9.0
9576352,2021-2022,38.0,2022-05-22 15:00:00,Selhurst Park,Martin Atkinson,,Crystal Palace,Manchester United,Home,1,0,1,3,Win,1,0,0,4.0,19.0,238.0,8.0,38.0,,0.0,0.0,,0.0,3.0,5.0,6.0,49.0,37.0,12.0,4.0,0.0,9.0,327.0,3.0,3.0,20.0,5.0,6.0,1.0,8.0,3.0
9576352,2021-2022,38.0,2022-05-22 15:00:00,Selhurst Park,Martin Atkinson,,Manchester United,Crystal Palace,Away,0,1,-1,0,Loss,0,0,1,3.0,32.0,437.0,10.0,62.0,,1.0,1.0,,4.0,6.0,6.0,6.0,51.0,53.0,22.0,2.0,0.0,12.0,526.0,2.0,4.0,11.0,6.0,10.0,4.0,17.0,10.0
9576299,2021-2022,38.0,2022-05-22 15:00:00,Anfield,Anthony Taylor,,Liverpool,Wolverhampton,Home,3,1,2,3,Win,1,0,0,8.0,25.0,593.0,7.0,63.0,,4.0,1.0,3.0,14.0,5.0,12.0,12.0,55.0,77.0,6.0,4.0,0.0,6.0,669.0,7.0,8.0,7.0,22.0,29.0,7.0,21.0,13.0
9576299,2021-2022,38.0,2022-05-22 15:00:00,Anfield,Anthony Taylor,,Wolverhampton,Liverpool,Away,1,3,-2,0,Loss,0,0,1,1.0,42.0,323.0,4.0,37.0,,4.0,3.0,1.0,0.0,3.0,10.0,8.0,45.0,52.0,3.0,4.0,0.0,15.0,400.0,2.0,5.0,31.0,6.0,7.0,1.0,18.0,6.0
9576258,2021-2022,34.0,2022-04-23 11:30:00,Emirates Stadium,Craig Pawson,,Arsenal,Manchester United,Home,3,1,2,3,Win,1,0,0,3.0,12.0,430.0,5.0,55.0,,3.0,1.0,2.0,2.0,1.0,8.0,4.0,43.0,61.0,9.0,4.0,0.0,7.0,507.0,5.0,7.0,16.0,9.0,14.0,5.0,10.0,7.0
9576258,2021-2022,34.0,2022-04-23 11:30:00,Emirates Stadium,Craig Pawson,,Manchester United,Arsenal,Away,1,3,-2,0,Loss,0,0,1,4.0,12.0,337.0,15.0,45.0,,4.0,3.0,1.0,3.0,7.0,6.0,5.0,57.0,35.0,12.0,4.0,3.0,9.0,412.0,6.0,5.0,17.0,9.0,14.0,5.0,13.0,10.0
9576277,2021-2022,34.0,2022-04-23 14:00:00,Etihad Stadium,Kevin Friend,,Manchester City,Watford,Home,5,1,4,3,Win,1,0,0,4.0,29.0,619.0,6.0,74.0,,4.0,1.0,3.0,6.0,11.0,6.0,8.0,56.0,78.0,9.0,1.0,0.0,7.0,701.0,7.0,8.0,12.0,18.0,21.0,3.0,25.0,16.0
9576277,2021-2022,34.0,2022-04-23 14:00:00,Etihad Stadium,Kevin Friend,,Watford,Manchester City,Away,1,5,-4,0,Loss,0,0,1,3.0,17.0,180.0,4.0,26.0,,1.0,1.0,0.0,1.0,4.0,11.0,12.0,44.0,29.0,7.0,4.0,0.0,16.0,247.0,2.0,2.0,30.0,5.0,5.0,0.0,11.0,7.0
9576443,2021-2022,34.0,2022-04-24 13:00:00,Stamford Bridge,Michael Oliver,32231.0,Chelsea,West Ham United,Home,1,0,1,3,Win,1,0,0,3.0,24.0,628.0,10.0,67.0,,2.0,1.0,1.0,12.0,3.0,7.0,10.0,51.0,56.0,11.0,2.0,0.0,9.0,710.0,9.0,5.0,7.0,14.0,26.0,12.0,11.0,6.0
9576443,2021-2022,34.0,2022-04-24 13:00:00,Stamford Bridge,Michael Oliver,32231.0,West Ham United,Chelsea,Away,0,1,-1,0,Loss,0,0,1,0.0,14.0,264.0,10.0,33.0,,1.0,1.0,0.0,2.0,1.0,8.0,4.0,49.0,41.0,9.0,4.0,0.0,5.0,354.0,2.0,2.0,25.0,5.0,6.0,1.0,14.0,10.0
9576266,2021-2022,34.0,2022-04-24 15:30:00,Anfield,Stuart Attwell,,Liverpool,Everton,Home,2,0,2,3,Win,1,0,0,8.0,37.0,701.0,13.0,82.0,,2.0,,2.0,3.0,13.0,8.0,6.0,47.0,92.0,8.0,1.0,0.0,4.0,787.0,11.0,4.0,7.0,12.0,18.0,6.0,15.0,10.0
9576266,2021-2022,34.0,2022-04-24 15:30:00,Anfield,Stuart Attwell,,Everton,Liverpool,Away,0,2,-2,0,Loss,0,0,1,1.0,16.0,95.0,11.0,18.0,,0.0,,0.0,4.0,1.0,3.0,8.0,53.0,49.0,8.0,2.0,0.0,14.0,173.0,4.0,1.0,37.0,5.0,9.0,4.0,20.0,10.0
9576293,2021-2022,37.0,2022-04-28 18:45:00,Old Trafford,Mike Dean,73564.0,Manchester United,Chelsea,Home,1,1,0,1,Draw,0,1,0,2.0,28.0,272.0,15.0,35.0,,1.0,0.0,1.0,2.0,2.0,7.0,8.0,54.0,40.0,9.0,5.0,0.0,14.0,345.0,1.0,3.0,30.0,4.0,6.0,2.0,16.0,12.0
9576293,2021-2022,37.0,2022-04-28 18:45:00,Old Trafford,Mike Dean,73564.0,Chelsea,Manchester United,Away,1,1,0,1,Draw,0,1,0,5.0,31.0,556.0,12.0,65.0,,3.0,2.0,1.0,6.0,9.0,12.0,9.0,46.0,67.0,12.0,2.0,1.0,9.0,628.0,9.0,6.0,13.0,15.0,21.0,6.0,12.0,6.0
9576434,2021-2022,35.0,2022-04-30 11:30:00,St James' Park,Andre Marriner,52281.0,Newcastle United,Liverpool,Home,0,1,-1,0,Loss,0,0,1,1.0,21.0,176.0,20.0,34.0,,0.0,0.0,0.0,1.0,0.0,11.0,15.0,54.0,52.0,11.0,9.0,0.0,4.0,274.0,1.0,2.0,21.0,0.0,4.0,4.0,19.0,10.0
9576434,2021-2022,35.0,2022-04-30 11:30:00,St James' Park,Andre Marriner,52281.0,Liverpool,Newcastle United,Away,1,0,1,3,Win,1,0,0,6.0,30.0,442.0,17.0,66.0,,2.0,1.0,1.0,4.0,6.0,12.0,10.0,46.0,57.0,11.0,2.0,0.0,6.0,528.0,10.0,10.0,15.0,17.0,24.0,7.0,15.0,6.0
9576272,2021-2022,35.0,2022-04-30 16:30:00,Elland Road,Paul Tierney,35771.0,Leeds United,Manchester City,Home,0,4,-4,0,Loss,0,0,1,3.0,19.0,329.0,9.0,41.0,,2.0,2.0,0.0,4.0,3.0,6.0,5.0,45.0,36.0,13.0,2.0,0.0,3.0,421.0,1.0,2.0,12.0,7.0,7.0,0.0,29.0,13.0
9576272,2021-2022,35.0,2022-04-30 16:30:00,Elland Road,Paul Tierney,35771.0,Manchester City,Leeds United,Away,4,0,4,3,Win,1,0,0,5.0,31.0,547.0,12.0,59.0,,5.0,2.0,3.0,7.0,6.0,11.0,23.0,55.0,52.0,3.0,1.0,0.0,9.0,617.0,6.0,6.0,22.0,13.0,19.0,6.0,9.0,4.0
9576335,2021-2022,35.0,2022-05-01 13:00:00,Goodison Park,Kevin Friend,,Everton,Chelsea,Home,1,0,1,3,Win,1,0,0,2.0,14.0,116.0,12.0,22.0,,2.0,1.0,1.0,1.0,3.0,12.0,8.0,46.0,45.0,9.0,5.0,0.0,10.0,197.0,4.0,4.0,24.0,6.0,9.0,3.0,13.0,10.0
9576335,2021-2022,35.0,2022-05-01 13:00:00,Goodison Park,Kevin Friend,,Chelsea,Everton,Away,0,1,-1,0,Loss,0,0,1,8.0,16.0,637.0,12.0,78.0,,2.0,2.0,0.0,5.0,8.0,8.0,12.0,54.0,66.0,12.0,3.0,1.0,5.0,720.0,7.0,5.0,17.0,11.0,17.0,6.0,18.0,6.0
9576429,2021-2022,35.0,2022-05-01 15:30:00,London Stadium,Mike Dean,59959.0,West Ham United,Arsenal,Home,1,2,-1,0,Loss,0,0,1,4.0,28.0,503.0,15.0,57.0,,0.0,,0.0,4.0,3.0,8.0,5.0,43.0,65.0,7.0,5.0,0.0,8.0,586.0,1.0,3.0,8.0,7.0,8.0,1.0,11.0,6.0
9576429,2021-2022,35.0,2022-05-01 15:30:00,London Stadium,Mike Dean,59959.0,Arsenal,West Ham United,Away,2,1,1,3,Win,1,0,0,4.0,14.0,377.0,18.0,43.0,,1.0,,1.0,2.0,7.0,6.0,10.0,57.0,47.0,9.0,2.0,0.0,10.0,454.0,4.0,7.0,26.0,7.0,13.0,6.0,16.0,9.0
9576283,2021-2022,35.0,2022-05-02 19:00:00,Old Trafford,Chris Kavanagh,73482.0,Manchester United,Brentford,Home,3,0,3,3,Win,1,0,0,1.0,23.0,651.0,15.0,64.0,,2.0,0.0,2.0,1.0,3.0,5.0,4.0,55.0,40.0,4.0,4.0,0.0,11.0,714.0,3.0,5.0,35.0,6.0,9.0,3.0,11.0,8.0
9576283,2021-2022,35.0,2022-05-02 19:00:00,Old Trafford,Chris Kavanagh,73482.0,Brentford,Manchester United,Away,0,3,-3,0,Loss,0,0,1,5.0,21.0,309.0,10.0,36.0,,1.0,1.0,0.0,3.0,8.0,5.0,6.0,45.0,37.0,6.0,3.0,0.0,6.0,376.0,5.0,4.0,5.0,7.0,12.0,5.0,9.0,5.0
9576343,2021-2022,36.0,2022-05-07 14:00:00,Stamford Bridge,Peter Bankes,32190.0,Chelsea,Wolverhampton,Home,2,2,0,1,Draw,0,1,0,5.0,20.0,423.0,15.0,59.0,,1.0,0.0,1.0,5.0,9.0,10.0,8.0,53.0,65.0,7.0,2.0,0.0,8.0,493.0,8.0,6.0,16.0,13.0,19.0,6.0,20.0,10.0
9576343,2021-2022,36.0,2022-05-07 14:00:00,Stamford Bridge,Peter Bankes,32190.0,Wolverhampton,Chelsea,Away,2,2,0,1,Draw,0,1,0,6.0,17.0,260.0,10.0,41.0,,2.0,1.0,1.0,1.0,3.0,15.0,13.0,47.0,30.0,11.0,4.0,0.0,12.0,332.0,9.0,4.0,28.0,10.0,14.0,4.0,18.0,11.0
9576322,2021-2022,36.0,2022-05-07 16:30:00,American Express Stadium,Andy Madley,31637.0,Brighton & Hove Albion,Manchester United,Home,4,0,4,3,Win,1,0,0,5.0,20.0,293.0,9.0,42.0,,4.0,2.0,2.0,4.0,7.0,7.0,4.0,41.0,45.0,13.0,5.0,1.0,10.0,373.0,7.0,6.0,18.0,13.0,17.0,4.0,11.0,9.0
9576322,2021-2022,36.0,2022-05-07 16:30:00,American Express Stadium,Andy Madley,31637.0,Manchester United,Brighton & Hove Albion,Away,0,4,-4,0,Loss,0,0,1,5.0,27.0,445.0,13.0,58.0,,1.0,1.0,0.0,3.0,6.0,10.0,9.0,59.0,49.0,9.0,1.0,1.0,11.0,526.0,7.0,5.0,31.0,8.0,15.0,7.0,13.0,11.0
9576357,2021-2022,36.0,2022-05-07 18:45:00,Anfield,Michael Oliver,53177.0,Liverpool,Tottenham Hotspur,Home,1,1,0,1,Draw,0,1,0,10.0,32.0,530.0,15.0,65.0,,0.0,,0.0,13.0,11.0,15.0,6.0,47.0,93.0,12.0,2.0,1.0,4.0,618.0,6.0,3.0,12.0,9.0,22.0,13.0,19.0,11.0
9576357,2021-2022,36.0,2022-05-07 18:45:00,Anfield,Michael Oliver,53177.0,Tottenham Hotspur,Liverpool,Away,1,1,0,1,Draw,0,1,0,5.0,25.0,253.0,12.0,35.0,,1.0,,1.0,3.0,5.0,8.0,9.0,53.0,27.0,8.0,2.0,1.0,13.0,338.0,2.0,3.0,51.0,5.0,8.0,3.0,20.0,12.0
9576327,2021-2022,31.0,2022-04-02 16:30:00,Old Trafford,Andre Marriner,73444.0,Manchester United,Leicester City,Home,1,1,0,1,Draw,0,1,0,7.0,32.0,500.0,12.0,54.0,,1.0,0.0,1.0,1.0,6.0,6.0,13.0,46.0,63.0,13.0,2.0,0.0,9.0,582.0,5.0,5.0,12.0,10.0,11.0,1.0,10.0,6.0
9576327,2021-2022,31.0,2022-04-02 16:30:00,Old Trafford,Andre Marriner,73444.0,Leicester City,Manchester United,Away,1,1,0,1,Draw,0,1,0,4.0,19.0,417.0,8.0,46.0,,2.0,1.0,1.0,2.0,5.0,9.0,12.0,54.0,44.0,6.0,4.0,0.0,18.0,495.0,6.0,3.0,23.0,8.0,11.0,3.0,15.0,9.0
9576241,2021-2022,31.0,2022-04-04 19:00:00,Selhurst Park,Paul Tierney,25149.0,Crystal Palace,Arsenal,Home,3,0,3,3,Win,1,0,0,1.0,25.0,208.0,11.0,31.0,,3.0,0.0,3.0,0.0,0.0,10.0,9.0,54.0,48.0,11.0,3.0,0.0,10.0,293.0,1.0,5.0,16.0,3.0,6.0,3.0,18.0,8.0
9576241,2021-2022,31.0,2022-04-04 19:00:00,Selhurst Park,Paul Tierney,25149.0,Arsenal,Crystal Palace,Away,0,3,-3,0,Loss,0,0,1,3.0,14.0,557.0,10.0,69.0,,2.0,2.0,0.0,1.0,2.0,11.0,8.0,46.0,67.0,15.0,2.0,1.0,8.0,647.0,8.0,3.0,5.0,6.0,12.0,6.0,16.0,9.0
9576242,2021-2022,32.0,2022-04-09 11:30:00,Goodison Park,Jonathan Moss,,Everton,Manchester United,Home,1,0,1,3,Win,1,0,0,3.0,18.0,203.0,16.0,33.0,,0.0,0.0,,2.0,5.0,11.0,10.0,48.0,67.0,4.0,4.0,0.0,12.0,307.0,2.0,3.0,35.0,4.0,7.0,3.0,18.0,12.0
9576242,2021-2022,32.0,2022-04-09 11:30:00,Goodison Park,Jonathan Moss,,Manchester United,Everton,Away,0,1,-1,0,Loss,0,0,1,5.0,24.0,523.0,28.0,67.0,,1.0,1.0,,7.0,7.0,8.0,10.0,52.0,66.0,10.0,2.0,0.0,12.0,641.0,1.0,4.0,14.0,7.0,12.0,5.0,15.0,10.0
9576245,2021-2022,32.0,2022-04-09 14:00:00,Emirates Stadium,David Coote,60112.0,Arsenal,Brighton & Hove Albion,Home,1,2,-1,0,Loss,0,0,1,5.0,24.0,426.0,9.0,65.0,,3.0,3.0,0.0,11.0,11.0,15.0,6.0,44.0,65.0,12.0,1.0,2.0,6.0,512.0,5.0,4.0,7.0,13.0,20.0,7.0,9.0,6.0
9576245,2021-2022,32.0,2022-04-09 14:00:00,Emirates Stadium,David Coote,60112.0,Brighton & Hove Albion,Arsenal,Away,2,1,1,3,Win,1,0,0,1.0,13.0,202.0,16.0,35.0,,1.0,0.0,1.0,1.0,2.0,6.0,5.0,56.0,40.0,19.0,3.0,0.0,16.0,283.0,4.0,3.0,28.0,2.0,8.0,6.0,21.0,13.0
9576284,2021-2022,32.0,2022-04-09 14:00:00,St. Mary's Stadium,Kevin Friend,,Southampton,Chelsea,Home,0,6,-6,0,Loss,0,0,1,2.0,19.0,218.0,9.0,29.0,,1.0,1.0,0.0,3.0,2.0,18.0,3.0,37.0,34.0,11.0,8.0,0.0,10.0,292.0,0.0,1.0,15.0,2.0,4.0,2.0,18.0,11.0
9576284,2021-2022,32.0,2022-04-09 14:00:00,St. Mary's Stadium,Kevin Friend,,Chelsea,Southampton,Away,6,0,6,3,Win,1,0,0,3.0,19.0,662.0,20.0,71.0,,9.0,4.0,5.0,2.0,3.0,11.0,8.0,63.0,78.0,10.0,1.0,3.0,4.0,748.0,8.0,14.0,14.0,18.0,24.0,6.0,29.0,19.0
9576282,2021-2022,32.0,2022-04-10 15:30:00,Etihad Stadium,Anthony Taylor,53197.0,Manchester City,Liverpool,Home,2,2,0,1,Draw,0,1,0,2.0,41.0,486.0,9.0,55.0,,2.0,1.0,1.0,2.0,4.0,4.0,10.0,54.0,68.0,9.0,2.0,2.0,8.0,566.0,4.0,5.0,11.0,7.0,11.0,4.0,17.0,6.0
9576282,2021-2022,32.0,2022-04-10 15:30:00,Etihad Stadium,Anthony Taylor,53197.0,Liverpool,Manchester City,Away,2,2,0,1,Draw,0,1,0,1.0,29.0,377.0,9.0,45.0,,3.0,1.0,2.0,0.0,1.0,12.0,4.0,46.0,55.0,11.0,2.0,0.0,8.0,468.0,2.0,4.0,18.0,4.0,6.0,2.0,18.0,12.0
9576435,2021-2022,33.0,2022-04-16 14:00:00,St. Mary's Stadium,Peter Bankes,31465.0,Southampton,Arsenal,Home,1,0,1,3,Win,1,0,0,2.0,17.0,131.0,18.0,24.0,,1.0,1.0,,5.0,6.0,5.0,4.0,47.0,36.0,6.0,6.0,0.0,17.0,213.0,1.0,3.0,36.0,6.0,9.0,3.0,14.0,7.0
9576435,2021-2022,33.0,2022-04-16 14:00:00,St. Mary's Stadium,Peter Bankes,31465.0,Arsenal,Southampton,Away,0,1,-1,0,Loss,0,0,1,4.0,13.0,582.0,20.0,76.0,,1.0,1.0,,5.0,8.0,8.0,11.0,53.0,72.0,6.0,2.0,0.0,5.0,655.0,12.0,6.0,20.0,13.0,23.0,10.0,12.0,7.0
9576291,2021-2022,33.0,2022-04-16 14:00:00,Old Trafford,Andy Madley,73381.0,Manchester United,Norwich City,Home,3,2,1,3,Win,1,0,0,3.0,24.0,556.0,7.0,61.0,,1.0,0.0,1.0,6.0,6.0,6.0,18.0,51.0,65.0,8.0,2.0,0.0,10.0,623.0,5.0,9.0,11.0,12.0,20.0,8.0,16.0,11.0
9576291,2021-2022,33.0,2022-04-16 14:00:00,Old Trafford,Andy Madley,73381.0,Norwich City,Manchester United,Away,2,3,-1,0,Loss,0,0,1,3.0,28.0,313.0,8.0,39.0,,3.0,1.0,2.0,4.0,7.0,6.0,10.0,49.0,41.0,6.0,6.0,0.0,6.0,386.0,7.0,4.0,18.0,8.0,15.0,7.0,20.0,11.0
10196718,2021-2022,30.0,2022-04-19 19:00:00,Anfield,Martin Atkinson,,Liverpool,Manchester United,Home,4,0,4,3,Win,1,0,0,4.0,34.0,818.0,11.0,72.0,,4.0,2.0,2.0,3.0,9.0,16.0,7.0,49.0,89.0,3.0,1.0,0.0,10.0,897.0,6.0,5.0,6.0,11.0,14.0,3.0,15.0,11.0
10196718,2021-2022,30.0,2022-04-19 19:00:00,Anfield,Martin Atkinson,,Manchester United,Liverpool,Away,0,4,-4,0,Loss,0,0,1,2.0,14.0,260.0,9.0,28.0,,0.0,0.0,0.0,1.0,2.0,11.0,7.0,51.0,42.0,6.0,1.0,0.0,16.0,354.0,0.0,1.0,16.0,1.0,2.0,1.0,22.0,14.0
10196712,2021-2022,25.0,2022-04-20 18:45:00,Stamford Bridge,Jonathan Moss,32249.0,Chelsea,Arsenal,Home,2,4,-2,0,Loss,0,0,1,3.0,23.0,605.0,14.0,68.0,,0.0,,0.0,4.0,6.0,14.0,8.0,51.0,72.0,7.0,,0.0,10.0,704.0,5.0,2.0,5.0,9.0,11.0,2.0,23.0,13.0
10196712,2021-2022,25.0,2022-04-20 18:45:00,Stamford Bridge,Jonathan Moss,32249.0,Arsenal,Chelsea,Away,4,2,2,3,Win,1,0,0,1.0,13.0,251.0,14.0,32.0,,2.0,,2.0,3.0,1.0,12.0,7.0,49.0,42.0,6.0,,0.0,15.0,332.0,7.0,4.0,25.0,10.0,14.0,4.0,20.0,9.0
10196714,2021-2022,30.0,2022-04-20 19:00:00,Etihad Stadium,Mike Dean,52226.0,Manchester City,Brighton & Hove Albion,Home,3,0,3,3,Win,1,0,0,1.0,39.0,586.0,14.0,65.0,,1.0,,1.0,8.0,7.0,10.0,4.0,45.0,80.0,12.0,1.0,0.0,11.0,667.0,4.0,5.0,14.0,9.0,17.0,8.0,16.0,11.0
10196714,2021-2022,30.0,2022-04-20 19:00:00,Etihad Stadium,Mike Dean,52226.0,Brighton & Hove Albion,Manchester City,Away,0,3,-3,0,Loss,0,0,1,1.0,23.0,260.0,11.0,35.0,,0.0,,0.0,0.0,4.0,6.0,7.0,55.0,47.0,7.0,2.0,0.0,5.0,353.0,1.0,1.0,15.0,1.0,2.0,1.0,20.0,10.0
9576461,2021-2022,30.0,2022-03-10 19:30:00,Carrow Road,Martin Atkinson,,Norwich City,Chelsea,Home,1,3,-2,0,Loss,0,0,1,3.0,20.0,292.0,4.0,34.0,,1.0,0.0,1.0,1.0,3.0,11.0,5.0,46.0,37.0,8.0,4.0,0.0,11.0,353.0,4.0,3.0,12.0,2.0,8.0,6.0,16.0,9.0
9576461,2021-2022,30.0,2022-03-10 19:30:00,Carrow Road,Martin Atkinson,,Chelsea,Norwich City,Away,3,1,2,3,Win,1,0,0,4.0,25.0,653.0,11.0,66.0,,3.0,2.0,1.0,3.0,8.0,7.0,10.0,54.0,59.0,15.0,2.0,0.0,11.0,712.0,5.0,7.0,17.0,12.0,15.0,3.0,15.0,10.0
9576337,2021-2022,29.0,2022-03-12 12:30:00,American Express Stadium,Mike Dean,31474.0,Brighton & Hove Albion,Liverpool,Home,0,2,-2,0,Loss,0,0,1,4.0,21.0,336.0,6.0,52.0,,1.0,1.0,0.0,1.0,7.0,11.0,10.0,51.0,47.0,12.0,7.0,0.0,6.0,430.0,4.0,3.0,19.0,4.0,8.0,4.0,13.0,5.0
9576337,2021-2022,29.0,2022-03-12 12:30:00,American Express Stadium,Mike Dean,31474.0,Liverpool,Brighton & Hove Albion,Away,2,0,2,3,Win,1,0,0,5.0,36.0,313.0,7.0,48.0,,3.0,1.0,2.0,3.0,5.0,10.0,7.0,49.0,50.0,15.0,3.0,1.0,9.0,401.0,6.0,9.0,11.0,15.0,18.0,3.0,15.0,9.0
9576426,2021-2022,29.0,2022-03-12 17:30:00,Old Trafford,Jonathan Moss,73458.0,Manchester United,Tottenham Hotspur,Home,3,2,1,3,Win,1,0,0,2.0,30.0,391.0,10.0,44.0,,1.0,0.0,1.0,1.0,4.0,11.0,12.0,47.0,47.0,8.0,1.0,0.0,14.0,459.0,3.0,6.0,14.0,8.0,10.0,2.0,13.0,9.0
9576426,2021-2022,29.0,2022-03-12 17:30:00,Old Trafford,Jonathan Moss,73458.0,Tottenham Hotspur,Manchester United,Away,2,3,-1,0,Loss,0,0,1,1.0,20.0,520.0,10.0,56.0,,2.0,1.0,1.0,5.0,5.0,8.0,14.0,53.0,55.0,7.0,3.0,0.0,4.0,584.0,2.0,3.0,3.0,7.0,10.0,3.0,16.0,9.0
9576253,2021-2022,29.0,2022-03-13 14:00:00,Stamford Bridge,David Coote,40026.0,Chelsea,Newcastle United,Home,1,0,1,3,Win,1,0,0,2.0,20.0,491.0,10.0,73.0,,2.0,1.0,1.0,1.0,7.0,13.0,6.0,47.0,53.0,17.0,2.0,1.0,6.0,570.0,4.0,3.0,13.0,5.0,8.0,3.0,14.0,8.0
9576253,2021-2022,29.0,2022-03-13 14:00:00,Stamford Bridge,David Coote,40026.0,Newcastle United,Chelsea,Away,0,1,-1,0,Loss,0,0,1,3.0,20.0,130.0,15.0,27.0,,0.0,0.0,0.0,0.0,2.0,4.0,7.0,53.0,50.0,17.0,2.0,0.0,3.0,209.0,5.0,2.0,22.0,5.0,7.0,2.0,16.0,6.0
9576212,2021-2022,29.0,2022-03-13 16:30:00,Emirates Stadium,Anthony Taylor,60111.0,Arsenal,Leicester City,Home,2,0,2,3,Win,1,0,0,3.0,14.0,415.0,6.0,46.0,,3.0,2.0,1.0,9.0,2.0,6.0,6.0,53.0,58.0,8.0,3.0,1.0,11.0,481.0,4.0,8.0,15.0,16.0,21.0,5.0,15.0,9.0
9576212,2021-2022,29.0,2022-03-13 16:30:00,Emirates Stadium,Anthony Taylor,60111.0,Leicester City,Arsenal,Away,0,2,-2,0,Loss,0,0,1,3.0,32.0,494.0,8.0,54.0,,1.0,1.0,0.0,2.0,6.0,11.0,0.0,47.0,47.0,10.0,5.0,0.0,10.0,564.0,1.0,3.0,10.0,4.0,6.0,2.0,17.0,10.0
9576250,2021-2022,29.0,2022-03-14 20:00:00,Selhurst Park,Martin Atkinson,25309.0,Crystal Palace,Manchester City,Home,0,0,0,1,Draw,0,1,0,0.0,20.0,174.0,8.0,26.0,,0.0,0.0,,1.0,2.0,10.0,14.0,47.0,33.0,6.0,5.0,0.0,8.0,269.0,5.0,1.0,32.0,6.0,7.0,1.0,16.0,9.0
9576250,2021-2022,29.0,2022-03-14 20:00:00,Selhurst Park,Martin Atkinson,25309.0,Manchester City,Crystal Palace,Away,0,0,0,1,Draw,0,1,0,6.0,37.0,663.0,22.0,74.0,,4.0,4.0,,6.0,6.0,7.0,15.0,53.0,89.0,11.0,1.0,2.0,9.0,765.0,9.0,4.0,8.0,13.0,19.0,6.0,13.0,9.0
10144875,2021-2022,27.0,2022-03-16 20:15:00,Emirates Stadium,Andre Marriner,59968.0,Arsenal,Liverpool,Home,0,2,-2,0,Loss,0,0,1,2.0,32.0,407.0,6.0,48.0,,1.0,1.0,0.0,4.0,1.0,14.0,14.0,52.0,66.0,9.0,1.0,0.0,5.0,505.0,3.0,2.0,17.0,3.0,9.0,6.0,16.0,12.0
10144875,2021-2022,27.0,2022-03-16 20:15:00,Emirates Stadium,Andre Marriner,59968.0,Liverpool,Arsenal,Away,2,0,2,3,Win,1,0,0,5.0,23.0,434.0,15.0,52.0,,1.0,0.0,1.0,4.0,6.0,11.0,4.0,48.0,50.0,9.0,2.0,0.0,11.0,528.0,2.0,3.0,15.0,7.0,9.0,2.0,16.0,8.0
9576257,2021-2022,30.0,2022-03-19 12:30:00,Villa Park,Andy Madley,,Aston Villa,Arsenal,Home,0,1,-1,0,Loss,0,0,1,5.0,14.0,374.0,5.0,47.0,,0.0,0.0,,1.0,6.0,8.0,6.0,51.0,57.0,13.0,3.0,1.0,4.0,441.0,6.0,1.0,13.0,5.0,8.0,3.0,10.0,6.0
9576257,2021-2022,30.0,2022-03-19 12:30:00,Villa Park,Andy Madley,,Arsenal,Aston Villa,Away,1,0,1,3,Win,1,0,0,2.0,26.0,449.0,6.0,53.0,,1.0,1.0,,4.0,5.0,6.0,3.0,49.0,65.0,14.0,1.0,0.0,5.0,521.0,3.0,3.0,25.0,4.0,10.0,6.0,13.0,10.0
9576236,2021-2022,31.0,2022-04-02 11:30:00,Anfield,Stuart Attwell,53104.0,Liverpool,Watford,Home,2,0,2,3,Win,1,0,0,7.0,28.0,606.0,21.0,73.0,,2.0,0.0,2.0,7.0,9.0,11.0,6.0,54.0,83.0,9.0,2.0,0.0,7.0,716.0,10.0,3.0,3.0,12.0,20.0,8.0,23.0,13.0
9576236,2021-2022,31.0,2022-04-02 11:30:00,Anfield,Stuart Attwell,53104.0,Watford,Liverpool,Away,0,2,-2,0,Loss,0,0,1,2.0,14.0,166.0,13.0,27.0,,2.0,2.0,0.0,1.0,3.0,14.0,5.0,46.0,40.0,8.0,1.0,0.0,14.0,263.0,2.0,2.0,23.0,4.0,5.0,1.0,23.0,8.0
9576306,2021-2022,31.0,2022-04-02 14:00:00,Turf Moor,Craig Pawson,20388.0,Burnley,Manchester City,Home,0,2,-2,0,Loss,0,0,1,2.0,26.0,159.0,20.0,23.0,,0.0,0.0,,0.0,1.0,6.0,3.0,52.0,35.0,11.0,4.0,0.0,7.0,235.0,2.0,1.0,22.0,2.0,3.0,1.0,11.0,10.0
9576306,2021-2022,31.0,2022-04-02 14:00:00,Turf Moor,Craig Pawson,20388.0,Manchester City,Burnley,Away,2,0,2,3,Win,1,0,0,3.0,47.0,693.0,13.0,77.0,,1.0,1.0,,3.0,8.0,7.0,3.0,48.0,83.0,6.0,1.0,1.0,4.0,778.0,9.0,6.0,5.0,13.0,18.0,5.0,7.0,4.0
9576238,2021-2022,31.0,2022-04-02 14:00:00,Stamford Bridge,Andy Madley,39061.0,Chelsea,Brentford,Home,1,4,-3,0,Loss,0,0,1,6.0,36.0,582.0,13.0,71.0,,2.0,2.0,0.0,4.0,12.0,12.0,10.0,43.0,61.0,11.0,2.0,0.0,6.0,641.0,9.0,8.0,14.0,12.0,21.0,9.0,9.0,7.0
9576238,2021-2022,31.0,2022-04-02 14:00:00,Stamford Bridge,Andy Madley,39061.0,Brentford,Chelsea,Away,4,1,3,3,Win,1,0,0,6.0,21.0,187.0,19.0,29.0,,4.0,2.0,2.0,6.0,7.0,7.0,3.0,57.0,45.0,7.0,7.0,0.0,8.0,260.0,5.0,6.0,34.0,14.0,17.0,3.0,19.0,10.0
9576459,2021-2022,26.0,2022-02-19 17:30:00,Etihad Stadium,Anthony Taylor,53201.0,Manchester City,Tottenham Hotspur,Home,2,3,-1,0,Loss,0,0,1,9.0,19.0,688.0,13.0,71.0,,2.0,0.0,2.0,6.0,10.0,5.0,12.0,60.0,105.0,5.0,2.0,1.0,9.0,755.0,11.0,4.0,2.0,16.0,21.0,5.0,13.0,10.0
9576459,2021-2022,26.0,2022-02-19 17:30:00,Etihad Stadium,Anthony Taylor,53201.0,Tottenham Hotspur,Manchester City,Away,3,2,1,3,Win,1,0,0,3.0,24.0,242.0,9.0,29.0,,4.0,1.0,3.0,0.0,0.0,5.0,2.0,40.0,23.0,7.0,2.0,0.0,7.0,308.0,1.0,5.0,37.0,4.0,6.0,2.0,13.0,7.0
9576301,2021-2022,26.0,2022-02-20 14:00:00,Elland Road,Paul Tierney,,Leeds United,Manchester United,Home,2,4,-2,0,Loss,0,0,1,2.0,16.0,320.0,4.0,55.0,,1.0,0.0,1.0,4.0,3.0,8.0,8.0,50.0,51.0,13.0,5.0,0.0,17.0,409.0,6.0,6.0,16.0,10.0,16.0,6.0,24.0,12.0
9576301,2021-2022,26.0,2022-02-20 14:00:00,Elland Road,Paul Tierney,,Manchester United,Leeds United,Away,4,2,2,3,Win,1,0,0,3.0,19.0,247.0,7.0,45.0,,4.0,2.0,2.0,4.0,3.0,14.0,15.0,50.0,39.0,19.0,4.0,0.0,10.0,340.0,2.0,9.0,12.0,11.0,15.0,4.0,19.0,10.0
10114693,2021-2022,19.0,2022-02-23 19:45:00,Anfield,Michael Oliver,,Liverpool,Leeds United,Home,6,0,6,3,Win,1,0,0,5.0,37.0,583.0,9.0,64.0,,8.0,2.0,6.0,3.0,4.0,9.0,20.0,55.0,71.0,5.0,2.0,0.0,12.0,672.0,5.0,15.0,8.0,16.0,23.0,7.0,8.0,3.0
10114693,2021-2022,19.0,2022-02-23 19:45:00,Anfield,Michael Oliver,,Leeds United,Liverpool,Away,0,6,-6,0,Loss,0,0,1,0.0,21.0,280.0,1.0,36.0,,0.0,0.0,0.0,0.0,0.0,7.0,11.0,45.0,39.0,11.0,8.0,0.0,15.0,378.0,1.0,2.0,9.0,1.0,3.0,2.0,21.0,10.0
10114694,2021-2022,20.0,2022-02-24 19:45:00,Emirates Stadium,Martin Atkinson,59888.0,Arsenal,Wolverhampton,Home,2,1,1,3,Win,1,0,0,5.0,23.0,421.0,11.0,56.0,,2.0,1.0,1.0,10.0,5.0,12.0,18.0,49.0,76.0,8.0,1.0,1.0,4.0,508.0,11.0,5.0,9.0,20.0,26.0,6.0,12.0,6.0
10114694,2021-2022,20.0,2022-02-24 19:45:00,Emirates Stadium,Martin Atkinson,59888.0,Wolverhampton,Arsenal,Away,1,2,-1,0,Loss,0,0,1,2.0,22.0,303.0,12.0,44.0,,3.0,2.0,1.0,0.0,4.0,6.0,9.0,51.0,33.0,9.0,4.0,0.0,16.0,407.0,4.0,2.0,23.0,5.0,6.0,1.0,21.0,15.0
9576199,2021-2022,27.0,2022-02-26 15:00:00,Old Trafford,Kevin Friend,,Manchester United,Watford,Home,0,0,0,1,Draw,0,1,0,14.0,36.0,574.0,21.0,67.0,,4.0,4.0,,7.0,4.0,13.0,10.0,55.0,77.0,2.0,2.0,1.0,6.0,676.0,12.0,3.0,4.0,14.0,22.0,8.0,20.0,12.0
9576199,2021-2022,27.0,2022-02-26 15:00:00,Old Trafford,Kevin Friend,,Watford,Manchester United,Away,0,0,0,1,Draw,0,1,0,3.0,28.0,236.0,10.0,33.0,,0.0,0.0,,3.0,3.0,11.0,13.0,45.0,52.0,7.0,3.0,0.0,22.0,335.0,5.0,2.0,28.0,4.0,10.0,6.0,22.0,12.0
9576231,2021-2022,27.0,2022-02-26 17:30:00,Goodison Park,Paul Tierney,,Everton,Manchester City,Home,0,1,-1,0,Loss,0,0,1,0.0,18.0,244.0,7.0,33.0,,1.0,1.0,0.0,1.0,3.0,13.0,9.0,47.0,36.0,7.0,7.0,0.0,7.0,320.0,3.0,2.0,27.0,4.0,6.0,2.0,22.0,10.0
9576231,2021-2022,27.0,2022-02-26 17:30:00,Goodison Park,Paul Tierney,,Manchester City,Everton,Away,1,0,1,3,Win,1,0,0,3.0,21.0,597.0,17.0,67.0,,3.0,2.0,1.0,2.0,4.0,18.0,17.0,53.0,61.0,14.0,2.0,0.0,12.0,676.0,3.0,8.0,14.0,8.0,13.0,5.0,17.0,8.0
9576418,2021-2022,28.0,2022-03-05 15:00:00,Turf Moor,Andre Marriner,,Burnley,Chelsea,Home,0,4,-4,0,Loss,0,0,1,2.0,17.0,194.0,15.0,27.0,,1.0,1.0,0.0,3.0,5.0,6.0,4.0,51.0,57.0,12.0,1.0,0.0,9.0,285.0,2.0,1.0,13.0,4.0,6.0,2.0,25.0,11.0
9576418,2021-2022,28.0,2022-03-05 15:00:00,Turf Moor,Andre Marriner,,Chelsea,Burnley,Away,4,0,4,3,Win,1,0,0,2.0,31.0,712.0,15.0,73.0,,3.0,0.0,3.0,6.0,2.0,13.0,9.0,49.0,53.0,7.0,0.0,0.0,4.0,790.0,0.0,5.0,15.0,5.0,11.0,6.0,14.0,9.0
9576292,2021-2022,28.0,2022-03-05 17:30:00,Anfield,Jonathan Moss,,Liverpool,West Ham United,Home,1,0,1,3,Win,1,0,0,3.0,30.0,619.0,21.0,69.0,,2.0,1.0,1.0,7.0,4.0,10.0,9.0,53.0,86.0,7.0,4.0,0.0,5.0,715.0,10.0,5.0,10.0,11.0,22.0,11.0,11.0,6.0
9576292,2021-2022,28.0,2022-03-05 17:30:00,Anfield,Jonathan Moss,,West Ham United,Liverpool,Away,0,1,-1,0,Loss,0,0,1,4.0,33.0,231.0,14.0,31.0,,2.0,2.0,0.0,3.0,6.0,3.0,6.0,47.0,44.0,7.0,4.0,0.0,18.0,316.0,5.0,5.0,24.0,10.0,13.0,3.0,16.0,8.0
9576302,2021-2022,28.0,2022-03-06 14:00:00,Vicarage Road,Craig Pawson,21142.0,Watford,Arsenal,Home,2,3,-1,0,Loss,0,0,1,2.0,23.0,326.0,31.0,43.0,,2.0,1.0,1.0,3.0,1.0,12.0,13.0,63.0,64.0,5.0,1.0,0.0,16.0,428.0,3.0,7.0,17.0,7.0,13.0,6.0,17.0,6.0
9576302,2021-2022,28.0,2022-03-06 14:00:00,Vicarage Road,Craig Pawson,21142.0,Arsenal,Watford,Away,3,2,1,3,Win,1,0,0,3.0,20.0,469.0,9.0,57.0,,0.0,0.0,0.0,3.0,5.0,11.0,8.0,37.0,63.0,12.0,5.0,1.0,18.0,556.0,9.0,4.0,15.0,11.0,16.0,5.0,20.0,13.0
9576215,2021-2022,28.0,2022-03-06 16:30:00,Etihad Stadium,Michael Oliver,53165.0,Manchester City,Manchester United,Home,4,1,3,3,Win,1,0,0,4.0,33.0,701.0,4.0,69.0,,4.0,2.0,2.0,8.0,9.0,4.0,16.0,53.0,56.0,10.0,2.0,1.0,11.0,754.0,6.0,10.0,8.0,20.0,24.0,4.0,13.0,8.0
9576215,2021-2022,28.0,2022-03-06 16:30:00,Etihad Stadium,Michael Oliver,53165.0,Manchester United,Manchester City,Away,1,4,-3,0,Loss,0,0,1,0.0,20.0,276.0,8.0,31.0,,1.0,1.0,0.0,2.0,3.0,4.0,9.0,47.0,35.0,14.0,6.0,0.0,11.0,331.0,1.0,2.0,20.0,4.0,5.0,1.0,16.0,7.0
9576332,2021-2022,23.0,2022-01-23 14:00:00,Selhurst Park,Kevin Friend,25002.0,Crystal Palace,Liverpool,Home,1,3,-2,0,Loss,0,0,1,1.0,26.0,328.0,20.0,43.0,,3.0,2.0,1.0,0.0,2.0,7.0,6.0,55.0,49.0,12.0,4.0,0.0,10.0,431.0,3.0,5.0,25.0,6.0,8.0,2.0,13.0,8.0
9576332,2021-2022,23.0,2022-01-23 14:00:00,Selhurst Park,Kevin Friend,25002.0,Liverpool,Crystal Palace,Away,3,1,2,3,Win,1,0,0,4.0,35.0,465.0,16.0,57.0,,2.0,0.0,2.0,1.0,5.0,7.0,6.0,45.0,75.0,10.0,4.0,0.0,9.0,576.0,6.0,7.0,11.0,7.0,14.0,7.0,7.0,6.0
9576334,2021-2022,23.0,2022-01-23 16:30:00,Stamford Bridge,Paul Tierney,40020.0,Chelsea,Tottenham Hotspur,Home,2,0,2,3,Win,1,0,0,6.0,24.0,526.0,13.0,65.0,,1.0,1.0,,3.0,10.0,7.0,6.0,51.0,59.0,17.0,3.0,0.0,10.0,606.0,5.0,7.0,12.0,9.0,15.0,6.0,15.0,11.0
9576334,2021-2022,23.0,2022-01-23 16:30:00,Stamford Bridge,Paul Tierney,40020.0,Tottenham Hotspur,Chelsea,Away,0,2,-2,0,Loss,0,0,1,1.0,15.0,267.0,8.0,35.0,,0.0,0.0,,1.0,3.0,10.0,8.0,49.0,50.0,14.0,5.0,0.0,12.0,341.0,2.0,3.0,26.0,4.0,6.0,2.0,14.0,7.0
9576359,2021-2022,24.0,2022-02-08 20:00:00,Turf Moor,Mike Dean,21233.0,Burnley,Manchester United,Home,1,1,0,1,Draw,0,1,0,4.0,15.0,193.0,11.0,36.0,,1.0,0.0,1.0,1.0,2.0,10.0,7.0,51.0,40.0,11.0,4.0,0.0,7.0,288.0,5.0,3.0,28.0,4.0,9.0,5.0,25.0,14.0
9576359,2021-2022,24.0,2022-02-08 20:00:00,Turf Moor,Mike Dean,21233.0,Manchester United,Burnley,Away,1,1,0,1,Draw,0,1,0,4.0,32.0,422.0,22.0,64.0,,1.0,1.0,0.0,12.0,10.0,14.0,4.0,49.0,48.0,10.0,2.0,0.0,1.0,518.0,5.0,5.0,16.0,16.0,22.0,6.0,15.0,11.0
9576326,2021-2022,24.0,2022-02-09 19:45:00,Etihad Stadium,Darren England,51658.0,Manchester City,Brentford,Home,2,0,2,3,Win,1,0,0,4.0,29.0,627.0,19.0,76.0,,3.0,2.0,1.0,2.0,9.0,3.0,9.0,61.0,91.0,7.0,2.0,0.0,8.0,709.0,6.0,7.0,7.0,11.0,15.0,4.0,7.0,5.0
9576326,2021-2022,24.0,2022-02-09 19:45:00,Etihad Stadium,Darren England,51658.0,Brentford,Manchester City,Away,0,2,-2,0,Loss,0,0,1,3.0,15.0,135.0,8.0,24.0,,1.0,1.0,0.0,2.0,3.0,2.0,3.0,39.0,39.0,13.0,5.0,0.0,11.0,227.0,2.0,2.0,30.0,4.0,6.0,2.0,13.0,8.0
9576290,2021-2022,24.0,2022-02-10 19:45:00,Molineux Stadium,Michael Oliver,31523.0,Wolverhampton,Arsenal,Home,0,1,-1,0,Loss,0,0,1,10.0,26.0,393.0,17.0,58.0,,0.0,0.0,0.0,4.0,7.0,3.0,10.0,52.0,58.0,12.0,1.0,0.0,17.0,481.0,7.0,4.0,13.0,9.0,15.0,6.0,12.0,5.0
9576290,2021-2022,24.0,2022-02-10 19:45:00,Molineux Stadium,Michael Oliver,31523.0,Arsenal,Wolverhampton,Away,1,0,1,3,Win,1,0,0,4.0,11.0,272.0,14.0,42.0,,2.0,1.0,1.0,7.0,4.0,8.0,5.0,48.0,54.0,13.0,4.0,0.0,7.0,356.0,3.0,2.0,35.0,8.0,12.0,4.0,17.0,10.0
9576289,2021-2022,24.0,2022-02-10 19:45:00,Anfield,Chris Kavanagh,53050.0,Liverpool,Leicester City,Home,2,0,2,3,Win,1,0,0,5.0,27.0,563.0,24.0,65.0,,4.0,2.0,2.0,4.0,7.0,9.0,18.0,56.0,81.0,11.0,1.0,1.0,20.0,665.0,7.0,11.0,15.0,16.0,22.0,6.0,18.0,11.0
9576289,2021-2022,24.0,2022-02-10 19:45:00,Anfield,Chris Kavanagh,53050.0,Leicester City,Liverpool,Away,0,2,-2,0,Loss,0,0,1,1.0,25.0,257.0,10.0,35.0,,1.0,1.0,0.0,1.0,6.0,12.0,8.0,44.0,41.0,7.0,9.0,0.0,12.0,362.0,3.0,1.0,35.0,3.0,5.0,2.0,23.0,9.0
9576432,2021-2022,25.0,2022-02-12 12:30:00,Old Trafford,Stuart Attwell,73084.0,Manchester United,Southampton,Home,1,1,0,1,Draw,0,1,0,2.0,39.0,382.0,18.0,52.0,,4.0,3.0,1.0,2.0,1.0,7.0,10.0,50.0,61.0,12.0,3.0,0.0,6.0,469.0,2.0,8.0,13.0,11.0,12.0,1.0,14.0,7.0
9576432,2021-2022,25.0,2022-02-12 12:30:00,Old Trafford,Stuart Attwell,73084.0,Southampton,Manchester United,Away,1,1,0,1,Draw,0,1,0,0.0,17.0,347.0,12.0,48.0,,1.0,1.0,0.0,3.0,4.0,6.0,12.0,50.0,38.0,13.0,6.0,0.0,19.0,430.0,6.0,4.0,14.0,6.0,13.0,7.0,17.0,10.0
9576309,2021-2022,25.0,2022-02-12 17:30:00,Carrow Road,Andre Marriner,27010.0,Norwich City,Manchester City,Home,0,4,-4,0,Loss,0,0,1,4.0,14.0,212.0,13.0,29.0,,0.0,0.0,0.0,1.0,4.0,1.0,6.0,49.0,30.0,7.0,5.0,1.0,6.0,281.0,4.0,3.0,29.0,7.0,8.0,1.0,11.0,6.0
9576309,2021-2022,25.0,2022-02-12 17:30:00,Carrow Road,Andre Marriner,27010.0,Manchester City,Norwich City,Away,4,0,4,3,Win,1,0,0,4.0,41.0,640.0,12.0,71.0,,6.0,4.0,2.0,5.0,12.0,8.0,16.0,51.0,84.0,8.0,3.0,2.0,11.0,707.0,8.0,9.0,9.0,18.0,22.0,4.0,5.0,3.0
9576300,2021-2022,25.0,2022-02-13 14:00:00,Turf Moor,Martin Atkinson,21239.0,Burnley,Liverpool,Home,0,1,-1,0,Loss,0,0,1,2.0,23.0,198.0,12.0,33.0,,2.0,2.0,0.0,0.0,5.0,10.0,12.0,49.0,62.0,7.0,3.0,0.0,19.0,303.0,3.0,5.0,22.0,5.0,8.0,3.0,14.0,12.0
9576300,2021-2022,25.0,2022-02-13 14:00:00,Turf Moor,Martin Atkinson,21239.0,Liverpool,Burnley,Away,1,0,1,3,Win,1,0,0,2.0,41.0,530.0,16.0,67.0,,4.0,3.0,1.0,3.0,8.0,8.0,12.0,51.0,74.0,6.0,5.0,0.0,6.0,643.0,5.0,4.0,21.0,8.0,12.0,4.0,11.0,3.0
10098608,2021-2022,18.0,2022-02-15 20:15:00,Old Trafford,Peter Bankes,,Manchester United,Brighton & Hove Albion,Home,2,0,2,3,Win,1,0,0,4.0,30.0,418.0,14.0,50.0,,5.0,4.0,1.0,8.0,10.0,11.0,18.0,62.0,51.0,8.0,3.0,0.0,8.0,512.0,4.0,7.0,14.0,7.0,19.0,12.0,18.0,10.0
10098608,2021-2022,18.0,2022-02-15 20:15:00,Old Trafford,Peter Bankes,,Brighton & Hove Albion,Manchester United,Away,0,2,-2,0,Loss,0,0,1,4.0,27.0,435.0,6.0,50.0,,3.0,3.0,0.0,1.0,2.0,9.0,5.0,38.0,54.0,10.0,5.0,1.0,22.0,516.0,6.0,3.0,17.0,5.0,10.0,5.0,17.0,7.0
9576227,2021-2022,26.0,2022-02-19 15:00:00,Emirates Stadium,Jonathan Moss,,Arsenal,Brentford,Home,2,1,1,3,Win,1,0,0,10.0,24.0,482.0,11.0,66.0,,1.0,1.0,0.0,8.0,14.0,9.0,7.0,43.0,72.0,10.0,1.0,0.0,8.0,562.0,8.0,8.0,7.0,17.0,24.0,7.0,14.0,11.0
9576227,2021-2022,26.0,2022-02-19 15:00:00,Emirates Stadium,Jonathan Moss,,Brentford,Arsenal,Away,1,2,-1,0,Loss,0,0,1,1.0,20.0,213.0,17.0,34.0,,1.0,0.0,1.0,3.0,0.0,9.0,6.0,57.0,39.0,5.0,5.0,0.0,12.0,294.0,1.0,2.0,45.0,3.0,6.0,3.0,14.0,6.0
9576211,2021-2022,26.0,2022-02-19 15:00:00,Selhurst Park,David Coote,25109.0,Crystal Palace,Chelsea,Home,0,1,-1,0,Loss,0,0,1,4.0,27.0,296.0,9.0,43.0,,1.0,1.0,,2.0,4.0,7.0,8.0,59.0,45.0,4.0,2.0,0.0,10.0,373.0,5.0,0.0,18.0,5.0,7.0,2.0,22.0,14.0
9576211,2021-2022,26.0,2022-02-19 15:00:00,Selhurst Park,David Coote,25109.0,Chelsea,Crystal Palace,Away,1,0,1,3,Win,1,0,0,2.0,33.0,428.0,9.0,57.0,,2.0,2.0,,3.0,4.0,13.0,10.0,41.0,54.0,20.0,0.0,0.0,8.0,518.0,3.0,3.0,16.0,5.0,9.0,4.0,17.0,8.0
9576421,2021-2022,26.0,2022-02-19 15:00:00,Anfield,Mike Dean,,Liverpool,Norwich City,Home,3,1,2,3,Win,1,0,0,4.0,24.0,623.0,17.0,69.0,,6.0,3.0,3.0,10.0,8.0,7.0,18.0,55.0,97.0,7.0,0.0,0.0,7.0,697.0,11.0,8.0,12.0,16.0,29.0,13.0,14.0,5.0
9576421,2021-2022,26.0,2022-02-19 15:00:00,Anfield,Mike Dean,,Norwich City,Liverpool,Away,1,3,-2,0,Loss,0,0,1,2.0,21.0,220.0,13.0,31.0,,1.0,1.0,0.0,1.0,4.0,8.0,9.0,45.0,29.0,8.0,4.0,0.0,13.0,308.0,4.0,1.0,39.0,3.0,6.0,3.0,19.0,9.0
9576392,2021-2022,21.0,2022-01-02 16:30:00,Stamford Bridge,Anthony Taylor,40072.0,Chelsea,Liverpool,Home,2,2,0,1,Draw,0,1,0,5.0,37.0,473.0,10.0,55.0,,2.0,1.0,1.0,4.0,6.0,8.0,13.0,56.0,66.0,5.0,4.0,0.0,17.0,574.0,5.0,6.0,16.0,9.0,15.0,6.0,19.0,11.0
9576392,2021-2022,21.0,2022-01-02 16:30:00,Stamford Bridge,Anthony Taylor,40072.0,Liverpool,Chelsea,Away,2,2,0,1,Draw,0,1,0,4.0,23.0,355.0,17.0,45.0,,3.0,1.0,2.0,2.0,7.0,10.0,10.0,44.0,72.0,13.0,4.0,0.0,10.0,463.0,2.0,6.0,20.0,7.0,10.0,3.0,12.0,5.0
9576123,2021-2022,21.0,2022-01-03 17:30:00,Old Trafford,Mike Dean,,Manchester United,Wolverhampton,Home,0,1,-1,0,Loss,0,0,1,3.0,26.0,391.0,13.0,51.0,,1.0,1.0,,3.0,3.0,7.0,14.0,53.0,60.0,9.0,5.0,1.0,12.0,488.0,4.0,2.0,14.0,4.0,9.0,5.0,17.0,10.0
9576123,2021-2022,21.0,2022-01-03 17:30:00,Old Trafford,Mike Dean,,Wolverhampton,Manchester United,Away,1,0,1,3,Win,1,0,0,6.0,31.0,372.0,12.0,49.0,,0.0,0.0,,6.0,8.0,5.0,12.0,47.0,52.0,8.0,2.0,1.0,9.0,457.0,7.0,6.0,18.0,8.0,19.0,11.0,13.0,7.0
9576278,2021-2022,22.0,2022-01-15 12:30:00,Etihad Stadium,Craig Pawson,53319.0,Manchester City,Chelsea,Home,1,0,1,3,Win,1,0,0,3.0,34.0,498.0,16.0,56.0,,1.0,1.0,,2.0,9.0,13.0,16.0,50.0,43.0,11.0,1.0,0.0,3.0,579.0,3.0,6.0,8.0,8.0,11.0,3.0,8.0,5.0
9576278,2021-2022,22.0,2022-01-15 12:30:00,Etihad Stadium,Craig Pawson,53319.0,Chelsea,Manchester City,Away,0,1,-1,0,Loss,0,0,1,2.0,11.0,388.0,6.0,44.0,,1.0,1.0,,1.0,1.0,5.0,7.0,50.0,43.0,6.0,5.0,0.0,11.0,459.0,2.0,1.0,24.0,2.0,4.0,2.0,22.0,13.0
9576274,2021-2022,22.0,2022-01-15 17:30:00,Villa Park,David Coote,,Aston Villa,Manchester United,Home,2,2,0,1,Draw,0,1,0,6.0,16.0,454.0,14.0,55.0,,2.0,0.0,2.0,0.0,3.0,17.0,13.0,53.0,52.0,8.0,4.0,0.0,12.0,540.0,4.0,9.0,16.0,11.0,13.0,2.0,17.0,13.0
9576274,2021-2022,22.0,2022-01-15 17:30:00,Villa Park,David Coote,,Manchester United,Aston Villa,Away,2,2,0,1,Draw,0,1,0,4.0,23.0,368.0,12.0,45.0,,2.0,1.0,1.0,3.0,6.0,12.0,7.0,47.0,27.0,13.0,7.0,0.0,15.0,451.0,4.0,6.0,19.0,8.0,13.0,5.0,23.0,11.0
9576342,2021-2022,22.0,2022-01-16 14:00:00,Anfield,Jonathan Moss,52824.0,Liverpool,Brentford,Home,3,0,3,3,Win,1,0,0,4.0,35.0,589.0,24.0,68.0,,5.0,2.0,3.0,6.0,9.0,10.0,9.0,47.0,81.0,6.0,1.0,1.0,9.0,712.0,8.0,13.0,5.0,18.0,27.0,9.0,9.0,7.0
9576342,2021-2022,22.0,2022-01-16 14:00:00,Anfield,Jonathan Moss,52824.0,Brentford,Liverpool,Away,0,3,-3,0,Loss,0,0,1,0.0,16.0,213.0,19.0,32.0,,0.0,0.0,0.0,2.0,0.0,3.0,6.0,53.0,44.0,6.0,10.0,0.0,15.0,340.0,3.0,1.0,32.0,4.0,6.0,2.0,21.0,9.0
9576438,2021-2022,24.0,2022-01-18 20:00:00,American Express Stadium,Kevin Friend,,Brighton & Hove Albion,Chelsea,Home,1,1,0,1,Draw,0,1,0,6.0,26.0,360.0,8.0,43.0,,1.0,1.0,,5.0,5.0,7.0,7.0,48.0,57.0,8.0,2.0,0.0,17.0,438.0,3.0,2.0,19.0,7.0,10.0,3.0,16.0,11.0
9576438,2021-2022,24.0,2022-01-18 20:00:00,American Express Stadium,Kevin Friend,,Chelsea,Brighton & Hove Albion,Away,1,1,0,1,Draw,0,1,0,2.0,27.0,503.0,15.0,57.0,,0.0,0.0,,7.0,7.0,8.0,4.0,52.0,53.0,5.0,1.0,0.0,10.0,579.0,5.0,3.0,26.0,7.0,15.0,8.0,14.0,7.0
10054009,2021-2022,17.0,2022-01-19 20:00:00,Brentford Community Stadium,Andre Marriner,17094.0,Brentford,Manchester United,Home,1,3,-2,0,Loss,0,0,1,4.0,22.0,291.0,17.0,44.0,,4.0,3.0,1.0,5.0,6.0,13.0,5.0,40.0,60.0,7.0,2.0,0.0,7.0,405.0,4.0,9.0,30.0,13.0,18.0,5.0,17.0,11.0
10054009,2021-2022,17.0,2022-01-19 20:00:00,Brentford Community Stadium,Andre Marriner,17094.0,Manchester United,Brentford,Away,3,1,2,3,Win,1,0,0,4.0,18.0,411.0,31.0,56.0,,4.0,1.0,3.0,6.0,9.0,8.0,14.0,60.0,62.0,9.0,8.0,1.0,12.0,519.0,2.0,5.0,35.0,7.0,13.0,6.0,19.0,12.0
9576333,2021-2022,23.0,2022-01-22 15:00:00,Old Trafford,Jonathan Moss,73130.0,Manchester United,West Ham United,Home,1,0,1,3,Win,1,0,0,3.0,22.0,453.0,20.0,57.0,,1.0,,1.0,6.0,3.0,6.0,10.0,57.0,78.0,9.0,2.0,0.0,4.0,548.0,9.0,3.0,15.0,13.0,18.0,5.0,17.0,11.0
9576333,2021-2022,23.0,2022-01-22 15:00:00,Old Trafford,Jonathan Moss,73130.0,West Ham United,Manchester United,Away,0,1,-1,0,Loss,0,0,1,1.0,24.0,308.0,15.0,43.0,,0.0,,0.0,2.0,3.0,8.0,9.0,43.0,43.0,8.0,2.0,0.0,16.0,413.0,3.0,1.0,13.0,5.0,6.0,1.0,9.0,7.0
9576439,2021-2022,23.0,2022-01-22 17:30:00,St. Mary's Stadium,Simon Hooper,,Southampton,Manchester City,Home,1,1,0,1,Draw,0,1,0,2.0,15.0,193.0,11.0,26.0,,2.0,2.0,0.0,1.0,2.0,12.0,8.0,41.0,35.0,13.0,4.0,1.0,12.0,278.0,3.0,3.0,37.0,6.0,7.0,1.0,20.0,14.0
9576439,2021-2022,23.0,2022-01-22 17:30:00,St. Mary's Stadium,Simon Hooper,,Manchester City,Southampton,Away,1,1,0,1,Draw,0,1,0,8.0,31.0,700.0,13.0,74.0,,3.0,2.0,1.0,7.0,11.0,8.0,15.0,59.0,97.0,5.0,2.0,3.0,8.0,777.0,8.0,5.0,4.0,11.0,20.0,9.0,21.0,10.0
9576297,2021-2022,23.0,2022-01-23 14:00:00,Emirates Stadium,David Coote,59255.0,Arsenal,Burnley,Home,0,0,0,1,Draw,0,1,0,3.0,36.0,564.0,17.0,76.0,,1.0,1.0,,7.0,12.0,10.0,8.0,43.0,73.0,9.0,1.0,0.0,4.0,643.0,8.0,5.0,19.0,13.0,20.0,7.0,7.0,3.0
9576297,2021-2022,23.0,2022-01-23 14:00:00,Emirates Stadium,David Coote,59255.0,Burnley,Arsenal,Away,0,0,0,1,Draw,0,1,0,1.0,19.0,137.0,25.0,24.0,,0.0,0.0,,3.0,4.0,4.0,7.0,57.0,41.0,13.0,5.0,0.0,7.0,211.0,6.0,1.0,42.0,5.0,10.0,5.0,18.0,8.0
9576378,2021-2022,18.0,2021-12-18 17:30:00,Elland Road,Andre Marriner,36166.0,Leeds United,Arsenal,Home,1,4,-3,0,Loss,0,0,1,3.0,24.0,312.0,6.0,51.0,,2.0,1.0,1.0,1.0,1.0,9.0,11.0,47.0,35.0,11.0,8.0,0.0,9.0,405.0,6.0,2.0,15.0,4.0,9.0,5.0,14.0,4.0
9576378,2021-2022,18.0,2021-12-18 17:30:00,Elland Road,Andre Marriner,36166.0,Arsenal,Leeds United,Away,4,1,3,3,Win,1,0,0,2.0,17.0,305.0,11.0,49.0,,6.0,3.0,3.0,6.0,4.0,7.0,6.0,53.0,52.0,7.0,1.0,0.0,11.0,392.0,3.0,12.0,8.0,14.0,21.0,7.0,13.0,7.0
9576096,2021-2022,18.0,2021-12-19 14:00:00,St James' Park,Martin Atkinson,52127.0,Newcastle United,Manchester City,Home,0,4,-4,0,Loss,0,0,1,2.0,23.0,215.0,12.0,28.0,,0.0,0.0,0.0,0.0,3.0,12.0,9.0,45.0,38.0,9.0,3.0,0.0,11.0,265.0,4.0,1.0,16.0,2.0,5.0,3.0,13.0,7.0
9576096,2021-2022,18.0,2021-12-19 14:00:00,St James' Park,Martin Atkinson,52127.0,Manchester City,Newcastle United,Away,4,0,4,3,Win,1,0,0,5.0,26.0,646.0,8.0,72.0,,5.0,2.0,3.0,3.0,6.0,6.0,11.0,55.0,62.0,6.0,1.0,0.0,5.0,709.0,8.0,7.0,9.0,16.0,18.0,2.0,21.0,10.0
9576254,2021-2022,18.0,2021-12-19 14:00:00,Molineux Stadium,David Coote,30631.0,Wolverhampton,Chelsea,Home,0,0,0,1,Draw,0,1,0,3.0,20.0,337.0,11.0,37.0,,1.0,1.0,,2.0,4.0,10.0,4.0,42.0,37.0,9.0,1.0,0.0,13.0,433.0,1.0,1.0,26.0,1.0,4.0,3.0,17.0,8.0
9576254,2021-2022,18.0,2021-12-19 14:00:00,Molineux Stadium,David Coote,30631.0,Chelsea,Wolverhampton,Away,0,0,0,1,Draw,0,1,0,4.0,23.0,649.0,14.0,63.0,,1.0,1.0,,6.0,9.0,8.0,14.0,58.0,69.0,7.0,1.0,0.0,16.0,739.0,1.0,1.0,18.0,6.0,8.0,2.0,16.0,9.0
9576093,2021-2022,18.0,2021-12-19 16:30:00,Tottenham Hotspur Stadium,Paul Tierney,45421.0,Tottenham Hotspur,Liverpool,Home,2,2,0,1,Draw,0,1,0,3.0,31.0,315.0,16.0,44.0,,6.0,5.0,1.0,2.0,6.0,15.0,9.0,48.0,41.0,12.0,4.0,0.0,8.0,413.0,3.0,5.0,25.0,10.0,10.0,0.0,15.0,11.0
9576093,2021-2022,18.0,2021-12-19 16:30:00,Tottenham Hotspur Stadium,Paul Tierney,45421.0,Liverpool,Tottenham Hotspur,Away,2,2,0,1,Draw,0,1,0,6.0,31.0,423.0,11.0,56.0,,1.0,0.0,1.0,6.0,4.0,9.0,6.0,52.0,64.0,11.0,3.0,0.0,11.0,519.0,6.0,6.0,15.0,11.0,18.0,7.0,25.0,13.0
9576286,2021-2022,19.0,2021-12-26 15:00:00,Carrow Road,Graham Scott,,Norwich City,Arsenal,Home,0,5,-5,0,Loss,0,0,1,1.0,20.0,228.0,10.0,35.0,,0.0,0.0,0.0,1.0,3.0,8.0,2.0,38.0,37.0,13.0,1.0,0.0,13.0,314.0,1.0,2.0,12.0,3.0,4.0,1.0,17.0,8.0
9576286,2021-2022,19.0,2021-12-26 15:00:00,Carrow Road,Graham Scott,,Arsenal,Norwich City,Away,5,0,5,3,Win,1,0,0,2.0,23.0,493.0,23.0,65.0,,3.0,1.0,2.0,6.0,4.0,8.0,11.0,62.0,67.0,7.0,2.0,0.0,8.0,585.0,4.0,6.0,9.0,11.0,16.0,5.0,13.0,11.0
9576366,2021-2022,19.0,2021-12-26 15:00:00,Etihad Stadium,Chris Kavanagh,,Manchester City,Leicester City,Home,6,3,3,3,Win,1,0,0,6.0,17.0,693.0,2.0,72.0,,5.0,1.0,4.0,5.0,14.0,8.0,16.0,45.0,49.0,11.0,5.0,1.0,3.0,736.0,3.0,9.0,9.0,12.0,17.0,5.0,7.0,3.0
9576366,2021-2022,19.0,2021-12-26 15:00:00,Etihad Stadium,Chris Kavanagh,,Leicester City,Manchester City,Away,3,6,-3,0,Loss,0,0,1,3.0,15.0,251.0,3.0,28.0,,5.0,2.0,3.0,1.0,4.0,5.0,12.0,55.0,22.0,9.0,2.0,2.0,9.0,289.0,5.0,8.0,25.0,10.0,14.0,4.0,15.0,10.0
9576381,2021-2022,19.0,2021-12-26 17:30:00,Villa Park,Martin Atkinson,41907.0,Aston Villa,Chelsea,Home,1,3,-2,0,Loss,0,0,1,1.0,16.0,382.0,7.0,42.0,,0.0,0.0,0.0,5.0,2.0,7.0,9.0,51.0,39.0,8.0,1.0,0.0,12.0,446.0,2.0,1.0,22.0,5.0,8.0,3.0,17.0,9.0
9576381,2021-2022,19.0,2021-12-26 17:30:00,Villa Park,Martin Atkinson,41907.0,Chelsea,Aston Villa,Away,3,1,2,3,Win,1,0,0,3.0,40.0,541.0,8.0,58.0,,4.0,2.0,2.0,3.0,5.0,11.0,10.0,49.0,75.0,11.0,1.0,1.0,16.0,609.0,3.0,4.0,18.0,9.0,10.0,1.0,17.0,10.0
9576182,2021-2022,19.0,2021-12-27 20:00:00,St James' Park,Craig Pawson,52178.0,Newcastle United,Manchester United,Home,1,1,0,1,Draw,0,1,0,0.0,25.0,167.0,9.0,31.0,,1.0,1.0,,2.0,2.0,9.0,12.0,46.0,43.0,11.0,2.0,1.0,17.0,259.0,3.0,8.0,20.0,5.0,13.0,8.0,18.0,10.0
9576182,2021-2022,19.0,2021-12-27 20:00:00,St James' Park,Craig Pawson,52178.0,Manchester United,Newcastle United,Away,1,1,0,1,Draw,0,1,0,6.0,30.0,455.0,16.0,69.0,,3.0,3.0,,6.0,3.0,4.0,11.0,54.0,74.0,8.0,7.0,0.0,10.0,566.0,3.0,4.0,19.0,8.0,13.0,5.0,17.0,10.0
9576144,2021-2022,20.0,2021-12-28 20:00:00,King Power Stadium,Michael Oliver,32230.0,Leicester City,Liverpool,Home,1,0,1,3,Win,1,0,0,1.0,29.0,262.0,20.0,37.0,,1.0,1.0,,3.0,1.0,8.0,8.0,52.0,26.0,8.0,4.0,0.0,31.0,358.0,2.0,1.0,38.0,5.0,6.0,1.0,17.0,9.0
9576144,2021-2022,20.0,2021-12-28 20:00:00,King Power Stadium,Michael Oliver,32230.0,Liverpool,Leicester City,Away,0,1,-1,0,Loss,0,0,1,11.0,31.0,479.0,17.0,63.0,,5.0,5.0,,5.0,12.0,9.0,11.0,48.0,103.0,11.0,0.0,1.0,15.0,587.0,12.0,4.0,6.0,17.0,21.0,4.0,15.0,10.0
9576395,2021-2022,20.0,2021-12-29 19:30:00,Stamford Bridge,Mike Dean,,Chelsea,Brighton & Hove Albion,Home,1,1,0,1,Draw,0,1,0,5.0,22.0,343.0,20.0,48.0,,,,,3.0,10.0,16.0,7.0,48.0,60.0,14.0,5.0,1.0,10.0,430.0,3.0,5.0,26.0,9.0,11.0,2.0,23.0,15.0
9576395,2021-2022,20.0,2021-12-29 19:30:00,Stamford Bridge,Mike Dean,,Brighton & Hove Albion,Chelsea,Away,1,1,0,1,Draw,0,1,0,6.0,18.0,379.0,14.0,52.0,,,,,4.0,8.0,16.0,14.0,52.0,50.0,7.0,4.0,1.0,9.0,473.0,8.0,6.0,19.0,10.0,18.0,8.0,23.0,14.0
9576192,2021-2022,20.0,2021-12-29 20:15:00,Brentford Community Stadium,David Coote,17009.0,Brentford,Manchester City,Home,0,1,-1,0,Loss,0,0,1,1.0,16.0,136.0,15.0,24.0,,0.0,,0.0,2.0,3.0,7.0,2.0,48.0,32.0,12.0,2.0,0.0,16.0,217.0,2.0,2.0,17.0,3.0,6.0,3.0,17.0,6.0
9576192,2021-2022,20.0,2021-12-29 20:15:00,Brentford Community Stadium,David Coote,17009.0,Manchester City,Brentford,Away,1,0,1,3,Win,1,0,0,3.0,26.0,634.0,18.0,76.0,,1.0,,1.0,4.0,5.0,12.0,7.0,52.0,73.0,10.0,3.0,1.0,8.0,716.0,5.0,3.0,10.0,7.0,12.0,5.0,11.0,4.0
9576112,2021-2022,20.0,2021-12-30 20:15:00,Old Trafford,Jonathan Moss,,Manchester United,Burnley,Home,3,1,2,3,Win,1,0,0,6.0,29.0,374.0,21.0,58.0,,2.0,1.0,1.0,3.0,7.0,11.0,6.0,50.0,53.0,5.0,2.0,1.0,4.0,480.0,9.0,6.0,14.0,12.0,18.0,6.0,8.0,6.0
9576112,2021-2022,20.0,2021-12-30 20:15:00,Old Trafford,Jonathan Moss,,Burnley,Manchester United,Away,1,3,-2,0,Loss,0,0,1,5.0,36.0,267.0,25.0,42.0,,1.0,1.0,0.0,3.0,5.0,4.0,1.0,50.0,54.0,10.0,4.0,0.0,6.0,348.0,4.0,3.0,23.0,9.0,10.0,1.0,14.0,7.0
9576271,2021-2022,21.0,2022-01-01 12:30:00,Emirates Stadium,Stuart Attwell,59757.0,Arsenal,Manchester City,Home,1,2,-1,0,Loss,0,0,1,1.0,22.0,179.0,5.0,29.0,,1.0,1.0,0.0,1.0,5.0,6.0,9.0,40.0,55.0,13.0,0.0,1.0,10.0,249.0,4.0,2.0,15.0,5.0,7.0,2.0,16.0,6.0
9576271,2021-2022,21.0,2022-01-01 12:30:00,Emirates Stadium,Stuart Attwell,59757.0,Manchester City,Arsenal,Away,2,1,1,3,Win,1,0,0,3.0,32.0,572.0,16.0,71.0,,3.0,1.0,2.0,7.0,5.0,8.0,10.0,60.0,64.0,5.0,1.0,0.0,2.0,644.0,6.0,2.0,23.0,8.0,15.0,7.0,14.0,7.0
9576379,2021-2022,15.0,2021-12-05 14:00:00,Old Trafford,Craig Pawson,73172.0,Manchester United,Crystal Palace,Home,1,0,1,3,Win,1,0,0,5.0,37.0,436.0,17.0,61.0,,0.0,0.0,,6.0,9.0,14.0,5.0,45.0,76.0,16.0,2.0,1.0,8.0,530.0,7.0,3.0,14.0,8.0,16.0,8.0,24.0,11.0
9576379,2021-2022,15.0,2021-12-05 14:00:00,Old Trafford,Craig Pawson,73172.0,Crystal Palace,Manchester United,Away,0,1,-1,0,Loss,0,0,1,4.0,21.0,236.0,21.0,39.0,,2.0,2.0,,3.0,6.0,20.0,6.0,55.0,36.0,9.0,2.0,0.0,8.0,331.0,3.0,2.0,22.0,4.0,8.0,4.0,23.0,15.0
9576078,2021-2022,15.0,2021-12-06 20:00:00,Goodison Park,Mike Dean,,Everton,Arsenal,Home,2,1,1,3,Win,1,0,0,4.0,22.0,228.0,16.0,36.0,,2.0,1.0,1.0,3.0,3.0,11.0,6.0,47.0,57.0,8.0,2.0,1.0,11.0,329.0,3.0,5.0,12.0,7.0,11.0,4.0,13.0,7.0
9576078,2021-2022,15.0,2021-12-06 20:00:00,Goodison Park,Mike Dean,,Arsenal,Everton,Away,1,2,-1,0,Loss,0,0,1,3.0,21.0,486.0,14.0,64.0,,1.0,1.0,0.0,3.0,3.0,12.0,11.0,53.0,60.0,12.0,3.0,1.0,10.0,588.0,4.0,3.0,13.0,8.0,10.0,2.0,19.0,4.0
9576111,2021-2022,16.0,2021-12-11 12:30:00,Etihad Stadium,Jonathan Moss,52613.0,Manchester City,Wolverhampton,Home,1,0,1,3,Win,1,0,0,8.0,33.0,679.0,10.0,71.0,,3.0,2.0,1.0,6.0,14.0,5.0,9.0,43.0,95.0,12.0,1.0,0.0,12.0,746.0,8.0,10.0,1.0,16.0,24.0,8.0,11.0,8.0
9576111,2021-2022,16.0,2021-12-11 12:30:00,Etihad Stadium,Jonathan Moss,52613.0,Wolverhampton,Manchester City,Away,0,1,-1,0,Loss,0,0,1,2.0,16.0,231.0,10.0,29.0,,0.0,0.0,0.0,0.0,1.0,3.0,11.0,57.0,18.0,5.0,8.0,0.0,17.0,310.0,1.0,1.0,29.0,2.0,2.0,0.0,14.0,9.0
9576086,2021-2022,16.0,2021-12-11 15:00:00,Emirates Stadium,Jarred Gillett,59653.0,Arsenal,Southampton,Home,3,0,3,3,Win,1,0,0,5.0,27.0,405.0,21.0,61.0,,3.0,1.0,2.0,3.0,9.0,7.0,5.0,51.0,51.0,5.0,6.0,2.0,7.0,507.0,7.0,5.0,11.0,11.0,15.0,4.0,8.0,4.0
9576086,2021-2022,16.0,2021-12-11 15:00:00,Emirates Stadium,Jarred Gillett,59653.0,Southampton,Arsenal,Away,0,3,-3,0,Loss,0,0,1,2.0,25.0,237.0,22.0,39.0,,0.0,0.0,0.0,3.0,8.0,5.0,2.0,49.0,45.0,9.0,2.0,0.0,8.0,320.0,2.0,6.0,24.0,4.0,11.0,7.0,12.0,4.0
9576139,2021-2022,16.0,2021-12-11 15:00:00,Stamford Bridge,Chris Kavanagh,39959.0,Chelsea,Leeds United,Home,3,2,1,3,Win,1,0,0,5.0,24.0,348.0,16.0,58.0,,4.0,1.0,3.0,5.0,5.0,15.0,8.0,53.0,51.0,9.0,3.0,0.0,12.0,415.0,5.0,6.0,12.0,10.0,16.0,6.0,18.0,13.0
9576139,2021-2022,16.0,2021-12-11 15:00:00,Stamford Bridge,Chris Kavanagh,39959.0,Leeds United,Chelsea,Away,2,3,-1,0,Loss,0,0,1,2.0,17.0,223.0,8.0,42.0,,2.0,0.0,2.0,6.0,2.0,10.0,10.0,47.0,39.0,15.0,3.0,0.0,9.0,304.0,1.0,5.0,13.0,8.0,12.0,4.0,23.0,11.0
9576107,2021-2022,16.0,2021-12-11 15:00:00,Anfield,Stuart Attwell,53093.0,Liverpool,Aston Villa,Home,1,0,1,3,Win,1,0,0,11.0,36.0,452.0,21.0,62.0,,4.0,3.0,1.0,7.0,11.0,12.0,10.0,50.0,73.0,13.0,0.0,1.0,10.0,551.0,8.0,5.0,19.0,15.0,20.0,5.0,17.0,8.0
9576107,2021-2022,16.0,2021-12-11 15:00:00,Anfield,Stuart Attwell,53093.0,Aston Villa,Liverpool,Away,0,1,-1,0,Loss,0,0,1,1.0,16.0,233.0,7.0,38.0,,0.0,0.0,0.0,2.0,3.0,11.0,13.0,50.0,48.0,6.0,4.0,0.0,7.0,329.0,2.0,0.0,23.0,1.0,4.0,3.0,21.0,9.0
9576179,2021-2022,16.0,2021-12-11 17:30:00,Carrow Road,Darren England,27606.0,Norwich City,Manchester United,Home,0,1,-1,0,Loss,0,0,1,5.0,27.0,341.0,15.0,47.0,,1.0,1.0,0.0,5.0,8.0,15.0,8.0,46.0,50.0,6.0,4.0,0.0,13.0,440.0,1.0,5.0,23.0,8.0,11.0,3.0,9.0,5.0
9576179,2021-2022,16.0,2021-12-11 17:30:00,Carrow Road,Darren England,27606.0,Manchester United,Norwich City,Away,1,0,1,3,Win,1,0,0,3.0,21.0,409.0,21.0,53.0,,2.0,1.0,1.0,4.0,6.0,3.0,9.0,54.0,71.0,17.0,5.0,1.0,8.0,501.0,4.0,5.0,21.0,7.0,13.0,6.0,21.0,10.0
9576407,2021-2022,17.0,2021-12-14 20:00:00,Etihad Stadium,Paul Tierney,52401.0,Manchester City,Leeds United,Home,7,0,7,3,Win,1,0,0,6.0,16.0,557.0,8.0,64.0,,4.0,3.0,1.0,7.0,6.0,1.0,17.0,60.0,53.0,5.0,3.0,0.0,9.0,608.0,9.0,15.0,12.0,17.0,31.0,14.0,12.0,5.0
9576407,2021-2022,17.0,2021-12-14 20:00:00,Etihad Stadium,Paul Tierney,52401.0,Leeds United,Manchester City,Away,0,7,-7,0,Loss,0,0,1,1.0,16.0,273.0,4.0,36.0,,0.0,0.0,0.0,1.0,2.0,9.0,8.0,40.0,21.0,9.0,8.0,1.0,7.0,338.0,2.0,3.0,13.0,2.0,6.0,4.0,15.0,8.0
9576377,2021-2022,17.0,2021-12-15 20:00:00,Emirates Stadium,Anthony Taylor,59777.0,Arsenal,West Ham United,Home,2,0,2,3,Win,1,0,0,4.0,27.0,420.0,18.0,56.0,,3.0,2.0,1.0,8.0,5.0,12.0,10.0,52.0,75.0,9.0,1.0,1.0,5.0,501.0,5.0,8.0,19.0,11.0,21.0,10.0,22.0,13.0
9576377,2021-2022,17.0,2021-12-15 20:00:00,Emirates Stadium,Anthony Taylor,59777.0,West Ham United,Arsenal,Away,0,2,-2,0,Loss,0,0,1,3.0,26.0,314.0,20.0,44.0,,0.0,0.0,0.0,3.0,2.0,17.0,9.0,48.0,36.0,9.0,6.0,0.0,11.0,387.0,3.0,1.0,21.0,2.0,7.0,5.0,18.0,14.0
9576237,2021-2022,17.0,2021-12-16 19:45:00,Stamford Bridge,Michael Oliver,39933.0,Chelsea,Everton,Home,1,1,0,1,Draw,0,1,0,8.0,17.0,698.0,18.0,80.0,,6.0,5.0,1.0,3.0,7.0,8.0,13.0,50.0,84.0,11.0,2.0,0.0,2.0,777.0,10.0,10.0,7.0,16.0,23.0,7.0,11.0,8.0
9576237,2021-2022,17.0,2021-12-16 19:45:00,Stamford Bridge,Michael Oliver,39933.0,Everton,Chelsea,Away,1,1,0,1,Draw,0,1,0,2.0,19.0,108.0,14.0,20.0,,1.0,0.0,1.0,1.0,1.0,7.0,9.0,50.0,54.0,11.0,9.0,0.0,9.0,194.0,1.0,3.0,22.0,2.0,5.0,3.0,19.0,8.0
9576393,2021-2022,17.0,2021-12-16 20:00:00,Anfield,Mike Dean,,Liverpool,Newcastle United,Home,3,1,2,3,Win,1,0,0,7.0,30.0,628.0,16.0,74.0,,5.0,3.0,2.0,6.0,11.0,19.0,8.0,45.0,87.0,9.0,2.0,0.0,9.0,738.0,9.0,8.0,3.0,16.0,23.0,7.0,12.0,9.0
9576393,2021-2022,17.0,2021-12-16 20:00:00,Anfield,Mike Dean,,Newcastle United,Liverpool,Away,1,3,-2,0,Loss,0,0,1,1.0,22.0,155.0,9.0,26.0,,0.0,0.0,0.0,0.0,0.0,8.0,6.0,55.0,38.0,4.0,6.0,0.0,22.0,258.0,2.0,3.0,28.0,0.0,5.0,5.0,24.0,20.0
9576214,2021-2022,12.0,2021-11-20 15:00:00,Vicarage Road,Jonathan Moss,,Watford,Manchester United,Home,4,1,3,3,Win,1,0,0,8.0,28.0,224.0,15.0,39.0,,3.0,2.0,1.0,7.0,8.0,6.0,4.0,47.0,68.0,7.0,2.0,0.0,12.0,335.0,6.0,7.0,13.0,15.0,20.0,5.0,22.0,13.0
9576214,2021-2022,12.0,2021-11-20 15:00:00,Vicarage Road,Jonathan Moss,,Manchester United,Watford,Away,1,4,-3,0,Loss,0,0,1,3.0,30.0,442.0,20.0,61.0,,3.0,2.0,1.0,1.0,3.0,13.0,11.0,53.0,43.0,5.0,3.0,0.0,7.0,553.0,5.0,3.0,18.0,8.0,9.0,1.0,13.0,8.0
9576276,2021-2022,12.0,2021-11-20 17:30:00,Anfield,Michael Oliver,53092.0,Liverpool,Arsenal,Home,4,0,4,3,Win,1,0,0,5.0,30.0,565.0,11.0,63.0,,5.0,1.0,4.0,7.0,6.0,3.0,9.0,46.0,52.0,15.0,3.0,0.0,4.0,639.0,3.0,9.0,9.0,16.0,19.0,3.0,14.0,8.0
9576276,2021-2022,12.0,2021-11-20 17:30:00,Anfield,Michael Oliver,53092.0,Arsenal,Liverpool,Away,0,4,-4,0,Loss,0,0,1,2.0,24.0,311.0,11.0,37.0,,0.0,0.0,0.0,2.0,1.0,8.0,9.0,54.0,48.0,12.0,5.0,0.0,8.0,384.0,0.0,3.0,18.0,3.0,5.0,2.0,18.0,6.0
9576142,2021-2022,12.0,2021-11-21 14:00:00,Etihad Stadium,Stuart Attwell,52571.0,Manchester City,Everton,Home,3,0,3,3,Win,1,0,0,3.0,26.0,807.0,15.0,77.0,,5.0,3.0,2.0,4.0,7.0,11.0,8.0,54.0,93.0,5.0,1.0,1.0,8.0,861.0,6.0,7.0,7.0,12.0,17.0,5.0,15.0,7.0
9576142,2021-2022,12.0,2021-11-21 14:00:00,Etihad Stadium,Stuart Attwell,52571.0,Everton,Manchester City,Away,0,3,-3,0,Loss,0,0,1,4.0,15.0,172.0,5.0,23.0,,0.0,0.0,0.0,3.0,1.0,7.0,10.0,46.0,25.0,7.0,4.0,0.0,6.0,247.0,0.0,1.0,17.0,3.0,4.0,1.0,18.0,7.0
9576128,2021-2022,13.0,2021-11-27 12:30:00,Emirates Stadium,Stuart Attwell,59886.0,Arsenal,Newcastle United,Home,2,0,2,3,Win,1,0,0,2.0,22.0,563.0,12.0,66.0,,5.0,4.0,1.0,6.0,4.0,8.0,15.0,62.0,78.0,6.0,5.0,1.0,3.0,646.0,12.0,6.0,12.0,14.0,24.0,10.0,14.0,8.0
9576128,2021-2022,13.0,2021-11-27 12:30:00,Emirates Stadium,Stuart Attwell,59886.0,Newcastle United,Arsenal,Away,0,2,-2,0,Loss,0,0,1,2.0,17.0,262.0,5.0,34.0,,0.0,0.0,0.0,2.0,4.0,7.0,9.0,38.0,29.0,12.0,4.0,1.0,11.0,328.0,2.0,5.0,20.0,3.0,9.0,6.0,13.0,9.0
9576204,2021-2022,13.0,2021-11-27 15:00:00,Anfield,Andre Marriner,,Liverpool,Southampton,Home,4,0,4,3,Win,1,0,0,5.0,32.0,492.0,14.0,65.0,,3.0,1.0,2.0,5.0,5.0,8.0,8.0,49.0,54.0,7.0,3.0,0.0,6.0,613.0,9.0,6.0,24.0,15.0,20.0,5.0,13.0,10.0
9576204,2021-2022,13.0,2021-11-27 15:00:00,Anfield,Andre Marriner,,Southampton,Liverpool,Away,0,4,-4,0,Loss,0,0,1,3.0,23.0,231.0,20.0,35.0,,3.0,3.0,0.0,3.0,7.0,2.0,7.0,51.0,63.0,14.0,2.0,0.0,13.0,338.0,1.0,3.0,30.0,7.0,7.0,0.0,16.0,6.0
9576424,2021-2022,13.0,2021-11-28 14:00:00,Etihad Stadium,Michael Oliver,,Manchester City,West Ham United,Home,2,1,1,3,Win,1,0,0,3.0,32.0,658.0,11.0,69.0,,4.0,3.0,1.0,4.0,8.0,7.0,6.0,45.0,76.0,7.0,2.0,2.0,5.0,728.0,6.0,9.0,11.0,13.0,19.0,6.0,15.0,8.0
9576424,2021-2022,13.0,2021-11-28 14:00:00,Etihad Stadium,Michael Oliver,,West Ham United,Manchester City,Away,1,2,-1,0,Loss,0,0,1,2.0,21.0,260.0,13.0,31.0,,0.0,0.0,0.0,1.0,4.0,9.0,11.0,55.0,45.0,6.0,6.0,0.0,11.0,330.0,1.0,3.0,18.0,1.0,5.0,4.0,16.0,13.0
9576155,2021-2022,13.0,2021-11-28 16:30:00,Stamford Bridge,Anthony Taylor,40041.0,Chelsea,Manchester United,Home,1,1,0,1,Draw,0,1,0,11.0,30.0,505.0,11.0,66.0,,2.0,1.0,1.0,8.0,15.0,10.0,8.0,48.0,46.0,13.0,1.0,1.0,12.0,586.0,10.0,6.0,6.0,17.0,24.0,7.0,16.0,11.0
9576155,2021-2022,13.0,2021-11-28 16:30:00,Stamford Bridge,Anthony Taylor,40041.0,Manchester United,Chelsea,Away,1,1,0,1,Draw,0,1,0,0.0,15.0,236.0,11.0,34.0,,1.0,0.0,1.0,0.0,2.0,6.0,9.0,52.0,35.0,14.0,5.0,0.0,9.0,318.0,1.0,2.0,38.0,1.0,3.0,2.0,21.0,15.0
9576088,2021-2022,14.0,2021-12-01 19:30:00,Vicarage Road,David Coote,,Watford,Chelsea,Home,1,2,-1,0,Loss,0,0,1,4.0,30.0,276.0,29.0,50.0,,1.0,1.0,0.0,4.0,6.0,6.0,8.0,46.0,75.0,18.0,2.0,0.0,15.0,399.0,4.0,6.0,9.0,6.0,14.0,8.0,10.0,6.0
9576088,2021-2022,14.0,2021-12-01 19:30:00,Vicarage Road,David Coote,,Chelsea,Watford,Away,2,1,1,3,Win,1,0,0,3.0,31.0,304.0,34.0,50.0,,1.0,0.0,1.0,1.0,0.0,8.0,9.0,54.0,52.0,16.0,6.0,1.0,15.0,422.0,3.0,4.0,40.0,6.0,8.0,2.0,12.0,6.0
9576400,2021-2022,14.0,2021-12-01 20:15:00,Villa Park,Mike Dean,41400.0,Aston Villa,Manchester City,Home,1,2,-1,0,Loss,0,0,1,4.0,23.0,269.0,14.0,36.0,,1.0,1.0,0.0,3.0,4.0,6.0,5.0,57.0,36.0,8.0,5.0,0.0,11.0,333.0,3.0,3.0,17.0,8.0,9.0,1.0,25.0,14.0
9576400,2021-2022,14.0,2021-12-01 20:15:00,Villa Park,Mike Dean,41400.0,Manchester City,Aston Villa,Away,2,1,1,3,Win,1,0,0,3.0,37.0,547.0,11.0,64.0,,1.0,0.0,1.0,5.0,10.0,14.0,11.0,43.0,53.0,12.0,2.0,0.0,9.0,611.0,5.0,7.0,13.0,10.0,17.0,7.0,11.0,9.0
9576367,2021-2022,14.0,2021-12-01 20:15:00,Goodison Park,Paul Tierney,,Everton,Liverpool,Home,1,4,-3,0,Loss,0,0,1,2.0,27.0,168.0,15.0,31.0,,1.0,0.0,1.0,4.0,3.0,7.0,8.0,49.0,60.0,8.0,3.0,0.0,16.0,269.0,2.0,2.0,18.0,4.0,8.0,4.0,9.0,6.0
9576367,2021-2022,14.0,2021-12-01 20:15:00,Goodison Park,Paul Tierney,,Liverpool,Everton,Away,4,1,3,3,Win,1,0,0,4.0,31.0,489.0,22.0,69.0,,6.0,3.0,3.0,4.0,11.0,2.0,8.0,51.0,68.0,16.0,1.0,0.0,9.0,599.0,5.0,7.0,14.0,10.0,16.0,6.0,15.0,11.0
9576372,2021-2022,14.0,2021-12-02 20:15:00,Old Trafford,Martin Atkinson,,Manchester United,Arsenal,Home,3,2,1,3,Win,1,0,0,2.0,20.0,354.0,22.0,45.0,,3.0,1.0,2.0,1.0,3.0,5.0,4.0,53.0,66.0,9.0,5.0,0.0,9.0,431.0,3.0,10.0,18.0,9.0,14.0,5.0,18.0,13.0
9576372,2021-2022,14.0,2021-12-02 20:15:00,Old Trafford,Martin Atkinson,,Arsenal,Manchester United,Away,2,3,-1,0,Loss,0,0,1,6.0,32.0,440.0,16.0,55.0,,1.0,1.0,0.0,4.0,8.0,13.0,14.0,47.0,37.0,10.0,7.0,1.0,9.0,526.0,5.0,8.0,14.0,12.0,17.0,5.0,10.0,6.0
9576375,2021-2022,15.0,2021-12-04 12:30:00,London Stadium,Andre Marriner,,West Ham United,Chelsea,Home,3,2,1,3,Win,1,0,0,2.0,17.0,250.0,17.0,36.0,,2.0,1.0,1.0,0.0,1.0,5.0,6.0,54.0,47.0,10.0,5.0,0.0,5.0,335.0,6.0,5.0,27.0,9.0,11.0,2.0,13.0,7.0
9576375,2021-2022,15.0,2021-12-04 12:30:00,London Stadium,Andre Marriner,,Chelsea,West Ham United,Away,2,3,-1,0,Loss,0,0,1,8.0,20.0,507.0,14.0,64.0,,1.0,0.0,1.0,8.0,9.0,7.0,9.0,46.0,54.0,10.0,1.0,0.0,6.0,588.0,4.0,7.0,9.0,12.0,19.0,7.0,6.0,5.0
9576369,2021-2022,15.0,2021-12-04 15:00:00,Molineux Stadium,Chris Kavanagh,30729.0,Wolverhampton,Liverpool,Home,0,1,-1,0,Loss,0,0,1,2.0,23.0,224.0,4.0,33.0,,0.0,0.0,0.0,0.0,2.0,10.0,10.0,53.0,37.0,4.0,3.0,0.0,10.0,320.0,2.0,1.0,29.0,1.0,3.0,2.0,21.0,10.0
9576369,2021-2022,15.0,2021-12-04 15:00:00,Molineux Stadium,Chris Kavanagh,30729.0,Liverpool,Wolverhampton,Away,1,0,1,3,Win,1,0,0,8.0,22.0,544.0,11.0,67.0,,3.0,2.0,1.0,4.0,8.0,17.0,8.0,47.0,90.0,7.0,1.0,0.0,9.0,641.0,8.0,5.0,7.0,13.0,17.0,4.0,15.0,8.0
9576089,2021-2022,15.0,2021-12-04 17:30:00,Vicarage Road,Kevin Friend,20673.0,Watford,Manchester City,Home,1,3,-2,0,Loss,0,0,1,4.0,25.0,157.0,11.0,23.0,,1.0,0.0,1.0,1.0,5.0,6.0,4.0,45.0,38.0,11.0,9.0,1.0,11.0,239.0,6.0,4.0,19.0,6.0,11.0,5.0,15.0,6.0
9576089,2021-2022,15.0,2021-12-04 17:30:00,Vicarage Road,Kevin Friend,20673.0,Manchester City,Watford,Away,3,1,2,3,Win,1,0,0,5.0,39.0,762.0,12.0,77.0,,5.0,4.0,1.0,5.0,11.0,3.0,8.0,55.0,102.0,7.0,3.0,2.0,13.0,830.0,8.0,13.0,7.0,22.0,26.0,4.0,15.0,8.0
9576113,2021-2022,9.0,2021-10-23 16:30:00,American Express Stadium,Kevin Friend,,Brighton & Hove Albion,Manchester City,Home,1,4,-3,0,Loss,0,0,1,5.0,24.0,413.0,14.0,48.0,,1.0,0.0,1.0,1.0,7.0,4.0,12.0,59.0,38.0,10.0,8.0,0.0,12.0,491.0,4.0,5.0,9.0,7.0,10.0,3.0,14.0,9.0
9576113,2021-2022,9.0,2021-10-23 16:30:00,American Express Stadium,Kevin Friend,,Manchester City,Brighton & Hove Albion,Away,4,1,3,3,Win,1,0,0,2.0,33.0,478.0,5.0,52.0,,4.0,1.0,3.0,7.0,6.0,4.0,12.0,41.0,50.0,6.0,4.0,0.0,8.0,552.0,3.0,13.0,17.0,18.0,23.0,5.0,6.0,3.0
9576117,2021-2022,9.0,2021-10-24 15:30:00,Old Trafford,Anthony Taylor,,Manchester United,Liverpool,Home,0,5,-5,0,Loss,0,0,1,6.0,20.0,334.0,14.0,37.0,,2.0,2.0,0.0,2.0,6.0,8.0,12.0,54.0,36.0,10.0,3.0,1.0,11.0,409.0,6.0,4.0,13.0,10.0,12.0,2.0,5.0,3.0
9576117,2021-2022,9.0,2021-10-24 15:30:00,Old Trafford,Anthony Taylor,,Liverpool,Manchester United,Away,5,0,5,3,Win,1,0,0,2.0,30.0,651.0,9.0,63.0,,6.0,1.0,5.0,6.0,3.0,3.0,2.0,46.0,94.0,8.0,3.0,0.0,11.0,731.0,5.0,8.0,19.0,12.0,19.0,7.0,11.0,7.0
9576470,2021-2022,10.0,2021-10-30 11:30:00,King Power Stadium,Michael Oliver,32209.0,Leicester City,Arsenal,Home,0,2,-2,0,Loss,0,0,1,5.0,31.0,541.0,15.0,64.0,,4.0,4.0,,3.0,7.0,1.0,4.0,55.0,71.0,8.0,4.0,3.0,7.0,621.0,5.0,8.0,15.0,8.0,16.0,8.0,11.0,6.0
9576470,2021-2022,10.0,2021-10-30 11:30:00,King Power Stadium,Michael Oliver,32209.0,Arsenal,Leicester City,Away,2,0,2,3,Win,1,0,0,3.0,17.0,262.0,10.0,36.0,,1.0,1.0,,3.0,6.0,5.0,10.0,45.0,52.0,11.0,8.0,0.0,8.0,342.0,1.0,5.0,26.0,7.0,9.0,2.0,7.0,3.0
9576423,2021-2022,10.0,2021-10-30 14:00:00,Etihad Stadium,Andre Marriner,,Manchester City,Crystal Palace,Home,0,2,-2,0,Loss,0,0,1,5.0,32.0,562.0,13.0,68.0,,0.0,,0.0,7.0,7.0,12.0,9.0,48.0,77.0,11.0,1.0,0.0,6.0,654.0,4.0,3.0,4.0,10.0,14.0,4.0,16.0,10.0
9576423,2021-2022,10.0,2021-10-30 14:00:00,Etihad Stadium,Andre Marriner,,Crystal Palace,Manchester City,Away,2,0,2,3,Win,1,0,0,2.0,22.0,231.0,14.0,32.0,,1.0,,1.0,1.0,1.0,9.0,6.0,52.0,38.0,11.0,3.0,0.0,11.0,319.0,4.0,3.0,29.0,6.0,8.0,2.0,21.0,13.0
9576072,2021-2022,10.0,2021-10-30 14:00:00,St James' Park,Paul Tierney,52208.0,Newcastle United,Chelsea,Home,0,3,-3,0,Loss,0,0,1,3.0,19.0,123.0,21.0,21.0,,0.0,0.0,0.0,3.0,0.0,8.0,10.0,51.0,45.0,14.0,3.0,0.0,6.0,198.0,2.0,1.0,24.0,4.0,6.0,2.0,10.0,4.0
9576072,2021-2022,10.0,2021-10-30 14:00:00,St James' Park,Paul Tierney,52208.0,Chelsea,Newcastle United,Away,3,0,3,3,Win,1,0,0,2.0,16.0,698.0,17.0,79.0,,3.0,2.0,1.0,7.0,2.0,1.0,9.0,49.0,91.0,12.0,1.0,1.0,3.0,773.0,6.0,6.0,10.0,9.0,19.0,10.0,12.0,4.0
9576186,2021-2022,10.0,2021-10-30 14:00:00,Anfield,Mike Dean,,Liverpool,Brighton & Hove Albion,Home,2,2,0,1,Draw,0,1,0,3.0,30.0,552.0,11.0,58.0,,2.0,1.0,1.0,6.0,5.0,16.0,10.0,42.0,63.0,8.0,4.0,0.0,16.0,641.0,5.0,3.0,18.0,6.0,14.0,8.0,10.0,5.0
9576186,2021-2022,10.0,2021-10-30 14:00:00,Anfield,Mike Dean,,Brighton & Hove Albion,Liverpool,Away,2,2,0,1,Draw,0,1,0,3.0,32.0,361.0,11.0,42.0,,2.0,1.0,1.0,1.0,3.0,8.0,11.0,58.0,53.0,5.0,1.0,1.0,16.0,464.0,2.0,6.0,17.0,6.0,9.0,3.0,20.0,10.0
9576169,2021-2022,10.0,2021-10-30 16:30:00,Tottenham Hotspur Stadium,Stuart Attwell,60356.0,Tottenham Hotspur,Manchester United,Home,0,3,-3,0,Loss,0,0,1,3.0,10.0,486.0,17.0,58.0,,2.0,2.0,0.0,3.0,10.0,5.0,19.0,58.0,47.0,12.0,1.0,0.0,10.0,570.0,6.0,0.0,6.0,4.0,9.0,5.0,19.0,10.0
9576169,2021-2022,10.0,2021-10-30 16:30:00,Tottenham Hotspur Stadium,Stuart Attwell,60356.0,Manchester United,Tottenham Hotspur,Away,3,0,3,3,Win,1,0,0,3.0,24.0,339.0,13.0,42.0,,2.0,0.0,2.0,4.0,1.0,15.0,8.0,42.0,47.0,14.0,0.0,0.0,7.0,421.0,2.0,4.0,27.0,8.0,10.0,2.0,17.0,12.0
9576129,2021-2022,11.0,2021-11-06 12:30:00,Old Trafford,Michael Oliver,73086.0,Manchester United,Manchester City,Home,0,2,-2,0,Loss,0,0,1,2.0,17.0,326.0,9.0,33.0,,1.0,1.0,,1.0,1.0,6.0,4.0,51.0,31.0,9.0,5.0,0.0,6.0,400.0,3.0,1.0,22.0,3.0,5.0,2.0,18.0,11.0
9576129,2021-2022,11.0,2021-11-06 12:30:00,Old Trafford,Michael Oliver,73086.0,Manchester City,Manchester United,Away,2,0,2,3,Win,1,0,0,3.0,39.0,762.0,10.0,67.0,,1.0,1.0,,4.0,9.0,10.0,11.0,49.0,92.0,12.0,1.0,2.0,6.0,832.0,7.0,5.0,5.0,12.0,16.0,4.0,12.0,6.0
9576137,2021-2022,11.0,2021-11-06 15:00:00,Stamford Bridge,Andre Marriner,39798.0,Chelsea,Burnley,Home,1,1,0,1,Draw,0,1,0,11.0,34.0,570.0,23.0,70.0,,5.0,4.0,1.0,11.0,14.0,13.0,11.0,57.0,64.0,6.0,1.0,1.0,4.0,660.0,10.0,4.0,3.0,20.0,25.0,5.0,8.0,5.0
9576137,2021-2022,11.0,2021-11-06 15:00:00,Stamford Bridge,Andre Marriner,39798.0,Burnley,Chelsea,Away,1,1,0,1,Draw,0,1,0,4.0,32.0,197.0,15.0,30.0,,1.0,0.0,1.0,1.0,2.0,6.0,1.0,43.0,55.0,9.0,4.0,0.0,15.0,285.0,2.0,2.0,25.0,3.0,5.0,2.0,17.0,9.0
9576180,2021-2022,11.0,2021-11-07 14:00:00,Emirates Stadium,Kevin Friend,59833.0,Arsenal,Watford,Home,1,0,1,3,Win,1,0,0,7.0,24.0,409.0,18.0,61.0,,1.0,1.0,,3.0,4.0,6.0,15.0,66.0,59.0,6.0,1.0,0.0,7.0,488.0,5.0,6.0,22.0,6.0,14.0,8.0,22.0,12.0
9576180,2021-2022,11.0,2021-11-07 14:00:00,Emirates Stadium,Kevin Friend,59833.0,Watford,Arsenal,Away,0,1,-1,0,Loss,0,0,1,5.0,20.0,228.0,9.0,39.0,,1.0,1.0,,4.0,2.0,13.0,8.0,34.0,50.0,19.0,5.0,0.0,11.0,316.0,2.0,1.0,22.0,4.0,7.0,3.0,15.0,10.0
9576419,2021-2022,11.0,2021-11-07 16:30:00,London Stadium,Craig Pawson,,West Ham United,Liverpool,Home,3,2,1,3,Win,1,0,0,4.0,26.0,211.0,17.0,31.0,,2.0,0.0,2.0,2.0,3.0,3.0,9.0,48.0,52.0,11.0,3.0,1.0,14.0,299.0,2.0,3.0,35.0,5.0,7.0,2.0,8.0,3.0
9576419,2021-2022,11.0,2021-11-07 16:30:00,London Stadium,Craig Pawson,,Liverpool,West Ham United,Away,2,3,-1,0,Loss,0,0,1,6.0,27.0,590.0,19.0,69.0,,2.0,2.0,0.0,6.0,2.0,3.0,10.0,52.0,93.0,6.0,1.0,0.0,12.0,683.0,5.0,5.0,13.0,12.0,16.0,4.0,6.0,4.0
9576217,2021-2022,12.0,2021-11-20 12:30:00,King Power Stadium,Paul Tierney,32192.0,Leicester City,Chelsea,Home,0,3,-3,0,Loss,0,0,1,2.0,13.0,274.0,8.0,38.0,,1.0,1.0,0.0,0.0,3.0,7.0,8.0,44.0,43.0,15.0,4.0,0.0,13.0,374.0,1.0,3.0,11.0,1.0,4.0,3.0,20.0,9.0
9576217,2021-2022,12.0,2021-11-20 12:30:00,King Power Stadium,Paul Tierney,32192.0,Chelsea,Leicester City,Away,3,0,3,3,Win,1,0,0,3.0,27.0,516.0,13.0,62.0,,5.0,3.0,2.0,2.0,5.0,13.0,13.0,56.0,52.0,8.0,3.0,1.0,4.0,607.0,7.0,7.0,10.0,9.0,16.0,7.0,15.0,13.0
9576163,2021-2022,6.0,2021-09-25 16:30:00,Brentford Community Stadium,Stuart Attwell,16876.0,Brentford,Liverpool,Home,3,3,0,1,Draw,0,1,0,5.0,20.0,181.0,25.0,33.0,,5.0,2.0,3.0,2.0,2.0,8.0,8.0,54.0,57.0,8.0,3.0,1.0,15.0,271.0,6.0,4.0,31.0,10.0,12.0,2.0,14.0,6.0
9576163,2021-2022,6.0,2021-09-25 16:30:00,Brentford Community Stadium,Stuart Attwell,16876.0,Liverpool,Brentford,Away,3,3,0,1,Draw,0,1,0,8.0,33.0,465.0,23.0,67.0,,5.0,3.0,2.0,4.0,11.0,4.0,5.0,46.0,70.0,7.0,0.0,1.0,9.0,561.0,6.0,6.0,18.0,9.0,16.0,7.0,11.0,7.0
9576157,2021-2022,6.0,2021-09-26 15:30:00,Emirates Stadium,Craig Pawson,59919.0,Arsenal,Tottenham Hotspur,Home,3,1,2,3,Win,1,0,0,5.0,35.0,357.0,15.0,47.0,,2.0,0.0,2.0,1.0,4.0,9.0,5.0,53.0,59.0,12.0,3.0,0.0,10.0,431.0,4.0,7.0,20.0,7.0,12.0,5.0,22.0,15.0
9576157,2021-2022,6.0,2021-09-26 15:30:00,Emirates Stadium,Craig Pawson,59919.0,Tottenham Hotspur,Arsenal,Away,1,3,-2,0,Loss,0,0,1,6.0,29.0,413.0,11.0,53.0,,2.0,1.0,1.0,1.0,4.0,16.0,10.0,47.0,57.0,13.0,4.0,1.0,8.0,485.0,5.0,4.0,8.0,7.0,10.0,3.0,14.0,11.0
9576409,2021-2022,7.0,2021-10-02 11:30:00,Old Trafford,Michael Oliver,73128.0,Manchester United,Everton,Home,1,1,0,1,Draw,0,1,0,8.0,28.0,607.0,13.0,72.0,,3.0,3.0,0.0,1.0,10.0,7.0,11.0,43.0,76.0,10.0,1.0,0.0,6.0,700.0,6.0,6.0,13.0,9.0,13.0,4.0,7.0,3.0
9576409,2021-2022,7.0,2021-10-02 11:30:00,Old Trafford,Michael Oliver,73128.0,Everton,Manchester United,Away,1,1,0,1,Draw,0,1,0,4.0,23.0,183.0,18.0,28.0,,1.0,0.0,1.0,4.0,1.0,2.0,6.0,57.0,53.0,9.0,5.0,0.0,9.0,268.0,6.0,2.0,29.0,10.0,12.0,2.0,20.0,13.0
9576127,2021-2022,7.0,2021-10-02 14:00:00,Stamford Bridge,Martin Atkinson,40109.0,Chelsea,Southampton,Home,3,1,2,3,Win,1,0,0,4.0,31.0,468.0,14.0,62.0,,6.0,4.0,2.0,5.0,7.0,19.0,19.0,55.0,46.0,11.0,1.0,2.0,5.0,546.0,6.0,9.0,11.0,17.0,20.0,3.0,16.0,10.0
9576127,2021-2022,7.0,2021-10-02 14:00:00,Stamford Bridge,Martin Atkinson,40109.0,Southampton,Chelsea,Away,1,3,-2,0,Loss,0,0,1,1.0,18.0,258.0,4.0,38.0,,2.0,1.0,1.0,1.0,2.0,9.0,12.0,45.0,47.0,13.0,6.0,0.0,10.0,344.0,3.0,2.0,12.0,2.0,6.0,4.0,24.0,9.0
9576124,2021-2022,7.0,2021-10-02 16:30:00,American Express Stadium,Jonathan Moss,31266.0,Brighton & Hove Albion,Arsenal,Home,0,0,0,1,Draw,0,1,0,8.0,28.0,420.0,16.0,58.0,,,,,7.0,8.0,6.0,6.0,60.0,60.0,8.0,2.0,0.0,9.0,497.0,12.0,2.0,13.0,13.0,21.0,8.0,16.0,5.0
9576124,2021-2022,7.0,2021-10-02 16:30:00,American Express Stadium,Jonathan Moss,31266.0,Arsenal,Brighton & Hove Albion,Away,0,0,0,1,Draw,0,1,0,1.0,8.0,268.0,7.0,42.0,,,,,1.0,5.0,8.0,6.0,40.0,39.0,5.0,2.0,1.0,11.0,355.0,5.0,2.0,18.0,4.0,8.0,4.0,8.0,5.0
9576109,2021-2022,7.0,2021-10-03 15:30:00,Anfield,Paul Tierney,,Liverpool,Manchester City,Home,2,2,0,1,Draw,0,1,0,3.0,28.0,423.0,9.0,49.0,,3.0,1.0,2.0,2.0,3.0,7.0,10.0,52.0,62.0,10.0,1.0,0.0,17.0,501.0,0.0,4.0,14.0,5.0,6.0,1.0,17.0,12.0
9576109,2021-2022,7.0,2021-10-03 15:30:00,Anfield,Paul Tierney,,Manchester City,Liverpool,Away,2,2,0,1,Draw,0,1,0,2.0,39.0,443.0,9.0,51.0,,1.0,1.0,0.0,5.0,4.0,12.0,14.0,48.0,46.0,12.0,1.0,0.0,8.0,529.0,4.0,3.0,17.0,9.0,12.0,3.0,11.0,9.0
9576185,2021-2022,8.0,2021-10-16 11:30:00,Vicarage Road,Jonathan Moss,21085.0,Watford,Liverpool,Home,0,5,-5,0,Loss,0,0,1,2.0,21.0,165.0,19.0,24.0,,0.0,0.0,0.0,1.0,1.0,7.0,9.0,55.0,34.0,4.0,4.0,1.0,11.0,252.0,3.0,2.0,33.0,5.0,6.0,1.0,14.0,10.0
9576185,2021-2022,8.0,2021-10-16 11:30:00,Vicarage Road,Jonathan Moss,21085.0,Liverpool,Watford,Away,5,0,5,3,Win,1,0,0,2.0,39.0,711.0,10.0,76.0,,5.0,1.0,4.0,5.0,9.0,9.0,10.0,45.0,85.0,10.0,2.0,1.0,4.0,816.0,6.0,8.0,8.0,12.0,19.0,7.0,18.0,8.0
9576230,2021-2022,8.0,2021-10-16 14:00:00,Etihad Stadium,Martin Atkinson,52711.0,Manchester City,Burnley,Home,2,0,2,3,Win,1,0,0,3.0,35.0,687.0,11.0,71.0,,2.0,1.0,1.0,4.0,6.0,8.0,9.0,43.0,77.0,11.0,2.0,1.0,10.0,768.0,5.0,6.0,9.0,13.0,15.0,2.0,11.0,6.0
9576230,2021-2022,8.0,2021-10-16 14:00:00,Etihad Stadium,Martin Atkinson,52711.0,Burnley,Manchester City,Away,0,2,-2,0,Loss,0,0,1,2.0,34.0,228.0,17.0,29.0,,2.0,2.0,0.0,1.0,2.0,4.0,5.0,57.0,55.0,5.0,4.0,1.0,10.0,318.0,4.0,2.0,22.0,6.0,7.0,1.0,17.0,13.0
9576368,2021-2022,8.0,2021-10-16 14:00:00,King Power Stadium,Craig Pawson,32219.0,Leicester City,Manchester United,Home,4,2,2,3,Win,1,0,0,1.0,29.0,425.0,11.0,49.0,,3.0,1.0,2.0,5.0,4.0,3.0,6.0,58.0,47.0,5.0,4.0,1.0,9.0,499.0,6.0,11.0,7.0,13.0,22.0,9.0,12.0,7.0
9576368,2021-2022,8.0,2021-10-16 14:00:00,King Power Stadium,Craig Pawson,32219.0,Manchester United,Leicester City,Away,2,4,-2,0,Loss,0,0,1,4.0,23.0,445.0,8.0,51.0,,1.0,0.0,1.0,3.0,3.0,4.0,6.0,42.0,52.0,17.0,7.0,0.0,9.0,517.0,9.0,6.0,12.0,6.0,18.0,12.0,14.0,8.0
9576374,2021-2022,8.0,2021-10-16 16:30:00,Brentford Community Stadium,Anthony Taylor,16940.0,Brentford,Chelsea,Home,0,1,-1,0,Loss,0,0,1,8.0,25.0,305.0,35.0,44.0,,2.0,2.0,,7.0,5.0,13.0,11.0,53.0,57.0,13.0,0.0,3.0,4.0,405.0,3.0,7.0,13.0,13.0,17.0,4.0,16.0,7.0
9576374,2021-2022,8.0,2021-10-16 16:30:00,Brentford Community Stadium,Anthony Taylor,16940.0,Chelsea,Brentford,Away,1,0,1,3,Win,1,0,0,0.0,14.0,458.0,17.0,56.0,,0.0,0.0,,1.0,5.0,8.0,11.0,47.0,55.0,8.0,6.0,0.0,10.0,540.0,3.0,1.0,41.0,1.0,5.0,4.0,20.0,7.0
9576126,2021-2022,8.0,2021-10-18 19:00:00,Emirates Stadium,Mike Dean,59475.0,Arsenal,Crystal Palace,Home,2,2,0,1,Draw,0,1,0,5.0,32.0,474.0,8.0,54.0,,2.0,1.0,1.0,4.0,6.0,10.0,8.0,38.0,79.0,7.0,4.0,1.0,7.0,544.0,7.0,6.0,6.0,11.0,17.0,6.0,17.0,9.0
9576126,2021-2022,8.0,2021-10-18 19:00:00,Emirates Stadium,Mike Dean,59475.0,Crystal Palace,Arsenal,Away,2,2,0,1,Draw,0,1,0,2.0,30.0,402.0,20.0,46.0,,0.0,0.0,0.0,0.0,3.0,4.0,7.0,62.0,43.0,4.0,4.0,0.0,7.0,475.0,3.0,6.0,17.0,3.0,9.0,6.0,22.0,16.0
9576120,2021-2022,9.0,2021-10-22 19:00:00,Emirates Stadium,Craig Pawson,59496.0,Arsenal,Aston Villa,Home,3,1,2,3,Win,1,0,0,5.0,22.0,369.0,11.0,54.0,,4.0,3.0,1.0,5.0,7.0,6.0,4.0,41.0,57.0,17.0,3.0,1.0,7.0,454.0,8.0,9.0,20.0,14.0,22.0,8.0,13.0,10.0
9576120,2021-2022,9.0,2021-10-22 19:00:00,Emirates Stadium,Craig Pawson,59496.0,Aston Villa,Arsenal,Away,1,3,-2,0,Loss,0,0,1,2.0,21.0,310.0,16.0,46.0,,2.0,2.0,0.0,3.0,4.0,7.0,9.0,59.0,57.0,10.0,6.0,0.0,11.0,392.0,3.0,4.0,16.0,5.0,10.0,5.0,14.0,8.0
9576385,2021-2022,9.0,2021-10-23 11:30:00,Stamford Bridge,Andy Madley,,Chelsea,Norwich City,Home,7,0,7,3,Win,1,0,0,0.0,20.0,567.0,10.0,62.0,,5.0,1.0,4.0,3.0,5.0,9.0,8.0,55.0,54.0,14.0,1.0,0.0,5.0,626.0,7.0,13.0,4.0,11.0,23.0,12.0,19.0,12.0
9576385,2021-2022,9.0,2021-10-23 11:30:00,Stamford Bridge,Andy Madley,,Norwich City,Chelsea,Away,0,7,-7,0,Loss,0,0,1,0.0,29.0,299.0,6.0,38.0,,1.0,1.0,0.0,1.0,0.0,14.0,11.0,45.0,33.0,16.0,7.0,0.0,7.0,380.0,1.0,1.0,13.0,1.0,3.0,2.0,12.0,5.0
9576148,2021-2022,3.0,2021-08-28 16:30:00,Anfield,Anthony Taylor,,Liverpool,Chelsea,Home,1,1,0,1,Draw,0,1,0,10.0,27.0,598.0,21.0,66.0,,4.0,3.0,1.0,5.0,12.0,18.0,4.0,44.0,81.0,13.0,2.0,1.0,11.0,695.0,12.0,7.0,8.0,17.0,24.0,7.0,16.0,9.0
9576148,2021-2022,3.0,2021-08-28 16:30:00,Anfield,Anthony Taylor,,Chelsea,Liverpool,Away,1,1,0,1,Draw,0,1,0,2.0,24.0,268.0,13.0,34.0,,0.0,0.0,0.0,2.0,3.0,13.0,4.0,56.0,25.0,4.0,6.0,0.0,21.0,370.0,1.0,3.0,34.0,6.0,6.0,0.0,26.0,12.0
9576382,2021-2022,3.0,2021-08-29 15:30:00,Molineux Stadium,Mike Dean,30621.0,Wolverhampton,Manchester United,Home,0,1,-1,0,Loss,0,0,1,2.0,27.0,349.0,15.0,44.0,,3.0,3.0,,3.0,5.0,4.0,14.0,64.0,46.0,7.0,2.0,0.0,7.0,427.0,6.0,6.0,20.0,10.0,15.0,5.0,16.0,9.0
9576382,2021-2022,3.0,2021-08-29 15:30:00,Molineux Stadium,Mike Dean,30621.0,Manchester United,Wolverhampton,Away,1,0,1,3,Win,1,0,0,2.0,30.0,478.0,11.0,56.0,,1.0,1.0,,2.0,7.0,13.0,4.0,36.0,59.0,9.0,5.0,0.0,13.0,552.0,5.0,3.0,14.0,7.0,10.0,3.0,8.0,5.0
9576408,2021-2022,4.0,2021-09-11 14:00:00,Emirates Stadium,Michael Oliver,,Arsenal,Norwich City,Home,1,0,1,3,Win,1,0,0,10.0,22.0,365.0,19.0,52.0,,3.0,2.0,1.0,10.0,8.0,9.0,7.0,50.0,71.0,9.0,1.0,2.0,3.0,437.0,13.0,7.0,14.0,21.0,30.0,9.0,16.0,11.0
9576408,2021-2022,4.0,2021-09-11 14:00:00,Emirates Stadium,Michael Oliver,,Norwich City,Arsenal,Away,0,1,-1,0,Loss,0,0,1,4.0,25.0,320.0,16.0,48.0,,0.0,0.0,0.0,6.0,4.0,0.0,7.0,50.0,45.0,11.0,5.0,0.0,8.0,408.0,3.0,1.0,22.0,5.0,10.0,5.0,20.0,13.0
9576165,2021-2022,4.0,2021-09-11 14:00:00,King Power Stadium,Paul Tierney,,Leicester City,Manchester City,Home,0,1,-1,0,Loss,0,0,1,5.0,27.0,295.0,12.0,40.0,,1.0,1.0,0.0,2.0,5.0,8.0,6.0,60.0,43.0,4.0,7.0,1.0,3.0,364.0,3.0,1.0,21.0,6.0,6.0,0.0,18.0,10.0
9576165,2021-2022,4.0,2021-09-11 14:00:00,King Power Stadium,Paul Tierney,,Manchester City,Leicester City,Away,1,0,1,3,Win,1,0,0,8.0,21.0,501.0,8.0,60.0,,3.0,2.0,1.0,10.0,8.0,9.0,5.0,40.0,65.0,11.0,2.0,0.0,5.0,557.0,7.0,8.0,6.0,21.0,25.0,4.0,14.0,7.0
9576135,2021-2022,4.0,2021-09-11 14:00:00,Old Trafford,Anthony Taylor,,Manchester United,Newcastle United,Home,4,1,3,3,Win,1,0,0,4.0,28.0,581.0,7.0,64.0,,5.0,2.0,3.0,5.0,7.0,8.0,7.0,44.0,69.0,9.0,2.0,0.0,4.0,644.0,9.0,7.0,11.0,12.0,21.0,9.0,19.0,11.0
9576135,2021-2022,4.0,2021-09-11 14:00:00,Old Trafford,Anthony Taylor,,Newcastle United,Manchester United,Away,1,4,-3,0,Loss,0,0,1,2.0,30.0,299.0,6.0,36.0,,1.0,0.0,1.0,3.0,3.0,11.0,12.0,56.0,32.0,2.0,2.0,0.0,13.0,365.0,6.0,3.0,21.0,5.0,12.0,7.0,17.0,10.0
9576168,2021-2022,4.0,2021-09-11 16:30:00,Stamford Bridge,Stuart Attwell,,Chelsea,Aston Villa,Home,3,0,3,3,Win,1,0,0,1.0,27.0,396.0,16.0,57.0,,2.0,0.0,2.0,2.0,4.0,6.0,11.0,48.0,41.0,11.0,6.0,0.0,7.0,476.0,6.0,4.0,40.0,6.0,12.0,6.0,15.0,6.0
9576168,2021-2022,4.0,2021-09-11 16:30:00,Stamford Bridge,Stuart Attwell,,Aston Villa,Chelsea,Away,0,3,-3,0,Loss,0,0,1,6.0,30.0,270.0,14.0,43.0,,1.0,1.0,0.0,9.0,11.0,3.0,19.0,52.0,63.0,11.0,1.0,0.0,12.0,344.0,3.0,6.0,18.0,11.0,18.0,7.0,12.0,9.0
9576077,2021-2022,4.0,2021-09-12 15:30:00,Elland Road,Craig Pawson,36507.0,Leeds United,Liverpool,Home,0,3,-3,0,Loss,0,0,1,4.0,18.0,328.0,7.0,44.0,,0.0,0.0,0.0,1.0,2.0,4.0,7.0,52.0,37.0,9.0,5.0,0.0,10.0,404.0,4.0,4.0,17.0,8.0,9.0,1.0,16.0,8.0
9576077,2021-2022,4.0,2021-09-12 15:30:00,Elland Road,Craig Pawson,36507.0,Liverpool,Leeds United,Away,3,0,3,3,Win,1,0,0,5.0,25.0,454.0,8.0,56.0,,5.0,3.0,2.0,15.0,11.0,7.0,9.0,48.0,68.0,8.0,4.0,0.0,8.0,524.0,6.0,9.0,15.0,22.0,30.0,8.0,8.0,5.0
9576406,2021-2022,5.0,2021-09-18 14:00:00,Turf Moor,Anthony Taylor,,Burnley,Arsenal,Home,0,1,-1,0,Loss,0,0,1,8.0,34.0,291.0,29.0,45.0,,0.0,0.0,,5.0,8.0,14.0,3.0,50.0,68.0,9.0,2.0,0.0,16.0,392.0,10.0,3.0,15.0,13.0,18.0,5.0,13.0,5.0
9576406,2021-2022,5.0,2021-09-18 14:00:00,Turf Moor,Anthony Taylor,,Arsenal,Burnley,Away,1,0,1,3,Win,1,0,0,1.0,16.0,420.0,22.0,55.0,,1.0,1.0,,6.0,3.0,5.0,5.0,50.0,57.0,8.0,3.0,0.0,11.0,523.0,4.0,3.0,33.0,6.0,13.0,7.0,18.0,8.0
9576080,2021-2022,5.0,2021-09-18 14:00:00,Etihad Stadium,Jonathan Moss,52698.0,Manchester City,Southampton,Home,0,0,0,1,Draw,0,1,0,8.0,21.0,484.0,22.0,64.0,,2.0,2.0,,7.0,8.0,9.0,13.0,52.0,42.0,5.0,2.0,0.0,8.0,555.0,8.0,1.0,14.0,9.0,16.0,7.0,13.0,10.0
9576080,2021-2022,5.0,2021-09-18 14:00:00,Etihad Stadium,Jonathan Moss,52698.0,Southampton,Manchester City,Away,0,0,0,1,Draw,0,1,0,0.0,19.0,239.0,15.0,36.0,,0.0,0.0,,6.0,5.0,8.0,13.0,48.0,42.0,12.0,1.0,0.0,17.0,319.0,2.0,2.0,23.0,6.0,10.0,4.0,21.0,11.0
9576156,2021-2022,5.0,2021-09-18 14:00:00,Anfield,Andy Madley,,Liverpool,Crystal Palace,Home,3,0,3,3,Win,1,0,0,11.0,24.0,412.0,21.0,60.0,,4.0,2.0,2.0,10.0,10.0,15.0,12.0,54.0,58.0,17.0,2.0,0.0,10.0,490.0,5.0,10.0,27.0,17.0,25.0,8.0,21.0,11.0
9576156,2021-2022,5.0,2021-09-18 14:00:00,Anfield,Andy Madley,,Crystal Palace,Liverpool,Away,0,3,-3,0,Loss,0,0,1,4.0,20.0,253.0,7.0,40.0,,2.0,2.0,0.0,6.0,5.0,11.0,7.0,46.0,42.0,11.0,7.0,2.0,12.0,332.0,5.0,2.0,24.0,6.0,13.0,7.0,24.0,15.0
9576251,2021-2022,5.0,2021-09-19 13:00:00,London Stadium,Martin Atkinson,,West Ham United,Manchester United,Home,1,2,-1,0,Loss,0,0,1,1.0,14.0,348.0,12.0,40.0,,2.0,2.0,0.0,4.0,2.0,11.0,14.0,49.0,43.0,5.0,8.0,0.0,4.0,417.0,5.0,4.0,31.0,6.0,13.0,7.0,14.0,7.0
9576251,2021-2022,5.0,2021-09-19 13:00:00,London Stadium,Martin Atkinson,,Manchester United,West Ham United,Away,2,1,1,3,Win,1,0,0,6.0,19.0,562.0,9.0,60.0,,3.0,2.0,1.0,3.0,11.0,9.0,19.0,51.0,59.0,8.0,3.0,1.0,2.0,624.0,4.0,10.0,18.0,12.0,17.0,5.0,14.0,9.0
9576161,2021-2022,5.0,2021-09-19 15:30:00,Tottenham Hotspur Stadium,Paul Tierney,,Tottenham Hotspur,Chelsea,Home,0,3,-3,0,Loss,0,0,1,4.0,20.0,395.0,12.0,47.0,,1.0,1.0,,2.0,5.0,8.0,7.0,55.0,36.0,4.0,6.0,0.0,9.0,480.0,4.0,2.0,23.0,3.0,8.0,5.0,20.0,12.0
9576161,2021-2022,5.0,2021-09-19 15:30:00,Tottenham Hotspur Stadium,Paul Tierney,,Chelsea,Tottenham Hotspur,Away,3,0,3,3,Win,1,0,0,7.0,29.0,457.0,18.0,53.0,,3.0,3.0,,7.0,11.0,10.0,8.0,45.0,45.0,15.0,2.0,0.0,15.0,525.0,3.0,10.0,19.0,17.0,20.0,3.0,15.0,8.0
9576159,2021-2022,6.0,2021-09-25 11:30:00,Old Trafford,Mike Dean,72922.0,Manchester United,Aston Villa,Home,0,1,-1,0,Loss,0,0,1,9.0,36.0,313.0,19.0,60.0,,2.0,2.0,,13.0,5.0,5.0,16.0,62.0,49.0,9.0,2.0,0.0,9.0,409.0,11.0,4.0,21.0,17.0,28.0,11.0,12.0,8.0
9576159,2021-2022,6.0,2021-09-25 11:30:00,Old Trafford,Mike Dean,72922.0,Aston Villa,Manchester United,Away,1,0,1,3,Win,1,0,0,3.0,24.0,187.0,11.0,40.0,,3.0,3.0,,1.0,5.0,4.0,6.0,38.0,55.0,13.0,4.0,0.0,15.0,271.0,3.0,3.0,14.0,4.0,7.0,3.0,9.0,3.0
9576243,2021-2022,6.0,2021-09-25 11:30:00,Stamford Bridge,Michael Oliver,40036.0,Chelsea,Manchester City,Home,0,1,-1,0,Loss,0,0,1,1.0,26.0,341.0,18.0,41.0,,0.0,0.0,,4.0,4.0,8.0,10.0,52.0,38.0,12.0,2.0,0.0,7.0,413.0,1.0,0.0,24.0,2.0,5.0,3.0,13.0,6.0
9576243,2021-2022,6.0,2021-09-25 11:30:00,Stamford Bridge,Michael Oliver,40036.0,Manchester City,Chelsea,Away,1,0,1,3,Win,1,0,0,4.0,24.0,528.0,9.0,59.0,,3.0,3.0,,6.0,13.0,7.0,9.0,48.0,69.0,10.0,0.0,0.0,8.0,599.0,5.0,4.0,17.0,11.0,15.0,4.0,16.0,9.0
9576151,2021-2022,1.0,2021-08-13 19:00:00,Brentford Community Stadium,Michael Oliver,16479.0,Brentford,Arsenal,Home,2,0,2,3,Win,1,0,0,2.0,22.0,201.0,17.0,35.0,,2.0,1.0,1.0,0.0,2.0,5.0,7.0,50.0,44.0,12.0,4.0,1.0,9.0,309.0,5.0,3.0,19.0,7.0,8.0,1.0,20.0,12.0
9576151,2021-2022,1.0,2021-08-13 19:00:00,Brentford Community Stadium,Michael Oliver,16479.0,Arsenal,Brentford,Away,0,2,-2,0,Loss,0,0,1,10.0,20.0,488.0,20.0,65.0,,0.0,0.0,0.0,4.0,5.0,9.0,9.0,50.0,48.0,8.0,1.0,0.0,7.0,568.0,14.0,4.0,14.0,13.0,22.0,9.0,9.0,3.0
9576081,2021-2022,1.0,2021-08-14 11:30:00,Old Trafford,Paul Tierney,,Manchester United,Leeds United,Home,5,1,4,3,Win,1,0,0,1.0,25.0,334.0,11.0,49.0,,3.0,1.0,2.0,3.0,5.0,11.0,12.0,43.0,56.0,11.0,2.0,0.0,8.0,422.0,5.0,8.0,15.0,12.0,16.0,4.0,6.0,4.0
9576081,2021-2022,1.0,2021-08-14 11:30:00,Old Trafford,Paul Tierney,,Leeds United,Manchester United,Away,1,5,-4,0,Loss,0,0,1,4.0,23.0,343.0,9.0,51.0,,2.0,2.0,0.0,1.0,4.0,3.0,9.0,57.0,42.0,9.0,3.0,0.0,14.0,438.0,6.0,3.0,14.0,3.0,10.0,7.0,23.0,13.0
9576259,2021-2022,1.0,2021-08-14 14:00:00,Stamford Bridge,Jonathan Moss,,Chelsea,Crystal Palace,Home,3,0,3,3,Win,1,0,0,4.0,38.0,623.0,7.0,62.0,,1.0,,1.0,2.0,5.0,5.0,8.0,47.0,79.0,15.0,1.0,0.0,11.0,678.0,5.0,6.0,8.0,5.0,13.0,8.0,21.0,9.0
9576259,2021-2022,1.0,2021-08-14 14:00:00,Stamford Bridge,Jonathan Moss,,Crystal Palace,Chelsea,Away,0,3,-3,0,Loss,0,0,1,3.0,18.0,363.0,15.0,38.0,,0.0,,0.0,1.0,2.0,14.0,13.0,53.0,30.0,11.0,3.0,0.0,9.0,423.0,2.0,1.0,24.0,4.0,4.0,0.0,11.0,7.0
9576193,2021-2022,1.0,2021-08-14 16:30:00,Carrow Road,Andre Marriner,,Norwich City,Liverpool,Home,0,3,-3,0,Loss,0,0,1,4.0,34.0,441.0,8.0,50.0,,1.0,1.0,0.0,3.0,3.0,8.0,10.0,56.0,45.0,4.0,3.0,0.0,9.0,520.0,8.0,3.0,36.0,9.0,14.0,5.0,19.0,13.0
9576193,2021-2022,1.0,2021-08-14 16:30:00,Carrow Road,Andre Marriner,,Liverpool,Norwich City,Away,3,0,3,3,Win,1,0,0,6.0,29.0,432.0,14.0,50.0,,4.0,2.0,2.0,4.0,11.0,6.0,7.0,44.0,50.0,14.0,3.0,0.0,5.0,512.0,7.0,8.0,16.0,13.0,19.0,6.0,16.0,8.0
9576188,2021-2022,1.0,2021-08-15 15:30:00,Tottenham Hotspur Stadium,Anthony Taylor,58262.0,Tottenham Hotspur,Manchester City,Home,1,0,1,3,Win,1,0,0,3.0,25.0,227.0,14.0,34.0,,1.0,1.0,,5.0,3.0,11.0,14.0,44.0,45.0,11.0,4.0,0.0,10.0,293.0,5.0,3.0,24.0,5.0,13.0,8.0,15.0,9.0
9576188,2021-2022,1.0,2021-08-15 15:30:00,Tottenham Hotspur Stadium,Anthony Taylor,58262.0,Manchester City,Tottenham Hotspur,Away,0,1,-1,0,Loss,0,0,1,4.0,9.0,469.0,19.0,66.0,,3.0,3.0,,5.0,11.0,8.0,20.0,56.0,52.0,8.0,1.0,0.0,3.0,548.0,9.0,4.0,10.0,11.0,18.0,7.0,16.0,11.0
9576069,2021-2022,2.0,2021-08-21 11:30:00,Anfield,Mike Dean,52591.0,Liverpool,Burnley,Home,2,0,2,3,Win,1,0,0,11.0,20.0,434.0,24.0,67.0,,3.0,1.0,2.0,8.0,8.0,10.0,4.0,49.0,48.0,6.0,3.0,0.0,5.0,527.0,10.0,9.0,25.0,21.0,27.0,6.0,14.0,8.0
9576069,2021-2022,2.0,2021-08-21 11:30:00,Anfield,Mike Dean,52591.0,Burnley,Liverpool,Away,0,2,-2,0,Loss,0,0,1,4.0,33.0,174.0,24.0,33.0,,2.0,2.0,0.0,1.0,4.0,9.0,9.0,51.0,63.0,12.0,6.0,0.0,11.0,263.0,5.0,3.0,20.0,7.0,9.0,2.0,18.0,9.0
9576187,2021-2022,2.0,2021-08-21 14:00:00,Etihad Stadium,Graham Scott,,Manchester City,Norwich City,Home,5,0,5,3,Win,1,0,0,2.0,42.0,684.0,9.0,67.0,,3.0,,3.0,6.0,6.0,12.0,9.0,49.0,89.0,13.0,,0.0,6.0,730.0,6.0,4.0,3.0,7.0,16.0,9.0,14.0,8.0
9576187,2021-2022,2.0,2021-08-21 14:00:00,Etihad Stadium,Graham Scott,,Norwich City,Manchester City,Away,0,5,-5,0,Loss,0,0,1,1.0,14.0,307.0,3.0,33.0,,0.0,,0.0,0.0,1.0,7.0,6.0,51.0,10.0,7.0,,0.0,8.0,362.0,1.0,0.0,25.0,1.0,1.0,0.0,18.0,11.0
9576076,2021-2022,2.0,2021-08-22 13:00:00,St. Mary's Stadium,Craig Pawson,,Southampton,Manchester United,Home,1,1,0,1,Draw,0,1,0,3.0,6.0,201.0,11.0,36.0,,1.0,1.0,,1.0,7.0,9.0,9.0,48.0,52.0,12.0,2.0,0.0,20.0,291.0,4.0,3.0,22.0,3.0,8.0,5.0,23.0,13.0
9576076,2021-2022,2.0,2021-08-22 13:00:00,St. Mary's Stadium,Craig Pawson,,Manchester United,Southampton,Away,1,1,0,1,Draw,0,1,0,6.0,19.0,415.0,16.0,64.0,,3.0,3.0,,4.0,7.0,19.0,11.0,52.0,43.0,10.0,3.0,1.0,6.0,520.0,7.0,4.0,12.0,11.0,15.0,4.0,19.0,10.0
9576412,2021-2022,2.0,2021-08-22 15:30:00,Emirates Stadium,Paul Tierney,58729.0,Arsenal,Chelsea,Home,0,2,-2,0,Loss,0,0,1,3.0,14.0,266.0,11.0,35.0,,1.0,1.0,0.0,1.0,9.0,7.0,9.0,48.0,42.0,10.0,3.0,0.0,6.0,335.0,2.0,3.0,13.0,3.0,6.0,3.0,20.0,17.0
9576412,2021-2022,2.0,2021-08-22 15:30:00,Emirates Stadium,Paul Tierney,58729.0,Chelsea,Arsenal,Away,2,0,2,3,Win,1,0,0,4.0,20.0,574.0,18.0,65.0,,5.0,3.0,2.0,11.0,8.0,11.0,7.0,52.0,43.0,4.0,3.0,1.0,10.0,646.0,6.0,5.0,23.0,15.0,22.0,7.0,11.0,5.0
9576260,2021-2022,3.0,2021-08-28 11:30:00,Etihad Stadium,Martin Atkinson,52276.0,Manchester City,Arsenal,Home,5,0,5,3,Win,1,0,0,7.0,17.0,693.0,13.0,80.0,,7.0,3.0,4.0,10.0,14.0,2.0,7.0,62.0,71.0,5.0,0.0,0.0,4.0,757.0,5.0,10.0,3.0,17.0,25.0,8.0,14.0,10.0
9576260,2021-2022,3.0,2021-08-28 11:30:00,Etihad Stadium,Martin Atkinson,52276.0,Arsenal,Manchester City,Away,0,5,-5,0,Loss,0,0,1,1.0,16.0,125.0,9.0,20.0,,0.0,0.0,0.0,0.0,0.0,8.0,2.0,38.0,34.0,7.0,5.0,0.0,12.0,185.0,1.0,0.0,31.0,1.0,1.0,0.0,9.0,6.0
10385697,2022-2023,36.0,2023-05-13 14:00:00,Stamford Bridge,Paul Tierney,40030.0,Chelsea,Nottingham Forest,Home,2,2,0,1,Draw,0,1,0,4.0,28.0,631.0,16.0,76.0,,2.0,1.0,1.0,5.0,2.0,16.0,15.0,52.0,81.0,13.0,0.0,0.0,3.0,708.0,3.0,6.0,17.0,8.0,14.0,6.0,14.0,9.0
10385697,2022-2023,36.0,2023-05-13 14:00:00,Stamford Bridge,Paul Tierney,40030.0,Nottingham Forest,Chelsea,Away,2,2,0,1,Draw,0,1,0,4.0,11.0,132.0,13.0,24.0,,3.0,1.0,2.0,2.0,5.0,5.0,5.0,48.0,48.0,15.0,4.0,0.0,17.0,217.0,7.0,2.0,25.0,10.0,11.0,1.0,28.0,15.0
10385702,2022-2023,36.0,2023-05-13 14:00:00,Old Trafford,John Brooks,73.0,Manchester United,Wolverhampton,Home,2,0,2,3,Win,1,0,0,3.0,17.0,359.0,16.0,48.0,66.0,4.0,2.0,2.0,7.0,11.0,3.0,13.0,52.0,60.0,9.0,0.0,1.0,8.0,439.0,11.0,9.0,23.0,13.0,27.0,14.0,13.0,8.0
10385702,2022-2023,36.0,2023-05-13 14:00:00,Old Trafford,John Brooks,73.0,Wolverhampton,Manchester United,Away,0,2,-2,0,Loss,0,0,1,7.0,36.0,377.0,14.0,52.0,58.0,0.0,0.0,0.0,0.0,7.0,8.0,16.0,48.0,36.0,9.0,8.0,0.0,7.0,469.0,5.0,0.0,15.0,5.0,5.0,0.0,8.0,7.0
10385685,2022-2023,36.0,2023-05-14 13:00:00,Goodison Park,Anthony Taylor,39376.0,Everton,Manchester City,Home,0,3,-3,0,Loss,0,0,1,6.0,19.0,324.0,8.0,37.0,37.0,1.0,1.0,0.0,1.0,8.0,3.0,9.0,53.0,43.0,12.0,1.0,1.0,11.0,381.0,3.0,3.0,15.0,6.0,7.0,1.0,16.0,11.0
10385685,2022-2023,36.0,2023-05-14 13:00:00,Goodison Park,Anthony Taylor,39376.0,Manchester City,Everton,Away,3,0,3,3,Win,1,0,0,3.0,35.0,610.0,8.0,63.0,46.0,1.0,0.0,1.0,2.0,6.0,10.0,8.0,47.0,65.0,4.0,2.0,0.0,5.0,670.0,3.0,4.0,21.0,3.0,9.0,6.0,7.0,5.0
10385684,2022-2023,36.0,2023-05-14 15:30:00,Emirates Stadium,Andy Madley,60139.0,Arsenal,Brighton & Hove Albion,Home,0,3,-3,0,Loss,0,0,1,2.0,14.0,276.0,8.0,41.0,,1.0,1.0,0.0,4.0,5.0,11.0,8.0,50.0,49.0,13.0,3.0,1.0,7.0,360.0,8.0,2.0,6.0,11.0,14.0,3.0,20.0,6.0
10385684,2022-2023,36.0,2023-05-14 15:30:00,Emirates Stadium,Andy Madley,60139.0,Brighton & Hove Albion,Arsenal,Away,3,0,3,3,Win,1,0,0,0.0,22.0,446.0,11.0,59.0,,4.0,1.0,3.0,1.0,2.0,8.0,13.0,50.0,41.0,17.0,2.0,0.0,8.0,535.0,5.0,6.0,13.0,7.0,12.0,5.0,15.0,9.0
11196472,2022-2023,36.0,2023-05-15 19:00:00,King Power Stadium,Craig Pawson,32225.0,Leicester City,Liverpool,Home,0,3,-3,0,Loss,0,0,1,0.0,27.0,230.0,12.0,33.0,63.0,1.0,1.0,0.0,0.0,4.0,6.0,9.0,58.0,56.0,11.0,2.0,0.0,14.0,331.0,0.0,4.0,16.0,3.0,4.0,1.0,36.0,17.0
11196472,2022-2023,36.0,2023-05-15 19:00:00,King Power Stadium,Craig Pawson,32225.0,Liverpool,Leicester City,Away,3,0,3,3,Win,1,0,0,6.0,25.0,576.0,11.0,67.0,70.0,3.0,2.0,1.0,5.0,4.0,27.0,14.0,42.0,59.0,17.0,4.0,0.0,6.0,675.0,6.0,5.0,9.0,12.0,16.0,4.0,18.0,12.0
10385690,2022-2023,37.0,2023-05-20 14:00:00,Anfield,John Brooks,53306.0,Liverpool,Aston Villa,Home,1,1,0,1,Draw,0,1,0,9.0,26.0,430.0,13.0,66.0,,1.0,0.0,1.0,4.0,9.0,14.0,12.0,46.0,83.0,16.0,2.0,0.0,8.0,510.0,1.0,5.0,20.0,7.0,10.0,3.0,18.0,11.0
10385690,2022-2023,37.0,2023-05-20 14:00:00,Anfield,John Brooks,53306.0,Aston Villa,Liverpool,Away,1,1,0,1,Draw,0,1,0,3.0,15.0,178.0,7.0,34.0,,3.0,2.0,1.0,1.0,3.0,8.0,12.0,54.0,55.0,13.0,4.0,0.0,15.0,267.0,2.0,3.0,38.0,4.0,6.0,2.0,29.0,15.0
10385703,2022-2023,37.0,2023-05-20 14:00:00,Vitality Stadium,Chris Kavanagh,10240.0,Bournemouth,Manchester United,Home,0,1,-1,0,Loss,0,0,1,3.0,17.0,387.0,7.0,42.0,72.0,1.0,1.0,0.0,3.0,3.0,15.0,8.0,36.0,44.0,6.0,4.0,0.0,18.0,453.0,3.0,4.0,20.0,8.0,10.0,2.0,12.0,7.0
10385703,2022-2023,37.0,2023-05-20 14:00:00,Vitality Stadium,Chris Kavanagh,10240.0,Manchester United,Bournemouth,Away,1,0,1,3,Win,1,0,0,2.0,33.0,561.0,13.0,58.0,75.0,1.0,0.0,1.0,7.0,6.0,7.0,15.0,64.0,64.0,7.0,4.0,0.0,5.0,655.0,8.0,5.0,14.0,10.0,20.0,10.0,26.0,19.0
10385719,2022-2023,37.0,2023-05-20 16:30:00,City Ground,Anthony Taylor,29514.0,Nottingham Forest,Arsenal,Home,1,0,1,3,Win,1,0,0,0.0,16.0,80.0,9.0,18.0,,2.0,1.0,1.0,1.0,3.0,4.0,7.0,48.0,44.0,11.0,3.0,0.0,12.0,161.0,3.0,2.0,23.0,5.0,6.0,1.0,18.0,12.0
10385719,2022-2023,37.0,2023-05-20 16:30:00,City Ground,Anthony Taylor,29514.0,Arsenal,Nottingham Forest,Away,0,1,-1,0,Loss,0,0,1,1.0,10.0,644.0,27.0,82.0,,0.0,0.0,0.0,1.0,6.0,11.0,5.0,52.0,82.0,12.0,1.0,1.0,6.0,724.0,7.0,3.0,12.0,7.0,11.0,4.0,8.0,3.0
10385699,2022-2023,37.0,2023-05-21 15:00:00,Etihad Stadium,Michael Oliver,53490.0,Manchester City,Chelsea,Home,1,0,1,3,Win,1,0,0,2.0,23.0,633.0,4.0,65.0,,2.0,1.0,1.0,6.0,5.0,8.0,7.0,39.0,53.0,12.0,6.0,1.0,4.0,692.0,7.0,2.0,11.0,10.0,15.0,5.0,8.0,6.0
10385699,2022-2023,37.0,2023-05-21 15:00:00,Etihad Stadium,Michael Oliver,53490.0,Chelsea,Manchester City,Away,0,1,-1,0,Loss,0,0,1,3.0,20.0,330.0,5.0,35.0,,2.0,2.0,0.0,3.0,2.0,1.0,10.0,61.0,27.0,9.0,1.0,1.0,6.0,380.0,4.0,6.0,13.0,9.0,13.0,4.0,17.0,12.0
11230172,2022-2023,32.0,2023-05-24 19:00:00,American Express Stadium,Simon Hooper,31388.0,Brighton & Hove Albion,Manchester City,Home,1,1,0,1,Draw,0,1,0,9.0,25.0,325.0,9.0,40.0,,2.0,2.0,0.0,7.0,5.0,5.0,8.0,44.0,34.0,16.0,3.0,1.0,11.0,386.0,6.0,7.0,6.0,12.0,20.0,8.0,12.0,6.0
11230172,2022-2023,32.0,2023-05-24 19:00:00,American Express Stadium,Simon Hooper,31388.0,Manchester City,Brighton & Hove Albion,Away,1,1,0,1,Draw,0,1,0,5.0,26.0,540.0,12.0,60.0,,3.0,2.0,1.0,3.0,1.0,4.0,12.0,56.0,33.0,11.0,6.0,1.0,3.0,607.0,6.0,4.0,12.0,11.0,13.0,2.0,12.0,4.0
11230171,2022-2023,32.0,2023-05-25 19:00:00,Old Trafford,Stuart Attwell,73561.0,Manchester United,Chelsea,Home,4,1,3,3,Win,1,0,0,1.0,24.0,368.0,4.0,41.0,,7.0,4.0,3.0,5.0,3.0,12.0,14.0,42.0,39.0,12.0,4.0,2.0,4.0,438.0,4.0,9.0,11.0,13.0,18.0,5.0,19.0,10.0
11230171,2022-2023,32.0,2023-05-25 19:00:00,Old Trafford,Stuart Attwell,73561.0,Chelsea,Manchester United,Away,1,4,-3,0,Loss,0,0,1,6.0,21.0,558.0,8.0,59.0,,3.0,3.0,0.0,4.0,4.0,7.0,19.0,58.0,39.0,6.0,5.0,0.0,6.0,617.0,5.0,5.0,8.0,7.0,14.0,7.0,21.0,13.0
10385712,2022-2023,38.0,2023-05-28 15:30:00,Emirates Stadium,Andre Marriner,60095.0,Arsenal,Wolverhampton,Home,5,0,5,3,Win,1,0,0,1.0,17.0,406.0,11.0,51.0,,4.0,1.0,3.0,2.0,8.0,5.0,11.0,52.0,47.0,8.0,0.0,0.0,2.0,456.0,4.0,8.0,14.0,11.0,14.0,3.0,17.0,14.0
10385712,2022-2023,38.0,2023-05-28 15:30:00,Emirates Stadium,Andre Marriner,60095.0,Wolverhampton,Arsenal,Away,0,5,-5,0,Loss,0,0,1,3.0,19.0,380.0,12.0,49.0,,0.0,0.0,0.0,2.0,4.0,9.0,16.0,48.0,36.0,11.0,3.0,0.0,2.0,432.0,4.0,0.0,22.0,4.0,6.0,2.0,9.0,4.0
10385709,2022-2023,38.0,2023-05-28 15:30:00,Stamford Bridge,Jarred Gillett,40130.0,Chelsea,Newcastle United,Home,1,1,0,1,Draw,0,1,0,5.0,21.0,527.0,6.0,64.0,49.0,2.0,2.0,0.0,8.0,10.0,5.0,14.0,55.0,52.0,9.0,3.0,0.0,7.0,593.0,9.0,5.0,10.0,13.0,22.0,9.0,21.0,9.0
10385709,2022-2023,38.0,2023-05-28 15:30:00,Stamford Bridge,Jarred Gillett,40130.0,Newcastle United,Chelsea,Away,1,1,0,1,Draw,0,1,0,2.0,13.0,274.0,5.0,36.0,44.0,2.0,1.0,1.0,4.0,3.0,10.0,14.0,45.0,30.0,11.0,5.0,1.0,8.0,329.0,5.0,4.0,28.0,8.0,13.0,5.0,14.0,6.0
10385731,2022-2023,38.0,2023-05-28 15:30:00,St. Mary's Stadium,Darren England,31129.0,Southampton,Liverpool,Home,4,4,0,1,Draw,0,1,0,4.0,11.0,201.0,12.0,31.0,62.0,2.0,0.0,2.0,0.0,2.0,7.0,17.0,56.0,31.0,4.0,4.0,0.0,17.0,272.0,5.0,10.0,36.0,9.0,15.0,6.0,21.0,15.0
10385731,2022-2023,38.0,2023-05-28 15:30:00,St. Mary's Stadium,Darren England,31129.0,Liverpool,Southampton,Away,4,4,0,1,Draw,0,1,0,8.0,30.0,524.0,12.0,69.0,64.0,6.0,2.0,4.0,11.0,9.0,13.0,10.0,44.0,79.0,10.0,6.0,1.0,13.0,604.0,11.0,8.0,2.0,16.0,30.0,14.0,20.0,15.0
10385711,2022-2023,38.0,2023-05-28 15:30:00,Brentford Community Stadium,John Brooks,17120.0,Brentford,Manchester City,Home,1,0,1,3,Win,1,0,0,6.0,26.0,256.0,12.0,34.0,,2.0,1.0,1.0,3.0,3.0,9.0,7.0,46.0,41.0,12.0,2.0,0.0,10.0,323.0,4.0,4.0,17.0,9.0,11.0,2.0,17.0,11.0
10385711,2022-2023,38.0,2023-05-28 15:30:00,Brentford Community Stadium,John Brooks,17120.0,Manchester City,Brentford,Away,0,1,-1,0,Loss,0,0,1,1.0,22.0,570.0,12.0,66.0,,1.0,1.0,0.0,8.0,4.0,13.0,13.0,54.0,59.0,8.0,3.0,0.0,7.0,635.0,6.0,3.0,15.0,11.0,17.0,6.0,14.0,5.0
10385717,2022-2023,38.0,2023-05-28 15:30:00,Old Trafford,Robert Jones,73465.0,Manchester United,Fulham,Home,2,1,1,3,Win,1,0,0,3.0,13.0,415.0,13.0,53.0,60.0,6.0,4.0,2.0,6.0,5.0,4.0,9.0,50.0,50.0,14.0,2.0,1.0,14.0,493.0,7.0,8.0,10.0,12.0,21.0,9.0,19.0,15.0
10385717,2022-2023,38.0,2023-05-28 15:30:00,Old Trafford,Robert Jones,73465.0,Fulham,Manchester United,Away,1,2,-1,0,Loss,0,0,1,8.0,29.0,358.0,15.0,47.0,57.0,3.0,2.0,1.0,1.0,4.0,12.0,7.0,50.0,34.0,10.0,6.0,0.0,11.0,426.0,6.0,3.0,17.0,6.0,10.0,4.0,15.0,10.0
10385604,2022-2023,33.0,2023-04-27 19:15:00,Tottenham Hotspur Stadium,Anthony Taylor,61586.0,Tottenham Hotspur,Manchester United,Home,2,2,0,1,Draw,0,1,0,4.0,24.0,315.0,12.0,40.0,,4.0,3.0,1.0,4.0,6.0,9.0,9.0,53.0,49.0,8.0,5.0,0.0,13.0,387.0,7.0,7.0,25.0,12.0,18.0,6.0,19.0,13.0
10385604,2022-2023,33.0,2023-04-27 19:15:00,Tottenham Hotspur Stadium,Anthony Taylor,61586.0,Manchester United,Tottenham Hotspur,Away,2,2,0,1,Draw,0,1,0,2.0,34.0,518.0,11.0,60.0,,4.0,3.0,1.0,4.0,8.0,7.0,7.0,47.0,64.0,7.0,5.0,1.0,14.0,600.0,5.0,8.0,18.0,11.0,17.0,6.0,16.0,13.0
10385638,2022-2023,34.0,2023-04-30 13:00:00,Craven Cottage,Simon Hooper,24498.0,Fulham,Manchester City,Home,1,2,-1,0,Loss,0,0,1,2.0,13.0,308.0,15.0,37.0,48.0,1.0,0.0,1.0,2.0,2.0,11.0,6.0,54.0,35.0,9.0,7.0,0.0,9.0,379.0,1.0,1.0,31.0,1.0,4.0,3.0,22.0,14.0
10385638,2022-2023,34.0,2023-04-30 13:00:00,Craven Cottage,Simon Hooper,24498.0,Manchester City,Fulham,Away,2,1,1,3,Win,1,0,0,3.0,47.0,563.0,17.0,63.0,56.0,3.0,2.0,1.0,0.0,5.0,10.0,8.0,46.0,70.0,10.0,0.0,1.0,5.0,647.0,3.0,9.0,14.0,11.0,12.0,1.0,14.0,10.0
10385632,2022-2023,34.0,2023-04-30 13:00:00,Old Trafford,Jarred Gillett,73592.0,Manchester United,Aston Villa,Home,1,0,1,3,Win,1,0,0,1.0,36.0,434.0,6.0,57.0,,2.0,1.0,1.0,2.0,1.0,8.0,8.0,45.0,65.0,16.0,1.0,1.0,12.0,511.0,6.0,6.0,17.0,8.0,14.0,6.0,14.0,11.0
10385632,2022-2023,34.0,2023-04-30 13:00:00,Old Trafford,Jarred Gillett,73592.0,Aston Villa,Manchester United,Away,0,1,-1,0,Loss,0,0,1,1.0,32.0,289.0,6.0,43.0,,0.0,0.0,0.0,4.0,4.0,9.0,5.0,55.0,32.0,7.0,5.0,0.0,2.0,370.0,2.0,1.0,18.0,5.0,7.0,2.0,15.0,7.0
10385647,2022-2023,34.0,2023-04-30 15:30:00,Anfield,Paul Tierney,53275.0,Liverpool,Tottenham Hotspur,Home,4,3,1,3,Win,1,0,0,6.0,32.0,639.0,20.0,68.0,,4.0,0.0,4.0,4.0,4.0,7.0,11.0,50.0,84.0,12.0,3.0,0.0,1.0,724.0,4.0,4.0,9.0,10.0,12.0,2.0,16.0,11.0
10385647,2022-2023,34.0,2023-04-30 15:30:00,Anfield,Paul Tierney,53275.0,Tottenham Hotspur,Liverpool,Away,3,4,-1,0,Loss,0,0,1,4.0,18.0,250.0,7.0,32.0,,4.0,1.0,3.0,0.0,2.0,9.0,9.0,50.0,36.0,6.0,0.0,2.0,8.0,339.0,3.0,7.0,18.0,7.0,10.0,3.0,24.0,15.0
11205391,2022-2023,34.0,2023-05-02 19:00:00,Emirates Stadium,Robert Jones,60144.0,Arsenal,Chelsea,Home,3,1,2,3,Win,1,0,0,4.0,19.0,470.0,12.0,55.0,,4.0,2.0,2.0,3.0,7.0,9.0,6.0,43.0,56.0,10.0,3.0,0.0,7.0,543.0,3.0,10.0,12.0,13.0,16.0,3.0,12.0,4.0
11205391,2022-2023,34.0,2023-05-02 19:00:00,Emirates Stadium,Robert Jones,60144.0,Chelsea,Arsenal,Away,1,3,-2,0,Loss,0,0,1,3.0,21.0,383.0,20.0,45.0,,2.0,1.0,1.0,2.0,2.0,8.0,9.0,57.0,29.0,10.0,6.0,0.0,7.0,455.0,1.0,4.0,22.0,5.0,7.0,2.0,15.0,11.0
11157124,2022-2023,28.0,2023-05-03 19:00:00,Anfield,Stuart Attwell,52602.0,Liverpool,Fulham,Home,1,0,1,3,Win,1,0,0,5.0,32.0,522.0,14.0,57.0,62.0,2.0,1.0,1.0,3.0,7.0,7.0,13.0,54.0,70.0,10.0,3.0,0.0,6.0,613.0,9.0,3.0,18.0,6.0,15.0,9.0,14.0,8.0
11157124,2022-2023,28.0,2023-05-03 19:00:00,Anfield,Stuart Attwell,52602.0,Fulham,Liverpool,Away,0,1,-1,0,Loss,0,0,1,3.0,33.0,381.0,7.0,43.0,54.0,1.0,1.0,0.0,3.0,5.0,9.0,9.0,46.0,50.0,8.0,2.0,0.0,11.0,454.0,3.0,3.0,33.0,7.0,9.0,2.0,15.0,8.0
11157238,2022-2023,28.0,2023-05-03 19:00:00,Etihad Stadium,John Brooks,53305.0,Manchester City,West Ham United,Home,3,0,3,3,Win,1,0,0,4.0,17.0,656.0,10.0,69.0,59.0,6.0,4.0,2.0,2.0,6.0,8.0,9.0,52.0,61.0,8.0,2.0,2.0,5.0,723.0,7.0,7.0,11.0,10.0,16.0,6.0,16.0,9.0
11157238,2022-2023,28.0,2023-05-03 19:00:00,Etihad Stadium,John Brooks,53305.0,West Ham United,Manchester City,Away,0,3,-3,0,Loss,0,0,1,0.0,18.0,255.0,14.0,31.0,51.0,1.0,1.0,0.0,1.0,3.0,7.0,6.0,48.0,34.0,8.0,4.0,0.0,11.0,327.0,3.0,2.0,24.0,3.0,6.0,3.0,12.0,8.0
11157237,2022-2023,28.0,2023-05-04 19:00:00,American Express Stadium,Andre Marriner,31577.0,Brighton & Hove Albion,Manchester United,Home,1,0,1,3,Win,1,0,0,5.0,33.0,486.0,12.0,60.0,,2.0,1.0,1.0,5.0,8.0,8.0,10.0,52.0,55.0,10.0,5.0,1.0,10.0,563.0,11.0,6.0,6.0,14.0,22.0,8.0,15.0,8.0
11157237,2022-2023,28.0,2023-05-04 19:00:00,American Express Stadium,Andre Marriner,31577.0,Manchester United,Brighton & Hove Albion,Away,0,1,-1,0,Loss,0,0,1,1.0,17.0,291.0,7.0,40.0,,2.0,2.0,0.0,5.0,6.0,6.0,11.0,48.0,46.0,14.0,5.0,0.0,6.0,385.0,6.0,5.0,13.0,8.0,16.0,8.0,20.0,13.0
10385637,2022-2023,35.0,2023-05-06 14:00:00,Vitality Stadium,John Brooks,10357.0,Bournemouth,Chelsea,Home,1,3,-2,0,Loss,0,0,1,4.0,14.0,230.0,11.0,34.0,,1.0,1.0,0.0,2.0,7.0,6.0,8.0,49.0,37.0,9.0,2.0,0.0,8.0,305.0,4.0,4.0,25.0,7.0,10.0,3.0,16.0,9.0
10385637,2022-2023,35.0,2023-05-06 14:00:00,Vitality Stadium,John Brooks,10357.0,Chelsea,Bournemouth,Away,3,1,2,3,Win,1,0,0,5.0,25.0,529.0,11.0,66.0,,2.0,0.0,2.0,1.0,7.0,6.0,15.0,51.0,62.0,11.0,3.0,0.0,9.0,600.0,5.0,5.0,10.0,6.0,11.0,5.0,12.0,11.0
10385655,2022-2023,35.0,2023-05-06 14:00:00,Etihad Stadium,Andy Madley,53406.0,Manchester City,Leeds United,Home,2,1,1,3,Win,1,0,0,5.0,19.0,795.0,13.0,81.0,66.0,4.0,4.0,,2.0,10.0,8.0,14.0,65.0,111.0,3.0,1.0,2.0,5.0,873.0,10.0,6.0,7.0,9.0,18.0,9.0,7.0,5.0
10385655,2022-2023,35.0,2023-05-06 14:00:00,Etihad Stadium,Andy Madley,53406.0,Leeds United,Manchester City,Away,1,2,-1,0,Loss,0,0,1,3.0,16.0,120.0,12.0,19.0,49.0,0.0,0.0,,1.0,1.0,5.0,1.0,35.0,36.0,16.0,4.0,0.0,4.0,201.0,1.0,2.0,27.0,4.0,4.0,0.0,10.0,5.0
10385654,2022-2023,35.0,2023-05-06 16:30:00,Anfield,Anthony Taylor,52838.0,Liverpool,Brentford,Home,1,0,1,3,Win,1,0,0,2.0,21.0,308.0,14.0,54.0,,4.0,3.0,1.0,4.0,7.0,7.0,8.0,43.0,61.0,19.0,2.0,0.0,4.0,378.0,6.0,5.0,27.0,8.0,15.0,7.0,9.0,5.0
10385654,2022-2023,35.0,2023-05-06 16:30:00,Anfield,Anthony Taylor,52838.0,Brentford,Liverpool,Away,0,1,-1,0,Loss,0,0,1,1.0,32.0,244.0,14.0,46.0,,0.0,0.0,0.0,1.0,3.0,5.0,8.0,57.0,62.0,10.0,4.0,0.0,8.0,326.0,3.0,1.0,18.0,3.0,5.0,2.0,11.0,6.0
10385658,2022-2023,35.0,2023-05-07 15:30:00,St James' Park,Chris Kavanagh,50267.0,Newcastle United,Arsenal,Home,0,2,-2,0,Loss,0,0,1,7.0,16.0,315.0,17.0,54.0,,2.0,2.0,,3.0,9.0,13.0,12.0,50.0,44.0,16.0,5.0,2.0,8.0,395.0,4.0,5.0,11.0,9.0,12.0,3.0,18.0,9.0
10385658,2022-2023,35.0,2023-05-07 15:30:00,St James' Park,Chris Kavanagh,50267.0,Arsenal,Newcastle United,Away,2,0,2,3,Win,1,0,0,0.0,9.0,274.0,12.0,46.0,,2.0,2.0,,2.0,4.0,11.0,6.0,50.0,47.0,12.0,5.0,1.0,8.0,346.0,2.0,6.0,24.0,8.0,10.0,2.0,23.0,18.0
10385646,2022-2023,35.0,2023-05-07 18:00:00,London Stadium,Peter Bankes,62477.0,West Ham United,Manchester United,Home,1,0,1,3,Win,1,0,0,6.0,24.0,263.0,17.0,35.0,61.0,2.0,2.0,,6.0,5.0,11.0,10.0,55.0,47.0,4.0,4.0,1.0,10.0,345.0,5.0,4.0,20.0,10.0,15.0,5.0,17.0,7.0
10385646,2022-2023,35.0,2023-05-07 18:00:00,London Stadium,Peter Bankes,62477.0,Manchester United,West Ham United,Away,0,1,-1,0,Loss,0,0,1,3.0,19.0,588.0,15.0,65.0,58.0,1.0,1.0,,3.0,7.0,8.0,10.0,45.0,58.0,9.0,3.0,2.0,10.0,680.0,12.0,4.0,18.0,11.0,19.0,8.0,14.0,7.0
10385580,2022-2023,30.0,2023-04-08 16:30:00,St. Mary's Stadium,Robert Jones,30963.0,Southampton,Manchester City,Home,1,4,-3,0,Loss,0,0,1,2.0,12.0,204.0,7.0,27.0,,1.0,0.0,1.0,1.0,0.0,3.0,13.0,53.0,34.0,6.0,4.0,0.0,8.0,271.0,2.0,1.0,22.0,3.0,4.0,1.0,11.0,9.0
10385580,2022-2023,30.0,2023-04-08 16:30:00,St. Mary's Stadium,Robert Jones,30963.0,Manchester City,Southampton,Away,4,1,3,3,Win,1,0,0,3.0,29.0,653.0,13.0,73.0,,5.0,1.0,4.0,3.0,10.0,7.0,8.0,47.0,52.0,10.0,0.0,0.0,6.0,732.0,2.0,8.0,4.0,12.0,13.0,1.0,9.0,7.0
10385572,2022-2023,30.0,2023-04-09 15:30:00,Anfield,Paul Tierney,53267.0,Liverpool,Arsenal,Home,2,2,0,1,Draw,0,1,0,9.0,31.0,432.0,14.0,59.0,69.0,8.0,6.0,2.0,5.0,5.0,13.0,4.0,45.0,55.0,11.0,3.0,0.0,11.0,525.0,10.0,6.0,12.0,19.0,21.0,2.0,22.0,12.0
10385572,2022-2023,30.0,2023-04-09 15:30:00,Anfield,Paul Tierney,53267.0,Arsenal,Liverpool,Away,2,2,0,1,Draw,0,1,0,4.0,25.0,285.0,13.0,41.0,66.0,3.0,1.0,2.0,2.0,4.0,9.0,17.0,55.0,64.0,11.0,4.0,0.0,10.0,372.0,2.0,5.0,28.0,6.0,9.0,3.0,21.0,11.0
10385565,2022-2023,31.0,2023-04-15 14:00:00,Stamford Bridge,Robert Jones,40126.0,Chelsea,Brighton & Hove Albion,Home,1,2,-1,0,Loss,0,0,1,3.0,15.0,330.0,9.0,43.0,57.0,0.0,0.0,,1.0,2.0,13.0,9.0,44.0,30.0,11.0,9.0,1.0,13.0,405.0,5.0,2.0,18.0,4.0,8.0,4.0,18.0,13.0
10385565,2022-2023,31.0,2023-04-15 14:00:00,Stamford Bridge,Robert Jones,40126.0,Brighton & Hove Albion,Chelsea,Away,2,1,1,3,Win,1,0,0,4.0,19.0,475.0,8.0,57.0,61.0,5.0,5.0,,6.0,8.0,7.0,16.0,56.0,50.0,11.0,1.0,2.0,6.0,555.0,10.0,10.0,11.0,17.0,26.0,9.0,24.0,13.0
10385586,2022-2023,31.0,2023-04-15 16:30:00,Etihad Stadium,Darren England,53329.0,Manchester City,Leicester City,Home,3,1,2,3,Win,1,0,0,2.0,47.0,695.0,7.0,71.0,,2.0,0.0,2.0,3.0,6.0,5.0,13.0,47.0,74.0,8.0,3.0,0.0,1.0,754.0,5.0,4.0,9.0,7.0,12.0,5.0,11.0,6.0
10385586,2022-2023,31.0,2023-04-15 16:30:00,Etihad Stadium,Darren England,53329.0,Leicester City,Manchester City,Away,1,3,-2,0,Loss,0,0,1,5.0,21.0,254.0,15.0,29.0,,3.0,2.0,1.0,3.0,2.0,6.0,10.0,53.0,27.0,8.0,1.0,1.0,6.0,317.0,4.0,4.0,25.0,8.0,11.0,3.0,10.0,7.0
10385579,2022-2023,31.0,2023-04-16 13:00:00,London Stadium,David Coote,62475.0,West Ham United,Arsenal,Home,2,2,0,1,Draw,0,1,0,6.0,17.0,153.0,21.0,28.0,,3.0,1.0,2.0,7.0,7.0,8.0,5.0,50.0,46.0,11.0,3.0,1.0,15.0,222.0,6.0,3.0,14.0,13.0,16.0,3.0,17.0,8.0
10385579,2022-2023,31.0,2023-04-16 13:00:00,London Stadium,David Coote,62475.0,Arsenal,West Ham United,Away,2,2,0,1,Draw,0,1,0,6.0,21.0,519.0,19.0,72.0,,3.0,1.0,2.0,2.0,2.0,7.0,11.0,50.0,58.0,8.0,1.0,0.0,3.0,597.0,4.0,5.0,23.0,10.0,11.0,1.0,13.0,9.0
10385587,2022-2023,31.0,2023-04-16 15:30:00,City Ground,Simon Hooper,29435.0,Nottingham Forest,Manchester United,Home,0,2,-2,0,Loss,0,0,1,3.0,21.0,183.0,13.0,32.0,,2.0,2.0,0.0,2.0,4.0,5.0,3.0,48.0,48.0,9.0,5.0,1.0,11.0,281.0,4.0,0.0,28.0,4.0,6.0,2.0,20.0,11.0
10385587,2022-2023,31.0,2023-04-16 15:30:00,City Ground,Simon Hooper,29435.0,Manchester United,Nottingham Forest,Away,2,0,2,3,Win,1,0,0,4.0,21.0,504.0,15.0,68.0,,6.0,4.0,2.0,5.0,9.0,11.0,12.0,52.0,65.0,9.0,0.0,2.0,12.0,608.0,9.0,8.0,16.0,16.0,22.0,6.0,12.0,10.0
10385584,2022-2023,31.0,2023-04-17 19:00:00,Elland Road,Craig Pawson,36657.0,Leeds United,Liverpool,Home,1,6,-5,0,Loss,0,0,1,3.0,20.0,204.0,10.0,26.0,,2.0,1.0,1.0,3.0,4.0,10.0,11.0,48.0,33.0,6.0,1.0,1.0,11.0,296.0,7.0,3.0,17.0,7.0,13.0,6.0,13.0,7.0
10385584,2022-2023,31.0,2023-04-17 19:00:00,Elland Road,Craig Pawson,36657.0,Liverpool,Leeds United,Away,6,1,5,3,Win,1,0,0,4.0,31.0,774.0,9.0,74.0,,4.0,0.0,4.0,2.0,2.0,7.0,12.0,52.0,83.0,12.0,2.0,0.0,8.0,869.0,4.0,7.0,16.0,11.0,13.0,2.0,21.0,10.0
10385607,2022-2023,32.0,2023-04-21 19:00:00,Emirates Stadium,Simon Hooper,60175.0,Arsenal,Southampton,Home,3,3,0,1,Draw,0,1,0,8.0,27.0,577.0,15.0,74.0,65.0,3.0,1.0,2.0,8.0,7.0,10.0,11.0,51.0,108.0,10.0,3.0,1.0,4.0,670.0,11.0,6.0,4.0,18.0,25.0,7.0,17.0,10.0
10385607,2022-2023,32.0,2023-04-21 19:00:00,Emirates Stadium,Simon Hooper,60175.0,Southampton,Arsenal,Away,3,3,0,1,Draw,0,1,0,3.0,13.0,153.0,11.0,26.0,61.0,2.0,0.0,2.0,1.0,2.0,11.0,12.0,49.0,40.0,14.0,2.0,0.0,15.0,237.0,1.0,6.0,41.0,6.0,8.0,2.0,22.0,15.0
10385597,2022-2023,32.0,2023-04-22 14:00:00,Anfield,Michael Oliver,53254.0,Liverpool,Nottingham Forest,Home,3,2,1,3,Win,1,0,0,9.0,29.0,570.0,19.0,81.0,,5.0,3.0,2.0,5.0,9.0,7.0,8.0,57.0,76.0,9.0,3.0,0.0,5.0,650.0,7.0,6.0,12.0,16.0,18.0,2.0,14.0,8.0
10385597,2022-2023,32.0,2023-04-22 14:00:00,Anfield,Michael Oliver,53254.0,Nottingham Forest,Liverpool,Away,2,3,-1,0,Loss,0,0,1,3.0,16.0,78.0,14.0,19.0,,1.0,1.0,0.0,1.0,3.0,6.0,3.0,43.0,35.0,12.0,2.0,1.0,12.0,148.0,5.0,5.0,27.0,7.0,11.0,4.0,15.0,11.0
10385633,2022-2023,33.0,2023-04-26 18:45:00,Stamford Bridge,Andy Madley,39929.0,Chelsea,Brentford,Home,0,2,-2,0,Loss,0,0,1,5.0,25.0,614.0,19.0,73.0,56.0,1.0,1.0,,3.0,5.0,7.0,17.0,63.0,87.0,5.0,0.0,0.0,9.0,696.0,8.0,4.0,19.0,10.0,15.0,5.0,12.0,6.0
10385633,2022-2023,33.0,2023-04-26 18:45:00,Stamford Bridge,Andy Madley,39929.0,Brentford,Chelsea,Away,2,0,2,3,Win,1,0,0,3.0,27.0,173.0,15.0,27.0,58.0,0.0,0.0,,1.0,2.0,9.0,3.0,37.0,54.0,13.0,4.0,0.0,9.0,263.0,5.0,1.0,23.0,7.0,7.0,0.0,13.0,6.0
10385616,2022-2023,33.0,2023-04-26 18:45:00,London Stadium,Chris Kavanagh,62473.0,West Ham United,Liverpool,Home,1,2,-1,0,Loss,0,0,1,2.0,29.0,217.0,16.0,27.0,,2.0,2.0,0.0,1.0,3.0,10.0,13.0,46.0,46.0,6.0,2.0,0.0,18.0,311.0,4.0,2.0,13.0,5.0,7.0,2.0,13.0,11.0
10385616,2022-2023,33.0,2023-04-26 18:45:00,London Stadium,Chris Kavanagh,62473.0,Liverpool,West Ham United,Away,2,1,1,3,Win,1,0,0,6.0,32.0,743.0,28.0,73.0,,4.0,3.0,1.0,7.0,6.0,7.0,6.0,54.0,88.0,8.0,1.0,0.0,18.0,850.0,9.0,4.0,17.0,14.0,20.0,6.0,20.0,11.0
10385636,2022-2023,33.0,2023-04-26 19:00:00,Etihad Stadium,Michael Oliver,53482.0,Manchester City,Arsenal,Home,4,1,3,3,Win,1,0,0,0.0,27.0,422.0,15.0,52.0,,4.0,2.0,2.0,2.0,1.0,6.0,7.0,52.0,38.0,13.0,1.0,0.0,9.0,496.0,3.0,9.0,8.0,11.0,14.0,3.0,11.0,8.0
10385636,2022-2023,33.0,2023-04-26 19:00:00,Etihad Stadium,Michael Oliver,53482.0,Arsenal,Manchester City,Away,1,4,-3,0,Loss,0,0,1,0.0,15.0,387.0,12.0,48.0,,0.0,0.0,0.0,3.0,3.0,8.0,9.0,48.0,47.0,13.0,5.0,0.0,5.0,457.0,3.0,2.0,12.0,4.0,8.0,4.0,10.0,4.0
10385526,2022-2023,28.0,2023-03-18 17:30:00,Stamford Bridge,Darren England,40025.0,Chelsea,Everton,Home,2,2,0,1,Draw,0,1,0,10.0,30.0,455.0,19.0,69.0,,1.0,0.0,1.0,10.0,8.0,12.0,11.0,57.0,70.0,8.0,1.0,0.0,8.0,542.0,3.0,7.0,9.0,16.0,20.0,4.0,15.0,11.0
10385526,2022-2023,28.0,2023-03-18 17:30:00,Stamford Bridge,Darren England,40025.0,Everton,Chelsea,Away,2,2,0,1,Draw,0,1,0,3.0,11.0,165.0,9.0,31.0,,3.0,1.0,2.0,5.0,2.0,7.0,6.0,43.0,51.0,12.0,5.0,0.0,6.0,246.0,4.0,3.0,32.0,7.0,12.0,5.0,20.0,13.0
10385522,2022-2023,28.0,2023-03-19 14:00:00,Emirates Stadium,Stuart Attwell,60247.0,Arsenal,Crystal Palace,Home,4,1,3,3,Win,1,0,0,6.0,23.0,509.0,18.0,62.0,,1.0,0.0,1.0,5.0,5.0,8.0,7.0,55.0,76.0,8.0,4.0,0.0,4.0,587.0,5.0,5.0,10.0,10.0,15.0,5.0,15.0,9.0
10385522,2022-2023,28.0,2023-03-19 14:00:00,Emirates Stadium,Stuart Attwell,60247.0,Crystal Palace,Arsenal,Away,1,4,-3,0,Loss,0,0,1,2.0,21.0,279.0,11.0,38.0,,2.0,1.0,1.0,3.0,4.0,7.0,4.0,45.0,37.0,10.0,1.0,1.0,18.0,358.0,1.0,5.0,32.0,8.0,9.0,1.0,18.0,10.0
10385561,2022-2023,29.0,2023-04-01 11:30:00,Etihad Stadium,Simon Hooper,52877.0,Manchester City,Liverpool,Home,4,1,3,3,Win,1,0,0,2.0,31.0,693.0,1.0,68.0,,4.0,,4.0,6.0,7.0,8.0,12.0,46.0,57.0,9.0,0.0,0.0,4.0,754.0,3.0,8.0,10.0,14.0,17.0,3.0,7.0,0.0
10385561,2022-2023,29.0,2023-04-01 11:30:00,Etihad Stadium,Simon Hooper,52877.0,Liverpool,Manchester City,Away,1,4,-3,0,Loss,0,0,1,1.0,21.0,288.0,7.0,32.0,,0.0,,0.0,3.0,1.0,7.0,10.0,54.0,27.0,12.0,4.0,0.0,9.0,350.0,0.0,1.0,16.0,4.0,4.0,0.0,12.0,8.0
10385553,2022-2023,29.0,2023-04-01 14:00:00,Emirates Stadium,Darren England,60.0,Arsenal,Leeds United,Home,4,1,3,3,Win,1,0,0,6.0,21.0,544.0,20.0,67.0,,6.0,2.0,4.0,5.0,4.0,8.0,13.0,55.0,60.0,11.0,4.0,0.0,8.0,636.0,2.0,6.0,17.0,11.0,13.0,2.0,15.0,9.0
10385553,2022-2023,29.0,2023-04-01 14:00:00,Emirates Stadium,Darren England,60.0,Leeds United,Arsenal,Away,1,4,-3,0,Loss,0,0,1,1.0,19.0,220.0,12.0,33.0,,0.0,0.0,0.0,1.0,3.0,9.0,6.0,45.0,51.0,13.0,1.0,0.0,13.0,307.0,1.0,5.0,13.0,6.0,7.0,1.0,21.0,12.0
10385535,2022-2023,29.0,2023-04-01 16:30:00,Stamford Bridge,Andy Madley,40082.0,Chelsea,Aston Villa,Home,0,2,-2,0,Loss,0,0,1,6.0,38.0,543.0,11.0,69.0,,3.0,3.0,0.0,4.0,13.0,5.0,18.0,50.0,76.0,14.0,0.0,1.0,9.0,600.0,15.0,8.0,4.0,19.0,27.0,8.0,18.0,13.0
10385535,2022-2023,29.0,2023-04-01 16:30:00,Stamford Bridge,Andy Madley,40082.0,Aston Villa,Chelsea,Away,2,0,2,3,Win,1,0,0,0.0,15.0,214.0,13.0,31.0,,2.0,1.0,1.0,0.0,2.0,6.0,11.0,50.0,23.0,16.0,7.0,1.0,8.0,285.0,3.0,2.0,32.0,2.0,5.0,3.0,24.0,14.0
10385558,2022-2023,29.0,2023-04-02 15:30:00,St James' Park,Stuart Attwell,52268.0,Newcastle United,Manchester United,Home,2,0,2,3,Win,1,0,0,8.0,19.0,264.0,14.0,46.0,,4.0,2.0,2.0,7.0,7.0,9.0,11.0,58.0,34.0,8.0,1.0,2.0,11.0,343.0,9.0,6.0,8.0,16.0,22.0,6.0,22.0,15.0
10385558,2022-2023,29.0,2023-04-02 15:30:00,St James' Park,Stuart Attwell,52268.0,Manchester United,Newcastle United,Away,0,2,-2,0,Loss,0,0,1,3.0,23.0,338.0,8.0,54.0,,0.0,0.0,0.0,2.0,4.0,7.0,9.0,42.0,34.0,12.0,4.0,0.0,9.0,417.0,3.0,1.0,22.0,5.0,6.0,1.0,18.0,12.0
11077468,2022-2023,8.0,2023-04-04 19:00:00,Stamford Bridge,Anthony Taylor,40093.0,Chelsea,Liverpool,Home,0,0,0,1,Draw,0,1,0,1.0,26.0,437.0,8.0,50.0,,4.0,4.0,,2.0,3.0,9.0,16.0,64.0,55.0,6.0,3.0,0.0,12.0,522.0,7.0,3.0,14.0,9.0,12.0,3.0,24.0,18.0
11077468,2022-2023,8.0,2023-04-04 19:00:00,Stamford Bridge,Anthony Taylor,40093.0,Liverpool,Chelsea,Away,0,0,0,1,Draw,0,1,0,1.0,27.0,449.0,10.0,50.0,,0.0,0.0,,3.0,5.0,16.0,11.0,36.0,55.0,17.0,2.0,0.0,6.0,537.0,0.0,4.0,17.0,2.0,7.0,5.0,13.0,7.0
11077474,2022-2023,25.0,2023-04-05 19:00:00,Old Trafford,John Brooks,73309.0,Manchester United,Brentford,Home,1,0,1,3,Win,1,0,0,1.0,39.0,528.0,23.0,65.0,,1.0,0.0,1.0,7.0,12.0,7.0,10.0,53.0,71.0,9.0,1.0,0.0,8.0,616.0,8.0,3.0,14.0,8.0,18.0,10.0,15.0,11.0
11077474,2022-2023,25.0,2023-04-05 19:00:00,Old Trafford,John Brooks,73309.0,Brentford,Manchester United,Away,0,1,-1,0,Loss,0,0,1,3.0,26.0,249.0,17.0,35.0,,1.0,1.0,0.0,1.0,3.0,8.0,10.0,47.0,45.0,13.0,2.0,0.0,10.0,327.0,4.0,1.0,26.0,4.0,6.0,2.0,18.0,13.0
10385578,2022-2023,30.0,2023-04-08 11:30:00,Old Trafford,Michael Oliver,73509.0,Manchester United,Everton,Home,2,0,2,3,Win,1,0,0,3.0,33.0,535.0,14.0,64.0,,7.0,6.0,1.0,8.0,10.0,14.0,13.0,43.0,57.0,10.0,1.0,1.0,7.0,614.0,10.0,11.0,22.0,20.0,29.0,9.0,10.0,6.0
10385578,2022-2023,30.0,2023-04-08 11:30:00,Old Trafford,Michael Oliver,73509.0,Everton,Manchester United,Away,0,2,-2,0,Loss,0,0,1,5.0,26.0,236.0,14.0,36.0,,1.0,1.0,0.0,8.0,4.0,4.0,8.0,57.0,48.0,9.0,9.0,0.0,6.0,331.0,6.0,1.0,15.0,9.0,15.0,6.0,30.0,20.0
10385571,2022-2023,30.0,2023-04-08 14:00:00,Molineux Stadium,Peter Bankes,31614.0,Wolverhampton,Chelsea,Home,1,0,1,3,Win,1,0,0,3.0,18.0,234.0,9.0,38.0,,1.0,1.0,,2.0,8.0,15.0,11.0,42.0,50.0,14.0,1.0,0.0,10.0,314.0,3.0,4.0,28.0,6.0,9.0,3.0,22.0,13.0
10385571,2022-2023,30.0,2023-04-08 14:00:00,Molineux Stadium,Peter Bankes,31614.0,Chelsea,Wolverhampton,Away,0,1,-1,0,Loss,0,0,1,6.0,14.0,443.0,16.0,62.0,,0.0,0.0,,8.0,8.0,13.0,14.0,58.0,56.0,10.0,3.0,0.0,3.0,530.0,4.0,1.0,27.0,8.0,13.0,5.0,27.0,15.0
10385488,2022-2023,25.0,2023-02-26 13:30:00,Tottenham Hotspur Stadium,Stuart Attwell,61613.0,Tottenham Hotspur,Chelsea,Home,2,0,2,3,Win,1,0,0,2.0,24.0,337.0,17.0,41.0,,1.0,,1.0,1.0,4.0,10.0,11.0,57.0,35.0,10.0,2.0,1.0,10.0,410.0,4.0,3.0,22.0,4.0,8.0,4.0,27.0,16.0
10385488,2022-2023,25.0,2023-02-26 13:30:00,Tottenham Hotspur Stadium,Stuart Attwell,61613.0,Chelsea,Tottenham Hotspur,Away,0,2,-2,0,Loss,0,0,1,0.0,27.0,532.0,11.0,59.0,,0.0,,0.0,3.0,4.0,15.0,10.0,43.0,62.0,10.0,1.0,0.0,12.0,596.0,5.0,2.0,23.0,1.0,10.0,9.0,19.0,15.0
11047751,2022-2023,7.0,2023-03-01 19:45:00,Emirates Stadium,Michael Oliver,60213.0,Arsenal,Everton,Home,4,0,4,3,Win,1,0,0,2.0,31.0,655.0,11.0,73.0,,4.0,1.0,3.0,5.0,5.0,11.0,6.0,46.0,83.0,5.0,5.0,0.0,7.0,748.0,5.0,5.0,10.0,14.0,15.0,1.0,7.0,7.0
11047751,2022-2023,7.0,2023-03-01 19:45:00,Emirates Stadium,Michael Oliver,60213.0,Everton,Arsenal,Away,0,4,-4,0,Loss,0,0,1,1.0,19.0,185.0,15.0,27.0,,2.0,2.0,0.0,1.0,1.0,5.0,10.0,54.0,45.0,12.0,1.0,0.0,12.0,274.0,2.0,5.0,23.0,5.0,8.0,3.0,12.0,8.0
11047752,2022-2023,7.0,2023-03-01 20:00:00,Anfield,Paul Tierney,53259.0,Liverpool,Wolverhampton,Home,2,0,2,3,Win,1,0,0,6.0,27.0,439.0,9.0,57.0,,3.0,1.0,2.0,3.0,5.0,12.0,13.0,44.0,45.0,13.0,1.0,0.0,12.0,528.0,6.0,6.0,5.0,12.0,15.0,3.0,12.0,10.0
11047752,2022-2023,7.0,2023-03-01 20:00:00,Anfield,Paul Tierney,53259.0,Wolverhampton,Liverpool,Away,0,2,-2,0,Loss,0,0,1,2.0,30.0,322.0,12.0,43.0,,1.0,1.0,0.0,1.0,2.0,6.0,15.0,56.0,39.0,14.0,4.0,0.0,11.0,402.0,2.0,1.0,18.0,4.0,4.0,0.0,21.0,12.0
10517280,2022-2023,26.0,2023-03-04 12:30:00,Etihad Stadium,Simon Hooper,53419.0,Manchester City,Newcastle United,Home,2,0,2,3,Win,1,0,0,2.0,27.0,466.0,9.0,56.0,,2.0,1.0,1.0,2.0,8.0,3.0,12.0,57.0,51.0,8.0,2.0,0.0,4.0,539.0,6.0,3.0,24.0,7.0,11.0,4.0,13.0,6.0
10517280,2022-2023,26.0,2023-03-04 12:30:00,Etihad Stadium,Simon Hooper,53419.0,Newcastle United,Manchester City,Away,0,2,-2,0,Loss,0,0,1,3.0,20.0,331.0,7.0,44.0,,1.0,1.0,0.0,2.0,4.0,9.0,12.0,43.0,39.0,13.0,1.0,0.0,11.0,410.0,1.0,2.0,17.0,4.0,5.0,1.0,11.0,7.0
10385490,2022-2023,26.0,2023-03-04 15:00:00,Emirates Stadium,Chris Kavanagh,60222.0,Arsenal,Bournemouth,Home,3,2,1,3,Win,1,0,0,6.0,15.0,656.0,19.0,80.0,,2.0,1.0,1.0,12.0,17.0,9.0,16.0,59.0,84.0,6.0,2.0,1.0,2.0,740.0,10.0,9.0,5.0,16.0,31.0,15.0,17.0,10.0
10385490,2022-2023,26.0,2023-03-04 15:00:00,Emirates Stadium,Chris Kavanagh,60222.0,Bournemouth,Arsenal,Away,2,3,-1,0,Loss,0,0,1,1.0,18.0,106.0,15.0,20.0,,3.0,1.0,2.0,0.0,1.0,4.0,4.0,41.0,28.0,8.0,6.0,0.0,12.0,184.0,0.0,4.0,60.0,4.0,4.0,0.0,16.0,12.0
10385495,2022-2023,26.0,2023-03-04 15:00:00,Stamford Bridge,Michael Oliver,39905.0,Chelsea,Leeds United,Home,1,0,1,3,Win,1,0,0,5.0,26.0,507.0,14.0,57.0,,3.0,3.0,,2.0,5.0,7.0,11.0,49.0,70.0,11.0,2.0,1.0,12.0,579.0,8.0,3.0,13.0,9.0,13.0,4.0,26.0,17.0
10385495,2022-2023,26.0,2023-03-04 15:00:00,Stamford Bridge,Michael Oliver,39905.0,Leeds United,Chelsea,Away,0,1,-1,0,Loss,0,0,1,7.0,12.0,337.0,16.0,43.0,,0.0,0.0,,3.0,7.0,17.0,11.0,51.0,45.0,7.0,2.0,0.0,12.0,425.0,6.0,2.0,13.0,9.0,11.0,2.0,23.0,15.0
10652686,2022-2023,26.0,2023-03-05 16:30:00,Anfield,Andy Madley,53001.0,Liverpool,Manchester United,Home,7,0,7,3,Win,1,0,0,6.0,27.0,365.0,9.0,60.0,64.0,6.0,2.0,4.0,5.0,4.0,7.0,9.0,49.0,55.0,13.0,4.0,0.0,9.0,468.0,5.0,8.0,11.0,15.0,18.0,3.0,17.0,14.0
10652686,2022-2023,26.0,2023-03-05 16:30:00,Anfield,Andy Madley,53001.0,Manchester United,Liverpool,Away,0,7,-7,0,Loss,0,0,1,2.0,17.0,223.0,12.0,40.0,57.0,2.0,2.0,0.0,1.0,3.0,4.0,10.0,51.0,39.0,14.0,1.0,1.0,9.0,314.0,3.0,4.0,25.0,6.0,8.0,2.0,15.0,10.0
10385494,2022-2023,27.0,2023-03-11 12:30:00,Vitality Stadium,John Brooks,10536.0,Bournemouth,Liverpool,Home,1,0,1,3,Win,1,0,0,3.0,13.0,182.0,17.0,31.0,,2.0,1.0,1.0,0.0,3.0,7.0,18.0,53.0,45.0,7.0,5.0,0.0,13.0,278.0,3.0,2.0,34.0,5.0,5.0,0.0,11.0,7.0
10385494,2022-2023,27.0,2023-03-11 12:30:00,Vitality Stadium,John Brooks,10536.0,Liverpool,Bournemouth,Away,0,1,-1,0,Loss,0,0,1,4.0,38.0,531.0,14.0,69.0,,4.0,4.0,0.0,1.0,8.0,6.0,7.0,47.0,74.0,9.0,1.0,0.0,11.0,637.0,8.0,6.0,11.0,11.0,15.0,4.0,22.0,15.0
10385513,2022-2023,27.0,2023-03-11 15:00:00,King Power Stadium,Andre Marriner,32170.0,Leicester City,Chelsea,Home,1,3,-2,0,Loss,0,0,1,4.0,14.0,429.0,19.0,48.0,,3.0,3.0,0.0,6.0,2.0,14.0,18.0,54.0,61.0,10.0,3.0,1.0,15.0,517.0,4.0,7.0,10.0,8.0,17.0,9.0,15.0,11.0
10385513,2022-2023,27.0,2023-03-11 15:00:00,King Power Stadium,Andre Marriner,32170.0,Chelsea,Leicester City,Away,3,1,2,3,Win,1,0,0,4.0,21.0,464.0,10.0,52.0,,2.0,1.0,1.0,3.0,5.0,5.0,9.0,46.0,44.0,11.0,5.0,1.0,9.0,550.0,3.0,6.0,18.0,9.0,12.0,3.0,24.0,14.0
10385499,2022-2023,27.0,2023-03-11 17:30:00,Selhurst Park,Robert Jones,25844.0,Crystal Palace,Manchester City,Home,0,1,-1,0,Loss,0,0,1,2.0,18.0,218.0,9.0,32.0,49.0,0.0,0.0,0.0,4.0,2.0,9.0,7.0,46.0,32.0,11.0,3.0,0.0,9.0,290.0,0.0,0.0,23.0,3.0,4.0,1.0,11.0,8.0
10385499,2022-2023,27.0,2023-03-11 17:30:00,Selhurst Park,Robert Jones,25844.0,Manchester City,Crystal Palace,Away,1,0,1,3,Win,1,0,0,6.0,29.0,538.0,12.0,68.0,53.0,3.0,2.0,1.0,5.0,6.0,4.0,14.0,54.0,71.0,17.0,0.0,0.0,9.0,616.0,5.0,4.0,11.0,8.0,14.0,6.0,14.0,7.0
10385512,2022-2023,27.0,2023-03-12 14:00:00,Craven Cottage,David Coote,24426.0,Fulham,Arsenal,Home,0,3,-3,0,Loss,0,0,1,4.0,22.0,358.0,16.0,45.0,,0.0,0.0,0.0,4.0,4.0,9.0,10.0,47.0,58.0,10.0,4.0,1.0,7.0,433.0,6.0,2.0,12.0,7.0,12.0,5.0,14.0,8.0
10385512,2022-2023,27.0,2023-03-12 14:00:00,Craven Cottage,David Coote,24426.0,Arsenal,Fulham,Away,3,0,3,3,Win,1,0,0,5.0,18.0,466.0,11.0,55.0,,4.0,3.0,1.0,5.0,8.0,10.0,14.0,53.0,45.0,9.0,2.0,0.0,5.0,539.0,3.0,7.0,20.0,11.0,15.0,4.0,20.0,14.0
10652679,2022-2023,27.0,2023-03-12 14:00:00,Old Trafford,Anthony Taylor,73439.0,Manchester United,Southampton,Home,0,0,0,1,Draw,0,1,0,4.0,25.0,304.0,11.0,47.0,,2.0,2.0,,3.0,7.0,7.0,11.0,56.0,52.0,12.0,4.0,1.0,3.0,389.0,3.0,4.0,25.0,6.0,10.0,4.0,21.0,8.0
10652679,2022-2023,27.0,2023-03-12 14:00:00,Old Trafford,Anthony Taylor,73439.0,Southampton,Manchester United,Away,0,0,0,1,Draw,0,1,0,4.0,14.0,373.0,6.0,53.0,,0.0,0.0,,9.0,8.0,12.0,8.0,44.0,49.0,9.0,4.0,2.0,15.0,444.0,4.0,4.0,19.0,8.0,17.0,9.0,15.0,10.0
11007089,2022-2023,8.0,2023-02-08 20:00:00,Old Trafford,Simon Hooper,73.0,Manchester United,Leeds United,Home,2,2,0,1,Draw,0,1,0,8.0,21.0,498.0,14.0,66.0,,2.0,2.0,,8.0,6.0,16.0,17.0,51.0,76.0,7.0,1.0,0.0,8.0,615.0,9.0,7.0,14.0,16.0,24.0,8.0,19.0,11.0
11007089,2022-2023,8.0,2023-02-08 20:00:00,Old Trafford,Simon Hooper,73.0,Leeds United,Manchester United,Away,2,2,0,1,Draw,0,1,0,1.0,20.0,210.0,14.0,34.0,,1.0,1.0,,2.0,5.0,10.0,7.0,49.0,51.0,11.0,5.0,1.0,16.0,326.0,4.0,2.0,30.0,4.0,8.0,4.0,30.0,20.0
10385467,2022-2023,23.0,2023-02-11 12:30:00,London Stadium,Craig Pawson,62.0,West Ham United,Chelsea,Home,1,1,0,1,Draw,0,1,0,4.0,13.0,187.0,15.0,28.0,,1.0,,1.0,3.0,5.0,16.0,7.0,48.0,42.0,9.0,3.0,0.0,7.0,247.0,5.0,2.0,25.0,8.0,10.0,2.0,23.0,14.0
10385467,2022-2023,23.0,2023-02-11 12:30:00,London Stadium,Craig Pawson,62.0,Chelsea,West Ham United,Away,1,1,0,1,Draw,0,1,0,4.0,21.0,597.0,18.0,72.0,,1.0,,1.0,4.0,6.0,14.0,13.0,52.0,56.0,11.0,1.0,0.0,7.0,660.0,4.0,4.0,17.0,6.0,12.0,6.0,21.0,17.0
10385451,2022-2023,23.0,2023-02-11 15:00:00,Emirates Stadium,Peter Bankes,60254.0,Arsenal,Brentford,Home,1,1,0,1,Draw,0,1,0,7.0,14.0,510.0,13.0,69.0,,1.0,0.0,1.0,6.0,7.0,8.0,13.0,44.0,62.0,9.0,1.0,0.0,4.0,590.0,10.0,7.0,16.0,13.0,23.0,10.0,10.0,6.0
10385451,2022-2023,23.0,2023-02-11 15:00:00,Emirates Stadium,Peter Bankes,60254.0,Brentford,Arsenal,Away,1,1,0,1,Draw,0,1,0,4.0,33.0,177.0,32.0,31.0,,3.0,2.0,1.0,3.0,4.0,6.0,5.0,56.0,51.0,9.0,6.0,1.0,6.0,267.0,4.0,2.0,34.0,7.0,9.0,2.0,12.0,8.0
10385464,2022-2023,23.0,2023-02-12 14:00:00,Elland Road,Paul Tierney,36919.0,Leeds United,Manchester United,Home,0,2,-2,0,Loss,0,0,1,6.0,17.0,170.0,16.0,33.0,,2.0,2.0,0.0,6.0,7.0,21.0,9.0,50.0,48.0,10.0,3.0,0.0,10.0,251.0,4.0,6.0,14.0,13.0,16.0,3.0,23.0,13.0
10385464,2022-2023,23.0,2023-02-12 14:00:00,Elland Road,Paul Tierney,36919.0,Manchester United,Leeds United,Away,2,0,2,3,Win,1,0,0,2.0,24.0,444.0,12.0,67.0,,3.0,1.0,2.0,2.0,3.0,8.0,9.0,50.0,49.0,13.0,6.0,1.0,6.0,544.0,4.0,5.0,17.0,8.0,11.0,3.0,30.0,21.0
10385452,2022-2023,23.0,2023-02-12 16:30:00,Etihad Stadium,Robert Jones,53392.0,Manchester City,Aston Villa,Home,3,1,2,3,Win,1,0,0,6.0,33.0,558.0,8.0,67.0,,6.0,4.0,2.0,5.0,8.0,2.0,6.0,52.0,71.0,13.0,1.0,0.0,3.0,620.0,3.0,9.0,4.0,13.0,17.0,4.0,7.0,3.0
10385452,2022-2023,23.0,2023-02-12 16:30:00,Etihad Stadium,Robert Jones,53392.0,Aston Villa,Manchester City,Away,1,3,-2,0,Loss,0,0,1,1.0,26.0,247.0,4.0,33.0,,0.0,0.0,0.0,2.0,4.0,3.0,9.0,48.0,35.0,14.0,5.0,1.0,16.0,304.0,2.0,2.0,15.0,3.0,6.0,3.0,7.0,3.0
10385456,2022-2023,23.0,2023-02-13 20:00:00,Anfield,Simon Hooper,53027.0,Liverpool,Everton,Home,2,0,2,3,Win,1,0,0,2.0,25.0,505.0,12.0,59.0,66.0,3.0,1.0,2.0,5.0,3.0,8.0,11.0,57.0,57.0,8.0,1.0,0.0,7.0,585.0,4.0,6.0,11.0,11.0,15.0,4.0,21.0,15.0
10385456,2022-2023,23.0,2023-02-13 20:00:00,Anfield,Simon Hooper,53027.0,Everton,Liverpool,Away,0,2,-2,0,Loss,0,0,1,4.0,20.0,317.0,9.0,41.0,62.0,1.0,1.0,0.0,1.0,3.0,11.0,11.0,43.0,47.0,16.0,4.0,1.0,14.0,403.0,4.0,1.0,21.0,4.0,6.0,2.0,18.0,8.0
10913239,2022-2023,12.0,2023-02-15 19:30:00,Emirates Stadium,Anthony Taylor,60276.0,Arsenal,Manchester City,Home,1,3,-2,0,Loss,0,0,1,4.0,25.0,435.0,11.0,64.0,55.0,3.0,2.0,1.0,5.0,1.0,10.0,6.0,46.0,51.0,11.0,2.0,0.0,8.0,524.0,4.0,1.0,7.0,7.0,10.0,3.0,13.0,5.0
10913239,2022-2023,12.0,2023-02-15 19:30:00,Emirates Stadium,Anthony Taylor,60276.0,Manchester City,Arsenal,Away,3,1,2,3,Win,1,0,0,2.0,15.0,219.0,14.0,36.0,59.0,6.0,4.0,2.0,2.0,2.0,6.0,9.0,54.0,41.0,15.0,0.0,1.0,11.0,303.0,1.0,6.0,13.0,8.0,9.0,1.0,17.0,12.0
10385462,2022-2023,24.0,2023-02-18 12:30:00,Villa Park,Simon Hooper,42066.0,Aston Villa,Arsenal,Home,2,4,-2,0,Loss,0,0,1,1.0,19.0,225.0,12.0,33.0,,0.0,0.0,0.0,1.0,2.0,13.0,11.0,49.0,42.0,13.0,2.0,1.0,13.0,293.0,1.0,5.0,25.0,4.0,7.0,3.0,25.0,18.0
10385462,2022-2023,24.0,2023-02-18 12:30:00,Villa Park,Simon Hooper,42066.0,Arsenal,Aston Villa,Away,4,2,2,3,Win,1,0,0,6.0,25.0,489.0,13.0,67.0,,5.0,4.0,1.0,7.0,9.0,11.0,10.0,51.0,71.0,4.0,3.0,2.0,0.0,571.0,8.0,5.0,6.0,12.0,20.0,8.0,18.0,10.0
10385472,2022-2023,24.0,2023-02-18 15:00:00,Stamford Bridge,David Coote,40152.0,Chelsea,Southampton,Home,0,1,-1,0,Loss,0,0,1,2.0,27.0,433.0,13.0,61.0,,2.0,2.0,,7.0,8.0,12.0,17.0,52.0,49.0,16.0,3.0,0.0,8.0,504.0,5.0,5.0,5.0,10.0,17.0,7.0,17.0,13.0
10385472,2022-2023,24.0,2023-02-18 15:00:00,Stamford Bridge,David Coote,40152.0,Southampton,Chelsea,Away,1,0,1,3,Win,1,0,0,3.0,18.0,241.0,12.0,39.0,,1.0,1.0,,0.0,2.0,9.0,9.0,48.0,54.0,25.0,4.0,0.0,13.0,320.0,3.0,5.0,27.0,4.0,8.0,4.0,31.0,22.0
10385465,2022-2023,24.0,2023-02-18 15:00:00,City Ground,Graham Scott,29365.0,Nottingham Forest,Manchester City,Home,1,1,0,1,Draw,0,1,0,2.0,19.0,164.0,13.0,27.0,,1.0,0.0,1.0,1.0,0.0,8.0,4.0,46.0,32.0,8.0,5.0,0.0,8.0,252.0,2.0,1.0,37.0,3.0,4.0,1.0,13.0,8.0
10385465,2022-2023,24.0,2023-02-18 15:00:00,City Ground,Graham Scott,29365.0,Manchester City,Nottingham Forest,Away,1,1,0,1,Draw,0,1,0,11.0,31.0,595.0,10.0,73.0,,5.0,5.0,0.0,6.0,10.0,4.0,14.0,54.0,83.0,6.0,0.0,2.0,2.0,676.0,11.0,6.0,5.0,10.0,23.0,13.0,10.0,7.0
10385470,2022-2023,24.0,2023-02-18 17:30:00,St James' Park,Anthony Taylor,52758.0,Newcastle United,Liverpool,Home,0,2,-2,0,Loss,0,0,1,6.0,28.0,287.0,11.0,37.0,,3.0,3.0,0.0,3.0,6.0,5.0,21.0,63.0,44.0,3.0,5.0,2.0,7.0,350.0,7.0,4.0,22.0,12.0,14.0,2.0,10.0,9.0
10385470,2022-2023,24.0,2023-02-18 17:30:00,St James' Park,Anthony Taylor,52758.0,Liverpool,Newcastle United,Away,2,0,2,3,Win,1,0,0,5.0,31.0,533.0,5.0,63.0,,5.0,3.0,2.0,2.0,7.0,3.0,9.0,37.0,56.0,8.0,4.0,0.0,4.0,605.0,4.0,7.0,20.0,8.0,13.0,5.0,14.0,7.0
10652688,2022-2023,24.0,2023-02-19 14:00:00,Old Trafford,Stuart Attwell,73578.0,Manchester United,Leicester City,Home,3,0,3,3,Win,1,0,0,8.0,28.0,484.0,16.0,57.0,,7.0,4.0,3.0,9.0,6.0,10.0,21.0,58.0,68.0,9.0,3.0,1.0,10.0,572.0,9.0,8.0,22.0,19.0,26.0,7.0,23.0,16.0
10652688,2022-2023,24.0,2023-02-19 14:00:00,Old Trafford,Stuart Attwell,73578.0,Leicester City,Manchester United,Away,0,3,-3,0,Loss,0,0,1,4.0,21.0,351.0,7.0,43.0,,2.0,2.0,0.0,7.0,6.0,9.0,8.0,42.0,43.0,9.0,5.0,0.0,10.0,433.0,9.0,3.0,14.0,11.0,19.0,8.0,26.0,14.0
10385480,2022-2023,25.0,2023-02-25 15:00:00,King Power Stadium,Craig Pawson,32227.0,Leicester City,Arsenal,Home,0,1,-1,0,Loss,0,0,1,2.0,12.0,217.0,16.0,34.0,,0.0,,0.0,0.0,0.0,8.0,12.0,49.0,43.0,14.0,1.0,0.0,6.0,315.0,1.0,0.0,20.0,0.0,1.0,1.0,12.0,8.0
10385480,2022-2023,25.0,2023-02-25 15:00:00,King Power Stadium,Craig Pawson,32227.0,Arsenal,Leicester City,Away,1,0,1,3,Win,1,0,0,1.0,35.0,505.0,18.0,66.0,,1.0,,1.0,5.0,8.0,9.0,10.0,51.0,76.0,9.0,0.0,0.0,6.0,613.0,3.0,2.0,11.0,5.0,10.0,5.0,11.0,6.0
10385476,2022-2023,25.0,2023-02-25 17:30:00,Vitality Stadium,Paul Tierney,10481.0,Bournemouth,Manchester City,Home,1,4,-3,0,Loss,0,0,1,6.0,23.0,313.0,10.0,34.0,,1.0,,1.0,6.0,4.0,15.0,12.0,47.0,35.0,10.0,2.0,0.0,10.0,377.0,5.0,2.0,12.0,11.0,13.0,2.0,15.0,8.0
10385476,2022-2023,25.0,2023-02-25 17:30:00,Vitality Stadium,Paul Tierney,10481.0,Manchester City,Bournemouth,Away,4,1,3,3,Win,1,0,0,4.0,15.0,676.0,9.0,66.0,,3.0,,3.0,7.0,6.0,9.0,8.0,53.0,63.0,9.0,1.0,1.0,6.0,750.0,8.0,5.0,16.0,14.0,20.0,6.0,26.0,17.0
10385486,2022-2023,25.0,2023-02-25 19:45:00,Selhurst Park,Darren England,25842.0,Crystal Palace,Liverpool,Home,0,0,0,1,Draw,0,1,0,5.0,18.0,257.0,18.0,36.0,,3.0,3.0,,2.0,5.0,8.0,14.0,55.0,56.0,11.0,4.0,1.0,6.0,345.0,4.0,0.0,23.0,4.0,6.0,2.0,16.0,11.0
10385486,2022-2023,25.0,2023-02-25 19:45:00,Selhurst Park,Darren England,25842.0,Liverpool,Crystal Palace,Away,0,0,0,1,Draw,0,1,0,2.0,28.0,544.0,18.0,64.0,,2.0,2.0,,3.0,3.0,13.0,9.0,45.0,52.0,14.0,0.0,3.0,5.0,644.0,5.0,4.0,15.0,8.0,12.0,4.0,14.0,9.0
10385436,2022-2023,20.0,2023-01-14 15:00:00,American Express Stadium,Darren England,31645.0,Brighton & Hove Albion,Liverpool,Home,3,0,3,3,Win,1,0,0,2.0,24.0,573.0,7.0,61.0,,3.0,1.0,2.0,4.0,7.0,14.0,10.0,55.0,47.0,9.0,2.0,0.0,7.0,650.0,3.0,9.0,7.0,12.0,16.0,4.0,16.0,9.0
10385436,2022-2023,20.0,2023-01-14 15:00:00,American Express Stadium,Darren England,31645.0,Liverpool,Brighton & Hove Albion,Away,0,3,-3,0,Loss,0,0,1,3.0,17.0,350.0,5.0,39.0,,2.0,2.0,0.0,1.0,1.0,11.0,5.0,45.0,37.0,15.0,5.0,0.0,16.0,420.0,3.0,2.0,24.0,5.0,6.0,1.0,19.0,12.0
10385435,2022-2023,20.0,2023-01-15 14:00:00,Stamford Bridge,Peter Bankes,40075.0,Chelsea,Crystal Palace,Home,1,0,1,3,Win,1,0,0,8.0,27.0,490.0,31.0,63.0,,4.0,4.0,,5.0,11.0,15.0,9.0,59.0,58.0,10.0,5.0,0.0,7.0,579.0,5.0,5.0,23.0,13.0,15.0,2.0,33.0,18.0
10385435,2022-2023,20.0,2023-01-15 14:00:00,Stamford Bridge,Peter Bankes,40075.0,Crystal Palace,Chelsea,Away,0,1,-1,0,Loss,0,0,1,4.0,15.0,249.0,16.0,37.0,,1.0,1.0,,3.0,7.0,17.0,12.0,41.0,58.0,17.0,4.0,0.0,8.0,335.0,2.0,5.0,26.0,5.0,10.0,5.0,24.0,11.0
10385433,2022-2023,20.0,2023-01-15 16:30:00,Tottenham Hotspur Stadium,Craig Pawson,61870.0,Tottenham Hotspur,Arsenal,Home,0,2,-2,0,Loss,0,0,1,4.0,20.0,381.0,22.0,51.0,57.0,2.0,2.0,,6.0,4.0,10.0,7.0,55.0,50.0,16.0,4.0,0.0,11.0,461.0,4.0,7.0,21.0,13.0,17.0,4.0,17.0,11.0
10385433,2022-2023,20.0,2023-01-15 16:30:00,Tottenham Hotspur Stadium,Craig Pawson,61870.0,Arsenal,Tottenham Hotspur,Away,2,0,2,3,Win,1,0,0,2.0,18.0,384.0,13.0,49.0,59.0,2.0,2.0,,4.0,3.0,7.0,6.0,45.0,74.0,15.0,7.0,1.0,6.0,456.0,5.0,5.0,29.0,8.0,14.0,6.0,13.0,8.0
10979293,2022-2023,7.0,2023-01-18 20:00:00,Selhurst Park,John Brooks,35853.0,Crystal Palace,Manchester United,Home,1,1,0,1,Draw,0,1,0,5.0,24.0,294.0,13.0,39.0,,0.0,0.0,,2.0,3.0,14.0,4.0,50.0,53.0,9.0,3.0,1.0,21.0,399.0,3.0,5.0,18.0,5.0,10.0,5.0,24.0,11.0
10979293,2022-2023,7.0,2023-01-18 20:00:00,Selhurst Park,John Brooks,35853.0,Manchester United,Crystal Palace,Away,1,1,0,1,Draw,0,1,0,4.0,22.0,509.0,9.0,61.0,,2.0,2.0,,3.0,3.0,14.0,2.0,50.0,62.0,10.0,4.0,0.0,12.0,626.0,8.0,4.0,18.0,8.0,15.0,7.0,32.0,18.0
10913242,2022-2023,7.0,2023-01-19 20:00:00,Etihad Stadium,Simon Hooper,53088.0,Manchester City,Tottenham Hotspur,Home,4,2,2,3,Win,1,0,0,4.0,24.0,511.0,11.0,58.0,,5.0,2.0,3.0,5.0,8.0,8.0,4.0,52.0,51.0,10.0,1.0,0.0,8.0,583.0,5.0,6.0,12.0,10.0,16.0,6.0,15.0,11.0
10913242,2022-2023,7.0,2023-01-19 20:00:00,Etihad Stadium,Simon Hooper,53088.0,Tottenham Hotspur,Manchester City,Away,2,4,-2,0,Loss,0,0,1,2.0,22.0,352.0,11.0,42.0,,1.0,1.0,0.0,2.0,3.0,10.0,4.0,48.0,35.0,14.0,2.0,1.0,6.0,424.0,4.0,3.0,27.0,6.0,9.0,3.0,16.0,9.0
10385443,2022-2023,21.0,2023-01-21 12:30:00,Anfield,Michael Oliver,53126.0,Liverpool,Chelsea,Home,0,0,0,1,Draw,0,1,0,4.0,28.0,375.0,12.0,48.0,,0.0,0.0,,6.0,5.0,10.0,9.0,45.0,61.0,16.0,2.0,0.0,15.0,477.0,6.0,3.0,15.0,10.0,15.0,5.0,18.0,13.0
10385443,2022-2023,21.0,2023-01-21 12:30:00,Anfield,Michael Oliver,53126.0,Chelsea,Liverpool,Away,0,0,0,1,Draw,0,1,0,5.0,16.0,437.0,18.0,52.0,,4.0,4.0,,3.0,5.0,13.0,5.0,55.0,46.0,9.0,3.0,1.0,18.0,540.0,6.0,2.0,32.0,9.0,11.0,2.0,21.0,8.0
10385445,2022-2023,21.0,2023-01-22 14:00:00,Etihad Stadium,David Coote,53282.0,Manchester City,Wolverhampton,Home,3,0,3,3,Win,1,0,0,5.0,38.0,526.0,14.0,55.0,,5.0,2.0,3.0,1.0,5.0,8.0,6.0,49.0,53.0,10.0,1.0,0.0,6.0,587.0,5.0,7.0,16.0,10.0,13.0,3.0,8.0,5.0
10385445,2022-2023,21.0,2023-01-22 14:00:00,Etihad Stadium,David Coote,53282.0,Wolverhampton,Manchester City,Away,0,3,-3,0,Loss,0,0,1,4.0,31.0,409.0,9.0,45.0,,0.0,0.0,0.0,4.0,7.0,2.0,5.0,51.0,37.0,10.0,3.0,0.0,11.0,478.0,5.0,1.0,20.0,6.0,10.0,4.0,15.0,8.0
10652685,2022-2023,21.0,2023-01-22 16:30:00,Emirates Stadium,Anthony Taylor,60325.0,Arsenal,Manchester United,Home,3,2,1,3,Win,1,0,0,5.0,19.0,423.0,11.0,57.0,,3.0,1.0,2.0,13.0,12.0,13.0,11.0,50.0,49.0,8.0,2.0,1.0,9.0,520.0,7.0,5.0,10.0,20.0,25.0,5.0,21.0,14.0
10652685,2022-2023,21.0,2023-01-22 16:30:00,Emirates Stadium,Anthony Taylor,60325.0,Manchester United,Arsenal,Away,2,3,-1,0,Loss,0,0,1,0.0,16.0,307.0,16.0,43.0,,0.0,0.0,0.0,2.0,4.0,11.0,7.0,50.0,39.0,9.0,2.0,0.0,16.0,396.0,0.0,4.0,36.0,3.0,6.0,3.0,21.0,11.0
10385441,2022-2023,22.0,2023-02-03 20:00:00,Stamford Bridge,Stuart Attwell,40041.0,Chelsea,Fulham,Home,0,0,0,1,Draw,0,1,0,2.0,38.0,568.0,13.0,67.0,,2.0,2.0,,2.0,6.0,12.0,7.0,48.0,69.0,16.0,4.0,1.0,9.0,662.0,7.0,3.0,14.0,8.0,12.0,4.0,24.0,13.0
10385441,2022-2023,22.0,2023-02-03 20:00:00,Stamford Bridge,Stuart Attwell,40041.0,Fulham,Chelsea,Away,0,0,0,1,Draw,0,1,0,3.0,23.0,226.0,12.0,33.0,,0.0,0.0,,3.0,2.0,14.0,14.0,52.0,53.0,12.0,2.0,0.0,19.0,313.0,3.0,4.0,20.0,5.0,10.0,5.0,19.0,14.0
10385450,2022-2023,22.0,2023-02-04 12:30:00,Goodison Park,David Coote,39314.0,Everton,Arsenal,Home,1,0,1,3,Win,1,0,0,9.0,26.0,180.0,17.0,30.0,,4.0,3.0,1.0,3.0,7.0,5.0,7.0,49.0,57.0,13.0,2.0,0.0,11.0,252.0,5.0,4.0,20.0,7.0,12.0,5.0,18.0,11.0
10385450,2022-2023,22.0,2023-02-04 12:30:00,Goodison Park,David Coote,39314.0,Arsenal,Everton,Away,0,1,-1,0,Loss,0,0,1,2.0,33.0,553.0,12.0,70.0,,0.0,0.0,0.0,5.0,5.0,9.0,12.0,51.0,65.0,8.0,3.0,0.0,2.0,639.0,7.0,3.0,12.0,12.0,15.0,3.0,14.0,11.0
10385454,2022-2023,22.0,2023-02-04 15:00:00,Molineux Stadium,Paul Tierney,31664.0,Wolverhampton,Liverpool,Home,3,0,3,3,Win,1,0,0,3.0,29.0,305.0,14.0,42.0,,6.0,4.0,2.0,1.0,2.0,6.0,6.0,51.0,38.0,9.0,2.0,0.0,4.0,407.0,5.0,6.0,39.0,7.0,12.0,5.0,16.0,10.0
10385454,2022-2023,22.0,2023-02-04 15:00:00,Molineux Stadium,Paul Tierney,31664.0,Liverpool,Wolverhampton,Away,0,3,-3,0,Loss,0,0,1,3.0,17.0,465.0,16.0,58.0,,1.0,1.0,0.0,10.0,7.0,13.0,5.0,49.0,61.0,7.0,3.0,0.0,10.0,544.0,8.0,4.0,7.0,12.0,22.0,10.0,10.0,7.0
10688772,2022-2023,22.0,2023-02-04 15:00:00,Old Trafford,Andre Marriner,73420.0,Manchester United,Crystal Palace,Home,2,1,1,3,Win,1,0,0,3.0,19.0,416.0,11.0,53.0,,2.0,0.0,2.0,4.0,5.0,6.0,2.0,52.0,60.0,9.0,2.0,0.0,5.0,487.0,5.0,5.0,16.0,10.0,14.0,4.0,21.0,12.0
10688772,2022-2023,22.0,2023-02-04 15:00:00,Old Trafford,Andre Marriner,73420.0,Crystal Palace,Manchester United,Away,1,2,-1,0,Loss,0,0,1,6.0,21.0,342.0,8.0,47.0,,2.0,1.0,1.0,2.0,5.0,11.0,6.0,48.0,44.0,9.0,3.0,0.0,13.0,426.0,5.0,3.0,15.0,9.0,10.0,1.0,16.0,9.0
10385442,2022-2023,22.0,2023-02-05 16:30:00,Tottenham Hotspur Stadium,Andy Madley,61747.0,Tottenham Hotspur,Manchester City,Home,1,0,1,3,Win,1,0,0,3.0,14.0,226.0,9.0,35.0,,2.0,1.0,1.0,4.0,4.0,10.0,6.0,42.0,27.0,19.0,5.0,0.0,9.0,303.0,5.0,3.0,24.0,9.0,12.0,3.0,14.0,8.0
10385442,2022-2023,22.0,2023-02-05 16:30:00,Tottenham Hotspur Stadium,Andy Madley,61747.0,Manchester City,Tottenham Hotspur,Away,0,1,-1,0,Loss,0,0,1,8.0,14.0,487.0,16.0,65.0,,0.0,0.0,0.0,5.0,6.0,9.0,6.0,58.0,57.0,14.0,2.0,1.0,7.0,556.0,5.0,5.0,13.0,10.0,15.0,5.0,19.0,9.0
10385398,2022-2023,17.0,2022-12-26 17:30:00,Villa Park,Paul Tierney,42085.0,Aston Villa,Liverpool,Home,1,3,-2,0,Loss,0,0,1,7.0,24.0,381.0,6.0,48.0,,4.0,3.0,1.0,3.0,0.0,9.0,5.0,48.0,46.0,7.0,6.0,0.0,6.0,471.0,3.0,6.0,14.0,10.0,12.0,2.0,12.0,3.0
10385398,2022-2023,17.0,2022-12-26 17:30:00,Villa Park,Paul Tierney,42085.0,Liverpool,Aston Villa,Away,3,1,2,3,Win,1,0,0,6.0,40.0,420.0,8.0,52.0,,7.0,5.0,2.0,1.0,6.0,4.0,3.0,52.0,56.0,12.0,5.0,1.0,11.0,514.0,6.0,9.0,23.0,10.0,16.0,6.0,19.0,7.0
10385396,2022-2023,17.0,2022-12-26 20:00:00,Emirates Stadium,Michael Oliver,60125.0,Arsenal,West Ham United,Home,3,1,2,3,Win,1,0,0,4.0,25.0,588.0,15.0,67.0,,3.0,1.0,2.0,5.0,7.0,7.0,6.0,56.0,66.0,13.0,3.0,0.0,4.0,657.0,6.0,5.0,13.0,8.0,16.0,8.0,15.0,10.0
10385396,2022-2023,17.0,2022-12-26 20:00:00,Emirates Stadium,Michael Oliver,60125.0,West Ham United,Arsenal,Away,1,3,-2,0,Loss,0,0,1,1.0,22.0,250.0,16.0,33.0,,1.0,0.0,1.0,0.0,5.0,8.0,0.0,44.0,33.0,17.0,2.0,0.0,7.0,331.0,4.0,4.0,22.0,4.0,8.0,4.0,14.0,7.0
10385392,2022-2023,17.0,2022-12-27 17:30:00,Stamford Bridge,Simon Hooper,40046.0,Chelsea,Bournemouth,Home,2,0,2,3,Win,1,0,0,3.0,31.0,497.0,8.0,60.0,,2.0,1.0,1.0,3.0,6.0,8.0,6.0,48.0,38.0,8.0,4.0,0.0,6.0,563.0,7.0,5.0,24.0,11.0,15.0,4.0,17.0,10.0
10385392,2022-2023,17.0,2022-12-27 17:30:00,Stamford Bridge,Simon Hooper,40046.0,Bournemouth,Chelsea,Away,0,2,-2,0,Loss,0,0,1,3.0,25.0,290.0,11.0,40.0,,0.0,0.0,0.0,1.0,8.0,12.0,8.0,52.0,39.0,10.0,3.0,0.0,9.0,357.0,4.0,4.0,15.0,4.0,9.0,5.0,17.0,11.0
10385401,2022-2023,17.0,2022-12-27 20:00:00,Old Trafford,Anthony Taylor,73608.0,Manchester United,Nottingham Forest,Home,3,0,3,3,Win,1,0,0,2.0,28.0,549.0,7.0,66.0,,3.0,2.0,1.0,6.0,9.0,5.0,3.0,42.0,67.0,13.0,3.0,1.0,14.0,631.0,3.0,8.0,20.0,12.0,17.0,5.0,18.0,9.0
10385401,2022-2023,17.0,2022-12-27 20:00:00,Old Trafford,Anthony Taylor,73608.0,Nottingham Forest,Manchester United,Away,0,3,-3,0,Loss,0,0,1,4.0,20.0,224.0,6.0,34.0,,0.0,0.0,0.0,2.0,9.0,13.0,8.0,58.0,47.0,4.0,5.0,0.0,8.0,314.0,3.0,3.0,24.0,5.0,8.0,3.0,17.0,11.0
10385403,2022-2023,17.0,2022-12-28 20:00:00,Elland Road,Stuart Attwell,36889.0,Leeds United,Manchester City,Home,1,3,-2,0,Loss,0,0,1,1.0,13.0,225.0,5.0,31.0,,0.0,0.0,0.0,4.0,3.0,7.0,6.0,49.0,30.0,11.0,6.0,0.0,4.0,307.0,4.0,1.0,19.0,5.0,9.0,4.0,13.0,6.0
10385403,2022-2023,17.0,2022-12-28 20:00:00,Elland Road,Stuart Attwell,36889.0,Manchester City,Leeds United,Away,3,1,2,3,Win,1,0,0,4.0,27.0,611.0,7.0,69.0,,7.0,5.0,2.0,5.0,5.0,10.0,8.0,51.0,51.0,14.0,0.0,0.0,5.0,698.0,12.0,9.0,10.0,21.0,26.0,5.0,13.0,7.0
10385405,2022-2023,18.0,2022-12-30 20:00:00,Anfield,Craig Pawson,53343.0,Liverpool,Leicester City,Home,2,1,1,3,Win,1,0,0,5.0,41.0,496.0,7.0,57.0,,3.0,3.0,0.0,6.0,4.0,8.0,7.0,56.0,73.0,8.0,1.0,1.0,11.0,588.0,10.0,5.0,10.0,12.0,21.0,9.0,18.0,12.0
10385405,2022-2023,18.0,2022-12-30 20:00:00,Anfield,Craig Pawson,53343.0,Leicester City,Liverpool,Away,1,2,-1,0,Loss,0,0,1,5.0,20.0,352.0,8.0,43.0,,3.0,2.0,1.0,2.0,5.0,6.0,7.0,44.0,41.0,15.0,5.0,0.0,10.0,448.0,3.0,2.0,20.0,6.0,7.0,1.0,14.0,5.0
10385408,2022-2023,18.0,2022-12-31 12:30:00,Molineux Stadium,Robert Jones,31658.0,Wolverhampton,Manchester United,Home,0,1,-1,0,Loss,0,0,1,5.0,20.0,301.0,7.0,46.0,,0.0,0.0,,6.0,7.0,6.0,13.0,52.0,33.0,11.0,6.0,0.0,14.0,394.0,1.0,3.0,11.0,8.0,10.0,2.0,16.0,6.0
10385408,2022-2023,18.0,2022-12-31 12:30:00,Molineux Stadium,Robert Jones,31658.0,Manchester United,Wolverhampton,Away,1,0,1,3,Win,1,0,0,4.0,23.0,393.0,10.0,54.0,,3.0,3.0,,5.0,5.0,4.0,4.0,48.0,53.0,11.0,3.0,0.0,15.0,484.0,5.0,6.0,21.0,11.0,16.0,5.0,17.0,5.0
10385418,2022-2023,18.0,2022-12-31 15:00:00,Etihad Stadium,Andy Madley,53444.0,Manchester City,Everton,Home,1,1,0,1,Draw,0,1,0,7.0,26.0,597.0,9.0,74.0,,4.0,3.0,1.0,7.0,7.0,7.0,4.0,53.0,62.0,13.0,0.0,1.0,3.0,662.0,6.0,3.0,7.0,11.0,16.0,5.0,13.0,7.0
10385418,2022-2023,18.0,2022-12-31 15:00:00,Etihad Stadium,Andy Madley,53444.0,Everton,Manchester City,Away,1,1,0,1,Draw,0,1,0,2.0,15.0,185.0,7.0,26.0,,0.0,0.0,0.0,1.0,1.0,9.0,3.0,47.0,27.0,14.0,2.0,0.0,11.0,238.0,0.0,1.0,35.0,1.0,2.0,1.0,13.0,7.0
10385409,2022-2023,18.0,2022-12-31 17:30:00,American Express Stadium,Anthony Taylor,31647.0,Brighton & Hove Albion,Arsenal,Home,2,4,-2,0,Loss,0,0,1,5.0,19.0,527.0,12.0,68.0,,2.0,0.0,2.0,2.0,7.0,16.0,0.0,44.0,58.0,7.0,3.0,0.0,9.0,597.0,2.0,5.0,5.0,7.0,9.0,2.0,8.0,4.0
10385409,2022-2023,18.0,2022-12-31 17:30:00,American Express Stadium,Anthony Taylor,31647.0,Arsenal,Brighton & Hove Albion,Away,4,2,2,3,Win,1,0,0,1.0,20.0,209.0,8.0,32.0,,5.0,2.0,3.0,4.0,4.0,3.0,5.0,56.0,50.0,11.0,3.0,0.0,9.0,288.0,3.0,7.0,24.0,14.0,14.0,0.0,19.0,9.0
10385412,2022-2023,18.0,2023-01-01 16:30:00,City Ground,Peter Bankes,29229.0,Nottingham Forest,Chelsea,Home,1,1,0,1,Draw,0,1,0,0.0,13.0,196.0,6.0,28.0,,0.0,0.0,0.0,3.0,1.0,8.0,3.0,47.0,42.0,16.0,1.0,1.0,11.0,256.0,4.0,5.0,15.0,8.0,12.0,4.0,18.0,10.0
10385412,2022-2023,18.0,2023-01-01 16:30:00,City Ground,Peter Bankes,29229.0,Chelsea,Nottingham Forest,Away,1,1,0,1,Draw,0,1,0,2.0,20.0,623.0,7.0,72.0,,2.0,1.0,1.0,3.0,2.0,7.0,7.0,53.0,56.0,14.0,4.0,1.0,3.0,697.0,2.0,2.0,18.0,6.0,7.0,1.0,16.0,9.0
10385428,2022-2023,19.0,2023-01-02 17:30:00,Brentford Community Stadium,Stuart Attwell,17163.0,Brentford,Liverpool,Home,3,1,2,3,Win,1,0,0,5.0,14.0,118.0,15.0,27.0,,4.0,3.0,1.0,1.0,4.0,7.0,2.0,50.0,55.0,5.0,4.0,0.0,13.0,237.0,2.0,7.0,37.0,9.0,10.0,1.0,17.0,7.0
10385428,2022-2023,19.0,2023-01-02 17:30:00,Brentford Community Stadium,Stuart Attwell,17163.0,Liverpool,Brentford,Away,1,3,-2,0,Loss,0,0,1,8.0,26.0,543.0,16.0,73.0,,3.0,2.0,1.0,7.0,9.0,12.0,13.0,50.0,88.0,8.0,5.0,0.0,4.0,652.0,3.0,6.0,15.0,12.0,16.0,4.0,9.0,5.0
10385416,2022-2023,19.0,2023-01-03 19:45:00,Emirates Stadium,Andy Madley,60319.0,Arsenal,Newcastle United,Home,0,0,0,1,Draw,0,1,0,3.0,25.0,460.0,12.0,67.0,,0.0,0.0,,5.0,5.0,13.0,2.0,44.0,75.0,10.0,1.0,0.0,3.0,536.0,8.0,4.0,17.0,11.0,17.0,6.0,13.0,8.0
10385416,2022-2023,19.0,2023-01-03 19:45:00,Emirates Stadium,Andy Madley,60319.0,Newcastle United,Arsenal,Away,0,0,0,1,Draw,0,1,0,5.0,16.0,181.0,16.0,33.0,,2.0,2.0,,2.0,5.0,7.0,6.0,56.0,29.0,16.0,4.0,0.0,5.0,253.0,5.0,1.0,29.0,5.0,8.0,3.0,23.0,16.0
10385415,2022-2023,19.0,2023-01-03 20:00:00,Old Trafford,Michael Salisbury,73322.0,Manchester United,Bournemouth,Home,3,0,3,3,Win,1,0,0,3.0,35.0,495.0,6.0,59.0,,4.0,1.0,3.0,6.0,6.0,12.0,4.0,37.0,58.0,13.0,4.0,1.0,10.0,579.0,6.0,6.0,11.0,10.0,18.0,8.0,9.0,6.0
10385415,2022-2023,19.0,2023-01-03 20:00:00,Old Trafford,Michael Salisbury,73322.0,Bournemouth,Manchester United,Away,0,3,-3,0,Loss,0,0,1,5.0,13.0,320.0,9.0,41.0,,1.0,1.0,0.0,1.0,5.0,2.0,5.0,63.0,40.0,7.0,3.0,1.0,12.0,405.0,2.0,4.0,19.0,6.0,7.0,1.0,18.0,6.0
10385429,2022-2023,19.0,2023-01-05 20:00:00,Stamford Bridge,Paul Tierney,39998.0,Chelsea,Manchester City,Home,0,1,-1,0,Loss,0,0,1,3.0,14.0,471.0,8.0,48.0,67.0,0.0,0.0,0.0,3.0,3.0,12.0,10.0,54.0,38.0,9.0,2.0,1.0,13.0,553.0,3.0,2.0,14.0,6.0,8.0,2.0,28.0,11.0
10385429,2022-2023,19.0,2023-01-05 20:00:00,Stamford Bridge,Paul Tierney,39998.0,Manchester City,Chelsea,Away,1,0,1,3,Win,1,0,0,2.0,30.0,548.0,12.0,52.0,66.0,3.0,2.0,1.0,3.0,2.0,20.0,7.0,46.0,77.0,9.0,2.0,1.0,10.0,612.0,6.0,3.0,14.0,7.0,12.0,5.0,19.0,13.0
10913240,2022-2023,7.0,2023-01-12 20:00:00,Craven Cottage,David Coote,24460.0,Fulham,Chelsea,Home,2,1,1,3,Win,1,0,0,4.0,23.0,362.0,10.0,47.0,,1.0,0.0,1.0,2.0,5.0,12.0,3.0,50.0,56.0,12.0,9.0,1.0,10.0,449.0,3.0,3.0,22.0,6.0,8.0,2.0,11.0,6.0
10913240,2022-2023,7.0,2023-01-12 20:00:00,Craven Cottage,David Coote,24460.0,Chelsea,Fulham,Away,1,2,-1,0,Loss,0,0,1,1.0,22.0,412.0,5.0,53.0,,4.0,3.0,1.0,7.0,7.0,6.0,5.0,50.0,52.0,16.0,1.0,1.0,15.0,505.0,3.0,10.0,20.0,14.0,20.0,6.0,18.0,11.0
10385426,2022-2023,20.0,2023-01-14 12:30:00,Old Trafford,Stuart Attwell,75546.0,Manchester United,Manchester City,Home,2,1,1,3,Win,1,0,0,0.0,26.0,230.0,9.0,29.0,,4.0,2.0,2.0,3.0,1.0,5.0,9.0,51.0,31.0,15.0,0.0,0.0,6.0,310.0,1.0,4.0,26.0,6.0,8.0,2.0,15.0,8.0
10385426,2022-2023,20.0,2023-01-14 12:30:00,Old Trafford,Stuart Attwell,75546.0,Manchester City,Manchester United,Away,1,2,-1,0,Loss,0,0,1,4.0,22.0,658.0,10.0,71.0,,1.0,0.0,1.0,2.0,2.0,9.0,6.0,49.0,51.0,5.0,1.0,0.0,4.0,737.0,2.0,1.0,5.0,3.0,5.0,2.0,6.0,1.0
10385363,2022-2023,14.0,2022-10-29 14:00:00,American Express Stadium,Andy Madley,31746.0,Brighton & Hove Albion,Chelsea,Home,4,1,3,3,Win,1,0,0,4.0,22.0,276.0,11.0,41.0,,3.0,1.0,2.0,3.0,8.0,5.0,7.0,53.0,36.0,16.0,7.0,1.0,6.0,349.0,7.0,9.0,21.0,15.0,19.0,4.0,18.0,11.0
10385363,2022-2023,14.0,2022-10-29 14:00:00,American Express Stadium,Andy Madley,31746.0,Chelsea,Brighton & Hove Albion,Away,1,4,-3,0,Loss,0,0,1,6.0,20.0,441.0,12.0,59.0,,1.0,0.0,1.0,3.0,7.0,9.0,1.0,47.0,54.0,6.0,5.0,0.0,7.0,513.0,5.0,7.0,16.0,9.0,15.0,6.0,8.0,4.0
10385373,2022-2023,14.0,2022-10-29 18:45:00,Anfield,Michael Oliver,53274.0,Liverpool,Leeds United,Home,1,2,-1,0,Loss,0,0,1,8.0,42.0,554.0,15.0,69.0,,3.0,2.0,1.0,4.0,14.0,12.0,12.0,49.0,94.0,9.0,4.0,0.0,9.0,679.0,8.0,10.0,15.0,15.0,22.0,7.0,17.0,9.0
10385373,2022-2023,14.0,2022-10-29 18:45:00,Anfield,Michael Oliver,53274.0,Leeds United,Liverpool,Away,2,1,1,3,Win,1,0,0,4.0,7.0,192.0,15.0,31.0,,2.0,1.0,1.0,2.0,4.0,9.0,4.0,51.0,58.0,3.0,9.0,1.0,10.0,304.0,6.0,6.0,47.0,8.0,14.0,6.0,21.0,7.0
10385364,2022-2023,14.0,2022-10-30 14:00:00,Emirates Stadium,Simon Hooper,60263.0,Arsenal,Nottingham Forest,Home,5,0,5,3,Win,1,0,0,6.0,15.0,551.0,10.0,69.0,,5.0,3.0,2.0,9.0,9.0,19.0,1.0,39.0,60.0,9.0,2.0,0.0,7.0,618.0,5.0,10.0,11.0,18.0,24.0,6.0,14.0,9.0
10385364,2022-2023,14.0,2022-10-30 14:00:00,Emirates Stadium,Simon Hooper,60263.0,Nottingham Forest,Arsenal,Away,0,5,-5,0,Loss,0,0,1,3.0,24.0,207.0,13.0,31.0,,0.0,0.0,0.0,1.0,4.0,6.0,4.0,61.0,34.0,8.0,4.0,0.0,5.0,275.0,2.0,2.0,30.0,2.0,5.0,3.0,25.0,14.0
10385360,2022-2023,14.0,2022-10-30 16:15:00,Old Trafford,Chris Kavanagh,73682.0,Manchester United,West Ham United,Home,1,0,1,3,Win,1,0,0,6.0,21.0,405.0,16.0,53.0,,3.0,2.0,1.0,6.0,5.0,8.0,6.0,54.0,54.0,12.0,4.0,1.0,7.0,490.0,7.0,3.0,32.0,11.0,16.0,5.0,18.0,15.0
10385360,2022-2023,14.0,2022-10-30 16:15:00,Old Trafford,Chris Kavanagh,73682.0,West Ham United,Manchester United,Away,0,1,-1,0,Loss,0,0,1,4.0,29.0,341.0,14.0,47.0,,1.0,1.0,0.0,6.0,10.0,7.0,4.0,46.0,49.0,10.0,2.0,0.0,8.0,412.0,2.0,5.0,19.0,4.0,13.0,9.0,13.0,7.0
10385385,2022-2023,15.0,2022-11-05 15:00:00,Etihad Stadium,Darren England,52395.0,Manchester City,Fulham,Home,2,1,1,3,Win,1,0,0,7.0,31.0,653.0,12.0,71.0,,4.0,2.0,2.0,6.0,9.0,3.0,5.0,59.0,65.0,6.0,1.0,0.0,5.0,717.0,5.0,5.0,4.0,12.0,16.0,4.0,16.0,2.0
10385385,2022-2023,15.0,2022-11-05 15:00:00,Etihad Stadium,Darren England,52395.0,Fulham,Manchester City,Away,1,2,-1,0,Loss,0,0,1,1.0,19.0,234.0,10.0,29.0,,1.0,0.0,1.0,1.0,0.0,4.0,0.0,41.0,26.0,11.0,3.0,0.0,5.0,295.0,1.0,2.0,21.0,3.0,4.0,1.0,15.0,11.0
10385376,2022-2023,15.0,2022-11-06 12:00:00,Stamford Bridge,Michael Oliver,40142.0,Chelsea,Arsenal,Home,0,1,-1,0,Loss,0,0,1,1.0,19.0,263.0,17.0,44.0,,0.0,0.0,0.0,3.0,4.0,10.0,5.0,50.0,51.0,19.0,1.0,0.0,9.0,360.0,1.0,1.0,19.0,4.0,5.0,1.0,24.0,13.0
10385376,2022-2023,15.0,2022-11-06 12:00:00,Stamford Bridge,Michael Oliver,40142.0,Arsenal,Chelsea,Away,1,0,1,3,Win,1,0,0,4.0,31.0,371.0,13.0,56.0,,3.0,2.0,1.0,3.0,6.0,17.0,11.0,50.0,62.0,13.0,1.0,0.0,9.0,452.0,9.0,2.0,22.0,10.0,14.0,4.0,17.0,10.0
10385379,2022-2023,15.0,2022-11-06 14:00:00,Villa Park,Anthony Taylor,42058.0,Aston Villa,Manchester United,Home,3,1,2,3,Win,1,0,0,1.0,27.0,335.0,8.0,42.0,,1.0,0.0,1.0,0.0,3.0,9.0,4.0,54.0,24.0,6.0,3.0,0.0,15.0,401.0,2.0,4.0,24.0,3.0,6.0,3.0,16.0,5.0
10385379,2022-2023,15.0,2022-11-06 14:00:00,Villa Park,Anthony Taylor,42058.0,Manchester United,Aston Villa,Away,1,3,-2,0,Loss,0,0,1,4.0,40.0,463.0,8.0,58.0,,1.0,1.0,0.0,3.0,5.0,7.0,8.0,46.0,75.0,12.0,1.0,0.0,9.0,543.0,2.0,3.0,5.0,4.0,8.0,4.0,15.0,10.0
10385375,2022-2023,15.0,2022-11-06 16:30:00,Tottenham Hotspur Stadium,Andy Madley,62008.0,Tottenham Hotspur,Liverpool,Home,1,2,-1,0,Loss,0,0,1,10.0,32.0,428.0,14.0,47.0,,4.0,4.0,0.0,3.0,5.0,9.0,9.0,51.0,58.0,10.0,4.0,2.0,13.0,518.0,6.0,5.0,12.0,11.0,14.0,3.0,15.0,11.0
10385375,2022-2023,15.0,2022-11-06 16:30:00,Tottenham Hotspur Stadium,Andy Madley,62008.0,Liverpool,Tottenham Hotspur,Away,2,1,1,3,Win,1,0,0,2.0,30.0,515.0,12.0,53.0,,2.0,1.0,1.0,4.0,3.0,6.0,7.0,49.0,52.0,8.0,4.0,1.0,11.0,616.0,3.0,6.0,33.0,7.0,13.0,6.0,14.0,7.0
10385383,2022-2023,16.0,2022-11-12 12:30:00,Etihad Stadium,Peter Bankes,52786.0,Manchester City,Brentford,Home,1,2,-1,0,Loss,0,0,1,9.0,17.0,530.0,22.0,75.0,,1.0,1.0,0.0,14.0,10.0,5.0,8.0,51.0,56.0,9.0,5.0,0.0,3.0,622.0,9.0,6.0,12.0,17.0,29.0,12.0,9.0,7.0
10385383,2022-2023,16.0,2022-11-12 12:30:00,Etihad Stadium,Peter Bankes,52786.0,Brentford,Manchester City,Away,2,1,1,3,Win,1,0,0,4.0,27.0,123.0,20.0,25.0,,6.0,4.0,2.0,1.0,2.0,4.0,5.0,49.0,57.0,7.0,5.0,0.0,9.0,216.0,1.0,8.0,46.0,8.0,10.0,2.0,11.0,3.0
10385400,2022-2023,16.0,2022-11-12 15:00:00,Anfield,Simon Hooper,53.0,Liverpool,Southampton,Home,3,1,2,3,Win,1,0,0,10.0,31.0,578.0,11.0,60.0,,6.0,4.0,2.0,2.0,6.0,12.0,8.0,49.0,57.0,8.0,4.0,0.0,7.0,670.0,6.0,7.0,14.0,13.0,15.0,2.0,12.0,5.0
10385400,2022-2023,16.0,2022-11-12 15:00:00,Anfield,Simon Hooper,53.0,Southampton,Liverpool,Away,1,3,-2,0,Loss,0,0,1,7.0,32.0,356.0,9.0,40.0,,3.0,2.0,1.0,1.0,0.0,9.0,7.0,51.0,69.0,8.0,4.0,0.0,10.0,445.0,3.0,5.0,18.0,9.0,9.0,0.0,16.0,8.0
10385381,2022-2023,16.0,2022-11-12 17:30:00,St James' Park,Robert Jones,52264.0,Newcastle United,Chelsea,Home,1,0,1,3,Win,1,0,0,6.0,21.0,373.0,16.0,49.0,,2.0,2.0,,4.0,5.0,12.0,3.0,51.0,56.0,14.0,2.0,0.0,10.0,451.0,3.0,3.0,13.0,8.0,10.0,2.0,23.0,15.0
10385381,2022-2023,16.0,2022-11-12 17:30:00,St James' Park,Robert Jones,52264.0,Chelsea,Newcastle United,Away,0,1,-1,0,Loss,0,0,1,3.0,25.0,396.0,6.0,51.0,,0.0,0.0,,1.0,3.0,15.0,7.0,49.0,45.0,11.0,2.0,0.0,13.0,471.0,2.0,2.0,20.0,4.0,5.0,1.0,23.0,15.0
10385393,2022-2023,16.0,2022-11-12 19:45:00,Molineux Stadium,Stuart Attwell,34624.0,Wolverhampton,Arsenal,Home,0,2,-2,0,Loss,0,0,1,1.0,16.0,277.0,20.0,37.0,,0.0,0.0,0.0,3.0,6.0,5.0,9.0,61.0,38.0,5.0,1.0,0.0,6.0,348.0,6.0,2.0,23.0,6.0,11.0,5.0,17.0,9.0
10385393,2022-2023,16.0,2022-11-12 19:45:00,Molineux Stadium,Stuart Attwell,34624.0,Arsenal,Wolverhampton,Away,2,0,2,3,Win,1,0,0,5.0,27.0,517.0,9.0,63.0,,2.0,1.0,1.0,3.0,4.0,6.0,9.0,39.0,89.0,6.0,2.0,1.0,7.0,579.0,7.0,4.0,8.0,11.0,14.0,3.0,10.0,5.0
10385399,2022-2023,16.0,2022-11-13 16:30:00,Craven Cottage,Paul Tierney,24246.0,Fulham,Manchester United,Home,1,2,-1,0,Loss,0,0,1,4.0,24.0,366.0,11.0,53.0,,2.0,1.0,1.0,2.0,10.0,6.0,4.0,53.0,59.0,9.0,8.0,0.0,7.0,461.0,5.0,7.0,11.0,10.0,14.0,4.0,18.0,8.0
10385399,2022-2023,16.0,2022-11-13 16:30:00,Craven Cottage,Paul Tierney,24246.0,Manchester United,Fulham,Away,2,1,1,3,Win,1,0,0,5.0,26.0,344.0,17.0,47.0,,7.0,5.0,2.0,2.0,3.0,6.0,1.0,47.0,45.0,10.0,6.0,0.0,8.0,433.0,3.0,9.0,37.0,10.0,14.0,4.0,12.0,7.0
10385700,2022-2023,11.0,2022-10-16 13:00:00,Elland Road,Chris Kavanagh,36700.0,Leeds United,Arsenal,Home,0,1,-1,0,Loss,0,0,1,1.0,17.0,334.0,13.0,47.0,,3.0,3.0,,7.0,6.0,8.0,6.0,50.0,64.0,10.0,3.0,0.0,13.0,428.0,5.0,4.0,5.0,9.0,16.0,7.0,25.0,14.0
10385700,2022-2023,11.0,2022-10-16 13:00:00,Elland Road,Chris Kavanagh,36700.0,Arsenal,Leeds United,Away,1,0,1,3,Win,1,0,0,2.0,29.0,415.0,10.0,53.0,,1.0,1.0,,3.0,3.0,11.0,15.0,50.0,47.0,11.0,4.0,0.0,12.0,500.0,2.0,4.0,17.0,6.0,9.0,3.0,17.0,10.0
10385680,2022-2023,11.0,2022-10-16 13:00:00,Villa Park,Robert Jones,41754.0,Aston Villa,Chelsea,Home,0,2,-2,0,Loss,0,0,1,9.0,22.0,283.0,12.0,41.0,60.0,4.0,4.0,0.0,4.0,7.0,7.0,5.0,59.0,46.0,12.0,2.0,2.0,8.0,353.0,7.0,7.0,6.0,13.0,18.0,5.0,24.0,10.0
10385680,2022-2023,11.0,2022-10-16 13:00:00,Villa Park,Robert Jones,41754.0,Chelsea,Aston Villa,Away,2,0,2,3,Win,1,0,0,2.0,19.0,468.0,6.0,59.0,59.0,3.0,2.0,1.0,1.0,1.0,18.0,8.0,41.0,38.0,11.0,7.0,1.0,8.0,548.0,3.0,4.0,22.0,6.0,8.0,2.0,9.0,6.0
10385693,2022-2023,11.0,2022-10-16 13:00:00,Old Trafford,Craig Pawson,73726.0,Manchester United,Newcastle United,Home,0,0,0,1,Draw,0,1,0,5.0,23.0,415.0,7.0,63.0,,2.0,2.0,,5.0,4.0,7.0,4.0,51.0,60.0,13.0,2.0,0.0,10.0,512.0,8.0,2.0,9.0,7.0,15.0,8.0,18.0,11.0
10385693,2022-2023,11.0,2022-10-16 13:00:00,Old Trafford,Craig Pawson,73726.0,Newcastle United,Manchester United,Away,0,0,0,1,Draw,0,1,0,4.0,21.0,217.0,13.0,37.0,,1.0,1.0,,2.0,4.0,9.0,0.0,49.0,40.0,11.0,2.0,2.0,13.0,301.0,5.0,2.0,19.0,6.0,9.0,3.0,13.0,4.0
10385752,2022-2023,11.0,2022-10-16 15:30:00,Anfield,Anthony Taylor,53286.0,Liverpool,Manchester City,Home,1,0,1,3,Win,1,0,0,3.0,23.0,313.0,10.0,37.0,,5.0,4.0,1.0,3.0,5.0,15.0,3.0,45.0,39.0,10.0,6.0,0.0,11.0,407.0,8.0,2.0,27.0,8.0,13.0,5.0,23.0,12.0
10385752,2022-2023,11.0,2022-10-16 15:30:00,Anfield,Anthony Taylor,53286.0,Manchester City,Liverpool,Away,0,1,-1,0,Loss,0,0,1,9.0,32.0,616.0,15.0,63.0,,1.0,1.0,0.0,6.0,6.0,15.0,8.0,55.0,79.0,7.0,1.0,0.0,7.0,702.0,4.0,6.0,15.0,10.0,16.0,6.0,20.0,14.0
10385718,2022-2023,12.0,2022-10-19 18:30:00,Brentford Community Stadium,Jarred Gillett,17118.0,Brentford,Chelsea,Home,0,0,0,1,Draw,0,1,0,5.0,24.0,222.0,12.0,34.0,,3.0,3.0,,1.0,6.0,8.0,4.0,47.0,54.0,7.0,5.0,0.0,10.0,317.0,2.0,5.0,25.0,7.0,8.0,1.0,19.0,9.0
10385718,2022-2023,12.0,2022-10-19 18:30:00,Brentford Community Stadium,Jarred Gillett,17118.0,Chelsea,Brentford,Away,0,0,0,1,Draw,0,1,0,3.0,24.0,559.0,11.0,66.0,,1.0,1.0,,6.0,2.0,4.0,11.0,53.0,73.0,7.0,5.0,0.0,6.0,656.0,3.0,5.0,21.0,4.0,14.0,10.0,17.0,8.0
10385729,2022-2023,12.0,2022-10-19 18:30:00,Anfield,Stuart Attwell,53346.0,Liverpool,West Ham United,Home,1,0,1,3,Win,1,0,0,3.0,28.0,511.0,11.0,54.0,,3.0,3.0,,7.0,8.0,9.0,6.0,48.0,58.0,9.0,3.0,2.0,8.0,600.0,8.0,7.0,15.0,15.0,22.0,7.0,13.0,8.0
10385729,2022-2023,12.0,2022-10-19 18:30:00,Anfield,Stuart Attwell,53346.0,West Ham United,Liverpool,Away,0,1,-1,0,Loss,0,0,1,4.0,40.0,412.0,7.0,46.0,,5.0,5.0,,1.0,3.0,9.0,9.0,52.0,55.0,8.0,6.0,0.0,8.0,510.0,4.0,3.0,18.0,7.0,8.0,1.0,15.0,8.0
10385725,2022-2023,12.0,2022-10-19 19:15:00,Old Trafford,Simon Hooper,73677.0,Manchester United,Tottenham Hotspur,Home,2,0,2,3,Win,1,0,0,5.0,38.0,498.0,11.0,52.0,,2.0,2.0,,9.0,8.0,6.0,9.0,58.0,54.0,7.0,2.0,1.0,7.0,583.0,9.0,10.0,15.0,13.0,28.0,15.0,17.0,12.0
10385725,2022-2023,12.0,2022-10-19 19:15:00,Old Trafford,Simon Hooper,73677.0,Tottenham Hotspur,Manchester United,Away,0,2,-2,0,Loss,0,0,1,4.0,29.0,445.0,7.0,48.0,,1.0,1.0,,2.0,3.0,12.0,8.0,42.0,48.0,7.0,8.0,0.0,17.0,528.0,5.0,2.0,10.0,7.0,9.0,2.0,10.0,5.0
10385728,2022-2023,13.0,2022-10-22 11:30:00,City Ground,Paul Tierney,29245.0,Nottingham Forest,Liverpool,Home,1,0,1,3,Win,1,0,0,1.0,11.0,145.0,11.0,25.0,,5.0,4.0,1.0,2.0,2.0,9.0,8.0,51.0,40.0,14.0,7.0,1.0,8.0,227.0,1.0,7.0,38.0,6.0,10.0,4.0,19.0,15.0
10385728,2022-2023,13.0,2022-10-22 11:30:00,City Ground,Paul Tierney,29245.0,Liverpool,Nottingham Forest,Away,0,1,-1,0,Loss,0,0,1,10.0,39.0,595.0,11.0,75.0,,4.0,4.0,0.0,1.0,11.0,15.0,6.0,49.0,100.0,8.0,6.0,0.0,4.0,691.0,7.0,7.0,7.0,14.0,15.0,1.0,14.0,7.0
10385730,2022-2023,13.0,2022-10-22 14:00:00,Etihad Stadium,Craig Pawson,55223.0,Manchester City,Brighton & Hove Albion,Home,3,1,2,3,Win,1,0,0,2.0,16.0,368.0,1.0,48.0,,3.0,1.0,2.0,3.0,6.0,11.0,8.0,45.0,42.0,11.0,1.0,0.0,8.0,446.0,3.0,4.0,12.0,9.0,10.0,1.0,14.0,9.0
10385730,2022-2023,13.0,2022-10-22 14:00:00,Etihad Stadium,Craig Pawson,55223.0,Brighton & Hove Albion,Manchester City,Away,1,3,-2,0,Loss,0,0,1,2.0,26.0,398.0,8.0,52.0,,1.0,1.0,0.0,3.0,3.0,7.0,7.0,55.0,48.0,12.0,1.0,0.0,9.0,471.0,3.0,2.0,11.0,5.0,8.0,3.0,16.0,6.0
10385751,2022-2023,13.0,2022-10-22 16:30:00,Stamford Bridge,Stuart Attwell,39503.0,Chelsea,Manchester United,Home,1,1,0,1,Draw,0,1,0,4.0,17.0,323.0,14.0,48.0,,2.0,1.0,1.0,1.0,6.0,5.0,7.0,46.0,50.0,8.0,5.0,1.0,11.0,414.0,3.0,2.0,18.0,4.0,6.0,2.0,10.0,5.0
10385751,2022-2023,13.0,2022-10-22 16:30:00,Stamford Bridge,Stuart Attwell,39503.0,Manchester United,Chelsea,Away,1,1,0,1,Draw,0,1,0,4.0,29.0,360.0,16.0,52.0,,1.0,1.0,0.0,1.0,4.0,3.0,6.0,54.0,53.0,10.0,1.0,0.0,12.0,464.0,6.0,6.0,16.0,6.0,13.0,7.0,18.0,8.0
10385368,2022-2023,13.0,2022-10-23 13:00:00,St. Mary's Stadium,Robert Jones,31145.0,Southampton,Arsenal,Home,1,1,0,1,Draw,0,1,0,2.0,20.0,288.0,11.0,41.0,,1.0,0.0,1.0,4.0,9.0,12.0,3.0,51.0,28.0,11.0,2.0,0.0,3.0,358.0,3.0,3.0,17.0,5.0,10.0,5.0,21.0,14.0
10385368,2022-2023,13.0,2022-10-23 13:00:00,St. Mary's Stadium,Robert Jones,31145.0,Arsenal,Southampton,Away,1,1,0,1,Draw,0,1,0,3.0,19.0,466.0,11.0,59.0,,3.0,2.0,1.0,5.0,4.0,13.0,3.0,49.0,92.0,8.0,2.0,0.0,7.0,541.0,4.0,3.0,25.0,7.0,12.0,5.0,16.0,9.0
10385380,2022-2023,14.0,2022-10-29 11:30:00,King Power Stadium,Robert Jones,32223.0,Leicester City,Manchester City,Home,0,1,-1,0,Loss,0,0,1,4.0,22.0,309.0,11.0,36.0,,1.0,1.0,,1.0,3.0,4.0,3.0,56.0,39.0,5.0,4.0,1.0,3.0,385.0,4.0,5.0,14.0,8.0,10.0,2.0,12.0,9.0
10385380,2022-2023,14.0,2022-10-29 11:30:00,King Power Stadium,Robert Jones,32223.0,Manchester City,Leicester City,Away,1,0,1,3,Win,1,0,0,7.0,32.0,622.0,13.0,64.0,,0.0,0.0,,4.0,10.0,6.0,3.0,44.0,82.0,10.0,5.0,0.0,6.0,691.0,6.0,5.0,6.0,7.0,15.0,8.0,7.0,4.0
10385639,2022-2023,8.0,2022-09-17 11:30:00,Molineux Stadium,Anthony Taylor,31578.0,Wolverhampton,Manchester City,Home,0,3,-3,0,Loss,0,0,1,2.0,28.0,353.0,4.0,41.0,,0.0,,0.0,1.0,5.0,10.0,13.0,48.0,41.0,7.0,4.0,0.0,7.0,422.0,4.0,1.0,11.0,3.0,6.0,3.0,19.0,11.0
10385639,2022-2023,8.0,2022-09-17 11:30:00,Molineux Stadium,Anthony Taylor,31578.0,Manchester City,Wolverhampton,Away,3,0,3,3,Win,1,0,0,4.0,25.0,563.0,11.0,59.0,,1.0,,1.0,4.0,7.0,11.0,11.0,52.0,51.0,9.0,1.0,0.0,15.0,622.0,5.0,7.0,10.0,6.0,16.0,10.0,19.0,11.0
10385635,2022-2023,8.0,2022-09-18 11:00:00,Brentford Community Stadium,David Coote,17122.0,Brentford,Arsenal,Home,0,3,-3,0,Loss,0,0,1,6.0,31.0,238.0,21.0,36.0,,1.0,1.0,0.0,0.0,3.0,9.0,4.0,58.0,37.0,10.0,4.0,0.0,12.0,321.0,3.0,2.0,16.0,4.0,5.0,1.0,21.0,13.0
10385635,2022-2023,8.0,2022-09-18 11:00:00,Brentford Community Stadium,David Coote,17122.0,Arsenal,Brentford,Away,3,0,3,3,Win,1,0,0,1.0,13.0,509.0,8.0,64.0,,2.0,1.0,1.0,2.0,3.0,13.0,10.0,42.0,85.0,10.0,2.0,0.0,6.0,592.0,4.0,7.0,19.0,8.0,13.0,5.0,12.0,9.0
10385648,2022-2023,9.0,2022-10-01 11:30:00,Emirates Stadium,Anthony Taylor,60278.0,Arsenal,Tottenham Hotspur,Home,3,1,2,3,Win,1,0,0,7.0,23.0,511.0,9.0,65.0,,2.0,1.0,1.0,4.0,5.0,11.0,10.0,54.0,84.0,10.0,2.0,1.0,6.0,565.0,9.0,9.0,15.0,11.0,22.0,11.0,14.0,10.0
10385648,2022-2023,9.0,2022-10-01 11:30:00,Emirates Stadium,Anthony Taylor,60278.0,Tottenham Hotspur,Arsenal,Away,1,3,-2,0,Loss,0,0,1,2.0,22.0,240.0,7.0,35.0,,2.0,1.0,1.0,2.0,2.0,8.0,4.0,46.0,29.0,10.0,6.0,0.0,5.0,307.0,2.0,3.0,26.0,4.0,7.0,3.0,16.0,10.0
10385629,2022-2023,9.0,2022-10-01 14:00:00,Selhurst Park,Chris Kavanagh,,Crystal Palace,Chelsea,Home,1,2,-1,0,Loss,0,0,1,2.0,13.0,271.0,9.0,36.0,,1.0,0.0,1.0,0.0,5.0,4.0,10.0,53.0,35.0,11.0,1.0,0.0,7.0,348.0,4.0,3.0,14.0,4.0,7.0,3.0,18.0,10.0
10385629,2022-2023,9.0,2022-10-01 14:00:00,Selhurst Park,Chris Kavanagh,,Chelsea,Crystal Palace,Away,2,1,1,3,Win,1,0,0,4.0,34.0,559.0,11.0,64.0,,1.0,1.0,0.0,3.0,2.0,10.0,6.0,47.0,77.0,13.0,2.0,1.0,9.0,635.0,7.0,3.0,12.0,10.0,13.0,3.0,16.0,9.0
10385659,2022-2023,9.0,2022-10-01 14:00:00,Anfield,Andy Madley,,Liverpool,Brighton & Hove Albion,Home,3,3,0,1,Draw,0,1,0,3.0,26.0,432.0,11.0,54.0,,5.0,3.0,2.0,2.0,9.0,16.0,8.0,49.0,83.0,9.0,3.0,1.0,9.0,530.0,6.0,7.0,16.0,12.0,15.0,3.0,14.0,9.0
10385659,2022-2023,9.0,2022-10-01 14:00:00,Anfield,Andy Madley,,Brighton & Hove Albion,Liverpool,Away,3,3,0,1,Draw,0,1,0,3.0,23.0,359.0,8.0,46.0,,6.0,3.0,3.0,0.0,2.0,6.0,11.0,51.0,42.0,13.0,5.0,0.0,14.0,460.0,0.0,6.0,26.0,6.0,6.0,0.0,23.0,9.0
10385656,2022-2023,9.0,2022-10-02 13:00:00,Etihad Stadium,Michael Oliver,53475.0,Manchester City,Manchester United,Home,6,3,3,3,Win,1,0,0,7.0,34.0,485.0,10.0,54.0,,3.0,,3.0,6.0,5.0,13.0,11.0,62.0,37.0,3.0,5.0,1.0,11.0,551.0,6.0,10.0,9.0,17.0,22.0,5.0,14.0,8.0
10385656,2022-2023,9.0,2022-10-02 13:00:00,Etihad Stadium,Michael Oliver,53475.0,Manchester United,Manchester City,Away,3,6,-3,0,Loss,0,0,1,0.0,17.0,408.0,6.0,46.0,,2.0,,2.0,3.0,1.0,7.0,4.0,38.0,42.0,9.0,3.0,0.0,7.0,476.0,1.0,8.0,10.0,6.0,12.0,6.0,14.0,5.0
10385760,2022-2023,10.0,2022-10-08 14:00:00,Stamford Bridge,Simon Hooper,39940.0,Chelsea,Wolverhampton,Home,3,0,3,3,Win,1,0,0,9.0,15.0,518.0,9.0,57.0,,4.0,3.0,1.0,3.0,4.0,9.0,4.0,52.0,60.0,8.0,2.0,0.0,8.0,591.0,10.0,7.0,12.0,17.0,20.0,3.0,26.0,15.0
10385760,2022-2023,10.0,2022-10-08 14:00:00,Stamford Bridge,Simon Hooper,39940.0,Wolverhampton,Chelsea,Away,0,3,-3,0,Loss,0,0,1,5.0,26.0,360.0,13.0,43.0,,1.0,1.0,0.0,1.0,2.0,16.0,9.0,48.0,38.0,8.0,4.0,0.0,5.0,431.0,5.0,2.0,17.0,6.0,8.0,2.0,13.0,9.0
10385695,2022-2023,10.0,2022-10-08 14:00:00,Etihad Stadium,Andy Madley,53365.0,Manchester City,Southampton,Home,4,0,4,3,Win,1,0,0,6.0,36.0,666.0,11.0,65.0,,6.0,4.0,2.0,4.0,9.0,12.0,7.0,54.0,57.0,4.0,0.0,1.0,8.0,744.0,9.0,8.0,6.0,20.0,21.0,1.0,15.0,8.0
10385695,2022-2023,10.0,2022-10-08 14:00:00,Etihad Stadium,Andy Madley,53365.0,Southampton,Manchester City,Away,0,4,-4,0,Loss,0,0,1,0.0,26.0,317.0,10.0,35.0,,0.0,0.0,0.0,2.0,1.0,4.0,3.0,46.0,38.0,8.0,4.0,0.0,11.0,393.0,3.0,0.0,20.0,0.0,5.0,5.0,19.0,9.0
10385644,2022-2023,10.0,2022-10-09 15:30:00,Emirates Stadium,Michael Oliver,60059.0,Arsenal,Liverpool,Home,3,2,1,3,Win,1,0,0,1.0,25.0,302.0,13.0,44.0,,3.0,,3.0,3.0,4.0,8.0,8.0,54.0,70.0,11.0,2.0,0.0,6.0,386.0,1.0,7.0,31.0,10.0,11.0,1.0,16.0,10.0
10385644,2022-2023,10.0,2022-10-09 15:30:00,Emirates Stadium,Michael Oliver,60059.0,Liverpool,Arsenal,Away,2,3,-1,0,Loss,0,0,1,1.0,28.0,395.0,10.0,56.0,,1.0,,1.0,3.0,3.0,11.0,4.0,46.0,47.0,11.0,4.0,0.0,8.0,488.0,2.0,3.0,19.0,5.0,8.0,3.0,15.0,7.0
10385762,2022-2023,10.0,2022-10-09 18:00:00,Goodison Park,David Coote,39258.0,Everton,Manchester United,Home,1,2,-1,0,Loss,0,0,1,4.0,23.0,295.0,13.0,40.0,,0.0,0.0,0.0,6.0,5.0,3.0,8.0,47.0,42.0,7.0,2.0,0.0,15.0,375.0,3.0,2.0,9.0,7.0,11.0,4.0,9.0,6.0
10385762,2022-2023,10.0,2022-10-09 18:00:00,Goodison Park,David Coote,39258.0,Manchester United,Everton,Away,2,1,1,3,Win,1,0,0,1.0,26.0,510.0,17.0,60.0,,3.0,1.0,2.0,3.0,4.0,4.0,7.0,53.0,67.0,13.0,1.0,0.0,5.0,609.0,5.0,4.0,25.0,5.0,12.0,7.0,15.0,6.0
10385585,2022-2023,5.0,2022-08-30 18:45:00,St. Mary's Stadium,Michael Oliver,31072.0,Southampton,Chelsea,Home,2,1,1,3,Win,1,0,0,2.0,17.0,158.0,13.0,32.0,,3.0,2.0,1.0,2.0,5.0,9.0,6.0,43.0,57.0,15.0,3.0,0.0,13.0,259.0,0.0,7.0,29.0,4.0,9.0,5.0,19.0,13.0
10385585,2022-2023,5.0,2022-08-30 18:45:00,St. Mary's Stadium,Michael Oliver,31072.0,Chelsea,Southampton,Away,1,2,-1,0,Loss,0,0,1,4.0,31.0,460.0,16.0,68.0,,2.0,1.0,1.0,4.0,3.0,9.0,5.0,57.0,82.0,10.0,3.0,0.0,20.0,561.0,2.0,4.0,26.0,8.0,10.0,2.0,26.0,13.0
10385574,2022-2023,5.0,2022-08-31 18:30:00,Emirates Stadium,Robert Jones,60012.0,Arsenal,Aston Villa,Home,2,1,1,3,Win,1,0,0,3.0,28.0,428.0,11.0,59.0,,3.0,2.0,1.0,7.0,10.0,9.0,12.0,53.0,62.0,10.0,2.0,0.0,8.0,504.0,6.0,9.0,10.0,14.0,22.0,8.0,10.0,7.0
10385574,2022-2023,5.0,2022-08-31 18:30:00,Emirates Stadium,Robert Jones,60012.0,Aston Villa,Arsenal,Away,1,2,-1,0,Loss,0,0,1,2.0,19.0,271.0,10.0,41.0,,0.0,0.0,0.0,0.0,3.0,6.0,5.0,47.0,52.0,14.0,6.0,0.0,11.0,352.0,1.0,3.0,24.0,3.0,4.0,1.0,16.0,6.0
10385590,2022-2023,5.0,2022-08-31 18:30:00,Etihad Stadium,Paul Tierney,53409.0,Manchester City,Nottingham Forest,Home,6,0,6,3,Win,1,0,0,4.0,39.0,720.0,17.0,75.0,,7.0,3.0,4.0,2.0,10.0,4.0,7.0,53.0,84.0,9.0,1.0,1.0,5.0,785.0,6.0,9.0,6.0,12.0,17.0,5.0,13.0,11.0
10385590,2022-2023,5.0,2022-08-31 18:30:00,Etihad Stadium,Paul Tierney,53409.0,Nottingham Forest,Manchester City,Away,0,6,-6,0,Loss,0,0,1,3.0,16.0,192.0,8.0,25.0,,2.0,2.0,0.0,3.0,1.0,7.0,6.0,47.0,23.0,7.0,3.0,0.0,14.0,261.0,4.0,1.0,24.0,4.0,8.0,4.0,14.0,8.0
10385582,2022-2023,5.0,2022-08-31 19:00:00,Anfield,Andre Marriner,53316.0,Liverpool,Newcastle United,Home,2,1,1,3,Win,1,0,0,10.0,36.0,523.0,15.0,72.0,,1.0,1.0,0.0,9.0,13.0,10.0,11.0,43.0,83.0,9.0,1.0,0.0,6.0,625.0,8.0,6.0,4.0,16.0,23.0,7.0,7.0,5.0
10385582,2022-2023,5.0,2022-08-31 19:00:00,Anfield,Andre Marriner,53316.0,Newcastle United,Liverpool,Away,1,2,-1,0,Loss,0,0,1,2.0,18.0,163.0,22.0,28.0,,1.0,0.0,1.0,0.0,0.0,3.0,6.0,57.0,50.0,10.0,4.0,0.0,15.0,256.0,3.0,2.0,42.0,2.0,5.0,3.0,23.0,9.0
10385573,2022-2023,5.0,2022-09-01 19:00:00,King Power Stadium,Craig Pawson,32226.0,Leicester City,Manchester United,Home,0,1,-1,0,Loss,0,0,1,1.0,27.0,487.0,18.0,54.0,,1.0,1.0,0.0,3.0,1.0,9.0,5.0,56.0,77.0,7.0,1.0,0.0,17.0,595.0,5.0,2.0,16.0,2.0,10.0,8.0,21.0,13.0
10385573,2022-2023,5.0,2022-09-01 19:00:00,King Power Stadium,Craig Pawson,32226.0,Manchester United,Leicester City,Away,1,0,1,3,Win,1,0,0,1.0,30.0,400.0,16.0,46.0,,1.0,0.0,1.0,2.0,3.0,15.0,8.0,44.0,61.0,15.0,2.0,0.0,8.0,513.0,5.0,2.0,10.0,7.0,9.0,2.0,15.0,8.0
10385599,2022-2023,6.0,2022-09-03 11:30:00,Goodison Park,Anthony Taylor,39240.0,Everton,Liverpool,Home,0,0,0,1,Draw,0,1,0,3.0,20.0,217.0,9.0,39.0,,1.0,1.0,,5.0,7.0,8.0,4.0,51.0,38.0,7.0,8.0,1.0,10.0,302.0,6.0,3.0,32.0,11.0,14.0,3.0,19.0,11.0
10385599,2022-2023,6.0,2022-09-03 11:30:00,Goodison Park,Anthony Taylor,39240.0,Liverpool,Everton,Away,0,0,0,1,Draw,0,1,0,11.0,32.0,380.0,14.0,61.0,,1.0,1.0,,6.0,9.0,14.0,3.0,49.0,70.0,11.0,4.0,3.0,12.0,469.0,9.0,8.0,16.0,20.0,23.0,3.0,15.0,12.0
10385757,2022-2023,6.0,2022-09-03 14:00:00,Stamford Bridge,Andy Madley,39923.0,Chelsea,West Ham United,Home,2,1,1,3,Win,1,0,0,2.0,14.0,577.0,15.0,68.0,,2.0,1.0,1.0,3.0,10.0,8.0,9.0,54.0,64.0,6.0,2.0,0.0,3.0,661.0,2.0,3.0,12.0,5.0,8.0,3.0,16.0,11.0
10385757,2022-2023,6.0,2022-09-03 14:00:00,Stamford Bridge,Andy Madley,39923.0,West Ham United,Chelsea,Away,1,2,-1,0,Loss,0,0,1,2.0,22.0,232.0,15.0,32.0,,2.0,1.0,1.0,1.0,3.0,9.0,9.0,46.0,31.0,11.0,1.0,1.0,16.0,308.0,2.0,3.0,28.0,3.0,6.0,3.0,14.0,9.0
10385569,2022-2023,6.0,2022-09-03 16:30:00,Villa Park,Simon Hooper,41830.0,Aston Villa,Manchester City,Home,1,1,0,1,Draw,0,1,0,0.0,23.0,203.0,13.0,28.0,,0.0,0.0,0.0,1.0,1.0,7.0,0.0,40.0,43.0,7.0,3.0,0.0,4.0,287.0,1.0,1.0,15.0,2.0,3.0,1.0,15.0,9.0
10385569,2022-2023,6.0,2022-09-03 16:30:00,Villa Park,Simon Hooper,41830.0,Manchester City,Aston Villa,Away,1,1,0,1,Draw,0,1,0,4.0,37.0,673.0,27.0,72.0,,4.0,3.0,1.0,4.0,4.0,12.0,4.0,60.0,55.0,6.0,0.0,1.0,5.0,763.0,5.0,4.0,8.0,8.0,13.0,5.0,13.0,5.0
10385750,2022-2023,6.0,2022-09-04 15:30:00,Old Trafford,Paul Tierney,74310.0,Manchester United,Arsenal,Home,3,1,2,3,Win,1,0,0,3.0,20.0,242.0,10.0,40.0,,4.0,1.0,3.0,1.0,2.0,6.0,3.0,50.0,43.0,13.0,2.0,0.0,7.0,310.0,3.0,6.0,24.0,7.0,10.0,3.0,17.0,8.0
10385750,2022-2023,6.0,2022-09-04 15:30:00,Old Trafford,Paul Tierney,74310.0,Arsenal,Manchester United,Away,1,3,-2,0,Loss,0,0,1,4.0,30.0,388.0,3.0,60.0,,3.0,2.0,1.0,5.0,5.0,8.0,8.0,50.0,60.0,9.0,3.0,1.0,6.0,465.0,8.0,3.0,6.0,9.0,16.0,7.0,14.0,8.0
10385500,2022-2023,2.0,2022-08-13 14:00:00,Emirates Stadium,Darren England,60033.0,Arsenal,Leicester City,Home,4,2,2,3,Win,1,0,0,4.0,15.0,386.0,19.0,50.0,,5.0,3.0,2.0,4.0,6.0,7.0,11.0,52.0,52.0,15.0,1.0,2.0,8.0,462.0,8.0,7.0,11.0,15.0,19.0,4.0,8.0,6.0
10385500,2022-2023,2.0,2022-08-13 14:00:00,Emirates Stadium,Darren England,60033.0,Leicester City,Arsenal,Away,2,4,-2,0,Loss,0,0,1,1.0,28.0,383.0,14.0,50.0,,1.0,1.0,0.0,1.0,2.0,3.0,3.0,48.0,60.0,9.0,4.0,0.0,8.0,472.0,3.0,2.0,16.0,5.0,6.0,1.0,12.0,7.0
10385530,2022-2023,2.0,2022-08-13 14:00:00,Etihad Stadium,David Coote,53453.0,Manchester City,Bournemouth,Home,4,0,4,3,Win,1,0,0,10.0,25.0,649.0,9.0,67.0,,2.0,1.0,1.0,6.0,11.0,6.0,10.0,52.0,90.0,9.0,1.0,0.0,5.0,696.0,6.0,7.0,4.0,12.0,19.0,7.0,8.0,4.0
10385530,2022-2023,2.0,2022-08-13 14:00:00,Etihad Stadium,David Coote,53453.0,Bournemouth,Manchester City,Away,0,4,-4,0,Loss,0,0,1,2.0,21.0,288.0,8.0,33.0,,0.0,0.0,0.0,1.0,1.0,4.0,6.0,48.0,21.0,9.0,4.0,0.0,6.0,353.0,1.0,1.0,20.0,1.0,3.0,2.0,10.0,5.0
10385510,2022-2023,2.0,2022-08-13 16:30:00,Brentford Community Stadium,Stuart Attwell,,Brentford,Manchester United,Home,4,0,4,3,Win,1,0,0,2.0,20.0,167.0,10.0,33.0,,2.0,0.0,2.0,3.0,8.0,9.0,8.0,48.0,47.0,6.0,4.0,0.0,8.0,255.0,3.0,7.0,13.0,7.0,13.0,6.0,6.0,4.0
10385510,2022-2023,2.0,2022-08-13 16:30:00,Brentford Community Stadium,Stuart Attwell,,Manchester United,Brentford,Away,0,4,-4,0,Loss,0,0,1,5.0,17.0,444.0,14.0,67.0,,1.0,1.0,0.0,4.0,2.0,5.0,10.0,52.0,52.0,15.0,3.0,0.0,12.0,525.0,7.0,4.0,22.0,7.0,15.0,8.0,12.0,7.0
10385525,2022-2023,2.0,2022-08-14 15:30:00,Stamford Bridge,Anthony Taylor,39946.0,Chelsea,Tottenham Hotspur,Home,2,2,0,1,Draw,0,1,0,4.0,27.0,512.0,14.0,64.0,,2.0,1.0,1.0,7.0,8.0,17.0,11.0,53.0,67.0,9.0,3.0,0.0,4.0,597.0,6.0,3.0,5.0,11.0,16.0,5.0,28.0,18.0
10385525,2022-2023,2.0,2022-08-14 15:30:00,Stamford Bridge,Anthony Taylor,39946.0,Tottenham Hotspur,Chelsea,Away,2,2,0,1,Draw,0,1,0,3.0,19.0,269.0,16.0,36.0,,4.0,3.0,1.0,3.0,5.0,14.0,7.0,47.0,28.0,9.0,1.0,0.0,15.0,340.0,2.0,5.0,32.0,8.0,10.0,2.0,25.0,12.0
10385740,2022-2023,2.0,2022-08-15 19:00:00,Anfield,Paul Tierney,52970.0,Liverpool,Crystal Palace,Home,1,1,0,1,Draw,0,1,0,7.0,50.0,645.0,9.0,73.0,,3.0,3.0,0.0,10.0,4.0,12.0,10.0,44.0,97.0,7.0,2.0,1.0,13.0,741.0,10.0,4.0,8.0,16.0,24.0,8.0,20.0,15.0
10385740,2022-2023,2.0,2022-08-15 19:00:00,Anfield,Paul Tierney,52970.0,Crystal Palace,Liverpool,Away,1,1,0,1,Draw,0,1,0,2.0,25.0,189.0,16.0,27.0,,4.0,3.0,1.0,0.0,2.0,13.0,13.0,56.0,37.0,8.0,3.0,1.0,18.0,274.0,4.0,3.0,38.0,5.0,7.0,2.0,23.0,14.0
10385519,2022-2023,3.0,2022-08-20 16:30:00,Vitality Stadium,Craig Pawson,10423.0,Bournemouth,Arsenal,Home,0,3,-3,0,Loss,0,0,1,5.0,16.0,324.0,12.0,42.0,,0.0,0.0,0.0,0.0,3.0,9.0,7.0,50.0,41.0,12.0,3.0,0.0,7.0,411.0,5.0,1.0,11.0,4.0,6.0,2.0,22.0,8.0
10385519,2022-2023,3.0,2022-08-20 16:30:00,Vitality Stadium,Craig Pawson,10423.0,Arsenal,Bournemouth,Away,3,0,3,3,Win,1,0,0,5.0,17.0,517.0,15.0,58.0,,3.0,2.0,1.0,4.0,4.0,9.0,12.0,50.0,52.0,10.0,1.0,0.0,10.0,580.0,4.0,6.0,20.0,11.0,14.0,3.0,14.0,8.0
10385543,2022-2023,3.0,2022-08-21 13:00:00,Elland Road,Stuart Attwell,36372.0,Leeds United,Chelsea,Home,3,0,3,3,Win,1,0,0,3.0,11.0,227.0,10.0,39.0,,3.0,1.0,2.0,2.0,4.0,10.0,8.0,45.0,44.0,16.0,3.0,0.0,16.0,318.0,4.0,6.0,14.0,9.0,12.0,3.0,26.0,14.0
10385543,2022-2023,3.0,2022-08-21 13:00:00,Elland Road,Stuart Attwell,36372.0,Chelsea,Leeds United,Away,0,3,-3,0,Loss,0,0,1,5.0,40.0,405.0,21.0,61.0,,0.0,0.0,0.0,7.0,6.0,12.0,13.0,55.0,52.0,15.0,3.0,0.0,17.0,494.0,4.0,3.0,12.0,9.0,14.0,5.0,22.0,10.0
10385532,2022-2023,3.0,2022-08-21 15:30:00,St James' Park,Jarred Gillett,52258.0,Newcastle United,Manchester City,Home,3,3,0,1,Draw,0,1,0,6.0,25.0,185.0,12.0,31.0,,4.0,2.0,2.0,2.0,5.0,5.0,9.0,45.0,46.0,14.0,7.0,0.0,13.0,275.0,4.0,6.0,22.0,10.0,12.0,2.0,13.0,7.0
10385532,2022-2023,3.0,2022-08-21 15:30:00,St James' Park,Jarred Gillett,52258.0,Manchester City,Newcastle United,Away,3,3,0,1,Draw,0,1,0,5.0,30.0,521.0,15.0,69.0,,7.0,4.0,3.0,7.0,5.0,6.0,13.0,55.0,68.0,7.0,2.0,1.0,5.0,608.0,4.0,10.0,13.0,14.0,21.0,7.0,9.0,5.0
10385531,2022-2023,3.0,2022-08-22 19:00:00,Old Trafford,Michael Oliver,,Manchester United,Liverpool,Home,2,1,1,3,Win,1,0,0,1.0,16.0,180.0,14.0,30.0,,4.0,2.0,2.0,4.0,6.0,6.0,11.0,51.0,45.0,11.0,5.0,1.0,12.0,273.0,4.0,5.0,34.0,8.0,13.0,5.0,24.0,17.0
10385531,2022-2023,3.0,2022-08-22 19:00:00,Old Trafford,Michael Oliver,,Liverpool,Manchester United,Away,1,2,-1,0,Loss,0,0,1,6.0,32.0,540.0,20.0,70.0,,1.0,1.0,0.0,5.0,8.0,21.0,10.0,49.0,66.0,7.0,3.0,0.0,6.0,645.0,7.0,5.0,7.0,15.0,17.0,2.0,13.0,11.0
10385567,2022-2023,4.0,2022-08-27 11:30:00,St. Mary's Stadium,Andy Madley,31196.0,Southampton,Manchester United,Home,0,1,-1,0,Loss,0,0,1,9.0,26.0,266.0,19.0,48.0,,1.0,1.0,,2.0,5.0,8.0,6.0,53.0,66.0,4.0,3.0,0.0,13.0,364.0,10.0,5.0,10.0,14.0,17.0,3.0,17.0,8.0
10385567,2022-2023,4.0,2022-08-27 11:30:00,St. Mary's Stadium,Andy Madley,31196.0,Manchester United,Southampton,Away,1,0,1,3,Win,1,0,0,4.0,17.0,299.0,26.0,52.0,,3.0,3.0,,3.0,3.0,10.0,7.0,47.0,42.0,14.0,4.0,0.0,10.0,404.0,2.0,6.0,36.0,9.0,11.0,2.0,14.0,8.0
10385552,2022-2023,4.0,2022-08-27 14:00:00,Stamford Bridge,Paul Tierney,39953.0,Chelsea,Leicester City,Home,2,1,1,3,Win,1,0,0,3.0,32.0,372.0,18.0,45.0,,3.0,2.0,1.0,2.0,3.0,9.0,6.0,50.0,63.0,10.0,4.0,2.0,6.0,446.0,1.0,4.0,25.0,5.0,7.0,2.0,18.0,12.0
10385552,2022-2023,4.0,2022-08-27 14:00:00,Stamford Bridge,Paul Tierney,39953.0,Leicester City,Chelsea,Away,1,2,-1,0,Loss,0,0,1,5.0,25.0,456.0,17.0,55.0,,4.0,4.0,0.0,5.0,11.0,11.0,5.0,50.0,54.0,7.0,2.0,1.0,7.0,524.0,7.0,5.0,14.0,11.0,17.0,6.0,17.0,10.0
10385554,2022-2023,4.0,2022-08-27 14:00:00,Etihad Stadium,Graham Scott,53112.0,Manchester City,Crystal Palace,Home,4,2,2,3,Win,1,0,0,12.0,35.0,702.0,14.0,74.0,,4.0,1.0,3.0,4.0,6.0,5.0,10.0,56.0,98.0,14.0,1.0,0.0,5.0,770.0,9.0,5.0,3.0,14.0,18.0,4.0,12.0,10.0
10385554,2022-2023,4.0,2022-08-27 14:00:00,Etihad Stadium,Graham Scott,53112.0,Crystal Palace,Manchester City,Away,2,4,-2,0,Loss,0,0,1,1.0,18.0,196.0,7.0,26.0,,1.0,0.0,1.0,0.0,1.0,7.0,5.0,44.0,36.0,8.0,1.0,0.0,5.0,265.0,0.0,2.0,27.0,1.0,2.0,1.0,9.0,6.0
10385547,2022-2023,4.0,2022-08-27 14:00:00,Anfield,Stuart Attwell,53328.0,Liverpool,Bournemouth,Home,9,0,9,3,Win,1,0,0,11.0,33.0,589.0,18.0,69.0,,6.0,3.0,3.0,1.0,8.0,8.0,10.0,49.0,93.0,6.0,2.0,0.0,9.0,681.0,6.0,12.0,3.0,16.0,19.0,3.0,12.0,10.0
10385547,2022-2023,4.0,2022-08-27 14:00:00,Anfield,Stuart Attwell,53328.0,Bournemouth,Liverpool,Away,0,9,-9,0,Loss,0,0,1,2.0,24.0,211.0,14.0,31.0,,0.0,0.0,0.0,1.0,1.0,7.0,6.0,50.0,42.0,5.0,4.0,1.0,11.0,303.0,2.0,2.0,17.0,3.0,5.0,2.0,20.0,12.0
10385742,2022-2023,4.0,2022-08-27 16:30:00,Emirates Stadium,Jarred Gillett,60164.0,Arsenal,Fulham,Home,2,1,1,3,Win,1,0,0,5.0,42.0,509.0,11.0,72.0,,2.0,1.0,1.0,10.0,9.0,15.0,13.0,48.0,68.0,6.0,2.0,1.0,7.0,595.0,4.0,8.0,5.0,16.0,22.0,6.0,15.0,11.0
10385742,2022-2023,4.0,2022-08-27 16:30:00,Emirates Stadium,Jarred Gillett,60164.0,Fulham,Arsenal,Away,1,2,-1,0,Loss,0,0,1,7.0,13.0,138.0,22.0,28.0,,1.0,0.0,1.0,2.0,2.0,9.0,4.0,52.0,33.0,12.0,6.0,0.0,14.0,223.0,6.0,3.0,30.0,9.0,11.0,2.0,24.0,11.0
10385741,2022-2023,1.0,2022-08-05 19:00:00,Selhurst Park,Anthony Taylor,25286.0,Crystal Palace,Arsenal,Home,0,2,-2,0,Loss,0,0,1,3.0,33.0,487.0,10.0,56.0,,2.0,2.0,0.0,6.0,3.0,16.0,16.0,42.0,65.0,16.0,1.0,0.0,8.0,562.0,2.0,2.0,19.0,9.0,10.0,1.0,18.0,9.0
10385741,2022-2023,1.0,2022-08-05 19:00:00,Selhurst Park,Anthony Taylor,25286.0,Arsenal,Crystal Palace,Away,2,0,2,3,Win,1,0,0,2.0,26.0,360.0,14.0,44.0,,2.0,1.0,1.0,4.0,5.0,15.0,13.0,58.0,53.0,11.0,2.0,0.0,9.0,438.0,4.0,2.0,24.0,8.0,10.0,2.0,29.0,16.0
10385502,2022-2023,1.0,2022-08-06 11:30:00,Craven Cottage,Andy Madley,,Fulham,Liverpool,Home,2,2,0,1,Draw,0,1,0,4.0,24.0,181.0,23.0,33.0,,1.0,0.0,1.0,4.0,4.0,6.0,5.0,64.0,63.0,7.0,1.0,1.0,10.0,294.0,2.0,3.0,30.0,7.0,9.0,2.0,25.0,13.0
10385502,2022-2023,1.0,2022-08-06 11:30:00,Craven Cottage,Andy Madley,,Liverpool,Fulham,Away,2,2,0,1,Draw,0,1,0,5.0,40.0,473.0,13.0,67.0,,4.0,2.0,2.0,2.0,4.0,14.0,4.0,36.0,74.0,9.0,1.0,2.0,10.0,612.0,5.0,4.0,14.0,9.0,11.0,2.0,11.0,9.0
10385509,2022-2023,1.0,2022-08-06 16:30:00,Goodison Park,Craig Pawson,39254.0,Everton,Chelsea,Home,0,1,-1,0,Loss,0,0,1,3.0,27.0,246.0,12.0,37.0,,0.0,0.0,0.0,1.0,4.0,13.0,10.0,46.0,68.0,14.0,5.0,0.0,8.0,335.0,3.0,4.0,27.0,7.0,8.0,1.0,24.0,17.0
10385509,2022-2023,1.0,2022-08-06 16:30:00,Goodison Park,Craig Pawson,39254.0,Chelsea,Everton,Away,1,0,1,3,Win,1,0,0,6.0,15.0,490.0,22.0,63.0,,2.0,1.0,1.0,6.0,16.0,18.0,13.0,54.0,61.0,11.0,3.0,0.0,9.0,566.0,3.0,6.0,16.0,11.0,15.0,4.0,19.0,9.0
10385511,2022-2023,1.0,2022-08-07 13:00:00,Old Trafford,Paul Tierney,73711.0,Manchester United,Brighton & Hove Albion,Home,1,2,-1,0,Loss,0,0,1,7.0,27.0,452.0,11.0,63.0,,2.0,2.0,0.0,7.0,6.0,7.0,5.0,53.0,63.0,7.0,2.0,0.0,15.0,548.0,5.0,5.0,10.0,13.0,17.0,4.0,12.0,8.0
10385511,2022-2023,1.0,2022-08-07 13:00:00,Old Trafford,Paul Tierney,73711.0,Brighton & Hove Albion,Manchester United,Away,2,1,1,3,Win,1,0,0,6.0,17.0,229.0,9.0,37.0,,2.0,0.0,2.0,5.0,2.0,6.0,6.0,47.0,71.0,12.0,5.0,0.0,12.0,326.0,6.0,4.0,24.0,10.0,15.0,5.0,14.0,9.0
10385514,2022-2023,1.0,2022-08-07 15:30:00,London Stadium,Michael Oliver,62443.0,West Ham United,Manchester City,Home,0,2,-2,0,Loss,0,0,1,4.0,21.0,206.0,10.0,25.0,,0.0,0.0,0.0,3.0,1.0,0.0,1.0,43.0,32.0,8.0,0.0,0.0,11.0,263.0,2.0,1.0,17.0,5.0,6.0,1.0,14.0,6.0
10385514,2022-2023,1.0,2022-08-07 15:30:00,London Stadium,Michael Oliver,62443.0,Manchester City,West Ham United,Away,2,0,2,3,Win,1,0,0,3.0,35.0,774.0,11.0,75.0,,4.0,2.0,2.0,4.0,4.0,3.0,14.0,57.0,65.0,4.0,1.0,0.0,3.0,833.0,8.0,2.0,11.0,9.0,14.0,5.0,6.0,4.0
11352507,2023-2024,36.0,2024-05-04 16:30:00,Etihad Stadium,Craig Pawson,62817.0,Manchester City,Wolverhampton,Home,5,1,4,3,Win,1,0,0,6.0,17.0,558.0,9.0,58.0,47.0,6.0,3.0,3.0,3.0,6.0,15.0,13.0,59.0,58.0,4.0,0.0,0.0,5.0,616.0,5.0,12.0,4.0,17.0,20.0,3.0,13.0,6.0
11352507,2023-2024,36.0,2024-05-04 16:30:00,Etihad Stadium,Craig Pawson,62817.0,Wolverhampton,Manchester City,Away,1,5,-4,0,Loss,0,0,1,1.0,16.0,384.0,2.0,42.0,44.0,1.0,0.0,1.0,1.0,0.0,6.0,11.0,41.0,23.0,17.0,7.0,0.0,7.0,454.0,0.0,1.0,11.0,2.0,2.0,0.0,20.0,14.0
11352494,2023-2024,36.0,2024-05-05 13:00:00,Stamford Bridge,Andy Madley,39295.0,Chelsea,West Ham United,Home,5,0,5,3,Win,1,0,0,6.0,19.0,692.0,7.0,69.0,37.0,6.0,2.0,4.0,7.0,8.0,9.0,14.0,49.0,54.0,12.0,2.0,1.0,8.0,741.0,4.0,14.0,26.0,19.0,25.0,6.0,18.0,13.0
11352494,2023-2024,36.0,2024-05-05 13:00:00,Stamford Bridge,Andy Madley,39295.0,West Ham United,Chelsea,Away,0,5,-5,0,Loss,0,0,1,4.0,18.0,255.0,5.0,31.0,36.0,2.0,2.0,0.0,3.0,6.0,9.0,18.0,51.0,40.0,10.0,9.0,3.0,7.0,312.0,8.0,2.0,21.0,8.0,13.0,5.0,15.0,8.0
11352500,2023-2024,36.0,2024-05-05 15:30:00,Anfield,Paul Tierney,60075.0,Liverpool,Tottenham Hotspur,Home,4,2,2,3,Win,1,0,0,8.0,32.0,359.0,8.0,44.0,68.0,4.0,2.0,2.0,4.0,8.0,8.0,7.0,58.0,47.0,14.0,4.0,0.0,11.0,430.0,8.0,13.0,13.0,19.0,25.0,6.0,26.0,14.0
11352500,2023-2024,36.0,2024-05-05 15:30:00,Anfield,Paul Tierney,60075.0,Tottenham Hotspur,Liverpool,Away,2,4,-2,0,Loss,0,0,1,4.0,25.0,487.0,4.0,56.0,49.0,3.0,1.0,2.0,2.0,3.0,11.0,8.0,42.0,46.0,12.0,8.0,0.0,7.0,567.0,3.0,6.0,22.0,5.0,11.0,6.0,14.0,9.0
12226495,2023-2024,36.0,2024-05-06 19:00:00,Selhurst Park,Jarred Gillett,25190.0,Crystal Palace,Manchester United,Home,4,0,4,3,Win,1,0,0,6.0,25.0,358.0,7.0,43.0,63.0,2.0,,2.0,5.0,6.0,9.0,14.0,49.0,49.0,12.0,2.0,1.0,11.0,439.0,3.0,10.0,8.0,14.0,18.0,4.0,20.0,11.0
12226495,2023-2024,36.0,2024-05-06 19:00:00,Selhurst Park,Jarred Gillett,25190.0,Manchester United,Crystal Palace,Away,0,4,-4,0,Loss,0,0,1,5.0,15.0,516.0,8.0,57.0,62.0,0.0,,0.0,3.0,2.0,10.0,4.0,51.0,52.0,8.0,6.0,0.0,8.0,610.0,2.0,2.0,18.0,5.0,7.0,2.0,25.0,18.0
11352529,2023-2024,37.0,2024-05-11 11:30:00,Craven Cottage,Anthony Taylor,24418.0,Fulham,Manchester City,Home,0,4,-4,0,Loss,0,0,1,1.0,23.0,352.0,5.0,36.0,38.0,0.0,0.0,0.0,0.0,1.0,6.0,7.0,60.0,32.0,9.0,5.0,0.0,6.0,420.0,0.0,1.0,17.0,1.0,1.0,0.0,23.0,6.0
11352529,2023-2024,37.0,2024-05-11 11:30:00,Craven Cottage,Anthony Taylor,24418.0,Manchester City,Fulham,Away,4,0,4,3,Win,1,0,0,4.0,30.0,707.0,8.0,64.0,46.0,5.0,2.0,3.0,3.0,7.0,12.0,4.0,40.0,57.0,6.0,1.0,0.0,7.0,769.0,4.0,9.0,10.0,12.0,16.0,4.0,7.0,5.0
11352539,2023-2024,37.0,2024-05-11 16:30:00,City Ground,Tony Harrington,29708.0,Nottingham Forest,Chelsea,Home,2,3,-1,0,Loss,0,0,1,4.0,17.0,223.0,16.0,32.0,59.0,5.0,4.0,1.0,5.0,5.0,7.0,5.0,53.0,46.0,14.0,2.0,3.0,3.0,280.0,11.0,4.0,33.0,12.0,20.0,8.0,31.0,18.0
11352539,2023-2024,37.0,2024-05-11 16:30:00,City Ground,Tony Harrington,29708.0,Chelsea,Nottingham Forest,Away,3,2,1,3,Win,1,0,0,4.0,16.0,568.0,18.0,68.0,48.0,5.0,3.0,2.0,3.0,6.0,16.0,14.0,47.0,62.0,8.0,2.0,1.0,7.0,623.0,4.0,5.0,27.0,10.0,12.0,2.0,9.0,6.0
11352532,2023-2024,37.0,2024-05-12 15:30:00,Old Trafford,Paul Tierney,73600.0,Manchester United,Arsenal,Home,0,1,-1,0,Loss,0,0,1,1.0,13.0,442.0,13.0,54.0,49.0,0.0,,0.0,6.0,4.0,18.0,18.0,53.0,61.0,5.0,5.0,0.0,5.0,515.0,6.0,2.0,17.0,4.0,14.0,10.0,17.0,12.0
11352532,2023-2024,37.0,2024-05-12 15:30:00,Old Trafford,Paul Tierney,73600.0,Arsenal,Manchester United,Away,1,0,1,3,Win,1,0,0,3.0,16.0,359.0,11.0,46.0,43.0,1.0,,1.0,3.0,7.0,6.0,7.0,47.0,40.0,6.0,2.0,0.0,8.0,434.0,3.0,5.0,17.0,7.0,11.0,4.0,26.0,11.0
11352523,2023-2024,37.0,2024-05-13 19:00:00,Villa Park,Simon Hooper,42241.0,Aston Villa,Liverpool,Home,3,3,0,1,Draw,0,1,0,4.0,15.0,337.0,9.0,41.0,52.0,2.0,2.0,0.0,7.0,5.0,11.0,17.0,55.0,39.0,11.0,5.0,0.0,5.0,395.0,7.0,5.0,17.0,16.0,19.0,3.0,13.0,7.0
11352523,2023-2024,37.0,2024-05-13 19:00:00,Villa Park,Simon Hooper,42241.0,Liverpool,Aston Villa,Away,3,3,0,1,Draw,0,1,0,5.0,20.0,510.0,5.0,59.0,50.0,2.0,0.0,2.0,3.0,4.0,12.0,8.0,45.0,56.0,15.0,2.0,0.0,7.0,577.0,4.0,7.0,17.0,9.0,14.0,5.0,21.0,13.0
12240634,2023-2024,34.0,2024-05-14 19:00:00,Tottenham Hotspur Stadium,Chris Kavanagh,61065.0,Tottenham Hotspur,Manchester City,Home,0,2,-2,0,Loss,0,0,1,2.0,17.0,541.0,5.0,53.0,47.0,4.0,4.0,0.0,2.0,7.0,10.0,8.0,51.0,45.0,14.0,3.0,0.0,11.0,611.0,3.0,5.0,12.0,8.0,10.0,2.0,23.0,13.0
12240634,2023-2024,34.0,2024-05-14 19:00:00,Tottenham Hotspur Stadium,Chris Kavanagh,61065.0,Manchester City,Tottenham Hotspur,Away,2,0,2,3,Win,1,0,0,2.0,37.0,476.0,4.0,47.0,43.0,4.0,2.0,2.0,1.0,4.0,14.0,7.0,49.0,47.0,11.0,6.0,0.0,11.0,533.0,2.0,5.0,12.0,6.0,8.0,2.0,20.0,12.0
12240570,2023-2024,34.0,2024-05-15 18:45:00,American Express Stadium,Michael Salisbury,31555.0,Brighton & Hove Albion,Chelsea,Home,1,2,-1,0,Loss,0,0,1,12.0,16.0,503.0,12.0,55.0,51.0,2.0,1.0,1.0,3.0,4.0,4.0,8.0,55.0,58.0,13.0,4.0,2.0,5.0,555.0,7.0,2.0,11.0,8.0,12.0,4.0,17.0,6.0
12240570,2023-2024,34.0,2024-05-15 18:45:00,American Express Stadium,Michael Salisbury,31555.0,Chelsea,Brighton & Hove Albion,Away,2,1,1,3,Win,1,0,0,3.0,10.0,430.0,7.0,45.0,52.0,2.0,1.0,1.0,4.0,6.0,6.0,8.0,45.0,35.0,14.0,1.0,0.0,5.0,474.0,4.0,6.0,33.0,7.0,14.0,7.0,14.0,9.0
12240571,2023-2024,34.0,2024-05-15 19:00:00,Old Trafford,Robert Jones,73582.0,Manchester United,Newcastle United,Home,3,2,1,3,Win,1,0,0,4.0,25.0,283.0,15.0,44.0,47.0,2.0,1.0,1.0,4.0,9.0,6.0,5.0,45.0,48.0,16.0,5.0,0.0,14.0,361.0,5.0,8.0,30.0,14.0,17.0,3.0,17.0,8.0
12240571,2023-2024,34.0,2024-05-15 19:00:00,Old Trafford,Robert Jones,73582.0,Newcastle United,Manchester United,Away,2,3,-1,0,Loss,0,0,1,13.0,24.0,365.0,14.0,56.0,45.0,5.0,4.0,1.0,5.0,9.0,11.0,11.0,55.0,43.0,7.0,5.0,2.0,4.0,436.0,8.0,8.0,26.0,16.0,21.0,5.0,13.0,7.0
11352558,2023-2024,38.0,2024-05-19 15:00:00,Stamford Bridge,Anthony Taylor,39724.0,Chelsea,Bournemouth,Home,2,1,1,3,Win,1,0,0,4.0,40.0,457.0,12.0,61.0,51.0,1.0,1.0,,6.0,6.0,10.0,18.0,56.0,56.0,5.0,5.0,0.0,9.0,533.0,4.0,6.0,19.0,11.0,16.0,5.0,25.0,14.0
11352558,2023-2024,38.0,2024-05-19 15:00:00,Stamford Bridge,Anthony Taylor,39724.0,Bournemouth,Chelsea,Away,1,2,-1,0,Loss,0,0,1,6.0,25.0,261.0,15.0,39.0,56.0,2.0,2.0,,4.0,5.0,10.0,8.0,44.0,43.0,9.0,4.0,1.0,12.0,320.0,13.0,5.0,17.0,14.0,22.0,8.0,22.0,16.0
11352546,2023-2024,38.0,2024-05-19 15:00:00,Emirates Stadium,Michael Oliver,60312.0,Arsenal,Everton,Home,2,1,1,3,Win,1,0,0,10.0,18.0,583.0,12.0,69.0,48.0,6.0,5.0,1.0,10.0,8.0,14.0,5.0,41.0,74.0,8.0,1.0,2.0,8.0,653.0,11.0,5.0,5.0,21.0,26.0,5.0,7.0,6.0
11352546,2023-2024,38.0,2024-05-19 15:00:00,Emirates Stadium,Michael Oliver,60312.0,Everton,Arsenal,Away,1,2,-1,0,Loss,0,0,1,1.0,20.0,215.0,13.0,31.0,47.0,1.0,1.0,0.0,1.0,1.0,5.0,10.0,59.0,34.0,11.0,4.0,1.0,5.0,300.0,2.0,2.0,27.0,3.0,5.0,2.0,17.0,11.0
11352565,2023-2024,38.0,2024-05-19 15:00:00,Anfield,Chris Kavanagh,60059.0,Liverpool,Wolverhampton,Home,2,0,2,3,Win,1,0,0,11.0,24.0,568.0,14.0,67.0,55.0,7.0,5.0,2.0,10.0,10.0,9.0,5.0,48.0,76.0,14.0,2.0,1.0,8.0,621.0,12.0,14.0,6.0,27.0,36.0,9.0,22.0,13.0
11352565,2023-2024,38.0,2024-05-19 15:00:00,Anfield,Chris Kavanagh,60059.0,Wolverhampton,Liverpool,Away,0,2,-2,0,Loss,0,0,1,0.0,17.0,231.0,4.0,33.0,48.0,1.0,1.0,0.0,1.0,2.0,11.0,15.0,52.0,38.0,10.0,11.0,0.0,3.0,303.0,0.0,3.0,24.0,3.0,4.0,1.0,23.0,11.0
11352552,2023-2024,38.0,2024-05-19 15:00:00,American Express Stadium,Craig Pawson,31662.0,Brighton & Hove Albion,Manchester United,Home,0,2,-2,0,Loss,0,0,1,5.0,19.0,495.0,5.0,55.0,49.0,3.0,3.0,0.0,9.0,7.0,9.0,3.0,44.0,54.0,10.0,2.0,0.0,6.0,548.0,5.0,3.0,10.0,13.0,17.0,4.0,22.0,11.0
11352552,2023-2024,38.0,2024-05-19 15:00:00,American Express Stadium,Craig Pawson,31662.0,Manchester United,Brighton & Hove Albion,Away,2,0,2,3,Win,1,0,0,0.0,23.0,399.0,5.0,45.0,49.0,1.0,0.0,1.0,5.0,5.0,16.0,14.0,56.0,46.0,9.0,2.0,0.0,7.0,462.0,2.0,4.0,14.0,8.0,11.0,3.0,21.0,14.0
11352571,2023-2024,38.0,2024-05-19 15:00:00,Etihad Stadium,John Brooks,53400.0,Manchester City,West Ham United,Home,3,1,2,3,Win,1,0,0,4.0,20.0,730.0,8.0,71.0,42.0,1.0,1.0,,7.0,11.0,7.0,8.0,60.0,67.0,3.0,1.0,0.0,6.0,782.0,9.0,12.0,4.0,17.0,28.0,11.0,19.0,5.0
11352571,2023-2024,38.0,2024-05-19 15:00:00,Etihad Stadium,John Brooks,53400.0,West Ham United,Manchester City,Away,1,3,-2,0,Loss,0,0,1,2.0,16.0,246.0,6.0,29.0,32.0,0.0,0.0,,0.0,2.0,15.0,7.0,40.0,28.0,12.0,9.0,0.0,4.0,307.0,1.0,2.0,18.0,3.0,3.0,0.0,14.0,9.0
11352403,2023-2024,33.0,2024-04-14 13:00:00,Anfield,Chris Kavanagh,60090.0,Liverpool,Crystal Palace,Home,0,1,-1,0,Loss,0,0,1,19.0,27.0,608.0,20.0,70.0,65.0,4.0,4.0,0.0,5.0,11.0,18.0,8.0,51.0,90.0,10.0,3.0,1.0,5.0,725.0,10.0,6.0,11.0,18.0,21.0,3.0,26.0,17.0
11352403,2023-2024,33.0,2024-04-14 13:00:00,Anfield,Chris Kavanagh,60090.0,Crystal Palace,Liverpool,Away,1,0,1,3,Win,1,0,0,4.0,18.0,223.0,12.0,30.0,59.0,3.0,2.0,1.0,2.0,1.0,14.0,11.0,49.0,50.0,10.0,5.0,0.0,9.0,324.0,1.0,5.0,45.0,7.0,8.0,1.0,27.0,11.0
11352390,2023-2024,33.0,2024-04-14 15:30:00,Emirates Stadium,David Coote,60350.0,Arsenal,Aston Villa,Home,0,2,-2,0,Loss,0,0,1,4.0,9.0,390.0,12.0,52.0,54.0,2.0,2.0,0.0,6.0,4.0,8.0,5.0,49.0,61.0,12.0,0.0,0.0,5.0,450.0,8.0,4.0,15.0,11.0,18.0,7.0,21.0,14.0
11352390,2023-2024,33.0,2024-04-14 15:30:00,Emirates Stadium,David Coote,60350.0,Aston Villa,Arsenal,Away,2,0,2,3,Win,1,0,0,1.0,19.0,351.0,7.0,48.0,50.0,3.0,1.0,2.0,5.0,6.0,10.0,10.0,51.0,42.0,7.0,4.0,2.0,9.0,425.0,4.0,2.0,14.0,6.0,11.0,5.0,18.0,7.0
11352401,2023-2024,33.0,2024-04-15 19:00:00,Stamford Bridge,Paul Tierney,39392.0,Chelsea,Everton,Home,6,0,6,3,Win,1,0,0,2.0,17.0,535.0,13.0,59.0,53.0,6.0,2.0,4.0,1.0,4.0,8.0,19.0,59.0,26.0,5.0,2.0,0.0,9.0,611.0,3.0,10.0,24.0,9.0,14.0,5.0,10.0,5.0
11352401,2023-2024,33.0,2024-04-15 19:00:00,Stamford Bridge,Paul Tierney,39392.0,Everton,Chelsea,Away,0,6,-6,0,Loss,0,0,1,6.0,20.0,310.0,13.0,41.0,51.0,1.0,1.0,0.0,2.0,8.0,5.0,8.0,41.0,48.0,21.0,4.0,0.0,4.0,399.0,6.0,2.0,6.0,8.0,10.0,2.0,17.0,9.0
11352448,2023-2024,34.0,2024-04-20 18:30:00,Molineux Stadium,Paul Tierney,31621.0,Wolverhampton,Arsenal,Home,0,2,-2,0,Loss,0,0,1,0.0,21.0,381.0,11.0,46.0,50.0,0.0,0.0,,0.0,1.0,7.0,4.0,47.0,32.0,14.0,7.0,1.0,1.0,465.0,2.0,3.0,23.0,2.0,5.0,3.0,23.0,15.0
11352448,2023-2024,34.0,2024-04-20 18:30:00,Molineux Stadium,Paul Tierney,31621.0,Arsenal,Wolverhampton,Away,2,0,2,3,Win,1,0,0,3.0,24.0,469.0,24.0,54.0,50.0,1.0,1.0,,9.0,2.0,16.0,5.0,53.0,54.0,9.0,3.0,0.0,7.0,537.0,6.0,9.0,7.0,14.0,24.0,10.0,11.0,7.0
11352432,2023-2024,34.0,2024-04-21 15:30:00,Craven Cottage,Craig Pawson,24401.0,Fulham,Liverpool,Home,1,3,-2,0,Loss,0,0,1,5.0,13.0,331.0,11.0,40.0,64.0,1.0,1.0,,2.0,1.0,5.0,9.0,50.0,42.0,5.0,4.0,1.0,7.0,425.0,5.0,5.0,16.0,8.0,12.0,4.0,12.0,6.0
11352432,2023-2024,34.0,2024-04-21 15:30:00,Craven Cottage,Craig Pawson,24401.0,Liverpool,Fulham,Away,3,1,2,3,Win,1,0,0,1.0,25.0,566.0,14.0,60.0,64.0,1.0,1.0,,3.0,4.0,5.0,11.0,50.0,57.0,11.0,4.0,0.0,10.0,656.0,4.0,7.0,13.0,7.0,14.0,7.0,12.0,6.0
12190322,2023-2024,29.0,2024-04-23 19:00:00,Emirates Stadium,Simon Hooper,60238.0,Arsenal,Chelsea,Home,5,0,5,3,Win,1,0,0,4.0,19.0,439.0,12.0,44.0,69.0,4.0,2.0,2.0,10.0,4.0,7.0,6.0,53.0,56.0,12.0,1.0,0.0,16.0,497.0,7.0,10.0,13.0,19.0,27.0,8.0,22.0,16.0
12190322,2023-2024,29.0,2024-04-23 19:00:00,Emirates Stadium,Simon Hooper,60238.0,Chelsea,Arsenal,Away,0,5,-5,0,Loss,0,0,1,2.0,15.0,557.0,12.0,56.0,56.0,3.0,3.0,0.0,2.0,2.0,15.0,8.0,47.0,45.0,11.0,6.0,1.0,7.0,630.0,4.0,1.0,15.0,6.0,7.0,1.0,13.0,5.0
12190336,2023-2024,29.0,2024-04-24 19:00:00,Old Trafford,Michael Salisbury,73549.0,Manchester United,Sheffield United,Home,4,2,2,3,Win,1,0,0,6.0,30.0,654.0,13.0,72.0,41.0,5.0,3.0,2.0,6.0,8.0,15.0,8.0,49.0,58.0,7.0,2.0,0.0,4.0,730.0,6.0,13.0,5.0,18.0,25.0,7.0,17.0,9.0
12190336,2023-2024,29.0,2024-04-24 19:00:00,Old Trafford,Michael Salisbury,73549.0,Sheffield United,Manchester United,Away,2,4,-2,0,Loss,0,0,1,1.0,18.0,217.0,11.0,28.0,41.0,2.0,0.0,2.0,3.0,4.0,8.0,8.0,51.0,45.0,9.0,9.0,0.0,13.0,292.0,3.0,4.0,24.0,6.0,10.0,4.0,22.0,8.0
12190339,2023-2024,29.0,2024-04-24 19:00:00,Goodison Park,Andy Madley,38222.0,Everton,Liverpool,Home,2,0,2,3,Win,1,0,0,6.0,21.0,141.0,19.0,24.0,67.0,6.0,4.0,2.0,4.0,4.0,9.0,11.0,57.0,49.0,6.0,7.0,0.0,14.0,227.0,6.0,6.0,44.0,14.0,16.0,2.0,12.0,10.0
12190339,2023-2024,29.0,2024-04-24 19:00:00,Goodison Park,Andy Madley,38222.0,Liverpool,Everton,Away,0,2,-2,0,Loss,0,0,1,8.0,33.0,634.0,15.0,76.0,60.0,3.0,3.0,0.0,11.0,13.0,9.0,6.0,43.0,97.0,13.0,4.0,1.0,5.0,717.0,5.0,7.0,8.0,15.0,23.0,8.0,14.0,7.0
12190341,2023-2024,29.0,2024-04-25 19:00:00,American Express Stadium,Jarred Gillett,31596.0,Brighton & Hove Albion,Manchester City,Home,0,4,-4,0,Loss,0,0,1,4.0,15.0,376.0,2.0,35.0,40.0,1.0,1.0,0.0,1.0,4.0,8.0,7.0,50.0,28.0,10.0,2.0,0.0,10.0,421.0,3.0,3.0,14.0,5.0,7.0,2.0,15.0,6.0
12190341,2023-2024,29.0,2024-04-25 19:00:00,American Express Stadium,Jarred Gillett,31596.0,Manchester City,Brighton & Hove Albion,Away,4,0,4,3,Win,1,0,0,3.0,23.0,734.0,2.0,65.0,40.0,3.0,1.0,2.0,4.0,4.0,9.0,4.0,50.0,59.0,3.0,3.0,0.0,5.0,786.0,4.0,6.0,7.0,10.0,14.0,4.0,11.0,8.0
11352476,2023-2024,35.0,2024-04-27 11:30:00,London Stadium,Anthony Taylor,62474.0,West Ham United,Liverpool,Home,2,2,0,1,Draw,0,1,0,3.0,22.0,183.0,20.0,29.0,50.0,1.0,0.0,1.0,1.0,4.0,11.0,9.0,50.0,46.0,8.0,7.0,0.0,11.0,267.0,2.0,8.0,35.0,8.0,11.0,3.0,21.0,9.0
11352476,2023-2024,35.0,2024-04-27 11:30:00,London Stadium,Anthony Taylor,62474.0,Liverpool,West Ham United,Away,2,2,0,1,Draw,0,1,0,8.0,23.0,587.0,21.0,71.0,55.0,2.0,2.0,0.0,6.0,8.0,14.0,12.0,50.0,68.0,10.0,6.0,2.0,6.0,675.0,14.0,8.0,19.0,23.0,28.0,5.0,18.0,15.0
11352463,2023-2024,35.0,2024-04-27 14:00:00,Old Trafford,John Brooks,73571.0,Manchester United,Burnley,Home,1,1,0,1,Draw,0,1,0,3.0,18.0,323.0,13.0,48.0,58.0,7.0,6.0,1.0,9.0,6.0,9.0,6.0,52.0,58.0,8.0,6.0,1.0,10.0,414.0,8.0,10.0,24.0,16.0,27.0,11.0,14.0,7.0
11352463,2023-2024,35.0,2024-04-27 14:00:00,Old Trafford,John Brooks,73571.0,Burnley,Manchester United,Away,1,1,0,1,Draw,0,1,0,3.0,31.0,355.0,14.0,52.0,60.0,2.0,1.0,1.0,4.0,5.0,7.0,6.0,48.0,58.0,11.0,9.0,0.0,13.0,452.0,5.0,7.0,23.0,10.0,16.0,6.0,14.0,8.0
11352454,2023-2024,35.0,2024-04-27 19:00:00,Villa Park,Craig Pawson,42354.0,Aston Villa,Chelsea,Home,2,2,0,1,Draw,0,1,0,2.0,17.0,207.0,11.0,29.0,45.0,0.0,0.0,,0.0,2.0,12.0,5.0,41.0,25.0,13.0,3.0,0.0,1.0,268.0,5.0,4.0,16.0,8.0,9.0,1.0,10.0,4.0
11352454,2023-2024,35.0,2024-04-27 19:00:00,Villa Park,Craig Pawson,42354.0,Chelsea,Aston Villa,Away,2,2,0,1,Draw,0,1,0,3.0,19.0,608.0,10.0,71.0,53.0,2.0,2.0,,6.0,4.0,3.0,11.0,59.0,60.0,14.0,3.0,1.0,6.0,664.0,10.0,5.0,11.0,8.0,21.0,13.0,21.0,10.0
11352472,2023-2024,35.0,2024-04-28 13:00:00,Tottenham Hotspur Stadium,Michael Oliver,61554.0,Tottenham Hotspur,Arsenal,Home,2,3,-1,0,Loss,0,0,1,4.0,14.0,505.0,10.0,62.0,47.0,4.0,3.0,1.0,6.0,8.0,16.0,11.0,50.0,57.0,12.0,1.0,1.0,8.0,564.0,7.0,2.0,10.0,10.0,15.0,5.0,24.0,12.0
11352472,2023-2024,35.0,2024-04-28 13:00:00,Tottenham Hotspur Stadium,Michael Oliver,61554.0,Arsenal,Tottenham Hotspur,Away,3,2,1,3,Win,1,0,0,3.0,24.0,280.0,13.0,38.0,52.0,3.0,2.0,1.0,5.0,6.0,12.0,9.0,50.0,37.0,16.0,0.0,0.0,13.0,344.0,1.0,3.0,25.0,8.0,9.0,1.0,24.0,14.0
11352470,2023-2024,35.0,2024-04-28 15:30:00,City Ground,Simon Hooper,29677.0,Nottingham Forest,Manchester City,Home,0,2,-2,0,Loss,0,0,1,7.0,23.0,285.0,7.0,33.0,60.0,3.0,3.0,0.0,3.0,4.0,13.0,8.0,51.0,48.0,8.0,3.0,1.0,10.0,350.0,9.0,2.0,8.0,9.0,14.0,5.0,21.0,15.0
11352470,2023-2024,35.0,2024-04-28 15:30:00,City Ground,Simon Hooper,29677.0,Manchester City,Nottingham Forest,Away,2,0,2,3,Win,1,0,0,2.0,16.0,665.0,9.0,67.0,59.0,1.0,0.0,1.0,4.0,5.0,10.0,4.0,49.0,57.0,6.0,2.0,0.0,6.0,733.0,2.0,5.0,12.0,6.0,11.0,5.0,20.0,13.0
12226774,2023-2024,26.0,2024-05-02 18:30:00,Stamford Bridge,Robert Jones,39295.0,Chelsea,Tottenham Hotspur,Home,2,0,2,3,Win,1,0,0,1.0,20.0,274.0,11.0,37.0,56.0,4.0,2.0,2.0,2.0,4.0,9.0,14.0,59.0,44.0,12.0,4.0,1.0,10.0,357.0,9.0,5.0,27.0,11.0,16.0,5.0,22.0,8.0
12226774,2023-2024,26.0,2024-05-02 18:30:00,Stamford Bridge,Robert Jones,39295.0,Tottenham Hotspur,Chelsea,Away,0,2,-2,0,Loss,0,0,1,6.0,12.0,499.0,6.0,63.0,54.0,2.0,2.0,0.0,9.0,9.0,14.0,10.0,41.0,66.0,16.0,2.0,0.0,10.0,577.0,7.0,3.0,11.0,12.0,19.0,7.0,16.0,9.0
11352482,2023-2024,36.0,2024-05-04 11:30:00,Emirates Stadium,David Coote,60348.0,Arsenal,Bournemouth,Home,3,0,3,3,Win,1,0,0,5.0,20.0,384.0,15.0,55.0,50.0,5.0,4.0,1.0,8.0,6.0,8.0,13.0,51.0,48.0,16.0,2.0,0.0,10.0,459.0,8.0,9.0,12.0,21.0,25.0,4.0,18.0,8.0
11352482,2023-2024,36.0,2024-05-04 11:30:00,Emirates Stadium,David Coote,60348.0,Bournemouth,Arsenal,Away,0,3,-3,0,Loss,0,0,1,0.0,21.0,301.0,20.0,45.0,42.0,1.0,1.0,0.0,2.0,1.0,7.0,7.0,49.0,46.0,12.0,6.0,0.0,10.0,368.0,3.0,2.0,23.0,2.0,7.0,5.0,14.0,9.0
11352614,2023-2024,30.0,2024-03-30 20:00:00,Brentford Community Stadium,Simon Hooper,17138.0,Brentford,Manchester United,Home,1,1,0,1,Draw,0,1,0,13.0,33.0,263.0,28.0,47.0,61.0,6.0,5.0,1.0,9.0,14.0,8.0,8.0,61.0,49.0,7.0,4.0,4.0,6.0,377.0,17.0,5.0,13.0,24.0,31.0,7.0,16.0,11.0
11352614,2023-2024,30.0,2024-03-30 20:00:00,Brentford Community Stadium,Simon Hooper,17138.0,Manchester United,Brentford,Away,1,1,0,1,Draw,0,1,0,3.0,19.0,359.0,17.0,53.0,49.0,2.0,1.0,1.0,2.0,4.0,7.0,5.0,39.0,44.0,14.0,4.0,0.0,13.0,450.0,4.0,5.0,44.0,3.0,11.0,8.0,14.0,7.0
11352617,2023-2024,30.0,2024-03-31 13:00:00,Anfield,David Coote,60061.0,Liverpool,Brighton & Hove Albion,Home,2,1,1,3,Win,1,0,0,3.0,21.0,521.0,10.0,54.0,55.0,4.0,2.0,2.0,10.0,8.0,13.0,10.0,40.0,58.0,20.0,2.0,0.0,12.0,585.0,12.0,8.0,14.0,20.0,30.0,10.0,19.0,10.0
11352617,2023-2024,30.0,2024-03-31 13:00:00,Anfield,David Coote,60061.0,Brighton & Hove Albion,Liverpool,Away,1,2,-1,0,Loss,0,0,1,3.0,19.0,414.0,8.0,46.0,58.0,0.0,0.0,0.0,2.0,4.0,8.0,8.0,60.0,35.0,6.0,6.0,0.0,9.0,484.0,4.0,3.0,23.0,7.0,9.0,2.0,28.0,14.0
11352619,2023-2024,30.0,2024-03-31 15:30:00,Etihad Stadium,Anthony Taylor,53422.0,Manchester City,Arsenal,Home,0,0,0,1,Draw,0,1,0,6.0,28.0,618.0,16.0,73.0,50.0,2.0,2.0,,4.0,7.0,14.0,20.0,59.0,68.0,9.0,2.0,0.0,4.0,700.0,7.0,1.0,7.0,9.0,12.0,3.0,13.0,9.0
11352619,2023-2024,30.0,2024-03-31 15:30:00,Etihad Stadium,Anthony Taylor,53422.0,Arsenal,Manchester City,Away,0,0,0,1,Draw,0,1,0,2.0,20.0,191.0,10.0,27.0,48.0,0.0,0.0,,2.0,4.0,11.0,9.0,41.0,36.0,20.0,1.0,0.0,5.0,269.0,2.0,2.0,24.0,5.0,6.0,1.0,20.0,6.0
11352322,2023-2024,31.0,2024-04-03 18:30:00,Emirates Stadium,Craig Pawson,60262.0,Arsenal,Luton Town,Home,2,0,2,3,Win,1,0,0,1.0,10.0,543.0,12.0,58.0,59.0,1.0,,1.0,8.0,3.0,9.0,7.0,42.0,50.0,12.0,1.0,0.0,10.0,614.0,1.0,4.0,15.0,9.0,13.0,4.0,10.0,8.0
11352322,2023-2024,31.0,2024-04-03 18:30:00,Emirates Stadium,Craig Pawson,60262.0,Luton Town,Arsenal,Away,0,2,-2,0,Loss,0,0,1,5.0,27.0,353.0,21.0,42.0,52.0,0.0,,0.0,1.0,1.0,9.0,3.0,58.0,47.0,8.0,4.0,0.0,9.0,430.0,3.0,1.0,12.0,3.0,5.0,2.0,17.0,13.0
11352352,2023-2024,31.0,2024-04-03 19:15:00,Etihad Stadium,Darren England,53422.0,Manchester City,Aston Villa,Home,4,1,3,3,Win,1,0,0,1.0,27.0,647.0,3.0,67.0,61.0,4.0,3.0,1.0,7.0,2.0,12.0,15.0,61.0,60.0,6.0,2.0,1.0,5.0,701.0,7.0,11.0,6.0,20.0,25.0,5.0,26.0,15.0
11352352,2023-2024,31.0,2024-04-03 19:15:00,Etihad Stadium,Darren England,53422.0,Aston Villa,Manchester City,Away,1,4,-3,0,Loss,0,0,1,2.0,20.0,291.0,2.0,33.0,51.0,2.0,1.0,1.0,4.0,3.0,13.0,7.0,39.0,32.0,13.0,7.0,0.0,7.0,337.0,1.0,3.0,16.0,7.0,8.0,1.0,21.0,8.0
11352347,2023-2024,31.0,2024-04-04 18:30:00,Anfield,Stuart Attwell,60055.0,Liverpool,Sheffield United,Home,3,1,2,3,Win,1,0,0,9.0,39.0,714.0,20.0,83.0,58.0,2.0,1.0,1.0,5.0,13.0,9.0,9.0,54.0,92.0,6.0,3.0,1.0,7.0,786.0,15.0,9.0,5.0,15.0,29.0,14.0,15.0,6.0
11352347,2023-2024,31.0,2024-04-04 18:30:00,Anfield,Stuart Attwell,60055.0,Sheffield United,Liverpool,Away,1,3,-2,0,Loss,0,0,1,2.0,8.0,82.0,14.0,17.0,49.0,1.0,1.0,0.0,0.0,1.0,9.0,8.0,46.0,33.0,9.0,6.0,0.0,8.0,168.0,2.0,3.0,40.0,4.0,5.0,1.0,17.0,11.0
11352340,2023-2024,31.0,2024-04-04 19:15:00,Stamford Bridge,Jarred Gillett,39694.0,Chelsea,Manchester United,Home,4,3,1,3,Win,1,0,0,4.0,24.0,470.0,9.0,57.0,62.0,4.0,2.0,2.0,9.0,12.0,10.0,6.0,49.0,51.0,7.0,2.0,1.0,8.0,549.0,9.0,10.0,6.0,19.0,28.0,9.0,12.0,6.0
11352340,2023-2024,31.0,2024-04-04 19:15:00,Stamford Bridge,Jarred Gillett,39694.0,Manchester United,Chelsea,Away,3,4,-1,0,Loss,0,0,1,6.0,28.0,341.0,7.0,43.0,62.0,3.0,0.0,3.0,7.0,3.0,6.0,9.0,51.0,46.0,15.0,6.0,0.0,18.0,426.0,7.0,5.0,16.0,13.0,19.0,6.0,18.0,10.0
11352362,2023-2024,32.0,2024-04-06 11:30:00,Selhurst Park,Paul Tierney,25132.0,Crystal Palace,Manchester City,Home,2,4,-2,0,Loss,0,0,1,1.0,21.0,215.0,7.0,25.0,45.0,3.0,1.0,2.0,1.0,2.0,8.0,5.0,48.0,30.0,13.0,4.0,1.0,12.0,274.0,2.0,4.0,25.0,5.0,7.0,2.0,17.0,10.0
11352362,2023-2024,32.0,2024-04-06 11:30:00,Selhurst Park,Paul Tierney,25132.0,Manchester City,Crystal Palace,Away,4,2,2,3,Win,1,0,0,2.0,19.0,772.0,7.0,75.0,44.0,5.0,4.0,1.0,4.0,9.0,9.0,4.0,52.0,74.0,3.0,2.0,0.0,3.0,845.0,6.0,8.0,10.0,13.0,18.0,5.0,9.0,6.0
11352359,2023-2024,32.0,2024-04-06 16:30:00,American Express Stadium,John Brooks,31677.0,Brighton & Hove Albion,Arsenal,Home,0,3,-3,0,Loss,0,0,1,2.0,15.0,464.0,9.0,55.0,41.0,0.0,0.0,0.0,2.0,8.0,6.0,5.0,49.0,43.0,14.0,4.0,0.0,10.0,529.0,6.0,2.0,17.0,7.0,10.0,3.0,19.0,9.0
11352359,2023-2024,32.0,2024-04-06 16:30:00,American Express Stadium,John Brooks,31677.0,Arsenal,Brighton & Hove Albion,Away,3,0,3,3,Win,1,0,0,6.0,11.0,363.0,11.0,45.0,52.0,7.0,4.0,3.0,5.0,7.0,6.0,9.0,51.0,43.0,13.0,2.0,0.0,7.0,439.0,8.0,7.0,17.0,16.0,20.0,4.0,14.0,9.0
11352374,2023-2024,32.0,2024-04-07 14:30:00,Old Trafford,Anthony Taylor,73522.0,Manchester United,Liverpool,Home,2,2,0,1,Draw,0,1,0,2.0,16.0,278.0,11.0,38.0,52.0,1.0,1.0,0.0,2.0,6.0,5.0,7.0,56.0,26.0,9.0,6.0,0.0,11.0,362.0,2.0,5.0,30.0,7.0,9.0,2.0,32.0,19.0
11352374,2023-2024,32.0,2024-04-07 14:30:00,Old Trafford,Anthony Taylor,73522.0,Liverpool,Manchester United,Away,2,2,0,1,Draw,0,1,0,7.0,18.0,486.0,12.0,62.0,58.0,7.0,5.0,2.0,9.0,11.0,20.0,12.0,44.0,72.0,10.0,3.0,0.0,3.0,574.0,12.0,7.0,13.0,18.0,28.0,10.0,15.0,10.0
11352378,2023-2024,32.0,2024-04-07 16:30:00,Bramall Lane,Robert Jones,28638.0,Sheffield United,Chelsea,Home,2,2,0,1,Draw,0,1,0,4.0,28.0,238.0,23.0,32.0,55.0,3.0,1.0,2.0,2.0,7.0,5.0,10.0,54.0,63.0,12.0,2.0,0.0,10.0,316.0,3.0,6.0,22.0,8.0,11.0,3.0,13.0,10.0
11352378,2023-2024,32.0,2024-04-07 16:30:00,Bramall Lane,Robert Jones,28638.0,Chelsea,Sheffield United,Away,2,2,0,1,Draw,0,1,0,1.0,20.0,598.0,21.0,68.0,52.0,1.0,0.0,1.0,1.0,6.0,2.0,4.0,46.0,39.0,10.0,3.0,0.0,8.0,697.0,2.0,3.0,21.0,3.0,6.0,3.0,10.0,7.0
11352406,2023-2024,33.0,2024-04-13 14:00:00,Etihad Stadium,John Brooks,53449.0,Manchester City,Luton Town,Home,5,1,4,3,Win,1,0,0,7.0,12.0,704.0,9.0,74.0,52.0,5.0,4.0,1.0,10.0,12.0,5.0,10.0,52.0,52.0,7.0,1.0,1.0,5.0,763.0,14.0,13.0,3.0,26.0,37.0,11.0,20.0,13.0
11352406,2023-2024,33.0,2024-04-13 14:00:00,Etihad Stadium,John Brooks,53449.0,Luton Town,Manchester City,Away,1,5,-4,0,Loss,0,0,1,0.0,22.0,214.0,14.0,26.0,44.0,2.0,1.0,1.0,0.0,1.0,16.0,7.0,48.0,22.0,6.0,9.0,1.0,8.0,276.0,2.0,2.0,28.0,4.0,4.0,0.0,13.0,7.0
11352387,2023-2024,33.0,2024-04-13 16:30:00,Vitality Stadium,Tony Harrington,11229.0,Bournemouth,Manchester United,Home,2,2,0,1,Draw,0,1,0,6.0,29.0,287.0,12.0,43.0,66.0,3.0,3.0,0.0,6.0,7.0,7.0,9.0,54.0,65.0,13.0,0.0,1.0,11.0,382.0,9.0,5.0,17.0,12.0,20.0,8.0,18.0,10.0
11352387,2023-2024,33.0,2024-04-13 16:30:00,Vitality Stadium,Tony Harrington,11229.0,Manchester United,Bournemouth,Away,2,2,0,1,Draw,0,1,0,1.0,33.0,432.0,16.0,57.0,56.0,2.0,0.0,2.0,2.0,2.0,5.0,6.0,46.0,77.0,14.0,3.0,1.0,5.0,528.0,4.0,2.0,16.0,5.0,8.0,3.0,13.0,9.0
11352530,2023-2024,27.0,2024-03-02 15:00:00,Brentford Community Stadium,Jarred Gillett,17140.0,Brentford,Chelsea,Home,2,2,0,1,Draw,0,1,0,9.0,27.0,206.0,18.0,32.0,57.0,2.0,1.0,1.0,2.0,0.0,12.0,2.0,45.0,54.0,10.0,3.0,2.0,18.0,297.0,7.0,5.0,20.0,9.0,14.0,5.0,22.0,11.0
11352530,2023-2024,27.0,2024-03-02 15:00:00,Brentford Community Stadium,Jarred Gillett,17140.0,Chelsea,Brentford,Away,2,2,0,1,Draw,0,1,0,5.0,21.0,545.0,13.0,68.0,61.0,2.0,1.0,1.0,5.0,6.0,10.0,10.0,55.0,46.0,9.0,3.0,0.0,6.0,642.0,6.0,6.0,16.0,9.0,17.0,8.0,26.0,13.0
11352556,2023-2024,27.0,2024-03-02 15:00:00,City Ground,Paul Tierney,29603.0,Nottingham Forest,Liverpool,Home,0,1,-1,0,Loss,0,0,1,1.0,18.0,187.0,14.0,29.0,46.0,2.0,2.0,,3.0,3.0,7.0,10.0,51.0,47.0,11.0,1.0,0.0,11.0,278.0,3.0,2.0,26.0,5.0,8.0,3.0,20.0,10.0
11352556,2023-2024,27.0,2024-03-02 15:00:00,City Ground,Paul Tierney,29603.0,Liverpool,Nottingham Forest,Away,1,0,1,3,Win,1,0,0,9.0,25.0,571.0,17.0,71.0,47.0,0.0,0.0,,11.0,12.0,12.0,4.0,49.0,72.0,12.0,2.0,0.0,7.0,662.0,9.0,2.0,11.0,19.0,22.0,3.0,20.0,14.0
11352548,2023-2024,27.0,2024-03-03 15:30:00,Etihad Stadium,Andy Madley,55097.0,Manchester City,Manchester United,Home,3,1,2,3,Win,1,0,0,6.0,37.0,736.0,9.0,73.0,49.0,4.0,3.0,1.0,11.0,15.0,9.0,10.0,46.0,87.0,5.0,0.0,0.0,9.0,801.0,8.0,8.0,4.0,17.0,27.0,10.0,5.0,3.0
11352548,2023-2024,27.0,2024-03-03 15:30:00,Etihad Stadium,Andy Madley,55097.0,Manchester United,Manchester City,Away,1,3,-2,0,Loss,0,0,1,0.0,14.0,240.0,10.0,27.0,51.0,1.0,1.0,0.0,0.0,2.0,3.0,6.0,54.0,26.0,10.0,5.0,0.0,10.0,305.0,2.0,1.0,41.0,2.0,3.0,1.0,19.0,12.0
11352560,2023-2024,27.0,2024-03-04 20:00:00,Bramall Lane,Samuel Barrott,29980.0,Sheffield United,Arsenal,Home,0,6,-6,0,Loss,0,0,1,0.0,16.0,142.0,7.0,19.0,44.0,0.0,0.0,0.0,1.0,0.0,2.0,2.0,42.0,28.0,11.0,4.0,0.0,14.0,213.0,3.0,0.0,32.0,2.0,4.0,2.0,14.0,7.0
11352560,2023-2024,27.0,2024-03-04 20:00:00,Bramall Lane,Samuel Barrott,29980.0,Arsenal,Sheffield United,Away,6,0,6,3,Win,1,0,0,2.0,24.0,827.0,10.0,81.0,47.0,3.0,2.0,1.0,7.0,7.0,9.0,10.0,58.0,78.0,4.0,0.0,1.0,4.0,895.0,5.0,10.0,6.0,17.0,22.0,5.0,7.0,6.0
11352591,2023-2024,28.0,2024-03-09 12:30:00,Old Trafford,Simon Hooper,73601.0,Manchester United,Everton,Home,2,0,2,3,Win,1,0,0,3.0,27.0,398.0,8.0,51.0,55.0,2.0,0.0,2.0,4.0,5.0,8.0,5.0,46.0,37.0,13.0,6.0,0.0,5.0,488.0,3.0,8.0,19.0,11.0,15.0,4.0,15.0,11.0
11352591,2023-2024,28.0,2024-03-09 12:30:00,Old Trafford,Simon Hooper,73601.0,Everton,Manchester United,Away,0,2,-2,0,Loss,0,0,1,7.0,34.0,373.0,16.0,49.0,63.0,1.0,1.0,0.0,10.0,8.0,6.0,4.0,54.0,62.0,11.0,6.0,0.0,10.0,444.0,7.0,6.0,7.0,16.0,23.0,7.0,13.0,8.0
11352572,2023-2024,28.0,2024-03-09 17:30:00,Emirates Stadium,Robert Jones,60331.0,Arsenal,Brentford,Home,2,1,1,3,Win,1,0,0,7.0,14.0,465.0,19.0,72.0,58.0,2.0,0.0,2.0,5.0,10.0,5.0,9.0,51.0,69.0,9.0,3.0,1.0,2.0,564.0,6.0,6.0,7.0,11.0,17.0,6.0,8.0,4.0
11352572,2023-2024,28.0,2024-03-09 17:30:00,Emirates Stadium,Robert Jones,60331.0,Brentford,Arsenal,Away,1,2,-1,0,Loss,0,0,1,2.0,28.0,123.0,24.0,28.0,39.0,2.0,1.0,1.0,3.0,4.0,6.0,0.0,49.0,48.0,10.0,4.0,0.0,8.0,226.0,2.0,4.0,33.0,6.0,9.0,3.0,13.0,6.0
11352588,2023-2024,28.0,2024-03-10 15:45:00,Anfield,Michael Oliver,59947.0,Liverpool,Manchester City,Home,1,1,0,1,Draw,0,1,0,6.0,33.0,490.0,10.0,53.0,72.0,3.0,2.0,1.0,4.0,7.0,9.0,7.0,54.0,67.0,6.0,5.0,0.0,12.0,584.0,9.0,6.0,13.0,11.0,19.0,8.0,23.0,15.0
11352588,2023-2024,28.0,2024-03-10 15:45:00,Anfield,Michael Oliver,59947.0,Manchester City,Liverpool,Away,1,1,0,1,Draw,0,1,0,2.0,25.0,435.0,8.0,47.0,69.0,2.0,1.0,1.0,2.0,4.0,14.0,13.0,46.0,60.0,10.0,5.0,1.0,12.0,530.0,2.0,6.0,18.0,5.0,10.0,5.0,15.0,13.0
11352581,2023-2024,28.0,2024-03-11 20:00:00,Stamford Bridge,John Brooks,38752.0,Chelsea,Newcastle United,Home,3,2,1,3,Win,1,0,0,1.0,20.0,342.0,7.0,45.0,57.0,2.0,1.0,1.0,0.0,0.0,12.0,10.0,53.0,30.0,12.0,1.0,0.0,14.0,432.0,4.0,8.0,18.0,6.0,12.0,6.0,33.0,22.0
11352581,2023-2024,28.0,2024-03-11 20:00:00,Stamford Bridge,John Brooks,38752.0,Newcastle United,Chelsea,Away,2,3,-1,0,Loss,0,0,1,7.0,32.0,424.0,11.0,55.0,56.0,0.0,0.0,0.0,3.0,4.0,12.0,11.0,47.0,51.0,7.0,4.0,0.0,9.0,512.0,5.0,3.0,8.0,8.0,11.0,3.0,17.0,12.0
11352616,2023-2024,30.0,2024-03-30 15:00:00,Stamford Bridge,Darren England,39535.0,Chelsea,Burnley,Home,2,2,0,1,Draw,0,1,0,5.0,29.0,570.0,8.0,69.0,45.0,6.0,4.0,2.0,10.0,12.0,5.0,16.0,48.0,70.0,12.0,4.0,1.0,6.0,630.0,10.0,13.0,10.0,22.0,33.0,11.0,8.0,6.0
11352616,2023-2024,30.0,2024-03-30 15:00:00,Stamford Bridge,Darren England,39535.0,Burnley,Chelsea,Away,2,2,0,1,Draw,0,1,0,8.0,29.0,204.0,17.0,31.0,45.0,4.0,4.0,0.0,5.0,4.0,3.0,6.0,52.0,49.0,7.0,11.0,1.0,11.0,271.0,6.0,7.0,26.0,14.0,18.0,4.0,10.0,8.0
11352423,2023-2024,24.0,2024-02-10 15:00:00,Anfield,Tim Robinson,59896.0,Liverpool,Burnley,Home,3,1,2,3,Win,1,0,0,8.0,29.0,581.0,24.0,71.0,51.0,5.0,3.0,2.0,9.0,9.0,5.0,5.0,54.0,53.0,11.0,3.0,0.0,4.0,670.0,6.0,10.0,15.0,18.0,25.0,7.0,22.0,14.0
11352423,2023-2024,24.0,2024-02-10 15:00:00,Anfield,Tim Robinson,59896.0,Burnley,Liverpool,Away,1,3,-2,0,Loss,0,0,1,2.0,19.0,185.0,14.0,29.0,52.0,4.0,4.0,0.0,1.0,3.0,13.0,16.0,46.0,60.0,13.0,7.0,0.0,6.0,277.0,4.0,4.0,38.0,7.0,9.0,2.0,14.0,9.0
11352443,2023-2024,24.0,2024-02-11 14:00:00,London Stadium,Craig Pawson,62474.0,West Ham United,Arsenal,Home,0,6,-6,0,Loss,0,0,1,0.0,17.0,211.0,11.0,30.0,40.0,0.0,0.0,0.0,4.0,2.0,7.0,4.0,49.0,44.0,17.0,6.0,0.0,5.0,287.0,0.0,1.0,23.0,2.0,5.0,3.0,21.0,11.0
11352443,2023-2024,24.0,2024-02-11 14:00:00,London Stadium,Craig Pawson,62474.0,Arsenal,West Ham United,Away,6,0,6,3,Win,1,0,0,8.0,19.0,646.0,13.0,70.0,47.0,6.0,2.0,4.0,4.0,6.0,11.0,8.0,51.0,49.0,11.0,1.0,0.0,5.0,692.0,9.0,12.0,14.0,18.0,25.0,7.0,12.0,7.0
11352412,2023-2024,24.0,2024-02-11 16:30:00,Villa Park,Robert Jones,41500.0,Aston Villa,Manchester United,Home,1,2,-1,0,Loss,0,0,1,3.0,10.0,427.0,6.0,56.0,50.0,4.0,3.0,1.0,7.0,10.0,16.0,15.0,41.0,52.0,9.0,3.0,0.0,12.0,491.0,6.0,10.0,14.0,18.0,23.0,5.0,10.0,8.0
11352412,2023-2024,24.0,2024-02-11 16:30:00,Villa Park,Robert Jones,41500.0,Manchester United,Aston Villa,Away,2,1,1,3,Win,1,0,0,8.0,16.0,312.0,15.0,44.0,57.0,3.0,1.0,2.0,7.0,8.0,6.0,6.0,59.0,38.0,7.0,8.0,0.0,8.0,388.0,5.0,5.0,28.0,13.0,17.0,4.0,25.0,14.0
11352415,2023-2024,24.0,2024-02-12 20:00:00,Selhurst Park,Michael Oliver,25110.0,Crystal Palace,Chelsea,Home,1,3,-2,0,Loss,0,0,1,3.0,17.0,161.0,15.0,23.0,56.0,0.0,,0.0,5.0,1.0,9.0,2.0,47.0,37.0,15.0,2.0,0.0,10.0,244.0,4.0,4.0,35.0,7.0,13.0,6.0,22.0,19.0
11352415,2023-2024,24.0,2024-02-12 20:00:00,Selhurst Park,Michael Oliver,25110.0,Chelsea,Crystal Palace,Away,3,1,2,3,Win,1,0,0,6.0,33.0,749.0,12.0,77.0,60.0,2.0,,2.0,5.0,7.0,14.0,10.0,53.0,79.0,7.0,3.0,0.0,6.0,835.0,4.0,5.0,7.0,10.0,14.0,4.0,16.0,9.0
11352450,2023-2024,25.0,2024-02-17 12:30:00,Brentford Community Stadium,Michael Oliver,17193.0,Brentford,Liverpool,Home,1,4,-3,0,Loss,0,0,1,3.0,24.0,247.0,13.0,37.0,52.0,3.0,2.0,1.0,2.0,1.0,4.0,8.0,58.0,52.0,4.0,4.0,0.0,13.0,357.0,7.0,6.0,21.0,9.0,15.0,6.0,16.0,6.0
11352450,2023-2024,25.0,2024-02-17 12:30:00,Brentford Community Stadium,Michael Oliver,17193.0,Liverpool,Brentford,Away,4,1,3,3,Win,1,0,0,5.0,18.0,508.0,11.0,63.0,61.0,6.0,2.0,4.0,2.0,6.0,11.0,12.0,42.0,69.0,18.0,5.0,1.0,8.0,614.0,5.0,8.0,17.0,11.0,15.0,4.0,12.0,10.0
11352453,2023-2024,25.0,2024-02-17 15:00:00,Turf Moor,Jarred Gillett,21311.0,Burnley,Arsenal,Home,0,5,-5,0,Loss,0,0,1,5.0,17.0,232.0,8.0,35.0,48.0,0.0,,0.0,3.0,4.0,9.0,11.0,46.0,45.0,11.0,2.0,0.0,6.0,316.0,5.0,0.0,21.0,5.0,8.0,3.0,17.0,8.0
11352453,2023-2024,25.0,2024-02-17 15:00:00,Turf Moor,Jarred Gillett,21311.0,Arsenal,Burnley,Away,5,0,5,3,Win,1,0,0,1.0,26.0,522.0,22.0,65.0,51.0,2.0,,2.0,5.0,6.0,10.0,5.0,54.0,58.0,8.0,0.0,0.0,5.0,603.0,4.0,7.0,13.0,11.0,16.0,5.0,15.0,11.0
11352469,2023-2024,25.0,2024-02-17 17:30:00,Etihad Stadium,Andy Madley,53509.0,Manchester City,Chelsea,Home,1,1,0,1,Draw,0,1,0,16.0,26.0,647.0,11.0,70.0,51.0,3.0,3.0,0.0,14.0,12.0,18.0,7.0,46.0,80.0,7.0,5.0,0.0,5.0,711.0,12.0,5.0,10.0,23.0,31.0,8.0,15.0,8.0
11352469,2023-2024,25.0,2024-02-17 17:30:00,Etihad Stadium,Andy Madley,53509.0,Chelsea,Manchester City,Away,1,1,0,1,Draw,0,1,0,2.0,21.0,249.0,14.0,30.0,47.0,3.0,2.0,1.0,1.0,1.0,11.0,3.0,54.0,30.0,12.0,4.0,0.0,8.0,307.0,2.0,6.0,53.0,8.0,9.0,1.0,28.0,11.0
11352465,2023-2024,25.0,2024-02-18 16:30:00,Kenilworth Road,David Coote,11483.0,Luton Town,Manchester United,Home,1,2,-1,0,Loss,0,0,1,8.0,20.0,441.0,13.0,59.0,68.0,1.0,0.0,1.0,8.0,8.0,6.0,18.0,62.0,48.0,7.0,6.0,1.0,8.0,528.0,10.0,4.0,12.0,13.0,22.0,9.0,14.0,4.0
11352465,2023-2024,25.0,2024-02-18 16:30:00,Kenilworth Road,David Coote,11483.0,Manchester United,Luton Town,Away,2,1,1,3,Win,1,0,0,1.0,33.0,299.0,8.0,41.0,58.0,4.0,3.0,1.0,7.0,6.0,6.0,11.0,38.0,36.0,21.0,3.0,0.0,13.0,391.0,5.0,9.0,26.0,13.0,21.0,8.0,14.0,7.0
11971437,2023-2024,18.0,2024-02-20 19:30:00,Etihad Stadium,Darren England,52137.0,Manchester City,Brentford,Home,1,0,1,3,Win,1,0,0,7.0,17.0,656.0,14.0,70.0,41.0,5.0,4.0,1.0,5.0,10.0,4.0,10.0,47.0,66.0,12.0,2.0,0.0,9.0,712.0,9.0,11.0,20.0,14.0,25.0,11.0,6.0,5.0
11971437,2023-2024,18.0,2024-02-20 19:30:00,Etihad Stadium,Darren England,52137.0,Brentford,Manchester City,Away,0,1,-1,0,Loss,0,0,1,3.0,26.0,227.0,13.0,30.0,46.0,1.0,1.0,0.0,1.0,1.0,3.0,4.0,53.0,45.0,6.0,9.0,0.0,8.0,304.0,3.0,2.0,27.0,4.0,6.0,2.0,11.0,8.0
11352512,2023-2024,26.0,2024-02-21 19:30:00,Anfield,Andy Madley,59896.0,Liverpool,Luton Town,Home,4,1,3,3,Win,1,0,0,6.0,20.0,421.0,21.0,61.0,50.0,6.0,4.0,2.0,8.0,13.0,16.0,14.0,52.0,52.0,15.0,2.0,0.0,6.0,508.0,8.0,13.0,20.0,20.0,29.0,9.0,21.0,13.0
11352512,2023-2024,26.0,2024-02-21 19:30:00,Anfield,Andy Madley,59896.0,Luton Town,Liverpool,Away,1,4,-3,0,Loss,0,0,1,2.0,23.0,242.0,12.0,39.0,47.0,1.0,0.0,1.0,6.0,4.0,13.0,18.0,48.0,36.0,14.0,9.0,0.0,5.0,329.0,3.0,3.0,34.0,6.0,12.0,6.0,22.0,12.0
11352518,2023-2024,26.0,2024-02-24 15:00:00,Old Trafford,Michael Oliver,73487.0,Manchester United,Fulham,Home,1,2,-1,0,Loss,0,0,1,2.0,25.0,464.0,9.0,57.0,39.0,3.0,2.0,1.0,6.0,10.0,8.0,10.0,50.0,62.0,6.0,3.0,1.0,9.0,537.0,6.0,9.0,18.0,11.0,21.0,10.0,14.0,9.0
11352518,2023-2024,26.0,2024-02-24 15:00:00,Old Trafford,Michael Oliver,73487.0,Fulham,Manchester United,Away,2,1,1,3,Win,1,0,0,4.0,16.0,326.0,11.0,43.0,44.0,1.0,0.0,1.0,4.0,9.0,5.0,9.0,50.0,34.0,11.0,7.0,1.0,8.0,400.0,8.0,5.0,24.0,11.0,17.0,6.0,18.0,12.0
11352490,2023-2024,26.0,2024-02-24 17:30:00,Vitality Stadium,Jarred Gillett,11184.0,Bournemouth,Manchester City,Home,0,1,-1,0,Loss,0,0,1,2.0,25.0,273.0,12.0,38.0,61.0,1.0,1.0,0.0,4.0,3.0,3.0,6.0,47.0,58.0,14.0,5.0,0.0,11.0,351.0,5.0,4.0,26.0,8.0,13.0,5.0,23.0,12.0
11352490,2023-2024,26.0,2024-02-24 17:30:00,Vitality Stadium,Jarred Gillett,11184.0,Manchester City,Bournemouth,Away,1,0,1,3,Win,1,0,0,3.0,21.0,493.0,13.0,62.0,60.0,4.0,3.0,1.0,6.0,8.0,9.0,14.0,53.0,68.0,6.0,4.0,0.0,6.0,582.0,3.0,6.0,14.0,10.0,15.0,5.0,12.0,7.0
11352493,2023-2024,26.0,2024-02-24 20:00:00,Emirates Stadium,Paul Tierney,60298.0,Arsenal,Newcastle United,Home,4,1,3,3,Win,1,0,0,4.0,24.0,472.0,16.0,55.0,52.0,3.0,2.0,1.0,4.0,9.0,4.0,4.0,47.0,58.0,15.0,1.0,0.0,9.0,557.0,6.0,8.0,6.0,15.0,18.0,3.0,11.0,9.0
11352493,2023-2024,26.0,2024-02-24 20:00:00,Emirates Stadium,Paul Tierney,60298.0,Newcastle United,Arsenal,Away,1,4,-3,0,Loss,0,0,1,3.0,24.0,370.0,6.0,45.0,42.0,0.0,0.0,0.0,0.0,0.0,6.0,7.0,53.0,32.0,6.0,4.0,0.0,5.0,462.0,1.0,2.0,21.0,3.0,3.0,0.0,11.0,5.0
11352331,2023-2024,21.0,2024-01-13 17:30:00,St James' Park,Chris Kavanagh,52190.0,Newcastle United,Manchester City,Home,2,3,-1,0,Loss,0,0,1,3.0,15.0,203.0,12.0,27.0,57.0,3.0,3.0,0.0,5.0,3.0,8.0,1.0,54.0,23.0,7.0,8.0,0.0,9.0,277.0,2.0,5.0,29.0,10.0,12.0,2.0,24.0,13.0
11352331,2023-2024,21.0,2024-01-13 17:30:00,St James' Park,Chris Kavanagh,52190.0,Manchester City,Newcastle United,Away,3,2,1,3,Win,1,0,0,2.0,23.0,677.0,5.0,73.0,58.0,2.0,1.0,1.0,9.0,13.0,19.0,16.0,46.0,81.0,7.0,3.0,1.0,5.0,747.0,7.0,11.0,9.0,15.0,27.0,12.0,11.0,6.0
11352328,2023-2024,21.0,2024-01-14 16:30:00,Old Trafford,John Brooks,73489.0,Manchester United,Tottenham Hotspur,Home,2,2,0,1,Draw,0,1,0,5.0,21.0,237.0,7.0,36.0,62.0,1.0,1.0,,3.0,8.0,10.0,15.0,52.0,47.0,8.0,3.0,1.0,9.0,313.0,4.0,2.0,27.0,6.0,9.0,3.0,21.0,15.0
11352328,2023-2024,21.0,2024-01-14 16:30:00,Old Trafford,John Brooks,73489.0,Tottenham Hotspur,Manchester United,Away,2,2,0,1,Draw,0,1,0,8.0,22.0,497.0,9.0,64.0,56.0,1.0,1.0,,4.0,13.0,11.0,6.0,48.0,50.0,5.0,0.0,1.0,13.0,555.0,6.0,6.0,14.0,12.0,16.0,4.0,22.0,12.0
11352311,2023-2024,21.0,2024-01-20 12:30:00,Emirates Stadium,Paul Tierney,60284.0,Arsenal,Crystal Palace,Home,5,0,5,3,Win,1,0,0,6.0,17.0,487.0,17.0,61.0,55.0,6.0,1.0,5.0,7.0,6.0,8.0,6.0,51.0,49.0,8.0,5.0,0.0,9.0,561.0,7.0,7.0,17.0,13.0,21.0,8.0,17.0,11.0
11352311,2023-2024,21.0,2024-01-20 12:30:00,Emirates Stadium,Paul Tierney,60284.0,Crystal Palace,Arsenal,Away,0,5,-5,0,Loss,0,0,1,1.0,19.0,284.0,19.0,39.0,46.0,0.0,0.0,0.0,2.0,7.0,6.0,13.0,49.0,41.0,12.0,2.0,0.0,6.0,362.0,5.0,5.0,27.0,3.0,12.0,9.0,11.0,4.0
11352308,2023-2024,21.0,2024-01-21 16:30:00,Vitality Stadium,Andy Madley,11228.0,Bournemouth,Liverpool,Home,0,4,-4,0,Loss,0,0,1,3.0,26.0,235.0,10.0,39.0,63.0,2.0,2.0,0.0,6.0,8.0,15.0,18.0,49.0,64.0,9.0,3.0,0.0,14.0,328.0,4.0,1.0,20.0,5.0,11.0,6.0,27.0,19.0
11352308,2023-2024,21.0,2024-01-21 16:30:00,Vitality Stadium,Andy Madley,11228.0,Liverpool,Bournemouth,Away,4,0,4,3,Win,1,0,0,4.0,34.0,439.0,22.0,61.0,67.0,2.0,0.0,2.0,4.0,5.0,13.0,8.0,51.0,58.0,12.0,1.0,0.0,8.0,526.0,3.0,7.0,26.0,8.0,14.0,6.0,32.0,18.0
11352348,2023-2024,22.0,2024-01-30 19:30:00,City Ground,Simon Hooper,29387.0,Nottingham Forest,Arsenal,Home,1,2,-1,0,Loss,0,0,1,3.0,16.0,195.0,20.0,27.0,37.0,1.0,0.0,1.0,3.0,2.0,10.0,5.0,51.0,29.0,6.0,2.0,0.0,15.0,268.0,3.0,3.0,45.0,5.0,9.0,4.0,15.0,7.0
11352348,2023-2024,22.0,2024-01-30 19:30:00,City Ground,Simon Hooper,29387.0,Arsenal,Nottingham Forest,Away,2,1,1,3,Win,1,0,0,3.0,15.0,676.0,19.0,73.0,52.0,1.0,1.0,0.0,9.0,10.0,7.0,7.0,49.0,95.0,7.0,2.0,1.0,5.0,759.0,7.0,3.0,13.0,12.0,19.0,7.0,16.0,8.0
11352369,2023-2024,22.0,2024-01-31 19:30:00,Etihad Stadium,Samuel Barrott,52143.0,Manchester City,Burnley,Home,3,1,2,3,Win,1,0,0,1.0,24.0,717.0,17.0,74.0,45.0,2.0,0.0,2.0,6.0,7.0,13.0,13.0,60.0,51.0,3.0,2.0,0.0,5.0,795.0,4.0,4.0,8.0,9.0,14.0,5.0,10.0,7.0
11352369,2023-2024,22.0,2024-01-31 19:30:00,Etihad Stadium,Samuel Barrott,52143.0,Burnley,Manchester City,Away,1,3,-2,0,Loss,0,0,1,2.0,12.0,199.0,7.0,26.0,47.0,2.0,1.0,1.0,2.0,3.0,5.0,5.0,40.0,29.0,13.0,1.0,0.0,7.0,270.0,3.0,3.0,19.0,6.0,8.0,2.0,20.0,9.0
11352365,2023-2024,22.0,2024-01-31 20:15:00,Anfield,Paul Tierney,57524.0,Liverpool,Chelsea,Home,4,1,3,3,Win,1,0,0,8.0,28.0,472.0,6.0,51.0,69.0,4.0,2.0,2.0,9.0,8.0,9.0,10.0,53.0,70.0,15.0,2.0,4.0,6.0,553.0,6.0,13.0,7.0,15.0,28.0,13.0,22.0,18.0
11352365,2023-2024,22.0,2024-01-31 20:15:00,Anfield,Paul Tierney,57524.0,Chelsea,Liverpool,Away,1,4,-3,0,Loss,0,0,1,1.0,11.0,483.0,10.0,49.0,60.0,1.0,1.0,0.0,0.0,1.0,8.0,8.0,47.0,32.0,16.0,9.0,0.0,9.0,561.0,1.0,3.0,33.0,2.0,4.0,2.0,14.0,7.0
11896302,2023-2024,22.0,2024-02-01 20:15:00,Molineux Stadium,Jarred Gillett,31641.0,Wolverhampton,Manchester United,Home,3,4,-1,0,Loss,0,0,1,5.0,25.0,446.0,11.0,53.0,49.0,2.0,0.0,2.0,5.0,4.0,10.0,13.0,56.0,43.0,10.0,5.0,0.0,3.0,511.0,4.0,7.0,12.0,12.0,16.0,4.0,25.0,15.0
11896302,2023-2024,22.0,2024-02-01 20:15:00,Molineux Stadium,Jarred Gillett,31641.0,Manchester United,Wolverhampton,Away,4,3,1,3,Win,1,0,0,5.0,21.0,386.0,6.0,47.0,53.0,5.0,3.0,2.0,6.0,5.0,13.0,10.0,44.0,33.0,10.0,3.0,0.0,13.0,454.0,7.0,8.0,20.0,12.0,21.0,9.0,20.0,12.0
11352392,2023-2024,23.0,2024-02-04 14:00:00,Stamford Bridge,Tim Robinson,39628.0,Chelsea,Wolverhampton,Home,2,4,-2,0,Loss,0,0,1,4.0,25.0,565.0,11.0,64.0,52.0,6.0,5.0,1.0,2.0,10.0,7.0,12.0,48.0,70.0,15.0,4.0,0.0,7.0,637.0,7.0,6.0,12.0,11.0,15.0,4.0,13.0,7.0
11352392,2023-2024,23.0,2024-02-04 14:00:00,Stamford Bridge,Tim Robinson,39628.0,Wolverhampton,Chelsea,Away,4,2,2,3,Win,1,0,0,1.0,20.0,282.0,9.0,36.0,47.0,3.0,1.0,2.0,3.0,1.0,2.0,8.0,52.0,24.0,11.0,2.0,0.0,8.0,356.0,4.0,7.0,26.0,11.0,14.0,3.0,18.0,12.0
11352398,2023-2024,23.0,2024-02-04 14:00:00,Old Trafford,Andy Madley,73612.0,Manchester United,West Ham United,Home,3,0,3,3,Win,1,0,0,2.0,28.0,452.0,12.0,51.0,52.0,1.0,,1.0,2.0,5.0,7.0,9.0,48.0,51.0,10.0,4.0,0.0,5.0,528.0,5.0,5.0,22.0,7.0,12.0,5.0,18.0,10.0
11352398,2023-2024,23.0,2024-02-04 14:00:00,Old Trafford,Andy Madley,73612.0,West Ham United,Manchester United,Away,0,3,-3,0,Loss,0,0,1,6.0,19.0,421.0,8.0,49.0,48.0,0.0,,0.0,8.0,8.0,8.0,14.0,52.0,73.0,5.0,2.0,0.0,11.0,482.0,11.0,3.0,18.0,13.0,22.0,9.0,16.0,11.0
11352376,2023-2024,23.0,2024-02-04 16:30:00,Emirates Stadium,Anthony Taylor,60374.0,Arsenal,Liverpool,Home,3,1,2,3,Win,1,0,0,2.0,19.0,304.0,18.0,43.0,47.0,6.0,4.0,2.0,5.0,2.0,6.0,8.0,52.0,50.0,11.0,1.0,0.0,11.0,390.0,3.0,7.0,23.0,12.0,15.0,3.0,21.0,11.0
11352376,2023-2024,23.0,2024-02-04 16:30:00,Emirates Stadium,Anthony Taylor,60374.0,Liverpool,Arsenal,Away,1,3,-2,0,Loss,0,0,1,2.0,27.0,441.0,22.0,57.0,41.0,0.0,0.0,0.0,2.0,4.0,13.0,9.0,48.0,61.0,11.0,4.0,0.0,8.0,528.0,7.0,1.0,15.0,6.0,10.0,4.0,11.0,6.0
11352380,2023-2024,23.0,2024-02-05 20:00:00,Brentford Community Stadium,Jarred Gillett,17096.0,Brentford,Manchester City,Home,1,3,-2,0,Loss,0,0,1,6.0,27.0,203.0,15.0,28.0,58.0,3.0,2.0,1.0,3.0,8.0,5.0,2.0,53.0,37.0,2.0,12.0,0.0,11.0,279.0,3.0,3.0,31.0,7.0,9.0,2.0,18.0,7.0
11352380,2023-2024,23.0,2024-02-05 20:00:00,Brentford Community Stadium,Jarred Gillett,17096.0,Manchester City,Brentford,Away,3,1,2,3,Win,1,0,0,6.0,25.0,679.0,12.0,72.0,61.0,3.0,1.0,2.0,7.0,13.0,7.0,9.0,47.0,79.0,4.0,1.0,0.0,5.0,750.0,3.0,15.0,23.0,12.0,25.0,13.0,11.0,8.0
11352431,2023-2024,24.0,2024-02-10 12:30:00,Etihad Stadium,John Brooks,,Manchester City,Everton,Home,2,0,2,3,Win,1,0,0,5.0,33.0,709.0,11.0,73.0,48.0,2.0,1.0,1.0,11.0,9.0,9.0,11.0,52.0,57.0,6.0,1.0,0.0,6.0,772.0,5.0,3.0,7.0,14.0,19.0,5.0,12.0,6.0
11352431,2023-2024,24.0,2024-02-10 12:30:00,Etihad Stadium,John Brooks,,Everton,Manchester City,Away,0,2,-2,0,Loss,0,0,1,2.0,17.0,222.0,8.0,27.0,47.0,0.0,0.0,0.0,1.0,0.0,3.0,7.0,48.0,35.0,11.0,1.0,0.0,8.0,294.0,3.0,1.0,33.0,2.0,5.0,3.0,21.0,12.0
11352535,2023-2024,18.0,2023-12-23 12:30:00,London Stadium,Simon Hooper,64472.0,West Ham United,Manchester United,Home,2,0,2,3,Win,1,0,0,3.0,24.0,255.0,10.0,35.0,49.0,3.0,1.0,2.0,3.0,4.0,9.0,9.0,50.0,51.0,13.0,3.0,0.0,7.0,321.0,4.0,5.0,27.0,10.0,12.0,2.0,19.0,17.0
11352535,2023-2024,18.0,2023-12-23 12:30:00,London Stadium,Simon Hooper,64472.0,Manchester United,West Ham United,Away,0,2,-2,0,Loss,0,0,1,3.0,20.0,536.0,18.0,65.0,42.0,1.0,1.0,0.0,2.0,4.0,8.0,4.0,50.0,59.0,15.0,3.0,0.0,3.0,626.0,6.0,3.0,21.0,7.0,11.0,4.0,20.0,11.0
11352520,2023-2024,18.0,2023-12-23 17:30:00,Anfield,Chris Kavanagh,57548.0,Liverpool,Arsenal,Home,1,1,0,1,Draw,0,1,0,3.0,16.0,357.0,15.0,51.0,63.0,1.0,1.0,0.0,4.0,4.0,14.0,6.0,59.0,52.0,13.0,1.0,2.0,5.0,442.0,6.0,3.0,16.0,8.0,13.0,5.0,34.0,21.0
11352520,2023-2024,18.0,2023-12-23 17:30:00,Anfield,Chris Kavanagh,57548.0,Arsenal,Liverpool,Away,1,1,0,1,Draw,0,1,0,3.0,19.0,337.0,4.0,49.0,72.0,1.0,0.0,1.0,5.0,5.0,20.0,10.0,41.0,58.0,14.0,2.0,0.0,11.0,423.0,6.0,2.0,22.0,9.0,13.0,4.0,20.0,14.0
11352538,2023-2024,18.0,2023-12-24 13:00:00,Molineux Stadium,David Coote,31641.0,Wolverhampton,Chelsea,Home,2,1,1,3,Win,1,0,0,6.0,10.0,176.0,14.0,32.0,54.0,3.0,2.0,1.0,5.0,10.0,12.0,7.0,50.0,40.0,11.0,3.0,1.0,12.0,266.0,3.0,6.0,19.0,8.0,14.0,6.0,22.0,15.0
11352538,2023-2024,18.0,2023-12-24 13:00:00,Molineux Stadium,David Coote,31641.0,Chelsea,Wolverhampton,Away,1,2,-1,0,Loss,0,0,1,4.0,28.0,527.0,14.0,68.0,55.0,2.0,1.0,1.0,7.0,6.0,11.0,9.0,50.0,47.0,9.0,4.0,0.0,4.0,600.0,4.0,5.0,16.0,8.0,16.0,8.0,17.0,12.0
11352554,2023-2024,19.0,2023-12-26 17:30:00,Turf Moor,Paul Tierney,21624.0,Burnley,Liverpool,Home,0,2,-2,0,Loss,0,0,1,6.0,18.0,184.0,15.0,31.0,61.0,2.0,2.0,,1.0,4.0,7.0,14.0,50.0,35.0,7.0,8.0,0.0,10.0,292.0,8.0,0.0,20.0,5.0,9.0,4.0,25.0,13.0
11352554,2023-2024,19.0,2023-12-26 17:30:00,Turf Moor,Paul Tierney,21624.0,Liverpool,Burnley,Away,2,0,2,3,Win,1,0,0,5.0,29.0,563.0,31.0,69.0,67.0,2.0,2.0,,3.0,4.0,15.0,13.0,50.0,62.0,10.0,0.0,1.0,6.0,664.0,6.0,10.0,10.0,12.0,19.0,7.0,14.0,11.0
11352563,2023-2024,19.0,2023-12-26 20:00:00,Old Trafford,Craig Pawson,73574.0,Manchester United,Aston Villa,Home,3,2,1,3,Win,1,0,0,2.0,20.0,313.0,15.0,46.0,63.0,1.0,0.0,1.0,3.0,3.0,5.0,4.0,51.0,57.0,10.0,1.0,0.0,20.0,393.0,3.0,7.0,26.0,8.0,13.0,5.0,21.0,16.0
11352563,2023-2024,19.0,2023-12-26 20:00:00,Old Trafford,Craig Pawson,73574.0,Aston Villa,Manchester United,Away,2,3,-1,0,Loss,0,0,1,5.0,24.0,379.0,14.0,54.0,52.0,2.0,1.0,1.0,4.0,6.0,10.0,11.0,49.0,43.0,10.0,4.0,0.0,7.0,462.0,2.0,4.0,14.0,7.0,10.0,3.0,14.0,8.0
11352557,2023-2024,19.0,2023-12-27 19:30:00,Stamford Bridge,Michael Salisbury,39618.0,Chelsea,Crystal Palace,Home,2,1,1,3,Win,1,0,0,1.0,23.0,572.0,8.0,64.0,47.0,6.0,4.0,2.0,2.0,4.0,14.0,7.0,47.0,53.0,13.0,4.0,0.0,6.0,644.0,3.0,4.0,22.0,9.0,9.0,0.0,21.0,16.0
11352557,2023-2024,19.0,2023-12-27 19:30:00,Stamford Bridge,Michael Salisbury,39618.0,Crystal Palace,Chelsea,Away,1,2,-1,0,Loss,0,0,1,3.0,23.0,287.0,9.0,36.0,52.0,1.0,0.0,1.0,5.0,3.0,11.0,12.0,53.0,41.0,16.0,1.0,0.0,8.0,352.0,3.0,5.0,12.0,9.0,13.0,4.0,25.0,15.0
11352559,2023-2024,19.0,2023-12-27 20:15:00,Goodison Park,John Brooks,39327.0,Everton,Manchester City,Home,1,3,-2,0,Loss,0,0,1,5.0,29.0,211.0,7.0,28.0,61.0,2.0,1.0,1.0,0.0,4.0,4.0,6.0,42.0,40.0,13.0,6.0,0.0,9.0,293.0,5.0,2.0,21.0,6.0,7.0,1.0,15.0,5.0
11352559,2023-2024,19.0,2023-12-27 20:15:00,Goodison Park,John Brooks,39327.0,Manchester City,Everton,Away,3,1,2,3,Win,1,0,0,4.0,39.0,701.0,7.0,72.0,64.0,4.0,2.0,2.0,6.0,8.0,10.0,15.0,58.0,48.0,5.0,1.0,1.0,4.0,772.0,8.0,9.0,17.0,13.0,23.0,10.0,12.0,7.0
11777281,2023-2024,19.0,2023-12-28 20:15:00,Emirates Stadium,Michael Oliver,60261.0,Arsenal,West Ham United,Home,0,2,-2,0,Loss,0,0,1,7.0,5.0,679.0,17.0,74.0,55.0,5.0,5.0,0.0,10.0,10.0,10.0,5.0,51.0,75.0,8.0,1.0,1.0,6.0,749.0,12.0,8.0,9.0,18.0,30.0,12.0,20.0,7.0
11777281,2023-2024,19.0,2023-12-28 20:15:00,Emirates Stadium,Michael Oliver,60261.0,West Ham United,Arsenal,Away,2,0,2,3,Win,1,0,0,2.0,20.0,184.0,12.0,26.0,54.0,2.0,1.0,1.0,2.0,3.0,11.0,5.0,49.0,32.0,8.0,8.0,0.0,8.0,265.0,1.0,3.0,38.0,4.0,6.0,2.0,24.0,11.0
11352582,2023-2024,20.0,2023-12-30 12:30:00,Kenilworth Road,Paul Tierney,11041.0,Luton Town,Chelsea,Home,2,3,-1,0,Loss,0,0,1,11.0,22.0,339.0,14.0,51.0,57.0,4.0,2.0,2.0,5.0,7.0,13.0,9.0,48.0,53.0,14.0,5.0,2.0,10.0,406.0,4.0,6.0,4.0,12.0,15.0,3.0,21.0,13.0
11352582,2023-2024,20.0,2023-12-30 12:30:00,Kenilworth Road,Paul Tierney,11041.0,Chelsea,Luton Town,Away,3,2,1,3,Win,1,0,0,0.0,39.0,346.0,15.0,49.0,54.0,1.0,0.0,1.0,2.0,2.0,8.0,14.0,52.0,47.0,21.0,4.0,0.0,5.0,418.0,2.0,8.0,25.0,7.0,12.0,5.0,26.0,16.0
11352583,2023-2024,20.0,2023-12-30 15:00:00,Etihad Stadium,David Coote,,Manchester City,Sheffield United,Home,2,0,2,3,Win,1,0,0,2.0,39.0,944.0,11.0,81.0,43.0,2.0,1.0,1.0,6.0,12.0,9.0,6.0,49.0,108.0,5.0,2.0,0.0,2.0,1000.0,8.0,4.0,10.0,10.0,18.0,8.0,7.0,4.0
11352583,2023-2024,20.0,2023-12-30 15:00:00,Etihad Stadium,David Coote,,Sheffield United,Manchester City,Away,0,2,-2,0,Loss,0,0,1,3.0,10.0,174.0,6.0,19.0,34.0,0.0,0.0,0.0,2.0,2.0,5.0,4.0,51.0,20.0,6.0,2.0,0.0,7.0,233.0,0.0,2.0,25.0,4.0,4.0,0.0,15.0,7.0
11352586,2023-2024,20.0,2023-12-30 17:30:00,City Ground,Tim Robinson,,Nottingham Forest,Manchester United,Home,2,1,1,3,Win,1,0,0,2.0,25.0,310.0,10.0,45.0,62.0,1.0,,1.0,3.0,4.0,5.0,4.0,55.0,53.0,9.0,4.0,0.0,5.0,397.0,3.0,2.0,25.0,4.0,8.0,4.0,26.0,17.0
11352586,2023-2024,20.0,2023-12-30 17:30:00,City Ground,Tim Robinson,,Manchester United,Nottingham Forest,Away,1,2,-1,0,Loss,0,0,1,4.0,23.0,395.0,9.0,55.0,48.0,0.0,,0.0,3.0,5.0,16.0,11.0,45.0,64.0,11.0,0.0,1.0,8.0,489.0,2.0,5.0,23.0,6.0,10.0,4.0,14.0,8.0
11352577,2023-2024,20.0,2023-12-31 14:00:00,Craven Cottage,Josh Smith,24444.0,Fulham,Arsenal,Home,2,1,1,3,Win,1,0,0,6.0,28.0,340.0,10.0,40.0,52.0,2.0,0.0,2.0,6.0,5.0,7.0,7.0,50.0,37.0,11.0,2.0,1.0,17.0,412.0,5.0,4.0,22.0,8.0,15.0,7.0,15.0,6.0
11352577,2023-2024,20.0,2023-12-31 14:00:00,Craven Cottage,Josh Smith,24444.0,Arsenal,Fulham,Away,1,2,-1,0,Loss,0,0,1,2.0,8.0,562.0,10.0,60.0,54.0,2.0,1.0,1.0,3.0,4.0,7.0,6.0,50.0,59.0,10.0,2.0,0.0,7.0,637.0,7.0,3.0,13.0,10.0,13.0,3.0,13.0,9.0
11352580,2023-2024,20.0,2024-01-01 20:00:00,Anfield,Anthony Taylor,57471.0,Liverpool,Newcastle United,Home,4,2,2,3,Win,1,0,0,6.0,34.0,471.0,9.0,62.0,64.0,9.0,5.0,4.0,12.0,7.0,10.0,15.0,48.0,69.0,16.0,1.0,1.0,11.0,555.0,7.0,15.0,1.0,25.0,34.0,9.0,15.0,7.0
11352580,2023-2024,20.0,2024-01-01 20:00:00,Anfield,Anthony Taylor,57471.0,Newcastle United,Liverpool,Away,2,4,-2,0,Loss,0,0,1,1.0,17.0,264.0,11.0,38.0,61.0,2.0,0.0,2.0,1.0,3.0,8.0,13.0,52.0,29.0,15.0,10.0,0.0,9.0,350.0,1.0,3.0,39.0,4.0,5.0,1.0,20.0,13.0
11352321,2023-2024,21.0,2024-01-13 12:30:00,Stamford Bridge,Anthony Taylor,39643.0,Chelsea,Fulham,Home,1,0,1,3,Win,1,0,0,4.0,21.0,442.0,14.0,55.0,59.0,2.0,1.0,1.0,5.0,6.0,11.0,13.0,47.0,62.0,13.0,4.0,2.0,7.0,524.0,9.0,3.0,37.0,12.0,17.0,5.0,20.0,8.0
11352321,2023-2024,21.0,2024-01-13 12:30:00,Stamford Bridge,Anthony Taylor,39643.0,Fulham,Chelsea,Away,0,1,-1,0,Loss,0,0,1,4.0,22.0,330.0,15.0,45.0,47.0,0.0,0.0,0.0,4.0,4.0,13.0,8.0,53.0,40.0,9.0,2.0,0.0,18.0,423.0,6.0,4.0,24.0,8.0,14.0,6.0,25.0,15.0
11352430,2023-2024,15.0,2023-12-05 20:15:00,Kenilworth Road,Samuel Barrott,11112.0,Luton Town,Arsenal,Home,3,4,-1,0,Loss,0,0,1,3.0,27.0,195.0,20.0,33.0,57.0,1.0,,1.0,1.0,3.0,5.0,16.0,53.0,53.0,14.0,5.0,0.0,8.0,296.0,1.0,4.0,35.0,3.0,6.0,3.0,20.0,12.0
11352430,2023-2024,15.0,2023-12-05 20:15:00,Kenilworth Road,Samuel Barrott,11112.0,Arsenal,Luton Town,Away,4,3,1,3,Win,1,0,0,6.0,21.0,500.0,20.0,67.0,55.0,3.0,,3.0,9.0,8.0,11.0,8.0,47.0,74.0,7.0,1.0,0.0,6.0,589.0,5.0,9.0,14.0,16.0,23.0,7.0,13.0,5.0
11352433,2023-2024,15.0,2023-12-06 19:30:00,Bramall Lane,Simon Hooper,31406.0,Sheffield United,Liverpool,Home,0,2,-2,0,Loss,0,0,1,1.0,10.0,100.0,18.0,24.0,47.0,3.0,3.0,0.0,2.0,2.0,4.0,9.0,41.0,47.0,12.0,6.0,0.0,9.0,207.0,3.0,1.0,23.0,5.0,6.0,1.0,20.0,15.0
11352433,2023-2024,15.0,2023-12-06 19:30:00,Bramall Lane,Simon Hooper,31406.0,Liverpool,Sheffield United,Away,2,0,2,3,Win,1,0,0,8.0,25.0,529.0,40.0,76.0,50.0,4.0,2.0,2.0,2.0,12.0,10.0,12.0,59.0,73.0,8.0,1.0,0.0,11.0,632.0,5.0,8.0,17.0,11.0,15.0,4.0,16.0,10.0
11352417,2023-2024,15.0,2023-12-06 20:15:00,Villa Park,John Brooks,41421.0,Aston Villa,Manchester City,Home,1,0,1,3,Win,1,0,0,4.0,31.0,372.0,9.0,46.0,55.0,2.0,2.0,,9.0,6.0,14.0,16.0,60.0,47.0,13.0,2.0,1.0,7.0,436.0,6.0,7.0,6.0,12.0,22.0,10.0,15.0,7.0
11352417,2023-2024,15.0,2023-12-06 20:15:00,Villa Park,John Brooks,41421.0,Manchester City,Aston Villa,Away,0,1,-1,0,Loss,0,0,1,1.0,23.0,454.0,3.0,54.0,55.0,2.0,2.0,,0.0,0.0,5.0,2.0,40.0,45.0,13.0,6.0,0.0,6.0,520.0,0.0,2.0,29.0,2.0,2.0,0.0,19.0,12.0
11352445,2023-2024,15.0,2023-12-06 20:15:00,Old Trafford,Chris Kavanagh,73607.0,Manchester United,Chelsea,Home,2,1,1,3,Win,1,0,0,6.0,16.0,339.0,5.0,45.0,53.0,5.0,4.0,1.0,8.0,12.0,2.0,9.0,50.0,38.0,12.0,2.0,0.0,6.0,397.0,11.0,9.0,9.0,20.0,28.0,8.0,16.0,13.0
11352445,2023-2024,15.0,2023-12-06 20:15:00,Old Trafford,Chris Kavanagh,73607.0,Chelsea,Manchester United,Away,1,2,-1,0,Loss,0,0,1,3.0,26.0,440.0,9.0,55.0,48.0,5.0,5.0,0.0,3.0,4.0,6.0,9.0,50.0,26.0,12.0,7.0,2.0,10.0,512.0,7.0,3.0,13.0,10.0,13.0,3.0,12.0,6.0
11352455,2023-2024,16.0,2023-12-09 12:30:00,Selhurst Park,Andy Madley,25103.0,Crystal Palace,Liverpool,Home,1,2,-1,0,Loss,0,0,1,7.0,15.0,115.0,10.0,24.0,48.0,3.0,2.0,1.0,2.0,6.0,4.0,6.0,54.0,49.0,17.0,0.0,1.0,5.0,197.0,2.0,4.0,30.0,6.0,8.0,2.0,23.0,14.0
11352455,2023-2024,16.0,2023-12-09 12:30:00,Selhurst Park,Andy Madley,25103.0,Liverpool,Crystal Palace,Away,2,1,1,3,Win,1,0,0,3.0,23.0,579.0,14.0,76.0,57.0,2.0,2.0,0.0,5.0,5.0,13.0,7.0,46.0,63.0,17.0,3.0,0.0,5.0,662.0,7.0,2.0,20.0,9.0,14.0,5.0,11.0,8.0
11352468,2023-2024,16.0,2023-12-09 15:00:00,Old Trafford,Peter Bankes,73427.0,Manchester United,Bournemouth,Home,0,3,-3,0,Loss,0,0,1,5.0,40.0,561.0,22.0,69.0,55.0,0.0,0.0,0.0,12.0,10.0,11.0,12.0,55.0,81.0,7.0,1.0,0.0,7.0,660.0,5.0,3.0,12.0,15.0,20.0,5.0,23.0,15.0
11352468,2023-2024,16.0,2023-12-09 15:00:00,Old Trafford,Peter Bankes,73427.0,Bournemouth,Manchester United,Away,3,0,3,3,Win,1,0,0,6.0,21.0,208.0,14.0,31.0,70.0,3.0,1.0,2.0,1.0,4.0,5.0,14.0,45.0,50.0,10.0,3.0,1.0,14.0,296.0,5.0,4.0,30.0,9.0,10.0,1.0,19.0,9.0
11352449,2023-2024,16.0,2023-12-09 17:30:00,Villa Park,Jarred Gillett,42000.0,Aston Villa,Arsenal,Home,1,0,1,3,Win,1,0,0,0.0,20.0,209.0,4.0,39.0,62.0,0.0,0.0,,5.0,3.0,18.0,4.0,44.0,46.0,16.0,3.0,0.0,13.0,289.0,2.0,3.0,25.0,5.0,10.0,5.0,31.0,17.0
11352449,2023-2024,16.0,2023-12-09 17:30:00,Villa Park,Jarred Gillett,42000.0,Arsenal,Aston Villa,Away,0,1,-1,0,Loss,0,0,1,3.0,14.0,389.0,8.0,61.0,72.0,4.0,4.0,,3.0,3.0,18.0,7.0,56.0,58.0,11.0,2.0,0.0,4.0,462.0,4.0,5.0,16.0,10.0,12.0,2.0,31.0,18.0
11352459,2023-2024,16.0,2023-12-10 14:00:00,Goodison Park,Michael Oliver,39280.0,Everton,Chelsea,Home,2,0,2,3,Win,1,0,0,6.0,20.0,166.0,15.0,28.0,61.0,2.0,1.0,1.0,2.0,4.0,10.0,7.0,48.0,53.0,12.0,4.0,0.0,14.0,259.0,2.0,5.0,24.0,6.0,9.0,3.0,23.0,13.0
11352459,2023-2024,16.0,2023-12-10 14:00:00,Goodison Park,Michael Oliver,39280.0,Chelsea,Everton,Away,0,2,-2,0,Loss,0,0,1,4.0,21.0,610.0,17.0,72.0,62.0,0.0,0.0,0.0,6.0,8.0,10.0,12.0,52.0,75.0,12.0,3.0,0.0,4.0,703.0,6.0,4.0,25.0,7.0,16.0,9.0,20.0,14.0
11352464,2023-2024,16.0,2023-12-10 14:00:00,Kenilworth Road,Tim Robinson,11047.0,Luton Town,Manchester City,Home,1,2,-1,0,Loss,0,0,1,1.0,24.0,224.0,10.0,35.0,51.0,1.0,0.0,1.0,0.0,6.0,10.0,9.0,41.0,52.0,16.0,4.0,0.0,14.0,302.0,2.0,2.0,12.0,2.0,4.0,2.0,20.0,8.0
11352464,2023-2024,16.0,2023-12-10 14:00:00,Kenilworth Road,Tim Robinson,11047.0,Manchester City,Luton Town,Away,2,1,1,3,Win,1,0,0,3.0,12.0,513.0,15.0,65.0,52.0,3.0,2.0,1.0,5.0,3.0,11.0,12.0,59.0,46.0,6.0,1.0,1.0,2.0,594.0,7.0,6.0,15.0,9.0,18.0,9.0,21.0,10.0
11352492,2023-2024,17.0,2023-12-16 15:00:00,Stamford Bridge,Andy Madley,39599.0,Chelsea,Sheffield United,Home,2,0,2,3,Win,1,0,0,1.0,19.0,740.0,10.0,78.0,61.0,5.0,3.0,2.0,5.0,7.0,15.0,12.0,48.0,76.0,9.0,1.0,0.0,17.0,815.0,4.0,6.0,11.0,7.0,15.0,8.0,16.0,5.0
11352492,2023-2024,17.0,2023-12-16 15:00:00,Stamford Bridge,Andy Madley,39599.0,Sheffield United,Chelsea,Away,0,2,-2,0,Loss,0,0,1,2.0,14.0,138.0,12.0,22.0,58.0,0.0,0.0,0.0,4.0,5.0,8.0,7.0,52.0,43.0,14.0,4.0,0.0,13.0,226.0,1.0,1.0,24.0,3.0,6.0,3.0,28.0,15.0
11352498,2023-2024,17.0,2023-12-16 15:00:00,Etihad Stadium,Paul Tierney,53112.0,Manchester City,Crystal Palace,Home,2,2,0,1,Draw,0,1,0,10.0,14.0,751.0,9.0,74.0,45.0,5.0,3.0,2.0,5.0,6.0,11.0,6.0,49.0,94.0,12.0,0.0,0.0,3.0,818.0,5.0,9.0,7.0,12.0,19.0,7.0,13.0,2.0
11352498,2023-2024,17.0,2023-12-16 15:00:00,Etihad Stadium,Paul Tierney,53112.0,Crystal Palace,Manchester City,Away,2,2,0,1,Draw,0,1,0,1.0,14.0,216.0,5.0,26.0,42.0,2.0,0.0,2.0,2.0,1.0,8.0,8.0,51.0,27.0,9.0,7.0,0.0,6.0,285.0,1.0,2.0,29.0,2.0,5.0,3.0,14.0,3.0
11352483,2023-2024,17.0,2023-12-17 14:00:00,Emirates Stadium,Tim Robinson,60257.0,Arsenal,Brighton & Hove Albion,Home,2,0,2,3,Win,1,0,0,6.0,13.0,463.0,8.0,49.0,43.0,5.0,3.0,2.0,9.0,10.0,13.0,11.0,49.0,51.0,11.0,1.0,0.0,11.0,516.0,8.0,9.0,6.0,20.0,26.0,6.0,12.0,7.0
11352483,2023-2024,17.0,2023-12-17 14:00:00,Emirates Stadium,Tim Robinson,60257.0,Brighton & Hove Albion,Arsenal,Away,0,2,-2,0,Loss,0,0,1,2.0,15.0,495.0,10.0,51.0,39.0,1.0,1.0,0.0,2.0,1.0,6.0,4.0,51.0,44.0,9.0,6.0,0.0,3.0,550.0,3.0,1.0,21.0,5.0,6.0,1.0,18.0,7.0
11352496,2023-2024,17.0,2023-12-17 16:30:00,Anfield,Michael Oliver,57158.0,Liverpool,Manchester United,Home,0,0,0,1,Draw,0,1,0,10.0,29.0,510.0,11.0,68.0,56.0,1.0,1.0,,13.0,12.0,10.0,8.0,51.0,79.0,13.0,2.0,0.0,8.0,607.0,13.0,8.0,5.0,19.0,34.0,15.0,24.0,13.0
11352496,2023-2024,17.0,2023-12-17 16:30:00,Anfield,Michael Oliver,57158.0,Manchester United,Liverpool,Away,0,0,0,1,Draw,0,1,0,0.0,28.0,209.0,15.0,32.0,50.0,1.0,1.0,,1.0,0.0,15.0,4.0,49.0,32.0,8.0,8.0,0.0,7.0,293.0,4.0,1.0,45.0,4.0,6.0,2.0,17.0,10.0
11352353,2023-2024,12.0,2023-11-11 15:00:00,Emirates Stadium,Michael Oliver,60232.0,Arsenal,Burnley,Home,3,1,2,3,Win,1,0,0,9.0,19.0,480.0,28.0,64.0,44.0,3.0,1.0,2.0,4.0,13.0,7.0,5.0,57.0,70.0,8.0,4.0,2.0,3.0,561.0,6.0,6.0,11.0,12.0,16.0,4.0,17.0,8.0
11352353,2023-2024,12.0,2023-11-11 15:00:00,Emirates Stadium,Michael Oliver,60232.0,Burnley,Arsenal,Away,1,3,-2,0,Loss,0,0,1,2.0,27.0,265.0,22.0,36.0,30.0,0.0,0.0,0.0,0.0,3.0,6.0,3.0,43.0,40.0,9.0,3.0,0.0,10.0,334.0,3.0,5.0,32.0,4.0,8.0,4.0,13.0,8.0
11352341,2023-2024,12.0,2023-11-11 15:00:00,Old Trafford,Graham Scott,73599.0,Manchester United,Luton Town,Home,1,0,1,3,Win,1,0,0,7.0,27.0,501.0,13.0,65.0,54.0,4.0,4.0,,3.0,11.0,5.0,5.0,53.0,90.0,9.0,4.0,0.0,3.0,576.0,8.0,4.0,12.0,11.0,15.0,4.0,17.0,10.0
11352341,2023-2024,12.0,2023-11-11 15:00:00,Old Trafford,Graham Scott,73599.0,Luton Town,Manchester United,Away,0,1,-1,0,Loss,0,0,1,2.0,16.0,254.0,9.0,35.0,48.0,0.0,0.0,,4.0,3.0,8.0,7.0,47.0,37.0,11.0,3.0,0.0,15.0,321.0,2.0,4.0,34.0,4.0,10.0,6.0,14.0,11.0
11352339,2023-2024,12.0,2023-11-12 14:00:00,Anfield,Paul Tierney,50151.0,Liverpool,Brentford,Home,3,0,3,3,Win,1,0,0,4.0,34.0,415.0,21.0,58.0,53.0,3.0,1.0,2.0,3.0,6.0,6.0,6.0,43.0,59.0,16.0,3.0,0.0,5.0,504.0,4.0,10.0,20.0,7.0,17.0,10.0,10.0,5.0
11352339,2023-2024,12.0,2023-11-12 14:00:00,Anfield,Paul Tierney,50151.0,Brentford,Liverpool,Away,0,3,-3,0,Loss,0,0,1,5.0,24.0,269.0,19.0,42.0,63.0,2.0,2.0,0.0,4.0,8.0,8.0,11.0,57.0,39.0,12.0,8.0,0.0,11.0,354.0,9.0,3.0,31.0,9.0,16.0,7.0,14.0,8.0
11352332,2023-2024,12.0,2023-11-12 16:30:00,Stamford Bridge,Anthony Taylor,39532.0,Chelsea,Manchester City,Home,4,4,0,1,Draw,0,1,0,1.0,23.0,377.0,3.0,45.0,51.0,5.0,2.0,3.0,5.0,3.0,5.0,9.0,49.0,32.0,13.0,6.0,0.0,5.0,444.0,3.0,9.0,18.0,11.0,17.0,6.0,21.0,13.0
11352332,2023-2024,12.0,2023-11-12 16:30:00,Stamford Bridge,Anthony Taylor,39532.0,Manchester City,Chelsea,Away,4,4,0,1,Draw,0,1,0,5.0,30.0,477.0,4.0,55.0,56.0,5.0,2.0,3.0,2.0,3.0,10.0,14.0,51.0,55.0,15.0,5.0,0.0,9.0,531.0,3.0,10.0,12.0,11.0,15.0,4.0,17.0,9.0
11352373,2023-2024,13.0,2023-11-25 12:30:00,Etihad Stadium,Chris Kavanagh,53289.0,Manchester City,Liverpool,Home,1,1,0,1,Draw,0,1,0,5.0,32.0,559.0,17.0,60.0,54.0,2.0,1.0,1.0,7.0,9.0,6.0,17.0,66.0,69.0,9.0,2.0,0.0,5.0,614.0,4.0,5.0,23.0,11.0,16.0,5.0,22.0,14.0
11352373,2023-2024,13.0,2023-11-25 12:30:00,Etihad Stadium,Chris Kavanagh,53289.0,Liverpool,Manchester City,Away,1,1,0,1,Draw,0,1,0,2.0,16.0,338.0,9.0,40.0,47.0,1.0,1.0,0.0,2.0,6.0,13.0,7.0,34.0,38.0,11.0,4.0,0.0,5.0,414.0,3.0,3.0,19.0,6.0,8.0,2.0,12.0,7.0
11352375,2023-2024,13.0,2023-11-25 15:00:00,St James' Park,Simon Hooper,52227.0,Newcastle United,Chelsea,Home,4,1,3,3,Win,1,0,0,5.0,21.0,416.0,5.0,54.0,57.0,4.0,1.0,3.0,5.0,4.0,16.0,11.0,48.0,52.0,13.0,3.0,1.0,9.0,482.0,4.0,5.0,2.0,9.0,14.0,5.0,20.0,10.0
11352375,2023-2024,13.0,2023-11-25 15:00:00,St James' Park,Simon Hooper,52227.0,Chelsea,Newcastle United,Away,1,4,-3,0,Loss,0,0,1,1.0,16.0,356.0,10.0,46.0,47.0,2.0,2.0,0.0,0.0,2.0,12.0,9.0,52.0,26.0,19.0,1.0,0.0,12.0,423.0,3.0,4.0,14.0,4.0,7.0,3.0,26.0,15.0
11352356,2023-2024,13.0,2023-11-25 17:30:00,Brentford Community Stadium,Tim Robinson,17201.0,Brentford,Arsenal,Home,0,1,-1,0,Loss,0,0,1,1.0,20.0,193.0,23.0,36.0,52.0,3.0,3.0,0.0,1.0,1.0,4.0,4.0,53.0,54.0,9.0,3.0,0.0,11.0,298.0,5.0,3.0,35.0,7.0,9.0,2.0,14.0,9.0
11352356,2023-2024,13.0,2023-11-25 17:30:00,Brentford Community Stadium,Tim Robinson,17201.0,Arsenal,Brentford,Away,1,0,1,3,Win,1,0,0,4.0,22.0,416.0,20.0,64.0,56.0,3.0,2.0,1.0,4.0,8.0,8.0,5.0,47.0,49.0,7.0,1.0,0.0,5.0,508.0,7.0,4.0,14.0,11.0,15.0,4.0,8.0,5.0
11352363,2023-2024,13.0,2023-11-26 16:30:00,Goodison Park,John Brooks,39257.0,Everton,Manchester United,Home,0,3,-3,0,Loss,0,0,1,5.0,24.0,345.0,17.0,51.0,58.0,3.0,3.0,0.0,6.0,6.0,13.0,2.0,42.0,64.0,10.0,1.0,1.0,14.0,443.0,12.0,6.0,9.0,14.0,24.0,10.0,15.0,9.0
11352363,2023-2024,13.0,2023-11-26 16:30:00,Goodison Park,John Brooks,39257.0,Manchester United,Everton,Away,3,0,3,3,Win,1,0,0,4.0,28.0,338.0,22.0,49.0,56.0,3.0,1.0,2.0,0.0,5.0,6.0,6.0,58.0,40.0,8.0,6.0,0.0,11.0,444.0,5.0,4.0,36.0,7.0,9.0,2.0,21.0,9.0
11352391,2023-2024,14.0,2023-12-02 15:00:00,Emirates Stadium,Peter Bankes,60262.0,Arsenal,Wolverhampton,Home,2,1,1,3,Win,1,0,0,5.0,25.0,545.0,9.0,57.0,53.0,4.0,4.0,,5.0,4.0,8.0,3.0,44.0,87.0,10.0,2.0,2.0,12.0,617.0,8.0,6.0,9.0,14.0,19.0,5.0,17.0,8.0
11352391,2023-2024,14.0,2023-12-02 15:00:00,Emirates Stadium,Peter Bankes,60262.0,Wolverhampton,Arsenal,Away,1,2,-1,0,Loss,0,0,1,2.0,24.0,382.0,11.0,43.0,51.0,2.0,2.0,,0.0,0.0,10.0,9.0,56.0,46.0,10.0,4.0,0.0,8.0,478.0,3.0,3.0,18.0,6.0,6.0,0.0,18.0,10.0
11352408,2023-2024,14.0,2023-12-02 20:00:00,St James' Park,Robert Jones,52214.0,Newcastle United,Manchester United,Home,1,0,1,3,Win,1,0,0,4.0,22.0,435.0,20.0,58.0,65.0,4.0,3.0,1.0,7.0,7.0,9.0,11.0,63.0,62.0,6.0,1.0,1.0,11.0,522.0,11.0,4.0,12.0,13.0,22.0,9.0,17.0,15.0
11352408,2023-2024,14.0,2023-12-02 20:00:00,St James' Park,Robert Jones,52214.0,Manchester United,Newcastle United,Away,0,1,-1,0,Loss,0,0,1,1.0,14.0,277.0,10.0,42.0,59.0,0.0,0.0,0.0,5.0,3.0,8.0,5.0,37.0,31.0,14.0,3.0,0.0,7.0,366.0,2.0,1.0,28.0,4.0,8.0,4.0,15.0,9.0
11352400,2023-2024,14.0,2023-12-03 14:00:00,Stamford Bridge,Craig Pawson,39647.0,Chelsea,Brighton & Hove Albion,Home,3,2,1,3,Win,1,0,0,3.0,19.0,246.0,11.0,32.0,49.0,3.0,1.0,2.0,0.0,5.0,8.0,5.0,44.0,35.0,16.0,7.0,0.0,13.0,306.0,3.0,5.0,29.0,5.0,8.0,3.0,13.0,7.0
11352400,2023-2024,14.0,2023-12-03 14:00:00,Stamford Bridge,Craig Pawson,39647.0,Brighton & Hove Albion,Chelsea,Away,2,3,-1,0,Loss,0,0,1,8.0,14.0,580.0,9.0,68.0,50.0,0.0,0.0,0.0,4.0,8.0,5.0,9.0,56.0,72.0,12.0,2.0,0.0,9.0,645.0,5.0,9.0,10.0,9.0,18.0,9.0,20.0,9.0
11352404,2023-2024,14.0,2023-12-03 14:00:00,Anfield,Stuart Attwell,50143.0,Liverpool,Fulham,Home,4,3,1,3,Win,1,0,0,2.0,26.0,509.0,12.0,61.0,79.0,4.0,4.0,0.0,6.0,3.0,9.0,8.0,46.0,82.0,6.0,2.0,2.0,13.0,624.0,8.0,12.0,11.0,15.0,26.0,11.0,15.0,11.0
11352404,2023-2024,14.0,2023-12-03 14:00:00,Anfield,Stuart Attwell,50143.0,Fulham,Liverpool,Away,3,4,-1,0,Loss,0,0,1,3.0,25.0,284.0,15.0,39.0,70.0,2.0,0.0,2.0,3.0,4.0,3.0,6.0,54.0,46.0,7.0,9.0,0.0,33.0,392.0,1.0,5.0,31.0,7.0,9.0,2.0,22.0,9.0
11352405,2023-2024,14.0,2023-12-03 16:30:00,Etihad Stadium,Simon Hooper,53473.0,Manchester City,Tottenham Hotspur,Home,3,3,0,1,Draw,0,1,0,5.0,45.0,501.0,9.0,55.0,54.0,4.0,2.0,2.0,4.0,10.0,7.0,9.0,50.0,68.0,14.0,1.0,2.0,15.0,572.0,9.0,4.0,10.0,15.0,17.0,2.0,7.0,4.0
11352405,2023-2024,14.0,2023-12-03 16:30:00,Etihad Stadium,Simon Hooper,53473.0,Tottenham Hotspur,Manchester City,Away,3,3,0,1,Draw,0,1,0,4.0,9.0,402.0,8.0,45.0,50.0,1.0,0.0,1.0,3.0,8.0,1.0,5.0,50.0,26.0,14.0,2.0,0.0,4.0,472.0,1.0,4.0,34.0,3.0,8.0,5.0,13.0,6.0
11352662,2023-2024,9.0,2023-10-21 11:30:00,Anfield,Craig Pawson,50201.0,Liverpool,Everton,Home,2,0,2,3,Win,1,0,0,7.0,24.0,649.0,24.0,78.0,81.0,2.0,,2.0,11.0,12.0,9.0,8.0,46.0,83.0,9.0,1.0,1.0,7.0,742.0,9.0,6.0,14.0,13.0,26.0,13.0,13.0,9.0
11352662,2023-2024,9.0,2023-10-21 11:30:00,Anfield,Craig Pawson,50201.0,Everton,Liverpool,Away,0,2,-2,0,Loss,0,0,1,1.0,20.0,112.0,25.0,22.0,75.0,0.0,,0.0,1.0,4.0,5.0,12.0,54.0,45.0,9.0,4.0,0.0,14.0,213.0,4.0,1.0,28.0,1.0,6.0,5.0,17.0,14.0
11352663,2023-2024,9.0,2023-10-21 14:00:00,Etihad Stadium,Robert Jones,53466.0,Manchester City,Brighton & Hove Albion,Home,2,1,1,3,Win,1,0,0,0.0,31.0,546.0,6.0,55.0,44.0,1.0,0.0,1.0,0.0,2.0,5.0,10.0,56.0,62.0,9.0,2.0,0.0,10.0,609.0,4.0,6.0,9.0,6.0,10.0,4.0,14.0,7.0
11352663,2023-2024,9.0,2023-10-21 14:00:00,Etihad Stadium,Robert Jones,53466.0,Brighton & Hove Albion,Manchester City,Away,1,2,-1,0,Loss,0,0,1,1.0,16.0,443.0,6.0,45.0,44.0,3.0,2.0,1.0,0.0,2.0,9.0,7.0,44.0,31.0,11.0,3.0,0.0,12.0,506.0,2.0,3.0,16.0,4.0,5.0,1.0,10.0,5.0
11352661,2023-2024,9.0,2023-10-21 16:30:00,Stamford Bridge,Chris Kavanagh,39723.0,Chelsea,Arsenal,Home,2,2,0,1,Draw,0,1,0,3.0,23.0,364.0,16.0,43.0,64.0,2.0,1.0,1.0,2.0,2.0,12.0,4.0,51.0,35.0,7.0,1.0,0.0,9.0,443.0,4.0,5.0,17.0,6.0,11.0,5.0,17.0,10.0
11352661,2023-2024,9.0,2023-10-21 16:30:00,Stamford Bridge,Chris Kavanagh,39723.0,Arsenal,Chelsea,Away,2,2,0,1,Draw,0,1,0,6.0,28.0,482.0,15.0,57.0,65.0,1.0,0.0,1.0,5.0,7.0,8.0,6.0,49.0,63.0,14.0,3.0,0.0,9.0,570.0,5.0,3.0,5.0,9.0,13.0,4.0,19.0,9.0
11352666,2023-2024,9.0,2023-10-21 19:00:00,Bramall Lane,Michael Oliver,31543.0,Sheffield United,Manchester United,Home,1,2,-1,0,Loss,0,0,1,2.0,25.0,225.0,18.0,38.0,62.0,2.0,1.0,1.0,3.0,5.0,6.0,7.0,46.0,57.0,12.0,3.0,0.0,14.0,332.0,3.0,6.0,22.0,6.0,12.0,6.0,14.0,8.0
11352666,2023-2024,9.0,2023-10-21 19:00:00,Bramall Lane,Michael Oliver,31543.0,Manchester United,Sheffield United,Away,2,1,1,3,Win,1,0,0,3.0,31.0,449.0,16.0,62.0,79.0,3.0,3.0,0.0,3.0,4.0,11.0,9.0,54.0,76.0,10.0,5.0,2.0,6.0,556.0,6.0,5.0,18.0,5.0,14.0,9.0,16.0,8.0
11352672,2023-2024,10.0,2023-10-28 11:30:00,Stamford Bridge,Simon Hooper,39575.0,Chelsea,Brentford,Home,0,2,-2,0,Loss,0,0,1,4.0,25.0,652.0,13.0,69.0,53.0,2.0,2.0,0.0,7.0,10.0,13.0,14.0,46.0,86.0,12.0,3.0,1.0,13.0,730.0,8.0,2.0,12.0,12.0,17.0,5.0,11.0,8.0
11352672,2023-2024,10.0,2023-10-28 11:30:00,Stamford Bridge,Simon Hooper,39575.0,Brentford,Chelsea,Away,2,0,2,3,Win,1,0,0,3.0,18.0,244.0,12.0,31.0,56.0,5.0,3.0,2.0,1.0,1.0,5.0,10.0,54.0,40.0,7.0,2.0,0.0,7.0,333.0,1.0,5.0,35.0,7.0,7.0,0.0,19.0,10.0
11352669,2023-2024,10.0,2023-10-28 14:00:00,Emirates Stadium,Tim Robinson,60153.0,Arsenal,Sheffield United,Home,5,0,5,3,Win,1,0,0,3.0,26.0,598.0,11.0,67.0,53.0,4.0,1.0,3.0,3.0,6.0,15.0,6.0,49.0,69.0,9.0,0.0,0.0,8.0,659.0,2.0,8.0,8.0,10.0,13.0,3.0,10.0,4.0
11352669,2023-2024,10.0,2023-10-28 14:00:00,Emirates Stadium,Tim Robinson,60153.0,Sheffield United,Arsenal,Away,0,5,-5,0,Loss,0,0,1,0.0,23.0,241.0,11.0,33.0,47.0,0.0,0.0,0.0,1.0,1.0,4.0,3.0,51.0,31.0,13.0,2.0,0.0,8.0,323.0,1.0,0.0,21.0,0.0,2.0,2.0,20.0,13.0
11352674,2023-2024,10.0,2023-10-29 14:00:00,Anfield,Chris Kavanagh,50143.0,Liverpool,Nottingham Forest,Home,3,0,3,3,Win,1,0,0,6.0,33.0,654.0,18.0,73.0,65.0,4.0,1.0,3.0,4.0,8.0,13.0,8.0,50.0,76.0,9.0,1.0,0.0,4.0,728.0,9.0,8.0,11.0,10.0,21.0,11.0,12.0,5.0
11352674,2023-2024,10.0,2023-10-29 14:00:00,Anfield,Chris Kavanagh,50143.0,Nottingham Forest,Liverpool,Away,0,3,-3,0,Loss,0,0,1,2.0,22.0,193.0,13.0,27.0,61.0,1.0,1.0,0.0,4.0,3.0,7.0,10.0,50.0,42.0,13.0,5.0,1.0,11.0,266.0,4.0,1.0,31.0,7.0,9.0,2.0,19.0,10.0
11352675,2023-2024,10.0,2023-10-29 15:30:00,Old Trafford,Paul Tierney,73502.0,Manchester United,Manchester City,Home,0,3,-3,0,Loss,0,0,1,3.0,20.0,316.0,7.0,40.0,41.0,1.0,1.0,0.0,1.0,7.0,8.0,4.0,41.0,24.0,9.0,7.0,0.0,6.0,391.0,3.0,3.0,24.0,6.0,7.0,1.0,14.0,8.0
11352675,2023-2024,10.0,2023-10-29 15:30:00,Old Trafford,Paul Tierney,73502.0,Manchester City,Manchester United,Away,3,0,3,3,Win,1,0,0,2.0,39.0,542.0,11.0,60.0,48.0,7.0,4.0,3.0,5.0,12.0,10.0,12.0,59.0,45.0,5.0,3.0,0.0,12.0,605.0,6.0,10.0,9.0,12.0,21.0,9.0,12.0,9.0
11352307,2023-2024,11.0,2023-11-04 12:30:00,Craven Cottage,John Brooks,24415.0,Fulham,Manchester United,Home,0,1,-1,0,Loss,0,0,1,4.0,22.0,260.0,19.0,45.0,67.0,1.0,1.0,,7.0,9.0,6.0,10.0,54.0,60.0,9.0,4.0,0.0,9.0,363.0,8.0,3.0,21.0,9.0,18.0,9.0,14.0,9.0
11352307,2023-2024,11.0,2023-11-04 12:30:00,Craven Cottage,John Brooks,24415.0,Manchester United,Fulham,Away,1,0,1,3,Win,1,0,0,4.0,29.0,357.0,20.0,55.0,59.0,0.0,0.0,,2.0,4.0,7.0,7.0,46.0,62.0,15.0,2.0,0.0,6.0,454.0,5.0,5.0,27.0,6.0,12.0,6.0,13.0,9.0
11352312,2023-2024,11.0,2023-11-04 15:00:00,Etihad Stadium,Craig Pawson,53358.0,Manchester City,Bournemouth,Home,6,1,5,3,Win,1,0,0,4.0,25.0,680.0,4.0,65.0,48.0,3.0,1.0,2.0,7.0,12.0,5.0,9.0,57.0,56.0,8.0,0.0,1.0,4.0,731.0,6.0,8.0,9.0,12.0,21.0,9.0,5.0,4.0
11352312,2023-2024,11.0,2023-11-04 15:00:00,Etihad Stadium,Craig Pawson,53358.0,Bournemouth,Manchester City,Away,1,6,-5,0,Loss,0,0,1,1.0,21.0,339.0,3.0,35.0,39.0,1.0,0.0,1.0,1.0,1.0,3.0,2.0,43.0,19.0,9.0,2.0,1.0,8.0,395.0,3.0,1.0,21.0,5.0,5.0,0.0,7.0,6.0
11352314,2023-2024,11.0,2023-11-04 17:30:00,St James' Park,Stuart Attwell,52194.0,Newcastle United,Arsenal,Home,1,0,1,3,Win,1,0,0,2.0,21.0,271.0,13.0,41.0,40.0,1.0,,1.0,4.0,0.0,9.0,7.0,51.0,38.0,14.0,1.0,0.0,7.0,342.0,3.0,2.0,26.0,5.0,9.0,4.0,18.0,11.0
11352314,2023-2024,11.0,2023-11-04 17:30:00,St James' Park,Stuart Attwell,52194.0,Arsenal,Newcastle United,Away,0,1,-1,0,Loss,0,0,1,8.0,25.0,408.0,14.0,59.0,45.0,0.0,,0.0,9.0,11.0,10.0,7.0,49.0,74.0,9.0,0.0,0.0,7.0,484.0,4.0,1.0,14.0,5.0,14.0,9.0,11.0,8.0
11352310,2023-2024,11.0,2023-11-05 16:30:00,Kenilworth Road,Andy Madley,11049.0,Luton Town,Liverpool,Home,1,1,0,1,Draw,0,1,0,3.0,16.0,135.0,13.0,26.0,57.0,2.0,1.0,1.0,1.0,4.0,6.0,15.0,58.0,43.0,7.0,5.0,0.0,8.0,229.0,2.0,5.0,43.0,5.0,8.0,3.0,20.0,10.0
11352310,2023-2024,11.0,2023-11-05 16:30:00,Kenilworth Road,Andy Madley,11049.0,Liverpool,Luton Town,Away,1,1,0,1,Draw,0,1,0,9.0,34.0,581.0,21.0,74.0,64.0,6.0,6.0,0.0,6.0,7.0,9.0,6.0,42.0,89.0,13.0,4.0,1.0,7.0,659.0,12.0,6.0,17.0,15.0,24.0,9.0,12.0,5.0
11352323,2023-2024,11.0,2023-11-06 20:00:00,Tottenham Hotspur Stadium,Michael Oliver,61726.0,Tottenham Hotspur,Chelsea,Home,1,4,-3,0,Loss,0,0,1,4.0,13.0,252.0,4.0,39.0,41.0,1.0,1.0,0.0,2.0,1.0,4.0,7.0,51.0,37.0,12.0,3.0,0.0,12.0,317.0,1.0,5.0,21.0,5.0,8.0,3.0,24.0,17.0
11352323,2023-2024,11.0,2023-11-06 20:00:00,Tottenham Hotspur Stadium,Michael Oliver,61726.0,Chelsea,Tottenham Hotspur,Away,4,1,3,3,Win,1,0,0,1.0,35.0,436.0,7.0,61.0,64.0,6.0,2.0,4.0,2.0,6.0,9.0,16.0,49.0,47.0,21.0,4.0,0.0,9.0,502.0,7.0,8.0,8.0,13.0,17.0,4.0,18.0,11.0
11352635,2023-2024,6.0,2023-09-23 14:00:00,Etihad Stadium,Anthony Taylor,53413.0,Manchester City,Nottingham Forest,Home,2,0,2,3,Win,1,0,0,1.0,29.0,509.0,7.0,57.0,49.0,2.0,1.0,1.0,2.0,6.0,8.0,8.0,54.0,82.0,5.0,3.0,0.0,6.0,570.0,1.0,4.0,23.0,4.0,7.0,3.0,8.0,6.0
11352635,2023-2024,6.0,2023-09-23 14:00:00,Etihad Stadium,Anthony Taylor,53413.0,Nottingham Forest,Manchester City,Away,0,2,-2,0,Loss,0,0,1,2.0,21.0,354.0,7.0,43.0,56.0,1.0,1.0,0.0,4.0,6.0,6.0,4.0,46.0,41.0,17.0,2.0,0.0,8.0,414.0,3.0,3.0,12.0,5.0,10.0,5.0,18.0,11.0
11352630,2023-2024,6.0,2023-09-23 19:00:00,Turf Moor,Tony Harrington,21593.0,Burnley,Manchester United,Home,0,1,-1,0,Loss,0,0,1,2.0,23.0,572.0,12.0,62.0,60.0,1.0,1.0,,3.0,9.0,4.0,10.0,59.0,46.0,6.0,3.0,1.0,7.0,647.0,5.0,4.0,14.0,8.0,12.0,4.0,13.0,6.0
11352630,2023-2024,6.0,2023-09-23 19:00:00,Turf Moor,Tony Harrington,21593.0,Manchester United,Burnley,Away,1,0,1,3,Win,1,0,0,5.0,20.0,322.0,11.0,38.0,56.0,1.0,1.0,,5.0,5.0,6.0,2.0,41.0,45.0,12.0,4.0,0.0,7.0,403.0,2.0,4.0,26.0,8.0,11.0,3.0,13.0,10.0
11352631,2023-2024,6.0,2023-09-24 13:00:00,Stamford Bridge,Jarred Gillett,39700.0,Chelsea,Aston Villa,Home,0,1,-1,0,Loss,0,0,1,1.0,32.0,380.0,14.0,53.0,68.0,3.0,3.0,,4.0,5.0,9.0,9.0,57.0,53.0,9.0,6.0,0.0,4.0,443.0,2.0,4.0,24.0,7.0,10.0,3.0,23.0,15.0
11352631,2023-2024,6.0,2023-09-24 13:00:00,Stamford Bridge,Jarred Gillett,39700.0,Aston Villa,Chelsea,Away,1,0,1,3,Win,1,0,0,2.0,27.0,328.0,7.0,47.0,56.0,1.0,1.0,,5.0,11.0,11.0,8.0,43.0,52.0,11.0,4.0,0.0,9.0,388.0,3.0,7.0,15.0,10.0,15.0,5.0,21.0,13.0
11352627,2023-2024,6.0,2023-09-24 13:00:00,Emirates Stadium,Robert Jones,60156.0,Arsenal,Tottenham Hotspur,Home,2,2,0,1,Draw,0,1,0,7.0,21.0,317.0,14.0,47.0,54.0,3.0,2.0,1.0,3.0,11.0,19.0,8.0,55.0,52.0,12.0,3.0,0.0,11.0,377.0,4.0,6.0,12.0,8.0,13.0,5.0,24.0,12.0
11352627,2023-2024,6.0,2023-09-24 13:00:00,Emirates Stadium,Robert Jones,60156.0,Tottenham Hotspur,Arsenal,Away,2,2,0,1,Draw,0,1,0,0.0,15.0,385.0,8.0,53.0,56.0,4.0,2.0,2.0,4.0,4.0,13.0,6.0,45.0,43.0,19.0,4.0,0.0,6.0,449.0,4.0,5.0,21.0,9.0,13.0,4.0,28.0,15.0
11352633,2023-2024,6.0,2023-09-24 13:00:00,Anfield,Chris Kavanagh,50136.0,Liverpool,West Ham United,Home,3,1,2,3,Win,1,0,0,5.0,22.0,572.0,26.0,64.0,66.0,7.0,4.0,3.0,7.0,7.0,12.0,9.0,53.0,60.0,12.0,3.0,1.0,9.0,645.0,8.0,7.0,19.0,14.0,22.0,8.0,17.0,11.0
11352633,2023-2024,6.0,2023-09-24 13:00:00,Anfield,Chris Kavanagh,50136.0,West Ham United,Liverpool,Away,1,3,-2,0,Loss,0,0,1,5.0,20.0,279.0,9.0,36.0,48.0,3.0,3.0,0.0,3.0,4.0,11.0,14.0,47.0,35.0,13.0,4.0,0.0,8.0,356.0,4.0,4.0,28.0,9.0,11.0,2.0,24.0,18.0
11352637,2023-2024,7.0,2023-09-30 14:00:00,Vitality Stadium,Michael Salisbury,11193.0,Bournemouth,Arsenal,Home,0,4,-4,0,Loss,0,0,1,2.0,17.0,317.0,6.0,42.0,51.0,0.0,0.0,0.0,4.0,6.0,9.0,14.0,43.0,65.0,11.0,4.0,0.0,9.0,389.0,3.0,1.0,6.0,7.0,8.0,1.0,16.0,9.0
11352637,2023-2024,7.0,2023-09-30 14:00:00,Vitality Stadium,Michael Salisbury,11193.0,Arsenal,Bournemouth,Away,4,0,4,3,Win,1,0,0,2.0,14.0,481.0,10.0,58.0,52.0,6.0,2.0,4.0,4.0,6.0,11.0,10.0,57.0,28.0,10.0,1.0,1.0,9.0,545.0,3.0,8.0,14.0,14.0,15.0,1.0,28.0,10.0
11352641,2023-2024,7.0,2023-09-30 14:00:00,Old Trafford,Chris Kavanagh,73428.0,Manchester United,Crystal Palace,Home,0,1,-1,0,Loss,0,0,1,4.0,31.0,653.0,10.0,77.0,65.0,2.0,2.0,,7.0,10.0,18.0,13.0,52.0,81.0,10.0,1.0,0.0,4.0,741.0,8.0,4.0,11.0,15.0,19.0,4.0,32.0,21.0
11352641,2023-2024,7.0,2023-09-30 14:00:00,Old Trafford,Chris Kavanagh,73428.0,Crystal Palace,Manchester United,Away,1,0,1,3,Win,1,0,0,3.0,14.0,148.0,13.0,23.0,65.0,0.0,0.0,,2.0,4.0,22.0,10.0,48.0,37.0,8.0,3.0,0.0,17.0,221.0,4.0,2.0,36.0,5.0,8.0,3.0,26.0,10.0
11352646,2023-2024,7.0,2023-09-30 14:00:00,Molineux Stadium,Craig Pawson,31415.0,Wolverhampton,Manchester City,Home,2,1,1,3,Win,1,0,0,0.0,26.0,215.0,5.0,32.0,58.0,1.0,,1.0,2.0,0.0,8.0,9.0,45.0,35.0,18.0,7.0,0.0,10.0,282.0,0.0,1.0,28.0,3.0,3.0,0.0,12.0,7.0
11352646,2023-2024,7.0,2023-09-30 14:00:00,Molineux Stadium,Craig Pawson,31415.0,Manchester City,Wolverhampton,Away,1,2,-1,0,Loss,0,0,1,5.0,13.0,526.0,2.0,68.0,39.0,0.0,,0.0,10.0,6.0,7.0,12.0,55.0,78.0,12.0,0.0,0.0,4.0,597.0,5.0,8.0,7.0,12.0,23.0,11.0,15.0,6.0
11352644,2023-2024,7.0,2023-09-30 16:30:00,Tottenham Hotspur Stadium,Simon Hooper,62001.0,Tottenham Hotspur,Liverpool,Home,2,1,1,3,Win,1,0,0,2.0,13.0,603.0,10.0,65.0,63.0,3.0,2.0,1.0,12.0,11.0,5.0,9.0,58.0,58.0,11.0,3.0,1.0,11.0,662.0,4.0,8.0,14.0,10.0,24.0,14.0,23.0,19.0
11352644,2023-2024,7.0,2023-09-30 16:30:00,Tottenham Hotspur Stadium,Simon Hooper,62001.0,Liverpool,Tottenham Hotspur,Away,1,2,-1,0,Loss,0,0,1,6.0,25.0,281.0,9.0,35.0,62.0,1.0,1.0,0.0,3.0,5.0,11.0,7.0,42.0,37.0,17.0,8.0,0.0,6.0,364.0,5.0,4.0,24.0,9.0,12.0,3.0,15.0,7.0
11352640,2023-2024,7.0,2023-10-02 19:00:00,Craven Cottage,Tim Robinson,24445.0,Fulham,Chelsea,Home,0,2,-2,0,Loss,0,0,1,6.0,38.0,493.0,10.0,56.0,57.0,1.0,1.0,0.0,3.0,8.0,18.0,3.0,42.0,62.0,15.0,2.0,0.0,13.0,561.0,4.0,3.0,5.0,9.0,10.0,1.0,16.0,7.0
11352640,2023-2024,7.0,2023-10-02 19:00:00,Craven Cottage,Tim Robinson,24445.0,Chelsea,Fulham,Away,2,0,2,3,Win,1,0,0,2.0,22.0,395.0,9.0,44.0,64.0,4.0,2.0,2.0,1.0,1.0,9.0,8.0,58.0,39.0,12.0,3.0,1.0,8.0,462.0,6.0,4.0,26.0,8.0,11.0,3.0,24.0,11.0
11352649,2023-2024,8.0,2023-10-07 14:00:00,Turf Moor,Stuart Attwell,21654.0,Burnley,Chelsea,Home,1,4,-3,0,Loss,0,0,1,1.0,24.0,328.0,10.0,38.0,55.0,1.0,1.0,0.0,4.0,7.0,10.0,8.0,51.0,24.0,11.0,2.0,0.0,4.0,390.0,3.0,3.0,9.0,5.0,10.0,5.0,24.0,15.0
11352649,2023-2024,8.0,2023-10-07 14:00:00,Turf Moor,Stuart Attwell,21654.0,Chelsea,Burnley,Away,4,1,3,3,Win,1,0,0,1.0,34.0,613.0,9.0,62.0,53.0,3.0,0.0,3.0,2.0,3.0,10.0,8.0,49.0,56.0,8.0,2.0,0.0,9.0,664.0,2.0,5.0,9.0,6.0,9.0,3.0,22.0,13.0
11352654,2023-2024,8.0,2023-10-07 14:00:00,Old Trafford,Andy Madley,73453.0,Manchester United,Brentford,Home,2,1,1,3,Win,1,0,0,9.0,41.0,488.0,13.0,64.0,49.0,1.0,0.0,1.0,4.0,7.0,11.0,8.0,49.0,74.0,10.0,2.0,0.0,10.0,557.0,9.0,8.0,9.0,14.0,21.0,7.0,4.0,2.0
11352654,2023-2024,8.0,2023-10-07 14:00:00,Old Trafford,Andy Madley,73453.0,Brentford,Manchester United,Away,1,2,-1,0,Loss,0,0,1,5.0,19.0,235.0,10.0,36.0,52.0,1.0,1.0,0.0,1.0,5.0,3.0,5.0,51.0,38.0,17.0,6.0,0.0,16.0,326.0,7.0,3.0,42.0,6.0,11.0,5.0,18.0,11.0
11352648,2023-2024,8.0,2023-10-08 13:00:00,American Express Stadium,Anthony Taylor,31752.0,Brighton & Hove Albion,Liverpool,Home,2,2,0,1,Draw,0,1,0,4.0,20.0,355.0,5.0,46.0,50.0,4.0,3.0,1.0,6.0,8.0,10.0,13.0,54.0,30.0,12.0,2.0,0.0,13.0,418.0,5.0,3.0,13.0,8.0,14.0,6.0,17.0,10.0
11352648,2023-2024,8.0,2023-10-08 13:00:00,American Express Stadium,Anthony Taylor,31752.0,Liverpool,Brighton & Hove Albion,Away,2,2,0,1,Draw,0,1,0,2.0,13.0,432.0,6.0,54.0,52.0,3.0,1.0,2.0,5.0,1.0,11.0,7.0,46.0,51.0,20.0,1.0,1.0,11.0,498.0,5.0,4.0,19.0,10.0,14.0,4.0,22.0,17.0
11352647,2023-2024,8.0,2023-10-08 15:30:00,Emirates Stadium,Michael Oliver,60233.0,Arsenal,Manchester City,Home,1,0,1,3,Win,1,0,0,2.0,19.0,433.0,5.0,49.0,49.0,0.0,0.0,,4.0,5.0,11.0,7.0,46.0,40.0,8.0,0.0,0.0,9.0,500.0,6.0,2.0,10.0,6.0,12.0,6.0,20.0,12.0
11352647,2023-2024,8.0,2023-10-08 15:30:00,Emirates Stadium,Michael Oliver,60233.0,Manchester City,Arsenal,Away,0,1,-1,0,Loss,0,0,1,1.0,19.0,451.0,8.0,51.0,48.0,2.0,2.0,,1.0,4.0,10.0,8.0,54.0,37.0,7.0,1.0,0.0,5.0,521.0,2.0,1.0,14.0,3.0,4.0,1.0,22.0,12.0
11352447,2023-2024,3.0,2023-08-26 14:00:00,Emirates Stadium,Paul Tierney,59961.0,Arsenal,Fulham,Home,2,2,0,1,Draw,0,1,0,8.0,34.0,614.0,9.0,71.0,62.0,5.0,3.0,2.0,3.0,8.0,8.0,15.0,53.0,78.0,6.0,1.0,0.0,6.0,680.0,5.0,11.0,10.0,16.0,19.0,3.0,14.0,8.0
11352447,2023-2024,3.0,2023-08-26 14:00:00,Emirates Stadium,Paul Tierney,59961.0,Fulham,Arsenal,Away,2,2,0,1,Draw,0,1,0,2.0,22.0,196.0,14.0,29.0,64.0,1.0,1.0,0.0,2.0,3.0,9.0,1.0,47.0,29.0,5.0,8.0,0.0,6.0,274.0,3.0,3.0,38.0,6.0,8.0,2.0,18.0,10.0
11352504,2023-2024,3.0,2023-08-26 14:00:00,Old Trafford,Stuart Attwell,73595.0,Manchester United,Nottingham Forest,Home,3,2,1,3,Win,1,0,0,1.0,20.0,548.0,11.0,66.0,69.0,5.0,2.0,3.0,4.0,11.0,13.0,7.0,41.0,82.0,13.0,2.0,0.0,7.0,637.0,5.0,9.0,25.0,7.0,18.0,11.0,15.0,9.0
11352504,2023-2024,3.0,2023-08-26 14:00:00,Old Trafford,Stuart Attwell,73595.0,Nottingham Forest,Manchester United,Away,2,3,-1,0,Loss,0,0,1,2.0,23.0,228.0,21.0,34.0,65.0,1.0,0.0,1.0,2.0,3.0,6.0,10.0,59.0,49.0,11.0,7.0,0.0,14.0,316.0,3.0,4.0,29.0,7.0,9.0,2.0,19.0,13.0
11352524,2023-2024,3.0,2023-08-27 13:00:00,Bramall Lane,Jarred Gillett,31336.0,Sheffield United,Manchester City,Home,1,2,-1,0,Loss,0,0,1,2.0,25.0,132.0,6.0,21.0,45.0,1.0,1.0,0.0,0.0,1.0,5.0,6.0,36.0,29.0,11.0,7.0,0.0,5.0,194.0,4.0,2.0,29.0,4.0,6.0,2.0,11.0,7.0
11352524,2023-2024,3.0,2023-08-27 13:00:00,Bramall Lane,Jarred Gillett,31336.0,Manchester City,Sheffield United,Away,2,1,1,3,Win,1,0,0,9.0,25.0,685.0,12.0,79.0,56.0,5.0,4.0,1.0,8.0,12.0,5.0,9.0,64.0,66.0,2.0,0.0,1.0,4.0,742.0,13.0,9.0,7.0,20.0,30.0,10.0,12.0,8.0
11352515,2023-2024,3.0,2023-08-27 15:30:00,St James' Park,John Brooks,52214.0,Newcastle United,Liverpool,Home,1,2,-1,0,Loss,0,0,1,6.0,18.0,508.0,9.0,60.0,60.0,1.0,,1.0,4.0,5.0,7.0,10.0,52.0,56.0,16.0,2.0,2.0,5.0,590.0,11.0,8.0,15.0,14.0,23.0,9.0,19.0,12.0
11352515,2023-2024,3.0,2023-08-27 15:30:00,St James' Park,John Brooks,52214.0,Liverpool,Newcastle United,Away,2,1,1,3,Win,1,0,0,4.0,14.0,307.0,8.0,40.0,52.0,1.0,,1.0,2.0,9.0,8.0,10.0,48.0,41.0,10.0,7.0,0.0,8.0,384.0,3.0,4.0,19.0,6.0,9.0,3.0,12.0,7.0
11352570,2023-2024,4.0,2023-09-02 14:00:00,Stamford Bridge,Tim Robinson,39820.0,Chelsea,Nottingham Forest,Home,0,1,-1,0,Loss,0,0,1,5.0,17.0,632.0,24.0,76.0,62.0,3.0,3.0,0.0,13.0,7.0,14.0,13.0,55.0,96.0,10.0,2.0,0.0,6.0,713.0,6.0,2.0,11.0,11.0,21.0,10.0,16.0,7.0
11352570,2023-2024,4.0,2023-09-02 14:00:00,Stamford Bridge,Tim Robinson,39820.0,Nottingham Forest,Chelsea,Away,1,0,1,3,Win,1,0,0,0.0,17.0,143.0,13.0,24.0,61.0,2.0,1.0,1.0,0.0,0.0,9.0,5.0,45.0,31.0,9.0,2.0,0.0,9.0,230.0,4.0,3.0,37.0,4.0,7.0,3.0,23.0,11.0
11352594,2023-2024,4.0,2023-09-02 14:00:00,Etihad Stadium,Michael Oliver,52899.0,Manchester City,Fulham,Home,5,1,4,3,Win,1,0,0,3.0,36.0,656.0,8.0,68.0,49.0,3.0,0.0,3.0,1.0,4.0,7.0,12.0,60.0,62.0,12.0,3.0,0.0,8.0,733.0,1.0,5.0,10.0,7.0,7.0,0.0,17.0,10.0
11352594,2023-2024,4.0,2023-09-02 14:00:00,Etihad Stadium,Michael Oliver,52899.0,Fulham,Manchester City,Away,1,5,-4,0,Loss,0,0,1,2.0,22.0,272.0,6.0,32.0,53.0,3.0,2.0,1.0,1.0,5.0,11.0,4.0,40.0,30.0,12.0,0.0,0.0,7.0,336.0,1.0,4.0,10.0,5.0,6.0,1.0,11.0,9.0
11352584,2023-2024,4.0,2023-09-03 13:00:00,Anfield,Simon Hooper,50109.0,Liverpool,Aston Villa,Home,3,0,3,3,Win,1,0,0,7.0,23.0,635.0,8.0,64.0,59.0,5.0,4.0,1.0,3.0,7.0,5.0,3.0,44.0,51.0,12.0,3.0,2.0,8.0,694.0,10.0,4.0,10.0,11.0,17.0,6.0,14.0,9.0
11352584,2023-2024,4.0,2023-09-03 13:00:00,Anfield,Simon Hooper,50109.0,Aston Villa,Liverpool,Away,0,3,-3,0,Loss,0,0,1,6.0,27.0,316.0,2.0,36.0,51.0,0.0,0.0,0.0,0.0,3.0,6.0,11.0,56.0,38.0,7.0,2.0,0.0,9.0,388.0,6.0,3.0,16.0,9.0,9.0,0.0,15.0,6.0
11352534,2023-2024,4.0,2023-09-03 15:30:00,Emirates Stadium,Anthony Taylor,60192.0,Arsenal,Manchester United,Home,3,1,2,3,Win,1,0,0,6.0,14.0,464.0,13.0,55.0,55.0,2.0,1.0,1.0,8.0,12.0,5.0,12.0,52.0,66.0,8.0,1.0,0.0,8.0,532.0,4.0,5.0,8.0,12.0,17.0,5.0,11.0,8.0
11352534,2023-2024,4.0,2023-09-03 15:30:00,Emirates Stadium,Anthony Taylor,60192.0,Manchester United,Arsenal,Away,1,3,-2,0,Loss,0,0,1,1.0,20.0,392.0,13.0,45.0,43.0,1.0,1.0,0.0,7.0,3.0,5.0,4.0,48.0,39.0,7.0,2.0,0.0,8.0,462.0,1.0,2.0,27.0,7.0,10.0,3.0,15.0,6.0
11352626,2023-2024,5.0,2023-09-16 11:30:00,Molineux Stadium,Michael Oliver,,Wolverhampton,Liverpool,Home,1,3,-2,0,Loss,0,0,1,6.0,15.0,296.0,7.0,34.0,65.0,0.0,0.0,0.0,2.0,4.0,9.0,18.0,50.0,43.0,10.0,3.0,0.0,13.0,367.0,7.0,2.0,24.0,7.0,11.0,4.0,22.0,15.0
11352626,2023-2024,5.0,2023-09-16 11:30:00,Molineux Stadium,Michael Oliver,,Liverpool,Wolverhampton,Away,3,1,2,3,Win,1,0,0,5.0,23.0,638.0,11.0,66.0,62.0,4.0,2.0,2.0,3.0,4.0,10.0,7.0,50.0,79.0,4.0,1.0,0.0,9.0,729.0,7.0,6.0,19.0,11.0,16.0,5.0,24.0,16.0
11352611,2023-2024,5.0,2023-09-16 14:00:00,Old Trafford,Jarred Gillett,73592.0,Manchester United,Brighton & Hove Albion,Home,1,3,-2,0,Loss,0,0,1,2.0,23.0,425.0,1.0,44.0,63.0,1.0,1.0,0.0,6.0,8.0,10.0,22.0,56.0,64.0,8.0,5.0,1.0,4.0,497.0,4.0,4.0,2.0,8.0,14.0,6.0,16.0,10.0
11352611,2023-2024,5.0,2023-09-16 14:00:00,Old Trafford,Jarred Gillett,73592.0,Brighton & Hove Albion,Manchester United,Away,3,1,2,3,Win,1,0,0,2.0,35.0,602.0,5.0,56.0,59.0,3.0,2.0,1.0,0.0,1.0,6.0,6.0,44.0,32.0,9.0,3.0,0.0,10.0,661.0,2.0,8.0,17.0,7.0,10.0,3.0,19.0,9.0
11352625,2023-2024,5.0,2023-09-16 14:00:00,London Stadium,Andy Madley,,West Ham United,Manchester City,Home,1,3,-2,0,Loss,0,0,1,4.0,21.0,276.0,12.0,32.0,41.0,2.0,1.0,1.0,1.0,4.0,6.0,4.0,55.0,17.0,7.0,10.0,0.0,14.0,320.0,2.0,3.0,30.0,5.0,6.0,1.0,14.0,9.0
11352625,2023-2024,5.0,2023-09-16 14:00:00,London Stadium,Andy Madley,,Manchester City,West Ham United,Away,3,1,2,3,Win,1,0,0,5.0,25.0,653.0,8.0,68.0,48.0,8.0,6.0,2.0,9.0,11.0,7.0,7.0,45.0,67.0,11.0,2.0,1.0,7.0,704.0,5.0,15.0,5.0,18.0,29.0,11.0,11.0,7.0
11352600,2023-2024,5.0,2023-09-17 13:00:00,Vitality Stadium,David Coote,10421.0,Bournemouth,Chelsea,Home,0,0,0,1,Draw,0,1,0,6.0,14.0,246.0,6.0,35.0,48.0,1.0,1.0,,6.0,1.0,5.0,12.0,57.0,54.0,15.0,6.0,0.0,17.0,312.0,3.0,4.0,24.0,9.0,13.0,4.0,14.0,10.0
11352600,2023-2024,5.0,2023-09-17 13:00:00,Vitality Stadium,David Coote,10421.0,Chelsea,Bournemouth,Away,0,0,0,1,Draw,0,1,0,1.0,27.0,516.0,5.0,65.0,53.0,1.0,1.0,,2.0,7.0,6.0,10.0,43.0,51.0,20.0,4.0,2.0,5.0,590.0,6.0,6.0,15.0,9.0,14.0,5.0,9.0,5.0
11352605,2023-2024,5.0,2023-09-17 15:30:00,Goodison Park,Simon Hooper,39217.0,Everton,Arsenal,Home,0,1,-1,0,Loss,0,0,1,1.0,17.0,158.0,10.0,26.0,50.0,,,,4.0,1.0,5.0,3.0,50.0,49.0,12.0,3.0,0.0,10.0,235.0,3.0,1.0,17.0,4.0,8.0,4.0,19.0,13.0
11352605,2023-2024,5.0,2023-09-17 15:30:00,Goodison Park,Simon Hooper,39217.0,Arsenal,Everton,Away,1,0,1,3,Win,1,0,0,6.0,31.0,595.0,9.0,74.0,55.0,,,,6.0,11.0,12.0,10.0,50.0,55.0,10.0,1.0,0.0,6.0,668.0,3.0,4.0,11.0,9.0,13.0,4.0,9.0,8.0
11352303,2023-2024,1.0,2023-08-11 19:00:00,Turf Moor,Craig Pawson,21572.0,Burnley,Manchester City,Home,0,3,-3,0,Loss,0,0,1,3.0,24.0,290.0,13.0,34.0,53.0,0.0,0.0,0.0,2.0,6.0,5.0,3.0,45.0,29.0,11.0,5.0,0.0,7.0,365.0,3.0,1.0,16.0,5.0,6.0,1.0,12.0,8.0
11352303,2023-2024,1.0,2023-08-11 19:00:00,Turf Moor,Craig Pawson,21572.0,Manchester City,Burnley,Away,3,0,3,3,Win,1,0,0,4.0,34.0,634.0,13.0,66.0,60.0,3.0,1.0,2.0,5.0,5.0,9.0,3.0,55.0,61.0,8.0,1.0,0.0,4.0,706.0,4.0,8.0,6.0,14.0,17.0,3.0,17.0,12.0
11352251,2023-2024,1.0,2023-08-12 12:00:00,Emirates Stadium,Michael Oliver,59984.0,Arsenal,Nottingham Forest,Home,2,1,1,3,Win,1,0,0,3.0,15.0,693.0,12.0,78.0,53.0,0.0,0.0,0.0,5.0,8.0,9.0,4.0,46.0,78.0,12.0,1.0,1.0,7.0,769.0,3.0,7.0,9.0,8.0,15.0,7.0,19.0,15.0
11352251,2023-2024,1.0,2023-08-12 12:00:00,Emirates Stadium,Michael Oliver,59984.0,Nottingham Forest,Arsenal,Away,1,2,-1,0,Loss,0,0,1,1.0,19.0,137.0,20.0,22.0,48.0,2.0,1.0,1.0,1.0,3.0,11.0,7.0,54.0,44.0,12.0,5.0,0.0,8.0,200.0,3.0,2.0,16.0,4.0,6.0,2.0,17.0,10.0
11352316,2023-2024,1.0,2023-08-13 15:30:00,Stamford Bridge,Anthony Taylor,40096.0,Chelsea,Liverpool,Home,1,1,0,1,Draw,0,1,0,7.0,36.0,610.0,12.0,65.0,70.0,5.0,4.0,1.0,2.0,4.0,14.0,10.0,54.0,67.0,5.0,0.0,0.0,7.0,698.0,4.0,4.0,16.0,9.0,10.0,1.0,13.0,9.0
11352316,2023-2024,1.0,2023-08-13 15:30:00,Stamford Bridge,Anthony Taylor,40096.0,Liverpool,Chelsea,Away,1,1,0,1,Draw,0,1,0,3.0,17.0,301.0,6.0,35.0,69.0,2.0,1.0,1.0,5.0,4.0,7.0,10.0,46.0,44.0,13.0,4.0,1.0,10.0,377.0,7.0,1.0,36.0,8.0,13.0,5.0,19.0,9.0
11352327,2023-2024,1.0,2023-08-14 19:00:00,Old Trafford,Simon Hooper,73358.0,Manchester United,Wolverhampton,Home,1,0,1,3,Win,1,0,0,3.0,17.0,383.0,7.0,51.0,73.0,2.0,1.0,1.0,8.0,8.0,14.0,11.0,38.0,50.0,15.0,6.0,0.0,8.0,465.0,4.0,3.0,20.0,12.0,15.0,3.0,18.0,11.0
11352327,2023-2024,1.0,2023-08-14 19:00:00,Old Trafford,Simon Hooper,73358.0,Wolverhampton,Manchester United,Away,0,1,-1,0,Loss,0,0,1,10.0,22.0,355.0,17.0,49.0,76.0,1.0,1.0,0.0,10.0,7.0,9.0,22.0,62.0,41.0,10.0,2.0,1.0,18.0,439.0,7.0,6.0,19.0,17.0,23.0,6.0,23.0,10.0
11352367,2023-2024,2.0,2023-08-19 14:00:00,Anfield,Thomas Bramall,,Liverpool,Bournemouth,Home,3,1,2,3,Win,1,0,0,5.0,25.0,516.0,20.0,65.0,65.0,4.0,2.0,2.0,8.0,10.0,7.0,17.0,55.0,55.0,11.0,4.0,1.0,11.0,600.0,8.0,10.0,15.0,17.0,26.0,9.0,15.0,11.0
11352367,2023-2024,2.0,2023-08-19 14:00:00,Anfield,Thomas Bramall,,Bournemouth,Liverpool,Away,1,3,-2,0,Loss,0,0,1,4.0,13.0,236.0,11.0,35.0,67.0,3.0,3.0,0.0,1.0,2.0,7.0,13.0,45.0,38.0,13.0,8.0,0.0,14.0,325.0,7.0,5.0,28.0,6.0,13.0,7.0,18.0,11.0
11352407,2023-2024,2.0,2023-08-19 16:30:00,Tottenham Hotspur Stadium,Michael Oliver,61.0,Tottenham Hotspur,Manchester United,Home,2,0,2,3,Win,1,0,0,5.0,21.0,428.0,3.0,56.0,64.0,3.0,2.0,1.0,4.0,5.0,9.0,14.0,44.0,42.0,9.0,6.0,2.0,5.0,502.0,7.0,6.0,20.0,13.0,17.0,4.0,15.0,9.0
11352407,2023-2024,2.0,2023-08-19 16:30:00,Tottenham Hotspur Stadium,Michael Oliver,61.0,Manchester United,Tottenham Hotspur,Away,0,2,-2,0,Loss,0,0,1,5.0,20.0,332.0,10.0,44.0,65.0,4.0,4.0,0.0,9.0,6.0,5.0,10.0,56.0,48.0,8.0,5.0,1.0,8.0,401.0,7.0,6.0,17.0,16.0,22.0,6.0,22.0,11.0
11352389,2023-2024,2.0,2023-08-19 19:00:00,Etihad Stadium,Robert Jones,54000.0,Manchester City,Newcastle United,Home,1,0,1,3,Win,1,0,0,1.0,32.0,611.0,3.0,59.0,59.0,,,,7.0,3.0,5.0,14.0,53.0,49.0,13.0,1.0,0.0,4.0,684.0,3.0,4.0,10.0,10.0,14.0,4.0,11.0,7.0
11352389,2023-2024,2.0,2023-08-19 19:00:00,Etihad Stadium,Robert Jones,54000.0,Newcastle United,Manchester City,Away,0,1,-1,0,Loss,0,0,1,3.0,26.0,412.0,6.0,41.0,55.0,,,,4.0,0.0,7.0,5.0,47.0,44.0,11.0,3.0,0.0,7.0,477.0,2.0,1.0,11.0,4.0,7.0,3.0,10.0,4.0
11352418,2023-2024,2.0,2023-08-20 15:30:00,London Stadium,John Brooks,62470.0,West Ham United,Chelsea,Home,3,1,2,3,Win,1,0,0,3.0,12.0,157.0,11.0,24.0,61.0,2.0,0.0,2.0,3.0,3.0,13.0,5.0,39.0,33.0,12.0,3.0,1.0,18.0,227.0,3.0,6.0,27.0,7.0,12.0,5.0,14.0,6.0
11352418,2023-2024,2.0,2023-08-20 15:30:00,London Stadium,John Brooks,62470.0,Chelsea,West Ham United,Away,1,3,-2,0,Loss,0,0,1,10.0,7.0,630.0,20.0,76.0,58.0,1.0,1.0,0.0,4.0,9.0,8.0,15.0,61.0,61.0,9.0,3.0,0.0,3.0,716.0,9.0,4.0,13.0,11.0,17.0,6.0,16.0,11.0
11352346,2023-2024,2.0,2023-08-21 19:00:00,Selhurst Park,David Coote,24189.0,Crystal Palace,Arsenal,Home,0,1,-1,0,Loss,0,0,1,3.0,24.0,370.0,14.0,47.0,49.0,1.0,1.0,0.0,7.0,1.0,5.0,10.0,51.0,54.0,14.0,2.0,0.0,5.0,428.0,5.0,2.0,18.0,10.0,14.0,4.0,14.0,10.0
11352346,2023-2024,2.0,2023-08-21 19:00:00,Selhurst Park,David Coote,24189.0,Arsenal,Crystal Palace,Away,1,0,1,3,Win,1,0,0,4.0,24.0,422.0,13.0,53.0,51.0,3.0,2.0,1.0,4.0,8.0,8.0,6.0,49.0,67.0,10.0,2.0,1.0,8.0,489.0,7.0,3.0,17.0,11.0,14.0,3.0,14.0,7.0
11352484,2023-2024,3.0,2023-08-25 19:00:00,Stamford Bridge,Robert Jones,39893.0,Chelsea,Luton Town,Home,3,0,3,3,Win,1,0,0,3.0,29.0,603.0,14.0,67.0,50.0,5.0,3.0,2.0,5.0,6.0,11.0,7.0,48.0,44.0,15.0,1.0,2.0,9.0,653.0,6.0,8.0,12.0,16.0,19.0,3.0,10.0,6.0
11352484,2023-2024,3.0,2023-08-25 19:00:00,Stamford Bridge,Robert Jones,39893.0,Luton Town,Chelsea,Away,0,3,-3,0,Loss,0,0,1,2.0,17.0,240.0,6.0,33.0,54.0,0.0,0.0,0.0,5.0,4.0,6.0,7.0,52.0,48.0,12.0,5.0,0.0,5.0,306.0,5.0,1.0,18.0,7.0,11.0,4.0,18.0,10.0
12436575,2024-2025,36.0,2025-05-10 14:00:00,St. Mary's Stadium,Tim Robinson,30937.0,Southampton,Manchester City,Home,0,0,0,1,Draw,0,1,0,1.0,21.0,196.0,17.0,28.0,39.0,,,,2.0,1.0,7.0,3.0,44.0,37.0,9.0,4.0,0.0,11.0,258.0,0.0,0.0,52.0,2.0,2.0,0.0,13.0,8.0
12436575,2024-2025,36.0,2025-05-10 14:00:00,St. Mary's Stadium,Tim Robinson,30937.0,Manchester City,Southampton,Away,0,0,0,1,Draw,0,1,0,10.0,15.0,573.0,17.0,72.0,37.0,,,,13.0,15.0,5.0,13.0,56.0,64.0,8.0,0.0,1.0,3.0,641.0,8.0,5.0,8.0,14.0,26.0,12.0,12.0,6.0
12436573,2024-2025,36.0,2025-05-11 11:00:00,St James' Park,John Brooks,52231.0,Newcastle United,Chelsea,Home,2,0,2,3,Win,1,0,0,5.0,20.0,345.0,8.0,45.0,39.0,2.0,1.0,1.0,3.0,2.0,9.0,5.0,42.0,47.0,9.0,3.0,0.0,4.0,410.0,6.0,6.0,27.0,14.0,15.0,1.0,10.0,7.0
12436573,2024-2025,36.0,2025-05-11 11:00:00,St James' Park,John Brooks,52231.0,Chelsea,Newcastle United,Away,0,2,-2,0,Loss,0,0,1,3.0,28.0,436.0,12.0,55.0,41.0,1.0,1.0,0.0,4.0,8.0,1.0,13.0,58.0,60.0,13.0,4.0,0.0,5.0,501.0,3.0,3.0,16.0,6.0,10.0,4.0,15.0,7.0
12436569,2024-2025,36.0,2025-05-11 13:15:00,Old Trafford,Jarred Gillett,73804.0,Manchester United,West Ham United,Home,0,2,-2,0,Loss,0,0,1,10.0,30.0,455.0,12.0,52.0,43.0,4.0,4.0,0.0,4.0,8.0,6.0,2.0,52.0,60.0,3.0,2.0,0.0,3.0,504.0,11.0,5.0,13.0,11.0,20.0,9.0,21.0,11.0
12436569,2024-2025,36.0,2025-05-11 13:15:00,Old Trafford,Jarred Gillett,73804.0,West Ham United,Manchester United,Away,2,0,2,3,Win,1,0,0,3.0,14.0,406.0,13.0,48.0,50.0,4.0,2.0,2.0,2.0,5.0,7.0,7.0,48.0,29.0,13.0,5.0,0.0,8.0,473.0,3.0,4.0,20.0,8.0,9.0,1.0,20.0,13.0
12436568,2024-2025,36.0,2025-05-11 15:30:00,Anfield,Anthony Taylor,60324.0,Liverpool,Arsenal,Home,2,2,0,1,Draw,0,1,0,2.0,17.0,292.0,8.0,44.0,57.0,4.0,2.0,2.0,1.0,3.0,10.0,2.0,44.0,41.0,13.0,4.0,0.0,4.0,355.0,8.0,5.0,16.0,10.0,14.0,4.0,16.0,10.0
12436568,2024-2025,36.0,2025-05-11 15:30:00,Anfield,Anthony Taylor,60324.0,Arsenal,Liverpool,Away,2,2,0,1,Draw,0,1,0,5.0,14.0,384.0,5.0,56.0,47.0,4.0,2.0,2.0,4.0,1.0,9.0,8.0,56.0,48.0,10.0,3.0,1.0,5.0,447.0,4.0,7.0,17.0,11.0,15.0,4.0,20.0,12.0
12436582,2024-2025,37.0,2025-05-16 19:15:00,Stamford Bridge,Chris Kavanagh,39849.0,Chelsea,Manchester United,Home,1,0,1,3,Win,1,0,0,1.0,17.0,325.0,9.0,47.0,57.0,3.0,2.0,1.0,4.0,7.0,10.0,7.0,48.0,55.0,10.0,1.0,1.0,5.0,403.0,4.0,3.0,15.0,6.0,11.0,5.0,18.0,15.0
12436582,2024-2025,37.0,2025-05-16 19:15:00,Stamford Bridge,Chris Kavanagh,39849.0,Manchester United,Chelsea,Away,0,1,-1,0,Loss,0,0,1,1.0,38.0,381.0,14.0,53.0,55.0,0.0,0.0,0.0,0.0,2.0,11.0,4.0,52.0,47.0,14.0,2.0,0.0,4.0,471.0,3.0,1.0,13.0,4.0,4.0,0.0,23.0,13.0
12436585,2024-2025,37.0,2025-05-18 15:30:00,Emirates Stadium,Simon Hooper,60160.0,Arsenal,Newcastle United,Home,1,0,1,3,Win,1,0,0,5.0,18.0,337.0,15.0,51.0,57.0,1.0,1.0,,5.0,10.0,13.0,8.0,49.0,56.0,9.0,5.0,0.0,6.0,408.0,3.0,4.0,30.0,7.0,12.0,5.0,17.0,9.0
12436585,2024-2025,37.0,2025-05-18 15:30:00,Emirates Stadium,Simon Hooper,60160.0,Newcastle United,Arsenal,Away,0,1,-1,0,Loss,0,0,1,4.0,19.0,307.0,19.0,49.0,38.0,3.0,3.0,,6.0,7.0,10.0,4.0,51.0,45.0,9.0,3.0,0.0,6.0,371.0,3.0,5.0,26.0,10.0,14.0,4.0,20.0,12.0
12436590,2024-2025,37.0,2025-05-19 19:00:00,American Express Stadium,Andy Madley,31611.0,Brighton & Hove Albion,Liverpool,Home,3,2,1,3,Win,1,0,0,5.0,24.0,388.0,10.0,49.0,46.0,2.0,1.0,1.0,4.0,3.0,4.0,8.0,64.0,46.0,9.0,3.0,0.0,7.0,445.0,9.0,12.0,14.0,17.0,25.0,8.0,27.0,13.0
12436590,2024-2025,37.0,2025-05-19 19:00:00,American Express Stadium,Andy Madley,31611.0,Liverpool,Brighton & Hove Albion,Away,2,3,-1,0,Loss,0,0,1,1.0,22.0,411.0,4.0,51.0,41.0,3.0,2.0,1.0,7.0,3.0,12.0,8.0,36.0,36.0,8.0,9.0,0.0,8.0,472.0,6.0,5.0,24.0,12.0,18.0,6.0,9.0,2.0
13854588,2024-2025,37.0,2025-05-20 19:00:00,Etihad Stadium,Thomas Bramall,52487.0,Manchester City,Bournemouth,Home,3,1,2,3,Win,1,0,0,2.0,23.0,550.0,4.0,57.0,44.0,3.0,2.0,1.0,2.0,3.0,6.0,3.0,49.0,56.0,7.0,1.0,1.0,7.0,609.0,5.0,5.0,19.0,5.0,12.0,7.0,8.0,3.0
13854588,2024-2025,37.0,2025-05-20 19:00:00,Etihad Stadium,Thomas Bramall,52487.0,Bournemouth,Manchester City,Away,1,3,-2,0,Loss,0,0,1,6.0,24.0,378.0,7.0,43.0,45.0,2.0,1.0,1.0,2.0,1.0,5.0,4.0,51.0,57.0,13.0,2.0,1.0,5.0,441.0,4.0,2.0,25.0,6.0,8.0,2.0,10.0,5.0
12436556,2024-2025,38.0,2025-05-25 15:00:00,City Ground,Anthony Taylor,30263.0,Nottingham Forest,Chelsea,Home,0,1,-1,0,Loss,0,0,1,7.0,21.0,352.0,10.0,52.0,48.0,2.0,2.0,0.0,4.0,7.0,8.0,2.0,49.0,64.0,10.0,1.0,0.0,3.0,420.0,4.0,2.0,22.0,8.0,10.0,2.0,14.0,9.0
12436556,2024-2025,38.0,2025-05-25 15:00:00,City Ground,Anthony Taylor,30263.0,Chelsea,Nottingham Forest,Away,1,0,1,3,Win,1,0,0,1.0,13.0,327.0,9.0,48.0,48.0,3.0,2.0,1.0,2.0,4.0,5.0,4.0,51.0,57.0,11.0,2.0,0.0,4.0,409.0,2.0,2.0,36.0,4.0,6.0,2.0,15.0,10.0
12436549,2024-2025,38.0,2025-05-25 15:00:00,St. Mary's Stadium,Darren Bond,31289.0,Southampton,Arsenal,Home,1,2,-1,0,Loss,0,0,1,3.0,17.0,278.0,13.0,38.0,42.0,0.0,0.0,0.0,3.0,5.0,11.0,14.0,51.0,39.0,7.0,6.0,0.0,6.0,339.0,2.0,2.0,34.0,5.0,7.0,2.0,18.0,9.0
12436549,2024-2025,38.0,2025-05-25 15:00:00,St. Mary's Stadium,Darren Bond,31289.0,Arsenal,Southampton,Away,2,1,1,3,Win,1,0,0,6.0,14.0,486.0,14.0,62.0,43.0,4.0,3.0,1.0,10.0,8.0,11.0,10.0,49.0,67.0,8.0,1.0,1.0,2.0,533.0,5.0,8.0,23.0,16.0,23.0,7.0,18.0,4.0
12436548,2024-2025,38.0,2025-05-25 15:00:00,Anfield,Darren England,60382.0,Liverpool,Crystal Palace,Home,1,1,0,1,Draw,0,1,0,5.0,25.0,549.0,14.0,69.0,62.0,4.0,3.0,1.0,4.0,11.0,10.0,6.0,53.0,98.0,7.0,4.0,1.0,12.0,633.0,7.0,3.0,15.0,12.0,14.0,2.0,19.0,9.0
12436548,2024-2025,38.0,2025-05-25 15:00:00,Anfield,Darren England,60382.0,Crystal Palace,Liverpool,Away,1,1,0,1,Draw,0,1,0,2.0,20.0,210.0,12.0,31.0,61.0,2.0,1.0,1.0,1.0,0.0,10.0,8.0,47.0,42.0,10.0,2.0,1.0,15.0,297.0,2.0,5.0,52.0,6.0,8.0,2.0,18.0,10.0
12436540,2024-2025,38.0,2025-05-25 15:00:00,Old Trafford,Thomas Bramall,73839.0,Manchester United,Aston Villa,Home,2,0,2,3,Win,1,0,0,6.0,31.0,535.0,22.0,67.0,60.0,3.0,1.0,2.0,2.0,4.0,3.0,0.0,57.0,66.0,10.0,1.0,2.0,7.0,606.0,14.0,10.0,19.0,15.0,26.0,11.0,20.0,15.0
12436540,2024-2025,38.0,2025-05-25 15:00:00,Old Trafford,Thomas Bramall,73839.0,Aston Villa,Manchester United,Away,0,2,-2,0,Loss,0,0,1,0.0,20.0,217.0,11.0,33.0,48.0,0.0,0.0,0.0,3.0,3.0,10.0,10.0,43.0,45.0,10.0,8.0,0.0,6.0,300.0,2.0,1.0,20.0,4.0,6.0,2.0,9.0,5.0
12436559,2024-2025,38.0,2025-05-25 15:00:00,Craven Cottage,Andy Madley,27671.0,Fulham,Manchester City,Home,0,2,-2,0,Loss,0,0,1,5.0,32.0,375.0,12.0,47.0,37.0,4.0,4.0,0.0,4.0,1.0,9.0,7.0,49.0,43.0,11.0,3.0,0.0,11.0,443.0,6.0,3.0,29.0,11.0,13.0,2.0,18.0,8.0
12436559,2024-2025,38.0,2025-05-25 15:00:00,Craven Cottage,Andy Madley,27671.0,Manchester City,Fulham,Away,2,0,2,3,Win,1,0,0,3.0,36.0,424.0,10.0,53.0,42.0,3.0,2.0,1.0,8.0,6.0,11.0,7.0,51.0,57.0,5.0,3.0,0.0,13.0,495.0,7.0,5.0,14.0,16.0,20.0,4.0,14.0,9.0
12436628,2024-2025,33.0,2025-04-19 14:00:00,Goodison Park,Simon Hooper,39332.0,Everton,Manchester City,Home,0,2,-2,0,Loss,0,0,1,6.0,34.0,249.0,21.0,33.0,45.0,1.0,1.0,0.0,3.0,2.0,5.0,12.0,60.0,46.0,7.0,4.0,1.0,13.0,318.0,2.0,3.0,23.0,7.0,8.0,1.0,19.0,10.0
12436628,2024-2025,33.0,2025-04-19 14:00:00,Goodison Park,Simon Hooper,39332.0,Manchester City,Everton,Away,2,0,2,3,Win,1,0,0,3.0,30.0,596.0,10.0,67.0,52.0,3.0,2.0,1.0,2.0,5.0,13.0,14.0,40.0,73.0,6.0,2.0,0.0,5.0,674.0,3.0,7.0,22.0,8.0,12.0,4.0,7.0,4.0
12436618,2024-2025,33.0,2025-04-20 13:00:00,Craven Cottage,Anthony Taylor,27712.0,Fulham,Chelsea,Home,1,2,-1,0,Loss,0,0,1,5.0,21.0,280.0,7.0,41.0,62.0,0.0,0.0,,3.0,5.0,6.0,4.0,46.0,34.0,13.0,5.0,0.0,5.0,345.0,2.0,1.0,33.0,3.0,6.0,3.0,14.0,12.0
12436618,2024-2025,33.0,2025-04-20 13:00:00,Craven Cottage,Anthony Taylor,27712.0,Chelsea,Fulham,Away,2,1,1,3,Win,1,0,0,6.0,20.0,465.0,10.0,59.0,62.0,1.0,1.0,,2.0,4.0,10.0,7.0,54.0,70.0,9.0,0.0,0.0,6.0,528.0,3.0,8.0,22.0,9.0,13.0,4.0,9.0,5.0
12436620,2024-2025,33.0,2025-04-20 13:00:00,Portman Road Stadium,Chris Kavanagh,29549.0,Ipswich Town,Arsenal,Home,0,4,-4,0,Loss,0,0,1,2.0,14.0,199.0,8.0,25.0,36.0,0.0,0.0,0.0,2.0,0.0,8.0,5.0,48.0,29.0,10.0,3.0,0.0,12.0,250.0,2.0,0.0,39.0,2.0,4.0,2.0,15.0,7.0
12436620,2024-2025,33.0,2025-04-20 13:00:00,Portman Road Stadium,Chris Kavanagh,29549.0,Arsenal,Ipswich Town,Away,4,0,4,3,Win,1,0,0,3.0,22.0,685.0,10.0,75.0,44.0,3.0,2.0,1.0,9.0,12.0,10.0,2.0,52.0,61.0,7.0,0.0,1.0,2.0,752.0,8.0,7.0,7.0,19.0,24.0,5.0,16.0,12.0
12436622,2024-2025,33.0,2025-04-20 13:00:00,Old Trafford,Robert Jones,73819.0,Manchester United,Wolverhampton,Home,0,1,-1,0,Loss,0,0,1,2.0,27.0,494.0,20.0,60.0,49.0,1.0,1.0,,4.0,9.0,13.0,9.0,58.0,60.0,11.0,1.0,0.0,7.0,557.0,6.0,2.0,14.0,5.0,12.0,7.0,30.0,19.0
12436622,2024-2025,33.0,2025-04-20 13:00:00,Old Trafford,Robert Jones,73819.0,Wolverhampton,Manchester United,Away,1,0,1,3,Win,1,0,0,2.0,21.0,316.0,14.0,40.0,43.0,0.0,0.0,,1.0,2.0,14.0,10.0,42.0,26.0,18.0,2.0,0.0,7.0,387.0,1.0,2.0,27.0,1.0,4.0,3.0,21.0,10.0
12436626,2024-2025,33.0,2025-04-20 15:30:00,King Power Stadium,Stuart Attwell,30402.0,Leicester City,Liverpool,Home,0,1,-1,0,Loss,0,0,1,2.0,15.0,283.0,15.0,42.0,44.0,0.0,0.0,,1.0,1.0,8.0,2.0,43.0,41.0,11.0,7.0,1.0,7.0,367.0,4.0,0.0,43.0,3.0,5.0,2.0,17.0,14.0
12436626,2024-2025,33.0,2025-04-20 15:30:00,King Power Stadium,Stuart Attwell,30402.0,Liverpool,Leicester City,Away,1,0,1,3,Win,1,0,0,11.0,20.0,435.0,18.0,58.0,49.0,10.0,10.0,,6.0,13.0,9.0,10.0,57.0,72.0,7.0,0.0,3.0,10.0,503.0,12.0,10.0,22.0,24.0,28.0,4.0,16.0,12.0
12436551,2024-2025,34.0,2025-04-22 19:00:00,Etihad Stadium,Craig Pawson,52192.0,Manchester City,Aston Villa,Home,2,1,1,3,Win,1,0,0,9.0,16.0,438.0,8.0,62.0,44.0,3.0,1.0,2.0,2.0,10.0,8.0,7.0,48.0,61.0,9.0,2.0,0.0,4.0,488.0,6.0,6.0,13.0,10.0,14.0,4.0,12.0,7.0
12436551,2024-2025,34.0,2025-04-22 19:00:00,Etihad Stadium,Craig Pawson,52192.0,Aston Villa,Manchester City,Away,1,2,-1,0,Loss,0,0,1,2.0,23.0,254.0,10.0,38.0,36.0,3.0,2.0,1.0,1.0,2.0,8.0,6.0,52.0,31.0,10.0,4.0,1.0,4.0,307.0,3.0,3.0,23.0,6.0,7.0,1.0,15.0,11.0
12436547,2024-2025,34.0,2025-04-23 19:00:00,Emirates Stadium,Michael Salisbury,60167.0,Arsenal,Crystal Palace,Home,2,2,0,1,Draw,0,1,0,4.0,7.0,656.0,1.0,68.0,42.0,4.0,3.0,1.0,2.0,3.0,11.0,4.0,33.0,66.0,4.0,2.0,0.0,8.0,711.0,4.0,6.0,20.0,9.0,12.0,3.0,7.0,5.0
12436547,2024-2025,34.0,2025-04-23 19:00:00,Emirates Stadium,Michael Salisbury,60167.0,Crystal Palace,Arsenal,Away,2,2,0,1,Draw,0,1,0,8.0,24.0,271.0,9.0,32.0,40.0,5.0,5.0,0.0,5.0,6.0,4.0,7.0,67.0,41.0,6.0,2.0,0.0,9.0,328.0,6.0,4.0,26.0,11.0,15.0,4.0,16.0,10.0
12436550,2024-2025,34.0,2025-04-26 11:30:00,Stamford Bridge,Chris Kavanagh,39894.0,Chelsea,Everton,Home,1,0,1,3,Win,1,0,0,4.0,24.0,433.0,13.0,55.0,49.0,1.0,1.0,,1.0,10.0,8.0,17.0,60.0,63.0,11.0,3.0,0.0,7.0,506.0,2.0,7.0,20.0,5.0,10.0,5.0,23.0,14.0
12436550,2024-2025,34.0,2025-04-26 11:30:00,Stamford Bridge,Chris Kavanagh,39894.0,Everton,Chelsea,Away,0,1,-1,0,Loss,0,0,1,6.0,24.0,348.0,8.0,45.0,50.0,2.0,2.0,,2.0,2.0,14.0,5.0,40.0,51.0,11.0,6.0,0.0,7.0,412.0,1.0,3.0,21.0,4.0,6.0,2.0,17.0,13.0
12436535,2024-2025,34.0,2025-04-27 13:00:00,Vitality Stadium,Peter Bankes,11241.0,Bournemouth,Manchester United,Home,1,1,0,1,Draw,0,1,0,4.0,15.0,207.0,11.0,38.0,45.0,1.0,1.0,0.0,1.0,5.0,9.0,3.0,41.0,35.0,11.0,5.0,1.0,11.0,285.0,6.0,1.0,34.0,5.0,8.0,3.0,9.0,4.0
12436535,2024-2025,34.0,2025-04-27 13:00:00,Vitality Stadium,Peter Bankes,11241.0,Manchester United,Bournemouth,Away,1,1,0,1,Draw,0,1,0,2.0,22.0,390.0,14.0,62.0,46.0,2.0,1.0,1.0,13.0,10.0,4.0,9.0,59.0,49.0,12.0,0.0,0.0,9.0,470.0,6.0,6.0,18.0,17.0,25.0,8.0,15.0,10.0
12436544,2024-2025,34.0,2025-04-27 15:30:00,Anfield,Thomas Bramall,60415.0,Liverpool,Tottenham Hotspur,Home,5,1,4,3,Win,1,0,0,2.0,18.0,443.0,9.0,62.0,51.0,2.0,1.0,1.0,9.0,8.0,8.0,6.0,49.0,51.0,16.0,2.0,0.0,6.0,515.0,8.0,8.0,19.0,16.0,25.0,9.0,19.0,13.0
12436544,2024-2025,34.0,2025-04-27 15:30:00,Anfield,Thomas Bramall,60415.0,Tottenham Hotspur,Liverpool,Away,1,5,-4,0,Loss,0,0,1,2.0,17.0,236.0,9.0,38.0,46.0,1.0,1.0,0.0,2.0,2.0,9.0,8.0,51.0,37.0,9.0,2.0,0.0,9.0,320.0,3.0,3.0,21.0,4.0,8.0,4.0,12.0,6.0
12436562,2024-2025,35.0,2025-05-02 19:00:00,Etihad Stadium,Peter Bankes,,Manchester City,Wolverhampton,Home,1,0,1,3,Win,1,0,0,3.0,35.0,622.0,5.0,64.0,35.0,1.0,0.0,1.0,2.0,4.0,16.0,9.0,47.0,74.0,7.0,0.0,0.0,6.0,684.0,5.0,2.0,15.0,5.0,9.0,4.0,19.0,10.0
12436562,2024-2025,35.0,2025-05-02 19:00:00,Etihad Stadium,Peter Bankes,,Wolverhampton,Manchester City,Away,0,1,-1,0,Loss,0,0,1,2.0,18.0,317.0,6.0,36.0,39.0,2.0,2.0,0.0,1.0,5.0,8.0,8.0,53.0,25.0,11.0,1.0,2.0,6.0,380.0,4.0,1.0,19.0,4.0,6.0,2.0,28.0,18.0
12436543,2024-2025,35.0,2025-05-03 16:30:00,Emirates Stadium,Jarred Gillett,60110.0,Arsenal,Bournemouth,Home,1,2,-1,0,Loss,0,0,1,1.0,12.0,363.0,9.0,50.0,44.0,4.0,3.0,1.0,4.0,2.0,4.0,10.0,57.0,42.0,7.0,0.0,0.0,8.0,427.0,5.0,4.0,15.0,12.0,13.0,1.0,12.0,9.0
12436543,2024-2025,35.0,2025-05-03 16:30:00,Emirates Stadium,Jarred Gillett,60110.0,Bournemouth,Arsenal,Away,2,1,1,3,Win,1,0,0,6.0,18.0,345.0,9.0,50.0,44.0,3.0,1.0,2.0,2.0,3.0,6.0,7.0,43.0,46.0,16.0,3.0,0.0,9.0,417.0,5.0,2.0,17.0,6.0,9.0,3.0,12.0,6.0
12436560,2024-2025,35.0,2025-05-04 13:00:00,Brentford Community Stadium,Anthony Taylor,18915.0,Brentford,Manchester United,Home,4,3,1,3,Win,1,0,0,3.0,19.0,327.0,16.0,47.0,48.0,6.0,3.0,3.0,2.0,7.0,5.0,10.0,60.0,53.0,8.0,2.0,0.0,6.0,410.0,4.0,6.0,16.0,11.0,12.0,1.0,20.0,8.0
12436560,2024-2025,35.0,2025-05-04 13:00:00,Brentford Community Stadium,Anthony Taylor,18915.0,Manchester United,Brentford,Away,3,4,-1,0,Loss,0,0,1,3.0,13.0,391.0,7.0,53.0,54.0,1.0,0.0,1.0,7.0,3.0,8.0,6.0,40.0,30.0,10.0,3.0,0.0,4.0,477.0,2.0,5.0,34.0,9.0,14.0,5.0,17.0,12.0
12436563,2024-2025,35.0,2025-05-04 15:30:00,Stamford Bridge,Simon Hooper,39829.0,Chelsea,Liverpool,Home,3,1,2,3,Win,1,0,0,1.0,16.0,300.0,8.0,35.0,57.0,5.0,3.0,2.0,4.0,3.0,4.0,9.0,59.0,53.0,10.0,1.0,2.0,14.0,356.0,6.0,7.0,32.0,14.0,17.0,3.0,19.0,13.0
12436563,2024-2025,35.0,2025-05-04 15:30:00,Stamford Bridge,Simon Hooper,39829.0,Liverpool,Chelsea,Away,1,3,-2,0,Loss,0,0,1,7.0,17.0,573.0,4.0,65.0,49.0,3.0,2.0,1.0,4.0,6.0,10.0,9.0,41.0,59.0,11.0,5.0,0.0,4.0,645.0,5.0,2.0,11.0,9.0,11.0,2.0,9.0,7.0
12436580,2024-2025,30.0,2025-04-01 18:45:00,Emirates Stadium,John Brooks,60256.0,Arsenal,Fulham,Home,2,1,1,3,Win,1,0,0,8.0,14.0,431.0,9.0,51.0,41.0,2.0,1.0,1.0,7.0,5.0,8.0,8.0,49.0,52.0,2.0,2.0,0.0,3.0,479.0,6.0,4.0,14.0,15.0,17.0,2.0,15.0,7.0
12436580,2024-2025,30.0,2025-04-01 18:45:00,Emirates Stadium,John Brooks,60256.0,Fulham,Arsenal,Away,1,2,-1,0,Loss,0,0,1,4.0,22.0,408.0,18.0,49.0,34.0,2.0,2.0,0.0,2.0,4.0,5.0,7.0,51.0,63.0,10.0,3.0,0.0,4.0,473.0,4.0,3.0,29.0,8.0,9.0,1.0,16.0,13.0
12436591,2024-2025,30.0,2025-04-01 19:00:00,City Ground,Jarred Gillett,30249.0,Nottingham Forest,Manchester United,Home,1,0,1,3,Win,1,0,0,3.0,17.0,227.0,17.0,32.0,59.0,0.0,0.0,,2.0,3.0,9.0,15.0,51.0,62.0,5.0,5.0,0.0,6.0,310.0,4.0,2.0,42.0,6.0,8.0,2.0,16.0,7.0
12436591,2024-2025,30.0,2025-04-01 19:00:00,City Ground,Jarred Gillett,30249.0,Manchester United,Nottingham Forest,Away,0,1,-1,0,Loss,0,0,1,10.0,19.0,558.0,21.0,68.0,61.0,3.0,3.0,,8.0,10.0,4.0,11.0,49.0,59.0,12.0,1.0,1.0,3.0,649.0,9.0,6.0,18.0,16.0,23.0,7.0,19.0,15.0
12436594,2024-2025,30.0,2025-04-02 18:45:00,Etihad Stadium,Darren England,51983.0,Manchester City,Leicester City,Home,2,0,2,3,Win,1,0,0,3.0,15.0,735.0,10.0,72.0,39.0,2.0,,2.0,8.0,5.0,10.0,12.0,49.0,76.0,11.0,0.0,0.0,3.0,784.0,5.0,5.0,16.0,11.0,18.0,7.0,9.0,6.0
12436594,2024-2025,30.0,2025-04-02 18:45:00,Etihad Stadium,Darren England,51983.0,Leicester City,Manchester City,Away,0,2,-2,0,Loss,0,0,1,1.0,17.0,242.0,8.0,28.0,30.0,0.0,,0.0,0.0,0.0,4.0,4.0,51.0,26.0,8.0,3.0,0.0,6.0,300.0,2.0,0.0,26.0,1.0,2.0,1.0,19.0,9.0
12436593,2024-2025,30.0,2025-04-02 19:00:00,Anfield,Samuel Barrott,60331.0,Liverpool,Everton,Home,1,0,1,3,Win,1,0,0,4.0,36.0,532.0,15.0,74.0,43.0,1.0,1.0,,9.0,11.0,9.0,10.0,49.0,95.0,7.0,0.0,0.0,8.0,609.0,5.0,3.0,18.0,11.0,17.0,6.0,14.0,5.0
12436593,2024-2025,30.0,2025-04-02 19:00:00,Anfield,Samuel Barrott,60331.0,Everton,Liverpool,Away,0,1,-1,0,Loss,0,0,1,1.0,16.0,130.0,24.0,26.0,47.0,2.0,2.0,,3.0,5.0,8.0,3.0,51.0,30.0,11.0,3.0,1.0,12.0,206.0,2.0,0.0,47.0,3.0,5.0,2.0,17.0,12.0
12436587,2024-2025,30.0,2025-04-03 19:00:00,Stamford Bridge,Craig Pawson,39852.0,Chelsea,Tottenham Hotspur,Home,1,0,1,3,Win,1,0,0,5.0,30.0,374.0,5.0,50.0,45.0,4.0,3.0,1.0,2.0,4.0,8.0,6.0,49.0,71.0,7.0,2.0,1.0,2.0,437.0,4.0,5.0,25.0,8.0,11.0,3.0,16.0,15.0
12436587,2024-2025,30.0,2025-04-03 19:00:00,Stamford Bridge,Craig Pawson,39852.0,Tottenham Hotspur,Chelsea,Away,0,1,-1,0,Loss,0,0,1,2.0,15.0,386.0,14.0,50.0,43.0,2.0,2.0,0.0,3.0,6.0,10.0,7.0,51.0,46.0,16.0,4.0,0.0,9.0,438.0,3.0,2.0,29.0,5.0,8.0,3.0,16.0,8.0
12436596,2024-2025,31.0,2025-04-05 11:30:00,Goodison Park,Darren England,39316.0,Everton,Arsenal,Home,1,1,0,1,Draw,0,1,0,2.0,15.0,130.0,7.0,30.0,25.0,2.0,1.0,1.0,1.0,3.0,12.0,7.0,40.0,38.0,17.0,3.0,0.0,5.0,189.0,2.0,2.0,31.0,3.0,5.0,2.0,17.0,11.0
12436596,2024-2025,31.0,2025-04-05 11:30:00,Goodison Park,Darren England,39316.0,Arsenal,Everton,Away,1,1,0,1,Draw,0,1,0,4.0,14.0,398.0,18.0,70.0,37.0,1.0,1.0,0.0,6.0,8.0,4.0,9.0,60.0,38.0,13.0,1.0,0.0,3.0,459.0,3.0,5.0,29.0,11.0,14.0,3.0,22.0,9.0
12436589,2024-2025,31.0,2025-04-06 13:00:00,Brentford Community Stadium,Michael Oliver,17183.0,Brentford,Chelsea,Home,0,0,0,1,Draw,0,1,0,4.0,27.0,251.0,8.0,41.0,54.0,3.0,3.0,,2.0,3.0,7.0,6.0,53.0,49.0,12.0,6.0,0.0,9.0,330.0,5.0,2.0,20.0,7.0,9.0,2.0,23.0,11.0
12436589,2024-2025,31.0,2025-04-06 13:00:00,Brentford Community Stadium,Michael Oliver,17183.0,Chelsea,Brentford,Away,0,0,0,1,Draw,0,1,0,5.0,27.0,409.0,15.0,59.0,56.0,3.0,3.0,,7.0,6.0,12.0,5.0,47.0,66.0,12.0,2.0,0.0,11.0,488.0,9.0,5.0,25.0,12.0,21.0,9.0,11.0,8.0
12436598,2024-2025,31.0,2025-04-06 13:00:00,Craven Cottage,Chris Kavanagh,27770.0,Fulham,Liverpool,Home,3,2,1,3,Win,1,0,0,1.0,25.0,261.0,21.0,38.0,62.0,3.0,1.0,2.0,2.0,4.0,9.0,7.0,59.0,42.0,10.0,4.0,0.0,8.0,337.0,4.0,6.0,44.0,8.0,12.0,4.0,25.0,19.0
12436598,2024-2025,31.0,2025-04-06 13:00:00,Craven Cottage,Chris Kavanagh,27770.0,Liverpool,Fulham,Away,2,3,-1,0,Loss,0,0,1,4.0,14.0,466.0,12.0,62.0,59.0,3.0,2.0,1.0,3.0,4.0,12.0,4.0,41.0,59.0,9.0,3.0,1.0,7.0,556.0,5.0,6.0,22.0,10.0,14.0,4.0,16.0,7.0
12436602,2024-2025,31.0,2025-04-06 15:30:00,Old Trafford,John Brooks,73738.0,Manchester United,Manchester City,Home,0,0,0,1,Draw,0,1,0,4.0,18.0,322.0,7.0,41.0,51.0,0.0,0.0,,6.0,5.0,18.0,6.0,55.0,35.0,13.0,6.0,0.0,15.0,381.0,5.0,2.0,18.0,8.0,13.0,5.0,32.0,16.0
12436602,2024-2025,31.0,2025-04-06 15:30:00,Old Trafford,John Brooks,73738.0,Manchester City,Manchester United,Away,0,0,0,1,Draw,0,1,0,0.0,15.0,497.0,7.0,59.0,43.0,1.0,1.0,,1.0,3.0,18.0,5.0,45.0,69.0,9.0,2.0,0.0,8.0,564.0,3.0,5.0,21.0,4.0,9.0,5.0,21.0,13.0
12436610,2024-2025,32.0,2025-04-12 11:30:00,Etihad Stadium,Jarred Gillett,52489.0,Manchester City,Crystal Palace,Home,5,2,3,3,Win,1,0,0,2.0,13.0,673.0,9.0,68.0,49.0,12.0,10.0,2.0,5.0,1.0,8.0,13.0,59.0,68.0,10.0,1.0,1.0,7.0,741.0,7.0,9.0,11.0,16.0,21.0,5.0,10.0,7.0
12436610,2024-2025,32.0,2025-04-12 11:30:00,Etihad Stadium,Jarred Gillett,52489.0,Crystal Palace,Manchester City,Away,2,5,-3,0,Loss,0,0,1,4.0,24.0,278.0,6.0,32.0,37.0,3.0,1.0,2.0,0.0,4.0,5.0,6.0,41.0,18.0,16.0,3.0,0.0,13.0,341.0,5.0,3.0,23.0,6.0,8.0,2.0,12.0,5.0
12436608,2024-2025,32.0,2025-04-12 16:30:00,Emirates Stadium,Simon Hooper,60184.0,Arsenal,Brentford,Home,1,1,0,1,Draw,0,1,0,6.0,8.0,418.0,11.0,64.0,47.0,1.0,,1.0,6.0,13.0,11.0,14.0,49.0,61.0,7.0,1.0,0.0,7.0,480.0,5.0,3.0,14.0,8.0,14.0,6.0,4.0,2.0
12436608,2024-2025,32.0,2025-04-12 16:30:00,Emirates Stadium,Simon Hooper,60184.0,Brentford,Arsenal,Away,1,1,0,1,Draw,0,1,0,2.0,22.0,219.0,14.0,36.0,37.0,1.0,,1.0,0.0,5.0,1.0,2.0,51.0,38.0,9.0,2.0,0.0,8.0,280.0,1.0,2.0,35.0,3.0,3.0,0.0,17.0,10.0
12436609,2024-2025,32.0,2025-04-13 13:00:00,Stamford Bridge,Stuart Attwell,39805.0,Chelsea,Ipswich Town,Home,2,2,0,1,Draw,0,1,0,17.0,12.0,507.0,15.0,74.0,44.0,4.0,4.0,0.0,10.0,15.0,5.0,4.0,42.0,70.0,11.0,2.0,2.0,5.0,581.0,15.0,9.0,6.0,19.0,34.0,15.0,13.0,7.0
12436609,2024-2025,32.0,2025-04-13 13:00:00,Stamford Bridge,Stuart Attwell,39805.0,Ipswich Town,Chelsea,Away,2,2,0,1,Draw,0,1,0,3.0,21.0,154.0,24.0,26.0,38.0,3.0,1.0,2.0,1.0,4.0,7.0,8.0,58.0,43.0,7.0,8.0,0.0,10.0,214.0,8.0,4.0,47.0,6.0,13.0,7.0,11.0,9.0
12436612,2024-2025,32.0,2025-04-13 13:00:00,Anfield,Andy Madley,60376.0,Liverpool,West Ham United,Home,2,1,1,3,Win,1,0,0,5.0,25.0,425.0,11.0,55.0,35.0,2.0,1.0,1.0,5.0,10.0,3.0,6.0,48.0,68.0,15.0,4.0,2.0,4.0,498.0,4.0,6.0,17.0,11.0,15.0,4.0,18.0,11.0
12436612,2024-2025,32.0,2025-04-13 13:00:00,Anfield,Andy Madley,60376.0,West Ham United,Liverpool,Away,1,2,-1,0,Loss,0,0,1,1.0,15.0,348.0,12.0,45.0,44.0,4.0,4.0,0.0,1.0,3.0,10.0,10.0,52.0,48.0,8.0,4.0,2.0,12.0,407.0,6.0,4.0,38.0,10.0,11.0,1.0,10.0,3.0
12436611,2024-2025,32.0,2025-04-13 15:30:00,St James' Park,Chris Kavanagh,52252.0,Newcastle United,Manchester United,Home,4,1,3,3,Win,1,0,0,9.0,16.0,339.0,19.0,48.0,58.0,6.0,2.0,4.0,1.0,7.0,9.0,11.0,56.0,50.0,7.0,4.0,0.0,9.0,420.0,6.0,6.0,13.0,11.0,13.0,2.0,20.0,9.0
12436611,2024-2025,32.0,2025-04-13 15:30:00,St James' Park,Chris Kavanagh,52252.0,Manchester United,Newcastle United,Away,1,4,-3,0,Loss,0,0,1,3.0,19.0,382.0,9.0,52.0,47.0,2.0,2.0,0.0,2.0,2.0,13.0,11.0,44.0,35.0,9.0,2.0,0.0,5.0,472.0,2.0,5.0,23.0,5.0,9.0,4.0,20.0,11.0
12436627,2024-2025,26.0,2025-02-23 16:30:00,Etihad Stadium,Anthony Taylor,52803.0,Manchester City,Liverpool,Home,0,2,-2,0,Loss,0,0,1,3.0,15.0,603.0,4.0,66.0,50.0,0.0,0.0,,8.0,7.0,9.0,23.0,54.0,75.0,3.0,2.0,0.0,3.0,659.0,3.0,5.0,17.0,6.0,16.0,10.0,5.0,2.0
12436627,2024-2025,26.0,2025-02-23 16:30:00,Etihad Stadium,Anthony Taylor,52803.0,Liverpool,Manchester City,Away,2,0,2,3,Win,1,0,0,2.0,18.0,268.0,4.0,34.0,49.0,1.0,1.0,,2.0,5.0,3.0,6.0,46.0,26.0,10.0,5.0,0.0,4.0,332.0,2.0,4.0,34.0,6.0,8.0,2.0,22.0,13.0
12436986,2024-2025,27.0,2025-02-25 20:15:00,Stamford Bridge,Thomas Bramall,39485.0,Chelsea,Southampton,Home,4,0,4,3,Win,1,0,0,5.0,23.0,564.0,12.0,60.0,45.0,6.0,3.0,3.0,2.0,4.0,11.0,5.0,56.0,67.0,6.0,2.0,0.0,7.0,620.0,7.0,10.0,13.0,13.0,19.0,6.0,17.0,9.0
12436986,2024-2025,27.0,2025-02-25 20:15:00,Stamford Bridge,Thomas Bramall,39485.0,Southampton,Chelsea,Away,0,4,-4,0,Loss,0,0,1,4.0,18.0,350.0,8.0,40.0,42.0,2.0,2.0,0.0,3.0,2.0,7.0,4.0,44.0,37.0,9.0,6.0,0.0,9.0,415.0,2.0,2.0,12.0,5.0,7.0,2.0,16.0,11.0
12436974,2024-2025,27.0,2025-02-26 19:30:00,City Ground,Andy Madley,30200.0,Nottingham Forest,Arsenal,Home,0,0,0,1,Draw,0,1,0,4.0,19.0,199.0,14.0,35.0,39.0,1.0,1.0,,3.0,3.0,10.0,5.0,50.0,44.0,10.0,1.0,0.0,8.0,268.0,1.0,2.0,31.0,4.0,6.0,2.0,18.0,10.0
12436974,2024-2025,27.0,2025-02-26 19:30:00,City Ground,Andy Madley,30200.0,Arsenal,Nottingham Forest,Away,0,0,0,1,Draw,0,1,0,6.0,12.0,438.0,16.0,65.0,40.0,2.0,2.0,,9.0,11.0,7.0,12.0,50.0,61.0,17.0,2.0,1.0,5.0,502.0,3.0,1.0,22.0,8.0,13.0,5.0,14.0,9.0
12436991,2024-2025,27.0,2025-02-26 19:30:00,Old Trafford,Darren England,73827.0,Manchester United,Ipswich Town,Home,3,2,1,3,Win,1,0,0,5.0,20.0,298.0,10.0,45.0,47.0,2.0,,2.0,3.0,5.0,4.0,7.0,54.0,45.0,9.0,1.0,0.0,4.0,364.0,1.0,6.0,24.0,8.0,10.0,2.0,18.0,10.0
12436991,2024-2025,27.0,2025-02-26 19:30:00,Old Trafford,Darren England,73827.0,Ipswich Town,Manchester United,Away,2,3,-1,0,Loss,0,0,1,2.0,13.0,388.0,15.0,55.0,46.0,1.0,,1.0,5.0,6.0,9.0,5.0,46.0,72.0,16.0,4.0,0.0,11.0,451.0,4.0,3.0,21.0,5.0,12.0,7.0,16.0,11.0
12436975,2024-2025,27.0,2025-02-26 19:30:00,Tottenham Hotspur Stadium,Jarred Gillett,60820.0,Tottenham Hotspur,Manchester City,Home,0,1,-1,0,Loss,0,0,1,8.0,12.0,465.0,8.0,56.0,49.0,2.0,2.0,0.0,2.0,8.0,5.0,9.0,56.0,48.0,12.0,4.0,0.0,7.0,529.0,3.0,6.0,15.0,11.0,11.0,0.0,26.0,15.0
12436975,2024-2025,27.0,2025-02-26 19:30:00,Tottenham Hotspur Stadium,Jarred Gillett,60820.0,Manchester City,Tottenham Hotspur,Away,1,0,1,3,Win,1,0,0,2.0,23.0,363.0,5.0,44.0,48.0,4.0,3.0,1.0,5.0,3.0,14.0,7.0,44.0,40.0,15.0,6.0,0.0,10.0,416.0,2.0,5.0,17.0,8.0,12.0,4.0,20.0,13.0
12436988,2024-2025,27.0,2025-02-26 20:15:00,Anfield,Stuart Attwell,60374.0,Liverpool,Newcastle United,Home,2,0,2,3,Win,1,0,0,0.0,39.0,533.0,9.0,61.0,44.0,2.0,2.0,,4.0,4.0,6.0,8.0,55.0,82.0,12.0,1.0,0.0,10.0,594.0,5.0,3.0,23.0,9.0,12.0,3.0,25.0,15.0
12436988,2024-2025,27.0,2025-02-26 20:15:00,Anfield,Stuart Attwell,60374.0,Newcastle United,Liverpool,Away,0,2,-2,0,Loss,0,0,1,1.0,16.0,309.0,5.0,39.0,40.0,1.0,1.0,,1.0,2.0,14.0,7.0,45.0,47.0,11.0,1.0,0.0,5.0,366.0,2.0,0.0,20.0,2.0,3.0,1.0,20.0,12.0
12437007,2024-2025,28.0,2025-03-08 12:30:00,City Ground,Chris Kavanagh,30252.0,Nottingham Forest,Manchester City,Home,1,0,1,3,Win,1,0,0,7.0,17.0,208.0,10.0,31.0,42.0,,,,2.0,3.0,13.0,7.0,47.0,50.0,9.0,3.0,1.0,5.0,261.0,3.0,4.0,25.0,6.0,9.0,3.0,17.0,8.0
12437007,2024-2025,28.0,2025-03-08 12:30:00,City Ground,Chris Kavanagh,30252.0,Manchester City,Nottingham Forest,Away,0,1,-1,0,Loss,0,0,1,1.0,13.0,547.0,8.0,69.0,47.0,,,,3.0,2.0,12.0,13.0,53.0,56.0,7.0,3.0,1.0,5.0,609.0,8.0,3.0,19.0,6.0,14.0,8.0,18.0,12.0
12437003,2024-2025,28.0,2025-03-08 15:00:00,Anfield,Lewis Smith,60399.0,Liverpool,Southampton,Home,3,1,2,3,Win,1,0,0,6.0,23.0,593.0,3.0,71.0,52.0,8.0,5.0,3.0,8.0,6.0,9.0,18.0,47.0,71.0,10.0,3.0,0.0,10.0,655.0,13.0,7.0,10.0,23.0,28.0,5.0,19.0,15.0
12437003,2024-2025,28.0,2025-03-08 15:00:00,Anfield,Lewis Smith,60399.0,Southampton,Liverpool,Away,1,3,-2,0,Loss,0,0,1,1.0,12.0,204.0,9.0,29.0,51.0,1.0,0.0,1.0,2.0,4.0,9.0,13.0,53.0,33.0,9.0,4.0,0.0,9.0,267.0,0.0,4.0,37.0,3.0,6.0,3.0,21.0,10.0
12436998,2024-2025,28.0,2025-03-09 14:00:00,Stamford Bridge,Tim Robinson,39750.0,Chelsea,Leicester City,Home,1,0,1,3,Win,1,0,0,6.0,23.0,467.0,21.0,57.0,49.0,1.0,1.0,,8.0,12.0,9.0,13.0,57.0,75.0,12.0,3.0,0.0,10.0,541.0,5.0,7.0,21.0,11.0,20.0,9.0,11.0,9.0
12436998,2024-2025,28.0,2025-03-09 14:00:00,Stamford Bridge,Tim Robinson,39750.0,Leicester City,Chelsea,Away,0,1,-1,0,Loss,0,0,1,1.0,17.0,339.0,13.0,43.0,44.0,0.0,0.0,,0.0,2.0,4.0,2.0,43.0,50.0,13.0,7.0,1.0,5.0,417.0,0.0,3.0,36.0,1.0,3.0,2.0,18.0,12.0
12437005,2024-2025,28.0,2025-03-09 16:30:00,Old Trafford,Anthony Taylor,73812.0,Manchester United,Arsenal,Home,1,1,0,1,Draw,0,1,0,3.0,13.0,208.0,14.0,32.0,43.0,2.0,2.0,,2.0,2.0,9.0,2.0,57.0,36.0,8.0,5.0,0.0,7.0,275.0,2.0,6.0,34.0,6.0,10.0,4.0,27.0,15.0
12437005,2024-2025,28.0,2025-03-09 16:30:00,Old Trafford,Anthony Taylor,73812.0,Arsenal,Manchester United,Away,1,1,0,1,Draw,0,1,0,2.0,12.0,524.0,10.0,68.0,45.0,2.0,2.0,,5.0,9.0,13.0,9.0,43.0,71.0,11.0,5.0,0.0,5.0,587.0,6.0,6.0,13.0,9.0,17.0,8.0,13.0,8.0
12437029,2024-2025,29.0,2025-03-15 15:00:00,Etihad Stadium,Simon Hooper,52471.0,Manchester City,Brighton & Hove Albion,Home,2,2,0,1,Draw,0,1,0,5.0,18.0,418.0,12.0,60.0,45.0,4.0,3.0,1.0,1.0,4.0,13.0,21.0,52.0,46.0,10.0,2.0,1.0,4.0,502.0,7.0,3.0,27.0,8.0,11.0,3.0,17.0,11.0
12437029,2024-2025,29.0,2025-03-15 15:00:00,Etihad Stadium,Simon Hooper,52471.0,Brighton & Hove Albion,Manchester City,Away,2,2,0,1,Draw,0,1,0,7.0,20.0,245.0,12.0,40.0,43.0,6.0,6.0,0.0,2.0,5.0,11.0,6.0,48.0,36.0,10.0,1.0,0.0,10.0,328.0,10.0,3.0,27.0,12.0,15.0,3.0,27.0,15.0
12437017,2024-2025,29.0,2025-03-16 13:30:00,Emirates Stadium,Chris Kavanagh,60311.0,Arsenal,Chelsea,Home,1,0,1,3,Win,1,0,0,5.0,16.0,294.0,13.0,41.0,42.0,,,,2.0,5.0,6.0,6.0,56.0,39.0,10.0,2.0,0.0,4.0,348.0,6.0,4.0,21.0,9.0,12.0,3.0,12.0,6.0
12437017,2024-2025,29.0,2025-03-16 13:30:00,Emirates Stadium,Chris Kavanagh,60311.0,Chelsea,Arsenal,Away,0,1,-1,0,Loss,0,0,1,4.0,20.0,446.0,8.0,59.0,32.0,,,,3.0,4.0,7.0,4.0,44.0,78.0,13.0,4.0,0.0,5.0,515.0,3.0,2.0,24.0,3.0,8.0,5.0,13.0,8.0
12437027,2024-2025,29.0,2025-03-16 19:00:00,King Power Stadium,Thomas Bramall,31773.0,Leicester City,Manchester United,Home,0,3,-3,0,Loss,0,0,1,3.0,18.0,434.0,17.0,54.0,56.0,3.0,3.0,,6.0,6.0,12.0,7.0,48.0,49.0,6.0,2.0,0.0,14.0,520.0,2.0,3.0,23.0,7.0,11.0,4.0,21.0,13.0
12437027,2024-2025,29.0,2025-03-16 19:00:00,King Power Stadium,Thomas Bramall,31773.0,Manchester United,Leicester City,Away,3,0,3,3,Win,1,0,0,3.0,31.0,359.0,24.0,46.0,59.0,0.0,0.0,,5.0,4.0,11.0,6.0,52.0,33.0,6.0,3.0,1.0,9.0,461.0,8.0,5.0,31.0,7.0,18.0,11.0,20.0,12.0
12436911,2024-2025,24.0,2025-02-01 15:00:00,Vitality Stadium,Darren England,11239.0,Bournemouth,Liverpool,Home,0,2,-2,0,Loss,0,0,1,4.0,29.0,324.0,6.0,49.0,55.0,3.0,3.0,0.0,3.0,3.0,6.0,12.0,50.0,60.0,15.0,5.0,2.0,10.0,409.0,8.0,3.0,24.0,8.0,14.0,6.0,19.0,6.0
12436911,2024-2025,24.0,2025-02-01 15:00:00,Vitality Stadium,Darren England,11239.0,Liverpool,Bournemouth,Away,2,0,2,3,Win,1,0,0,3.0,22.0,348.0,7.0,51.0,47.0,4.0,3.0,1.0,7.0,3.0,13.0,6.0,50.0,49.0,9.0,4.0,0.0,11.0,426.0,5.0,7.0,26.0,12.0,19.0,7.0,18.0,11.0
12436925,2024-2025,24.0,2025-02-02 14:00:00,Old Trafford,John Brooks,73751.0,Manchester United,Crystal Palace,Home,0,2,-2,0,Loss,0,0,1,7.0,23.0,463.0,19.0,67.0,56.0,1.0,1.0,0.0,9.0,11.0,10.0,5.0,49.0,64.0,12.0,1.0,1.0,12.0,563.0,6.0,2.0,20.0,12.0,17.0,5.0,15.0,10.0
12436925,2024-2025,24.0,2025-02-02 14:00:00,Old Trafford,John Brooks,73751.0,Crystal Palace,Manchester United,Away,2,0,2,3,Win,1,0,0,2.0,6.0,188.0,18.0,33.0,61.0,4.0,2.0,2.0,1.0,0.0,10.0,4.0,51.0,51.0,13.0,2.0,1.0,12.0,288.0,7.0,3.0,45.0,8.0,11.0,3.0,21.0,10.0
12436913,2024-2025,24.0,2025-02-02 16:30:00,Emirates Stadium,Peter Bankes,60355.0,Arsenal,Manchester City,Home,5,1,4,3,Win,1,0,0,1.0,17.0,347.0,7.0,46.0,43.0,2.0,1.0,1.0,3.0,5.0,12.0,9.0,57.0,39.0,6.0,3.0,0.0,5.0,398.0,2.0,7.0,20.0,8.0,12.0,4.0,16.0,8.0
12436913,2024-2025,24.0,2025-02-02 16:30:00,Emirates Stadium,Peter Bankes,60355.0,Manchester City,Arsenal,Away,1,5,-4,0,Loss,0,0,1,3.0,20.0,426.0,7.0,54.0,38.0,1.0,0.0,1.0,0.0,2.0,12.0,2.0,43.0,43.0,7.0,2.0,1.0,6.0,474.0,3.0,4.0,21.0,5.0,7.0,2.0,14.0,8.0
12436919,2024-2025,24.0,2025-02-03 20:00:00,Stamford Bridge,Stuart Attwell,39459.0,Chelsea,West Ham United,Home,2,1,1,3,Win,1,0,0,6.0,14.0,516.0,20.0,68.0,43.0,2.0,1.0,1.0,10.0,4.0,7.0,5.0,57.0,67.0,11.0,4.0,0.0,3.0,597.0,9.0,3.0,14.0,15.0,22.0,7.0,23.0,18.0
12436919,2024-2025,24.0,2025-02-03 20:00:00,Stamford Bridge,Stuart Attwell,39459.0,West Ham United,Chelsea,Away,1,2,-1,0,Loss,0,0,1,4.0,21.0,206.0,13.0,32.0,40.0,1.0,1.0,0.0,3.0,3.0,10.0,5.0,43.0,34.0,10.0,3.0,1.0,11.0,280.0,6.0,5.0,34.0,9.0,14.0,5.0,14.0,7.0
13344418,2024-2025,15.0,2025-02-12 19:30:00,Goodison Park,Michael Oliver,39280.0,Everton,Liverpool,Home,2,2,0,1,Draw,0,1,0,3.0,33.0,215.0,20.0,37.0,51.0,1.0,,1.0,2.0,2.0,8.0,4.0,52.0,66.0,9.0,2.0,0.0,8.0,307.0,5.0,3.0,43.0,7.0,10.0,3.0,19.0,13.0
13344418,2024-2025,15.0,2025-02-12 19:30:00,Goodison Park,Michael Oliver,39280.0,Liverpool,Everton,Away,2,2,0,1,Draw,0,1,0,1.0,22.0,452.0,22.0,63.0,40.0,2.0,,2.0,2.0,3.0,12.0,8.0,48.0,66.0,20.0,1.0,0.0,8.0,546.0,0.0,4.0,36.0,4.0,6.0,2.0,18.0,10.0
12436937,2024-2025,25.0,2025-02-14 20:00:00,American Express Stadium,Chris Kavanagh,31503.0,Brighton & Hove Albion,Chelsea,Home,3,0,3,3,Win,1,0,0,2.0,22.0,251.0,13.0,31.0,36.0,5.0,4.0,1.0,2.0,2.0,12.0,7.0,50.0,34.0,12.0,1.0,1.0,13.0,327.0,6.0,5.0,32.0,8.0,13.0,5.0,20.0,11.0
12436937,2024-2025,25.0,2025-02-14 20:00:00,American Express Stadium,Chris Kavanagh,31503.0,Chelsea,Brighton & Hove Albion,Away,0,3,-3,0,Loss,0,0,1,1.0,17.0,664.0,13.0,69.0,39.0,1.0,1.0,0.0,2.0,9.0,9.0,9.0,50.0,62.0,15.0,3.0,0.0,7.0,735.0,6.0,0.0,9.0,6.0,8.0,2.0,19.0,4.0
12436943,2024-2025,25.0,2025-02-15 12:30:00,King Power Stadium,Samuel Barrott,31968.0,Leicester City,Arsenal,Home,0,2,-2,0,Loss,0,0,1,7.0,13.0,230.0,12.0,40.0,47.0,1.0,1.0,0.0,2.0,3.0,9.0,9.0,50.0,51.0,9.0,3.0,0.0,7.0,321.0,2.0,2.0,27.0,4.0,6.0,2.0,23.0,13.0
12436943,2024-2025,25.0,2025-02-15 12:30:00,King Power Stadium,Samuel Barrott,31968.0,Arsenal,Leicester City,Away,2,0,2,3,Win,1,0,0,4.0,15.0,420.0,15.0,60.0,49.0,3.0,1.0,2.0,3.0,7.0,15.0,14.0,50.0,54.0,10.0,2.0,2.0,5.0,491.0,3.0,5.0,22.0,6.0,11.0,5.0,15.0,11.0
12436948,2024-2025,25.0,2025-02-15 15:00:00,Etihad Stadium,Andy Madley,52432.0,Manchester City,Newcastle United,Home,4,0,4,3,Win,1,0,0,7.0,28.0,543.0,8.0,62.0,41.0,4.0,1.0,3.0,2.0,7.0,9.0,8.0,51.0,60.0,5.0,1.0,0.0,6.0,590.0,2.0,7.0,19.0,7.0,11.0,4.0,10.0,5.0
12436948,2024-2025,25.0,2025-02-15 15:00:00,Etihad Stadium,Andy Madley,52432.0,Newcastle United,Manchester City,Away,0,4,-4,0,Loss,0,0,1,3.0,15.0,292.0,5.0,38.0,42.0,0.0,0.0,0.0,1.0,4.0,7.0,1.0,49.0,29.0,13.0,3.0,0.0,7.0,353.0,1.0,1.0,20.0,3.0,3.0,0.0,26.0,15.0
12436945,2024-2025,25.0,2025-02-16 14:00:00,Anfield,Simon Hooper,60401.0,Liverpool,Wolverhampton,Home,2,1,1,3,Win,1,0,0,3.0,22.0,364.0,8.0,50.0,45.0,2.0,0.0,2.0,1.0,4.0,7.0,4.0,44.0,53.0,15.0,3.0,0.0,15.0,443.0,6.0,3.0,18.0,8.0,10.0,2.0,16.0,10.0
12436945,2024-2025,25.0,2025-02-16 14:00:00,Anfield,Simon Hooper,60401.0,Wolverhampton,Liverpool,Away,1,2,-1,0,Loss,0,0,1,1.0,16.0,388.0,10.0,50.0,48.0,1.0,1.0,0.0,5.0,3.0,3.0,10.0,56.0,46.0,13.0,1.0,0.0,9.0,458.0,7.0,4.0,21.0,6.0,16.0,10.0,15.0,11.0
12436952,2024-2025,25.0,2025-02-16 16:30:00,Tottenham Hotspur Stadium,Peter Bankes,61383.0,Tottenham Hotspur,Manchester United,Home,1,0,1,3,Win,1,0,0,11.0,9.0,459.0,9.0,56.0,47.0,1.0,0.0,1.0,9.0,10.0,14.0,13.0,44.0,48.0,13.0,6.0,0.0,5.0,521.0,6.0,7.0,26.0,19.0,22.0,3.0,13.0,6.0
12436952,2024-2025,25.0,2025-02-16 16:30:00,Tottenham Hotspur Stadium,Peter Bankes,61383.0,Manchester United,Tottenham Hotspur,Away,0,1,-1,0,Loss,0,0,1,8.0,29.0,344.0,11.0,44.0,54.0,2.0,2.0,0.0,4.0,5.0,10.0,2.0,56.0,45.0,9.0,6.0,0.0,11.0,412.0,6.0,6.0,24.0,14.0,16.0,2.0,32.0,20.0
12437019,2024-2025,29.0,2025-02-19 19:30:00,Villa Park,Craig Pawson,41910.0,Aston Villa,Liverpool,Home,2,2,0,1,Draw,0,1,0,3.0,11.0,379.0,12.0,52.0,36.0,2.0,0.0,2.0,2.0,6.0,7.0,13.0,55.0,37.0,8.0,1.0,0.0,3.0,449.0,3.0,4.0,20.0,5.0,9.0,4.0,22.0,13.0
12437019,2024-2025,29.0,2025-02-19 19:30:00,Villa Park,Craig Pawson,41910.0,Liverpool,Aston Villa,Away,2,2,0,1,Draw,0,1,0,3.0,25.0,340.0,13.0,48.0,39.0,3.0,2.0,1.0,4.0,8.0,8.0,7.0,45.0,47.0,6.0,1.0,1.0,8.0,407.0,10.0,3.0,24.0,14.0,17.0,3.0,16.0,11.0
12436625,2024-2025,26.0,2025-02-22 12:30:00,Goodison Park,Andy Madley,39290.0,Everton,Manchester United,Home,2,2,0,1,Draw,0,1,0,8.0,25.0,231.0,20.0,38.0,51.0,4.0,3.0,1.0,1.0,7.0,12.0,6.0,49.0,56.0,12.0,1.0,0.0,9.0,313.0,0.0,8.0,35.0,8.0,9.0,1.0,24.0,18.0
12436625,2024-2025,26.0,2025-02-22 12:30:00,Goodison Park,Andy Madley,39290.0,Manchester United,Everton,Away,2,2,0,1,Draw,0,1,0,3.0,22.0,456.0,20.0,62.0,54.0,1.0,1.0,0.0,4.0,8.0,13.0,7.0,51.0,55.0,9.0,6.0,0.0,13.0,533.0,2.0,3.0,35.0,4.0,9.0,5.0,24.0,15.0
12436960,2024-2025,26.0,2025-02-22 15:00:00,Emirates Stadium,Craig Pawson,60262.0,Arsenal,West Ham United,Home,0,1,-1,0,Loss,0,0,1,7.0,12.0,574.0,17.0,68.0,38.0,1.0,1.0,0.0,10.0,2.0,8.0,7.0,49.0,71.0,16.0,1.0,0.0,8.0,642.0,8.0,2.0,6.0,14.0,20.0,6.0,12.0,5.0
12436960,2024-2025,26.0,2025-02-22 15:00:00,Emirates Stadium,Craig Pawson,60262.0,West Ham United,Arsenal,Away,1,0,1,3,Win,1,0,0,3.0,21.0,241.0,20.0,32.0,40.0,1.0,0.0,1.0,0.0,0.0,7.0,6.0,51.0,42.0,15.0,2.0,0.0,14.0,309.0,3.0,2.0,44.0,5.0,5.0,0.0,12.0,5.0
12436621,2024-2025,26.0,2025-02-22 17:30:00,Villa Park,Michael Oliver,42423.0,Aston Villa,Chelsea,Home,2,1,1,3,Win,1,0,0,3.0,15.0,421.0,7.0,52.0,50.0,3.0,2.0,1.0,3.0,2.0,10.0,11.0,53.0,55.0,15.0,5.0,0.0,5.0,484.0,3.0,6.0,16.0,10.0,12.0,2.0,17.0,9.0
12436621,2024-2025,26.0,2025-02-22 17:30:00,Villa Park,Michael Oliver,42423.0,Chelsea,Aston Villa,Away,1,2,-1,0,Loss,0,0,1,3.0,22.0,393.0,8.0,48.0,51.0,3.0,2.0,1.0,3.0,3.0,8.0,7.0,47.0,50.0,16.0,4.0,0.0,10.0,446.0,5.0,7.0,25.0,9.0,15.0,6.0,16.0,7.0
12436531,2024-2025,21.0,2025-01-14 19:30:00,Stamford Bridge,Robert Jones,39092.0,Chelsea,Bournemouth,Home,2,2,0,1,Draw,0,1,0,5.0,33.0,355.0,15.0,57.0,45.0,5.0,4.0,1.0,9.0,9.0,2.0,14.0,54.0,49.0,15.0,1.0,1.0,5.0,426.0,7.0,10.0,8.0,16.0,26.0,10.0,11.0,7.0
12436531,2024-2025,21.0,2025-01-14 19:30:00,Stamford Bridge,Robert Jones,39092.0,Bournemouth,Chelsea,Away,2,2,0,1,Draw,0,1,0,2.0,17.0,248.0,12.0,43.0,45.0,1.0,0.0,1.0,1.0,3.0,4.0,5.0,46.0,47.0,16.0,8.0,1.0,10.0,320.0,3.0,3.0,27.0,6.0,7.0,1.0,16.0,9.0
12436436,2024-2025,21.0,2025-01-14 19:30:00,Brentford Community Stadium,Anthony Taylor,17048.0,Brentford,Manchester City,Home,2,2,0,1,Draw,0,1,0,5.0,26.0,335.0,16.0,45.0,42.0,4.0,3.0,1.0,3.0,4.0,7.0,4.0,47.0,53.0,4.0,6.0,0.0,9.0,415.0,9.0,6.0,20.0,16.0,18.0,2.0,10.0,6.0
12436436,2024-2025,21.0,2025-01-14 19:30:00,Brentford Community Stadium,Anthony Taylor,17048.0,Manchester City,Brentford,Away,2,2,0,1,Draw,0,1,0,7.0,27.0,449.0,17.0,55.0,42.0,5.0,3.0,2.0,2.0,5.0,5.0,6.0,53.0,37.0,4.0,3.0,1.0,9.0,519.0,11.0,8.0,30.0,15.0,21.0,6.0,12.0,6.0
12436526,2024-2025,21.0,2025-01-14 20:00:00,City Ground,Chris Kavanagh,30249.0,Nottingham Forest,Liverpool,Home,1,1,0,1,Draw,0,1,0,0.0,23.0,159.0,10.0,29.0,44.0,1.0,0.0,1.0,2.0,0.0,3.0,6.0,54.0,42.0,7.0,5.0,0.0,9.0,235.0,1.0,3.0,58.0,2.0,6.0,4.0,20.0,15.0
12436526,2024-2025,21.0,2025-01-14 20:00:00,City Ground,Chris Kavanagh,30249.0,Liverpool,Nottingham Forest,Away,1,1,0,1,Draw,0,1,0,6.0,25.0,482.0,18.0,71.0,46.0,4.0,3.0,1.0,6.0,9.0,7.0,4.0,46.0,77.0,10.0,2.0,0.0,2.0,566.0,10.0,7.0,29.0,14.0,23.0,9.0,10.0,4.0
12436511,2024-2025,21.0,2025-01-15 20:00:00,Emirates Stadium,Simon Hooper,60287.0,Arsenal,Tottenham Hotspur,Home,2,1,1,3,Win,1,0,0,6.0,20.0,357.0,14.0,53.0,47.0,4.0,4.0,,6.0,10.0,11.0,9.0,51.0,63.0,16.0,1.0,0.0,9.0,426.0,4.0,4.0,14.0,11.0,14.0,3.0,21.0,13.0
12436511,2024-2025,21.0,2025-01-15 20:00:00,Emirates Stadium,Simon Hooper,60287.0,Tottenham Hotspur,Arsenal,Away,1,2,-1,0,Loss,0,0,1,4.0,14.0,314.0,8.0,47.0,43.0,1.0,1.0,,4.0,4.0,15.0,6.0,49.0,37.0,9.0,3.0,1.0,4.0,375.0,4.0,2.0,31.0,8.0,10.0,2.0,21.0,13.0
12436516,2024-2025,21.0,2025-01-16 20:00:00,Old Trafford,John Brooks,73722.0,Manchester United,Southampton,Home,3,1,2,3,Win,1,0,0,3.0,14.0,504.0,9.0,60.0,54.0,6.0,3.0,3.0,12.0,4.0,17.0,8.0,40.0,34.0,7.0,5.0,0.0,12.0,594.0,2.0,9.0,22.0,17.0,23.0,6.0,17.0,10.0
12436516,2024-2025,21.0,2025-01-16 20:00:00,Old Trafford,John Brooks,73722.0,Southampton,Manchester United,Away,1,3,-2,0,Loss,0,0,1,2.0,24.0,323.0,20.0,40.0,51.0,1.0,1.0,0.0,5.0,4.0,14.0,13.0,60.0,57.0,10.0,6.0,0.0,9.0,406.0,3.0,5.0,29.0,7.0,13.0,6.0,25.0,16.0
12436440,2024-2025,22.0,2025-01-18 15:00:00,Brentford Community Stadium,Andy Madley,17215.0,Brentford,Liverpool,Home,0,2,-2,0,Loss,0,0,1,1.0,26.0,252.0,13.0,39.0,48.0,2.0,2.0,0.0,1.0,2.0,9.0,8.0,57.0,30.0,6.0,6.0,0.0,10.0,319.0,4.0,6.0,35.0,9.0,11.0,2.0,12.0,6.0
12436440,2024-2025,22.0,2025-01-18 15:00:00,Brentford Community Stadium,Andy Madley,17215.0,Liverpool,Brentford,Away,2,0,2,3,Win,1,0,0,10.0,20.0,423.0,12.0,61.0,52.0,4.0,2.0,2.0,15.0,15.0,3.0,7.0,43.0,53.0,14.0,7.0,1.0,4.0,484.0,14.0,8.0,19.0,28.0,37.0,9.0,10.0,5.0
12436443,2024-2025,22.0,2025-01-18 17:30:00,Emirates Stadium,Chris Kavanagh,60067.0,Arsenal,Aston Villa,Home,2,2,0,1,Draw,0,1,0,9.0,21.0,429.0,16.0,66.0,42.0,2.0,,2.0,5.0,10.0,7.0,7.0,53.0,82.0,10.0,2.0,1.0,8.0,483.0,7.0,6.0,10.0,11.0,18.0,7.0,12.0,7.0
12436443,2024-2025,22.0,2025-01-18 17:30:00,Emirates Stadium,Chris Kavanagh,60067.0,Aston Villa,Arsenal,Away,2,2,0,1,Draw,0,1,0,1.0,21.0,193.0,13.0,34.0,38.0,2.0,,2.0,1.0,1.0,8.0,6.0,47.0,26.0,18.0,4.0,1.0,3.0,262.0,3.0,4.0,40.0,5.0,8.0,3.0,17.0,8.0
12436883,2024-2025,22.0,2025-01-19 14:00:00,Old Trafford,Peter Bankes,73758.0,Manchester United,Brighton & Hove Albion,Home,1,3,-2,0,Loss,0,0,1,3.0,21.0,382.0,14.0,52.0,46.0,1.0,0.0,1.0,6.0,4.0,15.0,4.0,45.0,44.0,13.0,,0.0,11.0,463.0,3.0,1.0,12.0,9.0,10.0,1.0,18.0,10.0
12436883,2024-2025,22.0,2025-01-19 14:00:00,Old Trafford,Peter Bankes,73758.0,Brighton & Hove Albion,Manchester United,Away,3,1,2,3,Win,1,0,0,1.0,22.0,355.0,12.0,48.0,42.0,4.0,1.0,3.0,2.0,2.0,6.0,11.0,55.0,42.0,12.0,,0.0,6.0,437.0,1.0,3.0,17.0,4.0,6.0,2.0,22.0,11.0
12436439,2024-2025,22.0,2025-01-19 16:30:00,Portman Road Stadium,Samuel Barrott,29841.0,Ipswich Town,Manchester City,Home,0,6,-6,0,Loss,0,0,1,3.0,26.0,308.0,10.0,33.0,33.0,1.0,1.0,0.0,3.0,4.0,7.0,7.0,53.0,38.0,4.0,3.0,0.0,8.0,353.0,1.0,4.0,21.0,5.0,8.0,3.0,13.0,9.0
12436439,2024-2025,22.0,2025-01-19 16:30:00,Portman Road Stadium,Samuel Barrott,29841.0,Manchester City,Ipswich Town,Away,6,0,6,3,Win,1,0,0,0.0,20.0,686.0,6.0,67.0,42.0,6.0,2.0,4.0,5.0,7.0,8.0,9.0,47.0,63.0,7.0,4.0,0.0,7.0,747.0,3.0,9.0,11.0,14.0,17.0,3.0,14.0,8.0
12436455,2024-2025,22.0,2025-01-20 20:00:00,Stamford Bridge,Simon Hooper,39221.0,Chelsea,Wolverhampton,Home,3,1,2,3,Win,1,0,0,6.0,24.0,504.0,12.0,63.0,43.0,4.0,1.0,3.0,6.0,3.0,11.0,7.0,50.0,60.0,8.0,3.0,0.0,7.0,567.0,6.0,7.0,19.0,15.0,19.0,4.0,9.0,8.0
12436455,2024-2025,22.0,2025-01-20 20:00:00,Stamford Bridge,Simon Hooper,39221.0,Wolverhampton,Chelsea,Away,1,3,-2,0,Loss,0,0,1,3.0,18.0,261.0,9.0,37.0,44.0,1.0,0.0,1.0,3.0,6.0,7.0,5.0,50.0,37.0,14.0,3.0,0.0,9.0,333.0,2.0,4.0,34.0,6.0,9.0,3.0,21.0,11.0
12436909,2024-2025,23.0,2025-01-25 15:00:00,Molineux Stadium,Michael Oliver,31503.0,Wolverhampton,Arsenal,Home,0,1,-1,0,Loss,0,0,1,3.0,20.0,364.0,14.0,52.0,53.0,1.0,1.0,,1.0,1.0,10.0,7.0,50.0,52.0,20.0,2.0,0.0,7.0,433.0,4.0,4.0,30.0,4.0,9.0,5.0,27.0,20.0
12436909,2024-2025,23.0,2025-01-25 15:00:00,Molineux Stadium,Michael Oliver,31503.0,Arsenal,Wolverhampton,Away,1,0,1,3,Win,1,0,0,4.0,14.0,329.0,7.0,48.0,48.0,3.0,3.0,,3.0,5.0,10.0,8.0,50.0,55.0,10.0,4.0,0.0,8.0,397.0,3.0,3.0,14.0,6.0,9.0,3.0,22.0,11.0
12436901,2024-2025,23.0,2025-01-25 15:00:00,Anfield,Michael Salisbury,60420.0,Liverpool,Ipswich Town,Home,4,1,3,3,Win,1,0,0,5.0,22.0,673.0,11.0,70.0,50.0,3.0,0.0,3.0,3.0,3.0,15.0,16.0,55.0,92.0,10.0,2.0,1.0,3.0,746.0,7.0,6.0,7.0,10.0,16.0,6.0,16.0,9.0
12436901,2024-2025,23.0,2025-01-25 15:00:00,Anfield,Michael Salisbury,60420.0,Ipswich Town,Liverpool,Away,1,4,-3,0,Loss,0,0,1,3.0,18.0,241.0,5.0,30.0,49.0,2.0,1.0,1.0,0.0,4.0,8.0,8.0,45.0,29.0,11.0,2.0,0.0,13.0,312.0,0.0,3.0,34.0,2.0,3.0,1.0,22.0,12.0
12436903,2024-2025,23.0,2025-01-25 17:30:00,Etihad Stadium,John Brooks,52793.0,Manchester City,Chelsea,Home,3,1,2,3,Win,1,0,0,2.0,23.0,489.0,7.0,57.0,45.0,7.0,4.0,3.0,3.0,2.0,5.0,9.0,50.0,41.0,6.0,3.0,1.0,6.0,567.0,6.0,6.0,15.0,9.0,15.0,6.0,13.0,9.0
12436903,2024-2025,23.0,2025-01-25 17:30:00,Etihad Stadium,John Brooks,52793.0,Chelsea,Manchester City,Away,1,3,-2,0,Loss,0,0,1,0.0,25.0,352.0,8.0,43.0,35.0,3.0,2.0,1.0,3.0,3.0,5.0,11.0,50.0,37.0,8.0,3.0,0.0,4.0,425.0,3.0,4.0,12.0,7.0,10.0,3.0,12.0,8.0
12436899,2024-2025,23.0,2025-01-26 19:00:00,Craven Cottage,Anthony Taylor,27288.0,Fulham,Manchester United,Home,0,1,-1,0,Loss,0,0,1,8.0,20.0,413.0,14.0,51.0,51.0,,,,0.0,3.0,8.0,4.0,49.0,51.0,7.0,0.0,0.0,7.0,496.0,6.0,3.0,10.0,8.0,9.0,1.0,16.0,10.0
12436899,2024-2025,23.0,2025-01-26 19:00:00,Craven Cottage,Anthony Taylor,27288.0,Manchester United,Fulham,Away,1,0,1,3,Win,1,0,0,1.0,21.0,412.0,16.0,49.0,51.0,,,,1.0,0.0,9.0,3.0,51.0,48.0,9.0,2.0,0.0,7.0,491.0,2.0,1.0,22.0,1.0,4.0,3.0,18.0,9.0
12436473,2024-2025,18.0,2024-12-26 15:00:00,Stamford Bridge,Samuel Barrott,39687.0,Chelsea,Fulham,Home,1,2,-1,0,Loss,0,0,1,2.0,16.0,422.0,7.0,47.0,50.0,3.0,3.0,0.0,3.0,3.0,4.0,8.0,47.0,67.0,13.0,5.0,0.0,6.0,506.0,1.0,8.0,16.0,7.0,12.0,5.0,12.0,7.0
12436473,2024-2025,18.0,2024-12-26 15:00:00,Stamford Bridge,Samuel Barrott,39687.0,Fulham,Chelsea,Away,2,1,1,3,Win,1,0,0,7.0,31.0,489.0,11.0,53.0,57.0,3.0,1.0,2.0,0.0,1.0,7.0,14.0,53.0,51.0,13.0,7.0,0.0,12.0,567.0,7.0,7.0,20.0,10.0,14.0,4.0,9.0,5.0
12436482,2024-2025,18.0,2024-12-26 17:30:00,Molineux Stadium,Tony Harrington,31407.0,Wolverhampton,Manchester United,Home,2,0,2,3,Win,1,0,0,2.0,32.0,394.0,16.0,51.0,58.0,1.0,,1.0,2.0,4.0,18.0,9.0,56.0,53.0,12.0,4.0,0.0,14.0,474.0,1.0,4.0,21.0,3.0,7.0,4.0,26.0,19.0
12436482,2024-2025,18.0,2024-12-26 17:30:00,Molineux Stadium,Tony Harrington,31407.0,Manchester United,Wolverhampton,Away,0,2,-2,0,Loss,0,0,1,7.0,17.0,366.0,9.0,49.0,53.0,0.0,,0.0,4.0,4.0,12.0,4.0,44.0,64.0,12.0,2.0,0.0,13.0,457.0,3.0,4.0,21.0,5.0,11.0,6.0,24.0,17.0
12436474,2024-2025,18.0,2024-12-26 20:00:00,Anfield,Darren Bond,60300.0,Liverpool,Leicester City,Home,3,1,2,3,Win,1,0,0,12.0,24.0,590.0,11.0,69.0,48.0,1.0,,1.0,6.0,14.0,9.0,5.0,46.0,89.0,17.0,0.0,2.0,8.0,649.0,6.0,7.0,9.0,14.0,19.0,5.0,18.0,8.0
12436474,2024-2025,18.0,2024-12-26 20:00:00,Anfield,Darren Bond,60300.0,Leicester City,Liverpool,Away,1,3,-2,0,Loss,0,0,1,4.0,22.0,237.0,16.0,31.0,38.0,0.0,,0.0,1.0,1.0,9.0,1.0,54.0,25.0,5.0,4.0,0.0,15.0,310.0,2.0,1.0,52.0,2.0,4.0,2.0,13.0,5.0
12436472,2024-2025,18.0,2024-12-27 20:15:00,Emirates Stadium,Darren England,60271.0,Arsenal,Ipswich Town,Home,1,0,1,3,Win,1,0,0,5.0,9.0,604.0,13.0,68.0,40.0,3.0,2.0,1.0,5.0,5.0,9.0,7.0,55.0,65.0,7.0,0.0,0.0,4.0,670.0,3.0,5.0,14.0,9.0,13.0,4.0,24.0,13.0
12436472,2024-2025,18.0,2024-12-27 20:15:00,Emirates Stadium,Darren England,60271.0,Ipswich Town,Arsenal,Away,0,1,-1,0,Loss,0,0,1,1.0,9.0,256.0,15.0,32.0,39.0,0.0,0.0,0.0,3.0,1.0,17.0,6.0,45.0,26.0,12.0,4.0,0.0,11.0,318.0,0.0,0.0,29.0,0.0,3.0,3.0,18.0,10.0
12436512,2024-2025,19.0,2024-12-29 14:30:00,King Power Stadium,Michael Oliver,32057.0,Leicester City,Manchester City,Home,0,2,-2,0,Loss,0,0,1,5.0,19.0,538.0,5.0,54.0,35.0,3.0,3.0,0.0,2.0,4.0,4.0,9.0,52.0,53.0,11.0,3.0,2.0,9.0,578.0,5.0,4.0,10.0,10.0,11.0,1.0,14.0,8.0
12436512,2024-2025,19.0,2024-12-29 14:30:00,King Power Stadium,Michael Oliver,32057.0,Manchester City,Leicester City,Away,2,0,2,3,Win,1,0,0,5.0,17.0,461.0,6.0,46.0,33.0,2.0,0.0,2.0,3.0,4.0,7.0,5.0,48.0,45.0,6.0,3.0,0.0,5.0,505.0,6.0,5.0,16.0,8.0,14.0,6.0,10.0,6.0
12436513,2024-2025,19.0,2024-12-29 17:15:00,London Stadium,Anthony Taylor,60300.0,West Ham United,Liverpool,Home,0,5,-5,0,Loss,0,0,1,2.0,26.0,399.0,6.0,46.0,47.0,1.0,1.0,0.0,3.0,2.0,14.0,7.0,46.0,46.0,7.0,8.0,2.0,11.0,466.0,4.0,0.0,23.0,5.0,7.0,2.0,17.0,13.0
12436513,2024-2025,19.0,2024-12-29 17:15:00,London Stadium,Anthony Taylor,60300.0,Liverpool,West Ham United,Away,5,0,5,3,Win,1,0,0,6.0,21.0,475.0,7.0,54.0,52.0,9.0,6.0,3.0,2.0,6.0,10.0,10.0,54.0,76.0,10.0,1.0,0.0,4.0,540.0,7.0,13.0,14.0,17.0,22.0,5.0,23.0,15.0
12436510,2024-2025,19.0,2024-12-30 19:45:00,Portman Road Stadium,John Brooks,29968.0,Ipswich Town,Chelsea,Home,2,0,2,3,Win,1,0,0,2.0,19.0,144.0,15.0,24.0,44.0,2.0,1.0,1.0,2.0,4.0,7.0,3.0,51.0,36.0,9.0,4.0,0.0,6.0,227.0,1.0,6.0,26.0,8.0,9.0,1.0,17.0,7.0
12436510,2024-2025,19.0,2024-12-30 19:45:00,Portman Road Stadium,John Brooks,29968.0,Chelsea,Ipswich Town,Away,0,2,-2,0,Loss,0,0,1,2.0,16.0,655.0,16.0,76.0,47.0,4.0,4.0,0.0,8.0,7.0,10.0,4.0,49.0,80.0,5.0,4.0,2.0,5.0,729.0,7.0,5.0,14.0,13.0,20.0,7.0,11.0,5.0
12436522,2024-2025,19.0,2024-12-30 20:00:00,Old Trafford,Simon Hooper,73809.0,Manchester United,Newcastle United,Home,0,2,-2,0,Loss,0,0,1,2.0,27.0,508.0,10.0,53.0,59.0,2.0,2.0,0.0,4.0,2.0,9.0,4.0,50.0,70.0,13.0,2.0,1.0,8.0,587.0,5.0,1.0,10.0,7.0,10.0,3.0,26.0,16.0
12436522,2024-2025,19.0,2024-12-30 20:00:00,Old Trafford,Simon Hooper,73809.0,Newcastle United,Manchester United,Away,2,0,2,3,Win,1,0,0,4.0,26.0,444.0,9.0,47.0,58.0,4.0,3.0,1.0,4.0,3.0,13.0,6.0,50.0,43.0,8.0,0.0,1.0,8.0,518.0,4.0,4.0,16.0,7.0,12.0,5.0,19.0,16.0
12436410,2024-2025,19.0,2025-01-01 17:30:00,Brentford Community Stadium,Peter Bankes,17190.0,Brentford,Arsenal,Home,1,3,-2,0,Loss,0,0,1,2.0,37.0,399.0,12.0,51.0,45.0,0.0,,0.0,1.0,4.0,9.0,4.0,41.0,56.0,6.0,1.0,0.0,6.0,485.0,2.0,2.0,27.0,4.0,5.0,1.0,10.0,7.0
12436410,2024-2025,19.0,2025-01-01 17:30:00,Brentford Community Stadium,Peter Bankes,17190.0,Arsenal,Brentford,Away,3,1,2,3,Win,1,0,0,6.0,13.0,388.0,19.0,49.0,57.0,2.0,,2.0,5.0,3.0,5.0,8.0,59.0,55.0,8.0,1.0,0.0,6.0,465.0,4.0,5.0,22.0,11.0,14.0,3.0,16.0,9.0
12436419,2024-2025,20.0,2025-01-04 15:00:00,Selhurst Park,Tim Robinson,25179.0,Crystal Palace,Chelsea,Home,1,1,0,1,Draw,0,1,0,5.0,33.0,260.0,17.0,38.0,52.0,2.0,1.0,1.0,5.0,6.0,7.0,4.0,62.0,48.0,9.0,0.0,0.0,7.0,345.0,2.0,6.0,20.0,10.0,13.0,3.0,26.0,16.0
12436419,2024-2025,20.0,2025-01-04 15:00:00,Selhurst Park,Tim Robinson,25179.0,Chelsea,Crystal Palace,Away,1,1,0,1,Draw,0,1,0,3.0,39.0,487.0,8.0,62.0,64.0,2.0,1.0,1.0,4.0,6.0,15.0,6.0,38.0,62.0,12.0,5.0,0.0,8.0,566.0,10.0,1.0,13.0,11.0,15.0,4.0,12.0,5.0
12436508,2024-2025,20.0,2025-01-04 15:00:00,Etihad Stadium,Michael Salisbury,52737.0,Manchester City,West Ham United,Home,4,1,3,3,Win,1,0,0,1.0,20.0,496.0,7.0,56.0,41.0,3.0,0.0,3.0,3.0,7.0,10.0,6.0,49.0,42.0,8.0,3.0,0.0,6.0,556.0,0.0,7.0,17.0,7.0,10.0,3.0,12.0,8.0
12436508,2024-2025,20.0,2025-01-04 15:00:00,Etihad Stadium,Michael Salisbury,52737.0,West Ham United,Manchester City,Away,1,4,-3,0,Loss,0,0,1,7.0,28.0,372.0,14.0,44.0,44.0,3.0,2.0,1.0,3.0,1.0,3.0,6.0,51.0,37.0,13.0,4.0,0.0,7.0,433.0,10.0,4.0,17.0,14.0,17.0,3.0,13.0,9.0
12436528,2024-2025,20.0,2025-01-04 17:30:00,American Express Stadium,Anthony Taylor,31714.0,Brighton & Hove Albion,Arsenal,Home,1,1,0,1,Draw,0,1,0,2.0,18.0,368.0,13.0,45.0,54.0,3.0,2.0,1.0,3.0,2.0,5.0,12.0,49.0,42.0,17.0,2.0,0.0,8.0,427.0,4.0,4.0,22.0,6.0,11.0,5.0,11.0,10.0
12436528,2024-2025,20.0,2025-01-04 17:30:00,American Express Stadium,Anthony Taylor,31714.0,Arsenal,Brighton & Hove Albion,Away,1,1,0,1,Draw,0,1,0,3.0,22.0,456.0,13.0,55.0,55.0,5.0,4.0,1.0,2.0,5.0,5.0,7.0,51.0,60.0,14.0,3.0,1.0,5.0,519.0,4.0,3.0,8.0,6.0,9.0,3.0,14.0,7.0
12436514,2024-2025,20.0,2025-01-05 16:30:00,Anfield,Michael Oliver,60275.0,Liverpool,Manchester United,Home,2,2,0,1,Draw,0,1,0,3.0,16.0,364.0,11.0,53.0,44.0,4.0,3.0,1.0,5.0,6.0,11.0,13.0,47.0,58.0,10.0,2.0,0.0,14.0,438.0,8.0,6.0,29.0,15.0,19.0,4.0,6.0,2.0
12436514,2024-2025,20.0,2025-01-05 16:30:00,Anfield,Michael Oliver,60275.0,Manchester United,Liverpool,Away,2,2,0,1,Draw,0,1,0,6.0,28.0,287.0,8.0,47.0,45.0,3.0,2.0,1.0,8.0,9.0,1.0,10.0,53.0,37.0,13.0,4.0,0.0,13.0,383.0,1.0,4.0,26.0,11.0,13.0,2.0,20.0,8.0
12436445,2024-2025,15.0,2024-12-07 15:00:00,Selhurst Park,Robert Jones,25142.0,Crystal Palace,Manchester City,Home,2,2,0,1,Draw,0,1,0,3.0,23.0,258.0,6.0,32.0,47.0,1.0,0.0,1.0,8.0,6.0,11.0,6.0,53.0,41.0,4.0,2.0,0.0,6.0,333.0,1.0,3.0,23.0,6.0,12.0,6.0,18.0,9.0
12436445,2024-2025,15.0,2024-12-07 15:00:00,Selhurst Park,Robert Jones,25142.0,Manchester City,Crystal Palace,Away,2,2,0,1,Draw,0,1,0,5.0,20.0,636.0,12.0,68.0,51.0,3.0,1.0,2.0,4.0,8.0,12.0,5.0,47.0,65.0,10.0,1.0,1.0,7.0,719.0,4.0,4.0,16.0,9.0,12.0,3.0,14.0,7.0
12436449,2024-2025,15.0,2024-12-07 17:30:00,Old Trafford,Darren England,,Manchester United,Nottingham Forest,Home,2,3,-1,0,Loss,0,0,1,3.0,17.0,528.0,14.0,71.0,48.0,2.0,1.0,1.0,5.0,5.0,10.0,7.0,48.0,56.0,10.0,0.0,1.0,9.0,601.0,5.0,7.0,5.0,10.0,17.0,7.0,13.0,10.0
12436449,2024-2025,15.0,2024-12-07 17:30:00,Old Trafford,Darren England,,Nottingham Forest,Manchester United,Away,3,2,1,3,Win,1,0,0,4.0,12.0,158.0,17.0,29.0,51.0,0.0,0.0,0.0,4.0,3.0,5.0,8.0,52.0,40.0,13.0,5.0,1.0,8.0,242.0,4.0,3.0,31.0,8.0,11.0,3.0,16.0,8.0
12436459,2024-2025,15.0,2024-12-08 14:00:00,Craven Cottage,Chris Kavanagh,26954.0,Fulham,Arsenal,Home,1,1,0,1,Draw,0,1,0,0.0,28.0,218.0,6.0,34.0,49.0,0.0,0.0,0.0,0.0,0.0,6.0,5.0,57.0,30.0,10.0,3.0,0.0,9.0,302.0,0.0,2.0,25.0,2.0,2.0,0.0,27.0,16.0
12436459,2024-2025,15.0,2024-12-08 14:00:00,Craven Cottage,Chris Kavanagh,26954.0,Arsenal,Fulham,Away,1,1,0,1,Draw,0,1,0,8.0,19.0,522.0,10.0,66.0,55.0,4.0,3.0,1.0,0.0,6.0,13.0,8.0,43.0,69.0,9.0,1.0,0.0,6.0,587.0,8.0,4.0,11.0,10.0,12.0,2.0,9.0,6.0
12436441,2024-2025,15.0,2024-12-08 16:30:00,Tottenham Hotspur Stadium,Anthony Taylor,61184.0,Tottenham Hotspur,Chelsea,Home,3,4,-1,0,Loss,0,0,1,5.0,12.0,263.0,8.0,39.0,47.0,6.0,4.0,2.0,3.0,5.0,15.0,8.0,47.0,36.0,17.0,4.0,1.0,4.0,316.0,5.0,5.0,19.0,11.0,13.0,2.0,19.0,14.0
12436441,2024-2025,15.0,2024-12-08 16:30:00,Tottenham Hotspur Stadium,Anthony Taylor,61184.0,Chelsea,Tottenham Hotspur,Away,4,3,1,3,Win,1,0,0,4.0,19.0,446.0,8.0,61.0,46.0,3.0,1.0,2.0,5.0,10.0,8.0,10.0,53.0,51.0,11.0,2.0,0.0,12.0,517.0,4.0,8.0,7.0,12.0,17.0,5.0,18.0,13.0
12436438,2024-2025,16.0,2024-12-14 15:00:00,Emirates Stadium,Craig Pawson,60176.0,Arsenal,Everton,Home,0,0,0,1,Draw,0,1,0,7.0,19.0,631.0,15.0,77.0,54.0,1.0,1.0,,5.0,8.0,16.0,13.0,50.0,79.0,6.0,0.0,0.0,0.0,684.0,3.0,5.0,7.0,11.0,13.0,2.0,18.0,10.0
12436438,2024-2025,16.0,2024-12-14 15:00:00,Emirates Stadium,Craig Pawson,60176.0,Everton,Arsenal,Away,0,0,0,1,Draw,0,1,0,1.0,13.0,149.0,9.0,23.0,52.0,0.0,0.0,,2.0,2.0,11.0,10.0,50.0,38.0,9.0,5.0,0.0,7.0,209.0,0.0,0.0,39.0,1.0,2.0,1.0,29.0,20.0
12436446,2024-2025,16.0,2024-12-14 15:00:00,Anfield,Tony Harrington,60333.0,Liverpool,Fulham,Home,2,2,0,1,Draw,0,1,0,6.0,30.0,469.0,14.0,61.0,46.0,3.0,1.0,2.0,5.0,5.0,5.0,12.0,55.0,68.0,10.0,1.0,0.0,9.0,529.0,7.0,4.0,6.0,16.0,16.0,0.0,15.0,9.0
12436446,2024-2025,16.0,2024-12-14 15:00:00,Anfield,Tony Harrington,60333.0,Fulham,Liverpool,Away,2,2,0,1,Draw,0,1,0,4.0,26.0,280.0,9.0,39.0,40.0,1.0,0.0,1.0,4.0,4.0,6.0,7.0,45.0,38.0,7.0,2.0,0.0,7.0,340.0,5.0,3.0,29.0,7.0,12.0,5.0,15.0,8.0
12436451,2024-2025,16.0,2024-12-15 16:30:00,Etihad Stadium,Anthony Taylor,52788.0,Manchester City,Manchester United,Home,1,2,-1,0,Loss,0,0,1,2.0,22.0,432.0,10.0,52.0,35.0,0.0,0.0,0.0,3.0,8.0,12.0,9.0,49.0,63.0,5.0,1.0,0.0,10.0,498.0,4.0,3.0,10.0,5.0,10.0,5.0,14.0,10.0
12436451,2024-2025,16.0,2024-12-15 16:30:00,Etihad Stadium,Anthony Taylor,52788.0,Manchester United,Manchester City,Away,2,1,1,3,Win,1,0,0,4.0,27.0,413.0,12.0,48.0,43.0,3.0,1.0,2.0,3.0,2.0,7.0,8.0,51.0,39.0,14.0,2.0,0.0,17.0,468.0,4.0,3.0,18.0,7.0,10.0,3.0,24.0,11.0
12436461,2024-2025,16.0,2024-12-15 19:00:00,Stamford Bridge,Peter Bankes,39571.0,Chelsea,Brentford,Home,2,1,1,3,Win,1,0,0,10.0,25.0,443.0,20.0,62.0,63.0,4.0,3.0,1.0,8.0,8.0,6.0,5.0,49.0,69.0,11.0,3.0,0.0,8.0,518.0,10.0,8.0,20.0,20.0,26.0,6.0,15.0,8.0
12436461,2024-2025,16.0,2024-12-15 19:00:00,Stamford Bridge,Peter Bankes,39571.0,Brentford,Chelsea,Away,1,2,-1,0,Loss,0,0,1,3.0,20.0,250.0,19.0,38.0,53.0,4.0,3.0,1.0,2.0,5.0,8.0,4.0,51.0,46.0,7.0,6.0,1.0,6.0,327.0,3.0,4.0,37.0,7.0,9.0,2.0,17.0,12.0
12436453,2024-2025,17.0,2024-12-21 12:30:00,Villa Park,Peter Bankes,42345.0,Aston Villa,Manchester City,Home,2,1,1,3,Win,1,0,0,2.0,16.0,369.0,2.0,44.0,39.0,4.0,3.0,1.0,2.0,5.0,3.0,6.0,55.0,33.0,14.0,5.0,2.0,4.0,428.0,3.0,6.0,17.0,10.0,11.0,1.0,22.0,12.0
12436453,2024-2025,17.0,2024-12-21 12:30:00,Villa Park,Peter Bankes,42345.0,Manchester City,Aston Villa,Away,1,2,-1,0,Loss,0,0,1,2.0,23.0,496.0,2.0,56.0,40.0,2.0,1.0,1.0,1.0,4.0,13.0,8.0,45.0,64.0,7.0,4.0,0.0,5.0,537.0,5.0,6.0,15.0,7.0,12.0,5.0,6.0,4.0
12436464,2024-2025,17.0,2024-12-21 17:30:00,Selhurst Park,Simon Hooper,25167.0,Crystal Palace,Arsenal,Home,1,5,-4,0,Loss,0,0,1,6.0,15.0,318.0,13.0,42.0,41.0,3.0,3.0,0.0,3.0,3.0,11.0,4.0,51.0,40.0,9.0,1.0,0.0,3.0,392.0,6.0,6.0,25.0,10.0,15.0,5.0,25.0,11.0
12436464,2024-2025,17.0,2024-12-21 17:30:00,Selhurst Park,Simon Hooper,25167.0,Arsenal,Crystal Palace,Away,5,1,4,3,Win,1,0,0,9.0,17.0,479.0,19.0,58.0,41.0,5.0,2.0,3.0,5.0,3.0,11.0,8.0,49.0,52.0,8.0,5.0,2.0,11.0,552.0,3.0,6.0,15.0,13.0,14.0,1.0,14.0,10.0
12436466,2024-2025,17.0,2024-12-22 14:00:00,Goodison Park,Chris Kavanagh,39358.0,Everton,Chelsea,Home,0,0,0,1,Draw,0,1,0,1.0,20.0,152.0,9.0,25.0,39.0,2.0,2.0,,1.0,2.0,12.0,5.0,45.0,42.0,20.0,4.0,0.0,10.0,209.0,0.0,4.0,21.0,2.0,5.0,3.0,30.0,11.0
12436466,2024-2025,17.0,2024-12-22 14:00:00,Goodison Park,Chris Kavanagh,39358.0,Chelsea,Everton,Away,0,0,0,1,Draw,0,1,0,3.0,29.0,577.0,9.0,75.0,40.0,3.0,3.0,,4.0,5.0,12.0,17.0,55.0,64.0,12.0,4.0,1.0,2.0,642.0,3.0,5.0,12.0,6.0,12.0,6.0,23.0,14.0
12436470,2024-2025,17.0,2024-12-22 14:00:00,Old Trafford,Craig Pawson,,Manchester United,Bournemouth,Home,0,3,-3,0,Loss,0,0,1,8.0,29.0,396.0,13.0,60.0,62.0,4.0,4.0,0.0,6.0,13.0,10.0,9.0,49.0,56.0,11.0,2.0,0.0,4.0,492.0,10.0,7.0,10.0,13.0,23.0,10.0,19.0,12.0
12436470,2024-2025,17.0,2024-12-22 14:00:00,Old Trafford,Craig Pawson,,Bournemouth,Manchester United,Away,3,0,3,3,Win,1,0,0,2.0,22.0,253.0,10.0,40.0,59.0,2.0,0.0,2.0,2.0,1.0,10.0,7.0,51.0,50.0,11.0,7.0,0.0,11.0,337.0,3.0,5.0,31.0,6.0,10.0,4.0,25.0,17.0
12436471,2024-2025,17.0,2024-12-22 16:30:00,Tottenham Hotspur Stadium,Samuel Barrott,61439.0,Tottenham Hotspur,Liverpool,Home,3,6,-3,0,Loss,0,0,1,3.0,16.0,466.0,5.0,52.0,55.0,2.0,0.0,2.0,1.0,7.0,12.0,10.0,48.0,50.0,7.0,6.0,0.0,8.0,547.0,3.0,5.0,22.0,6.0,9.0,3.0,20.0,13.0
12436471,2024-2025,17.0,2024-12-22 16:30:00,Tottenham Hotspur Stadium,Samuel Barrott,61439.0,Liverpool,Tottenham Hotspur,Away,6,3,3,3,Win,1,0,0,9.0,26.0,432.0,8.0,48.0,63.0,11.0,5.0,6.0,4.0,5.0,13.0,5.0,52.0,51.0,9.0,2.0,1.0,15.0,502.0,8.0,12.0,21.0,18.0,24.0,6.0,27.0,17.0
12436481,2024-2025,18.0,2024-12-26 12:30:00,Etihad Stadium,Simon Hooper,53400.0,Manchester City,Everton,Home,1,1,0,1,Draw,0,1,0,10.0,19.0,586.0,9.0,66.0,42.0,4.0,4.0,0.0,10.0,8.0,9.0,13.0,56.0,73.0,5.0,2.0,1.0,1.0,645.0,9.0,5.0,11.0,16.0,24.0,8.0,16.0,8.0
12436481,2024-2025,18.0,2024-12-26 12:30:00,Etihad Stadium,Simon Hooper,53400.0,Everton,Manchester City,Away,1,1,0,1,Draw,0,1,0,6.0,27.0,259.0,9.0,34.0,48.0,1.0,0.0,1.0,2.0,5.0,7.0,7.0,44.0,55.0,10.0,4.0,0.0,7.0,318.0,3.0,3.0,35.0,5.0,8.0,3.0,17.0,14.0
12436489,2024-2025,12.0,2024-11-23 15:00:00,Emirates Stadium,Simon Hooper,60298.0,Arsenal,Nottingham Forest,Home,3,0,3,3,Win,1,0,0,3.0,20.0,536.0,11.0,66.0,39.0,1.0,1.0,,5.0,8.0,6.0,8.0,51.0,54.0,10.0,0.0,0.0,4.0,587.0,7.0,7.0,14.0,14.0,19.0,5.0,15.0,13.0
12436489,2024-2025,12.0,2024-11-23 15:00:00,Emirates Stadium,Simon Hooper,60298.0,Nottingham Forest,Arsenal,Away,0,3,-3,0,Loss,0,0,1,7.0,20.0,240.0,14.0,34.0,30.0,0.0,0.0,,2.0,1.0,9.0,4.0,49.0,29.0,11.0,3.0,0.0,10.0,295.0,5.0,0.0,24.0,5.0,7.0,2.0,16.0,10.0
12436499,2024-2025,12.0,2024-11-23 17:30:00,Etihad Stadium,John Brooks,52478.0,Manchester City,Tottenham Hotspur,Home,0,4,-4,0,Loss,0,0,1,7.0,22.0,523.0,10.0,58.0,45.0,4.0,4.0,0.0,7.0,9.0,8.0,9.0,48.0,61.0,19.0,3.0,1.0,9.0,566.0,11.0,5.0,13.0,17.0,23.0,6.0,13.0,8.0
12436499,2024-2025,12.0,2024-11-23 17:30:00,Etihad Stadium,John Brooks,52478.0,Tottenham Hotspur,Manchester City,Away,4,0,4,3,Win,1,0,0,3.0,12.0,358.0,5.0,42.0,44.0,6.0,2.0,4.0,0.0,3.0,5.0,8.0,52.0,26.0,9.0,5.0,1.0,5.0,427.0,2.0,7.0,26.0,7.0,9.0,2.0,13.0,11.0
12436506,2024-2025,12.0,2024-11-24 14:00:00,St. Mary's Stadium,Samuel Barrott,31278.0,Southampton,Liverpool,Home,2,3,-1,0,Loss,0,0,1,3.0,9.0,303.0,4.0,38.0,45.0,3.0,1.0,2.0,0.0,3.0,3.0,9.0,49.0,27.0,11.0,8.0,0.0,5.0,365.0,2.0,5.0,32.0,5.0,7.0,2.0,15.0,8.0
12436506,2024-2025,12.0,2024-11-24 14:00:00,St. Mary's Stadium,Samuel Barrott,31278.0,Liverpool,Southampton,Away,3,2,1,3,Win,1,0,0,9.0,16.0,531.0,3.0,62.0,45.0,7.0,5.0,2.0,9.0,10.0,11.0,10.0,51.0,77.0,9.0,3.0,1.0,8.0,600.0,7.0,11.0,4.0,18.0,27.0,9.0,16.0,12.0
12436497,2024-2025,12.0,2024-11-24 16:30:00,Portman Road Stadium,Anthony Taylor,30017.0,Ipswich Town,Manchester United,Home,1,1,0,1,Draw,0,1,0,4.0,17.0,349.0,9.0,40.0,51.0,3.0,3.0,0.0,2.0,4.0,9.0,5.0,48.0,58.0,11.0,3.0,0.0,5.0,424.0,3.0,6.0,12.0,5.0,11.0,6.0,16.0,7.0
12436497,2024-2025,12.0,2024-11-24 16:30:00,Portman Road Stadium,Anthony Taylor,30017.0,Manchester United,Ipswich Town,Away,1,1,0,1,Draw,0,1,0,1.0,22.0,568.0,14.0,60.0,46.0,2.0,1.0,1.0,2.0,3.0,7.0,5.0,52.0,45.0,10.0,5.0,0.0,11.0,649.0,5.0,4.0,16.0,8.0,11.0,3.0,15.0,8.0
12436914,2024-2025,13.0,2024-11-30 17:30:00,London Stadium,Anthony Taylor,62475.0,West Ham United,Arsenal,Home,2,5,-3,0,Loss,0,0,1,1.0,24.0,252.0,17.0,40.0,37.0,2.0,1.0,1.0,4.0,2.0,9.0,5.0,58.0,39.0,10.0,2.0,1.0,6.0,323.0,3.0,5.0,21.0,8.0,12.0,4.0,22.0,16.0
12436914,2024-2025,13.0,2024-11-30 17:30:00,London Stadium,Anthony Taylor,62475.0,Arsenal,West Ham United,Away,5,2,3,3,Win,1,0,0,6.0,22.0,400.0,11.0,60.0,44.0,5.0,0.0,5.0,4.0,10.0,14.0,5.0,42.0,56.0,13.0,3.0,0.0,6.0,479.0,5.0,7.0,14.0,13.0,16.0,3.0,17.0,6.0
12436498,2024-2025,13.0,2024-12-01 13:30:00,Stamford Bridge,Stuart Attwell,40853.0,Chelsea,Aston Villa,Home,3,0,3,3,Win,1,0,0,2.0,17.0,561.0,5.0,64.0,50.0,2.0,2.0,,3.0,3.0,9.0,8.0,42.0,66.0,21.0,3.0,0.0,3.0,623.0,6.0,8.0,5.0,12.0,17.0,5.0,17.0,10.0
12436498,2024-2025,13.0,2024-12-01 13:30:00,Stamford Bridge,Stuart Attwell,40853.0,Aston Villa,Chelsea,Away,0,3,-3,0,Loss,0,0,1,3.0,18.0,296.0,7.0,36.0,34.0,2.0,2.0,,3.0,4.0,8.0,5.0,58.0,30.0,6.0,5.0,0.0,10.0,352.0,3.0,4.0,12.0,8.0,10.0,2.0,16.0,7.0
12436505,2024-2025,13.0,2024-12-01 13:30:00,Old Trafford,John Brooks,73817.0,Manchester United,Everton,Home,4,0,4,3,Win,1,0,0,1.0,25.0,566.0,9.0,60.0,48.0,3.0,0.0,3.0,4.0,2.0,9.0,9.0,48.0,27.0,12.0,2.0,0.0,10.0,630.0,2.0,5.0,12.0,9.0,11.0,2.0,16.0,11.0
12436505,2024-2025,13.0,2024-12-01 13:30:00,Old Trafford,John Brooks,73817.0,Everton,Manchester United,Away,0,4,-4,0,Loss,0,0,1,2.0,21.0,356.0,10.0,40.0,43.0,1.0,1.0,0.0,3.0,2.0,8.0,9.0,52.0,50.0,12.0,1.0,0.0,5.0,412.0,3.0,2.0,8.0,4.0,8.0,4.0,19.0,10.0
12436504,2024-2025,13.0,2024-12-01 16:00:00,Anfield,Chris Kavanagh,60248.0,Liverpool,Manchester City,Home,2,0,2,3,Win,1,0,0,4.0,25.0,347.0,7.0,44.0,55.0,5.0,3.0,2.0,4.0,7.0,8.0,5.0,49.0,40.0,9.0,3.0,2.0,6.0,415.0,7.0,7.0,13.0,11.0,18.0,7.0,22.0,13.0
12436504,2024-2025,13.0,2024-12-01 16:00:00,Anfield,Chris Kavanagh,60248.0,Manchester City,Liverpool,Away,0,2,-2,0,Loss,0,0,1,0.0,10.0,481.0,5.0,56.0,44.0,1.0,1.0,0.0,3.0,4.0,12.0,13.0,51.0,48.0,8.0,5.0,0.0,5.0,544.0,3.0,2.0,21.0,7.0,8.0,1.0,17.0,14.0
12436984,2024-2025,14.0,2024-12-04 19:30:00,St. Mary's Stadium,Tony Harrington,31193.0,Southampton,Chelsea,Home,1,5,-4,0,Loss,0,0,1,2.0,18.0,384.0,7.0,45.0,36.0,4.0,3.0,1.0,2.0,5.0,3.0,14.0,60.0,27.0,7.0,6.0,0.0,6.0,432.0,0.0,4.0,23.0,6.0,6.0,0.0,12.0,10.0
12436984,2024-2025,14.0,2024-12-04 19:30:00,St. Mary's Stadium,Tony Harrington,31193.0,Chelsea,Southampton,Away,5,1,4,3,Win,1,0,0,3.0,11.0,494.0,6.0,55.0,44.0,12.0,9.0,3.0,6.0,7.0,6.0,4.0,40.0,59.0,14.0,3.0,3.0,8.0,535.0,7.0,13.0,9.0,22.0,26.0,4.0,15.0,10.0
12436978,2024-2025,14.0,2024-12-04 19:30:00,St James' Park,Andy Madley,52237.0,Newcastle United,Liverpool,Home,3,3,0,1,Draw,0,1,0,2.0,15.0,277.0,9.0,41.0,54.0,4.0,2.0,2.0,4.0,5.0,14.0,12.0,52.0,43.0,9.0,2.0,1.0,5.0,350.0,7.0,6.0,15.0,9.0,17.0,8.0,14.0,10.0
12436978,2024-2025,14.0,2024-12-04 19:30:00,St James' Park,Andy Madley,52237.0,Liverpool,Newcastle United,Away,3,3,0,1,Draw,0,1,0,3.0,15.0,450.0,9.0,59.0,49.0,4.0,3.0,1.0,6.0,6.0,5.0,7.0,48.0,44.0,17.0,3.0,2.0,10.0,514.0,5.0,5.0,22.0,14.0,16.0,2.0,23.0,13.0
12436972,2024-2025,14.0,2024-12-04 19:30:00,Etihad Stadium,Michael Oliver,51764.0,Manchester City,Nottingham Forest,Home,3,0,3,3,Win,1,0,0,6.0,19.0,521.0,7.0,67.0,48.0,4.0,2.0,2.0,3.0,8.0,15.0,13.0,55.0,52.0,7.0,3.0,0.0,5.0,583.0,7.0,7.0,15.0,12.0,17.0,5.0,16.0,11.0
12436972,2024-2025,14.0,2024-12-04 19:30:00,Etihad Stadium,Michael Oliver,51764.0,Nottingham Forest,Manchester City,Away,0,3,-3,0,Loss,0,0,1,3.0,13.0,230.0,5.0,33.0,46.0,1.0,1.0,0.0,2.0,2.0,11.0,5.0,45.0,39.0,15.0,3.0,0.0,14.0,288.0,7.0,3.0,18.0,8.0,12.0,4.0,24.0,16.0
12436935,2024-2025,14.0,2024-12-04 20:15:00,Emirates Stadium,Samuel Barrott,60256.0,Arsenal,Manchester United,Home,2,0,2,3,Win,1,0,0,7.0,25.0,403.0,12.0,50.0,45.0,5.0,3.0,2.0,5.0,13.0,9.0,7.0,47.0,51.0,12.0,2.0,0.0,3.0,463.0,3.0,6.0,8.0,13.0,14.0,1.0,15.0,11.0
12436935,2024-2025,14.0,2024-12-04 20:15:00,Emirates Stadium,Samuel Barrott,60256.0,Manchester United,Arsenal,Away,0,2,-2,0,Loss,0,0,1,1.0,23.0,412.0,9.0,50.0,39.0,0.0,0.0,0.0,0.0,0.0,9.0,8.0,53.0,38.0,8.0,4.0,0.0,10.0,476.0,3.0,2.0,24.0,3.0,5.0,2.0,19.0,10.0
12437049,2024-2025,9.0,2024-10-26 14:00:00,Etihad Stadium,Tony Harrington,52844.0,Manchester City,Southampton,Home,1,0,1,3,Win,1,0,0,10.0,12.0,571.0,6.0,57.0,34.0,4.0,3.0,1.0,7.0,12.0,12.0,9.0,49.0,57.0,9.0,2.0,0.0,10.0,616.0,7.0,8.0,14.0,13.0,22.0,9.0,12.0,7.0
12437049,2024-2025,9.0,2024-10-26 14:00:00,Etihad Stadium,Tony Harrington,52844.0,Southampton,Manchester City,Away,0,1,-1,0,Loss,0,0,1,1.0,13.0,434.0,8.0,43.0,34.0,1.0,1.0,0.0,1.0,1.0,3.0,6.0,51.0,18.0,9.0,6.0,1.0,6.0,479.0,2.0,2.0,30.0,5.0,5.0,0.0,14.0,9.0
12437045,2024-2025,9.0,2024-10-27 14:00:00,Stamford Bridge,Simon Hooper,39526.0,Chelsea,Newcastle United,Home,2,1,1,3,Win,1,0,0,5.0,26.0,388.0,13.0,50.0,52.0,1.0,0.0,1.0,4.0,7.0,6.0,7.0,51.0,65.0,13.0,1.0,1.0,16.0,459.0,6.0,7.0,23.0,12.0,17.0,5.0,12.0,8.0
12437045,2024-2025,9.0,2024-10-27 14:00:00,Stamford Bridge,Simon Hooper,39526.0,Newcastle United,Chelsea,Away,1,2,-1,0,Loss,0,0,1,6.0,26.0,362.0,14.0,50.0,50.0,3.0,2.0,1.0,3.0,4.0,8.0,6.0,49.0,64.0,16.0,5.0,0.0,6.0,450.0,5.0,3.0,15.0,9.0,11.0,2.0,13.0,8.0
12437050,2024-2025,9.0,2024-10-27 14:00:00,London Stadium,David Coote,62474.0,West Ham United,Manchester United,Home,2,1,1,3,Win,1,0,0,6.0,24.0,318.0,13.0,43.0,57.0,4.0,2.0,2.0,1.0,6.0,13.0,10.0,47.0,42.0,6.0,4.0,0.0,12.0,393.0,8.0,3.0,40.0,11.0,12.0,1.0,11.0,5.0
12437050,2024-2025,9.0,2024-10-27 14:00:00,London Stadium,David Coote,62474.0,Manchester United,West Ham United,Away,1,2,-1,0,Loss,0,0,1,6.0,25.0,451.0,15.0,57.0,48.0,5.0,4.0,1.0,6.0,5.0,4.0,7.0,53.0,67.0,7.0,1.0,1.0,6.0,538.0,7.0,5.0,27.0,10.0,18.0,8.0,19.0,11.0
12437040,2024-2025,9.0,2024-10-27 16:30:00,Emirates Stadium,Anthony Taylor,60383.0,Arsenal,Liverpool,Home,2,2,0,1,Draw,0,1,0,3.0,21.0,306.0,18.0,45.0,42.0,2.0,,2.0,2.0,1.0,10.0,6.0,52.0,41.0,14.0,2.0,0.0,7.0,383.0,4.0,3.0,24.0,5.0,9.0,4.0,17.0,11.0
12437040,2024-2025,9.0,2024-10-27 16:30:00,Emirates Stadium,Anthony Taylor,60383.0,Liverpool,Arsenal,Away,2,2,0,1,Draw,0,1,0,3.0,20.0,387.0,11.0,55.0,35.0,2.0,,2.0,2.0,3.0,13.0,9.0,48.0,52.0,14.0,1.0,0.0,5.0,466.0,3.0,4.0,21.0,5.0,9.0,4.0,16.0,9.0
12437056,2024-2025,10.0,2024-11-02 12:30:00,St James' Park,John Brooks,52249.0,Newcastle United,Arsenal,Home,1,0,1,3,Win,1,0,0,1.0,10.0,200.0,19.0,36.0,47.0,1.0,0.0,1.0,3.0,4.0,14.0,6.0,57.0,42.0,16.0,0.0,0.0,6.0,289.0,2.0,4.0,26.0,7.0,9.0,2.0,23.0,15.0
12437056,2024-2025,10.0,2024-11-02 12:30:00,St James' Park,John Brooks,52249.0,Arsenal,Newcastle United,Away,0,1,-1,0,Loss,0,0,1,7.0,16.0,433.0,14.0,64.0,51.0,1.0,1.0,0.0,3.0,6.0,13.0,3.0,43.0,58.0,18.0,3.0,0.0,6.0,502.0,6.0,1.0,18.0,7.0,10.0,3.0,17.0,10.0
12437054,2024-2025,10.0,2024-11-02 15:00:00,Anfield,Tony Harrington,60331.0,Liverpool,Brighton & Hove Albion,Home,2,1,1,3,Win,1,0,0,4.0,18.0,367.0,10.0,49.0,52.0,4.0,4.0,,6.0,9.0,10.0,8.0,58.0,57.0,10.0,4.0,0.0,10.0,443.0,2.0,8.0,13.0,14.0,16.0,2.0,28.0,19.0
12437054,2024-2025,10.0,2024-11-02 15:00:00,Anfield,Tony Harrington,60331.0,Brighton & Hove Albion,Liverpool,Away,1,2,-1,0,Loss,0,0,1,5.0,23.0,407.0,8.0,51.0,55.0,1.0,1.0,,4.0,7.0,11.0,8.0,42.0,45.0,18.0,6.0,0.0,9.0,469.0,4.0,5.0,27.0,7.0,13.0,6.0,18.0,13.0
12437051,2024-2025,10.0,2024-11-02 15:00:00,Vitality Stadium,Michael Oliver,11231.0,Bournemouth,Manchester City,Home,2,1,1,3,Win,1,0,0,3.0,40.0,282.0,13.0,36.0,41.0,6.0,4.0,2.0,2.0,3.0,9.0,11.0,49.0,49.0,11.0,3.0,1.0,12.0,334.0,4.0,6.0,36.0,9.0,12.0,3.0,16.0,12.0
12437051,2024-2025,10.0,2024-11-02 15:00:00,Vitality Stadium,Michael Oliver,11231.0,Manchester City,Bournemouth,Away,1,2,-1,0,Loss,0,0,1,6.0,23.0,541.0,15.0,64.0,38.0,3.0,3.0,0.0,4.0,10.0,10.0,6.0,51.0,51.0,6.0,4.0,1.0,5.0,600.0,10.0,4.0,8.0,13.0,18.0,5.0,14.0,7.0
12437055,2024-2025,10.0,2024-11-03 16:30:00,Old Trafford,Robert Jones,73813.0,Manchester United,Chelsea,Home,1,1,0,1,Draw,0,1,0,3.0,15.0,322.0,8.0,46.0,51.0,4.0,3.0,1.0,3.0,4.0,9.0,10.0,43.0,46.0,19.0,2.0,1.0,11.0,405.0,4.0,4.0,16.0,8.0,11.0,3.0,22.0,13.0
12437055,2024-2025,10.0,2024-11-03 16:30:00,Old Trafford,Robert Jones,73813.0,Chelsea,Manchester United,Away,1,1,0,1,Draw,0,1,0,1.0,16.0,397.0,17.0,54.0,46.0,1.0,1.0,0.0,5.0,8.0,13.0,15.0,57.0,47.0,14.0,3.0,1.0,7.0,475.0,4.0,3.0,19.0,8.0,12.0,4.0,20.0,11.0
12436882,2024-2025,11.0,2024-11-09 17:30:00,American Express Stadium,Samuel Barrott,31715.0,Brighton & Hove Albion,Manchester City,Home,2,1,1,3,Win,1,0,0,4.0,22.0,372.0,6.0,40.0,46.0,8.0,6.0,2.0,2.0,0.0,7.0,2.0,44.0,34.0,12.0,5.0,0.0,12.0,426.0,4.0,4.0,21.0,8.0,10.0,2.0,16.0,6.0
12436882,2024-2025,11.0,2024-11-09 17:30:00,American Express Stadium,Samuel Barrott,31715.0,Manchester City,Brighton & Hove Albion,Away,1,2,-1,0,Loss,0,0,1,4.0,24.0,586.0,5.0,60.0,43.0,5.0,4.0,1.0,3.0,4.0,12.0,15.0,56.0,61.0,10.0,2.0,1.0,4.0,653.0,6.0,6.0,8.0,12.0,15.0,3.0,12.0,5.0
12436484,2024-2025,11.0,2024-11-09 20:00:00,Anfield,David Coote,60292.0,Liverpool,Aston Villa,Home,2,0,2,3,Win,1,0,0,3.0,21.0,546.0,6.0,62.0,50.0,4.0,2.0,2.0,3.0,2.0,10.0,9.0,49.0,54.0,11.0,2.0,0.0,7.0,619.0,6.0,5.0,15.0,9.0,14.0,5.0,12.0,9.0
12436484,2024-2025,11.0,2024-11-09 20:00:00,Anfield,David Coote,60292.0,Aston Villa,Liverpool,Away,0,2,-2,0,Loss,0,0,1,7.0,17.0,288.0,6.0,38.0,54.0,5.0,5.0,0.0,2.0,9.0,9.0,11.0,51.0,23.0,15.0,3.0,0.0,6.0,351.0,8.0,2.0,18.0,9.0,12.0,3.0,16.0,8.0
12436494,2024-2025,11.0,2024-11-10 14:00:00,Old Trafford,Peter Bankes,73829.0,Manchester United,Leicester City,Home,3,0,3,3,Win,1,0,0,4.0,13.0,418.0,12.0,51.0,64.0,1.0,1.0,,6.0,1.0,15.0,11.0,47.0,46.0,9.0,5.0,0.0,7.0,491.0,4.0,3.0,18.0,6.0,13.0,7.0,33.0,24.0
12436494,2024-2025,11.0,2024-11-10 14:00:00,Old Trafford,Peter Bankes,73829.0,Leicester City,Manchester United,Away,0,3,-3,0,Loss,0,0,1,3.0,15.0,388.0,19.0,49.0,57.0,1.0,1.0,,0.0,5.0,18.0,19.0,53.0,50.0,5.0,1.0,0.0,7.0,466.0,1.0,5.0,18.0,4.0,6.0,2.0,22.0,14.0
12436890,2024-2025,11.0,2024-11-10 16:30:00,Stamford Bridge,Michael Oliver,39780.0,Chelsea,Arsenal,Home,1,1,0,1,Draw,0,1,0,5.0,24.0,358.0,9.0,49.0,43.0,1.0,1.0,0.0,8.0,4.0,8.0,7.0,52.0,44.0,12.0,2.0,0.0,7.0,419.0,6.0,3.0,18.0,5.0,17.0,12.0,19.0,16.0
12436890,2024-2025,11.0,2024-11-10 16:30:00,Stamford Bridge,Michael Oliver,39780.0,Arsenal,Chelsea,Away,1,1,0,1,Draw,0,1,0,2.0,15.0,375.0,10.0,51.0,43.0,4.0,3.0,1.0,6.0,3.0,16.0,8.0,48.0,54.0,12.0,2.0,0.0,6.0,425.0,4.0,3.0,17.0,8.0,13.0,5.0,13.0,6.0
12436495,2024-2025,12.0,2024-11-23 12:30:00,King Power Stadium,Andy Madley,31880.0,Leicester City,Chelsea,Home,1,2,-1,0,Loss,0,0,1,1.0,16.0,264.0,7.0,37.0,41.0,1.0,0.0,1.0,1.0,2.0,7.0,6.0,45.0,44.0,15.0,4.0,0.0,8.0,353.0,2.0,1.0,19.0,4.0,4.0,0.0,18.0,9.0
12436495,2024-2025,12.0,2024-11-23 12:30:00,King Power Stadium,Andy Madley,31880.0,Chelsea,Leicester City,Away,2,1,1,3,Win,1,0,0,2.0,19.0,528.0,8.0,63.0,47.0,4.0,2.0,2.0,3.0,9.0,4.0,10.0,55.0,67.0,12.0,0.0,0.0,9.0,609.0,6.0,7.0,11.0,11.0,16.0,5.0,18.0,11.0
12436989,2024-2025,6.0,2024-09-28 14:00:00,Stamford Bridge,Peter Bankes,39495.0,Chelsea,Brighton & Hove Albion,Home,4,2,2,3,Win,1,0,0,3.0,19.0,288.0,7.0,41.0,67.0,7.0,5.0,2.0,3.0,8.0,4.0,15.0,51.0,38.0,11.0,4.0,2.0,7.0,376.0,5.0,7.0,17.0,13.0,15.0,2.0,22.0,13.0
12436989,2024-2025,6.0,2024-09-28 14:00:00,Stamford Bridge,Peter Bankes,39495.0,Brighton & Hove Albion,Chelsea,Away,2,4,-2,0,Loss,0,0,1,4.0,19.0,476.0,12.0,59.0,56.0,3.0,1.0,2.0,5.0,2.0,8.0,11.0,49.0,68.0,8.0,2.0,0.0,12.0,552.0,5.0,5.0,12.0,8.0,15.0,7.0,16.0,8.0
12436985,2024-2025,6.0,2024-09-28 14:00:00,Emirates Stadium,Samuel Barrott,60323.0,Arsenal,Leicester City,Home,4,2,2,3,Win,1,0,0,9.0,17.0,592.0,18.0,75.0,46.0,9.0,6.0,3.0,9.0,17.0,14.0,18.0,53.0,62.0,11.0,1.0,1.0,4.0,664.0,10.0,16.0,8.0,27.0,35.0,8.0,19.0,12.0
12436985,2024-2025,6.0,2024-09-28 14:00:00,Emirates Stadium,Samuel Barrott,60323.0,Leicester City,Arsenal,Away,2,4,-2,0,Loss,0,0,1,2.0,17.0,171.0,15.0,25.0,31.0,0.0,0.0,0.0,1.0,0.0,8.0,4.0,47.0,18.0,6.0,13.0,0.0,6.0,232.0,1.0,3.0,63.0,5.0,5.0,0.0,24.0,14.0
12437002,2024-2025,6.0,2024-09-28 16:30:00,Molineux Stadium,Anthony Taylor,31413.0,Wolverhampton,Liverpool,Home,1,2,-1,0,Loss,0,0,1,3.0,21.0,357.0,10.0,45.0,49.0,1.0,0.0,1.0,2.0,2.0,6.0,7.0,50.0,36.0,16.0,4.0,0.0,9.0,426.0,3.0,3.0,23.0,5.0,8.0,3.0,14.0,11.0
12437002,2024-2025,6.0,2024-09-28 16:30:00,Molineux Stadium,Anthony Taylor,31413.0,Liverpool,Wolverhampton,Away,2,1,1,3,Win,1,0,0,6.0,15.0,455.0,10.0,55.0,51.0,3.0,2.0,1.0,1.0,10.0,7.0,4.0,50.0,48.0,8.0,2.0,0.0,7.0,534.0,3.0,6.0,10.0,8.0,10.0,2.0,10.0,9.0
12436995,2024-2025,6.0,2024-09-29 15:30:00,Old Trafford,Chris Kavanagh,73587.0,Manchester United,Tottenham Hotspur,Home,0,3,-3,0,Loss,0,0,1,6.0,28.0,312.0,6.0,39.0,54.0,0.0,0.0,0.0,4.0,5.0,1.0,2.0,56.0,54.0,16.0,7.0,1.0,17.0,395.0,5.0,2.0,16.0,10.0,11.0,1.0,27.0,15.0
12436995,2024-2025,6.0,2024-09-29 15:30:00,Old Trafford,Chris Kavanagh,73587.0,Tottenham Hotspur,Manchester United,Away,3,0,3,3,Win,1,0,0,6.0,16.0,562.0,8.0,61.0,53.0,9.0,6.0,3.0,7.0,3.0,15.0,6.0,44.0,48.0,14.0,2.0,1.0,11.0,636.0,7.0,10.0,14.0,18.0,24.0,6.0,7.0,6.0
12437015,2024-2025,7.0,2024-10-05 11:30:00,Selhurst Park,Simon Hooper,25185.0,Crystal Palace,Liverpool,Home,0,1,-1,0,Loss,0,0,1,1.0,20.0,209.0,7.0,32.0,55.0,2.0,2.0,0.0,0.0,3.0,6.0,4.0,38.0,47.0,7.0,3.0,0.0,5.0,300.0,4.0,5.0,25.0,3.0,9.0,6.0,8.0,6.0
12437015,2024-2025,7.0,2024-10-05 11:30:00,Selhurst Park,Simon Hooper,25185.0,Liverpool,Crystal Palace,Away,1,0,1,3,Win,1,0,0,4.0,31.0,549.0,27.0,68.0,56.0,4.0,3.0,1.0,5.0,8.0,8.0,8.0,62.0,69.0,15.0,5.0,0.0,13.0,642.0,7.0,4.0,16.0,8.0,16.0,8.0,13.0,6.0
12437004,2024-2025,7.0,2024-10-05 14:00:00,Emirates Stadium,Tony Harrington,60307.0,Arsenal,Southampton,Home,3,1,2,3,Win,1,0,0,6.0,19.0,483.0,9.0,59.0,50.0,4.0,2.0,2.0,10.0,13.0,10.0,14.0,52.0,61.0,10.0,1.0,1.0,9.0,536.0,13.0,6.0,10.0,20.0,29.0,9.0,16.0,12.0
12437004,2024-2025,7.0,2024-10-05 14:00:00,Emirates Stadium,Tony Harrington,60307.0,Southampton,Arsenal,Away,1,3,-2,0,Loss,0,0,1,1.0,13.0,337.0,15.0,41.0,33.0,2.0,2.0,0.0,5.0,1.0,9.0,6.0,48.0,32.0,9.0,3.0,2.0,9.0,395.0,1.0,2.0,33.0,5.0,8.0,3.0,15.0,10.0
12437022,2024-2025,7.0,2024-10-05 14:00:00,Etihad Stadium,Peter Bankes,55017.0,Manchester City,Fulham,Home,3,2,1,3,Win,1,0,0,6.0,11.0,575.0,7.0,58.0,42.0,1.0,1.0,0.0,8.0,8.0,10.0,11.0,51.0,56.0,4.0,2.0,0.0,4.0,634.0,5.0,7.0,19.0,10.0,20.0,10.0,10.0,7.0
12437022,2024-2025,7.0,2024-10-05 14:00:00,Etihad Stadium,Peter Bankes,55017.0,Fulham,Manchester City,Away,2,3,-1,0,Loss,0,0,1,4.0,26.0,392.0,6.0,42.0,38.0,5.0,3.0,2.0,4.0,3.0,4.0,5.0,49.0,53.0,10.0,4.0,0.0,7.0,452.0,3.0,4.0,22.0,9.0,11.0,2.0,23.0,9.0
12437013,2024-2025,7.0,2024-10-06 13:00:00,Stamford Bridge,Chris Kavanagh,39501.0,Chelsea,Nottingham Forest,Home,1,1,0,1,Draw,0,1,0,5.0,21.0,519.0,14.0,66.0,48.0,3.0,3.0,0.0,5.0,11.0,8.0,11.0,51.0,70.0,12.0,8.0,1.0,8.0,591.0,9.0,8.0,17.0,14.0,22.0,8.0,14.0,10.0
12437013,2024-2025,7.0,2024-10-06 13:00:00,Stamford Bridge,Chris Kavanagh,39501.0,Nottingham Forest,Chelsea,Away,1,1,0,1,Draw,0,1,0,3.0,15.0,233.0,16.0,34.0,44.0,4.0,3.0,1.0,6.0,3.0,7.0,9.0,49.0,43.0,11.0,7.0,0.0,6.0,306.0,1.0,9.0,32.0,9.0,16.0,7.0,12.0,6.0
12437006,2024-2025,7.0,2024-10-06 13:00:00,Villa Park,Robert Jones,,Aston Villa,Manchester United,Home,0,0,0,1,Draw,0,1,0,2.0,11.0,345.0,8.0,54.0,45.0,,,,3.0,6.0,12.0,7.0,43.0,41.0,12.0,4.0,0.0,6.0,416.0,7.0,1.0,14.0,6.0,11.0,5.0,12.0,10.0
12437006,2024-2025,7.0,2024-10-06 13:00:00,Villa Park,Robert Jones,,Manchester United,Aston Villa,Away,0,0,0,1,Draw,0,1,0,3.0,20.0,302.0,15.0,46.0,40.0,,,,2.0,3.0,4.0,4.0,57.0,54.0,11.0,1.0,2.0,12.0,369.0,4.0,4.0,23.0,4.0,10.0,6.0,21.0,12.0
12437034,2024-2025,8.0,2024-10-19 14:00:00,Old Trafford,Samuel Barrott,73738.0,Manchester United,Brentford,Home,2,1,1,3,Win,1,0,0,6.0,29.0,409.0,23.0,50.0,53.0,3.0,1.0,2.0,6.0,9.0,8.0,5.0,54.0,65.0,4.0,1.0,0.0,8.0,488.0,6.0,11.0,24.0,13.0,23.0,10.0,25.0,16.0
12437034,2024-2025,8.0,2024-10-19 14:00:00,Old Trafford,Samuel Barrott,73738.0,Brentford,Manchester United,Away,1,2,-1,0,Loss,0,0,1,5.0,19.0,412.0,18.0,50.0,59.0,2.0,1.0,1.0,2.0,2.0,13.0,12.0,46.0,54.0,5.0,9.0,0.0,10.0,484.0,4.0,2.0,31.0,6.0,8.0,2.0,15.0,11.0
12437026,2024-2025,8.0,2024-10-19 16:30:00,Vitality Stadium,Robert Jones,11235.0,Bournemouth,Arsenal,Home,2,0,2,3,Win,1,0,0,3.0,17.0,323.0,12.0,49.0,48.0,3.0,2.0,1.0,5.0,7.0,6.0,17.0,51.0,66.0,12.0,1.0,0.0,6.0,405.0,4.0,4.0,20.0,9.0,13.0,4.0,16.0,11.0
12437026,2024-2025,8.0,2024-10-19 16:30:00,Vitality Stadium,Robert Jones,11235.0,Arsenal,Bournemouth,Away,0,2,-2,0,Loss,0,0,1,4.0,20.0,348.0,17.0,51.0,51.0,2.0,2.0,0.0,1.0,4.0,10.0,7.0,49.0,49.0,11.0,2.0,0.0,6.0,439.0,4.0,1.0,26.0,5.0,6.0,1.0,17.0,10.0
12437039,2024-2025,8.0,2024-10-20 13:00:00,Molineux Stadium,Chris Kavanagh,31319.0,Wolverhampton,Manchester City,Home,1,2,-1,0,Loss,0,0,1,2.0,20.0,143.0,14.0,22.0,45.0,2.0,1.0,1.0,0.0,1.0,10.0,4.0,52.0,30.0,8.0,5.0,0.0,6.0,216.0,1.0,2.0,44.0,2.0,3.0,1.0,26.0,13.0
12437039,2024-2025,8.0,2024-10-20 13:00:00,Molineux Stadium,Chris Kavanagh,31319.0,Manchester City,Wolverhampton,Away,2,1,1,3,Win,1,0,0,7.0,12.0,657.0,13.0,78.0,46.0,0.0,0.0,0.0,8.0,18.0,14.0,10.0,48.0,65.0,5.0,1.0,0.0,3.0,731.0,7.0,7.0,5.0,12.0,22.0,10.0,14.0,10.0
12437032,2024-2025,8.0,2024-10-20 15:30:00,Anfield,John Brooks,60277.0,Liverpool,Chelsea,Home,2,1,1,3,Win,1,0,0,1.0,22.0,326.0,6.0,43.0,48.0,3.0,1.0,2.0,1.0,1.0,8.0,5.0,53.0,54.0,12.0,1.0,0.0,6.0,409.0,3.0,5.0,18.0,7.0,9.0,2.0,25.0,18.0
12437032,2024-2025,8.0,2024-10-20 15:30:00,Anfield,John Brooks,60277.0,Chelsea,Liverpool,Away,1,2,-1,0,Loss,0,0,1,4.0,22.0,476.0,10.0,57.0,48.0,3.0,2.0,1.0,4.0,5.0,8.0,10.0,47.0,56.0,13.0,3.0,1.0,8.0,542.0,6.0,2.0,11.0,9.0,12.0,3.0,12.0,10.0
12436927,2024-2025,3.0,2024-08-31 16:30:00,London Stadium,Michael Oliver,,West Ham United,Manchester City,Home,1,3,-2,0,Loss,0,0,1,4.0,19.0,284.0,9.0,32.0,37.0,1.0,1.0,0.0,3.0,3.0,10.0,10.0,42.0,42.0,10.0,5.0,2.0,6.0,340.0,5.0,2.0,20.0,7.0,10.0,3.0,11.0,6.0
12436927,2024-2025,3.0,2024-08-31 16:30:00,London Stadium,Michael Oliver,,Manchester City,West Ham United,Away,3,1,2,3,Win,1,0,0,8.0,34.0,670.0,7.0,68.0,46.0,5.0,3.0,2.0,5.0,11.0,8.0,12.0,58.0,73.0,3.0,2.0,1.0,7.0,726.0,10.0,8.0,18.0,19.0,23.0,4.0,15.0,12.0
12436910,2024-2025,3.0,2024-09-01 12:30:00,Stamford Bridge,Jarred Gillett,39298.0,Chelsea,Crystal Palace,Home,1,1,0,1,Draw,0,1,0,3.0,26.0,532.0,10.0,63.0,51.0,5.0,4.0,1.0,1.0,4.0,6.0,11.0,53.0,76.0,9.0,2.0,1.0,8.0,590.0,5.0,7.0,17.0,8.0,13.0,5.0,13.0,7.0
12436910,2024-2025,3.0,2024-09-01 12:30:00,Stamford Bridge,Jarred Gillett,39298.0,Crystal Palace,Chelsea,Away,1,1,0,1,Draw,0,1,0,3.0,19.0,276.0,7.0,37.0,43.0,0.0,0.0,0.0,5.0,4.0,6.0,6.0,47.0,41.0,13.0,6.0,0.0,6.0,350.0,1.0,3.0,28.0,4.0,9.0,5.0,19.0,11.0
12436920,2024-2025,3.0,2024-09-01 15:00:00,Old Trafford,Anthony Taylor,73738.0,Manchester United,Liverpool,Home,0,3,-3,0,Loss,0,0,1,6.0,15.0,421.0,5.0,53.0,55.0,3.0,3.0,0.0,0.0,5.0,11.0,8.0,51.0,44.0,7.0,0.0,0.0,7.0,507.0,5.0,3.0,10.0,5.0,8.0,3.0,32.0,20.0
12436920,2024-2025,3.0,2024-09-01 15:00:00,Old Trafford,Anthony Taylor,73738.0,Liverpool,Manchester United,Away,3,0,3,3,Win,1,0,0,3.0,13.0,391.0,13.0,47.0,58.0,6.0,3.0,3.0,1.0,2.0,18.0,5.0,49.0,40.0,7.0,3.0,0.0,10.0,464.0,7.0,3.0,28.0,10.0,11.0,1.0,24.0,17.0
12436949,2024-2025,4.0,2024-09-14 11:30:00,St. Mary's Stadium,Stuart Attwell,31144.0,Southampton,Manchester United,Home,0,3,-3,0,Loss,0,0,1,1.0,13.0,421.0,4.0,44.0,40.0,3.0,3.0,0.0,1.0,0.0,9.0,4.0,43.0,37.0,11.0,7.0,0.0,11.0,480.0,1.0,4.0,16.0,6.0,6.0,0.0,21.0,14.0
12436949,2024-2025,4.0,2024-09-14 11:30:00,St. Mary's Stadium,Stuart Attwell,31144.0,Manchester United,Southampton,Away,3,0,3,3,Win,1,0,0,2.0,18.0,556.0,7.0,56.0,49.0,5.0,3.0,2.0,7.0,7.0,14.0,14.0,57.0,53.0,14.0,3.0,0.0,12.0,611.0,3.0,10.0,11.0,11.0,20.0,9.0,22.0,13.0
12436944,2024-2025,4.0,2024-09-14 14:00:00,Anfield,Michael Oliver,60344.0,Liverpool,Nottingham Forest,Home,0,1,-1,0,Loss,0,0,1,9.0,25.0,506.0,21.0,69.0,48.0,1.0,1.0,,3.0,7.0,9.0,6.0,45.0,71.0,15.0,2.0,1.0,11.0,603.0,6.0,5.0,16.0,10.0,14.0,4.0,12.0,8.0
12436944,2024-2025,4.0,2024-09-14 14:00:00,Anfield,Michael Oliver,60344.0,Nottingham Forest,Liverpool,Away,1,0,1,3,Win,1,0,0,0.0,22.0,189.0,13.0,31.0,53.0,2.0,2.0,,0.0,2.0,7.0,6.0,55.0,60.0,6.0,5.0,0.0,11.0,273.0,2.0,3.0,30.0,3.0,5.0,2.0,22.0,15.0
12436946,2024-2025,4.0,2024-09-14 14:00:00,Etihad Stadium,Darren Bond,55017.0,Manchester City,Brentford,Home,2,1,1,3,Win,1,0,0,1.0,25.0,485.0,6.0,54.0,41.0,2.0,1.0,1.0,5.0,12.0,12.0,3.0,36.0,52.0,9.0,5.0,1.0,5.0,544.0,6.0,7.0,12.0,10.0,18.0,8.0,12.0,5.0
12436946,2024-2025,4.0,2024-09-14 14:00:00,Etihad Stadium,Darren Bond,55017.0,Brentford,Manchester City,Away,1,2,-1,0,Loss,0,0,1,6.0,29.0,398.0,11.0,46.0,41.0,1.0,0.0,1.0,1.0,3.0,6.0,3.0,64.0,36.0,3.0,5.0,1.0,9.0,468.0,2.0,5.0,22.0,6.0,8.0,2.0,20.0,15.0
12436931,2024-2025,4.0,2024-09-14 19:00:00,Vitality Stadium,Anthony Taylor,11235.0,Bournemouth,Chelsea,Home,0,1,-1,0,Loss,0,0,1,4.0,22.0,193.0,15.0,33.0,63.0,1.0,1.0,0.0,4.0,6.0,6.0,9.0,48.0,57.0,16.0,2.0,2.0,10.0,276.0,8.0,7.0,18.0,10.0,19.0,9.0,14.0,8.0
12436931,2024-2025,4.0,2024-09-14 19:00:00,Vitality Stadium,Anthony Taylor,11235.0,Chelsea,Bournemouth,Away,1,0,1,3,Win,1,0,0,1.0,19.0,494.0,11.0,67.0,56.0,1.0,0.0,1.0,4.0,3.0,8.0,12.0,52.0,50.0,9.0,7.0,0.0,6.0,579.0,3.0,3.0,18.0,6.0,10.0,4.0,12.0,7.0
12436951,2024-2025,4.0,2024-09-15 13:00:00,Tottenham Hotspur Stadium,Jarred Gillett,61645.0,Tottenham Hotspur,Arsenal,Home,0,1,-1,0,Loss,0,0,1,8.0,14.0,437.0,14.0,64.0,45.0,0.0,0.0,0.0,6.0,7.0,8.0,7.0,46.0,62.0,13.0,3.0,0.0,9.0,494.0,4.0,5.0,24.0,10.0,15.0,5.0,20.0,13.0
12436951,2024-2025,4.0,2024-09-15 13:00:00,Tottenham Hotspur Stadium,Jarred Gillett,61645.0,Arsenal,Tottenham Hotspur,Away,1,0,1,3,Win,1,0,0,4.0,19.0,213.0,15.0,36.0,43.0,2.0,1.0,1.0,3.0,6.0,12.0,12.0,54.0,37.0,10.0,5.0,0.0,9.0,282.0,0.0,4.0,32.0,7.0,7.0,0.0,21.0,12.0
12436980,2024-2025,5.0,2024-09-21 11:30:00,London Stadium,Samuel Barrott,62473.0,West Ham United,Chelsea,Home,0,3,-3,0,Loss,0,0,1,6.0,20.0,444.0,10.0,53.0,50.0,0.0,0.0,0.0,5.0,6.0,8.0,9.0,45.0,68.0,17.0,2.0,0.0,8.0,498.0,3.0,7.0,10.0,8.0,15.0,7.0,16.0,6.0
12436980,2024-2025,5.0,2024-09-21 11:30:00,London Stadium,Samuel Barrott,62473.0,Chelsea,West Ham United,Away,3,0,3,3,Win,1,0,0,3.0,23.0,393.0,10.0,47.0,49.0,5.0,2.0,3.0,3.0,5.0,11.0,6.0,55.0,37.0,9.0,7.0,0.0,8.0,454.0,4.0,5.0,34.0,11.0,12.0,1.0,19.0,9.0
12436969,2024-2025,5.0,2024-09-21 14:00:00,Anfield,Tony Harrington,60347.0,Liverpool,Bournemouth,Home,3,0,3,3,Win,1,0,0,2.0,24.0,519.0,9.0,59.0,52.0,4.0,2.0,2.0,3.0,3.0,15.0,16.0,55.0,57.0,10.0,7.0,1.0,6.0,584.0,3.0,13.0,21.0,14.0,19.0,5.0,20.0,14.0
12436969,2024-2025,5.0,2024-09-21 14:00:00,Anfield,Tony Harrington,60347.0,Bournemouth,Liverpool,Away,0,3,-3,0,Loss,0,0,1,4.0,24.0,332.0,6.0,41.0,57.0,2.0,2.0,0.0,4.0,9.0,8.0,11.0,45.0,42.0,12.0,9.0,1.0,7.0,389.0,9.0,6.0,16.0,12.0,19.0,7.0,20.0,11.0
12436962,2024-2025,5.0,2024-09-21 16:30:00,Selhurst Park,David Coote,25172.0,Crystal Palace,Manchester United,Home,0,0,0,1,Draw,0,1,0,6.0,24.0,221.0,13.0,33.0,55.0,3.0,3.0,,2.0,4.0,8.0,4.0,53.0,34.0,7.0,7.0,0.0,13.0,313.0,3.0,4.0,30.0,7.0,9.0,2.0,22.0,10.0
12436962,2024-2025,5.0,2024-09-21 16:30:00,Selhurst Park,David Coote,25172.0,Manchester United,Crystal Palace,Away,0,0,0,1,Draw,0,1,0,3.0,14.0,547.0,18.0,67.0,50.0,5.0,5.0,,4.0,11.0,14.0,7.0,47.0,72.0,12.0,4.0,3.0,9.0,639.0,5.0,6.0,14.0,11.0,15.0,4.0,14.0,8.0
12436971,2024-2025,5.0,2024-09-22 15:30:00,Etihad Stadium,Michael Oliver,52846.0,Manchester City,Arsenal,Home,2,2,0,1,Draw,0,1,0,6.0,21.0,644.0,16.0,77.0,40.0,5.0,3.0,2.0,13.0,8.0,7.0,10.0,55.0,54.0,7.0,1.0,1.0,3.0,705.0,9.0,11.0,9.0,15.0,33.0,18.0,10.0,5.0
12436971,2024-2025,5.0,2024-09-22 15:30:00,Etihad Stadium,Michael Oliver,52846.0,Arsenal,Manchester City,Away,2,2,0,1,Draw,0,1,0,3.0,14.0,148.0,12.0,23.0,41.0,3.0,2.0,1.0,0.0,2.0,6.0,4.0,45.0,34.0,10.0,9.0,0.0,4.0,208.0,2.0,3.0,37.0,4.0,5.0,1.0,16.0,10.0
12436999,2024-2025,6.0,2024-09-28 11:30:00,St James' Park,Jarred Gillett,52248.0,Newcastle United,Manchester City,Home,1,1,0,1,Draw,0,1,0,5.0,23.0,261.0,13.0,38.0,54.0,2.0,1.0,1.0,4.0,5.0,13.0,8.0,49.0,45.0,14.0,5.0,0.0,10.0,331.0,3.0,4.0,21.0,10.0,11.0,1.0,15.0,7.0
12436999,2024-2025,6.0,2024-09-28 11:30:00,St James' Park,Jarred Gillett,52248.0,Manchester City,Newcastle United,Away,1,1,0,1,Draw,0,1,0,2.0,18.0,490.0,6.0,62.0,52.0,1.0,0.0,1.0,6.0,6.0,8.0,13.0,51.0,53.0,10.0,3.0,0.0,7.0,558.0,4.0,6.0,20.0,12.0,16.0,4.0,15.0,11.0
12436870,2024-2025,1.0,2024-08-16 19:00:00,Old Trafford,Robert Jones,73297.0,Manchester United,Fulham,Home,1,0,1,3,Win,1,0,0,3.0,23.0,408.0,19.0,55.0,65.0,4.0,4.0,,2.0,7.0,13.0,8.0,50.0,46.0,12.0,2.0,0.0,19.0,482.0,7.0,5.0,20.0,7.0,14.0,7.0,21.0,14.0
12436870,2024-2025,1.0,2024-08-16 19:00:00,Old Trafford,Robert Jones,73297.0,Fulham,Manchester United,Away,0,1,-1,0,Loss,0,0,1,6.0,17.0,306.0,16.0,45.0,61.0,0.0,0.0,,4.0,8.0,9.0,8.0,50.0,40.0,10.0,4.0,0.0,9.0,384.0,4.0,2.0,19.0,6.0,10.0,4.0,24.0,17.0
12436871,2024-2025,1.0,2024-08-17 11:30:00,Portman Road Stadium,Tim Robinson,30014.0,Ipswich Town,Liverpool,Home,0,2,-2,0,Loss,0,0,1,2.0,19.0,272.0,11.0,38.0,46.0,0.0,0.0,0.0,3.0,2.0,4.0,3.0,53.0,41.0,9.0,3.0,0.0,9.0,347.0,2.0,2.0,28.0,5.0,7.0,2.0,20.0,10.0
12436871,2024-2025,1.0,2024-08-17 11:30:00,Portman Road Stadium,Tim Robinson,30014.0,Liverpool,Ipswich Town,Away,2,0,2,3,Win,1,0,0,4.0,30.0,492.0,18.0,62.0,45.0,6.0,4.0,2.0,7.0,10.0,9.0,11.0,47.0,47.0,18.0,2.0,0.0,5.0,570.0,6.0,5.0,16.0,12.0,18.0,6.0,9.0,4.0
12436872,2024-2025,1.0,2024-08-17 14:00:00,Emirates Stadium,Jarred Gillett,60261.0,Arsenal,Wolverhampton,Home,2,0,2,3,Win,1,0,0,3.0,17.0,357.0,17.0,53.0,38.0,2.0,1.0,1.0,6.0,8.0,9.0,9.0,50.0,40.0,17.0,3.0,0.0,8.0,420.0,6.0,6.0,15.0,12.0,18.0,6.0,18.0,13.0
12436872,2024-2025,1.0,2024-08-17 14:00:00,Emirates Stadium,Jarred Gillett,60261.0,Wolverhampton,Arsenal,Away,0,2,-2,0,Loss,0,0,1,4.0,20.0,307.0,13.0,47.0,42.0,1.0,1.0,0.0,1.0,2.0,10.0,8.0,50.0,56.0,14.0,4.0,0.0,7.0,375.0,5.0,3.0,14.0,6.0,9.0,3.0,19.0,12.0
12436880,2024-2025,1.0,2024-08-18 15:30:00,Stamford Bridge,Anthony Taylor,39818.0,Chelsea,Manchester City,Home,0,2,-2,0,Loss,0,0,1,6.0,17.0,436.0,3.0,48.0,47.0,1.0,1.0,0.0,4.0,4.0,9.0,4.0,43.0,47.0,12.0,3.0,0.0,10.0,490.0,3.0,3.0,13.0,6.0,10.0,4.0,20.0,14.0
12436880,2024-2025,1.0,2024-08-18 15:30:00,Stamford Bridge,Anthony Taylor,39818.0,Manchester City,Chelsea,Away,2,0,2,3,Win,1,0,0,1.0,17.0,477.0,5.0,52.0,48.0,1.0,0.0,1.0,3.0,3.0,12.0,15.0,57.0,37.0,9.0,3.0,0.0,10.0,535.0,3.0,5.0,17.0,6.0,11.0,5.0,16.0,9.0
12436888,2024-2025,2.0,2024-08-24 11:30:00,American Express Stadium,Craig Pawson,31537.0,Brighton & Hove Albion,Manchester United,Home,2,1,1,3,Win,1,0,0,6.0,30.0,407.0,9.0,48.0,52.0,2.0,0.0,2.0,3.0,4.0,5.0,10.0,53.0,52.0,9.0,2.0,1.0,7.0,477.0,6.0,5.0,10.0,10.0,14.0,4.0,17.0,12.0
12436888,2024-2025,2.0,2024-08-24 11:30:00,American Express Stadium,Craig Pawson,31537.0,Manchester United,Brighton & Hove Albion,Away,1,2,-1,0,Loss,0,0,1,3.0,24.0,446.0,6.0,52.0,62.0,2.0,2.0,0.0,2.0,4.0,8.0,10.0,47.0,44.0,13.0,2.0,0.0,12.0,511.0,5.0,4.0,10.0,8.0,11.0,3.0,19.0,11.0
12436898,2024-2025,2.0,2024-08-24 14:00:00,Etihad Stadium,Michael Salisbury,,Manchester City,Ipswich Town,Home,4,1,3,3,Win,1,0,0,5.0,22.0,700.0,5.0,75.0,34.0,5.0,2.0,3.0,3.0,10.0,10.0,11.0,61.0,72.0,4.0,0.0,2.0,6.0,755.0,6.0,5.0,8.0,9.0,14.0,5.0,14.0,6.0
12436898,2024-2025,2.0,2024-08-24 14:00:00,Etihad Stadium,Michael Salisbury,,Ipswich Town,Manchester City,Away,1,4,-3,0,Loss,0,0,1,1.0,10.0,200.0,7.0,25.0,29.0,1.0,0.0,1.0,0.0,1.0,8.0,2.0,39.0,21.0,15.0,1.0,0.0,10.0,245.0,0.0,1.0,40.0,0.0,1.0,1.0,17.0,8.0
12436886,2024-2025,2.0,2024-08-24 16:30:00,Villa Park,Michael Oliver,,Aston Villa,Arsenal,Home,0,2,-2,0,Loss,0,0,1,3.0,16.0,271.0,10.0,39.0,41.0,2.0,2.0,,5.0,4.0,10.0,11.0,60.0,28.0,8.0,2.0,1.0,4.0,329.0,3.0,3.0,16.0,7.0,11.0,4.0,22.0,10.0
12436886,2024-2025,2.0,2024-08-24 16:30:00,Villa Park,Michael Oliver,,Arsenal,Aston Villa,Away,2,0,2,3,Win,1,0,0,1.0,18.0,469.0,7.0,61.0,38.0,2.0,2.0,,1.0,1.0,13.0,6.0,40.0,48.0,16.0,3.0,0.0,8.0,514.0,4.0,4.0,15.0,5.0,9.0,4.0,17.0,9.0
12436904,2024-2025,2.0,2024-08-25 13:00:00,Molineux Stadium,Darren England,31235.0,Wolverhampton,Chelsea,Home,2,6,-4,0,Loss,0,0,1,1.0,17.0,253.0,8.0,40.0,46.0,5.0,3.0,2.0,2.0,5.0,6.0,8.0,54.0,34.0,13.0,2.0,2.0,9.0,320.0,6.0,4.0,19.0,8.0,12.0,4.0,19.0,10.0
12436904,2024-2025,2.0,2024-08-25 13:00:00,Molineux Stadium,Darren England,31235.0,Chelsea,Wolverhampton,Away,6,2,4,3,Win,1,0,0,1.0,23.0,426.0,5.0,60.0,45.0,5.0,1.0,4.0,3.0,5.0,10.0,9.0,46.0,41.0,13.0,2.0,1.0,9.0,495.0,3.0,8.0,18.0,10.0,14.0,4.0,14.0,11.0
12436896,2024-2025,2.0,2024-08-25 15:30:00,Anfield,Stuart Attwell,,Liverpool,Brentford,Home,2,0,2,3,Win,1,0,0,3.0,22.0,550.0,6.0,62.0,50.0,4.0,2.0,2.0,7.0,9.0,5.0,8.0,53.0,62.0,10.0,2.0,2.0,7.0,602.0,4.0,8.0,11.0,17.0,19.0,2.0,17.0,10.0
12436896,2024-2025,2.0,2024-08-25 15:30:00,Anfield,Stuart Attwell,,Brentford,Liverpool,Away,0,2,-2,0,Loss,0,0,1,4.0,25.0,298.0,8.0,38.0,50.0,2.0,2.0,0.0,3.0,4.0,4.0,6.0,47.0,36.0,7.0,6.0,0.0,5.0,364.0,3.0,2.0,16.0,4.0,8.0,4.0,10.0,6.0
12436906,2024-2025,3.0,2024-08-31 11:30:00,Emirates Stadium,Chris Kavanagh,60326.0,Arsenal,Brighton & Hove Albion,Home,1,1,0,1,Draw,0,1,0,2.0,21.0,200.0,14.0,36.0,47.0,5.0,4.0,1.0,2.0,3.0,11.0,8.0,44.0,37.0,12.0,3.0,0.0,12.0,270.0,2.0,7.0,20.0,10.0,11.0,1.0,17.0,11.0
12436906,2024-2025,3.0,2024-08-31 11:30:00,Emirates Stadium,Chris Kavanagh,60326.0,Brighton & Hove Albion,Arsenal,Away,1,1,0,1,Draw,0,1,0,7.0,30.0,404.0,19.0,64.0,49.0,3.0,2.0,1.0,8.0,7.0,5.0,10.0,56.0,48.0,7.0,6.0,0.0,5.0,471.0,10.0,4.0,11.0,15.0,22.0,7.0,18.0,7.0
14025176,2025-2026,25.0,2026-02-07 12:30:00,Old Trafford,Michael Oliver,73985.0,Manchester United,Tottenham Hotspur,Home,2,0,2,3,Win,1,0,0,5.0,12.0,582.0,9.0,65.0,42.0,3.0,2.0,1.0,6.0,7.0,7.0,9.0,54.0,78.0,12.0,1.0,0.0,5.0,649.0,7.0,10.0,11.0,10.0,23.0,13.0,18.0,11.0
14025176,2025-2026,25.0,2026-02-07 12:30:00,Old Trafford,Michael Oliver,73985.0,Tottenham Hotspur,Manchester United,Away,0,2,-2,0,Loss,0,0,1,4.0,17.0,283.0,6.0,35.0,41.0,1.0,1.0,0.0,5.0,0.0,7.0,6.0,46.0,38.0,11.0,8.0,0.0,9.0,342.0,1.0,1.0,30.0,4.0,7.0,3.0,16.0,6.0
14025182,2025-2026,25.0,2026-02-07 15:00:00,Molineux Stadium,Jarred Gillett,29762.0,Wolverhampton,Chelsea,Home,1,3,-2,0,Loss,0,0,1,6.0,15.0,307.0,9.0,34.0,46.0,1.0,0.0,1.0,4.0,3.0,13.0,13.0,47.0,38.0,9.0,3.0,1.0,8.0,365.0,4.0,3.0,21.0,9.0,11.0,2.0,12.0,8.0
14025182,2025-2026,25.0,2026-02-07 15:00:00,Molineux Stadium,Jarred Gillett,29762.0,Chelsea,Wolverhampton,Away,3,1,2,3,Win,1,0,0,2.0,16.0,694.0,10.0,66.0,47.0,6.0,3.0,3.0,6.0,4.0,9.0,8.0,53.0,51.0,10.0,2.0,0.0,10.0,747.0,3.0,6.0,28.0,11.0,15.0,4.0,21.0,10.0
14025158,2025-2026,25.0,2026-02-07 15:00:00,Emirates Stadium,Samuel Barrott,60312.0,Arsenal,Sunderland,Home,3,0,3,3,Win,1,0,0,2.0,22.0,325.0,17.0,49.0,52.0,1.0,0.0,1.0,5.0,5.0,8.0,6.0,51.0,44.0,11.0,2.0,0.0,12.0,389.0,6.0,5.0,22.0,10.0,16.0,6.0,15.0,8.0
14025158,2025-2026,25.0,2026-02-07 15:00:00,Emirates Stadium,Samuel Barrott,60312.0,Sunderland,Arsenal,Away,0,3,-3,0,Loss,0,0,1,2.0,19.0,327.0,16.0,51.0,46.0,1.0,1.0,0.0,1.0,2.0,9.0,5.0,49.0,58.0,8.0,2.0,0.0,6.0,408.0,1.0,3.0,30.0,4.0,5.0,1.0,13.0,7.0
14025173,2025-2026,25.0,2026-02-08 16:30:00,Anfield,Craig Pawson,60336.0,Liverpool,Manchester City,Home,1,2,-1,0,Loss,0,0,1,6.0,30.0,306.0,8.0,47.0,51.0,1.0,1.0,0.0,3.0,5.0,7.0,8.0,49.0,55.0,13.0,5.0,0.0,7.0,390.0,8.0,4.0,20.0,9.0,15.0,6.0,17.0,9.0
14025173,2025-2026,25.0,2026-02-08 16:30:00,Anfield,Craig Pawson,60336.0,Manchester City,Liverpool,Away,2,1,1,3,Win,1,0,0,3.0,20.0,393.0,20.0,53.0,45.0,3.0,1.0,2.0,4.0,4.0,8.0,3.0,51.0,50.0,16.0,3.0,0.0,10.0,465.0,6.0,7.0,31.0,9.0,17.0,8.0,15.0,8.0
14025188,2025-2026,26.0,2026-02-10 19:30:00,Stamford Bridge,Robert Jones,39253.0,Chelsea,Leeds United,Home,2,2,0,1,Draw,0,1,0,6.0,18.0,593.0,14.0,66.0,36.0,5.0,3.0,2.0,7.0,4.0,5.0,5.0,55.0,54.0,9.0,0.0,0.0,7.0,644.0,8.0,4.0,22.0,14.0,19.0,5.0,14.0,6.0
14025188,2025-2026,26.0,2026-02-10 19:30:00,Stamford Bridge,Robert Jones,39253.0,Leeds United,Chelsea,Away,2,2,0,1,Draw,0,1,0,1.0,21.0,274.0,17.0,34.0,30.0,2.0,0.0,2.0,2.0,1.0,12.0,2.0,45.0,40.0,13.0,2.0,0.0,9.0,336.0,0.0,2.0,33.0,2.0,4.0,2.0,11.0,6.0
14025203,2025-2026,26.0,2026-02-10 20:15:00,London Stadium,Simon Hooper,62473.0,West Ham United,Manchester United,Home,1,1,0,1,Draw,0,1,0,3.0,21.0,261.0,10.0,35.0,45.0,2.0,1.0,1.0,3.0,5.0,11.0,4.0,40.0,47.0,10.0,2.0,0.0,16.0,329.0,1.0,3.0,24.0,4.0,7.0,3.0,15.0,10.0
14025203,2025-2026,26.0,2026-02-10 20:15:00,London Stadium,Simon Hooper,62473.0,Manchester United,West Ham United,Away,1,1,0,1,Draw,0,1,0,6.0,21.0,551.0,12.0,65.0,47.0,1.0,1.0,1.0,2.0,3.0,7.0,10.0,60.0,73.0,4.0,2.0,0.0,8.0,629.0,4.0,3.0,12.0,8.0,9.0,1.0,19.0,12.0
14025212,2025-2026,26.0,2026-02-11 19:30:00,Etihad Stadium,Paul Tierney,,Manchester City,Fulham,Home,3,0,3,3,Win,1,0,0,1.0,27.0,577.0,8.0,56.0,49.0,2.0,0.0,2.0,5.0,4.0,8.0,5.0,52.0,59.0,8.0,3.0,0.0,7.0,634.0,3.0,5.0,16.0,5.0,13.0,8.0,22.0,11.0
14025212,2025-2026,26.0,2026-02-11 19:30:00,Etihad Stadium,Paul Tierney,,Fulham,Manchester City,Away,0,3,-3,0,Loss,0,0,1,4.0,22.0,418.0,7.0,44.0,47.0,1.0,1.0,0.0,3.0,4.0,14.0,3.0,48.0,33.0,10.0,2.0,0.0,8.0,492.0,8.0,3.0,11.0,12.0,14.0,2.0,23.0,14.0
14025197,2025-2026,26.0,2026-02-11 20:15:00,Stadium of Light,Chris Kavanagh,,Sunderland,Liverpool,Home,0,1,-1,0,Loss,0,0,1,4.0,18.0,311.0,10.0,43.0,41.0,1.0,1.0,0.0,4.0,3.0,3.0,8.0,43.0,44.0,8.0,2.0,0.0,8.0,372.0,5.0,2.0,39.0,8.0,11.0,3.0,14.0,7.0
14025197,2025-2026,26.0,2026-02-11 20:15:00,Stadium of Light,Chris Kavanagh,,Liverpool,Sunderland,Away,1,0,1,3,Win,1,0,0,3.0,24.0,432.0,22.0,57.0,47.0,4.0,3.0,1.0,13.0,11.0,9.0,10.0,57.0,64.0,10.0,2.0,1.0,4.0,501.0,7.0,3.0,37.0,16.0,23.0,7.0,15.0,9.0
14025185,2025-2026,26.0,2026-02-12 20:00:00,Brentford Community Stadium,John Brooks,,Brentford,Arsenal,Home,1,1,0,1,Draw,0,1,0,5.0,23.0,235.0,7.0,41.0,42.0,3.0,2.0,1.0,5.0,6.0,8.0,6.0,38.0,39.0,12.0,1.0,0.0,12.0,314.0,4.0,3.0,28.0,9.0,12.0,3.0,11.0,6.0
14025185,2025-2026,26.0,2026-02-12 20:00:00,Brentford Community Stadium,John Brooks,,Arsenal,Brentford,Away,1,1,0,1,Draw,0,1,0,8.0,29.0,384.0,21.0,59.0,42.0,1.0,1.0,0.0,3.0,4.0,6.0,3.0,62.0,46.0,11.0,2.0,0.0,4.0,452.0,2.0,2.0,37.0,6.0,7.0,1.0,22.0,12.0
14025018,2025-2026,31.0,2026-02-18 20:00:00,Molineux Stadium,Paul Tierney,29843.0,Wolverhampton,Arsenal,Home,2,2,0,1,Draw,0,1,0,3.0,24.0,269.0,15.0,43.0,49.0,1.0,1.0,1.0,0.0,1.0,13.0,2.0,43.0,45.0,6.0,2.0,0.0,8.0,361.0,3.0,2.0,18.0,2.0,5.0,3.0,26.0,14.0
14025018,2025-2026,31.0,2026-02-18 20:00:00,Molineux Stadium,Paul Tierney,29843.0,Arsenal,Wolverhampton,Away,2,2,0,1,Draw,0,1,0,6.0,12.0,395.0,28.0,57.0,60.0,3.0,1.0,2.0,2.0,3.0,17.0,14.0,57.0,81.0,8.0,0.0,0.0,13.0,486.0,4.0,4.0,25.0,9.0,10.0,1.0,20.0,12.0
14024007,2025-2026,27.0,2026-02-21 15:00:00,Stamford Bridge,Lewis Smith,39603.0,Chelsea,Burnley,Home,1,1,0,1,Draw,0,1,0,2.0,23.0,533.0,11.0,67.0,44.0,3.0,2.0,1.0,5.0,9.0,1.0,8.0,54.0,72.0,13.0,3.0,0.0,9.0,605.0,5.0,2.0,13.0,6.0,12.0,6.0,13.0,8.0
14024007,2025-2026,27.0,2026-02-21 15:00:00,Stamford Bridge,Lewis Smith,39603.0,Burnley,Chelsea,Away,1,1,0,1,Draw,0,1,0,5.0,17.0,240.0,11.0,33.0,40.0,1.0,0.0,1.0,2.0,5.0,5.0,4.0,46.0,39.0,11.0,1.0,0.0,15.0,302.0,6.0,4.0,20.0,9.0,12.0,3.0,9.0,6.0
14024010,2025-2026,27.0,2026-02-21 20:00:00,Etihad Stadium,Thomas Bramall,52187.0,Manchester City,Newcastle United,Home,2,1,1,3,Win,1,0,0,6.0,19.0,393.0,13.0,55.0,47.0,5.0,4.0,1.0,2.0,5.0,7.0,14.0,55.0,39.0,12.0,6.0,0.0,5.0,467.0,6.0,7.0,23.0,10.0,15.0,5.0,21.0,13.0
14024010,2025-2026,27.0,2026-02-21 20:00:00,Etihad Stadium,Thomas Bramall,52187.0,Newcastle United,Manchester City,Away,1,2,-1,0,Loss,0,0,1,4.0,27.0,305.0,16.0,45.0,50.0,0.0,0.0,0.0,3.0,5.0,11.0,3.0,45.0,45.0,13.0,5.0,0.0,8.0,375.0,3.0,7.0,18.0,8.0,13.0,5.0,18.0,10.0
14024013,2025-2026,27.0,2026-02-22 14:00:00,City Ground,Anthony Taylor,30737.0,Nottingham Forest,Liverpool,Home,0,1,-1,0,Loss,0,0,1,7.0,24.0,348.0,17.0,47.0,58.0,1.0,1.0,0.0,8.0,7.0,11.0,6.0,52.0,42.0,13.0,3.0,0.0,10.0,421.0,8.0,2.0,35.0,7.0,18.0,11.0,18.0,14.0
14024013,2025-2026,27.0,2026-02-22 14:00:00,City Ground,Anthony Taylor,30737.0,Liverpool,Nottingham Forest,Away,1,0,1,3,Win,1,0,0,4.0,28.0,412.0,10.0,53.0,48.0,4.0,3.0,1.0,4.0,2.0,12.0,8.0,48.0,59.0,9.0,2.0,0.0,9.0,489.0,2.0,4.0,27.0,8.0,10.0,2.0,14.0,7.0
14024012,2025-2026,27.0,2026-02-22 16:30:00,Tottenham Hotspur Stadium,Peter Bankes,61439.0,Tottenham Hotspur,Arsenal,Home,1,4,-3,0,Loss,0,0,1,2.0,10.0,232.0,12.0,40.0,49.0,0.0,0.0,0.0,1.0,2.0,17.0,2.0,41.0,29.0,17.0,2.0,0.0,15.0,320.0,0.0,5.0,42.0,3.0,6.0,3.0,24.0,13.0
14024012,2025-2026,27.0,2026-02-22 16:30:00,Tottenham Hotspur Stadium,Peter Bankes,61439.0,Arsenal,Tottenham Hotspur,Away,4,1,3,3,Win,1,0,0,3.0,17.0,378.0,20.0,60.0,61.0,6.0,3.0,3.0,7.0,5.0,12.0,4.0,59.0,80.0,11.0,4.0,0.0,8.0,480.0,6.0,7.0,15.0,13.0,20.0,7.0,31.0,21.0
15238290,2025-2026,27.0,2026-02-23 20:00:00,Hill Dickinson Stadium,Darren England,,Everton,Manchester United,Home,0,1,-1,0,Loss,0,0,1,5.0,21.0,316.0,27.0,48.0,62.0,0.0,0.0,0.0,6.0,10.0,3.0,10.0,58.0,57.0,12.0,1.0,0.0,14.0,413.0,2.0,4.0,13.0,5.0,12.0,7.0,18.0,8.0
15238290,2025-2026,27.0,2026-02-23 20:00:00,Hill Dickinson Stadium,Darren England,,Manchester United,Everton,Away,1,0,1,3,Win,1,0,0,1.0,23.0,388.0,16.0,52.0,62.0,2.0,1.0,1.0,2.0,1.0,8.0,5.0,42.0,52.0,7.0,4.0,0.0,8.0,483.0,6.0,3.0,38.0,6.0,11.0,5.0,12.0,8.0
14025070,2025-2026,22.0,2026-01-17 15:00:00,Stamford Bridge,John Brooks,39704.0,Chelsea,Brentford,Home,2,0,2,3,Win,1,0,0,1.0,27.0,374.0,12.0,46.0,51.0,2.0,1.0,1.0,2.0,3.0,4.0,7.0,56.0,40.0,7.0,6.0,0.0,11.0,443.0,2.0,2.0,42.0,4.0,6.0,2.0,17.0,9.0
14025070,2025-2026,22.0,2026-01-17 15:00:00,Stamford Bridge,John Brooks,39704.0,Brentford,Chelsea,Away,0,2,-2,0,Loss,0,0,1,7.0,22.0,446.0,12.0,54.0,50.0,3.0,3.0,0.0,5.0,9.0,7.0,3.0,44.0,62.0,10.0,0.0,1.0,8.0,513.0,5.0,5.0,16.0,10.0,15.0,5.0,14.0,9.0
14025076,2025-2026,22.0,2026-01-17 15:00:00,Anfield,Andy Madley,60431.0,Liverpool,Burnley,Home,1,1,0,1,Draw,0,1,0,9.0,26.0,635.0,20.0,73.0,44.0,3.0,3.0,,13.0,9.0,9.0,15.0,53.0,80.0,8.0,1.0,1.0,8.0,728.0,8.0,11.0,13.0,20.0,32.0,12.0,7.0,4.0
14025076,2025-2026,22.0,2026-01-17 15:00:00,Anfield,Andy Madley,60431.0,Burnley,Liverpool,Away,1,1,0,1,Draw,0,1,0,0.0,12.0,191.0,12.0,27.0,44.0,0.0,0.0,,2.0,1.0,6.0,7.0,47.0,35.0,10.0,8.0,0.0,9.0,275.0,4.0,1.0,41.0,5.0,7.0,2.0,19.0,7.0
14025082,2025-2026,22.0,2026-01-17 17:30:00,City Ground,Michael Oliver,30729.0,Nottingham Forest,Arsenal,Home,0,0,0,1,Draw,0,1,0,5.0,18.0,259.0,17.0,40.0,31.0,0.0,0.0,,3.0,4.0,6.0,4.0,49.0,52.0,8.0,3.0,0.0,6.0,321.0,3.0,0.0,33.0,1.0,6.0,5.0,12.0,5.0
14025082,2025-2026,22.0,2026-01-17 17:30:00,City Ground,Michael Oliver,30729.0,Arsenal,Nottingham Forest,Away,0,0,0,1,Draw,0,1,0,11.0,15.0,416.0,18.0,60.0,36.0,4.0,4.0,,8.0,9.0,5.0,6.0,51.0,50.0,14.0,0.0,0.0,4.0,494.0,4.0,3.0,27.0,14.0,15.0,1.0,16.0,7.0
14025116,2025-2026,23.0,2026-01-24 15:00:00,Etihad Stadium,Farai Hallam,52469.0,Manchester City,Wolverhampton,Home,2,0,2,3,Win,1,0,0,3.0,27.0,581.0,10.0,64.0,42.0,1.0,0.0,1.0,0.0,4.0,10.0,2.0,44.0,70.0,16.0,1.0,2.0,17.0,644.0,7.0,4.0,11.0,8.0,11.0,3.0,16.0,6.0
14025116,2025-2026,23.0,2026-01-24 15:00:00,Etihad Stadium,Farai Hallam,52469.0,Wolverhampton,Manchester City,Away,0,2,-2,0,Loss,0,0,1,4.0,12.0,278.0,8.0,36.0,41.0,1.0,1.0,0.0,5.0,6.0,8.0,9.0,56.0,29.0,14.0,2.0,1.0,10.0,349.0,5.0,1.0,21.0,5.0,11.0,6.0,19.0,13.0
14025095,2025-2026,23.0,2026-01-24 17:30:00,Vitality Stadium,Michael Salisbury,11260.0,Bournemouth,Liverpool,Home,3,2,1,3,Win,1,0,0,3.0,22.0,230.0,6.0,33.0,50.0,6.0,3.0,3.0,3.0,3.0,3.0,4.0,51.0,37.0,7.0,2.0,1.0,14.0,298.0,4.0,5.0,38.0,9.0,12.0,3.0,20.0,10.0
14025095,2025-2026,23.0,2026-01-24 17:30:00,Vitality Stadium,Michael Salisbury,11260.0,Liverpool,Bournemouth,Away,2,3,-1,0,Loss,0,0,1,4.0,20.0,537.0,9.0,67.0,46.0,1.0,1.0,0.0,6.0,11.0,8.0,7.0,49.0,81.0,7.0,2.0,0.0,4.0,616.0,4.0,4.0,27.0,7.0,14.0,7.0,12.0,8.0
14025107,2025-2026,23.0,2026-01-25 14:00:00,Selhurst Park,Darren England,25163.0,Crystal Palace,Chelsea,Home,1,3,-2,0,Loss,0,0,1,3.0,19.0,342.0,29.0,43.0,45.0,6.0,5.0,1.0,3.0,4.0,10.0,8.0,58.0,52.0,11.0,2.0,0.0,10.0,440.0,3.0,7.0,23.0,12.0,13.0,1.0,17.0,9.0
14025107,2025-2026,23.0,2026-01-25 14:00:00,Selhurst Park,Darren England,25163.0,Chelsea,Crystal Palace,Away,3,1,2,3,Win,1,0,0,5.0,31.0,504.0,15.0,57.0,39.0,5.0,2.0,3.0,1.0,5.0,9.0,6.0,42.0,35.0,10.0,5.0,0.0,14.0,590.0,3.0,6.0,45.0,8.0,10.0,2.0,15.0,10.0
14025098,2025-2026,23.0,2026-01-25 16:30:00,Emirates Stadium,Craig Pawson,60296.0,Arsenal,Manchester United,Home,2,3,-1,0,Loss,0,0,1,4.0,14.0,371.0,14.0,56.0,42.0,1.0,0.0,1.0,6.0,9.0,8.0,7.0,51.0,47.0,11.0,0.0,0.0,11.0,443.0,5.0,4.0,20.0,9.0,15.0,6.0,11.0,7.0
14025098,2025-2026,23.0,2026-01-25 16:30:00,Emirates Stadium,Craig Pawson,60296.0,Manchester United,Arsenal,Away,3,2,1,3,Win,1,0,0,1.0,15.0,289.0,12.0,44.0,40.0,2.0,1.0,1.0,2.0,2.0,9.0,4.0,49.0,56.0,9.0,3.0,0.0,6.0,364.0,5.0,3.0,25.0,3.0,10.0,7.0,14.0,9.0
14025134,2025-2026,24.0,2026-01-31 15:00:00,Elland Road,Stuart Attwell,36858.0,Leeds United,Arsenal,Home,0,4,-4,0,Loss,0,0,1,1.0,17.0,316.0,18.0,50.0,36.0,0.0,0.0,0.0,1.0,4.0,4.0,6.0,47.0,53.0,10.0,4.0,0.0,10.0,395.0,1.0,1.0,36.0,2.0,3.0,1.0,16.0,6.0
14025134,2025-2026,24.0,2026-01-31 15:00:00,Elland Road,Stuart Attwell,36858.0,Arsenal,Leeds United,Away,4,0,4,3,Win,1,0,0,8.0,23.0,313.0,18.0,50.0,42.0,6.0,5.0,1.0,2.0,12.0,7.0,10.0,53.0,57.0,7.0,1.0,0.0,6.0,395.0,4.0,9.0,31.0,12.0,15.0,3.0,14.0,7.0
14025131,2025-2026,24.0,2026-01-31 17:30:00,Stamford Bridge,Anthony Taylor,39430.0,Chelsea,West Ham United,Home,3,2,1,3,Win,1,0,0,6.0,30.0,644.0,17.0,71.0,49.0,4.0,2.0,2.0,4.0,9.0,4.0,3.0,47.0,78.0,11.0,4.0,1.0,8.0,721.0,4.0,6.0,23.0,11.0,14.0,3.0,14.0,8.0
14025131,2025-2026,24.0,2026-01-31 17:30:00,Stamford Bridge,Anthony Taylor,39430.0,West Ham United,Chelsea,Away,2,3,-1,0,Loss,0,0,1,2.0,24.0,205.0,14.0,29.0,49.0,2.0,2.0,0.0,3.0,3.0,8.0,11.0,53.0,60.0,13.0,3.0,1.0,7.0,300.0,2.0,6.0,47.0,8.0,11.0,3.0,15.0,9.0
14025137,2025-2026,24.0,2026-01-31 20:00:00,Anfield,Simon Hooper,60416.0,Liverpool,Newcastle United,Home,4,1,3,3,Win,1,0,0,4.0,21.0,345.0,15.0,54.0,46.0,7.0,3.0,4.0,3.0,7.0,6.0,7.0,57.0,63.0,11.0,1.0,0.0,6.0,411.0,7.0,7.0,38.0,11.0,17.0,6.0,18.0,11.0
14025137,2025-2026,24.0,2026-01-31 20:00:00,Anfield,Simon Hooper,60416.0,Newcastle United,Liverpool,Away,1,4,-3,0,Loss,0,0,1,6.0,14.0,266.0,7.0,46.0,47.0,0.0,0.0,0.0,3.0,11.0,8.0,3.0,43.0,54.0,7.0,3.0,1.0,8.0,332.0,3.0,2.0,23.0,4.0,8.0,4.0,13.0,7.0
14025140,2025-2026,24.0,2026-02-01 14:00:00,Old Trafford,John Brooks,73932.0,Manchester United,Fulham,Home,3,2,1,3,Win,1,0,0,6.0,27.0,372.0,14.0,42.0,43.0,3.0,2.0,1.0,3.0,3.0,7.0,5.0,56.0,68.0,6.0,4.0,1.0,10.0,428.0,4.0,6.0,30.0,12.0,13.0,1.0,22.0,10.0
14025140,2025-2026,24.0,2026-02-01 14:00:00,Old Trafford,John Brooks,73932.0,Fulham,Manchester United,Away,2,3,-1,0,Loss,0,0,1,8.0,11.0,517.0,10.0,58.0,43.0,2.0,1.0,1.0,5.0,7.0,10.0,6.0,44.0,53.0,9.0,3.0,0.0,13.0,576.0,3.0,6.0,10.0,8.0,14.0,6.0,17.0,12.0
14025149,2025-2026,24.0,2026-02-01 16:30:00,Tottenham Hotspur Stadium,Robert Jones,61337.0,Tottenham Hotspur,Manchester City,Home,2,2,0,1,Draw,0,1,0,5.0,23.0,311.0,5.0,40.0,43.0,2.0,1.0,1.0,5.0,3.0,14.0,10.0,46.0,45.0,15.0,1.0,0.0,6.0,385.0,1.0,6.0,19.0,7.0,12.0,5.0,24.0,10.0
14025149,2025-2026,24.0,2026-02-01 16:30:00,Tottenham Hotspur Stadium,Robert Jones,61337.0,Manchester City,Tottenham Hotspur,Away,2,2,0,1,Draw,0,1,0,7.0,25.0,522.0,17.0,60.0,48.0,2.0,1.0,1.0,4.0,4.0,10.0,7.0,54.0,56.0,12.0,4.0,0.0,4.0,578.0,8.0,3.0,25.0,14.0,15.0,1.0,23.0,12.0
14025260,2025-2026,19.0,2025-12-30 19:30:00,Stamford Bridge,Samuel Barrott,39622.0,Chelsea,Bournemouth,Home,2,2,0,1,Draw,0,1,0,8.0,21.0,483.0,26.0,67.0,51.0,2.0,1.0,1.0,8.0,12.0,4.0,11.0,59.0,64.0,5.0,4.0,1.0,8.0,563.0,6.0,3.0,29.0,15.0,17.0,2.0,17.0,9.0
14025260,2025-2026,19.0,2025-12-30 19:30:00,Stamford Bridge,Samuel Barrott,39622.0,Bournemouth,Chelsea,Away,2,2,0,1,Draw,0,1,0,3.0,17.0,197.0,15.0,33.0,50.0,6.0,4.0,2.0,4.0,3.0,7.0,9.0,41.0,42.0,12.0,2.0,0.0,17.0,269.0,7.0,6.0,41.0,12.0,17.0,5.0,16.0,12.0
14025266,2025-2026,19.0,2025-12-30 20:15:00,Old Trafford,Thomas Bramall,73941.0,Manchester United,Wolverhampton,Home,1,1,0,1,Draw,0,1,0,6.0,26.0,450.0,10.0,56.0,41.0,2.0,2.0,,4.0,8.0,14.0,5.0,47.0,58.0,9.0,3.0,1.0,4.0,506.0,5.0,6.0,16.0,10.0,15.0,5.0,21.0,14.0
14025266,2025-2026,19.0,2025-12-30 20:15:00,Old Trafford,Thomas Bramall,73941.0,Wolverhampton,Manchester United,Away,1,1,0,1,Draw,0,1,0,4.0,18.0,335.0,16.0,44.0,42.0,2.0,2.0,,2.0,4.0,7.0,10.0,53.0,36.0,12.0,5.0,0.0,10.0,397.0,5.0,4.0,28.0,8.0,11.0,3.0,20.0,9.0
14025254,2025-2026,19.0,2025-12-30 20:15:00,Emirates Stadium,Darren England,60279.0,Arsenal,Aston Villa,Home,4,1,3,3,Win,1,0,0,5.0,17.0,302.0,7.0,46.0,39.0,6.0,4.0,2.0,7.0,3.0,6.0,5.0,46.0,51.0,18.0,2.0,0.0,8.0,351.0,8.0,7.0,17.0,17.0,22.0,5.0,17.0,7.0
14025254,2025-2026,19.0,2025-12-30 20:15:00,Emirates Stadium,Darren England,60279.0,Aston Villa,Arsenal,Away,1,4,-3,0,Loss,0,0,1,1.0,21.0,362.0,9.0,54.0,24.0,5.0,4.0,1.0,4.0,3.0,10.0,8.0,54.0,23.0,9.0,3.0,2.0,3.0,416.0,4.0,3.0,17.0,9.0,11.0,2.0,10.0,3.0
14025264,2025-2026,19.0,2026-01-01 17:30:00,Anfield,Chris Kavanagh,60343.0,Liverpool,Leeds United,Home,0,0,0,1,Draw,0,1,0,4.0,16.0,549.0,26.0,68.0,48.0,2.0,2.0,,8.0,8.0,11.0,12.0,48.0,90.0,10.0,2.0,0.0,6.0,636.0,7.0,4.0,21.0,11.0,19.0,8.0,8.0,3.0
14025264,2025-2026,19.0,2026-01-01 17:30:00,Anfield,Chris Kavanagh,60343.0,Leeds United,Liverpool,Away,0,0,0,1,Draw,0,1,0,3.0,18.0,194.0,22.0,32.0,42.0,1.0,1.0,,1.0,3.0,5.0,8.0,52.0,50.0,8.0,4.0,0.0,11.0,295.0,1.0,2.0,37.0,3.0,4.0,1.0,18.0,10.0
14025270,2025-2026,19.0,2026-01-01 20:00:00,Stadium of Light,Jarred Gillett,46920.0,Sunderland,Manchester City,Home,0,0,0,1,Draw,0,1,0,3.0,22.0,221.0,14.0,32.0,52.0,2.0,2.0,,2.0,3.0,15.0,9.0,45.0,60.0,9.0,4.0,0.0,17.0,304.0,4.0,4.0,31.0,7.0,10.0,3.0,18.0,15.0
14025270,2025-2026,19.0,2026-01-01 20:00:00,Stadium of Light,Jarred Gillett,46920.0,Manchester City,Sunderland,Away,0,0,0,1,Draw,0,1,0,6.0,21.0,548.0,9.0,68.0,59.0,5.0,5.0,,5.0,5.0,8.0,16.0,55.0,62.0,6.0,4.0,1.0,12.0,640.0,5.0,4.0,21.0,12.0,14.0,2.0,23.0,17.0
14025274,2025-2026,20.0,2026-01-03 17:30:00,Vitality Stadium,Chris Kavanagh,,Bournemouth,Arsenal,Home,2,3,-1,0,Loss,0,0,1,4.0,22.0,259.0,17.0,43.0,48.0,1.0,,1.0,5.0,7.0,13.0,8.0,42.0,62.0,13.0,2.0,0.0,4.0,339.0,7.0,3.0,37.0,5.0,15.0,10.0,16.0,12.0
14025274,2025-2026,20.0,2026-01-03 17:30:00,Vitality Stadium,Chris Kavanagh,,Arsenal,Bournemouth,Away,3,2,1,3,Win,1,0,0,3.0,18.0,368.0,21.0,57.0,52.0,2.0,,2.0,4.0,5.0,6.0,7.0,58.0,60.0,8.0,1.0,0.0,7.0,462.0,3.0,5.0,30.0,7.0,12.0,5.0,25.0,11.0
14025284,2025-2026,20.0,2026-01-04 12:30:00,Elland Road,Jarred Gillett,36909.0,Leeds United,Manchester United,Home,1,1,0,1,Draw,0,1,0,3.0,21.0,312.0,23.0,45.0,52.0,1.0,0.0,1.0,2.0,6.0,13.0,4.0,50.0,67.0,9.0,1.0,1.0,17.0,425.0,6.0,3.0,23.0,8.0,11.0,3.0,18.0,10.0
14025284,2025-2026,20.0,2026-01-04 12:30:00,Elland Road,Jarred Gillett,36909.0,Manchester United,Leeds United,Away,1,1,0,1,Draw,0,1,0,2.0,23.0,419.0,16.0,55.0,50.0,3.0,3.0,0.0,5.0,4.0,11.0,5.0,50.0,66.0,9.0,2.0,1.0,8.0,529.0,8.0,2.0,38.0,9.0,15.0,6.0,25.0,15.0
14025282,2025-2026,20.0,2026-01-04 15:15:00,Craven Cottage,Craig Pawson,27547.0,Fulham,Liverpool,Home,2,2,0,1,Draw,0,1,0,1.0,14.0,386.0,13.0,42.0,40.0,1.0,0.0,1.0,3.0,3.0,3.0,5.0,55.0,39.0,11.0,,1.0,10.0,462.0,3.0,2.0,40.0,5.0,8.0,3.0,15.0,9.0
14025282,2025-2026,20.0,2026-01-04 15:15:00,Craven Cottage,Craig Pawson,27547.0,Liverpool,Fulham,Away,2,2,0,1,Draw,0,1,0,1.0,26.0,563.0,9.0,58.0,36.0,3.0,1.0,2.0,3.0,8.0,10.0,4.0,45.0,87.0,4.0,,1.0,5.0,639.0,5.0,2.0,24.0,7.0,10.0,3.0,7.0,5.0
14025286,2025-2026,20.0,2026-01-04 17:30:00,Etihad Stadium,Michael Oliver,52503.0,Manchester City,Chelsea,Home,1,1,0,1,Draw,0,1,0,5.0,22.0,504.0,10.0,57.0,58.0,0.0,0.0,0.0,5.0,8.0,14.0,9.0,59.0,57.0,12.0,2.0,1.0,9.0,580.0,6.0,3.0,6.0,12.0,14.0,2.0,24.0,18.0
14025286,2025-2026,20.0,2026-01-04 17:30:00,Etihad Stadium,Michael Oliver,52503.0,Chelsea,Manchester City,Away,1,1,0,1,Draw,0,1,0,2.0,15.0,363.0,3.0,43.0,48.0,3.0,2.0,1.0,1.0,2.0,11.0,7.0,41.0,24.0,14.0,2.0,0.0,14.0,436.0,4.0,3.0,23.0,8.0,8.0,0.0,20.0,10.0
14025049,2025-2026,21.0,2026-01-07 19:30:00,Craven Cottage,Peter Bankes,26990.0,Fulham,Chelsea,Home,2,1,1,3,Win,1,0,0,4.0,24.0,503.0,19.0,55.0,40.0,0.0,0.0,0.0,8.0,2.0,3.0,12.0,56.0,55.0,11.0,4.0,0.0,9.0,572.0,3.0,5.0,28.0,9.0,16.0,7.0,16.0,10.0
14025049,2025-2026,21.0,2026-01-07 19:30:00,Craven Cottage,Peter Bankes,26990.0,Chelsea,Fulham,Away,1,2,-1,0,Loss,0,0,1,4.0,27.0,392.0,10.0,45.0,46.0,4.0,3.0,1.0,3.0,11.0,12.0,7.0,44.0,54.0,6.0,3.0,2.0,8.0,459.0,5.0,6.0,30.0,11.0,14.0,3.0,13.0,9.0
14025061,2025-2026,21.0,2026-01-07 19:30:00,Etihad Stadium,Thomas Bramall,51728.0,Manchester City,Brighton & Hove Albion,Home,1,1,0,1,Draw,0,1,0,6.0,23.0,530.0,14.0,60.0,47.0,7.0,6.0,1.0,6.0,6.0,10.0,16.0,61.0,54.0,6.0,2.0,1.0,19.0,608.0,9.0,6.0,7.0,16.0,21.0,5.0,14.0,11.0
14025061,2025-2026,21.0,2026-01-07 19:30:00,Etihad Stadium,Thomas Bramall,51728.0,Brighton & Hove Albion,Manchester City,Away,1,1,0,1,Draw,0,1,0,3.0,18.0,313.0,8.0,40.0,44.0,5.0,5.0,0.0,0.0,2.0,10.0,2.0,39.0,36.0,16.0,3.0,1.0,20.0,399.0,3.0,3.0,24.0,5.0,6.0,1.0,22.0,12.0
14025037,2025-2026,21.0,2026-01-07 20:15:00,Turf Moor,Stuart Attwell,21047.0,Burnley,Manchester United,Home,2,2,0,1,Draw,0,1,0,0.0,20.0,240.0,9.0,35.0,55.0,0.0,0.0,0.0,5.0,2.0,9.0,10.0,39.0,36.0,9.0,6.0,0.0,7.0,315.0,1.0,1.0,25.0,6.0,7.0,1.0,16.0,10.0
14025037,2025-2026,21.0,2026-01-07 20:15:00,Turf Moor,Stuart Attwell,21047.0,Manchester United,Burnley,Away,2,2,0,1,Draw,0,1,0,9.0,17.0,519.0,22.0,65.0,57.0,5.0,3.0,2.0,7.0,6.0,10.0,16.0,61.0,74.0,8.0,0.0,2.0,6.0,593.0,13.0,10.0,13.0,21.0,30.0,9.0,19.0,16.0
14025019,2025-2026,21.0,2026-01-08 20:00:00,Emirates Stadium,Anthony Taylor,60258.0,Arsenal,Liverpool,Home,0,0,0,1,Draw,0,1,0,3.0,12.0,396.0,6.0,48.0,33.0,1.0,1.0,,4.0,3.0,2.0,8.0,49.0,51.0,10.0,0.0,0.0,7.0,459.0,1.0,4.0,15.0,6.0,9.0,3.0,11.0,6.0
14025019,2025-2026,21.0,2026-01-08 20:00:00,Emirates Stadium,Anthony Taylor,60258.0,Liverpool,Arsenal,Away,0,0,0,1,Draw,0,1,0,0.0,20.0,453.0,5.0,52.0,37.0,0.0,0.0,,3.0,0.0,8.0,10.0,51.0,63.0,9.0,4.0,1.0,8.0,509.0,5.0,0.0,23.0,2.0,8.0,6.0,10.0,7.0
14025079,2025-2026,22.0,2026-01-17 12:30:00,Old Trafford,Anthony Taylor,74004.0,Manchester United,Manchester City,Home,2,0,2,3,Win,1,0,0,4.0,26.0,240.0,9.0,32.0,48.0,6.0,4.0,2.0,1.0,1.0,8.0,5.0,54.0,50.0,13.0,1.0,2.0,12.0,302.0,4.0,7.0,27.0,10.0,11.0,1.0,24.0,12.0
14025079,2025-2026,22.0,2026-01-17 12:30:00,Old Trafford,Anthony Taylor,74004.0,Manchester City,Manchester United,Away,0,2,-2,0,Loss,0,0,1,2.0,15.0,581.0,7.0,68.0,46.0,0.0,0.0,0.0,3.0,6.0,14.0,6.0,46.0,59.0,8.0,5.0,0.0,9.0,646.0,3.0,1.0,19.0,5.0,7.0,2.0,13.0,11.0
14025198,2025-2026,16.0,2025-12-13 15:00:00,Anfield,Craig Pawson,60429.0,Liverpool,Brighton & Hove Albion,Home,2,0,2,3,Win,1,0,0,2.0,29.0,448.0,18.0,49.0,50.0,3.0,1.0,2.0,6.0,2.0,6.0,17.0,66.0,45.0,8.0,1.0,0.0,8.0,519.0,8.0,4.0,31.0,10.0,18.0,8.0,22.0,12.0
14025198,2025-2026,16.0,2025-12-13 15:00:00,Anfield,Craig Pawson,60429.0,Brighton & Hove Albion,Liverpool,Away,0,2,-2,0,Loss,0,0,1,4.0,28.0,470.0,8.0,51.0,56.0,3.0,3.0,0.0,6.0,2.0,8.0,7.0,34.0,62.0,15.0,2.0,1.0,6.0,526.0,7.0,1.0,6.0,11.0,14.0,3.0,13.0,7.0
14025183,2025-2026,16.0,2025-12-13 20:00:00,Emirates Stadium,Robert Jones,60242.0,Arsenal,Wolverhampton,Home,2,1,1,3,Win,1,0,0,6.0,11.0,500.0,21.0,69.0,45.0,3.0,3.0,,3.0,8.0,3.0,10.0,61.0,81.0,7.0,1.0,1.0,8.0,572.0,11.0,2.0,21.0,12.0,16.0,4.0,5.0,3.0
14025183,2025-2026,16.0,2025-12-13 20:00:00,Emirates Stadium,Robert Jones,60242.0,Wolverhampton,Arsenal,Away,1,2,-1,0,Loss,0,0,1,4.0,21.0,180.0,15.0,31.0,37.0,1.0,1.0,,1.0,0.0,2.0,4.0,39.0,52.0,15.0,2.0,0.0,5.0,261.0,0.0,2.0,54.0,3.0,3.0,0.0,8.0,5.0
14025195,2025-2026,16.0,2025-12-14 14:00:00,Selhurst Park,Darren England,25166.0,Crystal Palace,Manchester City,Home,0,3,-3,0,Loss,0,0,1,2.0,21.0,284.0,13.0,39.0,50.0,1.0,1.0,0.0,6.0,2.0,11.0,4.0,46.0,40.0,9.0,3.0,2.0,6.0,375.0,6.0,4.0,20.0,12.0,16.0,4.0,23.0,17.0
14025195,2025-2026,16.0,2025-12-14 14:00:00,Selhurst Park,Darren England,25166.0,Manchester City,Crystal Palace,Away,3,0,3,3,Win,1,0,0,3.0,20.0,516.0,16.0,61.0,56.0,2.0,0.0,2.0,0.0,2.0,14.0,14.0,54.0,65.0,6.0,4.0,0.0,8.0,598.0,1.0,6.0,39.0,5.0,7.0,2.0,14.0,6.0
15035359,2025-2026,16.0,2025-12-15 20:00:00,Old Trafford,Simon Hooper,73951.0,Manchester United,Bournemouth,Home,4,4,0,1,Draw,0,1,0,6.0,16.0,310.0,24.0,57.0,41.0,2.0,0.0,2.0,10.0,5.0,4.0,7.0,48.0,53.0,15.0,5.0,1.0,3.0,393.0,6.0,9.0,47.0,18.0,25.0,7.0,16.0,8.0
15035359,2025-2026,16.0,2025-12-15 20:00:00,Old Trafford,Simon Hooper,73951.0,Bournemouth,Manchester United,Away,4,4,0,1,Draw,0,1,0,3.0,15.0,202.0,26.0,43.0,43.0,6.0,4.0,2.0,0.0,4.0,7.0,9.0,52.0,65.0,12.0,5.0,0.0,8.0,300.0,5.0,9.0,29.0,9.0,14.0,5.0,14.0,8.0
14025228,2025-2026,17.0,2025-12-20 12:30:00,St James' Park,Andy Madley,52226.0,Newcastle United,Chelsea,Home,2,2,0,1,Draw,0,1,0,8.0,16.0,278.0,17.0,47.0,53.0,7.0,5.0,2.0,0.0,6.0,10.0,5.0,51.0,46.0,13.0,2.0,0.0,14.0,361.0,6.0,5.0,19.0,9.0,11.0,2.0,13.0,8.0
14025228,2025-2026,17.0,2025-12-20 12:30:00,St James' Park,Andy Madley,52226.0,Chelsea,Newcastle United,Away,2,2,0,1,Draw,0,1,0,2.0,14.0,351.0,15.0,53.0,52.0,1.0,0.0,1.0,4.0,4.0,7.0,9.0,49.0,46.0,14.0,3.0,0.0,13.0,433.0,5.0,4.0,24.0,10.0,13.0,3.0,11.0,9.0
14025226,2025-2026,17.0,2025-12-20 15:00:00,Etihad Stadium,Paul Tierney,52454.0,Manchester City,West Ham United,Home,3,0,3,3,Win,1,0,0,6.0,24.0,693.0,8.0,66.0,54.0,8.0,5.0,3.0,2.0,6.0,10.0,9.0,43.0,54.0,16.0,4.0,0.0,9.0,750.0,7.0,8.0,9.0,14.0,17.0,3.0,12.0,7.0
14025226,2025-2026,17.0,2025-12-20 15:00:00,Etihad Stadium,Paul Tierney,52454.0,West Ham United,Manchester City,Away,0,3,-3,0,Loss,0,0,1,1.0,17.0,314.0,4.0,34.0,49.0,2.0,2.0,0.0,0.0,0.0,5.0,7.0,57.0,28.0,10.0,5.0,0.0,12.0,391.0,4.0,3.0,13.0,5.0,7.0,2.0,24.0,15.0
14025230,2025-2026,17.0,2025-12-20 17:30:00,Tottenham Hotspur Stadium,John Brooks,61138.0,Tottenham Hotspur,Liverpool,Home,1,2,-1,0,Loss,0,0,1,4.0,17.0,246.0,9.0,35.0,44.0,2.0,1.0,1.0,7.0,2.0,3.0,4.0,45.0,53.0,7.0,2.0,1.0,7.0,322.0,4.0,4.0,33.0,11.0,15.0,4.0,11.0,7.0
14025230,2025-2026,17.0,2025-12-20 17:30:00,Tottenham Hotspur Stadium,John Brooks,61138.0,Liverpool,Tottenham Hotspur,Away,2,1,1,3,Win,1,0,0,5.0,23.0,542.0,17.0,65.0,37.0,2.0,0.0,2.0,3.0,6.0,6.0,8.0,55.0,74.0,2.0,4.0,0.0,7.0,614.0,1.0,4.0,22.0,7.0,8.0,1.0,4.0,4.0
14025220,2025-2026,17.0,2025-12-20 20:00:00,Hill Dickinson Stadium,Samuel Barrott,52513.0,Everton,Arsenal,Home,0,1,-1,0,Loss,0,0,1,2.0,19.0,250.0,22.0,35.0,51.0,0.0,0.0,0.0,2.0,2.0,8.0,4.0,55.0,56.0,4.0,0.0,0.0,8.0,339.0,2.0,1.0,23.0,4.0,5.0,1.0,26.0,13.0
14025220,2025-2026,17.0,2025-12-20 20:00:00,Hill Dickinson Stadium,Samuel Barrott,52513.0,Arsenal,Everton,Away,1,0,1,3,Win,1,0,0,2.0,23.0,573.0,21.0,65.0,59.0,3.0,2.0,1.0,2.0,3.0,14.0,9.0,45.0,61.0,5.0,1.0,2.0,7.0,654.0,9.0,2.0,32.0,12.0,13.0,1.0,14.0,9.0
14025216,2025-2026,17.0,2025-12-21 16:30:00,Villa Park,Michael Oliver,43157.0,Aston Villa,Manchester United,Home,2,1,1,3,Win,1,0,0,1.0,16.0,281.0,11.0,43.0,49.0,2.0,2.0,0.0,5.0,5.0,16.0,3.0,44.0,27.0,11.0,5.0,1.0,7.0,351.0,3.0,4.0,22.0,8.0,12.0,4.0,18.0,10.0
14025216,2025-2026,17.0,2025-12-21 16:30:00,Villa Park,Michael Oliver,43157.0,Manchester United,Aston Villa,Away,1,2,-1,0,Loss,0,0,1,4.0,22.0,396.0,13.0,57.0,54.0,3.0,2.0,1.0,3.0,5.0,8.0,8.0,56.0,49.0,14.0,2.0,0.0,9.0,460.0,6.0,6.0,21.0,5.0,15.0,10.0,26.0,14.0
14025246,2025-2026,18.0,2025-12-26 20:00:00,Old Trafford,Anthony Taylor,73996.0,Manchester United,Newcastle United,Home,1,0,1,3,Win,1,0,0,3.0,11.0,252.0,13.0,33.0,48.0,1.0,1.0,,0.0,2.0,9.0,7.0,46.0,36.0,9.0,3.0,1.0,18.0,328.0,6.0,4.0,45.0,8.0,10.0,2.0,20.0,8.0
14025246,2025-2026,18.0,2025-12-26 20:00:00,Old Trafford,Anthony Taylor,73996.0,Newcastle United,Manchester United,Away,0,1,-1,0,Loss,0,0,1,7.0,18.0,548.0,18.0,67.0,54.0,1.0,1.0,,7.0,11.0,8.0,11.0,54.0,85.0,5.0,3.0,1.0,6.0,627.0,6.0,3.0,13.0,14.0,16.0,2.0,14.0,7.0
14025248,2025-2026,18.0,2025-12-27 12:30:00,City Ground,Robert Jones,30778.0,Nottingham Forest,Manchester City,Home,1,2,-1,0,Loss,0,0,1,4.0,33.0,219.0,12.0,34.0,41.0,1.0,,1.0,3.0,5.0,3.0,6.0,52.0,43.0,5.0,3.0,0.0,8.0,293.0,2.0,2.0,22.0,5.0,7.0,2.0,15.0,12.0
14025248,2025-2026,18.0,2025-12-27 12:30:00,City Ground,Robert Jones,30778.0,Manchester City,Nottingham Forest,Away,2,1,1,3,Win,1,0,0,3.0,15.0,536.0,13.0,66.0,42.0,1.0,,1.0,7.0,5.0,5.0,11.0,48.0,69.0,13.0,1.0,1.0,4.0,595.0,4.0,5.0,37.0,9.0,16.0,7.0,14.0,8.0
14025234,2025-2026,18.0,2025-12-27 15:00:00,Emirates Stadium,John Brooks,60209.0,Arsenal,Brighton & Hove Albion,Home,2,1,1,3,Win,1,0,0,6.0,16.0,376.0,10.0,53.0,42.0,4.0,4.0,0.0,10.0,7.0,10.0,10.0,49.0,50.0,7.0,2.0,0.0,9.0,450.0,8.0,6.0,16.0,21.0,24.0,3.0,14.0,6.0
14025234,2025-2026,18.0,2025-12-27 15:00:00,Emirates Stadium,John Brooks,60209.0,Brighton & Hove Albion,Arsenal,Away,1,2,-1,0,Loss,0,0,1,3.0,23.0,336.0,18.0,47.0,43.0,1.0,0.0,1.0,2.0,2.0,8.0,7.0,51.0,55.0,13.0,5.0,1.0,5.0,407.0,3.0,3.0,28.0,7.0,8.0,1.0,16.0,13.0
14025244,2025-2026,18.0,2025-12-27 15:00:00,Anfield,Simon Hooper,60466.0,Liverpool,Wolverhampton,Home,2,1,1,3,Win,1,0,0,8.0,18.0,581.0,21.0,67.0,53.0,1.0,0.0,1.0,3.0,6.0,8.0,13.0,62.0,77.0,5.0,3.0,1.0,9.0,660.0,7.0,4.0,21.0,11.0,14.0,3.0,19.0,16.0
14025244,2025-2026,18.0,2025-12-27 15:00:00,Anfield,Simon Hooper,60466.0,Wolverhampton,Liverpool,Away,1,2,-1,0,Loss,0,0,1,2.0,17.0,252.0,18.0,33.0,50.0,1.0,1.0,0.0,1.0,4.0,10.0,2.0,38.0,53.0,13.0,2.0,0.0,8.0,327.0,4.0,4.0,24.0,4.0,9.0,5.0,16.0,10.0
14025240,2025-2026,18.0,2025-12-27 17:30:00,Stamford Bridge,Stuart Attwell,39765.0,Chelsea,Aston Villa,Home,1,2,-1,0,Loss,0,0,1,4.0,28.0,469.0,11.0,63.0,58.0,2.0,1.0,1.0,7.0,6.0,5.0,6.0,58.0,58.0,16.0,6.0,0.0,9.0,528.0,4.0,3.0,6.0,8.0,14.0,6.0,26.0,19.0
14025240,2025-2026,18.0,2025-12-27 17:30:00,Stamford Bridge,Stuart Attwell,39765.0,Aston Villa,Chelsea,Away,2,1,1,3,Win,1,0,0,1.0,19.0,257.0,9.0,37.0,44.0,5.0,3.0,2.0,2.0,7.0,16.0,6.0,42.0,25.0,8.0,2.0,0.0,4.0,321.0,1.0,8.0,28.0,7.0,11.0,4.0,8.0,2.0
14025108,2025-2026,13.0,2025-11-29 15:00:00,Etihad Stadium,Peter Bankes,52483.0,Manchester City,Leeds United,Home,3,2,1,3,Win,1,0,0,9.0,26.0,495.0,20.0,62.0,46.0,6.0,4.0,2.0,6.0,8.0,13.0,7.0,41.0,59.0,17.0,1.0,0.0,2.0,561.0,3.0,9.0,25.0,14.0,18.0,4.0,6.0,2.0
14025108,2025-2026,13.0,2025-11-29 15:00:00,Etihad Stadium,Peter Bankes,52483.0,Leeds United,Manchester City,Away,2,3,-1,0,Loss,0,0,1,3.0,20.0,265.0,18.0,38.0,41.0,3.0,1.0,2.0,2.0,1.0,3.0,4.0,59.0,42.0,11.0,6.0,0.0,8.0,348.0,3.0,4.0,21.0,8.0,9.0,1.0,26.0,14.0
14025102,2025-2026,13.0,2025-11-30 12:00:00,Selhurst Park,Robert Jones,25189.0,Crystal Palace,Manchester United,Home,1,2,-1,0,Loss,0,0,1,4.0,16.0,244.0,23.0,44.0,47.0,3.0,2.0,1.0,5.0,4.0,10.0,2.0,46.0,62.0,14.0,4.0,0.0,7.0,339.0,6.0,3.0,44.0,11.0,14.0,3.0,14.0,9.0
14025102,2025-2026,13.0,2025-11-30 12:00:00,Selhurst Park,Robert Jones,25189.0,Manchester United,Crystal Palace,Away,2,1,1,3,Win,1,0,0,3.0,27.0,352.0,27.0,56.0,46.0,2.0,2.0,0.0,0.0,4.0,6.0,5.0,54.0,70.0,14.0,2.0,0.0,10.0,443.0,8.0,6.0,31.0,8.0,14.0,6.0,16.0,6.0
14025120,2025-2026,13.0,2025-11-30 14:05:00,London Stadium,Darren England,62469.0,West Ham United,Liverpool,Home,0,2,-2,0,Loss,0,0,1,2.0,16.0,303.0,10.0,44.0,45.0,0.0,0.0,0.0,5.0,7.0,7.0,5.0,48.0,47.0,12.0,3.0,0.0,9.0,380.0,2.0,0.0,21.0,4.0,7.0,3.0,13.0,9.0
14025120,2025-2026,13.0,2025-11-30 14:05:00,London Stadium,Darren England,62469.0,Liverpool,West Ham United,Away,2,0,2,3,Win,1,0,0,2.0,19.0,445.0,16.0,56.0,41.0,3.0,2.0,1.0,0.0,2.0,6.0,6.0,52.0,63.0,14.0,0.0,0.0,4.0,515.0,4.0,5.0,29.0,5.0,9.0,4.0,11.0,7.0
14025099,2025-2026,13.0,2025-11-30 16:30:00,Stamford Bridge,Anthony Taylor,39820.0,Chelsea,Arsenal,Home,1,1,0,1,Draw,0,1,0,5.0,26.0,222.0,29.0,38.0,40.0,1.0,1.0,0.0,2.0,3.0,4.0,5.0,57.0,50.0,12.0,3.0,0.0,6.0,279.0,5.0,4.0,30.0,6.0,11.0,5.0,13.0,6.0
14025099,2025-2026,13.0,2025-11-30 16:30:00,Stamford Bridge,Anthony Taylor,39820.0,Arsenal,Chelsea,Away,1,1,0,1,Draw,0,1,0,4.0,11.0,390.0,12.0,62.0,41.0,1.0,0.0,1.0,1.0,3.0,6.0,5.0,43.0,54.0,13.0,3.0,0.0,10.0,463.0,3.0,4.0,17.0,6.0,8.0,2.0,15.0,9.0
14025135,2025-2026,14.0,2025-12-02 19:30:00,Craven Cottage,Craig Pawson,26700.0,Fulham,Manchester City,Home,4,5,-1,0,Loss,0,0,1,5.0,25.0,538.0,6.0,57.0,49.0,1.0,1.0,0.0,3.0,7.0,12.0,8.0,45.0,47.0,9.0,0.0,0.0,11.0,612.0,3.0,6.0,19.0,9.0,12.0,3.0,18.0,11.0
14025135,2025-2026,14.0,2025-12-02 19:30:00,Craven Cottage,Craig Pawson,26700.0,Manchester City,Fulham,Away,5,4,1,3,Win,1,0,0,4.0,23.0,392.0,14.0,43.0,42.0,3.0,1.0,2.0,4.0,2.0,8.0,8.0,55.0,41.0,7.0,1.0,2.0,16.0,467.0,3.0,4.0,27.0,9.0,11.0,2.0,16.0,7.0
14025126,2025-2026,14.0,2025-12-03 19:30:00,Emirates Stadium,Tony Harrington,60110.0,Arsenal,Brentford,Home,2,0,2,3,Win,1,0,0,2.0,25.0,456.0,16.0,62.0,56.0,4.0,3.0,1.0,4.0,4.0,10.0,7.0,53.0,71.0,7.0,1.0,0.0,6.0,542.0,4.0,7.0,25.0,10.0,15.0,5.0,26.0,14.0
14025126,2025-2026,14.0,2025-12-03 19:30:00,Emirates Stadium,Tony Harrington,60110.0,Brentford,Arsenal,Away,0,2,-2,0,Loss,0,0,1,3.0,28.0,255.0,20.0,38.0,48.0,1.0,1.0,0.0,3.0,8.0,13.0,5.0,47.0,55.0,9.0,5.0,1.0,10.0,333.0,2.0,1.0,34.0,5.0,6.0,1.0,19.0,12.0
14025138,2025-2026,14.0,2025-12-03 20:15:00,Elland Road,Darren England,36767.0,Leeds United,Chelsea,Home,3,1,2,3,Win,1,0,0,6.0,20.0,186.0,14.0,29.0,53.0,2.0,1.0,1.0,2.0,4.0,8.0,4.0,50.0,55.0,10.0,1.0,0.0,9.0,264.0,10.0,5.0,32.0,11.0,17.0,6.0,21.0,15.0
14025138,2025-2026,14.0,2025-12-03 20:15:00,Elland Road,Darren England,36767.0,Chelsea,Leeds United,Away,1,3,-2,0,Loss,0,0,1,5.0,15.0,608.0,18.0,71.0,42.0,1.0,0.0,1.0,5.0,2.0,14.0,8.0,50.0,69.0,13.0,2.0,0.0,3.0,682.0,7.0,2.0,35.0,11.0,14.0,3.0,16.0,11.0
14025147,2025-2026,14.0,2025-12-03 20:15:00,Anfield,Stuart Attwell,60414.0,Liverpool,Sunderland,Home,1,1,0,1,Draw,0,1,0,6.0,15.0,554.0,18.0,68.0,50.0,1.0,1.0,,11.0,7.0,7.0,5.0,47.0,84.0,10.0,4.0,1.0,6.0,638.0,8.0,4.0,26.0,13.0,23.0,10.0,12.0,9.0
14025147,2025-2026,14.0,2025-12-03 20:15:00,Anfield,Stuart Attwell,60414.0,Sunderland,Liverpool,Away,1,1,0,1,Draw,0,1,0,3.0,24.0,218.0,17.0,32.0,42.0,1.0,1.0,,1.0,3.0,6.0,3.0,53.0,43.0,5.0,4.0,2.0,9.0,304.0,2.0,6.0,47.0,4.0,9.0,5.0,15.0,7.0
14025150,2025-2026,14.0,2025-12-04 20:00:00,Old Trafford,Andrew Kitchen,73938.0,Manchester United,West Ham United,Home,1,1,0,1,Draw,0,1,0,5.0,22.0,446.0,11.0,65.0,52.0,3.0,2.0,1.0,8.0,6.0,10.0,9.0,42.0,65.0,13.0,1.0,1.0,5.0,547.0,5.0,4.0,17.0,13.0,17.0,4.0,19.0,14.0
14025150,2025-2026,14.0,2025-12-04 20:00:00,Old Trafford,Andrew Kitchen,73938.0,West Ham United,Manchester United,Away,1,1,0,1,Draw,0,1,0,3.0,27.0,212.0,25.0,35.0,45.0,1.0,0.0,1.0,5.0,6.0,12.0,11.0,58.0,60.0,9.0,3.0,0.0,20.0,297.0,3.0,3.0,39.0,10.0,11.0,1.0,15.0,8.0
14025156,2025-2026,15.0,2025-12-06 12:30:00,Villa Park,Peter Bankes,42888.0,Aston Villa,Arsenal,Home,2,1,1,3,Win,1,0,0,1.0,31.0,325.0,7.0,47.0,44.0,5.0,4.0,1.0,7.0,3.0,13.0,10.0,45.0,53.0,10.0,7.0,0.0,6.0,397.0,2.0,6.0,23.0,13.0,15.0,2.0,15.0,10.0
14025156,2025-2026,15.0,2025-12-06 12:30:00,Villa Park,Peter Bankes,42888.0,Arsenal,Aston Villa,Away,1,2,-1,0,Loss,0,0,1,4.0,18.0,376.0,12.0,53.0,51.0,4.0,3.0,1.0,1.0,3.0,8.0,6.0,55.0,59.0,8.0,4.0,0.0,11.0,443.0,5.0,9.0,24.0,9.0,15.0,6.0,20.0,11.0
14025153,2025-2026,15.0,2025-12-06 15:00:00,Vitality Stadium,Michael Oliver,11240.0,Bournemouth,Chelsea,Home,0,0,0,1,Draw,0,1,0,1.0,26.0,232.0,17.0,39.0,57.0,1.0,1.0,,2.0,5.0,7.0,7.0,47.0,59.0,15.0,4.0,0.0,14.0,329.0,6.0,5.0,23.0,8.0,13.0,5.0,17.0,12.0
14025153,2025-2026,15.0,2025-12-06 15:00:00,Vitality Stadium,Michael Oliver,11240.0,Chelsea,Bournemouth,Away,0,0,0,1,Draw,0,1,0,5.0,21.0,430.0,23.0,61.0,56.0,0.0,0.0,,1.0,0.0,5.0,7.0,53.0,66.0,13.0,5.0,1.0,10.0,519.0,6.0,4.0,26.0,6.0,11.0,5.0,17.0,9.0
14025171,2025-2026,15.0,2025-12-06 15:00:00,Etihad Stadium,Andy Madley,52436.0,Manchester City,Sunderland,Home,3,0,3,3,Win,1,0,0,6.0,15.0,559.0,11.0,64.0,44.0,3.0,2.0,1.0,5.0,6.0,9.0,11.0,49.0,53.0,9.0,1.0,1.0,4.0,623.0,7.0,6.0,21.0,15.0,18.0,3.0,8.0,8.0
14025171,2025-2026,15.0,2025-12-06 15:00:00,Etihad Stadium,Andy Madley,52436.0,Sunderland,Manchester City,Away,0,3,-3,0,Loss,0,0,1,1.0,20.0,277.0,10.0,36.0,45.0,1.0,1.0,0.0,3.0,5.0,2.0,3.0,51.0,29.0,10.0,2.0,1.0,8.0,347.0,4.0,1.0,28.0,5.0,8.0,3.0,20.0,13.0
14025168,2025-2026,15.0,2025-12-06 17:30:00,Elland Road,Anthony Taylor,36842.0,Leeds United,Liverpool,Home,3,3,0,1,Draw,0,1,0,4.0,14.0,321.0,17.0,45.0,44.0,2.0,0.0,2.0,2.0,5.0,10.0,5.0,44.0,65.0,14.0,4.0,0.0,10.0,402.0,5.0,5.0,19.0,9.0,12.0,3.0,9.0,6.0
14025168,2025-2026,15.0,2025-12-06 17:30:00,Elland Road,Anthony Taylor,36842.0,Liverpool,Leeds United,Away,3,3,0,1,Draw,0,1,0,6.0,16.0,418.0,19.0,55.0,48.0,4.0,2.0,2.0,4.0,4.0,4.0,6.0,56.0,46.0,14.0,2.0,1.0,5.0,503.0,5.0,7.0,28.0,12.0,16.0,4.0,17.0,9.0
14912436,2025-2026,15.0,2025-12-08 20:00:00,Molineux Stadium,Michael Salisbury,30338.0,Wolverhampton,Manchester United,Home,1,4,-3,0,Loss,0,0,1,6.0,26.0,208.0,20.0,37.0,56.0,1.0,0.0,1.0,3.0,1.0,11.0,13.0,53.0,61.0,17.0,4.0,0.0,13.0,294.0,3.0,2.0,24.0,4.0,8.0,4.0,26.0,12.0
14912436,2025-2026,15.0,2025-12-08 20:00:00,Molineux Stadium,Michael Salisbury,30338.0,Manchester United,Wolverhampton,Away,4,1,3,3,Win,1,0,0,3.0,20.0,458.0,22.0,63.0,49.0,8.0,4.0,4.0,14.0,9.0,16.0,10.0,47.0,50.0,12.0,1.0,0.0,7.0,541.0,3.0,10.0,27.0,20.0,27.0,7.0,16.0,9.0
14025192,2025-2026,16.0,2025-12-13 15:00:00,Stamford Bridge,Thomas Bramall,39552.0,Chelsea,Everton,Home,2,0,2,3,Win,1,0,0,3.0,22.0,473.0,12.0,58.0,52.0,5.0,3.0,2.0,3.0,4.0,10.0,7.0,45.0,44.0,13.0,2.0,0.0,11.0,537.0,9.0,5.0,32.0,11.0,17.0,6.0,15.0,8.0
14025192,2025-2026,16.0,2025-12-13 15:00:00,Stamford Bridge,Thomas Bramall,39552.0,Everton,Chelsea,Away,0,2,-2,0,Loss,0,0,1,5.0,25.0,306.0,14.0,42.0,45.0,3.0,3.0,0.0,4.0,7.0,8.0,6.0,55.0,58.0,11.0,3.0,1.0,8.0,373.0,5.0,2.0,12.0,9.0,11.0,2.0,22.0,8.0
14025275,2025-2026,10.0,2025-11-01 15:00:00,Turf Moor,Chris Kavanagh,21538.0,Burnley,Arsenal,Home,0,2,-2,0,Loss,0,0,1,1.0,27.0,348.0,18.0,46.0,34.0,1.0,1.0,0.0,0.0,1.0,8.0,6.0,51.0,57.0,10.0,5.0,1.0,7.0,427.0,3.0,0.0,28.0,2.0,3.0,1.0,14.0,9.0
14025275,2025-2026,10.0,2025-11-01 15:00:00,Turf Moor,Chris Kavanagh,21538.0,Arsenal,Burnley,Away,2,0,2,3,Win,1,0,0,4.0,13.0,426.0,16.0,54.0,45.0,4.0,2.0,2.0,1.0,6.0,8.0,5.0,49.0,50.0,13.0,0.0,0.0,6.0,494.0,3.0,8.0,28.0,9.0,12.0,3.0,16.0,7.0
14025285,2025-2026,10.0,2025-11-01 15:00:00,City Ground,Darren England,30778.0,Nottingham Forest,Manchester United,Home,2,2,0,1,Draw,0,1,0,5.0,23.0,263.0,17.0,41.0,56.0,1.0,,1.0,6.0,8.0,6.0,5.0,43.0,57.0,17.0,4.0,0.0,11.0,350.0,8.0,3.0,17.0,11.0,17.0,6.0,17.0,10.0
14025285,2025-2026,10.0,2025-11-01 15:00:00,City Ground,Darren England,30778.0,Manchester United,Nottingham Forest,Away,2,2,0,1,Draw,0,1,0,5.0,31.0,442.0,29.0,59.0,53.0,0.0,,0.0,5.0,5.0,6.0,8.0,57.0,63.0,0.0,1.0,1.0,10.0,525.0,6.0,7.0,22.0,8.0,18.0,10.0,12.0,10.0
14025289,2025-2026,10.0,2025-11-01 17:30:00,Tottenham Hotspur Stadium,Jarred Gillett,61202.0,Tottenham Hotspur,Chelsea,Home,0,1,-1,0,Loss,0,0,1,0.0,13.0,294.0,19.0,48.0,55.0,0.0,0.0,0.0,1.0,6.0,11.0,9.0,52.0,47.0,14.0,8.0,0.0,4.0,387.0,1.0,1.0,20.0,2.0,3.0,1.0,30.0,19.0
14025289,2025-2026,10.0,2025-11-01 17:30:00,Tottenham Hotspur Stadium,Jarred Gillett,61202.0,Chelsea,Tottenham Hotspur,Away,1,0,1,3,Win,1,0,0,3.0,26.0,343.0,22.0,52.0,64.0,6.0,5.0,1.0,1.0,5.0,11.0,8.0,48.0,53.0,12.0,1.0,0.0,17.0,425.0,5.0,9.0,19.0,12.0,15.0,3.0,20.0,12.0
14025281,2025-2026,10.0,2025-11-01 20:00:00,Anfield,Stuart Attwell,60407.0,Liverpool,Aston Villa,Home,2,0,2,3,Win,1,0,0,1.0,19.0,408.0,10.0,53.0,37.0,4.0,3.0,1.0,5.0,1.0,6.0,9.0,54.0,63.0,13.0,3.0,0.0,6.0,467.0,7.0,4.0,25.0,7.0,16.0,9.0,12.0,8.0
14025281,2025-2026,10.0,2025-11-01 20:00:00,Anfield,Stuart Attwell,60407.0,Aston Villa,Liverpool,Away,0,2,-2,0,Loss,0,0,1,1.0,21.0,336.0,6.0,47.0,34.0,0.0,0.0,0.0,1.0,4.0,8.0,6.0,46.0,51.0,11.0,2.0,2.0,6.0,398.0,6.0,3.0,26.0,4.0,10.0,6.0,11.0,7.0
14025283,2025-2026,10.0,2025-11-02 16:30:00,Etihad Stadium,Anthony Taylor,52387.0,Manchester City,Bournemouth,Home,3,1,2,3,Win,1,0,0,4.0,16.0,425.0,8.0,48.0,42.0,4.0,2.0,2.0,3.0,9.0,9.0,13.0,50.0,53.0,8.0,4.0,0.0,9.0,493.0,4.0,8.0,23.0,13.0,15.0,2.0,10.0,7.0
14025283,2025-2026,10.0,2025-11-02 16:30:00,Etihad Stadium,Anthony Taylor,52387.0,Bournemouth,Manchester City,Away,1,3,-2,0,Loss,0,0,1,1.0,26.0,461.0,7.0,52.0,48.0,1.0,0.0,1.0,1.0,4.0,5.0,4.0,50.0,55.0,11.0,4.0,0.0,5.0,521.0,2.0,5.0,27.0,4.0,8.0,4.0,23.0,10.0
14025057,2025-2026,11.0,2025-11-08 12:30:00,Tottenham Hotspur Stadium,Samuel Barrott,61210.0,Tottenham Hotspur,Manchester United,Home,2,2,0,1,Draw,0,1,0,5.0,14.0,385.0,14.0,55.0,55.0,3.0,2.0,1.0,3.0,5.0,11.0,12.0,53.0,65.0,10.0,0.0,0.0,7.0,464.0,3.0,4.0,17.0,6.0,10.0,4.0,26.0,15.0
14025057,2025-2026,11.0,2025-11-08 12:30:00,Tottenham Hotspur Stadium,Samuel Barrott,61210.0,Manchester United,Tottenham Hotspur,Away,2,2,0,1,Draw,0,1,0,4.0,29.0,305.0,18.0,45.0,48.0,2.0,1.0,1.0,1.0,3.0,16.0,3.0,47.0,40.0,8.0,2.0,0.0,6.0,396.0,2.0,2.0,23.0,5.0,5.0,0.0,21.0,8.0
14025054,2025-2026,11.0,2025-11-08 17:30:00,Stadium of Light,Craig Pawson,46799.0,Sunderland,Arsenal,Home,2,2,0,1,Draw,0,1,0,0.0,12.0,226.0,21.0,35.0,29.0,2.0,0.0,2.0,2.0,2.0,7.0,2.0,45.0,43.0,13.0,5.0,0.0,6.0,287.0,2.0,2.0,39.0,6.0,6.0,0.0,16.0,8.0
14025054,2025-2026,11.0,2025-11-08 17:30:00,Stadium of Light,Craig Pawson,46799.0,Arsenal,Sunderland,Away,2,2,0,1,Draw,0,1,0,4.0,10.0,460.0,31.0,65.0,38.0,4.0,3.0,1.0,4.0,2.0,7.0,8.0,55.0,62.0,13.0,0.0,1.0,3.0,529.0,6.0,7.0,25.0,12.0,17.0,5.0,12.0,4.0
14025023,2025-2026,11.0,2025-11-08 20:00:00,Stamford Bridge,Andrew Kitchen,39467.0,Chelsea,Wolverhampton,Home,3,0,3,3,Win,1,0,0,4.0,25.0,543.0,7.0,64.0,42.0,6.0,3.0,3.0,6.0,10.0,3.0,9.0,52.0,70.0,12.0,0.0,1.0,7.0,614.0,6.0,8.0,15.0,13.0,20.0,7.0,9.0,8.0
14025023,2025-2026,11.0,2025-11-08 20:00:00,Stamford Bridge,Andrew Kitchen,39467.0,Wolverhampton,Chelsea,Away,0,3,-3,0,Loss,0,0,1,1.0,29.0,279.0,9.0,36.0,39.0,0.0,0.0,0.0,0.0,1.0,6.0,4.0,48.0,40.0,14.0,5.0,0.0,12.0,346.0,3.0,0.0,30.0,1.0,3.0,2.0,10.0,3.0
14025048,2025-2026,11.0,2025-11-09 16:30:00,Etihad Stadium,Chris Kavanagh,52511.0,Manchester City,Liverpool,Home,3,0,3,3,Win,1,0,0,4.0,14.0,377.0,8.0,49.0,38.0,1.0,1.0,,5.0,7.0,4.0,9.0,61.0,35.0,14.0,2.0,0.0,9.0,452.0,3.0,6.0,23.0,8.0,14.0,6.0,17.0,12.0
14025048,2025-2026,11.0,2025-11-09 16:30:00,Etihad Stadium,Chris Kavanagh,52511.0,Liverpool,Manchester City,Away,0,3,-3,0,Loss,0,0,1,1.0,18.0,410.0,5.0,51.0,37.0,2.0,2.0,,4.0,7.0,9.0,4.0,39.0,64.0,15.0,3.0,0.0,9.0,471.0,2.0,1.0,13.0,5.0,7.0,2.0,8.0,7.0
14025072,2025-2026,12.0,2025-11-22 12:30:00,Turf Moor,Peter Bankes,21499.0,Burnley,Chelsea,Home,0,2,-2,0,Loss,0,0,1,1.0,21.0,329.0,14.0,44.0,44.0,1.0,1.0,0.0,3.0,1.0,9.0,1.0,43.0,48.0,13.0,3.0,0.0,12.0,418.0,3.0,2.0,28.0,6.0,8.0,2.0,16.0,7.0
14025072,2025-2026,12.0,2025-11-22 12:30:00,Turf Moor,Peter Bankes,21499.0,Chelsea,Burnley,Away,2,0,2,3,Win,1,0,0,1.0,18.0,439.0,16.0,56.0,55.0,2.0,0.0,2.0,5.0,9.0,9.0,9.0,57.0,39.0,8.0,2.0,1.0,12.0,524.0,5.0,5.0,19.0,10.0,15.0,5.0,15.0,9.0
14025081,2025-2026,12.0,2025-11-22 15:00:00,Anfield,Andy Madley,60419.0,Liverpool,Nottingham Forest,Home,0,3,-3,0,Loss,0,0,1,9.0,19.0,559.0,17.0,75.0,42.0,1.0,1.0,0.0,9.0,8.0,9.0,14.0,49.0,88.0,11.0,4.0,0.0,4.0,629.0,8.0,4.0,17.0,16.0,21.0,5.0,15.0,10.0
14025081,2025-2026,12.0,2025-11-22 15:00:00,Anfield,Andy Madley,60419.0,Nottingham Forest,Liverpool,Away,3,0,3,3,Win,1,0,0,3.0,21.0,151.0,12.0,25.0,40.0,2.0,1.0,1.0,5.0,6.0,4.0,7.0,51.0,39.0,8.0,3.0,0.0,7.0,215.0,3.0,7.0,46.0,9.0,15.0,6.0,27.0,17.0
14025087,2025-2026,12.0,2025-11-22 17:30:00,St James' Park,Samuel Barrott,52181.0,Newcastle United,Manchester City,Home,2,1,1,3,Win,1,0,0,5.0,25.0,220.0,16.0,33.0,41.0,5.0,4.0,1.0,1.0,5.0,8.0,4.0,50.0,41.0,13.0,3.0,1.0,7.0,285.0,3.0,5.0,36.0,7.0,9.0,2.0,17.0,11.0
14025087,2025-2026,12.0,2025-11-22 17:30:00,St James' Park,Samuel Barrott,52181.0,Manchester City,Newcastle United,Away,1,2,-1,0,Loss,0,0,1,6.0,18.0,525.0,11.0,67.0,44.0,3.0,3.0,0.0,4.0,9.0,5.0,9.0,50.0,73.0,8.0,3.0,0.0,10.0,584.0,9.0,4.0,15.0,14.0,17.0,3.0,13.0,9.0
14025066,2025-2026,12.0,2025-11-23 16:30:00,Emirates Stadium,Michael Oliver,60345.0,Arsenal,Tottenham Hotspur,Home,4,1,3,3,Win,1,0,0,4.0,20.0,363.0,15.0,57.0,51.0,3.0,2.0,1.0,2.0,4.0,9.0,5.0,54.0,65.0,11.0,1.0,0.0,11.0,448.0,7.0,8.0,17.0,12.0,17.0,5.0,23.0,16.0
14025066,2025-2026,12.0,2025-11-23 16:30:00,Emirates Stadium,Michael Oliver,60345.0,Tottenham Hotspur,Arsenal,Away,1,4,-3,0,Loss,0,0,1,0.0,18.0,250.0,14.0,43.0,48.0,0.0,0.0,0.0,0.0,1.0,15.0,4.0,46.0,37.0,15.0,4.0,0.0,8.0,330.0,1.0,2.0,34.0,0.0,3.0,3.0,21.0,12.0
14723574,2025-2026,12.0,2025-11-24 20:00:00,Old Trafford,Tony Harrington,74158.0,Manchester United,Everton,Home,0,1,-1,0,Loss,0,0,1,7.0,18.0,558.0,19.0,70.0,51.0,3.0,3.0,,7.0,9.0,2.0,4.0,48.0,70.0,12.0,0.0,0.0,8.0,635.0,12.0,6.0,19.0,17.0,25.0,8.0,14.0,7.0
14723574,2025-2026,12.0,2025-11-24 20:00:00,Old Trafford,Tony Harrington,74158.0,Everton,Manchester United,Away,1,0,1,3,Win,1,0,0,1.0,26.0,190.0,28.0,30.0,48.0,0.0,0.0,,1.0,1.0,9.0,4.0,52.0,45.0,9.0,6.0,0.0,11.0,281.0,1.0,1.0,46.0,2.0,3.0,1.0,6.0,3.0
14025214,2025-2026,7.0,2025-10-04 14:00:00,Emirates Stadium,John Brooks,60181.0,Arsenal,West Ham United,Home,2,0,2,3,Win,1,0,0,3.0,10.0,498.0,12.0,68.0,36.0,4.0,2.0,2.0,9.0,8.0,9.0,5.0,55.0,44.0,14.0,0.0,1.0,7.0,566.0,7.0,5.0,27.0,16.0,21.0,5.0,23.0,14.0
14025214,2025-2026,7.0,2025-10-04 14:00:00,Emirates Stadium,John Brooks,60181.0,West Ham United,Arsenal,Away,0,2,-2,0,Loss,0,0,1,2.0,14.0,210.0,12.0,32.0,30.0,2.0,2.0,0.0,1.0,3.0,12.0,3.0,45.0,34.0,14.0,3.0,0.0,12.0,268.0,3.0,0.0,50.0,4.0,4.0,0.0,17.0,7.0
14025227,2025-2026,7.0,2025-10-04 14:00:00,Old Trafford,Stuart Attwell,74004.0,Manchester United,Sunderland,Home,2,0,2,3,Win,1,0,0,5.0,19.0,351.0,14.0,50.0,53.0,2.0,1.0,1.0,2.0,2.0,5.0,7.0,44.0,55.0,10.0,3.0,1.0,10.0,448.0,7.0,6.0,24.0,11.0,15.0,4.0,17.0,10.0
14025227,2025-2026,7.0,2025-10-04 14:00:00,Old Trafford,Stuart Attwell,74004.0,Sunderland,Manchester United,Away,0,2,-2,0,Loss,0,0,1,4.0,16.0,341.0,20.0,50.0,47.0,2.0,2.0,0.0,1.0,3.0,8.0,11.0,56.0,48.0,12.0,4.0,0.0,10.0,428.0,4.0,3.0,31.0,5.0,8.0,3.0,21.0,9.0
14025221,2025-2026,7.0,2025-10-04 16:30:00,Stamford Bridge,Anthony Taylor,39769.0,Chelsea,Liverpool,Home,2,1,1,3,Win,1,0,0,3.0,29.0,422.0,7.0,53.0,53.0,2.0,1.0,1.0,2.0,7.0,8.0,6.0,56.0,56.0,9.0,1.0,2.0,13.0,508.0,4.0,6.0,12.0,6.0,12.0,6.0,21.0,12.0
14025221,2025-2026,7.0,2025-10-04 16:30:00,Stamford Bridge,Anthony Taylor,39769.0,Liverpool,Chelsea,Away,1,2,-1,0,Loss,0,0,1,3.0,16.0,370.0,6.0,47.0,52.0,4.0,3.0,1.0,5.0,2.0,5.0,2.0,44.0,50.0,8.0,4.0,0.0,9.0,450.0,5.0,2.0,26.0,8.0,12.0,4.0,16.0,12.0
14025219,2025-2026,7.0,2025-10-05 15:30:00,Brentford Community Stadium,Darren England,17140.0,Brentford,Manchester City,Home,0,1,-1,0,Loss,0,0,1,2.0,17.0,249.0,8.0,30.0,42.0,1.0,1.0,0.0,2.0,3.0,7.0,2.0,38.0,44.0,10.0,3.0,0.0,11.0,311.0,3.0,1.0,14.0,4.0,6.0,2.0,16.0,10.0
14025219,2025-2026,7.0,2025-10-05 15:30:00,Brentford Community Stadium,Darren England,17140.0,Manchester City,Brentford,Away,1,0,1,3,Win,1,0,0,2.0,18.0,698.0,17.0,70.0,46.0,2.0,1.0,1.0,4.0,2.0,7.0,10.0,62.0,59.0,6.0,1.0,0.0,6.0,764.0,2.0,4.0,21.0,6.0,10.0,4.0,14.0,10.0
14025245,2025-2026,8.0,2025-10-18 11:30:00,City Ground,Chris Kavanagh,30495.0,Nottingham Forest,Chelsea,Home,0,3,-3,0,Loss,0,0,1,5.0,15.0,367.0,5.0,50.0,42.0,4.0,4.0,0.0,2.0,5.0,6.0,8.0,47.0,50.0,13.0,3.0,1.0,9.0,445.0,8.0,2.0,15.0,8.0,12.0,4.0,19.0,10.0
14025245,2025-2026,8.0,2025-10-18 11:30:00,City Ground,Chris Kavanagh,30495.0,Chelsea,Nottingham Forest,Away,3,0,3,3,Win,1,0,0,3.0,28.0,397.0,13.0,50.0,52.0,4.0,2.0,2.0,5.0,2.0,11.0,12.0,53.0,52.0,16.0,2.0,0.0,13.0,463.0,6.0,6.0,19.0,11.0,17.0,6.0,15.0,8.0
14025243,2025-2026,8.0,2025-10-18 14:00:00,Etihad Stadium,Tony Harrington,52498.0,Manchester City,Everton,Home,2,0,2,3,Win,1,0,0,5.0,23.0,685.0,17.0,71.0,39.0,6.0,5.0,1.0,7.0,11.0,10.0,15.0,55.0,69.0,8.0,1.0,1.0,5.0,749.0,5.0,7.0,26.0,16.0,19.0,3.0,15.0,9.0
14025243,2025-2026,8.0,2025-10-18 14:00:00,Etihad Stadium,Tony Harrington,52498.0,Everton,Manchester City,Away,0,2,-2,0,Loss,0,0,1,1.0,25.0,237.0,18.0,29.0,41.0,1.0,1.0,0.0,2.0,3.0,5.0,5.0,45.0,43.0,14.0,5.0,0.0,7.0,300.0,2.0,1.0,28.0,4.0,5.0,1.0,18.0,11.0
14025239,2025-2026,8.0,2025-10-18 16:30:00,Craven Cottage,Anthony Taylor,27736.0,Fulham,Arsenal,Home,0,1,-1,0,Loss,0,0,1,2.0,19.0,248.0,8.0,37.0,44.0,0.0,0.0,0.0,3.0,6.0,5.0,6.0,42.0,37.0,11.0,4.0,0.0,7.0,313.0,6.0,0.0,35.0,6.0,9.0,3.0,20.0,13.0
14025239,2025-2026,8.0,2025-10-18 16:30:00,Craven Cottage,Anthony Taylor,27736.0,Arsenal,Fulham,Away,1,0,1,3,Win,1,0,0,5.0,20.0,475.0,22.0,63.0,48.0,3.0,2.0,1.0,4.0,10.0,16.0,10.0,58.0,80.0,4.0,0.0,0.0,1.0,546.0,7.0,5.0,29.0,14.0,16.0,2.0,9.0,5.0
14025241,2025-2026,8.0,2025-10-19 15:30:00,Anfield,Michael Oliver,60337.0,Liverpool,Manchester United,Home,1,2,-1,0,Loss,0,0,1,9.0,27.0,408.0,21.0,64.0,36.0,5.0,4.0,1.0,2.0,9.0,8.0,4.0,53.0,63.0,8.0,2.0,3.0,5.0,480.0,11.0,6.0,28.0,16.0,19.0,3.0,13.0,7.0
14025241,2025-2026,8.0,2025-10-19 15:30:00,Anfield,Michael Oliver,60337.0,Manchester United,Liverpool,Away,2,1,1,3,Win,1,0,0,4.0,18.0,200.0,18.0,36.0,41.0,5.0,3.0,2.0,3.0,4.0,9.0,4.0,47.0,63.0,14.0,5.0,1.0,6.0,294.0,5.0,4.0,46.0,10.0,12.0,2.0,15.0,9.0
14025261,2025-2026,9.0,2025-10-25 14:00:00,Stamford Bridge,Andy Madley,40341.0,Chelsea,Sunderland,Home,1,2,-1,0,Loss,0,0,1,4.0,19.0,567.0,10.0,68.0,47.0,2.0,1.0,1.0,4.0,9.0,8.0,9.0,45.0,61.0,15.0,2.0,0.0,3.0,629.0,5.0,7.0,18.0,10.0,16.0,6.0,8.0,8.0
14025261,2025-2026,9.0,2025-10-25 14:00:00,Stamford Bridge,Andy Madley,40341.0,Sunderland,Chelsea,Away,2,1,1,3,Win,1,0,0,1.0,19.0,230.0,17.0,32.0,43.0,2.0,1.0,1.0,4.0,1.0,5.0,4.0,55.0,55.0,13.0,6.0,0.0,8.0,293.0,2.0,4.0,33.0,7.0,10.0,3.0,14.0,8.0
14025267,2025-2026,9.0,2025-10-25 16:30:00,Old Trafford,Anthony Taylor,73987.0,Manchester United,Brighton & Hove Albion,Home,4,2,2,3,Win,1,0,0,1.0,27.0,361.0,15.0,44.0,63.0,4.0,3.0,1.0,1.0,1.0,9.0,13.0,52.0,46.0,4.0,3.0,1.0,14.0,442.0,3.0,9.0,15.0,7.0,13.0,6.0,21.0,13.0
14025267,2025-2026,9.0,2025-10-25 16:30:00,Old Trafford,Anthony Taylor,73987.0,Brighton & Hove Albion,Manchester United,Away,2,4,-2,0,Loss,0,0,1,5.0,20.0,485.0,18.0,56.0,66.0,1.0,0.0,1.0,4.0,6.0,15.0,17.0,48.0,45.0,13.0,5.0,0.0,12.0,568.0,8.0,5.0,18.0,10.0,17.0,7.0,18.0,12.0
14025259,2025-2026,9.0,2025-10-25 19:00:00,Brentford Community Stadium,Simon Hooper,17214.0,Brentford,Liverpool,Home,3,2,1,3,Win,1,0,0,6.0,22.0,201.0,27.0,34.0,58.0,7.0,4.0,3.0,2.0,5.0,8.0,7.0,48.0,50.0,7.0,3.0,0.0,14.0,288.0,7.0,8.0,35.0,12.0,17.0,5.0,15.0,9.0
14025259,2025-2026,9.0,2025-10-25 19:00:00,Brentford Community Stadium,Simon Hooper,17214.0,Liverpool,Brentford,Away,2,3,-1,0,Loss,0,0,1,7.0,24.0,490.0,26.0,66.0,51.0,3.0,2.0,1.0,6.0,4.0,7.0,9.0,52.0,74.0,10.0,5.0,0.0,4.0,586.0,7.0,5.0,41.0,12.0,18.0,6.0,21.0,12.0
14025255,2025-2026,9.0,2025-10-26 14:00:00,Emirates Stadium,Thomas Bramall,60103.0,Arsenal,Crystal Palace,Home,1,0,1,3,Win,1,0,0,4.0,18.0,449.0,21.0,60.0,45.0,2.0,2.0,,3.0,4.0,10.0,5.0,53.0,87.0,6.0,1.0,1.0,6.0,540.0,4.0,3.0,28.0,7.0,10.0,3.0,12.0,7.0
14025255,2025-2026,9.0,2025-10-26 14:00:00,Emirates Stadium,Thomas Bramall,60103.0,Crystal Palace,Arsenal,Away,0,1,-1,0,Loss,0,0,1,3.0,19.0,265.0,16.0,40.0,43.0,0.0,0.0,,3.0,3.0,10.0,4.0,47.0,46.0,11.0,2.0,0.0,12.0,360.0,3.0,1.0,44.0,5.0,7.0,2.0,16.0,9.0
14025257,2025-2026,9.0,2025-10-26 14:00:00,Villa Park,Michael Oliver,41988.0,Aston Villa,Manchester City,Home,1,0,1,3,Win,1,0,0,3.0,25.0,388.0,3.0,47.0,45.0,2.0,2.0,,5.0,5.0,7.0,6.0,51.0,48.0,8.0,3.0,0.0,7.0,449.0,1.0,3.0,19.0,8.0,9.0,1.0,18.0,11.0
14025257,2025-2026,9.0,2025-10-26 14:00:00,Villa Park,Michael Oliver,41988.0,Manchester City,Aston Villa,Away,0,1,-1,0,Loss,0,0,1,7.0,10.0,455.0,13.0,53.0,44.0,2.0,2.0,,9.0,6.0,7.0,6.0,49.0,52.0,16.0,2.0,0.0,11.0,504.0,5.0,4.0,19.0,14.0,18.0,4.0,14.0,8.0
14025127,2025-2026,4.0,2025-09-13 19:00:00,Brentford Community Stadium,Stuart Attwell,16795.0,Brentford,Chelsea,Home,2,2,0,1,Draw,0,1,0,6.0,28.0,215.0,7.0,34.0,39.0,1.0,0.0,1.0,1.0,5.0,6.0,11.0,49.0,35.0,13.0,4.0,0.0,6.0,284.0,2.0,4.0,33.0,7.0,7.0,0.0,17.0,10.0
14025127,2025-2026,4.0,2025-09-13 19:00:00,Brentford Community Stadium,Stuart Attwell,16795.0,Chelsea,Brentford,Away,2,2,0,1,Draw,0,1,0,3.0,23.0,516.0,14.0,66.0,42.0,2.0,1.0,1.0,7.0,6.0,11.0,4.0,51.0,70.0,9.0,3.0,1.0,13.0,570.0,3.0,6.0,33.0,10.0,16.0,6.0,15.0,9.0
14025130,2025-2026,4.0,2025-09-14 13:00:00,Turf Moor,Michael Oliver,21678.0,Burnley,Liverpool,Home,0,1,-1,0,Loss,0,0,1,0.0,15.0,80.0,16.0,19.0,31.0,0.0,0.0,0.0,0.0,1.0,4.0,2.0,42.0,39.0,9.0,3.0,0.0,17.0,168.0,3.0,0.0,48.0,1.0,3.0,2.0,16.0,11.0
14025130,2025-2026,4.0,2025-09-14 13:00:00,Turf Moor,Michael Oliver,21678.0,Liverpool,Burnley,Away,1,0,1,3,Win,1,0,0,10.0,15.0,610.0,27.0,81.0,31.0,3.0,2.0,1.0,12.0,13.0,8.0,12.0,58.0,85.0,9.0,0.0,0.0,7.0,697.0,11.0,4.0,12.0,14.0,27.0,13.0,10.0,7.0
14025142,2025-2026,4.0,2025-09-14 15:30:00,Etihad Stadium,Anthony Taylor,52534.0,Manchester City,Manchester United,Home,3,0,3,3,Win,1,0,0,1.0,22.0,352.0,18.0,45.0,50.0,4.0,2.0,2.0,0.0,2.0,8.0,7.0,48.0,41.0,8.0,2.0,1.0,10.0,430.0,7.0,6.0,33.0,12.0,13.0,1.0,13.0,7.0
14025142,2025-2026,4.0,2025-09-14 15:30:00,Etihad Stadium,Anthony Taylor,52534.0,Manchester United,Manchester City,Away,0,3,-3,0,Loss,0,0,1,6.0,36.0,420.0,11.0,55.0,47.0,2.0,2.0,0.0,2.0,4.0,5.0,6.0,52.0,66.0,8.0,3.0,0.0,13.0,501.0,8.0,2.0,10.0,7.0,12.0,5.0,23.0,15.0
14025166,2025-2026,5.0,2025-09-20 11:30:00,Anfield,Darren England,60342.0,Liverpool,Everton,Home,2,1,1,3,Win,1,0,0,2.0,14.0,404.0,20.0,57.0,49.0,1.0,,1.0,5.0,5.0,11.0,10.0,50.0,46.0,11.0,1.0,0.0,12.0,475.0,3.0,3.0,37.0,9.0,11.0,2.0,18.0,7.0
14025166,2025-2026,5.0,2025-09-20 11:30:00,Anfield,Darren England,60342.0,Everton,Liverpool,Away,1,2,-1,0,Loss,0,0,1,5.0,23.0,263.0,15.0,43.0,49.0,0.0,,0.0,3.0,4.0,11.0,12.0,50.0,54.0,10.0,1.0,0.0,10.0,345.0,4.0,2.0,23.0,6.0,9.0,3.0,18.0,13.0
14025169,2025-2026,5.0,2025-09-20 16:30:00,Old Trafford,Peter Bankes,74124.0,Manchester United,Chelsea,Home,2,1,1,3,Win,1,0,0,8.0,13.0,292.0,12.0,41.0,47.0,3.0,1.0,2.0,4.0,5.0,8.0,5.0,49.0,49.0,13.0,0.0,0.0,10.0,371.0,3.0,4.0,19.0,6.0,11.0,5.0,21.0,16.0
14025169,2025-2026,5.0,2025-09-20 16:30:00,Old Trafford,Peter Bankes,74124.0,Chelsea,Manchester United,Away,1,2,-1,0,Loss,0,0,1,2.0,21.0,466.0,16.0,59.0,45.0,1.0,0.0,1.0,2.0,5.0,11.0,8.0,51.0,54.0,14.0,2.0,0.0,8.0,550.0,2.0,1.0,29.0,4.0,5.0,1.0,16.0,13.0
14025154,2025-2026,5.0,2025-09-21 15:30:00,Emirates Stadium,Stuart Attwell,60161.0,Arsenal,Manchester City,Home,1,1,0,1,Draw,0,1,0,5.0,33.0,517.0,15.0,67.0,50.0,2.0,1.0,1.0,3.0,11.0,8.0,6.0,50.0,61.0,11.0,2.0,0.0,5.0,582.0,6.0,3.0,18.0,11.0,12.0,1.0,20.0,13.0
14025154,2025-2026,5.0,2025-09-21 15:30:00,Emirates Stadium,Stuart Attwell,60161.0,Manchester City,Arsenal,Away,1,1,0,1,Draw,0,1,0,0.0,19.0,229.0,17.0,33.0,48.0,2.0,1.0,1.0,0.0,1.0,12.0,10.0,50.0,48.0,10.0,2.0,0.0,5.0,300.0,2.0,3.0,60.0,4.0,5.0,1.0,13.0,9.0
14025184,2025-2026,6.0,2025-09-27 11:30:00,Brentford Community Stadium,Craig Pawson,17193.0,Brentford,Manchester United,Home,3,1,2,3,Win,1,0,0,7.0,21.0,274.0,22.0,44.0,41.0,6.0,4.0,2.0,1.0,4.0,8.0,6.0,50.0,61.0,14.0,5.0,0.0,7.0,359.0,1.0,8.0,24.0,7.0,10.0,3.0,14.0,8.0
14025184,2025-2026,6.0,2025-09-27 11:30:00,Brentford Community Stadium,Craig Pawson,17193.0,Manchester United,Brentford,Away,1,3,-2,0,Loss,0,0,1,4.0,18.0,370.0,19.0,56.0,43.0,4.0,3.0,1.0,4.0,2.0,6.0,2.0,50.0,44.0,10.0,5.0,0.0,4.0,458.0,4.0,6.0,29.0,9.0,14.0,5.0,16.0,9.0
14025187,2025-2026,6.0,2025-09-27 14:00:00,Stamford Bridge,Simon Hooper,39597.0,Chelsea,Brighton & Hove Albion,Home,1,3,-2,0,Loss,0,0,1,3.0,15.0,396.0,8.0,60.0,35.0,2.0,1.0,1.0,6.0,5.0,9.0,10.0,53.0,53.0,9.0,0.0,0.0,10.0,470.0,4.0,3.0,8.0,7.0,13.0,6.0,21.0,11.0
14025187,2025-2026,6.0,2025-09-27 14:00:00,Stamford Bridge,Simon Hooper,39597.0,Brighton & Hove Albion,Chelsea,Away,3,1,2,3,Win,1,0,0,5.0,16.0,266.0,11.0,40.0,42.0,4.0,1.0,3.0,2.0,7.0,10.0,7.0,47.0,51.0,16.0,2.0,0.0,12.0,316.0,7.0,3.0,26.0,8.0,12.0,4.0,21.0,13.0
14025190,2025-2026,6.0,2025-09-27 14:00:00,Selhurst Park,Chris Kavanagh,25118.0,Crystal Palace,Liverpool,Home,2,1,1,3,Win,1,0,0,2.0,23.0,175.0,12.0,28.0,40.0,7.0,5.0,2.0,2.0,2.0,6.0,6.0,52.0,58.0,10.0,3.0,1.0,9.0,270.0,7.0,7.0,32.0,12.0,16.0,4.0,24.0,16.0
14025190,2025-2026,6.0,2025-09-27 14:00:00,Selhurst Park,Chris Kavanagh,25118.0,Liverpool,Crystal Palace,Away,1,2,-1,0,Loss,0,0,1,8.0,19.0,609.0,22.0,72.0,55.0,6.0,5.0,1.0,5.0,6.0,11.0,6.0,48.0,93.0,8.0,5.0,1.0,10.0,688.0,11.0,4.0,36.0,13.0,20.0,7.0,7.0,5.0
14025199,2025-2026,6.0,2025-09-27 14:00:00,Etihad Stadium,Robert Jones,52427.0,Manchester City,Burnley,Home,5,1,4,3,Win,1,0,0,9.0,10.0,566.0,11.0,69.0,36.0,5.0,2.0,3.0,6.0,10.0,12.0,14.0,49.0,64.0,5.0,1.0,0.0,4.0,638.0,7.0,8.0,19.0,13.0,21.0,8.0,8.0,6.0
14025199,2025-2026,6.0,2025-09-27 14:00:00,Etihad Stadium,Robert Jones,52427.0,Burnley,Manchester City,Away,1,5,-4,0,Loss,0,0,1,1.0,31.0,242.0,15.0,31.0,33.0,0.0,0.0,0.0,5.0,2.0,4.0,1.0,51.0,38.0,7.0,5.0,0.0,10.0,295.0,2.0,2.0,31.0,5.0,9.0,4.0,20.0,9.0
14025202,2025-2026,6.0,2025-09-28 15:30:00,St James' Park,Jarred Gillett,,Newcastle United,Arsenal,Home,1,2,-1,0,Loss,0,0,1,3.0,20.0,194.0,26.0,37.0,42.0,1.0,0.0,1.0,4.0,7.0,10.0,3.0,48.0,46.0,8.0,5.0,0.0,8.0,279.0,1.0,3.0,41.0,7.0,8.0,1.0,12.0,8.0
14025202,2025-2026,6.0,2025-09-28 15:30:00,St James' Park,Jarred Gillett,,Arsenal,Newcastle United,Away,2,1,1,3,Win,1,0,0,9.0,22.0,405.0,22.0,63.0,48.0,4.0,3.0,1.0,6.0,12.0,6.0,11.0,52.0,63.0,9.0,2.0,1.0,10.0,495.0,7.0,7.0,29.0,18.0,20.0,2.0,13.0,6.0
14025050,2025-2026,1.0,2025-08-16 16:30:00,Molineux Stadium,Jarred Gillett,31118.0,Wolverhampton,Manchester City,Home,0,4,-4,0,Loss,0,0,1,4.0,24.0,326.0,5.0,42.0,41.0,0.0,0.0,0.0,3.0,4.0,14.0,5.0,43.0,46.0,13.0,0.0,0.0,6.0,394.0,3.0,3.0,20.0,6.0,9.0,3.0,25.0,17.0
14025050,2025-2026,1.0,2025-08-16 16:30:00,Molineux Stadium,Jarred Gillett,31118.0,Manchester City,Wolverhampton,Away,4,0,4,3,Win,1,0,0,6.0,13.0,510.0,10.0,58.0,40.0,3.0,2.0,1.0,4.0,5.0,14.0,14.0,57.0,48.0,7.0,3.0,0.0,7.0,563.0,7.0,4.0,22.0,8.0,15.0,7.0,18.0,11.0
14025053,2025-2026,1.0,2025-08-17 13:00:00,Stamford Bridge,Darren England,39678.0,Chelsea,Crystal Palace,Home,0,0,0,1,Draw,0,1,0,6.0,21.0,510.0,17.0,72.0,39.0,2.0,2.0,,9.0,11.0,4.0,12.0,53.0,62.0,10.0,4.0,0.0,11.0,568.0,7.0,3.0,19.0,11.0,19.0,8.0,13.0,6.0
14025053,2025-2026,1.0,2025-08-17 13:00:00,Stamford Bridge,Darren England,39678.0,Crystal Palace,Chelsea,Away,0,0,0,1,Draw,0,1,0,0.0,18.0,168.0,16.0,28.0,35.0,1.0,1.0,,4.0,2.0,11.0,5.0,47.0,28.0,12.0,2.0,0.0,7.0,226.0,3.0,4.0,41.0,4.0,11.0,7.0,16.0,13.0
14025056,2025-2026,1.0,2025-08-17 15:30:00,Old Trafford,Simon Hooper,73475.0,Manchester United,Arsenal,Home,0,1,-1,0,Loss,0,0,1,3.0,41.0,393.0,23.0,61.0,47.0,0.0,,0.0,8.0,3.0,14.0,9.0,57.0,54.0,10.0,2.0,1.0,4.0,475.0,7.0,7.0,23.0,15.0,22.0,7.0,22.0,11.0
14025056,2025-2026,1.0,2025-08-17 15:30:00,Old Trafford,Simon Hooper,73475.0,Arsenal,Manchester United,Away,1,0,1,3,Win,1,0,0,2.0,20.0,219.0,16.0,39.0,50.0,1.0,,1.0,3.0,4.0,6.0,9.0,43.0,35.0,19.0,7.0,0.0,4.0,294.0,3.0,3.0,30.0,5.0,9.0,4.0,18.0,10.0
14025088,2025-2026,2.0,2025-08-22 19:00:00,London Stadium,Michael Oliver,62462.0,West Ham United,Chelsea,Home,1,5,-4,0,Loss,0,0,1,7.0,15.0,339.0,14.0,41.0,34.0,1.0,1.0,0.0,3.0,7.0,9.0,5.0,46.0,43.0,7.0,2.0,0.0,7.0,392.0,5.0,4.0,29.0,9.0,12.0,3.0,11.0,6.0
14025088,2025-2026,2.0,2025-08-22 19:00:00,London Stadium,Michael Oliver,62462.0,Chelsea,West Ham United,Away,5,1,4,3,Win,1,0,0,3.0,17.0,505.0,15.0,59.0,36.0,7.0,2.0,5.0,1.0,5.0,7.0,4.0,54.0,63.0,10.0,3.0,0.0,4.0,577.0,4.0,7.0,17.0,10.0,12.0,2.0,19.0,13.0
14025083,2025-2026,2.0,2025-08-23 11:30:00,Etihad Stadium,Peter Bankes,,Manchester City,Tottenham Hotspur,Home,0,2,-2,0,Loss,0,0,1,5.0,15.0,456.0,12.0,61.0,47.0,2.0,2.0,0.0,3.0,7.0,16.0,7.0,52.0,47.0,7.0,3.0,0.0,6.0,525.0,3.0,4.0,23.0,6.0,10.0,4.0,20.0,10.0
14025083,2025-2026,2.0,2025-08-23 11:30:00,Etihad Stadium,Peter Bankes,,Tottenham Hotspur,Manchester City,Away,2,0,2,3,Win,1,0,0,4.0,20.0,259.0,8.0,39.0,51.0,3.0,1.0,2.0,2.0,2.0,5.0,8.0,48.0,50.0,12.0,4.0,0.0,7.0,331.0,5.0,5.0,25.0,10.0,12.0,2.0,24.0,16.0
14025065,2025-2026,2.0,2025-08-23 16:30:00,Emirates Stadium,Jarred Gillett,,Arsenal,Leeds United,Home,5,0,5,3,Win,1,0,0,8.0,24.0,549.0,13.0,68.0,38.0,3.0,1.0,2.0,4.0,2.0,6.0,12.0,58.0,52.0,8.0,1.0,0.0,5.0,599.0,9.0,5.0,7.0,13.0,18.0,5.0,12.0,8.0
14025065,2025-2026,2.0,2025-08-23 16:30:00,Emirates Stadium,Jarred Gillett,,Leeds United,Arsenal,Away,0,5,-5,0,Loss,0,0,1,1.0,13.0,219.0,4.0,32.0,33.0,0.0,0.0,0.0,2.0,2.0,5.0,4.0,42.0,17.0,11.0,0.0,0.0,6.0,290.0,0.0,1.0,20.0,2.0,3.0,1.0,18.0,12.0
14025080,2025-2026,2.0,2025-08-24 15:30:00,Craven Cottage,Chris Kavanagh,27512.0,Fulham,Manchester United,Home,1,1,0,1,Draw,0,1,0,10.0,21.0,353.0,20.0,52.0,36.0,3.0,2.0,1.0,5.0,9.0,6.0,2.0,44.0,47.0,12.0,3.0,0.0,8.0,419.0,4.0,4.0,24.0,10.0,13.0,3.0,10.0,8.0
14025080,2025-2026,2.0,2025-08-24 15:30:00,Craven Cottage,Chris Kavanagh,27512.0,Manchester United,Fulham,Away,1,1,0,1,Draw,0,1,0,4.0,22.0,328.0,23.0,48.0,31.0,2.0,2.0,0.0,1.0,6.0,5.0,2.0,56.0,50.0,10.0,2.0,1.0,5.0,397.0,6.0,3.0,27.0,8.0,10.0,2.0,17.0,11.0
14147154,2025-2026,2.0,2025-08-25 19:00:00,St James' Park,Simon Hooper,52230.0,Newcastle United,Liverpool,Home,2,3,-1,0,Loss,0,0,1,6.0,12.0,170.0,16.0,38.0,41.0,4.0,2.0,2.0,3.0,7.0,4.0,8.0,50.0,51.0,17.0,1.0,0.0,8.0,247.0,4.0,3.0,21.0,8.0,10.0,2.0,12.0,5.0
14147154,2025-2026,2.0,2025-08-25 19:00:00,St James' Park,Simon Hooper,52230.0,Liverpool,Newcastle United,Away,3,2,1,3,Win,1,0,0,2.0,15.0,370.0,18.0,62.0,39.0,2.0,1.0,1.0,1.0,1.0,9.0,5.0,50.0,49.0,15.0,1.0,0.0,2.0,445.0,0.0,4.0,43.0,3.0,5.0,2.0,13.0,8.0
14025097,2025-2026,3.0,2025-08-30 11:30:00,Stamford Bridge,Robert Jones,39745.0,Chelsea,Fulham,Home,2,0,2,3,Win,1,0,0,4.0,17.0,429.0,17.0,54.0,48.0,3.0,1.0,2.0,6.0,6.0,18.0,8.0,52.0,64.0,11.0,1.0,0.0,18.0,494.0,1.0,6.0,20.0,10.0,13.0,3.0,19.0,9.0
14025097,2025-2026,3.0,2025-08-30 11:30:00,Stamford Bridge,Robert Jones,39745.0,Fulham,Chelsea,Away,0,2,-2,0,Loss,0,0,1,5.0,25.0,337.0,13.0,46.0,46.0,1.0,1.0,0.0,2.0,4.0,7.0,3.0,48.0,49.0,17.0,4.0,0.0,6.0,415.0,6.0,3.0,20.0,8.0,11.0,3.0,29.0,12.0
14025106,2025-2026,3.0,2025-08-30 14:00:00,Old Trafford,Samuel Barrott,60000.0,Manchester United,Burnley,Home,3,2,1,3,Win,1,0,0,13.0,32.0,418.0,21.0,62.0,54.0,4.0,2.0,2.0,7.0,7.0,14.0,5.0,49.0,59.0,9.0,1.0,2.0,3.0,508.0,13.0,6.0,17.0,19.0,26.0,7.0,16.0,9.0
14025106,2025-2026,3.0,2025-08-30 14:00:00,Old Trafford,Samuel Barrott,60000.0,Burnley,Manchester United,Away,2,3,-1,0,Loss,0,0,1,1.0,24.0,225.0,22.0,38.0,40.0,2.0,0.0,2.0,2.0,1.0,14.0,3.0,51.0,48.0,9.0,5.0,0.0,9.0,318.0,1.0,3.0,39.0,5.0,6.0,1.0,20.0,14.0
14025094,2025-2026,3.0,2025-08-31 13:00:00,American Express Stadium,Darren England,31485.0,Brighton & Hove Albion,Manchester City,Home,2,1,1,3,Win,1,0,0,3.0,14.0,235.0,9.0,36.0,51.0,3.0,1.0,2.0,3.0,3.0,9.0,8.0,45.0,46.0,16.0,2.0,0.0,8.0,315.0,2.0,7.0,10.0,10.0,12.0,2.0,17.0,13.0
14025094,2025-2026,3.0,2025-08-31 13:00:00,American Express Stadium,Darren England,31485.0,Manchester City,Brighton & Hove Albion,Away,1,2,-1,0,Loss,0,0,1,1.0,19.0,493.0,14.0,64.0,50.0,3.0,2.0,1.0,1.0,2.0,8.0,14.0,55.0,38.0,14.0,5.0,0.0,9.0,565.0,8.0,3.0,15.0,8.0,12.0,4.0,15.0,7.0
14025103,2025-2026,3.0,2025-08-31 15:30:00,Anfield,Chris Kavanagh,60455.0,Liverpool,Arsenal,Home,1,0,1,3,Win,1,0,0,1.0,27.0,368.0,10.0,53.0,45.0,,,,4.0,3.0,7.0,7.0,54.0,50.0,7.0,1.0,0.0,7.0,435.0,2.0,3.0,29.0,4.0,9.0,5.0,11.0,9.0
14025103,2025-2026,3.0,2025-08-31 15:30:00,Anfield,Chris Kavanagh,60455.0,Arsenal,Liverpool,Away,0,1,-1,0,Loss,0,0,1,3.0,25.0,303.0,9.0,47.0,45.0,,,,7.0,8.0,6.0,3.0,46.0,46.0,10.0,2.0,0.0,9.0,371.0,3.0,1.0,19.0,8.0,11.0,3.0,14.0,6.0
14025124,2025-2026,4.0,2025-09-13 11:30:00,Emirates Stadium,Darren England,60167.0,Arsenal,Nottingham Forest,Home,3,0,3,3,Win,1,0,0,5.0,15.0,415.0,9.0,54.0,44.0,5.0,4.0,1.0,5.0,8.0,2.0,11.0,58.0,48.0,8.0,1.0,1.0,7.0,478.0,6.0,5.0,15.0,12.0,16.0,4.0,13.0,11.0
14025124,2025-2026,4.0,2025-09-13 11:30:00,Emirates Stadium,Darren England,60167.0,Nottingham Forest,Arsenal,Away,0,3,-3,0,Loss,0,0,1,2.0,18.0,350.0,9.0,46.0,36.0,0.0,0.0,0.0,3.0,3.0,6.0,5.0,42.0,50.0,11.0,2.0,1.0,11.0,409.0,1.0,1.0,19.0,3.0,5.0,2.0,12.0,8.0
14025013,2025-2026,1.0,2025-08-15 19:00:00,Anfield,Anthony Taylor,60315.0,Liverpool,Bournemouth,Home,4,2,2,3,Win,1,0,0,5.0,29.0,401.0,29.0,61.0,52.0,3.0,2.0,1.0,2.0,6.0,11.0,8.0,55.0,61.0,7.0,1.0,0.0,4.0,489.0,7.0,10.0,41.0,15.0,19.0,4.0,16.0,13.0
14025013,2025-2026,1.0,2025-08-15 19:00:00,Anfield,Anthony Taylor,60315.0,Bournemouth,Liverpool,Away,2,4,-2,0,Loss,0,0,1,5.0,24.0,209.0,18.0,39.0,54.0,3.0,2.0,1.0,3.0,7.0,5.0,8.0,45.0,45.0,10.0,6.0,0.0,11.0,299.0,4.0,3.0,45.0,8.0,10.0,2.0,20.0,12.0
14023976,2025-2026,28.0,2026-02-28 15:00:00,Anfield,Tim Robinson,,Liverpool,West Ham United,Home,5,2,3,3,Win,1,0,0,2.0,4.0,47.0,3.0,4.0,0.0,51.0,3.0,8.0,422.0,5.0,1.0,35.0,52.0,7.0,1.0,2.0,1.0,1.0,52.0,13.0,-2.5682,7.0,4.0,2.0,21.0,1.86,0.0
14023976,2025-2026,28.0,2026-02-28 15:00:00,Anfield,Tim Robinson,,West Ham United,Liverpool,Away,2,5,-3,0,Loss,0,0,1,1.84,48.0,2.0,-0.049,25.0,4.0,52.0,13.0,11.0,1.0,16.0,12.0,1.0,104.0,10.0,6.0,3.0,0.0,405.0,0.0,1.0,31.0,20.0,4.0,0.0,19.0,51.0,6.0
14023974,2025-2026,28.0,2026-02-28 17:30:00,Elland Road,Peter Bankes,,Leeds United,Manchester City,Home,0,1,-1,0,Loss,0,0,1,1.0,1.0,33.0,4.0,5.0,0.0,16.0,3.0,11.0,655.0,4.0,0.0,23.0,40.0,0.0,8.0,3.0,1.0,1.0,65.0,0.0,0.4695,2.0,5.0,37.0,13.0,2.0,0.0
14023974,2025-2026,28.0,2026-02-28 17:30:00,Elland Road,Peter Bankes,,Manchester City,Leeds United,Away,1,0,1,3,Win,1,0,0,1.49,35.0,41.0,1.6259,23.0,7.0,67.0,17.0,14.0,1.0,3.0,10.0,0.0,50.0,5.0,16.0,1.0,0.0,311.0,1.0,4.0,43.0,21.0,5.0,4.0,39.0,70.0,9.0
14023978,2025-2026,28.0,2026-03-01 14:00:00,Old Trafford,Chris Kavanagh,73934.0,Manchester United,Crystal Palace,Home,2,1,1,3,Win,1,0,0,0.0,7.0,1.0,13.0,1.0,4.0,13.0,5.0,11.0,2.0,2.0,2.16,8.0,56.0,3.0,8.0,0.0,32.0,1.0,3.0,0.0,9.0,612.0,1.0,51.0,3.0,2.0,-0.3107
14023978,2025-2026,28.0,2026-03-01 14:00:00,Old Trafford,Chris Kavanagh,73934.0,Crystal Palace,Manchester United,Away,1,2,-1,0,Loss,0,0,1,7.0,8.0,24.0,11.0,17.0,1.0,39.0,8.0,29.0,399.0,1.0,58.0,2.0,0.0,1.0,2.0,0.0,2.0,0.0,44.0,6.0,0.3732,0.0,1.0,0.0,3.0,0.38,33.0
14023971,2025-2026,28.0,2026-03-01 16:30:00,Emirates Stadium,Darren England,60296.0,Arsenal,Chelsea,Home,2,1,1,3,Win,1,0,0,7.0,12.0,11.0,14.0,4.0,0.0,16.0,9.0,22.0,1.0,1.0,57.0,4.0,1.0,0.0,10.0,3.0,33.0,0.0,3.0,1.0,3.0,0.0,1.0,44.0,3.0,1.0,37.0
14023971,2025-2026,28.0,2026-03-01 16:30:00,Emirates Stadium,Darren England,60296.0,Chelsea,Arsenal,Away,1,2,-1,0,Loss,0,0,1,49.0,2.0,41.0,10.0,19.0,338.0,59.0,4.0,5.0,482.0,10.0,72.0,0.0925,1.09,2.0,0.0,0.0,0.0,5.0,51.0,13.0,0.0828,3.0,5.0,3.0,9.0,1.07,1.0
14023985,2025-2026,29.0,2026-03-03 20:15:00,Molineux Stadium,Thomas Bramall,,Wolverhampton,Liverpool,Home,2,1,1,3,Win,1,0,0,7.0,10.0,8.0,13.0,5.0,1.0,11.0,19.0,11.0,1.0,3.0,32.0,5.0,2.0,1.0,10.0,3.0,31.0,0.0,6.0,2.0,1.0,4.0,0.0,53.0,7.0,0.0,44.0
14023985,2025-2026,29.0,2026-03-03 20:15:00,Molineux Stadium,Thomas Bramall,,Liverpool,Wolverhampton,Away,1,2,-1,0,Loss,0,0,1,55.0,1.0,34.0,9.0,21.0,315.0,66.0,6.0,13.0,609.0,11.0,33.0,0.2204,0.44,1.0,0.0,1.0,1.0,9.0,45.0,8.0,-1.2741,1.0,9.0,4.0,18.0,1.83,1.0
14023984,2025-2026,29.0,2026-03-04 19:30:00,Etihad Stadium,Darren England,,Manchester City,Nottingham Forest,Home,2,2,0,1,Draw,0,1,0,4.0,24.0,713.0,16.0,70.0,49.0,5.0,3.0,2.0,6.0,6.0,9.0,14.0,53.0,83.0,10.0,2.0,1.0,5.0,773.0,8.0,7.0,6.0,16.0,21.0,5.0,10.0,6.0
14023984,2025-2026,29.0,2026-03-04 19:30:00,Etihad Stadium,Darren England,,Nottingham Forest,Manchester City,Away,2,2,0,1,Draw,0,1,0,2.0,17.0,266.0,7.0,30.0,47.0,2.0,1.0,1.0,3.0,1.0,6.0,6.0,47.0,26.0,6.0,3.0,0.0,6.0,326.0,2.0,4.0,28.0,6.0,9.0,3.0,19.0,13.0
14023933,2025-2026,29.0,2026-03-04 19:30:00,American Express Stadium,Chris Kavanagh,,Brighton & Hove Albion,Arsenal,Home,0,1,-1,0,Loss,0,0,1,4.0,25.0,382.0,17.0,60.0,42.0,2.0,2.0,,5.0,4.0,8.0,5.0,52.0,62.0,14.0,1.0,0.0,12.0,465.0,3.0,3.0,29.0,6.0,11.0,5.0,23.0,16.0
14023933,2025-2026,29.0,2026-03-04 19:30:00,American Express Stadium,Chris Kavanagh,,Arsenal,Brighton & Hove Albion,Away,1,0,1,3,Win,1,0,0,1.0,26.0,227.0,20.0,40.0,37.0,0.0,0.0,,1.0,3.0,15.0,4.0,48.0,60.0,12.0,2.0,0.0,9.0,322.0,4.0,2.0,49.0,6.0,7.0,1.0,15.0,5.0
14023986,2025-2026,29.0,2026-03-04 19:30:00,Villa Park,Jarred Gillett,,Aston Villa,Chelsea,Home,1,4,-3,0,Loss,0,0,1,1.0,20.0,361.0,6.0,43.0,43.0,2.0,2.0,1.0,1.0,3.0,9.0,1.0,43.0,41.0,10.0,4.0,1.0,7.0,419.0,4.0,4.0,14.0,6.0,9.0,3.0,11.0,8.0
14023986,2025-2026,29.0,2026-03-04 19:30:00,Villa Park,Jarred Gillett,,Chelsea,Aston Villa,Away,4,1,3,3,Win,1,0,0,3.0,14.0,508.0,5.0,57.0,43.0,5.0,2.0,3.0,4.0,8.0,6.0,6.0,57.0,37.0,9.0,3.0,0.0,8.0,557.0,3.0,8.0,15.0,14.0,15.0,1.0,15.0,6.0
14023983,2025-2026,29.0,2026-03-04 20:15:00,St James' Park,Peter Bankes,,Newcastle United,Manchester United,Home,2,1,1,3,Win,1,0,0,6.0,31.0,288.0,21.0,45.0,46.0,2.0,1.0,1.0,1.0,2.0,6.0,4.0,53.0,48.0,15.0,4.0,1.0,9.0,375.0,6.0,5.0,33.0,8.0,12.0,4.0,17.0,13.0
14023983,2025-2026,29.0,2026-03-04 20:15:00,St James' Park,Peter Bankes,,Manchester United,Newcastle United,Away,1,2,-1,0,Loss,0,0,1,2.0,19.0,377.0,20.0,55.0,49.0,4.0,3.0,1.0,5.0,4.0,9.0,6.0,47.0,48.0,16.0,3.0,0.0,10.0,460.0,4.0,5.0,17.0,8.0,14.0,6.0,12.0,9.0
14023987,2025-2026,30.0,2026-03-14 17:30:00,Emirates Stadium,Andy Madley,,Arsenal,Everton,Home,2,0,2,3,Win,1,0,0,4.0,14.0,503.0,21.0,65.0,43.0,2.0,0.0,2.0,9.0,8.0,6.0,7.0,54.0,61.0,11.0,3.0,0.0,4.0,581.0,9.0,7.0,29.0,12.0,25.0,13.0,16.0,12.0
14023987,2025-2026,30.0,2026-03-14 17:30:00,Emirates Stadium,Andy Madley,,Everton,Arsenal,Away,0,2,-2,0,Loss,0,0,1,2.0,14.0,238.0,17.0,35.0,39.0,2.0,2.0,0.0,4.0,3.0,11.0,5.0,46.0,48.0,12.0,4.0,1.0,16.0,321.0,2.0,3.0,33.0,5.0,9.0,4.0,15.0,8.0
14023990,2025-2026,30.0,2026-03-14 17:30:00,Stamford Bridge,Paul Tierney,,Chelsea,Newcastle United,Home,0,1,-1,0,Loss,0,0,1,7.0,17.0,620.0,16.0,67.0,37.0,2.0,2.0,0.0,9.0,8.0,6.0,5.0,47.0,55.0,9.0,4.0,1.0,9.0,675.0,10.0,3.0,22.0,10.0,22.0,12.0,11.0,6.0
14023990,2025-2026,30.0,2026-03-14 17:30:00,Stamford Bridge,Paul Tierney,,Newcastle United,Chelsea,Away,1,0,1,3,Win,1,0,0,2.0,17.0,259.0,16.0,33.0,38.0,1.0,0.0,1.0,1.0,1.0,4.0,6.0,53.0,54.0,10.0,3.0,1.0,7.0,331.0,1.0,5.0,29.0,3.0,7.0,4.0,16.0,9.0
14023993,2025-2026,30.0,2026-03-14 20:00:00,London Stadium,Michael Oliver,62459.0,West Ham United,Manchester City,Home,1,1,0,1,Draw,0,1,0,1.0,13.0,224.0,7.0,29.0,44.0,1.0,0.0,1.0,0.0,1.0,6.0,5.0,45.0,32.0,14.0,5.0,0.0,12.0,304.0,0.0,1.0,34.0,1.0,1.0,0.0,25.0,15.0
14023993,2025-2026,30.0,2026-03-14 20:00:00,London Stadium,Michael Oliver,62459.0,Manchester City,West Ham United,Away,1,1,0,1,Draw,0,1,0,10.0,21.0,684.0,18.0,71.0,50.0,1.0,1.0,0.0,7.0,15.0,12.0,12.0,55.0,86.0,5.0,0.0,1.0,13.0,755.0,11.0,6.0,16.0,19.0,24.0,5.0,8.0,7.0
14023994,2025-2026,30.0,2026-03-15 14:00:00,Old Trafford,Anthony Taylor,,Manchester United,Aston Villa,Home,3,1,2,3,Win,1,0,0,2.0,22.0,410.0,13.0,52.0,47.0,3.0,2.0,1.0,4.0,6.0,10.0,4.0,51.0,56.0,10.0,1.0,0.0,12.0,479.0,6.0,6.0,22.0,11.0,16.0,5.0,19.0,9.0
14023994,2025-2026,30.0,2026-03-15 14:00:00,Old Trafford,Anthony Taylor,,Aston Villa,Manchester United,Away,1,3,-2,0,Loss,0,0,1,6.0,15.0,376.0,8.0,48.0,45.0,3.0,2.0,1.0,2.0,6.0,10.0,5.0,49.0,51.0,5.0,3.0,0.0,8.0,442.0,5.0,2.0,31.0,6.0,9.0,3.0,16.0,10.0
14023992,2025-2026,30.0,2026-03-15 16:30:00,Anfield,Chris Kavanagh,,Liverpool,Tottenham Hotspur,Home,1,1,0,1,Draw,0,1,0,3.0,21.0,465.0,14.0,63.0,59.0,1.0,1.0,0.0,6.0,3.0,12.0,12.0,51.0,64.0,8.0,6.0,1.0,11.0,553.0,7.0,4.0,17.0,10.0,17.0,7.0,12.0,8.0
14023992,2025-2026,30.0,2026-03-15 16:30:00,Anfield,Chris Kavanagh,,Tottenham Hotspur,Liverpool,Away,1,1,0,1,Draw,0,1,0,4.0,26.0,233.0,8.0,37.0,51.0,2.0,1.0,1.0,3.0,4.0,8.0,12.0,49.0,46.0,13.0,3.0,0.0,12.0,320.0,3.0,7.0,36.0,7.0,13.0,6.0,20.0,11.0
14023997,2025-2026,31.0,2026-03-20 20:00:00,Vitality Stadium,Stuart Attwell,,Bournemouth,Manchester United,Home,2,2,0,1,Draw,0,1,0,2.0,19.0,426.0,13.0,55.0,63.0,2.0,1.0,1.0,4.0,6.0,7.0,7.0,47.0,72.0,10.0,4.0,1.0,9.0,502.0,7.0,5.0,24.0,6.0,16.0,10.0,13.0,8.0
14023997,2025-2026,31.0,2026-03-20 20:00:00,Vitality Stadium,Stuart Attwell,,Manchester United,Bournemouth,Away,2,2,0,1,Draw,0,1,0,3.0,20.0,320.0,19.0,45.0,54.0,2.0,1.0,1.0,7.0,8.0,8.0,3.0,53.0,44.0,9.0,3.0,0.0,12.0,415.0,2.0,5.0,30.0,8.0,14.0,6.0,16.0,10.0
14024015,2025-2026,31.0,2026-03-21 12:45:00,American Express Stadium,Darren England,,Brighton & Hove Albion,Liverpool,Home,2,1,1,3,Win,1,0,0,6.0,23.0,297.0,8.0,47.0,47.0,5.0,3.0,2.0,2.0,4.0,5.0,6.0,46.0,58.0,11.0,4.0,0.0,7.0,380.0,7.0,7.0,25.0,11.0,16.0,5.0,11.0,6.0
14024015,2025-2026,31.0,2026-03-21 12:45:00,American Express Stadium,Darren England,,Liverpool,Brighton & Hove Albion,Away,1,2,-1,0,Loss,0,0,1,5.0,24.0,346.0,10.0,53.0,39.0,1.0,0.0,1.0,3.0,8.0,3.0,10.0,54.0,46.0,11.0,4.0,0.0,12.0,431.0,4.0,5.0,30.0,10.0,12.0,2.0,12.0,6.0
14024017,2025-2026,31.0,2026-03-21 17:30:00,Hill Dickinson Stadium,Samuel Barrott,,Everton,Chelsea,Home,3,0,3,3,Win,1,0,0,6.0,20.0,318.0,13.0,36.0,47.0,2.0,1.0,1.0,1.0,3.0,11.0,8.0,53.0,43.0,6.0,4.0,0.0,7.0,392.0,0.0,9.0,29.0,9.0,10.0,1.0,22.0,11.0
14024017,2025-2026,31.0,2026-03-21 17:30:00,Hill Dickinson Stadium,Samuel Barrott,,Chelsea,Everton,Away,0,3,-3,0,Loss,0,0,1,1.0,15.0,617.0,14.0,64.0,48.0,2.0,2.0,0.0,4.0,9.0,13.0,9.0,47.0,65.0,7.0,5.0,1.0,7.0,690.0,4.0,4.0,22.0,9.0,12.0,3.0,15.0,7.0
14023998,2025-2026,32.0,2026-04-12 15:30:00,,,,Chelsea,Manchester City,Home,0,3,-3,0,Loss,0,0,1,,,,,,,,,,,,,,,,,,,,,,,,,,,,
14023998,2025-2026,32.0,2026-04-12 15:30:00,,,,Manchester City,Chelsea,Away,3,0,3,3,Win,1,0,0,,,,,,,,,,,,,,,,,,,,,,,,,,,,
14024000,2025-2026,32.0,2026-04-11 16:30:00,,,,Liverpool,Fulham,Home,2,0,2,3,Win,1,0,0,,,,,,,,,,,,,,,,,,,,,,,,,,,,
14024000,2025-2026,32.0,2026-04-11 16:30:00,,,,Fulham,Liverpool,Away,0,2,-2,0,Loss,0,0,1,,,,,,,,,,,,,,,,,,,,,,,,,,,,
14025024,2025-2026,32.0,2026-04-13 19:00:00,,,,Manchester United,Leeds United,Home,1,2,-1,0,Loss,0,0,1,,,,,,,,,,,,,,,,,,,,,,,,,,,,
14025024,2025-2026,32.0,2026-04-13 19:00:00,,,,Leeds United,Manchester United,Away,2,1,1,3,Win,1,0,0,,,,,,,,,,,,,,,,,,,,,,,,,,,,
14025021,2025-2026,32.0,2026-04-11 11:30:00,,,,Arsenal,Bournemouth,Home,1,2,-1,0,Loss,0,0,1,,,,,,,,,,,,,,,,,,,,,,,,,,,,
14025021,2025-2026,32.0,2026-04-11 11:30:00,,,,Bournemouth,Arsenal,Away,2,1,1,3,Win,1,0,0,,,,,,,,,,,,,,,,,,,,,,,,,,,,
14025039,2025-2026,33.0,2026-04-19 15:30:00,,,,Manchester City,Arsenal,Home,2,1,1,3,Win,1,0,0,,,,,,,,,,,,,,,,,,,,,,,,,,,,
14025039,2025-2026,33.0,2026-04-19 15:30:00,,,,Arsenal,Manchester City,Away,1,2,-1,0,Loss,0,0,1,,,,,,,,,,,,,,,,,,,,,,,,,,,,
14025032,2025-2026,33.0,2026-04-18 19:00:00,,,,Chelsea,Manchester United,Home,0,1,-1,0,Loss,0,0,1,,,,,,,,,,,,,,,,,,,,,,,,,,,,
14025032,2025-2026,33.0,2026-04-18 19:00:00,,,,Manchester United,Chelsea,Away,1,0,1,3,Win,1,0,0,,,,,,,,,,,,,,,,,,,,,,,,,,,,
14025035,2025-2026,33.0,2026-04-19 13:00:00,,,,Everton,Liverpool,Home,1,2,-1,0,Loss,0,0,1,,,,,,,,,,,,,,,,,,,,,,,,,,,,
14025035,2025-2026,33.0,2026-04-19 13:00:00,,,,Liverpool,Everton,Away,2,1,1,3,Win,1,0,0,,,,,,,,,,,,,,,,,,,,,,,,,,,,
14025045,2025-2026,34.0,2026-04-25 16:30:00,,,,Arsenal,Newcastle United,Home,1,0,1,3,Win,1,0,0,,,,,,,,,,,,,,,,,,,,,,,,,,,,
14025045,2025-2026,34.0,2026-04-25 16:30:00,,,,Newcastle United,Arsenal,Away,0,1,-1,0,Loss,0,0,1,,,,,,,,,,,,,,,,,,,,,,,,,,,,
14024005,2025-2026,34.0,2026-04-25 14:00:00,,,,Liverpool,Crystal Palace,Home,3,1,2,3,Win,1,0,0,,,,,,,,,,,,,,,,,,,,,,,,,,,,
14024005,2025-2026,34.0,2026-04-25 14:00:00,,,,Crystal Palace,Liverpool,Away,1,3,-2,0,Loss,0,0,1,,,,,,,,,,,,,,,,,,,,,,,,,,,,
14024003,2025-2026,34.0,2026-04-22 19:00:00,,,,Burnley,Manchester City,Home,0,1,-1,0,Loss,0,0,1,,,,,,,,,,,,,,,,,,,,,,,,,,,,
14024003,2025-2026,34.0,2026-04-22 19:00:00,,,,Manchester City,Burnley,Away,1,0,1,3,Win,1,0,0,,,,,,,,,,,,,,,,,,,,,,,,,,,,
14023926,2025-2026,34.0,2026-04-27 19:00:00,,,,Manchester United,Brentford,Home,2,1,1,3,Win,1,0,0,,,,,,,,,,,,,,,,,,,,,,,,,,,,
14023926,2025-2026,34.0,2026-04-27 19:00:00,,,,Brentford,Manchester United,Away,1,2,-1,0,Loss,0,0,1,,,,,,,,,,,,,,,,,,,,,,,,,,,,
14024001,2025-2026,34.0,2026-04-21 19:00:00,,,,Brighton & Hove Albion,Chelsea,Home,3,0,3,3,Win,1,0,0,,,,,,,,,,,,,,,,,,,,,,,,,,,,
14024001,2025-2026,34.0,2026-04-21 19:00:00,,,,Chelsea,Brighton & Hove Albion,Away,0,3,-3,0,Loss,0,0,1,,,,,,,,,,,,,,,,,,,,,,,,,,,,
14023939,2025-2026,35.0,2026-05-03 14:30:00,,,,Manchester United,Liverpool FC,Home,3,2,1,3,Win,1,0,0,,,,,,,,,,,,,,,,,,,,,,,,,,,,
14023939,2025-2026,35.0,2026-05-03 14:30:00,,,,Liverpool FC,Manchester United,Away,2,3,-1,0,Loss,0,0,1,,,,,,,,,,,,,,,,,,,,,,,,,,,,
14023930,2025-2026,35.0,2026-05-04 19:00:00,,,,Everton,Manchester City,Home,3,3,0,1,Draw,0,1,0,,,,,,,,,,,,,,,,,,,,,,,,,,,,
14023930,2025-2026,35.0,2026-05-04 19:00:00,,,,Manchester City,Everton,Away,3,3,0,1,Draw,0,1,0,,,,,,,,,,,,,,,,,,,,,,,,,,,,
14023931,2025-2026,35.0,2026-05-02 16:30:00,,,,Arsenal,Fulham,Home,3,0,3,3,Win,1,0,0,,,,,,,,,,,,,,,,,,,,,,,,,,,,
14023931,2025-2026,35.0,2026-05-02 16:30:00,,,,Fulham,Arsenal,Away,0,3,-3,0,Loss,0,0,1,,,,,,,,,,,,,,,,,,,,,,,,,,,,
14023925,2025-2026,35.0,2026-05-04 14:00:00,,,,Chelsea,Nottingham Forest,Home,1,3,-2,0,Loss,0,0,1,,,,,,,,,,,,,,,,,,,,,,,,,,,,
14023925,2025-2026,35.0,2026-05-04 14:00:00,,,,Nottingham Forest,Chelsea,Away,3,1,2,3,Win,1,0,0,,,,,,,,,,,,,,,,,,,,,,,,,,,,
14023939,2025-2026,35.0,2026-05-03 14:30:00,,,,Manchester United,Liverpool FC,Home,3,2,1,3,Win,1,0,0,,,,,,,,,,,,,,,,,,,,,,,,,,,,
14023939,2025-2026,35.0,2026-05-03 14:30:00,,,,Liverpool FC,Manchester United,Away,2,3,-1,0,Loss,0,0,1,,,,,,,,,,,,,,,,,,,,,,,,,,,,
14023930,2025-2026,35.0,2026-05-04 19:00:00,,,,Everton,Manchester City,Home,3,3,0,1,Draw,0,1,0,,,,,,,,,,,,,,,,,,,,,,,,,,,,
14023930,2025-2026,35.0,2026-05-04 19:00:00,,,,Manchester City,Everton,Away,3,3,0,1,Draw,0,1,0,,,,,,,,,,,,,,,,,,,,,,,,,,,,
14023931,2025-2026,35.0,2026-05-02 16:30:00,,,,Arsenal,Fulham,Home,3,0,3,3,Win,1,0,0,,,,,,,,,,,,,,,,,,,,,,,,,,,,
14023931,2025-2026,35.0,2026-05-02 16:30:00,,,,Fulham,Arsenal,Away,0,3,-3,0,Loss,0,0,1,,,,,,,,,,,,,,,,,,,,,,,,,,,,
14023925,2025-2026,35.0,2026-05-04 14:00:00,,,,Chelsea,Nottingham Forest,Home,1,3,-2,0,Loss,0,0,1,,,,,,,,,,,,,,,,,,,,,,,,,,,,
14023925,2025-2026,35.0,2026-05-04 14:00:00,,,,Nottingham Forest,Chelsea,Away,3,1,2,3,Win,1,0,0,,,,,,,,,,,,,,,,,,,,,,,,,,,,
14024024,2025-2026,36.0,2026-05-09 11:30:00,,,,Liverpool FC,Chelsea,Home,1,1,0,1,Draw,0,1,0,,,,,,,,,,,,,,,,,,,,,,,,,,,,
14024024,2025-2026,36.0,2026-05-09 11:30:00,,,,Chelsea,Liverpool FC,Away,1,1,0,1,Draw,0,1,0,,,,,,,,,,,,,,,,,,,,,,,,,,,,
14023946,2025-2026,36.0,2026-05-09 16:30:00,,,,Manchester City,Brentford,Home,3,0,3,3,Win,1,0,0,,,,,,,,,,,,,,,,,,,,,,,,,,,,
14023946,2025-2026,36.0,2026-05-09 16:30:00,,,,Brentford,Manchester City,Away,0,3,-3,0,Loss,0,0,1,,,,,,,,,,,,,,,,,,,,,,,,,,,,
14023942,2025-2026,36.0,2026-05-10 15:30:00,,,,West Ham United,Arsenal,Home,0,1,-1,0,Loss,0,0,1,,,,,,,,,,,,,,,,,,,,,,,,,,,,
14023942,2025-2026,36.0,2026-05-10 15:30:00,,,,Arsenal,West Ham United,Away,1,0,1,3,Win,1,0,0,,,,,,,,,,,,,,,,,,,,,,,,,,,,
14023938,2025-2026,36.0,2026-05-09 14:00:00,,,,Sunderland,Manchester United,Home,0,0,0,1,Draw,0,1,0,,,,,,,,,,,,,,,,,,,,,,,,,,,,
14023938,2025-2026,36.0,2026-05-09 14:00:00,,,,Manchester United,Sunderland,Away,0,0,0,1,Draw,0,1,0,,,,,,,,,,,,,,,,,,,,,,,,,,,,
